layer_id,layer_name,layer_type,precision,input_shape,output_shape,tactic
0,__mye156465_0_myl0_0,shape_call,inputs=NONE|outputs=NONE,NONE,NONE,UNKNOWN
1,__myl_MovMulMeaAddSqrDivMulDivMinMaxRouCasDivMinMaxRouCasDivMinMaxRouCas_myl0_1,kgen,inputs=Half;Half;Half;Half;Half|outputs=Int8;Int8;Int8,1x1x1024;1x1x1024;1x1x1024;1x1x1024;1x1x1024,1x1x1024;1x1x1024;1x1x1024,__myl_MovMulMeaAddSqrDivMulDivMinMaxRouCasDivMinMaxRouCasDivMinMaxRouCas_0xda00efdea1fdf9ffc7ce7052979834ac
2,__mye676844_myl0_2,signal,inputs=NONE|outputs=NONE,NONE,NONE,UNKNOWN
3,__mye676846_myl0_3,wait,inputs=NONE|outputs=NONE,NONE,NONE,UNKNOWN
4,__myl_FcCas_myl0_4,fusion,inputs=Int8;Int8|outputs=Half,1x1x1024;1x1024x1024,1x1x1024,sm80_xmma_gemm_i8f32_i8i32_f32_tn_n_tilesize32x64x64_stage6_warpsize2x2x1_tensor16x8x32_by_fusion_tactic
5,__myl_ResConResRep_myl0_5,kgen,inputs=Half;Half;Int64;Int64;Int64;Int64;Int64;Int64;Int64;Int64;Int64;Int64;Int64;Int64;Int64;Int64|outputs=Half;Half,1x8x-1x128;1x1x1024;1;1;1;1;1;1;1;1;1;1;1;1;1;1,1x8x-1x128;1x8x2x-1x128,__myl_ResConResRep_0x9d40828c020eb6bb972be950c35191c1
6,__mye676854_myl0_6,signal,inputs=NONE|outputs=NONE,NONE,NONE,UNKNOWN
7,__mye676848_myl0_7,wait,inputs=NONE|outputs=NONE,NONE,NONE,UNKNOWN
8,__myl_FcCas_myl0_8,fusion,inputs=Int8;Int8|outputs=Half,1x1x1024;1x1024x1024,1x1x1024,sm80_xmma_gemm_i8f32_i8i32_f32_tn_n_tilesize32x64x64_stage6_warpsize2x2x1_tensor16x8x32_by_fusion_tactic
9,__myl_ResMulMea_myl0_9,kgen,inputs=Half|outputs=Half;Half,1x1x1024,1x1x8x1;1x1x8x128,__myl_ResMulMea_0x3c91498c3beee36a5653966af1581a8a
10,__mye676850_myl0_10,signal,inputs=NONE|outputs=NONE,NONE,NONE,UNKNOWN
11,__myl_FcCas_myl0_11,fusion,inputs=Int8;Int8|outputs=Half,1x1x1024;1x1024x2048,1x1x2048,sm80_xmma_gemm_i8f32_i8i32_f32_tn_n_tilesize32x64x64_stage6_warpsize2x2x1_tensor16x8x32_by_fusion_tactic
12,__myl_ResMulMea_myl0_12,kgen,inputs=Half|outputs=Half;Half,1x1x2048,1x1x16x1;1x1x16x128,__myl_ResMulMea_0xf2413012cd9ac6341b95d78f3432c656
13,__mye676852_myl0_13,wait,inputs=NONE|outputs=NONE,NONE,NONE,UNKNOWN
14,__myl_CasResMulConSinResCosResAddSqrAddSqrDivMulDivMulMulResSliSliNegConMulMulAddConResRepResTraEtc_myl0_14,kgen,inputs=Int64;Half;Half;Half;Half;Half;Half;Half;Half;Int64;Int64;Int64;Int64;Int64;Int64;Int64;Int64;Int64;Int64;Int64;Int64;Int64;Int64;Int64;Int64;Int64;Int64|outputs=Half;Half;Half;Half;Half,1x1;1x1x8x1;1x1x16x1;1x1x64;1x1x1x128;1x1x16x128;1x8x-1x128;1x1x1x128;1x1x8x128;1;1;1;1;1;1;1;1;1;1;1;1;1;1;1;1;1;1,1x1x1x128;1x1x1x128;1x16x1x128;1x8x-1x128;1x16x128x-1,__myl_CasResMulConSinResCosResAddSqrAddSqrDivMulDivMulMulResSliSliNegConMulMulAddConResRepResTraEtc_0x3beb58e4cd3dae3f69eebdbcbcc43980
15,/MatMul_myl0_15,gemm,inputs=Half;Half;Float;Float|outputs=Half,16x1x128;16x128x-1;1;1,16x1x-1,sm80_xmma_gemm_f16f16_f16f32_f32_nn_n_tilesize32x32x64_stage6_warpsize2x2x1_tensor16x8x16_aligna2_alignc2
16,__myl_MulMaxSubExpSumDivMul_myl0_16,kgen,inputs=Half;Int64;Int64|outputs=Half,1x16x1x-1;1;1,1x16x1x-1,__myl_MulMaxSubExpSumDivMul_0x1108f5a078d6e65507c06537b9b2e43f
17,__mye676856_myl0_17,wait,inputs=NONE|outputs=NONE,NONE,NONE,UNKNOWN
18,/MatMul_1_myl0_18,gemm,inputs=Half;Half;Float;Float|outputs=Half,16x1x-1;16x-1x128;1;1,16x1x128,sm80_xmma_gemm_f16f16_f16f32_f32_nn_n_tilesize64x128x32_stage5_warpsize2x2x1_tensor16x8x16_aligna2_alignc2
19,__myl_MulMinMaxRouCas_myl0_19,kgen,inputs=Half|outputs=Int8,16x1x128,16x1x128,__myl_MulMinMaxRouCas_0xa49a3c4e66279a6886312b656336d70d
20,__myl_FcCasAdd_myl0_20,fusion,inputs=Half;Int8;Int8|outputs=Half,1x1x1024;1x1x2048;1x2048x1024,1x1x1024,sm80_xmma_gemm_i8f32_i8i32_f32_tn_n_tilesize32x64x64_stage6_warpsize2x2x1_tensor16x8x32_by_fusion_tactic
21,__myl_MulMeaAddSqrDivMulMulMulMinMaxRouCas_myl0_21,kgen,inputs=Half;Half;Half;Half|outputs=Int8;Half,1x1x1024;1x1x1024;1x1x1024;1x1x1024,1x1x1024;1x1x1024,__myl_MulMeaAddSqrDivMulMulMulMinMaxRouCas_0x028e232ad04f9dc415033ab5492ba131
22,/up_proj/MatMul_myl0_22,gemm,inputs=Half;Half;Float;Float|outputs=Half,1x1x1024;1x1024x3072;1;1,1x1x3072,sm80_xmma_gemm_f16f16_f16f16_f16_tn_n_tilesize32x32x64_stage6_warpsize2x2x1_tensor16x8x16
23,__myl_FcCasNegExpAddDivMulMul_myl0_23,fusion,inputs=Half;Int8;Int8|outputs=Half,1x1x3072;1x1x1024;1x1024x3072,1x1x3072,sm80_xmma_gemm_i8i8_i8i32_f32_tn_n_tilesize32x64x64_stage6_warpsize2x2x1_tensor16x8x32_by_fusion_tactic
24,__myl_FcAdd_myl0_24,fusion,inputs=Half;Half;Half|outputs=Half,1x1x1024;1x1x3072;1x3072x1024,1x1x1024,sm80_xmma_gemm_f16f16_f16f16_f16_nn_n_tilesize64x128x32_stage5_warpsize2x2x1_tensor16x8x16_by_fusion_tactic
25,__myl_MulMeaAddSqrDivMulDivMinMaxRouCasDivMinMaxRouCasDivMinMaxRouCas_myl0_25,kgen,inputs=Half;Half;Half;Half;Half;Half|outputs=Int8;Int8;Int8,1x1x1024;1x1x1024;1x1x1024;1x1x1024;1x1x1024;1x1x1024,1x1x1024;1x1x1024;1x1x1024,__myl_MulMeaAddSqrDivMulDivMinMaxRouCasDivMinMaxRouCasDivMinMaxRouCas_0x9f2c300bb597625319cadec4728f9bc5
26,__mye676858_myl0_26,signal,inputs=NONE|outputs=NONE,NONE,NONE,UNKNOWN
27,__mye676860_myl0_27,wait,inputs=NONE|outputs=NONE,NONE,NONE,UNKNOWN
28,__myl_FcCas_myl0_28,fusion,inputs=Int8;Int8|outputs=Half,1x1x1024;1x1024x1024,1x1x1024,sm80_xmma_gemm_i8f32_i8i32_f32_tn_n_tilesize32x64x64_stage6_warpsize2x2x1_tensor16x8x32_by_fusion_tactic
29,__mye676862_myl0_29,signal,inputs=NONE|outputs=NONE,NONE,NONE,UNKNOWN
30,__mye676864_myl0_30,wait,inputs=NONE|outputs=NONE,NONE,NONE,UNKNOWN
31,__myl_ResConResRep_myl0_31,kgen,inputs=Half;Half;Int64;Int64;Int64;Int64;Int64;Int64;Int64;Int64;Int64;Int64;Int64;Int64;Int64;Int64|outputs=Half;Half,1x8x-1x128;1x1x1024;1;1;1;1;1;1;1;1;1;1;1;1;1;1,1x8x-1x128;1x8x2x-1x128,__myl_ResConResRep_0x9d40828c020eb6bb972be950c35191c1
32,__mye676876_myl0_32,signal,inputs=NONE|outputs=NONE,NONE,NONE,UNKNOWN
33,__mye676866_myl0_33,wait,inputs=NONE|outputs=NONE,NONE,NONE,UNKNOWN
34,__myl_FcCas_myl0_34,fusion,inputs=Int8;Int8|outputs=Half,1x1x1024;1x1024x1024,1x1x1024,sm80_xmma_gemm_i8f32_i8i32_f32_tn_n_tilesize32x64x64_stage6_warpsize2x2x1_tensor16x8x32_by_fusion_tactic
35,__mye676868_myl0_35,signal,inputs=NONE|outputs=NONE,NONE,NONE,UNKNOWN
36,__mye676870_myl0_36,wait,inputs=NONE|outputs=NONE,NONE,NONE,UNKNOWN
37,__myl_ResMulMea_myl0_37,kgen,inputs=Half|outputs=Half;Half,1x1x1024,1x1x8x1;1x1x8x128,__myl_ResMulMea_0x3c91498c3beee36a5653966af1581a8a
38,__myl_AddSqrDivMulMulResSliSliNegConMulMulAddConResRepResTra_myl0_38,kgen,inputs=Half;Half;Half;Half;Half;Half;Int64;Int64;Int64;Int64;Int64;Int64;Int64;Int64;Int64;Int64;Int64;Int64;Int64;Int64;Int64;Int64;Int64;Int64|outputs=Half;Half,1x8x-1x128;1x1x1x128;1x1x1x128;1x1x1x128;1x1x8x128;1x1x8x1;1;1;1;1;1;1;1;1;1;1;1;1;1;1;1;1;1;1,1x8x-1x128;1x16x128x-1,__myl_AddSqrDivMulMulResSliSliNegConMulMulAddConResRepResTra_0x5aea462b6a819ceadd3ebb32874c078f
39,__mye676872_myl0_39,signal,inputs=NONE|outputs=NONE,NONE,NONE,UNKNOWN
40,__myl_FcCas_myl0_40,fusion,inputs=Int8;Int8|outputs=Half,1x1x1024;1x1024x2048,1x1x2048,sm80_xmma_gemm_i8f32_i8i32_f32_tn_n_tilesize32x64x64_stage6_warpsize2x2x1_tensor16x8x32_by_fusion_tactic
41,__myl_ResMulMea_myl0_41,kgen,inputs=Half|outputs=Half;Half,1x1x2048,1x1x16x1;1x1x16x128,__myl_ResMulMea_0xf2413012cd9ac6341b95d78f3432c656
42,__myl_AddSqrDivMulMulResSliSliNegConMulMulAdd_myl0_42,kgen,inputs=Half;Half;Half;Half;Half|outputs=Half,1x1x1x128;1x1x1x128;1x1x1x128;1x1x16x128;1x1x16x1,1x16x1x128,__myl_AddSqrDivMulMulResSliSliNegConMulMulAdd_0xf1ba08cc3beaba8ee91b0504be9c2cf4
43,__mye676874_myl0_43,wait,inputs=NONE|outputs=NONE,NONE,NONE,UNKNOWN
44,/MatMul_2_myl0_44,gemm,inputs=Half;Half;Float;Float|outputs=Half,16x1x128;16x128x-1;1;1,16x1x-1,sm80_xmma_gemm_f16f16_f16f32_f32_nn_n_tilesize32x32x64_stage6_warpsize2x2x1_tensor16x8x16_aligna2_alignc2
45,__myl_MulMaxSubExpSumDivMul_myl0_45,kgen,inputs=Half;Int64;Int64|outputs=Half,1x16x1x-1;1;1,1x16x1x-1,__myl_MulMaxSubExpSumDivMul_0x1108f5a078d6e65507c06537b9b2e43f
46,__mye676878_myl0_46,wait,inputs=NONE|outputs=NONE,NONE,NONE,UNKNOWN
47,/MatMul_3_myl0_47,gemm,inputs=Half;Half;Float;Float|outputs=Half,16x1x-1;16x-1x128;1;1,16x1x128,sm80_xmma_gemm_f16f16_f16f32_f32_nn_n_tilesize64x128x32_stage5_warpsize2x2x1_tensor16x8x16_aligna2_alignc2
48,__myl_MulMinMaxRouCas_myl0_48,kgen,inputs=Half|outputs=Int8,16x1x128,16x1x128,__myl_MulMinMaxRouCas_0xf131f88ee6d7693232e76c9290134799
49,__myl_FcCasAdd_myl0_49,fusion,inputs=Half;Int8;Int8|outputs=Half,1x1x1024;1x1x2048;1x2048x1024,1x1x1024,sm80_xmma_gemm_i8f32_i8i32_f32_tn_n_tilesize32x64x64_stage6_warpsize2x2x1_tensor16x8x32_by_fusion_tactic
50,__myl_MulMeaAddSqrDivMulMulMulMinMaxRouCas_myl0_50,kgen,inputs=Half;Half;Half;Half|outputs=Int8;Half,1x1x1024;1x1x1024;1x1x1024;1x1x1024,1x1x1024;1x1x1024,__myl_MulMeaAddSqrDivMulMulMulMinMaxRouCas_0x5bd2afd5a5411fb85888be6c8200be17
51,/up_proj_1/MatMul_myl0_51,gemm,inputs=Half;Half;Float;Float|outputs=Half,1x1x1024;1x1024x3072;1;1,1x1x3072,sm80_xmma_gemm_f16f16_f16f16_f16_tn_n_tilesize32x32x64_stage6_warpsize2x2x1_tensor16x8x16
52,__myl_FcCasNegExpAddDivMulMul_myl0_52,fusion,inputs=Half;Int8;Int8|outputs=Half,1x1x3072;1x1x1024;1x1024x3072,1x1x3072,sm80_xmma_gemm_i8i8_i8i32_f32_tn_n_tilesize32x64x64_stage6_warpsize2x2x1_tensor16x8x32_by_fusion_tactic
53,__myl_FcAdd_myl0_53,fusion,inputs=Half;Half;Half|outputs=Half,1x1x1024;1x1x3072;1x3072x1024,1x1x1024,sm80_xmma_gemm_f16f16_f16f16_f16_nn_n_tilesize64x128x32_stage5_warpsize2x2x1_tensor16x8x16_by_fusion_tactic
54,__myl_MulMeaAddSqrDivMulMul_myl0_54,kgen,inputs=Half;Half;Half;Half|outputs=Half,1x1x1024;1x1x1024;1x1x1024;1x1x1024,1x1x1024,__myl_MulMeaAddSqrDivMulMul_0x8548fa9a57c713be1fdaa27c95458b99
55,/v_proj_2/MatMul+/k_proj_2/MatMul+/q_proj_2/MatMul_myl0_55,gemm,inputs=Half;Half;Float;Float|outputs=Half,1x1x1024;1x1024x4096;1;1,1x1x4096,sm80_xmma_gemm_f16f16_f16f16_f16_tn_n_tilesize32x32x64_stage6_warpsize2x2x1_tensor16x8x16
56,__mye676880_myl0_56,signal,inputs=NONE|outputs=NONE,NONE,NONE,UNKNOWN
57,__mye676882_myl0_57,wait,inputs=NONE|outputs=NONE,NONE,NONE,UNKNOWN
58,__myl_MovResConResRep_myl0_58,kgen,inputs=Half;Half;Int64;Int64;Int64;Int64;Int64;Int64;Int64;Int64;Int64;Int64;Int64;Int64;Int64;Int64|outputs=Half;Half,1x8x-1x128;1x1x1024;1;1;1;1;1;1;1;1;1;1;1;1;1;1,1x8x-1x128;1x8x2x-1x128,__myl_MovResConResRep_0xeb90291bbf009f8413c8500b92afa70a
59,__mye676890_myl0_59,signal,inputs=NONE|outputs=NONE,NONE,NONE,UNKNOWN
60,__myl_MovResMulMea_myl0_60,kgen,inputs=Half|outputs=Half;Half,1x1x1024,1x1x8x128;1x1x8x1,__myl_MovResMulMea_0x8729692710be644f17c7f997918851be
61,__myl_AddSqrDivMulMulResSliSliNegConMulMulAddConResRepResTra_myl0_61,kgen,inputs=Half;Half;Half;Half;Half;Half;Int64;Int64;Int64;Int64;Int64;Int64;Int64;Int64;Int64;Int64;Int64;Int64;Int64;Int64;Int64;Int64;Int64;Int64|outputs=Half;Half,1x8x-1x128;1x1x1x128;1x1x1x128;1x1x1x128;1x1x8x128;1x1x8x1;1;1;1;1;1;1;1;1;1;1;1;1;1;1;1;1;1;1,1x8x-1x128;1x16x128x-1,__myl_AddSqrDivMulMulResSliSliNegConMulMulAddConResRepResTra_0x5aea462b6a819ceadd3ebb32874c078f
62,__mye676884_myl0_62,wait,inputs=NONE|outputs=NONE,NONE,NONE,UNKNOWN
63,__myl_MovResMulMea_myl0_63,kgen,inputs=Half|outputs=Half;Half,1x1x2048,1x1x16x128;1x1x16x1,__myl_MovResMulMea_0x61ec5b9962acde3fddf5628b2e6fd459
64,__myl_AddSqrDivMulMulResSliSliNegConMulMulAdd_myl0_64,kgen,inputs=Half;Half;Half;Half;Half|outputs=Half,1x1x1x128;1x1x1x128;1x1x1x128;1x1x16x128;1x1x16x1,1x16x1x128,__myl_AddSqrDivMulMulResSliSliNegConMulMulAdd_0xf1ba08cc3beaba8ee91b0504be9c2cf4
65,__mye676886_myl0_65,signal,inputs=NONE|outputs=NONE,NONE,NONE,UNKNOWN
66,__mye676888_myl0_66,wait,inputs=NONE|outputs=NONE,NONE,NONE,UNKNOWN
67,/MatMul_4_myl0_67,gemm,inputs=Half;Half;Float;Float|outputs=Half,16x1x128;16x128x-1;1;1,16x1x-1,sm80_xmma_gemm_f16f16_f16f32_f32_nn_n_tilesize32x32x64_stage6_warpsize2x2x1_tensor16x8x16_aligna2_alignc2
68,__myl_MulMaxSubExpSumDivMul_myl0_68,kgen,inputs=Half;Int64;Int64|outputs=Half,1x16x1x-1;1;1,1x16x1x-1,__myl_MulMaxSubExpSumDivMul_0x1108f5a078d6e65507c06537b9b2e43f
69,__mye676892_myl0_69,wait,inputs=NONE|outputs=NONE,NONE,NONE,UNKNOWN
70,/MatMul_5_myl0_70,gemm,inputs=Half;Half;Float;Float|outputs=Half,16x1x-1;16x-1x128;1;1,16x1x128,sm80_xmma_gemm_f16f16_f16f32_f32_nn_n_tilesize64x128x32_stage5_warpsize2x2x1_tensor16x8x16_aligna2_alignc2
71,__myl_MulMinMaxRouCas_myl0_71,kgen,inputs=Half|outputs=Int8,16x1x128,16x1x128,__myl_MulMinMaxRouCas_0x2bde768f3e1a80e37132bb2f4be64789
72,__myl_FcCasAdd_myl0_72,fusion,inputs=Half;Int8;Int8|outputs=Half,1x1x1024;1x1x2048;1x2048x1024,1x1x1024,sm80_xmma_gemm_i8f32_i8i32_f32_tn_n_tilesize32x64x64_stage6_warpsize2x2x1_tensor16x8x32_by_fusion_tactic
73,__myl_MulMeaAddSqrDivMulMulMulMinMaxRouCas_myl0_73,kgen,inputs=Half;Half;Half;Half|outputs=Int8;Half,1x1x1024;1x1x1024;1x1x1024;1x1x1024,1x1x1024;1x1x1024,__myl_MulMeaAddSqrDivMulMulMulMinMaxRouCas_0x84ef5602e3183b8229f8022d6e6eb74f
74,/up_proj_2/MatMul_myl0_74,gemm,inputs=Half;Half;Float;Float|outputs=Half,1x1x1024;1x1024x3072;1;1,1x1x3072,sm80_xmma_gemm_f16f16_f16f16_f16_tn_n_tilesize32x32x64_stage6_warpsize2x2x1_tensor16x8x16
75,__myl_FcCasNegExpAddDivMulMul_myl0_75,fusion,inputs=Half;Int8;Int8|outputs=Half,1x1x3072;1x1x1024;1x1024x3072,1x1x3072,sm80_xmma_gemm_i8i8_i8i32_f32_tn_n_tilesize32x64x64_stage6_warpsize2x2x1_tensor16x8x32_by_fusion_tactic
76,__myl_FcAdd_myl0_76,fusion,inputs=Half;Half;Half|outputs=Half,1x1x1024;1x1x3072;1x3072x1024,1x1x1024,sm80_xmma_gemm_f16f16_f16f16_f16_nn_n_tilesize64x128x32_stage5_warpsize2x2x1_tensor16x8x16_by_fusion_tactic
77,__myl_MulMeaAddSqrDivMulDivMinMaxRouCasDivMinMaxRouCasDivMinMaxRouCas_myl0_77,kgen,inputs=Half;Half;Half;Half;Half;Half|outputs=Int8;Int8;Int8,1x1x1024;1x1x1024;1x1x1024;1x1x1024;1x1x1024;1x1x1024,1x1x1024;1x1x1024;1x1x1024,__myl_MulMeaAddSqrDivMulDivMinMaxRouCasDivMinMaxRouCasDivMinMaxRouCas_0x9f2c300bb597625319cadec4728f9bc5
78,__mye676894_myl0_78,signal,inputs=NONE|outputs=NONE,NONE,NONE,UNKNOWN
79,__mye676896_myl0_79,wait,inputs=NONE|outputs=NONE,NONE,NONE,UNKNOWN
80,__myl_FcCas_myl0_80,fusion,inputs=Int8;Int8|outputs=Half,1x1x1024;1x1024x1024,1x1x1024,sm80_xmma_gemm_i8f32_i8i32_f32_tn_n_tilesize32x64x64_stage6_warpsize2x2x1_tensor16x8x32_by_fusion_tactic
81,__myl_ResConResRep_myl0_81,kgen,inputs=Half;Half;Int64;Int64;Int64;Int64;Int64;Int64;Int64;Int64;Int64;Int64;Int64;Int64;Int64;Int64|outputs=Half;Half,1x8x-1x128;1x1x1024;1;1;1;1;1;1;1;1;1;1;1;1;1;1,1x8x-1x128;1x8x2x-1x128,__myl_ResConResRep_0x9d40828c020eb6bb972be950c35191c1
82,__mye676904_myl0_82,signal,inputs=NONE|outputs=NONE,NONE,NONE,UNKNOWN
83,__mye676898_myl0_83,wait,inputs=NONE|outputs=NONE,NONE,NONE,UNKNOWN
84,__myl_FcCas_myl0_84,fusion,inputs=Int8;Int8|outputs=Half,1x1x1024;1x1024x1024,1x1x1024,sm80_xmma_gemm_i8f32_i8i32_f32_tn_n_tilesize32x64x64_stage6_warpsize2x2x1_tensor16x8x32_by_fusion_tactic
85,__myl_ResMulMea_myl0_85,kgen,inputs=Half|outputs=Half;Half,1x1x1024,1x1x8x1;1x1x8x128,__myl_ResMulMea_0x3c91498c3beee36a5653966af1581a8a
86,__myl_AddSqrDivMulMulResSliSliNegConMulMulAddConResRepResTra_myl0_86,kgen,inputs=Half;Half;Half;Half;Half;Half;Int64;Int64;Int64;Int64;Int64;Int64;Int64;Int64;Int64;Int64;Int64;Int64;Int64;Int64;Int64;Int64;Int64;Int64|outputs=Half;Half,1x8x-1x128;1x1x1x128;1x1x1x128;1x1x1x128;1x1x8x128;1x1x8x1;1;1;1;1;1;1;1;1;1;1;1;1;1;1;1;1;1;1,1x8x-1x128;1x16x128x-1,__myl_AddSqrDivMulMulResSliSliNegConMulMulAddConResRepResTra_0x5aea462b6a819ceadd3ebb32874c078f
87,__mye676900_myl0_87,signal,inputs=NONE|outputs=NONE,NONE,NONE,UNKNOWN
88,__myl_FcCas_myl0_88,fusion,inputs=Int8;Int8|outputs=Half,1x1x1024;1x1024x2048,1x1x2048,sm80_xmma_gemm_i8f32_i8i32_f32_tn_n_tilesize32x64x64_stage6_warpsize2x2x1_tensor16x8x32_by_fusion_tactic
89,__myl_ResMulMea_myl0_89,kgen,inputs=Half|outputs=Half;Half,1x1x2048,1x1x16x1;1x1x16x128,__myl_ResMulMea_0xf2413012cd9ac6341b95d78f3432c656
90,__myl_AddSqrDivMulMulResSliSliNegConMulMulAdd_myl0_90,kgen,inputs=Half;Half;Half;Half;Half|outputs=Half,1x1x1x128;1x1x1x128;1x1x1x128;1x1x16x128;1x1x16x1,1x16x1x128,__myl_AddSqrDivMulMulResSliSliNegConMulMulAdd_0xf1ba08cc3beaba8ee91b0504be9c2cf4
91,__mye676902_myl0_91,wait,inputs=NONE|outputs=NONE,NONE,NONE,UNKNOWN
92,/MatMul_6_myl0_92,gemm,inputs=Half;Half;Float;Float|outputs=Half,16x1x128;16x128x-1;1;1,16x1x-1,sm80_xmma_gemm_f16f16_f16f32_f32_nn_n_tilesize32x32x64_stage6_warpsize2x2x1_tensor16x8x16_aligna2_alignc2
93,__myl_MulMaxSubExpSumDivMul_myl0_93,kgen,inputs=Half;Int64;Int64|outputs=Half,1x16x1x-1;1;1,1x16x1x-1,__myl_MulMaxSubExpSumDivMul_0x1108f5a078d6e65507c06537b9b2e43f
94,__mye676906_myl0_94,wait,inputs=NONE|outputs=NONE,NONE,NONE,UNKNOWN
95,/MatMul_7_myl0_95,gemm,inputs=Half;Half;Float;Float|outputs=Half,16x1x-1;16x-1x128;1;1,16x1x128,sm80_xmma_gemm_f16f16_f16f32_f32_nn_n_tilesize64x128x32_stage5_warpsize2x2x1_tensor16x8x16_aligna2_alignc2
96,__myl_MulMinMaxRouCas_myl0_96,kgen,inputs=Half|outputs=Int8,16x1x128,16x1x128,__myl_MulMinMaxRouCas_0x6a10bd9f6c374e5ad061c0d2824b0a25
97,__myl_FcCasAdd_myl0_97,fusion,inputs=Half;Int8;Int8|outputs=Half,1x1x1024;1x1x2048;1x2048x1024,1x1x1024,sm80_xmma_gemm_i8f32_i8i32_f32_tn_n_tilesize32x64x64_stage6_warpsize2x2x1_tensor16x8x32_by_fusion_tactic
98,__myl_MulMeaAddSqrDivMulMulMulMinMaxRouCas_myl0_98,kgen,inputs=Half;Half;Half;Half|outputs=Int8;Half,1x1x1024;1x1x1024;1x1x1024;1x1x1024,1x1x1024;1x1x1024,__myl_MulMeaAddSqrDivMulMulMulMinMaxRouCas_0x2b4860727aa16b8274c6a9e412ad0345
99,/up_proj_3/MatMul_myl0_99,gemm,inputs=Half;Half;Float;Float|outputs=Half,1x1x1024;1x1024x3072;1;1,1x1x3072,sm80_xmma_gemm_f16f16_f16f16_f16_tn_n_tilesize32x32x64_stage6_warpsize2x2x1_tensor16x8x16
100,__myl_FcCasNegExpAddDivMulMul_myl0_100,fusion,inputs=Half;Int8;Int8|outputs=Half,1x1x3072;1x1x1024;1x1024x3072,1x1x3072,sm80_xmma_gemm_i8i8_i8i32_f32_tn_n_tilesize32x64x64_stage6_warpsize2x2x1_tensor16x8x32_by_fusion_tactic
101,__myl_FcAdd_myl0_101,fusion,inputs=Half;Half;Half|outputs=Half,1x1x1024;1x1x3072;1x3072x1024,1x1x1024,sm80_xmma_gemm_f16f16_f16f16_f16_nn_n_tilesize64x128x32_stage5_warpsize2x2x1_tensor16x8x16_by_fusion_tactic
102,__myl_MulMeaAddSqrDivMulDivMinMaxRouCasDivMinMaxRouCasDivMinMaxRouCas_myl0_102,kgen,inputs=Half;Half;Half;Half;Half;Half|outputs=Int8;Int8;Int8,1x1x1024;1x1x1024;1x1x1024;1x1x1024;1x1x1024;1x1x1024,1x1x1024;1x1x1024;1x1x1024,__myl_MulMeaAddSqrDivMulDivMinMaxRouCasDivMinMaxRouCasDivMinMaxRouCas_0x9f2c300bb597625319cadec4728f9bc5
103,__mye676908_myl0_103,signal,inputs=NONE|outputs=NONE,NONE,NONE,UNKNOWN
104,__mye676910_myl0_104,wait,inputs=NONE|outputs=NONE,NONE,NONE,UNKNOWN
105,__myl_FcCas_myl0_105,fusion,inputs=Int8;Int8|outputs=Half,1x1x1024;1x1024x1024,1x1x1024,sm80_xmma_gemm_i8f32_i8i32_f32_tn_n_tilesize32x64x64_stage6_warpsize2x2x1_tensor16x8x32_by_fusion_tactic
106,__myl_ResConResRep_myl0_106,kgen,inputs=Half;Half;Int64;Int64;Int64;Int64;Int64;Int64;Int64;Int64;Int64;Int64;Int64;Int64;Int64;Int64|outputs=Half;Half,1x8x-1x128;1x1x1024;1;1;1;1;1;1;1;1;1;1;1;1;1;1,1x8x-1x128;1x8x2x-1x128,__myl_ResConResRep_0x9d40828c020eb6bb972be950c35191c1
107,__mye676918_myl0_107,signal,inputs=NONE|outputs=NONE,NONE,NONE,UNKNOWN
108,__mye676912_myl0_108,wait,inputs=NONE|outputs=NONE,NONE,NONE,UNKNOWN
109,__myl_FcCas_myl0_109,fusion,inputs=Int8;Int8|outputs=Half,1x1x1024;1x1024x1024,1x1x1024,sm80_xmma_gemm_i8f32_i8i32_f32_tn_n_tilesize32x64x64_stage6_warpsize2x2x1_tensor16x8x32_by_fusion_tactic
110,__myl_ResMulMea_myl0_110,kgen,inputs=Half|outputs=Half;Half,1x1x1024,1x1x8x1;1x1x8x128,__myl_ResMulMea_0x3c91498c3beee36a5653966af1581a8a
111,__myl_AddSqrDivMulMulResSliSliNegConMulMulAddConResRepResTra_myl0_111,kgen,inputs=Half;Half;Half;Half;Half;Half;Int64;Int64;Int64;Int64;Int64;Int64;Int64;Int64;Int64;Int64;Int64;Int64;Int64;Int64;Int64;Int64;Int64;Int64|outputs=Half;Half,1x8x-1x128;1x1x1x128;1x1x1x128;1x1x1x128;1x1x8x128;1x1x8x1;1;1;1;1;1;1;1;1;1;1;1;1;1;1;1;1;1;1,1x8x-1x128;1x16x128x-1,__myl_AddSqrDivMulMulResSliSliNegConMulMulAddConResRepResTra_0x5aea462b6a819ceadd3ebb32874c078f
112,__mye676914_myl0_112,signal,inputs=NONE|outputs=NONE,NONE,NONE,UNKNOWN
113,__myl_FcCas_myl0_113,fusion,inputs=Int8;Int8|outputs=Half,1x1x1024;1x1024x2048,1x1x2048,sm80_xmma_gemm_i8f32_i8i32_f32_tn_n_tilesize32x64x64_stage6_warpsize2x2x1_tensor16x8x32_by_fusion_tactic
114,__myl_ResMulMea_myl0_114,kgen,inputs=Half|outputs=Half;Half,1x1x2048,1x1x16x1;1x1x16x128,__myl_ResMulMea_0xf2413012cd9ac6341b95d78f3432c656
115,__myl_AddSqrDivMulMulResSliSliNegConMulMulAdd_myl0_115,kgen,inputs=Half;Half;Half;Half;Half|outputs=Half,1x1x1x128;1x1x1x128;1x1x1x128;1x1x16x128;1x1x16x1,1x16x1x128,__myl_AddSqrDivMulMulResSliSliNegConMulMulAdd_0xf1ba08cc3beaba8ee91b0504be9c2cf4
116,__mye676916_myl0_116,wait,inputs=NONE|outputs=NONE,NONE,NONE,UNKNOWN
117,/MatMul_8_myl0_117,gemm,inputs=Half;Half;Float;Float|outputs=Half,16x1x128;16x128x-1;1;1,16x1x-1,sm80_xmma_gemm_f16f16_f16f32_f32_nn_n_tilesize32x32x64_stage6_warpsize2x2x1_tensor16x8x16_aligna2_alignc2
118,__myl_MulMaxSubExpSumDivMul_myl0_118,kgen,inputs=Half;Int64;Int64|outputs=Half,1x16x1x-1;1;1,1x16x1x-1,__myl_MulMaxSubExpSumDivMul_0x1108f5a078d6e65507c06537b9b2e43f
119,__mye676920_myl0_119,wait,inputs=NONE|outputs=NONE,NONE,NONE,UNKNOWN
120,/MatMul_9_myl0_120,gemm,inputs=Half;Half;Float;Float|outputs=Half,16x1x-1;16x-1x128;1;1,16x1x128,sm80_xmma_gemm_f16f16_f16f32_f32_nn_n_tilesize64x128x32_stage5_warpsize2x2x1_tensor16x8x16_aligna2_alignc2
121,__myl_MulMinMaxRouCas_myl0_121,kgen,inputs=Half|outputs=Int8,16x1x128,16x1x128,__myl_MulMinMaxRouCas_0x8dd8f4f93c6a1e7d8a5025e20f21222e
122,__myl_FcCasAdd_myl0_122,fusion,inputs=Half;Int8;Int8|outputs=Half,1x1x1024;1x1x2048;1x2048x1024,1x1x1024,sm80_xmma_gemm_i8f32_i8i32_f32_tn_n_tilesize32x64x64_stage6_warpsize2x2x1_tensor16x8x32_by_fusion_tactic
123,__myl_MulMeaAddSqrDivMulMulMulMinMaxRouCas_myl0_123,kgen,inputs=Half;Half;Half;Half|outputs=Int8;Half,1x1x1024;1x1x1024;1x1x1024;1x1x1024,1x1x1024;1x1x1024,__myl_MulMeaAddSqrDivMulMulMulMinMaxRouCas_0xa203a21bb9a2ead322f314c5ed6c45fd
124,/up_proj_4/MatMul_myl0_124,gemm,inputs=Half;Half;Float;Float|outputs=Half,1x1x1024;1x1024x3072;1;1,1x1x3072,sm80_xmma_gemm_f16f16_f16f16_f16_tn_n_tilesize32x32x64_stage6_warpsize2x2x1_tensor16x8x16
125,__myl_FcCasNegExpAddDivMulMul_myl0_125,fusion,inputs=Half;Int8;Int8|outputs=Half,1x1x3072;1x1x1024;1x1024x3072,1x1x3072,sm80_xmma_gemm_i8i8_i8i32_f32_tn_n_tilesize32x64x64_stage6_warpsize2x2x1_tensor16x8x32_by_fusion_tactic
126,__myl_FcAdd_myl0_126,fusion,inputs=Half;Half;Half|outputs=Half,1x1x1024;1x1x3072;1x3072x1024,1x1x1024,sm80_xmma_gemm_f16f16_f16f16_f16_nn_n_tilesize64x128x32_stage5_warpsize2x2x1_tensor16x8x16_by_fusion_tactic
127,__myl_MulMeaAddSqrDivMulDivMinMaxRouCasDivMinMaxRouCasDivMinMaxRouCas_myl0_127,kgen,inputs=Half;Half;Half;Half;Half;Half|outputs=Int8;Int8;Int8,1x1x1024;1x1x1024;1x1x1024;1x1x1024;1x1x1024;1x1x1024,1x1x1024;1x1x1024;1x1x1024,__myl_MulMeaAddSqrDivMulDivMinMaxRouCasDivMinMaxRouCasDivMinMaxRouCas_0x9f2c300bb597625319cadec4728f9bc5
128,__mye676922_myl0_128,signal,inputs=NONE|outputs=NONE,NONE,NONE,UNKNOWN
129,__mye676924_myl0_129,wait,inputs=NONE|outputs=NONE,NONE,NONE,UNKNOWN
130,__myl_FcCas_myl0_130,fusion,inputs=Int8;Int8|outputs=Half,1x1x1024;1x1024x1024,1x1x1024,sm80_xmma_gemm_i8f32_i8i32_f32_tn_n_tilesize32x64x64_stage6_warpsize2x2x1_tensor16x8x32_by_fusion_tactic
131,__myl_ResConResRep_myl0_131,kgen,inputs=Half;Half;Int64;Int64;Int64;Int64;Int64;Int64;Int64;Int64;Int64;Int64;Int64;Int64;Int64;Int64|outputs=Half;Half,1x8x-1x128;1x1x1024;1;1;1;1;1;1;1;1;1;1;1;1;1;1,1x8x-1x128;1x8x2x-1x128,__myl_ResConResRep_0x9d40828c020eb6bb972be950c35191c1
132,__mye676932_myl0_132,signal,inputs=NONE|outputs=NONE,NONE,NONE,UNKNOWN
133,__mye676926_myl0_133,wait,inputs=NONE|outputs=NONE,NONE,NONE,UNKNOWN
134,__myl_FcCas_myl0_134,fusion,inputs=Int8;Int8|outputs=Half,1x1x1024;1x1024x1024,1x1x1024,sm80_xmma_gemm_i8f32_i8i32_f32_tn_n_tilesize32x64x64_stage6_warpsize2x2x1_tensor16x8x32_by_fusion_tactic
135,__myl_ResMulMea_myl0_135,kgen,inputs=Half|outputs=Half;Half,1x1x1024,1x1x8x1;1x1x8x128,__myl_ResMulMea_0x3c91498c3beee36a5653966af1581a8a
136,__myl_AddSqrDivMulMulResSliSliNegConMulMulAddConResRepResTra_myl0_136,kgen,inputs=Half;Half;Half;Half;Half;Half;Int64;Int64;Int64;Int64;Int64;Int64;Int64;Int64;Int64;Int64;Int64;Int64;Int64;Int64;Int64;Int64;Int64;Int64|outputs=Half;Half,1x8x-1x128;1x1x1x128;1x1x1x128;1x1x1x128;1x1x8x128;1x1x8x1;1;1;1;1;1;1;1;1;1;1;1;1;1;1;1;1;1;1,1x8x-1x128;1x16x128x-1,__myl_AddSqrDivMulMulResSliSliNegConMulMulAddConResRepResTra_0x5aea462b6a819ceadd3ebb32874c078f
137,__mye676928_myl0_137,signal,inputs=NONE|outputs=NONE,NONE,NONE,UNKNOWN
138,__myl_FcCas_myl0_138,fusion,inputs=Int8;Int8|outputs=Half,1x1x1024;1x1024x2048,1x1x2048,sm80_xmma_gemm_i8f32_i8i32_f32_tn_n_tilesize32x64x64_stage6_warpsize2x2x1_tensor16x8x32_by_fusion_tactic
139,__myl_ResMulMea_myl0_139,kgen,inputs=Half|outputs=Half;Half,1x1x2048,1x1x16x1;1x1x16x128,__myl_ResMulMea_0xf2413012cd9ac6341b95d78f3432c656
140,__myl_AddSqrDivMulMulResSliSliNegConMulMulAdd_myl0_140,kgen,inputs=Half;Half;Half;Half;Half|outputs=Half,1x1x1x128;1x1x1x128;1x1x1x128;1x1x16x128;1x1x16x1,1x16x1x128,__myl_AddSqrDivMulMulResSliSliNegConMulMulAdd_0xf1ba08cc3beaba8ee91b0504be9c2cf4
141,__mye676930_myl0_141,wait,inputs=NONE|outputs=NONE,NONE,NONE,UNKNOWN
142,/MatMul_10_myl0_142,gemm,inputs=Half;Half;Float;Float|outputs=Half,16x1x128;16x128x-1;1;1,16x1x-1,sm80_xmma_gemm_f16f16_f16f32_f32_nn_n_tilesize32x32x64_stage6_warpsize2x2x1_tensor16x8x16_aligna2_alignc2
143,__myl_MulMaxSubExpSumDivMul_myl0_143,kgen,inputs=Half;Int64;Int64|outputs=Half,1x16x1x-1;1;1,1x16x1x-1,__myl_MulMaxSubExpSumDivMul_0x1108f5a078d6e65507c06537b9b2e43f
144,__mye676934_myl0_144,wait,inputs=NONE|outputs=NONE,NONE,NONE,UNKNOWN
145,/MatMul_11_myl0_145,gemm,inputs=Half;Half;Float;Float|outputs=Half,16x1x-1;16x-1x128;1;1,16x1x128,sm80_xmma_gemm_f16f16_f16f32_f32_nn_n_tilesize64x128x32_stage5_warpsize2x2x1_tensor16x8x16_aligna2_alignc2
146,__myl_MulMinMaxRouCas_myl0_146,kgen,inputs=Half|outputs=Int8,16x1x128,16x1x128,__myl_MulMinMaxRouCas_0x774908550917e749f75db6185bcae83f
147,__myl_FcCasAdd_myl0_147,fusion,inputs=Half;Int8;Int8|outputs=Half,1x1x1024;1x1x2048;1x2048x1024,1x1x1024,sm80_xmma_gemm_i8f32_i8i32_f32_tn_n_tilesize32x64x64_stage6_warpsize2x2x1_tensor16x8x32_by_fusion_tactic
148,__myl_MulMeaAddSqrDivMulMulMulMinMaxRouCas_myl0_148,kgen,inputs=Half;Half;Half;Half|outputs=Int8;Half,1x1x1024;1x1x1024;1x1x1024;1x1x1024,1x1x1024;1x1x1024,__myl_MulMeaAddSqrDivMulMulMulMinMaxRouCas_0xb2a73dcdcb246645ed7bcf4e6ce7b3cc
149,/up_proj_5/MatMul_myl0_149,gemm,inputs=Half;Half;Float;Float|outputs=Half,1x1x1024;1x1024x3072;1;1,1x1x3072,sm80_xmma_gemm_f16f16_f16f16_f16_tn_n_tilesize32x32x64_stage6_warpsize2x2x1_tensor16x8x16
150,__myl_FcCasNegExpAddDivMulMul_myl0_150,fusion,inputs=Half;Int8;Int8|outputs=Half,1x1x3072;1x1x1024;1x1024x3072,1x1x3072,sm80_xmma_gemm_i8i8_i8i32_f32_tn_n_tilesize32x64x64_stage6_warpsize2x2x1_tensor16x8x32_by_fusion_tactic
151,__myl_FcAdd_myl0_151,fusion,inputs=Half;Half;Half|outputs=Half,1x1x1024;1x1x3072;1x3072x1024,1x1x1024,sm80_xmma_gemm_f16f16_f16f16_f16_nn_n_tilesize64x128x32_stage5_warpsize2x2x1_tensor16x8x16_by_fusion_tactic
152,__myl_MulMeaAddSqrDivMulDivMinMaxRouCasDivMinMaxRouCasDivMinMaxRouCas_myl0_152,kgen,inputs=Half;Half;Half;Half;Half;Half|outputs=Int8;Int8;Int8,1x1x1024;1x1x1024;1x1x1024;1x1x1024;1x1x1024;1x1x1024,1x1x1024;1x1x1024;1x1x1024,__myl_MulMeaAddSqrDivMulDivMinMaxRouCasDivMinMaxRouCasDivMinMaxRouCas_0x9f2c300bb597625319cadec4728f9bc5
153,__mye676936_myl0_153,signal,inputs=NONE|outputs=NONE,NONE,NONE,UNKNOWN
154,__mye676938_myl0_154,wait,inputs=NONE|outputs=NONE,NONE,NONE,UNKNOWN
155,__myl_FcCas_myl0_155,fusion,inputs=Int8;Int8|outputs=Half,1x1x1024;1x1024x1024,1x1x1024,sm80_xmma_gemm_i8f32_i8i32_f32_tn_n_tilesize32x64x64_stage6_warpsize2x2x1_tensor16x8x32_by_fusion_tactic
156,__myl_ResConResRep_myl0_156,kgen,inputs=Half;Half;Int64;Int64;Int64;Int64;Int64;Int64;Int64;Int64;Int64;Int64;Int64;Int64;Int64;Int64|outputs=Half;Half,1x8x-1x128;1x1x1024;1;1;1;1;1;1;1;1;1;1;1;1;1;1,1x8x-1x128;1x8x2x-1x128,__myl_ResConResRep_0x9d40828c020eb6bb972be950c35191c1
157,__mye676946_myl0_157,signal,inputs=NONE|outputs=NONE,NONE,NONE,UNKNOWN
158,__mye676940_myl0_158,wait,inputs=NONE|outputs=NONE,NONE,NONE,UNKNOWN
159,__myl_FcCas_myl0_159,fusion,inputs=Int8;Int8|outputs=Half,1x1x1024;1x1024x1024,1x1x1024,sm80_xmma_gemm_i8f32_i8i32_f32_tn_n_tilesize32x64x64_stage6_warpsize2x2x1_tensor16x8x32_by_fusion_tactic
160,__myl_ResMulMea_myl0_160,kgen,inputs=Half|outputs=Half;Half,1x1x1024,1x1x8x1;1x1x8x128,__myl_ResMulMea_0x3c91498c3beee36a5653966af1581a8a
161,__myl_AddSqrDivMulMulResSliSliNegConMulMulAddConResRepResTra_myl0_161,kgen,inputs=Half;Half;Half;Half;Half;Half;Int64;Int64;Int64;Int64;Int64;Int64;Int64;Int64;Int64;Int64;Int64;Int64;Int64;Int64;Int64;Int64;Int64;Int64|outputs=Half;Half,1x8x-1x128;1x1x1x128;1x1x1x128;1x1x1x128;1x1x8x128;1x1x8x1;1;1;1;1;1;1;1;1;1;1;1;1;1;1;1;1;1;1,1x8x-1x128;1x16x128x-1,__myl_AddSqrDivMulMulResSliSliNegConMulMulAddConResRepResTra_0x5aea462b6a819ceadd3ebb32874c078f
162,__mye676942_myl0_162,signal,inputs=NONE|outputs=NONE,NONE,NONE,UNKNOWN
163,__myl_FcCas_myl0_163,fusion,inputs=Int8;Int8|outputs=Half,1x1x1024;1x1024x2048,1x1x2048,sm80_xmma_gemm_i8f32_i8i32_f32_tn_n_tilesize32x64x64_stage6_warpsize2x2x1_tensor16x8x32_by_fusion_tactic
164,__myl_ResMulMea_myl0_164,kgen,inputs=Half|outputs=Half;Half,1x1x2048,1x1x16x1;1x1x16x128,__myl_ResMulMea_0xf2413012cd9ac6341b95d78f3432c656
165,__myl_AddSqrDivMulMulResSliSliNegConMulMulAdd_myl0_165,kgen,inputs=Half;Half;Half;Half;Half|outputs=Half,1x1x1x128;1x1x1x128;1x1x1x128;1x1x16x128;1x1x16x1,1x16x1x128,__myl_AddSqrDivMulMulResSliSliNegConMulMulAdd_0xf1ba08cc3beaba8ee91b0504be9c2cf4
166,__mye676944_myl0_166,wait,inputs=NONE|outputs=NONE,NONE,NONE,UNKNOWN
167,/MatMul_12_myl0_167,gemm,inputs=Half;Half;Float;Float|outputs=Half,16x1x128;16x128x-1;1;1,16x1x-1,sm80_xmma_gemm_f16f16_f16f32_f32_nn_n_tilesize32x32x64_stage6_warpsize2x2x1_tensor16x8x16_aligna2_alignc2
168,__myl_MulMaxSubExpSumDivMul_myl0_168,kgen,inputs=Half;Int64;Int64|outputs=Half,1x16x1x-1;1;1,1x16x1x-1,__myl_MulMaxSubExpSumDivMul_0x1108f5a078d6e65507c06537b9b2e43f
169,__mye676948_myl0_169,wait,inputs=NONE|outputs=NONE,NONE,NONE,UNKNOWN
170,/MatMul_13_myl0_170,gemm,inputs=Half;Half;Float;Float|outputs=Half,16x1x-1;16x-1x128;1;1,16x1x128,sm80_xmma_gemm_f16f16_f16f32_f32_nn_n_tilesize64x128x32_stage5_warpsize2x2x1_tensor16x8x16_aligna2_alignc2
171,__myl_MulMinMaxRouCas_myl0_171,kgen,inputs=Half|outputs=Int8,16x1x128,16x1x128,__myl_MulMinMaxRouCas_0x774908550917e749f75db6185bcae83f
172,__myl_FcCasAdd_myl0_172,fusion,inputs=Half;Int8;Int8|outputs=Half,1x1x1024;1x1x2048;1x2048x1024,1x1x1024,sm80_xmma_gemm_i8f32_i8i32_f32_tn_n_tilesize32x64x64_stage6_warpsize2x2x1_tensor16x8x32_by_fusion_tactic
173,__myl_MulMeaAddSqrDivMulMulMulMinMaxRouCas_myl0_173,kgen,inputs=Half;Half;Half;Half|outputs=Int8;Half,1x1x1024;1x1x1024;1x1x1024;1x1x1024,1x1x1024;1x1x1024,__myl_MulMeaAddSqrDivMulMulMulMinMaxRouCas_0x8b0f22c4a2121702a93d8623b5a12ae4
174,/up_proj_6/MatMul_myl0_174,gemm,inputs=Half;Half;Float;Float|outputs=Half,1x1x1024;1x1024x3072;1;1,1x1x3072,sm80_xmma_gemm_f16f16_f16f16_f16_tn_n_tilesize32x32x64_stage6_warpsize2x2x1_tensor16x8x16
175,__myl_FcCasNegExpAddDivMulMul_myl0_175,fusion,inputs=Half;Int8;Int8|outputs=Half,1x1x3072;1x1x1024;1x1024x3072,1x1x3072,sm80_xmma_gemm_i8i8_i8i32_f32_tn_n_tilesize32x64x64_stage6_warpsize2x2x1_tensor16x8x32_by_fusion_tactic
176,__myl_FcAdd_myl0_176,fusion,inputs=Half;Half;Half|outputs=Half,1x1x1024;1x1x3072;1x3072x1024,1x1x1024,sm80_xmma_gemm_f16f16_f16f16_f16_nn_n_tilesize64x128x32_stage5_warpsize2x2x1_tensor16x8x16_by_fusion_tactic
177,__myl_MulMeaAddSqrDivMulDivMinMaxRouCasDivMinMaxRouCasDivMinMaxRouCas_myl0_177,kgen,inputs=Half;Half;Half;Half;Half;Half|outputs=Int8;Int8;Int8,1x1x1024;1x1x1024;1x1x1024;1x1x1024;1x1x1024;1x1x1024,1x1x1024;1x1x1024;1x1x1024,__myl_MulMeaAddSqrDivMulDivMinMaxRouCasDivMinMaxRouCasDivMinMaxRouCas_0x9f2c300bb597625319cadec4728f9bc5
178,__mye676950_myl0_178,signal,inputs=NONE|outputs=NONE,NONE,NONE,UNKNOWN
179,__mye676952_myl0_179,wait,inputs=NONE|outputs=NONE,NONE,NONE,UNKNOWN
180,__myl_FcCas_myl0_180,fusion,inputs=Int8;Int8|outputs=Half,1x1x1024;1x1024x1024,1x1x1024,sm80_xmma_gemm_i8f32_i8i32_f32_tn_n_tilesize32x64x64_stage6_warpsize2x2x1_tensor16x8x32_by_fusion_tactic
181,__myl_ResConResRep_myl0_181,kgen,inputs=Half;Half;Int64;Int64;Int64;Int64;Int64;Int64;Int64;Int64;Int64;Int64;Int64;Int64;Int64;Int64|outputs=Half;Half,1x8x-1x128;1x1x1024;1;1;1;1;1;1;1;1;1;1;1;1;1;1,1x8x-1x128;1x8x2x-1x128,__myl_ResConResRep_0x9d40828c020eb6bb972be950c35191c1
182,__mye676960_myl0_182,signal,inputs=NONE|outputs=NONE,NONE,NONE,UNKNOWN
183,__mye676954_myl0_183,wait,inputs=NONE|outputs=NONE,NONE,NONE,UNKNOWN
184,__myl_FcCas_myl0_184,fusion,inputs=Int8;Int8|outputs=Half,1x1x1024;1x1024x1024,1x1x1024,sm80_xmma_gemm_i8f32_i8i32_f32_tn_n_tilesize32x64x64_stage6_warpsize2x2x1_tensor16x8x32_by_fusion_tactic
185,__myl_ResMulMea_myl0_185,kgen,inputs=Half|outputs=Half;Half,1x1x1024,1x1x8x1;1x1x8x128,__myl_ResMulMea_0x3c91498c3beee36a5653966af1581a8a
186,__myl_AddSqrDivMulMulResSliSliNegConMulMulAddConResRepResTra_myl0_186,kgen,inputs=Half;Half;Half;Half;Half;Half;Int64;Int64;Int64;Int64;Int64;Int64;Int64;Int64;Int64;Int64;Int64;Int64;Int64;Int64;Int64;Int64;Int64;Int64|outputs=Half;Half,1x8x-1x128;1x1x1x128;1x1x1x128;1x1x1x128;1x1x8x128;1x1x8x1;1;1;1;1;1;1;1;1;1;1;1;1;1;1;1;1;1;1,1x8x-1x128;1x16x128x-1,__myl_AddSqrDivMulMulResSliSliNegConMulMulAddConResRepResTra_0x5aea462b6a819ceadd3ebb32874c078f
187,__mye676956_myl0_187,signal,inputs=NONE|outputs=NONE,NONE,NONE,UNKNOWN
188,__myl_FcCas_myl0_188,fusion,inputs=Int8;Int8|outputs=Half,1x1x1024;1x1024x2048,1x1x2048,sm80_xmma_gemm_i8f32_i8i32_f32_tn_n_tilesize32x64x64_stage6_warpsize2x2x1_tensor16x8x32_by_fusion_tactic
189,__myl_ResMulMea_myl0_189,kgen,inputs=Half|outputs=Half;Half,1x1x2048,1x1x16x1;1x1x16x128,__myl_ResMulMea_0xf2413012cd9ac6341b95d78f3432c656
190,__myl_AddSqrDivMulMulResSliSliNegConMulMulAdd_myl0_190,kgen,inputs=Half;Half;Half;Half;Half|outputs=Half,1x1x1x128;1x1x1x128;1x1x1x128;1x1x16x128;1x1x16x1,1x16x1x128,__myl_AddSqrDivMulMulResSliSliNegConMulMulAdd_0xf1ba08cc3beaba8ee91b0504be9c2cf4
191,__mye676958_myl0_191,wait,inputs=NONE|outputs=NONE,NONE,NONE,UNKNOWN
192,/MatMul_14_myl0_192,gemm,inputs=Half;Half;Float;Float|outputs=Half,16x1x128;16x128x-1;1;1,16x1x-1,sm80_xmma_gemm_f16f16_f16f32_f32_nn_n_tilesize32x32x64_stage6_warpsize2x2x1_tensor16x8x16_aligna2_alignc2
193,__myl_MulMaxSubExpSumDivMul_myl0_193,kgen,inputs=Half;Int64;Int64|outputs=Half,1x16x1x-1;1;1,1x16x1x-1,__myl_MulMaxSubExpSumDivMul_0x1108f5a078d6e65507c06537b9b2e43f
194,__mye676962_myl0_194,wait,inputs=NONE|outputs=NONE,NONE,NONE,UNKNOWN
195,/MatMul_15_myl0_195,gemm,inputs=Half;Half;Float;Float|outputs=Half,16x1x-1;16x-1x128;1;1,16x1x128,sm80_xmma_gemm_f16f16_f16f32_f32_nn_n_tilesize64x128x32_stage5_warpsize2x2x1_tensor16x8x16_aligna2_alignc2
196,__myl_MulMinMaxRouCas_myl0_196,kgen,inputs=Half|outputs=Int8,16x1x128,16x1x128,__myl_MulMinMaxRouCas_0x56e74360c3e8a36d72970af72bdd3e2b
197,__myl_FcCasAdd_myl0_197,fusion,inputs=Half;Int8;Int8|outputs=Half,1x1x1024;1x1x2048;1x2048x1024,1x1x1024,sm80_xmma_gemm_i8f32_i8i32_f32_tn_n_tilesize32x64x64_stage6_warpsize2x2x1_tensor16x8x32_by_fusion_tactic
198,__myl_MulMeaAddSqrDivMulMulMulMinMaxRouCas_myl0_198,kgen,inputs=Half;Half;Half;Half|outputs=Int8;Half,1x1x1024;1x1x1024;1x1x1024;1x1x1024,1x1x1024;1x1x1024,__myl_MulMeaAddSqrDivMulMulMulMinMaxRouCas_0xc17a9e1c8880e75049e64b4f3bf21f16
199,/up_proj_7/MatMul_myl0_199,gemm,inputs=Half;Half;Float;Float|outputs=Half,1x1x1024;1x1024x3072;1;1,1x1x3072,sm80_xmma_gemm_f16f16_f16f16_f16_tn_n_tilesize32x32x64_stage6_warpsize2x2x1_tensor16x8x16
200,__myl_FcCasNegExpAddDivMulMul_myl0_200,fusion,inputs=Half;Int8;Int8|outputs=Half,1x1x3072;1x1x1024;1x1024x3072,1x1x3072,sm80_xmma_gemm_i8i8_i8i32_f32_tn_n_tilesize32x64x64_stage6_warpsize2x2x1_tensor16x8x32_by_fusion_tactic
201,__myl_FcAdd_myl0_201,fusion,inputs=Half;Half;Half|outputs=Half,1x1x1024;1x1x3072;1x3072x1024,1x1x1024,sm80_xmma_gemm_f16f16_f16f16_f16_nn_n_tilesize64x128x32_stage5_warpsize2x2x1_tensor16x8x16_by_fusion_tactic
202,__myl_MulMeaAddSqrDivMulDivMinMaxRouCasDivMinMaxRouCasDivMinMaxRouCas_myl0_202,kgen,inputs=Half;Half;Half;Half;Half;Half|outputs=Int8;Int8;Int8,1x1x1024;1x1x1024;1x1x1024;1x1x1024;1x1x1024;1x1x1024,1x1x1024;1x1x1024;1x1x1024,__myl_MulMeaAddSqrDivMulDivMinMaxRouCasDivMinMaxRouCasDivMinMaxRouCas_0x9f2c300bb597625319cadec4728f9bc5
203,__mye676964_myl0_203,signal,inputs=NONE|outputs=NONE,NONE,NONE,UNKNOWN
204,__mye676966_myl0_204,wait,inputs=NONE|outputs=NONE,NONE,NONE,UNKNOWN
205,__myl_FcCas_myl0_205,fusion,inputs=Int8;Int8|outputs=Half,1x1x1024;1x1024x1024,1x1x1024,sm80_xmma_gemm_i8f32_i8i32_f32_tn_n_tilesize32x64x64_stage6_warpsize2x2x1_tensor16x8x32_by_fusion_tactic
206,__myl_ResConResRep_myl0_206,kgen,inputs=Half;Half;Int64;Int64;Int64;Int64;Int64;Int64;Int64;Int64;Int64;Int64;Int64;Int64;Int64;Int64|outputs=Half;Half,1x8x-1x128;1x1x1024;1;1;1;1;1;1;1;1;1;1;1;1;1;1,1x8x-1x128;1x8x2x-1x128,__myl_ResConResRep_0x9d40828c020eb6bb972be950c35191c1
207,__mye676974_myl0_207,signal,inputs=NONE|outputs=NONE,NONE,NONE,UNKNOWN
208,__mye676968_myl0_208,wait,inputs=NONE|outputs=NONE,NONE,NONE,UNKNOWN
209,__myl_FcCas_myl0_209,fusion,inputs=Int8;Int8|outputs=Half,1x1x1024;1x1024x1024,1x1x1024,sm80_xmma_gemm_i8f32_i8i32_f32_tn_n_tilesize32x64x64_stage6_warpsize2x2x1_tensor16x8x32_by_fusion_tactic
210,__myl_ResMulMea_myl0_210,kgen,inputs=Half|outputs=Half;Half,1x1x1024,1x1x8x1;1x1x8x128,__myl_ResMulMea_0x3c91498c3beee36a5653966af1581a8a
211,__myl_AddSqrDivMulMulResSliSliNegConMulMulAddConResRepResTra_myl0_211,kgen,inputs=Half;Half;Half;Half;Half;Half;Int64;Int64;Int64;Int64;Int64;Int64;Int64;Int64;Int64;Int64;Int64;Int64;Int64;Int64;Int64;Int64;Int64;Int64|outputs=Half;Half,1x8x-1x128;1x1x1x128;1x1x1x128;1x1x1x128;1x1x8x128;1x1x8x1;1;1;1;1;1;1;1;1;1;1;1;1;1;1;1;1;1;1,1x8x-1x128;1x16x128x-1,__myl_AddSqrDivMulMulResSliSliNegConMulMulAddConResRepResTra_0x5aea462b6a819ceadd3ebb32874c078f
212,__mye676970_myl0_212,signal,inputs=NONE|outputs=NONE,NONE,NONE,UNKNOWN
213,__myl_FcCas_myl0_213,fusion,inputs=Int8;Int8|outputs=Half,1x1x1024;1x1024x2048,1x1x2048,sm80_xmma_gemm_i8f32_i8i32_f32_tn_n_tilesize32x64x64_stage6_warpsize2x2x1_tensor16x8x32_by_fusion_tactic
214,__myl_ResMulMea_myl0_214,kgen,inputs=Half|outputs=Half;Half,1x1x2048,1x1x16x1;1x1x16x128,__myl_ResMulMea_0xf2413012cd9ac6341b95d78f3432c656
215,__myl_AddSqrDivMulMulResSliSliNegConMulMulAdd_myl0_215,kgen,inputs=Half;Half;Half;Half;Half|outputs=Half,1x1x1x128;1x1x1x128;1x1x1x128;1x1x16x128;1x1x16x1,1x16x1x128,__myl_AddSqrDivMulMulResSliSliNegConMulMulAdd_0xf1ba08cc3beaba8ee91b0504be9c2cf4
216,__mye676972_myl0_216,wait,inputs=NONE|outputs=NONE,NONE,NONE,UNKNOWN
217,/MatMul_16_myl0_217,gemm,inputs=Half;Half;Float;Float|outputs=Half,16x1x128;16x128x-1;1;1,16x1x-1,sm80_xmma_gemm_f16f16_f16f32_f32_nn_n_tilesize32x32x64_stage6_warpsize2x2x1_tensor16x8x16_aligna2_alignc2
218,__myl_MulMaxSubExpSumDivMul_myl0_218,kgen,inputs=Half;Int64;Int64|outputs=Half,1x16x1x-1;1;1,1x16x1x-1,__myl_MulMaxSubExpSumDivMul_0x1108f5a078d6e65507c06537b9b2e43f
219,__mye676976_myl0_219,wait,inputs=NONE|outputs=NONE,NONE,NONE,UNKNOWN
220,/MatMul_17_myl0_220,gemm,inputs=Half;Half;Float;Float|outputs=Half,16x1x-1;16x-1x128;1;1,16x1x128,sm80_xmma_gemm_f16f16_f16f32_f32_nn_n_tilesize64x128x32_stage5_warpsize2x2x1_tensor16x8x16_aligna2_alignc2
221,__myl_FcAdd_myl0_221,fusion,inputs=Half;Half;Half|outputs=Half,1x1x1024;1x1x2048;1x2048x1024,1x1x1024,sm80_xmma_gemm_f16f16_f16f16_f16_tn_n_tilesize32x32x64_stage6_warpsize2x2x1_tensor16x8x16_by_fusion_tactic
222,__myl_MulMeaAddSqrDivMulMulMulMinMaxRouCas_myl0_222,kgen,inputs=Half;Half;Half;Half|outputs=Int8;Half,1x1x1024;1x1x1024;1x1x1024;1x1x1024,1x1x1024;1x1x1024,__myl_MulMeaAddSqrDivMulMulMulMinMaxRouCas_0xeadba79c8105dff3fdb08ce085e7b12c
223,/up_proj_8/MatMul_myl0_223,gemm,inputs=Half;Half;Float;Float|outputs=Half,1x1x1024;1x1024x3072;1;1,1x1x3072,sm80_xmma_gemm_f16f16_f16f32_f32_tn_n_tilesize32x32x64_stage6_warpsize2x2x1_tensor16x8x16
224,__myl_FcCasNegExpAddDivMulMul_myl0_224,fusion,inputs=Half;Int8;Int8|outputs=Half,1x1x3072;1x1x1024;1x1024x3072,1x1x3072,sm80_xmma_gemm_i8i8_i8i32_f32_tn_n_tilesize32x64x64_stage6_warpsize2x2x1_tensor16x8x32_by_fusion_tactic
225,__myl_FcAdd_myl0_225,fusion,inputs=Half;Half;Half|outputs=Half,1x1x1024;1x1x3072;1x3072x1024,1x1x1024,sm80_xmma_gemm_f16f16_f16f16_f16_nn_n_tilesize64x128x32_stage5_warpsize2x2x1_tensor16x8x16_by_fusion_tactic
226,__myl_MulMeaAddSqrDivMulDivMinMaxRouCasDivMinMaxRouCasDivMinMaxRouCas_myl0_226,kgen,inputs=Half;Half;Half;Half;Half;Half|outputs=Int8;Int8;Int8,1x1x1024;1x1x1024;1x1x1024;1x1x1024;1x1x1024;1x1x1024,1x1x1024;1x1x1024;1x1x1024,__myl_MulMeaAddSqrDivMulDivMinMaxRouCasDivMinMaxRouCasDivMinMaxRouCas_0x9f2c300bb597625319cadec4728f9bc5
227,__mye676978_myl0_227,signal,inputs=NONE|outputs=NONE,NONE,NONE,UNKNOWN
228,__mye676980_myl0_228,wait,inputs=NONE|outputs=NONE,NONE,NONE,UNKNOWN
229,__myl_FcCas_myl0_229,fusion,inputs=Int8;Int8|outputs=Half,1x1x1024;1x1024x1024,1x1x1024,sm80_xmma_gemm_i8f32_i8i32_f32_tn_n_tilesize32x64x64_stage6_warpsize2x2x1_tensor16x8x32_by_fusion_tactic
230,__myl_ResConResRep_myl0_230,kgen,inputs=Half;Half;Int64;Int64;Int64;Int64;Int64;Int64;Int64;Int64;Int64;Int64;Int64;Int64;Int64;Int64|outputs=Half;Half,1x8x-1x128;1x1x1024;1;1;1;1;1;1;1;1;1;1;1;1;1;1,1x8x-1x128;1x8x2x-1x128,__myl_ResConResRep_0x9d40828c020eb6bb972be950c35191c1
231,__mye676988_myl0_231,signal,inputs=NONE|outputs=NONE,NONE,NONE,UNKNOWN
232,__mye676982_myl0_232,wait,inputs=NONE|outputs=NONE,NONE,NONE,UNKNOWN
233,__myl_FcCas_myl0_233,fusion,inputs=Int8;Int8|outputs=Half,1x1x1024;1x1024x1024,1x1x1024,sm80_xmma_gemm_i8f32_i8i32_f32_tn_n_tilesize32x64x64_stage6_warpsize2x2x1_tensor16x8x32_by_fusion_tactic
234,__myl_ResMulMea_myl0_234,kgen,inputs=Half|outputs=Half;Half,1x1x1024,1x1x8x1;1x1x8x128,__myl_ResMulMea_0x3c91498c3beee36a5653966af1581a8a
235,__myl_AddSqrDivMulMulResSliSliNegConMulMulAddConResRepResTra_myl0_235,kgen,inputs=Half;Half;Half;Half;Half;Half;Int64;Int64;Int64;Int64;Int64;Int64;Int64;Int64;Int64;Int64;Int64;Int64;Int64;Int64;Int64;Int64;Int64;Int64|outputs=Half;Half,1x8x-1x128;1x1x1x128;1x1x1x128;1x1x1x128;1x1x8x128;1x1x8x1;1;1;1;1;1;1;1;1;1;1;1;1;1;1;1;1;1;1,1x8x-1x128;1x16x128x-1,__myl_AddSqrDivMulMulResSliSliNegConMulMulAddConResRepResTra_0x5aea462b6a819ceadd3ebb32874c078f
236,__mye676984_myl0_236,signal,inputs=NONE|outputs=NONE,NONE,NONE,UNKNOWN
237,__myl_FcCas_myl0_237,fusion,inputs=Int8;Int8|outputs=Half,1x1x1024;1x1024x2048,1x1x2048,sm80_xmma_gemm_i8f32_i8i32_f32_tn_n_tilesize32x64x64_stage6_warpsize2x2x1_tensor16x8x32_by_fusion_tactic
238,__myl_ResMulMea_myl0_238,kgen,inputs=Half|outputs=Half;Half,1x1x2048,1x1x16x1;1x1x16x128,__myl_ResMulMea_0xf2413012cd9ac6341b95d78f3432c656
239,__myl_AddSqrDivMulMulResSliSliNegConMulMulAdd_myl0_239,kgen,inputs=Half;Half;Half;Half;Half|outputs=Half,1x1x1x128;1x1x1x128;1x1x1x128;1x1x16x128;1x1x16x1,1x16x1x128,__myl_AddSqrDivMulMulResSliSliNegConMulMulAdd_0xf1ba08cc3beaba8ee91b0504be9c2cf4
240,__mye676986_myl0_240,wait,inputs=NONE|outputs=NONE,NONE,NONE,UNKNOWN
241,/MatMul_18_myl0_241,gemm,inputs=Half;Half;Float;Float|outputs=Half,16x1x128;16x128x-1;1;1,16x1x-1,sm80_xmma_gemm_f16f16_f16f32_f32_nn_n_tilesize32x32x64_stage6_warpsize2x2x1_tensor16x8x16_aligna2_alignc2
242,__myl_MulMaxSubExpSumDivMul_myl0_242,kgen,inputs=Half;Int64;Int64|outputs=Half,1x16x1x-1;1;1,1x16x1x-1,__myl_MulMaxSubExpSumDivMul_0x1108f5a078d6e65507c06537b9b2e43f
243,__mye676990_myl0_243,wait,inputs=NONE|outputs=NONE,NONE,NONE,UNKNOWN
244,/MatMul_19_myl0_244,gemm,inputs=Half;Half;Float;Float|outputs=Half,16x1x-1;16x-1x128;1;1,16x1x128,sm80_xmma_gemm_f16f16_f16f32_f32_nn_n_tilesize64x128x32_stage5_warpsize2x2x1_tensor16x8x16_aligna2_alignc2
245,__myl_MulMinMaxRouCas_myl0_245,kgen,inputs=Half|outputs=Int8,16x1x128,16x1x128,__myl_MulMinMaxRouCas_0x806abff2303c4adb22dac0953af546a1
246,__myl_FcCasAdd_myl0_246,fusion,inputs=Half;Int8;Int8|outputs=Half,1x1x1024;1x1x2048;1x2048x1024,1x1x1024,sm80_xmma_gemm_i8f32_i8i32_f32_tn_n_tilesize32x64x64_stage6_warpsize2x2x1_tensor16x8x32_by_fusion_tactic
247,__myl_MulMeaAddSqrDivMulMulMulMinMaxRouCas_myl0_247,kgen,inputs=Half;Half;Half;Half|outputs=Int8;Half,1x1x1024;1x1x1024;1x1x1024;1x1x1024,1x1x1024;1x1x1024,__myl_MulMeaAddSqrDivMulMulMulMinMaxRouCas_0xa03da8bd0547b3997e4af5d64a9f7047
248,/up_proj_9/MatMul_myl0_248,gemm,inputs=Half;Half;Float;Float|outputs=Half,1x1x1024;1x1024x3072;1;1,1x1x3072,sm80_xmma_gemm_f16f16_f16f16_f16_tn_n_tilesize32x32x64_stage6_warpsize2x2x1_tensor16x8x16
249,__myl_FcCasNegExpAddDivMulMul_myl0_249,fusion,inputs=Half;Int8;Int8|outputs=Half,1x1x3072;1x1x1024;1x1024x3072,1x1x3072,sm80_xmma_gemm_i8i8_i8i32_f32_tn_n_tilesize32x64x64_stage6_warpsize2x2x1_tensor16x8x32_by_fusion_tactic
250,__myl_FcAdd_myl0_250,fusion,inputs=Half;Half;Half|outputs=Half,1x1x1024;1x1x3072;1x3072x1024,1x1x1024,sm80_xmma_gemm_f16f16_f16f16_f16_nn_n_tilesize64x128x32_stage5_warpsize2x2x1_tensor16x8x16_by_fusion_tactic
251,__myl_MulMeaAddSqrDivMulDivMinMaxRouCasDivMinMaxRouCasDivMinMaxRouCas_myl0_251,kgen,inputs=Half;Half;Half;Half;Half;Half|outputs=Int8;Int8;Int8,1x1x1024;1x1x1024;1x1x1024;1x1x1024;1x1x1024;1x1x1024,1x1x1024;1x1x1024;1x1x1024,__myl_MulMeaAddSqrDivMulDivMinMaxRouCasDivMinMaxRouCasDivMinMaxRouCas_0x9f2c300bb597625319cadec4728f9bc5
252,__mye676992_myl0_252,signal,inputs=NONE|outputs=NONE,NONE,NONE,UNKNOWN
253,__mye676994_myl0_253,wait,inputs=NONE|outputs=NONE,NONE,NONE,UNKNOWN
254,__myl_FcCas_myl0_254,fusion,inputs=Int8;Int8|outputs=Half,1x1x1024;1x1024x1024,1x1x1024,sm80_xmma_gemm_i8f32_i8i32_f32_tn_n_tilesize32x64x64_stage6_warpsize2x2x1_tensor16x8x32_by_fusion_tactic
255,__myl_ResConResRep_myl0_255,kgen,inputs=Half;Half;Int64;Int64;Int64;Int64;Int64;Int64;Int64;Int64;Int64;Int64;Int64;Int64;Int64;Int64|outputs=Half;Half,1x8x-1x128;1x1x1024;1;1;1;1;1;1;1;1;1;1;1;1;1;1,1x8x-1x128;1x8x2x-1x128,__myl_ResConResRep_0x9d40828c020eb6bb972be950c35191c1
256,__mye677002_myl0_256,signal,inputs=NONE|outputs=NONE,NONE,NONE,UNKNOWN
257,__mye676996_myl0_257,wait,inputs=NONE|outputs=NONE,NONE,NONE,UNKNOWN
258,__myl_FcCas_myl0_258,fusion,inputs=Int8;Int8|outputs=Half,1x1x1024;1x1024x1024,1x1x1024,sm80_xmma_gemm_i8f32_i8i32_f32_tn_n_tilesize32x64x64_stage6_warpsize2x2x1_tensor16x8x32_by_fusion_tactic
259,__myl_ResMulMea_myl0_259,kgen,inputs=Half|outputs=Half;Half,1x1x1024,1x1x8x1;1x1x8x128,__myl_ResMulMea_0x3c91498c3beee36a5653966af1581a8a
260,__myl_AddSqrDivMulMulResSliSliNegConMulMulAddConResRepResTra_myl0_260,kgen,inputs=Half;Half;Half;Half;Half;Half;Int64;Int64;Int64;Int64;Int64;Int64;Int64;Int64;Int64;Int64;Int64;Int64;Int64;Int64;Int64;Int64;Int64;Int64|outputs=Half;Half,1x8x-1x128;1x1x1x128;1x1x1x128;1x1x1x128;1x1x8x128;1x1x8x1;1;1;1;1;1;1;1;1;1;1;1;1;1;1;1;1;1;1,1x8x-1x128;1x16x128x-1,__myl_AddSqrDivMulMulResSliSliNegConMulMulAddConResRepResTra_0x5aea462b6a819ceadd3ebb32874c078f
261,__mye676998_myl0_261,signal,inputs=NONE|outputs=NONE,NONE,NONE,UNKNOWN
262,__myl_FcCas_myl0_262,fusion,inputs=Int8;Int8|outputs=Half,1x1x1024;1x1024x2048,1x1x2048,sm80_xmma_gemm_i8f32_i8i32_f32_tn_n_tilesize32x64x64_stage6_warpsize2x2x1_tensor16x8x32_by_fusion_tactic
263,__myl_ResMulMea_myl0_263,kgen,inputs=Half|outputs=Half;Half,1x1x2048,1x1x16x1;1x1x16x128,__myl_ResMulMea_0xf2413012cd9ac6341b95d78f3432c656
264,__myl_AddSqrDivMulMulResSliSliNegConMulMulAdd_myl0_264,kgen,inputs=Half;Half;Half;Half;Half|outputs=Half,1x1x1x128;1x1x1x128;1x1x1x128;1x1x16x128;1x1x16x1,1x16x1x128,__myl_AddSqrDivMulMulResSliSliNegConMulMulAdd_0xf1ba08cc3beaba8ee91b0504be9c2cf4
265,__mye677000_myl0_265,wait,inputs=NONE|outputs=NONE,NONE,NONE,UNKNOWN
266,/MatMul_20_myl0_266,gemm,inputs=Half;Half;Float;Float|outputs=Half,16x1x128;16x128x-1;1;1,16x1x-1,sm80_xmma_gemm_f16f16_f16f32_f32_nn_n_tilesize32x32x64_stage6_warpsize2x2x1_tensor16x8x16_aligna2_alignc2
267,__myl_MulMaxSubExpSumDivMul_myl0_267,kgen,inputs=Half;Int64;Int64|outputs=Half,1x16x1x-1;1;1,1x16x1x-1,__myl_MulMaxSubExpSumDivMul_0x1108f5a078d6e65507c06537b9b2e43f
268,__mye677004_myl0_268,wait,inputs=NONE|outputs=NONE,NONE,NONE,UNKNOWN
269,/MatMul_21_myl0_269,gemm,inputs=Half;Half;Float;Float|outputs=Half,16x1x-1;16x-1x128;1;1,16x1x128,sm80_xmma_gemm_f16f16_f16f32_f32_nn_n_tilesize64x128x32_stage5_warpsize2x2x1_tensor16x8x16_aligna2_alignc2
270,__myl_MulMinMaxRouCas_myl0_270,kgen,inputs=Half|outputs=Int8,16x1x128,16x1x128,__myl_MulMinMaxRouCas_0xfffd234660cce4d6758da70fc32eeb17
271,__myl_FcCasAdd_myl0_271,fusion,inputs=Half;Int8;Int8|outputs=Half,1x1x1024;1x1x2048;1x2048x1024,1x1x1024,sm80_xmma_gemm_i8f32_i8i32_f32_tn_n_tilesize32x64x64_stage6_warpsize2x2x1_tensor16x8x32_by_fusion_tactic
272,__myl_MulMeaAddSqrDivMulMulMulMinMaxRouCas_myl0_272,kgen,inputs=Half;Half;Half;Half|outputs=Int8;Half,1x1x1024;1x1x1024;1x1x1024;1x1x1024,1x1x1024;1x1x1024,__myl_MulMeaAddSqrDivMulMulMulMinMaxRouCas_0xbc9bffbf2b5683589f7ee804485f8f6c
273,/up_proj_10/MatMul_myl0_273,gemm,inputs=Half;Half;Float;Float|outputs=Half,1x1x1024;1x1024x3072;1;1,1x1x3072,sm80_xmma_gemm_f16f16_f16f16_f16_tn_n_tilesize32x32x64_stage6_warpsize2x2x1_tensor16x8x16
274,__myl_FcCasNegExpAddDivMulMul_myl0_274,fusion,inputs=Half;Int8;Int8|outputs=Half,1x1x3072;1x1x1024;1x1024x3072,1x1x3072,sm80_xmma_gemm_i8i8_i8i32_f32_tn_n_tilesize32x64x64_stage6_warpsize2x2x1_tensor16x8x32_by_fusion_tactic
275,__myl_FcAdd_myl0_275,fusion,inputs=Half;Half;Half|outputs=Half,1x1x1024;1x1x3072;1x3072x1024,1x1x1024,sm80_xmma_gemm_f16f16_f16f16_f16_nn_n_tilesize64x128x32_stage5_warpsize2x2x1_tensor16x8x16_by_fusion_tactic
276,__myl_MulMeaAddSqrDivMulDivMinMaxRouCasDivMinMaxRouCasDivMinMaxRouCas_myl0_276,kgen,inputs=Half;Half;Half;Half;Half;Half|outputs=Int8;Int8;Int8,1x1x1024;1x1x1024;1x1x1024;1x1x1024;1x1x1024;1x1x1024,1x1x1024;1x1x1024;1x1x1024,__myl_MulMeaAddSqrDivMulDivMinMaxRouCasDivMinMaxRouCasDivMinMaxRouCas_0x9f2c300bb597625319cadec4728f9bc5
277,__mye677006_myl0_277,signal,inputs=NONE|outputs=NONE,NONE,NONE,UNKNOWN
278,__mye677008_myl0_278,wait,inputs=NONE|outputs=NONE,NONE,NONE,UNKNOWN
279,__myl_FcCas_myl0_279,fusion,inputs=Int8;Int8|outputs=Half,1x1x1024;1x1024x1024,1x1x1024,sm80_xmma_gemm_i8f32_i8i32_f32_tn_n_tilesize32x64x64_stage6_warpsize2x2x1_tensor16x8x32_by_fusion_tactic
280,__myl_ResConResRep_myl0_280,kgen,inputs=Half;Half;Int64;Int64;Int64;Int64;Int64;Int64;Int64;Int64;Int64;Int64;Int64;Int64;Int64;Int64|outputs=Half;Half,1x8x-1x128;1x1x1024;1;1;1;1;1;1;1;1;1;1;1;1;1;1,1x8x-1x128;1x8x2x-1x128,__myl_ResConResRep_0x9d40828c020eb6bb972be950c35191c1
281,__mye677016_myl0_281,signal,inputs=NONE|outputs=NONE,NONE,NONE,UNKNOWN
282,__mye677010_myl0_282,wait,inputs=NONE|outputs=NONE,NONE,NONE,UNKNOWN
283,__myl_FcCas_myl0_283,fusion,inputs=Int8;Int8|outputs=Half,1x1x1024;1x1024x1024,1x1x1024,sm80_xmma_gemm_i8f32_i8i32_f32_tn_n_tilesize32x64x64_stage6_warpsize2x2x1_tensor16x8x32_by_fusion_tactic
284,__myl_ResMulMea_myl0_284,kgen,inputs=Half|outputs=Half;Half,1x1x1024,1x1x8x1;1x1x8x128,__myl_ResMulMea_0x3c91498c3beee36a5653966af1581a8a
285,__myl_AddSqrDivMulMulResSliSliNegConMulMulAddConResRepResTra_myl0_285,kgen,inputs=Half;Half;Half;Half;Half;Half;Int64;Int64;Int64;Int64;Int64;Int64;Int64;Int64;Int64;Int64;Int64;Int64;Int64;Int64;Int64;Int64;Int64;Int64|outputs=Half;Half,1x8x-1x128;1x1x1x128;1x1x1x128;1x1x1x128;1x1x8x128;1x1x8x1;1;1;1;1;1;1;1;1;1;1;1;1;1;1;1;1;1;1,1x8x-1x128;1x16x128x-1,__myl_AddSqrDivMulMulResSliSliNegConMulMulAddConResRepResTra_0x5aea462b6a819ceadd3ebb32874c078f
286,__mye677012_myl0_286,signal,inputs=NONE|outputs=NONE,NONE,NONE,UNKNOWN
287,__myl_FcCas_myl0_287,fusion,inputs=Int8;Int8|outputs=Half,1x1x1024;1x1024x2048,1x1x2048,sm80_xmma_gemm_i8f32_i8i32_f32_tn_n_tilesize32x64x64_stage6_warpsize2x2x1_tensor16x8x32_by_fusion_tactic
288,__myl_ResMulMea_myl0_288,kgen,inputs=Half|outputs=Half;Half,1x1x2048,1x1x16x1;1x1x16x128,__myl_ResMulMea_0xf2413012cd9ac6341b95d78f3432c656
289,__myl_AddSqrDivMulMulResSliSliNegConMulMulAdd_myl0_289,kgen,inputs=Half;Half;Half;Half;Half|outputs=Half,1x1x1x128;1x1x1x128;1x1x1x128;1x1x16x128;1x1x16x1,1x16x1x128,__myl_AddSqrDivMulMulResSliSliNegConMulMulAdd_0xf1ba08cc3beaba8ee91b0504be9c2cf4
290,__mye677014_myl0_290,wait,inputs=NONE|outputs=NONE,NONE,NONE,UNKNOWN
291,/MatMul_22_myl0_291,gemm,inputs=Half;Half;Float;Float|outputs=Half,16x1x128;16x128x-1;1;1,16x1x-1,sm80_xmma_gemm_f16f16_f16f32_f32_nn_n_tilesize32x32x64_stage6_warpsize2x2x1_tensor16x8x16_aligna2_alignc2
292,__myl_MulMaxSubExpSumDivMul_myl0_292,kgen,inputs=Half;Int64;Int64|outputs=Half,1x16x1x-1;1;1,1x16x1x-1,__myl_MulMaxSubExpSumDivMul_0x1108f5a078d6e65507c06537b9b2e43f
293,__mye677018_myl0_293,wait,inputs=NONE|outputs=NONE,NONE,NONE,UNKNOWN
294,/MatMul_23_myl0_294,gemm,inputs=Half;Half;Float;Float|outputs=Half,16x1x-1;16x-1x128;1;1,16x1x128,sm80_xmma_gemm_f16f16_f16f32_f32_nn_n_tilesize64x128x32_stage5_warpsize2x2x1_tensor16x8x16_aligna2_alignc2
295,__myl_MulMinMaxRouCas_myl0_295,kgen,inputs=Half|outputs=Int8,16x1x128,16x1x128,__myl_MulMinMaxRouCas_0x7c03f425cd0cc19febc97cb69c1f2cdb
296,__myl_FcCasAdd_myl0_296,fusion,inputs=Half;Int8;Int8|outputs=Half,1x1x1024;1x1x2048;1x2048x1024,1x1x1024,sm80_xmma_gemm_i8f32_i8i32_f32_tn_n_tilesize32x64x64_stage6_warpsize2x2x1_tensor16x8x32_by_fusion_tactic
297,__myl_MulMeaAddSqrDivMulMulMulMinMaxRouCas_myl0_297,kgen,inputs=Half;Half;Half;Half|outputs=Int8;Half,1x1x1024;1x1x1024;1x1x1024;1x1x1024,1x1x1024;1x1x1024,__myl_MulMeaAddSqrDivMulMulMulMinMaxRouCas_0xcf81b38212e8f296e353aae060904a23
298,/up_proj_11/MatMul_myl0_298,gemm,inputs=Half;Half;Float;Float|outputs=Half,1x1x1024;1x1024x3072;1;1,1x1x3072,sm80_xmma_gemm_f16f16_f16f16_f16_tn_n_tilesize32x32x64_stage6_warpsize2x2x1_tensor16x8x16
299,__myl_FcCasNegExpAddDivMulMul_myl0_299,fusion,inputs=Half;Int8;Int8|outputs=Half,1x1x3072;1x1x1024;1x1024x3072,1x1x3072,sm80_xmma_gemm_i8i8_i8i32_f32_tn_n_tilesize32x64x64_stage6_warpsize2x2x1_tensor16x8x32_by_fusion_tactic
300,__myl_FcAdd_myl0_300,fusion,inputs=Half;Half;Half|outputs=Half,1x1x1024;1x1x3072;1x3072x1024,1x1x1024,sm80_xmma_gemm_f16f16_f16f16_f16_nn_n_tilesize64x128x32_stage5_warpsize2x2x1_tensor16x8x16_by_fusion_tactic
301,__myl_MulMeaAddSqrDivMulDivMinMaxRouCasDivMinMaxRouCasDivMinMaxRouCas_myl0_301,kgen,inputs=Half;Half;Half;Half;Half;Half|outputs=Int8;Int8;Int8,1x1x1024;1x1x1024;1x1x1024;1x1x1024;1x1x1024;1x1x1024,1x1x1024;1x1x1024;1x1x1024,__myl_MulMeaAddSqrDivMulDivMinMaxRouCasDivMinMaxRouCasDivMinMaxRouCas_0x9f2c300bb597625319cadec4728f9bc5
302,__mye677020_myl0_302,signal,inputs=NONE|outputs=NONE,NONE,NONE,UNKNOWN
303,__mye677022_myl0_303,wait,inputs=NONE|outputs=NONE,NONE,NONE,UNKNOWN
304,__myl_FcCas_myl0_304,fusion,inputs=Int8;Int8|outputs=Half,1x1x1024;1x1024x1024,1x1x1024,sm80_xmma_gemm_i8f32_i8i32_f32_tn_n_tilesize32x64x64_stage6_warpsize2x2x1_tensor16x8x32_by_fusion_tactic
305,__myl_ResConResRep_myl0_305,kgen,inputs=Half;Half;Int64;Int64;Int64;Int64;Int64;Int64;Int64;Int64;Int64;Int64;Int64;Int64;Int64;Int64|outputs=Half;Half,1x8x-1x128;1x1x1024;1;1;1;1;1;1;1;1;1;1;1;1;1;1,1x8x-1x128;1x8x2x-1x128,__myl_ResConResRep_0x9d40828c020eb6bb972be950c35191c1
306,__mye677030_myl0_306,signal,inputs=NONE|outputs=NONE,NONE,NONE,UNKNOWN
307,__mye677024_myl0_307,wait,inputs=NONE|outputs=NONE,NONE,NONE,UNKNOWN
308,__myl_FcCas_myl0_308,fusion,inputs=Int8;Int8|outputs=Half,1x1x1024;1x1024x1024,1x1x1024,sm80_xmma_gemm_i8f32_i8i32_f32_tn_n_tilesize32x64x64_stage6_warpsize2x2x1_tensor16x8x32_by_fusion_tactic
309,__myl_ResMulMea_myl0_309,kgen,inputs=Half|outputs=Half;Half,1x1x1024,1x1x8x1;1x1x8x128,__myl_ResMulMea_0x3c91498c3beee36a5653966af1581a8a
310,__myl_AddSqrDivMulMulResSliSliNegConMulMulAddConResRepResTra_myl0_310,kgen,inputs=Half;Half;Half;Half;Half;Half;Int64;Int64;Int64;Int64;Int64;Int64;Int64;Int64;Int64;Int64;Int64;Int64;Int64;Int64;Int64;Int64;Int64;Int64|outputs=Half;Half,1x8x-1x128;1x1x1x128;1x1x1x128;1x1x1x128;1x1x8x128;1x1x8x1;1;1;1;1;1;1;1;1;1;1;1;1;1;1;1;1;1;1,1x8x-1x128;1x16x128x-1,__myl_AddSqrDivMulMulResSliSliNegConMulMulAddConResRepResTra_0x5aea462b6a819ceadd3ebb32874c078f
311,__mye677026_myl0_311,signal,inputs=NONE|outputs=NONE,NONE,NONE,UNKNOWN
312,__myl_FcCas_myl0_312,fusion,inputs=Int8;Int8|outputs=Half,1x1x1024;1x1024x2048,1x1x2048,sm80_xmma_gemm_i8f32_i8i32_f32_tn_n_tilesize32x64x64_stage6_warpsize2x2x1_tensor16x8x32_by_fusion_tactic
313,__myl_ResMulMea_myl0_313,kgen,inputs=Half|outputs=Half;Half,1x1x2048,1x1x16x1;1x1x16x128,__myl_ResMulMea_0xf2413012cd9ac6341b95d78f3432c656
314,__myl_AddSqrDivMulMulResSliSliNegConMulMulAdd_myl0_314,kgen,inputs=Half;Half;Half;Half;Half|outputs=Half,1x1x1x128;1x1x1x128;1x1x1x128;1x1x16x128;1x1x16x1,1x16x1x128,__myl_AddSqrDivMulMulResSliSliNegConMulMulAdd_0xf1ba08cc3beaba8ee91b0504be9c2cf4
315,__mye677028_myl0_315,wait,inputs=NONE|outputs=NONE,NONE,NONE,UNKNOWN
316,/MatMul_24_myl0_316,gemm,inputs=Half;Half;Float;Float|outputs=Half,16x1x128;16x128x-1;1;1,16x1x-1,sm80_xmma_gemm_f16f16_f16f32_f32_nn_n_tilesize32x32x64_stage6_warpsize2x2x1_tensor16x8x16_aligna2_alignc2
317,__myl_MulMaxSubExpSumDivMul_myl0_317,kgen,inputs=Half;Int64;Int64|outputs=Half,1x16x1x-1;1;1,1x16x1x-1,__myl_MulMaxSubExpSumDivMul_0x1108f5a078d6e65507c06537b9b2e43f
318,__mye677032_myl0_318,wait,inputs=NONE|outputs=NONE,NONE,NONE,UNKNOWN
319,/MatMul_25_myl0_319,gemm,inputs=Half;Half;Float;Float|outputs=Half,16x1x-1;16x-1x128;1;1,16x1x128,sm80_xmma_gemm_f16f16_f16f32_f32_nn_n_tilesize64x128x32_stage5_warpsize2x2x1_tensor16x8x16_aligna2_alignc2
320,__myl_MulMinMaxRouCas_myl0_320,kgen,inputs=Half|outputs=Int8,16x1x128,16x1x128,__myl_MulMinMaxRouCas_0x1fb837ee240f07d62ca7b72c8a105b6f
321,__myl_FcCasAdd_myl0_321,fusion,inputs=Half;Int8;Int8|outputs=Half,1x1x1024;1x1x2048;1x2048x1024,1x1x1024,sm80_xmma_gemm_i8f32_i8i32_f32_tn_n_tilesize32x64x64_stage6_warpsize2x2x1_tensor16x8x32_by_fusion_tactic
322,__myl_MulMeaAddSqrDivMulMulMulMinMaxRouCas_myl0_322,kgen,inputs=Half;Half;Half;Half|outputs=Int8;Half,1x1x1024;1x1x1024;1x1x1024;1x1x1024,1x1x1024;1x1x1024,__myl_MulMeaAddSqrDivMulMulMulMinMaxRouCas_0xcf81b38212e8f296e353aae060904a23
323,/up_proj_12/MatMul_myl0_323,gemm,inputs=Half;Half;Float;Float|outputs=Half,1x1x1024;1x1024x3072;1;1,1x1x3072,sm80_xmma_gemm_f16f16_f16f16_f16_tn_n_tilesize32x32x64_stage6_warpsize2x2x1_tensor16x8x16
324,__myl_FcCasNegExpAddDivMulMul_myl0_324,fusion,inputs=Half;Int8;Int8|outputs=Half,1x1x3072;1x1x1024;1x1024x3072,1x1x3072,sm80_xmma_gemm_i8i8_i8i32_f32_tn_n_tilesize32x64x64_stage6_warpsize2x2x1_tensor16x8x32_by_fusion_tactic
325,__myl_FcAdd_myl0_325,fusion,inputs=Half;Half;Half|outputs=Half,1x1x1024;1x1x3072;1x3072x1024,1x1x1024,sm80_xmma_gemm_f16f16_f16f16_f16_nn_n_tilesize64x128x32_stage5_warpsize2x2x1_tensor16x8x16_by_fusion_tactic
326,__myl_MulMeaAddSqrDivMulDivMinMaxRouCasDivMinMaxRouCasDivMinMaxRouCas_myl0_326,kgen,inputs=Half;Half;Half;Half;Half;Half|outputs=Int8;Int8;Int8,1x1x1024;1x1x1024;1x1x1024;1x1x1024;1x1x1024;1x1x1024,1x1x1024;1x1x1024;1x1x1024,__myl_MulMeaAddSqrDivMulDivMinMaxRouCasDivMinMaxRouCasDivMinMaxRouCas_0x9f2c300bb597625319cadec4728f9bc5
327,__mye677034_myl0_327,signal,inputs=NONE|outputs=NONE,NONE,NONE,UNKNOWN
328,__mye677036_myl0_328,wait,inputs=NONE|outputs=NONE,NONE,NONE,UNKNOWN
329,__myl_FcCas_myl0_329,fusion,inputs=Int8;Int8|outputs=Half,1x1x1024;1x1024x1024,1x1x1024,sm80_xmma_gemm_i8f32_i8i32_f32_tn_n_tilesize32x64x64_stage6_warpsize2x2x1_tensor16x8x32_by_fusion_tactic
330,__myl_ResConResRep_myl0_330,kgen,inputs=Half;Half;Int64;Int64;Int64;Int64;Int64;Int64;Int64;Int64;Int64;Int64;Int64;Int64;Int64;Int64|outputs=Half;Half,1x8x-1x128;1x1x1024;1;1;1;1;1;1;1;1;1;1;1;1;1;1,1x8x-1x128;1x8x2x-1x128,__myl_ResConResRep_0x9d40828c020eb6bb972be950c35191c1
331,__mye677044_myl0_331,signal,inputs=NONE|outputs=NONE,NONE,NONE,UNKNOWN
332,__mye677038_myl0_332,wait,inputs=NONE|outputs=NONE,NONE,NONE,UNKNOWN
333,__myl_FcCas_myl0_333,fusion,inputs=Int8;Int8|outputs=Half,1x1x1024;1x1024x1024,1x1x1024,sm80_xmma_gemm_i8f32_i8i32_f32_tn_n_tilesize32x64x64_stage6_warpsize2x2x1_tensor16x8x32_by_fusion_tactic
334,__myl_ResMulMea_myl0_334,kgen,inputs=Half|outputs=Half;Half,1x1x1024,1x1x8x1;1x1x8x128,__myl_ResMulMea_0x3c91498c3beee36a5653966af1581a8a
335,__myl_AddSqrDivMulMulResSliSliNegConMulMulAddConResRepResTra_myl0_335,kgen,inputs=Half;Half;Half;Half;Half;Half;Int64;Int64;Int64;Int64;Int64;Int64;Int64;Int64;Int64;Int64;Int64;Int64;Int64;Int64;Int64;Int64;Int64;Int64|outputs=Half;Half,1x8x-1x128;1x1x1x128;1x1x1x128;1x1x1x128;1x1x8x128;1x1x8x1;1;1;1;1;1;1;1;1;1;1;1;1;1;1;1;1;1;1,1x8x-1x128;1x16x128x-1,__myl_AddSqrDivMulMulResSliSliNegConMulMulAddConResRepResTra_0x5aea462b6a819ceadd3ebb32874c078f
336,__mye677040_myl0_336,signal,inputs=NONE|outputs=NONE,NONE,NONE,UNKNOWN
337,__myl_FcCas_myl0_337,fusion,inputs=Int8;Int8|outputs=Half,1x1x1024;1x1024x2048,1x1x2048,sm80_xmma_gemm_i8f32_i8i32_f32_tn_n_tilesize32x64x64_stage6_warpsize2x2x1_tensor16x8x32_by_fusion_tactic
338,__myl_ResMulMea_myl0_338,kgen,inputs=Half|outputs=Half;Half,1x1x2048,1x1x16x1;1x1x16x128,__myl_ResMulMea_0xf2413012cd9ac6341b95d78f3432c656
339,__myl_AddSqrDivMulMulResSliSliNegConMulMulAdd_myl0_339,kgen,inputs=Half;Half;Half;Half;Half|outputs=Half,1x1x1x128;1x1x1x128;1x1x1x128;1x1x16x128;1x1x16x1,1x16x1x128,__myl_AddSqrDivMulMulResSliSliNegConMulMulAdd_0xf1ba08cc3beaba8ee91b0504be9c2cf4
340,__mye677042_myl0_340,wait,inputs=NONE|outputs=NONE,NONE,NONE,UNKNOWN
341,/MatMul_26_myl0_341,gemm,inputs=Half;Half;Float;Float|outputs=Half,16x1x128;16x128x-1;1;1,16x1x-1,sm80_xmma_gemm_f16f16_f16f32_f32_nn_n_tilesize32x32x64_stage6_warpsize2x2x1_tensor16x8x16_aligna2_alignc2
342,__myl_MulMaxSubExpSumDivMul_myl0_342,kgen,inputs=Half;Int64;Int64|outputs=Half,1x16x1x-1;1;1,1x16x1x-1,__myl_MulMaxSubExpSumDivMul_0x1108f5a078d6e65507c06537b9b2e43f
343,__mye677046_myl0_343,wait,inputs=NONE|outputs=NONE,NONE,NONE,UNKNOWN
344,/MatMul_27_myl0_344,gemm,inputs=Half;Half;Float;Float|outputs=Half,16x1x-1;16x-1x128;1;1,16x1x128,sm80_xmma_gemm_f16f16_f16f32_f32_nn_n_tilesize64x128x32_stage5_warpsize2x2x1_tensor16x8x16_aligna2_alignc2
345,__myl_MulMinMaxRouCas_myl0_345,kgen,inputs=Half|outputs=Int8,16x1x128,16x1x128,__myl_MulMinMaxRouCas_0x472744a06bd7fd057961674c77025970
346,__myl_FcCasAdd_myl0_346,fusion,inputs=Half;Int8;Int8|outputs=Half,1x1x1024;1x1x2048;1x2048x1024,1x1x1024,sm80_xmma_gemm_i8f32_i8i32_f32_tn_n_tilesize32x64x64_stage6_warpsize2x2x1_tensor16x8x32_by_fusion_tactic
347,__myl_MulMeaAddSqrDivMulMulMulMinMaxRouCas_myl0_347,kgen,inputs=Half;Half;Half;Half|outputs=Int8;Half,1x1x1024;1x1x1024;1x1x1024;1x1x1024,1x1x1024;1x1x1024,__myl_MulMeaAddSqrDivMulMulMulMinMaxRouCas_0xc17a9e1c8880e75049e64b4f3bf21f16
348,/up_proj_13/MatMul_myl0_348,gemm,inputs=Half;Half;Float;Float|outputs=Half,1x1x1024;1x1024x3072;1;1,1x1x3072,sm80_xmma_gemm_f16f16_f16f16_f16_tn_n_tilesize32x32x64_stage6_warpsize2x2x1_tensor16x8x16
349,__myl_FcCasNegExpAddDivMulMul_myl0_349,fusion,inputs=Half;Int8;Int8|outputs=Half,1x1x3072;1x1x1024;1x1024x3072,1x1x3072,sm80_xmma_gemm_i8i8_i8i32_f32_tn_n_tilesize32x64x64_stage6_warpsize2x2x1_tensor16x8x32_by_fusion_tactic
350,__myl_FcAdd_myl0_350,fusion,inputs=Half;Half;Half|outputs=Half,1x1x1024;1x1x3072;1x3072x1024,1x1x1024,sm80_xmma_gemm_f16f16_f16f16_f16_nn_n_tilesize64x128x32_stage5_warpsize2x2x1_tensor16x8x16_by_fusion_tactic
351,__myl_MulMeaAddSqrDivMulDivMinMaxRouCasDivMinMaxRouCasDivMinMaxRouCas_myl0_351,kgen,inputs=Half;Half;Half;Half;Half;Half|outputs=Int8;Int8;Int8,1x1x1024;1x1x1024;1x1x1024;1x1x1024;1x1x1024;1x1x1024,1x1x1024;1x1x1024;1x1x1024,__myl_MulMeaAddSqrDivMulDivMinMaxRouCasDivMinMaxRouCasDivMinMaxRouCas_0x9f2c300bb597625319cadec4728f9bc5
352,__mye677048_myl0_352,signal,inputs=NONE|outputs=NONE,NONE,NONE,UNKNOWN
353,__mye677050_myl0_353,wait,inputs=NONE|outputs=NONE,NONE,NONE,UNKNOWN
354,__myl_FcCas_myl0_354,fusion,inputs=Int8;Int8|outputs=Half,1x1x1024;1x1024x1024,1x1x1024,sm80_xmma_gemm_i8f32_i8i32_f32_tn_n_tilesize32x64x64_stage6_warpsize2x2x1_tensor16x8x32_by_fusion_tactic
355,__myl_ResConResRep_myl0_355,kgen,inputs=Half;Half;Int64;Int64;Int64;Int64;Int64;Int64;Int64;Int64;Int64;Int64;Int64;Int64;Int64;Int64|outputs=Half;Half,1x8x-1x128;1x1x1024;1;1;1;1;1;1;1;1;1;1;1;1;1;1,1x8x-1x128;1x8x2x-1x128,__myl_ResConResRep_0x9d40828c020eb6bb972be950c35191c1
356,__mye677058_myl0_356,signal,inputs=NONE|outputs=NONE,NONE,NONE,UNKNOWN
357,__mye677052_myl0_357,wait,inputs=NONE|outputs=NONE,NONE,NONE,UNKNOWN
358,__myl_FcCas_myl0_358,fusion,inputs=Int8;Int8|outputs=Half,1x1x1024;1x1024x1024,1x1x1024,sm80_xmma_gemm_i8f32_i8i32_f32_tn_n_tilesize32x64x64_stage6_warpsize2x2x1_tensor16x8x32_by_fusion_tactic
359,__myl_ResMulMea_myl0_359,kgen,inputs=Half|outputs=Half;Half,1x1x1024,1x1x8x1;1x1x8x128,__myl_ResMulMea_0x3c91498c3beee36a5653966af1581a8a
360,__myl_AddSqrDivMulMulResSliSliNegConMulMulAddConResRepResTra_myl0_360,kgen,inputs=Half;Half;Half;Half;Half;Half;Int64;Int64;Int64;Int64;Int64;Int64;Int64;Int64;Int64;Int64;Int64;Int64;Int64;Int64;Int64;Int64;Int64;Int64|outputs=Half;Half,1x8x-1x128;1x1x1x128;1x1x1x128;1x1x1x128;1x1x8x128;1x1x8x1;1;1;1;1;1;1;1;1;1;1;1;1;1;1;1;1;1;1,1x8x-1x128;1x16x128x-1,__myl_AddSqrDivMulMulResSliSliNegConMulMulAddConResRepResTra_0x5aea462b6a819ceadd3ebb32874c078f
361,__mye677054_myl0_361,signal,inputs=NONE|outputs=NONE,NONE,NONE,UNKNOWN
362,__myl_FcCas_myl0_362,fusion,inputs=Int8;Int8|outputs=Half,1x1x1024;1x1024x2048,1x1x2048,sm80_xmma_gemm_i8f32_i8i32_f32_tn_n_tilesize32x64x64_stage6_warpsize2x2x1_tensor16x8x32_by_fusion_tactic
363,__myl_ResMulMea_myl0_363,kgen,inputs=Half|outputs=Half;Half,1x1x2048,1x1x16x1;1x1x16x128,__myl_ResMulMea_0xf2413012cd9ac6341b95d78f3432c656
364,__myl_AddSqrDivMulMulResSliSliNegConMulMulAdd_myl0_364,kgen,inputs=Half;Half;Half;Half;Half|outputs=Half,1x1x1x128;1x1x1x128;1x1x1x128;1x1x16x128;1x1x16x1,1x16x1x128,__myl_AddSqrDivMulMulResSliSliNegConMulMulAdd_0xf1ba08cc3beaba8ee91b0504be9c2cf4
365,__mye677056_myl0_365,wait,inputs=NONE|outputs=NONE,NONE,NONE,UNKNOWN
366,/MatMul_28_myl0_366,gemm,inputs=Half;Half;Float;Float|outputs=Half,16x1x128;16x128x-1;1;1,16x1x-1,sm80_xmma_gemm_f16f16_f16f32_f32_nn_n_tilesize32x32x64_stage6_warpsize2x2x1_tensor16x8x16_aligna2_alignc2
367,__myl_MulMaxSubExpSumDivMul_myl0_367,kgen,inputs=Half;Int64;Int64|outputs=Half,1x16x1x-1;1;1,1x16x1x-1,__myl_MulMaxSubExpSumDivMul_0x1108f5a078d6e65507c06537b9b2e43f
368,__mye677060_myl0_368,wait,inputs=NONE|outputs=NONE,NONE,NONE,UNKNOWN
369,/MatMul_29_myl0_369,gemm,inputs=Half;Half;Float;Float|outputs=Half,16x1x-1;16x-1x128;1;1,16x1x128,sm80_xmma_gemm_f16f16_f16f32_f32_nn_n_tilesize64x128x32_stage5_warpsize2x2x1_tensor16x8x16_aligna2_alignc2
370,__myl_FcAdd_myl0_370,fusion,inputs=Half;Half;Half|outputs=Half,1x1x1024;1x1x2048;1x2048x1024,1x1x1024,sm80_xmma_gemm_f16f16_f16f16_f16_tn_n_tilesize32x32x64_stage6_warpsize2x2x1_tensor16x8x16_by_fusion_tactic
371,__myl_MulMeaAddSqrDivMulMulMulMinMaxRouCas_myl0_371,kgen,inputs=Half;Half;Half;Half|outputs=Int8;Half,1x1x1024;1x1x1024;1x1x1024;1x1x1024,1x1x1024;1x1x1024,__myl_MulMeaAddSqrDivMulMulMulMinMaxRouCas_0xf2d64d0cef819045fc9d252a6b31181b
372,/up_proj_14/MatMul_myl0_372,gemm,inputs=Half;Half;Float;Float|outputs=Half,1x1x1024;1x1024x3072;1;1,1x1x3072,sm80_xmma_gemm_f16f16_f16f32_f32_tn_n_tilesize32x32x64_stage6_warpsize2x2x1_tensor16x8x16
373,__myl_FcCasNegExpAddDivMulMul_myl0_373,fusion,inputs=Half;Int8;Int8|outputs=Half,1x1x3072;1x1x1024;1x1024x3072,1x1x3072,sm80_xmma_gemm_i8i8_i8i32_f32_tn_n_tilesize32x64x64_stage6_warpsize2x2x1_tensor16x8x32_by_fusion_tactic
374,__myl_FcAdd_myl0_374,fusion,inputs=Half;Half;Half|outputs=Half,1x1x1024;1x1x3072;1x3072x1024,1x1x1024,sm80_xmma_gemm_f16f16_f16f16_f16_nn_n_tilesize64x128x32_stage5_warpsize2x2x1_tensor16x8x16_by_fusion_tactic
375,__myl_MulMeaAddSqrDivMulDivMinMaxRouCasDivMinMaxRouCasDivMinMaxRouCas_myl0_375,kgen,inputs=Half;Half;Half;Half;Half;Half|outputs=Int8;Int8;Int8,1x1x1024;1x1x1024;1x1x1024;1x1x1024;1x1x1024;1x1x1024,1x1x1024;1x1x1024;1x1x1024,__myl_MulMeaAddSqrDivMulDivMinMaxRouCasDivMinMaxRouCasDivMinMaxRouCas_0x9f2c300bb597625319cadec4728f9bc5
376,__mye677062_myl0_376,signal,inputs=NONE|outputs=NONE,NONE,NONE,UNKNOWN
377,__mye677064_myl0_377,wait,inputs=NONE|outputs=NONE,NONE,NONE,UNKNOWN
378,__myl_FcCas_myl0_378,fusion,inputs=Int8;Int8|outputs=Half,1x1x1024;1x1024x1024,1x1x1024,sm80_xmma_gemm_i8f32_i8i32_f32_tn_n_tilesize32x64x64_stage6_warpsize2x2x1_tensor16x8x32_by_fusion_tactic
379,__myl_ResConResRep_myl0_379,kgen,inputs=Half;Half;Int64;Int64;Int64;Int64;Int64;Int64;Int64;Int64;Int64;Int64;Int64;Int64;Int64;Int64|outputs=Half;Half,1x8x-1x128;1x1x1024;1;1;1;1;1;1;1;1;1;1;1;1;1;1,1x8x-1x128;1x8x2x-1x128,__myl_ResConResRep_0x9d40828c020eb6bb972be950c35191c1
380,__mye677072_myl0_380,signal,inputs=NONE|outputs=NONE,NONE,NONE,UNKNOWN
381,__mye677066_myl0_381,wait,inputs=NONE|outputs=NONE,NONE,NONE,UNKNOWN
382,__myl_FcCas_myl0_382,fusion,inputs=Int8;Int8|outputs=Half,1x1x1024;1x1024x1024,1x1x1024,sm80_xmma_gemm_i8f32_i8i32_f32_tn_n_tilesize32x64x64_stage6_warpsize2x2x1_tensor16x8x32_by_fusion_tactic
383,__myl_ResMulMea_myl0_383,kgen,inputs=Half|outputs=Half;Half,1x1x1024,1x1x8x1;1x1x8x128,__myl_ResMulMea_0x3c91498c3beee36a5653966af1581a8a
384,__myl_AddSqrDivMulMulResSliSliNegConMulMulAddConResRepResTra_myl0_384,kgen,inputs=Half;Half;Half;Half;Half;Half;Int64;Int64;Int64;Int64;Int64;Int64;Int64;Int64;Int64;Int64;Int64;Int64;Int64;Int64;Int64;Int64;Int64;Int64|outputs=Half;Half,1x8x-1x128;1x1x1x128;1x1x1x128;1x1x1x128;1x1x8x128;1x1x8x1;1;1;1;1;1;1;1;1;1;1;1;1;1;1;1;1;1;1,1x8x-1x128;1x16x128x-1,__myl_AddSqrDivMulMulResSliSliNegConMulMulAddConResRepResTra_0x5aea462b6a819ceadd3ebb32874c078f
385,__mye677068_myl0_385,signal,inputs=NONE|outputs=NONE,NONE,NONE,UNKNOWN
386,__myl_FcCas_myl0_386,fusion,inputs=Int8;Int8|outputs=Half,1x1x1024;1x1024x2048,1x1x2048,sm80_xmma_gemm_i8f32_i8i32_f32_tn_n_tilesize32x64x64_stage6_warpsize2x2x1_tensor16x8x32_by_fusion_tactic
387,__myl_ResMulMea_myl0_387,kgen,inputs=Half|outputs=Half;Half,1x1x2048,1x1x16x1;1x1x16x128,__myl_ResMulMea_0xf2413012cd9ac6341b95d78f3432c656
388,__myl_AddSqrDivMulMulResSliSliNegConMulMulAdd_myl0_388,kgen,inputs=Half;Half;Half;Half;Half|outputs=Half,1x1x1x128;1x1x1x128;1x1x1x128;1x1x16x128;1x1x16x1,1x16x1x128,__myl_AddSqrDivMulMulResSliSliNegConMulMulAdd_0xf1ba08cc3beaba8ee91b0504be9c2cf4
389,__mye677070_myl0_389,wait,inputs=NONE|outputs=NONE,NONE,NONE,UNKNOWN
390,/MatMul_30_myl0_390,gemm,inputs=Half;Half;Float;Float|outputs=Half,16x1x128;16x128x-1;1;1,16x1x-1,sm80_xmma_gemm_f16f16_f16f32_f32_nn_n_tilesize32x32x64_stage6_warpsize2x2x1_tensor16x8x16_aligna2_alignc2
391,__myl_MulMaxSubExpSumDivMul_myl0_391,kgen,inputs=Half;Int64;Int64|outputs=Half,1x16x1x-1;1;1,1x16x1x-1,__myl_MulMaxSubExpSumDivMul_0x1108f5a078d6e65507c06537b9b2e43f
392,__mye677074_myl0_392,wait,inputs=NONE|outputs=NONE,NONE,NONE,UNKNOWN
393,/MatMul_31_myl0_393,gemm,inputs=Half;Half;Float;Float|outputs=Half,16x1x-1;16x-1x128;1;1,16x1x128,sm80_xmma_gemm_f16f16_f16f32_f32_nn_n_tilesize64x128x32_stage5_warpsize2x2x1_tensor16x8x16_aligna2_alignc2
394,__myl_MulMinMaxRouCas_myl0_394,kgen,inputs=Half|outputs=Int8,16x1x128,16x1x128,__myl_MulMinMaxRouCas_0x5d22e06f0128b92bf02f50e9b05f0125
395,__myl_FcCasAdd_myl0_395,fusion,inputs=Half;Int8;Int8|outputs=Half,1x1x1024;1x1x2048;1x2048x1024,1x1x1024,sm80_xmma_gemm_i8f32_i8i32_f32_tn_n_tilesize32x64x64_stage6_warpsize2x2x1_tensor16x8x32_by_fusion_tactic
396,__myl_MulMeaAddSqrDivMulMulMulMinMaxRouCas_myl0_396,kgen,inputs=Half;Half;Half;Half|outputs=Int8;Half,1x1x1024;1x1x1024;1x1x1024;1x1x1024,1x1x1024;1x1x1024,__myl_MulMeaAddSqrDivMulMulMulMinMaxRouCas_0xb633f57e2e22833f593c4f215c79f20a
397,/up_proj_15/MatMul_myl0_397,gemm,inputs=Half;Half;Float;Float|outputs=Half,1x1x1024;1x1024x3072;1;1,1x1x3072,sm80_xmma_gemm_f16f16_f16f16_f16_tn_n_tilesize32x32x64_stage6_warpsize2x2x1_tensor16x8x16
398,__myl_FcCasNegExpAddDivMulMul_myl0_398,fusion,inputs=Half;Int8;Int8|outputs=Half,1x1x3072;1x1x1024;1x1024x3072,1x1x3072,sm80_xmma_gemm_i8i8_i8i32_f32_tn_n_tilesize32x64x64_stage6_warpsize2x2x1_tensor16x8x32_by_fusion_tactic
399,__myl_FcAdd_myl0_399,fusion,inputs=Half;Half;Half|outputs=Half,1x1x1024;1x1x3072;1x3072x1024,1x1x1024,sm80_xmma_gemm_f16f16_f16f16_f16_nn_n_tilesize64x128x32_stage5_warpsize2x2x1_tensor16x8x16_by_fusion_tactic
400,__myl_MulMeaAddSqrDivMulDivMinMaxRouCasDivMinMaxRouCasDivMinMaxRouCas_myl0_400,kgen,inputs=Half;Half;Half;Half;Half;Half|outputs=Int8;Int8;Int8,1x1x1024;1x1x1024;1x1x1024;1x1x1024;1x1x1024;1x1x1024,1x1x1024;1x1x1024;1x1x1024,__myl_MulMeaAddSqrDivMulDivMinMaxRouCasDivMinMaxRouCasDivMinMaxRouCas_0x9f2c300bb597625319cadec4728f9bc5
401,__mye677076_myl0_401,signal,inputs=NONE|outputs=NONE,NONE,NONE,UNKNOWN
402,__mye677078_myl0_402,wait,inputs=NONE|outputs=NONE,NONE,NONE,UNKNOWN
403,__myl_FcCas_myl0_403,fusion,inputs=Int8;Int8|outputs=Half,1x1x1024;1x1024x1024,1x1x1024,sm80_xmma_gemm_i8f32_i8i32_f32_tn_n_tilesize32x64x64_stage6_warpsize2x2x1_tensor16x8x32_by_fusion_tactic
404,__myl_ResConResRep_myl0_404,kgen,inputs=Half;Half;Int64;Int64;Int64;Int64;Int64;Int64;Int64;Int64;Int64;Int64;Int64;Int64;Int64;Int64|outputs=Half;Half,1x8x-1x128;1x1x1024;1;1;1;1;1;1;1;1;1;1;1;1;1;1,1x8x-1x128;1x8x2x-1x128,__myl_ResConResRep_0x9d40828c020eb6bb972be950c35191c1
405,__mye677086_myl0_405,signal,inputs=NONE|outputs=NONE,NONE,NONE,UNKNOWN
406,__mye677080_myl0_406,wait,inputs=NONE|outputs=NONE,NONE,NONE,UNKNOWN
407,__myl_FcCas_myl0_407,fusion,inputs=Int8;Int8|outputs=Half,1x1x1024;1x1024x1024,1x1x1024,sm80_xmma_gemm_i8f32_i8i32_f32_tn_n_tilesize32x64x64_stage6_warpsize2x2x1_tensor16x8x32_by_fusion_tactic
408,__myl_ResMulMea_myl0_408,kgen,inputs=Half|outputs=Half;Half,1x1x1024,1x1x8x1;1x1x8x128,__myl_ResMulMea_0x3c91498c3beee36a5653966af1581a8a
409,__myl_AddSqrDivMulMulResSliSliNegConMulMulAddConResRepResTra_myl0_409,kgen,inputs=Half;Half;Half;Half;Half;Half;Int64;Int64;Int64;Int64;Int64;Int64;Int64;Int64;Int64;Int64;Int64;Int64;Int64;Int64;Int64;Int64;Int64;Int64|outputs=Half;Half,1x8x-1x128;1x1x1x128;1x1x1x128;1x1x1x128;1x1x8x128;1x1x8x1;1;1;1;1;1;1;1;1;1;1;1;1;1;1;1;1;1;1,1x8x-1x128;1x16x128x-1,__myl_AddSqrDivMulMulResSliSliNegConMulMulAddConResRepResTra_0x5aea462b6a819ceadd3ebb32874c078f
410,__mye677082_myl0_410,signal,inputs=NONE|outputs=NONE,NONE,NONE,UNKNOWN
411,__myl_FcCas_myl0_411,fusion,inputs=Int8;Int8|outputs=Half,1x1x1024;1x1024x2048,1x1x2048,sm80_xmma_gemm_i8f32_i8i32_f32_tn_n_tilesize32x64x64_stage6_warpsize2x2x1_tensor16x8x32_by_fusion_tactic
412,__myl_ResMulMea_myl0_412,kgen,inputs=Half|outputs=Half;Half,1x1x2048,1x1x16x1;1x1x16x128,__myl_ResMulMea_0xf2413012cd9ac6341b95d78f3432c656
413,__myl_AddSqrDivMulMulResSliSliNegConMulMulAdd_myl0_413,kgen,inputs=Half;Half;Half;Half;Half|outputs=Half,1x1x1x128;1x1x1x128;1x1x1x128;1x1x16x128;1x1x16x1,1x16x1x128,__myl_AddSqrDivMulMulResSliSliNegConMulMulAdd_0xf1ba08cc3beaba8ee91b0504be9c2cf4
414,__mye677084_myl0_414,wait,inputs=NONE|outputs=NONE,NONE,NONE,UNKNOWN
415,/MatMul_32_myl0_415,gemm,inputs=Half;Half;Float;Float|outputs=Half,16x1x128;16x128x-1;1;1,16x1x-1,sm80_xmma_gemm_f16f16_f16f32_f32_nn_n_tilesize32x32x64_stage6_warpsize2x2x1_tensor16x8x16_aligna2_alignc2
416,__myl_MulMaxSubExpSumDivMul_myl0_416,kgen,inputs=Half;Int64;Int64|outputs=Half,1x16x1x-1;1;1,1x16x1x-1,__myl_MulMaxSubExpSumDivMul_0x1108f5a078d6e65507c06537b9b2e43f
417,__mye677088_myl0_417,wait,inputs=NONE|outputs=NONE,NONE,NONE,UNKNOWN
418,/MatMul_33_myl0_418,gemm,inputs=Half;Half;Float;Float|outputs=Half,16x1x-1;16x-1x128;1;1,16x1x128,sm80_xmma_gemm_f16f16_f16f32_f32_nn_n_tilesize64x128x32_stage5_warpsize2x2x1_tensor16x8x16_aligna2_alignc2
419,__myl_MulMinMaxRouCas_myl0_419,kgen,inputs=Half|outputs=Int8,16x1x128,16x1x128,__myl_MulMinMaxRouCas_0xca1e8a983af10962a50c67e0fecf3bd1
420,__myl_FcCasAdd_myl0_420,fusion,inputs=Half;Int8;Int8|outputs=Half,1x1x1024;1x1x2048;1x2048x1024,1x1x1024,sm80_xmma_gemm_i8f32_i8i32_f32_tn_n_tilesize32x64x64_stage6_warpsize2x2x1_tensor16x8x32_by_fusion_tactic
421,__myl_MulMeaAddSqrDivMulMulMulMinMaxRouCas_myl0_421,kgen,inputs=Half;Half;Half;Half|outputs=Int8;Half,1x1x1024;1x1x1024;1x1x1024;1x1x1024,1x1x1024;1x1x1024,__myl_MulMeaAddSqrDivMulMulMulMinMaxRouCas_0x9b99130746ee47ec2d15b111319f425e
422,/up_proj_16/MatMul_myl0_422,gemm,inputs=Half;Half;Float;Float|outputs=Half,1x1x1024;1x1024x3072;1;1,1x1x3072,sm80_xmma_gemm_f16f16_f16f16_f16_tn_n_tilesize32x32x64_stage6_warpsize2x2x1_tensor16x8x16
423,__myl_FcCasNegExpAddDivMulMul_myl0_423,fusion,inputs=Half;Int8;Int8|outputs=Half,1x1x3072;1x1x1024;1x1024x3072,1x1x3072,sm80_xmma_gemm_i8i8_i8i32_f32_tn_n_tilesize32x64x64_stage6_warpsize2x2x1_tensor16x8x32_by_fusion_tactic
424,__myl_FcAdd_myl0_424,fusion,inputs=Half;Half;Half|outputs=Half,1x1x1024;1x1x3072;1x3072x1024,1x1x1024,sm80_xmma_gemm_f16f16_f16f16_f16_nn_n_tilesize64x128x32_stage5_warpsize2x2x1_tensor16x8x16_by_fusion_tactic
425,__myl_MulMeaAddSqrDivMulDivMinMaxRouCasDivMinMaxRouCasDivMinMaxRouCas_myl0_425,kgen,inputs=Half;Half;Half;Half;Half;Half|outputs=Int8;Int8;Int8,1x1x1024;1x1x1024;1x1x1024;1x1x1024;1x1x1024;1x1x1024,1x1x1024;1x1x1024;1x1x1024,__myl_MulMeaAddSqrDivMulDivMinMaxRouCasDivMinMaxRouCasDivMinMaxRouCas_0x9f2c300bb597625319cadec4728f9bc5
426,__mye677090_myl0_426,signal,inputs=NONE|outputs=NONE,NONE,NONE,UNKNOWN
427,__mye677092_myl0_427,wait,inputs=NONE|outputs=NONE,NONE,NONE,UNKNOWN
428,__myl_FcCas_myl0_428,fusion,inputs=Int8;Int8|outputs=Half,1x1x1024;1x1024x1024,1x1x1024,sm80_xmma_gemm_i8f32_i8i32_f32_tn_n_tilesize32x64x64_stage6_warpsize2x2x1_tensor16x8x32_by_fusion_tactic
429,__myl_ResConResRep_myl0_429,kgen,inputs=Half;Half;Int64;Int64;Int64;Int64;Int64;Int64;Int64;Int64;Int64;Int64;Int64;Int64;Int64;Int64|outputs=Half;Half,1x8x-1x128;1x1x1024;1;1;1;1;1;1;1;1;1;1;1;1;1;1,1x8x-1x128;1x8x2x-1x128,__myl_ResConResRep_0x9d40828c020eb6bb972be950c35191c1
430,__mye677100_myl0_430,signal,inputs=NONE|outputs=NONE,NONE,NONE,UNKNOWN
431,__mye677094_myl0_431,wait,inputs=NONE|outputs=NONE,NONE,NONE,UNKNOWN
432,__myl_FcCas_myl0_432,fusion,inputs=Int8;Int8|outputs=Half,1x1x1024;1x1024x1024,1x1x1024,sm80_xmma_gemm_i8f32_i8i32_f32_tn_n_tilesize32x64x64_stage6_warpsize2x2x1_tensor16x8x32_by_fusion_tactic
433,__myl_ResMulMea_myl0_433,kgen,inputs=Half|outputs=Half;Half,1x1x1024,1x1x8x1;1x1x8x128,__myl_ResMulMea_0x3c91498c3beee36a5653966af1581a8a
434,__myl_AddSqrDivMulMulResSliSliNegConMulMulAddConResRepResTra_myl0_434,kgen,inputs=Half;Half;Half;Half;Half;Half;Int64;Int64;Int64;Int64;Int64;Int64;Int64;Int64;Int64;Int64;Int64;Int64;Int64;Int64;Int64;Int64;Int64;Int64|outputs=Half;Half,1x8x-1x128;1x1x1x128;1x1x1x128;1x1x1x128;1x1x8x128;1x1x8x1;1;1;1;1;1;1;1;1;1;1;1;1;1;1;1;1;1;1,1x8x-1x128;1x16x128x-1,__myl_AddSqrDivMulMulResSliSliNegConMulMulAddConResRepResTra_0x5aea462b6a819ceadd3ebb32874c078f
435,__mye677096_myl0_435,signal,inputs=NONE|outputs=NONE,NONE,NONE,UNKNOWN
436,__myl_FcCas_myl0_436,fusion,inputs=Int8;Int8|outputs=Half,1x1x1024;1x1024x2048,1x1x2048,sm80_xmma_gemm_i8f32_i8i32_f32_tn_n_tilesize32x64x64_stage6_warpsize2x2x1_tensor16x8x32_by_fusion_tactic
437,__myl_ResMulMea_myl0_437,kgen,inputs=Half|outputs=Half;Half,1x1x2048,1x1x16x1;1x1x16x128,__myl_ResMulMea_0xf2413012cd9ac6341b95d78f3432c656
438,__myl_AddSqrDivMulMulResSliSliNegConMulMulAdd_myl0_438,kgen,inputs=Half;Half;Half;Half;Half|outputs=Half,1x1x1x128;1x1x1x128;1x1x1x128;1x1x16x128;1x1x16x1,1x16x1x128,__myl_AddSqrDivMulMulResSliSliNegConMulMulAdd_0xf1ba08cc3beaba8ee91b0504be9c2cf4
439,__mye677098_myl0_439,wait,inputs=NONE|outputs=NONE,NONE,NONE,UNKNOWN
440,/MatMul_34_myl0_440,gemm,inputs=Half;Half;Float;Float|outputs=Half,16x1x128;16x128x-1;1;1,16x1x-1,sm80_xmma_gemm_f16f16_f16f32_f32_nn_n_tilesize32x32x64_stage6_warpsize2x2x1_tensor16x8x16_aligna2_alignc2
441,__myl_MulMaxSubExpSumDivMul_myl0_441,kgen,inputs=Half;Int64;Int64|outputs=Half,1x16x1x-1;1;1,1x16x1x-1,__myl_MulMaxSubExpSumDivMul_0x1108f5a078d6e65507c06537b9b2e43f
442,__mye677102_myl0_442,wait,inputs=NONE|outputs=NONE,NONE,NONE,UNKNOWN
443,/MatMul_35_myl0_443,gemm,inputs=Half;Half;Float;Float|outputs=Half,16x1x-1;16x-1x128;1;1,16x1x128,sm80_xmma_gemm_f16f16_f16f32_f32_nn_n_tilesize64x128x32_stage5_warpsize2x2x1_tensor16x8x16_aligna2_alignc2
444,__myl_MulMinMaxRouCas_myl0_444,kgen,inputs=Half|outputs=Int8,16x1x128,16x1x128,__myl_MulMinMaxRouCas_0x46757e257e41ef1fb92716579e35a0d1
445,__myl_FcCasAdd_myl0_445,fusion,inputs=Half;Int8;Int8|outputs=Half,1x1x1024;1x1x2048;1x2048x1024,1x1x1024,sm80_xmma_gemm_i8f32_i8i32_f32_tn_n_tilesize32x64x64_stage6_warpsize2x2x1_tensor16x8x32_by_fusion_tactic
446,__myl_MulMeaAddSqrDivMulMulMulMinMaxRouCas_myl0_446,kgen,inputs=Half;Half;Half;Half|outputs=Int8;Half,1x1x1024;1x1x1024;1x1x1024;1x1x1024,1x1x1024;1x1x1024,__myl_MulMeaAddSqrDivMulMulMulMinMaxRouCas_0x4119fc4c6529add99aa14081dbc16ecb
447,/up_proj_17/MatMul_myl0_447,gemm,inputs=Half;Half;Float;Float|outputs=Half,1x1x1024;1x1024x3072;1;1,1x1x3072,sm80_xmma_gemm_f16f16_f16f16_f16_tn_n_tilesize32x32x64_stage6_warpsize2x2x1_tensor16x8x16
448,__myl_FcCasNegExpAddDivMulMul_myl0_448,fusion,inputs=Half;Int8;Int8|outputs=Half,1x1x3072;1x1x1024;1x1024x3072,1x1x3072,sm80_xmma_gemm_i8i8_i8i32_f32_tn_n_tilesize32x64x64_stage6_warpsize2x2x1_tensor16x8x32_by_fusion_tactic
449,__myl_FcAdd_myl0_449,fusion,inputs=Half;Half;Half|outputs=Half,1x1x1024;1x1x3072;1x3072x1024,1x1x1024,sm80_xmma_gemm_f16f16_f16f16_f16_nn_n_tilesize64x128x32_stage5_warpsize2x2x1_tensor16x8x16_by_fusion_tactic
450,__myl_MulMeaAddSqrDivMulDivMinMaxRouCasDivMinMaxRouCasDivMinMaxRouCas_myl0_450,kgen,inputs=Half;Half;Half;Half;Half;Half|outputs=Int8;Int8;Int8,1x1x1024;1x1x1024;1x1x1024;1x1x1024;1x1x1024;1x1x1024,1x1x1024;1x1x1024;1x1x1024,__myl_MulMeaAddSqrDivMulDivMinMaxRouCasDivMinMaxRouCasDivMinMaxRouCas_0x9f2c300bb597625319cadec4728f9bc5
451,__mye677104_myl0_451,signal,inputs=NONE|outputs=NONE,NONE,NONE,UNKNOWN
452,__mye677106_myl0_452,wait,inputs=NONE|outputs=NONE,NONE,NONE,UNKNOWN
453,__myl_FcCas_myl0_453,fusion,inputs=Int8;Int8|outputs=Half,1x1x1024;1x1024x1024,1x1x1024,sm80_xmma_gemm_i8f32_i8i32_f32_tn_n_tilesize32x64x64_stage6_warpsize2x2x1_tensor16x8x32_by_fusion_tactic
454,__myl_ResConResRep_myl0_454,kgen,inputs=Half;Half;Int64;Int64;Int64;Int64;Int64;Int64;Int64;Int64;Int64;Int64;Int64;Int64;Int64;Int64|outputs=Half;Half,1x8x-1x128;1x1x1024;1;1;1;1;1;1;1;1;1;1;1;1;1;1,1x8x-1x128;1x8x2x-1x128,__myl_ResConResRep_0x9d40828c020eb6bb972be950c35191c1
455,__mye677114_myl0_455,signal,inputs=NONE|outputs=NONE,NONE,NONE,UNKNOWN
456,__mye677108_myl0_456,wait,inputs=NONE|outputs=NONE,NONE,NONE,UNKNOWN
457,__myl_FcCas_myl0_457,fusion,inputs=Int8;Int8|outputs=Half,1x1x1024;1x1024x1024,1x1x1024,sm80_xmma_gemm_i8f32_i8i32_f32_tn_n_tilesize32x64x64_stage6_warpsize2x2x1_tensor16x8x32_by_fusion_tactic
458,__myl_ResMulMea_myl0_458,kgen,inputs=Half|outputs=Half;Half,1x1x1024,1x1x8x1;1x1x8x128,__myl_ResMulMea_0x3c91498c3beee36a5653966af1581a8a
459,__myl_AddSqrDivMulMulResSliSliNegConMulMulAddConResRepResTra_myl0_459,kgen,inputs=Half;Half;Half;Half;Half;Half;Int64;Int64;Int64;Int64;Int64;Int64;Int64;Int64;Int64;Int64;Int64;Int64;Int64;Int64;Int64;Int64;Int64;Int64|outputs=Half;Half,1x8x-1x128;1x1x1x128;1x1x1x128;1x1x1x128;1x1x8x128;1x1x8x1;1;1;1;1;1;1;1;1;1;1;1;1;1;1;1;1;1;1,1x8x-1x128;1x16x128x-1,__myl_AddSqrDivMulMulResSliSliNegConMulMulAddConResRepResTra_0x5aea462b6a819ceadd3ebb32874c078f
460,__mye677110_myl0_460,signal,inputs=NONE|outputs=NONE,NONE,NONE,UNKNOWN
461,__myl_FcCas_myl0_461,fusion,inputs=Int8;Int8|outputs=Half,1x1x1024;1x1024x2048,1x1x2048,sm80_xmma_gemm_i8f32_i8i32_f32_tn_n_tilesize32x64x64_stage6_warpsize2x2x1_tensor16x8x32_by_fusion_tactic
462,__myl_ResMulMea_myl0_462,kgen,inputs=Half|outputs=Half;Half,1x1x2048,1x1x16x1;1x1x16x128,__myl_ResMulMea_0xf2413012cd9ac6341b95d78f3432c656
463,__myl_AddSqrDivMulMulResSliSliNegConMulMulAdd_myl0_463,kgen,inputs=Half;Half;Half;Half;Half|outputs=Half,1x1x1x128;1x1x1x128;1x1x1x128;1x1x16x128;1x1x16x1,1x16x1x128,__myl_AddSqrDivMulMulResSliSliNegConMulMulAdd_0xf1ba08cc3beaba8ee91b0504be9c2cf4
464,__mye677112_myl0_464,wait,inputs=NONE|outputs=NONE,NONE,NONE,UNKNOWN
465,/MatMul_36_myl0_465,gemm,inputs=Half;Half;Float;Float|outputs=Half,16x1x128;16x128x-1;1;1,16x1x-1,sm80_xmma_gemm_f16f16_f16f32_f32_nn_n_tilesize32x32x64_stage6_warpsize2x2x1_tensor16x8x16_aligna2_alignc2
466,__myl_MulMaxSubExpSumDivMul_myl0_466,kgen,inputs=Half;Int64;Int64|outputs=Half,1x16x1x-1;1;1,1x16x1x-1,__myl_MulMaxSubExpSumDivMul_0x1108f5a078d6e65507c06537b9b2e43f
467,__mye677116_myl0_467,wait,inputs=NONE|outputs=NONE,NONE,NONE,UNKNOWN
468,/MatMul_37_myl0_468,gemm,inputs=Half;Half;Float;Float|outputs=Half,16x1x-1;16x-1x128;1;1,16x1x128,sm80_xmma_gemm_f16f16_f16f32_f32_nn_n_tilesize64x128x32_stage5_warpsize2x2x1_tensor16x8x16_aligna2_alignc2
469,__myl_MulMinMaxRouCas_myl0_469,kgen,inputs=Half|outputs=Int8,16x1x128,16x1x128,__myl_MulMinMaxRouCas_0xa01c797cf706031bf4679ec54cf7b88d
470,__myl_FcCasAdd_myl0_470,fusion,inputs=Half;Int8;Int8|outputs=Half,1x1x1024;1x1x2048;1x2048x1024,1x1x1024,sm80_xmma_gemm_i8f32_i8i32_f32_tn_n_tilesize32x64x64_stage6_warpsize2x2x1_tensor16x8x32_by_fusion_tactic
471,__myl_MulMeaAddSqrDivMulMulMulMinMaxRouCas_myl0_471,kgen,inputs=Half;Half;Half;Half|outputs=Int8;Half,1x1x1024;1x1x1024;1x1x1024;1x1x1024,1x1x1024;1x1x1024,__myl_MulMeaAddSqrDivMulMulMulMinMaxRouCas_0xe944abd3db8709490013ec56e805a4c9
472,/up_proj_18/MatMul_myl0_472,gemm,inputs=Half;Half;Float;Float|outputs=Half,1x1x1024;1x1024x3072;1;1,1x1x3072,sm80_xmma_gemm_f16f16_f16f16_f16_tn_n_tilesize32x32x64_stage6_warpsize2x2x1_tensor16x8x16
473,__myl_FcCasNegExpAddDivMulMul_myl0_473,fusion,inputs=Half;Int8;Int8|outputs=Half,1x1x3072;1x1x1024;1x1024x3072,1x1x3072,sm80_xmma_gemm_i8i8_i8i32_f32_tn_n_tilesize32x64x64_stage6_warpsize2x2x1_tensor16x8x32_by_fusion_tactic
474,__myl_FcAdd_myl0_474,fusion,inputs=Half;Half;Half|outputs=Half,1x1x1024;1x1x3072;1x3072x1024,1x1x1024,sm80_xmma_gemm_f16f16_f16f16_f16_nn_n_tilesize64x128x32_stage5_warpsize2x2x1_tensor16x8x16_by_fusion_tactic
475,__myl_MulMeaAddSqrDivMulDivMinMaxRouCasDivMinMaxRouCasDivMinMaxRouCas_myl0_475,kgen,inputs=Half;Half;Half;Half;Half;Half|outputs=Int8;Int8;Int8,1x1x1024;1x1x1024;1x1x1024;1x1x1024;1x1x1024;1x1x1024,1x1x1024;1x1x1024;1x1x1024,__myl_MulMeaAddSqrDivMulDivMinMaxRouCasDivMinMaxRouCasDivMinMaxRouCas_0x9f2c300bb597625319cadec4728f9bc5
476,__mye677118_myl0_476,signal,inputs=NONE|outputs=NONE,NONE,NONE,UNKNOWN
477,__mye677120_myl0_477,wait,inputs=NONE|outputs=NONE,NONE,NONE,UNKNOWN
478,__myl_FcCas_myl0_478,fusion,inputs=Int8;Int8|outputs=Half,1x1x1024;1x1024x1024,1x1x1024,sm80_xmma_gemm_i8f32_i8i32_f32_tn_n_tilesize32x64x64_stage6_warpsize2x2x1_tensor16x8x32_by_fusion_tactic
479,__myl_ResConResRep_myl0_479,kgen,inputs=Half;Half;Int64;Int64;Int64;Int64;Int64;Int64;Int64;Int64;Int64;Int64;Int64;Int64;Int64;Int64|outputs=Half;Half,1x8x-1x128;1x1x1024;1;1;1;1;1;1;1;1;1;1;1;1;1;1,1x8x-1x128;1x8x2x-1x128,__myl_ResConResRep_0x9d40828c020eb6bb972be950c35191c1
480,__mye677128_myl0_480,signal,inputs=NONE|outputs=NONE,NONE,NONE,UNKNOWN
481,__mye677122_myl0_481,wait,inputs=NONE|outputs=NONE,NONE,NONE,UNKNOWN
482,__myl_FcCas_myl0_482,fusion,inputs=Int8;Int8|outputs=Half,1x1x1024;1x1024x1024,1x1x1024,sm80_xmma_gemm_i8f32_i8i32_f32_tn_n_tilesize32x64x64_stage6_warpsize2x2x1_tensor16x8x32_by_fusion_tactic
483,__myl_ResMulMea_myl0_483,kgen,inputs=Half|outputs=Half;Half,1x1x1024,1x1x8x1;1x1x8x128,__myl_ResMulMea_0x3c91498c3beee36a5653966af1581a8a
484,__myl_AddSqrDivMulMulResSliSliNegConMulMulAddConResRepResTra_myl0_484,kgen,inputs=Half;Half;Half;Half;Half;Half;Int64;Int64;Int64;Int64;Int64;Int64;Int64;Int64;Int64;Int64;Int64;Int64;Int64;Int64;Int64;Int64;Int64;Int64|outputs=Half;Half,1x8x-1x128;1x1x1x128;1x1x1x128;1x1x1x128;1x1x8x128;1x1x8x1;1;1;1;1;1;1;1;1;1;1;1;1;1;1;1;1;1;1,1x8x-1x128;1x16x128x-1,__myl_AddSqrDivMulMulResSliSliNegConMulMulAddConResRepResTra_0x5aea462b6a819ceadd3ebb32874c078f
485,__mye677124_myl0_485,signal,inputs=NONE|outputs=NONE,NONE,NONE,UNKNOWN
486,__myl_FcCas_myl0_486,fusion,inputs=Int8;Int8|outputs=Half,1x1x1024;1x1024x2048,1x1x2048,sm80_xmma_gemm_i8f32_i8i32_f32_tn_n_tilesize32x64x64_stage6_warpsize2x2x1_tensor16x8x32_by_fusion_tactic
487,__myl_ResMulMea_myl0_487,kgen,inputs=Half|outputs=Half;Half,1x1x2048,1x1x16x1;1x1x16x128,__myl_ResMulMea_0xf2413012cd9ac6341b95d78f3432c656
488,__myl_AddSqrDivMulMulResSliSliNegConMulMulAdd_myl0_488,kgen,inputs=Half;Half;Half;Half;Half|outputs=Half,1x1x1x128;1x1x1x128;1x1x1x128;1x1x16x128;1x1x16x1,1x16x1x128,__myl_AddSqrDivMulMulResSliSliNegConMulMulAdd_0xf1ba08cc3beaba8ee91b0504be9c2cf4
489,__mye677126_myl0_489,wait,inputs=NONE|outputs=NONE,NONE,NONE,UNKNOWN
490,/MatMul_38_myl0_490,gemm,inputs=Half;Half;Float;Float|outputs=Half,16x1x128;16x128x-1;1;1,16x1x-1,sm80_xmma_gemm_f16f16_f16f32_f32_nn_n_tilesize32x32x64_stage6_warpsize2x2x1_tensor16x8x16_aligna2_alignc2
491,__myl_MulMaxSubExpSumDivMul_myl0_491,kgen,inputs=Half;Int64;Int64|outputs=Half,1x16x1x-1;1;1,1x16x1x-1,__myl_MulMaxSubExpSumDivMul_0x1108f5a078d6e65507c06537b9b2e43f
492,__mye677130_myl0_492,wait,inputs=NONE|outputs=NONE,NONE,NONE,UNKNOWN
493,/MatMul_39_myl0_493,gemm,inputs=Half;Half;Float;Float|outputs=Half,16x1x-1;16x-1x128;1;1,16x1x128,sm80_xmma_gemm_f16f16_f16f32_f32_nn_n_tilesize64x128x32_stage5_warpsize2x2x1_tensor16x8x16_aligna2_alignc2
494,__myl_MulMinMaxRouCas_myl0_494,kgen,inputs=Half|outputs=Int8,16x1x128,16x1x128,__myl_MulMinMaxRouCas_0x0b3337a1cc9120f6d73fd89c494a9e53
495,__myl_FcCasAdd_myl0_495,fusion,inputs=Half;Int8;Int8|outputs=Half,1x1x1024;1x1x2048;1x2048x1024,1x1x1024,sm80_xmma_gemm_i8f32_i8i32_f32_tn_n_tilesize32x64x64_stage6_warpsize2x2x1_tensor16x8x32_by_fusion_tactic
496,__myl_MulMeaAddSqrDivMulMulMulMinMaxRouCas_myl0_496,kgen,inputs=Half;Half;Half;Half|outputs=Int8;Half,1x1x1024;1x1x1024;1x1x1024;1x1x1024,1x1x1024;1x1x1024,__myl_MulMeaAddSqrDivMulMulMulMinMaxRouCas_0x77624facc1459ff2bf110c24ed8021c9
497,/up_proj_19/MatMul_myl0_497,gemm,inputs=Half;Half;Float;Float|outputs=Half,1x1x1024;1x1024x3072;1;1,1x1x3072,sm80_xmma_gemm_f16f16_f16f16_f16_tn_n_tilesize32x32x64_stage6_warpsize2x2x1_tensor16x8x16
498,__myl_FcCasNegExpAddDivMulMul_myl0_498,fusion,inputs=Half;Int8;Int8|outputs=Half,1x1x3072;1x1x1024;1x1024x3072,1x1x3072,sm80_xmma_gemm_i8i8_i8i32_f32_tn_n_tilesize32x64x64_stage6_warpsize2x2x1_tensor16x8x32_by_fusion_tactic
499,__myl_FcAdd_myl0_499,fusion,inputs=Half;Half;Half|outputs=Half,1x1x1024;1x1x3072;1x3072x1024,1x1x1024,sm80_xmma_gemm_f16f16_f16f16_f16_nn_n_tilesize64x128x32_stage5_warpsize2x2x1_tensor16x8x16_by_fusion_tactic
500,__myl_MulMeaAddSqrDivMulDivMinMaxRouCasDivMinMaxRouCasDivMinMaxRouCas_myl0_500,kgen,inputs=Half;Half;Half;Half;Half;Half|outputs=Int8;Int8;Int8,1x1x1024;1x1x1024;1x1x1024;1x1x1024;1x1x1024;1x1x1024,1x1x1024;1x1x1024;1x1x1024,__myl_MulMeaAddSqrDivMulDivMinMaxRouCasDivMinMaxRouCasDivMinMaxRouCas_0x9f2c300bb597625319cadec4728f9bc5
501,__mye677132_myl0_501,signal,inputs=NONE|outputs=NONE,NONE,NONE,UNKNOWN
502,__mye677134_myl0_502,wait,inputs=NONE|outputs=NONE,NONE,NONE,UNKNOWN
503,__myl_FcCas_myl0_503,fusion,inputs=Int8;Int8|outputs=Half,1x1x1024;1x1024x1024,1x1x1024,sm80_xmma_gemm_i8f32_i8i32_f32_tn_n_tilesize32x64x64_stage6_warpsize2x2x1_tensor16x8x32_by_fusion_tactic
504,__myl_ResConResRep_myl0_504,kgen,inputs=Half;Half;Int64;Int64;Int64;Int64;Int64;Int64;Int64;Int64;Int64;Int64;Int64;Int64;Int64;Int64|outputs=Half;Half,1x8x-1x128;1x1x1024;1;1;1;1;1;1;1;1;1;1;1;1;1;1,1x8x-1x128;1x8x2x-1x128,__myl_ResConResRep_0x9d40828c020eb6bb972be950c35191c1
505,__mye677142_myl0_505,signal,inputs=NONE|outputs=NONE,NONE,NONE,UNKNOWN
506,__mye677136_myl0_506,wait,inputs=NONE|outputs=NONE,NONE,NONE,UNKNOWN
507,__myl_FcCas_myl0_507,fusion,inputs=Int8;Int8|outputs=Half,1x1x1024;1x1024x1024,1x1x1024,sm80_xmma_gemm_i8f32_i8i32_f32_tn_n_tilesize32x64x64_stage6_warpsize2x2x1_tensor16x8x32_by_fusion_tactic
508,__myl_ResMulMea_myl0_508,kgen,inputs=Half|outputs=Half;Half,1x1x1024,1x1x8x1;1x1x8x128,__myl_ResMulMea_0x3c91498c3beee36a5653966af1581a8a
509,__myl_AddSqrDivMulMulResSliSliNegConMulMulAddConResRepResTra_myl0_509,kgen,inputs=Half;Half;Half;Half;Half;Half;Int64;Int64;Int64;Int64;Int64;Int64;Int64;Int64;Int64;Int64;Int64;Int64;Int64;Int64;Int64;Int64;Int64;Int64|outputs=Half;Half,1x8x-1x128;1x1x1x128;1x1x1x128;1x1x1x128;1x1x8x128;1x1x8x1;1;1;1;1;1;1;1;1;1;1;1;1;1;1;1;1;1;1,1x8x-1x128;1x16x128x-1,__myl_AddSqrDivMulMulResSliSliNegConMulMulAddConResRepResTra_0x5aea462b6a819ceadd3ebb32874c078f
510,__mye677138_myl0_510,signal,inputs=NONE|outputs=NONE,NONE,NONE,UNKNOWN
511,__myl_FcCas_myl0_511,fusion,inputs=Int8;Int8|outputs=Half,1x1x1024;1x1024x2048,1x1x2048,sm80_xmma_gemm_i8f32_i8i32_f32_tn_n_tilesize32x64x64_stage6_warpsize2x2x1_tensor16x8x32_by_fusion_tactic
512,__myl_ResMulMea_myl0_512,kgen,inputs=Half|outputs=Half;Half,1x1x2048,1x1x16x1;1x1x16x128,__myl_ResMulMea_0xf2413012cd9ac6341b95d78f3432c656
513,__myl_AddSqrDivMulMulResSliSliNegConMulMulAdd_myl0_513,kgen,inputs=Half;Half;Half;Half;Half|outputs=Half,1x1x1x128;1x1x1x128;1x1x1x128;1x1x16x128;1x1x16x1,1x16x1x128,__myl_AddSqrDivMulMulResSliSliNegConMulMulAdd_0xf1ba08cc3beaba8ee91b0504be9c2cf4
514,__mye677140_myl0_514,wait,inputs=NONE|outputs=NONE,NONE,NONE,UNKNOWN
515,/MatMul_40_myl0_515,gemm,inputs=Half;Half;Float;Float|outputs=Half,16x1x128;16x128x-1;1;1,16x1x-1,sm80_xmma_gemm_f16f16_f16f32_f32_nn_n_tilesize32x32x64_stage6_warpsize2x2x1_tensor16x8x16_aligna2_alignc2
516,__myl_MulMaxSubExpSumDivMul_myl0_516,kgen,inputs=Half;Int64;Int64|outputs=Half,1x16x1x-1;1;1,1x16x1x-1,__myl_MulMaxSubExpSumDivMul_0x1108f5a078d6e65507c06537b9b2e43f
517,__mye677144_myl0_517,wait,inputs=NONE|outputs=NONE,NONE,NONE,UNKNOWN
518,/MatMul_41_myl0_518,gemm,inputs=Half;Half;Float;Float|outputs=Half,16x1x-1;16x-1x128;1;1,16x1x128,sm80_xmma_gemm_f16f16_f16f32_f32_nn_n_tilesize64x128x32_stage5_warpsize2x2x1_tensor16x8x16_aligna2_alignc2
519,__myl_MulMinMaxRouCas_myl0_519,kgen,inputs=Half|outputs=Int8,16x1x128,16x1x128,__myl_MulMinMaxRouCas_0x59f8206e6baa651ad7dab50737cc8951
520,__myl_FcCasAdd_myl0_520,fusion,inputs=Half;Int8;Int8|outputs=Half,1x1x1024;1x1x2048;1x2048x1024,1x1x1024,sm80_xmma_gemm_i8f32_i8i32_f32_tn_n_tilesize32x64x64_stage6_warpsize2x2x1_tensor16x8x32_by_fusion_tactic
521,__myl_MulMeaAddSqrDivMulMulMulMinMaxRouCas_myl0_521,kgen,inputs=Half;Half;Half;Half|outputs=Int8;Half,1x1x1024;1x1x1024;1x1x1024;1x1x1024,1x1x1024;1x1x1024,__myl_MulMeaAddSqrDivMulMulMulMinMaxRouCas_0xd756cf8085615be8f2df33c74bb9ac74
522,/up_proj_20/MatMul_myl0_522,gemm,inputs=Half;Half;Float;Float|outputs=Half,1x1x1024;1x1024x3072;1;1,1x1x3072,sm80_xmma_gemm_f16f16_f16f16_f16_tn_n_tilesize32x32x64_stage6_warpsize2x2x1_tensor16x8x16
523,__myl_FcCasNegExpAddDivMulMul_myl0_523,fusion,inputs=Half;Int8;Int8|outputs=Half,1x1x3072;1x1x1024;1x1024x3072,1x1x3072,sm80_xmma_gemm_i8i8_i8i32_f32_tn_n_tilesize32x64x64_stage6_warpsize2x2x1_tensor16x8x32_by_fusion_tactic
524,__myl_FcAdd_myl0_524,fusion,inputs=Half;Half;Half|outputs=Half,1x1x1024;1x1x3072;1x3072x1024,1x1x1024,sm80_xmma_gemm_f16f16_f16f16_f16_nn_n_tilesize64x128x32_stage5_warpsize2x2x1_tensor16x8x16_by_fusion_tactic
525,__myl_MulMeaAddSqrDivMulDivMinMaxRouCasDivMinMaxRouCasDivMinMaxRouCas_myl0_525,kgen,inputs=Half;Half;Half;Half;Half;Half|outputs=Int8;Int8;Int8,1x1x1024;1x1x1024;1x1x1024;1x1x1024;1x1x1024;1x1x1024,1x1x1024;1x1x1024;1x1x1024,__myl_MulMeaAddSqrDivMulDivMinMaxRouCasDivMinMaxRouCasDivMinMaxRouCas_0x9f2c300bb597625319cadec4728f9bc5
526,__mye677146_myl0_526,signal,inputs=NONE|outputs=NONE,NONE,NONE,UNKNOWN
527,__mye677148_myl0_527,wait,inputs=NONE|outputs=NONE,NONE,NONE,UNKNOWN
528,__myl_FcCas_myl0_528,fusion,inputs=Int8;Int8|outputs=Half,1x1x1024;1x1024x1024,1x1x1024,sm80_xmma_gemm_i8f32_i8i32_f32_tn_n_tilesize32x64x64_stage6_warpsize2x2x1_tensor16x8x32_by_fusion_tactic
529,__myl_ResConResRep_myl0_529,kgen,inputs=Half;Half;Int64;Int64;Int64;Int64;Int64;Int64;Int64;Int64;Int64;Int64;Int64;Int64;Int64;Int64|outputs=Half;Half,1x8x-1x128;1x1x1024;1;1;1;1;1;1;1;1;1;1;1;1;1;1,1x8x-1x128;1x8x2x-1x128,__myl_ResConResRep_0x9d40828c020eb6bb972be950c35191c1
530,__mye677156_myl0_530,signal,inputs=NONE|outputs=NONE,NONE,NONE,UNKNOWN
531,__mye677150_myl0_531,wait,inputs=NONE|outputs=NONE,NONE,NONE,UNKNOWN
532,__myl_FcCas_myl0_532,fusion,inputs=Int8;Int8|outputs=Half,1x1x1024;1x1024x1024,1x1x1024,sm80_xmma_gemm_i8f32_i8i32_f32_tn_n_tilesize32x64x64_stage6_warpsize2x2x1_tensor16x8x32_by_fusion_tactic
533,__myl_ResMulMea_myl0_533,kgen,inputs=Half|outputs=Half;Half,1x1x1024,1x1x8x1;1x1x8x128,__myl_ResMulMea_0x3c91498c3beee36a5653966af1581a8a
534,__myl_AddSqrDivMulMulResSliSliNegConMulMulAddConResRepResTra_myl0_534,kgen,inputs=Half;Half;Half;Half;Half;Half;Int64;Int64;Int64;Int64;Int64;Int64;Int64;Int64;Int64;Int64;Int64;Int64;Int64;Int64;Int64;Int64;Int64;Int64|outputs=Half;Half,1x8x-1x128;1x1x1x128;1x1x1x128;1x1x1x128;1x1x8x128;1x1x8x1;1;1;1;1;1;1;1;1;1;1;1;1;1;1;1;1;1;1,1x8x-1x128;1x16x128x-1,__myl_AddSqrDivMulMulResSliSliNegConMulMulAddConResRepResTra_0x5aea462b6a819ceadd3ebb32874c078f
535,__mye677152_myl0_535,signal,inputs=NONE|outputs=NONE,NONE,NONE,UNKNOWN
536,__myl_FcCas_myl0_536,fusion,inputs=Int8;Int8|outputs=Half,1x1x1024;1x1024x2048,1x1x2048,sm80_xmma_gemm_i8f32_i8i32_f32_tn_n_tilesize32x64x64_stage6_warpsize2x2x1_tensor16x8x32_by_fusion_tactic
537,__myl_ResMulMea_myl0_537,kgen,inputs=Half|outputs=Half;Half,1x1x2048,1x1x16x1;1x1x16x128,__myl_ResMulMea_0xf2413012cd9ac6341b95d78f3432c656
538,__myl_AddSqrDivMulMulResSliSliNegConMulMulAdd_myl0_538,kgen,inputs=Half;Half;Half;Half;Half|outputs=Half,1x1x1x128;1x1x1x128;1x1x1x128;1x1x16x128;1x1x16x1,1x16x1x128,__myl_AddSqrDivMulMulResSliSliNegConMulMulAdd_0xf1ba08cc3beaba8ee91b0504be9c2cf4
539,__mye677154_myl0_539,wait,inputs=NONE|outputs=NONE,NONE,NONE,UNKNOWN
540,/MatMul_42_myl0_540,gemm,inputs=Half;Half;Float;Float|outputs=Half,16x1x128;16x128x-1;1;1,16x1x-1,sm80_xmma_gemm_f16f16_f16f32_f32_nn_n_tilesize32x32x64_stage6_warpsize2x2x1_tensor16x8x16_aligna2_alignc2
541,__myl_MulMaxSubExpSumDivMul_myl0_541,kgen,inputs=Half;Int64;Int64|outputs=Half,1x16x1x-1;1;1,1x16x1x-1,__myl_MulMaxSubExpSumDivMul_0x1108f5a078d6e65507c06537b9b2e43f
542,__mye677158_myl0_542,wait,inputs=NONE|outputs=NONE,NONE,NONE,UNKNOWN
543,/MatMul_43_myl0_543,gemm,inputs=Half;Half;Float;Float|outputs=Half,16x1x-1;16x-1x128;1;1,16x1x128,sm80_xmma_gemm_f16f16_f16f32_f32_nn_n_tilesize64x128x32_stage5_warpsize2x2x1_tensor16x8x16_aligna2_alignc2
544,__myl_MulMinMaxRouCas_myl0_544,kgen,inputs=Half|outputs=Int8,16x1x128,16x1x128,__myl_MulMinMaxRouCas_0x77ca5ed9b2797810688767dcda08897e
545,__myl_FcCasAdd_myl0_545,fusion,inputs=Half;Int8;Int8|outputs=Half,1x1x1024;1x1x2048;1x2048x1024,1x1x1024,sm80_xmma_gemm_i8f32_i8i32_f32_tn_n_tilesize32x64x64_stage6_warpsize2x2x1_tensor16x8x32_by_fusion_tactic
546,__myl_MulMeaAddSqrDivMulMulMulMinMaxRouCas_myl0_546,kgen,inputs=Half;Half;Half;Half|outputs=Int8;Half,1x1x1024;1x1x1024;1x1x1024;1x1x1024,1x1x1024;1x1x1024,__myl_MulMeaAddSqrDivMulMulMulMinMaxRouCas_0xdba6260d6d388ff570fe95b3f4430bd0
547,/up_proj_21/MatMul_myl0_547,gemm,inputs=Half;Half;Float;Float|outputs=Half,1x1x1024;1x1024x3072;1;1,1x1x3072,sm80_xmma_gemm_f16f16_f16f16_f16_tn_n_tilesize32x32x64_stage6_warpsize2x2x1_tensor16x8x16
548,__myl_FcCasNegExpAddDivMulMul_myl0_548,fusion,inputs=Half;Int8;Int8|outputs=Half,1x1x3072;1x1x1024;1x1024x3072,1x1x3072,sm80_xmma_gemm_i8i8_i8i32_f32_tn_n_tilesize32x64x64_stage6_warpsize2x2x1_tensor16x8x32_by_fusion_tactic
549,__myl_FcAdd_myl0_549,fusion,inputs=Half;Half;Half|outputs=Half,1x1x1024;1x1x3072;1x3072x1024,1x1x1024,sm80_xmma_gemm_f16f16_f16f16_f16_nn_n_tilesize64x128x32_stage5_warpsize2x2x1_tensor16x8x16_by_fusion_tactic
550,__myl_MulMeaAddSqrDivMulDivMinMaxRouCasDivMinMaxRouCasDivMinMaxRouCas_myl0_550,kgen,inputs=Half;Half;Half;Half;Half;Half|outputs=Int8;Int8;Int8,1x1x1024;1x1x1024;1x1x1024;1x1x1024;1x1x1024;1x1x1024,1x1x1024;1x1x1024;1x1x1024,__myl_MulMeaAddSqrDivMulDivMinMaxRouCasDivMinMaxRouCasDivMinMaxRouCas_0x9f2c300bb597625319cadec4728f9bc5
551,__mye677160_myl0_551,signal,inputs=NONE|outputs=NONE,NONE,NONE,UNKNOWN
552,__mye677162_myl0_552,wait,inputs=NONE|outputs=NONE,NONE,NONE,UNKNOWN
553,__myl_FcCas_myl0_553,fusion,inputs=Int8;Int8|outputs=Half,1x1x1024;1x1024x1024,1x1x1024,sm80_xmma_gemm_i8f32_i8i32_f32_tn_n_tilesize32x64x64_stage6_warpsize2x2x1_tensor16x8x32_by_fusion_tactic
554,__myl_ResConResRep_myl0_554,kgen,inputs=Half;Half;Int64;Int64;Int64;Int64;Int64;Int64;Int64;Int64;Int64;Int64;Int64;Int64;Int64;Int64|outputs=Half;Half,1x8x-1x128;1x1x1024;1;1;1;1;1;1;1;1;1;1;1;1;1;1,1x8x-1x128;1x8x2x-1x128,__myl_ResConResRep_0x9d40828c020eb6bb972be950c35191c1
555,__mye677170_myl0_555,signal,inputs=NONE|outputs=NONE,NONE,NONE,UNKNOWN
556,__mye677164_myl0_556,wait,inputs=NONE|outputs=NONE,NONE,NONE,UNKNOWN
557,__myl_FcCas_myl0_557,fusion,inputs=Int8;Int8|outputs=Half,1x1x1024;1x1024x1024,1x1x1024,sm80_xmma_gemm_i8f32_i8i32_f32_tn_n_tilesize32x64x64_stage6_warpsize2x2x1_tensor16x8x32_by_fusion_tactic
558,__myl_ResMulMea_myl0_558,kgen,inputs=Half|outputs=Half;Half,1x1x1024,1x1x8x1;1x1x8x128,__myl_ResMulMea_0x3c91498c3beee36a5653966af1581a8a
559,__myl_AddSqrDivMulMulResSliSliNegConMulMulAddConResRepResTra_myl0_559,kgen,inputs=Half;Half;Half;Half;Half;Half;Int64;Int64;Int64;Int64;Int64;Int64;Int64;Int64;Int64;Int64;Int64;Int64;Int64;Int64;Int64;Int64;Int64;Int64|outputs=Half;Half,1x8x-1x128;1x1x1x128;1x1x1x128;1x1x1x128;1x1x8x128;1x1x8x1;1;1;1;1;1;1;1;1;1;1;1;1;1;1;1;1;1;1,1x8x-1x128;1x16x128x-1,__myl_AddSqrDivMulMulResSliSliNegConMulMulAddConResRepResTra_0x5aea462b6a819ceadd3ebb32874c078f
560,__mye677166_myl0_560,signal,inputs=NONE|outputs=NONE,NONE,NONE,UNKNOWN
561,__myl_FcCas_myl0_561,fusion,inputs=Int8;Int8|outputs=Half,1x1x1024;1x1024x2048,1x1x2048,sm80_xmma_gemm_i8f32_i8i32_f32_tn_n_tilesize32x64x64_stage6_warpsize2x2x1_tensor16x8x32_by_fusion_tactic
562,__myl_ResMulMea_myl0_562,kgen,inputs=Half|outputs=Half;Half,1x1x2048,1x1x16x1;1x1x16x128,__myl_ResMulMea_0xf2413012cd9ac6341b95d78f3432c656
563,__myl_AddSqrDivMulMulResSliSliNegConMulMulAdd_myl0_563,kgen,inputs=Half;Half;Half;Half;Half|outputs=Half,1x1x1x128;1x1x1x128;1x1x1x128;1x1x16x128;1x1x16x1,1x16x1x128,__myl_AddSqrDivMulMulResSliSliNegConMulMulAdd_0xf1ba08cc3beaba8ee91b0504be9c2cf4
564,__mye677168_myl0_564,wait,inputs=NONE|outputs=NONE,NONE,NONE,UNKNOWN
565,/MatMul_44_myl0_565,gemm,inputs=Half;Half;Float;Float|outputs=Half,16x1x128;16x128x-1;1;1,16x1x-1,sm80_xmma_gemm_f16f16_f16f32_f32_nn_n_tilesize32x32x64_stage6_warpsize2x2x1_tensor16x8x16_aligna2_alignc2
566,__myl_MulMaxSubExpSumDivMul_myl0_566,kgen,inputs=Half;Int64;Int64|outputs=Half,1x16x1x-1;1;1,1x16x1x-1,__myl_MulMaxSubExpSumDivMul_0x1108f5a078d6e65507c06537b9b2e43f
567,__mye677172_myl0_567,wait,inputs=NONE|outputs=NONE,NONE,NONE,UNKNOWN
568,/MatMul_45_myl0_568,gemm,inputs=Half;Half;Float;Float|outputs=Half,16x1x-1;16x-1x128;1;1,16x1x128,sm80_xmma_gemm_f16f16_f16f32_f32_nn_n_tilesize64x128x32_stage5_warpsize2x2x1_tensor16x8x16_aligna2_alignc2
569,__myl_MulMinMaxRouCas_myl0_569,kgen,inputs=Half|outputs=Int8,16x1x128,16x1x128,__myl_MulMinMaxRouCas_0xa64eacd40f6a244c6f97851e4148bfa0
570,__myl_FcCasAdd_myl0_570,fusion,inputs=Half;Int8;Int8|outputs=Half,1x1x1024;1x1x2048;1x2048x1024,1x1x1024,sm80_xmma_gemm_i8f32_i8i32_f32_tn_n_tilesize32x64x64_stage6_warpsize2x2x1_tensor16x8x32_by_fusion_tactic
571,__myl_MulMeaAddSqrDivMulMulMulMinMaxRouCas_myl0_571,kgen,inputs=Half;Half;Half;Half|outputs=Int8;Half,1x1x1024;1x1x1024;1x1x1024;1x1x1024,1x1x1024;1x1x1024,__myl_MulMeaAddSqrDivMulMulMulMinMaxRouCas_0xd756cf8085615be8f2df33c74bb9ac74
572,/up_proj_22/MatMul_myl0_572,gemm,inputs=Half;Half;Float;Float|outputs=Half,1x1x1024;1x1024x3072;1;1,1x1x3072,sm80_xmma_gemm_f16f16_f16f16_f16_tn_n_tilesize32x32x64_stage6_warpsize2x2x1_tensor16x8x16
573,__myl_FcCasNegExpAddDivMulMul_myl0_573,fusion,inputs=Half;Int8;Int8|outputs=Half,1x1x3072;1x1x1024;1x1024x3072,1x1x3072,sm80_xmma_gemm_i8i8_i8i32_f32_tn_n_tilesize32x64x64_stage6_warpsize2x2x1_tensor16x8x32_by_fusion_tactic
574,__myl_FcAdd_myl0_574,fusion,inputs=Half;Half;Half|outputs=Half,1x1x1024;1x1x3072;1x3072x1024,1x1x1024,sm80_xmma_gemm_f16f16_f16f16_f16_nn_n_tilesize64x128x32_stage5_warpsize2x2x1_tensor16x8x16_by_fusion_tactic
575,__myl_MulMeaAddSqrDivMulDivMinMaxRouCasDivMinMaxRouCasDivMinMaxRouCas_myl0_575,kgen,inputs=Half;Half;Half;Half;Half;Half|outputs=Int8;Int8;Int8,1x1x1024;1x1x1024;1x1x1024;1x1x1024;1x1x1024;1x1x1024,1x1x1024;1x1x1024;1x1x1024,__myl_MulMeaAddSqrDivMulDivMinMaxRouCasDivMinMaxRouCasDivMinMaxRouCas_0x9f2c300bb597625319cadec4728f9bc5
576,__mye677174_myl0_576,signal,inputs=NONE|outputs=NONE,NONE,NONE,UNKNOWN
577,__mye677176_myl0_577,wait,inputs=NONE|outputs=NONE,NONE,NONE,UNKNOWN
578,__myl_FcCas_myl0_578,fusion,inputs=Int8;Int8|outputs=Half,1x1x1024;1x1024x1024,1x1x1024,sm80_xmma_gemm_i8f32_i8i32_f32_tn_n_tilesize32x64x64_stage6_warpsize2x2x1_tensor16x8x32_by_fusion_tactic
579,__myl_ResConResRep_myl0_579,kgen,inputs=Half;Half;Int64;Int64;Int64;Int64;Int64;Int64;Int64;Int64;Int64;Int64;Int64;Int64;Int64;Int64|outputs=Half;Half,1x8x-1x128;1x1x1024;1;1;1;1;1;1;1;1;1;1;1;1;1;1,1x8x-1x128;1x8x2x-1x128,__myl_ResConResRep_0x9d40828c020eb6bb972be950c35191c1
580,__mye677184_myl0_580,signal,inputs=NONE|outputs=NONE,NONE,NONE,UNKNOWN
581,__mye677178_myl0_581,wait,inputs=NONE|outputs=NONE,NONE,NONE,UNKNOWN
582,__myl_FcCas_myl0_582,fusion,inputs=Int8;Int8|outputs=Half,1x1x1024;1x1024x1024,1x1x1024,sm80_xmma_gemm_i8f32_i8i32_f32_tn_n_tilesize32x64x64_stage6_warpsize2x2x1_tensor16x8x32_by_fusion_tactic
583,__myl_ResMulMea_myl0_583,kgen,inputs=Half|outputs=Half;Half,1x1x1024,1x1x8x1;1x1x8x128,__myl_ResMulMea_0x3c91498c3beee36a5653966af1581a8a
584,__myl_AddSqrDivMulMulResSliSliNegConMulMulAddConResRepResTra_myl0_584,kgen,inputs=Half;Half;Half;Half;Half;Half;Int64;Int64;Int64;Int64;Int64;Int64;Int64;Int64;Int64;Int64;Int64;Int64;Int64;Int64;Int64;Int64;Int64;Int64|outputs=Half;Half,1x8x-1x128;1x1x1x128;1x1x1x128;1x1x1x128;1x1x8x128;1x1x8x1;1;1;1;1;1;1;1;1;1;1;1;1;1;1;1;1;1;1,1x8x-1x128;1x16x128x-1,__myl_AddSqrDivMulMulResSliSliNegConMulMulAddConResRepResTra_0x5aea462b6a819ceadd3ebb32874c078f
585,__mye677180_myl0_585,signal,inputs=NONE|outputs=NONE,NONE,NONE,UNKNOWN
586,__myl_FcCas_myl0_586,fusion,inputs=Int8;Int8|outputs=Half,1x1x1024;1x1024x2048,1x1x2048,sm80_xmma_gemm_i8f32_i8i32_f32_tn_n_tilesize32x64x64_stage6_warpsize2x2x1_tensor16x8x32_by_fusion_tactic
587,__myl_ResMulMea_myl0_587,kgen,inputs=Half|outputs=Half;Half,1x1x2048,1x1x16x1;1x1x16x128,__myl_ResMulMea_0xf2413012cd9ac6341b95d78f3432c656
588,__myl_AddSqrDivMulMulResSliSliNegConMulMulAdd_myl0_588,kgen,inputs=Half;Half;Half;Half;Half|outputs=Half,1x1x1x128;1x1x1x128;1x1x1x128;1x1x16x128;1x1x16x1,1x16x1x128,__myl_AddSqrDivMulMulResSliSliNegConMulMulAdd_0xf1ba08cc3beaba8ee91b0504be9c2cf4
589,__mye677182_myl0_589,wait,inputs=NONE|outputs=NONE,NONE,NONE,UNKNOWN
590,/MatMul_46_myl0_590,gemm,inputs=Half;Half;Float;Float|outputs=Half,16x1x128;16x128x-1;1;1,16x1x-1,sm80_xmma_gemm_f16f16_f16f32_f32_nn_n_tilesize32x32x64_stage6_warpsize2x2x1_tensor16x8x16_aligna2_alignc2
591,__myl_MulMaxSubExpSumDivMul_myl0_591,kgen,inputs=Half;Int64;Int64|outputs=Half,1x16x1x-1;1;1,1x16x1x-1,__myl_MulMaxSubExpSumDivMul_0x1108f5a078d6e65507c06537b9b2e43f
592,__mye677186_myl0_592,wait,inputs=NONE|outputs=NONE,NONE,NONE,UNKNOWN
593,/MatMul_47_myl0_593,gemm,inputs=Half;Half;Float;Float|outputs=Half,16x1x-1;16x-1x128;1;1,16x1x128,sm80_xmma_gemm_f16f16_f16f32_f32_nn_n_tilesize64x128x32_stage5_warpsize2x2x1_tensor16x8x16_aligna2_alignc2
594,__myl_MulMinMaxRouCas_myl0_594,kgen,inputs=Half|outputs=Int8,16x1x128,16x1x128,__myl_MulMinMaxRouCas_0x36a6981344c30226a5bbeed5f55c92f7
595,__myl_FcCasAdd_myl0_595,fusion,inputs=Half;Int8;Int8|outputs=Half,1x1x1024;1x1x2048;1x2048x1024,1x1x1024,sm80_xmma_gemm_i8f32_i8i32_f32_tn_n_tilesize32x64x64_stage6_warpsize2x2x1_tensor16x8x32_by_fusion_tactic
596,__myl_MulMeaAddSqrDivMulMulMulMinMaxRouCas_myl0_596,kgen,inputs=Half;Half;Half;Half|outputs=Int8;Half,1x1x1024;1x1x1024;1x1x1024;1x1x1024,1x1x1024;1x1x1024,__myl_MulMeaAddSqrDivMulMulMulMinMaxRouCas_0x6cfe86dd6e4d3c2d552f909cb133c113
597,/up_proj_23/MatMul_myl0_597,gemm,inputs=Half;Half;Float;Float|outputs=Half,1x1x1024;1x1024x3072;1;1,1x1x3072,sm80_xmma_gemm_f16f16_f16f16_f16_tn_n_tilesize32x32x64_stage6_warpsize2x2x1_tensor16x8x16
598,__myl_FcCasNegExpAddDivMulMul_myl0_598,fusion,inputs=Half;Int8;Int8|outputs=Half,1x1x3072;1x1x1024;1x1024x3072,1x1x3072,sm80_xmma_gemm_i8i8_i8i32_f32_tn_n_tilesize32x64x64_stage6_warpsize2x2x1_tensor16x8x32_by_fusion_tactic
599,__myl_FcAdd_myl0_599,fusion,inputs=Half;Half;Half|outputs=Half,1x1x1024;1x1x3072;1x3072x1024,1x1x1024,sm80_xmma_gemm_f16f16_f16f16_f16_nn_n_tilesize64x128x32_stage5_warpsize2x2x1_tensor16x8x16_by_fusion_tactic
600,__myl_MulMeaAddSqrDivMulDivMinMaxRouCasDivMinMaxRouCasDivMinMaxRouCas_myl0_600,kgen,inputs=Half;Half;Half;Half;Half;Half|outputs=Int8;Int8;Int8,1x1x1024;1x1x1024;1x1x1024;1x1x1024;1x1x1024;1x1x1024,1x1x1024;1x1x1024;1x1x1024,__myl_MulMeaAddSqrDivMulDivMinMaxRouCasDivMinMaxRouCasDivMinMaxRouCas_0x9f2c300bb597625319cadec4728f9bc5
601,__mye677188_myl0_601,signal,inputs=NONE|outputs=NONE,NONE,NONE,UNKNOWN
602,__mye677190_myl0_602,wait,inputs=NONE|outputs=NONE,NONE,NONE,UNKNOWN
603,__myl_FcCas_myl0_603,fusion,inputs=Int8;Int8|outputs=Half,1x1x1024;1x1024x1024,1x1x1024,sm80_xmma_gemm_i8f32_i8i32_f32_tn_n_tilesize32x64x64_stage6_warpsize2x2x1_tensor16x8x32_by_fusion_tactic
604,__myl_ResConResRep_myl0_604,kgen,inputs=Half;Half;Int64;Int64;Int64;Int64;Int64;Int64;Int64;Int64;Int64;Int64;Int64;Int64;Int64;Int64|outputs=Half;Half,1x8x-1x128;1x1x1024;1;1;1;1;1;1;1;1;1;1;1;1;1;1,1x8x-1x128;1x8x2x-1x128,__myl_ResConResRep_0x9d40828c020eb6bb972be950c35191c1
605,__mye677198_myl0_605,signal,inputs=NONE|outputs=NONE,NONE,NONE,UNKNOWN
606,__mye677192_myl0_606,wait,inputs=NONE|outputs=NONE,NONE,NONE,UNKNOWN
607,__myl_FcCas_myl0_607,fusion,inputs=Int8;Int8|outputs=Half,1x1x1024;1x1024x1024,1x1x1024,sm80_xmma_gemm_i8f32_i8i32_f32_tn_n_tilesize32x64x64_stage6_warpsize2x2x1_tensor16x8x32_by_fusion_tactic
608,__myl_ResMulMea_myl0_608,kgen,inputs=Half|outputs=Half;Half,1x1x1024,1x1x8x1;1x1x8x128,__myl_ResMulMea_0x3c91498c3beee36a5653966af1581a8a
609,__myl_AddSqrDivMulMulResSliSliNegConMulMulAddConResRepResTra_myl0_609,kgen,inputs=Half;Half;Half;Half;Half;Half;Int64;Int64;Int64;Int64;Int64;Int64;Int64;Int64;Int64;Int64;Int64;Int64;Int64;Int64;Int64;Int64;Int64;Int64|outputs=Half;Half,1x8x-1x128;1x1x1x128;1x1x1x128;1x1x1x128;1x1x8x128;1x1x8x1;1;1;1;1;1;1;1;1;1;1;1;1;1;1;1;1;1;1,1x8x-1x128;1x16x128x-1,__myl_AddSqrDivMulMulResSliSliNegConMulMulAddConResRepResTra_0x5aea462b6a819ceadd3ebb32874c078f
610,__mye677194_myl0_610,signal,inputs=NONE|outputs=NONE,NONE,NONE,UNKNOWN
611,__myl_FcCas_myl0_611,fusion,inputs=Int8;Int8|outputs=Half,1x1x1024;1x1024x2048,1x1x2048,sm80_xmma_gemm_i8f32_i8i32_f32_tn_n_tilesize32x64x64_stage6_warpsize2x2x1_tensor16x8x32_by_fusion_tactic
612,__myl_ResMulMea_myl0_612,kgen,inputs=Half|outputs=Half;Half,1x1x2048,1x1x16x1;1x1x16x128,__myl_ResMulMea_0xf2413012cd9ac6341b95d78f3432c656
613,__myl_AddSqrDivMulMulResSliSliNegConMulMulAdd_myl0_613,kgen,inputs=Half;Half;Half;Half;Half|outputs=Half,1x1x1x128;1x1x1x128;1x1x1x128;1x1x16x128;1x1x16x1,1x16x1x128,__myl_AddSqrDivMulMulResSliSliNegConMulMulAdd_0xf1ba08cc3beaba8ee91b0504be9c2cf4
614,__mye677196_myl0_614,wait,inputs=NONE|outputs=NONE,NONE,NONE,UNKNOWN
615,/MatMul_48_myl0_615,gemm,inputs=Half;Half;Float;Float|outputs=Half,16x1x128;16x128x-1;1;1,16x1x-1,sm80_xmma_gemm_f16f16_f16f32_f32_nn_n_tilesize32x32x64_stage6_warpsize2x2x1_tensor16x8x16_aligna2_alignc2
616,__myl_MulMaxSubExpSumDivMul_myl0_616,kgen,inputs=Half;Int64;Int64|outputs=Half,1x16x1x-1;1;1,1x16x1x-1,__myl_MulMaxSubExpSumDivMul_0x1108f5a078d6e65507c06537b9b2e43f
617,__mye677200_myl0_617,wait,inputs=NONE|outputs=NONE,NONE,NONE,UNKNOWN
618,/MatMul_49_myl0_618,gemm,inputs=Half;Half;Float;Float|outputs=Half,16x1x-1;16x-1x128;1;1,16x1x128,sm80_xmma_gemm_f16f16_f16f32_f32_nn_n_tilesize64x128x32_stage5_warpsize2x2x1_tensor16x8x16_aligna2_alignc2
619,__myl_MulMinMaxRouCas_myl0_619,kgen,inputs=Half|outputs=Int8,16x1x128,16x1x128,__myl_MulMinMaxRouCas_0x907030f04aaedcd668915c250cbde546
620,__myl_FcCasAdd_myl0_620,fusion,inputs=Half;Int8;Int8|outputs=Half,1x1x1024;1x1x2048;1x2048x1024,1x1x1024,sm80_xmma_gemm_i8f32_i8i32_f32_tn_n_tilesize32x64x64_stage6_warpsize2x2x1_tensor16x8x32_by_fusion_tactic
621,__myl_MulMeaAddSqrDivMulMulMulMinMaxRouCas_myl0_621,kgen,inputs=Half;Half;Half;Half|outputs=Int8;Half,1x1x1024;1x1x1024;1x1x1024;1x1x1024,1x1x1024;1x1x1024,__myl_MulMeaAddSqrDivMulMulMulMinMaxRouCas_0x6cfe86dd6e4d3c2d552f909cb133c113
622,/up_proj_24/MatMul_myl0_622,gemm,inputs=Half;Half;Float;Float|outputs=Half,1x1x1024;1x1024x3072;1;1,1x1x3072,sm80_xmma_gemm_f16f16_f16f16_f16_tn_n_tilesize32x32x64_stage6_warpsize2x2x1_tensor16x8x16
623,__myl_FcCasNegExpAddDivMulMul_myl0_623,fusion,inputs=Half;Int8;Int8|outputs=Half,1x1x3072;1x1x1024;1x1024x3072,1x1x3072,sm80_xmma_gemm_i8i8_i8i32_f32_tn_n_tilesize32x64x64_stage6_warpsize2x2x1_tensor16x8x32_by_fusion_tactic
624,__myl_FcAdd_myl0_624,fusion,inputs=Half;Half;Half|outputs=Half,1x1x1024;1x1x3072;1x3072x1024,1x1x1024,sm80_xmma_gemm_f16f16_f16f16_f16_nn_n_tilesize64x128x32_stage5_warpsize2x2x1_tensor16x8x16_by_fusion_tactic
625,__myl_MulMeaAddSqrDivMulDivMinMaxRouCasDivMinMaxRouCasDivMinMaxRouCas_myl0_625,kgen,inputs=Half;Half;Half;Half;Half;Half|outputs=Int8;Int8;Int8,1x1x1024;1x1x1024;1x1x1024;1x1x1024;1x1x1024;1x1x1024,1x1x1024;1x1x1024;1x1x1024,__myl_MulMeaAddSqrDivMulDivMinMaxRouCasDivMinMaxRouCasDivMinMaxRouCas_0x9f2c300bb597625319cadec4728f9bc5
626,__mye677202_myl0_626,signal,inputs=NONE|outputs=NONE,NONE,NONE,UNKNOWN
627,__mye677204_myl0_627,wait,inputs=NONE|outputs=NONE,NONE,NONE,UNKNOWN
628,__myl_FcCas_myl0_628,fusion,inputs=Int8;Int8|outputs=Half,1x1x1024;1x1024x1024,1x1x1024,sm80_xmma_gemm_i8f32_i8i32_f32_tn_n_tilesize32x64x64_stage6_warpsize2x2x1_tensor16x8x32_by_fusion_tactic
629,__myl_ResConResRep_myl0_629,kgen,inputs=Half;Half;Int64;Int64;Int64;Int64;Int64;Int64;Int64;Int64;Int64;Int64;Int64;Int64;Int64;Int64|outputs=Half;Half,1x8x-1x128;1x1x1024;1;1;1;1;1;1;1;1;1;1;1;1;1;1,1x8x-1x128;1x8x2x-1x128,__myl_ResConResRep_0x9d40828c020eb6bb972be950c35191c1
630,__mye677212_myl0_630,signal,inputs=NONE|outputs=NONE,NONE,NONE,UNKNOWN
631,__mye677206_myl0_631,wait,inputs=NONE|outputs=NONE,NONE,NONE,UNKNOWN
632,__myl_FcCas_myl0_632,fusion,inputs=Int8;Int8|outputs=Half,1x1x1024;1x1024x1024,1x1x1024,sm80_xmma_gemm_i8f32_i8i32_f32_tn_n_tilesize32x64x64_stage6_warpsize2x2x1_tensor16x8x32_by_fusion_tactic
633,__myl_ResMulMea_myl0_633,kgen,inputs=Half|outputs=Half;Half,1x1x1024,1x1x8x1;1x1x8x128,__myl_ResMulMea_0x3c91498c3beee36a5653966af1581a8a
634,__myl_AddSqrDivMulMulResSliSliNegConMulMulAddConResRepResTra_myl0_634,kgen,inputs=Half;Half;Half;Half;Half;Half;Int64;Int64;Int64;Int64;Int64;Int64;Int64;Int64;Int64;Int64;Int64;Int64;Int64;Int64;Int64;Int64;Int64;Int64|outputs=Half;Half,1x8x-1x128;1x1x1x128;1x1x1x128;1x1x1x128;1x1x8x128;1x1x8x1;1;1;1;1;1;1;1;1;1;1;1;1;1;1;1;1;1;1,1x8x-1x128;1x16x128x-1,__myl_AddSqrDivMulMulResSliSliNegConMulMulAddConResRepResTra_0x5aea462b6a819ceadd3ebb32874c078f
635,__mye677208_myl0_635,signal,inputs=NONE|outputs=NONE,NONE,NONE,UNKNOWN
636,__myl_FcCas_myl0_636,fusion,inputs=Int8;Int8|outputs=Half,1x1x1024;1x1024x2048,1x1x2048,sm80_xmma_gemm_i8f32_i8i32_f32_tn_n_tilesize32x64x64_stage6_warpsize2x2x1_tensor16x8x32_by_fusion_tactic
637,__myl_ResMulMea_myl0_637,kgen,inputs=Half|outputs=Half;Half,1x1x2048,1x1x16x1;1x1x16x128,__myl_ResMulMea_0xf2413012cd9ac6341b95d78f3432c656
638,__myl_AddSqrDivMulMulResSliSliNegConMulMulAdd_myl0_638,kgen,inputs=Half;Half;Half;Half;Half|outputs=Half,1x1x1x128;1x1x1x128;1x1x1x128;1x1x16x128;1x1x16x1,1x16x1x128,__myl_AddSqrDivMulMulResSliSliNegConMulMulAdd_0xf1ba08cc3beaba8ee91b0504be9c2cf4
639,__mye677210_myl0_639,wait,inputs=NONE|outputs=NONE,NONE,NONE,UNKNOWN
640,/MatMul_50_myl0_640,gemm,inputs=Half;Half;Float;Float|outputs=Half,16x1x128;16x128x-1;1;1,16x1x-1,sm80_xmma_gemm_f16f16_f16f32_f32_nn_n_tilesize32x32x64_stage6_warpsize2x2x1_tensor16x8x16_aligna2_alignc2
641,__myl_MulMaxSubExpSumDivMul_myl0_641,kgen,inputs=Half;Int64;Int64|outputs=Half,1x16x1x-1;1;1,1x16x1x-1,__myl_MulMaxSubExpSumDivMul_0x1108f5a078d6e65507c06537b9b2e43f
642,__mye677214_myl0_642,wait,inputs=NONE|outputs=NONE,NONE,NONE,UNKNOWN
643,/MatMul_51_myl0_643,gemm,inputs=Half;Half;Float;Float|outputs=Half,16x1x-1;16x-1x128;1;1,16x1x128,sm80_xmma_gemm_f16f16_f16f32_f32_nn_n_tilesize64x128x32_stage5_warpsize2x2x1_tensor16x8x16_aligna2_alignc2
644,__myl_MulMinMaxRouCas_myl0_644,kgen,inputs=Half|outputs=Int8,16x1x128,16x1x128,__myl_MulMinMaxRouCas_0x9ee6ac5b9454da6749214d07f11973df
645,__myl_FcCasAdd_myl0_645,fusion,inputs=Half;Int8;Int8|outputs=Half,1x1x1024;1x1x2048;1x2048x1024,1x1x1024,sm80_xmma_gemm_i8f32_i8i32_f32_tn_n_tilesize32x64x64_stage6_warpsize2x2x1_tensor16x8x32_by_fusion_tactic
646,__myl_MulMeaAddSqrDivMulMulMulMinMaxRouCas_myl0_646,kgen,inputs=Half;Half;Half;Half|outputs=Int8;Half,1x1x1024;1x1x1024;1x1x1024;1x1x1024,1x1x1024;1x1x1024,__myl_MulMeaAddSqrDivMulMulMulMinMaxRouCas_0xd65f433ff7b34abefa6995ce894b46a3
647,/up_proj_25/MatMul_myl0_647,gemm,inputs=Half;Half;Float;Float|outputs=Half,1x1x1024;1x1024x3072;1;1,1x1x3072,sm80_xmma_gemm_f16f16_f16f16_f16_tn_n_tilesize32x32x64_stage6_warpsize2x2x1_tensor16x8x16
648,__myl_FcCasNegExpAddDivMulMul_myl0_648,fusion,inputs=Half;Int8;Int8|outputs=Half,1x1x3072;1x1x1024;1x1024x3072,1x1x3072,sm80_xmma_gemm_i8i8_i8i32_f32_tn_n_tilesize32x64x64_stage6_warpsize2x2x1_tensor16x8x32_by_fusion_tactic
649,__myl_FcAdd_myl0_649,fusion,inputs=Half;Half;Half|outputs=Half,1x1x1024;1x1x3072;1x3072x1024,1x1x1024,sm80_xmma_gemm_f16f16_f16f16_f16_nn_n_tilesize64x128x32_stage5_warpsize2x2x1_tensor16x8x16_by_fusion_tactic
650,__myl_MulMeaAddSqrDivMulDivMinMaxRouCasDivMinMaxRouCasDivMinMaxRouCas_myl0_650,kgen,inputs=Half;Half;Half;Half;Half;Half|outputs=Int8;Int8;Int8,1x1x1024;1x1x1024;1x1x1024;1x1x1024;1x1x1024;1x1x1024,1x1x1024;1x1x1024;1x1x1024,__myl_MulMeaAddSqrDivMulDivMinMaxRouCasDivMinMaxRouCasDivMinMaxRouCas_0x9f2c300bb597625319cadec4728f9bc5
651,__mye677216_myl0_651,signal,inputs=NONE|outputs=NONE,NONE,NONE,UNKNOWN
652,__mye677218_myl0_652,wait,inputs=NONE|outputs=NONE,NONE,NONE,UNKNOWN
653,__myl_FcCas_myl0_653,fusion,inputs=Int8;Int8|outputs=Half,1x1x1024;1x1024x1024,1x1x1024,sm80_xmma_gemm_i8f32_i8i32_f32_tn_n_tilesize32x64x64_stage6_warpsize2x2x1_tensor16x8x32_by_fusion_tactic
654,__myl_ResConResRep_myl0_654,kgen,inputs=Half;Half;Int64;Int64;Int64;Int64;Int64;Int64;Int64;Int64;Int64;Int64;Int64;Int64;Int64;Int64|outputs=Half;Half,1x8x-1x128;1x1x1024;1;1;1;1;1;1;1;1;1;1;1;1;1;1,1x8x-1x128;1x8x2x-1x128,__myl_ResConResRep_0x9d40828c020eb6bb972be950c35191c1
655,__mye677226_myl0_655,signal,inputs=NONE|outputs=NONE,NONE,NONE,UNKNOWN
656,__mye677220_myl0_656,wait,inputs=NONE|outputs=NONE,NONE,NONE,UNKNOWN
657,__myl_FcCas_myl0_657,fusion,inputs=Int8;Int8|outputs=Half,1x1x1024;1x1024x1024,1x1x1024,sm80_xmma_gemm_i8f32_i8i32_f32_tn_n_tilesize32x64x64_stage6_warpsize2x2x1_tensor16x8x32_by_fusion_tactic
658,__myl_ResMulMea_myl0_658,kgen,inputs=Half|outputs=Half;Half,1x1x1024,1x1x8x1;1x1x8x128,__myl_ResMulMea_0x3c91498c3beee36a5653966af1581a8a
659,__myl_AddSqrDivMulMulResSliSliNegConMulMulAddConResRepResTra_myl0_659,kgen,inputs=Half;Half;Half;Half;Half;Half;Int64;Int64;Int64;Int64;Int64;Int64;Int64;Int64;Int64;Int64;Int64;Int64;Int64;Int64;Int64;Int64;Int64;Int64|outputs=Half;Half,1x8x-1x128;1x1x1x128;1x1x1x128;1x1x1x128;1x1x8x128;1x1x8x1;1;1;1;1;1;1;1;1;1;1;1;1;1;1;1;1;1;1,1x8x-1x128;1x16x128x-1,__myl_AddSqrDivMulMulResSliSliNegConMulMulAddConResRepResTra_0x5aea462b6a819ceadd3ebb32874c078f
660,__mye677222_myl0_660,signal,inputs=NONE|outputs=NONE,NONE,NONE,UNKNOWN
661,__myl_FcCas_myl0_661,fusion,inputs=Int8;Int8|outputs=Half,1x1x1024;1x1024x2048,1x1x2048,sm80_xmma_gemm_i8f32_i8i32_f32_tn_n_tilesize32x64x64_stage6_warpsize2x2x1_tensor16x8x32_by_fusion_tactic
662,__myl_ResMulMea_myl0_662,kgen,inputs=Half|outputs=Half;Half,1x1x2048,1x1x16x1;1x1x16x128,__myl_ResMulMea_0xf2413012cd9ac6341b95d78f3432c656
663,__myl_AddSqrDivMulMulResSliSliNegConMulMulAdd_myl0_663,kgen,inputs=Half;Half;Half;Half;Half|outputs=Half,1x1x1x128;1x1x1x128;1x1x1x128;1x1x16x128;1x1x16x1,1x16x1x128,__myl_AddSqrDivMulMulResSliSliNegConMulMulAdd_0xf1ba08cc3beaba8ee91b0504be9c2cf4
664,__mye677224_myl0_664,wait,inputs=NONE|outputs=NONE,NONE,NONE,UNKNOWN
665,/MatMul_52_myl0_665,gemm,inputs=Half;Half;Float;Float|outputs=Half,16x1x128;16x128x-1;1;1,16x1x-1,sm80_xmma_gemm_f16f16_f16f32_f32_nn_n_tilesize32x32x64_stage6_warpsize2x2x1_tensor16x8x16_aligna2_alignc2
666,__myl_MulMaxSubExpSumDivMul_myl0_666,kgen,inputs=Half;Int64;Int64|outputs=Half,1x16x1x-1;1;1,1x16x1x-1,__myl_MulMaxSubExpSumDivMul_0x1108f5a078d6e65507c06537b9b2e43f
667,__mye677228_myl0_667,wait,inputs=NONE|outputs=NONE,NONE,NONE,UNKNOWN
668,/MatMul_53_myl0_668,gemm,inputs=Half;Half;Float;Float|outputs=Half,16x1x-1;16x-1x128;1;1,16x1x128,sm80_xmma_gemm_f16f16_f16f32_f32_nn_n_tilesize64x128x32_stage5_warpsize2x2x1_tensor16x8x16_aligna2_alignc2
669,__myl_MulMinMaxRouCas_myl0_669,kgen,inputs=Half|outputs=Int8,16x1x128,16x1x128,__myl_MulMinMaxRouCas_0x998f9d85786c1705f75b803510b59e30
670,__myl_FcCasAdd_myl0_670,fusion,inputs=Half;Int8;Int8|outputs=Half,1x1x1024;1x1x2048;1x2048x1024,1x1x1024,sm80_xmma_gemm_i8f32_i8i32_f32_tn_n_tilesize32x64x64_stage6_warpsize2x2x1_tensor16x8x32_by_fusion_tactic
671,__myl_MulMeaAddSqrDivMulMulMulMinMaxRouCas_myl0_671,kgen,inputs=Half;Half;Half;Half|outputs=Int8;Half,1x1x1024;1x1x1024;1x1x1024;1x1x1024,1x1x1024;1x1x1024,__myl_MulMeaAddSqrDivMulMulMulMinMaxRouCas_0x2d193f06c4770a0b130c316a9152d3bb
672,/up_proj_26/MatMul_myl0_672,gemm,inputs=Half;Half;Float;Float|outputs=Half,1x1x1024;1x1024x3072;1;1,1x1x3072,sm80_xmma_gemm_f16f16_f16f16_f16_tn_n_tilesize32x32x64_stage6_warpsize2x2x1_tensor16x8x16
673,__myl_FcCasNegExpAddDivMulMul_myl0_673,fusion,inputs=Half;Int8;Int8|outputs=Half,1x1x3072;1x1x1024;1x1024x3072,1x1x3072,sm80_xmma_gemm_i8i8_i8i32_f32_tn_n_tilesize32x64x64_stage6_warpsize2x2x1_tensor16x8x32_by_fusion_tactic
674,__myl_FcAdd_myl0_674,fusion,inputs=Half;Half;Half|outputs=Half,1x1x1024;1x1x3072;1x3072x1024,1x1x1024,sm80_xmma_gemm_f16f16_f16f16_f16_nn_n_tilesize64x128x32_stage5_warpsize2x2x1_tensor16x8x16_by_fusion_tactic
675,__myl_MulMeaAddSqrDivMulDivMinMaxRouCasDivMinMaxRouCasDivMinMaxRouCas_myl0_675,kgen,inputs=Half;Half;Half;Half;Half;Half|outputs=Int8;Int8;Int8,1x1x1024;1x1x1024;1x1x1024;1x1x1024;1x1x1024;1x1x1024,1x1x1024;1x1x1024;1x1x1024,__myl_MulMeaAddSqrDivMulDivMinMaxRouCasDivMinMaxRouCasDivMinMaxRouCas_0x9f2c300bb597625319cadec4728f9bc5
676,__mye677230_myl0_676,signal,inputs=NONE|outputs=NONE,NONE,NONE,UNKNOWN
677,__mye677232_myl0_677,wait,inputs=NONE|outputs=NONE,NONE,NONE,UNKNOWN
678,__myl_FcCas_myl0_678,fusion,inputs=Int8;Int8|outputs=Half,1x1x1024;1x1024x1024,1x1x1024,sm80_xmma_gemm_i8f32_i8i32_f32_tn_n_tilesize32x64x64_stage6_warpsize2x2x1_tensor16x8x32_by_fusion_tactic
679,__myl_ResConResRep_myl0_679,kgen,inputs=Half;Half;Int64;Int64;Int64;Int64;Int64;Int64;Int64;Int64;Int64;Int64;Int64;Int64;Int64;Int64|outputs=Half;Half,1x8x-1x128;1x1x1024;1;1;1;1;1;1;1;1;1;1;1;1;1;1,1x8x-1x128;1x8x2x-1x128,__myl_ResConResRep_0x9d40828c020eb6bb972be950c35191c1
680,__mye677240_myl0_680,signal,inputs=NONE|outputs=NONE,NONE,NONE,UNKNOWN
681,__mye677234_myl0_681,wait,inputs=NONE|outputs=NONE,NONE,NONE,UNKNOWN
682,__myl_FcCas_myl0_682,fusion,inputs=Int8;Int8|outputs=Half,1x1x1024;1x1024x1024,1x1x1024,sm80_xmma_gemm_i8f32_i8i32_f32_tn_n_tilesize32x64x64_stage6_warpsize2x2x1_tensor16x8x32_by_fusion_tactic
683,__myl_ResMulMea_myl0_683,kgen,inputs=Half|outputs=Half;Half,1x1x1024,1x1x8x1;1x1x8x128,__myl_ResMulMea_0x3c91498c3beee36a5653966af1581a8a
684,__myl_AddSqrDivMulMulResSliSliNegConMulMulAddConResRepResTra_myl0_684,kgen,inputs=Half;Half;Half;Half;Half;Half;Int64;Int64;Int64;Int64;Int64;Int64;Int64;Int64;Int64;Int64;Int64;Int64;Int64;Int64;Int64;Int64;Int64;Int64|outputs=Half;Half,1x8x-1x128;1x1x1x128;1x1x1x128;1x1x1x128;1x1x8x128;1x1x8x1;1;1;1;1;1;1;1;1;1;1;1;1;1;1;1;1;1;1,1x8x-1x128;1x16x128x-1,__myl_AddSqrDivMulMulResSliSliNegConMulMulAddConResRepResTra_0x5aea462b6a819ceadd3ebb32874c078f
685,__mye677236_myl0_685,signal,inputs=NONE|outputs=NONE,NONE,NONE,UNKNOWN
686,__myl_FcCas_myl0_686,fusion,inputs=Int8;Int8|outputs=Half,1x1x1024;1x1024x2048,1x1x2048,sm80_xmma_gemm_i8f32_i8i32_f32_tn_n_tilesize32x64x64_stage6_warpsize2x2x1_tensor16x8x32_by_fusion_tactic
687,__myl_ResMulMea_myl0_687,kgen,inputs=Half|outputs=Half;Half,1x1x2048,1x1x16x1;1x1x16x128,__myl_ResMulMea_0xf2413012cd9ac6341b95d78f3432c656
688,__myl_AddSqrDivMulMulResSliSliNegConMulMulAdd_myl0_688,kgen,inputs=Half;Half;Half;Half;Half|outputs=Half,1x1x1x128;1x1x1x128;1x1x1x128;1x1x16x128;1x1x16x1,1x16x1x128,__myl_AddSqrDivMulMulResSliSliNegConMulMulAdd_0xf1ba08cc3beaba8ee91b0504be9c2cf4
689,__mye677238_myl0_689,wait,inputs=NONE|outputs=NONE,NONE,NONE,UNKNOWN
690,/MatMul_54_myl0_690,gemm,inputs=Half;Half;Float;Float|outputs=Half,16x1x128;16x128x-1;1;1,16x1x-1,sm80_xmma_gemm_f16f16_f16f32_f32_nn_n_tilesize32x32x64_stage6_warpsize2x2x1_tensor16x8x16_aligna2_alignc2
691,__myl_MulMaxSubExpSumDivMul_myl0_691,kgen,inputs=Half;Int64;Int64|outputs=Half,1x16x1x-1;1;1,1x16x1x-1,__myl_MulMaxSubExpSumDivMul_0x1108f5a078d6e65507c06537b9b2e43f
692,__mye677242_myl0_692,wait,inputs=NONE|outputs=NONE,NONE,NONE,UNKNOWN
693,/MatMul_55_myl0_693,gemm,inputs=Half;Half;Float;Float|outputs=Half,16x1x-1;16x-1x128;1;1,16x1x128,sm80_xmma_gemm_f16f16_f16f32_f32_nn_n_tilesize64x128x32_stage5_warpsize2x2x1_tensor16x8x16_aligna2_alignc2
694,__myl_FcAdd_myl0_694,fusion,inputs=Half;Half;Half|outputs=Half,1x1x1024;1x1x2048;1x2048x1024,1x1x1024,sm80_xmma_gemm_f16f16_f16f16_f16_tn_n_tilesize32x32x64_stage6_warpsize2x2x1_tensor16x8x16_by_fusion_tactic
695,__myl_MulMeaAddSqrDivMulMul_myl0_695,kgen,inputs=Half;Half;Half;Half|outputs=Half,1x1x1024;1x1x1024;1x1x1024;1x1x1024,1x1x1024,__myl_MulMeaAddSqrDivMulMul_0x8548fa9a57c713be1fdaa27c95458b99
696,/up_proj_27/MatMul_myl0_696,gemm,inputs=Half;Half;Float;Float|outputs=Half,1x1x1024;1x1024x3072;1;1,1x1x3072,sm80_xmma_gemm_f16f16_f16f32_f32_tn_n_tilesize32x32x64_stage6_warpsize2x2x1_tensor16x8x16
697,__myl_FcNegExpAddDivMulMul_myl0_697,fusion,inputs=Half;Half;Half|outputs=Half,1x1x3072;1x1x1024;1x1024x3072,1x1x3072,sm80_xmma_gemm_f16f16_f16f16_f16_tn_n_tilesize32x32x64_stage6_warpsize2x2x1_tensor16x8x16_by_fusion_tactic
698,__myl_FcAdd_myl0_698,fusion,inputs=Half;Half;Half|outputs=Half,1x1x1024;1x1x3072;1x3072x1024,1x1x1024,sm80_xmma_gemm_f16f16_f16f16_f16_nn_n_tilesize64x128x32_stage5_warpsize2x2x1_tensor16x8x16_by_fusion_tactic
