timestamp,version,pattern,seed,N,block_size,repeat,reference_sum,gpu_sum,absolute_error,sum_abs,normalized_error,tolerance,runtime_success,correctness,error_message
2026-08-30T16:51:51Z,V1,ones,46202862,1,32,1,1,1,0,1,0,3.8610239724006552e-06,true,PASS,
2026-08-30T16:51:51Z,V1,ones,46202862,1,32,2,1,1,0,1,0,3.8610239724006552e-06,true,PASS,
2026-08-30T16:51:51Z,V1,ones,46202862,1,32,3,1,1,0,1,0,3.8610239724006552e-06,true,PASS,
2026-08-30T16:51:51Z,V2,ones,46202862,1,32,1,1,1,0,1,0,3.8610239724006552e-06,true,PASS,
2026-08-30T16:51:51Z,V2,ones,46202862,1,32,2,1,1,0,1,0,3.8610239724006552e-06,true,PASS,
2026-08-30T16:51:51Z,V2,ones,46202862,1,32,3,1,1,0,1,0,3.8610239724006552e-06,true,PASS,
2026-08-30T16:51:51Z,V3,ones,46202862,1,32,1,1,1,0,1,0,3.8610239724006552e-06,true,PASS,
2026-08-30T16:51:51Z,V3,ones,46202862,1,32,2,1,1,0,1,0,3.8610239724006552e-06,true,PASS,
2026-08-30T16:51:51Z,V3,ones,46202862,1,32,3,1,1,0,1,0,3.8610239724006552e-06,true,PASS,
2026-08-30T16:51:51Z,V4,ones,46202862,1,32,1,1,1,0,1,0,3.8610239724006552e-06,true,PASS,
2026-08-30T16:51:51Z,V4,ones,46202862,1,32,2,1,1,0,1,0,3.8610239724006552e-06,true,PASS,
2026-08-30T16:51:51Z,V4,ones,46202862,1,32,3,1,1,0,1,0,3.8610239724006552e-06,true,PASS,
2026-08-30T16:51:51Z,V5,ones,46202862,1,32,1,1,1,0,1,0,3.8610239724006552e-06,true,PASS,
2026-08-30T16:51:51Z,V5,ones,46202862,1,32,2,1,1,0,1,0,3.8610239724006552e-06,true,PASS,
2026-08-30T16:51:51Z,V5,ones,46202862,1,32,3,1,1,0,1,0,3.8610239724006552e-06,true,PASS,
2026-08-30T16:51:51Z,V6,ones,46202862,1,32,1,1,1,0,1,0,3.8610239724006552e-06,true,PASS,
2026-08-30T16:51:51Z,V6,ones,46202862,1,32,2,1,1,0,1,0,3.8610239724006552e-06,true,PASS,
2026-08-30T16:51:51Z,V6,ones,46202862,1,32,3,1,1,0,1,0,3.8610239724006552e-06,true,PASS,
2026-08-30T16:51:51Z,V7,ones,46202862,1,32,1,1,1,0,1,0,3.8610239724006552e-06,true,PASS,
2026-08-30T16:51:51Z,V7,ones,46202862,1,32,2,1,1,0,1,0,3.8610239724006552e-06,true,PASS,
2026-08-30T16:51:51Z,V7,ones,46202862,1,32,3,1,1,0,1,0,3.8610239724006552e-06,true,PASS,
2026-08-30T16:51:51Z,V1,signed_seeded,46202862,1,32,1,-0.34256291389465332,-0.34256291389465332,0,0.34256291389465332,0,1.9800807087080245e-06,true,PASS,
2026-08-30T16:51:51Z,V1,signed_seeded,46202862,1,32,2,-0.34256291389465332,-0.34256291389465332,0,0.34256291389465332,0,1.9800807087080245e-06,true,PASS,
2026-08-30T16:51:51Z,V1,signed_seeded,46202862,1,32,3,-0.34256291389465332,-0.34256291389465332,0,0.34256291389465332,0,1.9800807087080245e-06,true,PASS,
2026-08-30T16:51:51Z,V2,signed_seeded,46202862,1,32,1,-0.34256291389465332,-0.34256291389465332,0,0.34256291389465332,0,1.9800807087080245e-06,true,PASS,
2026-08-30T16:51:51Z,V2,signed_seeded,46202862,1,32,2,-0.34256291389465332,-0.34256291389465332,0,0.34256291389465332,0,1.9800807087080245e-06,true,PASS,
2026-08-30T16:51:51Z,V2,signed_seeded,46202862,1,32,3,-0.34256291389465332,-0.34256291389465332,0,0.34256291389465332,0,1.9800807087080245e-06,true,PASS,
2026-08-30T16:51:51Z,V3,signed_seeded,46202862,1,32,1,-0.34256291389465332,-0.34256291389465332,0,0.34256291389465332,0,1.9800807087080245e-06,true,PASS,
2026-08-30T16:51:51Z,V3,signed_seeded,46202862,1,32,2,-0.34256291389465332,-0.34256291389465332,0,0.34256291389465332,0,1.9800807087080245e-06,true,PASS,
2026-08-30T16:51:51Z,V3,signed_seeded,46202862,1,32,3,-0.34256291389465332,-0.34256291389465332,0,0.34256291389465332,0,1.9800807087080245e-06,true,PASS,
2026-08-30T16:51:51Z,V4,signed_seeded,46202862,1,32,1,-0.34256291389465332,-0.34256291389465332,0,0.34256291389465332,0,1.9800807087080245e-06,true,PASS,
2026-08-30T16:51:51Z,V4,signed_seeded,46202862,1,32,2,-0.34256291389465332,-0.34256291389465332,0,0.34256291389465332,0,1.9800807087080245e-06,true,PASS,
2026-08-30T16:51:51Z,V4,signed_seeded,46202862,1,32,3,-0.34256291389465332,-0.34256291389465332,0,0.34256291389465332,0,1.9800807087080245e-06,true,PASS,
2026-08-30T16:51:51Z,V5,signed_seeded,46202862,1,32,1,-0.34256291389465332,-0.34256291389465332,0,0.34256291389465332,0,1.9800807087080245e-06,true,PASS,
2026-08-30T16:51:51Z,V5,signed_seeded,46202862,1,32,2,-0.34256291389465332,-0.34256291389465332,0,0.34256291389465332,0,1.9800807087080245e-06,true,PASS,
2026-08-30T16:51:51Z,V5,signed_seeded,46202862,1,32,3,-0.34256291389465332,-0.34256291389465332,0,0.34256291389465332,0,1.9800807087080245e-06,true,PASS,
2026-08-30T16:51:51Z,V6,signed_seeded,46202862,1,32,1,-0.34256291389465332,-0.34256291389465332,0,0.34256291389465332,0,1.9800807087080245e-06,true,PASS,
2026-08-30T16:51:51Z,V6,signed_seeded,46202862,1,32,2,-0.34256291389465332,-0.34256291389465332,0,0.34256291389465332,0,1.9800807087080245e-06,true,PASS,
2026-08-30T16:51:51Z,V6,signed_seeded,46202862,1,32,3,-0.34256291389465332,-0.34256291389465332,0,0.34256291389465332,0,1.9800807087080245e-06,true,PASS,
2026-08-30T16:51:51Z,V7,signed_seeded,46202862,1,32,1,-0.34256291389465332,-0.34256291389465332,0,0.34256291389465332,0,1.9800807087080245e-06,true,PASS,
2026-08-30T16:51:51Z,V7,signed_seeded,46202862,1,32,2,-0.34256291389465332,-0.34256291389465332,0,0.34256291389465332,0,1.9800807087080245e-06,true,PASS,
2026-08-30T16:51:51Z,V7,signed_seeded,46202862,1,32,3,-0.34256291389465332,-0.34256291389465332,0,0.34256291389465332,0,1.9800807087080245e-06,true,PASS,
2026-08-30T16:51:51Z,V1,cancellation,46202862,1,32,1,0.25,0.25,0,0.25,0,1.7152559931001638e-06,true,PASS,
2026-08-30T16:51:51Z,V1,cancellation,46202862,1,32,2,0.25,0.25,0,0.25,0,1.7152559931001638e-06,true,PASS,
2026-08-30T16:51:51Z,V1,cancellation,46202862,1,32,3,0.25,0.25,0,0.25,0,1.7152559931001638e-06,true,PASS,
2026-08-30T16:51:51Z,V2,cancellation,46202862,1,32,1,0.25,0.25,0,0.25,0,1.7152559931001638e-06,true,PASS,
2026-08-30T16:51:51Z,V2,cancellation,46202862,1,32,2,0.25,0.25,0,0.25,0,1.7152559931001638e-06,true,PASS,
2026-08-30T16:51:51Z,V2,cancellation,46202862,1,32,3,0.25,0.25,0,0.25,0,1.7152559931001638e-06,true,PASS,
2026-08-30T16:51:51Z,V3,cancellation,46202862,1,32,1,0.25,0.25,0,0.25,0,1.7152559931001638e-06,true,PASS,
2026-08-30T16:51:51Z,V3,cancellation,46202862,1,32,2,0.25,0.25,0,0.25,0,1.7152559931001638e-06,true,PASS,
2026-08-30T16:51:51Z,V3,cancellation,46202862,1,32,3,0.25,0.25,0,0.25,0,1.7152559931001638e-06,true,PASS,
2026-08-30T16:51:51Z,V4,cancellation,46202862,1,32,1,0.25,0.25,0,0.25,0,1.7152559931001638e-06,true,PASS,
2026-08-30T16:51:51Z,V4,cancellation,46202862,1,32,2,0.25,0.25,0,0.25,0,1.7152559931001638e-06,true,PASS,
2026-08-30T16:51:51Z,V4,cancellation,46202862,1,32,3,0.25,0.25,0,0.25,0,1.7152559931001638e-06,true,PASS,
2026-08-30T16:51:51Z,V5,cancellation,46202862,1,32,1,0.25,0.25,0,0.25,0,1.7152559931001638e-06,true,PASS,
2026-08-30T16:51:51Z,V5,cancellation,46202862,1,32,2,0.25,0.25,0,0.25,0,1.7152559931001638e-06,true,PASS,
2026-08-30T16:51:51Z,V5,cancellation,46202862,1,32,3,0.25,0.25,0,0.25,0,1.7152559931001638e-06,true,PASS,
2026-08-30T16:51:51Z,V6,cancellation,46202862,1,32,1,0.25,0.25,0,0.25,0,1.7152559931001638e-06,true,PASS,
2026-08-30T16:51:51Z,V6,cancellation,46202862,1,32,2,0.25,0.25,0,0.25,0,1.7152559931001638e-06,true,PASS,
2026-08-30T16:51:51Z,V6,cancellation,46202862,1,32,3,0.25,0.25,0,0.25,0,1.7152559931001638e-06,true,PASS,
2026-08-30T16:51:51Z,V7,cancellation,46202862,1,32,1,0.25,0.25,0,0.25,0,1.7152559931001638e-06,true,PASS,
2026-08-30T16:51:51Z,V7,cancellation,46202862,1,32,2,0.25,0.25,0,0.25,0,1.7152559931001638e-06,true,PASS,
2026-08-30T16:51:51Z,V7,cancellation,46202862,1,32,3,0.25,0.25,0,0.25,0,1.7152559931001638e-06,true,PASS,
2026-08-30T16:51:51Z,V1,ones,46202862,31,32,1,31,31,0,31,0,0.00020794749935060686,true,PASS,
2026-08-30T16:51:51Z,V1,ones,46202862,31,32,2,31,31,0,31,0,0.00020794749935060686,true,PASS,
2026-08-30T16:51:51Z,V1,ones,46202862,31,32,3,31,31,0,31,0,0.00020794749935060686,true,PASS,
2026-08-30T16:51:51Z,V2,ones,46202862,31,32,1,31,31,0,31,0,0.00020794749935060686,true,PASS,
2026-08-30T16:51:51Z,V2,ones,46202862,31,32,2,31,31,0,31,0,0.00020794749935060686,true,PASS,
2026-08-30T16:51:51Z,V2,ones,46202862,31,32,3,31,31,0,31,0,0.00020794749935060686,true,PASS,
2026-08-30T16:51:51Z,V3,ones,46202862,31,32,1,31,31,0,31,0,0.00020794749935060686,true,PASS,
2026-08-30T16:51:51Z,V3,ones,46202862,31,32,2,31,31,0,31,0,0.00020794749935060686,true,PASS,
2026-08-30T16:51:51Z,V3,ones,46202862,31,32,3,31,31,0,31,0,0.00020794749935060686,true,PASS,
2026-08-30T16:51:51Z,V4,ones,46202862,31,32,1,31,31,0,31,0,0.00020794749935060686,true,PASS,
2026-08-30T16:51:51Z,V4,ones,46202862,31,32,2,31,31,0,31,0,0.00020794749935060686,true,PASS,
2026-08-30T16:51:51Z,V4,ones,46202862,31,32,3,31,31,0,31,0,0.00020794749935060686,true,PASS,
2026-08-30T16:51:51Z,V5,ones,46202862,31,32,1,31,31,0,31,0,0.00020794749935060686,true,PASS,
2026-08-30T16:51:51Z,V5,ones,46202862,31,32,2,31,31,0,31,0,0.00020794749935060686,true,PASS,
2026-08-30T16:51:51Z,V5,ones,46202862,31,32,3,31,31,0,31,0,0.00020794749935060686,true,PASS,
2026-08-30T16:51:51Z,V6,ones,46202862,31,32,1,31,31,0,31,0,0.00020794749935060686,true,PASS,
2026-08-30T16:51:51Z,V6,ones,46202862,31,32,2,31,31,0,31,0,0.00020794749935060686,true,PASS,
2026-08-30T16:51:51Z,V6,ones,46202862,31,32,3,31,31,0,31,0,0.00020794749935060686,true,PASS,
2026-08-30T16:51:51Z,V7,ones,46202862,31,32,1,31,31,0,31,0,0.00020794749935060686,true,PASS,
2026-08-30T16:51:51Z,V7,ones,46202862,31,32,2,31,31,0,31,0,0.00020794749935060686,true,PASS,
2026-08-30T16:51:51Z,V7,ones,46202862,31,32,3,31,31,0,31,0,0.00020794749935060686,true,PASS,
2026-08-30T16:51:51Z,V1,signed_seeded,46202862,31,32,1,-1.292447566986084,-1.2924474477767944,1.1920928955078125e-07,13.190808534622192,9.0372996649818792e-09,8.9058220666216311e-05,true,PASS,
2026-08-30T16:51:51Z,V1,signed_seeded,46202862,31,32,2,-1.292447566986084,-1.2924474477767944,1.1920928955078125e-07,13.190808534622192,9.0372996649818792e-09,8.9058220666216311e-05,true,PASS,
2026-08-30T16:51:51Z,V1,signed_seeded,46202862,31,32,3,-1.292447566986084,-1.2924474477767944,1.1920928955078125e-07,13.190808534622192,9.0372996649818792e-09,8.9058220666216311e-05,true,PASS,
2026-08-30T16:51:51Z,V2,signed_seeded,46202862,31,32,1,-1.292447566986084,-1.2924474477767944,1.1920928955078125e-07,13.190808534622192,9.0372996649818792e-09,8.9058220666216311e-05,true,PASS,
2026-08-30T16:51:51Z,V2,signed_seeded,46202862,31,32,2,-1.292447566986084,-1.2924474477767944,1.1920928955078125e-07,13.190808534622192,9.0372996649818792e-09,8.9058220666216311e-05,true,PASS,
2026-08-30T16:51:51Z,V2,signed_seeded,46202862,31,32,3,-1.292447566986084,-1.2924474477767944,1.1920928955078125e-07,13.190808534622192,9.0372996649818792e-09,8.9058220666216311e-05,true,PASS,
2026-08-30T16:51:51Z,V3,signed_seeded,46202862,31,32,1,-1.292447566986084,-1.2924474477767944,1.1920928955078125e-07,13.190808534622192,9.0372996649818792e-09,8.9058220666216311e-05,true,PASS,
2026-08-30T16:51:51Z,V3,signed_seeded,46202862,31,32,2,-1.292447566986084,-1.2924474477767944,1.1920928955078125e-07,13.190808534622192,9.0372996649818792e-09,8.9058220666216311e-05,true,PASS,
2026-08-30T16:51:51Z,V3,signed_seeded,46202862,31,32,3,-1.292447566986084,-1.2924474477767944,1.1920928955078125e-07,13.190808534622192,9.0372996649818792e-09,8.9058220666216311e-05,true,PASS,
2026-08-30T16:51:51Z,V4,signed_seeded,46202862,31,32,1,-1.292447566986084,-1.2924476861953735,1.1920928955078125e-07,13.190808534622192,9.0372996649818792e-09,8.9058220666216311e-05,true,PASS,
2026-08-30T16:51:51Z,V4,signed_seeded,46202862,31,32,2,-1.292447566986084,-1.2924476861953735,1.1920928955078125e-07,13.190808534622192,9.0372996649818792e-09,8.9058220666216311e-05,true,PASS,
2026-08-30T16:51:51Z,V4,signed_seeded,46202862,31,32,3,-1.292447566986084,-1.2924476861953735,1.1920928955078125e-07,13.190808534622192,9.0372996649818792e-09,8.9058220666216311e-05,true,PASS,
2026-08-30T16:51:51Z,V5,signed_seeded,46202862,31,32,1,-1.292447566986084,-1.2924476861953735,1.1920928955078125e-07,13.190808534622192,9.0372996649818792e-09,8.9058220666216311e-05,true,PASS,
2026-08-30T16:51:51Z,V5,signed_seeded,46202862,31,32,2,-1.292447566986084,-1.2924476861953735,1.1920928955078125e-07,13.190808534622192,9.0372996649818792e-09,8.9058220666216311e-05,true,PASS,
2026-08-30T16:51:51Z,V5,signed_seeded,46202862,31,32,3,-1.292447566986084,-1.2924476861953735,1.1920928955078125e-07,13.190808534622192,9.0372996649818792e-09,8.9058220666216311e-05,true,PASS,
2026-08-30T16:51:51Z,V6,signed_seeded,46202862,31,32,1,-1.292447566986084,-1.2924476861953735,1.1920928955078125e-07,13.190808534622192,9.0372996649818792e-09,8.9058220666216311e-05,true,PASS,
2026-08-30T16:51:51Z,V6,signed_seeded,46202862,31,32,2,-1.292447566986084,-1.2924476861953735,1.1920928955078125e-07,13.190808534622192,9.0372996649818792e-09,8.9058220666216311e-05,true,PASS,
2026-08-30T16:51:51Z,V6,signed_seeded,46202862,31,32,3,-1.292447566986084,-1.2924476861953735,1.1920928955078125e-07,13.190808534622192,9.0372996649818792e-09,8.9058220666216311e-05,true,PASS,
2026-08-30T16:51:51Z,V7,signed_seeded,46202862,31,32,1,-1.292447566986084,-1.2924476861953735,1.1920928955078125e-07,13.190808534622192,9.0372996649818792e-09,8.9058220666216311e-05,true,PASS,
2026-08-30T16:51:51Z,V7,signed_seeded,46202862,31,32,2,-1.292447566986084,-1.2924476861953735,1.1920928955078125e-07,13.190808534622192,9.0372996649818792e-09,8.9058220666216311e-05,true,PASS,
2026-08-30T16:51:51Z,V7,signed_seeded,46202862,31,32,3,-1.292447566986084,-1.2924476861953735,1.1920928955078125e-07,13.190808534622192,9.0372996649818792e-09,8.9058220666216311e-05,true,PASS,
2026-08-30T16:51:51Z,V1,cancellation,46202862,31,32,1,0.71875,0.71875,0,14.84375,0,0.00010009280462856679,true,PASS,
2026-08-30T16:51:51Z,V1,cancellation,46202862,31,32,2,0.71875,0.71875,0,14.84375,0,0.00010009280462856679,true,PASS,
2026-08-30T16:51:51Z,V1,cancellation,46202862,31,32,3,0.71875,0.71875,0,14.84375,0,0.00010009280462856679,true,PASS,
2026-08-30T16:51:51Z,V2,cancellation,46202862,31,32,1,0.71875,0.71875,0,14.84375,0,0.00010009280462856679,true,PASS,
2026-08-30T16:51:51Z,V2,cancellation,46202862,31,32,2,0.71875,0.71875,0,14.84375,0,0.00010009280462856679,true,PASS,
2026-08-30T16:51:51Z,V2,cancellation,46202862,31,32,3,0.71875,0.71875,0,14.84375,0,0.00010009280462856679,true,PASS,
2026-08-30T16:51:51Z,V3,cancellation,46202862,31,32,1,0.71875,0.71875,0,14.84375,0,0.00010009280462856679,true,PASS,
2026-08-30T16:51:51Z,V3,cancellation,46202862,31,32,2,0.71875,0.71875,0,14.84375,0,0.00010009280462856679,true,PASS,
2026-08-30T16:51:51Z,V3,cancellation,46202862,31,32,3,0.71875,0.71875,0,14.84375,0,0.00010009280462856679,true,PASS,
2026-08-30T16:51:51Z,V4,cancellation,46202862,31,32,1,0.71875,0.71875,0,14.84375,0,0.00010009280462856679,true,PASS,
2026-08-30T16:51:51Z,V4,cancellation,46202862,31,32,2,0.71875,0.71875,0,14.84375,0,0.00010009280462856679,true,PASS,
2026-08-30T16:51:51Z,V4,cancellation,46202862,31,32,3,0.71875,0.71875,0,14.84375,0,0.00010009280462856679,true,PASS,
2026-08-30T16:51:51Z,V5,cancellation,46202862,31,32,1,0.71875,0.71875,0,14.84375,0,0.00010009280462856679,true,PASS,
2026-08-30T16:51:51Z,V5,cancellation,46202862,31,32,2,0.71875,0.71875,0,14.84375,0,0.00010009280462856679,true,PASS,
2026-08-30T16:51:51Z,V5,cancellation,46202862,31,32,3,0.71875,0.71875,0,14.84375,0,0.00010009280462856679,true,PASS,
2026-08-30T16:51:51Z,V6,cancellation,46202862,31,32,1,0.71875,0.71875,0,14.84375,0,0.00010009280462856679,true,PASS,
2026-08-30T16:51:51Z,V6,cancellation,46202862,31,32,2,0.71875,0.71875,0,14.84375,0,0.00010009280462856679,true,PASS,
2026-08-30T16:51:51Z,V6,cancellation,46202862,31,32,3,0.71875,0.71875,0,14.84375,0,0.00010009280462856679,true,PASS,
2026-08-30T16:51:51Z,V7,cancellation,46202862,31,32,1,0.71875,0.71875,0,14.84375,0,0.00010009280462856679,true,PASS,
2026-08-30T16:51:51Z,V7,cancellation,46202862,31,32,2,0.71875,0.71875,0,14.84375,0,0.00010009280462856679,true,PASS,
2026-08-30T16:51:51Z,V7,cancellation,46202862,31,32,3,0.71875,0.71875,0,14.84375,0,0.00010009280462856679,true,PASS,
2026-08-30T16:51:51Z,V1,ones,46202862,32,32,1,32,32,0,32,0,0.0002146232251361103,true,PASS,
2026-08-30T16:51:51Z,V1,ones,46202862,32,32,2,32,32,0,32,0,0.0002146232251361103,true,PASS,
2026-08-30T16:51:51Z,V1,ones,46202862,32,32,3,32,32,0,32,0,0.0002146232251361103,true,PASS,
2026-08-30T16:51:51Z,V2,ones,46202862,32,32,1,32,32,0,32,0,0.0002146232251361103,true,PASS,
2026-08-30T16:51:51Z,V2,ones,46202862,32,32,2,32,32,0,32,0,0.0002146232251361103,true,PASS,
2026-08-30T16:51:51Z,V2,ones,46202862,32,32,3,32,32,0,32,0,0.0002146232251361103,true,PASS,
2026-08-30T16:51:51Z,V3,ones,46202862,32,32,1,32,32,0,32,0,0.0002146232251361103,true,PASS,
2026-08-30T16:51:51Z,V3,ones,46202862,32,32,2,32,32,0,32,0,0.0002146232251361103,true,PASS,
2026-08-30T16:51:51Z,V3,ones,46202862,32,32,3,32,32,0,32,0,0.0002146232251361103,true,PASS,
2026-08-30T16:51:51Z,V4,ones,46202862,32,32,1,32,32,0,32,0,0.0002146232251361103,true,PASS,
2026-08-30T16:51:51Z,V4,ones,46202862,32,32,2,32,32,0,32,0,0.0002146232251361103,true,PASS,
2026-08-30T16:51:51Z,V4,ones,46202862,32,32,3,32,32,0,32,0,0.0002146232251361103,true,PASS,
2026-08-30T16:51:51Z,V5,ones,46202862,32,32,1,32,32,0,32,0,0.0002146232251361103,true,PASS,
2026-08-30T16:51:51Z,V5,ones,46202862,32,32,2,32,32,0,32,0,0.0002146232251361103,true,PASS,
2026-08-30T16:51:51Z,V5,ones,46202862,32,32,3,32,32,0,32,0,0.0002146232251361103,true,PASS,
2026-08-30T16:51:51Z,V6,ones,46202862,32,32,1,32,32,0,32,0,0.0002146232251361103,true,PASS,
2026-08-30T16:51:51Z,V6,ones,46202862,32,32,2,32,32,0,32,0,0.0002146232251361103,true,PASS,
2026-08-30T16:51:51Z,V6,ones,46202862,32,32,3,32,32,0,32,0,0.0002146232251361103,true,PASS,
2026-08-30T16:51:51Z,V7,ones,46202862,32,32,1,32,32,0,32,0,0.0002146232251361103,true,PASS,
2026-08-30T16:51:51Z,V7,ones,46202862,32,32,2,32,32,0,32,0,0.0002146232251361103,true,PASS,
2026-08-30T16:51:51Z,V7,ones,46202862,32,32,3,32,32,0,32,0,0.0002146232251361103,true,PASS,
2026-08-30T16:51:51Z,V1,signed_seeded,46202862,32,32,1,-1.9689482450485229,-1.9689481258392334,1.1920928955078125e-07,13.867309212684631,8.5964254292201663e-09,9.35743536866683e-05,true,PASS,
2026-08-30T16:51:51Z,V1,signed_seeded,46202862,32,32,2,-1.9689482450485229,-1.9689481258392334,1.1920928955078125e-07,13.867309212684631,8.5964254292201663e-09,9.35743536866683e-05,true,PASS,
2026-08-30T16:51:51Z,V1,signed_seeded,46202862,32,32,3,-1.9689482450485229,-1.9689481258392334,1.1920928955078125e-07,13.867309212684631,8.5964254292201663e-09,9.35743536866683e-05,true,PASS,
2026-08-30T16:51:51Z,V2,signed_seeded,46202862,32,32,1,-1.9689482450485229,-1.9689481258392334,1.1920928955078125e-07,13.867309212684631,8.5964254292201663e-09,9.35743536866683e-05,true,PASS,
2026-08-30T16:51:51Z,V2,signed_seeded,46202862,32,32,2,-1.9689482450485229,-1.9689481258392334,1.1920928955078125e-07,13.867309212684631,8.5964254292201663e-09,9.35743536866683e-05,true,PASS,
2026-08-30T16:51:51Z,V2,signed_seeded,46202862,32,32,3,-1.9689482450485229,-1.9689481258392334,1.1920928955078125e-07,13.867309212684631,8.5964254292201663e-09,9.35743536866683e-05,true,PASS,
2026-08-30T16:51:51Z,V3,signed_seeded,46202862,32,32,1,-1.9689482450485229,-1.9689481258392334,1.1920928955078125e-07,13.867309212684631,8.5964254292201663e-09,9.35743536866683e-05,true,PASS,
2026-08-30T16:51:51Z,V3,signed_seeded,46202862,32,32,2,-1.9689482450485229,-1.9689481258392334,1.1920928955078125e-07,13.867309212684631,8.5964254292201663e-09,9.35743536866683e-05,true,PASS,
2026-08-30T16:51:51Z,V3,signed_seeded,46202862,32,32,3,-1.9689482450485229,-1.9689481258392334,1.1920928955078125e-07,13.867309212684631,8.5964254292201663e-09,9.35743536866683e-05,true,PASS,
2026-08-30T16:51:51Z,V4,signed_seeded,46202862,32,32,1,-1.9689482450485229,-1.9689484834671021,2.384185791015625e-07,13.867309212684631,1.7192850858440333e-08,9.35743536866683e-05,true,PASS,
2026-08-30T16:51:51Z,V4,signed_seeded,46202862,32,32,2,-1.9689482450485229,-1.9689484834671021,2.384185791015625e-07,13.867309212684631,1.7192850858440333e-08,9.35743536866683e-05,true,PASS,
2026-08-30T16:51:51Z,V4,signed_seeded,46202862,32,32,3,-1.9689482450485229,-1.9689484834671021,2.384185791015625e-07,13.867309212684631,1.7192850858440333e-08,9.35743536866683e-05,true,PASS,
2026-08-30T16:51:51Z,V5,signed_seeded,46202862,32,32,1,-1.9689482450485229,-1.9689484834671021,2.384185791015625e-07,13.867309212684631,1.7192850858440333e-08,9.35743536866683e-05,true,PASS,
2026-08-30T16:51:51Z,V5,signed_seeded,46202862,32,32,2,-1.9689482450485229,-1.9689484834671021,2.384185791015625e-07,13.867309212684631,1.7192850858440333e-08,9.35743536866683e-05,true,PASS,
2026-08-30T16:51:51Z,V5,signed_seeded,46202862,32,32,3,-1.9689482450485229,-1.9689484834671021,2.384185791015625e-07,13.867309212684631,1.7192850858440333e-08,9.35743536866683e-05,true,PASS,
2026-08-30T16:51:51Z,V6,signed_seeded,46202862,32,32,1,-1.9689482450485229,-1.9689484834671021,2.384185791015625e-07,13.867309212684631,1.7192850858440333e-08,9.35743536866683e-05,true,PASS,
2026-08-30T16:51:51Z,V6,signed_seeded,46202862,32,32,2,-1.9689482450485229,-1.9689484834671021,2.384185791015625e-07,13.867309212684631,1.7192850858440333e-08,9.35743536866683e-05,true,PASS,
2026-08-30T16:51:51Z,V6,signed_seeded,46202862,32,32,3,-1.9689482450485229,-1.9689484834671021,2.384185791015625e-07,13.867309212684631,1.7192850858440333e-08,9.35743536866683e-05,true,PASS,
2026-08-30T16:51:51Z,V7,signed_seeded,46202862,32,32,1,-1.9689482450485229,-1.9689484834671021,2.384185791015625e-07,13.867309212684631,1.7192850858440333e-08,9.35743536866683e-05,true,PASS,
2026-08-30T16:51:51Z,V7,signed_seeded,46202862,32,32,2,-1.9689482450485229,-1.9689484834671021,2.384185791015625e-07,13.867309212684631,1.7192850858440333e-08,9.35743536866683e-05,true,PASS,
2026-08-30T16:51:51Z,V7,signed_seeded,46202862,32,32,3,-1.9689482450485229,-1.9689484834671021,2.384185791015625e-07,13.867309212684631,1.7192850858440333e-08,9.35743536866683e-05,true,PASS,
2026-08-30T16:51:51Z,V1,cancellation,46202862,32,32,1,0.03125,0.03125,0,15.53125,0,0.0001046823661061004,true,PASS,
2026-08-30T16:51:51Z,V1,cancellation,46202862,32,32,2,0.03125,0.03125,0,15.53125,0,0.0001046823661061004,true,PASS,
2026-08-30T16:51:51Z,V1,cancellation,46202862,32,32,3,0.03125,0.03125,0,15.53125,0,0.0001046823661061004,true,PASS,
2026-08-30T16:51:51Z,V2,cancellation,46202862,32,32,1,0.03125,0.03125,0,15.53125,0,0.0001046823661061004,true,PASS,
2026-08-30T16:51:51Z,V2,cancellation,46202862,32,32,2,0.03125,0.03125,0,15.53125,0,0.0001046823661061004,true,PASS,
2026-08-30T16:51:51Z,V2,cancellation,46202862,32,32,3,0.03125,0.03125,0,15.53125,0,0.0001046823661061004,true,PASS,
2026-08-30T16:51:51Z,V3,cancellation,46202862,32,32,1,0.03125,0.03125,0,15.53125,0,0.0001046823661061004,true,PASS,
2026-08-30T16:51:51Z,V3,cancellation,46202862,32,32,2,0.03125,0.03125,0,15.53125,0,0.0001046823661061004,true,PASS,
2026-08-30T16:51:51Z,V3,cancellation,46202862,32,32,3,0.03125,0.03125,0,15.53125,0,0.0001046823661061004,true,PASS,
2026-08-30T16:51:51Z,V4,cancellation,46202862,32,32,1,0.03125,0.03125,0,15.53125,0,0.0001046823661061004,true,PASS,
2026-08-30T16:51:51Z,V4,cancellation,46202862,32,32,2,0.03125,0.03125,0,15.53125,0,0.0001046823661061004,true,PASS,
2026-08-30T16:51:51Z,V4,cancellation,46202862,32,32,3,0.03125,0.03125,0,15.53125,0,0.0001046823661061004,true,PASS,
2026-08-30T16:51:51Z,V5,cancellation,46202862,32,32,1,0.03125,0.03125,0,15.53125,0,0.0001046823661061004,true,PASS,
2026-08-30T16:51:51Z,V5,cancellation,46202862,32,32,2,0.03125,0.03125,0,15.53125,0,0.0001046823661061004,true,PASS,
2026-08-30T16:51:51Z,V5,cancellation,46202862,32,32,3,0.03125,0.03125,0,15.53125,0,0.0001046823661061004,true,PASS,
2026-08-30T16:51:51Z,V6,cancellation,46202862,32,32,1,0.03125,0.03125,0,15.53125,0,0.0001046823661061004,true,PASS,
2026-08-30T16:51:51Z,V6,cancellation,46202862,32,32,2,0.03125,0.03125,0,15.53125,0,0.0001046823661061004,true,PASS,
2026-08-30T16:51:51Z,V6,cancellation,46202862,32,32,3,0.03125,0.03125,0,15.53125,0,0.0001046823661061004,true,PASS,
2026-08-30T16:51:51Z,V7,cancellation,46202862,32,32,1,0.03125,0.03125,0,15.53125,0,0.0001046823661061004,true,PASS,
2026-08-30T16:51:51Z,V7,cancellation,46202862,32,32,2,0.03125,0.03125,0,15.53125,0,0.0001046823661061004,true,PASS,
2026-08-30T16:51:51Z,V7,cancellation,46202862,32,32,3,0.03125,0.03125,0,15.53125,0,0.0001046823661061004,true,PASS,
2026-08-30T16:51:51Z,V1,ones,46202862,33,32,1,33,33,0,33,0,0.00025277025963808028,true,PASS,
2026-08-30T16:51:51Z,V1,ones,46202862,33,32,2,33,33,0,33,0,0.00025277025963808028,true,PASS,
2026-08-30T16:51:51Z,V1,ones,46202862,33,32,3,33,33,0,33,0,0.00025277025963808028,true,PASS,
2026-08-30T16:51:51Z,V2,ones,46202862,33,32,1,33,33,0,33,0,0.00025277025963808028,true,PASS,
2026-08-30T16:51:51Z,V2,ones,46202862,33,32,2,33,33,0,33,0,0.00025277025963808028,true,PASS,
2026-08-30T16:51:51Z,V2,ones,46202862,33,32,3,33,33,0,33,0,0.00025277025963808028,true,PASS,
2026-08-30T16:51:51Z,V3,ones,46202862,33,32,1,33,33,0,33,0,0.00025277025963808028,true,PASS,
2026-08-30T16:51:51Z,V3,ones,46202862,33,32,2,33,33,0,33,0,0.00025277025963808028,true,PASS,
2026-08-30T16:51:51Z,V3,ones,46202862,33,32,3,33,33,0,33,0,0.00025277025963808028,true,PASS,
2026-08-30T16:51:51Z,V4,ones,46202862,33,32,1,33,33,0,33,0,0.00025277025963808028,true,PASS,
2026-08-30T16:51:51Z,V4,ones,46202862,33,32,2,33,33,0,33,0,0.00025277025963808028,true,PASS,
2026-08-30T16:51:51Z,V4,ones,46202862,33,32,3,33,33,0,33,0,0.00025277025963808028,true,PASS,
2026-08-30T16:51:51Z,V5,ones,46202862,33,32,1,33,33,0,33,0,0.00025277025963808028,true,PASS,
2026-08-30T16:51:51Z,V5,ones,46202862,33,32,2,33,33,0,33,0,0.00025277025963808028,true,PASS,
2026-08-30T16:51:51Z,V5,ones,46202862,33,32,3,33,33,0,33,0,0.00025277025963808028,true,PASS,
2026-08-30T16:51:51Z,V6,ones,46202862,33,32,1,33,33,0,33,0,0.00025277025963808028,true,PASS,
2026-08-30T16:51:51Z,V6,ones,46202862,33,32,2,33,33,0,33,0,0.00025277025963808028,true,PASS,
2026-08-30T16:51:51Z,V6,ones,46202862,33,32,3,33,33,0,33,0,0.00025277025963808028,true,PASS,
2026-08-30T16:51:51Z,V7,ones,46202862,33,32,1,33,33,0,33,0,0.00025277025963808028,true,PASS,
2026-08-30T16:51:51Z,V7,ones,46202862,33,32,2,33,33,0,33,0,0.00025277025963808028,true,PASS,
2026-08-30T16:51:51Z,V7,ones,46202862,33,32,3,33,33,0,33,0,0.00025277025963808028,true,PASS,
2026-08-30T16:51:51Z,V1,signed_seeded,46202862,33,32,1,-2.3874046206474304,-2.3874044418334961,1.7881393432617188e-07,14.285765588283539,1.2516930452283636e-08,0.00010999184579669391,true,PASS,
2026-08-30T16:51:51Z,V1,signed_seeded,46202862,33,32,2,-2.3874046206474304,-2.3874044418334961,1.7881393432617188e-07,14.285765588283539,1.2516930452283636e-08,0.00010999184579669391,true,PASS,
2026-08-30T16:51:51Z,V1,signed_seeded,46202862,33,32,3,-2.3874046206474304,-2.3874044418334961,1.7881393432617188e-07,14.285765588283539,1.2516930452283636e-08,0.00010999184579669391,true,PASS,
2026-08-30T16:51:51Z,V2,signed_seeded,46202862,33,32,1,-2.3874046206474304,-2.3874044418334961,1.7881393432617188e-07,14.285765588283539,1.2516930452283636e-08,0.00010999184579669391,true,PASS,
2026-08-30T16:51:51Z,V2,signed_seeded,46202862,33,32,2,-2.3874046206474304,-2.3874044418334961,1.7881393432617188e-07,14.285765588283539,1.2516930452283636e-08,0.00010999184579669391,true,PASS,
2026-08-30T16:51:51Z,V2,signed_seeded,46202862,33,32,3,-2.3874046206474304,-2.3874044418334961,1.7881393432617188e-07,14.285765588283539,1.2516930452283636e-08,0.00010999184579669391,true,PASS,
2026-08-30T16:51:51Z,V3,signed_seeded,46202862,33,32,1,-2.3874046206474304,-2.3874044418334961,1.7881393432617188e-07,14.285765588283539,1.2516930452283636e-08,0.00010999184579669391,true,PASS,
2026-08-30T16:51:51Z,V3,signed_seeded,46202862,33,32,2,-2.3874046206474304,-2.3874044418334961,1.7881393432617188e-07,14.285765588283539,1.2516930452283636e-08,0.00010999184579669391,true,PASS,
2026-08-30T16:51:51Z,V3,signed_seeded,46202862,33,32,3,-2.3874046206474304,-2.3874044418334961,1.7881393432617188e-07,14.285765588283539,1.2516930452283636e-08,0.00010999184579669391,true,PASS,
2026-08-30T16:51:51Z,V4,signed_seeded,46202862,33,32,1,-2.3874046206474304,-2.3874049186706543,2.9802322387695312e-07,14.285765588283539,2.086155075380606e-08,0.00010999184579669391,true,PASS,
2026-08-30T16:51:51Z,V4,signed_seeded,46202862,33,32,2,-2.3874046206474304,-2.3874049186706543,2.9802322387695312e-07,14.285765588283539,2.086155075380606e-08,0.00010999184579669391,true,PASS,
2026-08-30T16:51:51Z,V4,signed_seeded,46202862,33,32,3,-2.3874046206474304,-2.3874049186706543,2.9802322387695312e-07,14.285765588283539,2.086155075380606e-08,0.00010999184579669391,true,PASS,
2026-08-30T16:51:51Z,V5,signed_seeded,46202862,33,32,1,-2.3874046206474304,-2.3874049186706543,2.9802322387695312e-07,14.285765588283539,2.086155075380606e-08,0.00010999184579669391,true,PASS,
2026-08-30T16:51:51Z,V5,signed_seeded,46202862,33,32,2,-2.3874046206474304,-2.3874049186706543,2.9802322387695312e-07,14.285765588283539,2.086155075380606e-08,0.00010999184579669391,true,PASS,
2026-08-30T16:51:51Z,V5,signed_seeded,46202862,33,32,3,-2.3874046206474304,-2.3874049186706543,2.9802322387695312e-07,14.285765588283539,2.086155075380606e-08,0.00010999184579669391,true,PASS,
2026-08-30T16:51:51Z,V6,signed_seeded,46202862,33,32,1,-2.3874046206474304,-2.3874049186706543,2.9802322387695312e-07,14.285765588283539,2.086155075380606e-08,0.00010999184579669391,true,PASS,
2026-08-30T16:51:51Z,V6,signed_seeded,46202862,33,32,2,-2.3874046206474304,-2.3874049186706543,2.9802322387695312e-07,14.285765588283539,2.086155075380606e-08,0.00010999184579669391,true,PASS,
2026-08-30T16:51:51Z,V6,signed_seeded,46202862,33,32,3,-2.3874046206474304,-2.3874049186706543,2.9802322387695312e-07,14.285765588283539,2.086155075380606e-08,0.00010999184579669391,true,PASS,
2026-08-30T16:51:51Z,V7,signed_seeded,46202862,33,32,1,-2.3874046206474304,-2.3874049186706543,2.9802322387695312e-07,14.285765588283539,2.086155075380606e-08,0.00010999184579669391,true,PASS,
2026-08-30T16:51:51Z,V7,signed_seeded,46202862,33,32,2,-2.3874046206474304,-2.3874049186706543,2.9802322387695312e-07,14.285765588283539,2.086155075380606e-08,0.00010999184579669391,true,PASS,
2026-08-30T16:51:51Z,V7,signed_seeded,46202862,33,32,3,-2.3874046206474304,-2.3874049186706543,2.9802322387695312e-07,14.285765588283539,2.086155075380606e-08,0.00010999184579669391,true,PASS,
2026-08-30T16:51:51Z,V1,cancellation,46202862,33,32,1,0.75,0.75,0,16.25,0,0.00012497777936723648,true,PASS,
2026-08-30T16:51:51Z,V1,cancellation,46202862,33,32,2,0.75,0.75,0,16.25,0,0.00012497777936723648,true,PASS,
2026-08-30T16:51:51Z,V1,cancellation,46202862,33,32,3,0.75,0.75,0,16.25,0,0.00012497777936723648,true,PASS,
2026-08-30T16:51:51Z,V2,cancellation,46202862,33,32,1,0.75,0.75,0,16.25,0,0.00012497777936723648,true,PASS,
2026-08-30T16:51:51Z,V2,cancellation,46202862,33,32,2,0.75,0.75,0,16.25,0,0.00012497777936723648,true,PASS,
2026-08-30T16:51:51Z,V2,cancellation,46202862,33,32,3,0.75,0.75,0,16.25,0,0.00012497777936723648,true,PASS,
2026-08-30T16:51:51Z,V3,cancellation,46202862,33,32,1,0.75,0.75,0,16.25,0,0.00012497777936723648,true,PASS,
2026-08-30T16:51:51Z,V3,cancellation,46202862,33,32,2,0.75,0.75,0,16.25,0,0.00012497777936723648,true,PASS,
2026-08-30T16:51:51Z,V3,cancellation,46202862,33,32,3,0.75,0.75,0,16.25,0,0.00012497777936723648,true,PASS,
2026-08-30T16:51:51Z,V4,cancellation,46202862,33,32,1,0.75,0.75,0,16.25,0,0.00012497777936723648,true,PASS,
2026-08-30T16:51:51Z,V4,cancellation,46202862,33,32,2,0.75,0.75,0,16.25,0,0.00012497777936723648,true,PASS,
2026-08-30T16:51:51Z,V4,cancellation,46202862,33,32,3,0.75,0.75,0,16.25,0,0.00012497777936723648,true,PASS,
2026-08-30T16:51:51Z,V5,cancellation,46202862,33,32,1,0.75,0.75,0,16.25,0,0.00012497777936723648,true,PASS,
2026-08-30T16:51:51Z,V5,cancellation,46202862,33,32,2,0.75,0.75,0,16.25,0,0.00012497777936723648,true,PASS,
2026-08-30T16:51:51Z,V5,cancellation,46202862,33,32,3,0.75,0.75,0,16.25,0,0.00012497777936723648,true,PASS,
2026-08-30T16:51:51Z,V6,cancellation,46202862,33,32,1,0.75,0.75,0,16.25,0,0.00012497777936723648,true,PASS,
2026-08-30T16:51:51Z,V6,cancellation,46202862,33,32,2,0.75,0.75,0,16.25,0,0.00012497777936723648,true,PASS,
2026-08-30T16:51:51Z,V6,cancellation,46202862,33,32,3,0.75,0.75,0,16.25,0,0.00012497777936723648,true,PASS,
2026-08-30T16:51:51Z,V7,cancellation,46202862,33,32,1,0.75,0.75,0,16.25,0,0.00012497777936723648,true,PASS,
2026-08-30T16:51:51Z,V7,cancellation,46202862,33,32,2,0.75,0.75,0,16.25,0,0.00012497777936723648,true,PASS,
2026-08-30T16:51:51Z,V7,cancellation,46202862,33,32,3,0.75,0.75,0,16.25,0,0.00012497777936723648,true,PASS,
2026-08-30T16:51:51Z,V1,ones,46202862,63,32,1,63,63,0,63,0,0.00048165231385451687,true,PASS,
2026-08-30T16:51:51Z,V1,ones,46202862,63,32,2,63,63,0,63,0,0.00048165231385451687,true,PASS,
2026-08-30T16:51:51Z,V1,ones,46202862,63,32,3,63,63,0,63,0,0.00048165231385451687,true,PASS,
2026-08-30T16:51:51Z,V2,ones,46202862,63,32,1,63,63,0,63,0,0.00048165231385451687,true,PASS,
2026-08-30T16:51:51Z,V2,ones,46202862,63,32,2,63,63,0,63,0,0.00048165231385451687,true,PASS,
2026-08-30T16:51:51Z,V2,ones,46202862,63,32,3,63,63,0,63,0,0.00048165231385451687,true,PASS,
2026-08-30T16:51:51Z,V3,ones,46202862,63,32,1,63,63,0,63,0,0.00048165231385451687,true,PASS,
2026-08-30T16:51:51Z,V3,ones,46202862,63,32,2,63,63,0,63,0,0.00048165231385451687,true,PASS,
2026-08-30T16:51:51Z,V3,ones,46202862,63,32,3,63,63,0,63,0,0.00048165231385451687,true,PASS,
2026-08-30T16:51:51Z,V4,ones,46202862,63,32,1,63,63,0,63,0,0.00048165231385451687,true,PASS,
2026-08-30T16:51:51Z,V4,ones,46202862,63,32,2,63,63,0,63,0,0.00048165231385451687,true,PASS,
2026-08-30T16:51:51Z,V4,ones,46202862,63,32,3,63,63,0,63,0,0.00048165231385451687,true,PASS,
2026-08-30T16:51:51Z,V5,ones,46202862,63,32,1,63,63,0,63,0,0.00048165231385451687,true,PASS,
2026-08-30T16:51:51Z,V5,ones,46202862,63,32,2,63,63,0,63,0,0.00048165231385451687,true,PASS,
2026-08-30T16:51:51Z,V5,ones,46202862,63,32,3,63,63,0,63,0,0.00048165231385451687,true,PASS,
2026-08-30T16:51:51Z,V6,ones,46202862,63,32,1,63,63,0,63,0,0.00048165231385451687,true,PASS,
2026-08-30T16:51:51Z,V6,ones,46202862,63,32,2,63,63,0,63,0,0.00048165231385451687,true,PASS,
2026-08-30T16:51:51Z,V6,ones,46202862,63,32,3,63,63,0,63,0,0.00048165231385451687,true,PASS,
2026-08-30T16:51:51Z,V7,ones,46202862,63,32,1,63,63,0,63,0,0.00048165231385451687,true,PASS,
2026-08-30T16:51:51Z,V7,ones,46202862,63,32,2,63,63,0,63,0,0.00048165231385451687,true,PASS,
2026-08-30T16:51:51Z,V7,ones,46202862,63,32,3,63,63,0,63,0,0.00048165231385451687,true,PASS,
2026-08-30T16:51:51Z,V1,signed_seeded,46202862,63,32,1,-0.55420833826065063,-0.55420815944671631,1.7881393432617188e-07,29.449659407138824,6.0718506741991722e-09,0.00022568328470267801,true,PASS,
2026-08-30T16:51:51Z,V1,signed_seeded,46202862,63,32,2,-0.55420833826065063,-0.55420815944671631,1.7881393432617188e-07,29.449659407138824,6.0718506741991722e-09,0.00022568328470267801,true,PASS,
2026-08-30T16:51:51Z,V1,signed_seeded,46202862,63,32,3,-0.55420833826065063,-0.55420815944671631,1.7881393432617188e-07,29.449659407138824,6.0718506741991722e-09,0.00022568328470267801,true,PASS,
2026-08-30T16:51:51Z,V2,signed_seeded,46202862,63,32,1,-0.55420833826065063,-0.55420815944671631,1.7881393432617188e-07,29.449659407138824,6.0718506741991722e-09,0.00022568328470267801,true,PASS,
2026-08-30T16:51:51Z,V2,signed_seeded,46202862,63,32,2,-0.55420833826065063,-0.55420815944671631,1.7881393432617188e-07,29.449659407138824,6.0718506741991722e-09,0.00022568328470267801,true,PASS,
2026-08-30T16:51:51Z,V2,signed_seeded,46202862,63,32,3,-0.55420833826065063,-0.55420815944671631,1.7881393432617188e-07,29.449659407138824,6.0718506741991722e-09,0.00022568328470267801,true,PASS,
2026-08-30T16:51:51Z,V3,signed_seeded,46202862,63,32,1,-0.55420833826065063,-0.55420815944671631,1.7881393432617188e-07,29.449659407138824,6.0718506741991722e-09,0.00022568328470267801,true,PASS,
2026-08-30T16:51:51Z,V3,signed_seeded,46202862,63,32,2,-0.55420833826065063,-0.55420815944671631,1.7881393432617188e-07,29.449659407138824,6.0718506741991722e-09,0.00022568328470267801,true,PASS,
2026-08-30T16:51:51Z,V3,signed_seeded,46202862,63,32,3,-0.55420833826065063,-0.55420815944671631,1.7881393432617188e-07,29.449659407138824,6.0718506741991722e-09,0.00022568328470267801,true,PASS,
2026-08-30T16:51:51Z,V4,signed_seeded,46202862,63,32,1,-0.55420833826065063,-0.55420851707458496,1.7881393432617188e-07,29.449659407138824,6.0718506741991722e-09,0.00022568328470267801,true,PASS,
2026-08-30T16:51:51Z,V4,signed_seeded,46202862,63,32,2,-0.55420833826065063,-0.55420851707458496,1.7881393432617188e-07,29.449659407138824,6.0718506741991722e-09,0.00022568328470267801,true,PASS,
2026-08-30T16:51:51Z,V4,signed_seeded,46202862,63,32,3,-0.55420833826065063,-0.55420851707458496,1.7881393432617188e-07,29.449659407138824,6.0718506741991722e-09,0.00022568328470267801,true,PASS,
2026-08-30T16:51:51Z,V5,signed_seeded,46202862,63,32,1,-0.55420833826065063,-0.55420827865600586,5.9604644775390625e-08,29.449659407138824,2.0239502247330575e-09,0.00022568328470267801,true,PASS,
2026-08-30T16:51:51Z,V5,signed_seeded,46202862,63,32,2,-0.55420833826065063,-0.55420827865600586,5.9604644775390625e-08,29.449659407138824,2.0239502247330575e-09,0.00022568328470267801,true,PASS,
2026-08-30T16:51:51Z,V5,signed_seeded,46202862,63,32,3,-0.55420833826065063,-0.55420827865600586,5.9604644775390625e-08,29.449659407138824,2.0239502247330575e-09,0.00022568328470267801,true,PASS,
2026-08-30T16:51:51Z,V6,signed_seeded,46202862,63,32,1,-0.55420833826065063,-0.55420851707458496,1.7881393432617188e-07,29.449659407138824,6.0718506741991722e-09,0.00022568328470267801,true,PASS,
2026-08-30T16:51:51Z,V6,signed_seeded,46202862,63,32,2,-0.55420833826065063,-0.55420851707458496,1.7881393432617188e-07,29.449659407138824,6.0718506741991722e-09,0.00022568328470267801,true,PASS,
2026-08-30T16:51:51Z,V6,signed_seeded,46202862,63,32,3,-0.55420833826065063,-0.55420851707458496,1.7881393432617188e-07,29.449659407138824,6.0718506741991722e-09,0.00022568328470267801,true,PASS,
2026-08-30T16:51:51Z,V7,signed_seeded,46202862,63,32,1,-0.55420833826065063,-0.55420851707458496,1.7881393432617188e-07,29.449659407138824,6.0718506741991722e-09,0.00022568328470267801,true,PASS,
2026-08-30T16:51:51Z,V7,signed_seeded,46202862,63,32,2,-0.55420833826065063,-0.55420851707458496,1.7881393432617188e-07,29.449659407138824,6.0718506741991722e-09,0.00022568328470267801,true,PASS,
2026-08-30T16:51:51Z,V7,signed_seeded,46202862,63,32,3,-0.55420833826065063,-0.55420851707458496,1.7881393432617188e-07,29.449659407138824,6.0718506741991722e-09,0.00022568328470267801,true,PASS,
2026-08-30T16:51:51Z,V1,cancellation,46202862,63,32,1,0.6875,0.6875,0,30.5625,0,0.00023417359273299478,true,PASS,
2026-08-30T16:51:51Z,V1,cancellation,46202862,63,32,2,0.6875,0.6875,0,30.5625,0,0.00023417359273299478,true,PASS,
2026-08-30T16:51:51Z,V1,cancellation,46202862,63,32,3,0.6875,0.6875,0,30.5625,0,0.00023417359273299478,true,PASS,
2026-08-30T16:51:51Z,V2,cancellation,46202862,63,32,1,0.6875,0.6875,0,30.5625,0,0.00023417359273299478,true,PASS,
2026-08-30T16:51:51Z,V2,cancellation,46202862,63,32,2,0.6875,0.6875,0,30.5625,0,0.00023417359273299478,true,PASS,
2026-08-30T16:51:51Z,V2,cancellation,46202862,63,32,3,0.6875,0.6875,0,30.5625,0,0.00023417359273299478,true,PASS,
2026-08-30T16:51:51Z,V3,cancellation,46202862,63,32,1,0.6875,0.6875,0,30.5625,0,0.00023417359273299478,true,PASS,
2026-08-30T16:51:51Z,V3,cancellation,46202862,63,32,2,0.6875,0.6875,0,30.5625,0,0.00023417359273299478,true,PASS,
2026-08-30T16:51:51Z,V3,cancellation,46202862,63,32,3,0.6875,0.6875,0,30.5625,0,0.00023417359273299478,true,PASS,
2026-08-30T16:51:51Z,V4,cancellation,46202862,63,32,1,0.6875,0.6875,0,30.5625,0,0.00023417359273299478,true,PASS,
2026-08-30T16:51:51Z,V4,cancellation,46202862,63,32,2,0.6875,0.6875,0,30.5625,0,0.00023417359273299478,true,PASS,
2026-08-30T16:51:51Z,V4,cancellation,46202862,63,32,3,0.6875,0.6875,0,30.5625,0,0.00023417359273299478,true,PASS,
2026-08-30T16:51:51Z,V5,cancellation,46202862,63,32,1,0.6875,0.6875,0,30.5625,0,0.00023417359273299478,true,PASS,
2026-08-30T16:51:51Z,V5,cancellation,46202862,63,32,2,0.6875,0.6875,0,30.5625,0,0.00023417359273299478,true,PASS,
2026-08-30T16:51:51Z,V5,cancellation,46202862,63,32,3,0.6875,0.6875,0,30.5625,0,0.00023417359273299478,true,PASS,
2026-08-30T16:51:51Z,V6,cancellation,46202862,63,32,1,0.6875,0.6875,0,30.5625,0,0.00023417359273299478,true,PASS,
2026-08-30T16:51:51Z,V6,cancellation,46202862,63,32,2,0.6875,0.6875,0,30.5625,0,0.00023417359273299478,true,PASS,
2026-08-30T16:51:51Z,V6,cancellation,46202862,63,32,3,0.6875,0.6875,0,30.5625,0,0.00023417359273299478,true,PASS,
2026-08-30T16:51:51Z,V7,cancellation,46202862,63,32,1,0.6875,0.6875,0,30.5625,0,0.00023417359273299478,true,PASS,
2026-08-30T16:51:51Z,V7,cancellation,46202862,63,32,2,0.6875,0.6875,0,30.5625,0,0.00023417359273299478,true,PASS,
2026-08-30T16:51:51Z,V7,cancellation,46202862,63,32,3,0.6875,0.6875,0,30.5625,0,0.00023417359273299478,true,PASS,
2026-08-30T16:51:51Z,V1,ones,46202862,64,32,1,64,64,0,64,0,0.00048928171566173142,true,PASS,
2026-08-30T16:51:51Z,V1,ones,46202862,64,32,2,64,64,0,64,0,0.00048928171566173142,true,PASS,
2026-08-30T16:51:51Z,V1,ones,46202862,64,32,3,64,64,0,64,0,0.00048928171566173142,true,PASS,
2026-08-30T16:51:51Z,V2,ones,46202862,64,32,1,64,64,0,64,0,0.00048928171566173142,true,PASS,
2026-08-30T16:51:51Z,V2,ones,46202862,64,32,2,64,64,0,64,0,0.00048928171566173142,true,PASS,
2026-08-30T16:51:51Z,V2,ones,46202862,64,32,3,64,64,0,64,0,0.00048928171566173142,true,PASS,
2026-08-30T16:51:51Z,V3,ones,46202862,64,32,1,64,64,0,64,0,0.00048928171566173142,true,PASS,
2026-08-30T16:51:51Z,V3,ones,46202862,64,32,2,64,64,0,64,0,0.00048928171566173142,true,PASS,
2026-08-30T16:51:51Z,V3,ones,46202862,64,32,3,64,64,0,64,0,0.00048928171566173142,true,PASS,
2026-08-30T16:51:51Z,V4,ones,46202862,64,32,1,64,64,0,64,0,0.00048928171566173142,true,PASS,
2026-08-30T16:51:51Z,V4,ones,46202862,64,32,2,64,64,0,64,0,0.00048928171566173142,true,PASS,
2026-08-30T16:51:51Z,V4,ones,46202862,64,32,3,64,64,0,64,0,0.00048928171566173142,true,PASS,
2026-08-30T16:51:51Z,V5,ones,46202862,64,32,1,64,64,0,64,0,0.00048928171566173142,true,PASS,
2026-08-30T16:51:51Z,V5,ones,46202862,64,32,2,64,64,0,64,0,0.00048928171566173142,true,PASS,
2026-08-30T16:51:51Z,V5,ones,46202862,64,32,3,64,64,0,64,0,0.00048928171566173142,true,PASS,
2026-08-30T16:51:51Z,V6,ones,46202862,64,32,1,64,64,0,64,0,0.00048928171566173142,true,PASS,
2026-08-30T16:51:51Z,V6,ones,46202862,64,32,2,64,64,0,64,0,0.00048928171566173142,true,PASS,
2026-08-30T16:51:51Z,V6,ones,46202862,64,32,3,64,64,0,64,0,0.00048928171566173142,true,PASS,
2026-08-30T16:51:51Z,V7,ones,46202862,64,32,1,64,64,0,64,0,0.00048928171566173142,true,PASS,
2026-08-30T16:51:51Z,V7,ones,46202862,64,32,2,64,64,0,64,0,0.00048928171566173142,true,PASS,
2026-08-30T16:51:51Z,V7,ones,46202862,64,32,3,64,64,0,64,0,0.00048928171566173142,true,PASS,
2026-08-30T16:51:51Z,V1,signed_seeded,46202862,64,32,1,0.13123542070388794,0.13123536109924316,5.9604644775390625e-08,30.135103166103363,1.9779140773752275e-09,0.00023091281055606601,true,PASS,
2026-08-30T16:51:51Z,V1,signed_seeded,46202862,64,32,2,0.13123542070388794,0.13123536109924316,5.9604644775390625e-08,30.135103166103363,1.9779140773752275e-09,0.00023091281055606601,true,PASS,
2026-08-30T16:51:51Z,V1,signed_seeded,46202862,64,32,3,0.13123542070388794,0.13123536109924316,5.9604644775390625e-08,30.135103166103363,1.9779140773752275e-09,0.00023091281055606601,true,PASS,
2026-08-30T16:51:51Z,V2,signed_seeded,46202862,64,32,1,0.13123542070388794,0.13123536109924316,5.9604644775390625e-08,30.135103166103363,1.9779140773752275e-09,0.00023091281055606601,true,PASS,
2026-08-30T16:51:51Z,V2,signed_seeded,46202862,64,32,2,0.13123542070388794,0.13123536109924316,5.9604644775390625e-08,30.135103166103363,1.9779140773752275e-09,0.00023091281055606601,true,PASS,
2026-08-30T16:51:51Z,V2,signed_seeded,46202862,64,32,3,0.13123542070388794,0.13123536109924316,5.9604644775390625e-08,30.135103166103363,1.9779140773752275e-09,0.00023091281055606601,true,PASS,
2026-08-30T16:51:51Z,V3,signed_seeded,46202862,64,32,1,0.13123542070388794,0.13123536109924316,5.9604644775390625e-08,30.135103166103363,1.9779140773752275e-09,0.00023091281055606601,true,PASS,
2026-08-30T16:51:51Z,V3,signed_seeded,46202862,64,32,2,0.13123542070388794,0.13123536109924316,5.9604644775390625e-08,30.135103166103363,1.9779140773752275e-09,0.00023091281055606601,true,PASS,
2026-08-30T16:51:51Z,V3,signed_seeded,46202862,64,32,3,0.13123542070388794,0.13123536109924316,5.9604644775390625e-08,30.135103166103363,1.9779140773752275e-09,0.00023091281055606601,true,PASS,
2026-08-30T16:51:51Z,V4,signed_seeded,46202862,64,32,1,0.13123542070388794,0.13123524188995361,1.7881393432617188e-07,30.135103166103363,5.9337422321256817e-09,0.00023091281055606601,true,PASS,
2026-08-30T16:51:51Z,V4,signed_seeded,46202862,64,32,2,0.13123542070388794,0.13123524188995361,1.7881393432617188e-07,30.135103166103363,5.9337422321256817e-09,0.00023091281055606601,true,PASS,
2026-08-30T16:51:51Z,V4,signed_seeded,46202862,64,32,3,0.13123542070388794,0.13123524188995361,1.7881393432617188e-07,30.135103166103363,5.9337422321256817e-09,0.00023091281055606601,true,PASS,
2026-08-30T16:51:51Z,V5,signed_seeded,46202862,64,32,1,0.13123542070388794,0.13123559951782227,1.7881393432617188e-07,30.135103166103363,5.9337422321256817e-09,0.00023091281055606601,true,PASS,
2026-08-30T16:51:51Z,V5,signed_seeded,46202862,64,32,2,0.13123542070388794,0.13123559951782227,1.7881393432617188e-07,30.135103166103363,5.9337422321256817e-09,0.00023091281055606601,true,PASS,
2026-08-30T16:51:51Z,V5,signed_seeded,46202862,64,32,3,0.13123542070388794,0.13123559951782227,1.7881393432617188e-07,30.135103166103363,5.9337422321256817e-09,0.00023091281055606601,true,PASS,
2026-08-30T16:51:51Z,V6,signed_seeded,46202862,64,32,1,0.13123542070388794,0.13123524188995361,1.7881393432617188e-07,30.135103166103363,5.9337422321256817e-09,0.00023091281055606601,true,PASS,
2026-08-30T16:51:51Z,V6,signed_seeded,46202862,64,32,2,0.13123542070388794,0.13123524188995361,1.7881393432617188e-07,30.135103166103363,5.9337422321256817e-09,0.00023091281055606601,true,PASS,
2026-08-30T16:51:51Z,V6,signed_seeded,46202862,64,32,3,0.13123542070388794,0.13123524188995361,1.7881393432617188e-07,30.135103166103363,5.9337422321256817e-09,0.00023091281055606601,true,PASS,
2026-08-30T16:51:51Z,V7,signed_seeded,46202862,64,32,1,0.13123542070388794,0.13123524188995361,1.7881393432617188e-07,30.135103166103363,5.9337422321256817e-09,0.00023091281055606601,true,PASS,
2026-08-30T16:51:51Z,V7,signed_seeded,46202862,64,32,2,0.13123542070388794,0.13123524188995361,1.7881393432617188e-07,30.135103166103363,5.9337422321256817e-09,0.00023091281055606601,true,PASS,
2026-08-30T16:51:51Z,V7,signed_seeded,46202862,64,32,3,0.13123542070388794,0.13123524188995361,1.7881393432617188e-07,30.135103166103363,5.9337422321256817e-09,0.00023091281055606601,true,PASS,
2026-08-30T16:51:51Z,V1,cancellation,46202862,64,32,1,0.0625,0.0625,0,31.1875,0,0.00023894196886250387,true,PASS,
2026-08-30T16:51:51Z,V1,cancellation,46202862,64,32,2,0.0625,0.0625,0,31.1875,0,0.00023894196886250387,true,PASS,
2026-08-30T16:51:51Z,V1,cancellation,46202862,64,32,3,0.0625,0.0625,0,31.1875,0,0.00023894196886250387,true,PASS,
2026-08-30T16:51:51Z,V2,cancellation,46202862,64,32,1,0.0625,0.0625,0,31.1875,0,0.00023894196886250387,true,PASS,
2026-08-30T16:51:51Z,V2,cancellation,46202862,64,32,2,0.0625,0.0625,0,31.1875,0,0.00023894196886250387,true,PASS,
2026-08-30T16:51:51Z,V2,cancellation,46202862,64,32,3,0.0625,0.0625,0,31.1875,0,0.00023894196886250387,true,PASS,
2026-08-30T16:51:51Z,V3,cancellation,46202862,64,32,1,0.0625,0.0625,0,31.1875,0,0.00023894196886250387,true,PASS,
2026-08-30T16:51:51Z,V3,cancellation,46202862,64,32,2,0.0625,0.0625,0,31.1875,0,0.00023894196886250387,true,PASS,
2026-08-30T16:51:51Z,V3,cancellation,46202862,64,32,3,0.0625,0.0625,0,31.1875,0,0.00023894196886250387,true,PASS,
2026-08-30T16:51:51Z,V4,cancellation,46202862,64,32,1,0.0625,0.0625,0,31.1875,0,0.00023894196886250387,true,PASS,
2026-08-30T16:51:51Z,V4,cancellation,46202862,64,32,2,0.0625,0.0625,0,31.1875,0,0.00023894196886250387,true,PASS,
2026-08-30T16:51:51Z,V4,cancellation,46202862,64,32,3,0.0625,0.0625,0,31.1875,0,0.00023894196886250387,true,PASS,
2026-08-30T16:51:51Z,V5,cancellation,46202862,64,32,1,0.0625,0.0625,0,31.1875,0,0.00023894196886250387,true,PASS,
2026-08-30T16:51:51Z,V5,cancellation,46202862,64,32,2,0.0625,0.0625,0,31.1875,0,0.00023894196886250387,true,PASS,
2026-08-30T16:51:51Z,V5,cancellation,46202862,64,32,3,0.0625,0.0625,0,31.1875,0,0.00023894196886250387,true,PASS,
2026-08-30T16:51:51Z,V6,cancellation,46202862,64,32,1,0.0625,0.0625,0,31.1875,0,0.00023894196886250387,true,PASS,
2026-08-30T16:51:51Z,V6,cancellation,46202862,64,32,2,0.0625,0.0625,0,31.1875,0,0.00023894196886250387,true,PASS,
2026-08-30T16:51:51Z,V6,cancellation,46202862,64,32,3,0.0625,0.0625,0,31.1875,0,0.00023894196886250387,true,PASS,
2026-08-30T16:51:51Z,V7,cancellation,46202862,64,32,1,0.0625,0.0625,0,31.1875,0,0.00023894196886250387,true,PASS,
2026-08-30T16:51:51Z,V7,cancellation,46202862,64,32,2,0.0625,0.0625,0,31.1875,0,0.00023894196886250387,true,PASS,
2026-08-30T16:51:51Z,V7,cancellation,46202862,64,32,3,0.0625,0.0625,0,31.1875,0,0.00023894196886250387,true,PASS,
2026-08-30T16:51:51Z,V1,ones,46202862,65,32,1,65,65,0,65,0,0.00055890007365949905,true,PASS,
2026-08-30T16:51:51Z,V1,ones,46202862,65,32,2,65,65,0,65,0,0.00055890007365949905,true,PASS,
2026-08-30T16:51:51Z,V1,ones,46202862,65,32,3,65,65,0,65,0,0.00055890007365949905,true,PASS,
2026-08-30T16:51:51Z,V2,ones,46202862,65,32,1,65,65,0,65,0,0.00055890007365949905,true,PASS,
2026-08-30T16:51:51Z,V2,ones,46202862,65,32,2,65,65,0,65,0,0.00055890007365949905,true,PASS,
2026-08-30T16:51:51Z,V2,ones,46202862,65,32,3,65,65,0,65,0,0.00055890007365949905,true,PASS,
2026-08-30T16:51:51Z,V3,ones,46202862,65,32,1,65,65,0,65,0,0.00055890007365949905,true,PASS,
2026-08-30T16:51:51Z,V3,ones,46202862,65,32,2,65,65,0,65,0,0.00055890007365949905,true,PASS,
2026-08-30T16:51:51Z,V3,ones,46202862,65,32,3,65,65,0,65,0,0.00055890007365949905,true,PASS,
2026-08-30T16:51:51Z,V4,ones,46202862,65,32,1,65,65,0,65,0,0.00055890007365949905,true,PASS,
2026-08-30T16:51:51Z,V4,ones,46202862,65,32,2,65,65,0,65,0,0.00055890007365949905,true,PASS,
2026-08-30T16:51:51Z,V4,ones,46202862,65,32,3,65,65,0,65,0,0.00055890007365949905,true,PASS,
2026-08-30T16:51:51Z,V5,ones,46202862,65,32,1,65,65,0,65,0,0.00055890007365949905,true,PASS,
2026-08-30T16:51:51Z,V5,ones,46202862,65,32,2,65,65,0,65,0,0.00055890007365949905,true,PASS,
2026-08-30T16:51:51Z,V5,ones,46202862,65,32,3,65,65,0,65,0,0.00055890007365949905,true,PASS,
2026-08-30T16:51:51Z,V6,ones,46202862,65,32,1,65,65,0,65,0,0.00055890007365949905,true,PASS,
2026-08-30T16:51:51Z,V6,ones,46202862,65,32,2,65,65,0,65,0,0.00055890007365949905,true,PASS,
2026-08-30T16:51:51Z,V6,ones,46202862,65,32,3,65,65,0,65,0,0.00055890007365949905,true,PASS,
2026-08-30T16:51:51Z,V7,ones,46202862,65,32,1,65,65,0,65,0,0.00055890007365949905,true,PASS,
2026-08-30T16:51:51Z,V7,ones,46202862,65,32,2,65,65,0,65,0,0.00055890007365949905,true,PASS,
2026-08-30T16:51:51Z,V7,ones,46202862,65,32,3,65,65,0,65,0,0.00055890007365949905,true,PASS,
2026-08-30T16:51:51Z,V1,signed_seeded,46202862,65,32,1,1.0125463604927063,1.0125463008880615,5.9604644775390625e-08,31.016414105892181,1.9217129540473712e-09,0.0002672163032973965,true,PASS,
2026-08-30T16:51:51Z,V1,signed_seeded,46202862,65,32,2,1.0125463604927063,1.0125463008880615,5.9604644775390625e-08,31.016414105892181,1.9217129540473712e-09,0.0002672163032973965,true,PASS,
2026-08-30T16:51:51Z,V1,signed_seeded,46202862,65,32,3,1.0125463604927063,1.0125463008880615,5.9604644775390625e-08,31.016414105892181,1.9217129540473712e-09,0.0002672163032973965,true,PASS,
2026-08-30T16:51:51Z,V2,signed_seeded,46202862,65,32,1,1.0125463604927063,1.0125463008880615,5.9604644775390625e-08,31.016414105892181,1.9217129540473712e-09,0.0002672163032973965,true,PASS,
2026-08-30T16:51:51Z,V2,signed_seeded,46202862,65,32,2,1.0125463604927063,1.0125463008880615,5.9604644775390625e-08,31.016414105892181,1.9217129540473712e-09,0.0002672163032973965,true,PASS,
2026-08-30T16:51:51Z,V2,signed_seeded,46202862,65,32,3,1.0125463604927063,1.0125463008880615,5.9604644775390625e-08,31.016414105892181,1.9217129540473712e-09,0.0002672163032973965,true,PASS,
2026-08-30T16:51:51Z,V3,signed_seeded,46202862,65,32,1,1.0125463604927063,1.0125463008880615,5.9604644775390625e-08,31.016414105892181,1.9217129540473712e-09,0.0002672163032973965,true,PASS,
2026-08-30T16:51:51Z,V3,signed_seeded,46202862,65,32,2,1.0125463604927063,1.0125463008880615,5.9604644775390625e-08,31.016414105892181,1.9217129540473712e-09,0.0002672163032973965,true,PASS,
2026-08-30T16:51:51Z,V3,signed_seeded,46202862,65,32,3,1.0125463604927063,1.0125463008880615,5.9604644775390625e-08,31.016414105892181,1.9217129540473712e-09,0.0002672163032973965,true,PASS,
2026-08-30T16:51:51Z,V4,signed_seeded,46202862,65,32,1,1.0125463604927063,1.012546181678772,1.7881393432617188e-07,31.016414105892181,5.7651388621421142e-09,0.0002672163032973965,true,PASS,
2026-08-30T16:51:51Z,V4,signed_seeded,46202862,65,32,2,1.0125463604927063,1.012546181678772,1.7881393432617188e-07,31.016414105892181,5.7651388621421142e-09,0.0002672163032973965,true,PASS,
2026-08-30T16:51:51Z,V4,signed_seeded,46202862,65,32,3,1.0125463604927063,1.012546181678772,1.7881393432617188e-07,31.016414105892181,5.7651388621421142e-09,0.0002672163032973965,true,PASS,
2026-08-30T16:51:51Z,V5,signed_seeded,46202862,65,32,1,1.0125463604927063,1.0125465393066406,1.7881393432617188e-07,31.016414105892181,5.7651388621421142e-09,0.0002672163032973965,true,PASS,
2026-08-30T16:51:51Z,V5,signed_seeded,46202862,65,32,2,1.0125463604927063,1.0125465393066406,1.7881393432617188e-07,31.016414105892181,5.7651388621421142e-09,0.0002672163032973965,true,PASS,
2026-08-30T16:51:51Z,V5,signed_seeded,46202862,65,32,3,1.0125463604927063,1.0125465393066406,1.7881393432617188e-07,31.016414105892181,5.7651388621421142e-09,0.0002672163032973965,true,PASS,
2026-08-30T16:51:51Z,V6,signed_seeded,46202862,65,32,1,1.0125463604927063,1.012546181678772,1.7881393432617188e-07,31.016414105892181,5.7651388621421142e-09,0.0002672163032973965,true,PASS,
2026-08-30T16:51:51Z,V6,signed_seeded,46202862,65,32,2,1.0125463604927063,1.012546181678772,1.7881393432617188e-07,31.016414105892181,5.7651388621421142e-09,0.0002672163032973965,true,PASS,
2026-08-30T16:51:51Z,V6,signed_seeded,46202862,65,32,3,1.0125463604927063,1.012546181678772,1.7881393432617188e-07,31.016414105892181,5.7651388621421142e-09,0.0002672163032973965,true,PASS,
2026-08-30T16:51:51Z,V7,signed_seeded,46202862,65,32,1,1.0125463604927063,1.012546181678772,1.7881393432617188e-07,31.016414105892181,5.7651388621421142e-09,0.0002672163032973965,true,PASS,
2026-08-30T16:51:51Z,V7,signed_seeded,46202862,65,32,2,1.0125463604927063,1.012546181678772,1.7881393432617188e-07,31.016414105892181,5.7651388621421142e-09,0.0002672163032973965,true,PASS,
2026-08-30T16:51:51Z,V7,signed_seeded,46202862,65,32,3,1.0125463604927063,1.012546181678772,1.7881393432617188e-07,31.016414105892181,5.7651388621421142e-09,0.0002672163032973965,true,PASS,
2026-08-30T16:51:51Z,V1,cancellation,46202862,65,32,1,0.71875,0.71875,0,31.84375,0,0.00027431739185530265,true,PASS,
2026-08-30T16:51:51Z,V1,cancellation,46202862,65,32,2,0.71875,0.71875,0,31.84375,0,0.00027431739185530265,true,PASS,
2026-08-30T16:51:51Z,V1,cancellation,46202862,65,32,3,0.71875,0.71875,0,31.84375,0,0.00027431739185530265,true,PASS,
2026-08-30T16:51:51Z,V2,cancellation,46202862,65,32,1,0.71875,0.71875,0,31.84375,0,0.00027431739185530265,true,PASS,
2026-08-30T16:51:51Z,V2,cancellation,46202862,65,32,2,0.71875,0.71875,0,31.84375,0,0.00027431739185530265,true,PASS,
2026-08-30T16:51:51Z,V2,cancellation,46202862,65,32,3,0.71875,0.71875,0,31.84375,0,0.00027431739185530265,true,PASS,
2026-08-30T16:51:51Z,V3,cancellation,46202862,65,32,1,0.71875,0.71875,0,31.84375,0,0.00027431739185530265,true,PASS,
2026-08-30T16:51:51Z,V3,cancellation,46202862,65,32,2,0.71875,0.71875,0,31.84375,0,0.00027431739185530265,true,PASS,
2026-08-30T16:51:51Z,V3,cancellation,46202862,65,32,3,0.71875,0.71875,0,31.84375,0,0.00027431739185530265,true,PASS,
2026-08-30T16:51:51Z,V4,cancellation,46202862,65,32,1,0.71875,0.71875,0,31.84375,0,0.00027431739185530265,true,PASS,
2026-08-30T16:51:51Z,V4,cancellation,46202862,65,32,2,0.71875,0.71875,0,31.84375,0,0.00027431739185530265,true,PASS,
2026-08-30T16:51:51Z,V4,cancellation,46202862,65,32,3,0.71875,0.71875,0,31.84375,0,0.00027431739185530265,true,PASS,
2026-08-30T16:51:51Z,V5,cancellation,46202862,65,32,1,0.71875,0.71875,0,31.84375,0,0.00027431739185530265,true,PASS,
2026-08-30T16:51:51Z,V5,cancellation,46202862,65,32,2,0.71875,0.71875,0,31.84375,0,0.00027431739185530265,true,PASS,
2026-08-30T16:51:51Z,V5,cancellation,46202862,65,32,3,0.71875,0.71875,0,31.84375,0,0.00027431739185530265,true,PASS,
2026-08-30T16:51:51Z,V6,cancellation,46202862,65,32,1,0.71875,0.71875,0,31.84375,0,0.00027431739185530265,true,PASS,
2026-08-30T16:51:51Z,V6,cancellation,46202862,65,32,2,0.71875,0.71875,0,31.84375,0,0.00027431739185530265,true,PASS,
2026-08-30T16:51:51Z,V6,cancellation,46202862,65,32,3,0.71875,0.71875,0,31.84375,0,0.00027431739185530265,true,PASS,
2026-08-30T16:51:51Z,V7,cancellation,46202862,65,32,1,0.71875,0.71875,0,31.84375,0,0.00027431739185530265,true,PASS,
2026-08-30T16:51:51Z,V7,cancellation,46202862,65,32,2,0.71875,0.71875,0,31.84375,0,0.00027431739185530265,true,PASS,
2026-08-30T16:51:51Z,V7,cancellation,46202862,65,32,3,0.71875,0.71875,0,31.84375,0,0.00027431739185530265,true,PASS,
2026-08-30T16:51:51Z,V1,ones,46202862,557,32,1,557,557,0,557,0,0.0063753682494662994,true,PASS,
2026-08-30T16:51:51Z,V1,ones,46202862,557,32,2,557,557,0,557,0,0.0063753682494662994,true,PASS,
2026-08-30T16:51:51Z,V1,ones,46202862,557,32,3,557,557,0,557,0,0.0063753682494662994,true,PASS,
2026-08-30T16:51:51Z,V2,ones,46202862,557,32,1,557,557,0,557,0,0.0063753682494662994,true,PASS,
2026-08-30T16:51:51Z,V2,ones,46202862,557,32,2,557,557,0,557,0,0.0063753682494662994,true,PASS,
2026-08-30T16:51:51Z,V2,ones,46202862,557,32,3,557,557,0,557,0,0.0063753682494662994,true,PASS,
2026-08-30T16:51:51Z,V3,ones,46202862,557,32,1,557,557,0,557,0,0.0063753682494662994,true,PASS,
2026-08-30T16:51:51Z,V3,ones,46202862,557,32,2,557,557,0,557,0,0.0063753682494662994,true,PASS,
2026-08-30T16:51:51Z,V3,ones,46202862,557,32,3,557,557,0,557,0,0.0063753682494662994,true,PASS,
2026-08-30T16:51:51Z,V4,ones,46202862,557,32,1,557,557,0,557,0,0.0063753682494662994,true,PASS,
2026-08-30T16:51:51Z,V4,ones,46202862,557,32,2,557,557,0,557,0,0.0063753682494662994,true,PASS,
2026-08-30T16:51:51Z,V4,ones,46202862,557,32,3,557,557,0,557,0,0.0063753682494662994,true,PASS,
2026-08-30T16:51:51Z,V5,ones,46202862,557,32,1,557,557,0,557,0,0.0063753682494662994,true,PASS,
2026-08-30T16:51:51Z,V5,ones,46202862,557,32,2,557,557,0,557,0,0.0063753682494662994,true,PASS,
2026-08-30T16:51:51Z,V5,ones,46202862,557,32,3,557,557,0,557,0,0.0063753682494662994,true,PASS,
2026-08-30T16:51:51Z,V6,ones,46202862,557,32,1,557,557,0,557,0,0.0063753682494662994,true,PASS,
2026-08-30T16:51:51Z,V6,ones,46202862,557,32,2,557,557,0,557,0,0.0063753682494662994,true,PASS,
2026-08-30T16:51:51Z,V6,ones,46202862,557,32,3,557,557,0,557,0,0.0063753682494662994,true,PASS,
2026-08-30T16:51:51Z,V7,ones,46202862,557,32,1,557,557,0,557,0,0.0063753682494662994,true,PASS,
2026-08-30T16:51:51Z,V7,ones,46202862,557,32,2,557,557,0,557,0,0.0063753682494662994,true,PASS,
2026-08-30T16:51:51Z,V7,ones,46202862,557,32,3,557,557,0,557,0,0.0063753682494662994,true,PASS,
2026-08-30T16:51:51Z,V1,signed_seeded,46202862,557,32,1,-16.433189749717712,-16.433191299438477,1.5497207641601562e-06,266.10378062725067,5.8237457600459784e-09,0.0030463204493595907,true,PASS,
2026-08-30T16:51:51Z,V1,signed_seeded,46202862,557,32,2,-16.433189749717712,-16.433191299438477,1.5497207641601562e-06,266.10378062725067,5.8237457600459784e-09,0.0030463204493595907,true,PASS,
2026-08-30T16:51:51Z,V1,signed_seeded,46202862,557,32,3,-16.433189749717712,-16.433191299438477,1.5497207641601562e-06,266.10378062725067,5.8237457600459784e-09,0.0030463204493595907,true,PASS,
2026-08-30T16:51:51Z,V2,signed_seeded,46202862,557,32,1,-16.433189749717712,-16.433191299438477,1.5497207641601562e-06,266.10378062725067,5.8237457600459784e-09,0.0030463204493595907,true,PASS,
2026-08-30T16:51:51Z,V2,signed_seeded,46202862,557,32,2,-16.433189749717712,-16.433191299438477,1.5497207641601562e-06,266.10378062725067,5.8237457600459784e-09,0.0030463204493595907,true,PASS,
2026-08-30T16:51:51Z,V2,signed_seeded,46202862,557,32,3,-16.433189749717712,-16.433191299438477,1.5497207641601562e-06,266.10378062725067,5.8237457600459784e-09,0.0030463204493595907,true,PASS,
2026-08-30T16:51:51Z,V3,signed_seeded,46202862,557,32,1,-16.433189749717712,-16.433191299438477,1.5497207641601562e-06,266.10378062725067,5.8237457600459784e-09,0.0030463204493595907,true,PASS,
2026-08-30T16:51:51Z,V3,signed_seeded,46202862,557,32,2,-16.433189749717712,-16.433191299438477,1.5497207641601562e-06,266.10378062725067,5.8237457600459784e-09,0.0030463204493595907,true,PASS,
2026-08-30T16:51:51Z,V3,signed_seeded,46202862,557,32,3,-16.433189749717712,-16.433191299438477,1.5497207641601562e-06,266.10378062725067,5.8237457600459784e-09,0.0030463204493595907,true,PASS,
2026-08-30T16:51:51Z,V4,signed_seeded,46202862,557,32,1,-16.433189749717712,-16.433189392089844,3.5762786865234375e-07,266.10378062725067,1.3439413292413796e-09,0.0030463204493595907,true,PASS,
2026-08-30T16:51:51Z,V4,signed_seeded,46202862,557,32,2,-16.433189749717712,-16.433189392089844,3.5762786865234375e-07,266.10378062725067,1.3439413292413796e-09,0.0030463204493595907,true,PASS,
2026-08-30T16:51:51Z,V4,signed_seeded,46202862,557,32,3,-16.433189749717712,-16.433189392089844,3.5762786865234375e-07,266.10378062725067,1.3439413292413796e-09,0.0030463204493595907,true,PASS,
2026-08-30T16:51:51Z,V5,signed_seeded,46202862,557,32,1,-16.433189749717712,-16.433189392089844,3.5762786865234375e-07,266.10378062725067,1.3439413292413796e-09,0.0030463204493595907,true,PASS,
2026-08-30T16:51:51Z,V5,signed_seeded,46202862,557,32,2,-16.433189749717712,-16.433189392089844,3.5762786865234375e-07,266.10378062725067,1.3439413292413796e-09,0.0030463204493595907,true,PASS,
2026-08-30T16:51:51Z,V5,signed_seeded,46202862,557,32,3,-16.433189749717712,-16.433189392089844,3.5762786865234375e-07,266.10378062725067,1.3439413292413796e-09,0.0030463204493595907,true,PASS,
2026-08-30T16:51:51Z,V6,signed_seeded,46202862,557,32,1,-16.433189749717712,-16.433189392089844,3.5762786865234375e-07,266.10378062725067,1.3439413292413796e-09,0.0030463204493595907,true,PASS,
2026-08-30T16:51:51Z,V6,signed_seeded,46202862,557,32,2,-16.433189749717712,-16.433189392089844,3.5762786865234375e-07,266.10378062725067,1.3439413292413796e-09,0.0030463204493595907,true,PASS,
2026-08-30T16:51:51Z,V6,signed_seeded,46202862,557,32,3,-16.433189749717712,-16.433189392089844,3.5762786865234375e-07,266.10378062725067,1.3439413292413796e-09,0.0030463204493595907,true,PASS,
2026-08-30T16:51:51Z,V7,signed_seeded,46202862,557,32,1,-16.433189749717712,-16.433189392089844,3.5762786865234375e-07,266.10378062725067,1.3439413292413796e-09,0.0030463204493595907,true,PASS,
2026-08-30T16:51:51Z,V7,signed_seeded,46202862,557,32,2,-16.433189749717712,-16.433189392089844,3.5762786865234375e-07,266.10378062725067,1.3439413292413796e-09,0.0030463204493595907,true,PASS,
2026-08-30T16:51:51Z,V7,signed_seeded,46202862,557,32,3,-16.433189749717712,-16.433189392089844,3.5762786865234375e-07,266.10378062725067,1.3439413292413796e-09,0.0030463204493595907,true,PASS,
2026-08-30T16:51:51Z,V1,cancellation,46202862,557,32,1,0.4375,0.4375,0,277.6875,0,0.0031788857868468097,true,PASS,
2026-08-30T16:51:51Z,V1,cancellation,46202862,557,32,2,0.4375,0.4375,0,277.6875,0,0.0031788857868468097,true,PASS,
2026-08-30T16:51:51Z,V1,cancellation,46202862,557,32,3,0.4375,0.4375,0,277.6875,0,0.0031788857868468097,true,PASS,
2026-08-30T16:51:51Z,V2,cancellation,46202862,557,32,1,0.4375,0.4375,0,277.6875,0,0.0031788857868468097,true,PASS,
2026-08-30T16:51:51Z,V2,cancellation,46202862,557,32,2,0.4375,0.4375,0,277.6875,0,0.0031788857868468097,true,PASS,
2026-08-30T16:51:51Z,V2,cancellation,46202862,557,32,3,0.4375,0.4375,0,277.6875,0,0.0031788857868468097,true,PASS,
2026-08-30T16:51:51Z,V3,cancellation,46202862,557,32,1,0.4375,0.4375,0,277.6875,0,0.0031788857868468097,true,PASS,
2026-08-30T16:51:51Z,V3,cancellation,46202862,557,32,2,0.4375,0.4375,0,277.6875,0,0.0031788857868468097,true,PASS,
2026-08-30T16:51:51Z,V3,cancellation,46202862,557,32,3,0.4375,0.4375,0,277.6875,0,0.0031788857868468097,true,PASS,
2026-08-30T16:51:51Z,V4,cancellation,46202862,557,32,1,0.4375,0.4375,0,277.6875,0,0.0031788857868468097,true,PASS,
2026-08-30T16:51:51Z,V4,cancellation,46202862,557,32,2,0.4375,0.4375,0,277.6875,0,0.0031788857868468097,true,PASS,
2026-08-30T16:51:51Z,V4,cancellation,46202862,557,32,3,0.4375,0.4375,0,277.6875,0,0.0031788857868468097,true,PASS,
2026-08-30T16:51:51Z,V5,cancellation,46202862,557,32,1,0.4375,0.4375,0,277.6875,0,0.0031788857868468097,true,PASS,
2026-08-30T16:51:51Z,V5,cancellation,46202862,557,32,2,0.4375,0.4375,0,277.6875,0,0.0031788857868468097,true,PASS,
2026-08-30T16:51:51Z,V5,cancellation,46202862,557,32,3,0.4375,0.4375,0,277.6875,0,0.0031788857868468097,true,PASS,
2026-08-30T16:51:51Z,V6,cancellation,46202862,557,32,1,0.4375,0.4375,0,277.6875,0,0.0031788857868468097,true,PASS,
2026-08-30T16:51:51Z,V6,cancellation,46202862,557,32,2,0.4375,0.4375,0,277.6875,0,0.0031788857868468097,true,PASS,
2026-08-30T16:51:51Z,V6,cancellation,46202862,557,32,3,0.4375,0.4375,0,277.6875,0,0.0031788857868468097,true,PASS,
2026-08-30T16:51:51Z,V7,cancellation,46202862,557,32,1,0.4375,0.4375,0,277.6875,0,0.0031788857868468097,true,PASS,
2026-08-30T16:51:51Z,V7,cancellation,46202862,557,32,2,0.4375,0.4375,0,277.6875,0,0.0031788857868468097,true,PASS,
2026-08-30T16:51:51Z,V7,cancellation,46202862,557,32,3,0.4375,0.4375,0,277.6875,0,0.0031788857868468097,true,PASS,
2026-08-30T16:51:51Z,V1,ones,46202862,1,64,1,1,1,0,1,0,3.8610239724006552e-06,true,PASS,
2026-08-30T16:51:51Z,V1,ones,46202862,1,64,2,1,1,0,1,0,3.8610239724006552e-06,true,PASS,
2026-08-30T16:51:51Z,V1,ones,46202862,1,64,3,1,1,0,1,0,3.8610239724006552e-06,true,PASS,
2026-08-30T16:51:51Z,V2,ones,46202862,1,64,1,1,1,0,1,0,3.8610239724006552e-06,true,PASS,
2026-08-30T16:51:51Z,V2,ones,46202862,1,64,2,1,1,0,1,0,3.8610239724006552e-06,true,PASS,
2026-08-30T16:51:51Z,V2,ones,46202862,1,64,3,1,1,0,1,0,3.8610239724006552e-06,true,PASS,
2026-08-30T16:51:51Z,V3,ones,46202862,1,64,1,1,1,0,1,0,3.8610239724006552e-06,true,PASS,
2026-08-30T16:51:51Z,V3,ones,46202862,1,64,2,1,1,0,1,0,3.8610239724006552e-06,true,PASS,
2026-08-30T16:51:51Z,V3,ones,46202862,1,64,3,1,1,0,1,0,3.8610239724006552e-06,true,PASS,
2026-08-30T16:51:51Z,V4,ones,46202862,1,64,1,1,1,0,1,0,3.8610239724006552e-06,true,PASS,
2026-08-30T16:51:51Z,V4,ones,46202862,1,64,2,1,1,0,1,0,3.8610239724006552e-06,true,PASS,
2026-08-30T16:51:51Z,V4,ones,46202862,1,64,3,1,1,0,1,0,3.8610239724006552e-06,true,PASS,
2026-08-30T16:51:51Z,V5,ones,46202862,1,64,1,1,1,0,1,0,3.8610239724006552e-06,true,PASS,
2026-08-30T16:51:51Z,V5,ones,46202862,1,64,2,1,1,0,1,0,3.8610239724006552e-06,true,PASS,
2026-08-30T16:51:51Z,V5,ones,46202862,1,64,3,1,1,0,1,0,3.8610239724006552e-06,true,PASS,
2026-08-30T16:51:51Z,V6,ones,46202862,1,64,1,1,1,0,1,0,3.8610239724006552e-06,true,PASS,
2026-08-30T16:51:51Z,V6,ones,46202862,1,64,2,1,1,0,1,0,3.8610239724006552e-06,true,PASS,
2026-08-30T16:51:51Z,V6,ones,46202862,1,64,3,1,1,0,1,0,3.8610239724006552e-06,true,PASS,
2026-08-30T16:51:51Z,V7,ones,46202862,1,64,1,1,1,0,1,0,3.8610239724006552e-06,true,PASS,
2026-08-30T16:51:51Z,V7,ones,46202862,1,64,2,1,1,0,1,0,3.8610239724006552e-06,true,PASS,
2026-08-30T16:51:51Z,V7,ones,46202862,1,64,3,1,1,0,1,0,3.8610239724006552e-06,true,PASS,
2026-08-30T16:51:51Z,V1,signed_seeded,46202862,1,64,1,-0.34256291389465332,-0.34256291389465332,0,0.34256291389465332,0,1.9800807087080245e-06,true,PASS,
2026-08-30T16:51:51Z,V1,signed_seeded,46202862,1,64,2,-0.34256291389465332,-0.34256291389465332,0,0.34256291389465332,0,1.9800807087080245e-06,true,PASS,
2026-08-30T16:51:51Z,V1,signed_seeded,46202862,1,64,3,-0.34256291389465332,-0.34256291389465332,0,0.34256291389465332,0,1.9800807087080245e-06,true,PASS,
2026-08-30T16:51:51Z,V2,signed_seeded,46202862,1,64,1,-0.34256291389465332,-0.34256291389465332,0,0.34256291389465332,0,1.9800807087080245e-06,true,PASS,
2026-08-30T16:51:51Z,V2,signed_seeded,46202862,1,64,2,-0.34256291389465332,-0.34256291389465332,0,0.34256291389465332,0,1.9800807087080245e-06,true,PASS,
2026-08-30T16:51:51Z,V2,signed_seeded,46202862,1,64,3,-0.34256291389465332,-0.34256291389465332,0,0.34256291389465332,0,1.9800807087080245e-06,true,PASS,
2026-08-30T16:51:51Z,V3,signed_seeded,46202862,1,64,1,-0.34256291389465332,-0.34256291389465332,0,0.34256291389465332,0,1.9800807087080245e-06,true,PASS,
2026-08-30T16:51:51Z,V3,signed_seeded,46202862,1,64,2,-0.34256291389465332,-0.34256291389465332,0,0.34256291389465332,0,1.9800807087080245e-06,true,PASS,
2026-08-30T16:51:51Z,V3,signed_seeded,46202862,1,64,3,-0.34256291389465332,-0.34256291389465332,0,0.34256291389465332,0,1.9800807087080245e-06,true,PASS,
2026-08-30T16:51:51Z,V4,signed_seeded,46202862,1,64,1,-0.34256291389465332,-0.34256291389465332,0,0.34256291389465332,0,1.9800807087080245e-06,true,PASS,
2026-08-30T16:51:51Z,V4,signed_seeded,46202862,1,64,2,-0.34256291389465332,-0.34256291389465332,0,0.34256291389465332,0,1.9800807087080245e-06,true,PASS,
2026-08-30T16:51:51Z,V4,signed_seeded,46202862,1,64,3,-0.34256291389465332,-0.34256291389465332,0,0.34256291389465332,0,1.9800807087080245e-06,true,PASS,
2026-08-30T16:51:51Z,V5,signed_seeded,46202862,1,64,1,-0.34256291389465332,-0.34256291389465332,0,0.34256291389465332,0,1.9800807087080245e-06,true,PASS,
2026-08-30T16:51:51Z,V5,signed_seeded,46202862,1,64,2,-0.34256291389465332,-0.34256291389465332,0,0.34256291389465332,0,1.9800807087080245e-06,true,PASS,
2026-08-30T16:51:51Z,V5,signed_seeded,46202862,1,64,3,-0.34256291389465332,-0.34256291389465332,0,0.34256291389465332,0,1.9800807087080245e-06,true,PASS,
2026-08-30T16:51:51Z,V6,signed_seeded,46202862,1,64,1,-0.34256291389465332,-0.34256291389465332,0,0.34256291389465332,0,1.9800807087080245e-06,true,PASS,
2026-08-30T16:51:51Z,V6,signed_seeded,46202862,1,64,2,-0.34256291389465332,-0.34256291389465332,0,0.34256291389465332,0,1.9800807087080245e-06,true,PASS,
2026-08-30T16:51:51Z,V6,signed_seeded,46202862,1,64,3,-0.34256291389465332,-0.34256291389465332,0,0.34256291389465332,0,1.9800807087080245e-06,true,PASS,
2026-08-30T16:51:51Z,V7,signed_seeded,46202862,1,64,1,-0.34256291389465332,-0.34256291389465332,0,0.34256291389465332,0,1.9800807087080245e-06,true,PASS,
2026-08-30T16:51:51Z,V7,signed_seeded,46202862,1,64,2,-0.34256291389465332,-0.34256291389465332,0,0.34256291389465332,0,1.9800807087080245e-06,true,PASS,
2026-08-30T16:51:51Z,V7,signed_seeded,46202862,1,64,3,-0.34256291389465332,-0.34256291389465332,0,0.34256291389465332,0,1.9800807087080245e-06,true,PASS,
2026-08-30T16:51:51Z,V1,cancellation,46202862,1,64,1,0.25,0.25,0,0.25,0,1.7152559931001638e-06,true,PASS,
2026-08-30T16:51:51Z,V1,cancellation,46202862,1,64,2,0.25,0.25,0,0.25,0,1.7152559931001638e-06,true,PASS,
2026-08-30T16:51:51Z,V1,cancellation,46202862,1,64,3,0.25,0.25,0,0.25,0,1.7152559931001638e-06,true,PASS,
2026-08-30T16:51:51Z,V2,cancellation,46202862,1,64,1,0.25,0.25,0,0.25,0,1.7152559931001638e-06,true,PASS,
2026-08-30T16:51:51Z,V2,cancellation,46202862,1,64,2,0.25,0.25,0,0.25,0,1.7152559931001638e-06,true,PASS,
2026-08-30T16:51:51Z,V2,cancellation,46202862,1,64,3,0.25,0.25,0,0.25,0,1.7152559931001638e-06,true,PASS,
2026-08-30T16:51:51Z,V3,cancellation,46202862,1,64,1,0.25,0.25,0,0.25,0,1.7152559931001638e-06,true,PASS,
2026-08-30T16:51:51Z,V3,cancellation,46202862,1,64,2,0.25,0.25,0,0.25,0,1.7152559931001638e-06,true,PASS,
2026-08-30T16:51:51Z,V3,cancellation,46202862,1,64,3,0.25,0.25,0,0.25,0,1.7152559931001638e-06,true,PASS,
2026-08-30T16:51:51Z,V4,cancellation,46202862,1,64,1,0.25,0.25,0,0.25,0,1.7152559931001638e-06,true,PASS,
2026-08-30T16:51:51Z,V4,cancellation,46202862,1,64,2,0.25,0.25,0,0.25,0,1.7152559931001638e-06,true,PASS,
2026-08-30T16:51:51Z,V4,cancellation,46202862,1,64,3,0.25,0.25,0,0.25,0,1.7152559931001638e-06,true,PASS,
2026-08-30T16:51:51Z,V5,cancellation,46202862,1,64,1,0.25,0.25,0,0.25,0,1.7152559931001638e-06,true,PASS,
2026-08-30T16:51:51Z,V5,cancellation,46202862,1,64,2,0.25,0.25,0,0.25,0,1.7152559931001638e-06,true,PASS,
2026-08-30T16:51:51Z,V5,cancellation,46202862,1,64,3,0.25,0.25,0,0.25,0,1.7152559931001638e-06,true,PASS,
2026-08-30T16:51:51Z,V6,cancellation,46202862,1,64,1,0.25,0.25,0,0.25,0,1.7152559931001638e-06,true,PASS,
2026-08-30T16:51:51Z,V6,cancellation,46202862,1,64,2,0.25,0.25,0,0.25,0,1.7152559931001638e-06,true,PASS,
2026-08-30T16:51:51Z,V6,cancellation,46202862,1,64,3,0.25,0.25,0,0.25,0,1.7152559931001638e-06,true,PASS,
2026-08-30T16:51:51Z,V7,cancellation,46202862,1,64,1,0.25,0.25,0,0.25,0,1.7152559931001638e-06,true,PASS,
2026-08-30T16:51:51Z,V7,cancellation,46202862,1,64,2,0.25,0.25,0,0.25,0,1.7152559931001638e-06,true,PASS,
2026-08-30T16:51:51Z,V7,cancellation,46202862,1,64,3,0.25,0.25,0,0.25,0,1.7152559931001638e-06,true,PASS,
2026-08-30T16:51:51Z,V1,ones,46202862,63,64,1,63,63,0,63,0,0.00048165231385451687,true,PASS,
2026-08-30T16:51:51Z,V1,ones,46202862,63,64,2,63,63,0,63,0,0.00048165231385451687,true,PASS,
2026-08-30T16:51:51Z,V1,ones,46202862,63,64,3,63,63,0,63,0,0.00048165231385451687,true,PASS,
2026-08-30T16:51:51Z,V2,ones,46202862,63,64,1,63,63,0,63,0,0.00048165231385451687,true,PASS,
2026-08-30T16:51:51Z,V2,ones,46202862,63,64,2,63,63,0,63,0,0.00048165231385451687,true,PASS,
2026-08-30T16:51:51Z,V2,ones,46202862,63,64,3,63,63,0,63,0,0.00048165231385451687,true,PASS,
2026-08-30T16:51:51Z,V3,ones,46202862,63,64,1,63,63,0,63,0,0.00048165231385451687,true,PASS,
2026-08-30T16:51:51Z,V3,ones,46202862,63,64,2,63,63,0,63,0,0.00048165231385451687,true,PASS,
2026-08-30T16:51:51Z,V3,ones,46202862,63,64,3,63,63,0,63,0,0.00048165231385451687,true,PASS,
2026-08-30T16:51:51Z,V4,ones,46202862,63,64,1,63,63,0,63,0,0.00048165231385451687,true,PASS,
2026-08-30T16:51:51Z,V4,ones,46202862,63,64,2,63,63,0,63,0,0.00048165231385451687,true,PASS,
2026-08-30T16:51:51Z,V4,ones,46202862,63,64,3,63,63,0,63,0,0.00048165231385451687,true,PASS,
2026-08-30T16:51:51Z,V5,ones,46202862,63,64,1,63,63,0,63,0,0.00048165231385451687,true,PASS,
2026-08-30T16:51:51Z,V5,ones,46202862,63,64,2,63,63,0,63,0,0.00048165231385451687,true,PASS,
2026-08-30T16:51:51Z,V5,ones,46202862,63,64,3,63,63,0,63,0,0.00048165231385451687,true,PASS,
2026-08-30T16:51:51Z,V6,ones,46202862,63,64,1,63,63,0,63,0,0.00048165231385451687,true,PASS,
2026-08-30T16:51:51Z,V6,ones,46202862,63,64,2,63,63,0,63,0,0.00048165231385451687,true,PASS,
2026-08-30T16:51:51Z,V6,ones,46202862,63,64,3,63,63,0,63,0,0.00048165231385451687,true,PASS,
2026-08-30T16:51:51Z,V7,ones,46202862,63,64,1,63,63,0,63,0,0.00048165231385451687,true,PASS,
2026-08-30T16:51:51Z,V7,ones,46202862,63,64,2,63,63,0,63,0,0.00048165231385451687,true,PASS,
2026-08-30T16:51:51Z,V7,ones,46202862,63,64,3,63,63,0,63,0,0.00048165231385451687,true,PASS,
2026-08-30T16:51:51Z,V1,signed_seeded,46202862,63,64,1,-0.55420833826065063,-0.55420815944671631,1.7881393432617188e-07,29.449659407138824,6.0718506741991722e-09,0.00022568328470267801,true,PASS,
2026-08-30T16:51:51Z,V1,signed_seeded,46202862,63,64,2,-0.55420833826065063,-0.55420815944671631,1.7881393432617188e-07,29.449659407138824,6.0718506741991722e-09,0.00022568328470267801,true,PASS,
2026-08-30T16:51:51Z,V1,signed_seeded,46202862,63,64,3,-0.55420833826065063,-0.55420815944671631,1.7881393432617188e-07,29.449659407138824,6.0718506741991722e-09,0.00022568328470267801,true,PASS,
2026-08-30T16:51:51Z,V2,signed_seeded,46202862,63,64,1,-0.55420833826065063,-0.55420815944671631,1.7881393432617188e-07,29.449659407138824,6.0718506741991722e-09,0.00022568328470267801,true,PASS,
2026-08-30T16:51:51Z,V2,signed_seeded,46202862,63,64,2,-0.55420833826065063,-0.55420815944671631,1.7881393432617188e-07,29.449659407138824,6.0718506741991722e-09,0.00022568328470267801,true,PASS,
2026-08-30T16:51:51Z,V2,signed_seeded,46202862,63,64,3,-0.55420833826065063,-0.55420815944671631,1.7881393432617188e-07,29.449659407138824,6.0718506741991722e-09,0.00022568328470267801,true,PASS,
2026-08-30T16:51:51Z,V3,signed_seeded,46202862,63,64,1,-0.55420833826065063,-0.55420815944671631,1.7881393432617188e-07,29.449659407138824,6.0718506741991722e-09,0.00022568328470267801,true,PASS,
2026-08-30T16:51:51Z,V3,signed_seeded,46202862,63,64,2,-0.55420833826065063,-0.55420815944671631,1.7881393432617188e-07,29.449659407138824,6.0718506741991722e-09,0.00022568328470267801,true,PASS,
2026-08-30T16:51:51Z,V3,signed_seeded,46202862,63,64,3,-0.55420833826065063,-0.55420815944671631,1.7881393432617188e-07,29.449659407138824,6.0718506741991722e-09,0.00022568328470267801,true,PASS,
2026-08-30T16:51:51Z,V4,signed_seeded,46202862,63,64,1,-0.55420833826065063,-0.55420827865600586,5.9604644775390625e-08,29.449659407138824,2.0239502247330575e-09,0.00022568328470267801,true,PASS,
2026-08-30T16:51:51Z,V4,signed_seeded,46202862,63,64,2,-0.55420833826065063,-0.55420827865600586,5.9604644775390625e-08,29.449659407138824,2.0239502247330575e-09,0.00022568328470267801,true,PASS,
2026-08-30T16:51:51Z,V4,signed_seeded,46202862,63,64,3,-0.55420833826065063,-0.55420827865600586,5.9604644775390625e-08,29.449659407138824,2.0239502247330575e-09,0.00022568328470267801,true,PASS,
2026-08-30T16:51:51Z,V5,signed_seeded,46202862,63,64,1,-0.55420833826065063,-0.55420827865600586,5.9604644775390625e-08,29.449659407138824,2.0239502247330575e-09,0.00022568328470267801,true,PASS,
2026-08-30T16:51:51Z,V5,signed_seeded,46202862,63,64,2,-0.55420833826065063,-0.55420827865600586,5.9604644775390625e-08,29.449659407138824,2.0239502247330575e-09,0.00022568328470267801,true,PASS,
2026-08-30T16:51:51Z,V5,signed_seeded,46202862,63,64,3,-0.55420833826065063,-0.55420827865600586,5.9604644775390625e-08,29.449659407138824,2.0239502247330575e-09,0.00022568328470267801,true,PASS,
2026-08-30T16:51:51Z,V6,signed_seeded,46202862,63,64,1,-0.55420833826065063,-0.55420827865600586,5.9604644775390625e-08,29.449659407138824,2.0239502247330575e-09,0.00022568328470267801,true,PASS,
2026-08-30T16:51:51Z,V6,signed_seeded,46202862,63,64,2,-0.55420833826065063,-0.55420827865600586,5.9604644775390625e-08,29.449659407138824,2.0239502247330575e-09,0.00022568328470267801,true,PASS,
2026-08-30T16:51:51Z,V6,signed_seeded,46202862,63,64,3,-0.55420833826065063,-0.55420827865600586,5.9604644775390625e-08,29.449659407138824,2.0239502247330575e-09,0.00022568328470267801,true,PASS,
2026-08-30T16:51:51Z,V7,signed_seeded,46202862,63,64,1,-0.55420833826065063,-0.55420851707458496,1.7881393432617188e-07,29.449659407138824,6.0718506741991722e-09,0.00022568328470267801,true,PASS,
2026-08-30T16:51:51Z,V7,signed_seeded,46202862,63,64,2,-0.55420833826065063,-0.55420851707458496,1.7881393432617188e-07,29.449659407138824,6.0718506741991722e-09,0.00022568328470267801,true,PASS,
2026-08-30T16:51:51Z,V7,signed_seeded,46202862,63,64,3,-0.55420833826065063,-0.55420851707458496,1.7881393432617188e-07,29.449659407138824,6.0718506741991722e-09,0.00022568328470267801,true,PASS,
2026-08-30T16:51:51Z,V1,cancellation,46202862,63,64,1,0.6875,0.6875,0,30.5625,0,0.00023417359273299478,true,PASS,
2026-08-30T16:51:51Z,V1,cancellation,46202862,63,64,2,0.6875,0.6875,0,30.5625,0,0.00023417359273299478,true,PASS,
2026-08-30T16:51:51Z,V1,cancellation,46202862,63,64,3,0.6875,0.6875,0,30.5625,0,0.00023417359273299478,true,PASS,
2026-08-30T16:51:51Z,V2,cancellation,46202862,63,64,1,0.6875,0.6875,0,30.5625,0,0.00023417359273299478,true,PASS,
2026-08-30T16:51:51Z,V2,cancellation,46202862,63,64,2,0.6875,0.6875,0,30.5625,0,0.00023417359273299478,true,PASS,
2026-08-30T16:51:51Z,V2,cancellation,46202862,63,64,3,0.6875,0.6875,0,30.5625,0,0.00023417359273299478,true,PASS,
2026-08-30T16:51:51Z,V3,cancellation,46202862,63,64,1,0.6875,0.6875,0,30.5625,0,0.00023417359273299478,true,PASS,
2026-08-30T16:51:51Z,V3,cancellation,46202862,63,64,2,0.6875,0.6875,0,30.5625,0,0.00023417359273299478,true,PASS,
2026-08-30T16:51:51Z,V3,cancellation,46202862,63,64,3,0.6875,0.6875,0,30.5625,0,0.00023417359273299478,true,PASS,
2026-08-30T16:51:51Z,V4,cancellation,46202862,63,64,1,0.6875,0.6875,0,30.5625,0,0.00023417359273299478,true,PASS,
2026-08-30T16:51:51Z,V4,cancellation,46202862,63,64,2,0.6875,0.6875,0,30.5625,0,0.00023417359273299478,true,PASS,
2026-08-30T16:51:51Z,V4,cancellation,46202862,63,64,3,0.6875,0.6875,0,30.5625,0,0.00023417359273299478,true,PASS,
2026-08-30T16:51:51Z,V5,cancellation,46202862,63,64,1,0.6875,0.6875,0,30.5625,0,0.00023417359273299478,true,PASS,
2026-08-30T16:51:51Z,V5,cancellation,46202862,63,64,2,0.6875,0.6875,0,30.5625,0,0.00023417359273299478,true,PASS,
2026-08-30T16:51:51Z,V5,cancellation,46202862,63,64,3,0.6875,0.6875,0,30.5625,0,0.00023417359273299478,true,PASS,
2026-08-30T16:51:51Z,V6,cancellation,46202862,63,64,1,0.6875,0.6875,0,30.5625,0,0.00023417359273299478,true,PASS,
2026-08-30T16:51:51Z,V6,cancellation,46202862,63,64,2,0.6875,0.6875,0,30.5625,0,0.00023417359273299478,true,PASS,
2026-08-30T16:51:51Z,V6,cancellation,46202862,63,64,3,0.6875,0.6875,0,30.5625,0,0.00023417359273299478,true,PASS,
2026-08-30T16:51:51Z,V7,cancellation,46202862,63,64,1,0.6875,0.6875,0,30.5625,0,0.00023417359273299478,true,PASS,
2026-08-30T16:51:51Z,V7,cancellation,46202862,63,64,2,0.6875,0.6875,0,30.5625,0,0.00023417359273299478,true,PASS,
2026-08-30T16:51:51Z,V7,cancellation,46202862,63,64,3,0.6875,0.6875,0,30.5625,0,0.00023417359273299478,true,PASS,
2026-08-30T16:51:51Z,V1,ones,46202862,64,64,1,64,64,0,64,0,0.00048928171566173142,true,PASS,
2026-08-30T16:51:51Z,V1,ones,46202862,64,64,2,64,64,0,64,0,0.00048928171566173142,true,PASS,
2026-08-30T16:51:51Z,V1,ones,46202862,64,64,3,64,64,0,64,0,0.00048928171566173142,true,PASS,
2026-08-30T16:51:51Z,V2,ones,46202862,64,64,1,64,64,0,64,0,0.00048928171566173142,true,PASS,
2026-08-30T16:51:51Z,V2,ones,46202862,64,64,2,64,64,0,64,0,0.00048928171566173142,true,PASS,
2026-08-30T16:51:51Z,V2,ones,46202862,64,64,3,64,64,0,64,0,0.00048928171566173142,true,PASS,
2026-08-30T16:51:51Z,V3,ones,46202862,64,64,1,64,64,0,64,0,0.00048928171566173142,true,PASS,
2026-08-30T16:51:51Z,V3,ones,46202862,64,64,2,64,64,0,64,0,0.00048928171566173142,true,PASS,
2026-08-30T16:51:51Z,V3,ones,46202862,64,64,3,64,64,0,64,0,0.00048928171566173142,true,PASS,
2026-08-30T16:51:51Z,V4,ones,46202862,64,64,1,64,64,0,64,0,0.00048928171566173142,true,PASS,
2026-08-30T16:51:51Z,V4,ones,46202862,64,64,2,64,64,0,64,0,0.00048928171566173142,true,PASS,
2026-08-30T16:51:51Z,V4,ones,46202862,64,64,3,64,64,0,64,0,0.00048928171566173142,true,PASS,
2026-08-30T16:51:51Z,V5,ones,46202862,64,64,1,64,64,0,64,0,0.00048928171566173142,true,PASS,
2026-08-30T16:51:51Z,V5,ones,46202862,64,64,2,64,64,0,64,0,0.00048928171566173142,true,PASS,
2026-08-30T16:51:51Z,V5,ones,46202862,64,64,3,64,64,0,64,0,0.00048928171566173142,true,PASS,
2026-08-30T16:51:51Z,V6,ones,46202862,64,64,1,64,64,0,64,0,0.00048928171566173142,true,PASS,
2026-08-30T16:51:51Z,V6,ones,46202862,64,64,2,64,64,0,64,0,0.00048928171566173142,true,PASS,
2026-08-30T16:51:51Z,V6,ones,46202862,64,64,3,64,64,0,64,0,0.00048928171566173142,true,PASS,
2026-08-30T16:51:51Z,V7,ones,46202862,64,64,1,64,64,0,64,0,0.00048928171566173142,true,PASS,
2026-08-30T16:51:51Z,V7,ones,46202862,64,64,2,64,64,0,64,0,0.00048928171566173142,true,PASS,
2026-08-30T16:51:51Z,V7,ones,46202862,64,64,3,64,64,0,64,0,0.00048928171566173142,true,PASS,
2026-08-30T16:51:51Z,V1,signed_seeded,46202862,64,64,1,0.13123542070388794,0.13123536109924316,5.9604644775390625e-08,30.135103166103363,1.9779140773752275e-09,0.00023091281055606601,true,PASS,
2026-08-30T16:51:51Z,V1,signed_seeded,46202862,64,64,2,0.13123542070388794,0.13123536109924316,5.9604644775390625e-08,30.135103166103363,1.9779140773752275e-09,0.00023091281055606601,true,PASS,
2026-08-30T16:51:51Z,V1,signed_seeded,46202862,64,64,3,0.13123542070388794,0.13123536109924316,5.9604644775390625e-08,30.135103166103363,1.9779140773752275e-09,0.00023091281055606601,true,PASS,
2026-08-30T16:51:51Z,V2,signed_seeded,46202862,64,64,1,0.13123542070388794,0.13123536109924316,5.9604644775390625e-08,30.135103166103363,1.9779140773752275e-09,0.00023091281055606601,true,PASS,
2026-08-30T16:51:51Z,V2,signed_seeded,46202862,64,64,2,0.13123542070388794,0.13123536109924316,5.9604644775390625e-08,30.135103166103363,1.9779140773752275e-09,0.00023091281055606601,true,PASS,
2026-08-30T16:51:51Z,V2,signed_seeded,46202862,64,64,3,0.13123542070388794,0.13123536109924316,5.9604644775390625e-08,30.135103166103363,1.9779140773752275e-09,0.00023091281055606601,true,PASS,
2026-08-30T16:51:51Z,V3,signed_seeded,46202862,64,64,1,0.13123542070388794,0.13123536109924316,5.9604644775390625e-08,30.135103166103363,1.9779140773752275e-09,0.00023091281055606601,true,PASS,
2026-08-30T16:51:51Z,V3,signed_seeded,46202862,64,64,2,0.13123542070388794,0.13123536109924316,5.9604644775390625e-08,30.135103166103363,1.9779140773752275e-09,0.00023091281055606601,true,PASS,
2026-08-30T16:51:51Z,V3,signed_seeded,46202862,64,64,3,0.13123542070388794,0.13123536109924316,5.9604644775390625e-08,30.135103166103363,1.9779140773752275e-09,0.00023091281055606601,true,PASS,
2026-08-30T16:51:51Z,V4,signed_seeded,46202862,64,64,1,0.13123542070388794,0.13123559951782227,1.7881393432617188e-07,30.135103166103363,5.9337422321256817e-09,0.00023091281055606601,true,PASS,
2026-08-30T16:51:51Z,V4,signed_seeded,46202862,64,64,2,0.13123542070388794,0.13123559951782227,1.7881393432617188e-07,30.135103166103363,5.9337422321256817e-09,0.00023091281055606601,true,PASS,
2026-08-30T16:51:51Z,V4,signed_seeded,46202862,64,64,3,0.13123542070388794,0.13123559951782227,1.7881393432617188e-07,30.135103166103363,5.9337422321256817e-09,0.00023091281055606601,true,PASS,
2026-08-30T16:51:51Z,V5,signed_seeded,46202862,64,64,1,0.13123542070388794,0.13123559951782227,1.7881393432617188e-07,30.135103166103363,5.9337422321256817e-09,0.00023091281055606601,true,PASS,
2026-08-30T16:51:51Z,V5,signed_seeded,46202862,64,64,2,0.13123542070388794,0.13123559951782227,1.7881393432617188e-07,30.135103166103363,5.9337422321256817e-09,0.00023091281055606601,true,PASS,
2026-08-30T16:51:51Z,V5,signed_seeded,46202862,64,64,3,0.13123542070388794,0.13123559951782227,1.7881393432617188e-07,30.135103166103363,5.9337422321256817e-09,0.00023091281055606601,true,PASS,
2026-08-30T16:51:51Z,V6,signed_seeded,46202862,64,64,1,0.13123542070388794,0.13123559951782227,1.7881393432617188e-07,30.135103166103363,5.9337422321256817e-09,0.00023091281055606601,true,PASS,
2026-08-30T16:51:51Z,V6,signed_seeded,46202862,64,64,2,0.13123542070388794,0.13123559951782227,1.7881393432617188e-07,30.135103166103363,5.9337422321256817e-09,0.00023091281055606601,true,PASS,
2026-08-30T16:51:51Z,V6,signed_seeded,46202862,64,64,3,0.13123542070388794,0.13123559951782227,1.7881393432617188e-07,30.135103166103363,5.9337422321256817e-09,0.00023091281055606601,true,PASS,
2026-08-30T16:51:51Z,V7,signed_seeded,46202862,64,64,1,0.13123542070388794,0.13123524188995361,1.7881393432617188e-07,30.135103166103363,5.9337422321256817e-09,0.00023091281055606601,true,PASS,
2026-08-30T16:51:51Z,V7,signed_seeded,46202862,64,64,2,0.13123542070388794,0.13123524188995361,1.7881393432617188e-07,30.135103166103363,5.9337422321256817e-09,0.00023091281055606601,true,PASS,
2026-08-30T16:51:51Z,V7,signed_seeded,46202862,64,64,3,0.13123542070388794,0.13123524188995361,1.7881393432617188e-07,30.135103166103363,5.9337422321256817e-09,0.00023091281055606601,true,PASS,
2026-08-30T16:51:51Z,V1,cancellation,46202862,64,64,1,0.0625,0.0625,0,31.1875,0,0.00023894196886250387,true,PASS,
2026-08-30T16:51:51Z,V1,cancellation,46202862,64,64,2,0.0625,0.0625,0,31.1875,0,0.00023894196886250387,true,PASS,
2026-08-30T16:51:51Z,V1,cancellation,46202862,64,64,3,0.0625,0.0625,0,31.1875,0,0.00023894196886250387,true,PASS,
2026-08-30T16:51:51Z,V2,cancellation,46202862,64,64,1,0.0625,0.0625,0,31.1875,0,0.00023894196886250387,true,PASS,
2026-08-30T16:51:51Z,V2,cancellation,46202862,64,64,2,0.0625,0.0625,0,31.1875,0,0.00023894196886250387,true,PASS,
2026-08-30T16:51:51Z,V2,cancellation,46202862,64,64,3,0.0625,0.0625,0,31.1875,0,0.00023894196886250387,true,PASS,
2026-08-30T16:51:51Z,V3,cancellation,46202862,64,64,1,0.0625,0.0625,0,31.1875,0,0.00023894196886250387,true,PASS,
2026-08-30T16:51:51Z,V3,cancellation,46202862,64,64,2,0.0625,0.0625,0,31.1875,0,0.00023894196886250387,true,PASS,
2026-08-30T16:51:51Z,V3,cancellation,46202862,64,64,3,0.0625,0.0625,0,31.1875,0,0.00023894196886250387,true,PASS,
2026-08-30T16:51:51Z,V4,cancellation,46202862,64,64,1,0.0625,0.0625,0,31.1875,0,0.00023894196886250387,true,PASS,
2026-08-30T16:51:51Z,V4,cancellation,46202862,64,64,2,0.0625,0.0625,0,31.1875,0,0.00023894196886250387,true,PASS,
2026-08-30T16:51:51Z,V4,cancellation,46202862,64,64,3,0.0625,0.0625,0,31.1875,0,0.00023894196886250387,true,PASS,
2026-08-30T16:51:51Z,V5,cancellation,46202862,64,64,1,0.0625,0.0625,0,31.1875,0,0.00023894196886250387,true,PASS,
2026-08-30T16:51:51Z,V5,cancellation,46202862,64,64,2,0.0625,0.0625,0,31.1875,0,0.00023894196886250387,true,PASS,
2026-08-30T16:51:51Z,V5,cancellation,46202862,64,64,3,0.0625,0.0625,0,31.1875,0,0.00023894196886250387,true,PASS,
2026-08-30T16:51:51Z,V6,cancellation,46202862,64,64,1,0.0625,0.0625,0,31.1875,0,0.00023894196886250387,true,PASS,
2026-08-30T16:51:51Z,V6,cancellation,46202862,64,64,2,0.0625,0.0625,0,31.1875,0,0.00023894196886250387,true,PASS,
2026-08-30T16:51:51Z,V6,cancellation,46202862,64,64,3,0.0625,0.0625,0,31.1875,0,0.00023894196886250387,true,PASS,
2026-08-30T16:51:51Z,V7,cancellation,46202862,64,64,1,0.0625,0.0625,0,31.1875,0,0.00023894196886250387,true,PASS,
2026-08-30T16:51:51Z,V7,cancellation,46202862,64,64,2,0.0625,0.0625,0,31.1875,0,0.00023894196886250387,true,PASS,
2026-08-30T16:51:51Z,V7,cancellation,46202862,64,64,3,0.0625,0.0625,0,31.1875,0,0.00023894196886250387,true,PASS,
2026-08-30T16:51:51Z,V1,ones,46202862,65,64,1,65,65,0,65,0,0.00055890007365949905,true,PASS,
2026-08-30T16:51:51Z,V1,ones,46202862,65,64,2,65,65,0,65,0,0.00055890007365949905,true,PASS,
2026-08-30T16:51:51Z,V1,ones,46202862,65,64,3,65,65,0,65,0,0.00055890007365949905,true,PASS,
2026-08-30T16:51:51Z,V2,ones,46202862,65,64,1,65,65,0,65,0,0.00055890007365949905,true,PASS,
2026-08-30T16:51:51Z,V2,ones,46202862,65,64,2,65,65,0,65,0,0.00055890007365949905,true,PASS,
2026-08-30T16:51:51Z,V2,ones,46202862,65,64,3,65,65,0,65,0,0.00055890007365949905,true,PASS,
2026-08-30T16:51:51Z,V3,ones,46202862,65,64,1,65,65,0,65,0,0.00055890007365949905,true,PASS,
2026-08-30T16:51:51Z,V3,ones,46202862,65,64,2,65,65,0,65,0,0.00055890007365949905,true,PASS,
2026-08-30T16:51:51Z,V3,ones,46202862,65,64,3,65,65,0,65,0,0.00055890007365949905,true,PASS,
2026-08-30T16:51:51Z,V4,ones,46202862,65,64,1,65,65,0,65,0,0.00055890007365949905,true,PASS,
2026-08-30T16:51:51Z,V4,ones,46202862,65,64,2,65,65,0,65,0,0.00055890007365949905,true,PASS,
2026-08-30T16:51:51Z,V4,ones,46202862,65,64,3,65,65,0,65,0,0.00055890007365949905,true,PASS,
2026-08-30T16:51:51Z,V5,ones,46202862,65,64,1,65,65,0,65,0,0.00055890007365949905,true,PASS,
2026-08-30T16:51:51Z,V5,ones,46202862,65,64,2,65,65,0,65,0,0.00055890007365949905,true,PASS,
2026-08-30T16:51:51Z,V5,ones,46202862,65,64,3,65,65,0,65,0,0.00055890007365949905,true,PASS,
2026-08-30T16:51:51Z,V6,ones,46202862,65,64,1,65,65,0,65,0,0.00055890007365949905,true,PASS,
2026-08-30T16:51:51Z,V6,ones,46202862,65,64,2,65,65,0,65,0,0.00055890007365949905,true,PASS,
2026-08-30T16:51:51Z,V6,ones,46202862,65,64,3,65,65,0,65,0,0.00055890007365949905,true,PASS,
2026-08-30T16:51:51Z,V7,ones,46202862,65,64,1,65,65,0,65,0,0.00055890007365949905,true,PASS,
2026-08-30T16:51:51Z,V7,ones,46202862,65,64,2,65,65,0,65,0,0.00055890007365949905,true,PASS,
2026-08-30T16:51:51Z,V7,ones,46202862,65,64,3,65,65,0,65,0,0.00055890007365949905,true,PASS,
2026-08-30T16:51:51Z,V1,signed_seeded,46202862,65,64,1,1.0125463604927063,1.0125463008880615,5.9604644775390625e-08,31.016414105892181,1.9217129540473712e-09,0.0002672163032973965,true,PASS,
2026-08-30T16:51:51Z,V1,signed_seeded,46202862,65,64,2,1.0125463604927063,1.0125463008880615,5.9604644775390625e-08,31.016414105892181,1.9217129540473712e-09,0.0002672163032973965,true,PASS,
2026-08-30T16:51:51Z,V1,signed_seeded,46202862,65,64,3,1.0125463604927063,1.0125463008880615,5.9604644775390625e-08,31.016414105892181,1.9217129540473712e-09,0.0002672163032973965,true,PASS,
2026-08-30T16:51:51Z,V2,signed_seeded,46202862,65,64,1,1.0125463604927063,1.0125463008880615,5.9604644775390625e-08,31.016414105892181,1.9217129540473712e-09,0.0002672163032973965,true,PASS,
2026-08-30T16:51:51Z,V2,signed_seeded,46202862,65,64,2,1.0125463604927063,1.0125463008880615,5.9604644775390625e-08,31.016414105892181,1.9217129540473712e-09,0.0002672163032973965,true,PASS,
2026-08-30T16:51:51Z,V2,signed_seeded,46202862,65,64,3,1.0125463604927063,1.0125463008880615,5.9604644775390625e-08,31.016414105892181,1.9217129540473712e-09,0.0002672163032973965,true,PASS,
2026-08-30T16:51:51Z,V3,signed_seeded,46202862,65,64,1,1.0125463604927063,1.0125463008880615,5.9604644775390625e-08,31.016414105892181,1.9217129540473712e-09,0.0002672163032973965,true,PASS,
2026-08-30T16:51:51Z,V3,signed_seeded,46202862,65,64,2,1.0125463604927063,1.0125463008880615,5.9604644775390625e-08,31.016414105892181,1.9217129540473712e-09,0.0002672163032973965,true,PASS,
2026-08-30T16:51:51Z,V3,signed_seeded,46202862,65,64,3,1.0125463604927063,1.0125463008880615,5.9604644775390625e-08,31.016414105892181,1.9217129540473712e-09,0.0002672163032973965,true,PASS,
2026-08-30T16:51:51Z,V4,signed_seeded,46202862,65,64,1,1.0125463604927063,1.0125465393066406,1.7881393432617188e-07,31.016414105892181,5.7651388621421142e-09,0.0002672163032973965,true,PASS,
2026-08-30T16:51:51Z,V4,signed_seeded,46202862,65,64,2,1.0125463604927063,1.0125465393066406,1.7881393432617188e-07,31.016414105892181,5.7651388621421142e-09,0.0002672163032973965,true,PASS,
2026-08-30T16:51:51Z,V4,signed_seeded,46202862,65,64,3,1.0125463604927063,1.0125465393066406,1.7881393432617188e-07,31.016414105892181,5.7651388621421142e-09,0.0002672163032973965,true,PASS,
2026-08-30T16:51:51Z,V5,signed_seeded,46202862,65,64,1,1.0125463604927063,1.0125465393066406,1.7881393432617188e-07,31.016414105892181,5.7651388621421142e-09,0.0002672163032973965,true,PASS,
2026-08-30T16:51:51Z,V5,signed_seeded,46202862,65,64,2,1.0125463604927063,1.0125465393066406,1.7881393432617188e-07,31.016414105892181,5.7651388621421142e-09,0.0002672163032973965,true,PASS,
2026-08-30T16:51:51Z,V5,signed_seeded,46202862,65,64,3,1.0125463604927063,1.0125465393066406,1.7881393432617188e-07,31.016414105892181,5.7651388621421142e-09,0.0002672163032973965,true,PASS,
2026-08-30T16:51:51Z,V6,signed_seeded,46202862,65,64,1,1.0125463604927063,1.0125465393066406,1.7881393432617188e-07,31.016414105892181,5.7651388621421142e-09,0.0002672163032973965,true,PASS,
2026-08-30T16:51:51Z,V6,signed_seeded,46202862,65,64,2,1.0125463604927063,1.0125465393066406,1.7881393432617188e-07,31.016414105892181,5.7651388621421142e-09,0.0002672163032973965,true,PASS,
2026-08-30T16:51:51Z,V6,signed_seeded,46202862,65,64,3,1.0125463604927063,1.0125465393066406,1.7881393432617188e-07,31.016414105892181,5.7651388621421142e-09,0.0002672163032973965,true,PASS,
2026-08-30T16:51:51Z,V7,signed_seeded,46202862,65,64,1,1.0125463604927063,1.012546181678772,1.7881393432617188e-07,31.016414105892181,5.7651388621421142e-09,0.0002672163032973965,true,PASS,
2026-08-30T16:51:51Z,V7,signed_seeded,46202862,65,64,2,1.0125463604927063,1.012546181678772,1.7881393432617188e-07,31.016414105892181,5.7651388621421142e-09,0.0002672163032973965,true,PASS,
2026-08-30T16:51:51Z,V7,signed_seeded,46202862,65,64,3,1.0125463604927063,1.012546181678772,1.7881393432617188e-07,31.016414105892181,5.7651388621421142e-09,0.0002672163032973965,true,PASS,
2026-08-30T16:51:51Z,V1,cancellation,46202862,65,64,1,0.71875,0.71875,0,31.84375,0,0.00027431739185530265,true,PASS,
2026-08-30T16:51:51Z,V1,cancellation,46202862,65,64,2,0.71875,0.71875,0,31.84375,0,0.00027431739185530265,true,PASS,
2026-08-30T16:51:51Z,V1,cancellation,46202862,65,64,3,0.71875,0.71875,0,31.84375,0,0.00027431739185530265,true,PASS,
2026-08-30T16:51:51Z,V2,cancellation,46202862,65,64,1,0.71875,0.71875,0,31.84375,0,0.00027431739185530265,true,PASS,
2026-08-30T16:51:51Z,V2,cancellation,46202862,65,64,2,0.71875,0.71875,0,31.84375,0,0.00027431739185530265,true,PASS,
2026-08-30T16:51:51Z,V2,cancellation,46202862,65,64,3,0.71875,0.71875,0,31.84375,0,0.00027431739185530265,true,PASS,
2026-08-30T16:51:51Z,V3,cancellation,46202862,65,64,1,0.71875,0.71875,0,31.84375,0,0.00027431739185530265,true,PASS,
2026-08-30T16:51:51Z,V3,cancellation,46202862,65,64,2,0.71875,0.71875,0,31.84375,0,0.00027431739185530265,true,PASS,
2026-08-30T16:51:51Z,V3,cancellation,46202862,65,64,3,0.71875,0.71875,0,31.84375,0,0.00027431739185530265,true,PASS,
2026-08-30T16:51:51Z,V4,cancellation,46202862,65,64,1,0.71875,0.71875,0,31.84375,0,0.00027431739185530265,true,PASS,
2026-08-30T16:51:51Z,V4,cancellation,46202862,65,64,2,0.71875,0.71875,0,31.84375,0,0.00027431739185530265,true,PASS,
2026-08-30T16:51:51Z,V4,cancellation,46202862,65,64,3,0.71875,0.71875,0,31.84375,0,0.00027431739185530265,true,PASS,
2026-08-30T16:51:51Z,V5,cancellation,46202862,65,64,1,0.71875,0.71875,0,31.84375,0,0.00027431739185530265,true,PASS,
2026-08-30T16:51:51Z,V5,cancellation,46202862,65,64,2,0.71875,0.71875,0,31.84375,0,0.00027431739185530265,true,PASS,
2026-08-30T16:51:51Z,V5,cancellation,46202862,65,64,3,0.71875,0.71875,0,31.84375,0,0.00027431739185530265,true,PASS,
2026-08-30T16:51:51Z,V6,cancellation,46202862,65,64,1,0.71875,0.71875,0,31.84375,0,0.00027431739185530265,true,PASS,
2026-08-30T16:51:51Z,V6,cancellation,46202862,65,64,2,0.71875,0.71875,0,31.84375,0,0.00027431739185530265,true,PASS,
2026-08-30T16:51:51Z,V6,cancellation,46202862,65,64,3,0.71875,0.71875,0,31.84375,0,0.00027431739185530265,true,PASS,
2026-08-30T16:51:51Z,V7,cancellation,46202862,65,64,1,0.71875,0.71875,0,31.84375,0,0.00027431739185530265,true,PASS,
2026-08-30T16:51:51Z,V7,cancellation,46202862,65,64,2,0.71875,0.71875,0,31.84375,0,0.00027431739185530265,true,PASS,
2026-08-30T16:51:51Z,V7,cancellation,46202862,65,64,3,0.71875,0.71875,0,31.84375,0,0.00027431739185530265,true,PASS,
2026-08-30T16:51:51Z,V1,ones,46202862,127,64,1,127,127,0,127,0,0.0010910509131500982,true,PASS,
2026-08-30T16:51:51Z,V1,ones,46202862,127,64,2,127,127,0,127,0,0.0010910509131500982,true,PASS,
2026-08-30T16:51:51Z,V1,ones,46202862,127,64,3,127,127,0,127,0,0.0010910509131500982,true,PASS,
2026-08-30T16:51:51Z,V2,ones,46202862,127,64,1,127,127,0,127,0,0.0010910509131500982,true,PASS,
2026-08-30T16:51:51Z,V2,ones,46202862,127,64,2,127,127,0,127,0,0.0010910509131500982,true,PASS,
2026-08-30T16:51:51Z,V2,ones,46202862,127,64,3,127,127,0,127,0,0.0010910509131500982,true,PASS,
2026-08-30T16:51:51Z,V3,ones,46202862,127,64,1,127,127,0,127,0,0.0010910509131500982,true,PASS,
2026-08-30T16:51:51Z,V3,ones,46202862,127,64,2,127,127,0,127,0,0.0010910509131500982,true,PASS,
2026-08-30T16:51:51Z,V3,ones,46202862,127,64,3,127,127,0,127,0,0.0010910509131500982,true,PASS,
2026-08-30T16:51:51Z,V4,ones,46202862,127,64,1,127,127,0,127,0,0.0010910509131500982,true,PASS,
2026-08-30T16:51:51Z,V4,ones,46202862,127,64,2,127,127,0,127,0,0.0010910509131500982,true,PASS,
2026-08-30T16:51:51Z,V4,ones,46202862,127,64,3,127,127,0,127,0,0.0010910509131500982,true,PASS,
2026-08-30T16:51:51Z,V5,ones,46202862,127,64,1,127,127,0,127,0,0.0010910509131500982,true,PASS,
2026-08-30T16:51:51Z,V5,ones,46202862,127,64,2,127,127,0,127,0,0.0010910509131500982,true,PASS,
2026-08-30T16:51:51Z,V5,ones,46202862,127,64,3,127,127,0,127,0,0.0010910509131500982,true,PASS,
2026-08-30T16:51:51Z,V6,ones,46202862,127,64,1,127,127,0,127,0,0.0010910509131500982,true,PASS,
2026-08-30T16:51:51Z,V6,ones,46202862,127,64,2,127,127,0,127,0,0.0010910509131500982,true,PASS,
2026-08-30T16:51:51Z,V6,ones,46202862,127,64,3,127,127,0,127,0,0.0010910509131500982,true,PASS,
2026-08-30T16:51:51Z,V7,ones,46202862,127,64,1,127,127,0,127,0,0.0010910509131500982,true,PASS,
2026-08-30T16:51:51Z,V7,ones,46202862,127,64,2,127,127,0,127,0,0.0010910509131500982,true,PASS,
2026-08-30T16:51:51Z,V7,ones,46202862,127,64,3,127,127,0,127,0,0.0010910509131500982,true,PASS,
2026-08-30T16:51:51Z,V1,signed_seeded,46202862,127,64,1,-0.91377806663513184,-0.91377854347229004,4.76837158203125e-07,63.199033737182617,7.54500709909718e-09,0.00054344223964897459,true,PASS,
2026-08-30T16:51:51Z,V1,signed_seeded,46202862,127,64,2,-0.91377806663513184,-0.91377854347229004,4.76837158203125e-07,63.199033737182617,7.54500709909718e-09,0.00054344223964897459,true,PASS,
2026-08-30T16:51:51Z,V1,signed_seeded,46202862,127,64,3,-0.91377806663513184,-0.91377854347229004,4.76837158203125e-07,63.199033737182617,7.54500709909718e-09,0.00054344223964897459,true,PASS,
2026-08-30T16:51:51Z,V2,signed_seeded,46202862,127,64,1,-0.91377806663513184,-0.91377854347229004,4.76837158203125e-07,63.199033737182617,7.54500709909718e-09,0.00054344223964897459,true,PASS,
2026-08-30T16:51:51Z,V2,signed_seeded,46202862,127,64,2,-0.91377806663513184,-0.91377854347229004,4.76837158203125e-07,63.199033737182617,7.54500709909718e-09,0.00054344223964897459,true,PASS,
2026-08-30T16:51:51Z,V2,signed_seeded,46202862,127,64,3,-0.91377806663513184,-0.91377854347229004,4.76837158203125e-07,63.199033737182617,7.54500709909718e-09,0.00054344223964897459,true,PASS,
2026-08-30T16:51:51Z,V3,signed_seeded,46202862,127,64,1,-0.91377806663513184,-0.91377854347229004,4.76837158203125e-07,63.199033737182617,7.54500709909718e-09,0.00054344223964897459,true,PASS,
2026-08-30T16:51:51Z,V3,signed_seeded,46202862,127,64,2,-0.91377806663513184,-0.91377854347229004,4.76837158203125e-07,63.199033737182617,7.54500709909718e-09,0.00054344223964897459,true,PASS,
2026-08-30T16:51:51Z,V3,signed_seeded,46202862,127,64,3,-0.91377806663513184,-0.91377854347229004,4.76837158203125e-07,63.199033737182617,7.54500709909718e-09,0.00054344223964897459,true,PASS,
2026-08-30T16:51:51Z,V4,signed_seeded,46202862,127,64,1,-0.91377806663513184,-0.91377806663513184,0,63.199033737182617,0,0.00054344223964897459,true,PASS,
2026-08-30T16:51:51Z,V4,signed_seeded,46202862,127,64,2,-0.91377806663513184,-0.91377806663513184,0,63.199033737182617,0,0.00054344223964897459,true,PASS,
2026-08-30T16:51:51Z,V4,signed_seeded,46202862,127,64,3,-0.91377806663513184,-0.91377806663513184,0,63.199033737182617,0,0.00054344223964897459,true,PASS,
2026-08-30T16:51:51Z,V5,signed_seeded,46202862,127,64,1,-0.91377806663513184,-0.91377878189086914,7.152557373046875e-07,63.199033737182617,1.1317510648645769e-08,0.00054344223964897459,true,PASS,
2026-08-30T16:51:51Z,V5,signed_seeded,46202862,127,64,2,-0.91377806663513184,-0.91377878189086914,7.152557373046875e-07,63.199033737182617,1.1317510648645769e-08,0.00054344223964897459,true,PASS,
2026-08-30T16:51:51Z,V5,signed_seeded,46202862,127,64,3,-0.91377806663513184,-0.91377878189086914,7.152557373046875e-07,63.199033737182617,1.1317510648645769e-08,0.00054344223964897459,true,PASS,
2026-08-30T16:51:51Z,V6,signed_seeded,46202862,127,64,1,-0.91377806663513184,-0.91377806663513184,0,63.199033737182617,0,0.00054344223964897459,true,PASS,
2026-08-30T16:51:51Z,V6,signed_seeded,46202862,127,64,2,-0.91377806663513184,-0.91377806663513184,0,63.199033737182617,0,0.00054344223964897459,true,PASS,
2026-08-30T16:51:51Z,V6,signed_seeded,46202862,127,64,3,-0.91377806663513184,-0.91377806663513184,0,63.199033737182617,0,0.00054344223964897459,true,PASS,
2026-08-30T16:51:51Z,V7,signed_seeded,46202862,127,64,1,-0.91377806663513184,-0.91377866268157959,5.9604644775390625e-07,63.199033737182617,9.4312588738714738e-09,0.00054344223964897459,true,PASS,
2026-08-30T16:51:51Z,V7,signed_seeded,46202862,127,64,2,-0.91377806663513184,-0.91377866268157959,5.9604644775390625e-07,63.199033737182617,9.4312588738714738e-09,0.00054344223964897459,true,PASS,
2026-08-30T16:51:51Z,V7,signed_seeded,46202862,127,64,3,-0.91377806663513184,-0.91377866268157959,5.9604644775390625e-07,63.199033737182617,9.4312588738714738e-09,0.00054344223964897459,true,PASS,
2026-08-30T16:51:51Z,V1,cancellation,46202862,127,64,1,0.625,0.625,0,62.375,0,0.00053636949376171161,true,PASS,
2026-08-30T16:51:51Z,V1,cancellation,46202862,127,64,2,0.625,0.625,0,62.375,0,0.00053636949376171161,true,PASS,
2026-08-30T16:51:51Z,V1,cancellation,46202862,127,64,3,0.625,0.625,0,62.375,0,0.00053636949376171161,true,PASS,
2026-08-30T16:51:51Z,V2,cancellation,46202862,127,64,1,0.625,0.625,0,62.375,0,0.00053636949376171161,true,PASS,
2026-08-30T16:51:51Z,V2,cancellation,46202862,127,64,2,0.625,0.625,0,62.375,0,0.00053636949376171161,true,PASS,
2026-08-30T16:51:51Z,V2,cancellation,46202862,127,64,3,0.625,0.625,0,62.375,0,0.00053636949376171161,true,PASS,
2026-08-30T16:51:51Z,V3,cancellation,46202862,127,64,1,0.625,0.625,0,62.375,0,0.00053636949376171161,true,PASS,
2026-08-30T16:51:51Z,V3,cancellation,46202862,127,64,2,0.625,0.625,0,62.375,0,0.00053636949376171161,true,PASS,
2026-08-30T16:51:51Z,V3,cancellation,46202862,127,64,3,0.625,0.625,0,62.375,0,0.00053636949376171161,true,PASS,
2026-08-30T16:51:51Z,V4,cancellation,46202862,127,64,1,0.625,0.625,0,62.375,0,0.00053636949376171161,true,PASS,
2026-08-30T16:51:51Z,V4,cancellation,46202862,127,64,2,0.625,0.625,0,62.375,0,0.00053636949376171161,true,PASS,
2026-08-30T16:51:51Z,V4,cancellation,46202862,127,64,3,0.625,0.625,0,62.375,0,0.00053636949376171161,true,PASS,
2026-08-30T16:51:51Z,V5,cancellation,46202862,127,64,1,0.625,0.625,0,62.375,0,0.00053636949376171161,true,PASS,
2026-08-30T16:51:51Z,V5,cancellation,46202862,127,64,2,0.625,0.625,0,62.375,0,0.00053636949376171161,true,PASS,
2026-08-30T16:51:51Z,V5,cancellation,46202862,127,64,3,0.625,0.625,0,62.375,0,0.00053636949376171161,true,PASS,
2026-08-30T16:51:51Z,V6,cancellation,46202862,127,64,1,0.625,0.625,0,62.375,0,0.00053636949376171161,true,PASS,
2026-08-30T16:51:51Z,V6,cancellation,46202862,127,64,2,0.625,0.625,0,62.375,0,0.00053636949376171161,true,PASS,
2026-08-30T16:51:51Z,V6,cancellation,46202862,127,64,3,0.625,0.625,0,62.375,0,0.00053636949376171161,true,PASS,
2026-08-30T16:51:51Z,V7,cancellation,46202862,127,64,1,0.625,0.625,0,62.375,0,0.00053636949376171161,true,PASS,
2026-08-30T16:51:51Z,V7,cancellation,46202862,127,64,2,0.625,0.625,0,62.375,0,0.00053636949376171161,true,PASS,
2026-08-30T16:51:51Z,V7,cancellation,46202862,127,64,3,0.625,0.625,0,62.375,0,0.00053636949376171161,true,PASS,
2026-08-30T16:51:51Z,V1,ones,46202862,128,64,1,128,128,0,128,0,0.001099633991206398,true,PASS,
2026-08-30T16:51:51Z,V1,ones,46202862,128,64,2,128,128,0,128,0,0.001099633991206398,true,PASS,
2026-08-30T16:51:51Z,V1,ones,46202862,128,64,3,128,128,0,128,0,0.001099633991206398,true,PASS,
2026-08-30T16:51:51Z,V2,ones,46202862,128,64,1,128,128,0,128,0,0.001099633991206398,true,PASS,
2026-08-30T16:51:51Z,V2,ones,46202862,128,64,2,128,128,0,128,0,0.001099633991206398,true,PASS,
2026-08-30T16:51:51Z,V2,ones,46202862,128,64,3,128,128,0,128,0,0.001099633991206398,true,PASS,
2026-08-30T16:51:51Z,V3,ones,46202862,128,64,1,128,128,0,128,0,0.001099633991206398,true,PASS,
2026-08-30T16:51:51Z,V3,ones,46202862,128,64,2,128,128,0,128,0,0.001099633991206398,true,PASS,
2026-08-30T16:51:51Z,V3,ones,46202862,128,64,3,128,128,0,128,0,0.001099633991206398,true,PASS,
2026-08-30T16:51:51Z,V4,ones,46202862,128,64,1,128,128,0,128,0,0.001099633991206398,true,PASS,
2026-08-30T16:51:51Z,V4,ones,46202862,128,64,2,128,128,0,128,0,0.001099633991206398,true,PASS,
2026-08-30T16:51:51Z,V4,ones,46202862,128,64,3,128,128,0,128,0,0.001099633991206398,true,PASS,
2026-08-30T16:51:51Z,V5,ones,46202862,128,64,1,128,128,0,128,0,0.001099633991206398,true,PASS,
2026-08-30T16:51:51Z,V5,ones,46202862,128,64,2,128,128,0,128,0,0.001099633991206398,true,PASS,
2026-08-30T16:51:51Z,V5,ones,46202862,128,64,3,128,128,0,128,0,0.001099633991206398,true,PASS,
2026-08-30T16:51:51Z,V6,ones,46202862,128,64,1,128,128,0,128,0,0.001099633991206398,true,PASS,
2026-08-30T16:51:51Z,V6,ones,46202862,128,64,2,128,128,0,128,0,0.001099633991206398,true,PASS,
2026-08-30T16:51:51Z,V6,ones,46202862,128,64,3,128,128,0,128,0,0.001099633991206398,true,PASS,
2026-08-30T16:51:51Z,V7,ones,46202862,128,64,1,128,128,0,128,0,0.001099633991206398,true,PASS,
2026-08-30T16:51:51Z,V7,ones,46202862,128,64,2,128,128,0,128,0,0.001099633991206398,true,PASS,
2026-08-30T16:51:51Z,V7,ones,46202862,128,64,3,128,128,0,128,0,0.001099633991206398,true,PASS,
2026-08-30T16:51:51Z,V1,signed_seeded,46202862,128,64,1,-0.10699307918548584,-0.1069939136505127,8.3446502685546875e-07,64.005818724632263,1.3037330722157137e-08,0.00055036693817090592,true,PASS,
2026-08-30T16:51:51Z,V1,signed_seeded,46202862,128,64,2,-0.10699307918548584,-0.1069939136505127,8.3446502685546875e-07,64.005818724632263,1.3037330722157137e-08,0.00055036693817090592,true,PASS,
2026-08-30T16:51:51Z,V1,signed_seeded,46202862,128,64,3,-0.10699307918548584,-0.1069939136505127,8.3446502685546875e-07,64.005818724632263,1.3037330722157137e-08,0.00055036693817090592,true,PASS,
2026-08-30T16:51:51Z,V2,signed_seeded,46202862,128,64,1,-0.10699307918548584,-0.1069939136505127,8.3446502685546875e-07,64.005818724632263,1.3037330722157137e-08,0.00055036693817090592,true,PASS,
2026-08-30T16:51:51Z,V2,signed_seeded,46202862,128,64,2,-0.10699307918548584,-0.1069939136505127,8.3446502685546875e-07,64.005818724632263,1.3037330722157137e-08,0.00055036693817090592,true,PASS,
2026-08-30T16:51:51Z,V2,signed_seeded,46202862,128,64,3,-0.10699307918548584,-0.1069939136505127,8.3446502685546875e-07,64.005818724632263,1.3037330722157137e-08,0.00055036693817090592,true,PASS,
2026-08-30T16:51:51Z,V3,signed_seeded,46202862,128,64,1,-0.10699307918548584,-0.1069939136505127,8.3446502685546875e-07,64.005818724632263,1.3037330722157137e-08,0.00055036693817090592,true,PASS,
2026-08-30T16:51:51Z,V3,signed_seeded,46202862,128,64,2,-0.10699307918548584,-0.1069939136505127,8.3446502685546875e-07,64.005818724632263,1.3037330722157137e-08,0.00055036693817090592,true,PASS,
2026-08-30T16:51:51Z,V3,signed_seeded,46202862,128,64,3,-0.10699307918548584,-0.1069939136505127,8.3446502685546875e-07,64.005818724632263,1.3037330722157137e-08,0.00055036693817090592,true,PASS,
2026-08-30T16:51:51Z,V4,signed_seeded,46202862,128,64,1,-0.10699307918548584,-0.10699313879013062,5.9604644775390625e-08,64.005818724632263,9.3123790872550976e-10,0.00055036693817090592,true,PASS,
2026-08-30T16:51:51Z,V4,signed_seeded,46202862,128,64,2,-0.10699307918548584,-0.10699313879013062,5.9604644775390625e-08,64.005818724632263,9.3123790872550976e-10,0.00055036693817090592,true,PASS,
2026-08-30T16:51:51Z,V4,signed_seeded,46202862,128,64,3,-0.10699307918548584,-0.10699313879013062,5.9604644775390625e-08,64.005818724632263,9.3123790872550976e-10,0.00055036693817090592,true,PASS,
2026-08-30T16:51:51Z,V5,signed_seeded,46202862,128,64,1,-0.10699307918548584,-0.10699367523193359,5.9604644775390625e-07,64.005818724632263,9.3123790872550983e-09,0.00055036693817090592,true,PASS,
2026-08-30T16:51:51Z,V5,signed_seeded,46202862,128,64,2,-0.10699307918548584,-0.10699367523193359,5.9604644775390625e-07,64.005818724632263,9.3123790872550983e-09,0.00055036693817090592,true,PASS,
2026-08-30T16:51:51Z,V5,signed_seeded,46202862,128,64,3,-0.10699307918548584,-0.10699367523193359,5.9604644775390625e-07,64.005818724632263,9.3123790872550983e-09,0.00055036693817090592,true,PASS,
2026-08-30T16:51:51Z,V6,signed_seeded,46202862,128,64,1,-0.10699307918548584,-0.10699313879013062,5.9604644775390625e-08,64.005818724632263,9.3123790872550976e-10,0.00055036693817090592,true,PASS,
2026-08-30T16:51:51Z,V6,signed_seeded,46202862,128,64,2,-0.10699307918548584,-0.10699313879013062,5.9604644775390625e-08,64.005818724632263,9.3123790872550976e-10,0.00055036693817090592,true,PASS,
2026-08-30T16:51:51Z,V6,signed_seeded,46202862,128,64,3,-0.10699307918548584,-0.10699313879013062,5.9604644775390625e-08,64.005818724632263,9.3123790872550976e-10,0.00055036693817090592,true,PASS,
2026-08-30T16:51:51Z,V7,signed_seeded,46202862,128,64,1,-0.10699307918548584,-0.10699355602264404,4.76837158203125e-07,64.005818724632263,7.4499032698040781e-09,0.00055036693817090592,true,PASS,
2026-08-30T16:51:51Z,V7,signed_seeded,46202862,128,64,2,-0.10699307918548584,-0.10699355602264404,4.76837158203125e-07,64.005818724632263,7.4499032698040781e-09,0.00055036693817090592,true,PASS,
2026-08-30T16:51:51Z,V7,signed_seeded,46202862,128,64,3,-0.10699307918548584,-0.10699355602264404,4.76837158203125e-07,64.005818724632263,7.4499032698040781e-09,0.00055036693817090592,true,PASS,
2026-08-30T16:51:51Z,V1,cancellation,46202862,128,64,1,0.125,0.125,0,62.875,0,0.00054066103278986154,true,PASS,
2026-08-30T16:51:51Z,V1,cancellation,46202862,128,64,2,0.125,0.125,0,62.875,0,0.00054066103278986154,true,PASS,
2026-08-30T16:51:51Z,V1,cancellation,46202862,128,64,3,0.125,0.125,0,62.875,0,0.00054066103278986154,true,PASS,
2026-08-30T16:51:51Z,V2,cancellation,46202862,128,64,1,0.125,0.125,0,62.875,0,0.00054066103278986154,true,PASS,
2026-08-30T16:51:51Z,V2,cancellation,46202862,128,64,2,0.125,0.125,0,62.875,0,0.00054066103278986154,true,PASS,
2026-08-30T16:51:51Z,V2,cancellation,46202862,128,64,3,0.125,0.125,0,62.875,0,0.00054066103278986154,true,PASS,
2026-08-30T16:51:51Z,V3,cancellation,46202862,128,64,1,0.125,0.125,0,62.875,0,0.00054066103278986154,true,PASS,
2026-08-30T16:51:51Z,V3,cancellation,46202862,128,64,2,0.125,0.125,0,62.875,0,0.00054066103278986154,true,PASS,
2026-08-30T16:51:51Z,V3,cancellation,46202862,128,64,3,0.125,0.125,0,62.875,0,0.00054066103278986154,true,PASS,
2026-08-30T16:51:51Z,V4,cancellation,46202862,128,64,1,0.125,0.125,0,62.875,0,0.00054066103278986154,true,PASS,
2026-08-30T16:51:51Z,V4,cancellation,46202862,128,64,2,0.125,0.125,0,62.875,0,0.00054066103278986154,true,PASS,
2026-08-30T16:51:51Z,V4,cancellation,46202862,128,64,3,0.125,0.125,0,62.875,0,0.00054066103278986154,true,PASS,
2026-08-30T16:51:51Z,V5,cancellation,46202862,128,64,1,0.125,0.125,0,62.875,0,0.00054066103278986154,true,PASS,
2026-08-30T16:51:51Z,V5,cancellation,46202862,128,64,2,0.125,0.125,0,62.875,0,0.00054066103278986154,true,PASS,
2026-08-30T16:51:51Z,V5,cancellation,46202862,128,64,3,0.125,0.125,0,62.875,0,0.00054066103278986154,true,PASS,
2026-08-30T16:51:51Z,V6,cancellation,46202862,128,64,1,0.125,0.125,0,62.875,0,0.00054066103278986154,true,PASS,
2026-08-30T16:51:51Z,V6,cancellation,46202862,128,64,2,0.125,0.125,0,62.875,0,0.00054066103278986154,true,PASS,
2026-08-30T16:51:51Z,V6,cancellation,46202862,128,64,3,0.125,0.125,0,62.875,0,0.00054066103278986154,true,PASS,
2026-08-30T16:51:51Z,V7,cancellation,46202862,128,64,1,0.125,0.125,0,62.875,0,0.00054066103278986154,true,PASS,
2026-08-30T16:51:51Z,V7,cancellation,46202862,128,64,2,0.125,0.125,0,62.875,0,0.00054066103278986154,true,PASS,
2026-08-30T16:51:51Z,V7,cancellation,46202862,128,64,3,0.125,0.125,0,62.875,0,0.00054066103278986154,true,PASS,
2026-08-30T16:51:51Z,V1,ones,46202862,129,64,1,129,129,0,129,0,0.0012312413347260174,true,PASS,
2026-08-30T16:51:51Z,V1,ones,46202862,129,64,2,129,129,0,129,0,0.0012312413347260174,true,PASS,
2026-08-30T16:51:51Z,V1,ones,46202862,129,64,3,129,129,0,129,0,0.0012312413347260174,true,PASS,
2026-08-30T16:51:51Z,V2,ones,46202862,129,64,1,129,129,0,129,0,0.0012312413347260174,true,PASS,
2026-08-30T16:51:51Z,V2,ones,46202862,129,64,2,129,129,0,129,0,0.0012312413347260174,true,PASS,
2026-08-30T16:51:51Z,V2,ones,46202862,129,64,3,129,129,0,129,0,0.0012312413347260174,true,PASS,
2026-08-30T16:51:51Z,V3,ones,46202862,129,64,1,129,129,0,129,0,0.0012312413347260174,true,PASS,
2026-08-30T16:51:51Z,V3,ones,46202862,129,64,2,129,129,0,129,0,0.0012312413347260174,true,PASS,
2026-08-30T16:51:51Z,V3,ones,46202862,129,64,3,129,129,0,129,0,0.0012312413347260174,true,PASS,
2026-08-30T16:51:51Z,V4,ones,46202862,129,64,1,129,129,0,129,0,0.0012312413347260174,true,PASS,
2026-08-30T16:51:51Z,V4,ones,46202862,129,64,2,129,129,0,129,0,0.0012312413347260174,true,PASS,
2026-08-30T16:51:51Z,V4,ones,46202862,129,64,3,129,129,0,129,0,0.0012312413347260174,true,PASS,
2026-08-30T16:51:51Z,V5,ones,46202862,129,64,1,129,129,0,129,0,0.0012312413347260174,true,PASS,
2026-08-30T16:51:51Z,V5,ones,46202862,129,64,2,129,129,0,129,0,0.0012312413347260174,true,PASS,
2026-08-30T16:51:51Z,V5,ones,46202862,129,64,3,129,129,0,129,0,0.0012312413347260174,true,PASS,
2026-08-30T16:51:51Z,V6,ones,46202862,129,64,1,129,129,0,129,0,0.0012312413347260174,true,PASS,
2026-08-30T16:51:51Z,V6,ones,46202862,129,64,2,129,129,0,129,0,0.0012312413347260174,true,PASS,
2026-08-30T16:51:51Z,V6,ones,46202862,129,64,3,129,129,0,129,0,0.0012312413347260174,true,PASS,
2026-08-30T16:51:51Z,V7,ones,46202862,129,64,1,129,129,0,129,0,0.0012312413347260174,true,PASS,
2026-08-30T16:51:51Z,V7,ones,46202862,129,64,2,129,129,0,129,0,0.0012312413347260174,true,PASS,
2026-08-30T16:51:51Z,V7,ones,46202862,129,64,3,129,129,0,129,0,0.0012312413347260174,true,PASS,
2026-08-30T16:51:51Z,V1,signed_seeded,46202862,129,64,1,-0.80742335319519043,-0.80742418766021729,8.3446502685546875e-07,64.706248998641968,1.289620461345213e-08,0.00061808761343568465,true,PASS,
2026-08-30T16:51:51Z,V1,signed_seeded,46202862,129,64,2,-0.80742335319519043,-0.80742418766021729,8.3446502685546875e-07,64.706248998641968,1.289620461345213e-08,0.00061808761343568465,true,PASS,
2026-08-30T16:51:51Z,V1,signed_seeded,46202862,129,64,3,-0.80742335319519043,-0.80742418766021729,8.3446502685546875e-07,64.706248998641968,1.289620461345213e-08,0.00061808761343568465,true,PASS,
2026-08-30T16:51:51Z,V2,signed_seeded,46202862,129,64,1,-0.80742335319519043,-0.80742418766021729,8.3446502685546875e-07,64.706248998641968,1.289620461345213e-08,0.00061808761343568465,true,PASS,
2026-08-30T16:51:51Z,V2,signed_seeded,46202862,129,64,2,-0.80742335319519043,-0.80742418766021729,8.3446502685546875e-07,64.706248998641968,1.289620461345213e-08,0.00061808761343568465,true,PASS,
2026-08-30T16:51:51Z,V2,signed_seeded,46202862,129,64,3,-0.80742335319519043,-0.80742418766021729,8.3446502685546875e-07,64.706248998641968,1.289620461345213e-08,0.00061808761343568465,true,PASS,
2026-08-30T16:51:51Z,V3,signed_seeded,46202862,129,64,1,-0.80742335319519043,-0.80742418766021729,8.3446502685546875e-07,64.706248998641968,1.289620461345213e-08,0.00061808761343568465,true,PASS,
2026-08-30T16:51:51Z,V3,signed_seeded,46202862,129,64,2,-0.80742335319519043,-0.80742418766021729,8.3446502685546875e-07,64.706248998641968,1.289620461345213e-08,0.00061808761343568465,true,PASS,
2026-08-30T16:51:51Z,V3,signed_seeded,46202862,129,64,3,-0.80742335319519043,-0.80742418766021729,8.3446502685546875e-07,64.706248998641968,1.289620461345213e-08,0.00061808761343568465,true,PASS,
2026-08-30T16:51:51Z,V4,signed_seeded,46202862,129,64,1,-0.80742335319519043,-0.80742341279983521,5.9604644775390625e-08,64.706248998641968,9.2115747238943781e-10,0.00061808761343568465,true,PASS,
2026-08-30T16:51:51Z,V4,signed_seeded,46202862,129,64,2,-0.80742335319519043,-0.80742341279983521,5.9604644775390625e-08,64.706248998641968,9.2115747238943781e-10,0.00061808761343568465,true,PASS,
2026-08-30T16:51:51Z,V4,signed_seeded,46202862,129,64,3,-0.80742335319519043,-0.80742341279983521,5.9604644775390625e-08,64.706248998641968,9.2115747238943781e-10,0.00061808761343568465,true,PASS,
2026-08-30T16:51:51Z,V5,signed_seeded,46202862,129,64,1,-0.80742335319519043,-0.80742394924163818,5.9604644775390625e-07,64.706248998641968,9.2115747238943777e-09,0.00061808761343568465,true,PASS,
2026-08-30T16:51:51Z,V5,signed_seeded,46202862,129,64,2,-0.80742335319519043,-0.80742394924163818,5.9604644775390625e-07,64.706248998641968,9.2115747238943777e-09,0.00061808761343568465,true,PASS,
2026-08-30T16:51:51Z,V5,signed_seeded,46202862,129,64,3,-0.80742335319519043,-0.80742394924163818,5.9604644775390625e-07,64.706248998641968,9.2115747238943777e-09,0.00061808761343568465,true,PASS,
2026-08-30T16:51:51Z,V6,signed_seeded,46202862,129,64,1,-0.80742335319519043,-0.80742341279983521,5.9604644775390625e-08,64.706248998641968,9.2115747238943781e-10,0.00061808761343568465,true,PASS,
2026-08-30T16:51:51Z,V6,signed_seeded,46202862,129,64,2,-0.80742335319519043,-0.80742341279983521,5.9604644775390625e-08,64.706248998641968,9.2115747238943781e-10,0.00061808761343568465,true,PASS,
2026-08-30T16:51:51Z,V6,signed_seeded,46202862,129,64,3,-0.80742335319519043,-0.80742341279983521,5.9604644775390625e-08,64.706248998641968,9.2115747238943781e-10,0.00061808761343568465,true,PASS,
2026-08-30T16:51:51Z,V7,signed_seeded,46202862,129,64,1,-0.80742335319519043,-0.80742383003234863,4.76837158203125e-07,64.706248998641968,7.3692597791155025e-09,0.00061808761343568465,true,PASS,
2026-08-30T16:51:51Z,V7,signed_seeded,46202862,129,64,2,-0.80742335319519043,-0.80742383003234863,4.76837158203125e-07,64.706248998641968,7.3692597791155025e-09,0.00061808761343568465,true,PASS,
2026-08-30T16:51:51Z,V7,signed_seeded,46202862,129,64,3,-0.80742335319519043,-0.80742383003234863,4.76837158203125e-07,64.706248998641968,7.3692597791155025e-09,0.00061808761343568465,true,PASS,
2026-08-30T16:51:51Z,V1,cancellation,46202862,129,64,1,0.65625,0.65625,0,63.40625,0,0.00060568984209280268,true,PASS,
2026-08-30T16:51:51Z,V1,cancellation,46202862,129,64,2,0.65625,0.65625,0,63.40625,0,0.00060568984209280268,true,PASS,
2026-08-30T16:51:51Z,V1,cancellation,46202862,129,64,3,0.65625,0.65625,0,63.40625,0,0.00060568984209280268,true,PASS,
2026-08-30T16:51:51Z,V2,cancellation,46202862,129,64,1,0.65625,0.65625,0,63.40625,0,0.00060568984209280268,true,PASS,
2026-08-30T16:51:51Z,V2,cancellation,46202862,129,64,2,0.65625,0.65625,0,63.40625,0,0.00060568984209280268,true,PASS,
2026-08-30T16:51:51Z,V2,cancellation,46202862,129,64,3,0.65625,0.65625,0,63.40625,0,0.00060568984209280268,true,PASS,
2026-08-30T16:51:51Z,V3,cancellation,46202862,129,64,1,0.65625,0.65625,0,63.40625,0,0.00060568984209280268,true,PASS,
2026-08-30T16:51:51Z,V3,cancellation,46202862,129,64,2,0.65625,0.65625,0,63.40625,0,0.00060568984209280268,true,PASS,
2026-08-30T16:51:51Z,V3,cancellation,46202862,129,64,3,0.65625,0.65625,0,63.40625,0,0.00060568984209280268,true,PASS,
2026-08-30T16:51:51Z,V4,cancellation,46202862,129,64,1,0.65625,0.65625,0,63.40625,0,0.00060568984209280268,true,PASS,
2026-08-30T16:51:51Z,V4,cancellation,46202862,129,64,2,0.65625,0.65625,0,63.40625,0,0.00060568984209280268,true,PASS,
2026-08-30T16:51:51Z,V4,cancellation,46202862,129,64,3,0.65625,0.65625,0,63.40625,0,0.00060568984209280268,true,PASS,
2026-08-30T16:51:51Z,V5,cancellation,46202862,129,64,1,0.65625,0.65625,0,63.40625,0,0.00060568984209280268,true,PASS,
2026-08-30T16:51:51Z,V5,cancellation,46202862,129,64,2,0.65625,0.65625,0,63.40625,0,0.00060568984209280268,true,PASS,
2026-08-30T16:51:51Z,V5,cancellation,46202862,129,64,3,0.65625,0.65625,0,63.40625,0,0.00060568984209280268,true,PASS,
2026-08-30T16:51:51Z,V6,cancellation,46202862,129,64,1,0.65625,0.65625,0,63.40625,0,0.00060568984209280268,true,PASS,
2026-08-30T16:51:51Z,V6,cancellation,46202862,129,64,2,0.65625,0.65625,0,63.40625,0,0.00060568984209280268,true,PASS,
2026-08-30T16:51:51Z,V6,cancellation,46202862,129,64,3,0.65625,0.65625,0,63.40625,0,0.00060568984209280268,true,PASS,
2026-08-30T16:51:51Z,V7,cancellation,46202862,129,64,1,0.65625,0.65625,0,63.40625,0,0.00060568984209280268,true,PASS,
2026-08-30T16:51:51Z,V7,cancellation,46202862,129,64,2,0.65625,0.65625,0,63.40625,0,0.00060568984209280268,true,PASS,
2026-08-30T16:51:51Z,V7,cancellation,46202862,129,64,3,0.65625,0.65625,0,63.40625,0,0.00060568984209280268,true,PASS,
2026-08-30T16:51:51Z,V1,ones,46202862,1101,64,1,1101,1101,0,1101,0,0.013650961644351646,true,PASS,
2026-08-30T16:51:51Z,V1,ones,46202862,1101,64,2,1101,1101,0,1101,0,0.013650961644351646,true,PASS,
2026-08-30T16:51:51Z,V1,ones,46202862,1101,64,3,1101,1101,0,1101,0,0.013650961644351646,true,PASS,
2026-08-30T16:51:51Z,V2,ones,46202862,1101,64,1,1101,1101,0,1101,0,0.013650961644351646,true,PASS,
2026-08-30T16:51:51Z,V2,ones,46202862,1101,64,2,1101,1101,0,1101,0,0.013650961644351646,true,PASS,
2026-08-30T16:51:51Z,V2,ones,46202862,1101,64,3,1101,1101,0,1101,0,0.013650961644351646,true,PASS,
2026-08-30T16:51:51Z,V3,ones,46202862,1101,64,1,1101,1101,0,1101,0,0.013650961644351646,true,PASS,
2026-08-30T16:51:51Z,V3,ones,46202862,1101,64,2,1101,1101,0,1101,0,0.013650961644351646,true,PASS,
2026-08-30T16:51:51Z,V3,ones,46202862,1101,64,3,1101,1101,0,1101,0,0.013650961644351646,true,PASS,
2026-08-30T16:51:51Z,V4,ones,46202862,1101,64,1,1101,1101,0,1101,0,0.013650961644351646,true,PASS,
2026-08-30T16:51:51Z,V4,ones,46202862,1101,64,2,1101,1101,0,1101,0,0.013650961644351646,true,PASS,
2026-08-30T16:51:51Z,V4,ones,46202862,1101,64,3,1101,1101,0,1101,0,0.013650961644351646,true,PASS,
2026-08-30T16:51:51Z,V5,ones,46202862,1101,64,1,1101,1101,0,1101,0,0.013650961644351646,true,PASS,
2026-08-30T16:51:51Z,V5,ones,46202862,1101,64,2,1101,1101,0,1101,0,0.013650961644351646,true,PASS,
2026-08-30T16:51:51Z,V5,ones,46202862,1101,64,3,1101,1101,0,1101,0,0.013650961644351646,true,PASS,
2026-08-30T16:51:51Z,V6,ones,46202862,1101,64,1,1101,1101,0,1101,0,0.013650961644351646,true,PASS,
2026-08-30T16:51:51Z,V6,ones,46202862,1101,64,2,1101,1101,0,1101,0,0.013650961644351646,true,PASS,
2026-08-30T16:51:51Z,V6,ones,46202862,1101,64,3,1101,1101,0,1101,0,0.013650961644351646,true,PASS,
2026-08-30T16:51:51Z,V7,ones,46202862,1101,64,1,1101,1101,0,1101,0,0.013650961644351646,true,PASS,
2026-08-30T16:51:51Z,V7,ones,46202862,1101,64,2,1101,1101,0,1101,0,0.013650961644351646,true,PASS,
2026-08-30T16:51:51Z,V7,ones,46202862,1101,64,3,1101,1101,0,1101,0,0.013650961644351646,true,PASS,
2026-08-30T16:51:51Z,V1,signed_seeded,46202862,1101,64,1,-24.202481329441071,-24.202482223510742,8.9406967163085938e-07,534.9160640835762,1.6714204931620233e-09,0.0066327745301438352,true,PASS,
2026-08-30T16:51:51Z,V1,signed_seeded,46202862,1101,64,2,-24.202481329441071,-24.202482223510742,8.9406967163085938e-07,534.9160640835762,1.6714204931620233e-09,0.0066327745301438352,true,PASS,
2026-08-30T16:51:51Z,V1,signed_seeded,46202862,1101,64,3,-24.202481329441071,-24.202482223510742,8.9406967163085938e-07,534.9160640835762,1.6714204931620233e-09,0.0066327745301438352,true,PASS,
2026-08-30T16:51:51Z,V2,signed_seeded,46202862,1101,64,1,-24.202481329441071,-24.202482223510742,8.9406967163085938e-07,534.9160640835762,1.6714204931620233e-09,0.0066327745301438352,true,PASS,
2026-08-30T16:51:51Z,V2,signed_seeded,46202862,1101,64,2,-24.202481329441071,-24.202482223510742,8.9406967163085938e-07,534.9160640835762,1.6714204931620233e-09,0.0066327745301438352,true,PASS,
2026-08-30T16:51:51Z,V2,signed_seeded,46202862,1101,64,3,-24.202481329441071,-24.202482223510742,8.9406967163085938e-07,534.9160640835762,1.6714204931620233e-09,0.0066327745301438352,true,PASS,
2026-08-30T16:51:51Z,V3,signed_seeded,46202862,1101,64,1,-24.202481329441071,-24.202482223510742,8.9406967163085938e-07,534.9160640835762,1.6714204931620233e-09,0.0066327745301438352,true,PASS,
2026-08-30T16:51:51Z,V3,signed_seeded,46202862,1101,64,2,-24.202481329441071,-24.202482223510742,8.9406967163085938e-07,534.9160640835762,1.6714204931620233e-09,0.0066327745301438352,true,PASS,
2026-08-30T16:51:51Z,V3,signed_seeded,46202862,1101,64,3,-24.202481329441071,-24.202482223510742,8.9406967163085938e-07,534.9160640835762,1.6714204931620233e-09,0.0066327745301438352,true,PASS,
2026-08-30T16:51:51Z,V4,signed_seeded,46202862,1101,64,1,-24.202481329441071,-24.202482223510742,8.9406967163085938e-07,534.9160640835762,1.6714204931620233e-09,0.0066327745301438352,true,PASS,
2026-08-30T16:51:51Z,V4,signed_seeded,46202862,1101,64,2,-24.202481329441071,-24.202482223510742,8.9406967163085938e-07,534.9160640835762,1.6714204931620233e-09,0.0066327745301438352,true,PASS,
2026-08-30T16:51:51Z,V4,signed_seeded,46202862,1101,64,3,-24.202481329441071,-24.202482223510742,8.9406967163085938e-07,534.9160640835762,1.6714204931620233e-09,0.0066327745301438352,true,PASS,
2026-08-30T16:51:51Z,V5,signed_seeded,46202862,1101,64,1,-24.202481329441071,-24.202480316162109,1.0132789611816406e-06,534.9160640835762,1.8942765589169598e-09,0.0066327745301438352,true,PASS,
2026-08-30T16:51:51Z,V5,signed_seeded,46202862,1101,64,2,-24.202481329441071,-24.202480316162109,1.0132789611816406e-06,534.9160640835762,1.8942765589169598e-09,0.0066327745301438352,true,PASS,
2026-08-30T16:51:51Z,V5,signed_seeded,46202862,1101,64,3,-24.202481329441071,-24.202480316162109,1.0132789611816406e-06,534.9160640835762,1.8942765589169598e-09,0.0066327745301438352,true,PASS,
2026-08-30T16:51:51Z,V6,signed_seeded,46202862,1101,64,1,-24.202481329441071,-24.202482223510742,8.9406967163085938e-07,534.9160640835762,1.6714204931620233e-09,0.0066327745301438352,true,PASS,
2026-08-30T16:51:51Z,V6,signed_seeded,46202862,1101,64,2,-24.202481329441071,-24.202482223510742,8.9406967163085938e-07,534.9160640835762,1.6714204931620233e-09,0.0066327745301438352,true,PASS,
2026-08-30T16:51:51Z,V6,signed_seeded,46202862,1101,64,3,-24.202481329441071,-24.202482223510742,8.9406967163085938e-07,534.9160640835762,1.6714204931620233e-09,0.0066327745301438352,true,PASS,
2026-08-30T16:51:51Z,V7,signed_seeded,46202862,1101,64,1,-24.202481329441071,-24.202484130859375,2.8014183044433594e-06,534.9160640835762,5.237117545241006e-09,0.0066327745301438352,true,PASS,
2026-08-30T16:51:51Z,V7,signed_seeded,46202862,1101,64,2,-24.202481329441071,-24.202484130859375,2.8014183044433594e-06,534.9160640835762,5.237117545241006e-09,0.0066327745301438352,true,PASS,
2026-08-30T16:51:51Z,V7,signed_seeded,46202862,1101,64,3,-24.202481329441071,-24.202484130859375,2.8014183044433594e-06,534.9160640835762,5.237117545241006e-09,0.0066327745301438352,true,PASS,
2026-08-30T16:51:51Z,V1,cancellation,46202862,1101,64,1,0.4375,0.4375,0,549.6875,0,0.0068159076215981345,true,PASS,
2026-08-30T16:51:51Z,V1,cancellation,46202862,1101,64,2,0.4375,0.4375,0,549.6875,0,0.0068159076215981345,true,PASS,
2026-08-30T16:51:51Z,V1,cancellation,46202862,1101,64,3,0.4375,0.4375,0,549.6875,0,0.0068159076215981345,true,PASS,
2026-08-30T16:51:51Z,V2,cancellation,46202862,1101,64,1,0.4375,0.4375,0,549.6875,0,0.0068159076215981345,true,PASS,
2026-08-30T16:51:51Z,V2,cancellation,46202862,1101,64,2,0.4375,0.4375,0,549.6875,0,0.0068159076215981345,true,PASS,
2026-08-30T16:51:51Z,V2,cancellation,46202862,1101,64,3,0.4375,0.4375,0,549.6875,0,0.0068159076215981345,true,PASS,
2026-08-30T16:51:51Z,V3,cancellation,46202862,1101,64,1,0.4375,0.4375,0,549.6875,0,0.0068159076215981345,true,PASS,
2026-08-30T16:51:51Z,V3,cancellation,46202862,1101,64,2,0.4375,0.4375,0,549.6875,0,0.0068159076215981345,true,PASS,
2026-08-30T16:51:51Z,V3,cancellation,46202862,1101,64,3,0.4375,0.4375,0,549.6875,0,0.0068159076215981345,true,PASS,
2026-08-30T16:51:51Z,V4,cancellation,46202862,1101,64,1,0.4375,0.4375,0,549.6875,0,0.0068159076215981345,true,PASS,
2026-08-30T16:51:51Z,V4,cancellation,46202862,1101,64,2,0.4375,0.4375,0,549.6875,0,0.0068159076215981345,true,PASS,
2026-08-30T16:51:51Z,V4,cancellation,46202862,1101,64,3,0.4375,0.4375,0,549.6875,0,0.0068159076215981345,true,PASS,
2026-08-30T16:51:51Z,V5,cancellation,46202862,1101,64,1,0.4375,0.4375,0,549.6875,0,0.0068159076215981345,true,PASS,
2026-08-30T16:51:51Z,V5,cancellation,46202862,1101,64,2,0.4375,0.4375,0,549.6875,0,0.0068159076215981345,true,PASS,
2026-08-30T16:51:51Z,V5,cancellation,46202862,1101,64,3,0.4375,0.4375,0,549.6875,0,0.0068159076215981345,true,PASS,
2026-08-30T16:51:51Z,V6,cancellation,46202862,1101,64,1,0.4375,0.4375,0,549.6875,0,0.0068159076215981345,true,PASS,
2026-08-30T16:51:51Z,V6,cancellation,46202862,1101,64,2,0.4375,0.4375,0,549.6875,0,0.0068159076215981345,true,PASS,
2026-08-30T16:51:51Z,V6,cancellation,46202862,1101,64,3,0.4375,0.4375,0,549.6875,0,0.0068159076215981345,true,PASS,
2026-08-30T16:51:51Z,V7,cancellation,46202862,1101,64,1,0.4375,0.4375,0,549.6875,0,0.0068159076215981345,true,PASS,
2026-08-30T16:51:51Z,V7,cancellation,46202862,1101,64,2,0.4375,0.4375,0,549.6875,0,0.0068159076215981345,true,PASS,
2026-08-30T16:51:51Z,V7,cancellation,46202862,1101,64,3,0.4375,0.4375,0,549.6875,0,0.0068159076215981345,true,PASS,
2026-08-30T16:51:51Z,V1,ones,46202862,1,128,1,1,1,0,1,0,3.8610239724006552e-06,true,PASS,
2026-08-30T16:51:51Z,V1,ones,46202862,1,128,2,1,1,0,1,0,3.8610239724006552e-06,true,PASS,
2026-08-30T16:51:51Z,V1,ones,46202862,1,128,3,1,1,0,1,0,3.8610239724006552e-06,true,PASS,
2026-08-30T16:51:51Z,V2,ones,46202862,1,128,1,1,1,0,1,0,3.8610239724006552e-06,true,PASS,
2026-08-30T16:51:51Z,V2,ones,46202862,1,128,2,1,1,0,1,0,3.8610239724006552e-06,true,PASS,
2026-08-30T16:51:51Z,V2,ones,46202862,1,128,3,1,1,0,1,0,3.8610239724006552e-06,true,PASS,
2026-08-30T16:51:51Z,V3,ones,46202862,1,128,1,1,1,0,1,0,3.8610239724006552e-06,true,PASS,
2026-08-30T16:51:51Z,V3,ones,46202862,1,128,2,1,1,0,1,0,3.8610239724006552e-06,true,PASS,
2026-08-30T16:51:51Z,V3,ones,46202862,1,128,3,1,1,0,1,0,3.8610239724006552e-06,true,PASS,
2026-08-30T16:51:51Z,V4,ones,46202862,1,128,1,1,1,0,1,0,3.8610239724006552e-06,true,PASS,
2026-08-30T16:51:51Z,V4,ones,46202862,1,128,2,1,1,0,1,0,3.8610239724006552e-06,true,PASS,
2026-08-30T16:51:51Z,V4,ones,46202862,1,128,3,1,1,0,1,0,3.8610239724006552e-06,true,PASS,
2026-08-30T16:51:51Z,V5,ones,46202862,1,128,1,1,1,0,1,0,3.8610239724006552e-06,true,PASS,
2026-08-30T16:51:51Z,V5,ones,46202862,1,128,2,1,1,0,1,0,3.8610239724006552e-06,true,PASS,
2026-08-30T16:51:51Z,V5,ones,46202862,1,128,3,1,1,0,1,0,3.8610239724006552e-06,true,PASS,
2026-08-30T16:51:51Z,V6,ones,46202862,1,128,1,1,1,0,1,0,3.8610239724006552e-06,true,PASS,
2026-08-30T16:51:51Z,V6,ones,46202862,1,128,2,1,1,0,1,0,3.8610239724006552e-06,true,PASS,
2026-08-30T16:51:51Z,V6,ones,46202862,1,128,3,1,1,0,1,0,3.8610239724006552e-06,true,PASS,
2026-08-30T16:51:51Z,V7,ones,46202862,1,128,1,1,1,0,1,0,3.8610239724006552e-06,true,PASS,
2026-08-30T16:51:51Z,V7,ones,46202862,1,128,2,1,1,0,1,0,3.8610239724006552e-06,true,PASS,
2026-08-30T16:51:51Z,V7,ones,46202862,1,128,3,1,1,0,1,0,3.8610239724006552e-06,true,PASS,
2026-08-30T16:51:51Z,V1,signed_seeded,46202862,1,128,1,-0.34256291389465332,-0.34256291389465332,0,0.34256291389465332,0,1.9800807087080245e-06,true,PASS,
2026-08-30T16:51:51Z,V1,signed_seeded,46202862,1,128,2,-0.34256291389465332,-0.34256291389465332,0,0.34256291389465332,0,1.9800807087080245e-06,true,PASS,
2026-08-30T16:51:51Z,V1,signed_seeded,46202862,1,128,3,-0.34256291389465332,-0.34256291389465332,0,0.34256291389465332,0,1.9800807087080245e-06,true,PASS,
2026-08-30T16:51:51Z,V2,signed_seeded,46202862,1,128,1,-0.34256291389465332,-0.34256291389465332,0,0.34256291389465332,0,1.9800807087080245e-06,true,PASS,
2026-08-30T16:51:51Z,V2,signed_seeded,46202862,1,128,2,-0.34256291389465332,-0.34256291389465332,0,0.34256291389465332,0,1.9800807087080245e-06,true,PASS,
2026-08-30T16:51:51Z,V2,signed_seeded,46202862,1,128,3,-0.34256291389465332,-0.34256291389465332,0,0.34256291389465332,0,1.9800807087080245e-06,true,PASS,
2026-08-30T16:51:51Z,V3,signed_seeded,46202862,1,128,1,-0.34256291389465332,-0.34256291389465332,0,0.34256291389465332,0,1.9800807087080245e-06,true,PASS,
2026-08-30T16:51:51Z,V3,signed_seeded,46202862,1,128,2,-0.34256291389465332,-0.34256291389465332,0,0.34256291389465332,0,1.9800807087080245e-06,true,PASS,
2026-08-30T16:51:51Z,V3,signed_seeded,46202862,1,128,3,-0.34256291389465332,-0.34256291389465332,0,0.34256291389465332,0,1.9800807087080245e-06,true,PASS,
2026-08-30T16:51:51Z,V4,signed_seeded,46202862,1,128,1,-0.34256291389465332,-0.34256291389465332,0,0.34256291389465332,0,1.9800807087080245e-06,true,PASS,
2026-08-30T16:51:51Z,V4,signed_seeded,46202862,1,128,2,-0.34256291389465332,-0.34256291389465332,0,0.34256291389465332,0,1.9800807087080245e-06,true,PASS,
2026-08-30T16:51:51Z,V4,signed_seeded,46202862,1,128,3,-0.34256291389465332,-0.34256291389465332,0,0.34256291389465332,0,1.9800807087080245e-06,true,PASS,
2026-08-30T16:51:51Z,V5,signed_seeded,46202862,1,128,1,-0.34256291389465332,-0.34256291389465332,0,0.34256291389465332,0,1.9800807087080245e-06,true,PASS,
2026-08-30T16:51:51Z,V5,signed_seeded,46202862,1,128,2,-0.34256291389465332,-0.34256291389465332,0,0.34256291389465332,0,1.9800807087080245e-06,true,PASS,
2026-08-30T16:51:51Z,V5,signed_seeded,46202862,1,128,3,-0.34256291389465332,-0.34256291389465332,0,0.34256291389465332,0,1.9800807087080245e-06,true,PASS,
2026-08-30T16:51:51Z,V6,signed_seeded,46202862,1,128,1,-0.34256291389465332,-0.34256291389465332,0,0.34256291389465332,0,1.9800807087080245e-06,true,PASS,
2026-08-30T16:51:51Z,V6,signed_seeded,46202862,1,128,2,-0.34256291389465332,-0.34256291389465332,0,0.34256291389465332,0,1.9800807087080245e-06,true,PASS,
2026-08-30T16:51:51Z,V6,signed_seeded,46202862,1,128,3,-0.34256291389465332,-0.34256291389465332,0,0.34256291389465332,0,1.9800807087080245e-06,true,PASS,
2026-08-30T16:51:51Z,V7,signed_seeded,46202862,1,128,1,-0.34256291389465332,-0.34256291389465332,0,0.34256291389465332,0,1.9800807087080245e-06,true,PASS,
2026-08-30T16:51:51Z,V7,signed_seeded,46202862,1,128,2,-0.34256291389465332,-0.34256291389465332,0,0.34256291389465332,0,1.9800807087080245e-06,true,PASS,
2026-08-30T16:51:51Z,V7,signed_seeded,46202862,1,128,3,-0.34256291389465332,-0.34256291389465332,0,0.34256291389465332,0,1.9800807087080245e-06,true,PASS,
2026-08-30T16:51:51Z,V1,cancellation,46202862,1,128,1,0.25,0.25,0,0.25,0,1.7152559931001638e-06,true,PASS,
2026-08-30T16:51:51Z,V1,cancellation,46202862,1,128,2,0.25,0.25,0,0.25,0,1.7152559931001638e-06,true,PASS,
2026-08-30T16:51:51Z,V1,cancellation,46202862,1,128,3,0.25,0.25,0,0.25,0,1.7152559931001638e-06,true,PASS,
2026-08-30T16:51:51Z,V2,cancellation,46202862,1,128,1,0.25,0.25,0,0.25,0,1.7152559931001638e-06,true,PASS,
2026-08-30T16:51:51Z,V2,cancellation,46202862,1,128,2,0.25,0.25,0,0.25,0,1.7152559931001638e-06,true,PASS,
2026-08-30T16:51:51Z,V2,cancellation,46202862,1,128,3,0.25,0.25,0,0.25,0,1.7152559931001638e-06,true,PASS,
2026-08-30T16:51:51Z,V3,cancellation,46202862,1,128,1,0.25,0.25,0,0.25,0,1.7152559931001638e-06,true,PASS,
2026-08-30T16:51:51Z,V3,cancellation,46202862,1,128,2,0.25,0.25,0,0.25,0,1.7152559931001638e-06,true,PASS,
2026-08-30T16:51:51Z,V3,cancellation,46202862,1,128,3,0.25,0.25,0,0.25,0,1.7152559931001638e-06,true,PASS,
2026-08-30T16:51:51Z,V4,cancellation,46202862,1,128,1,0.25,0.25,0,0.25,0,1.7152559931001638e-06,true,PASS,
2026-08-30T16:51:51Z,V4,cancellation,46202862,1,128,2,0.25,0.25,0,0.25,0,1.7152559931001638e-06,true,PASS,
2026-08-30T16:51:51Z,V4,cancellation,46202862,1,128,3,0.25,0.25,0,0.25,0,1.7152559931001638e-06,true,PASS,
2026-08-30T16:51:51Z,V5,cancellation,46202862,1,128,1,0.25,0.25,0,0.25,0,1.7152559931001638e-06,true,PASS,
2026-08-30T16:51:51Z,V5,cancellation,46202862,1,128,2,0.25,0.25,0,0.25,0,1.7152559931001638e-06,true,PASS,
2026-08-30T16:51:51Z,V5,cancellation,46202862,1,128,3,0.25,0.25,0,0.25,0,1.7152559931001638e-06,true,PASS,
2026-08-30T16:51:51Z,V6,cancellation,46202862,1,128,1,0.25,0.25,0,0.25,0,1.7152559931001638e-06,true,PASS,
2026-08-30T16:51:51Z,V6,cancellation,46202862,1,128,2,0.25,0.25,0,0.25,0,1.7152559931001638e-06,true,PASS,
2026-08-30T16:51:51Z,V6,cancellation,46202862,1,128,3,0.25,0.25,0,0.25,0,1.7152559931001638e-06,true,PASS,
2026-08-30T16:51:51Z,V7,cancellation,46202862,1,128,1,0.25,0.25,0,0.25,0,1.7152559931001638e-06,true,PASS,
2026-08-30T16:51:51Z,V7,cancellation,46202862,1,128,2,0.25,0.25,0,0.25,0,1.7152559931001638e-06,true,PASS,
2026-08-30T16:51:51Z,V7,cancellation,46202862,1,128,3,0.25,0.25,0,0.25,0,1.7152559931001638e-06,true,PASS,
2026-08-30T16:51:51Z,V1,ones,46202862,127,128,1,127,127,0,127,0,0.0010910509131500982,true,PASS,
2026-08-30T16:51:51Z,V1,ones,46202862,127,128,2,127,127,0,127,0,0.0010910509131500982,true,PASS,
2026-08-30T16:51:51Z,V1,ones,46202862,127,128,3,127,127,0,127,0,0.0010910509131500982,true,PASS,
2026-08-30T16:51:51Z,V2,ones,46202862,127,128,1,127,127,0,127,0,0.0010910509131500982,true,PASS,
2026-08-30T16:51:51Z,V2,ones,46202862,127,128,2,127,127,0,127,0,0.0010910509131500982,true,PASS,
2026-08-30T16:51:51Z,V2,ones,46202862,127,128,3,127,127,0,127,0,0.0010910509131500982,true,PASS,
2026-08-30T16:51:51Z,V3,ones,46202862,127,128,1,127,127,0,127,0,0.0010910509131500982,true,PASS,
2026-08-30T16:51:51Z,V3,ones,46202862,127,128,2,127,127,0,127,0,0.0010910509131500982,true,PASS,
2026-08-30T16:51:51Z,V3,ones,46202862,127,128,3,127,127,0,127,0,0.0010910509131500982,true,PASS,
2026-08-30T16:51:51Z,V4,ones,46202862,127,128,1,127,127,0,127,0,0.0010910509131500982,true,PASS,
2026-08-30T16:51:51Z,V4,ones,46202862,127,128,2,127,127,0,127,0,0.0010910509131500982,true,PASS,
2026-08-30T16:51:51Z,V4,ones,46202862,127,128,3,127,127,0,127,0,0.0010910509131500982,true,PASS,
2026-08-30T16:51:51Z,V5,ones,46202862,127,128,1,127,127,0,127,0,0.0010910509131500982,true,PASS,
2026-08-30T16:51:51Z,V5,ones,46202862,127,128,2,127,127,0,127,0,0.0010910509131500982,true,PASS,
2026-08-30T16:51:51Z,V5,ones,46202862,127,128,3,127,127,0,127,0,0.0010910509131500982,true,PASS,
2026-08-30T16:51:51Z,V6,ones,46202862,127,128,1,127,127,0,127,0,0.0010910509131500982,true,PASS,
2026-08-30T16:51:51Z,V6,ones,46202862,127,128,2,127,127,0,127,0,0.0010910509131500982,true,PASS,
2026-08-30T16:51:51Z,V6,ones,46202862,127,128,3,127,127,0,127,0,0.0010910509131500982,true,PASS,
2026-08-30T16:51:51Z,V7,ones,46202862,127,128,1,127,127,0,127,0,0.0010910509131500982,true,PASS,
2026-08-30T16:51:51Z,V7,ones,46202862,127,128,2,127,127,0,127,0,0.0010910509131500982,true,PASS,
2026-08-30T16:51:51Z,V7,ones,46202862,127,128,3,127,127,0,127,0,0.0010910509131500982,true,PASS,
2026-08-30T16:51:51Z,V1,signed_seeded,46202862,127,128,1,-0.91377806663513184,-0.91377854347229004,4.76837158203125e-07,63.199033737182617,7.54500709909718e-09,0.00054344223964897459,true,PASS,
2026-08-30T16:51:51Z,V1,signed_seeded,46202862,127,128,2,-0.91377806663513184,-0.91377854347229004,4.76837158203125e-07,63.199033737182617,7.54500709909718e-09,0.00054344223964897459,true,PASS,
2026-08-30T16:51:51Z,V1,signed_seeded,46202862,127,128,3,-0.91377806663513184,-0.91377854347229004,4.76837158203125e-07,63.199033737182617,7.54500709909718e-09,0.00054344223964897459,true,PASS,
2026-08-30T16:51:51Z,V2,signed_seeded,46202862,127,128,1,-0.91377806663513184,-0.91377854347229004,4.76837158203125e-07,63.199033737182617,7.54500709909718e-09,0.00054344223964897459,true,PASS,
2026-08-30T16:51:51Z,V2,signed_seeded,46202862,127,128,2,-0.91377806663513184,-0.91377854347229004,4.76837158203125e-07,63.199033737182617,7.54500709909718e-09,0.00054344223964897459,true,PASS,
2026-08-30T16:51:51Z,V2,signed_seeded,46202862,127,128,3,-0.91377806663513184,-0.91377854347229004,4.76837158203125e-07,63.199033737182617,7.54500709909718e-09,0.00054344223964897459,true,PASS,
2026-08-30T16:51:51Z,V3,signed_seeded,46202862,127,128,1,-0.91377806663513184,-0.91377854347229004,4.76837158203125e-07,63.199033737182617,7.54500709909718e-09,0.00054344223964897459,true,PASS,
2026-08-30T16:51:51Z,V3,signed_seeded,46202862,127,128,2,-0.91377806663513184,-0.91377854347229004,4.76837158203125e-07,63.199033737182617,7.54500709909718e-09,0.00054344223964897459,true,PASS,
2026-08-30T16:51:51Z,V3,signed_seeded,46202862,127,128,3,-0.91377806663513184,-0.91377854347229004,4.76837158203125e-07,63.199033737182617,7.54500709909718e-09,0.00054344223964897459,true,PASS,
2026-08-30T16:51:51Z,V4,signed_seeded,46202862,127,128,1,-0.91377806663513184,-0.91377878189086914,7.152557373046875e-07,63.199033737182617,1.1317510648645769e-08,0.00054344223964897459,true,PASS,
2026-08-30T16:51:51Z,V4,signed_seeded,46202862,127,128,2,-0.91377806663513184,-0.91377878189086914,7.152557373046875e-07,63.199033737182617,1.1317510648645769e-08,0.00054344223964897459,true,PASS,
2026-08-30T16:51:51Z,V4,signed_seeded,46202862,127,128,3,-0.91377806663513184,-0.91377878189086914,7.152557373046875e-07,63.199033737182617,1.1317510648645769e-08,0.00054344223964897459,true,PASS,
2026-08-30T16:51:51Z,V5,signed_seeded,46202862,127,128,1,-0.91377806663513184,-0.91377878189086914,7.152557373046875e-07,63.199033737182617,1.1317510648645769e-08,0.00054344223964897459,true,PASS,
2026-08-30T16:51:51Z,V5,signed_seeded,46202862,127,128,2,-0.91377806663513184,-0.91377878189086914,7.152557373046875e-07,63.199033737182617,1.1317510648645769e-08,0.00054344223964897459,true,PASS,
2026-08-30T16:51:51Z,V5,signed_seeded,46202862,127,128,3,-0.91377806663513184,-0.91377878189086914,7.152557373046875e-07,63.199033737182617,1.1317510648645769e-08,0.00054344223964897459,true,PASS,
2026-08-30T16:51:51Z,V6,signed_seeded,46202862,127,128,1,-0.91377806663513184,-0.91377878189086914,7.152557373046875e-07,63.199033737182617,1.1317510648645769e-08,0.00054344223964897459,true,PASS,
2026-08-30T16:51:51Z,V6,signed_seeded,46202862,127,128,2,-0.91377806663513184,-0.91377878189086914,7.152557373046875e-07,63.199033737182617,1.1317510648645769e-08,0.00054344223964897459,true,PASS,
2026-08-30T16:51:51Z,V6,signed_seeded,46202862,127,128,3,-0.91377806663513184,-0.91377878189086914,7.152557373046875e-07,63.199033737182617,1.1317510648645769e-08,0.00054344223964897459,true,PASS,
2026-08-30T16:51:51Z,V7,signed_seeded,46202862,127,128,1,-0.91377806663513184,-0.91377854347229004,4.76837158203125e-07,63.199033737182617,7.54500709909718e-09,0.00054344223964897459,true,PASS,
2026-08-30T16:51:51Z,V7,signed_seeded,46202862,127,128,2,-0.91377806663513184,-0.91377854347229004,4.76837158203125e-07,63.199033737182617,7.54500709909718e-09,0.00054344223964897459,true,PASS,
2026-08-30T16:51:51Z,V7,signed_seeded,46202862,127,128,3,-0.91377806663513184,-0.91377854347229004,4.76837158203125e-07,63.199033737182617,7.54500709909718e-09,0.00054344223964897459,true,PASS,
2026-08-30T16:51:51Z,V1,cancellation,46202862,127,128,1,0.625,0.625,0,62.375,0,0.00053636949376171161,true,PASS,
2026-08-30T16:51:51Z,V1,cancellation,46202862,127,128,2,0.625,0.625,0,62.375,0,0.00053636949376171161,true,PASS,
2026-08-30T16:51:51Z,V1,cancellation,46202862,127,128,3,0.625,0.625,0,62.375,0,0.00053636949376171161,true,PASS,
2026-08-30T16:51:51Z,V2,cancellation,46202862,127,128,1,0.625,0.625,0,62.375,0,0.00053636949376171161,true,PASS,
2026-08-30T16:51:51Z,V2,cancellation,46202862,127,128,2,0.625,0.625,0,62.375,0,0.00053636949376171161,true,PASS,
2026-08-30T16:51:51Z,V2,cancellation,46202862,127,128,3,0.625,0.625,0,62.375,0,0.00053636949376171161,true,PASS,
2026-08-30T16:51:51Z,V3,cancellation,46202862,127,128,1,0.625,0.625,0,62.375,0,0.00053636949376171161,true,PASS,
2026-08-30T16:51:51Z,V3,cancellation,46202862,127,128,2,0.625,0.625,0,62.375,0,0.00053636949376171161,true,PASS,
2026-08-30T16:51:51Z,V3,cancellation,46202862,127,128,3,0.625,0.625,0,62.375,0,0.00053636949376171161,true,PASS,
2026-08-30T16:51:51Z,V4,cancellation,46202862,127,128,1,0.625,0.625,0,62.375,0,0.00053636949376171161,true,PASS,
2026-08-30T16:51:51Z,V4,cancellation,46202862,127,128,2,0.625,0.625,0,62.375,0,0.00053636949376171161,true,PASS,
2026-08-30T16:51:51Z,V4,cancellation,46202862,127,128,3,0.625,0.625,0,62.375,0,0.00053636949376171161,true,PASS,
2026-08-30T16:51:51Z,V5,cancellation,46202862,127,128,1,0.625,0.625,0,62.375,0,0.00053636949376171161,true,PASS,
2026-08-30T16:51:51Z,V5,cancellation,46202862,127,128,2,0.625,0.625,0,62.375,0,0.00053636949376171161,true,PASS,
2026-08-30T16:51:51Z,V5,cancellation,46202862,127,128,3,0.625,0.625,0,62.375,0,0.00053636949376171161,true,PASS,
2026-08-30T16:51:51Z,V6,cancellation,46202862,127,128,1,0.625,0.625,0,62.375,0,0.00053636949376171161,true,PASS,
2026-08-30T16:51:51Z,V6,cancellation,46202862,127,128,2,0.625,0.625,0,62.375,0,0.00053636949376171161,true,PASS,
2026-08-30T16:51:51Z,V6,cancellation,46202862,127,128,3,0.625,0.625,0,62.375,0,0.00053636949376171161,true,PASS,
2026-08-30T16:51:51Z,V7,cancellation,46202862,127,128,1,0.625,0.625,0,62.375,0,0.00053636949376171161,true,PASS,
2026-08-30T16:51:51Z,V7,cancellation,46202862,127,128,2,0.625,0.625,0,62.375,0,0.00053636949376171161,true,PASS,
2026-08-30T16:51:51Z,V7,cancellation,46202862,127,128,3,0.625,0.625,0,62.375,0,0.00053636949376171161,true,PASS,
2026-08-30T16:51:51Z,V1,ones,46202862,128,128,1,128,128,0,128,0,0.001099633991206398,true,PASS,
2026-08-30T16:51:51Z,V1,ones,46202862,128,128,2,128,128,0,128,0,0.001099633991206398,true,PASS,
2026-08-30T16:51:51Z,V1,ones,46202862,128,128,3,128,128,0,128,0,0.001099633991206398,true,PASS,
2026-08-30T16:51:51Z,V2,ones,46202862,128,128,1,128,128,0,128,0,0.001099633991206398,true,PASS,
2026-08-30T16:51:51Z,V2,ones,46202862,128,128,2,128,128,0,128,0,0.001099633991206398,true,PASS,
2026-08-30T16:51:51Z,V2,ones,46202862,128,128,3,128,128,0,128,0,0.001099633991206398,true,PASS,
2026-08-30T16:51:51Z,V3,ones,46202862,128,128,1,128,128,0,128,0,0.001099633991206398,true,PASS,
2026-08-30T16:51:51Z,V3,ones,46202862,128,128,2,128,128,0,128,0,0.001099633991206398,true,PASS,
2026-08-30T16:51:51Z,V3,ones,46202862,128,128,3,128,128,0,128,0,0.001099633991206398,true,PASS,
2026-08-30T16:51:51Z,V4,ones,46202862,128,128,1,128,128,0,128,0,0.001099633991206398,true,PASS,
2026-08-30T16:51:51Z,V4,ones,46202862,128,128,2,128,128,0,128,0,0.001099633991206398,true,PASS,
2026-08-30T16:51:51Z,V4,ones,46202862,128,128,3,128,128,0,128,0,0.001099633991206398,true,PASS,
2026-08-30T16:51:51Z,V5,ones,46202862,128,128,1,128,128,0,128,0,0.001099633991206398,true,PASS,
2026-08-30T16:51:51Z,V5,ones,46202862,128,128,2,128,128,0,128,0,0.001099633991206398,true,PASS,
2026-08-30T16:51:51Z,V5,ones,46202862,128,128,3,128,128,0,128,0,0.001099633991206398,true,PASS,
2026-08-30T16:51:51Z,V6,ones,46202862,128,128,1,128,128,0,128,0,0.001099633991206398,true,PASS,
2026-08-30T16:51:51Z,V6,ones,46202862,128,128,2,128,128,0,128,0,0.001099633991206398,true,PASS,
2026-08-30T16:51:51Z,V6,ones,46202862,128,128,3,128,128,0,128,0,0.001099633991206398,true,PASS,
2026-08-30T16:51:51Z,V7,ones,46202862,128,128,1,128,128,0,128,0,0.001099633991206398,true,PASS,
2026-08-30T16:51:51Z,V7,ones,46202862,128,128,2,128,128,0,128,0,0.001099633991206398,true,PASS,
2026-08-30T16:51:51Z,V7,ones,46202862,128,128,3,128,128,0,128,0,0.001099633991206398,true,PASS,
2026-08-30T16:51:51Z,V1,signed_seeded,46202862,128,128,1,-0.10699307918548584,-0.1069939136505127,8.3446502685546875e-07,64.005818724632263,1.3037330722157137e-08,0.00055036693817090592,true,PASS,
2026-08-30T16:51:51Z,V1,signed_seeded,46202862,128,128,2,-0.10699307918548584,-0.1069939136505127,8.3446502685546875e-07,64.005818724632263,1.3037330722157137e-08,0.00055036693817090592,true,PASS,
2026-08-30T16:51:51Z,V1,signed_seeded,46202862,128,128,3,-0.10699307918548584,-0.1069939136505127,8.3446502685546875e-07,64.005818724632263,1.3037330722157137e-08,0.00055036693817090592,true,PASS,
2026-08-30T16:51:51Z,V2,signed_seeded,46202862,128,128,1,-0.10699307918548584,-0.1069939136505127,8.3446502685546875e-07,64.005818724632263,1.3037330722157137e-08,0.00055036693817090592,true,PASS,
2026-08-30T16:51:51Z,V2,signed_seeded,46202862,128,128,2,-0.10699307918548584,-0.1069939136505127,8.3446502685546875e-07,64.005818724632263,1.3037330722157137e-08,0.00055036693817090592,true,PASS,
2026-08-30T16:51:51Z,V2,signed_seeded,46202862,128,128,3,-0.10699307918548584,-0.1069939136505127,8.3446502685546875e-07,64.005818724632263,1.3037330722157137e-08,0.00055036693817090592,true,PASS,
2026-08-30T16:51:51Z,V3,signed_seeded,46202862,128,128,1,-0.10699307918548584,-0.1069939136505127,8.3446502685546875e-07,64.005818724632263,1.3037330722157137e-08,0.00055036693817090592,true,PASS,
2026-08-30T16:51:51Z,V3,signed_seeded,46202862,128,128,2,-0.10699307918548584,-0.1069939136505127,8.3446502685546875e-07,64.005818724632263,1.3037330722157137e-08,0.00055036693817090592,true,PASS,
2026-08-30T16:51:51Z,V3,signed_seeded,46202862,128,128,3,-0.10699307918548584,-0.1069939136505127,8.3446502685546875e-07,64.005818724632263,1.3037330722157137e-08,0.00055036693817090592,true,PASS,
2026-08-30T16:51:51Z,V4,signed_seeded,46202862,128,128,1,-0.10699307918548584,-0.10699367523193359,5.9604644775390625e-07,64.005818724632263,9.3123790872550983e-09,0.00055036693817090592,true,PASS,
2026-08-30T16:51:51Z,V4,signed_seeded,46202862,128,128,2,-0.10699307918548584,-0.10699367523193359,5.9604644775390625e-07,64.005818724632263,9.3123790872550983e-09,0.00055036693817090592,true,PASS,
2026-08-30T16:51:51Z,V4,signed_seeded,46202862,128,128,3,-0.10699307918548584,-0.10699367523193359,5.9604644775390625e-07,64.005818724632263,9.3123790872550983e-09,0.00055036693817090592,true,PASS,
2026-08-30T16:51:51Z,V5,signed_seeded,46202862,128,128,1,-0.10699307918548584,-0.10699367523193359,5.9604644775390625e-07,64.005818724632263,9.3123790872550983e-09,0.00055036693817090592,true,PASS,
2026-08-30T16:51:51Z,V5,signed_seeded,46202862,128,128,2,-0.10699307918548584,-0.10699367523193359,5.9604644775390625e-07,64.005818724632263,9.3123790872550983e-09,0.00055036693817090592,true,PASS,
2026-08-30T16:51:51Z,V5,signed_seeded,46202862,128,128,3,-0.10699307918548584,-0.10699367523193359,5.9604644775390625e-07,64.005818724632263,9.3123790872550983e-09,0.00055036693817090592,true,PASS,
2026-08-30T16:51:51Z,V6,signed_seeded,46202862,128,128,1,-0.10699307918548584,-0.10699367523193359,5.9604644775390625e-07,64.005818724632263,9.3123790872550983e-09,0.00055036693817090592,true,PASS,
2026-08-30T16:51:51Z,V6,signed_seeded,46202862,128,128,2,-0.10699307918548584,-0.10699367523193359,5.9604644775390625e-07,64.005818724632263,9.3123790872550983e-09,0.00055036693817090592,true,PASS,
2026-08-30T16:51:51Z,V6,signed_seeded,46202862,128,128,3,-0.10699307918548584,-0.10699367523193359,5.9604644775390625e-07,64.005818724632263,9.3123790872550983e-09,0.00055036693817090592,true,PASS,
2026-08-30T16:51:51Z,V7,signed_seeded,46202862,128,128,1,-0.10699307918548584,-0.10699343681335449,3.5762786865234375e-07,64.005818724632263,5.5874274523530588e-09,0.00055036693817090592,true,PASS,
2026-08-30T16:51:51Z,V7,signed_seeded,46202862,128,128,2,-0.10699307918548584,-0.10699343681335449,3.5762786865234375e-07,64.005818724632263,5.5874274523530588e-09,0.00055036693817090592,true,PASS,
2026-08-30T16:51:51Z,V7,signed_seeded,46202862,128,128,3,-0.10699307918548584,-0.10699343681335449,3.5762786865234375e-07,64.005818724632263,5.5874274523530588e-09,0.00055036693817090592,true,PASS,
2026-08-30T16:51:51Z,V1,cancellation,46202862,128,128,1,0.125,0.125,0,62.875,0,0.00054066103278986154,true,PASS,
2026-08-30T16:51:51Z,V1,cancellation,46202862,128,128,2,0.125,0.125,0,62.875,0,0.00054066103278986154,true,PASS,
2026-08-30T16:51:51Z,V1,cancellation,46202862,128,128,3,0.125,0.125,0,62.875,0,0.00054066103278986154,true,PASS,
2026-08-30T16:51:51Z,V2,cancellation,46202862,128,128,1,0.125,0.125,0,62.875,0,0.00054066103278986154,true,PASS,
2026-08-30T16:51:51Z,V2,cancellation,46202862,128,128,2,0.125,0.125,0,62.875,0,0.00054066103278986154,true,PASS,
2026-08-30T16:51:51Z,V2,cancellation,46202862,128,128,3,0.125,0.125,0,62.875,0,0.00054066103278986154,true,PASS,
2026-08-30T16:51:51Z,V3,cancellation,46202862,128,128,1,0.125,0.125,0,62.875,0,0.00054066103278986154,true,PASS,
2026-08-30T16:51:51Z,V3,cancellation,46202862,128,128,2,0.125,0.125,0,62.875,0,0.00054066103278986154,true,PASS,
2026-08-30T16:51:51Z,V3,cancellation,46202862,128,128,3,0.125,0.125,0,62.875,0,0.00054066103278986154,true,PASS,
2026-08-30T16:51:51Z,V4,cancellation,46202862,128,128,1,0.125,0.125,0,62.875,0,0.00054066103278986154,true,PASS,
2026-08-30T16:51:51Z,V4,cancellation,46202862,128,128,2,0.125,0.125,0,62.875,0,0.00054066103278986154,true,PASS,
2026-08-30T16:51:51Z,V4,cancellation,46202862,128,128,3,0.125,0.125,0,62.875,0,0.00054066103278986154,true,PASS,
2026-08-30T16:51:51Z,V5,cancellation,46202862,128,128,1,0.125,0.125,0,62.875,0,0.00054066103278986154,true,PASS,
2026-08-30T16:51:51Z,V5,cancellation,46202862,128,128,2,0.125,0.125,0,62.875,0,0.00054066103278986154,true,PASS,
2026-08-30T16:51:51Z,V5,cancellation,46202862,128,128,3,0.125,0.125,0,62.875,0,0.00054066103278986154,true,PASS,
2026-08-30T16:51:51Z,V6,cancellation,46202862,128,128,1,0.125,0.125,0,62.875,0,0.00054066103278986154,true,PASS,
2026-08-30T16:51:51Z,V6,cancellation,46202862,128,128,2,0.125,0.125,0,62.875,0,0.00054066103278986154,true,PASS,
2026-08-30T16:51:51Z,V6,cancellation,46202862,128,128,3,0.125,0.125,0,62.875,0,0.00054066103278986154,true,PASS,
2026-08-30T16:51:51Z,V7,cancellation,46202862,128,128,1,0.125,0.125,0,62.875,0,0.00054066103278986154,true,PASS,
2026-08-30T16:51:51Z,V7,cancellation,46202862,128,128,2,0.125,0.125,0,62.875,0,0.00054066103278986154,true,PASS,
2026-08-30T16:51:51Z,V7,cancellation,46202862,128,128,3,0.125,0.125,0,62.875,0,0.00054066103278986154,true,PASS,
2026-08-30T16:51:51Z,V1,ones,46202862,129,128,1,129,129,0,129,0,0.0012312413347260174,true,PASS,
2026-08-30T16:51:51Z,V1,ones,46202862,129,128,2,129,129,0,129,0,0.0012312413347260174,true,PASS,
2026-08-30T16:51:51Z,V1,ones,46202862,129,128,3,129,129,0,129,0,0.0012312413347260174,true,PASS,
2026-08-30T16:51:51Z,V2,ones,46202862,129,128,1,129,129,0,129,0,0.0012312413347260174,true,PASS,
2026-08-30T16:51:51Z,V2,ones,46202862,129,128,2,129,129,0,129,0,0.0012312413347260174,true,PASS,
2026-08-30T16:51:51Z,V2,ones,46202862,129,128,3,129,129,0,129,0,0.0012312413347260174,true,PASS,
2026-08-30T16:51:51Z,V3,ones,46202862,129,128,1,129,129,0,129,0,0.0012312413347260174,true,PASS,
2026-08-30T16:51:51Z,V3,ones,46202862,129,128,2,129,129,0,129,0,0.0012312413347260174,true,PASS,
2026-08-30T16:51:51Z,V3,ones,46202862,129,128,3,129,129,0,129,0,0.0012312413347260174,true,PASS,
2026-08-30T16:51:51Z,V4,ones,46202862,129,128,1,129,129,0,129,0,0.0012312413347260174,true,PASS,
2026-08-30T16:51:51Z,V4,ones,46202862,129,128,2,129,129,0,129,0,0.0012312413347260174,true,PASS,
2026-08-30T16:51:51Z,V4,ones,46202862,129,128,3,129,129,0,129,0,0.0012312413347260174,true,PASS,
2026-08-30T16:51:51Z,V5,ones,46202862,129,128,1,129,129,0,129,0,0.0012312413347260174,true,PASS,
2026-08-30T16:51:51Z,V5,ones,46202862,129,128,2,129,129,0,129,0,0.0012312413347260174,true,PASS,
2026-08-30T16:51:51Z,V5,ones,46202862,129,128,3,129,129,0,129,0,0.0012312413347260174,true,PASS,
2026-08-30T16:51:51Z,V6,ones,46202862,129,128,1,129,129,0,129,0,0.0012312413347260174,true,PASS,
2026-08-30T16:51:51Z,V6,ones,46202862,129,128,2,129,129,0,129,0,0.0012312413347260174,true,PASS,
2026-08-30T16:51:51Z,V6,ones,46202862,129,128,3,129,129,0,129,0,0.0012312413347260174,true,PASS,
2026-08-30T16:51:51Z,V7,ones,46202862,129,128,1,129,129,0,129,0,0.0012312413347260174,true,PASS,
2026-08-30T16:51:51Z,V7,ones,46202862,129,128,2,129,129,0,129,0,0.0012312413347260174,true,PASS,
2026-08-30T16:51:51Z,V7,ones,46202862,129,128,3,129,129,0,129,0,0.0012312413347260174,true,PASS,
2026-08-30T16:51:51Z,V1,signed_seeded,46202862,129,128,1,-0.80742335319519043,-0.80742418766021729,8.3446502685546875e-07,64.706248998641968,1.289620461345213e-08,0.00061808761343568465,true,PASS,
2026-08-30T16:51:51Z,V1,signed_seeded,46202862,129,128,2,-0.80742335319519043,-0.80742418766021729,8.3446502685546875e-07,64.706248998641968,1.289620461345213e-08,0.00061808761343568465,true,PASS,
2026-08-30T16:51:51Z,V1,signed_seeded,46202862,129,128,3,-0.80742335319519043,-0.80742418766021729,8.3446502685546875e-07,64.706248998641968,1.289620461345213e-08,0.00061808761343568465,true,PASS,
2026-08-30T16:51:51Z,V2,signed_seeded,46202862,129,128,1,-0.80742335319519043,-0.80742418766021729,8.3446502685546875e-07,64.706248998641968,1.289620461345213e-08,0.00061808761343568465,true,PASS,
2026-08-30T16:51:51Z,V2,signed_seeded,46202862,129,128,2,-0.80742335319519043,-0.80742418766021729,8.3446502685546875e-07,64.706248998641968,1.289620461345213e-08,0.00061808761343568465,true,PASS,
2026-08-30T16:51:51Z,V2,signed_seeded,46202862,129,128,3,-0.80742335319519043,-0.80742418766021729,8.3446502685546875e-07,64.706248998641968,1.289620461345213e-08,0.00061808761343568465,true,PASS,
2026-08-30T16:51:51Z,V3,signed_seeded,46202862,129,128,1,-0.80742335319519043,-0.80742418766021729,8.3446502685546875e-07,64.706248998641968,1.289620461345213e-08,0.00061808761343568465,true,PASS,
2026-08-30T16:51:51Z,V3,signed_seeded,46202862,129,128,2,-0.80742335319519043,-0.80742418766021729,8.3446502685546875e-07,64.706248998641968,1.289620461345213e-08,0.00061808761343568465,true,PASS,
2026-08-30T16:51:51Z,V3,signed_seeded,46202862,129,128,3,-0.80742335319519043,-0.80742418766021729,8.3446502685546875e-07,64.706248998641968,1.289620461345213e-08,0.00061808761343568465,true,PASS,
2026-08-30T16:51:51Z,V4,signed_seeded,46202862,129,128,1,-0.80742335319519043,-0.80742394924163818,5.9604644775390625e-07,64.706248998641968,9.2115747238943777e-09,0.00061808761343568465,true,PASS,
2026-08-30T16:51:51Z,V4,signed_seeded,46202862,129,128,2,-0.80742335319519043,-0.80742394924163818,5.9604644775390625e-07,64.706248998641968,9.2115747238943777e-09,0.00061808761343568465,true,PASS,
2026-08-30T16:51:51Z,V4,signed_seeded,46202862,129,128,3,-0.80742335319519043,-0.80742394924163818,5.9604644775390625e-07,64.706248998641968,9.2115747238943777e-09,0.00061808761343568465,true,PASS,
2026-08-30T16:51:51Z,V5,signed_seeded,46202862,129,128,1,-0.80742335319519043,-0.80742359161376953,2.384185791015625e-07,64.706248998641968,3.6846298895577512e-09,0.00061808761343568465,true,PASS,
2026-08-30T16:51:51Z,V5,signed_seeded,46202862,129,128,2,-0.80742335319519043,-0.80742359161376953,2.384185791015625e-07,64.706248998641968,3.6846298895577512e-09,0.00061808761343568465,true,PASS,
2026-08-30T16:51:51Z,V5,signed_seeded,46202862,129,128,3,-0.80742335319519043,-0.80742359161376953,2.384185791015625e-07,64.706248998641968,3.6846298895577512e-09,0.00061808761343568465,true,PASS,
2026-08-30T16:51:51Z,V6,signed_seeded,46202862,129,128,1,-0.80742335319519043,-0.80742394924163818,5.9604644775390625e-07,64.706248998641968,9.2115747238943777e-09,0.00061808761343568465,true,PASS,
2026-08-30T16:51:51Z,V6,signed_seeded,46202862,129,128,2,-0.80742335319519043,-0.80742394924163818,5.9604644775390625e-07,64.706248998641968,9.2115747238943777e-09,0.00061808761343568465,true,PASS,
2026-08-30T16:51:51Z,V6,signed_seeded,46202862,129,128,3,-0.80742335319519043,-0.80742394924163818,5.9604644775390625e-07,64.706248998641968,9.2115747238943777e-09,0.00061808761343568465,true,PASS,
2026-08-30T16:51:51Z,V7,signed_seeded,46202862,129,128,1,-0.80742335319519043,-0.80742371082305908,3.5762786865234375e-07,64.706248998641968,5.5269448343366265e-09,0.00061808761343568465,true,PASS,
2026-08-30T16:51:51Z,V7,signed_seeded,46202862,129,128,2,-0.80742335319519043,-0.80742371082305908,3.5762786865234375e-07,64.706248998641968,5.5269448343366265e-09,0.00061808761343568465,true,PASS,
2026-08-30T16:51:51Z,V7,signed_seeded,46202862,129,128,3,-0.80742335319519043,-0.80742371082305908,3.5762786865234375e-07,64.706248998641968,5.5269448343366265e-09,0.00061808761343568465,true,PASS,
2026-08-30T16:51:51Z,V1,cancellation,46202862,129,128,1,0.65625,0.65625,0,63.40625,0,0.00060568984209280268,true,PASS,
2026-08-30T16:51:51Z,V1,cancellation,46202862,129,128,2,0.65625,0.65625,0,63.40625,0,0.00060568984209280268,true,PASS,
2026-08-30T16:51:51Z,V1,cancellation,46202862,129,128,3,0.65625,0.65625,0,63.40625,0,0.00060568984209280268,true,PASS,
2026-08-30T16:51:51Z,V2,cancellation,46202862,129,128,1,0.65625,0.65625,0,63.40625,0,0.00060568984209280268,true,PASS,
2026-08-30T16:51:51Z,V2,cancellation,46202862,129,128,2,0.65625,0.65625,0,63.40625,0,0.00060568984209280268,true,PASS,
2026-08-30T16:51:51Z,V2,cancellation,46202862,129,128,3,0.65625,0.65625,0,63.40625,0,0.00060568984209280268,true,PASS,
2026-08-30T16:51:51Z,V3,cancellation,46202862,129,128,1,0.65625,0.65625,0,63.40625,0,0.00060568984209280268,true,PASS,
2026-08-30T16:51:51Z,V3,cancellation,46202862,129,128,2,0.65625,0.65625,0,63.40625,0,0.00060568984209280268,true,PASS,
2026-08-30T16:51:51Z,V3,cancellation,46202862,129,128,3,0.65625,0.65625,0,63.40625,0,0.00060568984209280268,true,PASS,
2026-08-30T16:51:51Z,V4,cancellation,46202862,129,128,1,0.65625,0.65625,0,63.40625,0,0.00060568984209280268,true,PASS,
2026-08-30T16:51:51Z,V4,cancellation,46202862,129,128,2,0.65625,0.65625,0,63.40625,0,0.00060568984209280268,true,PASS,
2026-08-30T16:51:51Z,V4,cancellation,46202862,129,128,3,0.65625,0.65625,0,63.40625,0,0.00060568984209280268,true,PASS,
2026-08-30T16:51:51Z,V5,cancellation,46202862,129,128,1,0.65625,0.65625,0,63.40625,0,0.00060568984209280268,true,PASS,
2026-08-30T16:51:51Z,V5,cancellation,46202862,129,128,2,0.65625,0.65625,0,63.40625,0,0.00060568984209280268,true,PASS,
2026-08-30T16:51:51Z,V5,cancellation,46202862,129,128,3,0.65625,0.65625,0,63.40625,0,0.00060568984209280268,true,PASS,
2026-08-30T16:51:51Z,V6,cancellation,46202862,129,128,1,0.65625,0.65625,0,63.40625,0,0.00060568984209280268,true,PASS,
2026-08-30T16:51:51Z,V6,cancellation,46202862,129,128,2,0.65625,0.65625,0,63.40625,0,0.00060568984209280268,true,PASS,
2026-08-30T16:51:51Z,V6,cancellation,46202862,129,128,3,0.65625,0.65625,0,63.40625,0,0.00060568984209280268,true,PASS,
2026-08-30T16:51:51Z,V7,cancellation,46202862,129,128,1,0.65625,0.65625,0,63.40625,0,0.00060568984209280268,true,PASS,
2026-08-30T16:51:51Z,V7,cancellation,46202862,129,128,2,0.65625,0.65625,0,63.40625,0,0.00060568984209280268,true,PASS,
2026-08-30T16:51:51Z,V7,cancellation,46202862,129,128,3,0.65625,0.65625,0,63.40625,0,0.00060568984209280268,true,PASS,
2026-08-30T16:51:51Z,V1,ones,46202862,255,128,1,255,255,0,255,0,0.0024328724058537551,true,PASS,
2026-08-30T16:51:51Z,V1,ones,46202862,255,128,2,255,255,0,255,0,0.0024328724058537551,true,PASS,
2026-08-30T16:51:51Z,V1,ones,46202862,255,128,3,255,255,0,255,0,0.0024328724058537551,true,PASS,
2026-08-30T16:51:51Z,V2,ones,46202862,255,128,1,255,255,0,255,0,0.0024328724058537551,true,PASS,
2026-08-30T16:51:51Z,V2,ones,46202862,255,128,2,255,255,0,255,0,0.0024328724058537551,true,PASS,
2026-08-30T16:51:51Z,V2,ones,46202862,255,128,3,255,255,0,255,0,0.0024328724058537551,true,PASS,
2026-08-30T16:51:51Z,V3,ones,46202862,255,128,1,255,255,0,255,0,0.0024328724058537551,true,PASS,
2026-08-30T16:51:51Z,V3,ones,46202862,255,128,2,255,255,0,255,0,0.0024328724058537551,true,PASS,
2026-08-30T16:51:51Z,V3,ones,46202862,255,128,3,255,255,0,255,0,0.0024328724058537551,true,PASS,
2026-08-30T16:51:51Z,V4,ones,46202862,255,128,1,255,255,0,255,0,0.0024328724058537551,true,PASS,
2026-08-30T16:51:51Z,V4,ones,46202862,255,128,2,255,255,0,255,0,0.0024328724058537551,true,PASS,
2026-08-30T16:51:51Z,V4,ones,46202862,255,128,3,255,255,0,255,0,0.0024328724058537551,true,PASS,
2026-08-30T16:51:51Z,V5,ones,46202862,255,128,1,255,255,0,255,0,0.0024328724058537551,true,PASS,
2026-08-30T16:51:51Z,V5,ones,46202862,255,128,2,255,255,0,255,0,0.0024328724058537551,true,PASS,
2026-08-30T16:51:51Z,V5,ones,46202862,255,128,3,255,255,0,255,0,0.0024328724058537551,true,PASS,
2026-08-30T16:51:51Z,V6,ones,46202862,255,128,1,255,255,0,255,0,0.0024328724058537551,true,PASS,
2026-08-30T16:51:51Z,V6,ones,46202862,255,128,2,255,255,0,255,0,0.0024328724058537551,true,PASS,
2026-08-30T16:51:51Z,V6,ones,46202862,255,128,3,255,255,0,255,0,0.0024328724058537551,true,PASS,
2026-08-30T16:51:51Z,V7,ones,46202862,255,128,1,255,255,0,255,0,0.0024328724058537551,true,PASS,
2026-08-30T16:51:51Z,V7,ones,46202862,255,128,2,255,255,0,255,0,0.0024328724058537551,true,PASS,
2026-08-30T16:51:51Z,V7,ones,46202862,255,128,3,255,255,0,255,0,0.0024328724058537551,true,PASS,
2026-08-30T16:51:51Z,V1,signed_seeded,46202862,255,128,1,-3.3738340735435486,-3.3738346099853516,5.3644180297851562e-07,124.42437618970871,4.3113883260351469e-09,0.0011876047336130181,true,PASS,
2026-08-30T16:51:51Z,V1,signed_seeded,46202862,255,128,2,-3.3738340735435486,-3.3738346099853516,5.3644180297851562e-07,124.42437618970871,4.3113883260351469e-09,0.0011876047336130181,true,PASS,
2026-08-30T16:51:51Z,V1,signed_seeded,46202862,255,128,3,-3.3738340735435486,-3.3738346099853516,5.3644180297851562e-07,124.42437618970871,4.3113883260351469e-09,0.0011876047336130181,true,PASS,
2026-08-30T16:51:51Z,V2,signed_seeded,46202862,255,128,1,-3.3738340735435486,-3.3738346099853516,5.3644180297851562e-07,124.42437618970871,4.3113883260351469e-09,0.0011876047336130181,true,PASS,
2026-08-30T16:51:51Z,V2,signed_seeded,46202862,255,128,2,-3.3738340735435486,-3.3738346099853516,5.3644180297851562e-07,124.42437618970871,4.3113883260351469e-09,0.0011876047336130181,true,PASS,
2026-08-30T16:51:51Z,V2,signed_seeded,46202862,255,128,3,-3.3738340735435486,-3.3738346099853516,5.3644180297851562e-07,124.42437618970871,4.3113883260351469e-09,0.0011876047336130181,true,PASS,
2026-08-30T16:51:51Z,V3,signed_seeded,46202862,255,128,1,-3.3738340735435486,-3.3738346099853516,5.3644180297851562e-07,124.42437618970871,4.3113883260351469e-09,0.0011876047336130181,true,PASS,
2026-08-30T16:51:51Z,V3,signed_seeded,46202862,255,128,2,-3.3738340735435486,-3.3738346099853516,5.3644180297851562e-07,124.42437618970871,4.3113883260351469e-09,0.0011876047336130181,true,PASS,
2026-08-30T16:51:51Z,V3,signed_seeded,46202862,255,128,3,-3.3738340735435486,-3.3738346099853516,5.3644180297851562e-07,124.42437618970871,4.3113883260351469e-09,0.0011876047336130181,true,PASS,
2026-08-30T16:51:51Z,V4,signed_seeded,46202862,255,128,1,-3.3738340735435486,-3.3738346099853516,5.3644180297851562e-07,124.42437618970871,4.3113883260351469e-09,0.0011876047336130181,true,PASS,
2026-08-30T16:51:51Z,V4,signed_seeded,46202862,255,128,2,-3.3738340735435486,-3.3738346099853516,5.3644180297851562e-07,124.42437618970871,4.3113883260351469e-09,0.0011876047336130181,true,PASS,
2026-08-30T16:51:51Z,V4,signed_seeded,46202862,255,128,3,-3.3738340735435486,-3.3738346099853516,5.3644180297851562e-07,124.42437618970871,4.3113883260351469e-09,0.0011876047336130181,true,PASS,
2026-08-30T16:51:51Z,V5,signed_seeded,46202862,255,128,1,-3.3738340735435486,-3.3738350868225098,1.0132789611816406e-06,124.42437618970871,8.1437335047330557e-09,0.0011876047336130181,true,PASS,
2026-08-30T16:51:51Z,V5,signed_seeded,46202862,255,128,2,-3.3738340735435486,-3.3738350868225098,1.0132789611816406e-06,124.42437618970871,8.1437335047330557e-09,0.0011876047336130181,true,PASS,
2026-08-30T16:51:51Z,V5,signed_seeded,46202862,255,128,3,-3.3738340735435486,-3.3738350868225098,1.0132789611816406e-06,124.42437618970871,8.1437335047330557e-09,0.0011876047336130181,true,PASS,
2026-08-30T16:51:51Z,V6,signed_seeded,46202862,255,128,1,-3.3738340735435486,-3.3738346099853516,5.3644180297851562e-07,124.42437618970871,4.3113883260351469e-09,0.0011876047336130181,true,PASS,
2026-08-30T16:51:51Z,V6,signed_seeded,46202862,255,128,2,-3.3738340735435486,-3.3738346099853516,5.3644180297851562e-07,124.42437618970871,4.3113883260351469e-09,0.0011876047336130181,true,PASS,
2026-08-30T16:51:51Z,V6,signed_seeded,46202862,255,128,3,-3.3738340735435486,-3.3738346099853516,5.3644180297851562e-07,124.42437618970871,4.3113883260351469e-09,0.0011876047336130181,true,PASS,
2026-08-30T16:51:51Z,V7,signed_seeded,46202862,255,128,1,-3.3738340735435486,-3.3738346099853516,5.3644180297851562e-07,124.42437618970871,4.3113883260351469e-09,0.0011876047336130181,true,PASS,
2026-08-30T16:51:51Z,V7,signed_seeded,46202862,255,128,2,-3.3738340735435486,-3.3738346099853516,5.3644180297851562e-07,124.42437618970871,4.3113883260351469e-09,0.0011876047336130181,true,PASS,
2026-08-30T16:51:52Z,V7,signed_seeded,46202862,255,128,3,-3.3738340735435486,-3.3738346099853516,5.3644180297851562e-07,124.42437618970871,4.3113883260351469e-09,0.0011876047336130181,true,PASS,
2026-08-30T16:51:52Z,V1,cancellation,46202862,255,128,1,0.5,0.5,0,127.5,0,0.0012169362029268776,true,PASS,
2026-08-30T16:51:52Z,V1,cancellation,46202862,255,128,2,0.5,0.5,0,127.5,0,0.0012169362029268776,true,PASS,
2026-08-30T16:51:52Z,V1,cancellation,46202862,255,128,3,0.5,0.5,0,127.5,0,0.0012169362029268776,true,PASS,
2026-08-30T16:51:52Z,V2,cancellation,46202862,255,128,1,0.5,0.5,0,127.5,0,0.0012169362029268776,true,PASS,
2026-08-30T16:51:52Z,V2,cancellation,46202862,255,128,2,0.5,0.5,0,127.5,0,0.0012169362029268776,true,PASS,
2026-08-30T16:51:52Z,V2,cancellation,46202862,255,128,3,0.5,0.5,0,127.5,0,0.0012169362029268776,true,PASS,
2026-08-30T16:51:52Z,V3,cancellation,46202862,255,128,1,0.5,0.5,0,127.5,0,0.0012169362029268776,true,PASS,
2026-08-30T16:51:52Z,V3,cancellation,46202862,255,128,2,0.5,0.5,0,127.5,0,0.0012169362029268776,true,PASS,
2026-08-30T16:51:52Z,V3,cancellation,46202862,255,128,3,0.5,0.5,0,127.5,0,0.0012169362029268776,true,PASS,
2026-08-30T16:51:52Z,V4,cancellation,46202862,255,128,1,0.5,0.5,0,127.5,0,0.0012169362029268776,true,PASS,
2026-08-30T16:51:52Z,V4,cancellation,46202862,255,128,2,0.5,0.5,0,127.5,0,0.0012169362029268776,true,PASS,
2026-08-30T16:51:52Z,V4,cancellation,46202862,255,128,3,0.5,0.5,0,127.5,0,0.0012169362029268776,true,PASS,
2026-08-30T16:51:52Z,V5,cancellation,46202862,255,128,1,0.5,0.5,0,127.5,0,0.0012169362029268776,true,PASS,
2026-08-30T16:51:52Z,V5,cancellation,46202862,255,128,2,0.5,0.5,0,127.5,0,0.0012169362029268776,true,PASS,
2026-08-30T16:51:52Z,V5,cancellation,46202862,255,128,3,0.5,0.5,0,127.5,0,0.0012169362029268776,true,PASS,
2026-08-30T16:51:52Z,V6,cancellation,46202862,255,128,1,0.5,0.5,0,127.5,0,0.0012169362029268776,true,PASS,
2026-08-30T16:51:52Z,V6,cancellation,46202862,255,128,2,0.5,0.5,0,127.5,0,0.0012169362029268776,true,PASS,
2026-08-30T16:51:52Z,V6,cancellation,46202862,255,128,3,0.5,0.5,0,127.5,0,0.0012169362029268776,true,PASS,
2026-08-30T16:51:52Z,V7,cancellation,46202862,255,128,1,0.5,0.5,0,127.5,0,0.0012169362029268776,true,PASS,
2026-08-30T16:51:52Z,V7,cancellation,46202862,255,128,2,0.5,0.5,0,127.5,0,0.0012169362029268776,true,PASS,
2026-08-30T16:51:52Z,V7,cancellation,46202862,255,128,3,0.5,0.5,0,127.5,0,0.0012169362029268776,true,PASS,
2026-08-30T16:51:52Z,V1,ones,46202862,256,128,1,256,256,0,256,0,0.0024424091603865153,true,PASS,
2026-08-30T16:51:52Z,V1,ones,46202862,256,128,2,256,256,0,256,0,0.0024424091603865153,true,PASS,
2026-08-30T16:51:52Z,V1,ones,46202862,256,128,3,256,256,0,256,0,0.0024424091603865153,true,PASS,
2026-08-30T16:51:52Z,V2,ones,46202862,256,128,1,256,256,0,256,0,0.0024424091603865153,true,PASS,
2026-08-30T16:51:52Z,V2,ones,46202862,256,128,2,256,256,0,256,0,0.0024424091603865153,true,PASS,
2026-08-30T16:51:52Z,V2,ones,46202862,256,128,3,256,256,0,256,0,0.0024424091603865153,true,PASS,
2026-08-30T16:51:52Z,V3,ones,46202862,256,128,1,256,256,0,256,0,0.0024424091603865153,true,PASS,
2026-08-30T16:51:52Z,V3,ones,46202862,256,128,2,256,256,0,256,0,0.0024424091603865153,true,PASS,
2026-08-30T16:51:52Z,V3,ones,46202862,256,128,3,256,256,0,256,0,0.0024424091603865153,true,PASS,
2026-08-30T16:51:52Z,V4,ones,46202862,256,128,1,256,256,0,256,0,0.0024424091603865153,true,PASS,
2026-08-30T16:51:52Z,V4,ones,46202862,256,128,2,256,256,0,256,0,0.0024424091603865153,true,PASS,
2026-08-30T16:51:52Z,V4,ones,46202862,256,128,3,256,256,0,256,0,0.0024424091603865153,true,PASS,
2026-08-30T16:51:52Z,V5,ones,46202862,256,128,1,256,256,0,256,0,0.0024424091603865153,true,PASS,
2026-08-30T16:51:52Z,V5,ones,46202862,256,128,2,256,256,0,256,0,0.0024424091603865153,true,PASS,
2026-08-30T16:51:52Z,V5,ones,46202862,256,128,3,256,256,0,256,0,0.0024424091603865153,true,PASS,
2026-08-30T16:51:52Z,V6,ones,46202862,256,128,1,256,256,0,256,0,0.0024424091603865153,true,PASS,
2026-08-30T16:51:52Z,V6,ones,46202862,256,128,2,256,256,0,256,0,0.0024424091603865153,true,PASS,
2026-08-30T16:51:52Z,V6,ones,46202862,256,128,3,256,256,0,256,0,0.0024424091603865153,true,PASS,
2026-08-30T16:51:52Z,V7,ones,46202862,256,128,1,256,256,0,256,0,0.0024424091603865153,true,PASS,
2026-08-30T16:51:52Z,V7,ones,46202862,256,128,2,256,256,0,256,0,0.0024424091603865153,true,PASS,
2026-08-30T16:51:52Z,V7,ones,46202862,256,128,3,256,256,0,256,0,0.0024424091603865153,true,PASS,
2026-08-30T16:51:52Z,V1,signed_seeded,46202862,256,128,1,-3.830502450466156,-3.830502986907959,5.3644180297851562e-07,124.88104456663132,4.2956223247499557e-09,0.0011919598678266029,true,PASS,
2026-08-30T16:51:52Z,V1,signed_seeded,46202862,256,128,2,-3.830502450466156,-3.830502986907959,5.3644180297851562e-07,124.88104456663132,4.2956223247499557e-09,0.0011919598678266029,true,PASS,
2026-08-30T16:51:52Z,V1,signed_seeded,46202862,256,128,3,-3.830502450466156,-3.830502986907959,5.3644180297851562e-07,124.88104456663132,4.2956223247499557e-09,0.0011919598678266029,true,PASS,
2026-08-30T16:51:52Z,V2,signed_seeded,46202862,256,128,1,-3.830502450466156,-3.830502986907959,5.3644180297851562e-07,124.88104456663132,4.2956223247499557e-09,0.0011919598678266029,true,PASS,
2026-08-30T16:51:52Z,V2,signed_seeded,46202862,256,128,2,-3.830502450466156,-3.830502986907959,5.3644180297851562e-07,124.88104456663132,4.2956223247499557e-09,0.0011919598678266029,true,PASS,
2026-08-30T16:51:52Z,V2,signed_seeded,46202862,256,128,3,-3.830502450466156,-3.830502986907959,5.3644180297851562e-07,124.88104456663132,4.2956223247499557e-09,0.0011919598678266029,true,PASS,
2026-08-30T16:51:52Z,V3,signed_seeded,46202862,256,128,1,-3.830502450466156,-3.830502986907959,5.3644180297851562e-07,124.88104456663132,4.2956223247499557e-09,0.0011919598678266029,true,PASS,
2026-08-30T16:51:52Z,V3,signed_seeded,46202862,256,128,2,-3.830502450466156,-3.830502986907959,5.3644180297851562e-07,124.88104456663132,4.2956223247499557e-09,0.0011919598678266029,true,PASS,
2026-08-30T16:51:52Z,V3,signed_seeded,46202862,256,128,3,-3.830502450466156,-3.830502986907959,5.3644180297851562e-07,124.88104456663132,4.2956223247499557e-09,0.0011919598678266029,true,PASS,
2026-08-30T16:51:52Z,V4,signed_seeded,46202862,256,128,1,-3.830502450466156,-3.830502986907959,5.3644180297851562e-07,124.88104456663132,4.2956223247499557e-09,0.0011919598678266029,true,PASS,
2026-08-30T16:51:52Z,V4,signed_seeded,46202862,256,128,2,-3.830502450466156,-3.830502986907959,5.3644180297851562e-07,124.88104456663132,4.2956223247499557e-09,0.0011919598678266029,true,PASS,
2026-08-30T16:51:52Z,V4,signed_seeded,46202862,256,128,3,-3.830502450466156,-3.830502986907959,5.3644180297851562e-07,124.88104456663132,4.2956223247499557e-09,0.0011919598678266029,true,PASS,
2026-08-30T16:51:52Z,V5,signed_seeded,46202862,256,128,1,-3.830502450466156,-3.8305034637451172,1.0132789611816406e-06,124.88104456663132,8.1139532800832502e-09,0.0011919598678266029,true,PASS,
2026-08-30T16:51:52Z,V5,signed_seeded,46202862,256,128,2,-3.830502450466156,-3.8305034637451172,1.0132789611816406e-06,124.88104456663132,8.1139532800832502e-09,0.0011919598678266029,true,PASS,
2026-08-30T16:51:52Z,V5,signed_seeded,46202862,256,128,3,-3.830502450466156,-3.8305034637451172,1.0132789611816406e-06,124.88104456663132,8.1139532800832502e-09,0.0011919598678266029,true,PASS,
2026-08-30T16:51:52Z,V6,signed_seeded,46202862,256,128,1,-3.830502450466156,-3.830502986907959,5.3644180297851562e-07,124.88104456663132,4.2956223247499557e-09,0.0011919598678266029,true,PASS,
2026-08-30T16:51:52Z,V6,signed_seeded,46202862,256,128,2,-3.830502450466156,-3.830502986907959,5.3644180297851562e-07,124.88104456663132,4.2956223247499557e-09,0.0011919598678266029,true,PASS,
2026-08-30T16:51:52Z,V6,signed_seeded,46202862,256,128,3,-3.830502450466156,-3.830502986907959,5.3644180297851562e-07,124.88104456663132,4.2956223247499557e-09,0.0011919598678266029,true,PASS,
2026-08-30T16:51:52Z,V7,signed_seeded,46202862,256,128,1,-3.830502450466156,-3.830502986907959,5.3644180297851562e-07,124.88104456663132,4.2956223247499557e-09,0.0011919598678266029,true,PASS,
2026-08-30T16:51:52Z,V7,signed_seeded,46202862,256,128,2,-3.830502450466156,-3.830502986907959,5.3644180297851562e-07,124.88104456663132,4.2956223247499557e-09,0.0011919598678266029,true,PASS,
2026-08-30T16:51:52Z,V7,signed_seeded,46202862,256,128,3,-3.830502450466156,-3.830502986907959,5.3644180297851562e-07,124.88104456663132,4.2956223247499557e-09,0.0011919598678266029,true,PASS,
2026-08-30T16:51:52Z,V1,cancellation,46202862,256,128,1,0.25,0.25,0,127.75,0,0.0012193203915600677,true,PASS,
2026-08-30T16:51:52Z,V1,cancellation,46202862,256,128,2,0.25,0.25,0,127.75,0,0.0012193203915600677,true,PASS,
2026-08-30T16:51:52Z,V1,cancellation,46202862,256,128,3,0.25,0.25,0,127.75,0,0.0012193203915600677,true,PASS,
2026-08-30T16:51:52Z,V2,cancellation,46202862,256,128,1,0.25,0.25,0,127.75,0,0.0012193203915600677,true,PASS,
2026-08-30T16:51:52Z,V2,cancellation,46202862,256,128,2,0.25,0.25,0,127.75,0,0.0012193203915600677,true,PASS,
2026-08-30T16:51:52Z,V2,cancellation,46202862,256,128,3,0.25,0.25,0,127.75,0,0.0012193203915600677,true,PASS,
2026-08-30T16:51:52Z,V3,cancellation,46202862,256,128,1,0.25,0.25,0,127.75,0,0.0012193203915600677,true,PASS,
2026-08-30T16:51:52Z,V3,cancellation,46202862,256,128,2,0.25,0.25,0,127.75,0,0.0012193203915600677,true,PASS,
2026-08-30T16:51:52Z,V3,cancellation,46202862,256,128,3,0.25,0.25,0,127.75,0,0.0012193203915600677,true,PASS,
2026-08-30T16:51:52Z,V4,cancellation,46202862,256,128,1,0.25,0.25,0,127.75,0,0.0012193203915600677,true,PASS,
2026-08-30T16:51:52Z,V4,cancellation,46202862,256,128,2,0.25,0.25,0,127.75,0,0.0012193203915600677,true,PASS,
2026-08-30T16:51:52Z,V4,cancellation,46202862,256,128,3,0.25,0.25,0,127.75,0,0.0012193203915600677,true,PASS,
2026-08-30T16:51:52Z,V5,cancellation,46202862,256,128,1,0.25,0.25,0,127.75,0,0.0012193203915600677,true,PASS,
2026-08-30T16:51:52Z,V5,cancellation,46202862,256,128,2,0.25,0.25,0,127.75,0,0.0012193203915600677,true,PASS,
2026-08-30T16:51:52Z,V5,cancellation,46202862,256,128,3,0.25,0.25,0,127.75,0,0.0012193203915600677,true,PASS,
2026-08-30T16:51:52Z,V6,cancellation,46202862,256,128,1,0.25,0.25,0,127.75,0,0.0012193203915600677,true,PASS,
2026-08-30T16:51:52Z,V6,cancellation,46202862,256,128,2,0.25,0.25,0,127.75,0,0.0012193203915600677,true,PASS,
2026-08-30T16:51:52Z,V6,cancellation,46202862,256,128,3,0.25,0.25,0,127.75,0,0.0012193203915600677,true,PASS,
2026-08-30T16:51:52Z,V7,cancellation,46202862,256,128,1,0.25,0.25,0,127.75,0,0.0012193203915600677,true,PASS,
2026-08-30T16:51:52Z,V7,cancellation,46202862,256,128,2,0.25,0.25,0,127.75,0,0.0012193203915600677,true,PASS,
2026-08-30T16:51:52Z,V7,cancellation,46202862,256,128,3,0.25,0.25,0,127.75,0,0.0012193203915600677,true,PASS,
2026-08-30T16:51:52Z,V1,ones,46202862,257,128,1,257,257,0,257,0,0.0026970408278046971,true,PASS,
2026-08-30T16:51:52Z,V1,ones,46202862,257,128,2,257,257,0,257,0,0.0026970408278046971,true,PASS,
2026-08-30T16:51:52Z,V1,ones,46202862,257,128,3,257,257,0,257,0,0.0026970408278046971,true,PASS,
2026-08-30T16:51:52Z,V2,ones,46202862,257,128,1,257,257,0,257,0,0.0026970408278046971,true,PASS,
2026-08-30T16:51:52Z,V2,ones,46202862,257,128,2,257,257,0,257,0,0.0026970408278046971,true,PASS,
2026-08-30T16:51:52Z,V2,ones,46202862,257,128,3,257,257,0,257,0,0.0026970408278046971,true,PASS,
2026-08-30T16:51:52Z,V3,ones,46202862,257,128,1,257,257,0,257,0,0.0026970408278046971,true,PASS,
2026-08-30T16:51:52Z,V3,ones,46202862,257,128,2,257,257,0,257,0,0.0026970408278046971,true,PASS,
2026-08-30T16:51:52Z,V3,ones,46202862,257,128,3,257,257,0,257,0,0.0026970408278046971,true,PASS,
2026-08-30T16:51:52Z,V4,ones,46202862,257,128,1,257,257,0,257,0,0.0026970408278046971,true,PASS,
2026-08-30T16:51:52Z,V4,ones,46202862,257,128,2,257,257,0,257,0,0.0026970408278046971,true,PASS,
2026-08-30T16:51:52Z,V4,ones,46202862,257,128,3,257,257,0,257,0,0.0026970408278046971,true,PASS,
2026-08-30T16:51:52Z,V5,ones,46202862,257,128,1,257,257,0,257,0,0.0026970408278046971,true,PASS,
2026-08-30T16:51:52Z,V5,ones,46202862,257,128,2,257,257,0,257,0,0.0026970408278046971,true,PASS,
2026-08-30T16:51:52Z,V5,ones,46202862,257,128,3,257,257,0,257,0,0.0026970408278046971,true,PASS,
2026-08-30T16:51:52Z,V6,ones,46202862,257,128,1,257,257,0,257,0,0.0026970408278046971,true,PASS,
2026-08-30T16:51:52Z,V6,ones,46202862,257,128,2,257,257,0,257,0,0.0026970408278046971,true,PASS,
2026-08-30T16:51:52Z,V6,ones,46202862,257,128,3,257,257,0,257,0,0.0026970408278046971,true,PASS,
2026-08-30T16:51:52Z,V7,ones,46202862,257,128,1,257,257,0,257,0,0.0026970408278046971,true,PASS,
2026-08-30T16:51:52Z,V7,ones,46202862,257,128,2,257,257,0,257,0,0.0026970408278046971,true,PASS,
2026-08-30T16:51:52Z,V7,ones,46202862,257,128,3,257,257,0,257,0,0.0026970408278046971,true,PASS,
2026-08-30T16:51:52Z,V1,signed_seeded,46202862,257,128,1,-3.6801521182060242,-3.6801526546478271,5.3644180297851562e-07,125.03139489889145,4.2904568361595701e-09,0.0013126332506022697,true,PASS,
2026-08-30T16:51:52Z,V1,signed_seeded,46202862,257,128,2,-3.6801521182060242,-3.6801526546478271,5.3644180297851562e-07,125.03139489889145,4.2904568361595701e-09,0.0013126332506022697,true,PASS,
2026-08-30T16:51:52Z,V1,signed_seeded,46202862,257,128,3,-3.6801521182060242,-3.6801526546478271,5.3644180297851562e-07,125.03139489889145,4.2904568361595701e-09,0.0013126332506022697,true,PASS,
2026-08-30T16:51:52Z,V2,signed_seeded,46202862,257,128,1,-3.6801521182060242,-3.6801526546478271,5.3644180297851562e-07,125.03139489889145,4.2904568361595701e-09,0.0013126332506022697,true,PASS,
2026-08-30T16:51:52Z,V2,signed_seeded,46202862,257,128,2,-3.6801521182060242,-3.6801526546478271,5.3644180297851562e-07,125.03139489889145,4.2904568361595701e-09,0.0013126332506022697,true,PASS,
2026-08-30T16:51:52Z,V2,signed_seeded,46202862,257,128,3,-3.6801521182060242,-3.6801526546478271,5.3644180297851562e-07,125.03139489889145,4.2904568361595701e-09,0.0013126332506022697,true,PASS,
2026-08-30T16:51:52Z,V3,signed_seeded,46202862,257,128,1,-3.6801521182060242,-3.6801526546478271,5.3644180297851562e-07,125.03139489889145,4.2904568361595701e-09,0.0013126332506022697,true,PASS,
2026-08-30T16:51:52Z,V3,signed_seeded,46202862,257,128,2,-3.6801521182060242,-3.6801526546478271,5.3644180297851562e-07,125.03139489889145,4.2904568361595701e-09,0.0013126332506022697,true,PASS,
2026-08-30T16:51:52Z,V3,signed_seeded,46202862,257,128,3,-3.6801521182060242,-3.6801526546478271,5.3644180297851562e-07,125.03139489889145,4.2904568361595701e-09,0.0013126332506022697,true,PASS,
2026-08-30T16:51:52Z,V4,signed_seeded,46202862,257,128,1,-3.6801521182060242,-3.6801526546478271,5.3644180297851562e-07,125.03139489889145,4.2904568361595701e-09,0.0013126332506022697,true,PASS,
2026-08-30T16:51:52Z,V4,signed_seeded,46202862,257,128,2,-3.6801521182060242,-3.6801526546478271,5.3644180297851562e-07,125.03139489889145,4.2904568361595701e-09,0.0013126332506022697,true,PASS,
2026-08-30T16:51:52Z,V4,signed_seeded,46202862,257,128,3,-3.6801521182060242,-3.6801526546478271,5.3644180297851562e-07,125.03139489889145,4.2904568361595701e-09,0.0013126332506022697,true,PASS,
2026-08-30T16:51:52Z,V5,signed_seeded,46202862,257,128,1,-3.6801521182060242,-3.6801531314849854,1.0132789611816406e-06,125.03139489889145,8.1041962460791885e-09,0.0013126332506022697,true,PASS,
2026-08-30T16:51:52Z,V5,signed_seeded,46202862,257,128,2,-3.6801521182060242,-3.6801531314849854,1.0132789611816406e-06,125.03139489889145,8.1041962460791885e-09,0.0013126332506022697,true,PASS,
2026-08-30T16:51:52Z,V5,signed_seeded,46202862,257,128,3,-3.6801521182060242,-3.6801531314849854,1.0132789611816406e-06,125.03139489889145,8.1041962460791885e-09,0.0013126332506022697,true,PASS,
2026-08-30T16:51:52Z,V6,signed_seeded,46202862,257,128,1,-3.6801521182060242,-3.6801526546478271,5.3644180297851562e-07,125.03139489889145,4.2904568361595701e-09,0.0013126332506022697,true,PASS,
2026-08-30T16:51:52Z,V6,signed_seeded,46202862,257,128,2,-3.6801521182060242,-3.6801526546478271,5.3644180297851562e-07,125.03139489889145,4.2904568361595701e-09,0.0013126332506022697,true,PASS,
2026-08-30T16:51:52Z,V6,signed_seeded,46202862,257,128,3,-3.6801521182060242,-3.6801526546478271,5.3644180297851562e-07,125.03139489889145,4.2904568361595701e-09,0.0013126332506022697,true,PASS,
2026-08-30T16:51:52Z,V7,signed_seeded,46202862,257,128,1,-3.6801521182060242,-3.6801526546478271,5.3644180297851562e-07,125.03139489889145,4.2904568361595701e-09,0.0013126332506022697,true,PASS,
2026-08-30T16:51:52Z,V7,signed_seeded,46202862,257,128,2,-3.6801521182060242,-3.6801526546478271,5.3644180297851562e-07,125.03139489889145,4.2904568361595701e-09,0.0013126332506022697,true,PASS,
2026-08-30T16:51:52Z,V7,signed_seeded,46202862,257,128,3,-3.6801521182060242,-3.6801526546478271,5.3644180297851562e-07,125.03139489889145,4.2904568361595701e-09,0.0013126332506022697,true,PASS,
2026-08-30T16:51:52Z,V1,cancellation,46202862,257,128,1,0.53125,0.53125,0,128.03125,0,0.0013441030242601951,true,PASS,
2026-08-30T16:51:52Z,V1,cancellation,46202862,257,128,2,0.53125,0.53125,0,128.03125,0,0.0013441030242601951,true,PASS,
2026-08-30T16:51:52Z,V1,cancellation,46202862,257,128,3,0.53125,0.53125,0,128.03125,0,0.0013441030242601951,true,PASS,
2026-08-30T16:51:52Z,V2,cancellation,46202862,257,128,1,0.53125,0.53125,0,128.03125,0,0.0013441030242601951,true,PASS,
2026-08-30T16:51:52Z,V2,cancellation,46202862,257,128,2,0.53125,0.53125,0,128.03125,0,0.0013441030242601951,true,PASS,
2026-08-30T16:51:52Z,V2,cancellation,46202862,257,128,3,0.53125,0.53125,0,128.03125,0,0.0013441030242601951,true,PASS,
2026-08-30T16:51:52Z,V3,cancellation,46202862,257,128,1,0.53125,0.53125,0,128.03125,0,0.0013441030242601951,true,PASS,
2026-08-30T16:51:52Z,V3,cancellation,46202862,257,128,2,0.53125,0.53125,0,128.03125,0,0.0013441030242601951,true,PASS,
2026-08-30T16:51:52Z,V3,cancellation,46202862,257,128,3,0.53125,0.53125,0,128.03125,0,0.0013441030242601951,true,PASS,
2026-08-30T16:51:52Z,V4,cancellation,46202862,257,128,1,0.53125,0.53125,0,128.03125,0,0.0013441030242601951,true,PASS,
2026-08-30T16:51:52Z,V4,cancellation,46202862,257,128,2,0.53125,0.53125,0,128.03125,0,0.0013441030242601951,true,PASS,
2026-08-30T16:51:52Z,V4,cancellation,46202862,257,128,3,0.53125,0.53125,0,128.03125,0,0.0013441030242601951,true,PASS,
2026-08-30T16:51:52Z,V5,cancellation,46202862,257,128,1,0.53125,0.53125,0,128.03125,0,0.0013441030242601951,true,PASS,
2026-08-30T16:51:52Z,V5,cancellation,46202862,257,128,2,0.53125,0.53125,0,128.03125,0,0.0013441030242601951,true,PASS,
2026-08-30T16:51:52Z,V5,cancellation,46202862,257,128,3,0.53125,0.53125,0,128.03125,0,0.0013441030242601951,true,PASS,
2026-08-30T16:51:52Z,V6,cancellation,46202862,257,128,1,0.53125,0.53125,0,128.03125,0,0.0013441030242601951,true,PASS,
2026-08-30T16:51:52Z,V6,cancellation,46202862,257,128,2,0.53125,0.53125,0,128.03125,0,0.0013441030242601951,true,PASS,
2026-08-30T16:51:52Z,V6,cancellation,46202862,257,128,3,0.53125,0.53125,0,128.03125,0,0.0013441030242601951,true,PASS,
2026-08-30T16:51:52Z,V7,cancellation,46202862,257,128,1,0.53125,0.53125,0,128.03125,0,0.0013441030242601951,true,PASS,
2026-08-30T16:51:52Z,V7,cancellation,46202862,257,128,2,0.53125,0.53125,0,128.03125,0,0.0013441030242601951,true,PASS,
2026-08-30T16:51:52Z,V7,cancellation,46202862,257,128,3,0.53125,0.53125,0,128.03125,0,0.0013441030242601951,true,PASS,
2026-08-30T16:51:52Z,V1,ones,46202862,2189,128,1,2189,2189,0,2189,0,0.029227351877322946,true,PASS,
2026-08-30T16:51:52Z,V1,ones,46202862,2189,128,2,2189,2189,0,2189,0,0.029227351877322946,true,PASS,
2026-08-30T16:51:52Z,V1,ones,46202862,2189,128,3,2189,2189,0,2189,0,0.029227351877322946,true,PASS,
2026-08-30T16:51:52Z,V2,ones,46202862,2189,128,1,2189,2189,0,2189,0,0.029227351877322946,true,PASS,
2026-08-30T16:51:52Z,V2,ones,46202862,2189,128,2,2189,2189,0,2189,0,0.029227351877322946,true,PASS,
2026-08-30T16:51:52Z,V2,ones,46202862,2189,128,3,2189,2189,0,2189,0,0.029227351877322946,true,PASS,
2026-08-30T16:51:52Z,V3,ones,46202862,2189,128,1,2189,2189,0,2189,0,0.029227351877322946,true,PASS,
2026-08-30T16:51:52Z,V3,ones,46202862,2189,128,2,2189,2189,0,2189,0,0.029227351877322946,true,PASS,
2026-08-30T16:51:52Z,V3,ones,46202862,2189,128,3,2189,2189,0,2189,0,0.029227351877322946,true,PASS,
2026-08-30T16:51:52Z,V4,ones,46202862,2189,128,1,2189,2189,0,2189,0,0.029227351877322946,true,PASS,
2026-08-30T16:51:52Z,V4,ones,46202862,2189,128,2,2189,2189,0,2189,0,0.029227351877322946,true,PASS,
2026-08-30T16:51:52Z,V4,ones,46202862,2189,128,3,2189,2189,0,2189,0,0.029227351877322946,true,PASS,
2026-08-30T16:51:52Z,V5,ones,46202862,2189,128,1,2189,2189,0,2189,0,0.029227351877322946,true,PASS,
2026-08-30T16:51:52Z,V5,ones,46202862,2189,128,2,2189,2189,0,2189,0,0.029227351877322946,true,PASS,
2026-08-30T16:51:52Z,V5,ones,46202862,2189,128,3,2189,2189,0,2189,0,0.029227351877322946,true,PASS,
2026-08-30T16:51:52Z,V6,ones,46202862,2189,128,1,2189,2189,0,2189,0,0.029227351877322946,true,PASS,
2026-08-30T16:51:52Z,V6,ones,46202862,2189,128,2,2189,2189,0,2189,0,0.029227351877322946,true,PASS,
2026-08-30T16:51:52Z,V6,ones,46202862,2189,128,3,2189,2189,0,2189,0,0.029227351877322946,true,PASS,
2026-08-30T16:51:52Z,V7,ones,46202862,2189,128,1,2189,2189,0,2189,0,0.029227351877322946,true,PASS,
2026-08-30T16:51:52Z,V7,ones,46202862,2189,128,2,2189,2189,0,2189,0,0.029227351877322946,true,PASS,
2026-08-30T16:51:52Z,V7,ones,46202862,2189,128,3,2189,2189,0,2189,0,0.029227351877322946,true,PASS,
2026-08-30T16:51:52Z,V1,signed_seeded,46202862,2189,128,1,-31.625076651573181,-31.625078201293945,1.5497207641601562e-06,1062.0302745103836,1.4592058261941801e-09,0.014180657609506785,true,PASS,
2026-08-30T16:51:52Z,V1,signed_seeded,46202862,2189,128,2,-31.625076651573181,-31.625078201293945,1.5497207641601562e-06,1062.0302745103836,1.4592058261941801e-09,0.014180657609506785,true,PASS,
2026-08-30T16:51:52Z,V1,signed_seeded,46202862,2189,128,3,-31.625076651573181,-31.625078201293945,1.5497207641601562e-06,1062.0302745103836,1.4592058261941801e-09,0.014180657609506785,true,PASS,
2026-08-30T16:51:52Z,V2,signed_seeded,46202862,2189,128,1,-31.625076651573181,-31.625078201293945,1.5497207641601562e-06,1062.0302745103836,1.4592058261941801e-09,0.014180657609506785,true,PASS,
2026-08-30T16:51:52Z,V2,signed_seeded,46202862,2189,128,2,-31.625076651573181,-31.625078201293945,1.5497207641601562e-06,1062.0302745103836,1.4592058261941801e-09,0.014180657609506785,true,PASS,
2026-08-30T16:51:52Z,V2,signed_seeded,46202862,2189,128,3,-31.625076651573181,-31.625078201293945,1.5497207641601562e-06,1062.0302745103836,1.4592058261941801e-09,0.014180657609506785,true,PASS,
2026-08-30T16:51:52Z,V3,signed_seeded,46202862,2189,128,1,-31.625076651573181,-31.625078201293945,1.5497207641601562e-06,1062.0302745103836,1.4592058261941801e-09,0.014180657609506785,true,PASS,
2026-08-30T16:51:52Z,V3,signed_seeded,46202862,2189,128,2,-31.625076651573181,-31.625078201293945,1.5497207641601562e-06,1062.0302745103836,1.4592058261941801e-09,0.014180657609506785,true,PASS,
2026-08-30T16:51:52Z,V3,signed_seeded,46202862,2189,128,3,-31.625076651573181,-31.625078201293945,1.5497207641601562e-06,1062.0302745103836,1.4592058261941801e-09,0.014180657609506785,true,PASS,
2026-08-30T16:51:52Z,V4,signed_seeded,46202862,2189,128,1,-31.625076651573181,-31.625076293945312,3.5762786865234375e-07,1062.0302745103836,3.3673980604481083e-10,0.014180657609506785,true,PASS,
2026-08-30T16:51:52Z,V4,signed_seeded,46202862,2189,128,2,-31.625076651573181,-31.625076293945312,3.5762786865234375e-07,1062.0302745103836,3.3673980604481083e-10,0.014180657609506785,true,PASS,
2026-08-30T16:51:52Z,V4,signed_seeded,46202862,2189,128,3,-31.625076651573181,-31.625076293945312,3.5762786865234375e-07,1062.0302745103836,3.3673980604481083e-10,0.014180657609506785,true,PASS,
2026-08-30T16:51:52Z,V5,signed_seeded,46202862,2189,128,1,-31.625076651573181,-31.62507438659668,2.2649765014648438e-06,1062.0302745103836,2.1326854382838016e-09,0.014180657609506785,true,PASS,
2026-08-30T16:51:52Z,V5,signed_seeded,46202862,2189,128,2,-31.625076651573181,-31.62507438659668,2.2649765014648438e-06,1062.0302745103836,2.1326854382838016e-09,0.014180657609506785,true,PASS,
2026-08-30T16:51:52Z,V5,signed_seeded,46202862,2189,128,3,-31.625076651573181,-31.62507438659668,2.2649765014648438e-06,1062.0302745103836,2.1326854382838016e-09,0.014180657609506785,true,PASS,
2026-08-30T16:51:52Z,V6,signed_seeded,46202862,2189,128,1,-31.625076651573181,-31.625076293945312,3.5762786865234375e-07,1062.0302745103836,3.3673980604481083e-10,0.014180657609506785,true,PASS,
2026-08-30T16:51:52Z,V6,signed_seeded,46202862,2189,128,2,-31.625076651573181,-31.625076293945312,3.5762786865234375e-07,1062.0302745103836,3.3673980604481083e-10,0.014180657609506785,true,PASS,
2026-08-30T16:51:52Z,V6,signed_seeded,46202862,2189,128,3,-31.625076651573181,-31.625076293945312,3.5762786865234375e-07,1062.0302745103836,3.3673980604481083e-10,0.014180657609506785,true,PASS,
2026-08-30T16:51:52Z,V7,signed_seeded,46202862,2189,128,1,-31.625076651573181,-31.625080108642578,3.4570693969726562e-06,1062.0302745103836,3.2551514584331712e-09,0.014180657609506785,true,PASS,
2026-08-30T16:51:52Z,V7,signed_seeded,46202862,2189,128,2,-31.625076651573181,-31.625080108642578,3.4570693969726562e-06,1062.0302745103836,3.2551514584331712e-09,0.014180657609506785,true,PASS,
2026-08-30T16:51:52Z,V7,signed_seeded,46202862,2189,128,3,-31.625076651573181,-31.625080108642578,3.4570693969726562e-06,1062.0302745103836,3.2551514584331712e-09,0.014180657609506785,true,PASS,
2026-08-30T16:51:52Z,V1,cancellation,46202862,2189,128,1,0.4375,0.4375,0,1093.6875,0,0.014603327875207692,true,PASS,
2026-08-30T16:51:52Z,V1,cancellation,46202862,2189,128,2,0.4375,0.4375,0,1093.6875,0,0.014603327875207692,true,PASS,
2026-08-30T16:51:52Z,V1,cancellation,46202862,2189,128,3,0.4375,0.4375,0,1093.6875,0,0.014603327875207692,true,PASS,
2026-08-30T16:51:52Z,V2,cancellation,46202862,2189,128,1,0.4375,0.4375,0,1093.6875,0,0.014603327875207692,true,PASS,
2026-08-30T16:51:52Z,V2,cancellation,46202862,2189,128,2,0.4375,0.4375,0,1093.6875,0,0.014603327875207692,true,PASS,
2026-08-30T16:51:52Z,V2,cancellation,46202862,2189,128,3,0.4375,0.4375,0,1093.6875,0,0.014603327875207692,true,PASS,
2026-08-30T16:51:52Z,V3,cancellation,46202862,2189,128,1,0.4375,0.4375,0,1093.6875,0,0.014603327875207692,true,PASS,
2026-08-30T16:51:52Z,V3,cancellation,46202862,2189,128,2,0.4375,0.4375,0,1093.6875,0,0.014603327875207692,true,PASS,
2026-08-30T16:51:52Z,V3,cancellation,46202862,2189,128,3,0.4375,0.4375,0,1093.6875,0,0.014603327875207692,true,PASS,
2026-08-30T16:51:52Z,V4,cancellation,46202862,2189,128,1,0.4375,0.4375,0,1093.6875,0,0.014603327875207692,true,PASS,
2026-08-30T16:51:52Z,V4,cancellation,46202862,2189,128,2,0.4375,0.4375,0,1093.6875,0,0.014603327875207692,true,PASS,
2026-08-30T16:51:52Z,V4,cancellation,46202862,2189,128,3,0.4375,0.4375,0,1093.6875,0,0.014603327875207692,true,PASS,
2026-08-30T16:51:52Z,V5,cancellation,46202862,2189,128,1,0.4375,0.4375,0,1093.6875,0,0.014603327875207692,true,PASS,
2026-08-30T16:51:52Z,V5,cancellation,46202862,2189,128,2,0.4375,0.4375,0,1093.6875,0,0.014603327875207692,true,PASS,
2026-08-30T16:51:52Z,V5,cancellation,46202862,2189,128,3,0.4375,0.4375,0,1093.6875,0,0.014603327875207692,true,PASS,
2026-08-30T16:51:52Z,V6,cancellation,46202862,2189,128,1,0.4375,0.4375,0,1093.6875,0,0.014603327875207692,true,PASS,
2026-08-30T16:51:52Z,V6,cancellation,46202862,2189,128,2,0.4375,0.4375,0,1093.6875,0,0.014603327875207692,true,PASS,
2026-08-30T16:51:52Z,V6,cancellation,46202862,2189,128,3,0.4375,0.4375,0,1093.6875,0,0.014603327875207692,true,PASS,
2026-08-30T16:51:52Z,V7,cancellation,46202862,2189,128,1,0.4375,0.4375,0,1093.6875,0,0.014603327875207692,true,PASS,
2026-08-30T16:51:52Z,V7,cancellation,46202862,2189,128,2,0.4375,0.4375,0,1093.6875,0,0.014603327875207692,true,PASS,
2026-08-30T16:51:52Z,V7,cancellation,46202862,2189,128,3,0.4375,0.4375,0,1093.6875,0,0.014603327875207692,true,PASS,
2026-08-30T16:51:52Z,V1,ones,46202862,1,256,1,1,1,0,1,0,3.8610239724006552e-06,true,PASS,
2026-08-30T16:51:52Z,V1,ones,46202862,1,256,2,1,1,0,1,0,3.8610239724006552e-06,true,PASS,
2026-08-30T16:51:52Z,V1,ones,46202862,1,256,3,1,1,0,1,0,3.8610239724006552e-06,true,PASS,
2026-08-30T16:51:52Z,V2,ones,46202862,1,256,1,1,1,0,1,0,3.8610239724006552e-06,true,PASS,
2026-08-30T16:51:52Z,V2,ones,46202862,1,256,2,1,1,0,1,0,3.8610239724006552e-06,true,PASS,
2026-08-30T16:51:52Z,V2,ones,46202862,1,256,3,1,1,0,1,0,3.8610239724006552e-06,true,PASS,
2026-08-30T16:51:52Z,V3,ones,46202862,1,256,1,1,1,0,1,0,3.8610239724006552e-06,true,PASS,
2026-08-30T16:51:52Z,V3,ones,46202862,1,256,2,1,1,0,1,0,3.8610239724006552e-06,true,PASS,
2026-08-30T16:51:52Z,V3,ones,46202862,1,256,3,1,1,0,1,0,3.8610239724006552e-06,true,PASS,
2026-08-30T16:51:52Z,V4,ones,46202862,1,256,1,1,1,0,1,0,3.8610239724006552e-06,true,PASS,
2026-08-30T16:51:52Z,V4,ones,46202862,1,256,2,1,1,0,1,0,3.8610239724006552e-06,true,PASS,
2026-08-30T16:51:52Z,V4,ones,46202862,1,256,3,1,1,0,1,0,3.8610239724006552e-06,true,PASS,
2026-08-30T16:51:52Z,V5,ones,46202862,1,256,1,1,1,0,1,0,3.8610239724006552e-06,true,PASS,
2026-08-30T16:51:52Z,V5,ones,46202862,1,256,2,1,1,0,1,0,3.8610239724006552e-06,true,PASS,
2026-08-30T16:51:52Z,V5,ones,46202862,1,256,3,1,1,0,1,0,3.8610239724006552e-06,true,PASS,
2026-08-30T16:51:52Z,V6,ones,46202862,1,256,1,1,1,0,1,0,3.8610239724006552e-06,true,PASS,
2026-08-30T16:51:52Z,V6,ones,46202862,1,256,2,1,1,0,1,0,3.8610239724006552e-06,true,PASS,
2026-08-30T16:51:52Z,V6,ones,46202862,1,256,3,1,1,0,1,0,3.8610239724006552e-06,true,PASS,
2026-08-30T16:51:52Z,V7,ones,46202862,1,256,1,1,1,0,1,0,3.8610239724006552e-06,true,PASS,
2026-08-30T16:51:52Z,V7,ones,46202862,1,256,2,1,1,0,1,0,3.8610239724006552e-06,true,PASS,
2026-08-30T16:51:52Z,V7,ones,46202862,1,256,3,1,1,0,1,0,3.8610239724006552e-06,true,PASS,
2026-08-30T16:51:52Z,V1,signed_seeded,46202862,1,256,1,-0.34256291389465332,-0.34256291389465332,0,0.34256291389465332,0,1.9800807087080245e-06,true,PASS,
2026-08-30T16:51:52Z,V1,signed_seeded,46202862,1,256,2,-0.34256291389465332,-0.34256291389465332,0,0.34256291389465332,0,1.9800807087080245e-06,true,PASS,
2026-08-30T16:51:52Z,V1,signed_seeded,46202862,1,256,3,-0.34256291389465332,-0.34256291389465332,0,0.34256291389465332,0,1.9800807087080245e-06,true,PASS,
2026-08-30T16:51:52Z,V2,signed_seeded,46202862,1,256,1,-0.34256291389465332,-0.34256291389465332,0,0.34256291389465332,0,1.9800807087080245e-06,true,PASS,
2026-08-30T16:51:52Z,V2,signed_seeded,46202862,1,256,2,-0.34256291389465332,-0.34256291389465332,0,0.34256291389465332,0,1.9800807087080245e-06,true,PASS,
2026-08-30T16:51:52Z,V2,signed_seeded,46202862,1,256,3,-0.34256291389465332,-0.34256291389465332,0,0.34256291389465332,0,1.9800807087080245e-06,true,PASS,
2026-08-30T16:51:52Z,V3,signed_seeded,46202862,1,256,1,-0.34256291389465332,-0.34256291389465332,0,0.34256291389465332,0,1.9800807087080245e-06,true,PASS,
2026-08-30T16:51:52Z,V3,signed_seeded,46202862,1,256,2,-0.34256291389465332,-0.34256291389465332,0,0.34256291389465332,0,1.9800807087080245e-06,true,PASS,
2026-08-30T16:51:52Z,V3,signed_seeded,46202862,1,256,3,-0.34256291389465332,-0.34256291389465332,0,0.34256291389465332,0,1.9800807087080245e-06,true,PASS,
2026-08-30T16:51:52Z,V4,signed_seeded,46202862,1,256,1,-0.34256291389465332,-0.34256291389465332,0,0.34256291389465332,0,1.9800807087080245e-06,true,PASS,
2026-08-30T16:51:52Z,V4,signed_seeded,46202862,1,256,2,-0.34256291389465332,-0.34256291389465332,0,0.34256291389465332,0,1.9800807087080245e-06,true,PASS,
2026-08-30T16:51:52Z,V4,signed_seeded,46202862,1,256,3,-0.34256291389465332,-0.34256291389465332,0,0.34256291389465332,0,1.9800807087080245e-06,true,PASS,
2026-08-30T16:51:52Z,V5,signed_seeded,46202862,1,256,1,-0.34256291389465332,-0.34256291389465332,0,0.34256291389465332,0,1.9800807087080245e-06,true,PASS,
2026-08-30T16:51:52Z,V5,signed_seeded,46202862,1,256,2,-0.34256291389465332,-0.34256291389465332,0,0.34256291389465332,0,1.9800807087080245e-06,true,PASS,
2026-08-30T16:51:52Z,V5,signed_seeded,46202862,1,256,3,-0.34256291389465332,-0.34256291389465332,0,0.34256291389465332,0,1.9800807087080245e-06,true,PASS,
2026-08-30T16:51:52Z,V6,signed_seeded,46202862,1,256,1,-0.34256291389465332,-0.34256291389465332,0,0.34256291389465332,0,1.9800807087080245e-06,true,PASS,
2026-08-30T16:51:52Z,V6,signed_seeded,46202862,1,256,2,-0.34256291389465332,-0.34256291389465332,0,0.34256291389465332,0,1.9800807087080245e-06,true,PASS,
2026-08-30T16:51:52Z,V6,signed_seeded,46202862,1,256,3,-0.34256291389465332,-0.34256291389465332,0,0.34256291389465332,0,1.9800807087080245e-06,true,PASS,
2026-08-30T16:51:52Z,V7,signed_seeded,46202862,1,256,1,-0.34256291389465332,-0.34256291389465332,0,0.34256291389465332,0,1.9800807087080245e-06,true,PASS,
2026-08-30T16:51:52Z,V7,signed_seeded,46202862,1,256,2,-0.34256291389465332,-0.34256291389465332,0,0.34256291389465332,0,1.9800807087080245e-06,true,PASS,
2026-08-30T16:51:52Z,V7,signed_seeded,46202862,1,256,3,-0.34256291389465332,-0.34256291389465332,0,0.34256291389465332,0,1.9800807087080245e-06,true,PASS,
2026-08-30T16:51:52Z,V1,cancellation,46202862,1,256,1,0.25,0.25,0,0.25,0,1.7152559931001638e-06,true,PASS,
2026-08-30T16:51:52Z,V1,cancellation,46202862,1,256,2,0.25,0.25,0,0.25,0,1.7152559931001638e-06,true,PASS,
2026-08-30T16:51:52Z,V1,cancellation,46202862,1,256,3,0.25,0.25,0,0.25,0,1.7152559931001638e-06,true,PASS,
2026-08-30T16:51:52Z,V2,cancellation,46202862,1,256,1,0.25,0.25,0,0.25,0,1.7152559931001638e-06,true,PASS,
2026-08-30T16:51:52Z,V2,cancellation,46202862,1,256,2,0.25,0.25,0,0.25,0,1.7152559931001638e-06,true,PASS,
2026-08-30T16:51:52Z,V2,cancellation,46202862,1,256,3,0.25,0.25,0,0.25,0,1.7152559931001638e-06,true,PASS,
2026-08-30T16:51:52Z,V3,cancellation,46202862,1,256,1,0.25,0.25,0,0.25,0,1.7152559931001638e-06,true,PASS,
2026-08-30T16:51:52Z,V3,cancellation,46202862,1,256,2,0.25,0.25,0,0.25,0,1.7152559931001638e-06,true,PASS,
2026-08-30T16:51:52Z,V3,cancellation,46202862,1,256,3,0.25,0.25,0,0.25,0,1.7152559931001638e-06,true,PASS,
2026-08-30T16:51:52Z,V4,cancellation,46202862,1,256,1,0.25,0.25,0,0.25,0,1.7152559931001638e-06,true,PASS,
2026-08-30T16:51:52Z,V4,cancellation,46202862,1,256,2,0.25,0.25,0,0.25,0,1.7152559931001638e-06,true,PASS,
2026-08-30T16:51:52Z,V4,cancellation,46202862,1,256,3,0.25,0.25,0,0.25,0,1.7152559931001638e-06,true,PASS,
2026-08-30T16:51:52Z,V5,cancellation,46202862,1,256,1,0.25,0.25,0,0.25,0,1.7152559931001638e-06,true,PASS,
2026-08-30T16:51:52Z,V5,cancellation,46202862,1,256,2,0.25,0.25,0,0.25,0,1.7152559931001638e-06,true,PASS,
2026-08-30T16:51:52Z,V5,cancellation,46202862,1,256,3,0.25,0.25,0,0.25,0,1.7152559931001638e-06,true,PASS,
2026-08-30T16:51:52Z,V6,cancellation,46202862,1,256,1,0.25,0.25,0,0.25,0,1.7152559931001638e-06,true,PASS,
2026-08-30T16:51:52Z,V6,cancellation,46202862,1,256,2,0.25,0.25,0,0.25,0,1.7152559931001638e-06,true,PASS,
2026-08-30T16:51:52Z,V6,cancellation,46202862,1,256,3,0.25,0.25,0,0.25,0,1.7152559931001638e-06,true,PASS,
2026-08-30T16:51:52Z,V7,cancellation,46202862,1,256,1,0.25,0.25,0,0.25,0,1.7152559931001638e-06,true,PASS,
2026-08-30T16:51:52Z,V7,cancellation,46202862,1,256,2,0.25,0.25,0,0.25,0,1.7152559931001638e-06,true,PASS,
2026-08-30T16:51:52Z,V7,cancellation,46202862,1,256,3,0.25,0.25,0,0.25,0,1.7152559931001638e-06,true,PASS,
2026-08-30T16:51:52Z,V1,ones,46202862,255,256,1,255,255,0,255,0,0.0024328724058537551,true,PASS,
2026-08-30T16:51:52Z,V1,ones,46202862,255,256,2,255,255,0,255,0,0.0024328724058537551,true,PASS,
2026-08-30T16:51:52Z,V1,ones,46202862,255,256,3,255,255,0,255,0,0.0024328724058537551,true,PASS,
2026-08-30T16:51:52Z,V2,ones,46202862,255,256,1,255,255,0,255,0,0.0024328724058537551,true,PASS,
2026-08-30T16:51:52Z,V2,ones,46202862,255,256,2,255,255,0,255,0,0.0024328724058537551,true,PASS,
2026-08-30T16:51:52Z,V2,ones,46202862,255,256,3,255,255,0,255,0,0.0024328724058537551,true,PASS,
2026-08-30T16:51:52Z,V3,ones,46202862,255,256,1,255,255,0,255,0,0.0024328724058537551,true,PASS,
2026-08-30T16:51:52Z,V3,ones,46202862,255,256,2,255,255,0,255,0,0.0024328724058537551,true,PASS,
2026-08-30T16:51:52Z,V3,ones,46202862,255,256,3,255,255,0,255,0,0.0024328724058537551,true,PASS,
2026-08-30T16:51:52Z,V4,ones,46202862,255,256,1,255,255,0,255,0,0.0024328724058537551,true,PASS,
2026-08-30T16:51:52Z,V4,ones,46202862,255,256,2,255,255,0,255,0,0.0024328724058537551,true,PASS,
2026-08-30T16:51:52Z,V4,ones,46202862,255,256,3,255,255,0,255,0,0.0024328724058537551,true,PASS,
2026-08-30T16:51:52Z,V5,ones,46202862,255,256,1,255,255,0,255,0,0.0024328724058537551,true,PASS,
2026-08-30T16:51:52Z,V5,ones,46202862,255,256,2,255,255,0,255,0,0.0024328724058537551,true,PASS,
2026-08-30T16:51:52Z,V5,ones,46202862,255,256,3,255,255,0,255,0,0.0024328724058537551,true,PASS,
2026-08-30T16:51:52Z,V6,ones,46202862,255,256,1,255,255,0,255,0,0.0024328724058537551,true,PASS,
2026-08-30T16:51:52Z,V6,ones,46202862,255,256,2,255,255,0,255,0,0.0024328724058537551,true,PASS,
2026-08-30T16:51:52Z,V6,ones,46202862,255,256,3,255,255,0,255,0,0.0024328724058537551,true,PASS,
2026-08-30T16:51:52Z,V7,ones,46202862,255,256,1,255,255,0,255,0,0.0024328724058537551,true,PASS,
2026-08-30T16:51:52Z,V7,ones,46202862,255,256,2,255,255,0,255,0,0.0024328724058537551,true,PASS,
2026-08-30T16:51:52Z,V7,ones,46202862,255,256,3,255,255,0,255,0,0.0024328724058537551,true,PASS,
2026-08-30T16:51:52Z,V1,signed_seeded,46202862,255,256,1,-3.3738340735435486,-3.3738346099853516,5.3644180297851562e-07,124.42437618970871,4.3113883260351469e-09,0.0011876047336130181,true,PASS,
2026-08-30T16:51:52Z,V1,signed_seeded,46202862,255,256,2,-3.3738340735435486,-3.3738346099853516,5.3644180297851562e-07,124.42437618970871,4.3113883260351469e-09,0.0011876047336130181,true,PASS,
2026-08-30T16:51:52Z,V1,signed_seeded,46202862,255,256,3,-3.3738340735435486,-3.3738346099853516,5.3644180297851562e-07,124.42437618970871,4.3113883260351469e-09,0.0011876047336130181,true,PASS,
2026-08-30T16:51:52Z,V2,signed_seeded,46202862,255,256,1,-3.3738340735435486,-3.3738346099853516,5.3644180297851562e-07,124.42437618970871,4.3113883260351469e-09,0.0011876047336130181,true,PASS,
2026-08-30T16:51:52Z,V2,signed_seeded,46202862,255,256,2,-3.3738340735435486,-3.3738346099853516,5.3644180297851562e-07,124.42437618970871,4.3113883260351469e-09,0.0011876047336130181,true,PASS,
2026-08-30T16:51:52Z,V2,signed_seeded,46202862,255,256,3,-3.3738340735435486,-3.3738346099853516,5.3644180297851562e-07,124.42437618970871,4.3113883260351469e-09,0.0011876047336130181,true,PASS,
2026-08-30T16:51:52Z,V3,signed_seeded,46202862,255,256,1,-3.3738340735435486,-3.3738346099853516,5.3644180297851562e-07,124.42437618970871,4.3113883260351469e-09,0.0011876047336130181,true,PASS,
2026-08-30T16:51:52Z,V3,signed_seeded,46202862,255,256,2,-3.3738340735435486,-3.3738346099853516,5.3644180297851562e-07,124.42437618970871,4.3113883260351469e-09,0.0011876047336130181,true,PASS,
2026-08-30T16:51:52Z,V3,signed_seeded,46202862,255,256,3,-3.3738340735435486,-3.3738346099853516,5.3644180297851562e-07,124.42437618970871,4.3113883260351469e-09,0.0011876047336130181,true,PASS,
2026-08-30T16:51:52Z,V4,signed_seeded,46202862,255,256,1,-3.3738340735435486,-3.3738350868225098,1.0132789611816406e-06,124.42437618970871,8.1437335047330557e-09,0.0011876047336130181,true,PASS,
2026-08-30T16:51:52Z,V4,signed_seeded,46202862,255,256,2,-3.3738340735435486,-3.3738350868225098,1.0132789611816406e-06,124.42437618970871,8.1437335047330557e-09,0.0011876047336130181,true,PASS,
2026-08-30T16:51:52Z,V4,signed_seeded,46202862,255,256,3,-3.3738340735435486,-3.3738350868225098,1.0132789611816406e-06,124.42437618970871,8.1437335047330557e-09,0.0011876047336130181,true,PASS,
2026-08-30T16:51:52Z,V5,signed_seeded,46202862,255,256,1,-3.3738340735435486,-3.3738350868225098,1.0132789611816406e-06,124.42437618970871,8.1437335047330557e-09,0.0011876047336130181,true,PASS,
2026-08-30T16:51:52Z,V5,signed_seeded,46202862,255,256,2,-3.3738340735435486,-3.3738350868225098,1.0132789611816406e-06,124.42437618970871,8.1437335047330557e-09,0.0011876047336130181,true,PASS,
2026-08-30T16:51:52Z,V5,signed_seeded,46202862,255,256,3,-3.3738340735435486,-3.3738350868225098,1.0132789611816406e-06,124.42437618970871,8.1437335047330557e-09,0.0011876047336130181,true,PASS,
2026-08-30T16:51:52Z,V6,signed_seeded,46202862,255,256,1,-3.3738340735435486,-3.3738350868225098,1.0132789611816406e-06,124.42437618970871,8.1437335047330557e-09,0.0011876047336130181,true,PASS,
2026-08-30T16:51:52Z,V6,signed_seeded,46202862,255,256,2,-3.3738340735435486,-3.3738350868225098,1.0132789611816406e-06,124.42437618970871,8.1437335047330557e-09,0.0011876047336130181,true,PASS,
2026-08-30T16:51:52Z,V6,signed_seeded,46202862,255,256,3,-3.3738340735435486,-3.3738350868225098,1.0132789611816406e-06,124.42437618970871,8.1437335047330557e-09,0.0011876047336130181,true,PASS,
2026-08-30T16:51:52Z,V7,signed_seeded,46202862,255,256,1,-3.3738340735435486,-3.3738346099853516,5.3644180297851562e-07,124.42437618970871,4.3113883260351469e-09,0.0011876047336130181,true,PASS,
2026-08-30T16:51:52Z,V7,signed_seeded,46202862,255,256,2,-3.3738340735435486,-3.3738346099853516,5.3644180297851562e-07,124.42437618970871,4.3113883260351469e-09,0.0011876047336130181,true,PASS,
2026-08-30T16:51:52Z,V7,signed_seeded,46202862,255,256,3,-3.3738340735435486,-3.3738346099853516,5.3644180297851562e-07,124.42437618970871,4.3113883260351469e-09,0.0011876047336130181,true,PASS,
2026-08-30T16:51:52Z,V1,cancellation,46202862,255,256,1,0.5,0.5,0,127.5,0,0.0012169362029268776,true,PASS,
2026-08-30T16:51:52Z,V1,cancellation,46202862,255,256,2,0.5,0.5,0,127.5,0,0.0012169362029268776,true,PASS,
2026-08-30T16:51:52Z,V1,cancellation,46202862,255,256,3,0.5,0.5,0,127.5,0,0.0012169362029268776,true,PASS,
2026-08-30T16:51:52Z,V2,cancellation,46202862,255,256,1,0.5,0.5,0,127.5,0,0.0012169362029268776,true,PASS,
2026-08-30T16:51:52Z,V2,cancellation,46202862,255,256,2,0.5,0.5,0,127.5,0,0.0012169362029268776,true,PASS,
2026-08-30T16:51:52Z,V2,cancellation,46202862,255,256,3,0.5,0.5,0,127.5,0,0.0012169362029268776,true,PASS,
2026-08-30T16:51:52Z,V3,cancellation,46202862,255,256,1,0.5,0.5,0,127.5,0,0.0012169362029268776,true,PASS,
2026-08-30T16:51:52Z,V3,cancellation,46202862,255,256,2,0.5,0.5,0,127.5,0,0.0012169362029268776,true,PASS,
2026-08-30T16:51:52Z,V3,cancellation,46202862,255,256,3,0.5,0.5,0,127.5,0,0.0012169362029268776,true,PASS,
2026-08-30T16:51:52Z,V4,cancellation,46202862,255,256,1,0.5,0.5,0,127.5,0,0.0012169362029268776,true,PASS,
2026-08-30T16:51:52Z,V4,cancellation,46202862,255,256,2,0.5,0.5,0,127.5,0,0.0012169362029268776,true,PASS,
2026-08-30T16:51:52Z,V4,cancellation,46202862,255,256,3,0.5,0.5,0,127.5,0,0.0012169362029268776,true,PASS,
2026-08-30T16:51:52Z,V5,cancellation,46202862,255,256,1,0.5,0.5,0,127.5,0,0.0012169362029268776,true,PASS,
2026-08-30T16:51:52Z,V5,cancellation,46202862,255,256,2,0.5,0.5,0,127.5,0,0.0012169362029268776,true,PASS,
2026-08-30T16:51:52Z,V5,cancellation,46202862,255,256,3,0.5,0.5,0,127.5,0,0.0012169362029268776,true,PASS,
2026-08-30T16:51:52Z,V6,cancellation,46202862,255,256,1,0.5,0.5,0,127.5,0,0.0012169362029268776,true,PASS,
2026-08-30T16:51:52Z,V6,cancellation,46202862,255,256,2,0.5,0.5,0,127.5,0,0.0012169362029268776,true,PASS,
2026-08-30T16:51:52Z,V6,cancellation,46202862,255,256,3,0.5,0.5,0,127.5,0,0.0012169362029268776,true,PASS,
2026-08-30T16:51:52Z,V7,cancellation,46202862,255,256,1,0.5,0.5,0,127.5,0,0.0012169362029268776,true,PASS,
2026-08-30T16:51:52Z,V7,cancellation,46202862,255,256,2,0.5,0.5,0,127.5,0,0.0012169362029268776,true,PASS,
2026-08-30T16:51:52Z,V7,cancellation,46202862,255,256,3,0.5,0.5,0,127.5,0,0.0012169362029268776,true,PASS,
2026-08-30T16:51:52Z,V1,ones,46202862,256,256,1,256,256,0,256,0,0.0024424091603865153,true,PASS,
2026-08-30T16:51:52Z,V1,ones,46202862,256,256,2,256,256,0,256,0,0.0024424091603865153,true,PASS,
2026-08-30T16:51:52Z,V1,ones,46202862,256,256,3,256,256,0,256,0,0.0024424091603865153,true,PASS,
2026-08-30T16:51:52Z,V2,ones,46202862,256,256,1,256,256,0,256,0,0.0024424091603865153,true,PASS,
2026-08-30T16:51:52Z,V2,ones,46202862,256,256,2,256,256,0,256,0,0.0024424091603865153,true,PASS,
2026-08-30T16:51:52Z,V2,ones,46202862,256,256,3,256,256,0,256,0,0.0024424091603865153,true,PASS,
2026-08-30T16:51:52Z,V3,ones,46202862,256,256,1,256,256,0,256,0,0.0024424091603865153,true,PASS,
2026-08-30T16:51:52Z,V3,ones,46202862,256,256,2,256,256,0,256,0,0.0024424091603865153,true,PASS,
2026-08-30T16:51:52Z,V3,ones,46202862,256,256,3,256,256,0,256,0,0.0024424091603865153,true,PASS,
2026-08-30T16:51:52Z,V4,ones,46202862,256,256,1,256,256,0,256,0,0.0024424091603865153,true,PASS,
2026-08-30T16:51:52Z,V4,ones,46202862,256,256,2,256,256,0,256,0,0.0024424091603865153,true,PASS,
2026-08-30T16:51:52Z,V4,ones,46202862,256,256,3,256,256,0,256,0,0.0024424091603865153,true,PASS,
2026-08-30T16:51:52Z,V5,ones,46202862,256,256,1,256,256,0,256,0,0.0024424091603865153,true,PASS,
2026-08-30T16:51:52Z,V5,ones,46202862,256,256,2,256,256,0,256,0,0.0024424091603865153,true,PASS,
2026-08-30T16:51:52Z,V5,ones,46202862,256,256,3,256,256,0,256,0,0.0024424091603865153,true,PASS,
2026-08-30T16:51:52Z,V6,ones,46202862,256,256,1,256,256,0,256,0,0.0024424091603865153,true,PASS,
2026-08-30T16:51:52Z,V6,ones,46202862,256,256,2,256,256,0,256,0,0.0024424091603865153,true,PASS,
2026-08-30T16:51:52Z,V6,ones,46202862,256,256,3,256,256,0,256,0,0.0024424091603865153,true,PASS,
2026-08-30T16:51:52Z,V7,ones,46202862,256,256,1,256,256,0,256,0,0.0024424091603865153,true,PASS,
2026-08-30T16:51:52Z,V7,ones,46202862,256,256,2,256,256,0,256,0,0.0024424091603865153,true,PASS,
2026-08-30T16:51:52Z,V7,ones,46202862,256,256,3,256,256,0,256,0,0.0024424091603865153,true,PASS,
2026-08-30T16:51:52Z,V1,signed_seeded,46202862,256,256,1,-3.830502450466156,-3.830502986907959,5.3644180297851562e-07,124.88104456663132,4.2956223247499557e-09,0.0011919598678266029,true,PASS,
2026-08-30T16:51:52Z,V1,signed_seeded,46202862,256,256,2,-3.830502450466156,-3.830502986907959,5.3644180297851562e-07,124.88104456663132,4.2956223247499557e-09,0.0011919598678266029,true,PASS,
2026-08-30T16:51:52Z,V1,signed_seeded,46202862,256,256,3,-3.830502450466156,-3.830502986907959,5.3644180297851562e-07,124.88104456663132,4.2956223247499557e-09,0.0011919598678266029,true,PASS,
2026-08-30T16:51:52Z,V2,signed_seeded,46202862,256,256,1,-3.830502450466156,-3.830502986907959,5.3644180297851562e-07,124.88104456663132,4.2956223247499557e-09,0.0011919598678266029,true,PASS,
2026-08-30T16:51:52Z,V2,signed_seeded,46202862,256,256,2,-3.830502450466156,-3.830502986907959,5.3644180297851562e-07,124.88104456663132,4.2956223247499557e-09,0.0011919598678266029,true,PASS,
2026-08-30T16:51:52Z,V2,signed_seeded,46202862,256,256,3,-3.830502450466156,-3.830502986907959,5.3644180297851562e-07,124.88104456663132,4.2956223247499557e-09,0.0011919598678266029,true,PASS,
2026-08-30T16:51:52Z,V3,signed_seeded,46202862,256,256,1,-3.830502450466156,-3.830502986907959,5.3644180297851562e-07,124.88104456663132,4.2956223247499557e-09,0.0011919598678266029,true,PASS,
2026-08-30T16:51:52Z,V3,signed_seeded,46202862,256,256,2,-3.830502450466156,-3.830502986907959,5.3644180297851562e-07,124.88104456663132,4.2956223247499557e-09,0.0011919598678266029,true,PASS,
2026-08-30T16:51:52Z,V3,signed_seeded,46202862,256,256,3,-3.830502450466156,-3.830502986907959,5.3644180297851562e-07,124.88104456663132,4.2956223247499557e-09,0.0011919598678266029,true,PASS,
2026-08-30T16:51:52Z,V4,signed_seeded,46202862,256,256,1,-3.830502450466156,-3.8305034637451172,1.0132789611816406e-06,124.88104456663132,8.1139532800832502e-09,0.0011919598678266029,true,PASS,
2026-08-30T16:51:52Z,V4,signed_seeded,46202862,256,256,2,-3.830502450466156,-3.8305034637451172,1.0132789611816406e-06,124.88104456663132,8.1139532800832502e-09,0.0011919598678266029,true,PASS,
2026-08-30T16:51:52Z,V4,signed_seeded,46202862,256,256,3,-3.830502450466156,-3.8305034637451172,1.0132789611816406e-06,124.88104456663132,8.1139532800832502e-09,0.0011919598678266029,true,PASS,
2026-08-30T16:51:52Z,V5,signed_seeded,46202862,256,256,1,-3.830502450466156,-3.8305034637451172,1.0132789611816406e-06,124.88104456663132,8.1139532800832502e-09,0.0011919598678266029,true,PASS,
2026-08-30T16:51:52Z,V5,signed_seeded,46202862,256,256,2,-3.830502450466156,-3.8305034637451172,1.0132789611816406e-06,124.88104456663132,8.1139532800832502e-09,0.0011919598678266029,true,PASS,
2026-08-30T16:51:52Z,V5,signed_seeded,46202862,256,256,3,-3.830502450466156,-3.8305034637451172,1.0132789611816406e-06,124.88104456663132,8.1139532800832502e-09,0.0011919598678266029,true,PASS,
2026-08-30T16:51:52Z,V6,signed_seeded,46202862,256,256,1,-3.830502450466156,-3.8305034637451172,1.0132789611816406e-06,124.88104456663132,8.1139532800832502e-09,0.0011919598678266029,true,PASS,
2026-08-30T16:51:52Z,V6,signed_seeded,46202862,256,256,2,-3.830502450466156,-3.8305034637451172,1.0132789611816406e-06,124.88104456663132,8.1139532800832502e-09,0.0011919598678266029,true,PASS,
2026-08-30T16:51:52Z,V6,signed_seeded,46202862,256,256,3,-3.830502450466156,-3.8305034637451172,1.0132789611816406e-06,124.88104456663132,8.1139532800832502e-09,0.0011919598678266029,true,PASS,
2026-08-30T16:51:52Z,V7,signed_seeded,46202862,256,256,1,-3.830502450466156,-3.830502986907959,5.3644180297851562e-07,124.88104456663132,4.2956223247499557e-09,0.0011919598678266029,true,PASS,
2026-08-30T16:51:52Z,V7,signed_seeded,46202862,256,256,2,-3.830502450466156,-3.830502986907959,5.3644180297851562e-07,124.88104456663132,4.2956223247499557e-09,0.0011919598678266029,true,PASS,
2026-08-30T16:51:52Z,V7,signed_seeded,46202862,256,256,3,-3.830502450466156,-3.830502986907959,5.3644180297851562e-07,124.88104456663132,4.2956223247499557e-09,0.0011919598678266029,true,PASS,
2026-08-30T16:51:52Z,V1,cancellation,46202862,256,256,1,0.25,0.25,0,127.75,0,0.0012193203915600677,true,PASS,
2026-08-30T16:51:52Z,V1,cancellation,46202862,256,256,2,0.25,0.25,0,127.75,0,0.0012193203915600677,true,PASS,
2026-08-30T16:51:52Z,V1,cancellation,46202862,256,256,3,0.25,0.25,0,127.75,0,0.0012193203915600677,true,PASS,
2026-08-30T16:51:52Z,V2,cancellation,46202862,256,256,1,0.25,0.25,0,127.75,0,0.0012193203915600677,true,PASS,
2026-08-30T16:51:52Z,V2,cancellation,46202862,256,256,2,0.25,0.25,0,127.75,0,0.0012193203915600677,true,PASS,
2026-08-30T16:51:52Z,V2,cancellation,46202862,256,256,3,0.25,0.25,0,127.75,0,0.0012193203915600677,true,PASS,
2026-08-30T16:51:52Z,V3,cancellation,46202862,256,256,1,0.25,0.25,0,127.75,0,0.0012193203915600677,true,PASS,
2026-08-30T16:51:52Z,V3,cancellation,46202862,256,256,2,0.25,0.25,0,127.75,0,0.0012193203915600677,true,PASS,
2026-08-30T16:51:52Z,V3,cancellation,46202862,256,256,3,0.25,0.25,0,127.75,0,0.0012193203915600677,true,PASS,
2026-08-30T16:51:52Z,V4,cancellation,46202862,256,256,1,0.25,0.25,0,127.75,0,0.0012193203915600677,true,PASS,
2026-08-30T16:51:52Z,V4,cancellation,46202862,256,256,2,0.25,0.25,0,127.75,0,0.0012193203915600677,true,PASS,
2026-08-30T16:51:52Z,V4,cancellation,46202862,256,256,3,0.25,0.25,0,127.75,0,0.0012193203915600677,true,PASS,
2026-08-30T16:51:52Z,V5,cancellation,46202862,256,256,1,0.25,0.25,0,127.75,0,0.0012193203915600677,true,PASS,
2026-08-30T16:51:52Z,V5,cancellation,46202862,256,256,2,0.25,0.25,0,127.75,0,0.0012193203915600677,true,PASS,
2026-08-30T16:51:52Z,V5,cancellation,46202862,256,256,3,0.25,0.25,0,127.75,0,0.0012193203915600677,true,PASS,
2026-08-30T16:51:52Z,V6,cancellation,46202862,256,256,1,0.25,0.25,0,127.75,0,0.0012193203915600677,true,PASS,
2026-08-30T16:51:52Z,V6,cancellation,46202862,256,256,2,0.25,0.25,0,127.75,0,0.0012193203915600677,true,PASS,
2026-08-30T16:51:52Z,V6,cancellation,46202862,256,256,3,0.25,0.25,0,127.75,0,0.0012193203915600677,true,PASS,
2026-08-30T16:51:52Z,V7,cancellation,46202862,256,256,1,0.25,0.25,0,127.75,0,0.0012193203915600677,true,PASS,
2026-08-30T16:51:52Z,V7,cancellation,46202862,256,256,2,0.25,0.25,0,127.75,0,0.0012193203915600677,true,PASS,
2026-08-30T16:51:52Z,V7,cancellation,46202862,256,256,3,0.25,0.25,0,127.75,0,0.0012193203915600677,true,PASS,
2026-08-30T16:51:52Z,V1,ones,46202862,257,256,1,257,257,0,257,0,0.0026970408278046971,true,PASS,
2026-08-30T16:51:52Z,V1,ones,46202862,257,256,2,257,257,0,257,0,0.0026970408278046971,true,PASS,
2026-08-30T16:51:52Z,V1,ones,46202862,257,256,3,257,257,0,257,0,0.0026970408278046971,true,PASS,
2026-08-30T16:51:52Z,V2,ones,46202862,257,256,1,257,257,0,257,0,0.0026970408278046971,true,PASS,
2026-08-30T16:51:52Z,V2,ones,46202862,257,256,2,257,257,0,257,0,0.0026970408278046971,true,PASS,
2026-08-30T16:51:52Z,V2,ones,46202862,257,256,3,257,257,0,257,0,0.0026970408278046971,true,PASS,
2026-08-30T16:51:52Z,V3,ones,46202862,257,256,1,257,257,0,257,0,0.0026970408278046971,true,PASS,
2026-08-30T16:51:52Z,V3,ones,46202862,257,256,2,257,257,0,257,0,0.0026970408278046971,true,PASS,
2026-08-30T16:51:52Z,V3,ones,46202862,257,256,3,257,257,0,257,0,0.0026970408278046971,true,PASS,
2026-08-30T16:51:52Z,V4,ones,46202862,257,256,1,257,257,0,257,0,0.0026970408278046971,true,PASS,
2026-08-30T16:51:52Z,V4,ones,46202862,257,256,2,257,257,0,257,0,0.0026970408278046971,true,PASS,
2026-08-30T16:51:52Z,V4,ones,46202862,257,256,3,257,257,0,257,0,0.0026970408278046971,true,PASS,
2026-08-30T16:51:52Z,V5,ones,46202862,257,256,1,257,257,0,257,0,0.0026970408278046971,true,PASS,
2026-08-30T16:51:52Z,V5,ones,46202862,257,256,2,257,257,0,257,0,0.0026970408278046971,true,PASS,
2026-08-30T16:51:52Z,V5,ones,46202862,257,256,3,257,257,0,257,0,0.0026970408278046971,true,PASS,
2026-08-30T16:51:52Z,V6,ones,46202862,257,256,1,257,257,0,257,0,0.0026970408278046971,true,PASS,
2026-08-30T16:51:52Z,V6,ones,46202862,257,256,2,257,257,0,257,0,0.0026970408278046971,true,PASS,
2026-08-30T16:51:52Z,V6,ones,46202862,257,256,3,257,257,0,257,0,0.0026970408278046971,true,PASS,
2026-08-30T16:51:52Z,V7,ones,46202862,257,256,1,257,257,0,257,0,0.0026970408278046971,true,PASS,
2026-08-30T16:51:52Z,V7,ones,46202862,257,256,2,257,257,0,257,0,0.0026970408278046971,true,PASS,
2026-08-30T16:51:52Z,V7,ones,46202862,257,256,3,257,257,0,257,0,0.0026970408278046971,true,PASS,
2026-08-30T16:51:52Z,V1,signed_seeded,46202862,257,256,1,-3.6801521182060242,-3.6801526546478271,5.3644180297851562e-07,125.03139489889145,4.2904568361595701e-09,0.0013126332506022697,true,PASS,
2026-08-30T16:51:52Z,V1,signed_seeded,46202862,257,256,2,-3.6801521182060242,-3.6801526546478271,5.3644180297851562e-07,125.03139489889145,4.2904568361595701e-09,0.0013126332506022697,true,PASS,
2026-08-30T16:51:52Z,V1,signed_seeded,46202862,257,256,3,-3.6801521182060242,-3.6801526546478271,5.3644180297851562e-07,125.03139489889145,4.2904568361595701e-09,0.0013126332506022697,true,PASS,
2026-08-30T16:51:52Z,V2,signed_seeded,46202862,257,256,1,-3.6801521182060242,-3.6801526546478271,5.3644180297851562e-07,125.03139489889145,4.2904568361595701e-09,0.0013126332506022697,true,PASS,
2026-08-30T16:51:52Z,V2,signed_seeded,46202862,257,256,2,-3.6801521182060242,-3.6801526546478271,5.3644180297851562e-07,125.03139489889145,4.2904568361595701e-09,0.0013126332506022697,true,PASS,
2026-08-30T16:51:52Z,V2,signed_seeded,46202862,257,256,3,-3.6801521182060242,-3.6801526546478271,5.3644180297851562e-07,125.03139489889145,4.2904568361595701e-09,0.0013126332506022697,true,PASS,
2026-08-30T16:51:52Z,V3,signed_seeded,46202862,257,256,1,-3.6801521182060242,-3.6801526546478271,5.3644180297851562e-07,125.03139489889145,4.2904568361595701e-09,0.0013126332506022697,true,PASS,
2026-08-30T16:51:52Z,V3,signed_seeded,46202862,257,256,2,-3.6801521182060242,-3.6801526546478271,5.3644180297851562e-07,125.03139489889145,4.2904568361595701e-09,0.0013126332506022697,true,PASS,
2026-08-30T16:51:52Z,V3,signed_seeded,46202862,257,256,3,-3.6801521182060242,-3.6801526546478271,5.3644180297851562e-07,125.03139489889145,4.2904568361595701e-09,0.0013126332506022697,true,PASS,
2026-08-30T16:51:52Z,V4,signed_seeded,46202862,257,256,1,-3.6801521182060242,-3.6801531314849854,1.0132789611816406e-06,125.03139489889145,8.1041962460791885e-09,0.0013126332506022697,true,PASS,
2026-08-30T16:51:52Z,V4,signed_seeded,46202862,257,256,2,-3.6801521182060242,-3.6801531314849854,1.0132789611816406e-06,125.03139489889145,8.1041962460791885e-09,0.0013126332506022697,true,PASS,
2026-08-30T16:51:52Z,V4,signed_seeded,46202862,257,256,3,-3.6801521182060242,-3.6801531314849854,1.0132789611816406e-06,125.03139489889145,8.1041962460791885e-09,0.0013126332506022697,true,PASS,
2026-08-30T16:51:52Z,V5,signed_seeded,46202862,257,256,1,-3.6801521182060242,-3.6801528930664062,7.7486038208007812e-07,125.03139489889145,6.1973265411193789e-09,0.0013126332506022697,true,PASS,
2026-08-30T16:51:52Z,V5,signed_seeded,46202862,257,256,2,-3.6801521182060242,-3.6801528930664062,7.7486038208007812e-07,125.03139489889145,6.1973265411193789e-09,0.0013126332506022697,true,PASS,
2026-08-30T16:51:52Z,V5,signed_seeded,46202862,257,256,3,-3.6801521182060242,-3.6801528930664062,7.7486038208007812e-07,125.03139489889145,6.1973265411193789e-09,0.0013126332506022697,true,PASS,
2026-08-30T16:51:52Z,V6,signed_seeded,46202862,257,256,1,-3.6801521182060242,-3.6801531314849854,1.0132789611816406e-06,125.03139489889145,8.1041962460791885e-09,0.0013126332506022697,true,PASS,
2026-08-30T16:51:52Z,V6,signed_seeded,46202862,257,256,2,-3.6801521182060242,-3.6801531314849854,1.0132789611816406e-06,125.03139489889145,8.1041962460791885e-09,0.0013126332506022697,true,PASS,
2026-08-30T16:51:52Z,V6,signed_seeded,46202862,257,256,3,-3.6801521182060242,-3.6801531314849854,1.0132789611816406e-06,125.03139489889145,8.1041962460791885e-09,0.0013126332506022697,true,PASS,
2026-08-30T16:51:52Z,V7,signed_seeded,46202862,257,256,1,-3.6801521182060242,-3.6801526546478271,5.3644180297851562e-07,125.03139489889145,4.2904568361595701e-09,0.0013126332506022697,true,PASS,
2026-08-30T16:51:52Z,V7,signed_seeded,46202862,257,256,2,-3.6801521182060242,-3.6801526546478271,5.3644180297851562e-07,125.03139489889145,4.2904568361595701e-09,0.0013126332506022697,true,PASS,
2026-08-30T16:51:52Z,V7,signed_seeded,46202862,257,256,3,-3.6801521182060242,-3.6801526546478271,5.3644180297851562e-07,125.03139489889145,4.2904568361595701e-09,0.0013126332506022697,true,PASS,
2026-08-30T16:51:52Z,V1,cancellation,46202862,257,256,1,0.53125,0.53125,0,128.03125,0,0.0013441030242601951,true,PASS,
2026-08-30T16:51:52Z,V1,cancellation,46202862,257,256,2,0.53125,0.53125,0,128.03125,0,0.0013441030242601951,true,PASS,
2026-08-30T16:51:52Z,V1,cancellation,46202862,257,256,3,0.53125,0.53125,0,128.03125,0,0.0013441030242601951,true,PASS,
2026-08-30T16:51:52Z,V2,cancellation,46202862,257,256,1,0.53125,0.53125,0,128.03125,0,0.0013441030242601951,true,PASS,
2026-08-30T16:51:52Z,V2,cancellation,46202862,257,256,2,0.53125,0.53125,0,128.03125,0,0.0013441030242601951,true,PASS,
2026-08-30T16:51:52Z,V2,cancellation,46202862,257,256,3,0.53125,0.53125,0,128.03125,0,0.0013441030242601951,true,PASS,
2026-08-30T16:51:52Z,V3,cancellation,46202862,257,256,1,0.53125,0.53125,0,128.03125,0,0.0013441030242601951,true,PASS,
2026-08-30T16:51:52Z,V3,cancellation,46202862,257,256,2,0.53125,0.53125,0,128.03125,0,0.0013441030242601951,true,PASS,
2026-08-30T16:51:52Z,V3,cancellation,46202862,257,256,3,0.53125,0.53125,0,128.03125,0,0.0013441030242601951,true,PASS,
2026-08-30T16:51:52Z,V4,cancellation,46202862,257,256,1,0.53125,0.53125,0,128.03125,0,0.0013441030242601951,true,PASS,
2026-08-30T16:51:52Z,V4,cancellation,46202862,257,256,2,0.53125,0.53125,0,128.03125,0,0.0013441030242601951,true,PASS,
2026-08-30T16:51:52Z,V4,cancellation,46202862,257,256,3,0.53125,0.53125,0,128.03125,0,0.0013441030242601951,true,PASS,
2026-08-30T16:51:52Z,V5,cancellation,46202862,257,256,1,0.53125,0.53125,0,128.03125,0,0.0013441030242601951,true,PASS,
2026-08-30T16:51:52Z,V5,cancellation,46202862,257,256,2,0.53125,0.53125,0,128.03125,0,0.0013441030242601951,true,PASS,
2026-08-30T16:51:52Z,V5,cancellation,46202862,257,256,3,0.53125,0.53125,0,128.03125,0,0.0013441030242601951,true,PASS,
2026-08-30T16:51:52Z,V6,cancellation,46202862,257,256,1,0.53125,0.53125,0,128.03125,0,0.0013441030242601951,true,PASS,
2026-08-30T16:51:52Z,V6,cancellation,46202862,257,256,2,0.53125,0.53125,0,128.03125,0,0.0013441030242601951,true,PASS,
2026-08-30T16:51:52Z,V6,cancellation,46202862,257,256,3,0.53125,0.53125,0,128.03125,0,0.0013441030242601951,true,PASS,
2026-08-30T16:51:52Z,V7,cancellation,46202862,257,256,1,0.53125,0.53125,0,128.03125,0,0.0013441030242601951,true,PASS,
2026-08-30T16:51:52Z,V7,cancellation,46202862,257,256,2,0.53125,0.53125,0,128.03125,0,0.0013441030242601951,true,PASS,
2026-08-30T16:51:52Z,V7,cancellation,46202862,257,256,3,0.53125,0.53125,0,128.03125,0,0.0013441030242601951,true,PASS,
2026-08-30T16:51:52Z,V1,ones,46202862,511,256,1,511,511,0,511,0,0.005361610361899612,true,PASS,
2026-08-30T16:51:52Z,V1,ones,46202862,511,256,2,511,511,0,511,0,0.005361610361899612,true,PASS,
2026-08-30T16:51:52Z,V1,ones,46202862,511,256,3,511,511,0,511,0,0.005361610361899612,true,PASS,
2026-08-30T16:51:52Z,V2,ones,46202862,511,256,1,511,511,0,511,0,0.005361610361899612,true,PASS,
2026-08-30T16:51:52Z,V2,ones,46202862,511,256,2,511,511,0,511,0,0.005361610361899612,true,PASS,
2026-08-30T16:51:52Z,V2,ones,46202862,511,256,3,511,511,0,511,0,0.005361610361899612,true,PASS,
2026-08-30T16:51:52Z,V3,ones,46202862,511,256,1,511,511,0,511,0,0.005361610361899612,true,PASS,
2026-08-30T16:51:52Z,V3,ones,46202862,511,256,2,511,511,0,511,0,0.005361610361899612,true,PASS,
2026-08-30T16:51:52Z,V3,ones,46202862,511,256,3,511,511,0,511,0,0.005361610361899612,true,PASS,
2026-08-30T16:51:52Z,V4,ones,46202862,511,256,1,511,511,0,511,0,0.005361610361899612,true,PASS,
2026-08-30T16:51:52Z,V4,ones,46202862,511,256,2,511,511,0,511,0,0.005361610361899612,true,PASS,
2026-08-30T16:51:52Z,V4,ones,46202862,511,256,3,511,511,0,511,0,0.005361610361899612,true,PASS,
2026-08-30T16:51:52Z,V5,ones,46202862,511,256,1,511,511,0,511,0,0.005361610361899612,true,PASS,
2026-08-30T16:51:52Z,V5,ones,46202862,511,256,2,511,511,0,511,0,0.005361610361899612,true,PASS,
2026-08-30T16:51:52Z,V5,ones,46202862,511,256,3,511,511,0,511,0,0.005361610361899612,true,PASS,
2026-08-30T16:51:52Z,V6,ones,46202862,511,256,1,511,511,0,511,0,0.005361610361899612,true,PASS,
2026-08-30T16:51:52Z,V6,ones,46202862,511,256,2,511,511,0,511,0,0.005361610361899612,true,PASS,
2026-08-30T16:51:52Z,V6,ones,46202862,511,256,3,511,511,0,511,0,0.005361610361899612,true,PASS,
2026-08-30T16:51:52Z,V7,ones,46202862,511,256,1,511,511,0,511,0,0.005361610361899612,true,PASS,
2026-08-30T16:51:52Z,V7,ones,46202862,511,256,2,511,511,0,511,0,0.005361610361899612,true,PASS,
2026-08-30T16:51:52Z,V7,ones,46202862,511,256,3,511,511,0,511,0,0.005361610361899612,true,PASS,
2026-08-30T16:51:52Z,V1,signed_seeded,46202862,511,256,1,-19.536931276321411,-19.536931991577148,7.152557373046875e-07,247.51856017112732,2.8897054702086983e-09,0.0025975764352560034,true,PASS,
2026-08-30T16:51:52Z,V1,signed_seeded,46202862,511,256,2,-19.536931276321411,-19.536931991577148,7.152557373046875e-07,247.51856017112732,2.8897054702086983e-09,0.0025975764352560034,true,PASS,
2026-08-30T16:51:52Z,V1,signed_seeded,46202862,511,256,3,-19.536931276321411,-19.536931991577148,7.152557373046875e-07,247.51856017112732,2.8897054702086983e-09,0.0025975764352560034,true,PASS,
2026-08-30T16:51:52Z,V2,signed_seeded,46202862,511,256,1,-19.536931276321411,-19.536931991577148,7.152557373046875e-07,247.51856017112732,2.8897054702086983e-09,0.0025975764352560034,true,PASS,
2026-08-30T16:51:52Z,V2,signed_seeded,46202862,511,256,2,-19.536931276321411,-19.536931991577148,7.152557373046875e-07,247.51856017112732,2.8897054702086983e-09,0.0025975764352560034,true,PASS,
2026-08-30T16:51:52Z,V2,signed_seeded,46202862,511,256,3,-19.536931276321411,-19.536931991577148,7.152557373046875e-07,247.51856017112732,2.8897054702086983e-09,0.0025975764352560034,true,PASS,
2026-08-30T16:51:52Z,V3,signed_seeded,46202862,511,256,1,-19.536931276321411,-19.536931991577148,7.152557373046875e-07,247.51856017112732,2.8897054702086983e-09,0.0025975764352560034,true,PASS,
2026-08-30T16:51:52Z,V3,signed_seeded,46202862,511,256,2,-19.536931276321411,-19.536931991577148,7.152557373046875e-07,247.51856017112732,2.8897054702086983e-09,0.0025975764352560034,true,PASS,
2026-08-30T16:51:52Z,V3,signed_seeded,46202862,511,256,3,-19.536931276321411,-19.536931991577148,7.152557373046875e-07,247.51856017112732,2.8897054702086983e-09,0.0025975764352560034,true,PASS,
2026-08-30T16:51:52Z,V4,signed_seeded,46202862,511,256,1,-19.536931276321411,-19.536931991577148,7.152557373046875e-07,247.51856017112732,2.8897054702086983e-09,0.0025975764352560034,true,PASS,
2026-08-30T16:51:52Z,V4,signed_seeded,46202862,511,256,2,-19.536931276321411,-19.536931991577148,7.152557373046875e-07,247.51856017112732,2.8897054702086983e-09,0.0025975764352560034,true,PASS,
2026-08-30T16:51:52Z,V4,signed_seeded,46202862,511,256,3,-19.536931276321411,-19.536931991577148,7.152557373046875e-07,247.51856017112732,2.8897054702086983e-09,0.0025975764352560034,true,PASS,
2026-08-30T16:51:52Z,V5,signed_seeded,46202862,511,256,1,-19.536931276321411,-19.536931991577148,7.152557373046875e-07,247.51856017112732,2.8897054702086983e-09,0.0025975764352560034,true,PASS,
2026-08-30T16:51:52Z,V5,signed_seeded,46202862,511,256,2,-19.536931276321411,-19.536931991577148,7.152557373046875e-07,247.51856017112732,2.8897054702086983e-09,0.0025975764352560034,true,PASS,
2026-08-30T16:51:52Z,V5,signed_seeded,46202862,511,256,3,-19.536931276321411,-19.536931991577148,7.152557373046875e-07,247.51856017112732,2.8897054702086983e-09,0.0025975764352560034,true,PASS,
2026-08-30T16:51:52Z,V6,signed_seeded,46202862,511,256,1,-19.536931276321411,-19.536931991577148,7.152557373046875e-07,247.51856017112732,2.8897054702086983e-09,0.0025975764352560034,true,PASS,
2026-08-30T16:51:52Z,V6,signed_seeded,46202862,511,256,2,-19.536931276321411,-19.536931991577148,7.152557373046875e-07,247.51856017112732,2.8897054702086983e-09,0.0025975764352560034,true,PASS,
2026-08-30T16:51:52Z,V6,signed_seeded,46202862,511,256,3,-19.536931276321411,-19.536931991577148,7.152557373046875e-07,247.51856017112732,2.8897054702086983e-09,0.0025975764352560034,true,PASS,
2026-08-30T16:51:52Z,V7,signed_seeded,46202862,511,256,1,-19.536931276321411,-19.536930084228516,1.1920928955078125e-06,247.51856017112732,4.8161757836811639e-09,0.0025975764352560034,true,PASS,
2026-08-30T16:51:52Z,V7,signed_seeded,46202862,511,256,2,-19.536931276321411,-19.536930084228516,1.1920928955078125e-06,247.51856017112732,4.8161757836811639e-09,0.0025975764352560034,true,PASS,
2026-08-30T16:51:52Z,V7,signed_seeded,46202862,511,256,3,-19.536931276321411,-19.536930084228516,1.1920928955078125e-06,247.51856017112732,4.8161757836811639e-09,0.0025975764352560034,true,PASS,
2026-08-30T16:51:52Z,V1,cancellation,46202862,511,256,1,0.25,0.25,0,255.25,0,0.0026786825731406573,true,PASS,
2026-08-30T16:51:52Z,V1,cancellation,46202862,511,256,2,0.25,0.25,0,255.25,0,0.0026786825731406573,true,PASS,
2026-08-30T16:51:52Z,V1,cancellation,46202862,511,256,3,0.25,0.25,0,255.25,0,0.0026786825731406573,true,PASS,
2026-08-30T16:51:52Z,V2,cancellation,46202862,511,256,1,0.25,0.25,0,255.25,0,0.0026786825731406573,true,PASS,
2026-08-30T16:51:52Z,V2,cancellation,46202862,511,256,2,0.25,0.25,0,255.25,0,0.0026786825731406573,true,PASS,
2026-08-30T16:51:52Z,V2,cancellation,46202862,511,256,3,0.25,0.25,0,255.25,0,0.0026786825731406573,true,PASS,
2026-08-30T16:51:52Z,V3,cancellation,46202862,511,256,1,0.25,0.25,0,255.25,0,0.0026786825731406573,true,PASS,
2026-08-30T16:51:52Z,V3,cancellation,46202862,511,256,2,0.25,0.25,0,255.25,0,0.0026786825731406573,true,PASS,
2026-08-30T16:51:52Z,V3,cancellation,46202862,511,256,3,0.25,0.25,0,255.25,0,0.0026786825731406573,true,PASS,
2026-08-30T16:51:52Z,V4,cancellation,46202862,511,256,1,0.25,0.25,0,255.25,0,0.0026786825731406573,true,PASS,
2026-08-30T16:51:52Z,V4,cancellation,46202862,511,256,2,0.25,0.25,0,255.25,0,0.0026786825731406573,true,PASS,
2026-08-30T16:51:52Z,V4,cancellation,46202862,511,256,3,0.25,0.25,0,255.25,0,0.0026786825731406573,true,PASS,
2026-08-30T16:51:52Z,V5,cancellation,46202862,511,256,1,0.25,0.25,0,255.25,0,0.0026786825731406573,true,PASS,
2026-08-30T16:51:52Z,V5,cancellation,46202862,511,256,2,0.25,0.25,0,255.25,0,0.0026786825731406573,true,PASS,
2026-08-30T16:51:52Z,V5,cancellation,46202862,511,256,3,0.25,0.25,0,255.25,0,0.0026786825731406573,true,PASS,
2026-08-30T16:51:52Z,V6,cancellation,46202862,511,256,1,0.25,0.25,0,255.25,0,0.0026786825731406573,true,PASS,
2026-08-30T16:51:52Z,V6,cancellation,46202862,511,256,2,0.25,0.25,0,255.25,0,0.0026786825731406573,true,PASS,
2026-08-30T16:51:52Z,V6,cancellation,46202862,511,256,3,0.25,0.25,0,255.25,0,0.0026786825731406573,true,PASS,
2026-08-30T16:51:52Z,V7,cancellation,46202862,511,256,1,0.25,0.25,0,255.25,0,0.0026786825731406573,true,PASS,
2026-08-30T16:51:52Z,V7,cancellation,46202862,511,256,2,0.25,0.25,0,255.25,0,0.0026786825731406573,true,PASS,
2026-08-30T16:51:52Z,V7,cancellation,46202862,511,256,3,0.25,0.25,0,255.25,0,0.0026786825731406573,true,PASS,
2026-08-30T16:51:52Z,V1,ones,46202862,512,256,1,512,512,0,512,0,0.0053721007931362063,true,PASS,
2026-08-30T16:51:52Z,V1,ones,46202862,512,256,2,512,512,0,512,0,0.0053721007931362063,true,PASS,
2026-08-30T16:51:52Z,V1,ones,46202862,512,256,3,512,512,0,512,0,0.0053721007931362063,true,PASS,
2026-08-30T16:51:52Z,V2,ones,46202862,512,256,1,512,512,0,512,0,0.0053721007931362063,true,PASS,
2026-08-30T16:51:52Z,V2,ones,46202862,512,256,2,512,512,0,512,0,0.0053721007931362063,true,PASS,
2026-08-30T16:51:52Z,V2,ones,46202862,512,256,3,512,512,0,512,0,0.0053721007931362063,true,PASS,
2026-08-30T16:51:52Z,V3,ones,46202862,512,256,1,512,512,0,512,0,0.0053721007931362063,true,PASS,
2026-08-30T16:51:52Z,V3,ones,46202862,512,256,2,512,512,0,512,0,0.0053721007931362063,true,PASS,
2026-08-30T16:51:52Z,V3,ones,46202862,512,256,3,512,512,0,512,0,0.0053721007931362063,true,PASS,
2026-08-30T16:51:52Z,V4,ones,46202862,512,256,1,512,512,0,512,0,0.0053721007931362063,true,PASS,
2026-08-30T16:51:52Z,V4,ones,46202862,512,256,2,512,512,0,512,0,0.0053721007931362063,true,PASS,
2026-08-30T16:51:52Z,V4,ones,46202862,512,256,3,512,512,0,512,0,0.0053721007931362063,true,PASS,
2026-08-30T16:51:52Z,V5,ones,46202862,512,256,1,512,512,0,512,0,0.0053721007931362063,true,PASS,
2026-08-30T16:51:52Z,V5,ones,46202862,512,256,2,512,512,0,512,0,0.0053721007931362063,true,PASS,
2026-08-30T16:51:52Z,V5,ones,46202862,512,256,3,512,512,0,512,0,0.0053721007931362063,true,PASS,
2026-08-30T16:51:52Z,V6,ones,46202862,512,256,1,512,512,0,512,0,0.0053721007931362063,true,PASS,
2026-08-30T16:51:52Z,V6,ones,46202862,512,256,2,512,512,0,512,0,0.0053721007931362063,true,PASS,
2026-08-30T16:51:52Z,V6,ones,46202862,512,256,3,512,512,0,512,0,0.0053721007931362063,true,PASS,
2026-08-30T16:51:52Z,V7,ones,46202862,512,256,1,512,512,0,512,0,0.0053721007931362063,true,PASS,
2026-08-30T16:51:52Z,V7,ones,46202862,512,256,2,512,512,0,512,0,0.0053721007931362063,true,PASS,
2026-08-30T16:51:52Z,V7,ones,46202862,512,256,3,512,512,0,512,0,0.0053721007931362063,true,PASS,
2026-08-30T16:51:52Z,V1,signed_seeded,46202862,512,256,1,-19.111863374710083,-19.11186408996582,7.152557373046875e-07,247.94362807273865,2.884751436705018e-09,0.0026020355808487406,true,PASS,
2026-08-30T16:51:52Z,V1,signed_seeded,46202862,512,256,2,-19.111863374710083,-19.11186408996582,7.152557373046875e-07,247.94362807273865,2.884751436705018e-09,0.0026020355808487406,true,PASS,
2026-08-30T16:51:52Z,V1,signed_seeded,46202862,512,256,3,-19.111863374710083,-19.11186408996582,7.152557373046875e-07,247.94362807273865,2.884751436705018e-09,0.0026020355808487406,true,PASS,
2026-08-30T16:51:52Z,V2,signed_seeded,46202862,512,256,1,-19.111863374710083,-19.11186408996582,7.152557373046875e-07,247.94362807273865,2.884751436705018e-09,0.0026020355808487406,true,PASS,
2026-08-30T16:51:52Z,V2,signed_seeded,46202862,512,256,2,-19.111863374710083,-19.11186408996582,7.152557373046875e-07,247.94362807273865,2.884751436705018e-09,0.0026020355808487406,true,PASS,
2026-08-30T16:51:52Z,V2,signed_seeded,46202862,512,256,3,-19.111863374710083,-19.11186408996582,7.152557373046875e-07,247.94362807273865,2.884751436705018e-09,0.0026020355808487406,true,PASS,
2026-08-30T16:51:52Z,V3,signed_seeded,46202862,512,256,1,-19.111863374710083,-19.11186408996582,7.152557373046875e-07,247.94362807273865,2.884751436705018e-09,0.0026020355808487406,true,PASS,
2026-08-30T16:51:52Z,V3,signed_seeded,46202862,512,256,2,-19.111863374710083,-19.11186408996582,7.152557373046875e-07,247.94362807273865,2.884751436705018e-09,0.0026020355808487406,true,PASS,
2026-08-30T16:51:52Z,V3,signed_seeded,46202862,512,256,3,-19.111863374710083,-19.11186408996582,7.152557373046875e-07,247.94362807273865,2.884751436705018e-09,0.0026020355808487406,true,PASS,
2026-08-30T16:51:52Z,V4,signed_seeded,46202862,512,256,1,-19.111863374710083,-19.11186408996582,7.152557373046875e-07,247.94362807273865,2.884751436705018e-09,0.0026020355808487406,true,PASS,
2026-08-30T16:51:52Z,V4,signed_seeded,46202862,512,256,2,-19.111863374710083,-19.11186408996582,7.152557373046875e-07,247.94362807273865,2.884751436705018e-09,0.0026020355808487406,true,PASS,
2026-08-30T16:51:52Z,V4,signed_seeded,46202862,512,256,3,-19.111863374710083,-19.11186408996582,7.152557373046875e-07,247.94362807273865,2.884751436705018e-09,0.0026020355808487406,true,PASS,
2026-08-30T16:51:52Z,V5,signed_seeded,46202862,512,256,1,-19.111863374710083,-19.11186408996582,7.152557373046875e-07,247.94362807273865,2.884751436705018e-09,0.0026020355808487406,true,PASS,
2026-08-30T16:51:52Z,V5,signed_seeded,46202862,512,256,2,-19.111863374710083,-19.11186408996582,7.152557373046875e-07,247.94362807273865,2.884751436705018e-09,0.0026020355808487406,true,PASS,
2026-08-30T16:51:52Z,V5,signed_seeded,46202862,512,256,3,-19.111863374710083,-19.11186408996582,7.152557373046875e-07,247.94362807273865,2.884751436705018e-09,0.0026020355808487406,true,PASS,
2026-08-30T16:51:52Z,V6,signed_seeded,46202862,512,256,1,-19.111863374710083,-19.11186408996582,7.152557373046875e-07,247.94362807273865,2.884751436705018e-09,0.0026020355808487406,true,PASS,
2026-08-30T16:51:52Z,V6,signed_seeded,46202862,512,256,2,-19.111863374710083,-19.11186408996582,7.152557373046875e-07,247.94362807273865,2.884751436705018e-09,0.0026020355808487406,true,PASS,
2026-08-30T16:51:52Z,V6,signed_seeded,46202862,512,256,3,-19.111863374710083,-19.11186408996582,7.152557373046875e-07,247.94362807273865,2.884751436705018e-09,0.0026020355808487406,true,PASS,
2026-08-30T16:51:52Z,V7,signed_seeded,46202862,512,256,1,-19.111863374710083,-19.111862182617188,1.1920928955078125e-06,247.94362807273865,4.8079190611750304e-09,0.0026020355808487406,true,PASS,
2026-08-30T16:51:52Z,V7,signed_seeded,46202862,512,256,2,-19.111863374710083,-19.111862182617188,1.1920928955078125e-06,247.94362807273865,4.8079190611750304e-09,0.0026020355808487406,true,PASS,
2026-08-30T16:51:52Z,V7,signed_seeded,46202862,512,256,3,-19.111863374710083,-19.111862182617188,1.1920928955078125e-06,247.94362807273865,4.8079190611750304e-09,0.0026020355808487406,true,PASS,
2026-08-30T16:51:52Z,V1,cancellation,46202862,512,256,1,-0.03125,-0.03125,0,255.53125,0,0.0026816330069259495,true,PASS,
2026-08-30T16:51:52Z,V1,cancellation,46202862,512,256,2,-0.03125,-0.03125,0,255.53125,0,0.0026816330069259495,true,PASS,
2026-08-30T16:51:52Z,V1,cancellation,46202862,512,256,3,-0.03125,-0.03125,0,255.53125,0,0.0026816330069259495,true,PASS,
2026-08-30T16:51:52Z,V2,cancellation,46202862,512,256,1,-0.03125,-0.03125,0,255.53125,0,0.0026816330069259495,true,PASS,
2026-08-30T16:51:52Z,V2,cancellation,46202862,512,256,2,-0.03125,-0.03125,0,255.53125,0,0.0026816330069259495,true,PASS,
2026-08-30T16:51:52Z,V2,cancellation,46202862,512,256,3,-0.03125,-0.03125,0,255.53125,0,0.0026816330069259495,true,PASS,
2026-08-30T16:51:52Z,V3,cancellation,46202862,512,256,1,-0.03125,-0.03125,0,255.53125,0,0.0026816330069259495,true,PASS,
2026-08-30T16:51:52Z,V3,cancellation,46202862,512,256,2,-0.03125,-0.03125,0,255.53125,0,0.0026816330069259495,true,PASS,
2026-08-30T16:51:52Z,V3,cancellation,46202862,512,256,3,-0.03125,-0.03125,0,255.53125,0,0.0026816330069259495,true,PASS,
2026-08-30T16:51:52Z,V4,cancellation,46202862,512,256,1,-0.03125,-0.03125,0,255.53125,0,0.0026816330069259495,true,PASS,
2026-08-30T16:51:52Z,V4,cancellation,46202862,512,256,2,-0.03125,-0.03125,0,255.53125,0,0.0026816330069259495,true,PASS,
2026-08-30T16:51:52Z,V4,cancellation,46202862,512,256,3,-0.03125,-0.03125,0,255.53125,0,0.0026816330069259495,true,PASS,
2026-08-30T16:51:52Z,V5,cancellation,46202862,512,256,1,-0.03125,-0.03125,0,255.53125,0,0.0026816330069259495,true,PASS,
2026-08-30T16:51:52Z,V5,cancellation,46202862,512,256,2,-0.03125,-0.03125,0,255.53125,0,0.0026816330069259495,true,PASS,
2026-08-30T16:51:52Z,V5,cancellation,46202862,512,256,3,-0.03125,-0.03125,0,255.53125,0,0.0026816330069259495,true,PASS,
2026-08-30T16:51:52Z,V6,cancellation,46202862,512,256,1,-0.03125,-0.03125,0,255.53125,0,0.0026816330069259495,true,PASS,
2026-08-30T16:51:52Z,V6,cancellation,46202862,512,256,2,-0.03125,-0.03125,0,255.53125,0,0.0026816330069259495,true,PASS,
2026-08-30T16:51:52Z,V6,cancellation,46202862,512,256,3,-0.03125,-0.03125,0,255.53125,0,0.0026816330069259495,true,PASS,
2026-08-30T16:51:52Z,V7,cancellation,46202862,512,256,1,-0.03125,-0.03125,0,255.53125,0,0.0026816330069259495,true,PASS,
2026-08-30T16:51:52Z,V7,cancellation,46202862,512,256,2,-0.03125,-0.03125,0,255.53125,0,0.0026816330069259495,true,PASS,
2026-08-30T16:51:52Z,V7,cancellation,46202862,512,256,3,-0.03125,-0.03125,0,255.53125,0,0.0026816330069259495,true,PASS,
2026-08-30T16:51:52Z,V1,ones,46202862,513,256,1,513,513,0,513,0,0.0058718274900829651,true,PASS,
2026-08-30T16:51:52Z,V1,ones,46202862,513,256,2,513,513,0,513,0,0.0058718274900829651,true,PASS,
2026-08-30T16:51:52Z,V1,ones,46202862,513,256,3,513,513,0,513,0,0.0058718274900829651,true,PASS,
2026-08-30T16:51:52Z,V2,ones,46202862,513,256,1,513,513,0,513,0,0.0058718274900829651,true,PASS,
2026-08-30T16:51:52Z,V2,ones,46202862,513,256,2,513,513,0,513,0,0.0058718274900829651,true,PASS,
2026-08-30T16:51:52Z,V2,ones,46202862,513,256,3,513,513,0,513,0,0.0058718274900829651,true,PASS,
2026-08-30T16:51:52Z,V3,ones,46202862,513,256,1,513,513,0,513,0,0.0058718274900829651,true,PASS,
2026-08-30T16:51:52Z,V3,ones,46202862,513,256,2,513,513,0,513,0,0.0058718274900829651,true,PASS,
2026-08-30T16:51:52Z,V3,ones,46202862,513,256,3,513,513,0,513,0,0.0058718274900829651,true,PASS,
2026-08-30T16:51:52Z,V4,ones,46202862,513,256,1,513,513,0,513,0,0.0058718274900829651,true,PASS,
2026-08-30T16:51:52Z,V4,ones,46202862,513,256,2,513,513,0,513,0,0.0058718274900829651,true,PASS,
2026-08-30T16:51:52Z,V4,ones,46202862,513,256,3,513,513,0,513,0,0.0058718274900829651,true,PASS,
2026-08-30T16:51:52Z,V5,ones,46202862,513,256,1,513,513,0,513,0,0.0058718274900829651,true,PASS,
2026-08-30T16:51:52Z,V5,ones,46202862,513,256,2,513,513,0,513,0,0.0058718274900829651,true,PASS,
2026-08-30T16:51:52Z,V5,ones,46202862,513,256,3,513,513,0,513,0,0.0058718274900829651,true,PASS,
2026-08-30T16:51:52Z,V6,ones,46202862,513,256,1,513,513,0,513,0,0.0058718274900829651,true,PASS,
2026-08-30T16:51:52Z,V6,ones,46202862,513,256,2,513,513,0,513,0,0.0058718274900829651,true,PASS,
2026-08-30T16:51:52Z,V6,ones,46202862,513,256,3,513,513,0,513,0,0.0058718274900829651,true,PASS,
2026-08-30T16:51:52Z,V7,ones,46202862,513,256,1,513,513,0,513,0,0.0058718274900829651,true,PASS,
2026-08-30T16:51:52Z,V7,ones,46202862,513,256,2,513,513,0,513,0,0.0058718274900829651,true,PASS,
2026-08-30T16:51:52Z,V7,ones,46202862,513,256,3,513,513,0,513,0,0.0058718274900829651,true,PASS,
2026-08-30T16:51:52Z,V1,signed_seeded,46202862,513,256,1,-18.652757406234741,-18.65275764465332,2.384185791015625e-07,248.40273404121399,9.5980658192757679e-10,0.0028437477575456657,true,PASS,
2026-08-30T16:51:52Z,V1,signed_seeded,46202862,513,256,2,-18.652757406234741,-18.65275764465332,2.384185791015625e-07,248.40273404121399,9.5980658192757679e-10,0.0028437477575456657,true,PASS,
2026-08-30T16:51:52Z,V1,signed_seeded,46202862,513,256,3,-18.652757406234741,-18.65275764465332,2.384185791015625e-07,248.40273404121399,9.5980658192757679e-10,0.0028437477575456657,true,PASS,
2026-08-30T16:51:52Z,V2,signed_seeded,46202862,513,256,1,-18.652757406234741,-18.65275764465332,2.384185791015625e-07,248.40273404121399,9.5980658192757679e-10,0.0028437477575456657,true,PASS,
2026-08-30T16:51:52Z,V2,signed_seeded,46202862,513,256,2,-18.652757406234741,-18.65275764465332,2.384185791015625e-07,248.40273404121399,9.5980658192757679e-10,0.0028437477575456657,true,PASS,
2026-08-30T16:51:52Z,V2,signed_seeded,46202862,513,256,3,-18.652757406234741,-18.65275764465332,2.384185791015625e-07,248.40273404121399,9.5980658192757679e-10,0.0028437477575456657,true,PASS,
2026-08-30T16:51:52Z,V3,signed_seeded,46202862,513,256,1,-18.652757406234741,-18.65275764465332,2.384185791015625e-07,248.40273404121399,9.5980658192757679e-10,0.0028437477575456657,true,PASS,
2026-08-30T16:51:52Z,V3,signed_seeded,46202862,513,256,2,-18.652757406234741,-18.65275764465332,2.384185791015625e-07,248.40273404121399,9.5980658192757679e-10,0.0028437477575456657,true,PASS,
2026-08-30T16:51:52Z,V3,signed_seeded,46202862,513,256,3,-18.652757406234741,-18.65275764465332,2.384185791015625e-07,248.40273404121399,9.5980658192757679e-10,0.0028437477575456657,true,PASS,
2026-08-30T16:51:52Z,V4,signed_seeded,46202862,513,256,1,-18.652757406234741,-18.65275764465332,2.384185791015625e-07,248.40273404121399,9.5980658192757679e-10,0.0028437477575456657,true,PASS,
2026-08-30T16:51:52Z,V4,signed_seeded,46202862,513,256,2,-18.652757406234741,-18.65275764465332,2.384185791015625e-07,248.40273404121399,9.5980658192757679e-10,0.0028437477575456657,true,PASS,
2026-08-30T16:51:52Z,V4,signed_seeded,46202862,513,256,3,-18.652757406234741,-18.65275764465332,2.384185791015625e-07,248.40273404121399,9.5980658192757679e-10,0.0028437477575456657,true,PASS,
2026-08-30T16:51:52Z,V5,signed_seeded,46202862,513,256,1,-18.652757406234741,-18.65275764465332,2.384185791015625e-07,248.40273404121399,9.5980658192757679e-10,0.0028437477575456657,true,PASS,
2026-08-30T16:51:52Z,V5,signed_seeded,46202862,513,256,2,-18.652757406234741,-18.65275764465332,2.384185791015625e-07,248.40273404121399,9.5980658192757679e-10,0.0028437477575456657,true,PASS,
2026-08-30T16:51:52Z,V5,signed_seeded,46202862,513,256,3,-18.652757406234741,-18.65275764465332,2.384185791015625e-07,248.40273404121399,9.5980658192757679e-10,0.0028437477575456657,true,PASS,
2026-08-30T16:51:52Z,V6,signed_seeded,46202862,513,256,1,-18.652757406234741,-18.65275764465332,2.384185791015625e-07,248.40273404121399,9.5980658192757679e-10,0.0028437477575456657,true,PASS,
2026-08-30T16:51:52Z,V6,signed_seeded,46202862,513,256,2,-18.652757406234741,-18.65275764465332,2.384185791015625e-07,248.40273404121399,9.5980658192757679e-10,0.0028437477575456657,true,PASS,
2026-08-30T16:51:52Z,V6,signed_seeded,46202862,513,256,3,-18.652757406234741,-18.65275764465332,2.384185791015625e-07,248.40273404121399,9.5980658192757679e-10,0.0028437477575456657,true,PASS,
2026-08-30T16:51:52Z,V7,signed_seeded,46202862,513,256,1,-18.652757406234741,-18.652755737304688,1.6689300537109375e-06,248.40273404121399,6.7186460734930371e-09,0.0028437477575456657,true,PASS,
2026-08-30T16:51:52Z,V7,signed_seeded,46202862,513,256,2,-18.652757406234741,-18.652755737304688,1.6689300537109375e-06,248.40273404121399,6.7186460734930371e-09,0.0028437477575456657,true,PASS,
2026-08-30T16:51:52Z,V7,signed_seeded,46202862,513,256,3,-18.652757406234741,-18.652755737304688,1.6689300537109375e-06,248.40273404121399,6.7186460734930371e-09,0.0028437477575456657,true,PASS,
2026-08-30T16:51:52Z,V1,cancellation,46202862,513,256,1,0.28125,0.28125,0,255.84375,0,0.0029289035490563616,true,PASS,
2026-08-30T16:51:52Z,V1,cancellation,46202862,513,256,2,0.28125,0.28125,0,255.84375,0,0.0029289035490563616,true,PASS,
2026-08-30T16:51:52Z,V1,cancellation,46202862,513,256,3,0.28125,0.28125,0,255.84375,0,0.0029289035490563616,true,PASS,
2026-08-30T16:51:52Z,V2,cancellation,46202862,513,256,1,0.28125,0.28125,0,255.84375,0,0.0029289035490563616,true,PASS,
2026-08-30T16:51:52Z,V2,cancellation,46202862,513,256,2,0.28125,0.28125,0,255.84375,0,0.0029289035490563616,true,PASS,
2026-08-30T16:51:52Z,V2,cancellation,46202862,513,256,3,0.28125,0.28125,0,255.84375,0,0.0029289035490563616,true,PASS,
2026-08-30T16:51:52Z,V3,cancellation,46202862,513,256,1,0.28125,0.28125,0,255.84375,0,0.0029289035490563616,true,PASS,
2026-08-30T16:51:52Z,V3,cancellation,46202862,513,256,2,0.28125,0.28125,0,255.84375,0,0.0029289035490563616,true,PASS,
2026-08-30T16:51:52Z,V3,cancellation,46202862,513,256,3,0.28125,0.28125,0,255.84375,0,0.0029289035490563616,true,PASS,
2026-08-30T16:51:52Z,V4,cancellation,46202862,513,256,1,0.28125,0.28125,0,255.84375,0,0.0029289035490563616,true,PASS,
2026-08-30T16:51:52Z,V4,cancellation,46202862,513,256,2,0.28125,0.28125,0,255.84375,0,0.0029289035490563616,true,PASS,
2026-08-30T16:51:52Z,V4,cancellation,46202862,513,256,3,0.28125,0.28125,0,255.84375,0,0.0029289035490563616,true,PASS,
2026-08-30T16:51:52Z,V5,cancellation,46202862,513,256,1,0.28125,0.28125,0,255.84375,0,0.0029289035490563616,true,PASS,
2026-08-30T16:51:52Z,V5,cancellation,46202862,513,256,2,0.28125,0.28125,0,255.84375,0,0.0029289035490563616,true,PASS,
2026-08-30T16:51:52Z,V5,cancellation,46202862,513,256,3,0.28125,0.28125,0,255.84375,0,0.0029289035490563616,true,PASS,
2026-08-30T16:51:52Z,V6,cancellation,46202862,513,256,1,0.28125,0.28125,0,255.84375,0,0.0029289035490563616,true,PASS,
2026-08-30T16:51:52Z,V6,cancellation,46202862,513,256,2,0.28125,0.28125,0,255.84375,0,0.0029289035490563616,true,PASS,
2026-08-30T16:51:52Z,V6,cancellation,46202862,513,256,3,0.28125,0.28125,0,255.84375,0,0.0029289035490563616,true,PASS,
2026-08-30T16:51:52Z,V7,cancellation,46202862,513,256,1,0.28125,0.28125,0,255.84375,0,0.0029289035490563616,true,PASS,
2026-08-30T16:51:52Z,V7,cancellation,46202862,513,256,2,0.28125,0.28125,0,255.84375,0,0.0029289035490563616,true,PASS,
2026-08-30T16:51:52Z,V7,cancellation,46202862,513,256,3,0.28125,0.28125,0,255.84375,0,0.0029289035490563616,true,PASS,
2026-08-30T16:51:52Z,V1,ones,46202862,4365,256,1,4365,4365,0,4365,0,0.06244293752158437,true,PASS,
2026-08-30T16:51:52Z,V1,ones,46202862,4365,256,2,4365,4365,0,4365,0,0.06244293752158437,true,PASS,
2026-08-30T16:51:52Z,V1,ones,46202862,4365,256,3,4365,4365,0,4365,0,0.06244293752158437,true,PASS,
2026-08-30T16:51:52Z,V2,ones,46202862,4365,256,1,4365,4365,0,4365,0,0.06244293752158437,true,PASS,
2026-08-30T16:51:52Z,V2,ones,46202862,4365,256,2,4365,4365,0,4365,0,0.06244293752158437,true,PASS,
2026-08-30T16:51:52Z,V2,ones,46202862,4365,256,3,4365,4365,0,4365,0,0.06244293752158437,true,PASS,
2026-08-30T16:51:52Z,V3,ones,46202862,4365,256,1,4365,4365,0,4365,0,0.06244293752158437,true,PASS,
2026-08-30T16:51:52Z,V3,ones,46202862,4365,256,2,4365,4365,0,4365,0,0.06244293752158437,true,PASS,
2026-08-30T16:51:52Z,V3,ones,46202862,4365,256,3,4365,4365,0,4365,0,0.06244293752158437,true,PASS,
2026-08-30T16:51:52Z,V4,ones,46202862,4365,256,1,4365,4365,0,4365,0,0.06244293752158437,true,PASS,
2026-08-30T16:51:52Z,V4,ones,46202862,4365,256,2,4365,4365,0,4365,0,0.06244293752158437,true,PASS,
2026-08-30T16:51:52Z,V4,ones,46202862,4365,256,3,4365,4365,0,4365,0,0.06244293752158437,true,PASS,
2026-08-30T16:51:52Z,V5,ones,46202862,4365,256,1,4365,4365,0,4365,0,0.06244293752158437,true,PASS,
2026-08-30T16:51:52Z,V5,ones,46202862,4365,256,2,4365,4365,0,4365,0,0.06244293752158437,true,PASS,
2026-08-30T16:51:52Z,V5,ones,46202862,4365,256,3,4365,4365,0,4365,0,0.06244293752158437,true,PASS,
2026-08-30T16:51:52Z,V6,ones,46202862,4365,256,1,4365,4365,0,4365,0,0.06244293752158437,true,PASS,
2026-08-30T16:51:52Z,V6,ones,46202862,4365,256,2,4365,4365,0,4365,0,0.06244293752158437,true,PASS,
2026-08-30T16:51:52Z,V6,ones,46202862,4365,256,3,4365,4365,0,4365,0,0.06244293752158437,true,PASS,
2026-08-30T16:51:52Z,V7,ones,46202862,4365,256,1,4365,4365,0,4365,0,0.06244293752158437,true,PASS,
2026-08-30T16:51:52Z,V7,ones,46202862,4365,256,2,4365,4365,0,4365,0,0.06244293752158437,true,PASS,
2026-08-30T16:51:52Z,V7,ones,46202862,4365,256,3,4365,4365,0,4365,0,0.06244293752158437,true,PASS,
2026-08-30T16:51:52Z,V1,signed_seeded,46202862,4365,256,1,-64.133427739143372,-64.133430480957031,2.7418136596679688e-06,2156.4594503641129,1.2714422518842264e-09,0.030849455044093036,true,PASS,
2026-08-30T16:51:52Z,V1,signed_seeded,46202862,4365,256,2,-64.133427739143372,-64.133430480957031,2.7418136596679688e-06,2156.4594503641129,1.2714422518842264e-09,0.030849455044093036,true,PASS,
2026-08-30T16:51:52Z,V1,signed_seeded,46202862,4365,256,3,-64.133427739143372,-64.133430480957031,2.7418136596679688e-06,2156.4594503641129,1.2714422518842264e-09,0.030849455044093036,true,PASS,
2026-08-30T16:51:52Z,V2,signed_seeded,46202862,4365,256,1,-64.133427739143372,-64.133430480957031,2.7418136596679688e-06,2156.4594503641129,1.2714422518842264e-09,0.030849455044093036,true,PASS,
2026-08-30T16:51:52Z,V2,signed_seeded,46202862,4365,256,2,-64.133427739143372,-64.133430480957031,2.7418136596679688e-06,2156.4594503641129,1.2714422518842264e-09,0.030849455044093036,true,PASS,
2026-08-30T16:51:52Z,V2,signed_seeded,46202862,4365,256,3,-64.133427739143372,-64.133430480957031,2.7418136596679688e-06,2156.4594503641129,1.2714422518842264e-09,0.030849455044093036,true,PASS,
2026-08-30T16:51:52Z,V3,signed_seeded,46202862,4365,256,1,-64.133427739143372,-64.133430480957031,2.7418136596679688e-06,2156.4594503641129,1.2714422518842264e-09,0.030849455044093036,true,PASS,
2026-08-30T16:51:52Z,V3,signed_seeded,46202862,4365,256,2,-64.133427739143372,-64.133430480957031,2.7418136596679688e-06,2156.4594503641129,1.2714422518842264e-09,0.030849455044093036,true,PASS,
2026-08-30T16:51:52Z,V3,signed_seeded,46202862,4365,256,3,-64.133427739143372,-64.133430480957031,2.7418136596679688e-06,2156.4594503641129,1.2714422518842264e-09,0.030849455044093036,true,PASS,
2026-08-30T16:51:52Z,V4,signed_seeded,46202862,4365,256,1,-64.133427739143372,-64.1334228515625,4.8875808715820312e-06,2156.4594503641129,2.2664840142284035e-09,0.030849455044093036,true,PASS,
2026-08-30T16:51:52Z,V4,signed_seeded,46202862,4365,256,2,-64.133427739143372,-64.1334228515625,4.8875808715820312e-06,2156.4594503641129,2.2664840142284035e-09,0.030849455044093036,true,PASS,
2026-08-30T16:51:52Z,V4,signed_seeded,46202862,4365,256,3,-64.133427739143372,-64.1334228515625,4.8875808715820312e-06,2156.4594503641129,2.2664840142284035e-09,0.030849455044093036,true,PASS,
2026-08-30T16:51:52Z,V5,signed_seeded,46202862,4365,256,1,-64.133427739143372,-64.1334228515625,4.8875808715820312e-06,2156.4594503641129,2.2664840142284035e-09,0.030849455044093036,true,PASS,
2026-08-30T16:51:52Z,V5,signed_seeded,46202862,4365,256,2,-64.133427739143372,-64.1334228515625,4.8875808715820312e-06,2156.4594503641129,2.2664840142284035e-09,0.030849455044093036,true,PASS,
2026-08-30T16:51:52Z,V5,signed_seeded,46202862,4365,256,3,-64.133427739143372,-64.1334228515625,4.8875808715820312e-06,2156.4594503641129,2.2664840142284035e-09,0.030849455044093036,true,PASS,
2026-08-30T16:51:52Z,V6,signed_seeded,46202862,4365,256,1,-64.133427739143372,-64.1334228515625,4.8875808715820312e-06,2156.4594503641129,2.2664840142284035e-09,0.030849455044093036,true,PASS,
2026-08-30T16:51:52Z,V6,signed_seeded,46202862,4365,256,2,-64.133427739143372,-64.1334228515625,4.8875808715820312e-06,2156.4594503641129,2.2664840142284035e-09,0.030849455044093036,true,PASS,
2026-08-30T16:51:52Z,V6,signed_seeded,46202862,4365,256,3,-64.133427739143372,-64.1334228515625,4.8875808715820312e-06,2156.4594503641129,2.2664840142284035e-09,0.030849455044093036,true,PASS,
2026-08-30T16:51:52Z,V7,signed_seeded,46202862,4365,256,1,-64.133427739143372,-64.133430480957031,2.7418136596679688e-06,2156.4594503641129,1.2714422518842264e-09,0.030849455044093036,true,PASS,
2026-08-30T16:51:52Z,V7,signed_seeded,46202862,4365,256,2,-64.133427739143372,-64.133430480957031,2.7418136596679688e-06,2156.4594503641129,1.2714422518842264e-09,0.030849455044093036,true,PASS,
2026-08-30T16:51:52Z,V7,signed_seeded,46202862,4365,256,3,-64.133427739143372,-64.133430480957031,2.7418136596679688e-06,2156.4594503641129,1.2714422518842264e-09,0.030849455044093036,true,PASS,
2026-08-30T16:51:52Z,V1,cancellation,46202862,4365,256,1,0.4375,0.4375,0,2181.6875,0,0.031210345834277571,true,PASS,
2026-08-30T16:51:52Z,V1,cancellation,46202862,4365,256,2,0.4375,0.4375,0,2181.6875,0,0.031210345834277571,true,PASS,
2026-08-30T16:51:52Z,V1,cancellation,46202862,4365,256,3,0.4375,0.4375,0,2181.6875,0,0.031210345834277571,true,PASS,
2026-08-30T16:51:52Z,V2,cancellation,46202862,4365,256,1,0.4375,0.4375,0,2181.6875,0,0.031210345834277571,true,PASS,
2026-08-30T16:51:52Z,V2,cancellation,46202862,4365,256,2,0.4375,0.4375,0,2181.6875,0,0.031210345834277571,true,PASS,
2026-08-30T16:51:52Z,V2,cancellation,46202862,4365,256,3,0.4375,0.4375,0,2181.6875,0,0.031210345834277571,true,PASS,
2026-08-30T16:51:52Z,V3,cancellation,46202862,4365,256,1,0.4375,0.4375,0,2181.6875,0,0.031210345834277571,true,PASS,
2026-08-30T16:51:52Z,V3,cancellation,46202862,4365,256,2,0.4375,0.4375,0,2181.6875,0,0.031210345834277571,true,PASS,
2026-08-30T16:51:52Z,V3,cancellation,46202862,4365,256,3,0.4375,0.4375,0,2181.6875,0,0.031210345834277571,true,PASS,
2026-08-30T16:51:52Z,V4,cancellation,46202862,4365,256,1,0.4375,0.4375,0,2181.6875,0,0.031210345834277571,true,PASS,
2026-08-30T16:51:52Z,V4,cancellation,46202862,4365,256,2,0.4375,0.4375,0,2181.6875,0,0.031210345834277571,true,PASS,
2026-08-30T16:51:52Z,V4,cancellation,46202862,4365,256,3,0.4375,0.4375,0,2181.6875,0,0.031210345834277571,true,PASS,
2026-08-30T16:51:52Z,V5,cancellation,46202862,4365,256,1,0.4375,0.4375,0,2181.6875,0,0.031210345834277571,true,PASS,
2026-08-30T16:51:52Z,V5,cancellation,46202862,4365,256,2,0.4375,0.4375,0,2181.6875,0,0.031210345834277571,true,PASS,
2026-08-30T16:51:52Z,V5,cancellation,46202862,4365,256,3,0.4375,0.4375,0,2181.6875,0,0.031210345834277571,true,PASS,
2026-08-30T16:51:52Z,V6,cancellation,46202862,4365,256,1,0.4375,0.4375,0,2181.6875,0,0.031210345834277571,true,PASS,
2026-08-30T16:51:52Z,V6,cancellation,46202862,4365,256,2,0.4375,0.4375,0,2181.6875,0,0.031210345834277571,true,PASS,
2026-08-30T16:51:52Z,V6,cancellation,46202862,4365,256,3,0.4375,0.4375,0,2181.6875,0,0.031210345834277571,true,PASS,
2026-08-30T16:51:52Z,V7,cancellation,46202862,4365,256,1,0.4375,0.4375,0,2181.6875,0,0.031210345834277571,true,PASS,
2026-08-30T16:51:52Z,V7,cancellation,46202862,4365,256,2,0.4375,0.4375,0,2181.6875,0,0.031210345834277571,true,PASS,
2026-08-30T16:51:52Z,V7,cancellation,46202862,4365,256,3,0.4375,0.4375,0,2181.6875,0,0.031210345834277571,true,PASS,
2026-08-30T16:51:52Z,V1,ones,46202862,1048589,256,1,1048589,1048589,0,1048589,0,23.000349211289507,true,PASS,
2026-08-30T16:51:52Z,V1,ones,46202862,1048589,256,2,1048589,1048589,0,1048589,0,23.000349211289507,true,PASS,
2026-08-30T16:51:52Z,V1,ones,46202862,1048589,256,3,1048589,1048589,0,1048589,0,23.000349211289507,true,PASS,
2026-08-30T16:51:52Z,V2,ones,46202862,1048589,256,1,1048589,1048589,0,1048589,0,23.000349211289507,true,PASS,
2026-08-30T16:51:52Z,V2,ones,46202862,1048589,256,2,1048589,1048589,0,1048589,0,23.000349211289507,true,PASS,
2026-08-30T16:51:52Z,V2,ones,46202862,1048589,256,3,1048589,1048589,0,1048589,0,23.000349211289507,true,PASS,
2026-08-30T16:51:52Z,V3,ones,46202862,1048589,256,1,1048589,1048589,0,1048589,0,23.000349211289507,true,PASS,
2026-08-30T16:51:52Z,V3,ones,46202862,1048589,256,2,1048589,1048589,0,1048589,0,23.000349211289507,true,PASS,
2026-08-30T16:51:52Z,V3,ones,46202862,1048589,256,3,1048589,1048589,0,1048589,0,23.000349211289507,true,PASS,
2026-08-30T16:51:52Z,V4,ones,46202862,1048589,256,1,1048589,1048589,0,1048589,0,23.000349211289507,true,PASS,
2026-08-30T16:51:52Z,V4,ones,46202862,1048589,256,2,1048589,1048589,0,1048589,0,23.000349211289507,true,PASS,
2026-08-30T16:51:52Z,V4,ones,46202862,1048589,256,3,1048589,1048589,0,1048589,0,23.000349211289507,true,PASS,
2026-08-30T16:51:52Z,V5,ones,46202862,1048589,256,1,1048589,1048589,0,1048589,0,23.000349211289507,true,PASS,
2026-08-30T16:51:52Z,V5,ones,46202862,1048589,256,2,1048589,1048589,0,1048589,0,23.000349211289507,true,PASS,
2026-08-30T16:51:52Z,V5,ones,46202862,1048589,256,3,1048589,1048589,0,1048589,0,23.000349211289507,true,PASS,
2026-08-30T16:51:52Z,V6,ones,46202862,1048589,256,1,1048589,1048589,0,1048589,0,23.000349211289507,true,PASS,
2026-08-30T16:51:52Z,V6,ones,46202862,1048589,256,2,1048589,1048589,0,1048589,0,23.000349211289507,true,PASS,
2026-08-30T16:51:52Z,V6,ones,46202862,1048589,256,3,1048589,1048589,0,1048589,0,23.000349211289507,true,PASS,
2026-08-30T16:51:52Z,V7,ones,46202862,1048589,256,1,1048589,1048589,0,1048589,0,23.000349211289507,true,PASS,
2026-08-30T16:51:52Z,V7,ones,46202862,1048589,256,2,1048589,1048589,0,1048589,0,23.000349211289507,true,PASS,
2026-08-30T16:51:52Z,V7,ones,46202862,1048589,256,3,1048589,1048589,0,1048589,0,23.000349211289507,true,PASS,
2026-08-30T16:51:52Z,V1,signed_seeded,46202862,1048589,256,1,-641.855473279953,-641.85546875,4.5299530029296875e-06,524201.41027164459,8.641626890286763e-12,11.498133222536055,true,PASS,
2026-08-30T16:51:52Z,V1,signed_seeded,46202862,1048589,256,2,-641.855473279953,-641.85546875,4.5299530029296875e-06,524201.41027164459,8.641626890286763e-12,11.498133222536055,true,PASS,
2026-08-30T16:51:52Z,V1,signed_seeded,46202862,1048589,256,3,-641.855473279953,-641.85546875,4.5299530029296875e-06,524201.41027164459,8.641626890286763e-12,11.498133222536055,true,PASS,
2026-08-30T16:51:52Z,V2,signed_seeded,46202862,1048589,256,1,-641.855473279953,-641.85546875,4.5299530029296875e-06,524201.41027164459,8.641626890286763e-12,11.498133222536055,true,PASS,
2026-08-30T16:51:52Z,V2,signed_seeded,46202862,1048589,256,2,-641.855473279953,-641.85546875,4.5299530029296875e-06,524201.41027164459,8.641626890286763e-12,11.498133222536055,true,PASS,
2026-08-30T16:51:52Z,V2,signed_seeded,46202862,1048589,256,3,-641.855473279953,-641.85546875,4.5299530029296875e-06,524201.41027164459,8.641626890286763e-12,11.498133222536055,true,PASS,
2026-08-30T16:51:52Z,V3,signed_seeded,46202862,1048589,256,1,-641.855473279953,-641.85546875,4.5299530029296875e-06,524201.41027164459,8.641626890286763e-12,11.498133222536055,true,PASS,
2026-08-30T16:51:52Z,V3,signed_seeded,46202862,1048589,256,2,-641.855473279953,-641.85546875,4.5299530029296875e-06,524201.41027164459,8.641626890286763e-12,11.498133222536055,true,PASS,
2026-08-30T16:51:52Z,V3,signed_seeded,46202862,1048589,256,3,-641.855473279953,-641.85546875,4.5299530029296875e-06,524201.41027164459,8.641626890286763e-12,11.498133222536055,true,PASS,
2026-08-30T16:51:52Z,V4,signed_seeded,46202862,1048589,256,1,-641.855473279953,-641.85546875,4.5299530029296875e-06,524201.41027164459,8.641626890286763e-12,11.498133222536055,true,PASS,
2026-08-30T16:51:52Z,V4,signed_seeded,46202862,1048589,256,2,-641.855473279953,-641.85546875,4.5299530029296875e-06,524201.41027164459,8.641626890286763e-12,11.498133222536055,true,PASS,
2026-08-30T16:51:52Z,V4,signed_seeded,46202862,1048589,256,3,-641.855473279953,-641.85546875,4.5299530029296875e-06,524201.41027164459,8.641626890286763e-12,11.498133222536055,true,PASS,
2026-08-30T16:51:52Z,V5,signed_seeded,46202862,1048589,256,1,-641.855473279953,-641.8555908203125,0.00011754035949707031,524201.41027164459,2.2422747667954599e-10,11.498133222536055,true,PASS,
2026-08-30T16:51:52Z,V5,signed_seeded,46202862,1048589,256,2,-641.855473279953,-641.8555908203125,0.00011754035949707031,524201.41027164459,2.2422747667954599e-10,11.498133222536055,true,PASS,
2026-08-30T16:51:52Z,V5,signed_seeded,46202862,1048589,256,3,-641.855473279953,-641.8555908203125,0.00011754035949707031,524201.41027164459,2.2422747667954599e-10,11.498133222536055,true,PASS,
2026-08-30T16:51:52Z,V6,signed_seeded,46202862,1048589,256,1,-641.855473279953,-641.85546875,4.5299530029296875e-06,524201.41027164459,8.641626890286763e-12,11.498133222536055,true,PASS,
2026-08-30T16:51:52Z,V6,signed_seeded,46202862,1048589,256,2,-641.855473279953,-641.85546875,4.5299530029296875e-06,524201.41027164459,8.641626890286763e-12,11.498133222536055,true,PASS,
2026-08-30T16:51:52Z,V6,signed_seeded,46202862,1048589,256,3,-641.855473279953,-641.85546875,4.5299530029296875e-06,524201.41027164459,8.641626890286763e-12,11.498133222536055,true,PASS,
2026-08-30T16:51:52Z,V7,signed_seeded,46202862,1048589,256,1,-641.855473279953,-641.85546875,4.5299530029296875e-06,524201.41027164459,8.641626890286763e-12,11.498133222536055,true,PASS,
2026-08-30T16:51:52Z,V7,signed_seeded,46202862,1048589,256,2,-641.855473279953,-641.85546875,4.5299530029296875e-06,524201.41027164459,8.641626890286763e-12,11.498133222536055,true,PASS,
2026-08-30T16:51:52Z,V7,signed_seeded,46202862,1048589,256,3,-641.855473279953,-641.85546875,4.5299530029296875e-06,524201.41027164459,8.641626890286763e-12,11.498133222536055,true,PASS,
2026-08-30T16:51:52Z,V1,cancellation,46202862,1048589,256,1,0.6875,0.6875,0,524293.5625,0,11.500154541985925,true,PASS,
2026-08-30T16:51:52Z,V1,cancellation,46202862,1048589,256,2,0.6875,0.6875,0,524293.5625,0,11.500154541985925,true,PASS,
2026-08-30T16:51:52Z,V1,cancellation,46202862,1048589,256,3,0.6875,0.6875,0,524293.5625,0,11.500154541985925,true,PASS,
2026-08-30T16:51:52Z,V2,cancellation,46202862,1048589,256,1,0.6875,0.6875,0,524293.5625,0,11.500154541985925,true,PASS,
2026-08-30T16:51:52Z,V2,cancellation,46202862,1048589,256,2,0.6875,0.6875,0,524293.5625,0,11.500154541985925,true,PASS,
2026-08-30T16:51:52Z,V2,cancellation,46202862,1048589,256,3,0.6875,0.6875,0,524293.5625,0,11.500154541985925,true,PASS,
2026-08-30T16:51:52Z,V3,cancellation,46202862,1048589,256,1,0.6875,0.6875,0,524293.5625,0,11.500154541985925,true,PASS,
2026-08-30T16:51:52Z,V3,cancellation,46202862,1048589,256,2,0.6875,0.6875,0,524293.5625,0,11.500154541985925,true,PASS,
2026-08-30T16:51:52Z,V3,cancellation,46202862,1048589,256,3,0.6875,0.6875,0,524293.5625,0,11.500154541985925,true,PASS,
2026-08-30T16:51:52Z,V4,cancellation,46202862,1048589,256,1,0.6875,0.6875,0,524293.5625,0,11.500154541985925,true,PASS,
2026-08-30T16:51:52Z,V4,cancellation,46202862,1048589,256,2,0.6875,0.6875,0,524293.5625,0,11.500154541985925,true,PASS,
2026-08-30T16:51:52Z,V4,cancellation,46202862,1048589,256,3,0.6875,0.6875,0,524293.5625,0,11.500154541985925,true,PASS,
2026-08-30T16:51:52Z,V5,cancellation,46202862,1048589,256,1,0.6875,0.6875,0,524293.5625,0,11.500154541985925,true,PASS,
2026-08-30T16:51:52Z,V5,cancellation,46202862,1048589,256,2,0.6875,0.6875,0,524293.5625,0,11.500154541985925,true,PASS,
2026-08-30T16:51:52Z,V5,cancellation,46202862,1048589,256,3,0.6875,0.6875,0,524293.5625,0,11.500154541985925,true,PASS,
2026-08-30T16:51:52Z,V6,cancellation,46202862,1048589,256,1,0.6875,0.6875,0,524293.5625,0,11.500154541985925,true,PASS,
2026-08-30T16:51:52Z,V6,cancellation,46202862,1048589,256,2,0.6875,0.6875,0,524293.5625,0,11.500154541985925,true,PASS,
2026-08-30T16:51:53Z,V6,cancellation,46202862,1048589,256,3,0.6875,0.6875,0,524293.5625,0,11.500154541985925,true,PASS,
2026-08-30T16:51:53Z,V7,cancellation,46202862,1048589,256,1,0.6875,0.6875,0,524293.5625,0,11.500154541985925,true,PASS,
2026-08-30T16:51:53Z,V7,cancellation,46202862,1048589,256,2,0.6875,0.6875,0,524293.5625,0,11.500154541985925,true,PASS,
2026-08-30T16:51:53Z,V7,cancellation,46202862,1048589,256,3,0.6875,0.6875,0,524293.5625,0,11.500154541985925,true,PASS,
2026-08-30T16:51:53Z,V1,ones,46202862,1,512,1,1,1,0,1,0,3.8610239724006552e-06,true,PASS,
2026-08-30T16:51:53Z,V1,ones,46202862,1,512,2,1,1,0,1,0,3.8610239724006552e-06,true,PASS,
2026-08-30T16:51:53Z,V1,ones,46202862,1,512,3,1,1,0,1,0,3.8610239724006552e-06,true,PASS,
2026-08-30T16:51:53Z,V2,ones,46202862,1,512,1,1,1,0,1,0,3.8610239724006552e-06,true,PASS,
2026-08-30T16:51:53Z,V2,ones,46202862,1,512,2,1,1,0,1,0,3.8610239724006552e-06,true,PASS,
2026-08-30T16:51:53Z,V2,ones,46202862,1,512,3,1,1,0,1,0,3.8610239724006552e-06,true,PASS,
2026-08-30T16:51:53Z,V3,ones,46202862,1,512,1,1,1,0,1,0,3.8610239724006552e-06,true,PASS,
2026-08-30T16:51:53Z,V3,ones,46202862,1,512,2,1,1,0,1,0,3.8610239724006552e-06,true,PASS,
2026-08-30T16:51:53Z,V3,ones,46202862,1,512,3,1,1,0,1,0,3.8610239724006552e-06,true,PASS,
2026-08-30T16:51:53Z,V4,ones,46202862,1,512,1,1,1,0,1,0,3.8610239724006552e-06,true,PASS,
2026-08-30T16:51:53Z,V4,ones,46202862,1,512,2,1,1,0,1,0,3.8610239724006552e-06,true,PASS,
2026-08-30T16:51:53Z,V4,ones,46202862,1,512,3,1,1,0,1,0,3.8610239724006552e-06,true,PASS,
2026-08-30T16:51:53Z,V5,ones,46202862,1,512,1,1,1,0,1,0,3.8610239724006552e-06,true,PASS,
2026-08-30T16:51:53Z,V5,ones,46202862,1,512,2,1,1,0,1,0,3.8610239724006552e-06,true,PASS,
2026-08-30T16:51:53Z,V5,ones,46202862,1,512,3,1,1,0,1,0,3.8610239724006552e-06,true,PASS,
2026-08-30T16:51:53Z,V6,ones,46202862,1,512,1,1,1,0,1,0,3.8610239724006552e-06,true,PASS,
2026-08-30T16:51:53Z,V6,ones,46202862,1,512,2,1,1,0,1,0,3.8610239724006552e-06,true,PASS,
2026-08-30T16:51:53Z,V6,ones,46202862,1,512,3,1,1,0,1,0,3.8610239724006552e-06,true,PASS,
2026-08-30T16:51:53Z,V7,ones,46202862,1,512,1,1,1,0,1,0,3.8610239724006552e-06,true,PASS,
2026-08-30T16:51:53Z,V7,ones,46202862,1,512,2,1,1,0,1,0,3.8610239724006552e-06,true,PASS,
2026-08-30T16:51:53Z,V7,ones,46202862,1,512,3,1,1,0,1,0,3.8610239724006552e-06,true,PASS,
2026-08-30T16:51:53Z,V1,signed_seeded,46202862,1,512,1,-0.34256291389465332,-0.34256291389465332,0,0.34256291389465332,0,1.9800807087080245e-06,true,PASS,
2026-08-30T16:51:53Z,V1,signed_seeded,46202862,1,512,2,-0.34256291389465332,-0.34256291389465332,0,0.34256291389465332,0,1.9800807087080245e-06,true,PASS,
2026-08-30T16:51:53Z,V1,signed_seeded,46202862,1,512,3,-0.34256291389465332,-0.34256291389465332,0,0.34256291389465332,0,1.9800807087080245e-06,true,PASS,
2026-08-30T16:51:53Z,V2,signed_seeded,46202862,1,512,1,-0.34256291389465332,-0.34256291389465332,0,0.34256291389465332,0,1.9800807087080245e-06,true,PASS,
2026-08-30T16:51:53Z,V2,signed_seeded,46202862,1,512,2,-0.34256291389465332,-0.34256291389465332,0,0.34256291389465332,0,1.9800807087080245e-06,true,PASS,
2026-08-30T16:51:53Z,V2,signed_seeded,46202862,1,512,3,-0.34256291389465332,-0.34256291389465332,0,0.34256291389465332,0,1.9800807087080245e-06,true,PASS,
2026-08-30T16:51:53Z,V3,signed_seeded,46202862,1,512,1,-0.34256291389465332,-0.34256291389465332,0,0.34256291389465332,0,1.9800807087080245e-06,true,PASS,
2026-08-30T16:51:53Z,V3,signed_seeded,46202862,1,512,2,-0.34256291389465332,-0.34256291389465332,0,0.34256291389465332,0,1.9800807087080245e-06,true,PASS,
2026-08-30T16:51:53Z,V3,signed_seeded,46202862,1,512,3,-0.34256291389465332,-0.34256291389465332,0,0.34256291389465332,0,1.9800807087080245e-06,true,PASS,
2026-08-30T16:51:53Z,V4,signed_seeded,46202862,1,512,1,-0.34256291389465332,-0.34256291389465332,0,0.34256291389465332,0,1.9800807087080245e-06,true,PASS,
2026-08-30T16:51:53Z,V4,signed_seeded,46202862,1,512,2,-0.34256291389465332,-0.34256291389465332,0,0.34256291389465332,0,1.9800807087080245e-06,true,PASS,
2026-08-30T16:51:53Z,V4,signed_seeded,46202862,1,512,3,-0.34256291389465332,-0.34256291389465332,0,0.34256291389465332,0,1.9800807087080245e-06,true,PASS,
2026-08-30T16:51:53Z,V5,signed_seeded,46202862,1,512,1,-0.34256291389465332,-0.34256291389465332,0,0.34256291389465332,0,1.9800807087080245e-06,true,PASS,
2026-08-30T16:51:53Z,V5,signed_seeded,46202862,1,512,2,-0.34256291389465332,-0.34256291389465332,0,0.34256291389465332,0,1.9800807087080245e-06,true,PASS,
2026-08-30T16:51:53Z,V5,signed_seeded,46202862,1,512,3,-0.34256291389465332,-0.34256291389465332,0,0.34256291389465332,0,1.9800807087080245e-06,true,PASS,
2026-08-30T16:51:53Z,V6,signed_seeded,46202862,1,512,1,-0.34256291389465332,-0.34256291389465332,0,0.34256291389465332,0,1.9800807087080245e-06,true,PASS,
2026-08-30T16:51:53Z,V6,signed_seeded,46202862,1,512,2,-0.34256291389465332,-0.34256291389465332,0,0.34256291389465332,0,1.9800807087080245e-06,true,PASS,
2026-08-30T16:51:53Z,V6,signed_seeded,46202862,1,512,3,-0.34256291389465332,-0.34256291389465332,0,0.34256291389465332,0,1.9800807087080245e-06,true,PASS,
2026-08-30T16:51:53Z,V7,signed_seeded,46202862,1,512,1,-0.34256291389465332,-0.34256291389465332,0,0.34256291389465332,0,1.9800807087080245e-06,true,PASS,
2026-08-30T16:51:53Z,V7,signed_seeded,46202862,1,512,2,-0.34256291389465332,-0.34256291389465332,0,0.34256291389465332,0,1.9800807087080245e-06,true,PASS,
2026-08-30T16:51:53Z,V7,signed_seeded,46202862,1,512,3,-0.34256291389465332,-0.34256291389465332,0,0.34256291389465332,0,1.9800807087080245e-06,true,PASS,
2026-08-30T16:51:53Z,V1,cancellation,46202862,1,512,1,0.25,0.25,0,0.25,0,1.7152559931001638e-06,true,PASS,
2026-08-30T16:51:53Z,V1,cancellation,46202862,1,512,2,0.25,0.25,0,0.25,0,1.7152559931001638e-06,true,PASS,
2026-08-30T16:51:53Z,V1,cancellation,46202862,1,512,3,0.25,0.25,0,0.25,0,1.7152559931001638e-06,true,PASS,
2026-08-30T16:51:53Z,V2,cancellation,46202862,1,512,1,0.25,0.25,0,0.25,0,1.7152559931001638e-06,true,PASS,
2026-08-30T16:51:53Z,V2,cancellation,46202862,1,512,2,0.25,0.25,0,0.25,0,1.7152559931001638e-06,true,PASS,
2026-08-30T16:51:53Z,V2,cancellation,46202862,1,512,3,0.25,0.25,0,0.25,0,1.7152559931001638e-06,true,PASS,
2026-08-30T16:51:53Z,V3,cancellation,46202862,1,512,1,0.25,0.25,0,0.25,0,1.7152559931001638e-06,true,PASS,
2026-08-30T16:51:53Z,V3,cancellation,46202862,1,512,2,0.25,0.25,0,0.25,0,1.7152559931001638e-06,true,PASS,
2026-08-30T16:51:53Z,V3,cancellation,46202862,1,512,3,0.25,0.25,0,0.25,0,1.7152559931001638e-06,true,PASS,
2026-08-30T16:51:53Z,V4,cancellation,46202862,1,512,1,0.25,0.25,0,0.25,0,1.7152559931001638e-06,true,PASS,
2026-08-30T16:51:53Z,V4,cancellation,46202862,1,512,2,0.25,0.25,0,0.25,0,1.7152559931001638e-06,true,PASS,
2026-08-30T16:51:53Z,V4,cancellation,46202862,1,512,3,0.25,0.25,0,0.25,0,1.7152559931001638e-06,true,PASS,
2026-08-30T16:51:53Z,V5,cancellation,46202862,1,512,1,0.25,0.25,0,0.25,0,1.7152559931001638e-06,true,PASS,
2026-08-30T16:51:53Z,V5,cancellation,46202862,1,512,2,0.25,0.25,0,0.25,0,1.7152559931001638e-06,true,PASS,
2026-08-30T16:51:53Z,V5,cancellation,46202862,1,512,3,0.25,0.25,0,0.25,0,1.7152559931001638e-06,true,PASS,
2026-08-30T16:51:53Z,V6,cancellation,46202862,1,512,1,0.25,0.25,0,0.25,0,1.7152559931001638e-06,true,PASS,
2026-08-30T16:51:53Z,V6,cancellation,46202862,1,512,2,0.25,0.25,0,0.25,0,1.7152559931001638e-06,true,PASS,
2026-08-30T16:51:53Z,V6,cancellation,46202862,1,512,3,0.25,0.25,0,0.25,0,1.7152559931001638e-06,true,PASS,
2026-08-30T16:51:53Z,V7,cancellation,46202862,1,512,1,0.25,0.25,0,0.25,0,1.7152559931001638e-06,true,PASS,
2026-08-30T16:51:53Z,V7,cancellation,46202862,1,512,2,0.25,0.25,0,0.25,0,1.7152559931001638e-06,true,PASS,
2026-08-30T16:51:53Z,V7,cancellation,46202862,1,512,3,0.25,0.25,0,0.25,0,1.7152559931001638e-06,true,PASS,
2026-08-30T16:51:53Z,V1,ones,46202862,511,512,1,511,511,0,511,0,0.005361610361899612,true,PASS,
2026-08-30T16:51:53Z,V1,ones,46202862,511,512,2,511,511,0,511,0,0.005361610361899612,true,PASS,
2026-08-30T16:51:53Z,V1,ones,46202862,511,512,3,511,511,0,511,0,0.005361610361899612,true,PASS,
2026-08-30T16:51:53Z,V2,ones,46202862,511,512,1,511,511,0,511,0,0.005361610361899612,true,PASS,
2026-08-30T16:51:53Z,V2,ones,46202862,511,512,2,511,511,0,511,0,0.005361610361899612,true,PASS,
2026-08-30T16:51:53Z,V2,ones,46202862,511,512,3,511,511,0,511,0,0.005361610361899612,true,PASS,
2026-08-30T16:51:53Z,V3,ones,46202862,511,512,1,511,511,0,511,0,0.005361610361899612,true,PASS,
2026-08-30T16:51:53Z,V3,ones,46202862,511,512,2,511,511,0,511,0,0.005361610361899612,true,PASS,
2026-08-30T16:51:53Z,V3,ones,46202862,511,512,3,511,511,0,511,0,0.005361610361899612,true,PASS,
2026-08-30T16:51:53Z,V4,ones,46202862,511,512,1,511,511,0,511,0,0.005361610361899612,true,PASS,
2026-08-30T16:51:53Z,V4,ones,46202862,511,512,2,511,511,0,511,0,0.005361610361899612,true,PASS,
2026-08-30T16:51:53Z,V4,ones,46202862,511,512,3,511,511,0,511,0,0.005361610361899612,true,PASS,
2026-08-30T16:51:53Z,V5,ones,46202862,511,512,1,511,511,0,511,0,0.005361610361899612,true,PASS,
2026-08-30T16:51:53Z,V5,ones,46202862,511,512,2,511,511,0,511,0,0.005361610361899612,true,PASS,
2026-08-30T16:51:53Z,V5,ones,46202862,511,512,3,511,511,0,511,0,0.005361610361899612,true,PASS,
2026-08-30T16:51:53Z,V6,ones,46202862,511,512,1,511,511,0,511,0,0.005361610361899612,true,PASS,
2026-08-30T16:51:53Z,V6,ones,46202862,511,512,2,511,511,0,511,0,0.005361610361899612,true,PASS,
2026-08-30T16:51:53Z,V6,ones,46202862,511,512,3,511,511,0,511,0,0.005361610361899612,true,PASS,
2026-08-30T16:51:53Z,V7,ones,46202862,511,512,1,511,511,0,511,0,0.005361610361899612,true,PASS,
2026-08-30T16:51:53Z,V7,ones,46202862,511,512,2,511,511,0,511,0,0.005361610361899612,true,PASS,
2026-08-30T16:51:53Z,V7,ones,46202862,511,512,3,511,511,0,511,0,0.005361610361899612,true,PASS,
2026-08-30T16:51:53Z,V1,signed_seeded,46202862,511,512,1,-19.536931276321411,-19.536931991577148,7.152557373046875e-07,247.51856017112732,2.8897054702086983e-09,0.0025975764352560034,true,PASS,
2026-08-30T16:51:53Z,V1,signed_seeded,46202862,511,512,2,-19.536931276321411,-19.536931991577148,7.152557373046875e-07,247.51856017112732,2.8897054702086983e-09,0.0025975764352560034,true,PASS,
2026-08-30T16:51:53Z,V1,signed_seeded,46202862,511,512,3,-19.536931276321411,-19.536931991577148,7.152557373046875e-07,247.51856017112732,2.8897054702086983e-09,0.0025975764352560034,true,PASS,
2026-08-30T16:51:53Z,V2,signed_seeded,46202862,511,512,1,-19.536931276321411,-19.536931991577148,7.152557373046875e-07,247.51856017112732,2.8897054702086983e-09,0.0025975764352560034,true,PASS,
2026-08-30T16:51:53Z,V2,signed_seeded,46202862,511,512,2,-19.536931276321411,-19.536931991577148,7.152557373046875e-07,247.51856017112732,2.8897054702086983e-09,0.0025975764352560034,true,PASS,
2026-08-30T16:51:53Z,V2,signed_seeded,46202862,511,512,3,-19.536931276321411,-19.536931991577148,7.152557373046875e-07,247.51856017112732,2.8897054702086983e-09,0.0025975764352560034,true,PASS,
2026-08-30T16:51:53Z,V3,signed_seeded,46202862,511,512,1,-19.536931276321411,-19.536931991577148,7.152557373046875e-07,247.51856017112732,2.8897054702086983e-09,0.0025975764352560034,true,PASS,
2026-08-30T16:51:53Z,V3,signed_seeded,46202862,511,512,2,-19.536931276321411,-19.536931991577148,7.152557373046875e-07,247.51856017112732,2.8897054702086983e-09,0.0025975764352560034,true,PASS,
2026-08-30T16:51:53Z,V3,signed_seeded,46202862,511,512,3,-19.536931276321411,-19.536931991577148,7.152557373046875e-07,247.51856017112732,2.8897054702086983e-09,0.0025975764352560034,true,PASS,
2026-08-30T16:51:53Z,V4,signed_seeded,46202862,511,512,1,-19.536931276321411,-19.536931991577148,7.152557373046875e-07,247.51856017112732,2.8897054702086983e-09,0.0025975764352560034,true,PASS,
2026-08-30T16:51:53Z,V4,signed_seeded,46202862,511,512,2,-19.536931276321411,-19.536931991577148,7.152557373046875e-07,247.51856017112732,2.8897054702086983e-09,0.0025975764352560034,true,PASS,
2026-08-30T16:51:53Z,V4,signed_seeded,46202862,511,512,3,-19.536931276321411,-19.536931991577148,7.152557373046875e-07,247.51856017112732,2.8897054702086983e-09,0.0025975764352560034,true,PASS,
2026-08-30T16:51:53Z,V5,signed_seeded,46202862,511,512,1,-19.536931276321411,-19.536931991577148,7.152557373046875e-07,247.51856017112732,2.8897054702086983e-09,0.0025975764352560034,true,PASS,
2026-08-30T16:51:53Z,V5,signed_seeded,46202862,511,512,2,-19.536931276321411,-19.536931991577148,7.152557373046875e-07,247.51856017112732,2.8897054702086983e-09,0.0025975764352560034,true,PASS,
2026-08-30T16:51:53Z,V5,signed_seeded,46202862,511,512,3,-19.536931276321411,-19.536931991577148,7.152557373046875e-07,247.51856017112732,2.8897054702086983e-09,0.0025975764352560034,true,PASS,
2026-08-30T16:51:53Z,V6,signed_seeded,46202862,511,512,1,-19.536931276321411,-19.536931991577148,7.152557373046875e-07,247.51856017112732,2.8897054702086983e-09,0.0025975764352560034,true,PASS,
2026-08-30T16:51:53Z,V6,signed_seeded,46202862,511,512,2,-19.536931276321411,-19.536931991577148,7.152557373046875e-07,247.51856017112732,2.8897054702086983e-09,0.0025975764352560034,true,PASS,
2026-08-30T16:51:53Z,V6,signed_seeded,46202862,511,512,3,-19.536931276321411,-19.536931991577148,7.152557373046875e-07,247.51856017112732,2.8897054702086983e-09,0.0025975764352560034,true,PASS,
2026-08-30T16:51:53Z,V7,signed_seeded,46202862,511,512,1,-19.536931276321411,-19.536930084228516,1.1920928955078125e-06,247.51856017112732,4.8161757836811639e-09,0.0025975764352560034,true,PASS,
2026-08-30T16:51:53Z,V7,signed_seeded,46202862,511,512,2,-19.536931276321411,-19.536930084228516,1.1920928955078125e-06,247.51856017112732,4.8161757836811639e-09,0.0025975764352560034,true,PASS,
2026-08-30T16:51:53Z,V7,signed_seeded,46202862,511,512,3,-19.536931276321411,-19.536930084228516,1.1920928955078125e-06,247.51856017112732,4.8161757836811639e-09,0.0025975764352560034,true,PASS,
2026-08-30T16:51:53Z,V1,cancellation,46202862,511,512,1,0.25,0.25,0,255.25,0,0.0026786825731406573,true,PASS,
2026-08-30T16:51:53Z,V1,cancellation,46202862,511,512,2,0.25,0.25,0,255.25,0,0.0026786825731406573,true,PASS,
2026-08-30T16:51:53Z,V1,cancellation,46202862,511,512,3,0.25,0.25,0,255.25,0,0.0026786825731406573,true,PASS,
2026-08-30T16:51:53Z,V2,cancellation,46202862,511,512,1,0.25,0.25,0,255.25,0,0.0026786825731406573,true,PASS,
2026-08-30T16:51:53Z,V2,cancellation,46202862,511,512,2,0.25,0.25,0,255.25,0,0.0026786825731406573,true,PASS,
2026-08-30T16:51:53Z,V2,cancellation,46202862,511,512,3,0.25,0.25,0,255.25,0,0.0026786825731406573,true,PASS,
2026-08-30T16:51:53Z,V3,cancellation,46202862,511,512,1,0.25,0.25,0,255.25,0,0.0026786825731406573,true,PASS,
2026-08-30T16:51:53Z,V3,cancellation,46202862,511,512,2,0.25,0.25,0,255.25,0,0.0026786825731406573,true,PASS,
2026-08-30T16:51:53Z,V3,cancellation,46202862,511,512,3,0.25,0.25,0,255.25,0,0.0026786825731406573,true,PASS,
2026-08-30T16:51:53Z,V4,cancellation,46202862,511,512,1,0.25,0.25,0,255.25,0,0.0026786825731406573,true,PASS,
2026-08-30T16:51:53Z,V4,cancellation,46202862,511,512,2,0.25,0.25,0,255.25,0,0.0026786825731406573,true,PASS,
2026-08-30T16:51:53Z,V4,cancellation,46202862,511,512,3,0.25,0.25,0,255.25,0,0.0026786825731406573,true,PASS,
2026-08-30T16:51:53Z,V5,cancellation,46202862,511,512,1,0.25,0.25,0,255.25,0,0.0026786825731406573,true,PASS,
2026-08-30T16:51:53Z,V5,cancellation,46202862,511,512,2,0.25,0.25,0,255.25,0,0.0026786825731406573,true,PASS,
2026-08-30T16:51:53Z,V5,cancellation,46202862,511,512,3,0.25,0.25,0,255.25,0,0.0026786825731406573,true,PASS,
2026-08-30T16:51:53Z,V6,cancellation,46202862,511,512,1,0.25,0.25,0,255.25,0,0.0026786825731406573,true,PASS,
2026-08-30T16:51:53Z,V6,cancellation,46202862,511,512,2,0.25,0.25,0,255.25,0,0.0026786825731406573,true,PASS,
2026-08-30T16:51:53Z,V6,cancellation,46202862,511,512,3,0.25,0.25,0,255.25,0,0.0026786825731406573,true,PASS,
2026-08-30T16:51:53Z,V7,cancellation,46202862,511,512,1,0.25,0.25,0,255.25,0,0.0026786825731406573,true,PASS,
2026-08-30T16:51:53Z,V7,cancellation,46202862,511,512,2,0.25,0.25,0,255.25,0,0.0026786825731406573,true,PASS,
2026-08-30T16:51:53Z,V7,cancellation,46202862,511,512,3,0.25,0.25,0,255.25,0,0.0026786825731406573,true,PASS,
2026-08-30T16:51:53Z,V1,ones,46202862,512,512,1,512,512,0,512,0,0.0053721007931362063,true,PASS,
2026-08-30T16:51:53Z,V1,ones,46202862,512,512,2,512,512,0,512,0,0.0053721007931362063,true,PASS,
2026-08-30T16:51:53Z,V1,ones,46202862,512,512,3,512,512,0,512,0,0.0053721007931362063,true,PASS,
2026-08-30T16:51:53Z,V2,ones,46202862,512,512,1,512,512,0,512,0,0.0053721007931362063,true,PASS,
2026-08-30T16:51:53Z,V2,ones,46202862,512,512,2,512,512,0,512,0,0.0053721007931362063,true,PASS,
2026-08-30T16:51:53Z,V2,ones,46202862,512,512,3,512,512,0,512,0,0.0053721007931362063,true,PASS,
2026-08-30T16:51:53Z,V3,ones,46202862,512,512,1,512,512,0,512,0,0.0053721007931362063,true,PASS,
2026-08-30T16:51:53Z,V3,ones,46202862,512,512,2,512,512,0,512,0,0.0053721007931362063,true,PASS,
2026-08-30T16:51:53Z,V3,ones,46202862,512,512,3,512,512,0,512,0,0.0053721007931362063,true,PASS,
2026-08-30T16:51:53Z,V4,ones,46202862,512,512,1,512,512,0,512,0,0.0053721007931362063,true,PASS,
2026-08-30T16:51:53Z,V4,ones,46202862,512,512,2,512,512,0,512,0,0.0053721007931362063,true,PASS,
2026-08-30T16:51:53Z,V4,ones,46202862,512,512,3,512,512,0,512,0,0.0053721007931362063,true,PASS,
2026-08-30T16:51:53Z,V5,ones,46202862,512,512,1,512,512,0,512,0,0.0053721007931362063,true,PASS,
2026-08-30T16:51:53Z,V5,ones,46202862,512,512,2,512,512,0,512,0,0.0053721007931362063,true,PASS,
2026-08-30T16:51:53Z,V5,ones,46202862,512,512,3,512,512,0,512,0,0.0053721007931362063,true,PASS,
2026-08-30T16:51:53Z,V6,ones,46202862,512,512,1,512,512,0,512,0,0.0053721007931362063,true,PASS,
2026-08-30T16:51:53Z,V6,ones,46202862,512,512,2,512,512,0,512,0,0.0053721007931362063,true,PASS,
2026-08-30T16:51:53Z,V6,ones,46202862,512,512,3,512,512,0,512,0,0.0053721007931362063,true,PASS,
2026-08-30T16:51:53Z,V7,ones,46202862,512,512,1,512,512,0,512,0,0.0053721007931362063,true,PASS,
2026-08-30T16:51:53Z,V7,ones,46202862,512,512,2,512,512,0,512,0,0.0053721007931362063,true,PASS,
2026-08-30T16:51:53Z,V7,ones,46202862,512,512,3,512,512,0,512,0,0.0053721007931362063,true,PASS,
2026-08-30T16:51:53Z,V1,signed_seeded,46202862,512,512,1,-19.111863374710083,-19.11186408996582,7.152557373046875e-07,247.94362807273865,2.884751436705018e-09,0.0026020355808487406,true,PASS,
2026-08-30T16:51:53Z,V1,signed_seeded,46202862,512,512,2,-19.111863374710083,-19.11186408996582,7.152557373046875e-07,247.94362807273865,2.884751436705018e-09,0.0026020355808487406,true,PASS,
2026-08-30T16:51:53Z,V1,signed_seeded,46202862,512,512,3,-19.111863374710083,-19.11186408996582,7.152557373046875e-07,247.94362807273865,2.884751436705018e-09,0.0026020355808487406,true,PASS,
2026-08-30T16:51:53Z,V2,signed_seeded,46202862,512,512,1,-19.111863374710083,-19.11186408996582,7.152557373046875e-07,247.94362807273865,2.884751436705018e-09,0.0026020355808487406,true,PASS,
2026-08-30T16:51:53Z,V2,signed_seeded,46202862,512,512,2,-19.111863374710083,-19.11186408996582,7.152557373046875e-07,247.94362807273865,2.884751436705018e-09,0.0026020355808487406,true,PASS,
2026-08-30T16:51:53Z,V2,signed_seeded,46202862,512,512,3,-19.111863374710083,-19.11186408996582,7.152557373046875e-07,247.94362807273865,2.884751436705018e-09,0.0026020355808487406,true,PASS,
2026-08-30T16:51:53Z,V3,signed_seeded,46202862,512,512,1,-19.111863374710083,-19.11186408996582,7.152557373046875e-07,247.94362807273865,2.884751436705018e-09,0.0026020355808487406,true,PASS,
2026-08-30T16:51:53Z,V3,signed_seeded,46202862,512,512,2,-19.111863374710083,-19.11186408996582,7.152557373046875e-07,247.94362807273865,2.884751436705018e-09,0.0026020355808487406,true,PASS,
2026-08-30T16:51:53Z,V3,signed_seeded,46202862,512,512,3,-19.111863374710083,-19.11186408996582,7.152557373046875e-07,247.94362807273865,2.884751436705018e-09,0.0026020355808487406,true,PASS,
2026-08-30T16:51:53Z,V4,signed_seeded,46202862,512,512,1,-19.111863374710083,-19.11186408996582,7.152557373046875e-07,247.94362807273865,2.884751436705018e-09,0.0026020355808487406,true,PASS,
2026-08-30T16:51:53Z,V4,signed_seeded,46202862,512,512,2,-19.111863374710083,-19.11186408996582,7.152557373046875e-07,247.94362807273865,2.884751436705018e-09,0.0026020355808487406,true,PASS,
2026-08-30T16:51:53Z,V4,signed_seeded,46202862,512,512,3,-19.111863374710083,-19.11186408996582,7.152557373046875e-07,247.94362807273865,2.884751436705018e-09,0.0026020355808487406,true,PASS,
2026-08-30T16:51:53Z,V5,signed_seeded,46202862,512,512,1,-19.111863374710083,-19.11186408996582,7.152557373046875e-07,247.94362807273865,2.884751436705018e-09,0.0026020355808487406,true,PASS,
2026-08-30T16:51:53Z,V5,signed_seeded,46202862,512,512,2,-19.111863374710083,-19.11186408996582,7.152557373046875e-07,247.94362807273865,2.884751436705018e-09,0.0026020355808487406,true,PASS,
2026-08-30T16:51:53Z,V5,signed_seeded,46202862,512,512,3,-19.111863374710083,-19.11186408996582,7.152557373046875e-07,247.94362807273865,2.884751436705018e-09,0.0026020355808487406,true,PASS,
2026-08-30T16:51:53Z,V6,signed_seeded,46202862,512,512,1,-19.111863374710083,-19.11186408996582,7.152557373046875e-07,247.94362807273865,2.884751436705018e-09,0.0026020355808487406,true,PASS,
2026-08-30T16:51:53Z,V6,signed_seeded,46202862,512,512,2,-19.111863374710083,-19.11186408996582,7.152557373046875e-07,247.94362807273865,2.884751436705018e-09,0.0026020355808487406,true,PASS,
2026-08-30T16:51:53Z,V6,signed_seeded,46202862,512,512,3,-19.111863374710083,-19.11186408996582,7.152557373046875e-07,247.94362807273865,2.884751436705018e-09,0.0026020355808487406,true,PASS,
2026-08-30T16:51:53Z,V7,signed_seeded,46202862,512,512,1,-19.111863374710083,-19.111862182617188,1.1920928955078125e-06,247.94362807273865,4.8079190611750304e-09,0.0026020355808487406,true,PASS,
2026-08-30T16:51:53Z,V7,signed_seeded,46202862,512,512,2,-19.111863374710083,-19.111862182617188,1.1920928955078125e-06,247.94362807273865,4.8079190611750304e-09,0.0026020355808487406,true,PASS,
2026-08-30T16:51:53Z,V7,signed_seeded,46202862,512,512,3,-19.111863374710083,-19.111862182617188,1.1920928955078125e-06,247.94362807273865,4.8079190611750304e-09,0.0026020355808487406,true,PASS,
2026-08-30T16:51:53Z,V1,cancellation,46202862,512,512,1,-0.03125,-0.03125,0,255.53125,0,0.0026816330069259495,true,PASS,
2026-08-30T16:51:53Z,V1,cancellation,46202862,512,512,2,-0.03125,-0.03125,0,255.53125,0,0.0026816330069259495,true,PASS,
2026-08-30T16:51:53Z,V1,cancellation,46202862,512,512,3,-0.03125,-0.03125,0,255.53125,0,0.0026816330069259495,true,PASS,
2026-08-30T16:51:53Z,V2,cancellation,46202862,512,512,1,-0.03125,-0.03125,0,255.53125,0,0.0026816330069259495,true,PASS,
2026-08-30T16:51:53Z,V2,cancellation,46202862,512,512,2,-0.03125,-0.03125,0,255.53125,0,0.0026816330069259495,true,PASS,
2026-08-30T16:51:53Z,V2,cancellation,46202862,512,512,3,-0.03125,-0.03125,0,255.53125,0,0.0026816330069259495,true,PASS,
2026-08-30T16:51:53Z,V3,cancellation,46202862,512,512,1,-0.03125,-0.03125,0,255.53125,0,0.0026816330069259495,true,PASS,
2026-08-30T16:51:53Z,V3,cancellation,46202862,512,512,2,-0.03125,-0.03125,0,255.53125,0,0.0026816330069259495,true,PASS,
2026-08-30T16:51:53Z,V3,cancellation,46202862,512,512,3,-0.03125,-0.03125,0,255.53125,0,0.0026816330069259495,true,PASS,
2026-08-30T16:51:53Z,V4,cancellation,46202862,512,512,1,-0.03125,-0.03125,0,255.53125,0,0.0026816330069259495,true,PASS,
2026-08-30T16:51:53Z,V4,cancellation,46202862,512,512,2,-0.03125,-0.03125,0,255.53125,0,0.0026816330069259495,true,PASS,
2026-08-30T16:51:53Z,V4,cancellation,46202862,512,512,3,-0.03125,-0.03125,0,255.53125,0,0.0026816330069259495,true,PASS,
2026-08-30T16:51:53Z,V5,cancellation,46202862,512,512,1,-0.03125,-0.03125,0,255.53125,0,0.0026816330069259495,true,PASS,
2026-08-30T16:51:53Z,V5,cancellation,46202862,512,512,2,-0.03125,-0.03125,0,255.53125,0,0.0026816330069259495,true,PASS,
2026-08-30T16:51:53Z,V5,cancellation,46202862,512,512,3,-0.03125,-0.03125,0,255.53125,0,0.0026816330069259495,true,PASS,
2026-08-30T16:51:53Z,V6,cancellation,46202862,512,512,1,-0.03125,-0.03125,0,255.53125,0,0.0026816330069259495,true,PASS,
2026-08-30T16:51:53Z,V6,cancellation,46202862,512,512,2,-0.03125,-0.03125,0,255.53125,0,0.0026816330069259495,true,PASS,
2026-08-30T16:51:53Z,V6,cancellation,46202862,512,512,3,-0.03125,-0.03125,0,255.53125,0,0.0026816330069259495,true,PASS,
2026-08-30T16:51:53Z,V7,cancellation,46202862,512,512,1,-0.03125,-0.03125,0,255.53125,0,0.0026816330069259495,true,PASS,
2026-08-30T16:51:53Z,V7,cancellation,46202862,512,512,2,-0.03125,-0.03125,0,255.53125,0,0.0026816330069259495,true,PASS,
2026-08-30T16:51:53Z,V7,cancellation,46202862,512,512,3,-0.03125,-0.03125,0,255.53125,0,0.0026816330069259495,true,PASS,
2026-08-30T16:51:53Z,V1,ones,46202862,513,512,1,513,513,0,513,0,0.0058718274900829651,true,PASS,
2026-08-30T16:51:53Z,V1,ones,46202862,513,512,2,513,513,0,513,0,0.0058718274900829651,true,PASS,
2026-08-30T16:51:53Z,V1,ones,46202862,513,512,3,513,513,0,513,0,0.0058718274900829651,true,PASS,
2026-08-30T16:51:53Z,V2,ones,46202862,513,512,1,513,513,0,513,0,0.0058718274900829651,true,PASS,
2026-08-30T16:51:53Z,V2,ones,46202862,513,512,2,513,513,0,513,0,0.0058718274900829651,true,PASS,
2026-08-30T16:51:53Z,V2,ones,46202862,513,512,3,513,513,0,513,0,0.0058718274900829651,true,PASS,
2026-08-30T16:51:53Z,V3,ones,46202862,513,512,1,513,513,0,513,0,0.0058718274900829651,true,PASS,
2026-08-30T16:51:53Z,V3,ones,46202862,513,512,2,513,513,0,513,0,0.0058718274900829651,true,PASS,
2026-08-30T16:51:53Z,V3,ones,46202862,513,512,3,513,513,0,513,0,0.0058718274900829651,true,PASS,
2026-08-30T16:51:53Z,V4,ones,46202862,513,512,1,513,513,0,513,0,0.0058718274900829651,true,PASS,
2026-08-30T16:51:53Z,V4,ones,46202862,513,512,2,513,513,0,513,0,0.0058718274900829651,true,PASS,
2026-08-30T16:51:53Z,V4,ones,46202862,513,512,3,513,513,0,513,0,0.0058718274900829651,true,PASS,
2026-08-30T16:51:53Z,V5,ones,46202862,513,512,1,513,513,0,513,0,0.0058718274900829651,true,PASS,
2026-08-30T16:51:53Z,V5,ones,46202862,513,512,2,513,513,0,513,0,0.0058718274900829651,true,PASS,
2026-08-30T16:51:53Z,V5,ones,46202862,513,512,3,513,513,0,513,0,0.0058718274900829651,true,PASS,
2026-08-30T16:51:53Z,V6,ones,46202862,513,512,1,513,513,0,513,0,0.0058718274900829651,true,PASS,
2026-08-30T16:51:53Z,V6,ones,46202862,513,512,2,513,513,0,513,0,0.0058718274900829651,true,PASS,
2026-08-30T16:51:53Z,V6,ones,46202862,513,512,3,513,513,0,513,0,0.0058718274900829651,true,PASS,
2026-08-30T16:51:53Z,V7,ones,46202862,513,512,1,513,513,0,513,0,0.0058718274900829651,true,PASS,
2026-08-30T16:51:53Z,V7,ones,46202862,513,512,2,513,513,0,513,0,0.0058718274900829651,true,PASS,
2026-08-30T16:51:53Z,V7,ones,46202862,513,512,3,513,513,0,513,0,0.0058718274900829651,true,PASS,
2026-08-30T16:51:53Z,V1,signed_seeded,46202862,513,512,1,-18.652757406234741,-18.65275764465332,2.384185791015625e-07,248.40273404121399,9.5980658192757679e-10,0.0028437477575456657,true,PASS,
2026-08-30T16:51:53Z,V1,signed_seeded,46202862,513,512,2,-18.652757406234741,-18.65275764465332,2.384185791015625e-07,248.40273404121399,9.5980658192757679e-10,0.0028437477575456657,true,PASS,
2026-08-30T16:51:53Z,V1,signed_seeded,46202862,513,512,3,-18.652757406234741,-18.65275764465332,2.384185791015625e-07,248.40273404121399,9.5980658192757679e-10,0.0028437477575456657,true,PASS,
2026-08-30T16:51:53Z,V2,signed_seeded,46202862,513,512,1,-18.652757406234741,-18.65275764465332,2.384185791015625e-07,248.40273404121399,9.5980658192757679e-10,0.0028437477575456657,true,PASS,
2026-08-30T16:51:53Z,V2,signed_seeded,46202862,513,512,2,-18.652757406234741,-18.65275764465332,2.384185791015625e-07,248.40273404121399,9.5980658192757679e-10,0.0028437477575456657,true,PASS,
2026-08-30T16:51:53Z,V2,signed_seeded,46202862,513,512,3,-18.652757406234741,-18.65275764465332,2.384185791015625e-07,248.40273404121399,9.5980658192757679e-10,0.0028437477575456657,true,PASS,
2026-08-30T16:51:53Z,V3,signed_seeded,46202862,513,512,1,-18.652757406234741,-18.65275764465332,2.384185791015625e-07,248.40273404121399,9.5980658192757679e-10,0.0028437477575456657,true,PASS,
2026-08-30T16:51:53Z,V3,signed_seeded,46202862,513,512,2,-18.652757406234741,-18.65275764465332,2.384185791015625e-07,248.40273404121399,9.5980658192757679e-10,0.0028437477575456657,true,PASS,
2026-08-30T16:51:53Z,V3,signed_seeded,46202862,513,512,3,-18.652757406234741,-18.65275764465332,2.384185791015625e-07,248.40273404121399,9.5980658192757679e-10,0.0028437477575456657,true,PASS,
2026-08-30T16:51:53Z,V4,signed_seeded,46202862,513,512,1,-18.652757406234741,-18.65275764465332,2.384185791015625e-07,248.40273404121399,9.5980658192757679e-10,0.0028437477575456657,true,PASS,
2026-08-30T16:51:53Z,V4,signed_seeded,46202862,513,512,2,-18.652757406234741,-18.65275764465332,2.384185791015625e-07,248.40273404121399,9.5980658192757679e-10,0.0028437477575456657,true,PASS,
2026-08-30T16:51:53Z,V4,signed_seeded,46202862,513,512,3,-18.652757406234741,-18.65275764465332,2.384185791015625e-07,248.40273404121399,9.5980658192757679e-10,0.0028437477575456657,true,PASS,
2026-08-30T16:51:53Z,V5,signed_seeded,46202862,513,512,1,-18.652757406234741,-18.65275764465332,2.384185791015625e-07,248.40273404121399,9.5980658192757679e-10,0.0028437477575456657,true,PASS,
2026-08-30T16:51:53Z,V5,signed_seeded,46202862,513,512,2,-18.652757406234741,-18.65275764465332,2.384185791015625e-07,248.40273404121399,9.5980658192757679e-10,0.0028437477575456657,true,PASS,
2026-08-30T16:51:53Z,V5,signed_seeded,46202862,513,512,3,-18.652757406234741,-18.65275764465332,2.384185791015625e-07,248.40273404121399,9.5980658192757679e-10,0.0028437477575456657,true,PASS,
2026-08-30T16:51:53Z,V6,signed_seeded,46202862,513,512,1,-18.652757406234741,-18.65275764465332,2.384185791015625e-07,248.40273404121399,9.5980658192757679e-10,0.0028437477575456657,true,PASS,
2026-08-30T16:51:53Z,V6,signed_seeded,46202862,513,512,2,-18.652757406234741,-18.65275764465332,2.384185791015625e-07,248.40273404121399,9.5980658192757679e-10,0.0028437477575456657,true,PASS,
2026-08-30T16:51:53Z,V6,signed_seeded,46202862,513,512,3,-18.652757406234741,-18.65275764465332,2.384185791015625e-07,248.40273404121399,9.5980658192757679e-10,0.0028437477575456657,true,PASS,
2026-08-30T16:51:53Z,V7,signed_seeded,46202862,513,512,1,-18.652757406234741,-18.652755737304688,1.6689300537109375e-06,248.40273404121399,6.7186460734930371e-09,0.0028437477575456657,true,PASS,
2026-08-30T16:51:53Z,V7,signed_seeded,46202862,513,512,2,-18.652757406234741,-18.652755737304688,1.6689300537109375e-06,248.40273404121399,6.7186460734930371e-09,0.0028437477575456657,true,PASS,
2026-08-30T16:51:53Z,V7,signed_seeded,46202862,513,512,3,-18.652757406234741,-18.652755737304688,1.6689300537109375e-06,248.40273404121399,6.7186460734930371e-09,0.0028437477575456657,true,PASS,
2026-08-30T16:51:53Z,V1,cancellation,46202862,513,512,1,0.28125,0.28125,0,255.84375,0,0.0029289035490563616,true,PASS,
2026-08-30T16:51:53Z,V1,cancellation,46202862,513,512,2,0.28125,0.28125,0,255.84375,0,0.0029289035490563616,true,PASS,
2026-08-30T16:51:53Z,V1,cancellation,46202862,513,512,3,0.28125,0.28125,0,255.84375,0,0.0029289035490563616,true,PASS,
2026-08-30T16:51:53Z,V2,cancellation,46202862,513,512,1,0.28125,0.28125,0,255.84375,0,0.0029289035490563616,true,PASS,
2026-08-30T16:51:53Z,V2,cancellation,46202862,513,512,2,0.28125,0.28125,0,255.84375,0,0.0029289035490563616,true,PASS,
2026-08-30T16:51:53Z,V2,cancellation,46202862,513,512,3,0.28125,0.28125,0,255.84375,0,0.0029289035490563616,true,PASS,
2026-08-30T16:51:53Z,V3,cancellation,46202862,513,512,1,0.28125,0.28125,0,255.84375,0,0.0029289035490563616,true,PASS,
2026-08-30T16:51:53Z,V3,cancellation,46202862,513,512,2,0.28125,0.28125,0,255.84375,0,0.0029289035490563616,true,PASS,
2026-08-30T16:51:53Z,V3,cancellation,46202862,513,512,3,0.28125,0.28125,0,255.84375,0,0.0029289035490563616,true,PASS,
2026-08-30T16:51:53Z,V4,cancellation,46202862,513,512,1,0.28125,0.28125,0,255.84375,0,0.0029289035490563616,true,PASS,
2026-08-30T16:51:53Z,V4,cancellation,46202862,513,512,2,0.28125,0.28125,0,255.84375,0,0.0029289035490563616,true,PASS,
2026-08-30T16:51:53Z,V4,cancellation,46202862,513,512,3,0.28125,0.28125,0,255.84375,0,0.0029289035490563616,true,PASS,
2026-08-30T16:51:53Z,V5,cancellation,46202862,513,512,1,0.28125,0.28125,0,255.84375,0,0.0029289035490563616,true,PASS,
2026-08-30T16:51:53Z,V5,cancellation,46202862,513,512,2,0.28125,0.28125,0,255.84375,0,0.0029289035490563616,true,PASS,
2026-08-30T16:51:53Z,V5,cancellation,46202862,513,512,3,0.28125,0.28125,0,255.84375,0,0.0029289035490563616,true,PASS,
2026-08-30T16:51:53Z,V6,cancellation,46202862,513,512,1,0.28125,0.28125,0,255.84375,0,0.0029289035490563616,true,PASS,
2026-08-30T16:51:53Z,V6,cancellation,46202862,513,512,2,0.28125,0.28125,0,255.84375,0,0.0029289035490563616,true,PASS,
2026-08-30T16:51:53Z,V6,cancellation,46202862,513,512,3,0.28125,0.28125,0,255.84375,0,0.0029289035490563616,true,PASS,
2026-08-30T16:51:53Z,V7,cancellation,46202862,513,512,1,0.28125,0.28125,0,255.84375,0,0.0029289035490563616,true,PASS,
2026-08-30T16:51:53Z,V7,cancellation,46202862,513,512,2,0.28125,0.28125,0,255.84375,0,0.0029289035490563616,true,PASS,
2026-08-30T16:51:53Z,V7,cancellation,46202862,513,512,3,0.28125,0.28125,0,255.84375,0,0.0029289035490563616,true,PASS,
2026-08-30T16:51:53Z,V1,ones,46202862,1023,512,1,1023,1023,0,1023,0,0.011708322655662521,true,PASS,
2026-08-30T16:51:53Z,V1,ones,46202862,1023,512,2,1023,1023,0,1023,0,0.011708322655662521,true,PASS,
2026-08-30T16:51:53Z,V1,ones,46202862,1023,512,3,1023,1023,0,1023,0,0.011708322655662521,true,PASS,
2026-08-30T16:51:53Z,V2,ones,46202862,1023,512,1,1023,1023,0,1023,0,0.011708322655662521,true,PASS,
2026-08-30T16:51:53Z,V2,ones,46202862,1023,512,2,1023,1023,0,1023,0,0.011708322655662521,true,PASS,
2026-08-30T16:51:53Z,V2,ones,46202862,1023,512,3,1023,1023,0,1023,0,0.011708322655662521,true,PASS,
2026-08-30T16:51:53Z,V3,ones,46202862,1023,512,1,1023,1023,0,1023,0,0.011708322655662521,true,PASS,
2026-08-30T16:51:53Z,V3,ones,46202862,1023,512,2,1023,1023,0,1023,0,0.011708322655662521,true,PASS,
2026-08-30T16:51:53Z,V3,ones,46202862,1023,512,3,1023,1023,0,1023,0,0.011708322655662521,true,PASS,
2026-08-30T16:51:53Z,V4,ones,46202862,1023,512,1,1023,1023,0,1023,0,0.011708322655662521,true,PASS,
2026-08-30T16:51:53Z,V4,ones,46202862,1023,512,2,1023,1023,0,1023,0,0.011708322655662521,true,PASS,
2026-08-30T16:51:53Z,V4,ones,46202862,1023,512,3,1023,1023,0,1023,0,0.011708322655662521,true,PASS,
2026-08-30T16:51:53Z,V5,ones,46202862,1023,512,1,1023,1023,0,1023,0,0.011708322655662521,true,PASS,
2026-08-30T16:51:53Z,V5,ones,46202862,1023,512,2,1023,1023,0,1023,0,0.011708322655662521,true,PASS,
2026-08-30T16:51:53Z,V5,ones,46202862,1023,512,3,1023,1023,0,1023,0,0.011708322655662521,true,PASS,
2026-08-30T16:51:53Z,V6,ones,46202862,1023,512,1,1023,1023,0,1023,0,0.011708322655662521,true,PASS,
2026-08-30T16:51:53Z,V6,ones,46202862,1023,512,2,1023,1023,0,1023,0,0.011708322655662521,true,PASS,
2026-08-30T16:51:53Z,V6,ones,46202862,1023,512,3,1023,1023,0,1023,0,0.011708322655662521,true,PASS,
2026-08-30T16:51:53Z,V7,ones,46202862,1023,512,1,1023,1023,0,1023,0,0.011708322655662521,true,PASS,
2026-08-30T16:51:53Z,V7,ones,46202862,1023,512,2,1023,1023,0,1023,0,0.011708322655662521,true,PASS,
2026-08-30T16:51:53Z,V7,ones,46202862,1023,512,3,1023,1023,0,1023,0,0.011708322655662521,true,PASS,
2026-08-30T16:51:53Z,V1,signed_seeded,46202862,1023,512,1,-24.159049510955811,-24.159049987792969,4.76837158203125e-07,496.11545825004578,9.61141505013931e-10,0.0056785989679327019,true,PASS,
2026-08-30T16:51:53Z,V1,signed_seeded,46202862,1023,512,2,-24.159049510955811,-24.159049987792969,4.76837158203125e-07,496.11545825004578,9.61141505013931e-10,0.0056785989679327019,true,PASS,
2026-08-30T16:51:53Z,V1,signed_seeded,46202862,1023,512,3,-24.159049510955811,-24.159049987792969,4.76837158203125e-07,496.11545825004578,9.61141505013931e-10,0.0056785989679327019,true,PASS,
2026-08-30T16:51:53Z,V2,signed_seeded,46202862,1023,512,1,-24.159049510955811,-24.159049987792969,4.76837158203125e-07,496.11545825004578,9.61141505013931e-10,0.0056785989679327019,true,PASS,
2026-08-30T16:51:53Z,V2,signed_seeded,46202862,1023,512,2,-24.159049510955811,-24.159049987792969,4.76837158203125e-07,496.11545825004578,9.61141505013931e-10,0.0056785989679327019,true,PASS,
2026-08-30T16:51:53Z,V2,signed_seeded,46202862,1023,512,3,-24.159049510955811,-24.159049987792969,4.76837158203125e-07,496.11545825004578,9.61141505013931e-10,0.0056785989679327019,true,PASS,
2026-08-30T16:51:53Z,V3,signed_seeded,46202862,1023,512,1,-24.159049510955811,-24.159049987792969,4.76837158203125e-07,496.11545825004578,9.61141505013931e-10,0.0056785989679327019,true,PASS,
2026-08-30T16:51:53Z,V3,signed_seeded,46202862,1023,512,2,-24.159049510955811,-24.159049987792969,4.76837158203125e-07,496.11545825004578,9.61141505013931e-10,0.0056785989679327019,true,PASS,
2026-08-30T16:51:53Z,V3,signed_seeded,46202862,1023,512,3,-24.159049510955811,-24.159049987792969,4.76837158203125e-07,496.11545825004578,9.61141505013931e-10,0.0056785989679327019,true,PASS,
2026-08-30T16:51:53Z,V4,signed_seeded,46202862,1023,512,1,-24.159049510955811,-24.159049987792969,4.76837158203125e-07,496.11545825004578,9.61141505013931e-10,0.0056785989679327019,true,PASS,
2026-08-30T16:51:53Z,V4,signed_seeded,46202862,1023,512,2,-24.159049510955811,-24.159049987792969,4.76837158203125e-07,496.11545825004578,9.61141505013931e-10,0.0056785989679327019,true,PASS,
2026-08-30T16:51:53Z,V4,signed_seeded,46202862,1023,512,3,-24.159049510955811,-24.159049987792969,4.76837158203125e-07,496.11545825004578,9.61141505013931e-10,0.0056785989679327019,true,PASS,
2026-08-30T16:51:53Z,V5,signed_seeded,46202862,1023,512,1,-24.159049510955811,-24.159049987792969,4.76837158203125e-07,496.11545825004578,9.61141505013931e-10,0.0056785989679327019,true,PASS,
2026-08-30T16:51:53Z,V5,signed_seeded,46202862,1023,512,2,-24.159049510955811,-24.159049987792969,4.76837158203125e-07,496.11545825004578,9.61141505013931e-10,0.0056785989679327019,true,PASS,
2026-08-30T16:51:53Z,V5,signed_seeded,46202862,1023,512,3,-24.159049510955811,-24.159049987792969,4.76837158203125e-07,496.11545825004578,9.61141505013931e-10,0.0056785989679327019,true,PASS,
2026-08-30T16:51:53Z,V6,signed_seeded,46202862,1023,512,1,-24.159049510955811,-24.159049987792969,4.76837158203125e-07,496.11545825004578,9.61141505013931e-10,0.0056785989679327019,true,PASS,
2026-08-30T16:51:53Z,V6,signed_seeded,46202862,1023,512,2,-24.159049510955811,-24.159049987792969,4.76837158203125e-07,496.11545825004578,9.61141505013931e-10,0.0056785989679327019,true,PASS,
2026-08-30T16:51:53Z,V6,signed_seeded,46202862,1023,512,3,-24.159049510955811,-24.159049987792969,4.76837158203125e-07,496.11545825004578,9.61141505013931e-10,0.0056785989679327019,true,PASS,
2026-08-30T16:51:53Z,V7,signed_seeded,46202862,1023,512,1,-24.159049510955811,-24.159049987792969,4.76837158203125e-07,496.11545825004578,9.61141505013931e-10,0.0056785989679327019,true,PASS,
2026-08-30T16:51:53Z,V7,signed_seeded,46202862,1023,512,2,-24.159049510955811,-24.159049987792969,4.76837158203125e-07,496.11545825004578,9.61141505013931e-10,0.0056785989679327019,true,PASS,
2026-08-30T16:51:53Z,V7,signed_seeded,46202862,1023,512,3,-24.159049510955811,-24.159049987792969,4.76837158203125e-07,496.11545825004578,9.61141505013931e-10,0.0056785989679327019,true,PASS,
2026-08-30T16:51:53Z,V1,cancellation,46202862,1023,512,1,0.28125,0.28125,0,510.84375,0,0.00584715113184614,true,PASS,
2026-08-30T16:51:53Z,V1,cancellation,46202862,1023,512,2,0.28125,0.28125,0,510.84375,0,0.00584715113184614,true,PASS,
2026-08-30T16:51:53Z,V1,cancellation,46202862,1023,512,3,0.28125,0.28125,0,510.84375,0,0.00584715113184614,true,PASS,
2026-08-30T16:51:53Z,V2,cancellation,46202862,1023,512,1,0.28125,0.28125,0,510.84375,0,0.00584715113184614,true,PASS,
2026-08-30T16:51:53Z,V2,cancellation,46202862,1023,512,2,0.28125,0.28125,0,510.84375,0,0.00584715113184614,true,PASS,
2026-08-30T16:51:53Z,V2,cancellation,46202862,1023,512,3,0.28125,0.28125,0,510.84375,0,0.00584715113184614,true,PASS,
2026-08-30T16:51:53Z,V3,cancellation,46202862,1023,512,1,0.28125,0.28125,0,510.84375,0,0.00584715113184614,true,PASS,
2026-08-30T16:51:53Z,V3,cancellation,46202862,1023,512,2,0.28125,0.28125,0,510.84375,0,0.00584715113184614,true,PASS,
2026-08-30T16:51:53Z,V3,cancellation,46202862,1023,512,3,0.28125,0.28125,0,510.84375,0,0.00584715113184614,true,PASS,
2026-08-30T16:51:53Z,V4,cancellation,46202862,1023,512,1,0.28125,0.28125,0,510.84375,0,0.00584715113184614,true,PASS,
2026-08-30T16:51:53Z,V4,cancellation,46202862,1023,512,2,0.28125,0.28125,0,510.84375,0,0.00584715113184614,true,PASS,
2026-08-30T16:51:53Z,V4,cancellation,46202862,1023,512,3,0.28125,0.28125,0,510.84375,0,0.00584715113184614,true,PASS,
2026-08-30T16:51:53Z,V5,cancellation,46202862,1023,512,1,0.28125,0.28125,0,510.84375,0,0.00584715113184614,true,PASS,
2026-08-30T16:51:53Z,V5,cancellation,46202862,1023,512,2,0.28125,0.28125,0,510.84375,0,0.00584715113184614,true,PASS,
2026-08-30T16:51:53Z,V5,cancellation,46202862,1023,512,3,0.28125,0.28125,0,510.84375,0,0.00584715113184614,true,PASS,
2026-08-30T16:51:53Z,V6,cancellation,46202862,1023,512,1,0.28125,0.28125,0,510.84375,0,0.00584715113184614,true,PASS,
2026-08-30T16:51:53Z,V6,cancellation,46202862,1023,512,2,0.28125,0.28125,0,510.84375,0,0.00584715113184614,true,PASS,
2026-08-30T16:51:53Z,V6,cancellation,46202862,1023,512,3,0.28125,0.28125,0,510.84375,0,0.00584715113184614,true,PASS,
2026-08-30T16:51:53Z,V7,cancellation,46202862,1023,512,1,0.28125,0.28125,0,510.84375,0,0.00584715113184614,true,PASS,
2026-08-30T16:51:53Z,V7,cancellation,46202862,1023,512,2,0.28125,0.28125,0,510.84375,0,0.00584715113184614,true,PASS,
2026-08-30T16:51:53Z,V7,cancellation,46202862,1023,512,3,0.28125,0.28125,0,510.84375,0,0.00584715113184614,true,PASS,
2026-08-30T16:51:53Z,V1,ones,46202862,1024,512,1,1024,1024,0,1024,0,0.011719766763830323,true,PASS,
2026-08-30T16:51:53Z,V1,ones,46202862,1024,512,2,1024,1024,0,1024,0,0.011719766763830323,true,PASS,
2026-08-30T16:51:53Z,V1,ones,46202862,1024,512,3,1024,1024,0,1024,0,0.011719766763830323,true,PASS,
2026-08-30T16:51:53Z,V2,ones,46202862,1024,512,1,1024,1024,0,1024,0,0.011719766763830323,true,PASS,
2026-08-30T16:51:53Z,V2,ones,46202862,1024,512,2,1024,1024,0,1024,0,0.011719766763830323,true,PASS,
2026-08-30T16:51:53Z,V2,ones,46202862,1024,512,3,1024,1024,0,1024,0,0.011719766763830323,true,PASS,
2026-08-30T16:51:53Z,V3,ones,46202862,1024,512,1,1024,1024,0,1024,0,0.011719766763830323,true,PASS,
2026-08-30T16:51:53Z,V3,ones,46202862,1024,512,2,1024,1024,0,1024,0,0.011719766763830323,true,PASS,
2026-08-30T16:51:53Z,V3,ones,46202862,1024,512,3,1024,1024,0,1024,0,0.011719766763830323,true,PASS,
2026-08-30T16:51:53Z,V4,ones,46202862,1024,512,1,1024,1024,0,1024,0,0.011719766763830323,true,PASS,
2026-08-30T16:51:53Z,V4,ones,46202862,1024,512,2,1024,1024,0,1024,0,0.011719766763830323,true,PASS,
2026-08-30T16:51:53Z,V4,ones,46202862,1024,512,3,1024,1024,0,1024,0,0.011719766763830323,true,PASS,
2026-08-30T16:51:53Z,V5,ones,46202862,1024,512,1,1024,1024,0,1024,0,0.011719766763830323,true,PASS,
2026-08-30T16:51:53Z,V5,ones,46202862,1024,512,2,1024,1024,0,1024,0,0.011719766763830323,true,PASS,
2026-08-30T16:51:53Z,V5,ones,46202862,1024,512,3,1024,1024,0,1024,0,0.011719766763830323,true,PASS,
2026-08-30T16:51:53Z,V6,ones,46202862,1024,512,1,1024,1024,0,1024,0,0.011719766763830323,true,PASS,
2026-08-30T16:51:53Z,V6,ones,46202862,1024,512,2,1024,1024,0,1024,0,0.011719766763830323,true,PASS,
2026-08-30T16:51:53Z,V6,ones,46202862,1024,512,3,1024,1024,0,1024,0,0.011719766763830323,true,PASS,
2026-08-30T16:51:53Z,V7,ones,46202862,1024,512,1,1024,1024,0,1024,0,0.011719766763830323,true,PASS,
2026-08-30T16:51:53Z,V7,ones,46202862,1024,512,2,1024,1024,0,1024,0,0.011719766763830323,true,PASS,
2026-08-30T16:51:53Z,V7,ones,46202862,1024,512,3,1024,1024,0,1024,0,0.011719766763830323,true,PASS,
2026-08-30T16:51:53Z,V1,signed_seeded,46202862,1024,512,1,-23.331122517585754,-23.331123352050781,8.3446502685546875e-07,496.94338524341583,1.679195360346181e-09,0.0056880738539998735,true,PASS,
2026-08-30T16:51:53Z,V1,signed_seeded,46202862,1024,512,2,-23.331122517585754,-23.331123352050781,8.3446502685546875e-07,496.94338524341583,1.679195360346181e-09,0.0056880738539998735,true,PASS,
2026-08-30T16:51:53Z,V1,signed_seeded,46202862,1024,512,3,-23.331122517585754,-23.331123352050781,8.3446502685546875e-07,496.94338524341583,1.679195360346181e-09,0.0056880738539998735,true,PASS,
2026-08-30T16:51:53Z,V2,signed_seeded,46202862,1024,512,1,-23.331122517585754,-23.331123352050781,8.3446502685546875e-07,496.94338524341583,1.679195360346181e-09,0.0056880738539998735,true,PASS,
2026-08-30T16:51:53Z,V2,signed_seeded,46202862,1024,512,2,-23.331122517585754,-23.331123352050781,8.3446502685546875e-07,496.94338524341583,1.679195360346181e-09,0.0056880738539998735,true,PASS,
2026-08-30T16:51:53Z,V2,signed_seeded,46202862,1024,512,3,-23.331122517585754,-23.331123352050781,8.3446502685546875e-07,496.94338524341583,1.679195360346181e-09,0.0056880738539998735,true,PASS,
2026-08-30T16:51:53Z,V3,signed_seeded,46202862,1024,512,1,-23.331122517585754,-23.331123352050781,8.3446502685546875e-07,496.94338524341583,1.679195360346181e-09,0.0056880738539998735,true,PASS,
2026-08-30T16:51:53Z,V3,signed_seeded,46202862,1024,512,2,-23.331122517585754,-23.331123352050781,8.3446502685546875e-07,496.94338524341583,1.679195360346181e-09,0.0056880738539998735,true,PASS,
2026-08-30T16:51:53Z,V3,signed_seeded,46202862,1024,512,3,-23.331122517585754,-23.331123352050781,8.3446502685546875e-07,496.94338524341583,1.679195360346181e-09,0.0056880738539998735,true,PASS,
2026-08-30T16:51:53Z,V4,signed_seeded,46202862,1024,512,1,-23.331122517585754,-23.331123352050781,8.3446502685546875e-07,496.94338524341583,1.679195360346181e-09,0.0056880738539998735,true,PASS,
2026-08-30T16:51:53Z,V4,signed_seeded,46202862,1024,512,2,-23.331122517585754,-23.331123352050781,8.3446502685546875e-07,496.94338524341583,1.679195360346181e-09,0.0056880738539998735,true,PASS,
2026-08-30T16:51:53Z,V4,signed_seeded,46202862,1024,512,3,-23.331122517585754,-23.331123352050781,8.3446502685546875e-07,496.94338524341583,1.679195360346181e-09,0.0056880738539998735,true,PASS,
2026-08-30T16:51:53Z,V5,signed_seeded,46202862,1024,512,1,-23.331122517585754,-23.331123352050781,8.3446502685546875e-07,496.94338524341583,1.679195360346181e-09,0.0056880738539998735,true,PASS,
2026-08-30T16:51:53Z,V5,signed_seeded,46202862,1024,512,2,-23.331122517585754,-23.331123352050781,8.3446502685546875e-07,496.94338524341583,1.679195360346181e-09,0.0056880738539998735,true,PASS,
2026-08-30T16:51:53Z,V5,signed_seeded,46202862,1024,512,3,-23.331122517585754,-23.331123352050781,8.3446502685546875e-07,496.94338524341583,1.679195360346181e-09,0.0056880738539998735,true,PASS,
2026-08-30T16:51:53Z,V6,signed_seeded,46202862,1024,512,1,-23.331122517585754,-23.331123352050781,8.3446502685546875e-07,496.94338524341583,1.679195360346181e-09,0.0056880738539998735,true,PASS,
2026-08-30T16:51:53Z,V6,signed_seeded,46202862,1024,512,2,-23.331122517585754,-23.331123352050781,8.3446502685546875e-07,496.94338524341583,1.679195360346181e-09,0.0056880738539998735,true,PASS,
2026-08-30T16:51:53Z,V6,signed_seeded,46202862,1024,512,3,-23.331122517585754,-23.331123352050781,8.3446502685546875e-07,496.94338524341583,1.679195360346181e-09,0.0056880738539998735,true,PASS,
2026-08-30T16:51:53Z,V7,signed_seeded,46202862,1024,512,1,-23.331122517585754,-23.331123352050781,8.3446502685546875e-07,496.94338524341583,1.679195360346181e-09,0.0056880738539998735,true,PASS,
2026-08-30T16:51:53Z,V7,signed_seeded,46202862,1024,512,2,-23.331122517585754,-23.331123352050781,8.3446502685546875e-07,496.94338524341583,1.679195360346181e-09,0.0056880738539998735,true,PASS,
2026-08-30T16:51:53Z,V7,signed_seeded,46202862,1024,512,3,-23.331122517585754,-23.331123352050781,8.3446502685546875e-07,496.94338524341583,1.679195360346181e-09,0.0056880738539998735,true,PASS,
2026-08-30T16:51:53Z,V1,cancellation,46202862,1024,512,1,-0.0625,-0.0625,0,511.1875,0,0.005851085044028822,true,PASS,
2026-08-30T16:51:53Z,V1,cancellation,46202862,1024,512,2,-0.0625,-0.0625,0,511.1875,0,0.005851085044028822,true,PASS,
2026-08-30T16:51:53Z,V1,cancellation,46202862,1024,512,3,-0.0625,-0.0625,0,511.1875,0,0.005851085044028822,true,PASS,
2026-08-30T16:51:53Z,V2,cancellation,46202862,1024,512,1,-0.0625,-0.0625,0,511.1875,0,0.005851085044028822,true,PASS,
2026-08-30T16:51:53Z,V2,cancellation,46202862,1024,512,2,-0.0625,-0.0625,0,511.1875,0,0.005851085044028822,true,PASS,
2026-08-30T16:51:53Z,V2,cancellation,46202862,1024,512,3,-0.0625,-0.0625,0,511.1875,0,0.005851085044028822,true,PASS,
2026-08-30T16:51:53Z,V3,cancellation,46202862,1024,512,1,-0.0625,-0.0625,0,511.1875,0,0.005851085044028822,true,PASS,
2026-08-30T16:51:53Z,V3,cancellation,46202862,1024,512,2,-0.0625,-0.0625,0,511.1875,0,0.005851085044028822,true,PASS,
2026-08-30T16:51:53Z,V3,cancellation,46202862,1024,512,3,-0.0625,-0.0625,0,511.1875,0,0.005851085044028822,true,PASS,
2026-08-30T16:51:53Z,V4,cancellation,46202862,1024,512,1,-0.0625,-0.0625,0,511.1875,0,0.005851085044028822,true,PASS,
2026-08-30T16:51:53Z,V4,cancellation,46202862,1024,512,2,-0.0625,-0.0625,0,511.1875,0,0.005851085044028822,true,PASS,
2026-08-30T16:51:53Z,V4,cancellation,46202862,1024,512,3,-0.0625,-0.0625,0,511.1875,0,0.005851085044028822,true,PASS,
2026-08-30T16:51:53Z,V5,cancellation,46202862,1024,512,1,-0.0625,-0.0625,0,511.1875,0,0.005851085044028822,true,PASS,
2026-08-30T16:51:53Z,V5,cancellation,46202862,1024,512,2,-0.0625,-0.0625,0,511.1875,0,0.005851085044028822,true,PASS,
2026-08-30T16:51:53Z,V5,cancellation,46202862,1024,512,3,-0.0625,-0.0625,0,511.1875,0,0.005851085044028822,true,PASS,
2026-08-30T16:51:53Z,V6,cancellation,46202862,1024,512,1,-0.0625,-0.0625,0,511.1875,0,0.005851085044028822,true,PASS,
2026-08-30T16:51:53Z,V6,cancellation,46202862,1024,512,2,-0.0625,-0.0625,0,511.1875,0,0.005851085044028822,true,PASS,
2026-08-30T16:51:53Z,V6,cancellation,46202862,1024,512,3,-0.0625,-0.0625,0,511.1875,0,0.005851085044028822,true,PASS,
2026-08-30T16:51:53Z,V7,cancellation,46202862,1024,512,1,-0.0625,-0.0625,0,511.1875,0,0.005851085044028822,true,PASS,
2026-08-30T16:51:53Z,V7,cancellation,46202862,1024,512,2,-0.0625,-0.0625,0,511.1875,0,0.005851085044028822,true,PASS,
2026-08-30T16:51:53Z,V7,cancellation,46202862,1024,512,3,-0.0625,-0.0625,0,511.1875,0,0.005851085044028822,true,PASS,
2026-08-30T16:51:53Z,V1,ones,46202862,1025,512,1,1025,1025,0,1025,0,0.012708729959546266,true,PASS,
2026-08-30T16:51:53Z,V1,ones,46202862,1025,512,2,1025,1025,0,1025,0,0.012708729959546266,true,PASS,
2026-08-30T16:51:53Z,V1,ones,46202862,1025,512,3,1025,1025,0,1025,0,0.012708729959546266,true,PASS,
2026-08-30T16:51:53Z,V2,ones,46202862,1025,512,1,1025,1025,0,1025,0,0.012708729959546266,true,PASS,
2026-08-30T16:51:53Z,V2,ones,46202862,1025,512,2,1025,1025,0,1025,0,0.012708729959546266,true,PASS,
2026-08-30T16:51:53Z,V2,ones,46202862,1025,512,3,1025,1025,0,1025,0,0.012708729959546266,true,PASS,
2026-08-30T16:51:53Z,V3,ones,46202862,1025,512,1,1025,1025,0,1025,0,0.012708729959546266,true,PASS,
2026-08-30T16:51:53Z,V3,ones,46202862,1025,512,2,1025,1025,0,1025,0,0.012708729959546266,true,PASS,
2026-08-30T16:51:53Z,V3,ones,46202862,1025,512,3,1025,1025,0,1025,0,0.012708729959546266,true,PASS,
2026-08-30T16:51:53Z,V4,ones,46202862,1025,512,1,1025,1025,0,1025,0,0.012708729959546266,true,PASS,
2026-08-30T16:51:53Z,V4,ones,46202862,1025,512,2,1025,1025,0,1025,0,0.012708729959546266,true,PASS,
2026-08-30T16:51:53Z,V4,ones,46202862,1025,512,3,1025,1025,0,1025,0,0.012708729959546266,true,PASS,
2026-08-30T16:51:53Z,V5,ones,46202862,1025,512,1,1025,1025,0,1025,0,0.012708729959546266,true,PASS,
2026-08-30T16:51:53Z,V5,ones,46202862,1025,512,2,1025,1025,0,1025,0,0.012708729959546266,true,PASS,
2026-08-30T16:51:53Z,V5,ones,46202862,1025,512,3,1025,1025,0,1025,0,0.012708729959546266,true,PASS,
2026-08-30T16:51:53Z,V6,ones,46202862,1025,512,1,1025,1025,0,1025,0,0.012708729959546266,true,PASS,
2026-08-30T16:51:53Z,V6,ones,46202862,1025,512,2,1025,1025,0,1025,0,0.012708729959546266,true,PASS,
2026-08-30T16:51:53Z,V6,ones,46202862,1025,512,3,1025,1025,0,1025,0,0.012708729959546266,true,PASS,
2026-08-30T16:51:53Z,V7,ones,46202862,1025,512,1,1025,1025,0,1025,0,0.012708729959546266,true,PASS,
2026-08-30T16:51:53Z,V7,ones,46202862,1025,512,2,1025,1025,0,1025,0,0.012708729959546266,true,PASS,
2026-08-30T16:51:53Z,V7,ones,46202862,1025,512,3,1025,1025,0,1025,0,0.012708729959546266,true,PASS,
2026-08-30T16:51:53Z,V1,signed_seeded,46202862,1025,512,1,-23.815433323383331,-23.815433502197266,1.7881393432617188e-07,497.42769604921341,3.5947723809186689e-10,0.006168001791017232,true,PASS,
2026-08-30T16:51:53Z,V1,signed_seeded,46202862,1025,512,2,-23.815433323383331,-23.815433502197266,1.7881393432617188e-07,497.42769604921341,3.5947723809186689e-10,0.006168001791017232,true,PASS,
2026-08-30T16:51:53Z,V1,signed_seeded,46202862,1025,512,3,-23.815433323383331,-23.815433502197266,1.7881393432617188e-07,497.42769604921341,3.5947723809186689e-10,0.006168001791017232,true,PASS,
2026-08-30T16:51:53Z,V2,signed_seeded,46202862,1025,512,1,-23.815433323383331,-23.815433502197266,1.7881393432617188e-07,497.42769604921341,3.5947723809186689e-10,0.006168001791017232,true,PASS,
2026-08-30T16:51:53Z,V2,signed_seeded,46202862,1025,512,2,-23.815433323383331,-23.815433502197266,1.7881393432617188e-07,497.42769604921341,3.5947723809186689e-10,0.006168001791017232,true,PASS,
2026-08-30T16:51:53Z,V2,signed_seeded,46202862,1025,512,3,-23.815433323383331,-23.815433502197266,1.7881393432617188e-07,497.42769604921341,3.5947723809186689e-10,0.006168001791017232,true,PASS,
2026-08-30T16:51:53Z,V3,signed_seeded,46202862,1025,512,1,-23.815433323383331,-23.815433502197266,1.7881393432617188e-07,497.42769604921341,3.5947723809186689e-10,0.006168001791017232,true,PASS,
2026-08-30T16:51:53Z,V3,signed_seeded,46202862,1025,512,2,-23.815433323383331,-23.815433502197266,1.7881393432617188e-07,497.42769604921341,3.5947723809186689e-10,0.006168001791017232,true,PASS,
2026-08-30T16:51:53Z,V3,signed_seeded,46202862,1025,512,3,-23.815433323383331,-23.815433502197266,1.7881393432617188e-07,497.42769604921341,3.5947723809186689e-10,0.006168001791017232,true,PASS,
2026-08-30T16:51:53Z,V4,signed_seeded,46202862,1025,512,1,-23.815433323383331,-23.815433502197266,1.7881393432617188e-07,497.42769604921341,3.5947723809186689e-10,0.006168001791017232,true,PASS,
2026-08-30T16:51:53Z,V4,signed_seeded,46202862,1025,512,2,-23.815433323383331,-23.815433502197266,1.7881393432617188e-07,497.42769604921341,3.5947723809186689e-10,0.006168001791017232,true,PASS,
2026-08-30T16:51:53Z,V4,signed_seeded,46202862,1025,512,3,-23.815433323383331,-23.815433502197266,1.7881393432617188e-07,497.42769604921341,3.5947723809186689e-10,0.006168001791017232,true,PASS,
2026-08-30T16:51:53Z,V5,signed_seeded,46202862,1025,512,1,-23.815433323383331,-23.815433502197266,1.7881393432617188e-07,497.42769604921341,3.5947723809186689e-10,0.006168001791017232,true,PASS,
2026-08-30T16:51:53Z,V5,signed_seeded,46202862,1025,512,2,-23.815433323383331,-23.815433502197266,1.7881393432617188e-07,497.42769604921341,3.5947723809186689e-10,0.006168001791017232,true,PASS,
2026-08-30T16:51:53Z,V5,signed_seeded,46202862,1025,512,3,-23.815433323383331,-23.815433502197266,1.7881393432617188e-07,497.42769604921341,3.5947723809186689e-10,0.006168001791017232,true,PASS,
2026-08-30T16:51:53Z,V6,signed_seeded,46202862,1025,512,1,-23.815433323383331,-23.815433502197266,1.7881393432617188e-07,497.42769604921341,3.5947723809186689e-10,0.006168001791017232,true,PASS,
2026-08-30T16:51:53Z,V6,signed_seeded,46202862,1025,512,2,-23.815433323383331,-23.815433502197266,1.7881393432617188e-07,497.42769604921341,3.5947723809186689e-10,0.006168001791017232,true,PASS,
2026-08-30T16:51:53Z,V6,signed_seeded,46202862,1025,512,3,-23.815433323383331,-23.815433502197266,1.7881393432617188e-07,497.42769604921341,3.5947723809186689e-10,0.006168001791017232,true,PASS,
2026-08-30T16:51:53Z,V7,signed_seeded,46202862,1025,512,1,-23.815433323383331,-23.815433502197266,1.7881393432617188e-07,497.42769604921341,3.5947723809186689e-10,0.006168001791017232,true,PASS,
2026-08-30T16:51:53Z,V7,signed_seeded,46202862,1025,512,2,-23.815433323383331,-23.815433502197266,1.7881393432617188e-07,497.42769604921341,3.5947723809186689e-10,0.006168001791017232,true,PASS,
2026-08-30T16:51:53Z,V7,signed_seeded,46202862,1025,512,3,-23.815433323383331,-23.815433502197266,1.7881393432617188e-07,497.42769604921341,3.5947723809186689e-10,0.006168001791017232,true,PASS,
2026-08-30T16:51:53Z,V1,cancellation,46202862,1025,512,1,0.3125,0.3125,0,511.5625,0,0.0063432420560296451,true,PASS,
2026-08-30T16:51:53Z,V1,cancellation,46202862,1025,512,2,0.3125,0.3125,0,511.5625,0,0.0063432420560296451,true,PASS,
2026-08-30T16:51:53Z,V1,cancellation,46202862,1025,512,3,0.3125,0.3125,0,511.5625,0,0.0063432420560296451,true,PASS,
2026-08-30T16:51:53Z,V2,cancellation,46202862,1025,512,1,0.3125,0.3125,0,511.5625,0,0.0063432420560296451,true,PASS,
2026-08-30T16:51:53Z,V2,cancellation,46202862,1025,512,2,0.3125,0.3125,0,511.5625,0,0.0063432420560296451,true,PASS,
2026-08-30T16:51:53Z,V2,cancellation,46202862,1025,512,3,0.3125,0.3125,0,511.5625,0,0.0063432420560296451,true,PASS,
2026-08-30T16:51:53Z,V3,cancellation,46202862,1025,512,1,0.3125,0.3125,0,511.5625,0,0.0063432420560296451,true,PASS,
2026-08-30T16:51:53Z,V3,cancellation,46202862,1025,512,2,0.3125,0.3125,0,511.5625,0,0.0063432420560296451,true,PASS,
2026-08-30T16:51:53Z,V3,cancellation,46202862,1025,512,3,0.3125,0.3125,0,511.5625,0,0.0063432420560296451,true,PASS,
2026-08-30T16:51:53Z,V4,cancellation,46202862,1025,512,1,0.3125,0.3125,0,511.5625,0,0.0063432420560296451,true,PASS,
2026-08-30T16:51:53Z,V4,cancellation,46202862,1025,512,2,0.3125,0.3125,0,511.5625,0,0.0063432420560296451,true,PASS,
2026-08-30T16:51:53Z,V4,cancellation,46202862,1025,512,3,0.3125,0.3125,0,511.5625,0,0.0063432420560296451,true,PASS,
2026-08-30T16:51:53Z,V5,cancellation,46202862,1025,512,1,0.3125,0.3125,0,511.5625,0,0.0063432420560296451,true,PASS,
2026-08-30T16:51:53Z,V5,cancellation,46202862,1025,512,2,0.3125,0.3125,0,511.5625,0,0.0063432420560296451,true,PASS,
2026-08-30T16:51:53Z,V5,cancellation,46202862,1025,512,3,0.3125,0.3125,0,511.5625,0,0.0063432420560296451,true,PASS,
2026-08-30T16:51:53Z,V6,cancellation,46202862,1025,512,1,0.3125,0.3125,0,511.5625,0,0.0063432420560296451,true,PASS,
2026-08-30T16:51:53Z,V6,cancellation,46202862,1025,512,2,0.3125,0.3125,0,511.5625,0,0.0063432420560296451,true,PASS,
2026-08-30T16:51:53Z,V6,cancellation,46202862,1025,512,3,0.3125,0.3125,0,511.5625,0,0.0063432420560296451,true,PASS,
2026-08-30T16:51:53Z,V7,cancellation,46202862,1025,512,1,0.3125,0.3125,0,511.5625,0,0.0063432420560296451,true,PASS,
2026-08-30T16:51:53Z,V7,cancellation,46202862,1025,512,2,0.3125,0.3125,0,511.5625,0,0.0063432420560296451,true,PASS,
2026-08-30T16:51:53Z,V7,cancellation,46202862,1025,512,3,0.3125,0.3125,0,511.5625,0,0.0063432420560296451,true,PASS,
2026-08-30T16:51:53Z,V1,ones,46202862,8717,512,1,8717,8717,0,8717,0,0.13301211795638648,true,PASS,
2026-08-30T16:51:53Z,V1,ones,46202862,8717,512,2,8717,8717,0,8717,0,0.13301211795638648,true,PASS,
2026-08-30T16:51:53Z,V1,ones,46202862,8717,512,3,8717,8717,0,8717,0,0.13301211795638648,true,PASS,
2026-08-30T16:51:53Z,V2,ones,46202862,8717,512,1,8717,8717,0,8717,0,0.13301211795638648,true,PASS,
2026-08-30T16:51:53Z,V2,ones,46202862,8717,512,2,8717,8717,0,8717,0,0.13301211795638648,true,PASS,
2026-08-30T16:51:53Z,V2,ones,46202862,8717,512,3,8717,8717,0,8717,0,0.13301211795638648,true,PASS,
2026-08-30T16:51:53Z,V3,ones,46202862,8717,512,1,8717,8717,0,8717,0,0.13301211795638648,true,PASS,
2026-08-30T16:51:53Z,V3,ones,46202862,8717,512,2,8717,8717,0,8717,0,0.13301211795638648,true,PASS,
2026-08-30T16:51:53Z,V3,ones,46202862,8717,512,3,8717,8717,0,8717,0,0.13301211795638648,true,PASS,
2026-08-30T16:51:53Z,V4,ones,46202862,8717,512,1,8717,8717,0,8717,0,0.13301211795638648,true,PASS,
2026-08-30T16:51:53Z,V4,ones,46202862,8717,512,2,8717,8717,0,8717,0,0.13301211795638648,true,PASS,
2026-08-30T16:51:53Z,V4,ones,46202862,8717,512,3,8717,8717,0,8717,0,0.13301211795638648,true,PASS,
2026-08-30T16:51:53Z,V5,ones,46202862,8717,512,1,8717,8717,0,8717,0,0.13301211795638648,true,PASS,
2026-08-30T16:51:53Z,V5,ones,46202862,8717,512,2,8717,8717,0,8717,0,0.13301211795638648,true,PASS,
2026-08-30T16:51:53Z,V5,ones,46202862,8717,512,3,8717,8717,0,8717,0,0.13301211795638648,true,PASS,
2026-08-30T16:51:53Z,V6,ones,46202862,8717,512,1,8717,8717,0,8717,0,0.13301211795638648,true,PASS,
2026-08-30T16:51:53Z,V6,ones,46202862,8717,512,2,8717,8717,0,8717,0,0.13301211795638648,true,PASS,
2026-08-30T16:51:53Z,V6,ones,46202862,8717,512,3,8717,8717,0,8717,0,0.13301211795638648,true,PASS,
2026-08-30T16:51:53Z,V7,ones,46202862,8717,512,1,8717,8717,0,8717,0,0.13301211795638648,true,PASS,
2026-08-30T16:51:53Z,V7,ones,46202862,8717,512,2,8717,8717,0,8717,0,0.13301211795638648,true,PASS,
2026-08-30T16:51:53Z,V7,ones,46202862,8717,512,3,8717,8717,0,8717,0,0.13301211795638648,true,PASS,
2026-08-30T16:51:53Z,V1,signed_seeded,46202862,8717,512,1,-26.241309463977814,-26.241306304931641,3.1590461730957031e-06,4364.0231364369392,7.2388391956944244e-10,0.066590835512792643,true,PASS,
2026-08-30T16:51:53Z,V1,signed_seeded,46202862,8717,512,2,-26.241309463977814,-26.241306304931641,3.1590461730957031e-06,4364.0231364369392,7.2388391956944244e-10,0.066590835512792643,true,PASS,
2026-08-30T16:51:53Z,V1,signed_seeded,46202862,8717,512,3,-26.241309463977814,-26.241306304931641,3.1590461730957031e-06,4364.0231364369392,7.2388391956944244e-10,0.066590835512792643,true,PASS,
2026-08-30T16:51:53Z,V2,signed_seeded,46202862,8717,512,1,-26.241309463977814,-26.241306304931641,3.1590461730957031e-06,4364.0231364369392,7.2388391956944244e-10,0.066590835512792643,true,PASS,
2026-08-30T16:51:53Z,V2,signed_seeded,46202862,8717,512,2,-26.241309463977814,-26.241306304931641,3.1590461730957031e-06,4364.0231364369392,7.2388391956944244e-10,0.066590835512792643,true,PASS,
2026-08-30T16:51:53Z,V2,signed_seeded,46202862,8717,512,3,-26.241309463977814,-26.241306304931641,3.1590461730957031e-06,4364.0231364369392,7.2388391956944244e-10,0.066590835512792643,true,PASS,
2026-08-30T16:51:53Z,V3,signed_seeded,46202862,8717,512,1,-26.241309463977814,-26.241306304931641,3.1590461730957031e-06,4364.0231364369392,7.2388391956944244e-10,0.066590835512792643,true,PASS,
2026-08-30T16:51:53Z,V3,signed_seeded,46202862,8717,512,2,-26.241309463977814,-26.241306304931641,3.1590461730957031e-06,4364.0231364369392,7.2388391956944244e-10,0.066590835512792643,true,PASS,
2026-08-30T16:51:53Z,V3,signed_seeded,46202862,8717,512,3,-26.241309463977814,-26.241306304931641,3.1590461730957031e-06,4364.0231364369392,7.2388391956944244e-10,0.066590835512792643,true,PASS,
2026-08-30T16:51:53Z,V4,signed_seeded,46202862,8717,512,1,-26.241309463977814,-26.241310119628906,6.5565109252929688e-07,4364.0231364369392,1.5024005877856352e-10,0.066590835512792643,true,PASS,
2026-08-30T16:51:53Z,V4,signed_seeded,46202862,8717,512,2,-26.241309463977814,-26.241310119628906,6.5565109252929688e-07,4364.0231364369392,1.5024005877856352e-10,0.066590835512792643,true,PASS,
2026-08-30T16:51:53Z,V4,signed_seeded,46202862,8717,512,3,-26.241309463977814,-26.241310119628906,6.5565109252929688e-07,4364.0231364369392,1.5024005877856352e-10,0.066590835512792643,true,PASS,
2026-08-30T16:51:53Z,V5,signed_seeded,46202862,8717,512,1,-26.241309463977814,-26.241302490234375,6.9737434387207031e-06,4364.0231364369392,1.5980078979174484e-09,0.066590835512792643,true,PASS,
2026-08-30T16:51:53Z,V5,signed_seeded,46202862,8717,512,2,-26.241309463977814,-26.241302490234375,6.9737434387207031e-06,4364.0231364369392,1.5980078979174484e-09,0.066590835512792643,true,PASS,
2026-08-30T16:51:53Z,V5,signed_seeded,46202862,8717,512,3,-26.241309463977814,-26.241302490234375,6.9737434387207031e-06,4364.0231364369392,1.5980078979174484e-09,0.066590835512792643,true,PASS,
2026-08-30T16:51:53Z,V6,signed_seeded,46202862,8717,512,1,-26.241309463977814,-26.241310119628906,6.5565109252929688e-07,4364.0231364369392,1.5024005877856352e-10,0.066590835512792643,true,PASS,
2026-08-30T16:51:53Z,V6,signed_seeded,46202862,8717,512,2,-26.241309463977814,-26.241310119628906,6.5565109252929688e-07,4364.0231364369392,1.5024005877856352e-10,0.066590835512792643,true,PASS,
2026-08-30T16:51:53Z,V6,signed_seeded,46202862,8717,512,3,-26.241309463977814,-26.241310119628906,6.5565109252929688e-07,4364.0231364369392,1.5024005877856352e-10,0.066590835512792643,true,PASS,
2026-08-30T16:51:53Z,V7,signed_seeded,46202862,8717,512,1,-26.241309463977814,-26.241304397583008,5.0663948059082031e-06,4364.0231364369392,1.1609459087434454e-09,0.066590835512792643,true,PASS,
2026-08-30T16:51:53Z,V7,signed_seeded,46202862,8717,512,2,-26.241309463977814,-26.241304397583008,5.0663948059082031e-06,4364.0231364369392,1.1609459087434454e-09,0.066590835512792643,true,PASS,
2026-08-30T16:51:53Z,V7,signed_seeded,46202862,8717,512,3,-26.241309463977814,-26.241304397583008,5.0663948059082031e-06,4364.0231364369392,1.1609459087434454e-09,0.066590835512792643,true,PASS,
2026-08-30T16:51:53Z,V1,cancellation,46202862,8717,512,1,0.4375,0.4375,0,4357.6875,0,0.066494161188433057,true,PASS,
2026-08-30T16:51:53Z,V1,cancellation,46202862,8717,512,2,0.4375,0.4375,0,4357.6875,0,0.066494161188433057,true,PASS,
2026-08-30T16:51:53Z,V1,cancellation,46202862,8717,512,3,0.4375,0.4375,0,4357.6875,0,0.066494161188433057,true,PASS,
2026-08-30T16:51:53Z,V2,cancellation,46202862,8717,512,1,0.4375,0.4375,0,4357.6875,0,0.066494161188433057,true,PASS,
2026-08-30T16:51:53Z,V2,cancellation,46202862,8717,512,2,0.4375,0.4375,0,4357.6875,0,0.066494161188433057,true,PASS,
2026-08-30T16:51:53Z,V2,cancellation,46202862,8717,512,3,0.4375,0.4375,0,4357.6875,0,0.066494161188433057,true,PASS,
2026-08-30T16:51:53Z,V3,cancellation,46202862,8717,512,1,0.4375,0.4375,0,4357.6875,0,0.066494161188433057,true,PASS,
2026-08-30T16:51:53Z,V3,cancellation,46202862,8717,512,2,0.4375,0.4375,0,4357.6875,0,0.066494161188433057,true,PASS,
2026-08-30T16:51:53Z,V3,cancellation,46202862,8717,512,3,0.4375,0.4375,0,4357.6875,0,0.066494161188433057,true,PASS,
2026-08-30T16:51:53Z,V4,cancellation,46202862,8717,512,1,0.4375,0.4375,0,4357.6875,0,0.066494161188433057,true,PASS,
2026-08-30T16:51:53Z,V4,cancellation,46202862,8717,512,2,0.4375,0.4375,0,4357.6875,0,0.066494161188433057,true,PASS,
2026-08-30T16:51:53Z,V4,cancellation,46202862,8717,512,3,0.4375,0.4375,0,4357.6875,0,0.066494161188433057,true,PASS,
2026-08-30T16:51:53Z,V5,cancellation,46202862,8717,512,1,0.4375,0.4375,0,4357.6875,0,0.066494161188433057,true,PASS,
2026-08-30T16:51:53Z,V5,cancellation,46202862,8717,512,2,0.4375,0.4375,0,4357.6875,0,0.066494161188433057,true,PASS,
2026-08-30T16:51:53Z,V5,cancellation,46202862,8717,512,3,0.4375,0.4375,0,4357.6875,0,0.066494161188433057,true,PASS,
2026-08-30T16:51:53Z,V6,cancellation,46202862,8717,512,1,0.4375,0.4375,0,4357.6875,0,0.066494161188433057,true,PASS,
2026-08-30T16:51:53Z,V6,cancellation,46202862,8717,512,2,0.4375,0.4375,0,4357.6875,0,0.066494161188433057,true,PASS,
2026-08-30T16:51:53Z,V6,cancellation,46202862,8717,512,3,0.4375,0.4375,0,4357.6875,0,0.066494161188433057,true,PASS,
2026-08-30T16:51:53Z,V7,cancellation,46202862,8717,512,1,0.4375,0.4375,0,4357.6875,0,0.066494161188433057,true,PASS,
2026-08-30T16:51:53Z,V7,cancellation,46202862,8717,512,2,0.4375,0.4375,0,4357.6875,0,0.066494161188433057,true,PASS,
2026-08-30T16:51:53Z,V7,cancellation,46202862,8717,512,3,0.4375,0.4375,0,4357.6875,0,0.066494161188433057,true,PASS,
2026-08-30T16:51:53Z,V1,ones,46202862,1,1024,1,1,1,0,1,0,3.8610239724006552e-06,true,PASS,
2026-08-30T16:51:53Z,V1,ones,46202862,1,1024,2,1,1,0,1,0,3.8610239724006552e-06,true,PASS,
2026-08-30T16:51:53Z,V1,ones,46202862,1,1024,3,1,1,0,1,0,3.8610239724006552e-06,true,PASS,
2026-08-30T16:51:53Z,V2,ones,46202862,1,1024,1,1,1,0,1,0,3.8610239724006552e-06,true,PASS,
2026-08-30T16:51:53Z,V2,ones,46202862,1,1024,2,1,1,0,1,0,3.8610239724006552e-06,true,PASS,
2026-08-30T16:51:53Z,V2,ones,46202862,1,1024,3,1,1,0,1,0,3.8610239724006552e-06,true,PASS,
2026-08-30T16:51:53Z,V3,ones,46202862,1,1024,1,1,1,0,1,0,3.8610239724006552e-06,true,PASS,
2026-08-30T16:51:53Z,V3,ones,46202862,1,1024,2,1,1,0,1,0,3.8610239724006552e-06,true,PASS,
2026-08-30T16:51:53Z,V3,ones,46202862,1,1024,3,1,1,0,1,0,3.8610239724006552e-06,true,PASS,
2026-08-30T16:51:53Z,V4,ones,46202862,1,1024,1,1,1,0,1,0,3.8610239724006552e-06,true,PASS,
2026-08-30T16:51:53Z,V4,ones,46202862,1,1024,2,1,1,0,1,0,3.8610239724006552e-06,true,PASS,
2026-08-30T16:51:53Z,V4,ones,46202862,1,1024,3,1,1,0,1,0,3.8610239724006552e-06,true,PASS,
2026-08-30T16:51:53Z,V5,ones,46202862,1,1024,1,1,1,0,1,0,3.8610239724006552e-06,true,PASS,
2026-08-30T16:51:53Z,V5,ones,46202862,1,1024,2,1,1,0,1,0,3.8610239724006552e-06,true,PASS,
2026-08-30T16:51:53Z,V5,ones,46202862,1,1024,3,1,1,0,1,0,3.8610239724006552e-06,true,PASS,
2026-08-30T16:51:53Z,V6,ones,46202862,1,1024,1,1,1,0,1,0,3.8610239724006552e-06,true,PASS,
2026-08-30T16:51:53Z,V6,ones,46202862,1,1024,2,1,1,0,1,0,3.8610239724006552e-06,true,PASS,
2026-08-30T16:51:53Z,V6,ones,46202862,1,1024,3,1,1,0,1,0,3.8610239724006552e-06,true,PASS,
2026-08-30T16:51:53Z,V7,ones,46202862,1,1024,1,1,1,0,1,0,3.8610239724006552e-06,true,PASS,
2026-08-30T16:51:53Z,V7,ones,46202862,1,1024,2,1,1,0,1,0,3.8610239724006552e-06,true,PASS,
2026-08-30T16:51:53Z,V7,ones,46202862,1,1024,3,1,1,0,1,0,3.8610239724006552e-06,true,PASS,
2026-08-30T16:51:53Z,V1,signed_seeded,46202862,1,1024,1,-0.34256291389465332,-0.34256291389465332,0,0.34256291389465332,0,1.9800807087080245e-06,true,PASS,
2026-08-30T16:51:53Z,V1,signed_seeded,46202862,1,1024,2,-0.34256291389465332,-0.34256291389465332,0,0.34256291389465332,0,1.9800807087080245e-06,true,PASS,
2026-08-30T16:51:53Z,V1,signed_seeded,46202862,1,1024,3,-0.34256291389465332,-0.34256291389465332,0,0.34256291389465332,0,1.9800807087080245e-06,true,PASS,
2026-08-30T16:51:53Z,V2,signed_seeded,46202862,1,1024,1,-0.34256291389465332,-0.34256291389465332,0,0.34256291389465332,0,1.9800807087080245e-06,true,PASS,
2026-08-30T16:51:53Z,V2,signed_seeded,46202862,1,1024,2,-0.34256291389465332,-0.34256291389465332,0,0.34256291389465332,0,1.9800807087080245e-06,true,PASS,
2026-08-30T16:51:53Z,V2,signed_seeded,46202862,1,1024,3,-0.34256291389465332,-0.34256291389465332,0,0.34256291389465332,0,1.9800807087080245e-06,true,PASS,
2026-08-30T16:51:53Z,V3,signed_seeded,46202862,1,1024,1,-0.34256291389465332,-0.34256291389465332,0,0.34256291389465332,0,1.9800807087080245e-06,true,PASS,
2026-08-30T16:51:53Z,V3,signed_seeded,46202862,1,1024,2,-0.34256291389465332,-0.34256291389465332,0,0.34256291389465332,0,1.9800807087080245e-06,true,PASS,
2026-08-30T16:51:53Z,V3,signed_seeded,46202862,1,1024,3,-0.34256291389465332,-0.34256291389465332,0,0.34256291389465332,0,1.9800807087080245e-06,true,PASS,
2026-08-30T16:51:53Z,V4,signed_seeded,46202862,1,1024,1,-0.34256291389465332,-0.34256291389465332,0,0.34256291389465332,0,1.9800807087080245e-06,true,PASS,
2026-08-30T16:51:53Z,V4,signed_seeded,46202862,1,1024,2,-0.34256291389465332,-0.34256291389465332,0,0.34256291389465332,0,1.9800807087080245e-06,true,PASS,
2026-08-30T16:51:53Z,V4,signed_seeded,46202862,1,1024,3,-0.34256291389465332,-0.34256291389465332,0,0.34256291389465332,0,1.9800807087080245e-06,true,PASS,
2026-08-30T16:51:53Z,V5,signed_seeded,46202862,1,1024,1,-0.34256291389465332,-0.34256291389465332,0,0.34256291389465332,0,1.9800807087080245e-06,true,PASS,
2026-08-30T16:51:53Z,V5,signed_seeded,46202862,1,1024,2,-0.34256291389465332,-0.34256291389465332,0,0.34256291389465332,0,1.9800807087080245e-06,true,PASS,
2026-08-30T16:51:53Z,V5,signed_seeded,46202862,1,1024,3,-0.34256291389465332,-0.34256291389465332,0,0.34256291389465332,0,1.9800807087080245e-06,true,PASS,
2026-08-30T16:51:53Z,V6,signed_seeded,46202862,1,1024,1,-0.34256291389465332,-0.34256291389465332,0,0.34256291389465332,0,1.9800807087080245e-06,true,PASS,
2026-08-30T16:51:53Z,V6,signed_seeded,46202862,1,1024,2,-0.34256291389465332,-0.34256291389465332,0,0.34256291389465332,0,1.9800807087080245e-06,true,PASS,
2026-08-30T16:51:53Z,V6,signed_seeded,46202862,1,1024,3,-0.34256291389465332,-0.34256291389465332,0,0.34256291389465332,0,1.9800807087080245e-06,true,PASS,
2026-08-30T16:51:53Z,V7,signed_seeded,46202862,1,1024,1,-0.34256291389465332,-0.34256291389465332,0,0.34256291389465332,0,1.9800807087080245e-06,true,PASS,
2026-08-30T16:51:53Z,V7,signed_seeded,46202862,1,1024,2,-0.34256291389465332,-0.34256291389465332,0,0.34256291389465332,0,1.9800807087080245e-06,true,PASS,
2026-08-30T16:51:53Z,V7,signed_seeded,46202862,1,1024,3,-0.34256291389465332,-0.34256291389465332,0,0.34256291389465332,0,1.9800807087080245e-06,true,PASS,
2026-08-30T16:51:53Z,V1,cancellation,46202862,1,1024,1,0.25,0.25,0,0.25,0,1.7152559931001638e-06,true,PASS,
2026-08-30T16:51:53Z,V1,cancellation,46202862,1,1024,2,0.25,0.25,0,0.25,0,1.7152559931001638e-06,true,PASS,
2026-08-30T16:51:53Z,V1,cancellation,46202862,1,1024,3,0.25,0.25,0,0.25,0,1.7152559931001638e-06,true,PASS,
2026-08-30T16:51:53Z,V2,cancellation,46202862,1,1024,1,0.25,0.25,0,0.25,0,1.7152559931001638e-06,true,PASS,
2026-08-30T16:51:53Z,V2,cancellation,46202862,1,1024,2,0.25,0.25,0,0.25,0,1.7152559931001638e-06,true,PASS,
2026-08-30T16:51:53Z,V2,cancellation,46202862,1,1024,3,0.25,0.25,0,0.25,0,1.7152559931001638e-06,true,PASS,
2026-08-30T16:51:53Z,V3,cancellation,46202862,1,1024,1,0.25,0.25,0,0.25,0,1.7152559931001638e-06,true,PASS,
2026-08-30T16:51:53Z,V3,cancellation,46202862,1,1024,2,0.25,0.25,0,0.25,0,1.7152559931001638e-06,true,PASS,
2026-08-30T16:51:53Z,V3,cancellation,46202862,1,1024,3,0.25,0.25,0,0.25,0,1.7152559931001638e-06,true,PASS,
2026-08-30T16:51:53Z,V4,cancellation,46202862,1,1024,1,0.25,0.25,0,0.25,0,1.7152559931001638e-06,true,PASS,
2026-08-30T16:51:53Z,V4,cancellation,46202862,1,1024,2,0.25,0.25,0,0.25,0,1.7152559931001638e-06,true,PASS,
2026-08-30T16:51:53Z,V4,cancellation,46202862,1,1024,3,0.25,0.25,0,0.25,0,1.7152559931001638e-06,true,PASS,
2026-08-30T16:51:53Z,V5,cancellation,46202862,1,1024,1,0.25,0.25,0,0.25,0,1.7152559931001638e-06,true,PASS,
2026-08-30T16:51:53Z,V5,cancellation,46202862,1,1024,2,0.25,0.25,0,0.25,0,1.7152559931001638e-06,true,PASS,
2026-08-30T16:51:53Z,V5,cancellation,46202862,1,1024,3,0.25,0.25,0,0.25,0,1.7152559931001638e-06,true,PASS,
2026-08-30T16:51:53Z,V6,cancellation,46202862,1,1024,1,0.25,0.25,0,0.25,0,1.7152559931001638e-06,true,PASS,
2026-08-30T16:51:53Z,V6,cancellation,46202862,1,1024,2,0.25,0.25,0,0.25,0,1.7152559931001638e-06,true,PASS,
2026-08-30T16:51:53Z,V6,cancellation,46202862,1,1024,3,0.25,0.25,0,0.25,0,1.7152559931001638e-06,true,PASS,
2026-08-30T16:51:53Z,V7,cancellation,46202862,1,1024,1,0.25,0.25,0,0.25,0,1.7152559931001638e-06,true,PASS,
2026-08-30T16:51:53Z,V7,cancellation,46202862,1,1024,2,0.25,0.25,0,0.25,0,1.7152559931001638e-06,true,PASS,
2026-08-30T16:51:53Z,V7,cancellation,46202862,1,1024,3,0.25,0.25,0,0.25,0,1.7152559931001638e-06,true,PASS,
2026-08-30T16:51:53Z,V1,ones,46202862,1023,1024,1,1023,1023,0,1023,0,0.011708322655662521,true,PASS,
2026-08-30T16:51:53Z,V1,ones,46202862,1023,1024,2,1023,1023,0,1023,0,0.011708322655662521,true,PASS,
2026-08-30T16:51:53Z,V1,ones,46202862,1023,1024,3,1023,1023,0,1023,0,0.011708322655662521,true,PASS,
2026-08-30T16:51:53Z,V2,ones,46202862,1023,1024,1,1023,1023,0,1023,0,0.011708322655662521,true,PASS,
2026-08-30T16:51:53Z,V2,ones,46202862,1023,1024,2,1023,1023,0,1023,0,0.011708322655662521,true,PASS,
2026-08-30T16:51:53Z,V2,ones,46202862,1023,1024,3,1023,1023,0,1023,0,0.011708322655662521,true,PASS,
2026-08-30T16:51:53Z,V3,ones,46202862,1023,1024,1,1023,1023,0,1023,0,0.011708322655662521,true,PASS,
2026-08-30T16:51:53Z,V3,ones,46202862,1023,1024,2,1023,1023,0,1023,0,0.011708322655662521,true,PASS,
2026-08-30T16:51:53Z,V3,ones,46202862,1023,1024,3,1023,1023,0,1023,0,0.011708322655662521,true,PASS,
2026-08-30T16:51:53Z,V4,ones,46202862,1023,1024,1,1023,1023,0,1023,0,0.011708322655662521,true,PASS,
2026-08-30T16:51:53Z,V4,ones,46202862,1023,1024,2,1023,1023,0,1023,0,0.011708322655662521,true,PASS,
2026-08-30T16:51:53Z,V4,ones,46202862,1023,1024,3,1023,1023,0,1023,0,0.011708322655662521,true,PASS,
2026-08-30T16:51:53Z,V5,ones,46202862,1023,1024,1,1023,1023,0,1023,0,0.011708322655662521,true,PASS,
2026-08-30T16:51:53Z,V5,ones,46202862,1023,1024,2,1023,1023,0,1023,0,0.011708322655662521,true,PASS,
2026-08-30T16:51:53Z,V5,ones,46202862,1023,1024,3,1023,1023,0,1023,0,0.011708322655662521,true,PASS,
2026-08-30T16:51:53Z,V6,ones,46202862,1023,1024,1,1023,1023,0,1023,0,0.011708322655662521,true,PASS,
2026-08-30T16:51:53Z,V6,ones,46202862,1023,1024,2,1023,1023,0,1023,0,0.011708322655662521,true,PASS,
2026-08-30T16:51:53Z,V6,ones,46202862,1023,1024,3,1023,1023,0,1023,0,0.011708322655662521,true,PASS,
2026-08-30T16:51:53Z,V7,ones,46202862,1023,1024,1,1023,1023,0,1023,0,0.011708322655662521,true,PASS,
2026-08-30T16:51:53Z,V7,ones,46202862,1023,1024,2,1023,1023,0,1023,0,0.011708322655662521,true,PASS,
2026-08-30T16:51:53Z,V7,ones,46202862,1023,1024,3,1023,1023,0,1023,0,0.011708322655662521,true,PASS,
2026-08-30T16:51:53Z,V1,signed_seeded,46202862,1023,1024,1,-24.159049510955811,-24.159049987792969,4.76837158203125e-07,496.11545825004578,9.61141505013931e-10,0.0056785989679327019,true,PASS,
2026-08-30T16:51:53Z,V1,signed_seeded,46202862,1023,1024,2,-24.159049510955811,-24.159049987792969,4.76837158203125e-07,496.11545825004578,9.61141505013931e-10,0.0056785989679327019,true,PASS,
2026-08-30T16:51:53Z,V1,signed_seeded,46202862,1023,1024,3,-24.159049510955811,-24.159049987792969,4.76837158203125e-07,496.11545825004578,9.61141505013931e-10,0.0056785989679327019,true,PASS,
2026-08-30T16:51:53Z,V2,signed_seeded,46202862,1023,1024,1,-24.159049510955811,-24.159049987792969,4.76837158203125e-07,496.11545825004578,9.61141505013931e-10,0.0056785989679327019,true,PASS,
2026-08-30T16:51:53Z,V2,signed_seeded,46202862,1023,1024,2,-24.159049510955811,-24.159049987792969,4.76837158203125e-07,496.11545825004578,9.61141505013931e-10,0.0056785989679327019,true,PASS,
2026-08-30T16:51:53Z,V2,signed_seeded,46202862,1023,1024,3,-24.159049510955811,-24.159049987792969,4.76837158203125e-07,496.11545825004578,9.61141505013931e-10,0.0056785989679327019,true,PASS,
2026-08-30T16:51:53Z,V3,signed_seeded,46202862,1023,1024,1,-24.159049510955811,-24.159049987792969,4.76837158203125e-07,496.11545825004578,9.61141505013931e-10,0.0056785989679327019,true,PASS,
2026-08-30T16:51:53Z,V3,signed_seeded,46202862,1023,1024,2,-24.159049510955811,-24.159049987792969,4.76837158203125e-07,496.11545825004578,9.61141505013931e-10,0.0056785989679327019,true,PASS,
2026-08-30T16:51:53Z,V3,signed_seeded,46202862,1023,1024,3,-24.159049510955811,-24.159049987792969,4.76837158203125e-07,496.11545825004578,9.61141505013931e-10,0.0056785989679327019,true,PASS,
2026-08-30T16:51:53Z,V4,signed_seeded,46202862,1023,1024,1,-24.159049510955811,-24.159049987792969,4.76837158203125e-07,496.11545825004578,9.61141505013931e-10,0.0056785989679327019,true,PASS,
2026-08-30T16:51:53Z,V4,signed_seeded,46202862,1023,1024,2,-24.159049510955811,-24.159049987792969,4.76837158203125e-07,496.11545825004578,9.61141505013931e-10,0.0056785989679327019,true,PASS,
2026-08-30T16:51:53Z,V4,signed_seeded,46202862,1023,1024,3,-24.159049510955811,-24.159049987792969,4.76837158203125e-07,496.11545825004578,9.61141505013931e-10,0.0056785989679327019,true,PASS,
2026-08-30T16:51:53Z,V5,signed_seeded,46202862,1023,1024,1,-24.159049510955811,-24.159049987792969,4.76837158203125e-07,496.11545825004578,9.61141505013931e-10,0.0056785989679327019,true,PASS,
2026-08-30T16:51:53Z,V5,signed_seeded,46202862,1023,1024,2,-24.159049510955811,-24.159049987792969,4.76837158203125e-07,496.11545825004578,9.61141505013931e-10,0.0056785989679327019,true,PASS,
2026-08-30T16:51:53Z,V5,signed_seeded,46202862,1023,1024,3,-24.159049510955811,-24.159049987792969,4.76837158203125e-07,496.11545825004578,9.61141505013931e-10,0.0056785989679327019,true,PASS,
2026-08-30T16:51:53Z,V6,signed_seeded,46202862,1023,1024,1,-24.159049510955811,-24.159049987792969,4.76837158203125e-07,496.11545825004578,9.61141505013931e-10,0.0056785989679327019,true,PASS,
2026-08-30T16:51:53Z,V6,signed_seeded,46202862,1023,1024,2,-24.159049510955811,-24.159049987792969,4.76837158203125e-07,496.11545825004578,9.61141505013931e-10,0.0056785989679327019,true,PASS,
2026-08-30T16:51:53Z,V6,signed_seeded,46202862,1023,1024,3,-24.159049510955811,-24.159049987792969,4.76837158203125e-07,496.11545825004578,9.61141505013931e-10,0.0056785989679327019,true,PASS,
2026-08-30T16:51:53Z,V7,signed_seeded,46202862,1023,1024,1,-24.159049510955811,-24.159049987792969,4.76837158203125e-07,496.11545825004578,9.61141505013931e-10,0.0056785989679327019,true,PASS,
2026-08-30T16:51:53Z,V7,signed_seeded,46202862,1023,1024,2,-24.159049510955811,-24.159049987792969,4.76837158203125e-07,496.11545825004578,9.61141505013931e-10,0.0056785989679327019,true,PASS,
2026-08-30T16:51:53Z,V7,signed_seeded,46202862,1023,1024,3,-24.159049510955811,-24.159049987792969,4.76837158203125e-07,496.11545825004578,9.61141505013931e-10,0.0056785989679327019,true,PASS,
2026-08-30T16:51:53Z,V1,cancellation,46202862,1023,1024,1,0.28125,0.28125,0,510.84375,0,0.00584715113184614,true,PASS,
2026-08-30T16:51:53Z,V1,cancellation,46202862,1023,1024,2,0.28125,0.28125,0,510.84375,0,0.00584715113184614,true,PASS,
2026-08-30T16:51:53Z,V1,cancellation,46202862,1023,1024,3,0.28125,0.28125,0,510.84375,0,0.00584715113184614,true,PASS,
2026-08-30T16:51:53Z,V2,cancellation,46202862,1023,1024,1,0.28125,0.28125,0,510.84375,0,0.00584715113184614,true,PASS,
2026-08-30T16:51:53Z,V2,cancellation,46202862,1023,1024,2,0.28125,0.28125,0,510.84375,0,0.00584715113184614,true,PASS,
2026-08-30T16:51:53Z,V2,cancellation,46202862,1023,1024,3,0.28125,0.28125,0,510.84375,0,0.00584715113184614,true,PASS,
2026-08-30T16:51:53Z,V3,cancellation,46202862,1023,1024,1,0.28125,0.28125,0,510.84375,0,0.00584715113184614,true,PASS,
2026-08-30T16:51:53Z,V3,cancellation,46202862,1023,1024,2,0.28125,0.28125,0,510.84375,0,0.00584715113184614,true,PASS,
2026-08-30T16:51:53Z,V3,cancellation,46202862,1023,1024,3,0.28125,0.28125,0,510.84375,0,0.00584715113184614,true,PASS,
2026-08-30T16:51:53Z,V4,cancellation,46202862,1023,1024,1,0.28125,0.28125,0,510.84375,0,0.00584715113184614,true,PASS,
2026-08-30T16:51:53Z,V4,cancellation,46202862,1023,1024,2,0.28125,0.28125,0,510.84375,0,0.00584715113184614,true,PASS,
2026-08-30T16:51:53Z,V4,cancellation,46202862,1023,1024,3,0.28125,0.28125,0,510.84375,0,0.00584715113184614,true,PASS,
2026-08-30T16:51:53Z,V5,cancellation,46202862,1023,1024,1,0.28125,0.28125,0,510.84375,0,0.00584715113184614,true,PASS,
2026-08-30T16:51:53Z,V5,cancellation,46202862,1023,1024,2,0.28125,0.28125,0,510.84375,0,0.00584715113184614,true,PASS,
2026-08-30T16:51:53Z,V5,cancellation,46202862,1023,1024,3,0.28125,0.28125,0,510.84375,0,0.00584715113184614,true,PASS,
2026-08-30T16:51:53Z,V6,cancellation,46202862,1023,1024,1,0.28125,0.28125,0,510.84375,0,0.00584715113184614,true,PASS,
2026-08-30T16:51:53Z,V6,cancellation,46202862,1023,1024,2,0.28125,0.28125,0,510.84375,0,0.00584715113184614,true,PASS,
2026-08-30T16:51:53Z,V6,cancellation,46202862,1023,1024,3,0.28125,0.28125,0,510.84375,0,0.00584715113184614,true,PASS,
2026-08-30T16:51:53Z,V7,cancellation,46202862,1023,1024,1,0.28125,0.28125,0,510.84375,0,0.00584715113184614,true,PASS,
2026-08-30T16:51:53Z,V7,cancellation,46202862,1023,1024,2,0.28125,0.28125,0,510.84375,0,0.00584715113184614,true,PASS,
2026-08-30T16:51:53Z,V7,cancellation,46202862,1023,1024,3,0.28125,0.28125,0,510.84375,0,0.00584715113184614,true,PASS,
2026-08-30T16:51:53Z,V1,ones,46202862,1024,1024,1,1024,1024,0,1024,0,0.011719766763830323,true,PASS,
2026-08-30T16:51:53Z,V1,ones,46202862,1024,1024,2,1024,1024,0,1024,0,0.011719766763830323,true,PASS,
2026-08-30T16:51:53Z,V1,ones,46202862,1024,1024,3,1024,1024,0,1024,0,0.011719766763830323,true,PASS,
2026-08-30T16:51:53Z,V2,ones,46202862,1024,1024,1,1024,1024,0,1024,0,0.011719766763830323,true,PASS,
2026-08-30T16:51:53Z,V2,ones,46202862,1024,1024,2,1024,1024,0,1024,0,0.011719766763830323,true,PASS,
2026-08-30T16:51:53Z,V2,ones,46202862,1024,1024,3,1024,1024,0,1024,0,0.011719766763830323,true,PASS,
2026-08-30T16:51:53Z,V3,ones,46202862,1024,1024,1,1024,1024,0,1024,0,0.011719766763830323,true,PASS,
2026-08-30T16:51:53Z,V3,ones,46202862,1024,1024,2,1024,1024,0,1024,0,0.011719766763830323,true,PASS,
2026-08-30T16:51:53Z,V3,ones,46202862,1024,1024,3,1024,1024,0,1024,0,0.011719766763830323,true,PASS,
2026-08-30T16:51:53Z,V4,ones,46202862,1024,1024,1,1024,1024,0,1024,0,0.011719766763830323,true,PASS,
2026-08-30T16:51:53Z,V4,ones,46202862,1024,1024,2,1024,1024,0,1024,0,0.011719766763830323,true,PASS,
2026-08-30T16:51:53Z,V4,ones,46202862,1024,1024,3,1024,1024,0,1024,0,0.011719766763830323,true,PASS,
2026-08-30T16:51:53Z,V5,ones,46202862,1024,1024,1,1024,1024,0,1024,0,0.011719766763830323,true,PASS,
2026-08-30T16:51:53Z,V5,ones,46202862,1024,1024,2,1024,1024,0,1024,0,0.011719766763830323,true,PASS,
2026-08-30T16:51:53Z,V5,ones,46202862,1024,1024,3,1024,1024,0,1024,0,0.011719766763830323,true,PASS,
2026-08-30T16:51:53Z,V6,ones,46202862,1024,1024,1,1024,1024,0,1024,0,0.011719766763830323,true,PASS,
2026-08-30T16:51:53Z,V6,ones,46202862,1024,1024,2,1024,1024,0,1024,0,0.011719766763830323,true,PASS,
2026-08-30T16:51:53Z,V6,ones,46202862,1024,1024,3,1024,1024,0,1024,0,0.011719766763830323,true,PASS,
2026-08-30T16:51:53Z,V7,ones,46202862,1024,1024,1,1024,1024,0,1024,0,0.011719766763830323,true,PASS,
2026-08-30T16:51:53Z,V7,ones,46202862,1024,1024,2,1024,1024,0,1024,0,0.011719766763830323,true,PASS,
2026-08-30T16:51:53Z,V7,ones,46202862,1024,1024,3,1024,1024,0,1024,0,0.011719766763830323,true,PASS,
2026-08-30T16:51:53Z,V1,signed_seeded,46202862,1024,1024,1,-23.331122517585754,-23.331123352050781,8.3446502685546875e-07,496.94338524341583,1.679195360346181e-09,0.0056880738539998735,true,PASS,
2026-08-30T16:51:53Z,V1,signed_seeded,46202862,1024,1024,2,-23.331122517585754,-23.331123352050781,8.3446502685546875e-07,496.94338524341583,1.679195360346181e-09,0.0056880738539998735,true,PASS,
2026-08-30T16:51:53Z,V1,signed_seeded,46202862,1024,1024,3,-23.331122517585754,-23.331123352050781,8.3446502685546875e-07,496.94338524341583,1.679195360346181e-09,0.0056880738539998735,true,PASS,
2026-08-30T16:51:53Z,V2,signed_seeded,46202862,1024,1024,1,-23.331122517585754,-23.331123352050781,8.3446502685546875e-07,496.94338524341583,1.679195360346181e-09,0.0056880738539998735,true,PASS,
2026-08-30T16:51:53Z,V2,signed_seeded,46202862,1024,1024,2,-23.331122517585754,-23.331123352050781,8.3446502685546875e-07,496.94338524341583,1.679195360346181e-09,0.0056880738539998735,true,PASS,
2026-08-30T16:51:53Z,V2,signed_seeded,46202862,1024,1024,3,-23.331122517585754,-23.331123352050781,8.3446502685546875e-07,496.94338524341583,1.679195360346181e-09,0.0056880738539998735,true,PASS,
2026-08-30T16:51:53Z,V3,signed_seeded,46202862,1024,1024,1,-23.331122517585754,-23.331123352050781,8.3446502685546875e-07,496.94338524341583,1.679195360346181e-09,0.0056880738539998735,true,PASS,
2026-08-30T16:51:53Z,V3,signed_seeded,46202862,1024,1024,2,-23.331122517585754,-23.331123352050781,8.3446502685546875e-07,496.94338524341583,1.679195360346181e-09,0.0056880738539998735,true,PASS,
2026-08-30T16:51:53Z,V3,signed_seeded,46202862,1024,1024,3,-23.331122517585754,-23.331123352050781,8.3446502685546875e-07,496.94338524341583,1.679195360346181e-09,0.0056880738539998735,true,PASS,
2026-08-30T16:51:53Z,V4,signed_seeded,46202862,1024,1024,1,-23.331122517585754,-23.331123352050781,8.3446502685546875e-07,496.94338524341583,1.679195360346181e-09,0.0056880738539998735,true,PASS,
2026-08-30T16:51:53Z,V4,signed_seeded,46202862,1024,1024,2,-23.331122517585754,-23.331123352050781,8.3446502685546875e-07,496.94338524341583,1.679195360346181e-09,0.0056880738539998735,true,PASS,
2026-08-30T16:51:53Z,V4,signed_seeded,46202862,1024,1024,3,-23.331122517585754,-23.331123352050781,8.3446502685546875e-07,496.94338524341583,1.679195360346181e-09,0.0056880738539998735,true,PASS,
2026-08-30T16:51:53Z,V5,signed_seeded,46202862,1024,1024,1,-23.331122517585754,-23.331123352050781,8.3446502685546875e-07,496.94338524341583,1.679195360346181e-09,0.0056880738539998735,true,PASS,
2026-08-30T16:51:53Z,V5,signed_seeded,46202862,1024,1024,2,-23.331122517585754,-23.331123352050781,8.3446502685546875e-07,496.94338524341583,1.679195360346181e-09,0.0056880738539998735,true,PASS,
2026-08-30T16:51:53Z,V5,signed_seeded,46202862,1024,1024,3,-23.331122517585754,-23.331123352050781,8.3446502685546875e-07,496.94338524341583,1.679195360346181e-09,0.0056880738539998735,true,PASS,
2026-08-30T16:51:53Z,V6,signed_seeded,46202862,1024,1024,1,-23.331122517585754,-23.331123352050781,8.3446502685546875e-07,496.94338524341583,1.679195360346181e-09,0.0056880738539998735,true,PASS,
2026-08-30T16:51:53Z,V6,signed_seeded,46202862,1024,1024,2,-23.331122517585754,-23.331123352050781,8.3446502685546875e-07,496.94338524341583,1.679195360346181e-09,0.0056880738539998735,true,PASS,
2026-08-30T16:51:53Z,V6,signed_seeded,46202862,1024,1024,3,-23.331122517585754,-23.331123352050781,8.3446502685546875e-07,496.94338524341583,1.679195360346181e-09,0.0056880738539998735,true,PASS,
2026-08-30T16:51:53Z,V7,signed_seeded,46202862,1024,1024,1,-23.331122517585754,-23.331123352050781,8.3446502685546875e-07,496.94338524341583,1.679195360346181e-09,0.0056880738539998735,true,PASS,
2026-08-30T16:51:53Z,V7,signed_seeded,46202862,1024,1024,2,-23.331122517585754,-23.331123352050781,8.3446502685546875e-07,496.94338524341583,1.679195360346181e-09,0.0056880738539998735,true,PASS,
2026-08-30T16:51:53Z,V7,signed_seeded,46202862,1024,1024,3,-23.331122517585754,-23.331123352050781,8.3446502685546875e-07,496.94338524341583,1.679195360346181e-09,0.0056880738539998735,true,PASS,
2026-08-30T16:51:53Z,V1,cancellation,46202862,1024,1024,1,-0.0625,-0.0625,0,511.1875,0,0.005851085044028822,true,PASS,
2026-08-30T16:51:53Z,V1,cancellation,46202862,1024,1024,2,-0.0625,-0.0625,0,511.1875,0,0.005851085044028822,true,PASS,
2026-08-30T16:51:53Z,V1,cancellation,46202862,1024,1024,3,-0.0625,-0.0625,0,511.1875,0,0.005851085044028822,true,PASS,
2026-08-30T16:51:53Z,V2,cancellation,46202862,1024,1024,1,-0.0625,-0.0625,0,511.1875,0,0.005851085044028822,true,PASS,
2026-08-30T16:51:53Z,V2,cancellation,46202862,1024,1024,2,-0.0625,-0.0625,0,511.1875,0,0.005851085044028822,true,PASS,
2026-08-30T16:51:53Z,V2,cancellation,46202862,1024,1024,3,-0.0625,-0.0625,0,511.1875,0,0.005851085044028822,true,PASS,
2026-08-30T16:51:53Z,V3,cancellation,46202862,1024,1024,1,-0.0625,-0.0625,0,511.1875,0,0.005851085044028822,true,PASS,
2026-08-30T16:51:53Z,V3,cancellation,46202862,1024,1024,2,-0.0625,-0.0625,0,511.1875,0,0.005851085044028822,true,PASS,
2026-08-30T16:51:53Z,V3,cancellation,46202862,1024,1024,3,-0.0625,-0.0625,0,511.1875,0,0.005851085044028822,true,PASS,
2026-08-30T16:51:53Z,V4,cancellation,46202862,1024,1024,1,-0.0625,-0.0625,0,511.1875,0,0.005851085044028822,true,PASS,
2026-08-30T16:51:53Z,V4,cancellation,46202862,1024,1024,2,-0.0625,-0.0625,0,511.1875,0,0.005851085044028822,true,PASS,
2026-08-30T16:51:53Z,V4,cancellation,46202862,1024,1024,3,-0.0625,-0.0625,0,511.1875,0,0.005851085044028822,true,PASS,
2026-08-30T16:51:53Z,V5,cancellation,46202862,1024,1024,1,-0.0625,-0.0625,0,511.1875,0,0.005851085044028822,true,PASS,
2026-08-30T16:51:53Z,V5,cancellation,46202862,1024,1024,2,-0.0625,-0.0625,0,511.1875,0,0.005851085044028822,true,PASS,
2026-08-30T16:51:53Z,V5,cancellation,46202862,1024,1024,3,-0.0625,-0.0625,0,511.1875,0,0.005851085044028822,true,PASS,
2026-08-30T16:51:53Z,V6,cancellation,46202862,1024,1024,1,-0.0625,-0.0625,0,511.1875,0,0.005851085044028822,true,PASS,
2026-08-30T16:51:53Z,V6,cancellation,46202862,1024,1024,2,-0.0625,-0.0625,0,511.1875,0,0.005851085044028822,true,PASS,
2026-08-30T16:51:53Z,V6,cancellation,46202862,1024,1024,3,-0.0625,-0.0625,0,511.1875,0,0.005851085044028822,true,PASS,
2026-08-30T16:51:53Z,V7,cancellation,46202862,1024,1024,1,-0.0625,-0.0625,0,511.1875,0,0.005851085044028822,true,PASS,
2026-08-30T16:51:53Z,V7,cancellation,46202862,1024,1024,2,-0.0625,-0.0625,0,511.1875,0,0.005851085044028822,true,PASS,
2026-08-30T16:51:53Z,V7,cancellation,46202862,1024,1024,3,-0.0625,-0.0625,0,511.1875,0,0.005851085044028822,true,PASS,
2026-08-30T16:51:53Z,V1,ones,46202862,1025,1024,1,1025,1025,0,1025,0,0.012708729959546266,true,PASS,
2026-08-30T16:51:53Z,V1,ones,46202862,1025,1024,2,1025,1025,0,1025,0,0.012708729959546266,true,PASS,
2026-08-30T16:51:53Z,V1,ones,46202862,1025,1024,3,1025,1025,0,1025,0,0.012708729959546266,true,PASS,
2026-08-30T16:51:53Z,V2,ones,46202862,1025,1024,1,1025,1025,0,1025,0,0.012708729959546266,true,PASS,
2026-08-30T16:51:53Z,V2,ones,46202862,1025,1024,2,1025,1025,0,1025,0,0.012708729959546266,true,PASS,
2026-08-30T16:51:53Z,V2,ones,46202862,1025,1024,3,1025,1025,0,1025,0,0.012708729959546266,true,PASS,
2026-08-30T16:51:53Z,V3,ones,46202862,1025,1024,1,1025,1025,0,1025,0,0.012708729959546266,true,PASS,
2026-08-30T16:51:53Z,V3,ones,46202862,1025,1024,2,1025,1025,0,1025,0,0.012708729959546266,true,PASS,
2026-08-30T16:51:53Z,V3,ones,46202862,1025,1024,3,1025,1025,0,1025,0,0.012708729959546266,true,PASS,
2026-08-30T16:51:53Z,V4,ones,46202862,1025,1024,1,1025,1025,0,1025,0,0.012708729959546266,true,PASS,
2026-08-30T16:51:53Z,V4,ones,46202862,1025,1024,2,1025,1025,0,1025,0,0.012708729959546266,true,PASS,
2026-08-30T16:51:53Z,V4,ones,46202862,1025,1024,3,1025,1025,0,1025,0,0.012708729959546266,true,PASS,
2026-08-30T16:51:53Z,V5,ones,46202862,1025,1024,1,1025,1025,0,1025,0,0.012708729959546266,true,PASS,
2026-08-30T16:51:53Z,V5,ones,46202862,1025,1024,2,1025,1025,0,1025,0,0.012708729959546266,true,PASS,
2026-08-30T16:51:53Z,V5,ones,46202862,1025,1024,3,1025,1025,0,1025,0,0.012708729959546266,true,PASS,
2026-08-30T16:51:53Z,V6,ones,46202862,1025,1024,1,1025,1025,0,1025,0,0.012708729959546266,true,PASS,
2026-08-30T16:51:53Z,V6,ones,46202862,1025,1024,2,1025,1025,0,1025,0,0.012708729959546266,true,PASS,
2026-08-30T16:51:53Z,V6,ones,46202862,1025,1024,3,1025,1025,0,1025,0,0.012708729959546266,true,PASS,
2026-08-30T16:51:53Z,V7,ones,46202862,1025,1024,1,1025,1025,0,1025,0,0.012708729959546266,true,PASS,
2026-08-30T16:51:53Z,V7,ones,46202862,1025,1024,2,1025,1025,0,1025,0,0.012708729959546266,true,PASS,
2026-08-30T16:51:53Z,V7,ones,46202862,1025,1024,3,1025,1025,0,1025,0,0.012708729959546266,true,PASS,
2026-08-30T16:51:53Z,V1,signed_seeded,46202862,1025,1024,1,-23.815433323383331,-23.815433502197266,1.7881393432617188e-07,497.42769604921341,3.5947723809186689e-10,0.006168001791017232,true,PASS,
2026-08-30T16:51:53Z,V1,signed_seeded,46202862,1025,1024,2,-23.815433323383331,-23.815433502197266,1.7881393432617188e-07,497.42769604921341,3.5947723809186689e-10,0.006168001791017232,true,PASS,
2026-08-30T16:51:53Z,V1,signed_seeded,46202862,1025,1024,3,-23.815433323383331,-23.815433502197266,1.7881393432617188e-07,497.42769604921341,3.5947723809186689e-10,0.006168001791017232,true,PASS,
2026-08-30T16:51:53Z,V2,signed_seeded,46202862,1025,1024,1,-23.815433323383331,-23.815433502197266,1.7881393432617188e-07,497.42769604921341,3.5947723809186689e-10,0.006168001791017232,true,PASS,
2026-08-30T16:51:53Z,V2,signed_seeded,46202862,1025,1024,2,-23.815433323383331,-23.815433502197266,1.7881393432617188e-07,497.42769604921341,3.5947723809186689e-10,0.006168001791017232,true,PASS,
2026-08-30T16:51:53Z,V2,signed_seeded,46202862,1025,1024,3,-23.815433323383331,-23.815433502197266,1.7881393432617188e-07,497.42769604921341,3.5947723809186689e-10,0.006168001791017232,true,PASS,
2026-08-30T16:51:53Z,V3,signed_seeded,46202862,1025,1024,1,-23.815433323383331,-23.815433502197266,1.7881393432617188e-07,497.42769604921341,3.5947723809186689e-10,0.006168001791017232,true,PASS,
2026-08-30T16:51:53Z,V3,signed_seeded,46202862,1025,1024,2,-23.815433323383331,-23.815433502197266,1.7881393432617188e-07,497.42769604921341,3.5947723809186689e-10,0.006168001791017232,true,PASS,
2026-08-30T16:51:53Z,V3,signed_seeded,46202862,1025,1024,3,-23.815433323383331,-23.815433502197266,1.7881393432617188e-07,497.42769604921341,3.5947723809186689e-10,0.006168001791017232,true,PASS,
2026-08-30T16:51:53Z,V4,signed_seeded,46202862,1025,1024,1,-23.815433323383331,-23.815433502197266,1.7881393432617188e-07,497.42769604921341,3.5947723809186689e-10,0.006168001791017232,true,PASS,
2026-08-30T16:51:53Z,V4,signed_seeded,46202862,1025,1024,2,-23.815433323383331,-23.815433502197266,1.7881393432617188e-07,497.42769604921341,3.5947723809186689e-10,0.006168001791017232,true,PASS,
2026-08-30T16:51:53Z,V4,signed_seeded,46202862,1025,1024,3,-23.815433323383331,-23.815433502197266,1.7881393432617188e-07,497.42769604921341,3.5947723809186689e-10,0.006168001791017232,true,PASS,
2026-08-30T16:51:53Z,V5,signed_seeded,46202862,1025,1024,1,-23.815433323383331,-23.815433502197266,1.7881393432617188e-07,497.42769604921341,3.5947723809186689e-10,0.006168001791017232,true,PASS,
2026-08-30T16:51:53Z,V5,signed_seeded,46202862,1025,1024,2,-23.815433323383331,-23.815433502197266,1.7881393432617188e-07,497.42769604921341,3.5947723809186689e-10,0.006168001791017232,true,PASS,
2026-08-30T16:51:53Z,V5,signed_seeded,46202862,1025,1024,3,-23.815433323383331,-23.815433502197266,1.7881393432617188e-07,497.42769604921341,3.5947723809186689e-10,0.006168001791017232,true,PASS,
2026-08-30T16:51:53Z,V6,signed_seeded,46202862,1025,1024,1,-23.815433323383331,-23.815433502197266,1.7881393432617188e-07,497.42769604921341,3.5947723809186689e-10,0.006168001791017232,true,PASS,
2026-08-30T16:51:53Z,V6,signed_seeded,46202862,1025,1024,2,-23.815433323383331,-23.815433502197266,1.7881393432617188e-07,497.42769604921341,3.5947723809186689e-10,0.006168001791017232,true,PASS,
2026-08-30T16:51:53Z,V6,signed_seeded,46202862,1025,1024,3,-23.815433323383331,-23.815433502197266,1.7881393432617188e-07,497.42769604921341,3.5947723809186689e-10,0.006168001791017232,true,PASS,
2026-08-30T16:51:53Z,V7,signed_seeded,46202862,1025,1024,1,-23.815433323383331,-23.815433502197266,1.7881393432617188e-07,497.42769604921341,3.5947723809186689e-10,0.006168001791017232,true,PASS,
2026-08-30T16:51:53Z,V7,signed_seeded,46202862,1025,1024,2,-23.815433323383331,-23.815433502197266,1.7881393432617188e-07,497.42769604921341,3.5947723809186689e-10,0.006168001791017232,true,PASS,
2026-08-30T16:51:53Z,V7,signed_seeded,46202862,1025,1024,3,-23.815433323383331,-23.815433502197266,1.7881393432617188e-07,497.42769604921341,3.5947723809186689e-10,0.006168001791017232,true,PASS,
2026-08-30T16:51:53Z,V1,cancellation,46202862,1025,1024,1,0.3125,0.3125,0,511.5625,0,0.0063432420560296451,true,PASS,
2026-08-30T16:51:53Z,V1,cancellation,46202862,1025,1024,2,0.3125,0.3125,0,511.5625,0,0.0063432420560296451,true,PASS,
2026-08-30T16:51:53Z,V1,cancellation,46202862,1025,1024,3,0.3125,0.3125,0,511.5625,0,0.0063432420560296451,true,PASS,
2026-08-30T16:51:53Z,V2,cancellation,46202862,1025,1024,1,0.3125,0.3125,0,511.5625,0,0.0063432420560296451,true,PASS,
2026-08-30T16:51:53Z,V2,cancellation,46202862,1025,1024,2,0.3125,0.3125,0,511.5625,0,0.0063432420560296451,true,PASS,
2026-08-30T16:51:53Z,V2,cancellation,46202862,1025,1024,3,0.3125,0.3125,0,511.5625,0,0.0063432420560296451,true,PASS,
2026-08-30T16:51:53Z,V3,cancellation,46202862,1025,1024,1,0.3125,0.3125,0,511.5625,0,0.0063432420560296451,true,PASS,
2026-08-30T16:51:53Z,V3,cancellation,46202862,1025,1024,2,0.3125,0.3125,0,511.5625,0,0.0063432420560296451,true,PASS,
2026-08-30T16:51:53Z,V3,cancellation,46202862,1025,1024,3,0.3125,0.3125,0,511.5625,0,0.0063432420560296451,true,PASS,
2026-08-30T16:51:53Z,V4,cancellation,46202862,1025,1024,1,0.3125,0.3125,0,511.5625,0,0.0063432420560296451,true,PASS,
2026-08-30T16:51:53Z,V4,cancellation,46202862,1025,1024,2,0.3125,0.3125,0,511.5625,0,0.0063432420560296451,true,PASS,
2026-08-30T16:51:53Z,V4,cancellation,46202862,1025,1024,3,0.3125,0.3125,0,511.5625,0,0.0063432420560296451,true,PASS,
2026-08-30T16:51:53Z,V5,cancellation,46202862,1025,1024,1,0.3125,0.3125,0,511.5625,0,0.0063432420560296451,true,PASS,
2026-08-30T16:51:53Z,V5,cancellation,46202862,1025,1024,2,0.3125,0.3125,0,511.5625,0,0.0063432420560296451,true,PASS,
2026-08-30T16:51:53Z,V5,cancellation,46202862,1025,1024,3,0.3125,0.3125,0,511.5625,0,0.0063432420560296451,true,PASS,
2026-08-30T16:51:53Z,V6,cancellation,46202862,1025,1024,1,0.3125,0.3125,0,511.5625,0,0.0063432420560296451,true,PASS,
2026-08-30T16:51:53Z,V6,cancellation,46202862,1025,1024,2,0.3125,0.3125,0,511.5625,0,0.0063432420560296451,true,PASS,
2026-08-30T16:51:53Z,V6,cancellation,46202862,1025,1024,3,0.3125,0.3125,0,511.5625,0,0.0063432420560296451,true,PASS,
2026-08-30T16:51:53Z,V7,cancellation,46202862,1025,1024,1,0.3125,0.3125,0,511.5625,0,0.0063432420560296451,true,PASS,
2026-08-30T16:51:53Z,V7,cancellation,46202862,1025,1024,2,0.3125,0.3125,0,511.5625,0,0.0063432420560296451,true,PASS,
2026-08-30T16:51:53Z,V7,cancellation,46202862,1025,1024,3,0.3125,0.3125,0,511.5625,0,0.0063432420560296451,true,PASS,
2026-08-30T16:51:53Z,V1,ones,46202862,2047,1024,1,2047,2047,0,2047,0,0.025379266563113369,true,PASS,
2026-08-30T16:51:53Z,V1,ones,46202862,2047,1024,2,2047,2047,0,2047,0,0.025379266563113369,true,PASS,
2026-08-30T16:51:53Z,V1,ones,46202862,2047,1024,3,2047,2047,0,2047,0,0.025379266563113369,true,PASS,
2026-08-30T16:51:53Z,V2,ones,46202862,2047,1024,1,2047,2047,0,2047,0,0.025379266563113369,true,PASS,
2026-08-30T16:51:53Z,V2,ones,46202862,2047,1024,2,2047,2047,0,2047,0,0.025379266563113369,true,PASS,
2026-08-30T16:51:53Z,V2,ones,46202862,2047,1024,3,2047,2047,0,2047,0,0.025379266563113369,true,PASS,
2026-08-30T16:51:53Z,V3,ones,46202862,2047,1024,1,2047,2047,0,2047,0,0.025379266563113369,true,PASS,
2026-08-30T16:51:53Z,V3,ones,46202862,2047,1024,2,2047,2047,0,2047,0,0.025379266563113369,true,PASS,
2026-08-30T16:51:53Z,V3,ones,46202862,2047,1024,3,2047,2047,0,2047,0,0.025379266563113369,true,PASS,
2026-08-30T16:51:53Z,V4,ones,46202862,2047,1024,1,2047,2047,0,2047,0,0.025379266563113369,true,PASS,
2026-08-30T16:51:53Z,V4,ones,46202862,2047,1024,2,2047,2047,0,2047,0,0.025379266563113369,true,PASS,
2026-08-30T16:51:53Z,V4,ones,46202862,2047,1024,3,2047,2047,0,2047,0,0.025379266563113369,true,PASS,
2026-08-30T16:51:53Z,V5,ones,46202862,2047,1024,1,2047,2047,0,2047,0,0.025379266563113369,true,PASS,
2026-08-30T16:51:53Z,V5,ones,46202862,2047,1024,2,2047,2047,0,2047,0,0.025379266563113369,true,PASS,
2026-08-30T16:51:53Z,V5,ones,46202862,2047,1024,3,2047,2047,0,2047,0,0.025379266563113369,true,PASS,
2026-08-30T16:51:53Z,V6,ones,46202862,2047,1024,1,2047,2047,0,2047,0,0.025379266563113369,true,PASS,
2026-08-30T16:51:53Z,V6,ones,46202862,2047,1024,2,2047,2047,0,2047,0,0.025379266563113369,true,PASS,
2026-08-30T16:51:53Z,V6,ones,46202862,2047,1024,3,2047,2047,0,2047,0,0.025379266563113369,true,PASS,
2026-08-30T16:51:53Z,V7,ones,46202862,2047,1024,1,2047,2047,0,2047,0,0.025379266563113369,true,PASS,
2026-08-30T16:51:53Z,V7,ones,46202862,2047,1024,2,2047,2047,0,2047,0,0.025379266563113369,true,PASS,
2026-08-30T16:51:53Z,V7,ones,46202862,2047,1024,3,2047,2047,0,2047,0,0.025379266563113369,true,PASS,
2026-08-30T16:51:53Z,V1,signed_seeded,46202862,2047,1024,1,-32.656268775463104,-32.656265258789062,3.5166740417480469e-06,994.61810272932053,3.5357028311650277e-09,0.01233206171937605,true,PASS,
2026-08-30T16:51:53Z,V1,signed_seeded,46202862,2047,1024,2,-32.656268775463104,-32.656265258789062,3.5166740417480469e-06,994.61810272932053,3.5357028311650277e-09,0.01233206171937605,true,PASS,
2026-08-30T16:51:53Z,V1,signed_seeded,46202862,2047,1024,3,-32.656268775463104,-32.656265258789062,3.5166740417480469e-06,994.61810272932053,3.5357028311650277e-09,0.01233206171937605,true,PASS,
2026-08-30T16:51:53Z,V2,signed_seeded,46202862,2047,1024,1,-32.656268775463104,-32.656265258789062,3.5166740417480469e-06,994.61810272932053,3.5357028311650277e-09,0.01233206171937605,true,PASS,
2026-08-30T16:51:53Z,V2,signed_seeded,46202862,2047,1024,2,-32.656268775463104,-32.656265258789062,3.5166740417480469e-06,994.61810272932053,3.5357028311650277e-09,0.01233206171937605,true,PASS,
2026-08-30T16:51:53Z,V2,signed_seeded,46202862,2047,1024,3,-32.656268775463104,-32.656265258789062,3.5166740417480469e-06,994.61810272932053,3.5357028311650277e-09,0.01233206171937605,true,PASS,
2026-08-30T16:51:53Z,V3,signed_seeded,46202862,2047,1024,1,-32.656268775463104,-32.656265258789062,3.5166740417480469e-06,994.61810272932053,3.5357028311650277e-09,0.01233206171937605,true,PASS,
2026-08-30T16:51:53Z,V3,signed_seeded,46202862,2047,1024,2,-32.656268775463104,-32.656265258789062,3.5166740417480469e-06,994.61810272932053,3.5357028311650277e-09,0.01233206171937605,true,PASS,
2026-08-30T16:51:53Z,V3,signed_seeded,46202862,2047,1024,3,-32.656268775463104,-32.656265258789062,3.5166740417480469e-06,994.61810272932053,3.5357028311650277e-09,0.01233206171937605,true,PASS,
2026-08-30T16:51:53Z,V4,signed_seeded,46202862,2047,1024,1,-32.656268775463104,-32.656265258789062,3.5166740417480469e-06,994.61810272932053,3.5357028311650277e-09,0.01233206171937605,true,PASS,
2026-08-30T16:51:53Z,V4,signed_seeded,46202862,2047,1024,2,-32.656268775463104,-32.656265258789062,3.5166740417480469e-06,994.61810272932053,3.5357028311650277e-09,0.01233206171937605,true,PASS,
2026-08-30T16:51:53Z,V4,signed_seeded,46202862,2047,1024,3,-32.656268775463104,-32.656265258789062,3.5166740417480469e-06,994.61810272932053,3.5357028311650277e-09,0.01233206171937605,true,PASS,
2026-08-30T16:51:53Z,V5,signed_seeded,46202862,2047,1024,1,-32.656268775463104,-32.656272888183594,4.1127204895019531e-06,994.61810272932053,4.1349744974641848e-09,0.01233206171937605,true,PASS,
2026-08-30T16:51:53Z,V5,signed_seeded,46202862,2047,1024,2,-32.656268775463104,-32.656272888183594,4.1127204895019531e-06,994.61810272932053,4.1349744974641848e-09,0.01233206171937605,true,PASS,
2026-08-30T16:51:53Z,V5,signed_seeded,46202862,2047,1024,3,-32.656268775463104,-32.656272888183594,4.1127204895019531e-06,994.61810272932053,4.1349744974641848e-09,0.01233206171937605,true,PASS,
2026-08-30T16:51:53Z,V6,signed_seeded,46202862,2047,1024,1,-32.656268775463104,-32.656265258789062,3.5166740417480469e-06,994.61810272932053,3.5357028311650277e-09,0.01233206171937605,true,PASS,
2026-08-30T16:51:53Z,V6,signed_seeded,46202862,2047,1024,2,-32.656268775463104,-32.656265258789062,3.5166740417480469e-06,994.61810272932053,3.5357028311650277e-09,0.01233206171937605,true,PASS,
2026-08-30T16:51:53Z,V6,signed_seeded,46202862,2047,1024,3,-32.656268775463104,-32.656265258789062,3.5166740417480469e-06,994.61810272932053,3.5357028311650277e-09,0.01233206171937605,true,PASS,
2026-08-30T16:51:53Z,V7,signed_seeded,46202862,2047,1024,1,-32.656268775463104,-32.656272888183594,4.1127204895019531e-06,994.61810272932053,4.1349744974641848e-09,0.01233206171937605,true,PASS,
2026-08-30T16:51:53Z,V7,signed_seeded,46202862,2047,1024,2,-32.656268775463104,-32.656272888183594,4.1127204895019531e-06,994.61810272932053,4.1349744974641848e-09,0.01233206171937605,true,PASS,
2026-08-30T16:51:53Z,V7,signed_seeded,46202862,2047,1024,3,-32.656268775463104,-32.656272888183594,4.1127204895019531e-06,994.61810272932053,4.1349744974641848e-09,0.01233206171937605,true,PASS,
2026-08-30T16:51:53Z,V1,cancellation,46202862,2047,1024,1,0.34375,0.34375,0,1022.40625,0,0.012676573203855949,true,PASS,
2026-08-30T16:51:53Z,V1,cancellation,46202862,2047,1024,2,0.34375,0.34375,0,1022.40625,0,0.012676573203855949,true,PASS,
2026-08-30T16:51:53Z,V1,cancellation,46202862,2047,1024,3,0.34375,0.34375,0,1022.40625,0,0.012676573203855949,true,PASS,
2026-08-30T16:51:53Z,V2,cancellation,46202862,2047,1024,1,0.34375,0.34375,0,1022.40625,0,0.012676573203855949,true,PASS,
2026-08-30T16:51:53Z,V2,cancellation,46202862,2047,1024,2,0.34375,0.34375,0,1022.40625,0,0.012676573203855949,true,PASS,
2026-08-30T16:51:53Z,V2,cancellation,46202862,2047,1024,3,0.34375,0.34375,0,1022.40625,0,0.012676573203855949,true,PASS,
2026-08-30T16:51:53Z,V3,cancellation,46202862,2047,1024,1,0.34375,0.34375,0,1022.40625,0,0.012676573203855949,true,PASS,
2026-08-30T16:51:53Z,V3,cancellation,46202862,2047,1024,2,0.34375,0.34375,0,1022.40625,0,0.012676573203855949,true,PASS,
2026-08-30T16:51:53Z,V3,cancellation,46202862,2047,1024,3,0.34375,0.34375,0,1022.40625,0,0.012676573203855949,true,PASS,
2026-08-30T16:51:53Z,V4,cancellation,46202862,2047,1024,1,0.34375,0.34375,0,1022.40625,0,0.012676573203855949,true,PASS,
2026-08-30T16:51:53Z,V4,cancellation,46202862,2047,1024,2,0.34375,0.34375,0,1022.40625,0,0.012676573203855949,true,PASS,
2026-08-30T16:51:53Z,V4,cancellation,46202862,2047,1024,3,0.34375,0.34375,0,1022.40625,0,0.012676573203855949,true,PASS,
2026-08-30T16:51:53Z,V5,cancellation,46202862,2047,1024,1,0.34375,0.34375,0,1022.40625,0,0.012676573203855949,true,PASS,
2026-08-30T16:51:53Z,V5,cancellation,46202862,2047,1024,2,0.34375,0.34375,0,1022.40625,0,0.012676573203855949,true,PASS,
2026-08-30T16:51:53Z,V5,cancellation,46202862,2047,1024,3,0.34375,0.34375,0,1022.40625,0,0.012676573203855949,true,PASS,
2026-08-30T16:51:53Z,V6,cancellation,46202862,2047,1024,1,0.34375,0.34375,0,1022.40625,0,0.012676573203855949,true,PASS,
2026-08-30T16:51:53Z,V6,cancellation,46202862,2047,1024,2,0.34375,0.34375,0,1022.40625,0,0.012676573203855949,true,PASS,
2026-08-30T16:51:53Z,V6,cancellation,46202862,2047,1024,3,0.34375,0.34375,0,1022.40625,0,0.012676573203855949,true,PASS,
2026-08-30T16:51:53Z,V7,cancellation,46202862,2047,1024,1,0.34375,0.34375,0,1022.40625,0,0.012676573203855949,true,PASS,
2026-08-30T16:51:53Z,V7,cancellation,46202862,2047,1024,2,0.34375,0.34375,0,1022.40625,0,0.012676573203855949,true,PASS,
2026-08-30T16:51:53Z,V7,cancellation,46202862,2047,1024,3,0.34375,0.34375,0,1022.40625,0,0.012676573203855949,true,PASS,
2026-08-30T16:51:53Z,V1,ones,46202862,2048,1024,1,2048,2048,0,2048,0,0.025391664348439758,true,PASS,
2026-08-30T16:51:53Z,V1,ones,46202862,2048,1024,2,2048,2048,0,2048,0,0.025391664348439758,true,PASS,
2026-08-30T16:51:53Z,V1,ones,46202862,2048,1024,3,2048,2048,0,2048,0,0.025391664348439758,true,PASS,
2026-08-30T16:51:53Z,V2,ones,46202862,2048,1024,1,2048,2048,0,2048,0,0.025391664348439758,true,PASS,
2026-08-30T16:51:53Z,V2,ones,46202862,2048,1024,2,2048,2048,0,2048,0,0.025391664348439758,true,PASS,
2026-08-30T16:51:53Z,V2,ones,46202862,2048,1024,3,2048,2048,0,2048,0,0.025391664348439758,true,PASS,
2026-08-30T16:51:53Z,V3,ones,46202862,2048,1024,1,2048,2048,0,2048,0,0.025391664348439758,true,PASS,
2026-08-30T16:51:53Z,V3,ones,46202862,2048,1024,2,2048,2048,0,2048,0,0.025391664348439758,true,PASS,
2026-08-30T16:51:53Z,V3,ones,46202862,2048,1024,3,2048,2048,0,2048,0,0.025391664348439758,true,PASS,
2026-08-30T16:51:53Z,V4,ones,46202862,2048,1024,1,2048,2048,0,2048,0,0.025391664348439758,true,PASS,
2026-08-30T16:51:53Z,V4,ones,46202862,2048,1024,2,2048,2048,0,2048,0,0.025391664348439758,true,PASS,
2026-08-30T16:51:53Z,V4,ones,46202862,2048,1024,3,2048,2048,0,2048,0,0.025391664348439758,true,PASS,
2026-08-30T16:51:53Z,V5,ones,46202862,2048,1024,1,2048,2048,0,2048,0,0.025391664348439758,true,PASS,
2026-08-30T16:51:53Z,V5,ones,46202862,2048,1024,2,2048,2048,0,2048,0,0.025391664348439758,true,PASS,
2026-08-30T16:51:53Z,V5,ones,46202862,2048,1024,3,2048,2048,0,2048,0,0.025391664348439758,true,PASS,
2026-08-30T16:51:53Z,V6,ones,46202862,2048,1024,1,2048,2048,0,2048,0,0.025391664348439758,true,PASS,
2026-08-30T16:51:53Z,V6,ones,46202862,2048,1024,2,2048,2048,0,2048,0,0.025391664348439758,true,PASS,
2026-08-30T16:51:53Z,V6,ones,46202862,2048,1024,3,2048,2048,0,2048,0,0.025391664348439758,true,PASS,
2026-08-30T16:51:53Z,V7,ones,46202862,2048,1024,1,2048,2048,0,2048,0,0.025391664348439758,true,PASS,
2026-08-30T16:51:53Z,V7,ones,46202862,2048,1024,2,2048,2048,0,2048,0,0.025391664348439758,true,PASS,
2026-08-30T16:51:53Z,V7,ones,46202862,2048,1024,3,2048,2048,0,2048,0,0.025391664348439758,true,PASS,
2026-08-30T16:51:53Z,V1,signed_seeded,46202862,2048,1024,1,-33.465850055217743,-33.465850830078125,7.7486038208007812e-07,995.42768400907516,7.7841956229239633e-10,0.012342098734286709,true,PASS,
2026-08-30T16:51:53Z,V1,signed_seeded,46202862,2048,1024,2,-33.465850055217743,-33.465850830078125,7.7486038208007812e-07,995.42768400907516,7.7841956229239633e-10,0.012342098734286709,true,PASS,
2026-08-30T16:51:53Z,V1,signed_seeded,46202862,2048,1024,3,-33.465850055217743,-33.465850830078125,7.7486038208007812e-07,995.42768400907516,7.7841956229239633e-10,0.012342098734286709,true,PASS,
2026-08-30T16:51:53Z,V2,signed_seeded,46202862,2048,1024,1,-33.465850055217743,-33.465850830078125,7.7486038208007812e-07,995.42768400907516,7.7841956229239633e-10,0.012342098734286709,true,PASS,
2026-08-30T16:51:53Z,V2,signed_seeded,46202862,2048,1024,2,-33.465850055217743,-33.465850830078125,7.7486038208007812e-07,995.42768400907516,7.7841956229239633e-10,0.012342098734286709,true,PASS,
2026-08-30T16:51:53Z,V2,signed_seeded,46202862,2048,1024,3,-33.465850055217743,-33.465850830078125,7.7486038208007812e-07,995.42768400907516,7.7841956229239633e-10,0.012342098734286709,true,PASS,
2026-08-30T16:51:53Z,V3,signed_seeded,46202862,2048,1024,1,-33.465850055217743,-33.465850830078125,7.7486038208007812e-07,995.42768400907516,7.7841956229239633e-10,0.012342098734286709,true,PASS,
2026-08-30T16:51:53Z,V3,signed_seeded,46202862,2048,1024,2,-33.465850055217743,-33.465850830078125,7.7486038208007812e-07,995.42768400907516,7.7841956229239633e-10,0.012342098734286709,true,PASS,
2026-08-30T16:51:53Z,V3,signed_seeded,46202862,2048,1024,3,-33.465850055217743,-33.465850830078125,7.7486038208007812e-07,995.42768400907516,7.7841956229239633e-10,0.012342098734286709,true,PASS,
2026-08-30T16:51:53Z,V4,signed_seeded,46202862,2048,1024,1,-33.465850055217743,-33.465850830078125,7.7486038208007812e-07,995.42768400907516,7.7841956229239633e-10,0.012342098734286709,true,PASS,
2026-08-30T16:51:53Z,V4,signed_seeded,46202862,2048,1024,2,-33.465850055217743,-33.465850830078125,7.7486038208007812e-07,995.42768400907516,7.7841956229239633e-10,0.012342098734286709,true,PASS,
2026-08-30T16:51:53Z,V4,signed_seeded,46202862,2048,1024,3,-33.465850055217743,-33.465850830078125,7.7486038208007812e-07,995.42768400907516,7.7841956229239633e-10,0.012342098734286709,true,PASS,
2026-08-30T16:51:53Z,V5,signed_seeded,46202862,2048,1024,1,-33.465850055217743,-33.465854644775391,4.5895576477050781e-06,995.42768400907516,4.6106389458857325e-09,0.012342098734286709,true,PASS,
2026-08-30T16:51:53Z,V5,signed_seeded,46202862,2048,1024,2,-33.465850055217743,-33.465854644775391,4.5895576477050781e-06,995.42768400907516,4.6106389458857325e-09,0.012342098734286709,true,PASS,
2026-08-30T16:51:53Z,V5,signed_seeded,46202862,2048,1024,3,-33.465850055217743,-33.465854644775391,4.5895576477050781e-06,995.42768400907516,4.6106389458857325e-09,0.012342098734286709,true,PASS,
2026-08-30T16:51:53Z,V6,signed_seeded,46202862,2048,1024,1,-33.465850055217743,-33.465850830078125,7.7486038208007812e-07,995.42768400907516,7.7841956229239633e-10,0.012342098734286709,true,PASS,
2026-08-30T16:51:53Z,V6,signed_seeded,46202862,2048,1024,2,-33.465850055217743,-33.465850830078125,7.7486038208007812e-07,995.42768400907516,7.7841956229239633e-10,0.012342098734286709,true,PASS,
2026-08-30T16:51:53Z,V6,signed_seeded,46202862,2048,1024,3,-33.465850055217743,-33.465850830078125,7.7486038208007812e-07,995.42768400907516,7.7841956229239633e-10,0.012342098734286709,true,PASS,
2026-08-30T16:51:53Z,V7,signed_seeded,46202862,2048,1024,1,-33.465850055217743,-33.465850830078125,7.7486038208007812e-07,995.42768400907516,7.7841956229239633e-10,0.012342098734286709,true,PASS,
2026-08-30T16:51:53Z,V7,signed_seeded,46202862,2048,1024,2,-33.465850055217743,-33.465850830078125,7.7486038208007812e-07,995.42768400907516,7.7841956229239633e-10,0.012342098734286709,true,PASS,
2026-08-30T16:51:53Z,V7,signed_seeded,46202862,2048,1024,3,-33.465850055217743,-33.465850830078125,7.7486038208007812e-07,995.42768400907516,7.7841956229239633e-10,0.012342098734286709,true,PASS,
2026-08-30T16:51:53Z,V1,cancellation,46202862,2048,1024,1,-0.125,-0.125,0,1022.875,0,0.012682384665727693,true,PASS,
2026-08-30T16:51:53Z,V1,cancellation,46202862,2048,1024,2,-0.125,-0.125,0,1022.875,0,0.012682384665727693,true,PASS,
2026-08-30T16:51:53Z,V1,cancellation,46202862,2048,1024,3,-0.125,-0.125,0,1022.875,0,0.012682384665727693,true,PASS,
2026-08-30T16:51:53Z,V2,cancellation,46202862,2048,1024,1,-0.125,-0.125,0,1022.875,0,0.012682384665727693,true,PASS,
2026-08-30T16:51:53Z,V2,cancellation,46202862,2048,1024,2,-0.125,-0.125,0,1022.875,0,0.012682384665727693,true,PASS,
2026-08-30T16:51:53Z,V2,cancellation,46202862,2048,1024,3,-0.125,-0.125,0,1022.875,0,0.012682384665727693,true,PASS,
2026-08-30T16:51:53Z,V3,cancellation,46202862,2048,1024,1,-0.125,-0.125,0,1022.875,0,0.012682384665727693,true,PASS,
2026-08-30T16:51:53Z,V3,cancellation,46202862,2048,1024,2,-0.125,-0.125,0,1022.875,0,0.012682384665727693,true,PASS,
2026-08-30T16:51:53Z,V3,cancellation,46202862,2048,1024,3,-0.125,-0.125,0,1022.875,0,0.012682384665727693,true,PASS,
2026-08-30T16:51:53Z,V4,cancellation,46202862,2048,1024,1,-0.125,-0.125,0,1022.875,0,0.012682384665727693,true,PASS,
2026-08-30T16:51:53Z,V4,cancellation,46202862,2048,1024,2,-0.125,-0.125,0,1022.875,0,0.012682384665727693,true,PASS,
2026-08-30T16:51:53Z,V4,cancellation,46202862,2048,1024,3,-0.125,-0.125,0,1022.875,0,0.012682384665727693,true,PASS,
2026-08-30T16:51:53Z,V5,cancellation,46202862,2048,1024,1,-0.125,-0.125,0,1022.875,0,0.012682384665727693,true,PASS,
2026-08-30T16:51:53Z,V5,cancellation,46202862,2048,1024,2,-0.125,-0.125,0,1022.875,0,0.012682384665727693,true,PASS,
2026-08-30T16:51:53Z,V5,cancellation,46202862,2048,1024,3,-0.125,-0.125,0,1022.875,0,0.012682384665727693,true,PASS,
2026-08-30T16:51:53Z,V6,cancellation,46202862,2048,1024,1,-0.125,-0.125,0,1022.875,0,0.012682384665727693,true,PASS,
2026-08-30T16:51:53Z,V6,cancellation,46202862,2048,1024,2,-0.125,-0.125,0,1022.875,0,0.012682384665727693,true,PASS,
2026-08-30T16:51:53Z,V6,cancellation,46202862,2048,1024,3,-0.125,-0.125,0,1022.875,0,0.012682384665727693,true,PASS,
2026-08-30T16:51:53Z,V7,cancellation,46202862,2048,1024,1,-0.125,-0.125,0,1022.875,0,0.012682384665727693,true,PASS,
2026-08-30T16:51:53Z,V7,cancellation,46202862,2048,1024,2,-0.125,-0.125,0,1022.875,0,0.012682384665727693,true,PASS,
2026-08-30T16:51:53Z,V7,cancellation,46202862,2048,1024,3,-0.125,-0.125,0,1022.875,0,0.012682384665727693,true,PASS,
2026-08-30T16:51:53Z,V1,ones,46202862,2049,1024,1,2049,2049,0,2049,0,0.027358147097594661,true,PASS,
2026-08-30T16:51:53Z,V1,ones,46202862,2049,1024,2,2049,2049,0,2049,0,0.027358147097594661,true,PASS,
2026-08-30T16:51:53Z,V1,ones,46202862,2049,1024,3,2049,2049,0,2049,0,0.027358147097594661,true,PASS,
2026-08-30T16:51:53Z,V2,ones,46202862,2049,1024,1,2049,2049,0,2049,0,0.027358147097594661,true,PASS,
2026-08-30T16:51:53Z,V2,ones,46202862,2049,1024,2,2049,2049,0,2049,0,0.027358147097594661,true,PASS,
2026-08-30T16:51:53Z,V2,ones,46202862,2049,1024,3,2049,2049,0,2049,0,0.027358147097594661,true,PASS,
2026-08-30T16:51:53Z,V3,ones,46202862,2049,1024,1,2049,2049,0,2049,0,0.027358147097594661,true,PASS,
2026-08-30T16:51:53Z,V3,ones,46202862,2049,1024,2,2049,2049,0,2049,0,0.027358147097594661,true,PASS,
2026-08-30T16:51:53Z,V3,ones,46202862,2049,1024,3,2049,2049,0,2049,0,0.027358147097594661,true,PASS,
2026-08-30T16:51:53Z,V4,ones,46202862,2049,1024,1,2049,2049,0,2049,0,0.027358147097594661,true,PASS,
2026-08-30T16:51:53Z,V4,ones,46202862,2049,1024,2,2049,2049,0,2049,0,0.027358147097594661,true,PASS,
2026-08-30T16:51:53Z,V4,ones,46202862,2049,1024,3,2049,2049,0,2049,0,0.027358147097594661,true,PASS,
2026-08-30T16:51:53Z,V5,ones,46202862,2049,1024,1,2049,2049,0,2049,0,0.027358147097594661,true,PASS,
2026-08-30T16:51:53Z,V5,ones,46202862,2049,1024,2,2049,2049,0,2049,0,0.027358147097594661,true,PASS,
2026-08-30T16:51:53Z,V5,ones,46202862,2049,1024,3,2049,2049,0,2049,0,0.027358147097594661,true,PASS,
2026-08-30T16:51:53Z,V6,ones,46202862,2049,1024,1,2049,2049,0,2049,0,0.027358147097594661,true,PASS,
2026-08-30T16:51:53Z,V6,ones,46202862,2049,1024,2,2049,2049,0,2049,0,0.027358147097594661,true,PASS,
2026-08-30T16:51:53Z,V6,ones,46202862,2049,1024,3,2049,2049,0,2049,0,0.027358147097594661,true,PASS,
2026-08-30T16:51:53Z,V7,ones,46202862,2049,1024,1,2049,2049,0,2049,0,0.027358147097594661,true,PASS,
2026-08-30T16:51:53Z,V7,ones,46202862,2049,1024,2,2049,2049,0,2049,0,0.027358147097594661,true,PASS,
2026-08-30T16:51:53Z,V7,ones,46202862,2049,1024,3,2049,2049,0,2049,0,0.027358147097594661,true,PASS,
2026-08-30T16:51:53Z,V1,signed_seeded,46202862,2049,1024,1,-33.796727776527405,-33.796730041503906,2.2649765014648438e-06,995.75856173038483,2.2746241795088046e-09,0.013295833307441402,true,PASS,
2026-08-30T16:51:53Z,V1,signed_seeded,46202862,2049,1024,2,-33.796727776527405,-33.796730041503906,2.2649765014648438e-06,995.75856173038483,2.2746241795088046e-09,0.013295833307441402,true,PASS,
2026-08-30T16:51:53Z,V1,signed_seeded,46202862,2049,1024,3,-33.796727776527405,-33.796730041503906,2.2649765014648438e-06,995.75856173038483,2.2746241795088046e-09,0.013295833307441402,true,PASS,
2026-08-30T16:51:53Z,V2,signed_seeded,46202862,2049,1024,1,-33.796727776527405,-33.796730041503906,2.2649765014648438e-06,995.75856173038483,2.2746241795088046e-09,0.013295833307441402,true,PASS,
2026-08-30T16:51:53Z,V2,signed_seeded,46202862,2049,1024,2,-33.796727776527405,-33.796730041503906,2.2649765014648438e-06,995.75856173038483,2.2746241795088046e-09,0.013295833307441402,true,PASS,
2026-08-30T16:51:53Z,V2,signed_seeded,46202862,2049,1024,3,-33.796727776527405,-33.796730041503906,2.2649765014648438e-06,995.75856173038483,2.2746241795088046e-09,0.013295833307441402,true,PASS,
2026-08-30T16:51:53Z,V3,signed_seeded,46202862,2049,1024,1,-33.796727776527405,-33.796730041503906,2.2649765014648438e-06,995.75856173038483,2.2746241795088046e-09,0.013295833307441402,true,PASS,
2026-08-30T16:51:53Z,V3,signed_seeded,46202862,2049,1024,2,-33.796727776527405,-33.796730041503906,2.2649765014648438e-06,995.75856173038483,2.2746241795088046e-09,0.013295833307441402,true,PASS,
2026-08-30T16:51:53Z,V3,signed_seeded,46202862,2049,1024,3,-33.796727776527405,-33.796730041503906,2.2649765014648438e-06,995.75856173038483,2.2746241795088046e-09,0.013295833307441402,true,PASS,
2026-08-30T16:51:53Z,V4,signed_seeded,46202862,2049,1024,1,-33.796727776527405,-33.796726226806641,1.5497207641601562e-06,995.75856173038483,1.5563218070323399e-09,0.013295833307441402,true,PASS,
2026-08-30T16:51:53Z,V4,signed_seeded,46202862,2049,1024,2,-33.796727776527405,-33.796726226806641,1.5497207641601562e-06,995.75856173038483,1.5563218070323399e-09,0.013295833307441402,true,PASS,
2026-08-30T16:51:53Z,V4,signed_seeded,46202862,2049,1024,3,-33.796727776527405,-33.796726226806641,1.5497207641601562e-06,995.75856173038483,1.5563218070323399e-09,0.013295833307441402,true,PASS,
2026-08-30T16:51:53Z,V5,signed_seeded,46202862,2049,1024,1,-33.796727776527405,-33.796733856201172,6.0796737670898438e-06,995.75856173038483,6.1055701660499489e-09,0.013295833307441402,true,PASS,
2026-08-30T16:51:53Z,V5,signed_seeded,46202862,2049,1024,2,-33.796727776527405,-33.796733856201172,6.0796737670898438e-06,995.75856173038483,6.1055701660499489e-09,0.013295833307441402,true,PASS,
2026-08-30T16:51:53Z,V5,signed_seeded,46202862,2049,1024,3,-33.796727776527405,-33.796733856201172,6.0796737670898438e-06,995.75856173038483,6.1055701660499489e-09,0.013295833307441402,true,PASS,
2026-08-30T16:51:53Z,V6,signed_seeded,46202862,2049,1024,1,-33.796727776527405,-33.796726226806641,1.5497207641601562e-06,995.75856173038483,1.5563218070323399e-09,0.013295833307441402,true,PASS,
2026-08-30T16:51:53Z,V6,signed_seeded,46202862,2049,1024,2,-33.796727776527405,-33.796726226806641,1.5497207641601562e-06,995.75856173038483,1.5563218070323399e-09,0.013295833307441402,true,PASS,
2026-08-30T16:51:53Z,V6,signed_seeded,46202862,2049,1024,3,-33.796727776527405,-33.796726226806641,1.5497207641601562e-06,995.75856173038483,1.5563218070323399e-09,0.013295833307441402,true,PASS,
2026-08-30T16:51:53Z,V7,signed_seeded,46202862,2049,1024,1,-33.796727776527405,-33.796730041503906,2.2649765014648438e-06,995.75856173038483,2.2746241795088046e-09,0.013295833307441402,true,PASS,
2026-08-30T16:51:53Z,V7,signed_seeded,46202862,2049,1024,2,-33.796727776527405,-33.796730041503906,2.2649765014648438e-06,995.75856173038483,2.2746241795088046e-09,0.013295833307441402,true,PASS,
2026-08-30T16:51:53Z,V7,signed_seeded,46202862,2049,1024,3,-33.796727776527405,-33.796730041503906,2.2649765014648438e-06,995.75856173038483,2.2746241795088046e-09,0.013295833307441402,true,PASS,
2026-08-30T16:51:53Z,V1,cancellation,46202862,2049,1024,1,0.375,0.375,0,1023.375,0,0.013664553153245943,true,PASS,
2026-08-30T16:51:53Z,V1,cancellation,46202862,2049,1024,2,0.375,0.375,0,1023.375,0,0.013664553153245943,true,PASS,
2026-08-30T16:51:53Z,V1,cancellation,46202862,2049,1024,3,0.375,0.375,0,1023.375,0,0.013664553153245943,true,PASS,
2026-08-30T16:51:53Z,V2,cancellation,46202862,2049,1024,1,0.375,0.375,0,1023.375,0,0.013664553153245943,true,PASS,
2026-08-30T16:51:53Z,V2,cancellation,46202862,2049,1024,2,0.375,0.375,0,1023.375,0,0.013664553153245943,true,PASS,
2026-08-30T16:51:53Z,V2,cancellation,46202862,2049,1024,3,0.375,0.375,0,1023.375,0,0.013664553153245943,true,PASS,
2026-08-30T16:51:53Z,V3,cancellation,46202862,2049,1024,1,0.375,0.375,0,1023.375,0,0.013664553153245943,true,PASS,
2026-08-30T16:51:53Z,V3,cancellation,46202862,2049,1024,2,0.375,0.375,0,1023.375,0,0.013664553153245943,true,PASS,
2026-08-30T16:51:53Z,V3,cancellation,46202862,2049,1024,3,0.375,0.375,0,1023.375,0,0.013664553153245943,true,PASS,
2026-08-30T16:51:53Z,V4,cancellation,46202862,2049,1024,1,0.375,0.375,0,1023.375,0,0.013664553153245943,true,PASS,
2026-08-30T16:51:53Z,V4,cancellation,46202862,2049,1024,2,0.375,0.375,0,1023.375,0,0.013664553153245943,true,PASS,
2026-08-30T16:51:53Z,V4,cancellation,46202862,2049,1024,3,0.375,0.375,0,1023.375,0,0.013664553153245943,true,PASS,
2026-08-30T16:51:53Z,V5,cancellation,46202862,2049,1024,1,0.375,0.375,0,1023.375,0,0.013664553153245943,true,PASS,
2026-08-30T16:51:53Z,V5,cancellation,46202862,2049,1024,2,0.375,0.375,0,1023.375,0,0.013664553153245943,true,PASS,
2026-08-30T16:51:53Z,V5,cancellation,46202862,2049,1024,3,0.375,0.375,0,1023.375,0,0.013664553153245943,true,PASS,
2026-08-30T16:51:53Z,V6,cancellation,46202862,2049,1024,1,0.375,0.375,0,1023.375,0,0.013664553153245943,true,PASS,
2026-08-30T16:51:53Z,V6,cancellation,46202862,2049,1024,2,0.375,0.375,0,1023.375,0,0.013664553153245943,true,PASS,
2026-08-30T16:51:53Z,V6,cancellation,46202862,2049,1024,3,0.375,0.375,0,1023.375,0,0.013664553153245943,true,PASS,
2026-08-30T16:51:53Z,V7,cancellation,46202862,2049,1024,1,0.375,0.375,0,1023.375,0,0.013664553153245943,true,PASS,
2026-08-30T16:51:53Z,V7,cancellation,46202862,2049,1024,2,0.375,0.375,0,1023.375,0,0.013664553153245943,true,PASS,
2026-08-30T16:51:53Z,V7,cancellation,46202862,2049,1024,3,0.375,0.375,0,1023.375,0,0.013664553153245943,true,PASS,
2026-08-30T16:51:53Z,V1,ones,46202862,17421,1024,1,17421,17421,0,17421,0,0.2824388969006833,true,PASS,
2026-08-30T16:51:53Z,V1,ones,46202862,17421,1024,2,17421,17421,0,17421,0,0.2824388969006833,true,PASS,
2026-08-30T16:51:53Z,V1,ones,46202862,17421,1024,3,17421,17421,0,17421,0,0.2824388969006833,true,PASS,
2026-08-30T16:51:53Z,V2,ones,46202862,17421,1024,1,17421,17421,0,17421,0,0.2824388969006833,true,PASS,
2026-08-30T16:51:53Z,V2,ones,46202862,17421,1024,2,17421,17421,0,17421,0,0.2824388969006833,true,PASS,
2026-08-30T16:51:53Z,V2,ones,46202862,17421,1024,3,17421,17421,0,17421,0,0.2824388969006833,true,PASS,
2026-08-30T16:51:53Z,V3,ones,46202862,17421,1024,1,17421,17421,0,17421,0,0.2824388969006833,true,PASS,
2026-08-30T16:51:53Z,V3,ones,46202862,17421,1024,2,17421,17421,0,17421,0,0.2824388969006833,true,PASS,
2026-08-30T16:51:53Z,V3,ones,46202862,17421,1024,3,17421,17421,0,17421,0,0.2824388969006833,true,PASS,
2026-08-30T16:51:53Z,V4,ones,46202862,17421,1024,1,17421,17421,0,17421,0,0.2824388969006833,true,PASS,
2026-08-30T16:51:53Z,V4,ones,46202862,17421,1024,2,17421,17421,0,17421,0,0.2824388969006833,true,PASS,
2026-08-30T16:51:53Z,V4,ones,46202862,17421,1024,3,17421,17421,0,17421,0,0.2824388969006833,true,PASS,
2026-08-30T16:51:53Z,V5,ones,46202862,17421,1024,1,17421,17421,0,17421,0,0.2824388969006833,true,PASS,
2026-08-30T16:51:53Z,V5,ones,46202862,17421,1024,2,17421,17421,0,17421,0,0.2824388969006833,true,PASS,
2026-08-30T16:51:53Z,V5,ones,46202862,17421,1024,3,17421,17421,0,17421,0,0.2824388969006833,true,PASS,
2026-08-30T16:51:53Z,V6,ones,46202862,17421,1024,1,17421,17421,0,17421,0,0.2824388969006833,true,PASS,
2026-08-30T16:51:53Z,V6,ones,46202862,17421,1024,2,17421,17421,0,17421,0,0.2824388969006833,true,PASS,
2026-08-30T16:51:53Z,V6,ones,46202862,17421,1024,3,17421,17421,0,17421,0,0.2824388969006833,true,PASS,
2026-08-30T16:51:53Z,V7,ones,46202862,17421,1024,1,17421,17421,0,17421,0,0.2824388969006833,true,PASS,
2026-08-30T16:51:53Z,V7,ones,46202862,17421,1024,2,17421,17421,0,17421,0,0.2824388969006833,true,PASS,
2026-08-30T16:51:53Z,V7,ones,46202862,17421,1024,3,17421,17421,0,17421,0,0.2824388969006833,true,PASS,
2026-08-30T16:51:53Z,V1,signed_seeded,46202862,17421,1024,1,-67.090485990047455,-67.090484619140625,1.3709068298339844e-06,8705.5139595866203,1.5747569140640165e-10,0.14113911228891482,true,PASS,
2026-08-30T16:51:53Z,V1,signed_seeded,46202862,17421,1024,2,-67.090485990047455,-67.090484619140625,1.3709068298339844e-06,8705.5139595866203,1.5747569140640165e-10,0.14113911228891482,true,PASS,
2026-08-30T16:51:53Z,V1,signed_seeded,46202862,17421,1024,3,-67.090485990047455,-67.090484619140625,1.3709068298339844e-06,8705.5139595866203,1.5747569140640165e-10,0.14113911228891482,true,PASS,
2026-08-30T16:51:53Z,V2,signed_seeded,46202862,17421,1024,1,-67.090485990047455,-67.090484619140625,1.3709068298339844e-06,8705.5139595866203,1.5747569140640165e-10,0.14113911228891482,true,PASS,
2026-08-30T16:51:53Z,V2,signed_seeded,46202862,17421,1024,2,-67.090485990047455,-67.090484619140625,1.3709068298339844e-06,8705.5139595866203,1.5747569140640165e-10,0.14113911228891482,true,PASS,
2026-08-30T16:51:53Z,V2,signed_seeded,46202862,17421,1024,3,-67.090485990047455,-67.090484619140625,1.3709068298339844e-06,8705.5139595866203,1.5747569140640165e-10,0.14113911228891482,true,PASS,
2026-08-30T16:51:53Z,V3,signed_seeded,46202862,17421,1024,1,-67.090485990047455,-67.090484619140625,1.3709068298339844e-06,8705.5139595866203,1.5747569140640165e-10,0.14113911228891482,true,PASS,
2026-08-30T16:51:53Z,V3,signed_seeded,46202862,17421,1024,2,-67.090485990047455,-67.090484619140625,1.3709068298339844e-06,8705.5139595866203,1.5747569140640165e-10,0.14113911228891482,true,PASS,
2026-08-30T16:51:53Z,V3,signed_seeded,46202862,17421,1024,3,-67.090485990047455,-67.090484619140625,1.3709068298339844e-06,8705.5139595866203,1.5747569140640165e-10,0.14113911228891482,true,PASS,
2026-08-30T16:51:53Z,V4,signed_seeded,46202862,17421,1024,1,-67.090485990047455,-67.090476989746094,9.0003013610839844e-06,8705.5139595866203,1.0338621479289848e-09,0.14113911228891482,true,PASS,
2026-08-30T16:51:53Z,V4,signed_seeded,46202862,17421,1024,2,-67.090485990047455,-67.090476989746094,9.0003013610839844e-06,8705.5139595866203,1.0338621479289848e-09,0.14113911228891482,true,PASS,
2026-08-30T16:51:53Z,V4,signed_seeded,46202862,17421,1024,3,-67.090485990047455,-67.090476989746094,9.0003013610839844e-06,8705.5139595866203,1.0338621479289848e-09,0.14113911228891482,true,PASS,
2026-08-30T16:51:53Z,V5,signed_seeded,46202862,17421,1024,1,-67.090485990047455,-67.090484619140625,1.3709068298339844e-06,8705.5139595866203,1.5747569140640165e-10,0.14113911228891482,true,PASS,
2026-08-30T16:51:53Z,V5,signed_seeded,46202862,17421,1024,2,-67.090485990047455,-67.090484619140625,1.3709068298339844e-06,8705.5139595866203,1.5747569140640165e-10,0.14113911228891482,true,PASS,
2026-08-30T16:51:53Z,V5,signed_seeded,46202862,17421,1024,3,-67.090485990047455,-67.090484619140625,1.3709068298339844e-06,8705.5139595866203,1.5747569140640165e-10,0.14113911228891482,true,PASS,
2026-08-30T16:51:53Z,V6,signed_seeded,46202862,17421,1024,1,-67.090485990047455,-67.090476989746094,9.0003013610839844e-06,8705.5139595866203,1.0338621479289848e-09,0.14113911228891482,true,PASS,
2026-08-30T16:51:53Z,V6,signed_seeded,46202862,17421,1024,2,-67.090485990047455,-67.090476989746094,9.0003013610839844e-06,8705.5139595866203,1.0338621479289848e-09,0.14113911228891482,true,PASS,
2026-08-30T16:51:53Z,V6,signed_seeded,46202862,17421,1024,3,-67.090485990047455,-67.090476989746094,9.0003013610839844e-06,8705.5139595866203,1.0338621479289848e-09,0.14113911228891482,true,PASS,
2026-08-30T16:51:53Z,V7,signed_seeded,46202862,17421,1024,1,-67.090485990047455,-67.090484619140625,1.3709068298339844e-06,8705.5139595866203,1.5747569140640165e-10,0.14113911228891482,true,PASS,
2026-08-30T16:51:53Z,V7,signed_seeded,46202862,17421,1024,2,-67.090485990047455,-67.090484619140625,1.3709068298339844e-06,8705.5139595866203,1.5747569140640165e-10,0.14113911228891482,true,PASS,
2026-08-30T16:51:53Z,V7,signed_seeded,46202862,17421,1024,3,-67.090485990047455,-67.090484619140625,1.3709068298339844e-06,8705.5139595866203,1.5747569140640165e-10,0.14113911228891482,true,PASS,
2026-08-30T16:51:53Z,V1,cancellation,46202862,17421,1024,1,0.4375,0.4375,0,8709.6875,0,0.14120677579715116,true,PASS,
2026-08-30T16:51:53Z,V1,cancellation,46202862,17421,1024,2,0.4375,0.4375,0,8709.6875,0,0.14120677579715116,true,PASS,
2026-08-30T16:51:53Z,V1,cancellation,46202862,17421,1024,3,0.4375,0.4375,0,8709.6875,0,0.14120677579715116,true,PASS,
2026-08-30T16:51:53Z,V2,cancellation,46202862,17421,1024,1,0.4375,0.4375,0,8709.6875,0,0.14120677579715116,true,PASS,
2026-08-30T16:51:53Z,V2,cancellation,46202862,17421,1024,2,0.4375,0.4375,0,8709.6875,0,0.14120677579715116,true,PASS,
2026-08-30T16:51:53Z,V2,cancellation,46202862,17421,1024,3,0.4375,0.4375,0,8709.6875,0,0.14120677579715116,true,PASS,
2026-08-30T16:51:53Z,V3,cancellation,46202862,17421,1024,1,0.4375,0.4375,0,8709.6875,0,0.14120677579715116,true,PASS,
2026-08-30T16:51:53Z,V3,cancellation,46202862,17421,1024,2,0.4375,0.4375,0,8709.6875,0,0.14120677579715116,true,PASS,
2026-08-30T16:51:53Z,V3,cancellation,46202862,17421,1024,3,0.4375,0.4375,0,8709.6875,0,0.14120677579715116,true,PASS,
2026-08-30T16:51:53Z,V4,cancellation,46202862,17421,1024,1,0.4375,0.4375,0,8709.6875,0,0.14120677579715116,true,PASS,
2026-08-30T16:51:53Z,V4,cancellation,46202862,17421,1024,2,0.4375,0.4375,0,8709.6875,0,0.14120677579715116,true,PASS,
2026-08-30T16:51:53Z,V4,cancellation,46202862,17421,1024,3,0.4375,0.4375,0,8709.6875,0,0.14120677579715116,true,PASS,
2026-08-30T16:51:53Z,V5,cancellation,46202862,17421,1024,1,0.4375,0.4375,0,8709.6875,0,0.14120677579715116,true,PASS,
2026-08-30T16:51:53Z,V5,cancellation,46202862,17421,1024,2,0.4375,0.4375,0,8709.6875,0,0.14120677579715116,true,PASS,
2026-08-30T16:51:53Z,V5,cancellation,46202862,17421,1024,3,0.4375,0.4375,0,8709.6875,0,0.14120677579715116,true,PASS,
2026-08-30T16:51:53Z,V6,cancellation,46202862,17421,1024,1,0.4375,0.4375,0,8709.6875,0,0.14120677579715116,true,PASS,
2026-08-30T16:51:53Z,V6,cancellation,46202862,17421,1024,2,0.4375,0.4375,0,8709.6875,0,0.14120677579715116,true,PASS,
2026-08-30T16:51:53Z,V6,cancellation,46202862,17421,1024,3,0.4375,0.4375,0,8709.6875,0,0.14120677579715116,true,PASS,
2026-08-30T16:51:53Z,V7,cancellation,46202862,17421,1024,1,0.4375,0.4375,0,8709.6875,0,0.14120677579715116,true,PASS,
2026-08-30T16:51:53Z,V7,cancellation,46202862,17421,1024,2,0.4375,0.4375,0,8709.6875,0,0.14120677579715116,true,PASS,
2026-08-30T16:51:53Z,V7,cancellation,46202862,17421,1024,3,0.4375,0.4375,0,8709.6875,0,0.14120677579715116,true,PASS,
