engine,layer_index,operator,operator_kind,matrix_m,matrix_n,matrix_k,precision,tactic,input_shapes,output_shapes,onnx_layers,mapping_evidence
fp16_prefill,3,L0:v_proj,LINEAR,UNKNOWN,UNKNOWN,UNKNOWN,FP16_ENGINE_NO_LAYER_TACTIC_DATA,UNKNOWN_NO_DETAILED_INSPECTOR,,,/v_proj/MatMul+/k_proj/MatMul+/q_proj/MatMul_myl0_3,ENGINE_INSPECTOR_METADATA
fp16_prefill,12,L0:gate_proj,LINEAR,UNKNOWN,UNKNOWN,UNKNOWN,FP16_ENGINE_NO_LAYER_TACTIC_DATA,UNKNOWN_NO_DETAILED_INSPECTOR,,,/gate_proj/MatMul_myl0_12,ENGINE_INSPECTOR_METADATA
fp16_prefill,14,L0:up_proj,LINEAR,UNKNOWN,UNKNOWN,UNKNOWN,FP16_ENGINE_NO_LAYER_TACTIC_DATA,UNKNOWN_NO_DETAILED_INSPECTOR,,,/up_proj/MatMul_myl0_14,ENGINE_INSPECTOR_METADATA
fp16_prefill,20,L1:v_proj,LINEAR,UNKNOWN,UNKNOWN,UNKNOWN,FP16_ENGINE_NO_LAYER_TACTIC_DATA,UNKNOWN_NO_DETAILED_INSPECTOR,,,/v_proj_1/MatMul+/k_proj_1/MatMul+/q_proj_1/MatMul_myl0_20,ENGINE_INSPECTOR_METADATA
fp16_prefill,34,L1:gate_proj,LINEAR,UNKNOWN,UNKNOWN,UNKNOWN,FP16_ENGINE_NO_LAYER_TACTIC_DATA,UNKNOWN_NO_DETAILED_INSPECTOR,,,/gate_proj_1/MatMul_myl0_34,ENGINE_INSPECTOR_METADATA
fp16_prefill,36,L1:up_proj,LINEAR,UNKNOWN,UNKNOWN,UNKNOWN,FP16_ENGINE_NO_LAYER_TACTIC_DATA,UNKNOWN_NO_DETAILED_INSPECTOR,,,/up_proj_1/MatMul_myl0_36,ENGINE_INSPECTOR_METADATA
fp16_prefill,42,L2:v_proj,LINEAR,UNKNOWN,UNKNOWN,UNKNOWN,FP16_ENGINE_NO_LAYER_TACTIC_DATA,UNKNOWN_NO_DETAILED_INSPECTOR,,,/v_proj_2/MatMul+/k_proj_2/MatMul+/q_proj_2/MatMul_myl0_42,ENGINE_INSPECTOR_METADATA
fp16_prefill,56,L2:gate_proj,LINEAR,UNKNOWN,UNKNOWN,UNKNOWN,FP16_ENGINE_NO_LAYER_TACTIC_DATA,UNKNOWN_NO_DETAILED_INSPECTOR,,,/gate_proj_2/MatMul_myl0_56,ENGINE_INSPECTOR_METADATA
fp16_prefill,58,L2:up_proj,LINEAR,UNKNOWN,UNKNOWN,UNKNOWN,FP16_ENGINE_NO_LAYER_TACTIC_DATA,UNKNOWN_NO_DETAILED_INSPECTOR,,,/up_proj_2/MatMul_myl0_58,ENGINE_INSPECTOR_METADATA
fp16_prefill,64,L3:v_proj,LINEAR,UNKNOWN,UNKNOWN,UNKNOWN,FP16_ENGINE_NO_LAYER_TACTIC_DATA,UNKNOWN_NO_DETAILED_INSPECTOR,,,/v_proj_3/MatMul+/k_proj_3/MatMul+/q_proj_3/MatMul_myl0_64,ENGINE_INSPECTOR_METADATA
fp16_prefill,78,L3:gate_proj,LINEAR,UNKNOWN,UNKNOWN,UNKNOWN,FP16_ENGINE_NO_LAYER_TACTIC_DATA,UNKNOWN_NO_DETAILED_INSPECTOR,,,/gate_proj_3/MatMul_myl0_78,ENGINE_INSPECTOR_METADATA
fp16_prefill,80,L3:up_proj,LINEAR,UNKNOWN,UNKNOWN,UNKNOWN,FP16_ENGINE_NO_LAYER_TACTIC_DATA,UNKNOWN_NO_DETAILED_INSPECTOR,,,/up_proj_3/MatMul_myl0_80,ENGINE_INSPECTOR_METADATA
fp16_prefill,86,L4:v_proj,LINEAR,UNKNOWN,UNKNOWN,UNKNOWN,FP16_ENGINE_NO_LAYER_TACTIC_DATA,UNKNOWN_NO_DETAILED_INSPECTOR,,,/v_proj_4/MatMul+/k_proj_4/MatMul+/q_proj_4/MatMul_myl0_86,ENGINE_INSPECTOR_METADATA
fp16_prefill,100,L4:gate_proj,LINEAR,UNKNOWN,UNKNOWN,UNKNOWN,FP16_ENGINE_NO_LAYER_TACTIC_DATA,UNKNOWN_NO_DETAILED_INSPECTOR,,,/gate_proj_4/MatMul_myl0_100,ENGINE_INSPECTOR_METADATA
fp16_prefill,102,L4:up_proj,LINEAR,UNKNOWN,UNKNOWN,UNKNOWN,FP16_ENGINE_NO_LAYER_TACTIC_DATA,UNKNOWN_NO_DETAILED_INSPECTOR,,,/up_proj_4/MatMul_myl0_102,ENGINE_INSPECTOR_METADATA
fp16_prefill,108,L5:v_proj,LINEAR,UNKNOWN,UNKNOWN,UNKNOWN,FP16_ENGINE_NO_LAYER_TACTIC_DATA,UNKNOWN_NO_DETAILED_INSPECTOR,,,/v_proj_5/MatMul+/k_proj_5/MatMul+/q_proj_5/MatMul_myl0_108,ENGINE_INSPECTOR_METADATA
fp16_prefill,122,L5:gate_proj,LINEAR,UNKNOWN,UNKNOWN,UNKNOWN,FP16_ENGINE_NO_LAYER_TACTIC_DATA,UNKNOWN_NO_DETAILED_INSPECTOR,,,/gate_proj_5/MatMul_myl0_122,ENGINE_INSPECTOR_METADATA
fp16_prefill,124,L5:up_proj,LINEAR,UNKNOWN,UNKNOWN,UNKNOWN,FP16_ENGINE_NO_LAYER_TACTIC_DATA,UNKNOWN_NO_DETAILED_INSPECTOR,,,/up_proj_5/MatMul_myl0_124,ENGINE_INSPECTOR_METADATA
fp16_prefill,130,L6:v_proj,LINEAR,UNKNOWN,UNKNOWN,UNKNOWN,FP16_ENGINE_NO_LAYER_TACTIC_DATA,UNKNOWN_NO_DETAILED_INSPECTOR,,,/v_proj_6/MatMul+/k_proj_6/MatMul+/q_proj_6/MatMul_myl0_130,ENGINE_INSPECTOR_METADATA
fp16_prefill,144,L6:gate_proj,LINEAR,UNKNOWN,UNKNOWN,UNKNOWN,FP16_ENGINE_NO_LAYER_TACTIC_DATA,UNKNOWN_NO_DETAILED_INSPECTOR,,,/gate_proj_6/MatMul_myl0_144,ENGINE_INSPECTOR_METADATA
fp16_prefill,146,L6:up_proj,LINEAR,UNKNOWN,UNKNOWN,UNKNOWN,FP16_ENGINE_NO_LAYER_TACTIC_DATA,UNKNOWN_NO_DETAILED_INSPECTOR,,,/up_proj_6/MatMul_myl0_146,ENGINE_INSPECTOR_METADATA
fp16_prefill,152,L7:v_proj,LINEAR,UNKNOWN,UNKNOWN,UNKNOWN,FP16_ENGINE_NO_LAYER_TACTIC_DATA,UNKNOWN_NO_DETAILED_INSPECTOR,,,/v_proj_7/MatMul+/k_proj_7/MatMul+/q_proj_7/MatMul_myl0_152,ENGINE_INSPECTOR_METADATA
fp16_prefill,166,L7:gate_proj,LINEAR,UNKNOWN,UNKNOWN,UNKNOWN,FP16_ENGINE_NO_LAYER_TACTIC_DATA,UNKNOWN_NO_DETAILED_INSPECTOR,,,/gate_proj_7/MatMul_myl0_166,ENGINE_INSPECTOR_METADATA
fp16_prefill,168,L7:up_proj,LINEAR,UNKNOWN,UNKNOWN,UNKNOWN,FP16_ENGINE_NO_LAYER_TACTIC_DATA,UNKNOWN_NO_DETAILED_INSPECTOR,,,/up_proj_7/MatMul_myl0_168,ENGINE_INSPECTOR_METADATA
fp16_prefill,174,L8:v_proj,LINEAR,UNKNOWN,UNKNOWN,UNKNOWN,FP16_ENGINE_NO_LAYER_TACTIC_DATA,UNKNOWN_NO_DETAILED_INSPECTOR,,,/v_proj_8/MatMul+/k_proj_8/MatMul+/q_proj_8/MatMul_myl0_174,ENGINE_INSPECTOR_METADATA
fp16_prefill,188,L8:gate_proj,LINEAR,UNKNOWN,UNKNOWN,UNKNOWN,FP16_ENGINE_NO_LAYER_TACTIC_DATA,UNKNOWN_NO_DETAILED_INSPECTOR,,,/gate_proj_8/MatMul_myl0_188,ENGINE_INSPECTOR_METADATA
fp16_prefill,190,L8:up_proj,LINEAR,UNKNOWN,UNKNOWN,UNKNOWN,FP16_ENGINE_NO_LAYER_TACTIC_DATA,UNKNOWN_NO_DETAILED_INSPECTOR,,,/up_proj_8/MatMul_myl0_190,ENGINE_INSPECTOR_METADATA
fp16_prefill,196,L9:v_proj,LINEAR,UNKNOWN,UNKNOWN,UNKNOWN,FP16_ENGINE_NO_LAYER_TACTIC_DATA,UNKNOWN_NO_DETAILED_INSPECTOR,,,/v_proj_9/MatMul+/k_proj_9/MatMul+/q_proj_9/MatMul_myl0_196,ENGINE_INSPECTOR_METADATA
fp16_prefill,210,L9:gate_proj,LINEAR,UNKNOWN,UNKNOWN,UNKNOWN,FP16_ENGINE_NO_LAYER_TACTIC_DATA,UNKNOWN_NO_DETAILED_INSPECTOR,,,/gate_proj_9/MatMul_myl0_210,ENGINE_INSPECTOR_METADATA
fp16_prefill,212,L9:up_proj,LINEAR,UNKNOWN,UNKNOWN,UNKNOWN,FP16_ENGINE_NO_LAYER_TACTIC_DATA,UNKNOWN_NO_DETAILED_INSPECTOR,,,/up_proj_9/MatMul_myl0_212,ENGINE_INSPECTOR_METADATA
fp16_prefill,218,L10:v_proj,LINEAR,UNKNOWN,UNKNOWN,UNKNOWN,FP16_ENGINE_NO_LAYER_TACTIC_DATA,UNKNOWN_NO_DETAILED_INSPECTOR,,,/v_proj_10/MatMul+/k_proj_10/MatMul+/q_proj_10/MatMul_myl0_218,ENGINE_INSPECTOR_METADATA
fp16_prefill,232,L10:gate_proj,LINEAR,UNKNOWN,UNKNOWN,UNKNOWN,FP16_ENGINE_NO_LAYER_TACTIC_DATA,UNKNOWN_NO_DETAILED_INSPECTOR,,,/gate_proj_10/MatMul_myl0_232,ENGINE_INSPECTOR_METADATA
fp16_prefill,234,L10:up_proj,LINEAR,UNKNOWN,UNKNOWN,UNKNOWN,FP16_ENGINE_NO_LAYER_TACTIC_DATA,UNKNOWN_NO_DETAILED_INSPECTOR,,,/up_proj_10/MatMul_myl0_234,ENGINE_INSPECTOR_METADATA
fp16_prefill,240,L11:v_proj,LINEAR,UNKNOWN,UNKNOWN,UNKNOWN,FP16_ENGINE_NO_LAYER_TACTIC_DATA,UNKNOWN_NO_DETAILED_INSPECTOR,,,/v_proj_11/MatMul+/k_proj_11/MatMul+/q_proj_11/MatMul_myl0_240,ENGINE_INSPECTOR_METADATA
fp16_prefill,254,L11:gate_proj,LINEAR,UNKNOWN,UNKNOWN,UNKNOWN,FP16_ENGINE_NO_LAYER_TACTIC_DATA,UNKNOWN_NO_DETAILED_INSPECTOR,,,/gate_proj_11/MatMul_myl0_254,ENGINE_INSPECTOR_METADATA
fp16_prefill,256,L11:up_proj,LINEAR,UNKNOWN,UNKNOWN,UNKNOWN,FP16_ENGINE_NO_LAYER_TACTIC_DATA,UNKNOWN_NO_DETAILED_INSPECTOR,,,/up_proj_11/MatMul_myl0_256,ENGINE_INSPECTOR_METADATA
fp16_prefill,262,L12:v_proj,LINEAR,UNKNOWN,UNKNOWN,UNKNOWN,FP16_ENGINE_NO_LAYER_TACTIC_DATA,UNKNOWN_NO_DETAILED_INSPECTOR,,,/v_proj_12/MatMul+/k_proj_12/MatMul+/q_proj_12/MatMul_myl0_262,ENGINE_INSPECTOR_METADATA
fp16_prefill,276,L12:gate_proj,LINEAR,UNKNOWN,UNKNOWN,UNKNOWN,FP16_ENGINE_NO_LAYER_TACTIC_DATA,UNKNOWN_NO_DETAILED_INSPECTOR,,,/gate_proj_12/MatMul_myl0_276,ENGINE_INSPECTOR_METADATA
fp16_prefill,278,L12:up_proj,LINEAR,UNKNOWN,UNKNOWN,UNKNOWN,FP16_ENGINE_NO_LAYER_TACTIC_DATA,UNKNOWN_NO_DETAILED_INSPECTOR,,,/up_proj_12/MatMul_myl0_278,ENGINE_INSPECTOR_METADATA
fp16_prefill,284,L13:v_proj,LINEAR,UNKNOWN,UNKNOWN,UNKNOWN,FP16_ENGINE_NO_LAYER_TACTIC_DATA,UNKNOWN_NO_DETAILED_INSPECTOR,,,/v_proj_13/MatMul+/k_proj_13/MatMul+/q_proj_13/MatMul_myl0_284,ENGINE_INSPECTOR_METADATA
fp16_prefill,298,L13:gate_proj,LINEAR,UNKNOWN,UNKNOWN,UNKNOWN,FP16_ENGINE_NO_LAYER_TACTIC_DATA,UNKNOWN_NO_DETAILED_INSPECTOR,,,/gate_proj_13/MatMul_myl0_298,ENGINE_INSPECTOR_METADATA
fp16_prefill,300,L13:up_proj,LINEAR,UNKNOWN,UNKNOWN,UNKNOWN,FP16_ENGINE_NO_LAYER_TACTIC_DATA,UNKNOWN_NO_DETAILED_INSPECTOR,,,/up_proj_13/MatMul_myl0_300,ENGINE_INSPECTOR_METADATA
fp16_prefill,306,L14:v_proj,LINEAR,UNKNOWN,UNKNOWN,UNKNOWN,FP16_ENGINE_NO_LAYER_TACTIC_DATA,UNKNOWN_NO_DETAILED_INSPECTOR,,,/v_proj_14/MatMul+/k_proj_14/MatMul+/q_proj_14/MatMul_myl0_306,ENGINE_INSPECTOR_METADATA
fp16_prefill,320,L14:gate_proj,LINEAR,UNKNOWN,UNKNOWN,UNKNOWN,FP16_ENGINE_NO_LAYER_TACTIC_DATA,UNKNOWN_NO_DETAILED_INSPECTOR,,,/gate_proj_14/MatMul_myl0_320,ENGINE_INSPECTOR_METADATA
fp16_prefill,322,L14:up_proj,LINEAR,UNKNOWN,UNKNOWN,UNKNOWN,FP16_ENGINE_NO_LAYER_TACTIC_DATA,UNKNOWN_NO_DETAILED_INSPECTOR,,,/up_proj_14/MatMul_myl0_322,ENGINE_INSPECTOR_METADATA
fp16_prefill,328,L15:v_proj,LINEAR,UNKNOWN,UNKNOWN,UNKNOWN,FP16_ENGINE_NO_LAYER_TACTIC_DATA,UNKNOWN_NO_DETAILED_INSPECTOR,,,/v_proj_15/MatMul+/k_proj_15/MatMul+/q_proj_15/MatMul_myl0_328,ENGINE_INSPECTOR_METADATA
fp16_prefill,342,L15:gate_proj,LINEAR,UNKNOWN,UNKNOWN,UNKNOWN,FP16_ENGINE_NO_LAYER_TACTIC_DATA,UNKNOWN_NO_DETAILED_INSPECTOR,,,/gate_proj_15/MatMul_myl0_342,ENGINE_INSPECTOR_METADATA
fp16_prefill,344,L15:up_proj,LINEAR,UNKNOWN,UNKNOWN,UNKNOWN,FP16_ENGINE_NO_LAYER_TACTIC_DATA,UNKNOWN_NO_DETAILED_INSPECTOR,,,/up_proj_15/MatMul_myl0_344,ENGINE_INSPECTOR_METADATA
fp16_prefill,350,L16:v_proj,LINEAR,UNKNOWN,UNKNOWN,UNKNOWN,FP16_ENGINE_NO_LAYER_TACTIC_DATA,UNKNOWN_NO_DETAILED_INSPECTOR,,,/v_proj_16/MatMul+/k_proj_16/MatMul+/q_proj_16/MatMul_myl0_350,ENGINE_INSPECTOR_METADATA
fp16_prefill,364,L16:gate_proj,LINEAR,UNKNOWN,UNKNOWN,UNKNOWN,FP16_ENGINE_NO_LAYER_TACTIC_DATA,UNKNOWN_NO_DETAILED_INSPECTOR,,,/gate_proj_16/MatMul_myl0_364,ENGINE_INSPECTOR_METADATA
fp16_prefill,366,L16:up_proj,LINEAR,UNKNOWN,UNKNOWN,UNKNOWN,FP16_ENGINE_NO_LAYER_TACTIC_DATA,UNKNOWN_NO_DETAILED_INSPECTOR,,,/up_proj_16/MatMul_myl0_366,ENGINE_INSPECTOR_METADATA
fp16_prefill,372,L17:v_proj,LINEAR,UNKNOWN,UNKNOWN,UNKNOWN,FP16_ENGINE_NO_LAYER_TACTIC_DATA,UNKNOWN_NO_DETAILED_INSPECTOR,,,/v_proj_17/MatMul+/k_proj_17/MatMul+/q_proj_17/MatMul_myl0_372,ENGINE_INSPECTOR_METADATA
fp16_prefill,386,L17:gate_proj,LINEAR,UNKNOWN,UNKNOWN,UNKNOWN,FP16_ENGINE_NO_LAYER_TACTIC_DATA,UNKNOWN_NO_DETAILED_INSPECTOR,,,/gate_proj_17/MatMul_myl0_386,ENGINE_INSPECTOR_METADATA
fp16_prefill,388,L17:up_proj,LINEAR,UNKNOWN,UNKNOWN,UNKNOWN,FP16_ENGINE_NO_LAYER_TACTIC_DATA,UNKNOWN_NO_DETAILED_INSPECTOR,,,/up_proj_17/MatMul_myl0_388,ENGINE_INSPECTOR_METADATA
fp16_prefill,394,L18:v_proj,LINEAR,UNKNOWN,UNKNOWN,UNKNOWN,FP16_ENGINE_NO_LAYER_TACTIC_DATA,UNKNOWN_NO_DETAILED_INSPECTOR,,,/v_proj_18/MatMul+/k_proj_18/MatMul+/q_proj_18/MatMul_myl0_394,ENGINE_INSPECTOR_METADATA
fp16_prefill,408,L18:gate_proj,LINEAR,UNKNOWN,UNKNOWN,UNKNOWN,FP16_ENGINE_NO_LAYER_TACTIC_DATA,UNKNOWN_NO_DETAILED_INSPECTOR,,,/gate_proj_18/MatMul_myl0_408,ENGINE_INSPECTOR_METADATA
fp16_prefill,410,L18:up_proj,LINEAR,UNKNOWN,UNKNOWN,UNKNOWN,FP16_ENGINE_NO_LAYER_TACTIC_DATA,UNKNOWN_NO_DETAILED_INSPECTOR,,,/up_proj_18/MatMul_myl0_410,ENGINE_INSPECTOR_METADATA
fp16_prefill,416,L19:v_proj,LINEAR,UNKNOWN,UNKNOWN,UNKNOWN,FP16_ENGINE_NO_LAYER_TACTIC_DATA,UNKNOWN_NO_DETAILED_INSPECTOR,,,/v_proj_19/MatMul+/k_proj_19/MatMul+/q_proj_19/MatMul_myl0_416,ENGINE_INSPECTOR_METADATA
fp16_prefill,430,L19:gate_proj,LINEAR,UNKNOWN,UNKNOWN,UNKNOWN,FP16_ENGINE_NO_LAYER_TACTIC_DATA,UNKNOWN_NO_DETAILED_INSPECTOR,,,/gate_proj_19/MatMul_myl0_430,ENGINE_INSPECTOR_METADATA
fp16_prefill,432,L19:up_proj,LINEAR,UNKNOWN,UNKNOWN,UNKNOWN,FP16_ENGINE_NO_LAYER_TACTIC_DATA,UNKNOWN_NO_DETAILED_INSPECTOR,,,/up_proj_19/MatMul_myl0_432,ENGINE_INSPECTOR_METADATA
fp16_prefill,438,L20:v_proj,LINEAR,UNKNOWN,UNKNOWN,UNKNOWN,FP16_ENGINE_NO_LAYER_TACTIC_DATA,UNKNOWN_NO_DETAILED_INSPECTOR,,,/v_proj_20/MatMul+/k_proj_20/MatMul+/q_proj_20/MatMul_myl0_438,ENGINE_INSPECTOR_METADATA
fp16_prefill,452,L20:gate_proj,LINEAR,UNKNOWN,UNKNOWN,UNKNOWN,FP16_ENGINE_NO_LAYER_TACTIC_DATA,UNKNOWN_NO_DETAILED_INSPECTOR,,,/gate_proj_20/MatMul_myl0_452,ENGINE_INSPECTOR_METADATA
fp16_prefill,454,L20:up_proj,LINEAR,UNKNOWN,UNKNOWN,UNKNOWN,FP16_ENGINE_NO_LAYER_TACTIC_DATA,UNKNOWN_NO_DETAILED_INSPECTOR,,,/up_proj_20/MatMul_myl0_454,ENGINE_INSPECTOR_METADATA
fp16_prefill,460,L21:v_proj,LINEAR,UNKNOWN,UNKNOWN,UNKNOWN,FP16_ENGINE_NO_LAYER_TACTIC_DATA,UNKNOWN_NO_DETAILED_INSPECTOR,,,/v_proj_21/MatMul+/k_proj_21/MatMul+/q_proj_21/MatMul_myl0_460,ENGINE_INSPECTOR_METADATA
fp16_prefill,474,L21:gate_proj,LINEAR,UNKNOWN,UNKNOWN,UNKNOWN,FP16_ENGINE_NO_LAYER_TACTIC_DATA,UNKNOWN_NO_DETAILED_INSPECTOR,,,/gate_proj_21/MatMul_myl0_474,ENGINE_INSPECTOR_METADATA
fp16_prefill,476,L21:up_proj,LINEAR,UNKNOWN,UNKNOWN,UNKNOWN,FP16_ENGINE_NO_LAYER_TACTIC_DATA,UNKNOWN_NO_DETAILED_INSPECTOR,,,/up_proj_21/MatMul_myl0_476,ENGINE_INSPECTOR_METADATA
fp16_prefill,482,L22:v_proj,LINEAR,UNKNOWN,UNKNOWN,UNKNOWN,FP16_ENGINE_NO_LAYER_TACTIC_DATA,UNKNOWN_NO_DETAILED_INSPECTOR,,,/v_proj_22/MatMul+/k_proj_22/MatMul+/q_proj_22/MatMul_myl0_482,ENGINE_INSPECTOR_METADATA
fp16_prefill,496,L22:gate_proj,LINEAR,UNKNOWN,UNKNOWN,UNKNOWN,FP16_ENGINE_NO_LAYER_TACTIC_DATA,UNKNOWN_NO_DETAILED_INSPECTOR,,,/gate_proj_22/MatMul_myl0_496,ENGINE_INSPECTOR_METADATA
fp16_prefill,498,L22:up_proj,LINEAR,UNKNOWN,UNKNOWN,UNKNOWN,FP16_ENGINE_NO_LAYER_TACTIC_DATA,UNKNOWN_NO_DETAILED_INSPECTOR,,,/up_proj_22/MatMul_myl0_498,ENGINE_INSPECTOR_METADATA
fp16_prefill,504,L23:v_proj,LINEAR,UNKNOWN,UNKNOWN,UNKNOWN,FP16_ENGINE_NO_LAYER_TACTIC_DATA,UNKNOWN_NO_DETAILED_INSPECTOR,,,/v_proj_23/MatMul+/k_proj_23/MatMul+/q_proj_23/MatMul_myl0_504,ENGINE_INSPECTOR_METADATA
fp16_prefill,518,L23:gate_proj,LINEAR,UNKNOWN,UNKNOWN,UNKNOWN,FP16_ENGINE_NO_LAYER_TACTIC_DATA,UNKNOWN_NO_DETAILED_INSPECTOR,,,/gate_proj_23/MatMul_myl0_518,ENGINE_INSPECTOR_METADATA
fp16_prefill,520,L23:up_proj,LINEAR,UNKNOWN,UNKNOWN,UNKNOWN,FP16_ENGINE_NO_LAYER_TACTIC_DATA,UNKNOWN_NO_DETAILED_INSPECTOR,,,/up_proj_23/MatMul_myl0_520,ENGINE_INSPECTOR_METADATA
fp16_prefill,526,L24:v_proj,LINEAR,UNKNOWN,UNKNOWN,UNKNOWN,FP16_ENGINE_NO_LAYER_TACTIC_DATA,UNKNOWN_NO_DETAILED_INSPECTOR,,,/v_proj_24/MatMul+/k_proj_24/MatMul+/q_proj_24/MatMul_myl0_526,ENGINE_INSPECTOR_METADATA
fp16_prefill,540,L24:gate_proj,LINEAR,UNKNOWN,UNKNOWN,UNKNOWN,FP16_ENGINE_NO_LAYER_TACTIC_DATA,UNKNOWN_NO_DETAILED_INSPECTOR,,,/gate_proj_24/MatMul_myl0_540,ENGINE_INSPECTOR_METADATA
fp16_prefill,542,L24:up_proj,LINEAR,UNKNOWN,UNKNOWN,UNKNOWN,FP16_ENGINE_NO_LAYER_TACTIC_DATA,UNKNOWN_NO_DETAILED_INSPECTOR,,,/up_proj_24/MatMul_myl0_542,ENGINE_INSPECTOR_METADATA
fp16_prefill,548,L25:v_proj,LINEAR,UNKNOWN,UNKNOWN,UNKNOWN,FP16_ENGINE_NO_LAYER_TACTIC_DATA,UNKNOWN_NO_DETAILED_INSPECTOR,,,/v_proj_25/MatMul+/k_proj_25/MatMul+/q_proj_25/MatMul_myl0_548,ENGINE_INSPECTOR_METADATA
fp16_prefill,562,L25:gate_proj,LINEAR,UNKNOWN,UNKNOWN,UNKNOWN,FP16_ENGINE_NO_LAYER_TACTIC_DATA,UNKNOWN_NO_DETAILED_INSPECTOR,,,/gate_proj_25/MatMul_myl0_562,ENGINE_INSPECTOR_METADATA
fp16_prefill,564,L25:up_proj,LINEAR,UNKNOWN,UNKNOWN,UNKNOWN,FP16_ENGINE_NO_LAYER_TACTIC_DATA,UNKNOWN_NO_DETAILED_INSPECTOR,,,/up_proj_25/MatMul_myl0_564,ENGINE_INSPECTOR_METADATA
fp16_prefill,570,L26:v_proj,LINEAR,UNKNOWN,UNKNOWN,UNKNOWN,FP16_ENGINE_NO_LAYER_TACTIC_DATA,UNKNOWN_NO_DETAILED_INSPECTOR,,,/v_proj_26/MatMul+/k_proj_26/MatMul+/q_proj_26/MatMul_myl0_570,ENGINE_INSPECTOR_METADATA
fp16_prefill,584,L26:gate_proj,LINEAR,UNKNOWN,UNKNOWN,UNKNOWN,FP16_ENGINE_NO_LAYER_TACTIC_DATA,UNKNOWN_NO_DETAILED_INSPECTOR,,,/gate_proj_26/MatMul_myl0_584,ENGINE_INSPECTOR_METADATA
fp16_prefill,586,L26:up_proj,LINEAR,UNKNOWN,UNKNOWN,UNKNOWN,FP16_ENGINE_NO_LAYER_TACTIC_DATA,UNKNOWN_NO_DETAILED_INSPECTOR,,,/up_proj_26/MatMul_myl0_586,ENGINE_INSPECTOR_METADATA
fp16_prefill,592,L27:v_proj,LINEAR,UNKNOWN,UNKNOWN,UNKNOWN,FP16_ENGINE_NO_LAYER_TACTIC_DATA,UNKNOWN_NO_DETAILED_INSPECTOR,,,/v_proj_27/MatMul+/k_proj_27/MatMul+/q_proj_27/MatMul_myl0_592,ENGINE_INSPECTOR_METADATA
fp16_prefill,606,L27:gate_proj,LINEAR,UNKNOWN,UNKNOWN,UNKNOWN,FP16_ENGINE_NO_LAYER_TACTIC_DATA,UNKNOWN_NO_DETAILED_INSPECTOR,,,/gate_proj_27/MatMul_myl0_606,ENGINE_INSPECTOR_METADATA
fp16_prefill,608,L27:up_proj,LINEAR,UNKNOWN,UNKNOWN,UNKNOWN,FP16_ENGINE_NO_LAYER_TACTIC_DATA,UNKNOWN_NO_DETAILED_INSPECTOR,,,/up_proj_27/MatMul_myl0_608,ENGINE_INSPECTOR_METADATA
fp16_decode,2,L0:v_proj,LINEAR,UNKNOWN,UNKNOWN,UNKNOWN,FP16_ENGINE_NO_LAYER_TACTIC_DATA,UNKNOWN_NO_DETAILED_INSPECTOR,,,/v_proj/MatMul+/k_proj/MatMul+/q_proj/MatMul_myl0_2,ENGINE_INSPECTOR_METADATA
fp16_decode,10,L0:o_proj,LINEAR,UNKNOWN,UNKNOWN,UNKNOWN,FP16_ENGINE_NO_LAYER_TACTIC_DATA,UNKNOWN_NO_DETAILED_INSPECTOR,,,/o_proj/MatMul_myl0_10,ENGINE_INSPECTOR_METADATA
fp16_decode,12,L0:up_proj,LINEAR,UNKNOWN,UNKNOWN,UNKNOWN,FP16_ENGINE_NO_LAYER_TACTIC_DATA,UNKNOWN_NO_DETAILED_INSPECTOR,,,/up_proj/MatMul_myl0_12,ENGINE_INSPECTOR_METADATA
fp16_decode,16,L1:v_proj,LINEAR,UNKNOWN,UNKNOWN,UNKNOWN,FP16_ENGINE_NO_LAYER_TACTIC_DATA,UNKNOWN_NO_DETAILED_INSPECTOR,,,/v_proj_1/MatMul+/k_proj_1/MatMul+/q_proj_1/MatMul_myl0_16,ENGINE_INSPECTOR_METADATA
fp16_decode,25,L1:o_proj,LINEAR,UNKNOWN,UNKNOWN,UNKNOWN,FP16_ENGINE_NO_LAYER_TACTIC_DATA,UNKNOWN_NO_DETAILED_INSPECTOR,,,/o_proj_1/MatMul_myl0_25,ENGINE_INSPECTOR_METADATA
fp16_decode,27,L1:up_proj,LINEAR,UNKNOWN,UNKNOWN,UNKNOWN,FP16_ENGINE_NO_LAYER_TACTIC_DATA,UNKNOWN_NO_DETAILED_INSPECTOR,,,/up_proj_1/MatMul_myl0_27,ENGINE_INSPECTOR_METADATA
fp16_decode,31,L2:v_proj,LINEAR,UNKNOWN,UNKNOWN,UNKNOWN,FP16_ENGINE_NO_LAYER_TACTIC_DATA,UNKNOWN_NO_DETAILED_INSPECTOR,,,/v_proj_2/MatMul+/k_proj_2/MatMul+/q_proj_2/MatMul_myl0_31,ENGINE_INSPECTOR_METADATA
fp16_decode,40,L2:o_proj,LINEAR,UNKNOWN,UNKNOWN,UNKNOWN,FP16_ENGINE_NO_LAYER_TACTIC_DATA,UNKNOWN_NO_DETAILED_INSPECTOR,,,/o_proj_2/MatMul_myl0_40,ENGINE_INSPECTOR_METADATA
fp16_decode,42,L2:up_proj,LINEAR,UNKNOWN,UNKNOWN,UNKNOWN,FP16_ENGINE_NO_LAYER_TACTIC_DATA,UNKNOWN_NO_DETAILED_INSPECTOR,,,/up_proj_2/MatMul_myl0_42,ENGINE_INSPECTOR_METADATA
fp16_decode,46,L3:v_proj,LINEAR,UNKNOWN,UNKNOWN,UNKNOWN,FP16_ENGINE_NO_LAYER_TACTIC_DATA,UNKNOWN_NO_DETAILED_INSPECTOR,,,/v_proj_3/MatMul+/k_proj_3/MatMul+/q_proj_3/MatMul_myl0_46,ENGINE_INSPECTOR_METADATA
fp16_decode,55,L3:o_proj,LINEAR,UNKNOWN,UNKNOWN,UNKNOWN,FP16_ENGINE_NO_LAYER_TACTIC_DATA,UNKNOWN_NO_DETAILED_INSPECTOR,,,/o_proj_3/MatMul_myl0_55,ENGINE_INSPECTOR_METADATA
fp16_decode,57,L3:up_proj,LINEAR,UNKNOWN,UNKNOWN,UNKNOWN,FP16_ENGINE_NO_LAYER_TACTIC_DATA,UNKNOWN_NO_DETAILED_INSPECTOR,,,/up_proj_3/MatMul_myl0_57,ENGINE_INSPECTOR_METADATA
fp16_decode,61,L4:v_proj,LINEAR,UNKNOWN,UNKNOWN,UNKNOWN,FP16_ENGINE_NO_LAYER_TACTIC_DATA,UNKNOWN_NO_DETAILED_INSPECTOR,,,/v_proj_4/MatMul+/k_proj_4/MatMul+/q_proj_4/MatMul_myl0_61,ENGINE_INSPECTOR_METADATA
fp16_decode,70,L4:o_proj,LINEAR,UNKNOWN,UNKNOWN,UNKNOWN,FP16_ENGINE_NO_LAYER_TACTIC_DATA,UNKNOWN_NO_DETAILED_INSPECTOR,,,/o_proj_4/MatMul_myl0_70,ENGINE_INSPECTOR_METADATA
fp16_decode,72,L4:up_proj,LINEAR,UNKNOWN,UNKNOWN,UNKNOWN,FP16_ENGINE_NO_LAYER_TACTIC_DATA,UNKNOWN_NO_DETAILED_INSPECTOR,,,/up_proj_4/MatMul_myl0_72,ENGINE_INSPECTOR_METADATA
fp16_decode,76,L5:v_proj,LINEAR,UNKNOWN,UNKNOWN,UNKNOWN,FP16_ENGINE_NO_LAYER_TACTIC_DATA,UNKNOWN_NO_DETAILED_INSPECTOR,,,/v_proj_5/MatMul+/k_proj_5/MatMul+/q_proj_5/MatMul_myl0_76,ENGINE_INSPECTOR_METADATA
fp16_decode,85,L5:o_proj,LINEAR,UNKNOWN,UNKNOWN,UNKNOWN,FP16_ENGINE_NO_LAYER_TACTIC_DATA,UNKNOWN_NO_DETAILED_INSPECTOR,,,/o_proj_5/MatMul_myl0_85,ENGINE_INSPECTOR_METADATA
fp16_decode,87,L5:up_proj,LINEAR,UNKNOWN,UNKNOWN,UNKNOWN,FP16_ENGINE_NO_LAYER_TACTIC_DATA,UNKNOWN_NO_DETAILED_INSPECTOR,,,/up_proj_5/MatMul_myl0_87,ENGINE_INSPECTOR_METADATA
fp16_decode,91,L6:v_proj,LINEAR,UNKNOWN,UNKNOWN,UNKNOWN,FP16_ENGINE_NO_LAYER_TACTIC_DATA,UNKNOWN_NO_DETAILED_INSPECTOR,,,/v_proj_6/MatMul+/k_proj_6/MatMul+/q_proj_6/MatMul_myl0_91,ENGINE_INSPECTOR_METADATA
fp16_decode,100,L6:o_proj,LINEAR,UNKNOWN,UNKNOWN,UNKNOWN,FP16_ENGINE_NO_LAYER_TACTIC_DATA,UNKNOWN_NO_DETAILED_INSPECTOR,,,/o_proj_6/MatMul_myl0_100,ENGINE_INSPECTOR_METADATA
fp16_decode,102,L6:up_proj,LINEAR,UNKNOWN,UNKNOWN,UNKNOWN,FP16_ENGINE_NO_LAYER_TACTIC_DATA,UNKNOWN_NO_DETAILED_INSPECTOR,,,/up_proj_6/MatMul_myl0_102,ENGINE_INSPECTOR_METADATA
fp16_decode,106,L7:v_proj,LINEAR,UNKNOWN,UNKNOWN,UNKNOWN,FP16_ENGINE_NO_LAYER_TACTIC_DATA,UNKNOWN_NO_DETAILED_INSPECTOR,,,/v_proj_7/MatMul+/k_proj_7/MatMul+/q_proj_7/MatMul_myl0_106,ENGINE_INSPECTOR_METADATA
fp16_decode,115,L7:o_proj,LINEAR,UNKNOWN,UNKNOWN,UNKNOWN,FP16_ENGINE_NO_LAYER_TACTIC_DATA,UNKNOWN_NO_DETAILED_INSPECTOR,,,/o_proj_7/MatMul_myl0_115,ENGINE_INSPECTOR_METADATA
fp16_decode,117,L7:up_proj,LINEAR,UNKNOWN,UNKNOWN,UNKNOWN,FP16_ENGINE_NO_LAYER_TACTIC_DATA,UNKNOWN_NO_DETAILED_INSPECTOR,,,/up_proj_7/MatMul_myl0_117,ENGINE_INSPECTOR_METADATA
fp16_decode,121,L8:v_proj,LINEAR,UNKNOWN,UNKNOWN,UNKNOWN,FP16_ENGINE_NO_LAYER_TACTIC_DATA,UNKNOWN_NO_DETAILED_INSPECTOR,,,/v_proj_8/MatMul+/k_proj_8/MatMul+/q_proj_8/MatMul_myl0_121,ENGINE_INSPECTOR_METADATA
fp16_decode,130,L8:o_proj,LINEAR,UNKNOWN,UNKNOWN,UNKNOWN,FP16_ENGINE_NO_LAYER_TACTIC_DATA,UNKNOWN_NO_DETAILED_INSPECTOR,,,/o_proj_8/MatMul_myl0_130,ENGINE_INSPECTOR_METADATA
fp16_decode,132,L8:up_proj,LINEAR,UNKNOWN,UNKNOWN,UNKNOWN,FP16_ENGINE_NO_LAYER_TACTIC_DATA,UNKNOWN_NO_DETAILED_INSPECTOR,,,/up_proj_8/MatMul_myl0_132,ENGINE_INSPECTOR_METADATA
fp16_decode,136,L9:v_proj,LINEAR,UNKNOWN,UNKNOWN,UNKNOWN,FP16_ENGINE_NO_LAYER_TACTIC_DATA,UNKNOWN_NO_DETAILED_INSPECTOR,,,/v_proj_9/MatMul+/k_proj_9/MatMul+/q_proj_9/MatMul_myl0_136,ENGINE_INSPECTOR_METADATA
fp16_decode,145,L9:o_proj,LINEAR,UNKNOWN,UNKNOWN,UNKNOWN,FP16_ENGINE_NO_LAYER_TACTIC_DATA,UNKNOWN_NO_DETAILED_INSPECTOR,,,/o_proj_9/MatMul_myl0_145,ENGINE_INSPECTOR_METADATA
fp16_decode,147,L9:up_proj,LINEAR,UNKNOWN,UNKNOWN,UNKNOWN,FP16_ENGINE_NO_LAYER_TACTIC_DATA,UNKNOWN_NO_DETAILED_INSPECTOR,,,/up_proj_9/MatMul_myl0_147,ENGINE_INSPECTOR_METADATA
fp16_decode,151,L10:v_proj,LINEAR,UNKNOWN,UNKNOWN,UNKNOWN,FP16_ENGINE_NO_LAYER_TACTIC_DATA,UNKNOWN_NO_DETAILED_INSPECTOR,,,/v_proj_10/MatMul+/k_proj_10/MatMul+/q_proj_10/MatMul_myl0_151,ENGINE_INSPECTOR_METADATA
fp16_decode,160,L10:o_proj,LINEAR,UNKNOWN,UNKNOWN,UNKNOWN,FP16_ENGINE_NO_LAYER_TACTIC_DATA,UNKNOWN_NO_DETAILED_INSPECTOR,,,/o_proj_10/MatMul_myl0_160,ENGINE_INSPECTOR_METADATA
fp16_decode,162,L10:up_proj,LINEAR,UNKNOWN,UNKNOWN,UNKNOWN,FP16_ENGINE_NO_LAYER_TACTIC_DATA,UNKNOWN_NO_DETAILED_INSPECTOR,,,/up_proj_10/MatMul_myl0_162,ENGINE_INSPECTOR_METADATA
fp16_decode,166,L11:v_proj,LINEAR,UNKNOWN,UNKNOWN,UNKNOWN,FP16_ENGINE_NO_LAYER_TACTIC_DATA,UNKNOWN_NO_DETAILED_INSPECTOR,,,/v_proj_11/MatMul+/k_proj_11/MatMul+/q_proj_11/MatMul_myl0_166,ENGINE_INSPECTOR_METADATA
fp16_decode,175,L11:o_proj,LINEAR,UNKNOWN,UNKNOWN,UNKNOWN,FP16_ENGINE_NO_LAYER_TACTIC_DATA,UNKNOWN_NO_DETAILED_INSPECTOR,,,/o_proj_11/MatMul_myl0_175,ENGINE_INSPECTOR_METADATA
fp16_decode,177,L11:up_proj,LINEAR,UNKNOWN,UNKNOWN,UNKNOWN,FP16_ENGINE_NO_LAYER_TACTIC_DATA,UNKNOWN_NO_DETAILED_INSPECTOR,,,/up_proj_11/MatMul_myl0_177,ENGINE_INSPECTOR_METADATA
fp16_decode,181,L12:v_proj,LINEAR,UNKNOWN,UNKNOWN,UNKNOWN,FP16_ENGINE_NO_LAYER_TACTIC_DATA,UNKNOWN_NO_DETAILED_INSPECTOR,,,/v_proj_12/MatMul+/k_proj_12/MatMul+/q_proj_12/MatMul_myl0_181,ENGINE_INSPECTOR_METADATA
fp16_decode,190,L12:o_proj,LINEAR,UNKNOWN,UNKNOWN,UNKNOWN,FP16_ENGINE_NO_LAYER_TACTIC_DATA,UNKNOWN_NO_DETAILED_INSPECTOR,,,/o_proj_12/MatMul_myl0_190,ENGINE_INSPECTOR_METADATA
fp16_decode,192,L12:up_proj,LINEAR,UNKNOWN,UNKNOWN,UNKNOWN,FP16_ENGINE_NO_LAYER_TACTIC_DATA,UNKNOWN_NO_DETAILED_INSPECTOR,,,/up_proj_12/MatMul_myl0_192,ENGINE_INSPECTOR_METADATA
fp16_decode,196,L13:v_proj,LINEAR,UNKNOWN,UNKNOWN,UNKNOWN,FP16_ENGINE_NO_LAYER_TACTIC_DATA,UNKNOWN_NO_DETAILED_INSPECTOR,,,/v_proj_13/MatMul+/k_proj_13/MatMul+/q_proj_13/MatMul_myl0_196,ENGINE_INSPECTOR_METADATA
fp16_decode,205,L13:o_proj,LINEAR,UNKNOWN,UNKNOWN,UNKNOWN,FP16_ENGINE_NO_LAYER_TACTIC_DATA,UNKNOWN_NO_DETAILED_INSPECTOR,,,/o_proj_13/MatMul_myl0_205,ENGINE_INSPECTOR_METADATA
fp16_decode,207,L13:up_proj,LINEAR,UNKNOWN,UNKNOWN,UNKNOWN,FP16_ENGINE_NO_LAYER_TACTIC_DATA,UNKNOWN_NO_DETAILED_INSPECTOR,,,/up_proj_13/MatMul_myl0_207,ENGINE_INSPECTOR_METADATA
fp16_decode,211,L14:v_proj,LINEAR,UNKNOWN,UNKNOWN,UNKNOWN,FP16_ENGINE_NO_LAYER_TACTIC_DATA,UNKNOWN_NO_DETAILED_INSPECTOR,,,/v_proj_14/MatMul+/k_proj_14/MatMul+/q_proj_14/MatMul_myl0_211,ENGINE_INSPECTOR_METADATA
fp16_decode,220,L14:o_proj,LINEAR,UNKNOWN,UNKNOWN,UNKNOWN,FP16_ENGINE_NO_LAYER_TACTIC_DATA,UNKNOWN_NO_DETAILED_INSPECTOR,,,/o_proj_14/MatMul_myl0_220,ENGINE_INSPECTOR_METADATA
fp16_decode,222,L14:up_proj,LINEAR,UNKNOWN,UNKNOWN,UNKNOWN,FP16_ENGINE_NO_LAYER_TACTIC_DATA,UNKNOWN_NO_DETAILED_INSPECTOR,,,/up_proj_14/MatMul_myl0_222,ENGINE_INSPECTOR_METADATA
fp16_decode,226,L15:v_proj,LINEAR,UNKNOWN,UNKNOWN,UNKNOWN,FP16_ENGINE_NO_LAYER_TACTIC_DATA,UNKNOWN_NO_DETAILED_INSPECTOR,,,/v_proj_15/MatMul+/k_proj_15/MatMul+/q_proj_15/MatMul_myl0_226,ENGINE_INSPECTOR_METADATA
fp16_decode,235,L15:o_proj,LINEAR,UNKNOWN,UNKNOWN,UNKNOWN,FP16_ENGINE_NO_LAYER_TACTIC_DATA,UNKNOWN_NO_DETAILED_INSPECTOR,,,/o_proj_15/MatMul_myl0_235,ENGINE_INSPECTOR_METADATA
fp16_decode,237,L15:up_proj,LINEAR,UNKNOWN,UNKNOWN,UNKNOWN,FP16_ENGINE_NO_LAYER_TACTIC_DATA,UNKNOWN_NO_DETAILED_INSPECTOR,,,/up_proj_15/MatMul_myl0_237,ENGINE_INSPECTOR_METADATA
fp16_decode,241,L16:v_proj,LINEAR,UNKNOWN,UNKNOWN,UNKNOWN,FP16_ENGINE_NO_LAYER_TACTIC_DATA,UNKNOWN_NO_DETAILED_INSPECTOR,,,/v_proj_16/MatMul+/k_proj_16/MatMul+/q_proj_16/MatMul_myl0_241,ENGINE_INSPECTOR_METADATA
fp16_decode,250,L16:o_proj,LINEAR,UNKNOWN,UNKNOWN,UNKNOWN,FP16_ENGINE_NO_LAYER_TACTIC_DATA,UNKNOWN_NO_DETAILED_INSPECTOR,,,/o_proj_16/MatMul_myl0_250,ENGINE_INSPECTOR_METADATA
fp16_decode,252,L16:up_proj,LINEAR,UNKNOWN,UNKNOWN,UNKNOWN,FP16_ENGINE_NO_LAYER_TACTIC_DATA,UNKNOWN_NO_DETAILED_INSPECTOR,,,/up_proj_16/MatMul_myl0_252,ENGINE_INSPECTOR_METADATA
fp16_decode,256,L17:v_proj,LINEAR,UNKNOWN,UNKNOWN,UNKNOWN,FP16_ENGINE_NO_LAYER_TACTIC_DATA,UNKNOWN_NO_DETAILED_INSPECTOR,,,/v_proj_17/MatMul+/k_proj_17/MatMul+/q_proj_17/MatMul_myl0_256,ENGINE_INSPECTOR_METADATA
fp16_decode,265,L17:o_proj,LINEAR,UNKNOWN,UNKNOWN,UNKNOWN,FP16_ENGINE_NO_LAYER_TACTIC_DATA,UNKNOWN_NO_DETAILED_INSPECTOR,,,/o_proj_17/MatMul_myl0_265,ENGINE_INSPECTOR_METADATA
fp16_decode,267,L17:up_proj,LINEAR,UNKNOWN,UNKNOWN,UNKNOWN,FP16_ENGINE_NO_LAYER_TACTIC_DATA,UNKNOWN_NO_DETAILED_INSPECTOR,,,/up_proj_17/MatMul_myl0_267,ENGINE_INSPECTOR_METADATA
fp16_decode,271,L18:v_proj,LINEAR,UNKNOWN,UNKNOWN,UNKNOWN,FP16_ENGINE_NO_LAYER_TACTIC_DATA,UNKNOWN_NO_DETAILED_INSPECTOR,,,/v_proj_18/MatMul+/k_proj_18/MatMul+/q_proj_18/MatMul_myl0_271,ENGINE_INSPECTOR_METADATA
fp16_decode,280,L18:o_proj,LINEAR,UNKNOWN,UNKNOWN,UNKNOWN,FP16_ENGINE_NO_LAYER_TACTIC_DATA,UNKNOWN_NO_DETAILED_INSPECTOR,,,/o_proj_18/MatMul_myl0_280,ENGINE_INSPECTOR_METADATA
fp16_decode,282,L18:up_proj,LINEAR,UNKNOWN,UNKNOWN,UNKNOWN,FP16_ENGINE_NO_LAYER_TACTIC_DATA,UNKNOWN_NO_DETAILED_INSPECTOR,,,/up_proj_18/MatMul_myl0_282,ENGINE_INSPECTOR_METADATA
fp16_decode,286,L19:v_proj,LINEAR,UNKNOWN,UNKNOWN,UNKNOWN,FP16_ENGINE_NO_LAYER_TACTIC_DATA,UNKNOWN_NO_DETAILED_INSPECTOR,,,/v_proj_19/MatMul+/k_proj_19/MatMul+/q_proj_19/MatMul_myl0_286,ENGINE_INSPECTOR_METADATA
fp16_decode,295,L19:o_proj,LINEAR,UNKNOWN,UNKNOWN,UNKNOWN,FP16_ENGINE_NO_LAYER_TACTIC_DATA,UNKNOWN_NO_DETAILED_INSPECTOR,,,/o_proj_19/MatMul_myl0_295,ENGINE_INSPECTOR_METADATA
fp16_decode,297,L19:up_proj,LINEAR,UNKNOWN,UNKNOWN,UNKNOWN,FP16_ENGINE_NO_LAYER_TACTIC_DATA,UNKNOWN_NO_DETAILED_INSPECTOR,,,/up_proj_19/MatMul_myl0_297,ENGINE_INSPECTOR_METADATA
fp16_decode,301,L20:v_proj,LINEAR,UNKNOWN,UNKNOWN,UNKNOWN,FP16_ENGINE_NO_LAYER_TACTIC_DATA,UNKNOWN_NO_DETAILED_INSPECTOR,,,/v_proj_20/MatMul+/k_proj_20/MatMul+/q_proj_20/MatMul_myl0_301,ENGINE_INSPECTOR_METADATA
fp16_decode,310,L20:o_proj,LINEAR,UNKNOWN,UNKNOWN,UNKNOWN,FP16_ENGINE_NO_LAYER_TACTIC_DATA,UNKNOWN_NO_DETAILED_INSPECTOR,,,/o_proj_20/MatMul_myl0_310,ENGINE_INSPECTOR_METADATA
fp16_decode,312,L20:up_proj,LINEAR,UNKNOWN,UNKNOWN,UNKNOWN,FP16_ENGINE_NO_LAYER_TACTIC_DATA,UNKNOWN_NO_DETAILED_INSPECTOR,,,/up_proj_20/MatMul_myl0_312,ENGINE_INSPECTOR_METADATA
fp16_decode,316,L21:v_proj,LINEAR,UNKNOWN,UNKNOWN,UNKNOWN,FP16_ENGINE_NO_LAYER_TACTIC_DATA,UNKNOWN_NO_DETAILED_INSPECTOR,,,/v_proj_21/MatMul+/k_proj_21/MatMul+/q_proj_21/MatMul_myl0_316,ENGINE_INSPECTOR_METADATA
fp16_decode,325,L21:o_proj,LINEAR,UNKNOWN,UNKNOWN,UNKNOWN,FP16_ENGINE_NO_LAYER_TACTIC_DATA,UNKNOWN_NO_DETAILED_INSPECTOR,,,/o_proj_21/MatMul_myl0_325,ENGINE_INSPECTOR_METADATA
fp16_decode,327,L21:up_proj,LINEAR,UNKNOWN,UNKNOWN,UNKNOWN,FP16_ENGINE_NO_LAYER_TACTIC_DATA,UNKNOWN_NO_DETAILED_INSPECTOR,,,/up_proj_21/MatMul_myl0_327,ENGINE_INSPECTOR_METADATA
fp16_decode,331,L22:v_proj,LINEAR,UNKNOWN,UNKNOWN,UNKNOWN,FP16_ENGINE_NO_LAYER_TACTIC_DATA,UNKNOWN_NO_DETAILED_INSPECTOR,,,/v_proj_22/MatMul+/k_proj_22/MatMul+/q_proj_22/MatMul_myl0_331,ENGINE_INSPECTOR_METADATA
fp16_decode,340,L22:o_proj,LINEAR,UNKNOWN,UNKNOWN,UNKNOWN,FP16_ENGINE_NO_LAYER_TACTIC_DATA,UNKNOWN_NO_DETAILED_INSPECTOR,,,/o_proj_22/MatMul_myl0_340,ENGINE_INSPECTOR_METADATA
fp16_decode,342,L22:up_proj,LINEAR,UNKNOWN,UNKNOWN,UNKNOWN,FP16_ENGINE_NO_LAYER_TACTIC_DATA,UNKNOWN_NO_DETAILED_INSPECTOR,,,/up_proj_22/MatMul_myl0_342,ENGINE_INSPECTOR_METADATA
fp16_decode,346,L23:v_proj,LINEAR,UNKNOWN,UNKNOWN,UNKNOWN,FP16_ENGINE_NO_LAYER_TACTIC_DATA,UNKNOWN_NO_DETAILED_INSPECTOR,,,/v_proj_23/MatMul+/k_proj_23/MatMul+/q_proj_23/MatMul_myl0_346,ENGINE_INSPECTOR_METADATA
fp16_decode,355,L23:o_proj,LINEAR,UNKNOWN,UNKNOWN,UNKNOWN,FP16_ENGINE_NO_LAYER_TACTIC_DATA,UNKNOWN_NO_DETAILED_INSPECTOR,,,/o_proj_23/MatMul_myl0_355,ENGINE_INSPECTOR_METADATA
fp16_decode,357,L23:up_proj,LINEAR,UNKNOWN,UNKNOWN,UNKNOWN,FP16_ENGINE_NO_LAYER_TACTIC_DATA,UNKNOWN_NO_DETAILED_INSPECTOR,,,/up_proj_23/MatMul_myl0_357,ENGINE_INSPECTOR_METADATA
fp16_decode,361,L24:v_proj,LINEAR,UNKNOWN,UNKNOWN,UNKNOWN,FP16_ENGINE_NO_LAYER_TACTIC_DATA,UNKNOWN_NO_DETAILED_INSPECTOR,,,/v_proj_24/MatMul+/k_proj_24/MatMul+/q_proj_24/MatMul_myl0_361,ENGINE_INSPECTOR_METADATA
fp16_decode,370,L24:o_proj,LINEAR,UNKNOWN,UNKNOWN,UNKNOWN,FP16_ENGINE_NO_LAYER_TACTIC_DATA,UNKNOWN_NO_DETAILED_INSPECTOR,,,/o_proj_24/MatMul_myl0_370,ENGINE_INSPECTOR_METADATA
fp16_decode,372,L24:up_proj,LINEAR,UNKNOWN,UNKNOWN,UNKNOWN,FP16_ENGINE_NO_LAYER_TACTIC_DATA,UNKNOWN_NO_DETAILED_INSPECTOR,,,/up_proj_24/MatMul_myl0_372,ENGINE_INSPECTOR_METADATA
fp16_decode,376,L25:v_proj,LINEAR,UNKNOWN,UNKNOWN,UNKNOWN,FP16_ENGINE_NO_LAYER_TACTIC_DATA,UNKNOWN_NO_DETAILED_INSPECTOR,,,/v_proj_25/MatMul+/k_proj_25/MatMul+/q_proj_25/MatMul_myl0_376,ENGINE_INSPECTOR_METADATA
fp16_decode,385,L25:o_proj,LINEAR,UNKNOWN,UNKNOWN,UNKNOWN,FP16_ENGINE_NO_LAYER_TACTIC_DATA,UNKNOWN_NO_DETAILED_INSPECTOR,,,/o_proj_25/MatMul_myl0_385,ENGINE_INSPECTOR_METADATA
fp16_decode,387,L25:up_proj,LINEAR,UNKNOWN,UNKNOWN,UNKNOWN,FP16_ENGINE_NO_LAYER_TACTIC_DATA,UNKNOWN_NO_DETAILED_INSPECTOR,,,/up_proj_25/MatMul_myl0_387,ENGINE_INSPECTOR_METADATA
fp16_decode,391,L26:v_proj,LINEAR,UNKNOWN,UNKNOWN,UNKNOWN,FP16_ENGINE_NO_LAYER_TACTIC_DATA,UNKNOWN_NO_DETAILED_INSPECTOR,,,/v_proj_26/MatMul+/k_proj_26/MatMul+/q_proj_26/MatMul_myl0_391,ENGINE_INSPECTOR_METADATA
fp16_decode,400,L26:o_proj,LINEAR,UNKNOWN,UNKNOWN,UNKNOWN,FP16_ENGINE_NO_LAYER_TACTIC_DATA,UNKNOWN_NO_DETAILED_INSPECTOR,,,/o_proj_26/MatMul_myl0_400,ENGINE_INSPECTOR_METADATA
fp16_decode,402,L26:up_proj,LINEAR,UNKNOWN,UNKNOWN,UNKNOWN,FP16_ENGINE_NO_LAYER_TACTIC_DATA,UNKNOWN_NO_DETAILED_INSPECTOR,,,/up_proj_26/MatMul_myl0_402,ENGINE_INSPECTOR_METADATA
fp16_decode,406,L27:v_proj,LINEAR,UNKNOWN,UNKNOWN,UNKNOWN,FP16_ENGINE_NO_LAYER_TACTIC_DATA,UNKNOWN_NO_DETAILED_INSPECTOR,,,/v_proj_27/MatMul+/k_proj_27/MatMul+/q_proj_27/MatMul_myl0_406,ENGINE_INSPECTOR_METADATA
fp16_decode,415,L27:o_proj,LINEAR,UNKNOWN,UNKNOWN,UNKNOWN,FP16_ENGINE_NO_LAYER_TACTIC_DATA,UNKNOWN_NO_DETAILED_INSPECTOR,,,/o_proj_27/MatMul_myl0_415,ENGINE_INSPECTOR_METADATA
fp16_decode,417,L27:up_proj,LINEAR,UNKNOWN,UNKNOWN,UNKNOWN,FP16_ENGINE_NO_LAYER_TACTIC_DATA,UNKNOWN_NO_DETAILED_INSPECTOR,,,/up_proj_27/MatMul_myl0_417,ENGINE_INSPECTOR_METADATA
mixed_prefill,5,L0:v_proj,LINEAR,8,1024,1024,INT8,sm80_xmma_gemm_i8i8_i8i32_f32_tn_n_tilesize32x64x64_stage6_warpsize2x2x1_tensor16x8x32_by_fusion_tactic,1x-1x1024;1x1024x1024,1x-1x1024,/v_proj/MatMul;/v_proj/MatMul__a_dequant;/v_proj/MatMul__a_quant;/v_proj/MatMul__w_dequant,ENGINE_INSPECTOR_METADATA
mixed_prefill,9,L0:k_proj,LINEAR,8,1024,1024,INT8,sm80_xmma_gemm_i8i8_i8i32_f32_tn_n_tilesize32x64x64_stage6_warpsize2x2x1_tensor16x8x32_by_fusion_tactic,1x-1x1024;1x1024x1024,1x-1x1024,/k_proj/MatMul;/k_proj/MatMul__a_dequant;/k_proj/MatMul__a_quant;/k_proj/MatMul__w_dequant,ENGINE_INSPECTOR_METADATA
mixed_prefill,12,L0:q_proj,LINEAR,8,2048,1024,INT8,sm80_xmma_gemm_i8f32_i8i32_f32_tn_n_tilesize32x64x64_stage6_warpsize2x2x1_tensor16x8x32_by_fusion_tactic,1x-1x1024;1x1024x2048,1x-1x2048,/q_proj/MatMul;/q_proj/MatMul__a_dequant;/q_proj/MatMul__a_quant;/q_proj/MatMul__w_dequant,ENGINE_INSPECTOR_METADATA
mixed_prefill,17,L0:o_proj,LINEAR,8,128,-1,UNKNOWN,_gemm_mha_v2_0xbbc42f75034653fb101166ea3f96b8ac,16x-1x128;16x128x-1;1x1x-1x-1;16x-1x128;1;1;1;1;1;1,16x-1x128,/o_proj/MatMul__a_quant;/MatMul_1;/Softmax;/Where_2;/Mul_7;/MatMul,ENGINE_INSPECTOR_METADATA
mixed_prefill,19,L0:o_proj,LINEAR,8,1024,2048,INT8,sm80_xmma_gemm_i8i8_i8i32_f32_tn_n_tilesize32x64x64_stage6_warpsize2x2x1_tensor16x8x32_by_fusion_tactic,1x-1x1024;1x-1x2048;1x2048x1024,1x-1x1024,/o_proj/MatMul;/o_proj/MatMul__a_dequant;/o_proj/MatMul__a_quant;/o_proj/MatMul__w_dequant;/Add_2,ENGINE_INSPECTOR_METADATA
mixed_prefill,21,L0:up_proj,LINEAR,8,3072,1024,FP16,ampere_h16816gemm_128x64_ldg8_nn_v1,1x-1x1024;1x1024x3072;1;1,1x-1x3072,/up_proj/MatMul,ENGINE_INSPECTOR_METADATA
mixed_prefill,22,L0:gate_proj,LINEAR,8,3072,1024,INT8,sm80_xmma_gemm_i8i8_i8i32_f32_tn_n_tilesize32x64x64_stage6_warpsize2x2x1_tensor16x8x32_by_fusion_tactic,1x-1x3072;1x-1x1024;1x1024x3072,1x-1x3072,/gate_proj/MatMul;/gate_proj/MatMul__a_dequant;/gate_proj/MatMul__a_quant;/gate_proj/MatMul__w_dequant;/Mul_8;/Mul_9;/Sigmoid,ENGINE_INSPECTOR_METADATA
mixed_prefill,23,L0:down_proj,LINEAR,8,1024,3072,FP16,sm80_xmma_gemm_f16f16_f16f16_f16_nn_n_tilesize128x64x64_stage3_warpsize2x2x1_tensor16x8x16_by_fusion_tactic,1x-1x1024;1x-1x3072;1x3072x1024,1x-1x1024,/down_proj/MatMul;/Add_3,ENGINE_INSPECTOR_METADATA
mixed_prefill,27,L1:v_proj,LINEAR,8,1024,1024,INT8,sm80_xmma_gemm_i8i8_i8i32_f32_tn_n_tilesize32x64x64_stage6_warpsize2x2x1_tensor16x8x32_by_fusion_tactic,1x-1x1024;1x1024x1024,1x-1x1024,/v_proj_1/MatMul;/v_proj_1/MatMul__a_dequant;/v_proj_1/MatMul__a_quant;/v_proj_1/MatMul__w_dequant,ENGINE_INSPECTOR_METADATA
mixed_prefill,33,L1:k_proj,LINEAR,8,1024,1024,INT8,sm80_xmma_gemm_i8i8_i8i32_f32_tn_n_tilesize32x64x64_stage6_warpsize2x2x1_tensor16x8x32_by_fusion_tactic,1x-1x1024;1x1024x1024,1x-1x1024,/k_proj_1/MatMul;/k_proj_1/MatMul__a_dequant;/k_proj_1/MatMul__a_quant;/k_proj_1/MatMul__w_dequant,ENGINE_INSPECTOR_METADATA
mixed_prefill,39,L1:q_proj,LINEAR,8,2048,1024,INT8,sm80_xmma_gemm_i8f32_i8i32_f32_tn_n_tilesize32x64x64_stage6_warpsize2x2x1_tensor16x8x32_by_fusion_tactic,1x-1x1024;1x1024x2048,1x-1x2048,/q_proj_1/MatMul;/q_proj_1/MatMul__a_dequant;/q_proj_1/MatMul__a_quant;/q_proj_1/MatMul__w_dequant,ENGINE_INSPECTOR_METADATA
mixed_prefill,44,L1:o_proj,LINEAR,8,128,-1,UNKNOWN,_gemm_mha_v2_0x1f788b071d831d329684abd45c8719fb,16x-1x128;16x128x-1;1x1x-1x-1;16x-1x128;1;1;1;1;1;1,16x-1x128,/o_proj_1/MatMul__a_quant;/MatMul_3;/Softmax_1;/Where_5;/Mul_16;/MatMul_2,ENGINE_INSPECTOR_METADATA
mixed_prefill,46,L1:o_proj,LINEAR,8,1024,2048,INT8,sm80_xmma_gemm_i8i8_i8i32_f32_tn_n_tilesize32x64x64_stage6_warpsize2x2x1_tensor16x8x32_by_fusion_tactic,1x-1x1024;1x-1x2048;1x2048x1024,1x-1x1024,/o_proj_1/MatMul;/o_proj_1/MatMul__a_dequant;/o_proj_1/MatMul__a_quant;/o_proj_1/MatMul__w_dequant;/Add_6,ENGINE_INSPECTOR_METADATA
mixed_prefill,48,L1:up_proj,LINEAR,8,3072,1024,FP16,ampere_h16816gemm_256x64_ldg8_tn_v1,1x-1x1024;1x1024x3072;1;1,1x-1x3072,/up_proj_1/MatMul,ENGINE_INSPECTOR_METADATA
mixed_prefill,49,L1:gate_proj,LINEAR,8,3072,1024,INT8,sm80_xmma_gemm_i8i8_i8i32_f32_tn_n_tilesize32x64x64_stage6_warpsize2x2x1_tensor16x8x32_by_fusion_tactic,1x-1x3072;1x-1x1024;1x1024x3072,1x-1x3072,/gate_proj_1/MatMul;/gate_proj_1/MatMul__a_dequant;/gate_proj_1/MatMul__a_quant;/gate_proj_1/MatMul__w_dequant;/Mul_17;/Mul_18;/Sigmoid_1,ENGINE_INSPECTOR_METADATA
mixed_prefill,50,L1:down_proj,LINEAR,8,1024,3072,FP16,sm80_xmma_gemm_f16f16_f16f16_f16_nn_n_tilesize128x64x64_stage3_warpsize2x2x1_tensor16x8x16_by_fusion_tactic,1x-1x1024;1x-1x3072;1x3072x1024,1x-1x1024,/down_proj_1/MatMul;/Add_7,ENGINE_INSPECTOR_METADATA
mixed_prefill,52,L2:v_proj,LINEAR,8,4096,1024,FP16,ampere_h16816gemm_256x64_ldg8_tn_v1,1x-1x1024;1x1024x4096;1;1,1x-1x4096,/v_proj_2/MatMul;/k_proj_2/MatMul;/q_proj_2/MatMul,ENGINE_INSPECTOR_METADATA
mixed_prefill,65,L2:o_proj,LINEAR,8,128,-1,UNKNOWN,_gemm_mha_v2_0x60fab5add8bb246f4c8714685e81d651,16x-1x128;16x128x-1;1x1x-1x-1;16x-1x128;1;1;1;1;1;1,16x-1x128,/o_proj_2/MatMul__a_quant;/MatMul_5;/Softmax_2;/Where_8;/Mul_25;/MatMul_4,ENGINE_INSPECTOR_METADATA
mixed_prefill,67,L2:o_proj,LINEAR,8,1024,2048,INT8,sm80_xmma_gemm_i8i8_i8i32_f32_tn_n_tilesize32x64x64_stage6_warpsize2x2x1_tensor16x8x32_by_fusion_tactic,1x-1x1024;1x-1x2048;1x2048x1024,1x-1x1024,/o_proj_2/MatMul;/o_proj_2/MatMul__a_dequant;/o_proj_2/MatMul__a_quant;/o_proj_2/MatMul__w_dequant;/Add_10,ENGINE_INSPECTOR_METADATA
mixed_prefill,69,L2:up_proj,LINEAR,8,3072,1024,FP16,ampere_h16816gemm_256x64_ldg8_tn_v1,1x-1x1024;1x1024x3072;1;1,1x-1x3072,/up_proj_2/MatMul,ENGINE_INSPECTOR_METADATA
mixed_prefill,70,L2:gate_proj,LINEAR,8,3072,1024,INT8,sm80_xmma_gemm_i8i8_i8i32_f32_tn_n_tilesize32x64x64_stage6_warpsize2x2x1_tensor16x8x32_by_fusion_tactic,1x-1x3072;1x-1x1024;1x1024x3072,1x-1x3072,/gate_proj_2/MatMul;/gate_proj_2/MatMul__a_dequant;/gate_proj_2/MatMul__a_quant;/gate_proj_2/MatMul__w_dequant;/Mul_26;/Mul_27;/Sigmoid_2,ENGINE_INSPECTOR_METADATA
mixed_prefill,71,L2:down_proj,LINEAR,8,1024,3072,FP16,sm80_xmma_gemm_f16f16_f16f16_f16_nn_n_tilesize128x64x64_stage3_warpsize2x2x1_tensor16x8x16_by_fusion_tactic,1x-1x1024;1x-1x3072;1x3072x1024,1x-1x1024,/down_proj_2/MatMul;/Add_11,ENGINE_INSPECTOR_METADATA
mixed_prefill,75,L3:v_proj,LINEAR,8,1024,1024,INT8,sm80_xmma_gemm_i8i8_i8i32_f32_tn_n_tilesize32x64x64_stage6_warpsize2x2x1_tensor16x8x32_by_fusion_tactic,1x-1x1024;1x1024x1024,1x-1x1024,/v_proj_3/MatMul;/v_proj_3/MatMul__a_dequant;/v_proj_3/MatMul__a_quant;/v_proj_3/MatMul__w_dequant,ENGINE_INSPECTOR_METADATA
mixed_prefill,79,L3:k_proj,LINEAR,8,1024,1024,INT8,sm80_xmma_gemm_i8i8_i8i32_f32_tn_n_tilesize32x64x64_stage6_warpsize2x2x1_tensor16x8x32_by_fusion_tactic,1x-1x1024;1x1024x1024,1x-1x1024,/k_proj_3/MatMul;/k_proj_3/MatMul__a_dequant;/k_proj_3/MatMul__a_quant;/k_proj_3/MatMul__w_dequant,ENGINE_INSPECTOR_METADATA
mixed_prefill,83,L3:q_proj,LINEAR,8,2048,1024,INT8,sm80_xmma_gemm_i8f32_i8i32_f32_tn_n_tilesize32x64x64_stage6_warpsize2x2x1_tensor16x8x32_by_fusion_tactic,1x-1x1024;1x1024x2048,1x-1x2048,/q_proj_3/MatMul;/q_proj_3/MatMul__a_dequant;/q_proj_3/MatMul__a_quant;/q_proj_3/MatMul__w_dequant,ENGINE_INSPECTOR_METADATA
mixed_prefill,88,L3:o_proj,LINEAR,8,128,-1,UNKNOWN,_gemm_mha_v2_0xf766752c8950edccd27d326ac8c5c5d0,16x-1x128;16x128x-1;1x1x-1x-1;16x-1x128;1;1;1;1;1;1,16x-1x128,/o_proj_3/MatMul__a_quant;/MatMul_7;/Mul_34;/Softmax_3;/MatMul_6;/Where_11,ENGINE_INSPECTOR_METADATA
mixed_prefill,90,L3:o_proj,LINEAR,8,1024,2048,INT8,sm80_xmma_gemm_i8i8_i8i32_f32_tn_n_tilesize32x64x64_stage6_warpsize2x2x1_tensor16x8x32_by_fusion_tactic,1x-1x1024;1x-1x2048;1x2048x1024,1x-1x1024,/o_proj_3/MatMul;/o_proj_3/MatMul__a_dequant;/o_proj_3/MatMul__a_quant;/o_proj_3/MatMul__w_dequant;/Add_14,ENGINE_INSPECTOR_METADATA
mixed_prefill,92,L3:up_proj,LINEAR,8,3072,1024,FP16,ampere_h16816gemm_128x64_ldg8_nn_v1,1x-1x1024;1x1024x3072;1;1,1x-1x3072,/up_proj_3/MatMul,ENGINE_INSPECTOR_METADATA
mixed_prefill,93,L3:gate_proj,LINEAR,8,3072,1024,INT8,sm80_xmma_gemm_i8i8_i8i32_f32_tn_n_tilesize32x64x64_stage6_warpsize2x2x1_tensor16x8x32_by_fusion_tactic,1x-1x3072;1x-1x1024;1x1024x3072,1x-1x3072,/gate_proj_3/MatMul;/gate_proj_3/MatMul__a_dequant;/gate_proj_3/MatMul__a_quant;/gate_proj_3/MatMul__w_dequant;/Mul_35;/Mul_36;/Sigmoid_3,ENGINE_INSPECTOR_METADATA
mixed_prefill,94,L3:down_proj,LINEAR,8,1024,3072,FP16,sm80_xmma_gemm_f16f16_f16f16_f16_nn_n_tilesize128x64x64_stage3_warpsize2x2x1_tensor16x8x16_by_fusion_tactic,1x-1x1024;1x-1x3072;1x3072x1024,1x-1x1024,/down_proj_3/MatMul;/Add_15,ENGINE_INSPECTOR_METADATA
mixed_prefill,98,L4:v_proj,LINEAR,8,1024,1024,INT8,sm80_xmma_gemm_i8i8_i8i32_f32_tn_n_tilesize32x64x64_stage6_warpsize2x2x1_tensor16x8x32_by_fusion_tactic,1x-1x1024;1x1024x1024,1x-1x1024,/v_proj_4/MatMul;/v_proj_4/MatMul__a_dequant;/v_proj_4/MatMul__a_quant;/v_proj_4/MatMul__w_dequant,ENGINE_INSPECTOR_METADATA
mixed_prefill,102,L4:k_proj,LINEAR,8,1024,1024,INT8,sm80_xmma_gemm_i8i8_i8i32_f32_tn_n_tilesize32x64x64_stage6_warpsize2x2x1_tensor16x8x32_by_fusion_tactic,1x-1x1024;1x1024x1024,1x-1x1024,/k_proj_4/MatMul;/k_proj_4/MatMul__a_dequant;/k_proj_4/MatMul__a_quant;/k_proj_4/MatMul__w_dequant,ENGINE_INSPECTOR_METADATA
mixed_prefill,106,L4:q_proj,LINEAR,8,2048,1024,INT8,sm80_xmma_gemm_i8f32_i8i32_f32_tn_n_tilesize32x64x64_stage6_warpsize2x2x1_tensor16x8x32_by_fusion_tactic,1x-1x1024;1x1024x2048,1x-1x2048,/q_proj_4/MatMul;/q_proj_4/MatMul__a_dequant;/q_proj_4/MatMul__a_quant;/q_proj_4/MatMul__w_dequant,ENGINE_INSPECTOR_METADATA
mixed_prefill,111,L4:o_proj,LINEAR,8,128,-1,UNKNOWN,_gemm_mha_v2_0xccf3a8474acc5fc16b0ad4e1c69800bb,16x-1x128;16x128x-1;1x1x-1x-1;16x-1x128;1;1;1;1;1;1,16x-1x128,/o_proj_4/MatMul__a_quant;/MatMul_9;/Softmax_4;/Where_14;/MatMul_8;/Mul_43,ENGINE_INSPECTOR_METADATA
mixed_prefill,113,L4:o_proj,LINEAR,8,1024,2048,INT8,sm80_xmma_gemm_i8i8_i8i32_f32_tn_n_tilesize32x64x64_stage6_warpsize2x2x1_tensor16x8x32_by_fusion_tactic,1x-1x1024;1x-1x2048;1x2048x1024,1x-1x1024,/o_proj_4/MatMul;/o_proj_4/MatMul__a_dequant;/o_proj_4/MatMul__a_quant;/o_proj_4/MatMul__w_dequant;/Add_18,ENGINE_INSPECTOR_METADATA
mixed_prefill,115,L4:up_proj,LINEAR,8,3072,1024,FP16,ampere_h16816gemm_128x64_ldg8_nn_v1,1x-1x1024;1x1024x3072;1;1,1x-1x3072,/up_proj_4/MatMul,ENGINE_INSPECTOR_METADATA
mixed_prefill,116,L4:gate_proj,LINEAR,8,3072,1024,INT8,sm80_xmma_gemm_i8i8_i8i32_f32_tn_n_tilesize32x64x64_stage6_warpsize2x2x1_tensor16x8x32_by_fusion_tactic,1x-1x3072;1x-1x1024;1x1024x3072,1x-1x3072,/gate_proj_4/MatMul;/gate_proj_4/MatMul__a_dequant;/gate_proj_4/MatMul__a_quant;/gate_proj_4/MatMul__w_dequant;/Mul_44;/Mul_45;/Sigmoid_4,ENGINE_INSPECTOR_METADATA
mixed_prefill,117,L4:down_proj,LINEAR,8,1024,3072,FP16,sm80_xmma_gemm_f16f16_f16f16_f16_nn_n_tilesize128x64x64_stage3_warpsize2x2x1_tensor16x8x16_by_fusion_tactic,1x-1x1024;1x-1x3072;1x3072x1024,1x-1x1024,/down_proj_4/MatMul;/Add_19,ENGINE_INSPECTOR_METADATA
mixed_prefill,121,L5:v_proj,LINEAR,8,1024,1024,INT8,sm80_xmma_gemm_i8i8_i8i32_f32_tn_n_tilesize32x64x64_stage6_warpsize2x2x1_tensor16x8x32_by_fusion_tactic,1x-1x1024;1x1024x1024,1x-1x1024,/v_proj_5/MatMul;/v_proj_5/MatMul__a_dequant;/v_proj_5/MatMul__a_quant;/v_proj_5/MatMul__w_dequant,ENGINE_INSPECTOR_METADATA
mixed_prefill,125,L5:k_proj,LINEAR,8,1024,1024,INT8,sm80_xmma_gemm_i8i8_i8i32_f32_tn_n_tilesize32x64x64_stage6_warpsize2x2x1_tensor16x8x32_by_fusion_tactic,1x-1x1024;1x1024x1024,1x-1x1024,/k_proj_5/MatMul;/k_proj_5/MatMul__a_dequant;/k_proj_5/MatMul__a_quant;/k_proj_5/MatMul__w_dequant,ENGINE_INSPECTOR_METADATA
mixed_prefill,129,L5:q_proj,LINEAR,8,2048,1024,INT8,sm80_xmma_gemm_i8f32_i8i32_f32_tn_n_tilesize32x64x64_stage6_warpsize2x2x1_tensor16x8x32_by_fusion_tactic,1x-1x1024;1x1024x2048,1x-1x2048,/q_proj_5/MatMul;/q_proj_5/MatMul__a_dequant;/q_proj_5/MatMul__a_quant;/q_proj_5/MatMul__w_dequant,ENGINE_INSPECTOR_METADATA
mixed_prefill,134,L5:o_proj,LINEAR,8,128,-1,UNKNOWN,_gemm_mha_v2_0x122877a3036390a4bf8dcfb1427b867b,16x-1x128;16x128x-1;1x1x-1x-1;16x-1x128;1;1;1;1;1;1,16x-1x128,/o_proj_5/MatMul__a_quant;/MatMul_11;/Softmax_5;/Where_17;/Mul_52;/MatMul_10,ENGINE_INSPECTOR_METADATA
mixed_prefill,136,L5:o_proj,LINEAR,8,1024,2048,INT8,sm80_xmma_gemm_i8i8_i8i32_f32_tn_n_tilesize32x64x64_stage6_warpsize2x2x1_tensor16x8x32_by_fusion_tactic,1x-1x1024;1x-1x2048;1x2048x1024,1x-1x1024,/o_proj_5/MatMul;/o_proj_5/MatMul__a_dequant;/o_proj_5/MatMul__a_quant;/o_proj_5/MatMul__w_dequant;/Add_22,ENGINE_INSPECTOR_METADATA
mixed_prefill,138,L5:up_proj,LINEAR,8,3072,1024,FP16,ampere_h16816gemm_128x64_ldg8_nn_v1,1x-1x1024;1x1024x3072;1;1,1x-1x3072,/up_proj_5/MatMul,ENGINE_INSPECTOR_METADATA
mixed_prefill,139,L5:gate_proj,LINEAR,8,3072,1024,INT8,sm80_xmma_gemm_i8i8_i8i32_f32_tn_n_tilesize32x64x64_stage6_warpsize2x2x1_tensor16x8x32_by_fusion_tactic,1x-1x3072;1x-1x1024;1x1024x3072,1x-1x3072,/gate_proj_5/MatMul;/gate_proj_5/MatMul__a_dequant;/gate_proj_5/MatMul__a_quant;/gate_proj_5/MatMul__w_dequant;/Mul_53;/Mul_54;/Sigmoid_5,ENGINE_INSPECTOR_METADATA
mixed_prefill,140,L5:down_proj,LINEAR,8,1024,3072,FP16,sm80_xmma_gemm_f16f16_f16f16_f16_nn_n_tilesize128x64x64_stage3_warpsize2x2x1_tensor16x8x16_by_fusion_tactic,1x-1x1024;1x-1x3072;1x3072x1024,1x-1x1024,/down_proj_5/MatMul;/Add_23,ENGINE_INSPECTOR_METADATA
mixed_prefill,144,L6:v_proj,LINEAR,8,1024,1024,INT8,sm80_xmma_gemm_i8i8_i8i32_f32_tn_n_tilesize32x64x64_stage6_warpsize2x2x1_tensor16x8x32_by_fusion_tactic,1x-1x1024;1x1024x1024,1x-1x1024,/v_proj_6/MatMul;/v_proj_6/MatMul__a_dequant;/v_proj_6/MatMul__a_quant;/v_proj_6/MatMul__w_dequant,ENGINE_INSPECTOR_METADATA
mixed_prefill,148,L6:k_proj,LINEAR,8,1024,1024,INT8,sm80_xmma_gemm_i8i8_i8i32_f32_tn_n_tilesize32x64x64_stage6_warpsize2x2x1_tensor16x8x32_by_fusion_tactic,1x-1x1024;1x1024x1024,1x-1x1024,/k_proj_6/MatMul;/k_proj_6/MatMul__a_dequant;/k_proj_6/MatMul__a_quant;/k_proj_6/MatMul__w_dequant,ENGINE_INSPECTOR_METADATA
mixed_prefill,152,L6:q_proj,LINEAR,8,2048,1024,INT8,sm80_xmma_gemm_i8f32_i8i32_f32_tn_n_tilesize32x64x64_stage6_warpsize2x2x1_tensor16x8x32_by_fusion_tactic,1x-1x1024;1x1024x2048,1x-1x2048,/q_proj_6/MatMul;/q_proj_6/MatMul__a_dequant;/q_proj_6/MatMul__a_quant;/q_proj_6/MatMul__w_dequant,ENGINE_INSPECTOR_METADATA
mixed_prefill,157,L6:o_proj,LINEAR,8,128,-1,UNKNOWN,_gemm_mha_v2_0x122877a3036390a4bf8dcfb1427b867b,16x-1x128;16x128x-1;1x1x-1x-1;16x-1x128;1;1;1;1;1;1,16x-1x128,/o_proj_6/MatMul__a_quant;/MatMul_13;/Softmax_6;/Mul_61;/MatMul_12;/Where_20,ENGINE_INSPECTOR_METADATA
mixed_prefill,159,L6:o_proj,LINEAR,8,1024,2048,INT8,sm80_xmma_gemm_i8i8_i8i32_f32_tn_n_tilesize32x64x64_stage6_warpsize2x2x1_tensor16x8x32_by_fusion_tactic,1x-1x1024;1x-1x2048;1x2048x1024,1x-1x1024,/o_proj_6/MatMul;/o_proj_6/MatMul__a_dequant;/o_proj_6/MatMul__a_quant;/o_proj_6/MatMul__w_dequant;/Add_26,ENGINE_INSPECTOR_METADATA
mixed_prefill,161,L6:up_proj,LINEAR,8,3072,1024,FP16,ampere_h16816gemm_128x64_ldg8_nn_v1,1x-1x1024;1x1024x3072;1;1,1x-1x3072,/up_proj_6/MatMul,ENGINE_INSPECTOR_METADATA
mixed_prefill,162,L6:gate_proj,LINEAR,8,3072,1024,INT8,sm80_xmma_gemm_i8i8_i8i32_f32_tn_n_tilesize32x64x64_stage6_warpsize2x2x1_tensor16x8x32_by_fusion_tactic,1x-1x3072;1x-1x1024;1x1024x3072,1x-1x3072,/gate_proj_6/MatMul;/gate_proj_6/MatMul__a_dequant;/gate_proj_6/MatMul__a_quant;/gate_proj_6/MatMul__w_dequant;/Mul_62;/Mul_63;/Sigmoid_6,ENGINE_INSPECTOR_METADATA
mixed_prefill,163,L6:down_proj,LINEAR,8,1024,3072,FP16,sm80_xmma_gemm_f16f16_f16f16_f16_nn_n_tilesize128x64x64_stage3_warpsize2x2x1_tensor16x8x16_by_fusion_tactic,1x-1x1024;1x-1x3072;1x3072x1024,1x-1x1024,/down_proj_6/MatMul;/Add_27,ENGINE_INSPECTOR_METADATA
mixed_prefill,167,L7:v_proj,LINEAR,8,1024,1024,INT8,sm80_xmma_gemm_i8i8_i8i32_f32_tn_n_tilesize32x64x64_stage6_warpsize2x2x1_tensor16x8x32_by_fusion_tactic,1x-1x1024;1x1024x1024,1x-1x1024,/v_proj_7/MatMul;/v_proj_7/MatMul__a_dequant;/v_proj_7/MatMul__a_quant;/v_proj_7/MatMul__w_dequant,ENGINE_INSPECTOR_METADATA
mixed_prefill,171,L7:k_proj,LINEAR,8,1024,1024,INT8,sm80_xmma_gemm_i8i8_i8i32_f32_tn_n_tilesize32x64x64_stage6_warpsize2x2x1_tensor16x8x32_by_fusion_tactic,1x-1x1024;1x1024x1024,1x-1x1024,/k_proj_7/MatMul;/k_proj_7/MatMul__a_dequant;/k_proj_7/MatMul__a_quant;/k_proj_7/MatMul__w_dequant,ENGINE_INSPECTOR_METADATA
mixed_prefill,175,L7:q_proj,LINEAR,8,2048,1024,INT8,sm80_xmma_gemm_i8f32_i8i32_f32_tn_n_tilesize32x64x64_stage6_warpsize2x2x1_tensor16x8x32_by_fusion_tactic,1x-1x1024;1x1024x2048,1x-1x2048,/q_proj_7/MatMul;/q_proj_7/MatMul__a_dequant;/q_proj_7/MatMul__a_quant;/q_proj_7/MatMul__w_dequant,ENGINE_INSPECTOR_METADATA
mixed_prefill,180,L7:o_proj,LINEAR,8,128,-1,UNKNOWN,_gemm_mha_v2_0x69db25f8b455550858c08191df7c4023,16x-1x128;16x128x-1;1x1x-1x-1;16x-1x128;1;1;1;1;1;1,16x-1x128,/o_proj_7/MatMul__a_quant;/MatMul_15;/Softmax_7;/Mul_70;/Where_23;/MatMul_14,ENGINE_INSPECTOR_METADATA
mixed_prefill,182,L7:o_proj,LINEAR,8,1024,2048,INT8,sm80_xmma_gemm_i8i8_i8i32_f32_tn_n_tilesize32x64x64_stage6_warpsize2x2x1_tensor16x8x32_by_fusion_tactic,1x-1x1024;1x-1x2048;1x2048x1024,1x-1x1024,/o_proj_7/MatMul;/o_proj_7/MatMul__a_dequant;/o_proj_7/MatMul__a_quant;/o_proj_7/MatMul__w_dequant;/Add_30,ENGINE_INSPECTOR_METADATA
mixed_prefill,184,L7:up_proj,LINEAR,8,3072,1024,FP16,ampere_h16816gemm_128x64_ldg8_nn_v1,1x-1x1024;1x1024x3072;1;1,1x-1x3072,/up_proj_7/MatMul,ENGINE_INSPECTOR_METADATA
mixed_prefill,185,L7:gate_proj,LINEAR,8,3072,1024,INT8,sm80_xmma_gemm_i8i8_i8i32_f32_tn_n_tilesize32x64x64_stage6_warpsize2x2x1_tensor16x8x32_by_fusion_tactic,1x-1x3072;1x-1x1024;1x1024x3072,1x-1x3072,/gate_proj_7/MatMul;/gate_proj_7/MatMul__a_dequant;/gate_proj_7/MatMul__a_quant;/gate_proj_7/MatMul__w_dequant;/Mul_71;/Mul_72;/Sigmoid_7,ENGINE_INSPECTOR_METADATA
mixed_prefill,186,L7:down_proj,LINEAR,8,1024,3072,FP16,sm80_xmma_gemm_f16f16_f16f16_f16_nn_n_tilesize128x64x64_stage3_warpsize2x2x1_tensor16x8x16_by_fusion_tactic,1x-1x1024;1x-1x3072;1x3072x1024,1x-1x1024,/down_proj_7/MatMul;/Add_31,ENGINE_INSPECTOR_METADATA
mixed_prefill,190,L8:v_proj,LINEAR,8,1024,1024,INT8,sm80_xmma_gemm_i8i8_i8i32_f32_tn_n_tilesize32x64x64_stage6_warpsize2x2x1_tensor16x8x32_by_fusion_tactic,1x-1x1024;1x1024x1024,1x-1x1024,/v_proj_8/MatMul;/v_proj_8/MatMul__a_dequant;/v_proj_8/MatMul__a_quant;/v_proj_8/MatMul__w_dequant,ENGINE_INSPECTOR_METADATA
mixed_prefill,194,L8:k_proj,LINEAR,8,1024,1024,INT8,sm80_xmma_gemm_i8i8_i8i32_f32_tn_n_tilesize32x64x64_stage6_warpsize2x2x1_tensor16x8x32_by_fusion_tactic,1x-1x1024;1x1024x1024,1x-1x1024,/k_proj_8/MatMul;/k_proj_8/MatMul__a_dequant;/k_proj_8/MatMul__a_quant;/k_proj_8/MatMul__w_dequant,ENGINE_INSPECTOR_METADATA
mixed_prefill,198,L8:q_proj,LINEAR,8,2048,1024,INT8,sm80_xmma_gemm_i8f32_i8i32_f32_tn_n_tilesize32x64x64_stage6_warpsize2x2x1_tensor16x8x32_by_fusion_tactic,1x-1x1024;1x1024x2048,1x-1x2048,/q_proj_8/MatMul;/q_proj_8/MatMul__a_dequant;/q_proj_8/MatMul__a_quant;/q_proj_8/MatMul__w_dequant,ENGINE_INSPECTOR_METADATA
mixed_prefill,203,L17:ATTENTION_VALUE,ATTENTION_GEMM,UNKNOWN,UNKNOWN,UNKNOWN,UNKNOWN,_gemm_mha_v2_0xb1de950b39aeff343f8e5a6b250b0cff,16x-1x128;16x128x-1;1x1x-1x-1;16x-1x128;1;1;1;1;1,16x-1x128,/MatMul_17;/Softmax_8;/Where_26;/MatMul_16;/Mul_79,ENGINE_INSPECTOR_METADATA
mixed_prefill,204,L8:o_proj,LINEAR,8,1024,2048,FP16,sm80_xmma_gemm_f16f16_f16f16_f16_nn_n_tilesize128x64x64_stage3_warpsize2x2x1_tensor16x8x16_by_fusion_tactic,1x-1x1024;1x-1x2048;1x2048x1024,1x-1x1024,/o_proj_8/MatMul;/Add_34,ENGINE_INSPECTOR_METADATA
mixed_prefill,206,L8:up_proj,LINEAR,8,3072,1024,FP16,ampere_h16816gemm_128x64_ldg8_nn_v1,1x-1x1024;1x1024x3072;1;1,1x-1x3072,/up_proj_8/MatMul,ENGINE_INSPECTOR_METADATA
mixed_prefill,207,L8:gate_proj,LINEAR,8,3072,1024,INT8,sm80_xmma_gemm_i8i8_i8i32_f32_tn_n_tilesize32x64x64_stage6_warpsize2x2x1_tensor16x8x32_by_fusion_tactic,1x-1x3072;1x-1x1024;1x1024x3072,1x-1x3072,/gate_proj_8/MatMul;/gate_proj_8/MatMul__a_dequant;/gate_proj_8/MatMul__a_quant;/gate_proj_8/MatMul__w_dequant;/Mul_80;/Mul_81;/Sigmoid_8,ENGINE_INSPECTOR_METADATA
mixed_prefill,208,L8:down_proj,LINEAR,8,1024,3072,FP16,sm80_xmma_gemm_f16f16_f16f16_f16_nn_n_tilesize128x64x64_stage3_warpsize2x2x1_tensor16x8x16_by_fusion_tactic,1x-1x1024;1x-1x3072;1x3072x1024,1x-1x1024,/down_proj_8/MatMul;/Add_35,ENGINE_INSPECTOR_METADATA
mixed_prefill,212,L9:v_proj,LINEAR,8,1024,1024,INT8,sm80_xmma_gemm_i8i8_i8i32_f32_tn_n_tilesize32x64x64_stage6_warpsize2x2x1_tensor16x8x32_by_fusion_tactic,1x-1x1024;1x1024x1024,1x-1x1024,/v_proj_9/MatMul;/v_proj_9/MatMul__a_dequant;/v_proj_9/MatMul__a_quant;/v_proj_9/MatMul__w_dequant,ENGINE_INSPECTOR_METADATA
mixed_prefill,216,L9:k_proj,LINEAR,8,1024,1024,INT8,sm80_xmma_gemm_i8i8_i8i32_f32_tn_n_tilesize32x64x64_stage6_warpsize2x2x1_tensor16x8x32_by_fusion_tactic,1x-1x1024;1x1024x1024,1x-1x1024,/k_proj_9/MatMul;/k_proj_9/MatMul__a_dequant;/k_proj_9/MatMul__a_quant;/k_proj_9/MatMul__w_dequant,ENGINE_INSPECTOR_METADATA
mixed_prefill,220,L9:q_proj,LINEAR,8,2048,1024,INT8,sm80_xmma_gemm_i8f32_i8i32_f32_tn_n_tilesize32x64x64_stage6_warpsize2x2x1_tensor16x8x32_by_fusion_tactic,1x-1x1024;1x1024x2048,1x-1x2048,/q_proj_9/MatMul;/q_proj_9/MatMul__a_dequant;/q_proj_9/MatMul__a_quant;/q_proj_9/MatMul__w_dequant,ENGINE_INSPECTOR_METADATA
mixed_prefill,225,L9:o_proj,LINEAR,8,128,-1,UNKNOWN,_gemm_mha_v2_0xa7ca53b515adf180e9a745693ffd0464,16x-1x128;16x128x-1;1x1x-1x-1;16x-1x128;1;1;1;1;1;1,16x-1x128,/o_proj_9/MatMul__a_quant;/Softmax_9;/MatMul_19;/Where_29;/Mul_88;/MatMul_18,ENGINE_INSPECTOR_METADATA
mixed_prefill,227,L9:o_proj,LINEAR,8,1024,2048,INT8,sm80_xmma_gemm_i8i8_i8i32_f32_tn_n_tilesize32x64x64_stage6_warpsize2x2x1_tensor16x8x32_by_fusion_tactic,1x-1x1024;1x-1x2048;1x2048x1024,1x-1x1024,/o_proj_9/MatMul;/o_proj_9/MatMul__a_dequant;/o_proj_9/MatMul__a_quant;/o_proj_9/MatMul__w_dequant;/Add_38,ENGINE_INSPECTOR_METADATA
mixed_prefill,229,L9:up_proj,LINEAR,8,3072,1024,FP16,ampere_h16816gemm_128x64_ldg8_nn_v1,1x-1x1024;1x1024x3072;1;1,1x-1x3072,/up_proj_9/MatMul,ENGINE_INSPECTOR_METADATA
mixed_prefill,230,L9:gate_proj,LINEAR,8,3072,1024,INT8,sm80_xmma_gemm_i8i8_i8i32_f32_tn_n_tilesize32x64x64_stage6_warpsize2x2x1_tensor16x8x32_by_fusion_tactic,1x-1x3072;1x-1x1024;1x1024x3072,1x-1x3072,/gate_proj_9/MatMul;/gate_proj_9/MatMul__a_dequant;/gate_proj_9/MatMul__a_quant;/gate_proj_9/MatMul__w_dequant;/Mul_89;/Mul_90;/Sigmoid_9,ENGINE_INSPECTOR_METADATA
mixed_prefill,231,L9:down_proj,LINEAR,8,1024,3072,FP16,sm80_xmma_gemm_f16f16_f16f16_f16_nn_n_tilesize128x64x64_stage3_warpsize2x2x1_tensor16x8x16_by_fusion_tactic,1x-1x1024;1x-1x3072;1x3072x1024,1x-1x1024,/down_proj_9/MatMul;/Add_39,ENGINE_INSPECTOR_METADATA
mixed_prefill,235,L10:v_proj,LINEAR,8,1024,1024,INT8,sm80_xmma_gemm_i8i8_i8i32_f32_tn_n_tilesize32x64x64_stage6_warpsize2x2x1_tensor16x8x32_by_fusion_tactic,1x-1x1024;1x1024x1024,1x-1x1024,/v_proj_10/MatMul;/v_proj_10/MatMul__a_dequant;/v_proj_10/MatMul__a_quant;/v_proj_10/MatMul__w_dequant,ENGINE_INSPECTOR_METADATA
mixed_prefill,239,L10:k_proj,LINEAR,8,1024,1024,INT8,sm80_xmma_gemm_i8i8_i8i32_f32_tn_n_tilesize32x64x64_stage6_warpsize2x2x1_tensor16x8x32_by_fusion_tactic,1x-1x1024;1x1024x1024,1x-1x1024,/k_proj_10/MatMul;/k_proj_10/MatMul__a_dequant;/k_proj_10/MatMul__a_quant;/k_proj_10/MatMul__w_dequant,ENGINE_INSPECTOR_METADATA
mixed_prefill,243,L10:q_proj,LINEAR,8,2048,1024,INT8,sm80_xmma_gemm_i8f32_i8i32_f32_tn_n_tilesize32x64x64_stage6_warpsize2x2x1_tensor16x8x32_by_fusion_tactic,1x-1x1024;1x1024x2048,1x-1x2048,/q_proj_10/MatMul;/q_proj_10/MatMul__a_dequant;/q_proj_10/MatMul__a_quant;/q_proj_10/MatMul__w_dequant,ENGINE_INSPECTOR_METADATA
mixed_prefill,248,L10:o_proj,LINEAR,8,128,-1,UNKNOWN,_gemm_mha_v2_0xf65d6b1571997bdfc737df09a44d72ad,16x-1x128;16x128x-1;1x1x-1x-1;16x-1x128;1;1;1;1;1;1,16x-1x128,/o_proj_10/MatMul__a_quant;/MatMul_21;/Softmax_10;/Where_32;/Mul_97;/MatMul_20,ENGINE_INSPECTOR_METADATA
mixed_prefill,250,L10:o_proj,LINEAR,8,1024,2048,INT8,sm80_xmma_gemm_i8i8_i8i32_f32_tn_n_tilesize32x64x64_stage6_warpsize2x2x1_tensor16x8x32_by_fusion_tactic,1x-1x1024;1x-1x2048;1x2048x1024,1x-1x1024,/o_proj_10/MatMul;/o_proj_10/MatMul__a_dequant;/o_proj_10/MatMul__a_quant;/o_proj_10/MatMul__w_dequant;/Add_42,ENGINE_INSPECTOR_METADATA
mixed_prefill,252,L10:up_proj,LINEAR,8,3072,1024,FP16,ampere_h16816gemm_128x64_ldg8_nn_v1,1x-1x1024;1x1024x3072;1;1,1x-1x3072,/up_proj_10/MatMul,ENGINE_INSPECTOR_METADATA
mixed_prefill,253,L10:gate_proj,LINEAR,8,3072,1024,INT8,sm80_xmma_gemm_i8i8_i8i32_f32_tn_n_tilesize32x64x64_stage6_warpsize2x2x1_tensor16x8x32_by_fusion_tactic,1x-1x3072;1x-1x1024;1x1024x3072,1x-1x3072,/gate_proj_10/MatMul;/gate_proj_10/MatMul__a_dequant;/gate_proj_10/MatMul__a_quant;/gate_proj_10/MatMul__w_dequant;/Mul_98;/Mul_99;/Sigmoid_10,ENGINE_INSPECTOR_METADATA
mixed_prefill,254,L10:down_proj,LINEAR,8,1024,3072,FP16,sm80_xmma_gemm_f16f16_f16f16_f16_nn_n_tilesize128x64x64_stage3_warpsize2x2x1_tensor16x8x16_by_fusion_tactic,1x-1x1024;1x-1x3072;1x3072x1024,1x-1x1024,/down_proj_10/MatMul;/Add_43,ENGINE_INSPECTOR_METADATA
mixed_prefill,258,L11:v_proj,LINEAR,8,1024,1024,INT8,sm80_xmma_gemm_i8i8_i8i32_f32_tn_n_tilesize32x64x64_stage6_warpsize2x2x1_tensor16x8x32_by_fusion_tactic,1x-1x1024;1x1024x1024,1x-1x1024,/v_proj_11/MatMul;/v_proj_11/MatMul__a_dequant;/v_proj_11/MatMul__a_quant;/v_proj_11/MatMul__w_dequant,ENGINE_INSPECTOR_METADATA
mixed_prefill,262,L11:k_proj,LINEAR,8,1024,1024,INT8,sm80_xmma_gemm_i8i8_i8i32_f32_tn_n_tilesize32x64x64_stage6_warpsize2x2x1_tensor16x8x32_by_fusion_tactic,1x-1x1024;1x1024x1024,1x-1x1024,/k_proj_11/MatMul;/k_proj_11/MatMul__a_dequant;/k_proj_11/MatMul__a_quant;/k_proj_11/MatMul__w_dequant,ENGINE_INSPECTOR_METADATA
mixed_prefill,266,L11:q_proj,LINEAR,8,2048,1024,INT8,sm80_xmma_gemm_i8f32_i8i32_f32_tn_n_tilesize32x64x64_stage6_warpsize2x2x1_tensor16x8x32_by_fusion_tactic,1x-1x1024;1x1024x2048,1x-1x2048,/q_proj_11/MatMul;/q_proj_11/MatMul__a_dequant;/q_proj_11/MatMul__a_quant;/q_proj_11/MatMul__w_dequant,ENGINE_INSPECTOR_METADATA
mixed_prefill,271,L11:o_proj,LINEAR,8,128,-1,UNKNOWN,_gemm_mha_v2_0x5365bc7530dd58ba06615d617f2617f3,16x-1x128;16x128x-1;1x1x-1x-1;16x-1x128;1;1;1;1;1;1,16x-1x128,/MatMul_23;/o_proj_11/MatMul__a_quant;/Softmax_11;/Mul_106;/Where_35;/MatMul_22,ENGINE_INSPECTOR_METADATA
mixed_prefill,273,L11:o_proj,LINEAR,8,1024,2048,INT8,sm80_xmma_gemm_i8i8_i8i32_f32_tn_n_tilesize32x64x64_stage6_warpsize2x2x1_tensor16x8x32_by_fusion_tactic,1x-1x1024;1x-1x2048;1x2048x1024,1x-1x1024,/o_proj_11/MatMul;/o_proj_11/MatMul__a_dequant;/o_proj_11/MatMul__a_quant;/o_proj_11/MatMul__w_dequant;/Add_46,ENGINE_INSPECTOR_METADATA
mixed_prefill,275,L11:up_proj,LINEAR,8,3072,1024,FP16,ampere_h16816gemm_128x64_ldg8_nn_v1,1x-1x1024;1x1024x3072;1;1,1x-1x3072,/up_proj_11/MatMul,ENGINE_INSPECTOR_METADATA
mixed_prefill,276,L11:gate_proj,LINEAR,8,3072,1024,INT8,sm80_xmma_gemm_i8i8_i8i32_f32_tn_n_tilesize32x64x64_stage6_warpsize2x2x1_tensor16x8x32_by_fusion_tactic,1x-1x3072;1x-1x1024;1x1024x3072,1x-1x3072,/gate_proj_11/MatMul;/gate_proj_11/MatMul__a_dequant;/gate_proj_11/MatMul__a_quant;/gate_proj_11/MatMul__w_dequant;/Mul_107;/Mul_108;/Sigmoid_11,ENGINE_INSPECTOR_METADATA
mixed_prefill,277,L11:down_proj,LINEAR,8,1024,3072,FP16,sm80_xmma_gemm_f16f16_f16f16_f16_nn_n_tilesize128x64x64_stage3_warpsize2x2x1_tensor16x8x16_by_fusion_tactic,1x-1x1024;1x-1x3072;1x3072x1024,1x-1x1024,/down_proj_11/MatMul;/Add_47,ENGINE_INSPECTOR_METADATA
mixed_prefill,281,L12:v_proj,LINEAR,8,1024,1024,INT8,sm80_xmma_gemm_i8i8_i8i32_f32_tn_n_tilesize32x64x64_stage6_warpsize2x2x1_tensor16x8x32_by_fusion_tactic,1x-1x1024;1x1024x1024,1x-1x1024,/v_proj_12/MatMul;/v_proj_12/MatMul__a_dequant;/v_proj_12/MatMul__a_quant;/v_proj_12/MatMul__w_dequant,ENGINE_INSPECTOR_METADATA
mixed_prefill,285,L12:k_proj,LINEAR,8,1024,1024,INT8,sm80_xmma_gemm_i8i8_i8i32_f32_tn_n_tilesize32x64x64_stage6_warpsize2x2x1_tensor16x8x32_by_fusion_tactic,1x-1x1024;1x1024x1024,1x-1x1024,/k_proj_12/MatMul;/k_proj_12/MatMul__a_dequant;/k_proj_12/MatMul__a_quant;/k_proj_12/MatMul__w_dequant,ENGINE_INSPECTOR_METADATA
mixed_prefill,289,L12:q_proj,LINEAR,8,2048,1024,INT8,sm80_xmma_gemm_i8f32_i8i32_f32_tn_n_tilesize32x64x64_stage6_warpsize2x2x1_tensor16x8x32_by_fusion_tactic,1x-1x1024;1x1024x2048,1x-1x2048,/q_proj_12/MatMul;/q_proj_12/MatMul__a_dequant;/q_proj_12/MatMul__a_quant;/q_proj_12/MatMul__w_dequant,ENGINE_INSPECTOR_METADATA
mixed_prefill,294,L12:o_proj,LINEAR,8,128,-1,UNKNOWN,_gemm_mha_v2_0xb386849c29e984208fe41d8ff07d34fc,16x-1x128;16x128x-1;1x1x-1x-1;16x-1x128;1;1;1;1;1;1,16x-1x128,/o_proj_12/MatMul__a_quant;/MatMul_25;/Softmax_12;/Where_38;/Mul_115;/MatMul_24,ENGINE_INSPECTOR_METADATA
mixed_prefill,296,L12:o_proj,LINEAR,8,1024,2048,INT8,sm80_xmma_gemm_i8i8_i8i32_f32_tn_n_tilesize32x64x64_stage6_warpsize2x2x1_tensor16x8x32_by_fusion_tactic,1x-1x1024;1x-1x2048;1x2048x1024,1x-1x1024,/o_proj_12/MatMul;/o_proj_12/MatMul__a_dequant;/o_proj_12/MatMul__a_quant;/o_proj_12/MatMul__w_dequant;/Add_50,ENGINE_INSPECTOR_METADATA
mixed_prefill,298,L12:up_proj,LINEAR,8,3072,1024,FP16,ampere_h16816gemm_128x64_ldg8_nn_v1,1x-1x1024;1x1024x3072;1;1,1x-1x3072,/up_proj_12/MatMul,ENGINE_INSPECTOR_METADATA
mixed_prefill,299,L12:gate_proj,LINEAR,8,3072,1024,INT8,sm80_xmma_gemm_i8i8_i8i32_f32_tn_n_tilesize32x64x64_stage6_warpsize2x2x1_tensor16x8x32_by_fusion_tactic,1x-1x3072;1x-1x1024;1x1024x3072,1x-1x3072,/gate_proj_12/MatMul;/gate_proj_12/MatMul__a_dequant;/gate_proj_12/MatMul__a_quant;/gate_proj_12/MatMul__w_dequant;/Mul_116;/Mul_117;/Sigmoid_12,ENGINE_INSPECTOR_METADATA
mixed_prefill,300,L12:down_proj,LINEAR,8,1024,3072,FP16,sm80_xmma_gemm_f16f16_f16f16_f16_nn_n_tilesize128x64x64_stage3_warpsize2x2x1_tensor16x8x16_by_fusion_tactic,1x-1x1024;1x-1x3072;1x3072x1024,1x-1x1024,/down_proj_12/MatMul;/Add_51,ENGINE_INSPECTOR_METADATA
mixed_prefill,304,L13:v_proj,LINEAR,8,1024,1024,INT8,sm80_xmma_gemm_i8i8_i8i32_f32_tn_n_tilesize32x64x64_stage6_warpsize2x2x1_tensor16x8x32_by_fusion_tactic,1x-1x1024;1x1024x1024,1x-1x1024,/v_proj_13/MatMul;/v_proj_13/MatMul__a_dequant;/v_proj_13/MatMul__a_quant;/v_proj_13/MatMul__w_dequant,ENGINE_INSPECTOR_METADATA
mixed_prefill,308,L13:k_proj,LINEAR,8,1024,1024,INT8,sm80_xmma_gemm_i8i8_i8i32_f32_tn_n_tilesize32x64x64_stage6_warpsize2x2x1_tensor16x8x32_by_fusion_tactic,1x-1x1024;1x1024x1024,1x-1x1024,/k_proj_13/MatMul;/k_proj_13/MatMul__a_dequant;/k_proj_13/MatMul__a_quant;/k_proj_13/MatMul__w_dequant,ENGINE_INSPECTOR_METADATA
mixed_prefill,312,L13:q_proj,LINEAR,8,2048,1024,INT8,sm80_xmma_gemm_i8f32_i8i32_f32_tn_n_tilesize32x64x64_stage6_warpsize2x2x1_tensor16x8x32_by_fusion_tactic,1x-1x1024;1x1024x2048,1x-1x2048,/q_proj_13/MatMul;/q_proj_13/MatMul__a_dequant;/q_proj_13/MatMul__a_quant;/q_proj_13/MatMul__w_dequant,ENGINE_INSPECTOR_METADATA
mixed_prefill,317,L13:o_proj,LINEAR,8,128,-1,FP16,_gemm_mha_v2_0xeb55f16e4b7e71fdcdb973b60cd3db5e,16x-1x128;16x128x-1;1x1x-1x-1;16x-1x128;1;1;1;1;1;1,16x-1x128,/o_proj_13/MatMul__a_quant;/MatMul_27;/Softmax_13;/Where_41;/MatMul_26;/Mul_124,ENGINE_INSPECTOR_METADATA
mixed_prefill,319,L13:o_proj,LINEAR,8,1024,2048,INT8,sm80_xmma_gemm_i8i8_i8i32_f32_tn_n_tilesize32x64x64_stage6_warpsize2x2x1_tensor16x8x32_by_fusion_tactic,1x-1x1024;1x-1x2048;1x2048x1024,1x-1x1024,/o_proj_13/MatMul;/o_proj_13/MatMul__a_dequant;/o_proj_13/MatMul__a_quant;/o_proj_13/MatMul__w_dequant;/Add_54,ENGINE_INSPECTOR_METADATA
mixed_prefill,321,L13:up_proj,LINEAR,8,3072,1024,FP16,ampere_h16816gemm_128x64_ldg8_nn_v1,1x-1x1024;1x1024x3072;1;1,1x-1x3072,/up_proj_13/MatMul,ENGINE_INSPECTOR_METADATA
mixed_prefill,322,L13:gate_proj,LINEAR,8,3072,1024,INT8,sm80_xmma_gemm_i8i8_i8i32_f32_tn_n_tilesize32x64x64_stage6_warpsize2x2x1_tensor16x8x32_by_fusion_tactic,1x-1x3072;1x-1x1024;1x1024x3072,1x-1x3072,/gate_proj_13/MatMul;/gate_proj_13/MatMul__a_dequant;/gate_proj_13/MatMul__a_quant;/gate_proj_13/MatMul__w_dequant;/Mul_125;/Mul_126;/Sigmoid_13,ENGINE_INSPECTOR_METADATA
mixed_prefill,323,L13:down_proj,LINEAR,8,1024,3072,FP16,sm80_xmma_gemm_f16f16_f16f16_f16_nn_n_tilesize128x64x64_stage3_warpsize2x2x1_tensor16x8x16_by_fusion_tactic,1x-1x1024;1x-1x3072;1x3072x1024,1x-1x1024,/down_proj_13/MatMul;/Add_55,ENGINE_INSPECTOR_METADATA
mixed_prefill,327,L14:v_proj,LINEAR,8,1024,1024,INT8,sm80_xmma_gemm_i8i8_i8i32_f32_tn_n_tilesize32x64x64_stage6_warpsize2x2x1_tensor16x8x32_by_fusion_tactic,1x-1x1024;1x1024x1024,1x-1x1024,/v_proj_14/MatMul;/v_proj_14/MatMul__a_dequant;/v_proj_14/MatMul__a_quant;/v_proj_14/MatMul__w_dequant,ENGINE_INSPECTOR_METADATA
mixed_prefill,331,L14:k_proj,LINEAR,8,1024,1024,INT8,sm80_xmma_gemm_i8i8_i8i32_f32_tn_n_tilesize32x64x64_stage6_warpsize2x2x1_tensor16x8x32_by_fusion_tactic,1x-1x1024;1x1024x1024,1x-1x1024,/k_proj_14/MatMul;/k_proj_14/MatMul__a_dequant;/k_proj_14/MatMul__a_quant;/k_proj_14/MatMul__w_dequant,ENGINE_INSPECTOR_METADATA
mixed_prefill,335,L14:q_proj,LINEAR,8,2048,1024,INT8,sm80_xmma_gemm_i8f32_i8i32_f32_tn_n_tilesize32x64x64_stage6_warpsize2x2x1_tensor16x8x32_by_fusion_tactic,1x-1x1024;1x1024x2048,1x-1x2048,/q_proj_14/MatMul;/q_proj_14/MatMul__a_dequant;/q_proj_14/MatMul__a_quant;/q_proj_14/MatMul__w_dequant,ENGINE_INSPECTOR_METADATA
mixed_prefill,340,L29:ATTENTION_VALUE,ATTENTION_GEMM,UNKNOWN,UNKNOWN,UNKNOWN,UNKNOWN,_gemm_mha_v2_0xb1de950b39aeff343f8e5a6b250b0cff,16x-1x128;16x128x-1;1x1x-1x-1;16x-1x128;1;1;1;1;1,16x-1x128,/MatMul_29;/Softmax_14;/Where_44;/Mul_133;/MatMul_28,ENGINE_INSPECTOR_METADATA
mixed_prefill,341,L14:o_proj,LINEAR,8,1024,2048,FP16,sm80_xmma_gemm_f16f16_f16f16_f16_nn_n_tilesize128x64x64_stage3_warpsize2x2x1_tensor16x8x16_by_fusion_tactic,1x-1x1024;1x-1x2048;1x2048x1024,1x-1x1024,/o_proj_14/MatMul;/Add_58,ENGINE_INSPECTOR_METADATA
mixed_prefill,343,L14:up_proj,LINEAR,8,3072,1024,FP16,ampere_h16816gemm_128x64_ldg8_nn_v1,1x-1x1024;1x1024x3072;1;1,1x-1x3072,/up_proj_14/MatMul,ENGINE_INSPECTOR_METADATA
mixed_prefill,344,L14:gate_proj,LINEAR,8,3072,1024,INT8,sm80_xmma_gemm_i8i8_i8i32_f32_tn_n_tilesize32x64x64_stage6_warpsize2x2x1_tensor16x8x32_by_fusion_tactic,1x-1x3072;1x-1x1024;1x1024x3072,1x-1x3072,/gate_proj_14/MatMul;/gate_proj_14/MatMul__a_dequant;/gate_proj_14/MatMul__a_quant;/gate_proj_14/MatMul__w_dequant;/Mul_134;/Mul_135;/Sigmoid_14,ENGINE_INSPECTOR_METADATA
mixed_prefill,345,L14:down_proj,LINEAR,8,1024,3072,FP16,sm80_xmma_gemm_f16f16_f16f16_f16_nn_n_tilesize128x64x64_stage3_warpsize2x2x1_tensor16x8x16_by_fusion_tactic,1x-1x1024;1x-1x3072;1x3072x1024,1x-1x1024,/down_proj_14/MatMul;/Add_59,ENGINE_INSPECTOR_METADATA
mixed_prefill,349,L15:v_proj,LINEAR,8,1024,1024,INT8,sm80_xmma_gemm_i8i8_i8i32_f32_tn_n_tilesize32x64x64_stage6_warpsize2x2x1_tensor16x8x32_by_fusion_tactic,1x-1x1024;1x1024x1024,1x-1x1024,/v_proj_15/MatMul;/v_proj_15/MatMul__a_dequant;/v_proj_15/MatMul__a_quant;/v_proj_15/MatMul__w_dequant,ENGINE_INSPECTOR_METADATA
mixed_prefill,353,L15:k_proj,LINEAR,8,1024,1024,INT8,sm80_xmma_gemm_i8i8_i8i32_f32_tn_n_tilesize32x64x64_stage6_warpsize2x2x1_tensor16x8x32_by_fusion_tactic,1x-1x1024;1x1024x1024,1x-1x1024,/k_proj_15/MatMul;/k_proj_15/MatMul__a_dequant;/k_proj_15/MatMul__a_quant;/k_proj_15/MatMul__w_dequant,ENGINE_INSPECTOR_METADATA
mixed_prefill,357,L15:q_proj,LINEAR,8,2048,1024,INT8,sm80_xmma_gemm_i8f32_i8i32_f32_tn_n_tilesize32x64x64_stage6_warpsize2x2x1_tensor16x8x32_by_fusion_tactic,1x-1x1024;1x1024x2048,1x-1x2048,/q_proj_15/MatMul;/q_proj_15/MatMul__a_dequant;/q_proj_15/MatMul__a_quant;/q_proj_15/MatMul__w_dequant,ENGINE_INSPECTOR_METADATA
mixed_prefill,362,L15:o_proj,LINEAR,8,128,-1,UNKNOWN,_gemm_mha_v2_0xc7841b14f7d92c2016746a6691400a52,16x-1x128;16x128x-1;1x1x-1x-1;16x-1x128;1;1;1;1;1;1,16x-1x128,/o_proj_15/MatMul__a_quant;/MatMul_31;/Mul_142;/Where_47;/MatMul_30;/Softmax_15,ENGINE_INSPECTOR_METADATA
mixed_prefill,364,L15:o_proj,LINEAR,8,1024,2048,INT8,sm80_xmma_gemm_i8i8_i8i32_f32_tn_n_tilesize32x64x64_stage6_warpsize2x2x1_tensor16x8x32_by_fusion_tactic,1x-1x1024;1x-1x2048;1x2048x1024,1x-1x1024,/o_proj_15/MatMul;/o_proj_15/MatMul__a_dequant;/o_proj_15/MatMul__a_quant;/o_proj_15/MatMul__w_dequant;/Add_62,ENGINE_INSPECTOR_METADATA
mixed_prefill,366,L15:up_proj,LINEAR,8,3072,1024,FP16,ampere_h16816gemm_128x64_ldg8_nn_v1,1x-1x1024;1x1024x3072;1;1,1x-1x3072,/up_proj_15/MatMul,ENGINE_INSPECTOR_METADATA
mixed_prefill,367,L15:gate_proj,LINEAR,8,3072,1024,INT8,sm80_xmma_gemm_i8i8_i8i32_f32_tn_n_tilesize32x64x64_stage6_warpsize2x2x1_tensor16x8x32_by_fusion_tactic,1x-1x3072;1x-1x1024;1x1024x3072,1x-1x3072,/gate_proj_15/MatMul;/gate_proj_15/MatMul__a_dequant;/gate_proj_15/MatMul__a_quant;/gate_proj_15/MatMul__w_dequant;/Mul_143;/Mul_144;/Sigmoid_15,ENGINE_INSPECTOR_METADATA
mixed_prefill,368,L15:down_proj,LINEAR,8,1024,3072,FP16,sm80_xmma_gemm_f16f16_f16f16_f16_nn_n_tilesize128x64x64_stage3_warpsize2x2x1_tensor16x8x16_by_fusion_tactic,1x-1x1024;1x-1x3072;1x3072x1024,1x-1x1024,/down_proj_15/MatMul;/Add_63,ENGINE_INSPECTOR_METADATA
mixed_prefill,372,L16:v_proj,LINEAR,8,1024,1024,INT8,sm80_xmma_gemm_i8i8_i8i32_f32_tn_n_tilesize32x64x64_stage6_warpsize2x2x1_tensor16x8x32_by_fusion_tactic,1x-1x1024;1x1024x1024,1x-1x1024,/v_proj_16/MatMul;/v_proj_16/MatMul__a_dequant;/v_proj_16/MatMul__a_quant;/v_proj_16/MatMul__w_dequant,ENGINE_INSPECTOR_METADATA
mixed_prefill,376,L16:k_proj,LINEAR,8,1024,1024,INT8,sm80_xmma_gemm_i8i8_i8i32_f32_tn_n_tilesize32x64x64_stage6_warpsize2x2x1_tensor16x8x32_by_fusion_tactic,1x-1x1024;1x1024x1024,1x-1x1024,/k_proj_16/MatMul;/k_proj_16/MatMul__a_dequant;/k_proj_16/MatMul__a_quant;/k_proj_16/MatMul__w_dequant,ENGINE_INSPECTOR_METADATA
mixed_prefill,380,L16:q_proj,LINEAR,8,2048,1024,INT8,sm80_xmma_gemm_i8f32_i8i32_f32_tn_n_tilesize32x64x64_stage6_warpsize2x2x1_tensor16x8x32_by_fusion_tactic,1x-1x1024;1x1024x2048,1x-1x2048,/q_proj_16/MatMul;/q_proj_16/MatMul__a_dequant;/q_proj_16/MatMul__a_quant;/q_proj_16/MatMul__w_dequant,ENGINE_INSPECTOR_METADATA
mixed_prefill,385,L16:o_proj,LINEAR,8,128,-1,UNKNOWN,_gemm_mha_v2_0x1c8140cface6b993997d7cd4b7477616,16x-1x128;16x128x-1;1x1x-1x-1;16x-1x128;1;1;1;1;1;1,16x-1x128,/o_proj_16/MatMul__a_quant;/MatMul_33;/Softmax_16;/Where_50;/Mul_151;/MatMul_32,ENGINE_INSPECTOR_METADATA
mixed_prefill,387,L16:o_proj,LINEAR,8,1024,2048,INT8,sm80_xmma_gemm_i8i8_i8i32_f32_tn_n_tilesize32x64x64_stage6_warpsize2x2x1_tensor16x8x32_by_fusion_tactic,1x-1x1024;1x-1x2048;1x2048x1024,1x-1x1024,/o_proj_16/MatMul;/o_proj_16/MatMul__a_dequant;/o_proj_16/MatMul__a_quant;/o_proj_16/MatMul__w_dequant;/Add_66,ENGINE_INSPECTOR_METADATA
mixed_prefill,389,L16:up_proj,LINEAR,8,3072,1024,FP16,ampere_h16816gemm_128x64_ldg8_nn_v1,1x-1x1024;1x1024x3072;1;1,1x-1x3072,/up_proj_16/MatMul,ENGINE_INSPECTOR_METADATA
mixed_prefill,390,L16:gate_proj,LINEAR,8,3072,1024,INT8,sm80_xmma_gemm_i8i8_i8i32_f32_tn_n_tilesize32x64x64_stage6_warpsize2x2x1_tensor16x8x32_by_fusion_tactic,1x-1x3072;1x-1x1024;1x1024x3072,1x-1x3072,/gate_proj_16/MatMul;/gate_proj_16/MatMul__a_dequant;/gate_proj_16/MatMul__a_quant;/gate_proj_16/MatMul__w_dequant;/Mul_152;/Mul_153;/Sigmoid_16,ENGINE_INSPECTOR_METADATA
mixed_prefill,391,L16:down_proj,LINEAR,8,1024,3072,FP16,sm80_xmma_gemm_f16f16_f16f16_f16_nn_n_tilesize128x64x64_stage3_warpsize2x2x1_tensor16x8x16_by_fusion_tactic,1x-1x1024;1x-1x3072;1x3072x1024,1x-1x1024,/down_proj_16/MatMul;/Add_67,ENGINE_INSPECTOR_METADATA
mixed_prefill,395,L17:v_proj,LINEAR,8,1024,1024,INT8,sm80_xmma_gemm_i8i8_i8i32_f32_tn_n_tilesize32x64x64_stage6_warpsize2x2x1_tensor16x8x32_by_fusion_tactic,1x-1x1024;1x1024x1024,1x-1x1024,/v_proj_17/MatMul;/v_proj_17/MatMul__a_dequant;/v_proj_17/MatMul__a_quant;/v_proj_17/MatMul__w_dequant,ENGINE_INSPECTOR_METADATA
mixed_prefill,399,L17:k_proj,LINEAR,8,1024,1024,INT8,sm80_xmma_gemm_i8i8_i8i32_f32_tn_n_tilesize32x64x64_stage6_warpsize2x2x1_tensor16x8x32_by_fusion_tactic,1x-1x1024;1x1024x1024,1x-1x1024,/k_proj_17/MatMul;/k_proj_17/MatMul__a_dequant;/k_proj_17/MatMul__a_quant;/k_proj_17/MatMul__w_dequant,ENGINE_INSPECTOR_METADATA
mixed_prefill,403,L17:q_proj,LINEAR,8,2048,1024,INT8,sm80_xmma_gemm_i8f32_i8i32_f32_tn_n_tilesize32x64x64_stage6_warpsize2x2x1_tensor16x8x32_by_fusion_tactic,1x-1x1024;1x1024x2048,1x-1x2048,/q_proj_17/MatMul;/q_proj_17/MatMul__a_dequant;/q_proj_17/MatMul__a_quant;/q_proj_17/MatMul__w_dequant,ENGINE_INSPECTOR_METADATA
mixed_prefill,408,L17:o_proj,LINEAR,8,128,-1,UNKNOWN,_gemm_mha_v2_0xe051501b8c48027b8c2c96139ee1b93f,16x-1x128;16x128x-1;1x1x-1x-1;16x-1x128;1;1;1;1;1;1,16x-1x128,/o_proj_17/MatMul__a_quant;/MatMul_35;/Softmax_17;/Mul_160;/Where_53;/MatMul_34,ENGINE_INSPECTOR_METADATA
mixed_prefill,410,L17:o_proj,LINEAR,8,1024,2048,INT8,sm80_xmma_gemm_i8i8_i8i32_f32_tn_n_tilesize32x64x64_stage6_warpsize2x2x1_tensor16x8x32_by_fusion_tactic,1x-1x1024;1x-1x2048;1x2048x1024,1x-1x1024,/o_proj_17/MatMul;/o_proj_17/MatMul__a_dequant;/o_proj_17/MatMul__a_quant;/o_proj_17/MatMul__w_dequant;/Add_70,ENGINE_INSPECTOR_METADATA
mixed_prefill,412,L17:up_proj,LINEAR,8,3072,1024,FP16,ampere_h16816gemm_128x64_ldg8_nn_v1,1x-1x1024;1x1024x3072;1;1,1x-1x3072,/up_proj_17/MatMul,ENGINE_INSPECTOR_METADATA
mixed_prefill,413,L17:gate_proj,LINEAR,8,3072,1024,INT8,sm80_xmma_gemm_i8i8_i8i32_f32_tn_n_tilesize32x64x64_stage6_warpsize2x2x1_tensor16x8x32_by_fusion_tactic,1x-1x3072;1x-1x1024;1x1024x3072,1x-1x3072,/gate_proj_17/MatMul;/gate_proj_17/MatMul__a_dequant;/gate_proj_17/MatMul__a_quant;/gate_proj_17/MatMul__w_dequant;/Mul_161;/Mul_162;/Sigmoid_17,ENGINE_INSPECTOR_METADATA
mixed_prefill,414,L17:down_proj,LINEAR,8,1024,3072,FP16,sm80_xmma_gemm_f16f16_f16f16_f16_nn_n_tilesize128x64x64_stage3_warpsize2x2x1_tensor16x8x16_by_fusion_tactic,1x-1x1024;1x-1x3072;1x3072x1024,1x-1x1024,/down_proj_17/MatMul;/Add_71,ENGINE_INSPECTOR_METADATA
mixed_prefill,418,L18:v_proj,LINEAR,8,1024,1024,INT8,sm80_xmma_gemm_i8i8_i8i32_f32_tn_n_tilesize32x64x64_stage6_warpsize2x2x1_tensor16x8x32_by_fusion_tactic,1x-1x1024;1x1024x1024,1x-1x1024,/v_proj_18/MatMul;/v_proj_18/MatMul__a_dequant;/v_proj_18/MatMul__a_quant;/v_proj_18/MatMul__w_dequant,ENGINE_INSPECTOR_METADATA
mixed_prefill,422,L18:k_proj,LINEAR,8,1024,1024,INT8,sm80_xmma_gemm_i8i8_i8i32_f32_tn_n_tilesize32x64x64_stage6_warpsize2x2x1_tensor16x8x32_by_fusion_tactic,1x-1x1024;1x1024x1024,1x-1x1024,/k_proj_18/MatMul;/k_proj_18/MatMul__a_dequant;/k_proj_18/MatMul__a_quant;/k_proj_18/MatMul__w_dequant,ENGINE_INSPECTOR_METADATA
mixed_prefill,426,L18:q_proj,LINEAR,8,2048,1024,INT8,sm80_xmma_gemm_i8f32_i8i32_f32_tn_n_tilesize32x64x64_stage6_warpsize2x2x1_tensor16x8x32_by_fusion_tactic,1x-1x1024;1x1024x2048,1x-1x2048,/q_proj_18/MatMul;/q_proj_18/MatMul__a_dequant;/q_proj_18/MatMul__a_quant;/q_proj_18/MatMul__w_dequant,ENGINE_INSPECTOR_METADATA
mixed_prefill,431,L18:o_proj,LINEAR,8,128,-1,UNKNOWN,_gemm_mha_v2_0x2f61b06ce635a250b28ae8ee2ab3b5cb,16x-1x128;16x128x-1;1x1x-1x-1;16x-1x128;1;1;1;1;1;1,16x-1x128,/o_proj_18/MatMul__a_quant;/MatMul_37;/Softmax_18;/Where_56;/Mul_169;/MatMul_36,ENGINE_INSPECTOR_METADATA
mixed_prefill,433,L18:o_proj,LINEAR,8,1024,2048,INT8,sm80_xmma_gemm_i8i8_i8i32_f32_tn_n_tilesize32x64x64_stage6_warpsize2x2x1_tensor16x8x32_by_fusion_tactic,1x-1x1024;1x-1x2048;1x2048x1024,1x-1x1024,/o_proj_18/MatMul;/o_proj_18/MatMul__a_dequant;/o_proj_18/MatMul__a_quant;/o_proj_18/MatMul__w_dequant;/Add_74,ENGINE_INSPECTOR_METADATA
mixed_prefill,435,L18:up_proj,LINEAR,8,3072,1024,FP16,ampere_h16816gemm_128x64_ldg8_nn_v1,1x-1x1024;1x1024x3072;1;1,1x-1x3072,/up_proj_18/MatMul,ENGINE_INSPECTOR_METADATA
mixed_prefill,436,L18:gate_proj,LINEAR,8,3072,1024,INT8,sm80_xmma_gemm_i8i8_i8i32_f32_tn_n_tilesize32x64x64_stage6_warpsize2x2x1_tensor16x8x32_by_fusion_tactic,1x-1x3072;1x-1x1024;1x1024x3072,1x-1x3072,/gate_proj_18/MatMul;/gate_proj_18/MatMul__a_dequant;/gate_proj_18/MatMul__a_quant;/gate_proj_18/MatMul__w_dequant;/Mul_170;/Mul_171;/Sigmoid_18,ENGINE_INSPECTOR_METADATA
mixed_prefill,437,L18:down_proj,LINEAR,8,1024,3072,FP16,sm80_xmma_gemm_f16f16_f16f16_f16_nn_n_tilesize128x64x64_stage3_warpsize2x2x1_tensor16x8x16_by_fusion_tactic,1x-1x1024;1x-1x3072;1x3072x1024,1x-1x1024,/down_proj_18/MatMul;/Add_75,ENGINE_INSPECTOR_METADATA
mixed_prefill,441,L19:v_proj,LINEAR,8,1024,1024,INT8,sm80_xmma_gemm_i8i8_i8i32_f32_tn_n_tilesize32x64x64_stage6_warpsize2x2x1_tensor16x8x32_by_fusion_tactic,1x-1x1024;1x1024x1024,1x-1x1024,/v_proj_19/MatMul;/v_proj_19/MatMul__a_dequant;/v_proj_19/MatMul__a_quant;/v_proj_19/MatMul__w_dequant,ENGINE_INSPECTOR_METADATA
mixed_prefill,445,L19:k_proj,LINEAR,8,1024,1024,INT8,sm80_xmma_gemm_i8i8_i8i32_f32_tn_n_tilesize32x64x64_stage6_warpsize2x2x1_tensor16x8x32_by_fusion_tactic,1x-1x1024;1x1024x1024,1x-1x1024,/k_proj_19/MatMul;/k_proj_19/MatMul__a_dequant;/k_proj_19/MatMul__a_quant;/k_proj_19/MatMul__w_dequant,ENGINE_INSPECTOR_METADATA
mixed_prefill,449,L19:q_proj,LINEAR,8,2048,1024,INT8,sm80_xmma_gemm_i8f32_i8i32_f32_tn_n_tilesize32x64x64_stage6_warpsize2x2x1_tensor16x8x32_by_fusion_tactic,1x-1x1024;1x1024x2048,1x-1x2048,/q_proj_19/MatMul;/q_proj_19/MatMul__a_dequant;/q_proj_19/MatMul__a_quant;/q_proj_19/MatMul__w_dequant,ENGINE_INSPECTOR_METADATA
mixed_prefill,454,L19:o_proj,LINEAR,8,128,-1,UNKNOWN,_gemm_mha_v2_0xab4761469dea155adca77ef52bd80a61,16x-1x128;16x128x-1;1x1x-1x-1;16x-1x128;1;1;1;1;1;1,16x-1x128,/o_proj_19/MatMul__a_quant;/MatMul_39;/Softmax_19;/Where_59;/Mul_178;/MatMul_38,ENGINE_INSPECTOR_METADATA
mixed_prefill,456,L19:o_proj,LINEAR,8,1024,2048,INT8,sm80_xmma_gemm_i8i8_i8i32_f32_tn_n_tilesize32x64x64_stage6_warpsize2x2x1_tensor16x8x32_by_fusion_tactic,1x-1x1024;1x-1x2048;1x2048x1024,1x-1x1024,/o_proj_19/MatMul;/o_proj_19/MatMul__a_dequant;/o_proj_19/MatMul__a_quant;/o_proj_19/MatMul__w_dequant;/Add_78,ENGINE_INSPECTOR_METADATA
mixed_prefill,458,L19:up_proj,LINEAR,8,3072,1024,FP16,ampere_h16816gemm_128x64_ldg8_nn_v1,1x-1x1024;1x1024x3072;1;1,1x-1x3072,/up_proj_19/MatMul,ENGINE_INSPECTOR_METADATA
mixed_prefill,459,L19:gate_proj,LINEAR,8,3072,1024,INT8,sm80_xmma_gemm_i8i8_i8i32_f32_tn_n_tilesize32x64x64_stage6_warpsize2x2x1_tensor16x8x32_by_fusion_tactic,1x-1x3072;1x-1x1024;1x1024x3072,1x-1x3072,/gate_proj_19/MatMul;/gate_proj_19/MatMul__a_dequant;/gate_proj_19/MatMul__a_quant;/gate_proj_19/MatMul__w_dequant;/Mul_179;/Mul_180;/Sigmoid_19,ENGINE_INSPECTOR_METADATA
mixed_prefill,460,L19:down_proj,LINEAR,8,1024,3072,FP16,sm80_xmma_gemm_f16f16_f16f16_f16_nn_n_tilesize128x64x64_stage3_warpsize2x2x1_tensor16x8x16_by_fusion_tactic,1x-1x1024;1x-1x3072;1x3072x1024,1x-1x1024,/down_proj_19/MatMul;/Add_79,ENGINE_INSPECTOR_METADATA
mixed_prefill,464,L20:v_proj,LINEAR,8,1024,1024,INT8,sm80_xmma_gemm_i8i8_i8i32_f32_tn_n_tilesize32x64x64_stage6_warpsize2x2x1_tensor16x8x32_by_fusion_tactic,1x-1x1024;1x1024x1024,1x-1x1024,/v_proj_20/MatMul;/v_proj_20/MatMul__a_dequant;/v_proj_20/MatMul__a_quant;/v_proj_20/MatMul__w_dequant,ENGINE_INSPECTOR_METADATA
mixed_prefill,468,L20:k_proj,LINEAR,8,1024,1024,INT8,sm80_xmma_gemm_i8i8_i8i32_f32_tn_n_tilesize32x64x64_stage6_warpsize2x2x1_tensor16x8x32_by_fusion_tactic,1x-1x1024;1x1024x1024,1x-1x1024,/k_proj_20/MatMul;/k_proj_20/MatMul__a_dequant;/k_proj_20/MatMul__a_quant;/k_proj_20/MatMul__w_dequant,ENGINE_INSPECTOR_METADATA
mixed_prefill,472,L20:q_proj,LINEAR,8,2048,1024,INT8,sm80_xmma_gemm_i8f32_i8i32_f32_tn_n_tilesize32x64x64_stage6_warpsize2x2x1_tensor16x8x32_by_fusion_tactic,1x-1x1024;1x1024x2048,1x-1x2048,/q_proj_20/MatMul;/q_proj_20/MatMul__a_dequant;/q_proj_20/MatMul__a_quant;/q_proj_20/MatMul__w_dequant,ENGINE_INSPECTOR_METADATA
mixed_prefill,477,L20:o_proj,LINEAR,8,128,-1,UNKNOWN,_gemm_mha_v2_0xee0414de60764f75e46b3b8d1e16fc19,16x-1x128;16x128x-1;1x1x-1x-1;16x-1x128;1;1;1;1;1;1,16x-1x128,/o_proj_20/MatMul__a_quant;/MatMul_41;/Softmax_20;/Where_62;/Mul_187;/MatMul_40,ENGINE_INSPECTOR_METADATA
mixed_prefill,479,L20:o_proj,LINEAR,8,1024,2048,INT8,sm80_xmma_gemm_i8i8_i8i32_f32_tn_n_tilesize32x64x64_stage6_warpsize2x2x1_tensor16x8x32_by_fusion_tactic,1x-1x1024;1x-1x2048;1x2048x1024,1x-1x1024,/o_proj_20/MatMul;/o_proj_20/MatMul__a_dequant;/o_proj_20/MatMul__a_quant;/o_proj_20/MatMul__w_dequant;/Add_82,ENGINE_INSPECTOR_METADATA
mixed_prefill,481,L20:up_proj,LINEAR,8,3072,1024,FP16,ampere_h16816gemm_128x64_ldg8_nn_v1,1x-1x1024;1x1024x3072;1;1,1x-1x3072,/up_proj_20/MatMul,ENGINE_INSPECTOR_METADATA
mixed_prefill,482,L20:gate_proj,LINEAR,8,3072,1024,INT8,sm80_xmma_gemm_i8i8_i8i32_f32_tn_n_tilesize32x64x64_stage6_warpsize2x2x1_tensor16x8x32_by_fusion_tactic,1x-1x3072;1x-1x1024;1x1024x3072,1x-1x3072,/gate_proj_20/MatMul;/gate_proj_20/MatMul__a_dequant;/gate_proj_20/MatMul__a_quant;/gate_proj_20/MatMul__w_dequant;/Mul_188;/Mul_189;/Sigmoid_20,ENGINE_INSPECTOR_METADATA
mixed_prefill,483,L20:down_proj,LINEAR,8,1024,3072,FP16,sm80_xmma_gemm_f16f16_f16f16_f16_nn_n_tilesize128x64x64_stage3_warpsize2x2x1_tensor16x8x16_by_fusion_tactic,1x-1x1024;1x-1x3072;1x3072x1024,1x-1x1024,/down_proj_20/MatMul;/Add_83,ENGINE_INSPECTOR_METADATA
mixed_prefill,487,L21:v_proj,LINEAR,8,1024,1024,INT8,sm80_xmma_gemm_i8i8_i8i32_f32_tn_n_tilesize32x64x64_stage6_warpsize2x2x1_tensor16x8x32_by_fusion_tactic,1x-1x1024;1x1024x1024,1x-1x1024,/v_proj_21/MatMul;/v_proj_21/MatMul__a_dequant;/v_proj_21/MatMul__a_quant;/v_proj_21/MatMul__w_dequant,ENGINE_INSPECTOR_METADATA
mixed_prefill,491,L21:k_proj,LINEAR,8,1024,1024,INT8,sm80_xmma_gemm_i8i8_i8i32_f32_tn_n_tilesize32x64x64_stage6_warpsize2x2x1_tensor16x8x32_by_fusion_tactic,1x-1x1024;1x1024x1024,1x-1x1024,/k_proj_21/MatMul;/k_proj_21/MatMul__a_dequant;/k_proj_21/MatMul__a_quant;/k_proj_21/MatMul__w_dequant,ENGINE_INSPECTOR_METADATA
mixed_prefill,495,L21:q_proj,LINEAR,8,2048,1024,INT8,sm80_xmma_gemm_i8f32_i8i32_f32_tn_n_tilesize32x64x64_stage6_warpsize2x2x1_tensor16x8x32_by_fusion_tactic,1x-1x1024;1x1024x2048,1x-1x2048,/q_proj_21/MatMul;/q_proj_21/MatMul__a_dequant;/q_proj_21/MatMul__a_quant;/q_proj_21/MatMul__w_dequant,ENGINE_INSPECTOR_METADATA
mixed_prefill,500,L21:o_proj,LINEAR,8,128,-1,UNKNOWN,_gemm_mha_v2_0xc2d92b3cbb126a251b76d78c57684e17,16x-1x128;16x128x-1;1x1x-1x-1;16x-1x128;1;1;1;1;1;1,16x-1x128,/o_proj_21/MatMul__a_quant;/MatMul_43;/Softmax_21;/Where_65;/Mul_196;/MatMul_42,ENGINE_INSPECTOR_METADATA
mixed_prefill,502,L21:o_proj,LINEAR,8,1024,2048,INT8,sm80_xmma_gemm_i8i8_i8i32_f32_tn_n_tilesize32x64x64_stage6_warpsize2x2x1_tensor16x8x32_by_fusion_tactic,1x-1x1024;1x-1x2048;1x2048x1024,1x-1x1024,/o_proj_21/MatMul;/o_proj_21/MatMul__a_dequant;/o_proj_21/MatMul__a_quant;/o_proj_21/MatMul__w_dequant;/Add_86,ENGINE_INSPECTOR_METADATA
mixed_prefill,504,L21:up_proj,LINEAR,8,3072,1024,FP16,ampere_h16816gemm_128x64_ldg8_nn_v1,1x-1x1024;1x1024x3072;1;1,1x-1x3072,/up_proj_21/MatMul,ENGINE_INSPECTOR_METADATA
mixed_prefill,505,L21:gate_proj,LINEAR,8,3072,1024,INT8,sm80_xmma_gemm_i8i8_i8i32_f32_tn_n_tilesize32x64x64_stage6_warpsize2x2x1_tensor16x8x32_by_fusion_tactic,1x-1x3072;1x-1x1024;1x1024x3072,1x-1x3072,/gate_proj_21/MatMul;/gate_proj_21/MatMul__a_dequant;/gate_proj_21/MatMul__a_quant;/gate_proj_21/MatMul__w_dequant;/Mul_197;/Mul_198;/Sigmoid_21,ENGINE_INSPECTOR_METADATA
mixed_prefill,506,L21:down_proj,LINEAR,8,1024,3072,FP16,sm80_xmma_gemm_f16f16_f16f16_f16_nn_n_tilesize128x64x64_stage3_warpsize2x2x1_tensor16x8x16_by_fusion_tactic,1x-1x1024;1x-1x3072;1x3072x1024,1x-1x1024,/down_proj_21/MatMul;/Add_87,ENGINE_INSPECTOR_METADATA
mixed_prefill,510,L22:v_proj,LINEAR,8,1024,1024,INT8,sm80_xmma_gemm_i8i8_i8i32_f32_tn_n_tilesize32x64x64_stage6_warpsize2x2x1_tensor16x8x32_by_fusion_tactic,1x-1x1024;1x1024x1024,1x-1x1024,/v_proj_22/MatMul;/v_proj_22/MatMul__a_dequant;/v_proj_22/MatMul__a_quant;/v_proj_22/MatMul__w_dequant,ENGINE_INSPECTOR_METADATA
mixed_prefill,514,L22:k_proj,LINEAR,8,1024,1024,INT8,sm80_xmma_gemm_i8i8_i8i32_f32_tn_n_tilesize32x64x64_stage6_warpsize2x2x1_tensor16x8x32_by_fusion_tactic,1x-1x1024;1x1024x1024,1x-1x1024,/k_proj_22/MatMul;/k_proj_22/MatMul__a_dequant;/k_proj_22/MatMul__a_quant;/k_proj_22/MatMul__w_dequant,ENGINE_INSPECTOR_METADATA
mixed_prefill,518,L22:q_proj,LINEAR,8,2048,1024,INT8,sm80_xmma_gemm_i8f32_i8i32_f32_tn_n_tilesize32x64x64_stage6_warpsize2x2x1_tensor16x8x32_by_fusion_tactic,1x-1x1024;1x1024x2048,1x-1x2048,/q_proj_22/MatMul;/q_proj_22/MatMul__a_dequant;/q_proj_22/MatMul__a_quant;/q_proj_22/MatMul__w_dequant,ENGINE_INSPECTOR_METADATA
mixed_prefill,523,L22:o_proj,LINEAR,8,128,-1,UNKNOWN,_gemm_mha_v2_0x582f9c30de38a93e722c6de99876bc60,16x-1x128;16x128x-1;1x1x-1x-1;16x-1x128;1;1;1;1;1;1,16x-1x128,/o_proj_22/MatMul__a_quant;/MatMul_45;/Softmax_22;/Where_68;/Mul_205;/MatMul_44,ENGINE_INSPECTOR_METADATA
mixed_prefill,525,L22:o_proj,LINEAR,8,1024,2048,INT8,sm80_xmma_gemm_i8i8_i8i32_f32_tn_n_tilesize32x64x64_stage6_warpsize2x2x1_tensor16x8x32_by_fusion_tactic,1x-1x1024;1x-1x2048;1x2048x1024,1x-1x1024,/o_proj_22/MatMul;/o_proj_22/MatMul__a_dequant;/o_proj_22/MatMul__a_quant;/o_proj_22/MatMul__w_dequant;/Add_90,ENGINE_INSPECTOR_METADATA
mixed_prefill,527,L22:up_proj,LINEAR,8,3072,1024,FP16,ampere_h16816gemm_128x64_ldg8_nn_v1,1x-1x1024;1x1024x3072;1;1,1x-1x3072,/up_proj_22/MatMul,ENGINE_INSPECTOR_METADATA
mixed_prefill,528,L22:gate_proj,LINEAR,8,3072,1024,INT8,sm80_xmma_gemm_i8i8_i8i32_f32_tn_n_tilesize32x64x64_stage6_warpsize2x2x1_tensor16x8x32_by_fusion_tactic,1x-1x3072;1x-1x1024;1x1024x3072,1x-1x3072,/gate_proj_22/MatMul;/gate_proj_22/MatMul__a_dequant;/gate_proj_22/MatMul__a_quant;/gate_proj_22/MatMul__w_dequant;/Mul_206;/Mul_207;/Sigmoid_22,ENGINE_INSPECTOR_METADATA
mixed_prefill,529,L22:down_proj,LINEAR,8,1024,3072,FP16,sm80_xmma_gemm_f16f16_f16f16_f16_nn_n_tilesize128x64x64_stage3_warpsize2x2x1_tensor16x8x16_by_fusion_tactic,1x-1x1024;1x-1x3072;1x3072x1024,1x-1x1024,/down_proj_22/MatMul;/Add_91,ENGINE_INSPECTOR_METADATA
mixed_prefill,533,L23:v_proj,LINEAR,8,1024,1024,INT8,sm80_xmma_gemm_i8i8_i8i32_f32_tn_n_tilesize32x64x64_stage6_warpsize2x2x1_tensor16x8x32_by_fusion_tactic,1x-1x1024;1x1024x1024,1x-1x1024,/v_proj_23/MatMul;/v_proj_23/MatMul__a_dequant;/v_proj_23/MatMul__a_quant;/v_proj_23/MatMul__w_dequant,ENGINE_INSPECTOR_METADATA
mixed_prefill,537,L23:k_proj,LINEAR,8,1024,1024,INT8,sm80_xmma_gemm_i8i8_i8i32_f32_tn_n_tilesize32x64x64_stage6_warpsize2x2x1_tensor16x8x32_by_fusion_tactic,1x-1x1024;1x1024x1024,1x-1x1024,/k_proj_23/MatMul;/k_proj_23/MatMul__a_dequant;/k_proj_23/MatMul__a_quant;/k_proj_23/MatMul__w_dequant,ENGINE_INSPECTOR_METADATA
mixed_prefill,541,L23:q_proj,LINEAR,8,2048,1024,INT8,sm80_xmma_gemm_i8f32_i8i32_f32_tn_n_tilesize32x64x64_stage6_warpsize2x2x1_tensor16x8x32_by_fusion_tactic,1x-1x1024;1x1024x2048,1x-1x2048,/q_proj_23/MatMul;/q_proj_23/MatMul__a_dequant;/q_proj_23/MatMul__a_quant;/q_proj_23/MatMul__w_dequant,ENGINE_INSPECTOR_METADATA
mixed_prefill,546,L23:o_proj,LINEAR,8,128,-1,UNKNOWN,_gemm_mha_v2_0xf4c36af1b3c39fab3312671f178aa157,16x-1x128;16x128x-1;1x1x-1x-1;16x-1x128;1;1;1;1;1;1,16x-1x128,/o_proj_23/MatMul__a_quant;/MatMul_47;/Softmax_23;/Where_71;/Mul_214;/MatMul_46,ENGINE_INSPECTOR_METADATA
mixed_prefill,548,L23:o_proj,LINEAR,8,1024,2048,INT8,sm80_xmma_gemm_i8i8_i8i32_f32_tn_n_tilesize32x64x64_stage6_warpsize2x2x1_tensor16x8x32_by_fusion_tactic,1x-1x1024;1x-1x2048;1x2048x1024,1x-1x1024,/o_proj_23/MatMul;/o_proj_23/MatMul__a_dequant;/o_proj_23/MatMul__a_quant;/o_proj_23/MatMul__w_dequant;/Add_94,ENGINE_INSPECTOR_METADATA
mixed_prefill,550,L23:up_proj,LINEAR,8,3072,1024,FP16,ampere_h16816gemm_128x64_ldg8_nn_v1,1x-1x1024;1x1024x3072;1;1,1x-1x3072,/up_proj_23/MatMul,ENGINE_INSPECTOR_METADATA
mixed_prefill,551,L23:gate_proj,LINEAR,8,3072,1024,INT8,sm80_xmma_gemm_i8i8_i8i32_f32_tn_n_tilesize32x64x64_stage6_warpsize2x2x1_tensor16x8x32_by_fusion_tactic,1x-1x3072;1x-1x1024;1x1024x3072,1x-1x3072,/gate_proj_23/MatMul;/gate_proj_23/MatMul__a_dequant;/gate_proj_23/MatMul__a_quant;/gate_proj_23/MatMul__w_dequant;/Mul_215;/Mul_216;/Sigmoid_23,ENGINE_INSPECTOR_METADATA
mixed_prefill,552,L23:down_proj,LINEAR,8,1024,3072,FP16,sm80_xmma_gemm_f16f16_f16f16_f16_nn_n_tilesize128x64x64_stage3_warpsize2x2x1_tensor16x8x16_by_fusion_tactic,1x-1x1024;1x-1x3072;1x3072x1024,1x-1x1024,/down_proj_23/MatMul;/Add_95,ENGINE_INSPECTOR_METADATA
mixed_prefill,556,L24:v_proj,LINEAR,8,1024,1024,INT8,sm80_xmma_gemm_i8i8_i8i32_f32_tn_n_tilesize32x64x64_stage6_warpsize2x2x1_tensor16x8x32_by_fusion_tactic,1x-1x1024;1x1024x1024,1x-1x1024,/v_proj_24/MatMul;/v_proj_24/MatMul__a_dequant;/v_proj_24/MatMul__a_quant;/v_proj_24/MatMul__w_dequant,ENGINE_INSPECTOR_METADATA
mixed_prefill,560,L24:k_proj,LINEAR,8,1024,1024,INT8,sm80_xmma_gemm_i8i8_i8i32_f32_tn_n_tilesize32x64x64_stage6_warpsize2x2x1_tensor16x8x32_by_fusion_tactic,1x-1x1024;1x1024x1024,1x-1x1024,/k_proj_24/MatMul;/k_proj_24/MatMul__a_dequant;/k_proj_24/MatMul__a_quant;/k_proj_24/MatMul__w_dequant,ENGINE_INSPECTOR_METADATA
mixed_prefill,564,L24:q_proj,LINEAR,8,2048,1024,INT8,sm80_xmma_gemm_i8f32_i8i32_f32_tn_n_tilesize32x64x64_stage6_warpsize2x2x1_tensor16x8x32_by_fusion_tactic,1x-1x1024;1x1024x2048,1x-1x2048,/q_proj_24/MatMul;/q_proj_24/MatMul__a_dequant;/q_proj_24/MatMul__a_quant;/q_proj_24/MatMul__w_dequant,ENGINE_INSPECTOR_METADATA
mixed_prefill,569,L24:o_proj,LINEAR,8,128,-1,UNKNOWN,_gemm_mha_v2_0xe6bc19e69c82f8044e9874292acae825,16x-1x128;16x128x-1;1x1x-1x-1;16x-1x128;1;1;1;1;1;1,16x-1x128,/o_proj_24/MatMul__a_quant;/MatMul_49;/Where_74;/Mul_223;/MatMul_48;/Softmax_24,ENGINE_INSPECTOR_METADATA
mixed_prefill,571,L24:o_proj,LINEAR,8,1024,2048,INT8,sm80_xmma_gemm_i8i8_i8i32_f32_tn_n_tilesize32x64x64_stage6_warpsize2x2x1_tensor16x8x32_by_fusion_tactic,1x-1x1024;1x-1x2048;1x2048x1024,1x-1x1024,/o_proj_24/MatMul;/o_proj_24/MatMul__a_dequant;/o_proj_24/MatMul__a_quant;/o_proj_24/MatMul__w_dequant;/Add_98,ENGINE_INSPECTOR_METADATA
mixed_prefill,573,L24:up_proj,LINEAR,8,3072,1024,FP16,ampere_h16816gemm_128x64_ldg8_nn_v1,1x-1x1024;1x1024x3072;1;1,1x-1x3072,/up_proj_24/MatMul,ENGINE_INSPECTOR_METADATA
mixed_prefill,574,L24:gate_proj,LINEAR,8,3072,1024,INT8,sm80_xmma_gemm_i8i8_i8i32_f32_tn_n_tilesize32x64x64_stage6_warpsize2x2x1_tensor16x8x32_by_fusion_tactic,1x-1x3072;1x-1x1024;1x1024x3072,1x-1x3072,/gate_proj_24/MatMul;/gate_proj_24/MatMul__a_dequant;/gate_proj_24/MatMul__a_quant;/gate_proj_24/MatMul__w_dequant;/Mul_224;/Mul_225;/Sigmoid_24,ENGINE_INSPECTOR_METADATA
mixed_prefill,575,L24:down_proj,LINEAR,8,1024,3072,FP16,sm80_xmma_gemm_f16f16_f16f16_f16_nn_n_tilesize128x64x64_stage3_warpsize2x2x1_tensor16x8x16_by_fusion_tactic,1x-1x1024;1x-1x3072;1x3072x1024,1x-1x1024,/down_proj_24/MatMul;/Add_99,ENGINE_INSPECTOR_METADATA
mixed_prefill,579,L25:v_proj,LINEAR,8,1024,1024,INT8,sm80_xmma_gemm_i8i8_i8i32_f32_tn_n_tilesize32x64x64_stage6_warpsize2x2x1_tensor16x8x32_by_fusion_tactic,1x-1x1024;1x1024x1024,1x-1x1024,/v_proj_25/MatMul;/v_proj_25/MatMul__a_dequant;/v_proj_25/MatMul__a_quant;/v_proj_25/MatMul__w_dequant,ENGINE_INSPECTOR_METADATA
mixed_prefill,583,L25:k_proj,LINEAR,8,1024,1024,INT8,sm80_xmma_gemm_i8i8_i8i32_f32_tn_n_tilesize32x64x64_stage6_warpsize2x2x1_tensor16x8x32_by_fusion_tactic,1x-1x1024;1x1024x1024,1x-1x1024,/k_proj_25/MatMul;/k_proj_25/MatMul__a_dequant;/k_proj_25/MatMul__a_quant;/k_proj_25/MatMul__w_dequant,ENGINE_INSPECTOR_METADATA
mixed_prefill,587,L25:q_proj,LINEAR,8,2048,1024,INT8,sm80_xmma_gemm_i8f32_i8i32_f32_tn_n_tilesize32x64x64_stage6_warpsize2x2x1_tensor16x8x32_by_fusion_tactic,1x-1x1024;1x1024x2048,1x-1x2048,/q_proj_25/MatMul;/q_proj_25/MatMul__a_dequant;/q_proj_25/MatMul__a_quant;/q_proj_25/MatMul__w_dequant,ENGINE_INSPECTOR_METADATA
mixed_prefill,592,L25:o_proj,LINEAR,8,128,-1,UNKNOWN,_gemm_mha_v2_0x122d493ce64aa00c197ae40baf03a637,16x-1x128;16x128x-1;1x1x-1x-1;16x-1x128;1;1;1;1;1;1,16x-1x128,/o_proj_25/MatMul__a_quant;/MatMul_51;/Where_77;/Mul_232;/Softmax_25;/MatMul_50,ENGINE_INSPECTOR_METADATA
mixed_prefill,594,L25:o_proj,LINEAR,8,1024,2048,INT8,sm80_xmma_gemm_i8i8_i8i32_f32_tn_n_tilesize32x64x64_stage6_warpsize2x2x1_tensor16x8x32_by_fusion_tactic,1x-1x1024;1x-1x2048;1x2048x1024,1x-1x1024,/o_proj_25/MatMul;/o_proj_25/MatMul__a_dequant;/o_proj_25/MatMul__a_quant;/o_proj_25/MatMul__w_dequant;/Add_102,ENGINE_INSPECTOR_METADATA
mixed_prefill,596,L25:up_proj,LINEAR,8,3072,1024,FP16,ampere_h16816gemm_128x64_ldg8_nn_v1,1x-1x1024;1x1024x3072;1;1,1x-1x3072,/up_proj_25/MatMul,ENGINE_INSPECTOR_METADATA
mixed_prefill,597,L25:gate_proj,LINEAR,8,3072,1024,INT8,sm80_xmma_gemm_i8i8_i8i32_f32_tn_n_tilesize32x64x64_stage6_warpsize2x2x1_tensor16x8x32_by_fusion_tactic,1x-1x3072;1x-1x1024;1x1024x3072,1x-1x3072,/gate_proj_25/MatMul;/gate_proj_25/MatMul__a_dequant;/gate_proj_25/MatMul__a_quant;/gate_proj_25/MatMul__w_dequant;/Mul_233;/Mul_234;/Sigmoid_25,ENGINE_INSPECTOR_METADATA
mixed_prefill,598,L25:down_proj,LINEAR,8,1024,3072,FP16,sm80_xmma_gemm_f16f16_f16f16_f16_nn_n_tilesize128x64x64_stage3_warpsize2x2x1_tensor16x8x16_by_fusion_tactic,1x-1x1024;1x-1x3072;1x3072x1024,1x-1x1024,/down_proj_25/MatMul;/Add_103,ENGINE_INSPECTOR_METADATA
mixed_prefill,602,L26:v_proj,LINEAR,8,1024,1024,INT8,sm80_xmma_gemm_i8i8_i8i32_f32_tn_n_tilesize32x64x64_stage6_warpsize2x2x1_tensor16x8x32_by_fusion_tactic,1x-1x1024;1x1024x1024,1x-1x1024,/v_proj_26/MatMul;/v_proj_26/MatMul__a_dequant;/v_proj_26/MatMul__a_quant;/v_proj_26/MatMul__w_dequant,ENGINE_INSPECTOR_METADATA
mixed_prefill,606,L26:k_proj,LINEAR,8,1024,1024,INT8,sm80_xmma_gemm_i8i8_i8i32_f32_tn_n_tilesize32x64x64_stage6_warpsize2x2x1_tensor16x8x32_by_fusion_tactic,1x-1x1024;1x1024x1024,1x-1x1024,/k_proj_26/MatMul;/k_proj_26/MatMul__a_dequant;/k_proj_26/MatMul__a_quant;/k_proj_26/MatMul__w_dequant,ENGINE_INSPECTOR_METADATA
mixed_prefill,610,L26:q_proj,LINEAR,8,2048,1024,INT8,sm80_xmma_gemm_i8f32_i8i32_f32_tn_n_tilesize32x64x64_stage6_warpsize2x2x1_tensor16x8x32_by_fusion_tactic,1x-1x1024;1x1024x2048,1x-1x2048,/q_proj_26/MatMul;/q_proj_26/MatMul__a_dequant;/q_proj_26/MatMul__a_quant;/q_proj_26/MatMul__w_dequant,ENGINE_INSPECTOR_METADATA
mixed_prefill,615,L26:o_proj,LINEAR,8,128,-1,UNKNOWN,_gemm_mha_v2_0x868207ee750ff7049028a80d32d17323,16x-1x128;16x128x-1;1x1x-1x-1;16x-1x128;1;1;1;1;1;1,16x-1x128,/o_proj_26/MatMul__a_quant;/MatMul_53;/Softmax_26;/Where_80;/Mul_241;/MatMul_52,ENGINE_INSPECTOR_METADATA
mixed_prefill,617,L26:o_proj,LINEAR,8,1024,2048,INT8,sm80_xmma_gemm_i8i8_i8i32_f32_tn_n_tilesize32x64x64_stage6_warpsize2x2x1_tensor16x8x32_by_fusion_tactic,1x-1x1024;1x-1x2048;1x2048x1024,1x-1x1024,/o_proj_26/MatMul;/o_proj_26/MatMul__a_dequant;/o_proj_26/MatMul__a_quant;/o_proj_26/MatMul__w_dequant;/Add_106,ENGINE_INSPECTOR_METADATA
mixed_prefill,619,L26:up_proj,LINEAR,8,3072,1024,FP16,ampere_h16816gemm_128x64_ldg8_nn_v1,1x-1x1024;1x1024x3072;1;1,1x-1x3072,/up_proj_26/MatMul,ENGINE_INSPECTOR_METADATA
mixed_prefill,620,L26:gate_proj,LINEAR,8,3072,1024,INT8,sm80_xmma_gemm_i8i8_i8i32_f32_tn_n_tilesize32x64x64_stage6_warpsize2x2x1_tensor16x8x32_by_fusion_tactic,1x-1x3072;1x-1x1024;1x1024x3072,1x-1x3072,/gate_proj_26/MatMul;/gate_proj_26/MatMul__a_dequant;/gate_proj_26/MatMul__a_quant;/gate_proj_26/MatMul__w_dequant;/Mul_242;/Mul_243;/Sigmoid_26,ENGINE_INSPECTOR_METADATA
mixed_prefill,621,L26:down_proj,LINEAR,8,1024,3072,FP16,sm80_xmma_gemm_f16f16_f16f16_f16_nn_n_tilesize128x64x64_stage3_warpsize2x2x1_tensor16x8x16_by_fusion_tactic,1x-1x1024;1x-1x3072;1x3072x1024,1x-1x1024,/down_proj_26/MatMul;/Add_107,ENGINE_INSPECTOR_METADATA
mixed_prefill,625,L27:v_proj,LINEAR,8,1024,1024,INT8,sm80_xmma_gemm_i8i8_i8i32_f32_tn_n_tilesize32x64x64_stage6_warpsize2x2x1_tensor16x8x32_by_fusion_tactic,1x-1x1024;1x1024x1024,1x-1x1024,/v_proj_27/MatMul;/v_proj_27/MatMul__a_dequant;/v_proj_27/MatMul__a_quant;/v_proj_27/MatMul__w_dequant,ENGINE_INSPECTOR_METADATA
mixed_prefill,629,L27:k_proj,LINEAR,8,1024,1024,INT8,sm80_xmma_gemm_i8i8_i8i32_f32_tn_n_tilesize32x64x64_stage6_warpsize2x2x1_tensor16x8x32_by_fusion_tactic,1x-1x1024;1x1024x1024,1x-1x1024,/k_proj_27/MatMul;/k_proj_27/MatMul__a_dequant;/k_proj_27/MatMul__a_quant;/k_proj_27/MatMul__w_dequant,ENGINE_INSPECTOR_METADATA
mixed_prefill,633,L27:q_proj,LINEAR,8,2048,1024,INT8,sm80_xmma_gemm_i8f32_i8i32_f32_tn_n_tilesize32x64x64_stage6_warpsize2x2x1_tensor16x8x32_by_fusion_tactic,1x-1x1024;1x1024x2048,1x-1x2048,/q_proj_27/MatMul;/q_proj_27/MatMul__a_dequant;/q_proj_27/MatMul__a_quant;/q_proj_27/MatMul__w_dequant,ENGINE_INSPECTOR_METADATA
mixed_prefill,638,L55:ATTENTION_VALUE,ATTENTION_GEMM,UNKNOWN,UNKNOWN,UNKNOWN,UNKNOWN,_gemm_mha_v2_0xb1de950b39aeff343f8e5a6b250b0cff,16x-1x128;16x128x-1;1x1x-1x-1;16x-1x128;1;1;1;1;1,16x-1x128,/MatMul_55;/Softmax_27;/Where_83;/Mul_250;/MatMul_54,ENGINE_INSPECTOR_METADATA
mixed_prefill,639,L27:o_proj,LINEAR,8,1024,2048,FP16,sm80_xmma_gemm_f16f16_f16f16_f16_nn_n_tilesize128x64x64_stage3_warpsize2x2x1_tensor16x8x16_by_fusion_tactic,1x-1x1024;1x-1x2048;1x2048x1024,1x-1x1024,/o_proj_27/MatMul;/Add_110,ENGINE_INSPECTOR_METADATA
mixed_prefill,642,L27:gate_proj,LINEAR,8,3072,1024,FP16,ampere_h16816gemm_128x64_ldg8_nn_v1,1x-1x1024;1x1024x3072;1;1,1x-1x3072,/gate_proj_27/MatMul,ENGINE_INSPECTOR_METADATA
mixed_prefill,644,L27:up_proj,LINEAR,8,3072,1024,FP16,ampere_h16816gemm_128x64_ldg8_nn_v1,1x-1x1024;1x1024x3072;1;1,1x-1x3072,/up_proj_27/MatMul,ENGINE_INSPECTOR_METADATA
mixed_prefill,648,L27:down_proj,LINEAR,8,1024,3072,FP16,sm80_xmma_gemm_f16f16_f16f16_f16_nn_n_tilesize128x64x64_stage3_warpsize2x2x1_tensor16x8x16_by_fusion_tactic,1x-1x1024;1x-1x3072;1x3072x1024,1x-1x1024,/down_proj_27/MatMul;/Add_111,ENGINE_INSPECTOR_METADATA
mixed_decode,4,L0:v_proj,LINEAR,1,1024,1024,INT8,sm80_xmma_gemm_i8f32_i8i32_f32_tn_n_tilesize32x64x64_stage6_warpsize2x2x1_tensor16x8x32_by_fusion_tactic,1x1x1024;1x1024x1024,1x1x1024,/v_proj/MatMul;/v_proj/MatMul__a_dequant;/v_proj/MatMul__a_quant;/v_proj/MatMul__w_dequant,ENGINE_INSPECTOR_METADATA
mixed_decode,8,L0:k_proj,LINEAR,1,1024,1024,INT8,sm80_xmma_gemm_i8f32_i8i32_f32_tn_n_tilesize32x64x64_stage6_warpsize2x2x1_tensor16x8x32_by_fusion_tactic,1x1x1024;1x1024x1024,1x1x1024,/k_proj/MatMul;/k_proj/MatMul__a_dequant;/k_proj/MatMul__a_quant;/k_proj/MatMul__w_dequant,ENGINE_INSPECTOR_METADATA
mixed_decode,11,L0:q_proj,LINEAR,1,2048,1024,INT8,sm80_xmma_gemm_i8f32_i8i32_f32_tn_n_tilesize32x64x64_stage6_warpsize2x2x1_tensor16x8x32_by_fusion_tactic,1x1x1024;1x1024x2048,1x1x2048,/q_proj/MatMul;/q_proj/MatMul__a_dequant;/q_proj/MatMul__a_quant;/q_proj/MatMul__w_dequant,ENGINE_INSPECTOR_METADATA
mixed_decode,15,L0:ATTENTION_SCORE,ATTENTION_GEMM,UNKNOWN,UNKNOWN,UNKNOWN,FP16,sm80_xmma_gemm_f16f16_f16f32_f32_nn_n_tilesize32x32x64_stage6_warpsize2x2x1_tensor16x8x16_aligna2_alignc2,16x1x128;16x128x-1;1;1,16x1x-1,/MatMul,ENGINE_INSPECTOR_METADATA
mixed_decode,18,L1:ATTENTION_VALUE,ATTENTION_GEMM,UNKNOWN,UNKNOWN,UNKNOWN,FP16,sm80_xmma_gemm_f16f16_f16f32_f32_nn_n_tilesize64x128x32_stage5_warpsize2x2x1_tensor16x8x16_aligna2_alignc2,16x1x-1;16x-1x128;1;1,16x1x128,/MatMul_1,ENGINE_INSPECTOR_METADATA
mixed_decode,20,L0:o_proj,LINEAR,1,1024,2048,INT8,sm80_xmma_gemm_i8f32_i8i32_f32_tn_n_tilesize32x64x64_stage6_warpsize2x2x1_tensor16x8x32_by_fusion_tactic,1x1x1024;1x1x2048;1x2048x1024,1x1x1024,/o_proj/MatMul;/o_proj/MatMul__a_dequant;/o_proj/MatMul__a_quant;/o_proj/MatMul__w_dequant;/Add_2,ENGINE_INSPECTOR_METADATA
mixed_decode,22,L0:up_proj,LINEAR,1,3072,1024,FP16,sm80_xmma_gemm_f16f16_f16f16_f16_tn_n_tilesize32x32x64_stage6_warpsize2x2x1_tensor16x8x16,1x1x1024;1x1024x3072;1;1,1x1x3072,/up_proj/MatMul,ENGINE_INSPECTOR_METADATA
mixed_decode,23,L0:gate_proj,LINEAR,1,3072,1024,INT8,sm80_xmma_gemm_i8i8_i8i32_f32_tn_n_tilesize32x64x64_stage6_warpsize2x2x1_tensor16x8x32_by_fusion_tactic,1x1x3072;1x1x1024;1x1024x3072,1x1x3072,/gate_proj/MatMul;/gate_proj/MatMul__a_dequant;/gate_proj/MatMul__a_quant;/gate_proj/MatMul__w_dequant;/Mul_8;/Mul_9;/Sigmoid,ENGINE_INSPECTOR_METADATA
mixed_decode,24,L0:down_proj,LINEAR,1,1024,3072,FP16,sm80_xmma_gemm_f16f16_f16f16_f16_nn_n_tilesize64x128x32_stage5_warpsize2x2x1_tensor16x8x16_by_fusion_tactic,1x1x1024;1x1x3072;1x3072x1024,1x1x1024,/down_proj/MatMul;/Add_3,ENGINE_INSPECTOR_METADATA
mixed_decode,28,L1:v_proj,LINEAR,1,1024,1024,INT8,sm80_xmma_gemm_i8f32_i8i32_f32_tn_n_tilesize32x64x64_stage6_warpsize2x2x1_tensor16x8x32_by_fusion_tactic,1x1x1024;1x1024x1024,1x1x1024,/v_proj_1/MatMul;/v_proj_1/MatMul__a_dequant;/v_proj_1/MatMul__a_quant;/v_proj_1/MatMul__w_dequant,ENGINE_INSPECTOR_METADATA
mixed_decode,34,L1:k_proj,LINEAR,1,1024,1024,INT8,sm80_xmma_gemm_i8f32_i8i32_f32_tn_n_tilesize32x64x64_stage6_warpsize2x2x1_tensor16x8x32_by_fusion_tactic,1x1x1024;1x1024x1024,1x1x1024,/k_proj_1/MatMul;/k_proj_1/MatMul__a_dequant;/k_proj_1/MatMul__a_quant;/k_proj_1/MatMul__w_dequant,ENGINE_INSPECTOR_METADATA
mixed_decode,40,L1:q_proj,LINEAR,1,2048,1024,INT8,sm80_xmma_gemm_i8f32_i8i32_f32_tn_n_tilesize32x64x64_stage6_warpsize2x2x1_tensor16x8x32_by_fusion_tactic,1x1x1024;1x1024x2048,1x1x2048,/q_proj_1/MatMul;/q_proj_1/MatMul__a_dequant;/q_proj_1/MatMul__a_quant;/q_proj_1/MatMul__w_dequant,ENGINE_INSPECTOR_METADATA
mixed_decode,44,L2:ATTENTION_VALUE,ATTENTION_GEMM,UNKNOWN,UNKNOWN,UNKNOWN,FP16,sm80_xmma_gemm_f16f16_f16f32_f32_nn_n_tilesize32x32x64_stage6_warpsize2x2x1_tensor16x8x16_aligna2_alignc2,16x1x128;16x128x-1;1;1,16x1x-1,/MatMul_2,ENGINE_INSPECTOR_METADATA
mixed_decode,47,L3:ATTENTION_VALUE,ATTENTION_GEMM,UNKNOWN,UNKNOWN,UNKNOWN,FP16,sm80_xmma_gemm_f16f16_f16f32_f32_nn_n_tilesize64x128x32_stage5_warpsize2x2x1_tensor16x8x16_aligna2_alignc2,16x1x-1;16x-1x128;1;1,16x1x128,/MatMul_3,ENGINE_INSPECTOR_METADATA
mixed_decode,49,L1:o_proj,LINEAR,1,1024,2048,INT8,sm80_xmma_gemm_i8f32_i8i32_f32_tn_n_tilesize32x64x64_stage6_warpsize2x2x1_tensor16x8x32_by_fusion_tactic,1x1x1024;1x1x2048;1x2048x1024,1x1x1024,/o_proj_1/MatMul;/o_proj_1/MatMul__a_dequant;/o_proj_1/MatMul__a_quant;/o_proj_1/MatMul__w_dequant;/Add_6,ENGINE_INSPECTOR_METADATA
mixed_decode,51,L1:up_proj,LINEAR,1,3072,1024,FP16,sm80_xmma_gemm_f16f16_f16f16_f16_tn_n_tilesize32x32x64_stage6_warpsize2x2x1_tensor16x8x16,1x1x1024;1x1024x3072;1;1,1x1x3072,/up_proj_1/MatMul,ENGINE_INSPECTOR_METADATA
mixed_decode,52,L1:gate_proj,LINEAR,1,3072,1024,INT8,sm80_xmma_gemm_i8i8_i8i32_f32_tn_n_tilesize32x64x64_stage6_warpsize2x2x1_tensor16x8x32_by_fusion_tactic,1x1x3072;1x1x1024;1x1024x3072,1x1x3072,/gate_proj_1/MatMul;/gate_proj_1/MatMul__a_dequant;/gate_proj_1/MatMul__a_quant;/gate_proj_1/MatMul__w_dequant;/Mul_17;/Mul_18;/Sigmoid_1,ENGINE_INSPECTOR_METADATA
mixed_decode,53,L1:down_proj,LINEAR,1,1024,3072,FP16,sm80_xmma_gemm_f16f16_f16f16_f16_nn_n_tilesize64x128x32_stage5_warpsize2x2x1_tensor16x8x16_by_fusion_tactic,1x1x1024;1x1x3072;1x3072x1024,1x1x1024,/down_proj_1/MatMul;/Add_7,ENGINE_INSPECTOR_METADATA
mixed_decode,55,L2:v_proj,LINEAR,1,4096,1024,FP16,sm80_xmma_gemm_f16f16_f16f16_f16_tn_n_tilesize32x32x64_stage6_warpsize2x2x1_tensor16x8x16,1x1x1024;1x1024x4096;1;1,1x1x4096,/v_proj_2/MatMul;/k_proj_2/MatMul;/q_proj_2/MatMul,ENGINE_INSPECTOR_METADATA
mixed_decode,67,L4:ATTENTION_VALUE,ATTENTION_GEMM,UNKNOWN,UNKNOWN,UNKNOWN,FP16,sm80_xmma_gemm_f16f16_f16f32_f32_nn_n_tilesize32x32x64_stage6_warpsize2x2x1_tensor16x8x16_aligna2_alignc2,16x1x128;16x128x-1;1;1,16x1x-1,/MatMul_4,ENGINE_INSPECTOR_METADATA
mixed_decode,70,L5:ATTENTION_VALUE,ATTENTION_GEMM,UNKNOWN,UNKNOWN,UNKNOWN,FP16,sm80_xmma_gemm_f16f16_f16f32_f32_nn_n_tilesize64x128x32_stage5_warpsize2x2x1_tensor16x8x16_aligna2_alignc2,16x1x-1;16x-1x128;1;1,16x1x128,/MatMul_5,ENGINE_INSPECTOR_METADATA
mixed_decode,72,L2:o_proj,LINEAR,1,1024,2048,INT8,sm80_xmma_gemm_i8f32_i8i32_f32_tn_n_tilesize32x64x64_stage6_warpsize2x2x1_tensor16x8x32_by_fusion_tactic,1x1x1024;1x1x2048;1x2048x1024,1x1x1024,/o_proj_2/MatMul;/o_proj_2/MatMul__a_dequant;/o_proj_2/MatMul__a_quant;/o_proj_2/MatMul__w_dequant;/Add_10,ENGINE_INSPECTOR_METADATA
mixed_decode,74,L2:up_proj,LINEAR,1,3072,1024,FP16,sm80_xmma_gemm_f16f16_f16f16_f16_tn_n_tilesize32x32x64_stage6_warpsize2x2x1_tensor16x8x16,1x1x1024;1x1024x3072;1;1,1x1x3072,/up_proj_2/MatMul,ENGINE_INSPECTOR_METADATA
mixed_decode,75,L2:gate_proj,LINEAR,1,3072,1024,INT8,sm80_xmma_gemm_i8i8_i8i32_f32_tn_n_tilesize32x64x64_stage6_warpsize2x2x1_tensor16x8x32_by_fusion_tactic,1x1x3072;1x1x1024;1x1024x3072,1x1x3072,/gate_proj_2/MatMul;/gate_proj_2/MatMul__a_dequant;/gate_proj_2/MatMul__a_quant;/gate_proj_2/MatMul__w_dequant;/Mul_26;/Mul_27;/Sigmoid_2,ENGINE_INSPECTOR_METADATA
mixed_decode,76,L2:down_proj,LINEAR,1,1024,3072,FP16,sm80_xmma_gemm_f16f16_f16f16_f16_nn_n_tilesize64x128x32_stage5_warpsize2x2x1_tensor16x8x16_by_fusion_tactic,1x1x1024;1x1x3072;1x3072x1024,1x1x1024,/down_proj_2/MatMul;/Add_11,ENGINE_INSPECTOR_METADATA
mixed_decode,80,L3:v_proj,LINEAR,1,1024,1024,INT8,sm80_xmma_gemm_i8f32_i8i32_f32_tn_n_tilesize32x64x64_stage6_warpsize2x2x1_tensor16x8x32_by_fusion_tactic,1x1x1024;1x1024x1024,1x1x1024,/v_proj_3/MatMul;/v_proj_3/MatMul__a_dequant;/v_proj_3/MatMul__a_quant;/v_proj_3/MatMul__w_dequant,ENGINE_INSPECTOR_METADATA
mixed_decode,84,L3:k_proj,LINEAR,1,1024,1024,INT8,sm80_xmma_gemm_i8f32_i8i32_f32_tn_n_tilesize32x64x64_stage6_warpsize2x2x1_tensor16x8x32_by_fusion_tactic,1x1x1024;1x1024x1024,1x1x1024,/k_proj_3/MatMul;/k_proj_3/MatMul__a_dequant;/k_proj_3/MatMul__a_quant;/k_proj_3/MatMul__w_dequant,ENGINE_INSPECTOR_METADATA
mixed_decode,88,L3:q_proj,LINEAR,1,2048,1024,INT8,sm80_xmma_gemm_i8f32_i8i32_f32_tn_n_tilesize32x64x64_stage6_warpsize2x2x1_tensor16x8x32_by_fusion_tactic,1x1x1024;1x1024x2048,1x1x2048,/q_proj_3/MatMul;/q_proj_3/MatMul__a_dequant;/q_proj_3/MatMul__a_quant;/q_proj_3/MatMul__w_dequant,ENGINE_INSPECTOR_METADATA
mixed_decode,92,L6:ATTENTION_VALUE,ATTENTION_GEMM,UNKNOWN,UNKNOWN,UNKNOWN,FP16,sm80_xmma_gemm_f16f16_f16f32_f32_nn_n_tilesize32x32x64_stage6_warpsize2x2x1_tensor16x8x16_aligna2_alignc2,16x1x128;16x128x-1;1;1,16x1x-1,/MatMul_6,ENGINE_INSPECTOR_METADATA
mixed_decode,95,L7:ATTENTION_VALUE,ATTENTION_GEMM,UNKNOWN,UNKNOWN,UNKNOWN,FP16,sm80_xmma_gemm_f16f16_f16f32_f32_nn_n_tilesize64x128x32_stage5_warpsize2x2x1_tensor16x8x16_aligna2_alignc2,16x1x-1;16x-1x128;1;1,16x1x128,/MatMul_7,ENGINE_INSPECTOR_METADATA
mixed_decode,97,L3:o_proj,LINEAR,1,1024,2048,INT8,sm80_xmma_gemm_i8f32_i8i32_f32_tn_n_tilesize32x64x64_stage6_warpsize2x2x1_tensor16x8x32_by_fusion_tactic,1x1x1024;1x1x2048;1x2048x1024,1x1x1024,/o_proj_3/MatMul;/o_proj_3/MatMul__a_dequant;/o_proj_3/MatMul__a_quant;/o_proj_3/MatMul__w_dequant;/Add_14,ENGINE_INSPECTOR_METADATA
mixed_decode,99,L3:up_proj,LINEAR,1,3072,1024,FP16,sm80_xmma_gemm_f16f16_f16f16_f16_tn_n_tilesize32x32x64_stage6_warpsize2x2x1_tensor16x8x16,1x1x1024;1x1024x3072;1;1,1x1x3072,/up_proj_3/MatMul,ENGINE_INSPECTOR_METADATA
mixed_decode,100,L3:gate_proj,LINEAR,1,3072,1024,INT8,sm80_xmma_gemm_i8i8_i8i32_f32_tn_n_tilesize32x64x64_stage6_warpsize2x2x1_tensor16x8x32_by_fusion_tactic,1x1x3072;1x1x1024;1x1024x3072,1x1x3072,/gate_proj_3/MatMul;/gate_proj_3/MatMul__a_dequant;/gate_proj_3/MatMul__a_quant;/gate_proj_3/MatMul__w_dequant;/Mul_35;/Mul_36;/Sigmoid_3,ENGINE_INSPECTOR_METADATA
mixed_decode,101,L3:down_proj,LINEAR,1,1024,3072,FP16,sm80_xmma_gemm_f16f16_f16f16_f16_nn_n_tilesize64x128x32_stage5_warpsize2x2x1_tensor16x8x16_by_fusion_tactic,1x1x1024;1x1x3072;1x3072x1024,1x1x1024,/down_proj_3/MatMul;/Add_15,ENGINE_INSPECTOR_METADATA
mixed_decode,105,L4:v_proj,LINEAR,1,1024,1024,INT8,sm80_xmma_gemm_i8f32_i8i32_f32_tn_n_tilesize32x64x64_stage6_warpsize2x2x1_tensor16x8x32_by_fusion_tactic,1x1x1024;1x1024x1024,1x1x1024,/v_proj_4/MatMul;/v_proj_4/MatMul__a_dequant;/v_proj_4/MatMul__a_quant;/v_proj_4/MatMul__w_dequant,ENGINE_INSPECTOR_METADATA
mixed_decode,109,L4:k_proj,LINEAR,1,1024,1024,INT8,sm80_xmma_gemm_i8f32_i8i32_f32_tn_n_tilesize32x64x64_stage6_warpsize2x2x1_tensor16x8x32_by_fusion_tactic,1x1x1024;1x1024x1024,1x1x1024,/k_proj_4/MatMul;/k_proj_4/MatMul__a_dequant;/k_proj_4/MatMul__a_quant;/k_proj_4/MatMul__w_dequant,ENGINE_INSPECTOR_METADATA
mixed_decode,113,L4:q_proj,LINEAR,1,2048,1024,INT8,sm80_xmma_gemm_i8f32_i8i32_f32_tn_n_tilesize32x64x64_stage6_warpsize2x2x1_tensor16x8x32_by_fusion_tactic,1x1x1024;1x1024x2048,1x1x2048,/q_proj_4/MatMul;/q_proj_4/MatMul__a_dequant;/q_proj_4/MatMul__a_quant;/q_proj_4/MatMul__w_dequant,ENGINE_INSPECTOR_METADATA
mixed_decode,117,L8:ATTENTION_VALUE,ATTENTION_GEMM,UNKNOWN,UNKNOWN,UNKNOWN,FP16,sm80_xmma_gemm_f16f16_f16f32_f32_nn_n_tilesize32x32x64_stage6_warpsize2x2x1_tensor16x8x16_aligna2_alignc2,16x1x128;16x128x-1;1;1,16x1x-1,/MatMul_8,ENGINE_INSPECTOR_METADATA
mixed_decode,120,L9:ATTENTION_VALUE,ATTENTION_GEMM,UNKNOWN,UNKNOWN,UNKNOWN,FP16,sm80_xmma_gemm_f16f16_f16f32_f32_nn_n_tilesize64x128x32_stage5_warpsize2x2x1_tensor16x8x16_aligna2_alignc2,16x1x-1;16x-1x128;1;1,16x1x128,/MatMul_9,ENGINE_INSPECTOR_METADATA
mixed_decode,122,L4:o_proj,LINEAR,1,1024,2048,INT8,sm80_xmma_gemm_i8f32_i8i32_f32_tn_n_tilesize32x64x64_stage6_warpsize2x2x1_tensor16x8x32_by_fusion_tactic,1x1x1024;1x1x2048;1x2048x1024,1x1x1024,/o_proj_4/MatMul;/o_proj_4/MatMul__a_dequant;/o_proj_4/MatMul__a_quant;/o_proj_4/MatMul__w_dequant;/Add_18,ENGINE_INSPECTOR_METADATA
mixed_decode,124,L4:up_proj,LINEAR,1,3072,1024,FP16,sm80_xmma_gemm_f16f16_f16f16_f16_tn_n_tilesize32x32x64_stage6_warpsize2x2x1_tensor16x8x16,1x1x1024;1x1024x3072;1;1,1x1x3072,/up_proj_4/MatMul,ENGINE_INSPECTOR_METADATA
mixed_decode,125,L4:gate_proj,LINEAR,1,3072,1024,INT8,sm80_xmma_gemm_i8i8_i8i32_f32_tn_n_tilesize32x64x64_stage6_warpsize2x2x1_tensor16x8x32_by_fusion_tactic,1x1x3072;1x1x1024;1x1024x3072,1x1x3072,/gate_proj_4/MatMul;/gate_proj_4/MatMul__a_dequant;/gate_proj_4/MatMul__a_quant;/gate_proj_4/MatMul__w_dequant;/Mul_44;/Mul_45;/Sigmoid_4,ENGINE_INSPECTOR_METADATA
mixed_decode,126,L4:down_proj,LINEAR,1,1024,3072,FP16,sm80_xmma_gemm_f16f16_f16f16_f16_nn_n_tilesize64x128x32_stage5_warpsize2x2x1_tensor16x8x16_by_fusion_tactic,1x1x1024;1x1x3072;1x3072x1024,1x1x1024,/down_proj_4/MatMul;/Add_19,ENGINE_INSPECTOR_METADATA
mixed_decode,130,L5:v_proj,LINEAR,1,1024,1024,INT8,sm80_xmma_gemm_i8f32_i8i32_f32_tn_n_tilesize32x64x64_stage6_warpsize2x2x1_tensor16x8x32_by_fusion_tactic,1x1x1024;1x1024x1024,1x1x1024,/v_proj_5/MatMul;/v_proj_5/MatMul__a_dequant;/v_proj_5/MatMul__a_quant;/v_proj_5/MatMul__w_dequant,ENGINE_INSPECTOR_METADATA
mixed_decode,134,L5:k_proj,LINEAR,1,1024,1024,INT8,sm80_xmma_gemm_i8f32_i8i32_f32_tn_n_tilesize32x64x64_stage6_warpsize2x2x1_tensor16x8x32_by_fusion_tactic,1x1x1024;1x1024x1024,1x1x1024,/k_proj_5/MatMul;/k_proj_5/MatMul__a_dequant;/k_proj_5/MatMul__a_quant;/k_proj_5/MatMul__w_dequant,ENGINE_INSPECTOR_METADATA
mixed_decode,138,L5:q_proj,LINEAR,1,2048,1024,INT8,sm80_xmma_gemm_i8f32_i8i32_f32_tn_n_tilesize32x64x64_stage6_warpsize2x2x1_tensor16x8x32_by_fusion_tactic,1x1x1024;1x1024x2048,1x1x2048,/q_proj_5/MatMul;/q_proj_5/MatMul__a_dequant;/q_proj_5/MatMul__a_quant;/q_proj_5/MatMul__w_dequant,ENGINE_INSPECTOR_METADATA
mixed_decode,142,L10:ATTENTION_VALUE,ATTENTION_GEMM,UNKNOWN,UNKNOWN,UNKNOWN,FP16,sm80_xmma_gemm_f16f16_f16f32_f32_nn_n_tilesize32x32x64_stage6_warpsize2x2x1_tensor16x8x16_aligna2_alignc2,16x1x128;16x128x-1;1;1,16x1x-1,/MatMul_10,ENGINE_INSPECTOR_METADATA
mixed_decode,145,L11:ATTENTION_VALUE,ATTENTION_GEMM,UNKNOWN,UNKNOWN,UNKNOWN,FP16,sm80_xmma_gemm_f16f16_f16f32_f32_nn_n_tilesize64x128x32_stage5_warpsize2x2x1_tensor16x8x16_aligna2_alignc2,16x1x-1;16x-1x128;1;1,16x1x128,/MatMul_11,ENGINE_INSPECTOR_METADATA
mixed_decode,147,L5:o_proj,LINEAR,1,1024,2048,INT8,sm80_xmma_gemm_i8f32_i8i32_f32_tn_n_tilesize32x64x64_stage6_warpsize2x2x1_tensor16x8x32_by_fusion_tactic,1x1x1024;1x1x2048;1x2048x1024,1x1x1024,/o_proj_5/MatMul;/o_proj_5/MatMul__a_dequant;/o_proj_5/MatMul__a_quant;/o_proj_5/MatMul__w_dequant;/Add_22,ENGINE_INSPECTOR_METADATA
mixed_decode,149,L5:up_proj,LINEAR,1,3072,1024,FP16,sm80_xmma_gemm_f16f16_f16f16_f16_tn_n_tilesize32x32x64_stage6_warpsize2x2x1_tensor16x8x16,1x1x1024;1x1024x3072;1;1,1x1x3072,/up_proj_5/MatMul,ENGINE_INSPECTOR_METADATA
mixed_decode,150,L5:gate_proj,LINEAR,1,3072,1024,INT8,sm80_xmma_gemm_i8i8_i8i32_f32_tn_n_tilesize32x64x64_stage6_warpsize2x2x1_tensor16x8x32_by_fusion_tactic,1x1x3072;1x1x1024;1x1024x3072,1x1x3072,/gate_proj_5/MatMul;/gate_proj_5/MatMul__a_dequant;/gate_proj_5/MatMul__a_quant;/gate_proj_5/MatMul__w_dequant;/Mul_53;/Mul_54;/Sigmoid_5,ENGINE_INSPECTOR_METADATA
mixed_decode,151,L5:down_proj,LINEAR,1,1024,3072,FP16,sm80_xmma_gemm_f16f16_f16f16_f16_nn_n_tilesize64x128x32_stage5_warpsize2x2x1_tensor16x8x16_by_fusion_tactic,1x1x1024;1x1x3072;1x3072x1024,1x1x1024,/down_proj_5/MatMul;/Add_23,ENGINE_INSPECTOR_METADATA
mixed_decode,155,L6:v_proj,LINEAR,1,1024,1024,INT8,sm80_xmma_gemm_i8f32_i8i32_f32_tn_n_tilesize32x64x64_stage6_warpsize2x2x1_tensor16x8x32_by_fusion_tactic,1x1x1024;1x1024x1024,1x1x1024,/v_proj_6/MatMul;/v_proj_6/MatMul__a_dequant;/v_proj_6/MatMul__a_quant;/v_proj_6/MatMul__w_dequant,ENGINE_INSPECTOR_METADATA
mixed_decode,159,L6:k_proj,LINEAR,1,1024,1024,INT8,sm80_xmma_gemm_i8f32_i8i32_f32_tn_n_tilesize32x64x64_stage6_warpsize2x2x1_tensor16x8x32_by_fusion_tactic,1x1x1024;1x1024x1024,1x1x1024,/k_proj_6/MatMul;/k_proj_6/MatMul__a_dequant;/k_proj_6/MatMul__a_quant;/k_proj_6/MatMul__w_dequant,ENGINE_INSPECTOR_METADATA
mixed_decode,163,L6:q_proj,LINEAR,1,2048,1024,INT8,sm80_xmma_gemm_i8f32_i8i32_f32_tn_n_tilesize32x64x64_stage6_warpsize2x2x1_tensor16x8x32_by_fusion_tactic,1x1x1024;1x1024x2048,1x1x2048,/q_proj_6/MatMul;/q_proj_6/MatMul__a_dequant;/q_proj_6/MatMul__a_quant;/q_proj_6/MatMul__w_dequant,ENGINE_INSPECTOR_METADATA
mixed_decode,167,L12:ATTENTION_VALUE,ATTENTION_GEMM,UNKNOWN,UNKNOWN,UNKNOWN,FP16,sm80_xmma_gemm_f16f16_f16f32_f32_nn_n_tilesize32x32x64_stage6_warpsize2x2x1_tensor16x8x16_aligna2_alignc2,16x1x128;16x128x-1;1;1,16x1x-1,/MatMul_12,ENGINE_INSPECTOR_METADATA
mixed_decode,170,L13:ATTENTION_VALUE,ATTENTION_GEMM,UNKNOWN,UNKNOWN,UNKNOWN,FP16,sm80_xmma_gemm_f16f16_f16f32_f32_nn_n_tilesize64x128x32_stage5_warpsize2x2x1_tensor16x8x16_aligna2_alignc2,16x1x-1;16x-1x128;1;1,16x1x128,/MatMul_13,ENGINE_INSPECTOR_METADATA
mixed_decode,172,L6:o_proj,LINEAR,1,1024,2048,INT8,sm80_xmma_gemm_i8f32_i8i32_f32_tn_n_tilesize32x64x64_stage6_warpsize2x2x1_tensor16x8x32_by_fusion_tactic,1x1x1024;1x1x2048;1x2048x1024,1x1x1024,/o_proj_6/MatMul;/o_proj_6/MatMul__a_dequant;/o_proj_6/MatMul__a_quant;/o_proj_6/MatMul__w_dequant;/Add_26,ENGINE_INSPECTOR_METADATA
mixed_decode,174,L6:up_proj,LINEAR,1,3072,1024,FP16,sm80_xmma_gemm_f16f16_f16f16_f16_tn_n_tilesize32x32x64_stage6_warpsize2x2x1_tensor16x8x16,1x1x1024;1x1024x3072;1;1,1x1x3072,/up_proj_6/MatMul,ENGINE_INSPECTOR_METADATA
mixed_decode,175,L6:gate_proj,LINEAR,1,3072,1024,INT8,sm80_xmma_gemm_i8i8_i8i32_f32_tn_n_tilesize32x64x64_stage6_warpsize2x2x1_tensor16x8x32_by_fusion_tactic,1x1x3072;1x1x1024;1x1024x3072,1x1x3072,/gate_proj_6/MatMul;/gate_proj_6/MatMul__a_dequant;/gate_proj_6/MatMul__a_quant;/gate_proj_6/MatMul__w_dequant;/Mul_62;/Mul_63;/Sigmoid_6,ENGINE_INSPECTOR_METADATA
mixed_decode,176,L6:down_proj,LINEAR,1,1024,3072,FP16,sm80_xmma_gemm_f16f16_f16f16_f16_nn_n_tilesize64x128x32_stage5_warpsize2x2x1_tensor16x8x16_by_fusion_tactic,1x1x1024;1x1x3072;1x3072x1024,1x1x1024,/down_proj_6/MatMul;/Add_27,ENGINE_INSPECTOR_METADATA
mixed_decode,180,L7:v_proj,LINEAR,1,1024,1024,INT8,sm80_xmma_gemm_i8f32_i8i32_f32_tn_n_tilesize32x64x64_stage6_warpsize2x2x1_tensor16x8x32_by_fusion_tactic,1x1x1024;1x1024x1024,1x1x1024,/v_proj_7/MatMul;/v_proj_7/MatMul__a_dequant;/v_proj_7/MatMul__a_quant;/v_proj_7/MatMul__w_dequant,ENGINE_INSPECTOR_METADATA
mixed_decode,184,L7:k_proj,LINEAR,1,1024,1024,INT8,sm80_xmma_gemm_i8f32_i8i32_f32_tn_n_tilesize32x64x64_stage6_warpsize2x2x1_tensor16x8x32_by_fusion_tactic,1x1x1024;1x1024x1024,1x1x1024,/k_proj_7/MatMul;/k_proj_7/MatMul__a_dequant;/k_proj_7/MatMul__a_quant;/k_proj_7/MatMul__w_dequant,ENGINE_INSPECTOR_METADATA
mixed_decode,188,L7:q_proj,LINEAR,1,2048,1024,INT8,sm80_xmma_gemm_i8f32_i8i32_f32_tn_n_tilesize32x64x64_stage6_warpsize2x2x1_tensor16x8x32_by_fusion_tactic,1x1x1024;1x1024x2048,1x1x2048,/q_proj_7/MatMul;/q_proj_7/MatMul__a_dequant;/q_proj_7/MatMul__a_quant;/q_proj_7/MatMul__w_dequant,ENGINE_INSPECTOR_METADATA
mixed_decode,192,L14:ATTENTION_VALUE,ATTENTION_GEMM,UNKNOWN,UNKNOWN,UNKNOWN,FP16,sm80_xmma_gemm_f16f16_f16f32_f32_nn_n_tilesize32x32x64_stage6_warpsize2x2x1_tensor16x8x16_aligna2_alignc2,16x1x128;16x128x-1;1;1,16x1x-1,/MatMul_14,ENGINE_INSPECTOR_METADATA
mixed_decode,195,L15:ATTENTION_VALUE,ATTENTION_GEMM,UNKNOWN,UNKNOWN,UNKNOWN,FP16,sm80_xmma_gemm_f16f16_f16f32_f32_nn_n_tilesize64x128x32_stage5_warpsize2x2x1_tensor16x8x16_aligna2_alignc2,16x1x-1;16x-1x128;1;1,16x1x128,/MatMul_15,ENGINE_INSPECTOR_METADATA
mixed_decode,197,L7:o_proj,LINEAR,1,1024,2048,INT8,sm80_xmma_gemm_i8f32_i8i32_f32_tn_n_tilesize32x64x64_stage6_warpsize2x2x1_tensor16x8x32_by_fusion_tactic,1x1x1024;1x1x2048;1x2048x1024,1x1x1024,/o_proj_7/MatMul;/o_proj_7/MatMul__a_dequant;/o_proj_7/MatMul__a_quant;/o_proj_7/MatMul__w_dequant;/Add_30,ENGINE_INSPECTOR_METADATA
mixed_decode,199,L7:up_proj,LINEAR,1,3072,1024,FP16,sm80_xmma_gemm_f16f16_f16f16_f16_tn_n_tilesize32x32x64_stage6_warpsize2x2x1_tensor16x8x16,1x1x1024;1x1024x3072;1;1,1x1x3072,/up_proj_7/MatMul,ENGINE_INSPECTOR_METADATA
mixed_decode,200,L7:gate_proj,LINEAR,1,3072,1024,INT8,sm80_xmma_gemm_i8i8_i8i32_f32_tn_n_tilesize32x64x64_stage6_warpsize2x2x1_tensor16x8x32_by_fusion_tactic,1x1x3072;1x1x1024;1x1024x3072,1x1x3072,/gate_proj_7/MatMul;/gate_proj_7/MatMul__a_dequant;/gate_proj_7/MatMul__a_quant;/gate_proj_7/MatMul__w_dequant;/Mul_71;/Mul_72;/Sigmoid_7,ENGINE_INSPECTOR_METADATA
mixed_decode,201,L7:down_proj,LINEAR,1,1024,3072,FP16,sm80_xmma_gemm_f16f16_f16f16_f16_nn_n_tilesize64x128x32_stage5_warpsize2x2x1_tensor16x8x16_by_fusion_tactic,1x1x1024;1x1x3072;1x3072x1024,1x1x1024,/down_proj_7/MatMul;/Add_31,ENGINE_INSPECTOR_METADATA
mixed_decode,205,L8:v_proj,LINEAR,1,1024,1024,INT8,sm80_xmma_gemm_i8f32_i8i32_f32_tn_n_tilesize32x64x64_stage6_warpsize2x2x1_tensor16x8x32_by_fusion_tactic,1x1x1024;1x1024x1024,1x1x1024,/v_proj_8/MatMul;/v_proj_8/MatMul__a_dequant;/v_proj_8/MatMul__a_quant;/v_proj_8/MatMul__w_dequant,ENGINE_INSPECTOR_METADATA
mixed_decode,209,L8:k_proj,LINEAR,1,1024,1024,INT8,sm80_xmma_gemm_i8f32_i8i32_f32_tn_n_tilesize32x64x64_stage6_warpsize2x2x1_tensor16x8x32_by_fusion_tactic,1x1x1024;1x1024x1024,1x1x1024,/k_proj_8/MatMul;/k_proj_8/MatMul__a_dequant;/k_proj_8/MatMul__a_quant;/k_proj_8/MatMul__w_dequant,ENGINE_INSPECTOR_METADATA
mixed_decode,213,L8:q_proj,LINEAR,1,2048,1024,INT8,sm80_xmma_gemm_i8f32_i8i32_f32_tn_n_tilesize32x64x64_stage6_warpsize2x2x1_tensor16x8x32_by_fusion_tactic,1x1x1024;1x1024x2048,1x1x2048,/q_proj_8/MatMul;/q_proj_8/MatMul__a_dequant;/q_proj_8/MatMul__a_quant;/q_proj_8/MatMul__w_dequant,ENGINE_INSPECTOR_METADATA
mixed_decode,217,L16:ATTENTION_VALUE,ATTENTION_GEMM,UNKNOWN,UNKNOWN,UNKNOWN,FP16,sm80_xmma_gemm_f16f16_f16f32_f32_nn_n_tilesize32x32x64_stage6_warpsize2x2x1_tensor16x8x16_aligna2_alignc2,16x1x128;16x128x-1;1;1,16x1x-1,/MatMul_16,ENGINE_INSPECTOR_METADATA
mixed_decode,220,L17:ATTENTION_VALUE,ATTENTION_GEMM,UNKNOWN,UNKNOWN,UNKNOWN,FP16,sm80_xmma_gemm_f16f16_f16f32_f32_nn_n_tilesize64x128x32_stage5_warpsize2x2x1_tensor16x8x16_aligna2_alignc2,16x1x-1;16x-1x128;1;1,16x1x128,/MatMul_17,ENGINE_INSPECTOR_METADATA
mixed_decode,221,L8:o_proj,LINEAR,1,1024,2048,FP16,sm80_xmma_gemm_f16f16_f16f16_f16_tn_n_tilesize32x32x64_stage6_warpsize2x2x1_tensor16x8x16_by_fusion_tactic,1x1x1024;1x1x2048;1x2048x1024,1x1x1024,/o_proj_8/MatMul;/Add_34,ENGINE_INSPECTOR_METADATA
mixed_decode,223,L8:up_proj,LINEAR,1,3072,1024,FP16,sm80_xmma_gemm_f16f16_f16f32_f32_tn_n_tilesize32x32x64_stage6_warpsize2x2x1_tensor16x8x16,1x1x1024;1x1024x3072;1;1,1x1x3072,/up_proj_8/MatMul,ENGINE_INSPECTOR_METADATA
mixed_decode,224,L8:gate_proj,LINEAR,1,3072,1024,INT8,sm80_xmma_gemm_i8i8_i8i32_f32_tn_n_tilesize32x64x64_stage6_warpsize2x2x1_tensor16x8x32_by_fusion_tactic,1x1x3072;1x1x1024;1x1024x3072,1x1x3072,/gate_proj_8/MatMul;/gate_proj_8/MatMul__a_dequant;/gate_proj_8/MatMul__a_quant;/gate_proj_8/MatMul__w_dequant;/Mul_80;/Mul_81;/Sigmoid_8,ENGINE_INSPECTOR_METADATA
mixed_decode,225,L8:down_proj,LINEAR,1,1024,3072,FP16,sm80_xmma_gemm_f16f16_f16f16_f16_nn_n_tilesize64x128x32_stage5_warpsize2x2x1_tensor16x8x16_by_fusion_tactic,1x1x1024;1x1x3072;1x3072x1024,1x1x1024,/down_proj_8/MatMul;/Add_35,ENGINE_INSPECTOR_METADATA
mixed_decode,229,L9:v_proj,LINEAR,1,1024,1024,INT8,sm80_xmma_gemm_i8f32_i8i32_f32_tn_n_tilesize32x64x64_stage6_warpsize2x2x1_tensor16x8x32_by_fusion_tactic,1x1x1024;1x1024x1024,1x1x1024,/v_proj_9/MatMul;/v_proj_9/MatMul__a_dequant;/v_proj_9/MatMul__a_quant;/v_proj_9/MatMul__w_dequant,ENGINE_INSPECTOR_METADATA
mixed_decode,233,L9:k_proj,LINEAR,1,1024,1024,INT8,sm80_xmma_gemm_i8f32_i8i32_f32_tn_n_tilesize32x64x64_stage6_warpsize2x2x1_tensor16x8x32_by_fusion_tactic,1x1x1024;1x1024x1024,1x1x1024,/k_proj_9/MatMul;/k_proj_9/MatMul__a_dequant;/k_proj_9/MatMul__a_quant;/k_proj_9/MatMul__w_dequant,ENGINE_INSPECTOR_METADATA
mixed_decode,237,L9:q_proj,LINEAR,1,2048,1024,INT8,sm80_xmma_gemm_i8f32_i8i32_f32_tn_n_tilesize32x64x64_stage6_warpsize2x2x1_tensor16x8x32_by_fusion_tactic,1x1x1024;1x1024x2048,1x1x2048,/q_proj_9/MatMul;/q_proj_9/MatMul__a_dequant;/q_proj_9/MatMul__a_quant;/q_proj_9/MatMul__w_dequant,ENGINE_INSPECTOR_METADATA
mixed_decode,241,L18:ATTENTION_VALUE,ATTENTION_GEMM,UNKNOWN,UNKNOWN,UNKNOWN,FP16,sm80_xmma_gemm_f16f16_f16f32_f32_nn_n_tilesize32x32x64_stage6_warpsize2x2x1_tensor16x8x16_aligna2_alignc2,16x1x128;16x128x-1;1;1,16x1x-1,/MatMul_18,ENGINE_INSPECTOR_METADATA
mixed_decode,244,L19:ATTENTION_VALUE,ATTENTION_GEMM,UNKNOWN,UNKNOWN,UNKNOWN,FP16,sm80_xmma_gemm_f16f16_f16f32_f32_nn_n_tilesize64x128x32_stage5_warpsize2x2x1_tensor16x8x16_aligna2_alignc2,16x1x-1;16x-1x128;1;1,16x1x128,/MatMul_19,ENGINE_INSPECTOR_METADATA
mixed_decode,246,L9:o_proj,LINEAR,1,1024,2048,INT8,sm80_xmma_gemm_i8f32_i8i32_f32_tn_n_tilesize32x64x64_stage6_warpsize2x2x1_tensor16x8x32_by_fusion_tactic,1x1x1024;1x1x2048;1x2048x1024,1x1x1024,/o_proj_9/MatMul;/o_proj_9/MatMul__a_dequant;/o_proj_9/MatMul__a_quant;/o_proj_9/MatMul__w_dequant;/Add_38,ENGINE_INSPECTOR_METADATA
mixed_decode,248,L9:up_proj,LINEAR,1,3072,1024,FP16,sm80_xmma_gemm_f16f16_f16f16_f16_tn_n_tilesize32x32x64_stage6_warpsize2x2x1_tensor16x8x16,1x1x1024;1x1024x3072;1;1,1x1x3072,/up_proj_9/MatMul,ENGINE_INSPECTOR_METADATA
mixed_decode,249,L9:gate_proj,LINEAR,1,3072,1024,INT8,sm80_xmma_gemm_i8i8_i8i32_f32_tn_n_tilesize32x64x64_stage6_warpsize2x2x1_tensor16x8x32_by_fusion_tactic,1x1x3072;1x1x1024;1x1024x3072,1x1x3072,/gate_proj_9/MatMul;/gate_proj_9/MatMul__a_dequant;/gate_proj_9/MatMul__a_quant;/gate_proj_9/MatMul__w_dequant;/Mul_89;/Mul_90;/Sigmoid_9,ENGINE_INSPECTOR_METADATA
mixed_decode,250,L9:down_proj,LINEAR,1,1024,3072,FP16,sm80_xmma_gemm_f16f16_f16f16_f16_nn_n_tilesize64x128x32_stage5_warpsize2x2x1_tensor16x8x16_by_fusion_tactic,1x1x1024;1x1x3072;1x3072x1024,1x1x1024,/down_proj_9/MatMul;/Add_39,ENGINE_INSPECTOR_METADATA
mixed_decode,254,L10:v_proj,LINEAR,1,1024,1024,INT8,sm80_xmma_gemm_i8f32_i8i32_f32_tn_n_tilesize32x64x64_stage6_warpsize2x2x1_tensor16x8x32_by_fusion_tactic,1x1x1024;1x1024x1024,1x1x1024,/v_proj_10/MatMul;/v_proj_10/MatMul__a_dequant;/v_proj_10/MatMul__a_quant;/v_proj_10/MatMul__w_dequant,ENGINE_INSPECTOR_METADATA
mixed_decode,258,L10:k_proj,LINEAR,1,1024,1024,INT8,sm80_xmma_gemm_i8f32_i8i32_f32_tn_n_tilesize32x64x64_stage6_warpsize2x2x1_tensor16x8x32_by_fusion_tactic,1x1x1024;1x1024x1024,1x1x1024,/k_proj_10/MatMul;/k_proj_10/MatMul__a_dequant;/k_proj_10/MatMul__a_quant;/k_proj_10/MatMul__w_dequant,ENGINE_INSPECTOR_METADATA
mixed_decode,262,L10:q_proj,LINEAR,1,2048,1024,INT8,sm80_xmma_gemm_i8f32_i8i32_f32_tn_n_tilesize32x64x64_stage6_warpsize2x2x1_tensor16x8x32_by_fusion_tactic,1x1x1024;1x1024x2048,1x1x2048,/q_proj_10/MatMul;/q_proj_10/MatMul__a_dequant;/q_proj_10/MatMul__a_quant;/q_proj_10/MatMul__w_dequant,ENGINE_INSPECTOR_METADATA
mixed_decode,266,L20:ATTENTION_VALUE,ATTENTION_GEMM,UNKNOWN,UNKNOWN,UNKNOWN,FP16,sm80_xmma_gemm_f16f16_f16f32_f32_nn_n_tilesize32x32x64_stage6_warpsize2x2x1_tensor16x8x16_aligna2_alignc2,16x1x128;16x128x-1;1;1,16x1x-1,/MatMul_20,ENGINE_INSPECTOR_METADATA
mixed_decode,269,L21:ATTENTION_VALUE,ATTENTION_GEMM,UNKNOWN,UNKNOWN,UNKNOWN,FP16,sm80_xmma_gemm_f16f16_f16f32_f32_nn_n_tilesize64x128x32_stage5_warpsize2x2x1_tensor16x8x16_aligna2_alignc2,16x1x-1;16x-1x128;1;1,16x1x128,/MatMul_21,ENGINE_INSPECTOR_METADATA
mixed_decode,271,L10:o_proj,LINEAR,1,1024,2048,INT8,sm80_xmma_gemm_i8f32_i8i32_f32_tn_n_tilesize32x64x64_stage6_warpsize2x2x1_tensor16x8x32_by_fusion_tactic,1x1x1024;1x1x2048;1x2048x1024,1x1x1024,/o_proj_10/MatMul;/o_proj_10/MatMul__a_dequant;/o_proj_10/MatMul__a_quant;/o_proj_10/MatMul__w_dequant;/Add_42,ENGINE_INSPECTOR_METADATA
mixed_decode,273,L10:up_proj,LINEAR,1,3072,1024,FP16,sm80_xmma_gemm_f16f16_f16f16_f16_tn_n_tilesize32x32x64_stage6_warpsize2x2x1_tensor16x8x16,1x1x1024;1x1024x3072;1;1,1x1x3072,/up_proj_10/MatMul,ENGINE_INSPECTOR_METADATA
mixed_decode,274,L10:gate_proj,LINEAR,1,3072,1024,INT8,sm80_xmma_gemm_i8i8_i8i32_f32_tn_n_tilesize32x64x64_stage6_warpsize2x2x1_tensor16x8x32_by_fusion_tactic,1x1x3072;1x1x1024;1x1024x3072,1x1x3072,/gate_proj_10/MatMul;/gate_proj_10/MatMul__a_dequant;/gate_proj_10/MatMul__a_quant;/gate_proj_10/MatMul__w_dequant;/Mul_98;/Mul_99;/Sigmoid_10,ENGINE_INSPECTOR_METADATA
mixed_decode,275,L10:down_proj,LINEAR,1,1024,3072,FP16,sm80_xmma_gemm_f16f16_f16f16_f16_nn_n_tilesize64x128x32_stage5_warpsize2x2x1_tensor16x8x16_by_fusion_tactic,1x1x1024;1x1x3072;1x3072x1024,1x1x1024,/down_proj_10/MatMul;/Add_43,ENGINE_INSPECTOR_METADATA
mixed_decode,279,L11:v_proj,LINEAR,1,1024,1024,INT8,sm80_xmma_gemm_i8f32_i8i32_f32_tn_n_tilesize32x64x64_stage6_warpsize2x2x1_tensor16x8x32_by_fusion_tactic,1x1x1024;1x1024x1024,1x1x1024,/v_proj_11/MatMul;/v_proj_11/MatMul__a_dequant;/v_proj_11/MatMul__a_quant;/v_proj_11/MatMul__w_dequant,ENGINE_INSPECTOR_METADATA
mixed_decode,283,L11:k_proj,LINEAR,1,1024,1024,INT8,sm80_xmma_gemm_i8f32_i8i32_f32_tn_n_tilesize32x64x64_stage6_warpsize2x2x1_tensor16x8x32_by_fusion_tactic,1x1x1024;1x1024x1024,1x1x1024,/k_proj_11/MatMul;/k_proj_11/MatMul__a_dequant;/k_proj_11/MatMul__a_quant;/k_proj_11/MatMul__w_dequant,ENGINE_INSPECTOR_METADATA
mixed_decode,287,L11:q_proj,LINEAR,1,2048,1024,INT8,sm80_xmma_gemm_i8f32_i8i32_f32_tn_n_tilesize32x64x64_stage6_warpsize2x2x1_tensor16x8x32_by_fusion_tactic,1x1x1024;1x1024x2048,1x1x2048,/q_proj_11/MatMul;/q_proj_11/MatMul__a_dequant;/q_proj_11/MatMul__a_quant;/q_proj_11/MatMul__w_dequant,ENGINE_INSPECTOR_METADATA
mixed_decode,291,L22:ATTENTION_VALUE,ATTENTION_GEMM,UNKNOWN,UNKNOWN,UNKNOWN,FP16,sm80_xmma_gemm_f16f16_f16f32_f32_nn_n_tilesize32x32x64_stage6_warpsize2x2x1_tensor16x8x16_aligna2_alignc2,16x1x128;16x128x-1;1;1,16x1x-1,/MatMul_22,ENGINE_INSPECTOR_METADATA
mixed_decode,294,L23:ATTENTION_VALUE,ATTENTION_GEMM,UNKNOWN,UNKNOWN,UNKNOWN,FP16,sm80_xmma_gemm_f16f16_f16f32_f32_nn_n_tilesize64x128x32_stage5_warpsize2x2x1_tensor16x8x16_aligna2_alignc2,16x1x-1;16x-1x128;1;1,16x1x128,/MatMul_23,ENGINE_INSPECTOR_METADATA
mixed_decode,296,L11:o_proj,LINEAR,1,1024,2048,INT8,sm80_xmma_gemm_i8f32_i8i32_f32_tn_n_tilesize32x64x64_stage6_warpsize2x2x1_tensor16x8x32_by_fusion_tactic,1x1x1024;1x1x2048;1x2048x1024,1x1x1024,/o_proj_11/MatMul;/o_proj_11/MatMul__a_dequant;/o_proj_11/MatMul__a_quant;/o_proj_11/MatMul__w_dequant;/Add_46,ENGINE_INSPECTOR_METADATA
mixed_decode,298,L11:up_proj,LINEAR,1,3072,1024,FP16,sm80_xmma_gemm_f16f16_f16f16_f16_tn_n_tilesize32x32x64_stage6_warpsize2x2x1_tensor16x8x16,1x1x1024;1x1024x3072;1;1,1x1x3072,/up_proj_11/MatMul,ENGINE_INSPECTOR_METADATA
mixed_decode,299,L11:gate_proj,LINEAR,1,3072,1024,INT8,sm80_xmma_gemm_i8i8_i8i32_f32_tn_n_tilesize32x64x64_stage6_warpsize2x2x1_tensor16x8x32_by_fusion_tactic,1x1x3072;1x1x1024;1x1024x3072,1x1x3072,/gate_proj_11/MatMul;/gate_proj_11/MatMul__a_dequant;/gate_proj_11/MatMul__a_quant;/gate_proj_11/MatMul__w_dequant;/Mul_107;/Mul_108;/Sigmoid_11,ENGINE_INSPECTOR_METADATA
mixed_decode,300,L11:down_proj,LINEAR,1,1024,3072,FP16,sm80_xmma_gemm_f16f16_f16f16_f16_nn_n_tilesize64x128x32_stage5_warpsize2x2x1_tensor16x8x16_by_fusion_tactic,1x1x1024;1x1x3072;1x3072x1024,1x1x1024,/down_proj_11/MatMul;/Add_47,ENGINE_INSPECTOR_METADATA
mixed_decode,304,L12:v_proj,LINEAR,1,1024,1024,INT8,sm80_xmma_gemm_i8f32_i8i32_f32_tn_n_tilesize32x64x64_stage6_warpsize2x2x1_tensor16x8x32_by_fusion_tactic,1x1x1024;1x1024x1024,1x1x1024,/v_proj_12/MatMul;/v_proj_12/MatMul__a_dequant;/v_proj_12/MatMul__a_quant;/v_proj_12/MatMul__w_dequant,ENGINE_INSPECTOR_METADATA
mixed_decode,308,L12:k_proj,LINEAR,1,1024,1024,INT8,sm80_xmma_gemm_i8f32_i8i32_f32_tn_n_tilesize32x64x64_stage6_warpsize2x2x1_tensor16x8x32_by_fusion_tactic,1x1x1024;1x1024x1024,1x1x1024,/k_proj_12/MatMul;/k_proj_12/MatMul__a_dequant;/k_proj_12/MatMul__a_quant;/k_proj_12/MatMul__w_dequant,ENGINE_INSPECTOR_METADATA
mixed_decode,312,L12:q_proj,LINEAR,1,2048,1024,INT8,sm80_xmma_gemm_i8f32_i8i32_f32_tn_n_tilesize32x64x64_stage6_warpsize2x2x1_tensor16x8x32_by_fusion_tactic,1x1x1024;1x1024x2048,1x1x2048,/q_proj_12/MatMul;/q_proj_12/MatMul__a_dequant;/q_proj_12/MatMul__a_quant;/q_proj_12/MatMul__w_dequant,ENGINE_INSPECTOR_METADATA
mixed_decode,316,L24:ATTENTION_VALUE,ATTENTION_GEMM,UNKNOWN,UNKNOWN,UNKNOWN,FP16,sm80_xmma_gemm_f16f16_f16f32_f32_nn_n_tilesize32x32x64_stage6_warpsize2x2x1_tensor16x8x16_aligna2_alignc2,16x1x128;16x128x-1;1;1,16x1x-1,/MatMul_24,ENGINE_INSPECTOR_METADATA
mixed_decode,319,L25:ATTENTION_VALUE,ATTENTION_GEMM,UNKNOWN,UNKNOWN,UNKNOWN,FP16,sm80_xmma_gemm_f16f16_f16f32_f32_nn_n_tilesize64x128x32_stage5_warpsize2x2x1_tensor16x8x16_aligna2_alignc2,16x1x-1;16x-1x128;1;1,16x1x128,/MatMul_25,ENGINE_INSPECTOR_METADATA
mixed_decode,321,L12:o_proj,LINEAR,1,1024,2048,INT8,sm80_xmma_gemm_i8f32_i8i32_f32_tn_n_tilesize32x64x64_stage6_warpsize2x2x1_tensor16x8x32_by_fusion_tactic,1x1x1024;1x1x2048;1x2048x1024,1x1x1024,/o_proj_12/MatMul;/o_proj_12/MatMul__a_dequant;/o_proj_12/MatMul__a_quant;/o_proj_12/MatMul__w_dequant;/Add_50,ENGINE_INSPECTOR_METADATA
mixed_decode,323,L12:up_proj,LINEAR,1,3072,1024,FP16,sm80_xmma_gemm_f16f16_f16f16_f16_tn_n_tilesize32x32x64_stage6_warpsize2x2x1_tensor16x8x16,1x1x1024;1x1024x3072;1;1,1x1x3072,/up_proj_12/MatMul,ENGINE_INSPECTOR_METADATA
mixed_decode,324,L12:gate_proj,LINEAR,1,3072,1024,INT8,sm80_xmma_gemm_i8i8_i8i32_f32_tn_n_tilesize32x64x64_stage6_warpsize2x2x1_tensor16x8x32_by_fusion_tactic,1x1x3072;1x1x1024;1x1024x3072,1x1x3072,/gate_proj_12/MatMul;/gate_proj_12/MatMul__a_dequant;/gate_proj_12/MatMul__a_quant;/gate_proj_12/MatMul__w_dequant;/Mul_116;/Mul_117;/Sigmoid_12,ENGINE_INSPECTOR_METADATA
mixed_decode,325,L12:down_proj,LINEAR,1,1024,3072,FP16,sm80_xmma_gemm_f16f16_f16f16_f16_nn_n_tilesize64x128x32_stage5_warpsize2x2x1_tensor16x8x16_by_fusion_tactic,1x1x1024;1x1x3072;1x3072x1024,1x1x1024,/down_proj_12/MatMul;/Add_51,ENGINE_INSPECTOR_METADATA
mixed_decode,329,L13:v_proj,LINEAR,1,1024,1024,INT8,sm80_xmma_gemm_i8f32_i8i32_f32_tn_n_tilesize32x64x64_stage6_warpsize2x2x1_tensor16x8x32_by_fusion_tactic,1x1x1024;1x1024x1024,1x1x1024,/v_proj_13/MatMul;/v_proj_13/MatMul__a_dequant;/v_proj_13/MatMul__a_quant;/v_proj_13/MatMul__w_dequant,ENGINE_INSPECTOR_METADATA
mixed_decode,333,L13:k_proj,LINEAR,1,1024,1024,INT8,sm80_xmma_gemm_i8f32_i8i32_f32_tn_n_tilesize32x64x64_stage6_warpsize2x2x1_tensor16x8x32_by_fusion_tactic,1x1x1024;1x1024x1024,1x1x1024,/k_proj_13/MatMul;/k_proj_13/MatMul__a_dequant;/k_proj_13/MatMul__a_quant;/k_proj_13/MatMul__w_dequant,ENGINE_INSPECTOR_METADATA
mixed_decode,337,L13:q_proj,LINEAR,1,2048,1024,INT8,sm80_xmma_gemm_i8f32_i8i32_f32_tn_n_tilesize32x64x64_stage6_warpsize2x2x1_tensor16x8x32_by_fusion_tactic,1x1x1024;1x1024x2048,1x1x2048,/q_proj_13/MatMul;/q_proj_13/MatMul__a_dequant;/q_proj_13/MatMul__a_quant;/q_proj_13/MatMul__w_dequant,ENGINE_INSPECTOR_METADATA
mixed_decode,341,L26:ATTENTION_VALUE,ATTENTION_GEMM,UNKNOWN,UNKNOWN,UNKNOWN,FP16,sm80_xmma_gemm_f16f16_f16f32_f32_nn_n_tilesize32x32x64_stage6_warpsize2x2x1_tensor16x8x16_aligna2_alignc2,16x1x128;16x128x-1;1;1,16x1x-1,/MatMul_26,ENGINE_INSPECTOR_METADATA
mixed_decode,344,L27:ATTENTION_VALUE,ATTENTION_GEMM,UNKNOWN,UNKNOWN,UNKNOWN,FP16,sm80_xmma_gemm_f16f16_f16f32_f32_nn_n_tilesize64x128x32_stage5_warpsize2x2x1_tensor16x8x16_aligna2_alignc2,16x1x-1;16x-1x128;1;1,16x1x128,/MatMul_27,ENGINE_INSPECTOR_METADATA
mixed_decode,346,L13:o_proj,LINEAR,1,1024,2048,INT8,sm80_xmma_gemm_i8f32_i8i32_f32_tn_n_tilesize32x64x64_stage6_warpsize2x2x1_tensor16x8x32_by_fusion_tactic,1x1x1024;1x1x2048;1x2048x1024,1x1x1024,/o_proj_13/MatMul;/o_proj_13/MatMul__a_dequant;/o_proj_13/MatMul__a_quant;/o_proj_13/MatMul__w_dequant;/Add_54,ENGINE_INSPECTOR_METADATA
mixed_decode,348,L13:up_proj,LINEAR,1,3072,1024,FP16,sm80_xmma_gemm_f16f16_f16f16_f16_tn_n_tilesize32x32x64_stage6_warpsize2x2x1_tensor16x8x16,1x1x1024;1x1024x3072;1;1,1x1x3072,/up_proj_13/MatMul,ENGINE_INSPECTOR_METADATA
mixed_decode,349,L13:gate_proj,LINEAR,1,3072,1024,INT8,sm80_xmma_gemm_i8i8_i8i32_f32_tn_n_tilesize32x64x64_stage6_warpsize2x2x1_tensor16x8x32_by_fusion_tactic,1x1x3072;1x1x1024;1x1024x3072,1x1x3072,/gate_proj_13/MatMul;/gate_proj_13/MatMul__a_dequant;/gate_proj_13/MatMul__a_quant;/gate_proj_13/MatMul__w_dequant;/Mul_125;/Mul_126;/Sigmoid_13,ENGINE_INSPECTOR_METADATA
mixed_decode,350,L13:down_proj,LINEAR,1,1024,3072,FP16,sm80_xmma_gemm_f16f16_f16f16_f16_nn_n_tilesize64x128x32_stage5_warpsize2x2x1_tensor16x8x16_by_fusion_tactic,1x1x1024;1x1x3072;1x3072x1024,1x1x1024,/down_proj_13/MatMul;/Add_55,ENGINE_INSPECTOR_METADATA
mixed_decode,354,L14:v_proj,LINEAR,1,1024,1024,INT8,sm80_xmma_gemm_i8f32_i8i32_f32_tn_n_tilesize32x64x64_stage6_warpsize2x2x1_tensor16x8x32_by_fusion_tactic,1x1x1024;1x1024x1024,1x1x1024,/v_proj_14/MatMul;/v_proj_14/MatMul__a_dequant;/v_proj_14/MatMul__a_quant;/v_proj_14/MatMul__w_dequant,ENGINE_INSPECTOR_METADATA
mixed_decode,358,L14:k_proj,LINEAR,1,1024,1024,INT8,sm80_xmma_gemm_i8f32_i8i32_f32_tn_n_tilesize32x64x64_stage6_warpsize2x2x1_tensor16x8x32_by_fusion_tactic,1x1x1024;1x1024x1024,1x1x1024,/k_proj_14/MatMul;/k_proj_14/MatMul__a_dequant;/k_proj_14/MatMul__a_quant;/k_proj_14/MatMul__w_dequant,ENGINE_INSPECTOR_METADATA
mixed_decode,362,L14:q_proj,LINEAR,1,2048,1024,INT8,sm80_xmma_gemm_i8f32_i8i32_f32_tn_n_tilesize32x64x64_stage6_warpsize2x2x1_tensor16x8x32_by_fusion_tactic,1x1x1024;1x1024x2048,1x1x2048,/q_proj_14/MatMul;/q_proj_14/MatMul__a_dequant;/q_proj_14/MatMul__a_quant;/q_proj_14/MatMul__w_dequant,ENGINE_INSPECTOR_METADATA
mixed_decode,366,L28:ATTENTION_VALUE,ATTENTION_GEMM,UNKNOWN,UNKNOWN,UNKNOWN,FP16,sm80_xmma_gemm_f16f16_f16f32_f32_nn_n_tilesize32x32x64_stage6_warpsize2x2x1_tensor16x8x16_aligna2_alignc2,16x1x128;16x128x-1;1;1,16x1x-1,/MatMul_28,ENGINE_INSPECTOR_METADATA
mixed_decode,369,L29:ATTENTION_VALUE,ATTENTION_GEMM,UNKNOWN,UNKNOWN,UNKNOWN,FP16,sm80_xmma_gemm_f16f16_f16f32_f32_nn_n_tilesize64x128x32_stage5_warpsize2x2x1_tensor16x8x16_aligna2_alignc2,16x1x-1;16x-1x128;1;1,16x1x128,/MatMul_29,ENGINE_INSPECTOR_METADATA
mixed_decode,370,L14:o_proj,LINEAR,1,1024,2048,FP16,sm80_xmma_gemm_f16f16_f16f16_f16_tn_n_tilesize32x32x64_stage6_warpsize2x2x1_tensor16x8x16_by_fusion_tactic,1x1x1024;1x1x2048;1x2048x1024,1x1x1024,/o_proj_14/MatMul;/Add_58,ENGINE_INSPECTOR_METADATA
mixed_decode,372,L14:up_proj,LINEAR,1,3072,1024,FP16,sm80_xmma_gemm_f16f16_f16f32_f32_tn_n_tilesize32x32x64_stage6_warpsize2x2x1_tensor16x8x16,1x1x1024;1x1024x3072;1;1,1x1x3072,/up_proj_14/MatMul,ENGINE_INSPECTOR_METADATA
mixed_decode,373,L14:gate_proj,LINEAR,1,3072,1024,INT8,sm80_xmma_gemm_i8i8_i8i32_f32_tn_n_tilesize32x64x64_stage6_warpsize2x2x1_tensor16x8x32_by_fusion_tactic,1x1x3072;1x1x1024;1x1024x3072,1x1x3072,/gate_proj_14/MatMul;/gate_proj_14/MatMul__a_dequant;/gate_proj_14/MatMul__a_quant;/gate_proj_14/MatMul__w_dequant;/Mul_134;/Mul_135;/Sigmoid_14,ENGINE_INSPECTOR_METADATA
mixed_decode,374,L14:down_proj,LINEAR,1,1024,3072,FP16,sm80_xmma_gemm_f16f16_f16f16_f16_nn_n_tilesize64x128x32_stage5_warpsize2x2x1_tensor16x8x16_by_fusion_tactic,1x1x1024;1x1x3072;1x3072x1024,1x1x1024,/down_proj_14/MatMul;/Add_59,ENGINE_INSPECTOR_METADATA
mixed_decode,378,L15:v_proj,LINEAR,1,1024,1024,INT8,sm80_xmma_gemm_i8f32_i8i32_f32_tn_n_tilesize32x64x64_stage6_warpsize2x2x1_tensor16x8x32_by_fusion_tactic,1x1x1024;1x1024x1024,1x1x1024,/v_proj_15/MatMul;/v_proj_15/MatMul__a_dequant;/v_proj_15/MatMul__a_quant;/v_proj_15/MatMul__w_dequant,ENGINE_INSPECTOR_METADATA
mixed_decode,382,L15:k_proj,LINEAR,1,1024,1024,INT8,sm80_xmma_gemm_i8f32_i8i32_f32_tn_n_tilesize32x64x64_stage6_warpsize2x2x1_tensor16x8x32_by_fusion_tactic,1x1x1024;1x1024x1024,1x1x1024,/k_proj_15/MatMul;/k_proj_15/MatMul__a_dequant;/k_proj_15/MatMul__a_quant;/k_proj_15/MatMul__w_dequant,ENGINE_INSPECTOR_METADATA
mixed_decode,386,L15:q_proj,LINEAR,1,2048,1024,INT8,sm80_xmma_gemm_i8f32_i8i32_f32_tn_n_tilesize32x64x64_stage6_warpsize2x2x1_tensor16x8x32_by_fusion_tactic,1x1x1024;1x1024x2048,1x1x2048,/q_proj_15/MatMul;/q_proj_15/MatMul__a_dequant;/q_proj_15/MatMul__a_quant;/q_proj_15/MatMul__w_dequant,ENGINE_INSPECTOR_METADATA
mixed_decode,390,L30:ATTENTION_VALUE,ATTENTION_GEMM,UNKNOWN,UNKNOWN,UNKNOWN,FP16,sm80_xmma_gemm_f16f16_f16f32_f32_nn_n_tilesize32x32x64_stage6_warpsize2x2x1_tensor16x8x16_aligna2_alignc2,16x1x128;16x128x-1;1;1,16x1x-1,/MatMul_30,ENGINE_INSPECTOR_METADATA
mixed_decode,393,L31:ATTENTION_VALUE,ATTENTION_GEMM,UNKNOWN,UNKNOWN,UNKNOWN,FP16,sm80_xmma_gemm_f16f16_f16f32_f32_nn_n_tilesize64x128x32_stage5_warpsize2x2x1_tensor16x8x16_aligna2_alignc2,16x1x-1;16x-1x128;1;1,16x1x128,/MatMul_31,ENGINE_INSPECTOR_METADATA
mixed_decode,395,L15:o_proj,LINEAR,1,1024,2048,INT8,sm80_xmma_gemm_i8f32_i8i32_f32_tn_n_tilesize32x64x64_stage6_warpsize2x2x1_tensor16x8x32_by_fusion_tactic,1x1x1024;1x1x2048;1x2048x1024,1x1x1024,/o_proj_15/MatMul;/o_proj_15/MatMul__a_dequant;/o_proj_15/MatMul__a_quant;/o_proj_15/MatMul__w_dequant;/Add_62,ENGINE_INSPECTOR_METADATA
mixed_decode,397,L15:up_proj,LINEAR,1,3072,1024,FP16,sm80_xmma_gemm_f16f16_f16f16_f16_tn_n_tilesize32x32x64_stage6_warpsize2x2x1_tensor16x8x16,1x1x1024;1x1024x3072;1;1,1x1x3072,/up_proj_15/MatMul,ENGINE_INSPECTOR_METADATA
mixed_decode,398,L15:gate_proj,LINEAR,1,3072,1024,INT8,sm80_xmma_gemm_i8i8_i8i32_f32_tn_n_tilesize32x64x64_stage6_warpsize2x2x1_tensor16x8x32_by_fusion_tactic,1x1x3072;1x1x1024;1x1024x3072,1x1x3072,/gate_proj_15/MatMul;/gate_proj_15/MatMul__a_dequant;/gate_proj_15/MatMul__a_quant;/gate_proj_15/MatMul__w_dequant;/Mul_143;/Mul_144;/Sigmoid_15,ENGINE_INSPECTOR_METADATA
mixed_decode,399,L15:down_proj,LINEAR,1,1024,3072,FP16,sm80_xmma_gemm_f16f16_f16f16_f16_nn_n_tilesize64x128x32_stage5_warpsize2x2x1_tensor16x8x16_by_fusion_tactic,1x1x1024;1x1x3072;1x3072x1024,1x1x1024,/down_proj_15/MatMul;/Add_63,ENGINE_INSPECTOR_METADATA
mixed_decode,403,L16:v_proj,LINEAR,1,1024,1024,INT8,sm80_xmma_gemm_i8f32_i8i32_f32_tn_n_tilesize32x64x64_stage6_warpsize2x2x1_tensor16x8x32_by_fusion_tactic,1x1x1024;1x1024x1024,1x1x1024,/v_proj_16/MatMul;/v_proj_16/MatMul__a_dequant;/v_proj_16/MatMul__a_quant;/v_proj_16/MatMul__w_dequant,ENGINE_INSPECTOR_METADATA
mixed_decode,407,L16:k_proj,LINEAR,1,1024,1024,INT8,sm80_xmma_gemm_i8f32_i8i32_f32_tn_n_tilesize32x64x64_stage6_warpsize2x2x1_tensor16x8x32_by_fusion_tactic,1x1x1024;1x1024x1024,1x1x1024,/k_proj_16/MatMul;/k_proj_16/MatMul__a_dequant;/k_proj_16/MatMul__a_quant;/k_proj_16/MatMul__w_dequant,ENGINE_INSPECTOR_METADATA
mixed_decode,411,L16:q_proj,LINEAR,1,2048,1024,INT8,sm80_xmma_gemm_i8f32_i8i32_f32_tn_n_tilesize32x64x64_stage6_warpsize2x2x1_tensor16x8x32_by_fusion_tactic,1x1x1024;1x1024x2048,1x1x2048,/q_proj_16/MatMul;/q_proj_16/MatMul__a_dequant;/q_proj_16/MatMul__a_quant;/q_proj_16/MatMul__w_dequant,ENGINE_INSPECTOR_METADATA
mixed_decode,415,L32:ATTENTION_VALUE,ATTENTION_GEMM,UNKNOWN,UNKNOWN,UNKNOWN,FP16,sm80_xmma_gemm_f16f16_f16f32_f32_nn_n_tilesize32x32x64_stage6_warpsize2x2x1_tensor16x8x16_aligna2_alignc2,16x1x128;16x128x-1;1;1,16x1x-1,/MatMul_32,ENGINE_INSPECTOR_METADATA
mixed_decode,418,L33:ATTENTION_VALUE,ATTENTION_GEMM,UNKNOWN,UNKNOWN,UNKNOWN,FP16,sm80_xmma_gemm_f16f16_f16f32_f32_nn_n_tilesize64x128x32_stage5_warpsize2x2x1_tensor16x8x16_aligna2_alignc2,16x1x-1;16x-1x128;1;1,16x1x128,/MatMul_33,ENGINE_INSPECTOR_METADATA
mixed_decode,420,L16:o_proj,LINEAR,1,1024,2048,INT8,sm80_xmma_gemm_i8f32_i8i32_f32_tn_n_tilesize32x64x64_stage6_warpsize2x2x1_tensor16x8x32_by_fusion_tactic,1x1x1024;1x1x2048;1x2048x1024,1x1x1024,/o_proj_16/MatMul;/o_proj_16/MatMul__a_dequant;/o_proj_16/MatMul__a_quant;/o_proj_16/MatMul__w_dequant;/Add_66,ENGINE_INSPECTOR_METADATA
mixed_decode,422,L16:up_proj,LINEAR,1,3072,1024,FP16,sm80_xmma_gemm_f16f16_f16f16_f16_tn_n_tilesize32x32x64_stage6_warpsize2x2x1_tensor16x8x16,1x1x1024;1x1024x3072;1;1,1x1x3072,/up_proj_16/MatMul,ENGINE_INSPECTOR_METADATA
mixed_decode,423,L16:gate_proj,LINEAR,1,3072,1024,INT8,sm80_xmma_gemm_i8i8_i8i32_f32_tn_n_tilesize32x64x64_stage6_warpsize2x2x1_tensor16x8x32_by_fusion_tactic,1x1x3072;1x1x1024;1x1024x3072,1x1x3072,/gate_proj_16/MatMul;/gate_proj_16/MatMul__a_dequant;/gate_proj_16/MatMul__a_quant;/gate_proj_16/MatMul__w_dequant;/Mul_152;/Mul_153;/Sigmoid_16,ENGINE_INSPECTOR_METADATA
mixed_decode,424,L16:down_proj,LINEAR,1,1024,3072,FP16,sm80_xmma_gemm_f16f16_f16f16_f16_nn_n_tilesize64x128x32_stage5_warpsize2x2x1_tensor16x8x16_by_fusion_tactic,1x1x1024;1x1x3072;1x3072x1024,1x1x1024,/down_proj_16/MatMul;/Add_67,ENGINE_INSPECTOR_METADATA
mixed_decode,428,L17:v_proj,LINEAR,1,1024,1024,INT8,sm80_xmma_gemm_i8f32_i8i32_f32_tn_n_tilesize32x64x64_stage6_warpsize2x2x1_tensor16x8x32_by_fusion_tactic,1x1x1024;1x1024x1024,1x1x1024,/v_proj_17/MatMul;/v_proj_17/MatMul__a_dequant;/v_proj_17/MatMul__a_quant;/v_proj_17/MatMul__w_dequant,ENGINE_INSPECTOR_METADATA
mixed_decode,432,L17:k_proj,LINEAR,1,1024,1024,INT8,sm80_xmma_gemm_i8f32_i8i32_f32_tn_n_tilesize32x64x64_stage6_warpsize2x2x1_tensor16x8x32_by_fusion_tactic,1x1x1024;1x1024x1024,1x1x1024,/k_proj_17/MatMul;/k_proj_17/MatMul__a_dequant;/k_proj_17/MatMul__a_quant;/k_proj_17/MatMul__w_dequant,ENGINE_INSPECTOR_METADATA
mixed_decode,436,L17:q_proj,LINEAR,1,2048,1024,INT8,sm80_xmma_gemm_i8f32_i8i32_f32_tn_n_tilesize32x64x64_stage6_warpsize2x2x1_tensor16x8x32_by_fusion_tactic,1x1x1024;1x1024x2048,1x1x2048,/q_proj_17/MatMul;/q_proj_17/MatMul__a_dequant;/q_proj_17/MatMul__a_quant;/q_proj_17/MatMul__w_dequant,ENGINE_INSPECTOR_METADATA
mixed_decode,440,L34:ATTENTION_VALUE,ATTENTION_GEMM,UNKNOWN,UNKNOWN,UNKNOWN,FP16,sm80_xmma_gemm_f16f16_f16f32_f32_nn_n_tilesize32x32x64_stage6_warpsize2x2x1_tensor16x8x16_aligna2_alignc2,16x1x128;16x128x-1;1;1,16x1x-1,/MatMul_34,ENGINE_INSPECTOR_METADATA
mixed_decode,443,L35:ATTENTION_VALUE,ATTENTION_GEMM,UNKNOWN,UNKNOWN,UNKNOWN,FP16,sm80_xmma_gemm_f16f16_f16f32_f32_nn_n_tilesize64x128x32_stage5_warpsize2x2x1_tensor16x8x16_aligna2_alignc2,16x1x-1;16x-1x128;1;1,16x1x128,/MatMul_35,ENGINE_INSPECTOR_METADATA
mixed_decode,445,L17:o_proj,LINEAR,1,1024,2048,INT8,sm80_xmma_gemm_i8f32_i8i32_f32_tn_n_tilesize32x64x64_stage6_warpsize2x2x1_tensor16x8x32_by_fusion_tactic,1x1x1024;1x1x2048;1x2048x1024,1x1x1024,/o_proj_17/MatMul;/o_proj_17/MatMul__a_dequant;/o_proj_17/MatMul__a_quant;/o_proj_17/MatMul__w_dequant;/Add_70,ENGINE_INSPECTOR_METADATA
mixed_decode,447,L17:up_proj,LINEAR,1,3072,1024,FP16,sm80_xmma_gemm_f16f16_f16f16_f16_tn_n_tilesize32x32x64_stage6_warpsize2x2x1_tensor16x8x16,1x1x1024;1x1024x3072;1;1,1x1x3072,/up_proj_17/MatMul,ENGINE_INSPECTOR_METADATA
mixed_decode,448,L17:gate_proj,LINEAR,1,3072,1024,INT8,sm80_xmma_gemm_i8i8_i8i32_f32_tn_n_tilesize32x64x64_stage6_warpsize2x2x1_tensor16x8x32_by_fusion_tactic,1x1x3072;1x1x1024;1x1024x3072,1x1x3072,/gate_proj_17/MatMul;/gate_proj_17/MatMul__a_dequant;/gate_proj_17/MatMul__a_quant;/gate_proj_17/MatMul__w_dequant;/Mul_161;/Mul_162;/Sigmoid_17,ENGINE_INSPECTOR_METADATA
mixed_decode,449,L17:down_proj,LINEAR,1,1024,3072,FP16,sm80_xmma_gemm_f16f16_f16f16_f16_nn_n_tilesize64x128x32_stage5_warpsize2x2x1_tensor16x8x16_by_fusion_tactic,1x1x1024;1x1x3072;1x3072x1024,1x1x1024,/down_proj_17/MatMul;/Add_71,ENGINE_INSPECTOR_METADATA
mixed_decode,453,L18:v_proj,LINEAR,1,1024,1024,INT8,sm80_xmma_gemm_i8f32_i8i32_f32_tn_n_tilesize32x64x64_stage6_warpsize2x2x1_tensor16x8x32_by_fusion_tactic,1x1x1024;1x1024x1024,1x1x1024,/v_proj_18/MatMul;/v_proj_18/MatMul__a_dequant;/v_proj_18/MatMul__a_quant;/v_proj_18/MatMul__w_dequant,ENGINE_INSPECTOR_METADATA
mixed_decode,457,L18:k_proj,LINEAR,1,1024,1024,INT8,sm80_xmma_gemm_i8f32_i8i32_f32_tn_n_tilesize32x64x64_stage6_warpsize2x2x1_tensor16x8x32_by_fusion_tactic,1x1x1024;1x1024x1024,1x1x1024,/k_proj_18/MatMul;/k_proj_18/MatMul__a_dequant;/k_proj_18/MatMul__a_quant;/k_proj_18/MatMul__w_dequant,ENGINE_INSPECTOR_METADATA
mixed_decode,461,L18:q_proj,LINEAR,1,2048,1024,INT8,sm80_xmma_gemm_i8f32_i8i32_f32_tn_n_tilesize32x64x64_stage6_warpsize2x2x1_tensor16x8x32_by_fusion_tactic,1x1x1024;1x1024x2048,1x1x2048,/q_proj_18/MatMul;/q_proj_18/MatMul__a_dequant;/q_proj_18/MatMul__a_quant;/q_proj_18/MatMul__w_dequant,ENGINE_INSPECTOR_METADATA
mixed_decode,465,L36:ATTENTION_VALUE,ATTENTION_GEMM,UNKNOWN,UNKNOWN,UNKNOWN,FP16,sm80_xmma_gemm_f16f16_f16f32_f32_nn_n_tilesize32x32x64_stage6_warpsize2x2x1_tensor16x8x16_aligna2_alignc2,16x1x128;16x128x-1;1;1,16x1x-1,/MatMul_36,ENGINE_INSPECTOR_METADATA
mixed_decode,468,L37:ATTENTION_VALUE,ATTENTION_GEMM,UNKNOWN,UNKNOWN,UNKNOWN,FP16,sm80_xmma_gemm_f16f16_f16f32_f32_nn_n_tilesize64x128x32_stage5_warpsize2x2x1_tensor16x8x16_aligna2_alignc2,16x1x-1;16x-1x128;1;1,16x1x128,/MatMul_37,ENGINE_INSPECTOR_METADATA
mixed_decode,470,L18:o_proj,LINEAR,1,1024,2048,INT8,sm80_xmma_gemm_i8f32_i8i32_f32_tn_n_tilesize32x64x64_stage6_warpsize2x2x1_tensor16x8x32_by_fusion_tactic,1x1x1024;1x1x2048;1x2048x1024,1x1x1024,/o_proj_18/MatMul;/o_proj_18/MatMul__a_dequant;/o_proj_18/MatMul__a_quant;/o_proj_18/MatMul__w_dequant;/Add_74,ENGINE_INSPECTOR_METADATA
mixed_decode,472,L18:up_proj,LINEAR,1,3072,1024,FP16,sm80_xmma_gemm_f16f16_f16f16_f16_tn_n_tilesize32x32x64_stage6_warpsize2x2x1_tensor16x8x16,1x1x1024;1x1024x3072;1;1,1x1x3072,/up_proj_18/MatMul,ENGINE_INSPECTOR_METADATA
mixed_decode,473,L18:gate_proj,LINEAR,1,3072,1024,INT8,sm80_xmma_gemm_i8i8_i8i32_f32_tn_n_tilesize32x64x64_stage6_warpsize2x2x1_tensor16x8x32_by_fusion_tactic,1x1x3072;1x1x1024;1x1024x3072,1x1x3072,/gate_proj_18/MatMul;/gate_proj_18/MatMul__a_dequant;/gate_proj_18/MatMul__a_quant;/gate_proj_18/MatMul__w_dequant;/Mul_170;/Mul_171;/Sigmoid_18,ENGINE_INSPECTOR_METADATA
mixed_decode,474,L18:down_proj,LINEAR,1,1024,3072,FP16,sm80_xmma_gemm_f16f16_f16f16_f16_nn_n_tilesize64x128x32_stage5_warpsize2x2x1_tensor16x8x16_by_fusion_tactic,1x1x1024;1x1x3072;1x3072x1024,1x1x1024,/down_proj_18/MatMul;/Add_75,ENGINE_INSPECTOR_METADATA
mixed_decode,478,L19:v_proj,LINEAR,1,1024,1024,INT8,sm80_xmma_gemm_i8f32_i8i32_f32_tn_n_tilesize32x64x64_stage6_warpsize2x2x1_tensor16x8x32_by_fusion_tactic,1x1x1024;1x1024x1024,1x1x1024,/v_proj_19/MatMul;/v_proj_19/MatMul__a_dequant;/v_proj_19/MatMul__a_quant;/v_proj_19/MatMul__w_dequant,ENGINE_INSPECTOR_METADATA
mixed_decode,482,L19:k_proj,LINEAR,1,1024,1024,INT8,sm80_xmma_gemm_i8f32_i8i32_f32_tn_n_tilesize32x64x64_stage6_warpsize2x2x1_tensor16x8x32_by_fusion_tactic,1x1x1024;1x1024x1024,1x1x1024,/k_proj_19/MatMul;/k_proj_19/MatMul__a_dequant;/k_proj_19/MatMul__a_quant;/k_proj_19/MatMul__w_dequant,ENGINE_INSPECTOR_METADATA
mixed_decode,486,L19:q_proj,LINEAR,1,2048,1024,INT8,sm80_xmma_gemm_i8f32_i8i32_f32_tn_n_tilesize32x64x64_stage6_warpsize2x2x1_tensor16x8x32_by_fusion_tactic,1x1x1024;1x1024x2048,1x1x2048,/q_proj_19/MatMul;/q_proj_19/MatMul__a_dequant;/q_proj_19/MatMul__a_quant;/q_proj_19/MatMul__w_dequant,ENGINE_INSPECTOR_METADATA
mixed_decode,490,L38:ATTENTION_VALUE,ATTENTION_GEMM,UNKNOWN,UNKNOWN,UNKNOWN,FP16,sm80_xmma_gemm_f16f16_f16f32_f32_nn_n_tilesize32x32x64_stage6_warpsize2x2x1_tensor16x8x16_aligna2_alignc2,16x1x128;16x128x-1;1;1,16x1x-1,/MatMul_38,ENGINE_INSPECTOR_METADATA
mixed_decode,493,L39:ATTENTION_VALUE,ATTENTION_GEMM,UNKNOWN,UNKNOWN,UNKNOWN,FP16,sm80_xmma_gemm_f16f16_f16f32_f32_nn_n_tilesize64x128x32_stage5_warpsize2x2x1_tensor16x8x16_aligna2_alignc2,16x1x-1;16x-1x128;1;1,16x1x128,/MatMul_39,ENGINE_INSPECTOR_METADATA
mixed_decode,495,L19:o_proj,LINEAR,1,1024,2048,INT8,sm80_xmma_gemm_i8f32_i8i32_f32_tn_n_tilesize32x64x64_stage6_warpsize2x2x1_tensor16x8x32_by_fusion_tactic,1x1x1024;1x1x2048;1x2048x1024,1x1x1024,/o_proj_19/MatMul;/o_proj_19/MatMul__a_dequant;/o_proj_19/MatMul__a_quant;/o_proj_19/MatMul__w_dequant;/Add_78,ENGINE_INSPECTOR_METADATA
mixed_decode,497,L19:up_proj,LINEAR,1,3072,1024,FP16,sm80_xmma_gemm_f16f16_f16f16_f16_tn_n_tilesize32x32x64_stage6_warpsize2x2x1_tensor16x8x16,1x1x1024;1x1024x3072;1;1,1x1x3072,/up_proj_19/MatMul,ENGINE_INSPECTOR_METADATA
mixed_decode,498,L19:gate_proj,LINEAR,1,3072,1024,INT8,sm80_xmma_gemm_i8i8_i8i32_f32_tn_n_tilesize32x64x64_stage6_warpsize2x2x1_tensor16x8x32_by_fusion_tactic,1x1x3072;1x1x1024;1x1024x3072,1x1x3072,/gate_proj_19/MatMul;/gate_proj_19/MatMul__a_dequant;/gate_proj_19/MatMul__a_quant;/gate_proj_19/MatMul__w_dequant;/Mul_179;/Mul_180;/Sigmoid_19,ENGINE_INSPECTOR_METADATA
mixed_decode,499,L19:down_proj,LINEAR,1,1024,3072,FP16,sm80_xmma_gemm_f16f16_f16f16_f16_nn_n_tilesize64x128x32_stage5_warpsize2x2x1_tensor16x8x16_by_fusion_tactic,1x1x1024;1x1x3072;1x3072x1024,1x1x1024,/down_proj_19/MatMul;/Add_79,ENGINE_INSPECTOR_METADATA
mixed_decode,503,L20:v_proj,LINEAR,1,1024,1024,INT8,sm80_xmma_gemm_i8f32_i8i32_f32_tn_n_tilesize32x64x64_stage6_warpsize2x2x1_tensor16x8x32_by_fusion_tactic,1x1x1024;1x1024x1024,1x1x1024,/v_proj_20/MatMul;/v_proj_20/MatMul__a_dequant;/v_proj_20/MatMul__a_quant;/v_proj_20/MatMul__w_dequant,ENGINE_INSPECTOR_METADATA
mixed_decode,507,L20:k_proj,LINEAR,1,1024,1024,INT8,sm80_xmma_gemm_i8f32_i8i32_f32_tn_n_tilesize32x64x64_stage6_warpsize2x2x1_tensor16x8x32_by_fusion_tactic,1x1x1024;1x1024x1024,1x1x1024,/k_proj_20/MatMul;/k_proj_20/MatMul__a_dequant;/k_proj_20/MatMul__a_quant;/k_proj_20/MatMul__w_dequant,ENGINE_INSPECTOR_METADATA
mixed_decode,511,L20:q_proj,LINEAR,1,2048,1024,INT8,sm80_xmma_gemm_i8f32_i8i32_f32_tn_n_tilesize32x64x64_stage6_warpsize2x2x1_tensor16x8x32_by_fusion_tactic,1x1x1024;1x1024x2048,1x1x2048,/q_proj_20/MatMul;/q_proj_20/MatMul__a_dequant;/q_proj_20/MatMul__a_quant;/q_proj_20/MatMul__w_dequant,ENGINE_INSPECTOR_METADATA
mixed_decode,515,L40:ATTENTION_VALUE,ATTENTION_GEMM,UNKNOWN,UNKNOWN,UNKNOWN,FP16,sm80_xmma_gemm_f16f16_f16f32_f32_nn_n_tilesize32x32x64_stage6_warpsize2x2x1_tensor16x8x16_aligna2_alignc2,16x1x128;16x128x-1;1;1,16x1x-1,/MatMul_40,ENGINE_INSPECTOR_METADATA
mixed_decode,518,L41:ATTENTION_VALUE,ATTENTION_GEMM,UNKNOWN,UNKNOWN,UNKNOWN,FP16,sm80_xmma_gemm_f16f16_f16f32_f32_nn_n_tilesize64x128x32_stage5_warpsize2x2x1_tensor16x8x16_aligna2_alignc2,16x1x-1;16x-1x128;1;1,16x1x128,/MatMul_41,ENGINE_INSPECTOR_METADATA
mixed_decode,520,L20:o_proj,LINEAR,1,1024,2048,INT8,sm80_xmma_gemm_i8f32_i8i32_f32_tn_n_tilesize32x64x64_stage6_warpsize2x2x1_tensor16x8x32_by_fusion_tactic,1x1x1024;1x1x2048;1x2048x1024,1x1x1024,/o_proj_20/MatMul;/o_proj_20/MatMul__a_dequant;/o_proj_20/MatMul__a_quant;/o_proj_20/MatMul__w_dequant;/Add_82,ENGINE_INSPECTOR_METADATA
mixed_decode,522,L20:up_proj,LINEAR,1,3072,1024,FP16,sm80_xmma_gemm_f16f16_f16f16_f16_tn_n_tilesize32x32x64_stage6_warpsize2x2x1_tensor16x8x16,1x1x1024;1x1024x3072;1;1,1x1x3072,/up_proj_20/MatMul,ENGINE_INSPECTOR_METADATA
mixed_decode,523,L20:gate_proj,LINEAR,1,3072,1024,INT8,sm80_xmma_gemm_i8i8_i8i32_f32_tn_n_tilesize32x64x64_stage6_warpsize2x2x1_tensor16x8x32_by_fusion_tactic,1x1x3072;1x1x1024;1x1024x3072,1x1x3072,/gate_proj_20/MatMul;/gate_proj_20/MatMul__a_dequant;/gate_proj_20/MatMul__a_quant;/gate_proj_20/MatMul__w_dequant;/Mul_188;/Mul_189;/Sigmoid_20,ENGINE_INSPECTOR_METADATA
mixed_decode,524,L20:down_proj,LINEAR,1,1024,3072,FP16,sm80_xmma_gemm_f16f16_f16f16_f16_nn_n_tilesize64x128x32_stage5_warpsize2x2x1_tensor16x8x16_by_fusion_tactic,1x1x1024;1x1x3072;1x3072x1024,1x1x1024,/down_proj_20/MatMul;/Add_83,ENGINE_INSPECTOR_METADATA
mixed_decode,528,L21:v_proj,LINEAR,1,1024,1024,INT8,sm80_xmma_gemm_i8f32_i8i32_f32_tn_n_tilesize32x64x64_stage6_warpsize2x2x1_tensor16x8x32_by_fusion_tactic,1x1x1024;1x1024x1024,1x1x1024,/v_proj_21/MatMul;/v_proj_21/MatMul__a_dequant;/v_proj_21/MatMul__a_quant;/v_proj_21/MatMul__w_dequant,ENGINE_INSPECTOR_METADATA
mixed_decode,532,L21:k_proj,LINEAR,1,1024,1024,INT8,sm80_xmma_gemm_i8f32_i8i32_f32_tn_n_tilesize32x64x64_stage6_warpsize2x2x1_tensor16x8x32_by_fusion_tactic,1x1x1024;1x1024x1024,1x1x1024,/k_proj_21/MatMul;/k_proj_21/MatMul__a_dequant;/k_proj_21/MatMul__a_quant;/k_proj_21/MatMul__w_dequant,ENGINE_INSPECTOR_METADATA
mixed_decode,536,L21:q_proj,LINEAR,1,2048,1024,INT8,sm80_xmma_gemm_i8f32_i8i32_f32_tn_n_tilesize32x64x64_stage6_warpsize2x2x1_tensor16x8x32_by_fusion_tactic,1x1x1024;1x1024x2048,1x1x2048,/q_proj_21/MatMul;/q_proj_21/MatMul__a_dequant;/q_proj_21/MatMul__a_quant;/q_proj_21/MatMul__w_dequant,ENGINE_INSPECTOR_METADATA
mixed_decode,540,L42:ATTENTION_VALUE,ATTENTION_GEMM,UNKNOWN,UNKNOWN,UNKNOWN,FP16,sm80_xmma_gemm_f16f16_f16f32_f32_nn_n_tilesize32x32x64_stage6_warpsize2x2x1_tensor16x8x16_aligna2_alignc2,16x1x128;16x128x-1;1;1,16x1x-1,/MatMul_42,ENGINE_INSPECTOR_METADATA
mixed_decode,543,L43:ATTENTION_VALUE,ATTENTION_GEMM,UNKNOWN,UNKNOWN,UNKNOWN,FP16,sm80_xmma_gemm_f16f16_f16f32_f32_nn_n_tilesize64x128x32_stage5_warpsize2x2x1_tensor16x8x16_aligna2_alignc2,16x1x-1;16x-1x128;1;1,16x1x128,/MatMul_43,ENGINE_INSPECTOR_METADATA
mixed_decode,545,L21:o_proj,LINEAR,1,1024,2048,INT8,sm80_xmma_gemm_i8f32_i8i32_f32_tn_n_tilesize32x64x64_stage6_warpsize2x2x1_tensor16x8x32_by_fusion_tactic,1x1x1024;1x1x2048;1x2048x1024,1x1x1024,/o_proj_21/MatMul;/o_proj_21/MatMul__a_dequant;/o_proj_21/MatMul__a_quant;/o_proj_21/MatMul__w_dequant;/Add_86,ENGINE_INSPECTOR_METADATA
mixed_decode,547,L21:up_proj,LINEAR,1,3072,1024,FP16,sm80_xmma_gemm_f16f16_f16f16_f16_tn_n_tilesize32x32x64_stage6_warpsize2x2x1_tensor16x8x16,1x1x1024;1x1024x3072;1;1,1x1x3072,/up_proj_21/MatMul,ENGINE_INSPECTOR_METADATA
mixed_decode,548,L21:gate_proj,LINEAR,1,3072,1024,INT8,sm80_xmma_gemm_i8i8_i8i32_f32_tn_n_tilesize32x64x64_stage6_warpsize2x2x1_tensor16x8x32_by_fusion_tactic,1x1x3072;1x1x1024;1x1024x3072,1x1x3072,/gate_proj_21/MatMul;/gate_proj_21/MatMul__a_dequant;/gate_proj_21/MatMul__a_quant;/gate_proj_21/MatMul__w_dequant;/Mul_197;/Mul_198;/Sigmoid_21,ENGINE_INSPECTOR_METADATA
mixed_decode,549,L21:down_proj,LINEAR,1,1024,3072,FP16,sm80_xmma_gemm_f16f16_f16f16_f16_nn_n_tilesize64x128x32_stage5_warpsize2x2x1_tensor16x8x16_by_fusion_tactic,1x1x1024;1x1x3072;1x3072x1024,1x1x1024,/down_proj_21/MatMul;/Add_87,ENGINE_INSPECTOR_METADATA
mixed_decode,553,L22:v_proj,LINEAR,1,1024,1024,INT8,sm80_xmma_gemm_i8f32_i8i32_f32_tn_n_tilesize32x64x64_stage6_warpsize2x2x1_tensor16x8x32_by_fusion_tactic,1x1x1024;1x1024x1024,1x1x1024,/v_proj_22/MatMul;/v_proj_22/MatMul__a_dequant;/v_proj_22/MatMul__a_quant;/v_proj_22/MatMul__w_dequant,ENGINE_INSPECTOR_METADATA
mixed_decode,557,L22:k_proj,LINEAR,1,1024,1024,INT8,sm80_xmma_gemm_i8f32_i8i32_f32_tn_n_tilesize32x64x64_stage6_warpsize2x2x1_tensor16x8x32_by_fusion_tactic,1x1x1024;1x1024x1024,1x1x1024,/k_proj_22/MatMul;/k_proj_22/MatMul__a_dequant;/k_proj_22/MatMul__a_quant;/k_proj_22/MatMul__w_dequant,ENGINE_INSPECTOR_METADATA
mixed_decode,561,L22:q_proj,LINEAR,1,2048,1024,INT8,sm80_xmma_gemm_i8f32_i8i32_f32_tn_n_tilesize32x64x64_stage6_warpsize2x2x1_tensor16x8x32_by_fusion_tactic,1x1x1024;1x1024x2048,1x1x2048,/q_proj_22/MatMul;/q_proj_22/MatMul__a_dequant;/q_proj_22/MatMul__a_quant;/q_proj_22/MatMul__w_dequant,ENGINE_INSPECTOR_METADATA
mixed_decode,565,L44:ATTENTION_VALUE,ATTENTION_GEMM,UNKNOWN,UNKNOWN,UNKNOWN,FP16,sm80_xmma_gemm_f16f16_f16f32_f32_nn_n_tilesize32x32x64_stage6_warpsize2x2x1_tensor16x8x16_aligna2_alignc2,16x1x128;16x128x-1;1;1,16x1x-1,/MatMul_44,ENGINE_INSPECTOR_METADATA
mixed_decode,568,L45:ATTENTION_VALUE,ATTENTION_GEMM,UNKNOWN,UNKNOWN,UNKNOWN,FP16,sm80_xmma_gemm_f16f16_f16f32_f32_nn_n_tilesize64x128x32_stage5_warpsize2x2x1_tensor16x8x16_aligna2_alignc2,16x1x-1;16x-1x128;1;1,16x1x128,/MatMul_45,ENGINE_INSPECTOR_METADATA
mixed_decode,570,L22:o_proj,LINEAR,1,1024,2048,INT8,sm80_xmma_gemm_i8f32_i8i32_f32_tn_n_tilesize32x64x64_stage6_warpsize2x2x1_tensor16x8x32_by_fusion_tactic,1x1x1024;1x1x2048;1x2048x1024,1x1x1024,/o_proj_22/MatMul;/o_proj_22/MatMul__a_dequant;/o_proj_22/MatMul__a_quant;/o_proj_22/MatMul__w_dequant;/Add_90,ENGINE_INSPECTOR_METADATA
mixed_decode,572,L22:up_proj,LINEAR,1,3072,1024,FP16,sm80_xmma_gemm_f16f16_f16f16_f16_tn_n_tilesize32x32x64_stage6_warpsize2x2x1_tensor16x8x16,1x1x1024;1x1024x3072;1;1,1x1x3072,/up_proj_22/MatMul,ENGINE_INSPECTOR_METADATA
mixed_decode,573,L22:gate_proj,LINEAR,1,3072,1024,INT8,sm80_xmma_gemm_i8i8_i8i32_f32_tn_n_tilesize32x64x64_stage6_warpsize2x2x1_tensor16x8x32_by_fusion_tactic,1x1x3072;1x1x1024;1x1024x3072,1x1x3072,/gate_proj_22/MatMul;/gate_proj_22/MatMul__a_dequant;/gate_proj_22/MatMul__a_quant;/gate_proj_22/MatMul__w_dequant;/Mul_206;/Mul_207;/Sigmoid_22,ENGINE_INSPECTOR_METADATA
mixed_decode,574,L22:down_proj,LINEAR,1,1024,3072,FP16,sm80_xmma_gemm_f16f16_f16f16_f16_nn_n_tilesize64x128x32_stage5_warpsize2x2x1_tensor16x8x16_by_fusion_tactic,1x1x1024;1x1x3072;1x3072x1024,1x1x1024,/down_proj_22/MatMul;/Add_91,ENGINE_INSPECTOR_METADATA
mixed_decode,578,L23:v_proj,LINEAR,1,1024,1024,INT8,sm80_xmma_gemm_i8f32_i8i32_f32_tn_n_tilesize32x64x64_stage6_warpsize2x2x1_tensor16x8x32_by_fusion_tactic,1x1x1024;1x1024x1024,1x1x1024,/v_proj_23/MatMul;/v_proj_23/MatMul__a_dequant;/v_proj_23/MatMul__a_quant;/v_proj_23/MatMul__w_dequant,ENGINE_INSPECTOR_METADATA
mixed_decode,582,L23:k_proj,LINEAR,1,1024,1024,INT8,sm80_xmma_gemm_i8f32_i8i32_f32_tn_n_tilesize32x64x64_stage6_warpsize2x2x1_tensor16x8x32_by_fusion_tactic,1x1x1024;1x1024x1024,1x1x1024,/k_proj_23/MatMul;/k_proj_23/MatMul__a_dequant;/k_proj_23/MatMul__a_quant;/k_proj_23/MatMul__w_dequant,ENGINE_INSPECTOR_METADATA
mixed_decode,586,L23:q_proj,LINEAR,1,2048,1024,INT8,sm80_xmma_gemm_i8f32_i8i32_f32_tn_n_tilesize32x64x64_stage6_warpsize2x2x1_tensor16x8x32_by_fusion_tactic,1x1x1024;1x1024x2048,1x1x2048,/q_proj_23/MatMul;/q_proj_23/MatMul__a_dequant;/q_proj_23/MatMul__a_quant;/q_proj_23/MatMul__w_dequant,ENGINE_INSPECTOR_METADATA
mixed_decode,590,L46:ATTENTION_VALUE,ATTENTION_GEMM,UNKNOWN,UNKNOWN,UNKNOWN,FP16,sm80_xmma_gemm_f16f16_f16f32_f32_nn_n_tilesize32x32x64_stage6_warpsize2x2x1_tensor16x8x16_aligna2_alignc2,16x1x128;16x128x-1;1;1,16x1x-1,/MatMul_46,ENGINE_INSPECTOR_METADATA
mixed_decode,593,L47:ATTENTION_VALUE,ATTENTION_GEMM,UNKNOWN,UNKNOWN,UNKNOWN,FP16,sm80_xmma_gemm_f16f16_f16f32_f32_nn_n_tilesize64x128x32_stage5_warpsize2x2x1_tensor16x8x16_aligna2_alignc2,16x1x-1;16x-1x128;1;1,16x1x128,/MatMul_47,ENGINE_INSPECTOR_METADATA
mixed_decode,595,L23:o_proj,LINEAR,1,1024,2048,INT8,sm80_xmma_gemm_i8f32_i8i32_f32_tn_n_tilesize32x64x64_stage6_warpsize2x2x1_tensor16x8x32_by_fusion_tactic,1x1x1024;1x1x2048;1x2048x1024,1x1x1024,/o_proj_23/MatMul;/o_proj_23/MatMul__a_dequant;/o_proj_23/MatMul__a_quant;/o_proj_23/MatMul__w_dequant;/Add_94,ENGINE_INSPECTOR_METADATA
mixed_decode,597,L23:up_proj,LINEAR,1,3072,1024,FP16,sm80_xmma_gemm_f16f16_f16f16_f16_tn_n_tilesize32x32x64_stage6_warpsize2x2x1_tensor16x8x16,1x1x1024;1x1024x3072;1;1,1x1x3072,/up_proj_23/MatMul,ENGINE_INSPECTOR_METADATA
mixed_decode,598,L23:gate_proj,LINEAR,1,3072,1024,INT8,sm80_xmma_gemm_i8i8_i8i32_f32_tn_n_tilesize32x64x64_stage6_warpsize2x2x1_tensor16x8x32_by_fusion_tactic,1x1x3072;1x1x1024;1x1024x3072,1x1x3072,/gate_proj_23/MatMul;/gate_proj_23/MatMul__a_dequant;/gate_proj_23/MatMul__a_quant;/gate_proj_23/MatMul__w_dequant;/Mul_215;/Mul_216;/Sigmoid_23,ENGINE_INSPECTOR_METADATA
mixed_decode,599,L23:down_proj,LINEAR,1,1024,3072,FP16,sm80_xmma_gemm_f16f16_f16f16_f16_nn_n_tilesize64x128x32_stage5_warpsize2x2x1_tensor16x8x16_by_fusion_tactic,1x1x1024;1x1x3072;1x3072x1024,1x1x1024,/down_proj_23/MatMul;/Add_95,ENGINE_INSPECTOR_METADATA
mixed_decode,603,L24:v_proj,LINEAR,1,1024,1024,INT8,sm80_xmma_gemm_i8f32_i8i32_f32_tn_n_tilesize32x64x64_stage6_warpsize2x2x1_tensor16x8x32_by_fusion_tactic,1x1x1024;1x1024x1024,1x1x1024,/v_proj_24/MatMul;/v_proj_24/MatMul__a_dequant;/v_proj_24/MatMul__a_quant;/v_proj_24/MatMul__w_dequant,ENGINE_INSPECTOR_METADATA
mixed_decode,607,L24:k_proj,LINEAR,1,1024,1024,INT8,sm80_xmma_gemm_i8f32_i8i32_f32_tn_n_tilesize32x64x64_stage6_warpsize2x2x1_tensor16x8x32_by_fusion_tactic,1x1x1024;1x1024x1024,1x1x1024,/k_proj_24/MatMul;/k_proj_24/MatMul__a_dequant;/k_proj_24/MatMul__a_quant;/k_proj_24/MatMul__w_dequant,ENGINE_INSPECTOR_METADATA
mixed_decode,611,L24:q_proj,LINEAR,1,2048,1024,INT8,sm80_xmma_gemm_i8f32_i8i32_f32_tn_n_tilesize32x64x64_stage6_warpsize2x2x1_tensor16x8x32_by_fusion_tactic,1x1x1024;1x1024x2048,1x1x2048,/q_proj_24/MatMul;/q_proj_24/MatMul__a_dequant;/q_proj_24/MatMul__a_quant;/q_proj_24/MatMul__w_dequant,ENGINE_INSPECTOR_METADATA
mixed_decode,615,L48:ATTENTION_VALUE,ATTENTION_GEMM,UNKNOWN,UNKNOWN,UNKNOWN,FP16,sm80_xmma_gemm_f16f16_f16f32_f32_nn_n_tilesize32x32x64_stage6_warpsize2x2x1_tensor16x8x16_aligna2_alignc2,16x1x128;16x128x-1;1;1,16x1x-1,/MatMul_48,ENGINE_INSPECTOR_METADATA
mixed_decode,618,L49:ATTENTION_VALUE,ATTENTION_GEMM,UNKNOWN,UNKNOWN,UNKNOWN,FP16,sm80_xmma_gemm_f16f16_f16f32_f32_nn_n_tilesize64x128x32_stage5_warpsize2x2x1_tensor16x8x16_aligna2_alignc2,16x1x-1;16x-1x128;1;1,16x1x128,/MatMul_49,ENGINE_INSPECTOR_METADATA
mixed_decode,620,L24:o_proj,LINEAR,1,1024,2048,INT8,sm80_xmma_gemm_i8f32_i8i32_f32_tn_n_tilesize32x64x64_stage6_warpsize2x2x1_tensor16x8x32_by_fusion_tactic,1x1x1024;1x1x2048;1x2048x1024,1x1x1024,/o_proj_24/MatMul;/o_proj_24/MatMul__a_dequant;/o_proj_24/MatMul__a_quant;/o_proj_24/MatMul__w_dequant;/Add_98,ENGINE_INSPECTOR_METADATA
mixed_decode,622,L24:up_proj,LINEAR,1,3072,1024,FP16,sm80_xmma_gemm_f16f16_f16f16_f16_tn_n_tilesize32x32x64_stage6_warpsize2x2x1_tensor16x8x16,1x1x1024;1x1024x3072;1;1,1x1x3072,/up_proj_24/MatMul,ENGINE_INSPECTOR_METADATA
mixed_decode,623,L24:gate_proj,LINEAR,1,3072,1024,INT8,sm80_xmma_gemm_i8i8_i8i32_f32_tn_n_tilesize32x64x64_stage6_warpsize2x2x1_tensor16x8x32_by_fusion_tactic,1x1x3072;1x1x1024;1x1024x3072,1x1x3072,/gate_proj_24/MatMul;/gate_proj_24/MatMul__a_dequant;/gate_proj_24/MatMul__a_quant;/gate_proj_24/MatMul__w_dequant;/Mul_224;/Mul_225;/Sigmoid_24,ENGINE_INSPECTOR_METADATA
mixed_decode,624,L24:down_proj,LINEAR,1,1024,3072,FP16,sm80_xmma_gemm_f16f16_f16f16_f16_nn_n_tilesize64x128x32_stage5_warpsize2x2x1_tensor16x8x16_by_fusion_tactic,1x1x1024;1x1x3072;1x3072x1024,1x1x1024,/down_proj_24/MatMul;/Add_99,ENGINE_INSPECTOR_METADATA
mixed_decode,628,L25:v_proj,LINEAR,1,1024,1024,INT8,sm80_xmma_gemm_i8f32_i8i32_f32_tn_n_tilesize32x64x64_stage6_warpsize2x2x1_tensor16x8x32_by_fusion_tactic,1x1x1024;1x1024x1024,1x1x1024,/v_proj_25/MatMul;/v_proj_25/MatMul__a_dequant;/v_proj_25/MatMul__a_quant;/v_proj_25/MatMul__w_dequant,ENGINE_INSPECTOR_METADATA
mixed_decode,632,L25:k_proj,LINEAR,1,1024,1024,INT8,sm80_xmma_gemm_i8f32_i8i32_f32_tn_n_tilesize32x64x64_stage6_warpsize2x2x1_tensor16x8x32_by_fusion_tactic,1x1x1024;1x1024x1024,1x1x1024,/k_proj_25/MatMul;/k_proj_25/MatMul__a_dequant;/k_proj_25/MatMul__a_quant;/k_proj_25/MatMul__w_dequant,ENGINE_INSPECTOR_METADATA
mixed_decode,636,L25:q_proj,LINEAR,1,2048,1024,INT8,sm80_xmma_gemm_i8f32_i8i32_f32_tn_n_tilesize32x64x64_stage6_warpsize2x2x1_tensor16x8x32_by_fusion_tactic,1x1x1024;1x1024x2048,1x1x2048,/q_proj_25/MatMul;/q_proj_25/MatMul__a_dequant;/q_proj_25/MatMul__a_quant;/q_proj_25/MatMul__w_dequant,ENGINE_INSPECTOR_METADATA
mixed_decode,640,L50:ATTENTION_VALUE,ATTENTION_GEMM,UNKNOWN,UNKNOWN,UNKNOWN,FP16,sm80_xmma_gemm_f16f16_f16f32_f32_nn_n_tilesize32x32x64_stage6_warpsize2x2x1_tensor16x8x16_aligna2_alignc2,16x1x128;16x128x-1;1;1,16x1x-1,/MatMul_50,ENGINE_INSPECTOR_METADATA
mixed_decode,643,L51:ATTENTION_VALUE,ATTENTION_GEMM,UNKNOWN,UNKNOWN,UNKNOWN,FP16,sm80_xmma_gemm_f16f16_f16f32_f32_nn_n_tilesize64x128x32_stage5_warpsize2x2x1_tensor16x8x16_aligna2_alignc2,16x1x-1;16x-1x128;1;1,16x1x128,/MatMul_51,ENGINE_INSPECTOR_METADATA
mixed_decode,645,L25:o_proj,LINEAR,1,1024,2048,INT8,sm80_xmma_gemm_i8f32_i8i32_f32_tn_n_tilesize32x64x64_stage6_warpsize2x2x1_tensor16x8x32_by_fusion_tactic,1x1x1024;1x1x2048;1x2048x1024,1x1x1024,/o_proj_25/MatMul;/o_proj_25/MatMul__a_dequant;/o_proj_25/MatMul__a_quant;/o_proj_25/MatMul__w_dequant;/Add_102,ENGINE_INSPECTOR_METADATA
mixed_decode,647,L25:up_proj,LINEAR,1,3072,1024,FP16,sm80_xmma_gemm_f16f16_f16f16_f16_tn_n_tilesize32x32x64_stage6_warpsize2x2x1_tensor16x8x16,1x1x1024;1x1024x3072;1;1,1x1x3072,/up_proj_25/MatMul,ENGINE_INSPECTOR_METADATA
mixed_decode,648,L25:gate_proj,LINEAR,1,3072,1024,INT8,sm80_xmma_gemm_i8i8_i8i32_f32_tn_n_tilesize32x64x64_stage6_warpsize2x2x1_tensor16x8x32_by_fusion_tactic,1x1x3072;1x1x1024;1x1024x3072,1x1x3072,/gate_proj_25/MatMul;/gate_proj_25/MatMul__a_dequant;/gate_proj_25/MatMul__a_quant;/gate_proj_25/MatMul__w_dequant;/Mul_233;/Mul_234;/Sigmoid_25,ENGINE_INSPECTOR_METADATA
mixed_decode,649,L25:down_proj,LINEAR,1,1024,3072,FP16,sm80_xmma_gemm_f16f16_f16f16_f16_nn_n_tilesize64x128x32_stage5_warpsize2x2x1_tensor16x8x16_by_fusion_tactic,1x1x1024;1x1x3072;1x3072x1024,1x1x1024,/down_proj_25/MatMul;/Add_103,ENGINE_INSPECTOR_METADATA
mixed_decode,653,L26:v_proj,LINEAR,1,1024,1024,INT8,sm80_xmma_gemm_i8f32_i8i32_f32_tn_n_tilesize32x64x64_stage6_warpsize2x2x1_tensor16x8x32_by_fusion_tactic,1x1x1024;1x1024x1024,1x1x1024,/v_proj_26/MatMul;/v_proj_26/MatMul__a_dequant;/v_proj_26/MatMul__a_quant;/v_proj_26/MatMul__w_dequant,ENGINE_INSPECTOR_METADATA
mixed_decode,657,L26:k_proj,LINEAR,1,1024,1024,INT8,sm80_xmma_gemm_i8f32_i8i32_f32_tn_n_tilesize32x64x64_stage6_warpsize2x2x1_tensor16x8x32_by_fusion_tactic,1x1x1024;1x1024x1024,1x1x1024,/k_proj_26/MatMul;/k_proj_26/MatMul__a_dequant;/k_proj_26/MatMul__a_quant;/k_proj_26/MatMul__w_dequant,ENGINE_INSPECTOR_METADATA
mixed_decode,661,L26:q_proj,LINEAR,1,2048,1024,INT8,sm80_xmma_gemm_i8f32_i8i32_f32_tn_n_tilesize32x64x64_stage6_warpsize2x2x1_tensor16x8x32_by_fusion_tactic,1x1x1024;1x1024x2048,1x1x2048,/q_proj_26/MatMul;/q_proj_26/MatMul__a_dequant;/q_proj_26/MatMul__a_quant;/q_proj_26/MatMul__w_dequant,ENGINE_INSPECTOR_METADATA
mixed_decode,665,L52:ATTENTION_VALUE,ATTENTION_GEMM,UNKNOWN,UNKNOWN,UNKNOWN,FP16,sm80_xmma_gemm_f16f16_f16f32_f32_nn_n_tilesize32x32x64_stage6_warpsize2x2x1_tensor16x8x16_aligna2_alignc2,16x1x128;16x128x-1;1;1,16x1x-1,/MatMul_52,ENGINE_INSPECTOR_METADATA
mixed_decode,668,L53:ATTENTION_VALUE,ATTENTION_GEMM,UNKNOWN,UNKNOWN,UNKNOWN,FP16,sm80_xmma_gemm_f16f16_f16f32_f32_nn_n_tilesize64x128x32_stage5_warpsize2x2x1_tensor16x8x16_aligna2_alignc2,16x1x-1;16x-1x128;1;1,16x1x128,/MatMul_53,ENGINE_INSPECTOR_METADATA
mixed_decode,670,L26:o_proj,LINEAR,1,1024,2048,INT8,sm80_xmma_gemm_i8f32_i8i32_f32_tn_n_tilesize32x64x64_stage6_warpsize2x2x1_tensor16x8x32_by_fusion_tactic,1x1x1024;1x1x2048;1x2048x1024,1x1x1024,/o_proj_26/MatMul;/o_proj_26/MatMul__a_dequant;/o_proj_26/MatMul__a_quant;/o_proj_26/MatMul__w_dequant;/Add_106,ENGINE_INSPECTOR_METADATA
mixed_decode,672,L26:up_proj,LINEAR,1,3072,1024,FP16,sm80_xmma_gemm_f16f16_f16f16_f16_tn_n_tilesize32x32x64_stage6_warpsize2x2x1_tensor16x8x16,1x1x1024;1x1024x3072;1;1,1x1x3072,/up_proj_26/MatMul,ENGINE_INSPECTOR_METADATA
mixed_decode,673,L26:gate_proj,LINEAR,1,3072,1024,INT8,sm80_xmma_gemm_i8i8_i8i32_f32_tn_n_tilesize32x64x64_stage6_warpsize2x2x1_tensor16x8x32_by_fusion_tactic,1x1x3072;1x1x1024;1x1024x3072,1x1x3072,/gate_proj_26/MatMul;/gate_proj_26/MatMul__a_dequant;/gate_proj_26/MatMul__a_quant;/gate_proj_26/MatMul__w_dequant;/Mul_242;/Mul_243;/Sigmoid_26,ENGINE_INSPECTOR_METADATA
mixed_decode,674,L26:down_proj,LINEAR,1,1024,3072,FP16,sm80_xmma_gemm_f16f16_f16f16_f16_nn_n_tilesize64x128x32_stage5_warpsize2x2x1_tensor16x8x16_by_fusion_tactic,1x1x1024;1x1x3072;1x3072x1024,1x1x1024,/down_proj_26/MatMul;/Add_107,ENGINE_INSPECTOR_METADATA
mixed_decode,678,L27:v_proj,LINEAR,1,1024,1024,INT8,sm80_xmma_gemm_i8f32_i8i32_f32_tn_n_tilesize32x64x64_stage6_warpsize2x2x1_tensor16x8x32_by_fusion_tactic,1x1x1024;1x1024x1024,1x1x1024,/v_proj_27/MatMul;/v_proj_27/MatMul__a_dequant;/v_proj_27/MatMul__a_quant;/v_proj_27/MatMul__w_dequant,ENGINE_INSPECTOR_METADATA
mixed_decode,682,L27:k_proj,LINEAR,1,1024,1024,INT8,sm80_xmma_gemm_i8f32_i8i32_f32_tn_n_tilesize32x64x64_stage6_warpsize2x2x1_tensor16x8x32_by_fusion_tactic,1x1x1024;1x1024x1024,1x1x1024,/k_proj_27/MatMul;/k_proj_27/MatMul__a_dequant;/k_proj_27/MatMul__a_quant;/k_proj_27/MatMul__w_dequant,ENGINE_INSPECTOR_METADATA
mixed_decode,686,L27:q_proj,LINEAR,1,2048,1024,INT8,sm80_xmma_gemm_i8f32_i8i32_f32_tn_n_tilesize32x64x64_stage6_warpsize2x2x1_tensor16x8x32_by_fusion_tactic,1x1x1024;1x1024x2048,1x1x2048,/q_proj_27/MatMul;/q_proj_27/MatMul__a_dequant;/q_proj_27/MatMul__a_quant;/q_proj_27/MatMul__w_dequant,ENGINE_INSPECTOR_METADATA
mixed_decode,690,L54:ATTENTION_VALUE,ATTENTION_GEMM,UNKNOWN,UNKNOWN,UNKNOWN,FP16,sm80_xmma_gemm_f16f16_f16f32_f32_nn_n_tilesize32x32x64_stage6_warpsize2x2x1_tensor16x8x16_aligna2_alignc2,16x1x128;16x128x-1;1;1,16x1x-1,/MatMul_54,ENGINE_INSPECTOR_METADATA
mixed_decode,693,L55:ATTENTION_VALUE,ATTENTION_GEMM,UNKNOWN,UNKNOWN,UNKNOWN,FP16,sm80_xmma_gemm_f16f16_f16f32_f32_nn_n_tilesize64x128x32_stage5_warpsize2x2x1_tensor16x8x16_aligna2_alignc2,16x1x-1;16x-1x128;1;1,16x1x128,/MatMul_55,ENGINE_INSPECTOR_METADATA
mixed_decode,694,L27:o_proj,LINEAR,1,1024,2048,FP16,sm80_xmma_gemm_f16f16_f16f16_f16_tn_n_tilesize32x32x64_stage6_warpsize2x2x1_tensor16x8x16_by_fusion_tactic,1x1x1024;1x1x2048;1x2048x1024,1x1x1024,/o_proj_27/MatMul;/Add_110,ENGINE_INSPECTOR_METADATA
mixed_decode,696,L27:up_proj,LINEAR,1,3072,1024,FP16,sm80_xmma_gemm_f16f16_f16f32_f32_tn_n_tilesize32x32x64_stage6_warpsize2x2x1_tensor16x8x16,1x1x1024;1x1024x3072;1;1,1x1x3072,/up_proj_27/MatMul,ENGINE_INSPECTOR_METADATA
mixed_decode,697,L27:gate_proj,LINEAR,1,3072,1024,FP16,sm80_xmma_gemm_f16f16_f16f16_f16_tn_n_tilesize32x32x64_stage6_warpsize2x2x1_tensor16x8x16_by_fusion_tactic,1x1x3072;1x1x1024;1x1024x3072,1x1x3072,/gate_proj_27/MatMul;/Mul_251;/Mul_252;/Sigmoid_27,ENGINE_INSPECTOR_METADATA
mixed_decode,698,L27:down_proj,LINEAR,1,1024,3072,FP16,sm80_xmma_gemm_f16f16_f16f16_f16_nn_n_tilesize64x128x32_stage5_warpsize2x2x1_tensor16x8x16_by_fusion_tactic,1x1x1024;1x1x3072;1x3072x1024,1x1x1024,/down_proj_27/MatMul;/Add_111,ENGINE_INSPECTOR_METADATA
