engine,layer_index,layer_name,layer_type,operator,operator_kind,category,tactic,input_shapes,input_precisions,output_shapes,output_precisions,onnx_layers
fp16_prefill,0,__mye158796_0_myl0_0,,UNKNOWN,UNKNOWN,UNKNOWN,UNKNOWN_NO_DETAILED_INSPECTOR,NONE,NONE,NONE,NONE,__mye158796_0_myl0_0
fp16_prefill,1,__myl_RepIotIotRepCasAddCasEqlLtOrSel_myl0_1,,UNKNOWN,UNKNOWN,UNKNOWN,UNKNOWN_NO_DETAILED_INSPECTOR,NONE,NONE,NONE,NONE,UNKNOWN
fp16_prefill,2,__myl_MovMulMeaAddSqrDivMulMul_myl0_2,,UNKNOWN,UNKNOWN,UNKNOWN,UNKNOWN_NO_DETAILED_INSPECTOR,NONE,NONE,NONE,NONE,UNKNOWN
fp16_prefill,3,/v_proj/MatMul+/k_proj/MatMul+/q_proj/MatMul_myl0_3,,L0:v_proj,LINEAR,GEMM,UNKNOWN_NO_DETAILED_INSPECTOR,NONE,NONE,NONE,NONE,/v_proj/MatMul+/k_proj/MatMul+/q_proj/MatMul_myl0_3
fp16_prefill,4,__myl_ResTraResSliRepRes_myl0_4,,UNKNOWN,UNKNOWN,UNKNOWN,UNKNOWN_NO_DETAILED_INSPECTOR,NONE,NONE,NONE,NONE,UNKNOWN
fp16_prefill,5,__myl_ResMulMea_myl0_5,,UNKNOWN,UNKNOWN,UNKNOWN,UNKNOWN_NO_DETAILED_INSPECTOR,NONE,NONE,NONE,NONE,UNKNOWN
fp16_prefill,6,__myl_ResMulMea_myl0_6,,UNKNOWN,UNKNOWN,UNKNOWN,UNKNOWN_NO_DETAILED_INSPECTOR,NONE,NONE,NONE,NONE,UNKNOWN
fp16_prefill,7,__myl_CasResMulConSinResCosResAddSqrAddSqrDivMulDivMulMulTraSliSliNegConMulMulAddResSliRepResTraEtc_myl0_7,,UNKNOWN,UNKNOWN,UNKNOWN,UNKNOWN_NO_DETAILED_INSPECTOR,NONE,NONE,NONE,NONE,UNKNOWN
fp16_prefill,8,_gemm_mha_v2_myl0_8,,UNKNOWN,UNKNOWN,UNKNOWN,UNKNOWN_NO_DETAILED_INSPECTOR,NONE,NONE,NONE,NONE,_gemm_mha_v2_myl0_8
fp16_prefill,9,__myl_FcAdd_myl0_9,,UNKNOWN,UNKNOWN,UNKNOWN,UNKNOWN_NO_DETAILED_INSPECTOR,NONE,NONE,NONE,NONE,UNKNOWN
fp16_prefill,10,__myl_MulMeaAddSqrDivMulMul_myl0_10,,UNKNOWN,UNKNOWN,UNKNOWN,UNKNOWN_NO_DETAILED_INSPECTOR,NONE,NONE,NONE,NONE,UNKNOWN
fp16_prefill,11,__mye624489_myl0_11,,UNKNOWN,UNKNOWN,UNKNOWN,UNKNOWN_NO_DETAILED_INSPECTOR,NONE,NONE,NONE,NONE,__mye624489_myl0_11
fp16_prefill,12,/gate_proj/MatMul_myl0_12,,L0:gate_proj,LINEAR,GEMM,UNKNOWN_NO_DETAILED_INSPECTOR,NONE,NONE,NONE,NONE,/gate_proj/MatMul_myl0_12
fp16_prefill,13,__mye624491_myl0_13,,UNKNOWN,UNKNOWN,UNKNOWN,UNKNOWN_NO_DETAILED_INSPECTOR,NONE,NONE,NONE,NONE,__mye624491_myl0_13
fp16_prefill,14,/up_proj/MatMul_myl0_14,,L0:up_proj,LINEAR,GEMM,UNKNOWN_NO_DETAILED_INSPECTOR,NONE,NONE,NONE,NONE,/up_proj/MatMul_myl0_14
fp16_prefill,15,__mye624493_myl0_15,,UNKNOWN,UNKNOWN,UNKNOWN,UNKNOWN_NO_DETAILED_INSPECTOR,NONE,NONE,NONE,NONE,__mye624493_myl0_15
fp16_prefill,16,__mye624495_myl0_16,,UNKNOWN,UNKNOWN,UNKNOWN,UNKNOWN_NO_DETAILED_INSPECTOR,NONE,NONE,NONE,NONE,__mye624495_myl0_16
fp16_prefill,17,__myl_NegExpAddDivMulMul_myl0_17,,UNKNOWN,UNKNOWN,UNKNOWN,UNKNOWN_NO_DETAILED_INSPECTOR,NONE,NONE,NONE,NONE,UNKNOWN
fp16_prefill,18,__myl_FcAdd_myl0_18,,UNKNOWN,UNKNOWN,UNKNOWN,UNKNOWN_NO_DETAILED_INSPECTOR,NONE,NONE,NONE,NONE,UNKNOWN
fp16_prefill,19,__myl_MulMeaAddSqrDivMulMul_myl0_19,,UNKNOWN,UNKNOWN,UNKNOWN,UNKNOWN_NO_DETAILED_INSPECTOR,NONE,NONE,NONE,NONE,UNKNOWN
fp16_prefill,20,/v_proj_1/MatMul+/k_proj_1/MatMul+/q_proj_1/MatMul_myl0_20,,L1:v_proj,LINEAR,GEMM,UNKNOWN_NO_DETAILED_INSPECTOR,NONE,NONE,NONE,NONE,/v_proj_1/MatMul+/k_proj_1/MatMul+/q_proj_1/MatMul_myl0_20
fp16_prefill,21,__mye624497_myl0_21,,UNKNOWN,UNKNOWN,UNKNOWN,UNKNOWN_NO_DETAILED_INSPECTOR,NONE,NONE,NONE,NONE,__mye624497_myl0_21
fp16_prefill,22,__myl_ResTraResSliRepRes_myl0_22,,UNKNOWN,UNKNOWN,UNKNOWN,UNKNOWN_NO_DETAILED_INSPECTOR,NONE,NONE,NONE,NONE,UNKNOWN
fp16_prefill,23,__mye624499_myl0_23,,UNKNOWN,UNKNOWN,UNKNOWN,UNKNOWN_NO_DETAILED_INSPECTOR,NONE,NONE,NONE,NONE,__mye624499_myl0_23
fp16_prefill,24,__myl_ResMulMea_myl0_24,,UNKNOWN,UNKNOWN,UNKNOWN,UNKNOWN_NO_DETAILED_INSPECTOR,NONE,NONE,NONE,NONE,UNKNOWN
fp16_prefill,25,__myl_AddSqrDivMulMulTraSliSliNegConMulMulAddResSliRepResTraRes_myl0_25,,UNKNOWN,UNKNOWN,UNKNOWN,UNKNOWN_NO_DETAILED_INSPECTOR,NONE,NONE,NONE,NONE,UNKNOWN
fp16_prefill,26,__mye624501_myl0_26,,UNKNOWN,UNKNOWN,UNKNOWN,UNKNOWN_NO_DETAILED_INSPECTOR,NONE,NONE,NONE,NONE,__mye624501_myl0_26
fp16_prefill,27,__myl_ResMulMea_myl0_27,,UNKNOWN,UNKNOWN,UNKNOWN,UNKNOWN_NO_DETAILED_INSPECTOR,NONE,NONE,NONE,NONE,UNKNOWN
fp16_prefill,28,__myl_AddSqrDivMulMulTraSliSliNegConMulMulAddRes_myl0_28,,UNKNOWN,UNKNOWN,UNKNOWN,UNKNOWN_NO_DETAILED_INSPECTOR,NONE,NONE,NONE,NONE,UNKNOWN
fp16_prefill,29,__mye624503_myl0_29,,UNKNOWN,UNKNOWN,UNKNOWN,UNKNOWN_NO_DETAILED_INSPECTOR,NONE,NONE,NONE,NONE,__mye624503_myl0_29
fp16_prefill,30,_gemm_mha_v2_myl0_30,,UNKNOWN,UNKNOWN,UNKNOWN,UNKNOWN_NO_DETAILED_INSPECTOR,NONE,NONE,NONE,NONE,_gemm_mha_v2_myl0_30
fp16_prefill,31,__myl_FcAdd_myl0_31,,UNKNOWN,UNKNOWN,UNKNOWN,UNKNOWN_NO_DETAILED_INSPECTOR,NONE,NONE,NONE,NONE,UNKNOWN
fp16_prefill,32,__myl_MulMeaAddSqrDivMulMul_myl0_32,,UNKNOWN,UNKNOWN,UNKNOWN,UNKNOWN_NO_DETAILED_INSPECTOR,NONE,NONE,NONE,NONE,UNKNOWN
fp16_prefill,33,__mye624505_myl0_33,,UNKNOWN,UNKNOWN,UNKNOWN,UNKNOWN_NO_DETAILED_INSPECTOR,NONE,NONE,NONE,NONE,__mye624505_myl0_33
fp16_prefill,34,/gate_proj_1/MatMul_myl0_34,,L1:gate_proj,LINEAR,GEMM,UNKNOWN_NO_DETAILED_INSPECTOR,NONE,NONE,NONE,NONE,/gate_proj_1/MatMul_myl0_34
fp16_prefill,35,__mye624507_myl0_35,,UNKNOWN,UNKNOWN,UNKNOWN,UNKNOWN_NO_DETAILED_INSPECTOR,NONE,NONE,NONE,NONE,__mye624507_myl0_35
fp16_prefill,36,/up_proj_1/MatMul_myl0_36,,L1:up_proj,LINEAR,GEMM,UNKNOWN_NO_DETAILED_INSPECTOR,NONE,NONE,NONE,NONE,/up_proj_1/MatMul_myl0_36
fp16_prefill,37,__mye624509_myl0_37,,UNKNOWN,UNKNOWN,UNKNOWN,UNKNOWN_NO_DETAILED_INSPECTOR,NONE,NONE,NONE,NONE,__mye624509_myl0_37
fp16_prefill,38,__mye624511_myl0_38,,UNKNOWN,UNKNOWN,UNKNOWN,UNKNOWN_NO_DETAILED_INSPECTOR,NONE,NONE,NONE,NONE,__mye624511_myl0_38
fp16_prefill,39,__myl_NegExpAddDivMulMul_myl0_39,,UNKNOWN,UNKNOWN,UNKNOWN,UNKNOWN_NO_DETAILED_INSPECTOR,NONE,NONE,NONE,NONE,UNKNOWN
fp16_prefill,40,__myl_FcAdd_myl0_40,,UNKNOWN,UNKNOWN,UNKNOWN,UNKNOWN_NO_DETAILED_INSPECTOR,NONE,NONE,NONE,NONE,UNKNOWN
fp16_prefill,41,__myl_MulMeaAddSqrDivMulMul_myl0_41,,UNKNOWN,UNKNOWN,UNKNOWN,UNKNOWN_NO_DETAILED_INSPECTOR,NONE,NONE,NONE,NONE,UNKNOWN
fp16_prefill,42,/v_proj_2/MatMul+/k_proj_2/MatMul+/q_proj_2/MatMul_myl0_42,,L2:v_proj,LINEAR,GEMM,UNKNOWN_NO_DETAILED_INSPECTOR,NONE,NONE,NONE,NONE,/v_proj_2/MatMul+/k_proj_2/MatMul+/q_proj_2/MatMul_myl0_42
fp16_prefill,43,__mye624513_myl0_43,,UNKNOWN,UNKNOWN,UNKNOWN,UNKNOWN_NO_DETAILED_INSPECTOR,NONE,NONE,NONE,NONE,__mye624513_myl0_43
fp16_prefill,44,__myl_ResTraResSliRepRes_myl0_44,,UNKNOWN,UNKNOWN,UNKNOWN,UNKNOWN_NO_DETAILED_INSPECTOR,NONE,NONE,NONE,NONE,UNKNOWN
fp16_prefill,45,__mye624515_myl0_45,,UNKNOWN,UNKNOWN,UNKNOWN,UNKNOWN_NO_DETAILED_INSPECTOR,NONE,NONE,NONE,NONE,__mye624515_myl0_45
fp16_prefill,46,__myl_ResMulMea_myl0_46,,UNKNOWN,UNKNOWN,UNKNOWN,UNKNOWN_NO_DETAILED_INSPECTOR,NONE,NONE,NONE,NONE,UNKNOWN
fp16_prefill,47,__myl_AddSqrDivMulMulTraSliSliNegConMulMulAddResSliRepResTraRes_myl0_47,,UNKNOWN,UNKNOWN,UNKNOWN,UNKNOWN_NO_DETAILED_INSPECTOR,NONE,NONE,NONE,NONE,UNKNOWN
fp16_prefill,48,__mye624517_myl0_48,,UNKNOWN,UNKNOWN,UNKNOWN,UNKNOWN_NO_DETAILED_INSPECTOR,NONE,NONE,NONE,NONE,__mye624517_myl0_48
fp16_prefill,49,__myl_ResMulMea_myl0_49,,UNKNOWN,UNKNOWN,UNKNOWN,UNKNOWN_NO_DETAILED_INSPECTOR,NONE,NONE,NONE,NONE,UNKNOWN
fp16_prefill,50,__myl_AddSqrDivMulMulTraSliSliNegConMulMulAddRes_myl0_50,,UNKNOWN,UNKNOWN,UNKNOWN,UNKNOWN_NO_DETAILED_INSPECTOR,NONE,NONE,NONE,NONE,UNKNOWN
fp16_prefill,51,__mye624519_myl0_51,,UNKNOWN,UNKNOWN,UNKNOWN,UNKNOWN_NO_DETAILED_INSPECTOR,NONE,NONE,NONE,NONE,__mye624519_myl0_51
fp16_prefill,52,_gemm_mha_v2_myl0_52,,UNKNOWN,UNKNOWN,UNKNOWN,UNKNOWN_NO_DETAILED_INSPECTOR,NONE,NONE,NONE,NONE,_gemm_mha_v2_myl0_52
fp16_prefill,53,__myl_FcAdd_myl0_53,,UNKNOWN,UNKNOWN,UNKNOWN,UNKNOWN_NO_DETAILED_INSPECTOR,NONE,NONE,NONE,NONE,UNKNOWN
fp16_prefill,54,__myl_MulMeaAddSqrDivMulMul_myl0_54,,UNKNOWN,UNKNOWN,UNKNOWN,UNKNOWN_NO_DETAILED_INSPECTOR,NONE,NONE,NONE,NONE,UNKNOWN
fp16_prefill,55,__mye624521_myl0_55,,UNKNOWN,UNKNOWN,UNKNOWN,UNKNOWN_NO_DETAILED_INSPECTOR,NONE,NONE,NONE,NONE,__mye624521_myl0_55
fp16_prefill,56,/gate_proj_2/MatMul_myl0_56,,L2:gate_proj,LINEAR,GEMM,UNKNOWN_NO_DETAILED_INSPECTOR,NONE,NONE,NONE,NONE,/gate_proj_2/MatMul_myl0_56
fp16_prefill,57,__mye624523_myl0_57,,UNKNOWN,UNKNOWN,UNKNOWN,UNKNOWN_NO_DETAILED_INSPECTOR,NONE,NONE,NONE,NONE,__mye624523_myl0_57
fp16_prefill,58,/up_proj_2/MatMul_myl0_58,,L2:up_proj,LINEAR,GEMM,UNKNOWN_NO_DETAILED_INSPECTOR,NONE,NONE,NONE,NONE,/up_proj_2/MatMul_myl0_58
fp16_prefill,59,__mye624525_myl0_59,,UNKNOWN,UNKNOWN,UNKNOWN,UNKNOWN_NO_DETAILED_INSPECTOR,NONE,NONE,NONE,NONE,__mye624525_myl0_59
fp16_prefill,60,__mye624527_myl0_60,,UNKNOWN,UNKNOWN,UNKNOWN,UNKNOWN_NO_DETAILED_INSPECTOR,NONE,NONE,NONE,NONE,__mye624527_myl0_60
fp16_prefill,61,__myl_NegExpAddDivMulMul_myl0_61,,UNKNOWN,UNKNOWN,UNKNOWN,UNKNOWN_NO_DETAILED_INSPECTOR,NONE,NONE,NONE,NONE,UNKNOWN
fp16_prefill,62,__myl_FcAdd_myl0_62,,UNKNOWN,UNKNOWN,UNKNOWN,UNKNOWN_NO_DETAILED_INSPECTOR,NONE,NONE,NONE,NONE,UNKNOWN
fp16_prefill,63,__myl_MulMeaAddSqrDivMulMul_myl0_63,,UNKNOWN,UNKNOWN,UNKNOWN,UNKNOWN_NO_DETAILED_INSPECTOR,NONE,NONE,NONE,NONE,UNKNOWN
fp16_prefill,64,/v_proj_3/MatMul+/k_proj_3/MatMul+/q_proj_3/MatMul_myl0_64,,L3:v_proj,LINEAR,GEMM,UNKNOWN_NO_DETAILED_INSPECTOR,NONE,NONE,NONE,NONE,/v_proj_3/MatMul+/k_proj_3/MatMul+/q_proj_3/MatMul_myl0_64
fp16_prefill,65,__mye624529_myl0_65,,UNKNOWN,UNKNOWN,UNKNOWN,UNKNOWN_NO_DETAILED_INSPECTOR,NONE,NONE,NONE,NONE,__mye624529_myl0_65
fp16_prefill,66,__myl_ResTraResSliRepRes_myl0_66,,UNKNOWN,UNKNOWN,UNKNOWN,UNKNOWN_NO_DETAILED_INSPECTOR,NONE,NONE,NONE,NONE,UNKNOWN
fp16_prefill,67,__mye624531_myl0_67,,UNKNOWN,UNKNOWN,UNKNOWN,UNKNOWN_NO_DETAILED_INSPECTOR,NONE,NONE,NONE,NONE,__mye624531_myl0_67
fp16_prefill,68,__myl_ResMulMea_myl0_68,,UNKNOWN,UNKNOWN,UNKNOWN,UNKNOWN_NO_DETAILED_INSPECTOR,NONE,NONE,NONE,NONE,UNKNOWN
fp16_prefill,69,__myl_AddSqrDivMulMulTraSliSliNegConMulMulAddResSliRepResTraRes_myl0_69,,UNKNOWN,UNKNOWN,UNKNOWN,UNKNOWN_NO_DETAILED_INSPECTOR,NONE,NONE,NONE,NONE,UNKNOWN
fp16_prefill,70,__mye624533_myl0_70,,UNKNOWN,UNKNOWN,UNKNOWN,UNKNOWN_NO_DETAILED_INSPECTOR,NONE,NONE,NONE,NONE,__mye624533_myl0_70
fp16_prefill,71,__myl_ResMulMea_myl0_71,,UNKNOWN,UNKNOWN,UNKNOWN,UNKNOWN_NO_DETAILED_INSPECTOR,NONE,NONE,NONE,NONE,UNKNOWN
fp16_prefill,72,__myl_AddSqrDivMulMulTraSliSliNegConMulMulAddRes_myl0_72,,UNKNOWN,UNKNOWN,UNKNOWN,UNKNOWN_NO_DETAILED_INSPECTOR,NONE,NONE,NONE,NONE,UNKNOWN
fp16_prefill,73,__mye624535_myl0_73,,UNKNOWN,UNKNOWN,UNKNOWN,UNKNOWN_NO_DETAILED_INSPECTOR,NONE,NONE,NONE,NONE,__mye624535_myl0_73
fp16_prefill,74,_gemm_mha_v2_myl0_74,,UNKNOWN,UNKNOWN,UNKNOWN,UNKNOWN_NO_DETAILED_INSPECTOR,NONE,NONE,NONE,NONE,_gemm_mha_v2_myl0_74
fp16_prefill,75,__myl_FcAdd_myl0_75,,UNKNOWN,UNKNOWN,UNKNOWN,UNKNOWN_NO_DETAILED_INSPECTOR,NONE,NONE,NONE,NONE,UNKNOWN
fp16_prefill,76,__myl_MulMeaAddSqrDivMulMul_myl0_76,,UNKNOWN,UNKNOWN,UNKNOWN,UNKNOWN_NO_DETAILED_INSPECTOR,NONE,NONE,NONE,NONE,UNKNOWN
fp16_prefill,77,__mye624537_myl0_77,,UNKNOWN,UNKNOWN,UNKNOWN,UNKNOWN_NO_DETAILED_INSPECTOR,NONE,NONE,NONE,NONE,__mye624537_myl0_77
fp16_prefill,78,/gate_proj_3/MatMul_myl0_78,,L3:gate_proj,LINEAR,GEMM,UNKNOWN_NO_DETAILED_INSPECTOR,NONE,NONE,NONE,NONE,/gate_proj_3/MatMul_myl0_78
fp16_prefill,79,__mye624539_myl0_79,,UNKNOWN,UNKNOWN,UNKNOWN,UNKNOWN_NO_DETAILED_INSPECTOR,NONE,NONE,NONE,NONE,__mye624539_myl0_79
fp16_prefill,80,/up_proj_3/MatMul_myl0_80,,L3:up_proj,LINEAR,GEMM,UNKNOWN_NO_DETAILED_INSPECTOR,NONE,NONE,NONE,NONE,/up_proj_3/MatMul_myl0_80
fp16_prefill,81,__mye624541_myl0_81,,UNKNOWN,UNKNOWN,UNKNOWN,UNKNOWN_NO_DETAILED_INSPECTOR,NONE,NONE,NONE,NONE,__mye624541_myl0_81
fp16_prefill,82,__mye624543_myl0_82,,UNKNOWN,UNKNOWN,UNKNOWN,UNKNOWN_NO_DETAILED_INSPECTOR,NONE,NONE,NONE,NONE,__mye624543_myl0_82
fp16_prefill,83,__myl_NegExpAddDivMulMul_myl0_83,,UNKNOWN,UNKNOWN,UNKNOWN,UNKNOWN_NO_DETAILED_INSPECTOR,NONE,NONE,NONE,NONE,UNKNOWN
fp16_prefill,84,__myl_FcAdd_myl0_84,,UNKNOWN,UNKNOWN,UNKNOWN,UNKNOWN_NO_DETAILED_INSPECTOR,NONE,NONE,NONE,NONE,UNKNOWN
fp16_prefill,85,__myl_MulMeaAddSqrDivMulMul_myl0_85,,UNKNOWN,UNKNOWN,UNKNOWN,UNKNOWN_NO_DETAILED_INSPECTOR,NONE,NONE,NONE,NONE,UNKNOWN
fp16_prefill,86,/v_proj_4/MatMul+/k_proj_4/MatMul+/q_proj_4/MatMul_myl0_86,,L4:v_proj,LINEAR,GEMM,UNKNOWN_NO_DETAILED_INSPECTOR,NONE,NONE,NONE,NONE,/v_proj_4/MatMul+/k_proj_4/MatMul+/q_proj_4/MatMul_myl0_86
fp16_prefill,87,__mye624545_myl0_87,,UNKNOWN,UNKNOWN,UNKNOWN,UNKNOWN_NO_DETAILED_INSPECTOR,NONE,NONE,NONE,NONE,__mye624545_myl0_87
fp16_prefill,88,__myl_ResTraResSliRepRes_myl0_88,,UNKNOWN,UNKNOWN,UNKNOWN,UNKNOWN_NO_DETAILED_INSPECTOR,NONE,NONE,NONE,NONE,UNKNOWN
fp16_prefill,89,__mye624547_myl0_89,,UNKNOWN,UNKNOWN,UNKNOWN,UNKNOWN_NO_DETAILED_INSPECTOR,NONE,NONE,NONE,NONE,__mye624547_myl0_89
fp16_prefill,90,__myl_ResMulMea_myl0_90,,UNKNOWN,UNKNOWN,UNKNOWN,UNKNOWN_NO_DETAILED_INSPECTOR,NONE,NONE,NONE,NONE,UNKNOWN
fp16_prefill,91,__myl_AddSqrDivMulMulTraSliSliNegConMulMulAddResSliRepResTraRes_myl0_91,,UNKNOWN,UNKNOWN,UNKNOWN,UNKNOWN_NO_DETAILED_INSPECTOR,NONE,NONE,NONE,NONE,UNKNOWN
fp16_prefill,92,__mye624549_myl0_92,,UNKNOWN,UNKNOWN,UNKNOWN,UNKNOWN_NO_DETAILED_INSPECTOR,NONE,NONE,NONE,NONE,__mye624549_myl0_92
fp16_prefill,93,__myl_ResMulMea_myl0_93,,UNKNOWN,UNKNOWN,UNKNOWN,UNKNOWN_NO_DETAILED_INSPECTOR,NONE,NONE,NONE,NONE,UNKNOWN
fp16_prefill,94,__myl_AddSqrDivMulMulTraSliSliNegConMulMulAddRes_myl0_94,,UNKNOWN,UNKNOWN,UNKNOWN,UNKNOWN_NO_DETAILED_INSPECTOR,NONE,NONE,NONE,NONE,UNKNOWN
fp16_prefill,95,__mye624551_myl0_95,,UNKNOWN,UNKNOWN,UNKNOWN,UNKNOWN_NO_DETAILED_INSPECTOR,NONE,NONE,NONE,NONE,__mye624551_myl0_95
fp16_prefill,96,_gemm_mha_v2_myl0_96,,UNKNOWN,UNKNOWN,UNKNOWN,UNKNOWN_NO_DETAILED_INSPECTOR,NONE,NONE,NONE,NONE,_gemm_mha_v2_myl0_96
fp16_prefill,97,__myl_FcAdd_myl0_97,,UNKNOWN,UNKNOWN,UNKNOWN,UNKNOWN_NO_DETAILED_INSPECTOR,NONE,NONE,NONE,NONE,UNKNOWN
fp16_prefill,98,__myl_MulMeaAddSqrDivMulMul_myl0_98,,UNKNOWN,UNKNOWN,UNKNOWN,UNKNOWN_NO_DETAILED_INSPECTOR,NONE,NONE,NONE,NONE,UNKNOWN
fp16_prefill,99,__mye624553_myl0_99,,UNKNOWN,UNKNOWN,UNKNOWN,UNKNOWN_NO_DETAILED_INSPECTOR,NONE,NONE,NONE,NONE,__mye624553_myl0_99
fp16_prefill,100,/gate_proj_4/MatMul_myl0_100,,L4:gate_proj,LINEAR,GEMM,UNKNOWN_NO_DETAILED_INSPECTOR,NONE,NONE,NONE,NONE,/gate_proj_4/MatMul_myl0_100
fp16_prefill,101,__mye624555_myl0_101,,UNKNOWN,UNKNOWN,UNKNOWN,UNKNOWN_NO_DETAILED_INSPECTOR,NONE,NONE,NONE,NONE,__mye624555_myl0_101
fp16_prefill,102,/up_proj_4/MatMul_myl0_102,,L4:up_proj,LINEAR,GEMM,UNKNOWN_NO_DETAILED_INSPECTOR,NONE,NONE,NONE,NONE,/up_proj_4/MatMul_myl0_102
fp16_prefill,103,__mye624557_myl0_103,,UNKNOWN,UNKNOWN,UNKNOWN,UNKNOWN_NO_DETAILED_INSPECTOR,NONE,NONE,NONE,NONE,__mye624557_myl0_103
fp16_prefill,104,__mye624559_myl0_104,,UNKNOWN,UNKNOWN,UNKNOWN,UNKNOWN_NO_DETAILED_INSPECTOR,NONE,NONE,NONE,NONE,__mye624559_myl0_104
fp16_prefill,105,__myl_NegExpAddDivMulMul_myl0_105,,UNKNOWN,UNKNOWN,UNKNOWN,UNKNOWN_NO_DETAILED_INSPECTOR,NONE,NONE,NONE,NONE,UNKNOWN
fp16_prefill,106,__myl_FcAdd_myl0_106,,UNKNOWN,UNKNOWN,UNKNOWN,UNKNOWN_NO_DETAILED_INSPECTOR,NONE,NONE,NONE,NONE,UNKNOWN
fp16_prefill,107,__myl_MulMeaAddSqrDivMulMul_myl0_107,,UNKNOWN,UNKNOWN,UNKNOWN,UNKNOWN_NO_DETAILED_INSPECTOR,NONE,NONE,NONE,NONE,UNKNOWN
fp16_prefill,108,/v_proj_5/MatMul+/k_proj_5/MatMul+/q_proj_5/MatMul_myl0_108,,L5:v_proj,LINEAR,GEMM,UNKNOWN_NO_DETAILED_INSPECTOR,NONE,NONE,NONE,NONE,/v_proj_5/MatMul+/k_proj_5/MatMul+/q_proj_5/MatMul_myl0_108
fp16_prefill,109,__mye624561_myl0_109,,UNKNOWN,UNKNOWN,UNKNOWN,UNKNOWN_NO_DETAILED_INSPECTOR,NONE,NONE,NONE,NONE,__mye624561_myl0_109
fp16_prefill,110,__myl_ResTraResSliRepRes_myl0_110,,UNKNOWN,UNKNOWN,UNKNOWN,UNKNOWN_NO_DETAILED_INSPECTOR,NONE,NONE,NONE,NONE,UNKNOWN
fp16_prefill,111,__mye624563_myl0_111,,UNKNOWN,UNKNOWN,UNKNOWN,UNKNOWN_NO_DETAILED_INSPECTOR,NONE,NONE,NONE,NONE,__mye624563_myl0_111
fp16_prefill,112,__myl_ResMulMea_myl0_112,,UNKNOWN,UNKNOWN,UNKNOWN,UNKNOWN_NO_DETAILED_INSPECTOR,NONE,NONE,NONE,NONE,UNKNOWN
fp16_prefill,113,__myl_AddSqrDivMulMulTraSliSliNegConMulMulAddResSliRepResTraRes_myl0_113,,UNKNOWN,UNKNOWN,UNKNOWN,UNKNOWN_NO_DETAILED_INSPECTOR,NONE,NONE,NONE,NONE,UNKNOWN
fp16_prefill,114,__mye624565_myl0_114,,UNKNOWN,UNKNOWN,UNKNOWN,UNKNOWN_NO_DETAILED_INSPECTOR,NONE,NONE,NONE,NONE,__mye624565_myl0_114
fp16_prefill,115,__myl_ResMulMea_myl0_115,,UNKNOWN,UNKNOWN,UNKNOWN,UNKNOWN_NO_DETAILED_INSPECTOR,NONE,NONE,NONE,NONE,UNKNOWN
fp16_prefill,116,__myl_AddSqrDivMulMulTraSliSliNegConMulMulAddRes_myl0_116,,UNKNOWN,UNKNOWN,UNKNOWN,UNKNOWN_NO_DETAILED_INSPECTOR,NONE,NONE,NONE,NONE,UNKNOWN
fp16_prefill,117,__mye624567_myl0_117,,UNKNOWN,UNKNOWN,UNKNOWN,UNKNOWN_NO_DETAILED_INSPECTOR,NONE,NONE,NONE,NONE,__mye624567_myl0_117
fp16_prefill,118,_gemm_mha_v2_myl0_118,,UNKNOWN,UNKNOWN,UNKNOWN,UNKNOWN_NO_DETAILED_INSPECTOR,NONE,NONE,NONE,NONE,_gemm_mha_v2_myl0_118
fp16_prefill,119,__myl_FcAdd_myl0_119,,UNKNOWN,UNKNOWN,UNKNOWN,UNKNOWN_NO_DETAILED_INSPECTOR,NONE,NONE,NONE,NONE,UNKNOWN
fp16_prefill,120,__myl_MulMeaAddSqrDivMulMul_myl0_120,,UNKNOWN,UNKNOWN,UNKNOWN,UNKNOWN_NO_DETAILED_INSPECTOR,NONE,NONE,NONE,NONE,UNKNOWN
fp16_prefill,121,__mye624569_myl0_121,,UNKNOWN,UNKNOWN,UNKNOWN,UNKNOWN_NO_DETAILED_INSPECTOR,NONE,NONE,NONE,NONE,__mye624569_myl0_121
fp16_prefill,122,/gate_proj_5/MatMul_myl0_122,,L5:gate_proj,LINEAR,GEMM,UNKNOWN_NO_DETAILED_INSPECTOR,NONE,NONE,NONE,NONE,/gate_proj_5/MatMul_myl0_122
fp16_prefill,123,__mye624571_myl0_123,,UNKNOWN,UNKNOWN,UNKNOWN,UNKNOWN_NO_DETAILED_INSPECTOR,NONE,NONE,NONE,NONE,__mye624571_myl0_123
fp16_prefill,124,/up_proj_5/MatMul_myl0_124,,L5:up_proj,LINEAR,GEMM,UNKNOWN_NO_DETAILED_INSPECTOR,NONE,NONE,NONE,NONE,/up_proj_5/MatMul_myl0_124
fp16_prefill,125,__mye624573_myl0_125,,UNKNOWN,UNKNOWN,UNKNOWN,UNKNOWN_NO_DETAILED_INSPECTOR,NONE,NONE,NONE,NONE,__mye624573_myl0_125
fp16_prefill,126,__mye624575_myl0_126,,UNKNOWN,UNKNOWN,UNKNOWN,UNKNOWN_NO_DETAILED_INSPECTOR,NONE,NONE,NONE,NONE,__mye624575_myl0_126
fp16_prefill,127,__myl_NegExpAddDivMulMul_myl0_127,,UNKNOWN,UNKNOWN,UNKNOWN,UNKNOWN_NO_DETAILED_INSPECTOR,NONE,NONE,NONE,NONE,UNKNOWN
fp16_prefill,128,__myl_FcAdd_myl0_128,,UNKNOWN,UNKNOWN,UNKNOWN,UNKNOWN_NO_DETAILED_INSPECTOR,NONE,NONE,NONE,NONE,UNKNOWN
fp16_prefill,129,__myl_MulMeaAddSqrDivMulMul_myl0_129,,UNKNOWN,UNKNOWN,UNKNOWN,UNKNOWN_NO_DETAILED_INSPECTOR,NONE,NONE,NONE,NONE,UNKNOWN
fp16_prefill,130,/v_proj_6/MatMul+/k_proj_6/MatMul+/q_proj_6/MatMul_myl0_130,,L6:v_proj,LINEAR,GEMM,UNKNOWN_NO_DETAILED_INSPECTOR,NONE,NONE,NONE,NONE,/v_proj_6/MatMul+/k_proj_6/MatMul+/q_proj_6/MatMul_myl0_130
fp16_prefill,131,__mye624577_myl0_131,,UNKNOWN,UNKNOWN,UNKNOWN,UNKNOWN_NO_DETAILED_INSPECTOR,NONE,NONE,NONE,NONE,__mye624577_myl0_131
fp16_prefill,132,__myl_ResTraResSliRepRes_myl0_132,,UNKNOWN,UNKNOWN,UNKNOWN,UNKNOWN_NO_DETAILED_INSPECTOR,NONE,NONE,NONE,NONE,UNKNOWN
fp16_prefill,133,__mye624579_myl0_133,,UNKNOWN,UNKNOWN,UNKNOWN,UNKNOWN_NO_DETAILED_INSPECTOR,NONE,NONE,NONE,NONE,__mye624579_myl0_133
fp16_prefill,134,__myl_ResMulMea_myl0_134,,UNKNOWN,UNKNOWN,UNKNOWN,UNKNOWN_NO_DETAILED_INSPECTOR,NONE,NONE,NONE,NONE,UNKNOWN
fp16_prefill,135,__myl_AddSqrDivMulMulTraSliSliNegConMulMulAddResSliRepResTraRes_myl0_135,,UNKNOWN,UNKNOWN,UNKNOWN,UNKNOWN_NO_DETAILED_INSPECTOR,NONE,NONE,NONE,NONE,UNKNOWN
fp16_prefill,136,__mye624581_myl0_136,,UNKNOWN,UNKNOWN,UNKNOWN,UNKNOWN_NO_DETAILED_INSPECTOR,NONE,NONE,NONE,NONE,__mye624581_myl0_136
fp16_prefill,137,__myl_ResMulMea_myl0_137,,UNKNOWN,UNKNOWN,UNKNOWN,UNKNOWN_NO_DETAILED_INSPECTOR,NONE,NONE,NONE,NONE,UNKNOWN
fp16_prefill,138,__myl_AddSqrDivMulMulTraSliSliNegConMulMulAddRes_myl0_138,,UNKNOWN,UNKNOWN,UNKNOWN,UNKNOWN_NO_DETAILED_INSPECTOR,NONE,NONE,NONE,NONE,UNKNOWN
fp16_prefill,139,__mye624583_myl0_139,,UNKNOWN,UNKNOWN,UNKNOWN,UNKNOWN_NO_DETAILED_INSPECTOR,NONE,NONE,NONE,NONE,__mye624583_myl0_139
fp16_prefill,140,_gemm_mha_v2_myl0_140,,UNKNOWN,UNKNOWN,UNKNOWN,UNKNOWN_NO_DETAILED_INSPECTOR,NONE,NONE,NONE,NONE,_gemm_mha_v2_myl0_140
fp16_prefill,141,__myl_FcAdd_myl0_141,,UNKNOWN,UNKNOWN,UNKNOWN,UNKNOWN_NO_DETAILED_INSPECTOR,NONE,NONE,NONE,NONE,UNKNOWN
fp16_prefill,142,__myl_MulMeaAddSqrDivMulMul_myl0_142,,UNKNOWN,UNKNOWN,UNKNOWN,UNKNOWN_NO_DETAILED_INSPECTOR,NONE,NONE,NONE,NONE,UNKNOWN
fp16_prefill,143,__mye624585_myl0_143,,UNKNOWN,UNKNOWN,UNKNOWN,UNKNOWN_NO_DETAILED_INSPECTOR,NONE,NONE,NONE,NONE,__mye624585_myl0_143
fp16_prefill,144,/gate_proj_6/MatMul_myl0_144,,L6:gate_proj,LINEAR,GEMM,UNKNOWN_NO_DETAILED_INSPECTOR,NONE,NONE,NONE,NONE,/gate_proj_6/MatMul_myl0_144
fp16_prefill,145,__mye624587_myl0_145,,UNKNOWN,UNKNOWN,UNKNOWN,UNKNOWN_NO_DETAILED_INSPECTOR,NONE,NONE,NONE,NONE,__mye624587_myl0_145
fp16_prefill,146,/up_proj_6/MatMul_myl0_146,,L6:up_proj,LINEAR,GEMM,UNKNOWN_NO_DETAILED_INSPECTOR,NONE,NONE,NONE,NONE,/up_proj_6/MatMul_myl0_146
fp16_prefill,147,__mye624589_myl0_147,,UNKNOWN,UNKNOWN,UNKNOWN,UNKNOWN_NO_DETAILED_INSPECTOR,NONE,NONE,NONE,NONE,__mye624589_myl0_147
fp16_prefill,148,__mye624591_myl0_148,,UNKNOWN,UNKNOWN,UNKNOWN,UNKNOWN_NO_DETAILED_INSPECTOR,NONE,NONE,NONE,NONE,__mye624591_myl0_148
fp16_prefill,149,__myl_NegExpAddDivMulMul_myl0_149,,UNKNOWN,UNKNOWN,UNKNOWN,UNKNOWN_NO_DETAILED_INSPECTOR,NONE,NONE,NONE,NONE,UNKNOWN
fp16_prefill,150,__myl_FcAdd_myl0_150,,UNKNOWN,UNKNOWN,UNKNOWN,UNKNOWN_NO_DETAILED_INSPECTOR,NONE,NONE,NONE,NONE,UNKNOWN
fp16_prefill,151,__myl_MulMeaAddSqrDivMulMul_myl0_151,,UNKNOWN,UNKNOWN,UNKNOWN,UNKNOWN_NO_DETAILED_INSPECTOR,NONE,NONE,NONE,NONE,UNKNOWN
fp16_prefill,152,/v_proj_7/MatMul+/k_proj_7/MatMul+/q_proj_7/MatMul_myl0_152,,L7:v_proj,LINEAR,GEMM,UNKNOWN_NO_DETAILED_INSPECTOR,NONE,NONE,NONE,NONE,/v_proj_7/MatMul+/k_proj_7/MatMul+/q_proj_7/MatMul_myl0_152
fp16_prefill,153,__mye624593_myl0_153,,UNKNOWN,UNKNOWN,UNKNOWN,UNKNOWN_NO_DETAILED_INSPECTOR,NONE,NONE,NONE,NONE,__mye624593_myl0_153
fp16_prefill,154,__myl_ResTraResSliRepRes_myl0_154,,UNKNOWN,UNKNOWN,UNKNOWN,UNKNOWN_NO_DETAILED_INSPECTOR,NONE,NONE,NONE,NONE,UNKNOWN
fp16_prefill,155,__mye624595_myl0_155,,UNKNOWN,UNKNOWN,UNKNOWN,UNKNOWN_NO_DETAILED_INSPECTOR,NONE,NONE,NONE,NONE,__mye624595_myl0_155
fp16_prefill,156,__myl_ResMulMea_myl0_156,,UNKNOWN,UNKNOWN,UNKNOWN,UNKNOWN_NO_DETAILED_INSPECTOR,NONE,NONE,NONE,NONE,UNKNOWN
fp16_prefill,157,__myl_AddSqrDivMulMulTraSliSliNegConMulMulAddResSliRepResTraRes_myl0_157,,UNKNOWN,UNKNOWN,UNKNOWN,UNKNOWN_NO_DETAILED_INSPECTOR,NONE,NONE,NONE,NONE,UNKNOWN
fp16_prefill,158,__mye624597_myl0_158,,UNKNOWN,UNKNOWN,UNKNOWN,UNKNOWN_NO_DETAILED_INSPECTOR,NONE,NONE,NONE,NONE,__mye624597_myl0_158
fp16_prefill,159,__myl_ResMulMea_myl0_159,,UNKNOWN,UNKNOWN,UNKNOWN,UNKNOWN_NO_DETAILED_INSPECTOR,NONE,NONE,NONE,NONE,UNKNOWN
fp16_prefill,160,__myl_AddSqrDivMulMulTraSliSliNegConMulMulAddRes_myl0_160,,UNKNOWN,UNKNOWN,UNKNOWN,UNKNOWN_NO_DETAILED_INSPECTOR,NONE,NONE,NONE,NONE,UNKNOWN
fp16_prefill,161,__mye624599_myl0_161,,UNKNOWN,UNKNOWN,UNKNOWN,UNKNOWN_NO_DETAILED_INSPECTOR,NONE,NONE,NONE,NONE,__mye624599_myl0_161
fp16_prefill,162,_gemm_mha_v2_myl0_162,,UNKNOWN,UNKNOWN,UNKNOWN,UNKNOWN_NO_DETAILED_INSPECTOR,NONE,NONE,NONE,NONE,_gemm_mha_v2_myl0_162
fp16_prefill,163,__myl_FcAdd_myl0_163,,UNKNOWN,UNKNOWN,UNKNOWN,UNKNOWN_NO_DETAILED_INSPECTOR,NONE,NONE,NONE,NONE,UNKNOWN
fp16_prefill,164,__myl_MulMeaAddSqrDivMulMul_myl0_164,,UNKNOWN,UNKNOWN,UNKNOWN,UNKNOWN_NO_DETAILED_INSPECTOR,NONE,NONE,NONE,NONE,UNKNOWN
fp16_prefill,165,__mye624601_myl0_165,,UNKNOWN,UNKNOWN,UNKNOWN,UNKNOWN_NO_DETAILED_INSPECTOR,NONE,NONE,NONE,NONE,__mye624601_myl0_165
fp16_prefill,166,/gate_proj_7/MatMul_myl0_166,,L7:gate_proj,LINEAR,GEMM,UNKNOWN_NO_DETAILED_INSPECTOR,NONE,NONE,NONE,NONE,/gate_proj_7/MatMul_myl0_166
fp16_prefill,167,__mye624603_myl0_167,,UNKNOWN,UNKNOWN,UNKNOWN,UNKNOWN_NO_DETAILED_INSPECTOR,NONE,NONE,NONE,NONE,__mye624603_myl0_167
fp16_prefill,168,/up_proj_7/MatMul_myl0_168,,L7:up_proj,LINEAR,GEMM,UNKNOWN_NO_DETAILED_INSPECTOR,NONE,NONE,NONE,NONE,/up_proj_7/MatMul_myl0_168
fp16_prefill,169,__mye624605_myl0_169,,UNKNOWN,UNKNOWN,UNKNOWN,UNKNOWN_NO_DETAILED_INSPECTOR,NONE,NONE,NONE,NONE,__mye624605_myl0_169
fp16_prefill,170,__mye624607_myl0_170,,UNKNOWN,UNKNOWN,UNKNOWN,UNKNOWN_NO_DETAILED_INSPECTOR,NONE,NONE,NONE,NONE,__mye624607_myl0_170
fp16_prefill,171,__myl_NegExpAddDivMulMul_myl0_171,,UNKNOWN,UNKNOWN,UNKNOWN,UNKNOWN_NO_DETAILED_INSPECTOR,NONE,NONE,NONE,NONE,UNKNOWN
fp16_prefill,172,__myl_FcAdd_myl0_172,,UNKNOWN,UNKNOWN,UNKNOWN,UNKNOWN_NO_DETAILED_INSPECTOR,NONE,NONE,NONE,NONE,UNKNOWN
fp16_prefill,173,__myl_MulMeaAddSqrDivMulMul_myl0_173,,UNKNOWN,UNKNOWN,UNKNOWN,UNKNOWN_NO_DETAILED_INSPECTOR,NONE,NONE,NONE,NONE,UNKNOWN
fp16_prefill,174,/v_proj_8/MatMul+/k_proj_8/MatMul+/q_proj_8/MatMul_myl0_174,,L8:v_proj,LINEAR,GEMM,UNKNOWN_NO_DETAILED_INSPECTOR,NONE,NONE,NONE,NONE,/v_proj_8/MatMul+/k_proj_8/MatMul+/q_proj_8/MatMul_myl0_174
fp16_prefill,175,__mye624609_myl0_175,,UNKNOWN,UNKNOWN,UNKNOWN,UNKNOWN_NO_DETAILED_INSPECTOR,NONE,NONE,NONE,NONE,__mye624609_myl0_175
fp16_prefill,176,__myl_ResTraResSliRepRes_myl0_176,,UNKNOWN,UNKNOWN,UNKNOWN,UNKNOWN_NO_DETAILED_INSPECTOR,NONE,NONE,NONE,NONE,UNKNOWN
fp16_prefill,177,__mye624611_myl0_177,,UNKNOWN,UNKNOWN,UNKNOWN,UNKNOWN_NO_DETAILED_INSPECTOR,NONE,NONE,NONE,NONE,__mye624611_myl0_177
fp16_prefill,178,__myl_ResMulMea_myl0_178,,UNKNOWN,UNKNOWN,UNKNOWN,UNKNOWN_NO_DETAILED_INSPECTOR,NONE,NONE,NONE,NONE,UNKNOWN
fp16_prefill,179,__myl_AddSqrDivMulMulTraSliSliNegConMulMulAddResSliRepResTraRes_myl0_179,,UNKNOWN,UNKNOWN,UNKNOWN,UNKNOWN_NO_DETAILED_INSPECTOR,NONE,NONE,NONE,NONE,UNKNOWN
fp16_prefill,180,__mye624613_myl0_180,,UNKNOWN,UNKNOWN,UNKNOWN,UNKNOWN_NO_DETAILED_INSPECTOR,NONE,NONE,NONE,NONE,__mye624613_myl0_180
fp16_prefill,181,__myl_ResMulMea_myl0_181,,UNKNOWN,UNKNOWN,UNKNOWN,UNKNOWN_NO_DETAILED_INSPECTOR,NONE,NONE,NONE,NONE,UNKNOWN
fp16_prefill,182,__myl_AddSqrDivMulMulTraSliSliNegConMulMulAddRes_myl0_182,,UNKNOWN,UNKNOWN,UNKNOWN,UNKNOWN_NO_DETAILED_INSPECTOR,NONE,NONE,NONE,NONE,UNKNOWN
fp16_prefill,183,__mye624615_myl0_183,,UNKNOWN,UNKNOWN,UNKNOWN,UNKNOWN_NO_DETAILED_INSPECTOR,NONE,NONE,NONE,NONE,__mye624615_myl0_183
fp16_prefill,184,_gemm_mha_v2_myl0_184,,UNKNOWN,UNKNOWN,UNKNOWN,UNKNOWN_NO_DETAILED_INSPECTOR,NONE,NONE,NONE,NONE,_gemm_mha_v2_myl0_184
fp16_prefill,185,__myl_FcAdd_myl0_185,,UNKNOWN,UNKNOWN,UNKNOWN,UNKNOWN_NO_DETAILED_INSPECTOR,NONE,NONE,NONE,NONE,UNKNOWN
fp16_prefill,186,__myl_MulMeaAddSqrDivMulMul_myl0_186,,UNKNOWN,UNKNOWN,UNKNOWN,UNKNOWN_NO_DETAILED_INSPECTOR,NONE,NONE,NONE,NONE,UNKNOWN
fp16_prefill,187,__mye624617_myl0_187,,UNKNOWN,UNKNOWN,UNKNOWN,UNKNOWN_NO_DETAILED_INSPECTOR,NONE,NONE,NONE,NONE,__mye624617_myl0_187
fp16_prefill,188,/gate_proj_8/MatMul_myl0_188,,L8:gate_proj,LINEAR,GEMM,UNKNOWN_NO_DETAILED_INSPECTOR,NONE,NONE,NONE,NONE,/gate_proj_8/MatMul_myl0_188
fp16_prefill,189,__mye624619_myl0_189,,UNKNOWN,UNKNOWN,UNKNOWN,UNKNOWN_NO_DETAILED_INSPECTOR,NONE,NONE,NONE,NONE,__mye624619_myl0_189
fp16_prefill,190,/up_proj_8/MatMul_myl0_190,,L8:up_proj,LINEAR,GEMM,UNKNOWN_NO_DETAILED_INSPECTOR,NONE,NONE,NONE,NONE,/up_proj_8/MatMul_myl0_190
fp16_prefill,191,__mye624621_myl0_191,,UNKNOWN,UNKNOWN,UNKNOWN,UNKNOWN_NO_DETAILED_INSPECTOR,NONE,NONE,NONE,NONE,__mye624621_myl0_191
fp16_prefill,192,__mye624623_myl0_192,,UNKNOWN,UNKNOWN,UNKNOWN,UNKNOWN_NO_DETAILED_INSPECTOR,NONE,NONE,NONE,NONE,__mye624623_myl0_192
fp16_prefill,193,__myl_NegExpAddDivMulMul_myl0_193,,UNKNOWN,UNKNOWN,UNKNOWN,UNKNOWN_NO_DETAILED_INSPECTOR,NONE,NONE,NONE,NONE,UNKNOWN
fp16_prefill,194,__myl_FcAdd_myl0_194,,UNKNOWN,UNKNOWN,UNKNOWN,UNKNOWN_NO_DETAILED_INSPECTOR,NONE,NONE,NONE,NONE,UNKNOWN
fp16_prefill,195,__myl_MulMeaAddSqrDivMulMul_myl0_195,,UNKNOWN,UNKNOWN,UNKNOWN,UNKNOWN_NO_DETAILED_INSPECTOR,NONE,NONE,NONE,NONE,UNKNOWN
fp16_prefill,196,/v_proj_9/MatMul+/k_proj_9/MatMul+/q_proj_9/MatMul_myl0_196,,L9:v_proj,LINEAR,GEMM,UNKNOWN_NO_DETAILED_INSPECTOR,NONE,NONE,NONE,NONE,/v_proj_9/MatMul+/k_proj_9/MatMul+/q_proj_9/MatMul_myl0_196
fp16_prefill,197,__mye624625_myl0_197,,UNKNOWN,UNKNOWN,UNKNOWN,UNKNOWN_NO_DETAILED_INSPECTOR,NONE,NONE,NONE,NONE,__mye624625_myl0_197
fp16_prefill,198,__myl_ResTraResSliRepRes_myl0_198,,UNKNOWN,UNKNOWN,UNKNOWN,UNKNOWN_NO_DETAILED_INSPECTOR,NONE,NONE,NONE,NONE,UNKNOWN
fp16_prefill,199,__mye624627_myl0_199,,UNKNOWN,UNKNOWN,UNKNOWN,UNKNOWN_NO_DETAILED_INSPECTOR,NONE,NONE,NONE,NONE,__mye624627_myl0_199
fp16_prefill,200,__myl_ResMulMea_myl0_200,,UNKNOWN,UNKNOWN,UNKNOWN,UNKNOWN_NO_DETAILED_INSPECTOR,NONE,NONE,NONE,NONE,UNKNOWN
fp16_prefill,201,__myl_AddSqrDivMulMulTraSliSliNegConMulMulAddResSliRepResTraRes_myl0_201,,UNKNOWN,UNKNOWN,UNKNOWN,UNKNOWN_NO_DETAILED_INSPECTOR,NONE,NONE,NONE,NONE,UNKNOWN
fp16_prefill,202,__mye624629_myl0_202,,UNKNOWN,UNKNOWN,UNKNOWN,UNKNOWN_NO_DETAILED_INSPECTOR,NONE,NONE,NONE,NONE,__mye624629_myl0_202
fp16_prefill,203,__myl_ResMulMea_myl0_203,,UNKNOWN,UNKNOWN,UNKNOWN,UNKNOWN_NO_DETAILED_INSPECTOR,NONE,NONE,NONE,NONE,UNKNOWN
fp16_prefill,204,__myl_AddSqrDivMulMulTraSliSliNegConMulMulAddRes_myl0_204,,UNKNOWN,UNKNOWN,UNKNOWN,UNKNOWN_NO_DETAILED_INSPECTOR,NONE,NONE,NONE,NONE,UNKNOWN
fp16_prefill,205,__mye624631_myl0_205,,UNKNOWN,UNKNOWN,UNKNOWN,UNKNOWN_NO_DETAILED_INSPECTOR,NONE,NONE,NONE,NONE,__mye624631_myl0_205
fp16_prefill,206,_gemm_mha_v2_myl0_206,,UNKNOWN,UNKNOWN,UNKNOWN,UNKNOWN_NO_DETAILED_INSPECTOR,NONE,NONE,NONE,NONE,_gemm_mha_v2_myl0_206
fp16_prefill,207,__myl_FcAdd_myl0_207,,UNKNOWN,UNKNOWN,UNKNOWN,UNKNOWN_NO_DETAILED_INSPECTOR,NONE,NONE,NONE,NONE,UNKNOWN
fp16_prefill,208,__myl_MulMeaAddSqrDivMulMul_myl0_208,,UNKNOWN,UNKNOWN,UNKNOWN,UNKNOWN_NO_DETAILED_INSPECTOR,NONE,NONE,NONE,NONE,UNKNOWN
fp16_prefill,209,__mye624633_myl0_209,,UNKNOWN,UNKNOWN,UNKNOWN,UNKNOWN_NO_DETAILED_INSPECTOR,NONE,NONE,NONE,NONE,__mye624633_myl0_209
fp16_prefill,210,/gate_proj_9/MatMul_myl0_210,,L9:gate_proj,LINEAR,GEMM,UNKNOWN_NO_DETAILED_INSPECTOR,NONE,NONE,NONE,NONE,/gate_proj_9/MatMul_myl0_210
fp16_prefill,211,__mye624635_myl0_211,,UNKNOWN,UNKNOWN,UNKNOWN,UNKNOWN_NO_DETAILED_INSPECTOR,NONE,NONE,NONE,NONE,__mye624635_myl0_211
fp16_prefill,212,/up_proj_9/MatMul_myl0_212,,L9:up_proj,LINEAR,GEMM,UNKNOWN_NO_DETAILED_INSPECTOR,NONE,NONE,NONE,NONE,/up_proj_9/MatMul_myl0_212
fp16_prefill,213,__mye624637_myl0_213,,UNKNOWN,UNKNOWN,UNKNOWN,UNKNOWN_NO_DETAILED_INSPECTOR,NONE,NONE,NONE,NONE,__mye624637_myl0_213
fp16_prefill,214,__mye624639_myl0_214,,UNKNOWN,UNKNOWN,UNKNOWN,UNKNOWN_NO_DETAILED_INSPECTOR,NONE,NONE,NONE,NONE,__mye624639_myl0_214
fp16_prefill,215,__myl_NegExpAddDivMulMul_myl0_215,,UNKNOWN,UNKNOWN,UNKNOWN,UNKNOWN_NO_DETAILED_INSPECTOR,NONE,NONE,NONE,NONE,UNKNOWN
fp16_prefill,216,__myl_FcAdd_myl0_216,,UNKNOWN,UNKNOWN,UNKNOWN,UNKNOWN_NO_DETAILED_INSPECTOR,NONE,NONE,NONE,NONE,UNKNOWN
fp16_prefill,217,__myl_MulMeaAddSqrDivMulMul_myl0_217,,UNKNOWN,UNKNOWN,UNKNOWN,UNKNOWN_NO_DETAILED_INSPECTOR,NONE,NONE,NONE,NONE,UNKNOWN
fp16_prefill,218,/v_proj_10/MatMul+/k_proj_10/MatMul+/q_proj_10/MatMul_myl0_218,,L10:v_proj,LINEAR,GEMM,UNKNOWN_NO_DETAILED_INSPECTOR,NONE,NONE,NONE,NONE,/v_proj_10/MatMul+/k_proj_10/MatMul+/q_proj_10/MatMul_myl0_218
fp16_prefill,219,__mye624641_myl0_219,,UNKNOWN,UNKNOWN,UNKNOWN,UNKNOWN_NO_DETAILED_INSPECTOR,NONE,NONE,NONE,NONE,__mye624641_myl0_219
fp16_prefill,220,__myl_ResTraResSliRepRes_myl0_220,,UNKNOWN,UNKNOWN,UNKNOWN,UNKNOWN_NO_DETAILED_INSPECTOR,NONE,NONE,NONE,NONE,UNKNOWN
fp16_prefill,221,__mye624643_myl0_221,,UNKNOWN,UNKNOWN,UNKNOWN,UNKNOWN_NO_DETAILED_INSPECTOR,NONE,NONE,NONE,NONE,__mye624643_myl0_221
fp16_prefill,222,__myl_ResMulMea_myl0_222,,UNKNOWN,UNKNOWN,UNKNOWN,UNKNOWN_NO_DETAILED_INSPECTOR,NONE,NONE,NONE,NONE,UNKNOWN
fp16_prefill,223,__myl_AddSqrDivMulMulTraSliSliNegConMulMulAddResSliRepResTraRes_myl0_223,,UNKNOWN,UNKNOWN,UNKNOWN,UNKNOWN_NO_DETAILED_INSPECTOR,NONE,NONE,NONE,NONE,UNKNOWN
fp16_prefill,224,__mye624645_myl0_224,,UNKNOWN,UNKNOWN,UNKNOWN,UNKNOWN_NO_DETAILED_INSPECTOR,NONE,NONE,NONE,NONE,__mye624645_myl0_224
fp16_prefill,225,__myl_ResMulMea_myl0_225,,UNKNOWN,UNKNOWN,UNKNOWN,UNKNOWN_NO_DETAILED_INSPECTOR,NONE,NONE,NONE,NONE,UNKNOWN
fp16_prefill,226,__myl_AddSqrDivMulMulTraSliSliNegConMulMulAddRes_myl0_226,,UNKNOWN,UNKNOWN,UNKNOWN,UNKNOWN_NO_DETAILED_INSPECTOR,NONE,NONE,NONE,NONE,UNKNOWN
fp16_prefill,227,__mye624647_myl0_227,,UNKNOWN,UNKNOWN,UNKNOWN,UNKNOWN_NO_DETAILED_INSPECTOR,NONE,NONE,NONE,NONE,__mye624647_myl0_227
fp16_prefill,228,_gemm_mha_v2_myl0_228,,UNKNOWN,UNKNOWN,UNKNOWN,UNKNOWN_NO_DETAILED_INSPECTOR,NONE,NONE,NONE,NONE,_gemm_mha_v2_myl0_228
fp16_prefill,229,__myl_FcAdd_myl0_229,,UNKNOWN,UNKNOWN,UNKNOWN,UNKNOWN_NO_DETAILED_INSPECTOR,NONE,NONE,NONE,NONE,UNKNOWN
fp16_prefill,230,__myl_MulMeaAddSqrDivMulMul_myl0_230,,UNKNOWN,UNKNOWN,UNKNOWN,UNKNOWN_NO_DETAILED_INSPECTOR,NONE,NONE,NONE,NONE,UNKNOWN
fp16_prefill,231,__mye624649_myl0_231,,UNKNOWN,UNKNOWN,UNKNOWN,UNKNOWN_NO_DETAILED_INSPECTOR,NONE,NONE,NONE,NONE,__mye624649_myl0_231
fp16_prefill,232,/gate_proj_10/MatMul_myl0_232,,L10:gate_proj,LINEAR,GEMM,UNKNOWN_NO_DETAILED_INSPECTOR,NONE,NONE,NONE,NONE,/gate_proj_10/MatMul_myl0_232
fp16_prefill,233,__mye624651_myl0_233,,UNKNOWN,UNKNOWN,UNKNOWN,UNKNOWN_NO_DETAILED_INSPECTOR,NONE,NONE,NONE,NONE,__mye624651_myl0_233
fp16_prefill,234,/up_proj_10/MatMul_myl0_234,,L10:up_proj,LINEAR,GEMM,UNKNOWN_NO_DETAILED_INSPECTOR,NONE,NONE,NONE,NONE,/up_proj_10/MatMul_myl0_234
fp16_prefill,235,__mye624653_myl0_235,,UNKNOWN,UNKNOWN,UNKNOWN,UNKNOWN_NO_DETAILED_INSPECTOR,NONE,NONE,NONE,NONE,__mye624653_myl0_235
fp16_prefill,236,__mye624655_myl0_236,,UNKNOWN,UNKNOWN,UNKNOWN,UNKNOWN_NO_DETAILED_INSPECTOR,NONE,NONE,NONE,NONE,__mye624655_myl0_236
fp16_prefill,237,__myl_NegExpAddDivMulMul_myl0_237,,UNKNOWN,UNKNOWN,UNKNOWN,UNKNOWN_NO_DETAILED_INSPECTOR,NONE,NONE,NONE,NONE,UNKNOWN
fp16_prefill,238,__myl_FcAdd_myl0_238,,UNKNOWN,UNKNOWN,UNKNOWN,UNKNOWN_NO_DETAILED_INSPECTOR,NONE,NONE,NONE,NONE,UNKNOWN
fp16_prefill,239,__myl_MulMeaAddSqrDivMulMul_myl0_239,,UNKNOWN,UNKNOWN,UNKNOWN,UNKNOWN_NO_DETAILED_INSPECTOR,NONE,NONE,NONE,NONE,UNKNOWN
fp16_prefill,240,/v_proj_11/MatMul+/k_proj_11/MatMul+/q_proj_11/MatMul_myl0_240,,L11:v_proj,LINEAR,GEMM,UNKNOWN_NO_DETAILED_INSPECTOR,NONE,NONE,NONE,NONE,/v_proj_11/MatMul+/k_proj_11/MatMul+/q_proj_11/MatMul_myl0_240
fp16_prefill,241,__mye624657_myl0_241,,UNKNOWN,UNKNOWN,UNKNOWN,UNKNOWN_NO_DETAILED_INSPECTOR,NONE,NONE,NONE,NONE,__mye624657_myl0_241
fp16_prefill,242,__myl_ResTraResSliRepRes_myl0_242,,UNKNOWN,UNKNOWN,UNKNOWN,UNKNOWN_NO_DETAILED_INSPECTOR,NONE,NONE,NONE,NONE,UNKNOWN
fp16_prefill,243,__mye624659_myl0_243,,UNKNOWN,UNKNOWN,UNKNOWN,UNKNOWN_NO_DETAILED_INSPECTOR,NONE,NONE,NONE,NONE,__mye624659_myl0_243
fp16_prefill,244,__myl_ResMulMea_myl0_244,,UNKNOWN,UNKNOWN,UNKNOWN,UNKNOWN_NO_DETAILED_INSPECTOR,NONE,NONE,NONE,NONE,UNKNOWN
fp16_prefill,245,__myl_AddSqrDivMulMulTraSliSliNegConMulMulAddResSliRepResTraRes_myl0_245,,UNKNOWN,UNKNOWN,UNKNOWN,UNKNOWN_NO_DETAILED_INSPECTOR,NONE,NONE,NONE,NONE,UNKNOWN
fp16_prefill,246,__mye624661_myl0_246,,UNKNOWN,UNKNOWN,UNKNOWN,UNKNOWN_NO_DETAILED_INSPECTOR,NONE,NONE,NONE,NONE,__mye624661_myl0_246
fp16_prefill,247,__myl_ResMulMea_myl0_247,,UNKNOWN,UNKNOWN,UNKNOWN,UNKNOWN_NO_DETAILED_INSPECTOR,NONE,NONE,NONE,NONE,UNKNOWN
fp16_prefill,248,__myl_AddSqrDivMulMulTraSliSliNegConMulMulAddRes_myl0_248,,UNKNOWN,UNKNOWN,UNKNOWN,UNKNOWN_NO_DETAILED_INSPECTOR,NONE,NONE,NONE,NONE,UNKNOWN
fp16_prefill,249,__mye624663_myl0_249,,UNKNOWN,UNKNOWN,UNKNOWN,UNKNOWN_NO_DETAILED_INSPECTOR,NONE,NONE,NONE,NONE,__mye624663_myl0_249
fp16_prefill,250,_gemm_mha_v2_myl0_250,,UNKNOWN,UNKNOWN,UNKNOWN,UNKNOWN_NO_DETAILED_INSPECTOR,NONE,NONE,NONE,NONE,_gemm_mha_v2_myl0_250
fp16_prefill,251,__myl_FcAdd_myl0_251,,UNKNOWN,UNKNOWN,UNKNOWN,UNKNOWN_NO_DETAILED_INSPECTOR,NONE,NONE,NONE,NONE,UNKNOWN
fp16_prefill,252,__myl_MulMeaAddSqrDivMulMul_myl0_252,,UNKNOWN,UNKNOWN,UNKNOWN,UNKNOWN_NO_DETAILED_INSPECTOR,NONE,NONE,NONE,NONE,UNKNOWN
fp16_prefill,253,__mye624665_myl0_253,,UNKNOWN,UNKNOWN,UNKNOWN,UNKNOWN_NO_DETAILED_INSPECTOR,NONE,NONE,NONE,NONE,__mye624665_myl0_253
fp16_prefill,254,/gate_proj_11/MatMul_myl0_254,,L11:gate_proj,LINEAR,GEMM,UNKNOWN_NO_DETAILED_INSPECTOR,NONE,NONE,NONE,NONE,/gate_proj_11/MatMul_myl0_254
fp16_prefill,255,__mye624667_myl0_255,,UNKNOWN,UNKNOWN,UNKNOWN,UNKNOWN_NO_DETAILED_INSPECTOR,NONE,NONE,NONE,NONE,__mye624667_myl0_255
fp16_prefill,256,/up_proj_11/MatMul_myl0_256,,L11:up_proj,LINEAR,GEMM,UNKNOWN_NO_DETAILED_INSPECTOR,NONE,NONE,NONE,NONE,/up_proj_11/MatMul_myl0_256
fp16_prefill,257,__mye624669_myl0_257,,UNKNOWN,UNKNOWN,UNKNOWN,UNKNOWN_NO_DETAILED_INSPECTOR,NONE,NONE,NONE,NONE,__mye624669_myl0_257
fp16_prefill,258,__mye624671_myl0_258,,UNKNOWN,UNKNOWN,UNKNOWN,UNKNOWN_NO_DETAILED_INSPECTOR,NONE,NONE,NONE,NONE,__mye624671_myl0_258
fp16_prefill,259,__myl_NegExpAddDivMulMul_myl0_259,,UNKNOWN,UNKNOWN,UNKNOWN,UNKNOWN_NO_DETAILED_INSPECTOR,NONE,NONE,NONE,NONE,UNKNOWN
fp16_prefill,260,__myl_FcAdd_myl0_260,,UNKNOWN,UNKNOWN,UNKNOWN,UNKNOWN_NO_DETAILED_INSPECTOR,NONE,NONE,NONE,NONE,UNKNOWN
fp16_prefill,261,__myl_MulMeaAddSqrDivMulMul_myl0_261,,UNKNOWN,UNKNOWN,UNKNOWN,UNKNOWN_NO_DETAILED_INSPECTOR,NONE,NONE,NONE,NONE,UNKNOWN
fp16_prefill,262,/v_proj_12/MatMul+/k_proj_12/MatMul+/q_proj_12/MatMul_myl0_262,,L12:v_proj,LINEAR,GEMM,UNKNOWN_NO_DETAILED_INSPECTOR,NONE,NONE,NONE,NONE,/v_proj_12/MatMul+/k_proj_12/MatMul+/q_proj_12/MatMul_myl0_262
fp16_prefill,263,__mye624673_myl0_263,,UNKNOWN,UNKNOWN,UNKNOWN,UNKNOWN_NO_DETAILED_INSPECTOR,NONE,NONE,NONE,NONE,__mye624673_myl0_263
fp16_prefill,264,__myl_ResTraResSliRepRes_myl0_264,,UNKNOWN,UNKNOWN,UNKNOWN,UNKNOWN_NO_DETAILED_INSPECTOR,NONE,NONE,NONE,NONE,UNKNOWN
fp16_prefill,265,__mye624675_myl0_265,,UNKNOWN,UNKNOWN,UNKNOWN,UNKNOWN_NO_DETAILED_INSPECTOR,NONE,NONE,NONE,NONE,__mye624675_myl0_265
fp16_prefill,266,__myl_ResMulMea_myl0_266,,UNKNOWN,UNKNOWN,UNKNOWN,UNKNOWN_NO_DETAILED_INSPECTOR,NONE,NONE,NONE,NONE,UNKNOWN
fp16_prefill,267,__myl_AddSqrDivMulMulTraSliSliNegConMulMulAddResSliRepResTraRes_myl0_267,,UNKNOWN,UNKNOWN,UNKNOWN,UNKNOWN_NO_DETAILED_INSPECTOR,NONE,NONE,NONE,NONE,UNKNOWN
fp16_prefill,268,__mye624677_myl0_268,,UNKNOWN,UNKNOWN,UNKNOWN,UNKNOWN_NO_DETAILED_INSPECTOR,NONE,NONE,NONE,NONE,__mye624677_myl0_268
fp16_prefill,269,__myl_ResMulMea_myl0_269,,UNKNOWN,UNKNOWN,UNKNOWN,UNKNOWN_NO_DETAILED_INSPECTOR,NONE,NONE,NONE,NONE,UNKNOWN
fp16_prefill,270,__myl_AddSqrDivMulMulTraSliSliNegConMulMulAddRes_myl0_270,,UNKNOWN,UNKNOWN,UNKNOWN,UNKNOWN_NO_DETAILED_INSPECTOR,NONE,NONE,NONE,NONE,UNKNOWN
fp16_prefill,271,__mye624679_myl0_271,,UNKNOWN,UNKNOWN,UNKNOWN,UNKNOWN_NO_DETAILED_INSPECTOR,NONE,NONE,NONE,NONE,__mye624679_myl0_271
fp16_prefill,272,_gemm_mha_v2_myl0_272,,UNKNOWN,UNKNOWN,UNKNOWN,UNKNOWN_NO_DETAILED_INSPECTOR,NONE,NONE,NONE,NONE,_gemm_mha_v2_myl0_272
fp16_prefill,273,__myl_FcAdd_myl0_273,,UNKNOWN,UNKNOWN,UNKNOWN,UNKNOWN_NO_DETAILED_INSPECTOR,NONE,NONE,NONE,NONE,UNKNOWN
fp16_prefill,274,__myl_MulMeaAddSqrDivMulMul_myl0_274,,UNKNOWN,UNKNOWN,UNKNOWN,UNKNOWN_NO_DETAILED_INSPECTOR,NONE,NONE,NONE,NONE,UNKNOWN
fp16_prefill,275,__mye624681_myl0_275,,UNKNOWN,UNKNOWN,UNKNOWN,UNKNOWN_NO_DETAILED_INSPECTOR,NONE,NONE,NONE,NONE,__mye624681_myl0_275
fp16_prefill,276,/gate_proj_12/MatMul_myl0_276,,L12:gate_proj,LINEAR,GEMM,UNKNOWN_NO_DETAILED_INSPECTOR,NONE,NONE,NONE,NONE,/gate_proj_12/MatMul_myl0_276
fp16_prefill,277,__mye624683_myl0_277,,UNKNOWN,UNKNOWN,UNKNOWN,UNKNOWN_NO_DETAILED_INSPECTOR,NONE,NONE,NONE,NONE,__mye624683_myl0_277
fp16_prefill,278,/up_proj_12/MatMul_myl0_278,,L12:up_proj,LINEAR,GEMM,UNKNOWN_NO_DETAILED_INSPECTOR,NONE,NONE,NONE,NONE,/up_proj_12/MatMul_myl0_278
fp16_prefill,279,__mye624685_myl0_279,,UNKNOWN,UNKNOWN,UNKNOWN,UNKNOWN_NO_DETAILED_INSPECTOR,NONE,NONE,NONE,NONE,__mye624685_myl0_279
fp16_prefill,280,__mye624687_myl0_280,,UNKNOWN,UNKNOWN,UNKNOWN,UNKNOWN_NO_DETAILED_INSPECTOR,NONE,NONE,NONE,NONE,__mye624687_myl0_280
fp16_prefill,281,__myl_NegExpAddDivMulMul_myl0_281,,UNKNOWN,UNKNOWN,UNKNOWN,UNKNOWN_NO_DETAILED_INSPECTOR,NONE,NONE,NONE,NONE,UNKNOWN
fp16_prefill,282,__myl_FcAdd_myl0_282,,UNKNOWN,UNKNOWN,UNKNOWN,UNKNOWN_NO_DETAILED_INSPECTOR,NONE,NONE,NONE,NONE,UNKNOWN
fp16_prefill,283,__myl_MulMeaAddSqrDivMulMul_myl0_283,,UNKNOWN,UNKNOWN,UNKNOWN,UNKNOWN_NO_DETAILED_INSPECTOR,NONE,NONE,NONE,NONE,UNKNOWN
fp16_prefill,284,/v_proj_13/MatMul+/k_proj_13/MatMul+/q_proj_13/MatMul_myl0_284,,L13:v_proj,LINEAR,GEMM,UNKNOWN_NO_DETAILED_INSPECTOR,NONE,NONE,NONE,NONE,/v_proj_13/MatMul+/k_proj_13/MatMul+/q_proj_13/MatMul_myl0_284
fp16_prefill,285,__mye624689_myl0_285,,UNKNOWN,UNKNOWN,UNKNOWN,UNKNOWN_NO_DETAILED_INSPECTOR,NONE,NONE,NONE,NONE,__mye624689_myl0_285
fp16_prefill,286,__myl_ResTraResSliRepRes_myl0_286,,UNKNOWN,UNKNOWN,UNKNOWN,UNKNOWN_NO_DETAILED_INSPECTOR,NONE,NONE,NONE,NONE,UNKNOWN
fp16_prefill,287,__mye624691_myl0_287,,UNKNOWN,UNKNOWN,UNKNOWN,UNKNOWN_NO_DETAILED_INSPECTOR,NONE,NONE,NONE,NONE,__mye624691_myl0_287
fp16_prefill,288,__myl_ResMulMea_myl0_288,,UNKNOWN,UNKNOWN,UNKNOWN,UNKNOWN_NO_DETAILED_INSPECTOR,NONE,NONE,NONE,NONE,UNKNOWN
fp16_prefill,289,__myl_AddSqrDivMulMulTraSliSliNegConMulMulAddResSliRepResTraRes_myl0_289,,UNKNOWN,UNKNOWN,UNKNOWN,UNKNOWN_NO_DETAILED_INSPECTOR,NONE,NONE,NONE,NONE,UNKNOWN
fp16_prefill,290,__mye624693_myl0_290,,UNKNOWN,UNKNOWN,UNKNOWN,UNKNOWN_NO_DETAILED_INSPECTOR,NONE,NONE,NONE,NONE,__mye624693_myl0_290
fp16_prefill,291,__myl_ResMulMea_myl0_291,,UNKNOWN,UNKNOWN,UNKNOWN,UNKNOWN_NO_DETAILED_INSPECTOR,NONE,NONE,NONE,NONE,UNKNOWN
fp16_prefill,292,__myl_AddSqrDivMulMulTraSliSliNegConMulMulAddRes_myl0_292,,UNKNOWN,UNKNOWN,UNKNOWN,UNKNOWN_NO_DETAILED_INSPECTOR,NONE,NONE,NONE,NONE,UNKNOWN
fp16_prefill,293,__mye624695_myl0_293,,UNKNOWN,UNKNOWN,UNKNOWN,UNKNOWN_NO_DETAILED_INSPECTOR,NONE,NONE,NONE,NONE,__mye624695_myl0_293
fp16_prefill,294,_gemm_mha_v2_myl0_294,,UNKNOWN,UNKNOWN,UNKNOWN,UNKNOWN_NO_DETAILED_INSPECTOR,NONE,NONE,NONE,NONE,_gemm_mha_v2_myl0_294
fp16_prefill,295,__myl_FcAdd_myl0_295,,UNKNOWN,UNKNOWN,UNKNOWN,UNKNOWN_NO_DETAILED_INSPECTOR,NONE,NONE,NONE,NONE,UNKNOWN
fp16_prefill,296,__myl_MulMeaAddSqrDivMulMul_myl0_296,,UNKNOWN,UNKNOWN,UNKNOWN,UNKNOWN_NO_DETAILED_INSPECTOR,NONE,NONE,NONE,NONE,UNKNOWN
fp16_prefill,297,__mye624697_myl0_297,,UNKNOWN,UNKNOWN,UNKNOWN,UNKNOWN_NO_DETAILED_INSPECTOR,NONE,NONE,NONE,NONE,__mye624697_myl0_297
fp16_prefill,298,/gate_proj_13/MatMul_myl0_298,,L13:gate_proj,LINEAR,GEMM,UNKNOWN_NO_DETAILED_INSPECTOR,NONE,NONE,NONE,NONE,/gate_proj_13/MatMul_myl0_298
fp16_prefill,299,__mye624699_myl0_299,,UNKNOWN,UNKNOWN,UNKNOWN,UNKNOWN_NO_DETAILED_INSPECTOR,NONE,NONE,NONE,NONE,__mye624699_myl0_299
fp16_prefill,300,/up_proj_13/MatMul_myl0_300,,L13:up_proj,LINEAR,GEMM,UNKNOWN_NO_DETAILED_INSPECTOR,NONE,NONE,NONE,NONE,/up_proj_13/MatMul_myl0_300
fp16_prefill,301,__mye624701_myl0_301,,UNKNOWN,UNKNOWN,UNKNOWN,UNKNOWN_NO_DETAILED_INSPECTOR,NONE,NONE,NONE,NONE,__mye624701_myl0_301
fp16_prefill,302,__mye624703_myl0_302,,UNKNOWN,UNKNOWN,UNKNOWN,UNKNOWN_NO_DETAILED_INSPECTOR,NONE,NONE,NONE,NONE,__mye624703_myl0_302
fp16_prefill,303,__myl_NegExpAddDivMulMul_myl0_303,,UNKNOWN,UNKNOWN,UNKNOWN,UNKNOWN_NO_DETAILED_INSPECTOR,NONE,NONE,NONE,NONE,UNKNOWN
fp16_prefill,304,__myl_FcAdd_myl0_304,,UNKNOWN,UNKNOWN,UNKNOWN,UNKNOWN_NO_DETAILED_INSPECTOR,NONE,NONE,NONE,NONE,UNKNOWN
fp16_prefill,305,__myl_MulMeaAddSqrDivMulMul_myl0_305,,UNKNOWN,UNKNOWN,UNKNOWN,UNKNOWN_NO_DETAILED_INSPECTOR,NONE,NONE,NONE,NONE,UNKNOWN
fp16_prefill,306,/v_proj_14/MatMul+/k_proj_14/MatMul+/q_proj_14/MatMul_myl0_306,,L14:v_proj,LINEAR,GEMM,UNKNOWN_NO_DETAILED_INSPECTOR,NONE,NONE,NONE,NONE,/v_proj_14/MatMul+/k_proj_14/MatMul+/q_proj_14/MatMul_myl0_306
fp16_prefill,307,__mye624705_myl0_307,,UNKNOWN,UNKNOWN,UNKNOWN,UNKNOWN_NO_DETAILED_INSPECTOR,NONE,NONE,NONE,NONE,__mye624705_myl0_307
fp16_prefill,308,__myl_ResTraResSliRepRes_myl0_308,,UNKNOWN,UNKNOWN,UNKNOWN,UNKNOWN_NO_DETAILED_INSPECTOR,NONE,NONE,NONE,NONE,UNKNOWN
fp16_prefill,309,__mye624707_myl0_309,,UNKNOWN,UNKNOWN,UNKNOWN,UNKNOWN_NO_DETAILED_INSPECTOR,NONE,NONE,NONE,NONE,__mye624707_myl0_309
fp16_prefill,310,__myl_ResMulMea_myl0_310,,UNKNOWN,UNKNOWN,UNKNOWN,UNKNOWN_NO_DETAILED_INSPECTOR,NONE,NONE,NONE,NONE,UNKNOWN
fp16_prefill,311,__myl_AddSqrDivMulMulTraSliSliNegConMulMulAddResSliRepResTraRes_myl0_311,,UNKNOWN,UNKNOWN,UNKNOWN,UNKNOWN_NO_DETAILED_INSPECTOR,NONE,NONE,NONE,NONE,UNKNOWN
fp16_prefill,312,__mye624709_myl0_312,,UNKNOWN,UNKNOWN,UNKNOWN,UNKNOWN_NO_DETAILED_INSPECTOR,NONE,NONE,NONE,NONE,__mye624709_myl0_312
fp16_prefill,313,__myl_ResMulMea_myl0_313,,UNKNOWN,UNKNOWN,UNKNOWN,UNKNOWN_NO_DETAILED_INSPECTOR,NONE,NONE,NONE,NONE,UNKNOWN
fp16_prefill,314,__myl_AddSqrDivMulMulTraSliSliNegConMulMulAddRes_myl0_314,,UNKNOWN,UNKNOWN,UNKNOWN,UNKNOWN_NO_DETAILED_INSPECTOR,NONE,NONE,NONE,NONE,UNKNOWN
fp16_prefill,315,__mye624711_myl0_315,,UNKNOWN,UNKNOWN,UNKNOWN,UNKNOWN_NO_DETAILED_INSPECTOR,NONE,NONE,NONE,NONE,__mye624711_myl0_315
fp16_prefill,316,_gemm_mha_v2_myl0_316,,UNKNOWN,UNKNOWN,UNKNOWN,UNKNOWN_NO_DETAILED_INSPECTOR,NONE,NONE,NONE,NONE,_gemm_mha_v2_myl0_316
fp16_prefill,317,__myl_FcAdd_myl0_317,,UNKNOWN,UNKNOWN,UNKNOWN,UNKNOWN_NO_DETAILED_INSPECTOR,NONE,NONE,NONE,NONE,UNKNOWN
fp16_prefill,318,__myl_MulMeaAddSqrDivMulMul_myl0_318,,UNKNOWN,UNKNOWN,UNKNOWN,UNKNOWN_NO_DETAILED_INSPECTOR,NONE,NONE,NONE,NONE,UNKNOWN
fp16_prefill,319,__mye624713_myl0_319,,UNKNOWN,UNKNOWN,UNKNOWN,UNKNOWN_NO_DETAILED_INSPECTOR,NONE,NONE,NONE,NONE,__mye624713_myl0_319
fp16_prefill,320,/gate_proj_14/MatMul_myl0_320,,L14:gate_proj,LINEAR,GEMM,UNKNOWN_NO_DETAILED_INSPECTOR,NONE,NONE,NONE,NONE,/gate_proj_14/MatMul_myl0_320
fp16_prefill,321,__mye624715_myl0_321,,UNKNOWN,UNKNOWN,UNKNOWN,UNKNOWN_NO_DETAILED_INSPECTOR,NONE,NONE,NONE,NONE,__mye624715_myl0_321
fp16_prefill,322,/up_proj_14/MatMul_myl0_322,,L14:up_proj,LINEAR,GEMM,UNKNOWN_NO_DETAILED_INSPECTOR,NONE,NONE,NONE,NONE,/up_proj_14/MatMul_myl0_322
fp16_prefill,323,__mye624717_myl0_323,,UNKNOWN,UNKNOWN,UNKNOWN,UNKNOWN_NO_DETAILED_INSPECTOR,NONE,NONE,NONE,NONE,__mye624717_myl0_323
fp16_prefill,324,__mye624719_myl0_324,,UNKNOWN,UNKNOWN,UNKNOWN,UNKNOWN_NO_DETAILED_INSPECTOR,NONE,NONE,NONE,NONE,__mye624719_myl0_324
fp16_prefill,325,__myl_NegExpAddDivMulMul_myl0_325,,UNKNOWN,UNKNOWN,UNKNOWN,UNKNOWN_NO_DETAILED_INSPECTOR,NONE,NONE,NONE,NONE,UNKNOWN
fp16_prefill,326,__myl_FcAdd_myl0_326,,UNKNOWN,UNKNOWN,UNKNOWN,UNKNOWN_NO_DETAILED_INSPECTOR,NONE,NONE,NONE,NONE,UNKNOWN
fp16_prefill,327,__myl_MulMeaAddSqrDivMulMul_myl0_327,,UNKNOWN,UNKNOWN,UNKNOWN,UNKNOWN_NO_DETAILED_INSPECTOR,NONE,NONE,NONE,NONE,UNKNOWN
fp16_prefill,328,/v_proj_15/MatMul+/k_proj_15/MatMul+/q_proj_15/MatMul_myl0_328,,L15:v_proj,LINEAR,GEMM,UNKNOWN_NO_DETAILED_INSPECTOR,NONE,NONE,NONE,NONE,/v_proj_15/MatMul+/k_proj_15/MatMul+/q_proj_15/MatMul_myl0_328
fp16_prefill,329,__mye624721_myl0_329,,UNKNOWN,UNKNOWN,UNKNOWN,UNKNOWN_NO_DETAILED_INSPECTOR,NONE,NONE,NONE,NONE,__mye624721_myl0_329
fp16_prefill,330,__myl_ResTraResSliRepRes_myl0_330,,UNKNOWN,UNKNOWN,UNKNOWN,UNKNOWN_NO_DETAILED_INSPECTOR,NONE,NONE,NONE,NONE,UNKNOWN
fp16_prefill,331,__mye624723_myl0_331,,UNKNOWN,UNKNOWN,UNKNOWN,UNKNOWN_NO_DETAILED_INSPECTOR,NONE,NONE,NONE,NONE,__mye624723_myl0_331
fp16_prefill,332,__myl_ResMulMea_myl0_332,,UNKNOWN,UNKNOWN,UNKNOWN,UNKNOWN_NO_DETAILED_INSPECTOR,NONE,NONE,NONE,NONE,UNKNOWN
fp16_prefill,333,__myl_AddSqrDivMulMulTraSliSliNegConMulMulAddResSliRepResTraRes_myl0_333,,UNKNOWN,UNKNOWN,UNKNOWN,UNKNOWN_NO_DETAILED_INSPECTOR,NONE,NONE,NONE,NONE,UNKNOWN
fp16_prefill,334,__mye624725_myl0_334,,UNKNOWN,UNKNOWN,UNKNOWN,UNKNOWN_NO_DETAILED_INSPECTOR,NONE,NONE,NONE,NONE,__mye624725_myl0_334
fp16_prefill,335,__myl_ResMulMea_myl0_335,,UNKNOWN,UNKNOWN,UNKNOWN,UNKNOWN_NO_DETAILED_INSPECTOR,NONE,NONE,NONE,NONE,UNKNOWN
fp16_prefill,336,__myl_AddSqrDivMulMulTraSliSliNegConMulMulAddRes_myl0_336,,UNKNOWN,UNKNOWN,UNKNOWN,UNKNOWN_NO_DETAILED_INSPECTOR,NONE,NONE,NONE,NONE,UNKNOWN
fp16_prefill,337,__mye624727_myl0_337,,UNKNOWN,UNKNOWN,UNKNOWN,UNKNOWN_NO_DETAILED_INSPECTOR,NONE,NONE,NONE,NONE,__mye624727_myl0_337
fp16_prefill,338,_gemm_mha_v2_myl0_338,,UNKNOWN,UNKNOWN,UNKNOWN,UNKNOWN_NO_DETAILED_INSPECTOR,NONE,NONE,NONE,NONE,_gemm_mha_v2_myl0_338
fp16_prefill,339,__myl_FcAdd_myl0_339,,UNKNOWN,UNKNOWN,UNKNOWN,UNKNOWN_NO_DETAILED_INSPECTOR,NONE,NONE,NONE,NONE,UNKNOWN
fp16_prefill,340,__myl_MulMeaAddSqrDivMulMul_myl0_340,,UNKNOWN,UNKNOWN,UNKNOWN,UNKNOWN_NO_DETAILED_INSPECTOR,NONE,NONE,NONE,NONE,UNKNOWN
fp16_prefill,341,__mye624729_myl0_341,,UNKNOWN,UNKNOWN,UNKNOWN,UNKNOWN_NO_DETAILED_INSPECTOR,NONE,NONE,NONE,NONE,__mye624729_myl0_341
fp16_prefill,342,/gate_proj_15/MatMul_myl0_342,,L15:gate_proj,LINEAR,GEMM,UNKNOWN_NO_DETAILED_INSPECTOR,NONE,NONE,NONE,NONE,/gate_proj_15/MatMul_myl0_342
fp16_prefill,343,__mye624731_myl0_343,,UNKNOWN,UNKNOWN,UNKNOWN,UNKNOWN_NO_DETAILED_INSPECTOR,NONE,NONE,NONE,NONE,__mye624731_myl0_343
fp16_prefill,344,/up_proj_15/MatMul_myl0_344,,L15:up_proj,LINEAR,GEMM,UNKNOWN_NO_DETAILED_INSPECTOR,NONE,NONE,NONE,NONE,/up_proj_15/MatMul_myl0_344
fp16_prefill,345,__mye624733_myl0_345,,UNKNOWN,UNKNOWN,UNKNOWN,UNKNOWN_NO_DETAILED_INSPECTOR,NONE,NONE,NONE,NONE,__mye624733_myl0_345
fp16_prefill,346,__mye624735_myl0_346,,UNKNOWN,UNKNOWN,UNKNOWN,UNKNOWN_NO_DETAILED_INSPECTOR,NONE,NONE,NONE,NONE,__mye624735_myl0_346
fp16_prefill,347,__myl_NegExpAddDivMulMul_myl0_347,,UNKNOWN,UNKNOWN,UNKNOWN,UNKNOWN_NO_DETAILED_INSPECTOR,NONE,NONE,NONE,NONE,UNKNOWN
fp16_prefill,348,__myl_FcAdd_myl0_348,,UNKNOWN,UNKNOWN,UNKNOWN,UNKNOWN_NO_DETAILED_INSPECTOR,NONE,NONE,NONE,NONE,UNKNOWN
fp16_prefill,349,__myl_MulMeaAddSqrDivMulMul_myl0_349,,UNKNOWN,UNKNOWN,UNKNOWN,UNKNOWN_NO_DETAILED_INSPECTOR,NONE,NONE,NONE,NONE,UNKNOWN
fp16_prefill,350,/v_proj_16/MatMul+/k_proj_16/MatMul+/q_proj_16/MatMul_myl0_350,,L16:v_proj,LINEAR,GEMM,UNKNOWN_NO_DETAILED_INSPECTOR,NONE,NONE,NONE,NONE,/v_proj_16/MatMul+/k_proj_16/MatMul+/q_proj_16/MatMul_myl0_350
fp16_prefill,351,__mye624737_myl0_351,,UNKNOWN,UNKNOWN,UNKNOWN,UNKNOWN_NO_DETAILED_INSPECTOR,NONE,NONE,NONE,NONE,__mye624737_myl0_351
fp16_prefill,352,__myl_ResTraResSliRepRes_myl0_352,,UNKNOWN,UNKNOWN,UNKNOWN,UNKNOWN_NO_DETAILED_INSPECTOR,NONE,NONE,NONE,NONE,UNKNOWN
fp16_prefill,353,__mye624739_myl0_353,,UNKNOWN,UNKNOWN,UNKNOWN,UNKNOWN_NO_DETAILED_INSPECTOR,NONE,NONE,NONE,NONE,__mye624739_myl0_353
fp16_prefill,354,__myl_ResMulMea_myl0_354,,UNKNOWN,UNKNOWN,UNKNOWN,UNKNOWN_NO_DETAILED_INSPECTOR,NONE,NONE,NONE,NONE,UNKNOWN
fp16_prefill,355,__myl_AddSqrDivMulMulTraSliSliNegConMulMulAddResSliRepResTraRes_myl0_355,,UNKNOWN,UNKNOWN,UNKNOWN,UNKNOWN_NO_DETAILED_INSPECTOR,NONE,NONE,NONE,NONE,UNKNOWN
fp16_prefill,356,__mye624741_myl0_356,,UNKNOWN,UNKNOWN,UNKNOWN,UNKNOWN_NO_DETAILED_INSPECTOR,NONE,NONE,NONE,NONE,__mye624741_myl0_356
fp16_prefill,357,__myl_ResMulMea_myl0_357,,UNKNOWN,UNKNOWN,UNKNOWN,UNKNOWN_NO_DETAILED_INSPECTOR,NONE,NONE,NONE,NONE,UNKNOWN
fp16_prefill,358,__myl_AddSqrDivMulMulTraSliSliNegConMulMulAddRes_myl0_358,,UNKNOWN,UNKNOWN,UNKNOWN,UNKNOWN_NO_DETAILED_INSPECTOR,NONE,NONE,NONE,NONE,UNKNOWN
fp16_prefill,359,__mye624743_myl0_359,,UNKNOWN,UNKNOWN,UNKNOWN,UNKNOWN_NO_DETAILED_INSPECTOR,NONE,NONE,NONE,NONE,__mye624743_myl0_359
fp16_prefill,360,_gemm_mha_v2_myl0_360,,UNKNOWN,UNKNOWN,UNKNOWN,UNKNOWN_NO_DETAILED_INSPECTOR,NONE,NONE,NONE,NONE,_gemm_mha_v2_myl0_360
fp16_prefill,361,__myl_FcAdd_myl0_361,,UNKNOWN,UNKNOWN,UNKNOWN,UNKNOWN_NO_DETAILED_INSPECTOR,NONE,NONE,NONE,NONE,UNKNOWN
fp16_prefill,362,__myl_MulMeaAddSqrDivMulMul_myl0_362,,UNKNOWN,UNKNOWN,UNKNOWN,UNKNOWN_NO_DETAILED_INSPECTOR,NONE,NONE,NONE,NONE,UNKNOWN
fp16_prefill,363,__mye624745_myl0_363,,UNKNOWN,UNKNOWN,UNKNOWN,UNKNOWN_NO_DETAILED_INSPECTOR,NONE,NONE,NONE,NONE,__mye624745_myl0_363
fp16_prefill,364,/gate_proj_16/MatMul_myl0_364,,L16:gate_proj,LINEAR,GEMM,UNKNOWN_NO_DETAILED_INSPECTOR,NONE,NONE,NONE,NONE,/gate_proj_16/MatMul_myl0_364
fp16_prefill,365,__mye624747_myl0_365,,UNKNOWN,UNKNOWN,UNKNOWN,UNKNOWN_NO_DETAILED_INSPECTOR,NONE,NONE,NONE,NONE,__mye624747_myl0_365
fp16_prefill,366,/up_proj_16/MatMul_myl0_366,,L16:up_proj,LINEAR,GEMM,UNKNOWN_NO_DETAILED_INSPECTOR,NONE,NONE,NONE,NONE,/up_proj_16/MatMul_myl0_366
fp16_prefill,367,__mye624749_myl0_367,,UNKNOWN,UNKNOWN,UNKNOWN,UNKNOWN_NO_DETAILED_INSPECTOR,NONE,NONE,NONE,NONE,__mye624749_myl0_367
fp16_prefill,368,__mye624751_myl0_368,,UNKNOWN,UNKNOWN,UNKNOWN,UNKNOWN_NO_DETAILED_INSPECTOR,NONE,NONE,NONE,NONE,__mye624751_myl0_368
fp16_prefill,369,__myl_NegExpAddDivMulMul_myl0_369,,UNKNOWN,UNKNOWN,UNKNOWN,UNKNOWN_NO_DETAILED_INSPECTOR,NONE,NONE,NONE,NONE,UNKNOWN
fp16_prefill,370,__myl_FcAdd_myl0_370,,UNKNOWN,UNKNOWN,UNKNOWN,UNKNOWN_NO_DETAILED_INSPECTOR,NONE,NONE,NONE,NONE,UNKNOWN
fp16_prefill,371,__myl_MulMeaAddSqrDivMulMul_myl0_371,,UNKNOWN,UNKNOWN,UNKNOWN,UNKNOWN_NO_DETAILED_INSPECTOR,NONE,NONE,NONE,NONE,UNKNOWN
fp16_prefill,372,/v_proj_17/MatMul+/k_proj_17/MatMul+/q_proj_17/MatMul_myl0_372,,L17:v_proj,LINEAR,GEMM,UNKNOWN_NO_DETAILED_INSPECTOR,NONE,NONE,NONE,NONE,/v_proj_17/MatMul+/k_proj_17/MatMul+/q_proj_17/MatMul_myl0_372
fp16_prefill,373,__mye624753_myl0_373,,UNKNOWN,UNKNOWN,UNKNOWN,UNKNOWN_NO_DETAILED_INSPECTOR,NONE,NONE,NONE,NONE,__mye624753_myl0_373
fp16_prefill,374,__myl_ResTraResSliRepRes_myl0_374,,UNKNOWN,UNKNOWN,UNKNOWN,UNKNOWN_NO_DETAILED_INSPECTOR,NONE,NONE,NONE,NONE,UNKNOWN
fp16_prefill,375,__mye624755_myl0_375,,UNKNOWN,UNKNOWN,UNKNOWN,UNKNOWN_NO_DETAILED_INSPECTOR,NONE,NONE,NONE,NONE,__mye624755_myl0_375
fp16_prefill,376,__myl_ResMulMea_myl0_376,,UNKNOWN,UNKNOWN,UNKNOWN,UNKNOWN_NO_DETAILED_INSPECTOR,NONE,NONE,NONE,NONE,UNKNOWN
fp16_prefill,377,__myl_AddSqrDivMulMulTraSliSliNegConMulMulAddResSliRepResTraRes_myl0_377,,UNKNOWN,UNKNOWN,UNKNOWN,UNKNOWN_NO_DETAILED_INSPECTOR,NONE,NONE,NONE,NONE,UNKNOWN
fp16_prefill,378,__mye624757_myl0_378,,UNKNOWN,UNKNOWN,UNKNOWN,UNKNOWN_NO_DETAILED_INSPECTOR,NONE,NONE,NONE,NONE,__mye624757_myl0_378
fp16_prefill,379,__myl_ResMulMea_myl0_379,,UNKNOWN,UNKNOWN,UNKNOWN,UNKNOWN_NO_DETAILED_INSPECTOR,NONE,NONE,NONE,NONE,UNKNOWN
fp16_prefill,380,__myl_AddSqrDivMulMulTraSliSliNegConMulMulAddRes_myl0_380,,UNKNOWN,UNKNOWN,UNKNOWN,UNKNOWN_NO_DETAILED_INSPECTOR,NONE,NONE,NONE,NONE,UNKNOWN
fp16_prefill,381,__mye624759_myl0_381,,UNKNOWN,UNKNOWN,UNKNOWN,UNKNOWN_NO_DETAILED_INSPECTOR,NONE,NONE,NONE,NONE,__mye624759_myl0_381
fp16_prefill,382,_gemm_mha_v2_myl0_382,,UNKNOWN,UNKNOWN,UNKNOWN,UNKNOWN_NO_DETAILED_INSPECTOR,NONE,NONE,NONE,NONE,_gemm_mha_v2_myl0_382
fp16_prefill,383,__myl_FcAdd_myl0_383,,UNKNOWN,UNKNOWN,UNKNOWN,UNKNOWN_NO_DETAILED_INSPECTOR,NONE,NONE,NONE,NONE,UNKNOWN
fp16_prefill,384,__myl_MulMeaAddSqrDivMulMul_myl0_384,,UNKNOWN,UNKNOWN,UNKNOWN,UNKNOWN_NO_DETAILED_INSPECTOR,NONE,NONE,NONE,NONE,UNKNOWN
fp16_prefill,385,__mye624761_myl0_385,,UNKNOWN,UNKNOWN,UNKNOWN,UNKNOWN_NO_DETAILED_INSPECTOR,NONE,NONE,NONE,NONE,__mye624761_myl0_385
fp16_prefill,386,/gate_proj_17/MatMul_myl0_386,,L17:gate_proj,LINEAR,GEMM,UNKNOWN_NO_DETAILED_INSPECTOR,NONE,NONE,NONE,NONE,/gate_proj_17/MatMul_myl0_386
fp16_prefill,387,__mye624763_myl0_387,,UNKNOWN,UNKNOWN,UNKNOWN,UNKNOWN_NO_DETAILED_INSPECTOR,NONE,NONE,NONE,NONE,__mye624763_myl0_387
fp16_prefill,388,/up_proj_17/MatMul_myl0_388,,L17:up_proj,LINEAR,GEMM,UNKNOWN_NO_DETAILED_INSPECTOR,NONE,NONE,NONE,NONE,/up_proj_17/MatMul_myl0_388
fp16_prefill,389,__mye624765_myl0_389,,UNKNOWN,UNKNOWN,UNKNOWN,UNKNOWN_NO_DETAILED_INSPECTOR,NONE,NONE,NONE,NONE,__mye624765_myl0_389
fp16_prefill,390,__mye624767_myl0_390,,UNKNOWN,UNKNOWN,UNKNOWN,UNKNOWN_NO_DETAILED_INSPECTOR,NONE,NONE,NONE,NONE,__mye624767_myl0_390
fp16_prefill,391,__myl_NegExpAddDivMulMul_myl0_391,,UNKNOWN,UNKNOWN,UNKNOWN,UNKNOWN_NO_DETAILED_INSPECTOR,NONE,NONE,NONE,NONE,UNKNOWN
fp16_prefill,392,__myl_FcAdd_myl0_392,,UNKNOWN,UNKNOWN,UNKNOWN,UNKNOWN_NO_DETAILED_INSPECTOR,NONE,NONE,NONE,NONE,UNKNOWN
fp16_prefill,393,__myl_MulMeaAddSqrDivMulMul_myl0_393,,UNKNOWN,UNKNOWN,UNKNOWN,UNKNOWN_NO_DETAILED_INSPECTOR,NONE,NONE,NONE,NONE,UNKNOWN
fp16_prefill,394,/v_proj_18/MatMul+/k_proj_18/MatMul+/q_proj_18/MatMul_myl0_394,,L18:v_proj,LINEAR,GEMM,UNKNOWN_NO_DETAILED_INSPECTOR,NONE,NONE,NONE,NONE,/v_proj_18/MatMul+/k_proj_18/MatMul+/q_proj_18/MatMul_myl0_394
fp16_prefill,395,__mye624769_myl0_395,,UNKNOWN,UNKNOWN,UNKNOWN,UNKNOWN_NO_DETAILED_INSPECTOR,NONE,NONE,NONE,NONE,__mye624769_myl0_395
fp16_prefill,396,__myl_ResTraResSliRepRes_myl0_396,,UNKNOWN,UNKNOWN,UNKNOWN,UNKNOWN_NO_DETAILED_INSPECTOR,NONE,NONE,NONE,NONE,UNKNOWN
fp16_prefill,397,__mye624771_myl0_397,,UNKNOWN,UNKNOWN,UNKNOWN,UNKNOWN_NO_DETAILED_INSPECTOR,NONE,NONE,NONE,NONE,__mye624771_myl0_397
fp16_prefill,398,__myl_ResMulMea_myl0_398,,UNKNOWN,UNKNOWN,UNKNOWN,UNKNOWN_NO_DETAILED_INSPECTOR,NONE,NONE,NONE,NONE,UNKNOWN
fp16_prefill,399,__myl_AddSqrDivMulMulTraSliSliNegConMulMulAddResSliRepResTraRes_myl0_399,,UNKNOWN,UNKNOWN,UNKNOWN,UNKNOWN_NO_DETAILED_INSPECTOR,NONE,NONE,NONE,NONE,UNKNOWN
fp16_prefill,400,__mye624773_myl0_400,,UNKNOWN,UNKNOWN,UNKNOWN,UNKNOWN_NO_DETAILED_INSPECTOR,NONE,NONE,NONE,NONE,__mye624773_myl0_400
fp16_prefill,401,__myl_ResMulMea_myl0_401,,UNKNOWN,UNKNOWN,UNKNOWN,UNKNOWN_NO_DETAILED_INSPECTOR,NONE,NONE,NONE,NONE,UNKNOWN
fp16_prefill,402,__myl_AddSqrDivMulMulTraSliSliNegConMulMulAddRes_myl0_402,,UNKNOWN,UNKNOWN,UNKNOWN,UNKNOWN_NO_DETAILED_INSPECTOR,NONE,NONE,NONE,NONE,UNKNOWN
fp16_prefill,403,__mye624775_myl0_403,,UNKNOWN,UNKNOWN,UNKNOWN,UNKNOWN_NO_DETAILED_INSPECTOR,NONE,NONE,NONE,NONE,__mye624775_myl0_403
fp16_prefill,404,_gemm_mha_v2_myl0_404,,UNKNOWN,UNKNOWN,UNKNOWN,UNKNOWN_NO_DETAILED_INSPECTOR,NONE,NONE,NONE,NONE,_gemm_mha_v2_myl0_404
fp16_prefill,405,__myl_FcAdd_myl0_405,,UNKNOWN,UNKNOWN,UNKNOWN,UNKNOWN_NO_DETAILED_INSPECTOR,NONE,NONE,NONE,NONE,UNKNOWN
fp16_prefill,406,__myl_MulMeaAddSqrDivMulMul_myl0_406,,UNKNOWN,UNKNOWN,UNKNOWN,UNKNOWN_NO_DETAILED_INSPECTOR,NONE,NONE,NONE,NONE,UNKNOWN
fp16_prefill,407,__mye624777_myl0_407,,UNKNOWN,UNKNOWN,UNKNOWN,UNKNOWN_NO_DETAILED_INSPECTOR,NONE,NONE,NONE,NONE,__mye624777_myl0_407
fp16_prefill,408,/gate_proj_18/MatMul_myl0_408,,L18:gate_proj,LINEAR,GEMM,UNKNOWN_NO_DETAILED_INSPECTOR,NONE,NONE,NONE,NONE,/gate_proj_18/MatMul_myl0_408
fp16_prefill,409,__mye624779_myl0_409,,UNKNOWN,UNKNOWN,UNKNOWN,UNKNOWN_NO_DETAILED_INSPECTOR,NONE,NONE,NONE,NONE,__mye624779_myl0_409
fp16_prefill,410,/up_proj_18/MatMul_myl0_410,,L18:up_proj,LINEAR,GEMM,UNKNOWN_NO_DETAILED_INSPECTOR,NONE,NONE,NONE,NONE,/up_proj_18/MatMul_myl0_410
fp16_prefill,411,__mye624781_myl0_411,,UNKNOWN,UNKNOWN,UNKNOWN,UNKNOWN_NO_DETAILED_INSPECTOR,NONE,NONE,NONE,NONE,__mye624781_myl0_411
fp16_prefill,412,__mye624783_myl0_412,,UNKNOWN,UNKNOWN,UNKNOWN,UNKNOWN_NO_DETAILED_INSPECTOR,NONE,NONE,NONE,NONE,__mye624783_myl0_412
fp16_prefill,413,__myl_NegExpAddDivMulMul_myl0_413,,UNKNOWN,UNKNOWN,UNKNOWN,UNKNOWN_NO_DETAILED_INSPECTOR,NONE,NONE,NONE,NONE,UNKNOWN
fp16_prefill,414,__myl_FcAdd_myl0_414,,UNKNOWN,UNKNOWN,UNKNOWN,UNKNOWN_NO_DETAILED_INSPECTOR,NONE,NONE,NONE,NONE,UNKNOWN
fp16_prefill,415,__myl_MulMeaAddSqrDivMulMul_myl0_415,,UNKNOWN,UNKNOWN,UNKNOWN,UNKNOWN_NO_DETAILED_INSPECTOR,NONE,NONE,NONE,NONE,UNKNOWN
fp16_prefill,416,/v_proj_19/MatMul+/k_proj_19/MatMul+/q_proj_19/MatMul_myl0_416,,L19:v_proj,LINEAR,GEMM,UNKNOWN_NO_DETAILED_INSPECTOR,NONE,NONE,NONE,NONE,/v_proj_19/MatMul+/k_proj_19/MatMul+/q_proj_19/MatMul_myl0_416
fp16_prefill,417,__mye624785_myl0_417,,UNKNOWN,UNKNOWN,UNKNOWN,UNKNOWN_NO_DETAILED_INSPECTOR,NONE,NONE,NONE,NONE,__mye624785_myl0_417
fp16_prefill,418,__myl_ResTraResSliRepRes_myl0_418,,UNKNOWN,UNKNOWN,UNKNOWN,UNKNOWN_NO_DETAILED_INSPECTOR,NONE,NONE,NONE,NONE,UNKNOWN
fp16_prefill,419,__mye624787_myl0_419,,UNKNOWN,UNKNOWN,UNKNOWN,UNKNOWN_NO_DETAILED_INSPECTOR,NONE,NONE,NONE,NONE,__mye624787_myl0_419
fp16_prefill,420,__myl_ResMulMea_myl0_420,,UNKNOWN,UNKNOWN,UNKNOWN,UNKNOWN_NO_DETAILED_INSPECTOR,NONE,NONE,NONE,NONE,UNKNOWN
fp16_prefill,421,__myl_AddSqrDivMulMulTraSliSliNegConMulMulAddResSliRepResTraRes_myl0_421,,UNKNOWN,UNKNOWN,UNKNOWN,UNKNOWN_NO_DETAILED_INSPECTOR,NONE,NONE,NONE,NONE,UNKNOWN
fp16_prefill,422,__mye624789_myl0_422,,UNKNOWN,UNKNOWN,UNKNOWN,UNKNOWN_NO_DETAILED_INSPECTOR,NONE,NONE,NONE,NONE,__mye624789_myl0_422
fp16_prefill,423,__myl_ResMulMea_myl0_423,,UNKNOWN,UNKNOWN,UNKNOWN,UNKNOWN_NO_DETAILED_INSPECTOR,NONE,NONE,NONE,NONE,UNKNOWN
fp16_prefill,424,__myl_AddSqrDivMulMulTraSliSliNegConMulMulAddRes_myl0_424,,UNKNOWN,UNKNOWN,UNKNOWN,UNKNOWN_NO_DETAILED_INSPECTOR,NONE,NONE,NONE,NONE,UNKNOWN
fp16_prefill,425,__mye624791_myl0_425,,UNKNOWN,UNKNOWN,UNKNOWN,UNKNOWN_NO_DETAILED_INSPECTOR,NONE,NONE,NONE,NONE,__mye624791_myl0_425
fp16_prefill,426,_gemm_mha_v2_myl0_426,,UNKNOWN,UNKNOWN,UNKNOWN,UNKNOWN_NO_DETAILED_INSPECTOR,NONE,NONE,NONE,NONE,_gemm_mha_v2_myl0_426
fp16_prefill,427,__myl_FcAdd_myl0_427,,UNKNOWN,UNKNOWN,UNKNOWN,UNKNOWN_NO_DETAILED_INSPECTOR,NONE,NONE,NONE,NONE,UNKNOWN
fp16_prefill,428,__myl_MulMeaAddSqrDivMulMul_myl0_428,,UNKNOWN,UNKNOWN,UNKNOWN,UNKNOWN_NO_DETAILED_INSPECTOR,NONE,NONE,NONE,NONE,UNKNOWN
fp16_prefill,429,__mye624793_myl0_429,,UNKNOWN,UNKNOWN,UNKNOWN,UNKNOWN_NO_DETAILED_INSPECTOR,NONE,NONE,NONE,NONE,__mye624793_myl0_429
fp16_prefill,430,/gate_proj_19/MatMul_myl0_430,,L19:gate_proj,LINEAR,GEMM,UNKNOWN_NO_DETAILED_INSPECTOR,NONE,NONE,NONE,NONE,/gate_proj_19/MatMul_myl0_430
fp16_prefill,431,__mye624795_myl0_431,,UNKNOWN,UNKNOWN,UNKNOWN,UNKNOWN_NO_DETAILED_INSPECTOR,NONE,NONE,NONE,NONE,__mye624795_myl0_431
fp16_prefill,432,/up_proj_19/MatMul_myl0_432,,L19:up_proj,LINEAR,GEMM,UNKNOWN_NO_DETAILED_INSPECTOR,NONE,NONE,NONE,NONE,/up_proj_19/MatMul_myl0_432
fp16_prefill,433,__mye624797_myl0_433,,UNKNOWN,UNKNOWN,UNKNOWN,UNKNOWN_NO_DETAILED_INSPECTOR,NONE,NONE,NONE,NONE,__mye624797_myl0_433
fp16_prefill,434,__mye624799_myl0_434,,UNKNOWN,UNKNOWN,UNKNOWN,UNKNOWN_NO_DETAILED_INSPECTOR,NONE,NONE,NONE,NONE,__mye624799_myl0_434
fp16_prefill,435,__myl_NegExpAddDivMulMul_myl0_435,,UNKNOWN,UNKNOWN,UNKNOWN,UNKNOWN_NO_DETAILED_INSPECTOR,NONE,NONE,NONE,NONE,UNKNOWN
fp16_prefill,436,__myl_FcAdd_myl0_436,,UNKNOWN,UNKNOWN,UNKNOWN,UNKNOWN_NO_DETAILED_INSPECTOR,NONE,NONE,NONE,NONE,UNKNOWN
fp16_prefill,437,__myl_MulMeaAddSqrDivMulMul_myl0_437,,UNKNOWN,UNKNOWN,UNKNOWN,UNKNOWN_NO_DETAILED_INSPECTOR,NONE,NONE,NONE,NONE,UNKNOWN
fp16_prefill,438,/v_proj_20/MatMul+/k_proj_20/MatMul+/q_proj_20/MatMul_myl0_438,,L20:v_proj,LINEAR,GEMM,UNKNOWN_NO_DETAILED_INSPECTOR,NONE,NONE,NONE,NONE,/v_proj_20/MatMul+/k_proj_20/MatMul+/q_proj_20/MatMul_myl0_438
fp16_prefill,439,__mye624801_myl0_439,,UNKNOWN,UNKNOWN,UNKNOWN,UNKNOWN_NO_DETAILED_INSPECTOR,NONE,NONE,NONE,NONE,__mye624801_myl0_439
fp16_prefill,440,__myl_ResTraResSliRepRes_myl0_440,,UNKNOWN,UNKNOWN,UNKNOWN,UNKNOWN_NO_DETAILED_INSPECTOR,NONE,NONE,NONE,NONE,UNKNOWN
fp16_prefill,441,__mye624803_myl0_441,,UNKNOWN,UNKNOWN,UNKNOWN,UNKNOWN_NO_DETAILED_INSPECTOR,NONE,NONE,NONE,NONE,__mye624803_myl0_441
fp16_prefill,442,__myl_ResMulMea_myl0_442,,UNKNOWN,UNKNOWN,UNKNOWN,UNKNOWN_NO_DETAILED_INSPECTOR,NONE,NONE,NONE,NONE,UNKNOWN
fp16_prefill,443,__myl_AddSqrDivMulMulTraSliSliNegConMulMulAddResSliRepResTraRes_myl0_443,,UNKNOWN,UNKNOWN,UNKNOWN,UNKNOWN_NO_DETAILED_INSPECTOR,NONE,NONE,NONE,NONE,UNKNOWN
fp16_prefill,444,__mye624805_myl0_444,,UNKNOWN,UNKNOWN,UNKNOWN,UNKNOWN_NO_DETAILED_INSPECTOR,NONE,NONE,NONE,NONE,__mye624805_myl0_444
fp16_prefill,445,__myl_ResMulMea_myl0_445,,UNKNOWN,UNKNOWN,UNKNOWN,UNKNOWN_NO_DETAILED_INSPECTOR,NONE,NONE,NONE,NONE,UNKNOWN
fp16_prefill,446,__myl_AddSqrDivMulMulTraSliSliNegConMulMulAddRes_myl0_446,,UNKNOWN,UNKNOWN,UNKNOWN,UNKNOWN_NO_DETAILED_INSPECTOR,NONE,NONE,NONE,NONE,UNKNOWN
fp16_prefill,447,__mye624807_myl0_447,,UNKNOWN,UNKNOWN,UNKNOWN,UNKNOWN_NO_DETAILED_INSPECTOR,NONE,NONE,NONE,NONE,__mye624807_myl0_447
fp16_prefill,448,_gemm_mha_v2_myl0_448,,UNKNOWN,UNKNOWN,UNKNOWN,UNKNOWN_NO_DETAILED_INSPECTOR,NONE,NONE,NONE,NONE,_gemm_mha_v2_myl0_448
fp16_prefill,449,__myl_FcAdd_myl0_449,,UNKNOWN,UNKNOWN,UNKNOWN,UNKNOWN_NO_DETAILED_INSPECTOR,NONE,NONE,NONE,NONE,UNKNOWN
fp16_prefill,450,__myl_MulMeaAddSqrDivMulMul_myl0_450,,UNKNOWN,UNKNOWN,UNKNOWN,UNKNOWN_NO_DETAILED_INSPECTOR,NONE,NONE,NONE,NONE,UNKNOWN
fp16_prefill,451,__mye624809_myl0_451,,UNKNOWN,UNKNOWN,UNKNOWN,UNKNOWN_NO_DETAILED_INSPECTOR,NONE,NONE,NONE,NONE,__mye624809_myl0_451
fp16_prefill,452,/gate_proj_20/MatMul_myl0_452,,L20:gate_proj,LINEAR,GEMM,UNKNOWN_NO_DETAILED_INSPECTOR,NONE,NONE,NONE,NONE,/gate_proj_20/MatMul_myl0_452
fp16_prefill,453,__mye624811_myl0_453,,UNKNOWN,UNKNOWN,UNKNOWN,UNKNOWN_NO_DETAILED_INSPECTOR,NONE,NONE,NONE,NONE,__mye624811_myl0_453
fp16_prefill,454,/up_proj_20/MatMul_myl0_454,,L20:up_proj,LINEAR,GEMM,UNKNOWN_NO_DETAILED_INSPECTOR,NONE,NONE,NONE,NONE,/up_proj_20/MatMul_myl0_454
fp16_prefill,455,__mye624813_myl0_455,,UNKNOWN,UNKNOWN,UNKNOWN,UNKNOWN_NO_DETAILED_INSPECTOR,NONE,NONE,NONE,NONE,__mye624813_myl0_455
fp16_prefill,456,__mye624815_myl0_456,,UNKNOWN,UNKNOWN,UNKNOWN,UNKNOWN_NO_DETAILED_INSPECTOR,NONE,NONE,NONE,NONE,__mye624815_myl0_456
fp16_prefill,457,__myl_NegExpAddDivMulMul_myl0_457,,UNKNOWN,UNKNOWN,UNKNOWN,UNKNOWN_NO_DETAILED_INSPECTOR,NONE,NONE,NONE,NONE,UNKNOWN
fp16_prefill,458,__myl_FcAdd_myl0_458,,UNKNOWN,UNKNOWN,UNKNOWN,UNKNOWN_NO_DETAILED_INSPECTOR,NONE,NONE,NONE,NONE,UNKNOWN
fp16_prefill,459,__myl_MulMeaAddSqrDivMulMul_myl0_459,,UNKNOWN,UNKNOWN,UNKNOWN,UNKNOWN_NO_DETAILED_INSPECTOR,NONE,NONE,NONE,NONE,UNKNOWN
fp16_prefill,460,/v_proj_21/MatMul+/k_proj_21/MatMul+/q_proj_21/MatMul_myl0_460,,L21:v_proj,LINEAR,GEMM,UNKNOWN_NO_DETAILED_INSPECTOR,NONE,NONE,NONE,NONE,/v_proj_21/MatMul+/k_proj_21/MatMul+/q_proj_21/MatMul_myl0_460
fp16_prefill,461,__mye624817_myl0_461,,UNKNOWN,UNKNOWN,UNKNOWN,UNKNOWN_NO_DETAILED_INSPECTOR,NONE,NONE,NONE,NONE,__mye624817_myl0_461
fp16_prefill,462,__myl_ResTraResSliRepRes_myl0_462,,UNKNOWN,UNKNOWN,UNKNOWN,UNKNOWN_NO_DETAILED_INSPECTOR,NONE,NONE,NONE,NONE,UNKNOWN
fp16_prefill,463,__mye624819_myl0_463,,UNKNOWN,UNKNOWN,UNKNOWN,UNKNOWN_NO_DETAILED_INSPECTOR,NONE,NONE,NONE,NONE,__mye624819_myl0_463
fp16_prefill,464,__myl_ResMulMea_myl0_464,,UNKNOWN,UNKNOWN,UNKNOWN,UNKNOWN_NO_DETAILED_INSPECTOR,NONE,NONE,NONE,NONE,UNKNOWN
fp16_prefill,465,__myl_AddSqrDivMulMulTraSliSliNegConMulMulAddResSliRepResTraRes_myl0_465,,UNKNOWN,UNKNOWN,UNKNOWN,UNKNOWN_NO_DETAILED_INSPECTOR,NONE,NONE,NONE,NONE,UNKNOWN
fp16_prefill,466,__mye624821_myl0_466,,UNKNOWN,UNKNOWN,UNKNOWN,UNKNOWN_NO_DETAILED_INSPECTOR,NONE,NONE,NONE,NONE,__mye624821_myl0_466
fp16_prefill,467,__myl_ResMulMea_myl0_467,,UNKNOWN,UNKNOWN,UNKNOWN,UNKNOWN_NO_DETAILED_INSPECTOR,NONE,NONE,NONE,NONE,UNKNOWN
fp16_prefill,468,__myl_AddSqrDivMulMulTraSliSliNegConMulMulAddRes_myl0_468,,UNKNOWN,UNKNOWN,UNKNOWN,UNKNOWN_NO_DETAILED_INSPECTOR,NONE,NONE,NONE,NONE,UNKNOWN
fp16_prefill,469,__mye624823_myl0_469,,UNKNOWN,UNKNOWN,UNKNOWN,UNKNOWN_NO_DETAILED_INSPECTOR,NONE,NONE,NONE,NONE,__mye624823_myl0_469
fp16_prefill,470,_gemm_mha_v2_myl0_470,,UNKNOWN,UNKNOWN,UNKNOWN,UNKNOWN_NO_DETAILED_INSPECTOR,NONE,NONE,NONE,NONE,_gemm_mha_v2_myl0_470
fp16_prefill,471,__myl_FcAdd_myl0_471,,UNKNOWN,UNKNOWN,UNKNOWN,UNKNOWN_NO_DETAILED_INSPECTOR,NONE,NONE,NONE,NONE,UNKNOWN
fp16_prefill,472,__myl_MulMeaAddSqrDivMulMul_myl0_472,,UNKNOWN,UNKNOWN,UNKNOWN,UNKNOWN_NO_DETAILED_INSPECTOR,NONE,NONE,NONE,NONE,UNKNOWN
fp16_prefill,473,__mye624825_myl0_473,,UNKNOWN,UNKNOWN,UNKNOWN,UNKNOWN_NO_DETAILED_INSPECTOR,NONE,NONE,NONE,NONE,__mye624825_myl0_473
fp16_prefill,474,/gate_proj_21/MatMul_myl0_474,,L21:gate_proj,LINEAR,GEMM,UNKNOWN_NO_DETAILED_INSPECTOR,NONE,NONE,NONE,NONE,/gate_proj_21/MatMul_myl0_474
fp16_prefill,475,__mye624827_myl0_475,,UNKNOWN,UNKNOWN,UNKNOWN,UNKNOWN_NO_DETAILED_INSPECTOR,NONE,NONE,NONE,NONE,__mye624827_myl0_475
fp16_prefill,476,/up_proj_21/MatMul_myl0_476,,L21:up_proj,LINEAR,GEMM,UNKNOWN_NO_DETAILED_INSPECTOR,NONE,NONE,NONE,NONE,/up_proj_21/MatMul_myl0_476
fp16_prefill,477,__mye624829_myl0_477,,UNKNOWN,UNKNOWN,UNKNOWN,UNKNOWN_NO_DETAILED_INSPECTOR,NONE,NONE,NONE,NONE,__mye624829_myl0_477
fp16_prefill,478,__mye624831_myl0_478,,UNKNOWN,UNKNOWN,UNKNOWN,UNKNOWN_NO_DETAILED_INSPECTOR,NONE,NONE,NONE,NONE,__mye624831_myl0_478
fp16_prefill,479,__myl_NegExpAddDivMulMul_myl0_479,,UNKNOWN,UNKNOWN,UNKNOWN,UNKNOWN_NO_DETAILED_INSPECTOR,NONE,NONE,NONE,NONE,UNKNOWN
fp16_prefill,480,__myl_FcAdd_myl0_480,,UNKNOWN,UNKNOWN,UNKNOWN,UNKNOWN_NO_DETAILED_INSPECTOR,NONE,NONE,NONE,NONE,UNKNOWN
fp16_prefill,481,__myl_MulMeaAddSqrDivMulMul_myl0_481,,UNKNOWN,UNKNOWN,UNKNOWN,UNKNOWN_NO_DETAILED_INSPECTOR,NONE,NONE,NONE,NONE,UNKNOWN
fp16_prefill,482,/v_proj_22/MatMul+/k_proj_22/MatMul+/q_proj_22/MatMul_myl0_482,,L22:v_proj,LINEAR,GEMM,UNKNOWN_NO_DETAILED_INSPECTOR,NONE,NONE,NONE,NONE,/v_proj_22/MatMul+/k_proj_22/MatMul+/q_proj_22/MatMul_myl0_482
fp16_prefill,483,__mye624833_myl0_483,,UNKNOWN,UNKNOWN,UNKNOWN,UNKNOWN_NO_DETAILED_INSPECTOR,NONE,NONE,NONE,NONE,__mye624833_myl0_483
fp16_prefill,484,__myl_ResTraResSliRepRes_myl0_484,,UNKNOWN,UNKNOWN,UNKNOWN,UNKNOWN_NO_DETAILED_INSPECTOR,NONE,NONE,NONE,NONE,UNKNOWN
fp16_prefill,485,__mye624835_myl0_485,,UNKNOWN,UNKNOWN,UNKNOWN,UNKNOWN_NO_DETAILED_INSPECTOR,NONE,NONE,NONE,NONE,__mye624835_myl0_485
fp16_prefill,486,__myl_ResMulMea_myl0_486,,UNKNOWN,UNKNOWN,UNKNOWN,UNKNOWN_NO_DETAILED_INSPECTOR,NONE,NONE,NONE,NONE,UNKNOWN
fp16_prefill,487,__myl_AddSqrDivMulMulTraSliSliNegConMulMulAddResSliRepResTraRes_myl0_487,,UNKNOWN,UNKNOWN,UNKNOWN,UNKNOWN_NO_DETAILED_INSPECTOR,NONE,NONE,NONE,NONE,UNKNOWN
fp16_prefill,488,__mye624837_myl0_488,,UNKNOWN,UNKNOWN,UNKNOWN,UNKNOWN_NO_DETAILED_INSPECTOR,NONE,NONE,NONE,NONE,__mye624837_myl0_488
fp16_prefill,489,__myl_ResMulMea_myl0_489,,UNKNOWN,UNKNOWN,UNKNOWN,UNKNOWN_NO_DETAILED_INSPECTOR,NONE,NONE,NONE,NONE,UNKNOWN
fp16_prefill,490,__myl_AddSqrDivMulMulTraSliSliNegConMulMulAddRes_myl0_490,,UNKNOWN,UNKNOWN,UNKNOWN,UNKNOWN_NO_DETAILED_INSPECTOR,NONE,NONE,NONE,NONE,UNKNOWN
fp16_prefill,491,__mye624839_myl0_491,,UNKNOWN,UNKNOWN,UNKNOWN,UNKNOWN_NO_DETAILED_INSPECTOR,NONE,NONE,NONE,NONE,__mye624839_myl0_491
fp16_prefill,492,_gemm_mha_v2_myl0_492,,UNKNOWN,UNKNOWN,UNKNOWN,UNKNOWN_NO_DETAILED_INSPECTOR,NONE,NONE,NONE,NONE,_gemm_mha_v2_myl0_492
fp16_prefill,493,__myl_FcAdd_myl0_493,,UNKNOWN,UNKNOWN,UNKNOWN,UNKNOWN_NO_DETAILED_INSPECTOR,NONE,NONE,NONE,NONE,UNKNOWN
fp16_prefill,494,__myl_MulMeaAddSqrDivMulMul_myl0_494,,UNKNOWN,UNKNOWN,UNKNOWN,UNKNOWN_NO_DETAILED_INSPECTOR,NONE,NONE,NONE,NONE,UNKNOWN
fp16_prefill,495,__mye624841_myl0_495,,UNKNOWN,UNKNOWN,UNKNOWN,UNKNOWN_NO_DETAILED_INSPECTOR,NONE,NONE,NONE,NONE,__mye624841_myl0_495
fp16_prefill,496,/gate_proj_22/MatMul_myl0_496,,L22:gate_proj,LINEAR,GEMM,UNKNOWN_NO_DETAILED_INSPECTOR,NONE,NONE,NONE,NONE,/gate_proj_22/MatMul_myl0_496
fp16_prefill,497,__mye624843_myl0_497,,UNKNOWN,UNKNOWN,UNKNOWN,UNKNOWN_NO_DETAILED_INSPECTOR,NONE,NONE,NONE,NONE,__mye624843_myl0_497
fp16_prefill,498,/up_proj_22/MatMul_myl0_498,,L22:up_proj,LINEAR,GEMM,UNKNOWN_NO_DETAILED_INSPECTOR,NONE,NONE,NONE,NONE,/up_proj_22/MatMul_myl0_498
fp16_prefill,499,__mye624845_myl0_499,,UNKNOWN,UNKNOWN,UNKNOWN,UNKNOWN_NO_DETAILED_INSPECTOR,NONE,NONE,NONE,NONE,__mye624845_myl0_499
fp16_prefill,500,__mye624847_myl0_500,,UNKNOWN,UNKNOWN,UNKNOWN,UNKNOWN_NO_DETAILED_INSPECTOR,NONE,NONE,NONE,NONE,__mye624847_myl0_500
fp16_prefill,501,__myl_NegExpAddDivMulMul_myl0_501,,UNKNOWN,UNKNOWN,UNKNOWN,UNKNOWN_NO_DETAILED_INSPECTOR,NONE,NONE,NONE,NONE,UNKNOWN
fp16_prefill,502,__myl_FcAdd_myl0_502,,UNKNOWN,UNKNOWN,UNKNOWN,UNKNOWN_NO_DETAILED_INSPECTOR,NONE,NONE,NONE,NONE,UNKNOWN
fp16_prefill,503,__myl_MulMeaAddSqrDivMulMul_myl0_503,,UNKNOWN,UNKNOWN,UNKNOWN,UNKNOWN_NO_DETAILED_INSPECTOR,NONE,NONE,NONE,NONE,UNKNOWN
fp16_prefill,504,/v_proj_23/MatMul+/k_proj_23/MatMul+/q_proj_23/MatMul_myl0_504,,L23:v_proj,LINEAR,GEMM,UNKNOWN_NO_DETAILED_INSPECTOR,NONE,NONE,NONE,NONE,/v_proj_23/MatMul+/k_proj_23/MatMul+/q_proj_23/MatMul_myl0_504
fp16_prefill,505,__mye624849_myl0_505,,UNKNOWN,UNKNOWN,UNKNOWN,UNKNOWN_NO_DETAILED_INSPECTOR,NONE,NONE,NONE,NONE,__mye624849_myl0_505
fp16_prefill,506,__myl_ResTraResSliRepRes_myl0_506,,UNKNOWN,UNKNOWN,UNKNOWN,UNKNOWN_NO_DETAILED_INSPECTOR,NONE,NONE,NONE,NONE,UNKNOWN
fp16_prefill,507,__mye624851_myl0_507,,UNKNOWN,UNKNOWN,UNKNOWN,UNKNOWN_NO_DETAILED_INSPECTOR,NONE,NONE,NONE,NONE,__mye624851_myl0_507
fp16_prefill,508,__myl_ResMulMea_myl0_508,,UNKNOWN,UNKNOWN,UNKNOWN,UNKNOWN_NO_DETAILED_INSPECTOR,NONE,NONE,NONE,NONE,UNKNOWN
fp16_prefill,509,__myl_AddSqrDivMulMulTraSliSliNegConMulMulAddResSliRepResTraRes_myl0_509,,UNKNOWN,UNKNOWN,UNKNOWN,UNKNOWN_NO_DETAILED_INSPECTOR,NONE,NONE,NONE,NONE,UNKNOWN
fp16_prefill,510,__mye624853_myl0_510,,UNKNOWN,UNKNOWN,UNKNOWN,UNKNOWN_NO_DETAILED_INSPECTOR,NONE,NONE,NONE,NONE,__mye624853_myl0_510
fp16_prefill,511,__myl_ResMulMea_myl0_511,,UNKNOWN,UNKNOWN,UNKNOWN,UNKNOWN_NO_DETAILED_INSPECTOR,NONE,NONE,NONE,NONE,UNKNOWN
fp16_prefill,512,__myl_AddSqrDivMulMulTraSliSliNegConMulMulAddRes_myl0_512,,UNKNOWN,UNKNOWN,UNKNOWN,UNKNOWN_NO_DETAILED_INSPECTOR,NONE,NONE,NONE,NONE,UNKNOWN
fp16_prefill,513,__mye624855_myl0_513,,UNKNOWN,UNKNOWN,UNKNOWN,UNKNOWN_NO_DETAILED_INSPECTOR,NONE,NONE,NONE,NONE,__mye624855_myl0_513
fp16_prefill,514,_gemm_mha_v2_myl0_514,,UNKNOWN,UNKNOWN,UNKNOWN,UNKNOWN_NO_DETAILED_INSPECTOR,NONE,NONE,NONE,NONE,_gemm_mha_v2_myl0_514
fp16_prefill,515,__myl_FcAdd_myl0_515,,UNKNOWN,UNKNOWN,UNKNOWN,UNKNOWN_NO_DETAILED_INSPECTOR,NONE,NONE,NONE,NONE,UNKNOWN
fp16_prefill,516,__myl_MulMeaAddSqrDivMulMul_myl0_516,,UNKNOWN,UNKNOWN,UNKNOWN,UNKNOWN_NO_DETAILED_INSPECTOR,NONE,NONE,NONE,NONE,UNKNOWN
fp16_prefill,517,__mye624857_myl0_517,,UNKNOWN,UNKNOWN,UNKNOWN,UNKNOWN_NO_DETAILED_INSPECTOR,NONE,NONE,NONE,NONE,__mye624857_myl0_517
fp16_prefill,518,/gate_proj_23/MatMul_myl0_518,,L23:gate_proj,LINEAR,GEMM,UNKNOWN_NO_DETAILED_INSPECTOR,NONE,NONE,NONE,NONE,/gate_proj_23/MatMul_myl0_518
fp16_prefill,519,__mye624859_myl0_519,,UNKNOWN,UNKNOWN,UNKNOWN,UNKNOWN_NO_DETAILED_INSPECTOR,NONE,NONE,NONE,NONE,__mye624859_myl0_519
fp16_prefill,520,/up_proj_23/MatMul_myl0_520,,L23:up_proj,LINEAR,GEMM,UNKNOWN_NO_DETAILED_INSPECTOR,NONE,NONE,NONE,NONE,/up_proj_23/MatMul_myl0_520
fp16_prefill,521,__mye624861_myl0_521,,UNKNOWN,UNKNOWN,UNKNOWN,UNKNOWN_NO_DETAILED_INSPECTOR,NONE,NONE,NONE,NONE,__mye624861_myl0_521
fp16_prefill,522,__mye624863_myl0_522,,UNKNOWN,UNKNOWN,UNKNOWN,UNKNOWN_NO_DETAILED_INSPECTOR,NONE,NONE,NONE,NONE,__mye624863_myl0_522
fp16_prefill,523,__myl_NegExpAddDivMulMul_myl0_523,,UNKNOWN,UNKNOWN,UNKNOWN,UNKNOWN_NO_DETAILED_INSPECTOR,NONE,NONE,NONE,NONE,UNKNOWN
fp16_prefill,524,__myl_FcAdd_myl0_524,,UNKNOWN,UNKNOWN,UNKNOWN,UNKNOWN_NO_DETAILED_INSPECTOR,NONE,NONE,NONE,NONE,UNKNOWN
fp16_prefill,525,__myl_MulMeaAddSqrDivMulMul_myl0_525,,UNKNOWN,UNKNOWN,UNKNOWN,UNKNOWN_NO_DETAILED_INSPECTOR,NONE,NONE,NONE,NONE,UNKNOWN
fp16_prefill,526,/v_proj_24/MatMul+/k_proj_24/MatMul+/q_proj_24/MatMul_myl0_526,,L24:v_proj,LINEAR,GEMM,UNKNOWN_NO_DETAILED_INSPECTOR,NONE,NONE,NONE,NONE,/v_proj_24/MatMul+/k_proj_24/MatMul+/q_proj_24/MatMul_myl0_526
fp16_prefill,527,__mye624865_myl0_527,,UNKNOWN,UNKNOWN,UNKNOWN,UNKNOWN_NO_DETAILED_INSPECTOR,NONE,NONE,NONE,NONE,__mye624865_myl0_527
fp16_prefill,528,__myl_ResTraResSliRepRes_myl0_528,,UNKNOWN,UNKNOWN,UNKNOWN,UNKNOWN_NO_DETAILED_INSPECTOR,NONE,NONE,NONE,NONE,UNKNOWN
fp16_prefill,529,__mye624867_myl0_529,,UNKNOWN,UNKNOWN,UNKNOWN,UNKNOWN_NO_DETAILED_INSPECTOR,NONE,NONE,NONE,NONE,__mye624867_myl0_529
fp16_prefill,530,__myl_ResMulMea_myl0_530,,UNKNOWN,UNKNOWN,UNKNOWN,UNKNOWN_NO_DETAILED_INSPECTOR,NONE,NONE,NONE,NONE,UNKNOWN
fp16_prefill,531,__myl_AddSqrDivMulMulTraSliSliNegConMulMulAddResSliRepResTraRes_myl0_531,,UNKNOWN,UNKNOWN,UNKNOWN,UNKNOWN_NO_DETAILED_INSPECTOR,NONE,NONE,NONE,NONE,UNKNOWN
fp16_prefill,532,__mye624869_myl0_532,,UNKNOWN,UNKNOWN,UNKNOWN,UNKNOWN_NO_DETAILED_INSPECTOR,NONE,NONE,NONE,NONE,__mye624869_myl0_532
fp16_prefill,533,__myl_ResMulMea_myl0_533,,UNKNOWN,UNKNOWN,UNKNOWN,UNKNOWN_NO_DETAILED_INSPECTOR,NONE,NONE,NONE,NONE,UNKNOWN
fp16_prefill,534,__myl_AddSqrDivMulMulTraSliSliNegConMulMulAddRes_myl0_534,,UNKNOWN,UNKNOWN,UNKNOWN,UNKNOWN_NO_DETAILED_INSPECTOR,NONE,NONE,NONE,NONE,UNKNOWN
fp16_prefill,535,__mye624871_myl0_535,,UNKNOWN,UNKNOWN,UNKNOWN,UNKNOWN_NO_DETAILED_INSPECTOR,NONE,NONE,NONE,NONE,__mye624871_myl0_535
fp16_prefill,536,_gemm_mha_v2_myl0_536,,UNKNOWN,UNKNOWN,UNKNOWN,UNKNOWN_NO_DETAILED_INSPECTOR,NONE,NONE,NONE,NONE,_gemm_mha_v2_myl0_536
fp16_prefill,537,__myl_FcAdd_myl0_537,,UNKNOWN,UNKNOWN,UNKNOWN,UNKNOWN_NO_DETAILED_INSPECTOR,NONE,NONE,NONE,NONE,UNKNOWN
fp16_prefill,538,__myl_MulMeaAddSqrDivMulMul_myl0_538,,UNKNOWN,UNKNOWN,UNKNOWN,UNKNOWN_NO_DETAILED_INSPECTOR,NONE,NONE,NONE,NONE,UNKNOWN
fp16_prefill,539,__mye624873_myl0_539,,UNKNOWN,UNKNOWN,UNKNOWN,UNKNOWN_NO_DETAILED_INSPECTOR,NONE,NONE,NONE,NONE,__mye624873_myl0_539
fp16_prefill,540,/gate_proj_24/MatMul_myl0_540,,L24:gate_proj,LINEAR,GEMM,UNKNOWN_NO_DETAILED_INSPECTOR,NONE,NONE,NONE,NONE,/gate_proj_24/MatMul_myl0_540
fp16_prefill,541,__mye624875_myl0_541,,UNKNOWN,UNKNOWN,UNKNOWN,UNKNOWN_NO_DETAILED_INSPECTOR,NONE,NONE,NONE,NONE,__mye624875_myl0_541
fp16_prefill,542,/up_proj_24/MatMul_myl0_542,,L24:up_proj,LINEAR,GEMM,UNKNOWN_NO_DETAILED_INSPECTOR,NONE,NONE,NONE,NONE,/up_proj_24/MatMul_myl0_542
fp16_prefill,543,__mye624877_myl0_543,,UNKNOWN,UNKNOWN,UNKNOWN,UNKNOWN_NO_DETAILED_INSPECTOR,NONE,NONE,NONE,NONE,__mye624877_myl0_543
fp16_prefill,544,__mye624879_myl0_544,,UNKNOWN,UNKNOWN,UNKNOWN,UNKNOWN_NO_DETAILED_INSPECTOR,NONE,NONE,NONE,NONE,__mye624879_myl0_544
fp16_prefill,545,__myl_NegExpAddDivMulMul_myl0_545,,UNKNOWN,UNKNOWN,UNKNOWN,UNKNOWN_NO_DETAILED_INSPECTOR,NONE,NONE,NONE,NONE,UNKNOWN
fp16_prefill,546,__myl_FcAdd_myl0_546,,UNKNOWN,UNKNOWN,UNKNOWN,UNKNOWN_NO_DETAILED_INSPECTOR,NONE,NONE,NONE,NONE,UNKNOWN
fp16_prefill,547,__myl_MulMeaAddSqrDivMulMul_myl0_547,,UNKNOWN,UNKNOWN,UNKNOWN,UNKNOWN_NO_DETAILED_INSPECTOR,NONE,NONE,NONE,NONE,UNKNOWN
fp16_prefill,548,/v_proj_25/MatMul+/k_proj_25/MatMul+/q_proj_25/MatMul_myl0_548,,L25:v_proj,LINEAR,GEMM,UNKNOWN_NO_DETAILED_INSPECTOR,NONE,NONE,NONE,NONE,/v_proj_25/MatMul+/k_proj_25/MatMul+/q_proj_25/MatMul_myl0_548
fp16_prefill,549,__mye624881_myl0_549,,UNKNOWN,UNKNOWN,UNKNOWN,UNKNOWN_NO_DETAILED_INSPECTOR,NONE,NONE,NONE,NONE,__mye624881_myl0_549
fp16_prefill,550,__myl_ResTraResSliRepRes_myl0_550,,UNKNOWN,UNKNOWN,UNKNOWN,UNKNOWN_NO_DETAILED_INSPECTOR,NONE,NONE,NONE,NONE,UNKNOWN
fp16_prefill,551,__mye624883_myl0_551,,UNKNOWN,UNKNOWN,UNKNOWN,UNKNOWN_NO_DETAILED_INSPECTOR,NONE,NONE,NONE,NONE,__mye624883_myl0_551
fp16_prefill,552,__myl_ResMulMea_myl0_552,,UNKNOWN,UNKNOWN,UNKNOWN,UNKNOWN_NO_DETAILED_INSPECTOR,NONE,NONE,NONE,NONE,UNKNOWN
fp16_prefill,553,__myl_AddSqrDivMulMulTraSliSliNegConMulMulAddResSliRepResTraRes_myl0_553,,UNKNOWN,UNKNOWN,UNKNOWN,UNKNOWN_NO_DETAILED_INSPECTOR,NONE,NONE,NONE,NONE,UNKNOWN
fp16_prefill,554,__mye624885_myl0_554,,UNKNOWN,UNKNOWN,UNKNOWN,UNKNOWN_NO_DETAILED_INSPECTOR,NONE,NONE,NONE,NONE,__mye624885_myl0_554
fp16_prefill,555,__myl_ResMulMea_myl0_555,,UNKNOWN,UNKNOWN,UNKNOWN,UNKNOWN_NO_DETAILED_INSPECTOR,NONE,NONE,NONE,NONE,UNKNOWN
fp16_prefill,556,__myl_AddSqrDivMulMulTraSliSliNegConMulMulAddRes_myl0_556,,UNKNOWN,UNKNOWN,UNKNOWN,UNKNOWN_NO_DETAILED_INSPECTOR,NONE,NONE,NONE,NONE,UNKNOWN
fp16_prefill,557,__mye624887_myl0_557,,UNKNOWN,UNKNOWN,UNKNOWN,UNKNOWN_NO_DETAILED_INSPECTOR,NONE,NONE,NONE,NONE,__mye624887_myl0_557
fp16_prefill,558,_gemm_mha_v2_myl0_558,,UNKNOWN,UNKNOWN,UNKNOWN,UNKNOWN_NO_DETAILED_INSPECTOR,NONE,NONE,NONE,NONE,_gemm_mha_v2_myl0_558
fp16_prefill,559,__myl_FcAdd_myl0_559,,UNKNOWN,UNKNOWN,UNKNOWN,UNKNOWN_NO_DETAILED_INSPECTOR,NONE,NONE,NONE,NONE,UNKNOWN
fp16_prefill,560,__myl_MulMeaAddSqrDivMulMul_myl0_560,,UNKNOWN,UNKNOWN,UNKNOWN,UNKNOWN_NO_DETAILED_INSPECTOR,NONE,NONE,NONE,NONE,UNKNOWN
fp16_prefill,561,__mye624889_myl0_561,,UNKNOWN,UNKNOWN,UNKNOWN,UNKNOWN_NO_DETAILED_INSPECTOR,NONE,NONE,NONE,NONE,__mye624889_myl0_561
fp16_prefill,562,/gate_proj_25/MatMul_myl0_562,,L25:gate_proj,LINEAR,GEMM,UNKNOWN_NO_DETAILED_INSPECTOR,NONE,NONE,NONE,NONE,/gate_proj_25/MatMul_myl0_562
fp16_prefill,563,__mye624891_myl0_563,,UNKNOWN,UNKNOWN,UNKNOWN,UNKNOWN_NO_DETAILED_INSPECTOR,NONE,NONE,NONE,NONE,__mye624891_myl0_563
fp16_prefill,564,/up_proj_25/MatMul_myl0_564,,L25:up_proj,LINEAR,GEMM,UNKNOWN_NO_DETAILED_INSPECTOR,NONE,NONE,NONE,NONE,/up_proj_25/MatMul_myl0_564
fp16_prefill,565,__mye624893_myl0_565,,UNKNOWN,UNKNOWN,UNKNOWN,UNKNOWN_NO_DETAILED_INSPECTOR,NONE,NONE,NONE,NONE,__mye624893_myl0_565
fp16_prefill,566,__mye624895_myl0_566,,UNKNOWN,UNKNOWN,UNKNOWN,UNKNOWN_NO_DETAILED_INSPECTOR,NONE,NONE,NONE,NONE,__mye624895_myl0_566
fp16_prefill,567,__myl_NegExpAddDivMulMul_myl0_567,,UNKNOWN,UNKNOWN,UNKNOWN,UNKNOWN_NO_DETAILED_INSPECTOR,NONE,NONE,NONE,NONE,UNKNOWN
fp16_prefill,568,__myl_FcAdd_myl0_568,,UNKNOWN,UNKNOWN,UNKNOWN,UNKNOWN_NO_DETAILED_INSPECTOR,NONE,NONE,NONE,NONE,UNKNOWN
fp16_prefill,569,__myl_MulMeaAddSqrDivMulMul_myl0_569,,UNKNOWN,UNKNOWN,UNKNOWN,UNKNOWN_NO_DETAILED_INSPECTOR,NONE,NONE,NONE,NONE,UNKNOWN
fp16_prefill,570,/v_proj_26/MatMul+/k_proj_26/MatMul+/q_proj_26/MatMul_myl0_570,,L26:v_proj,LINEAR,GEMM,UNKNOWN_NO_DETAILED_INSPECTOR,NONE,NONE,NONE,NONE,/v_proj_26/MatMul+/k_proj_26/MatMul+/q_proj_26/MatMul_myl0_570
fp16_prefill,571,__mye624897_myl0_571,,UNKNOWN,UNKNOWN,UNKNOWN,UNKNOWN_NO_DETAILED_INSPECTOR,NONE,NONE,NONE,NONE,__mye624897_myl0_571
fp16_prefill,572,__myl_ResTraResSliRepRes_myl0_572,,UNKNOWN,UNKNOWN,UNKNOWN,UNKNOWN_NO_DETAILED_INSPECTOR,NONE,NONE,NONE,NONE,UNKNOWN
fp16_prefill,573,__mye624899_myl0_573,,UNKNOWN,UNKNOWN,UNKNOWN,UNKNOWN_NO_DETAILED_INSPECTOR,NONE,NONE,NONE,NONE,__mye624899_myl0_573
fp16_prefill,574,__myl_ResMulMea_myl0_574,,UNKNOWN,UNKNOWN,UNKNOWN,UNKNOWN_NO_DETAILED_INSPECTOR,NONE,NONE,NONE,NONE,UNKNOWN
fp16_prefill,575,__myl_AddSqrDivMulMulTraSliSliNegConMulMulAddResSliRepResTraRes_myl0_575,,UNKNOWN,UNKNOWN,UNKNOWN,UNKNOWN_NO_DETAILED_INSPECTOR,NONE,NONE,NONE,NONE,UNKNOWN
fp16_prefill,576,__mye624901_myl0_576,,UNKNOWN,UNKNOWN,UNKNOWN,UNKNOWN_NO_DETAILED_INSPECTOR,NONE,NONE,NONE,NONE,__mye624901_myl0_576
fp16_prefill,577,__myl_ResMulMea_myl0_577,,UNKNOWN,UNKNOWN,UNKNOWN,UNKNOWN_NO_DETAILED_INSPECTOR,NONE,NONE,NONE,NONE,UNKNOWN
fp16_prefill,578,__myl_AddSqrDivMulMulTraSliSliNegConMulMulAddRes_myl0_578,,UNKNOWN,UNKNOWN,UNKNOWN,UNKNOWN_NO_DETAILED_INSPECTOR,NONE,NONE,NONE,NONE,UNKNOWN
fp16_prefill,579,__mye624903_myl0_579,,UNKNOWN,UNKNOWN,UNKNOWN,UNKNOWN_NO_DETAILED_INSPECTOR,NONE,NONE,NONE,NONE,__mye624903_myl0_579
fp16_prefill,580,_gemm_mha_v2_myl0_580,,UNKNOWN,UNKNOWN,UNKNOWN,UNKNOWN_NO_DETAILED_INSPECTOR,NONE,NONE,NONE,NONE,_gemm_mha_v2_myl0_580
fp16_prefill,581,__myl_FcAdd_myl0_581,,UNKNOWN,UNKNOWN,UNKNOWN,UNKNOWN_NO_DETAILED_INSPECTOR,NONE,NONE,NONE,NONE,UNKNOWN
fp16_prefill,582,__myl_MulMeaAddSqrDivMulMul_myl0_582,,UNKNOWN,UNKNOWN,UNKNOWN,UNKNOWN_NO_DETAILED_INSPECTOR,NONE,NONE,NONE,NONE,UNKNOWN
fp16_prefill,583,__mye624905_myl0_583,,UNKNOWN,UNKNOWN,UNKNOWN,UNKNOWN_NO_DETAILED_INSPECTOR,NONE,NONE,NONE,NONE,__mye624905_myl0_583
fp16_prefill,584,/gate_proj_26/MatMul_myl0_584,,L26:gate_proj,LINEAR,GEMM,UNKNOWN_NO_DETAILED_INSPECTOR,NONE,NONE,NONE,NONE,/gate_proj_26/MatMul_myl0_584
fp16_prefill,585,__mye624907_myl0_585,,UNKNOWN,UNKNOWN,UNKNOWN,UNKNOWN_NO_DETAILED_INSPECTOR,NONE,NONE,NONE,NONE,__mye624907_myl0_585
fp16_prefill,586,/up_proj_26/MatMul_myl0_586,,L26:up_proj,LINEAR,GEMM,UNKNOWN_NO_DETAILED_INSPECTOR,NONE,NONE,NONE,NONE,/up_proj_26/MatMul_myl0_586
fp16_prefill,587,__mye624909_myl0_587,,UNKNOWN,UNKNOWN,UNKNOWN,UNKNOWN_NO_DETAILED_INSPECTOR,NONE,NONE,NONE,NONE,__mye624909_myl0_587
fp16_prefill,588,__mye624911_myl0_588,,UNKNOWN,UNKNOWN,UNKNOWN,UNKNOWN_NO_DETAILED_INSPECTOR,NONE,NONE,NONE,NONE,__mye624911_myl0_588
fp16_prefill,589,__myl_NegExpAddDivMulMul_myl0_589,,UNKNOWN,UNKNOWN,UNKNOWN,UNKNOWN_NO_DETAILED_INSPECTOR,NONE,NONE,NONE,NONE,UNKNOWN
fp16_prefill,590,__myl_FcAdd_myl0_590,,UNKNOWN,UNKNOWN,UNKNOWN,UNKNOWN_NO_DETAILED_INSPECTOR,NONE,NONE,NONE,NONE,UNKNOWN
fp16_prefill,591,__myl_MulMeaAddSqrDivMulMul_myl0_591,,UNKNOWN,UNKNOWN,UNKNOWN,UNKNOWN_NO_DETAILED_INSPECTOR,NONE,NONE,NONE,NONE,UNKNOWN
fp16_prefill,592,/v_proj_27/MatMul+/k_proj_27/MatMul+/q_proj_27/MatMul_myl0_592,,L27:v_proj,LINEAR,GEMM,UNKNOWN_NO_DETAILED_INSPECTOR,NONE,NONE,NONE,NONE,/v_proj_27/MatMul+/k_proj_27/MatMul+/q_proj_27/MatMul_myl0_592
fp16_prefill,593,__mye624913_myl0_593,,UNKNOWN,UNKNOWN,UNKNOWN,UNKNOWN_NO_DETAILED_INSPECTOR,NONE,NONE,NONE,NONE,__mye624913_myl0_593
fp16_prefill,594,__myl_ResTraResSliRepRes_myl0_594,,UNKNOWN,UNKNOWN,UNKNOWN,UNKNOWN_NO_DETAILED_INSPECTOR,NONE,NONE,NONE,NONE,UNKNOWN
fp16_prefill,595,__mye624915_myl0_595,,UNKNOWN,UNKNOWN,UNKNOWN,UNKNOWN_NO_DETAILED_INSPECTOR,NONE,NONE,NONE,NONE,__mye624915_myl0_595
fp16_prefill,596,__myl_ResMulMea_myl0_596,,UNKNOWN,UNKNOWN,UNKNOWN,UNKNOWN_NO_DETAILED_INSPECTOR,NONE,NONE,NONE,NONE,UNKNOWN
fp16_prefill,597,__myl_AddSqrDivMulMulTraSliSliNegConMulMulAddResSliRepResTraRes_myl0_597,,UNKNOWN,UNKNOWN,UNKNOWN,UNKNOWN_NO_DETAILED_INSPECTOR,NONE,NONE,NONE,NONE,UNKNOWN
fp16_prefill,598,__mye624917_myl0_598,,UNKNOWN,UNKNOWN,UNKNOWN,UNKNOWN_NO_DETAILED_INSPECTOR,NONE,NONE,NONE,NONE,__mye624917_myl0_598
fp16_prefill,599,__myl_ResMulMea_myl0_599,,UNKNOWN,UNKNOWN,UNKNOWN,UNKNOWN_NO_DETAILED_INSPECTOR,NONE,NONE,NONE,NONE,UNKNOWN
fp16_prefill,600,__myl_AddSqrDivMulMulTraSliSliNegConMulMulAddRes_myl0_600,,UNKNOWN,UNKNOWN,UNKNOWN,UNKNOWN_NO_DETAILED_INSPECTOR,NONE,NONE,NONE,NONE,UNKNOWN
fp16_prefill,601,__mye624919_myl0_601,,UNKNOWN,UNKNOWN,UNKNOWN,UNKNOWN_NO_DETAILED_INSPECTOR,NONE,NONE,NONE,NONE,__mye624919_myl0_601
fp16_prefill,602,_gemm_mha_v2_myl0_602,,UNKNOWN,UNKNOWN,UNKNOWN,UNKNOWN_NO_DETAILED_INSPECTOR,NONE,NONE,NONE,NONE,_gemm_mha_v2_myl0_602
fp16_prefill,603,__myl_FcAdd_myl0_603,,UNKNOWN,UNKNOWN,UNKNOWN,UNKNOWN_NO_DETAILED_INSPECTOR,NONE,NONE,NONE,NONE,UNKNOWN
fp16_prefill,604,__myl_MulMeaAddSqrDivMulMul_myl0_604,,UNKNOWN,UNKNOWN,UNKNOWN,UNKNOWN_NO_DETAILED_INSPECTOR,NONE,NONE,NONE,NONE,UNKNOWN
fp16_prefill,605,__mye624921_myl0_605,,UNKNOWN,UNKNOWN,UNKNOWN,UNKNOWN_NO_DETAILED_INSPECTOR,NONE,NONE,NONE,NONE,__mye624921_myl0_605
fp16_prefill,606,/gate_proj_27/MatMul_myl0_606,,L27:gate_proj,LINEAR,GEMM,UNKNOWN_NO_DETAILED_INSPECTOR,NONE,NONE,NONE,NONE,/gate_proj_27/MatMul_myl0_606
fp16_prefill,607,__mye624923_myl0_607,,UNKNOWN,UNKNOWN,UNKNOWN,UNKNOWN_NO_DETAILED_INSPECTOR,NONE,NONE,NONE,NONE,__mye624923_myl0_607
fp16_prefill,608,/up_proj_27/MatMul_myl0_608,,L27:up_proj,LINEAR,GEMM,UNKNOWN_NO_DETAILED_INSPECTOR,NONE,NONE,NONE,NONE,/up_proj_27/MatMul_myl0_608
fp16_prefill,609,__mye624925_myl0_609,,UNKNOWN,UNKNOWN,UNKNOWN,UNKNOWN_NO_DETAILED_INSPECTOR,NONE,NONE,NONE,NONE,__mye624925_myl0_609
fp16_prefill,610,__mye624927_myl0_610,,UNKNOWN,UNKNOWN,UNKNOWN,UNKNOWN_NO_DETAILED_INSPECTOR,NONE,NONE,NONE,NONE,__mye624927_myl0_610
fp16_prefill,611,__myl_NegExpAddDivMulMul_myl0_611,,UNKNOWN,UNKNOWN,UNKNOWN,UNKNOWN_NO_DETAILED_INSPECTOR,NONE,NONE,NONE,NONE,UNKNOWN
fp16_prefill,612,__myl_FcAdd_myl0_612,,UNKNOWN,UNKNOWN,UNKNOWN,UNKNOWN_NO_DETAILED_INSPECTOR,NONE,NONE,NONE,NONE,UNKNOWN
fp16_decode,0,__mye133320_0_myl0_0,,UNKNOWN,UNKNOWN,UNKNOWN,UNKNOWN_NO_DETAILED_INSPECTOR,NONE,NONE,NONE,NONE,__mye133320_0_myl0_0
fp16_decode,1,__myl_MovMulMeaAddSqrDivMulMul_myl0_1,,UNKNOWN,UNKNOWN,UNKNOWN,UNKNOWN_NO_DETAILED_INSPECTOR,NONE,NONE,NONE,NONE,UNKNOWN
fp16_decode,2,/v_proj/MatMul+/k_proj/MatMul+/q_proj/MatMul_myl0_2,,L0:v_proj,LINEAR,GEMM,UNKNOWN_NO_DETAILED_INSPECTOR,NONE,NONE,NONE,NONE,/v_proj/MatMul+/k_proj/MatMul+/q_proj/MatMul_myl0_2
fp16_decode,3,__myl_MovResConResRep_myl0_3,,UNKNOWN,UNKNOWN,UNKNOWN,UNKNOWN_NO_DETAILED_INSPECTOR,NONE,NONE,NONE,NONE,UNKNOWN
fp16_decode,4,__myl_MovResMulMea_myl0_4,,UNKNOWN,UNKNOWN,UNKNOWN,UNKNOWN_NO_DETAILED_INSPECTOR,NONE,NONE,NONE,NONE,UNKNOWN
fp16_decode,5,__myl_MovResMulMea_myl0_5,,UNKNOWN,UNKNOWN,UNKNOWN,UNKNOWN_NO_DETAILED_INSPECTOR,NONE,NONE,NONE,NONE,UNKNOWN
fp16_decode,6,__myl_CasResMulConSinResCosResAddSqrAddSqrDivMulDivMulMulResSliSliNegConMulMulAddConResRepResTraEtc_myl0_6,,UNKNOWN,UNKNOWN,UNKNOWN,UNKNOWN_NO_DETAILED_INSPECTOR,NONE,NONE,NONE,NONE,UNKNOWN
fp16_decode,7,/MatMul_myl0_7,,UNKNOWN,UNKNOWN,UNKNOWN,UNKNOWN_NO_DETAILED_INSPECTOR,NONE,NONE,NONE,NONE,/MatMul_myl0_7
fp16_decode,8,__myl_MulMaxSubExpSumDivMul_myl0_8,,UNKNOWN,UNKNOWN,UNKNOWN,UNKNOWN_NO_DETAILED_INSPECTOR,NONE,NONE,NONE,NONE,UNKNOWN
fp16_decode,9,/MatMul_1_myl0_9,,UNKNOWN,UNKNOWN,UNKNOWN,UNKNOWN_NO_DETAILED_INSPECTOR,NONE,NONE,NONE,NONE,/MatMul_1_myl0_9
fp16_decode,10,/o_proj/MatMul_myl0_10,,L0:o_proj,LINEAR,GEMM,UNKNOWN_NO_DETAILED_INSPECTOR,NONE,NONE,NONE,NONE,/o_proj/MatMul_myl0_10
fp16_decode,11,__myl_MulMeaAddSqrDivMulMul_myl0_11,,UNKNOWN,UNKNOWN,UNKNOWN,UNKNOWN_NO_DETAILED_INSPECTOR,NONE,NONE,NONE,NONE,UNKNOWN
fp16_decode,12,/up_proj/MatMul_myl0_12,,L0:up_proj,LINEAR,GEMM,UNKNOWN_NO_DETAILED_INSPECTOR,NONE,NONE,NONE,NONE,/up_proj/MatMul_myl0_12
fp16_decode,13,__myl_FcNegExpAddDivMulMul_myl0_13,,UNKNOWN,UNKNOWN,UNKNOWN,UNKNOWN_NO_DETAILED_INSPECTOR,NONE,NONE,NONE,NONE,UNKNOWN
fp16_decode,14,__myl_FcAdd_myl0_14,,UNKNOWN,UNKNOWN,UNKNOWN,UNKNOWN_NO_DETAILED_INSPECTOR,NONE,NONE,NONE,NONE,UNKNOWN
fp16_decode,15,__myl_MulMeaAddSqrDivMulMul_myl0_15,,UNKNOWN,UNKNOWN,UNKNOWN,UNKNOWN_NO_DETAILED_INSPECTOR,NONE,NONE,NONE,NONE,UNKNOWN
fp16_decode,16,/v_proj_1/MatMul+/k_proj_1/MatMul+/q_proj_1/MatMul_myl0_16,,L1:v_proj,LINEAR,GEMM,UNKNOWN_NO_DETAILED_INSPECTOR,NONE,NONE,NONE,NONE,/v_proj_1/MatMul+/k_proj_1/MatMul+/q_proj_1/MatMul_myl0_16
fp16_decode,17,__myl_MovResConResRep_myl0_17,,UNKNOWN,UNKNOWN,UNKNOWN,UNKNOWN_NO_DETAILED_INSPECTOR,NONE,NONE,NONE,NONE,UNKNOWN
fp16_decode,18,__myl_MovResMulMea_myl0_18,,UNKNOWN,UNKNOWN,UNKNOWN,UNKNOWN_NO_DETAILED_INSPECTOR,NONE,NONE,NONE,NONE,UNKNOWN
fp16_decode,19,__myl_AddSqrDivMulMulResSliSliNegConMulMulAddConResRepResTra_myl0_19,,UNKNOWN,UNKNOWN,UNKNOWN,UNKNOWN_NO_DETAILED_INSPECTOR,NONE,NONE,NONE,NONE,UNKNOWN
fp16_decode,20,__myl_MovResMulMea_myl0_20,,UNKNOWN,UNKNOWN,UNKNOWN,UNKNOWN_NO_DETAILED_INSPECTOR,NONE,NONE,NONE,NONE,UNKNOWN
fp16_decode,21,__myl_AddSqrDivMulMulResSliSliNegConMulMulAdd_myl0_21,,UNKNOWN,UNKNOWN,UNKNOWN,UNKNOWN_NO_DETAILED_INSPECTOR,NONE,NONE,NONE,NONE,UNKNOWN
fp16_decode,22,/MatMul_2_myl0_22,,UNKNOWN,UNKNOWN,UNKNOWN,UNKNOWN_NO_DETAILED_INSPECTOR,NONE,NONE,NONE,NONE,/MatMul_2_myl0_22
fp16_decode,23,__myl_MulMaxSubExpSumDivMul_myl0_23,,UNKNOWN,UNKNOWN,UNKNOWN,UNKNOWN_NO_DETAILED_INSPECTOR,NONE,NONE,NONE,NONE,UNKNOWN
fp16_decode,24,/MatMul_3_myl0_24,,UNKNOWN,UNKNOWN,UNKNOWN,UNKNOWN_NO_DETAILED_INSPECTOR,NONE,NONE,NONE,NONE,/MatMul_3_myl0_24
fp16_decode,25,/o_proj_1/MatMul_myl0_25,,L1:o_proj,LINEAR,GEMM,UNKNOWN_NO_DETAILED_INSPECTOR,NONE,NONE,NONE,NONE,/o_proj_1/MatMul_myl0_25
fp16_decode,26,__myl_AddMulMeaAddSqrDivMulMul_myl0_26,,UNKNOWN,UNKNOWN,UNKNOWN,UNKNOWN_NO_DETAILED_INSPECTOR,NONE,NONE,NONE,NONE,UNKNOWN
fp16_decode,27,/up_proj_1/MatMul_myl0_27,,L1:up_proj,LINEAR,GEMM,UNKNOWN_NO_DETAILED_INSPECTOR,NONE,NONE,NONE,NONE,/up_proj_1/MatMul_myl0_27
fp16_decode,28,__myl_FcNegExpAddDivMulMul_myl0_28,,UNKNOWN,UNKNOWN,UNKNOWN,UNKNOWN_NO_DETAILED_INSPECTOR,NONE,NONE,NONE,NONE,UNKNOWN
fp16_decode,29,__myl_FcAdd_myl0_29,,UNKNOWN,UNKNOWN,UNKNOWN,UNKNOWN_NO_DETAILED_INSPECTOR,NONE,NONE,NONE,NONE,UNKNOWN
fp16_decode,30,__myl_MulMeaAddSqrDivMulMul_myl0_30,,UNKNOWN,UNKNOWN,UNKNOWN,UNKNOWN_NO_DETAILED_INSPECTOR,NONE,NONE,NONE,NONE,UNKNOWN
fp16_decode,31,/v_proj_2/MatMul+/k_proj_2/MatMul+/q_proj_2/MatMul_myl0_31,,L2:v_proj,LINEAR,GEMM,UNKNOWN_NO_DETAILED_INSPECTOR,NONE,NONE,NONE,NONE,/v_proj_2/MatMul+/k_proj_2/MatMul+/q_proj_2/MatMul_myl0_31
fp16_decode,32,__myl_MovResConResRep_myl0_32,,UNKNOWN,UNKNOWN,UNKNOWN,UNKNOWN_NO_DETAILED_INSPECTOR,NONE,NONE,NONE,NONE,UNKNOWN
fp16_decode,33,__myl_MovResMulMea_myl0_33,,UNKNOWN,UNKNOWN,UNKNOWN,UNKNOWN_NO_DETAILED_INSPECTOR,NONE,NONE,NONE,NONE,UNKNOWN
fp16_decode,34,__myl_AddSqrDivMulMulResSliSliNegConMulMulAddConResRepResTra_myl0_34,,UNKNOWN,UNKNOWN,UNKNOWN,UNKNOWN_NO_DETAILED_INSPECTOR,NONE,NONE,NONE,NONE,UNKNOWN
fp16_decode,35,__myl_MovResMulMea_myl0_35,,UNKNOWN,UNKNOWN,UNKNOWN,UNKNOWN_NO_DETAILED_INSPECTOR,NONE,NONE,NONE,NONE,UNKNOWN
fp16_decode,36,__myl_AddSqrDivMulMulResSliSliNegConMulMulAdd_myl0_36,,UNKNOWN,UNKNOWN,UNKNOWN,UNKNOWN_NO_DETAILED_INSPECTOR,NONE,NONE,NONE,NONE,UNKNOWN
fp16_decode,37,/MatMul_4_myl0_37,,UNKNOWN,UNKNOWN,UNKNOWN,UNKNOWN_NO_DETAILED_INSPECTOR,NONE,NONE,NONE,NONE,/MatMul_4_myl0_37
fp16_decode,38,__myl_MulMaxSubExpSumDivMul_myl0_38,,UNKNOWN,UNKNOWN,UNKNOWN,UNKNOWN_NO_DETAILED_INSPECTOR,NONE,NONE,NONE,NONE,UNKNOWN
fp16_decode,39,/MatMul_5_myl0_39,,UNKNOWN,UNKNOWN,UNKNOWN,UNKNOWN_NO_DETAILED_INSPECTOR,NONE,NONE,NONE,NONE,/MatMul_5_myl0_39
fp16_decode,40,/o_proj_2/MatMul_myl0_40,,L2:o_proj,LINEAR,GEMM,UNKNOWN_NO_DETAILED_INSPECTOR,NONE,NONE,NONE,NONE,/o_proj_2/MatMul_myl0_40
fp16_decode,41,__myl_AddMulMeaAddSqrDivMulMul_myl0_41,,UNKNOWN,UNKNOWN,UNKNOWN,UNKNOWN_NO_DETAILED_INSPECTOR,NONE,NONE,NONE,NONE,UNKNOWN
fp16_decode,42,/up_proj_2/MatMul_myl0_42,,L2:up_proj,LINEAR,GEMM,UNKNOWN_NO_DETAILED_INSPECTOR,NONE,NONE,NONE,NONE,/up_proj_2/MatMul_myl0_42
fp16_decode,43,__myl_FcNegExpAddDivMulMul_myl0_43,,UNKNOWN,UNKNOWN,UNKNOWN,UNKNOWN_NO_DETAILED_INSPECTOR,NONE,NONE,NONE,NONE,UNKNOWN
fp16_decode,44,__myl_FcAdd_myl0_44,,UNKNOWN,UNKNOWN,UNKNOWN,UNKNOWN_NO_DETAILED_INSPECTOR,NONE,NONE,NONE,NONE,UNKNOWN
fp16_decode,45,__myl_MulMeaAddSqrDivMulMul_myl0_45,,UNKNOWN,UNKNOWN,UNKNOWN,UNKNOWN_NO_DETAILED_INSPECTOR,NONE,NONE,NONE,NONE,UNKNOWN
fp16_decode,46,/v_proj_3/MatMul+/k_proj_3/MatMul+/q_proj_3/MatMul_myl0_46,,L3:v_proj,LINEAR,GEMM,UNKNOWN_NO_DETAILED_INSPECTOR,NONE,NONE,NONE,NONE,/v_proj_3/MatMul+/k_proj_3/MatMul+/q_proj_3/MatMul_myl0_46
fp16_decode,47,__myl_MovResConResRep_myl0_47,,UNKNOWN,UNKNOWN,UNKNOWN,UNKNOWN_NO_DETAILED_INSPECTOR,NONE,NONE,NONE,NONE,UNKNOWN
fp16_decode,48,__myl_MovResMulMea_myl0_48,,UNKNOWN,UNKNOWN,UNKNOWN,UNKNOWN_NO_DETAILED_INSPECTOR,NONE,NONE,NONE,NONE,UNKNOWN
fp16_decode,49,__myl_AddSqrDivMulMulResSliSliNegConMulMulAddConResRepResTra_myl0_49,,UNKNOWN,UNKNOWN,UNKNOWN,UNKNOWN_NO_DETAILED_INSPECTOR,NONE,NONE,NONE,NONE,UNKNOWN
fp16_decode,50,__myl_MovResMulMea_myl0_50,,UNKNOWN,UNKNOWN,UNKNOWN,UNKNOWN_NO_DETAILED_INSPECTOR,NONE,NONE,NONE,NONE,UNKNOWN
fp16_decode,51,__myl_AddSqrDivMulMulResSliSliNegConMulMulAdd_myl0_51,,UNKNOWN,UNKNOWN,UNKNOWN,UNKNOWN_NO_DETAILED_INSPECTOR,NONE,NONE,NONE,NONE,UNKNOWN
fp16_decode,52,/MatMul_6_myl0_52,,UNKNOWN,UNKNOWN,UNKNOWN,UNKNOWN_NO_DETAILED_INSPECTOR,NONE,NONE,NONE,NONE,/MatMul_6_myl0_52
fp16_decode,53,__myl_MulMaxSubExpSumDivMul_myl0_53,,UNKNOWN,UNKNOWN,UNKNOWN,UNKNOWN_NO_DETAILED_INSPECTOR,NONE,NONE,NONE,NONE,UNKNOWN
fp16_decode,54,/MatMul_7_myl0_54,,UNKNOWN,UNKNOWN,UNKNOWN,UNKNOWN_NO_DETAILED_INSPECTOR,NONE,NONE,NONE,NONE,/MatMul_7_myl0_54
fp16_decode,55,/o_proj_3/MatMul_myl0_55,,L3:o_proj,LINEAR,GEMM,UNKNOWN_NO_DETAILED_INSPECTOR,NONE,NONE,NONE,NONE,/o_proj_3/MatMul_myl0_55
fp16_decode,56,__myl_AddMulMeaAddSqrDivMulMul_myl0_56,,UNKNOWN,UNKNOWN,UNKNOWN,UNKNOWN_NO_DETAILED_INSPECTOR,NONE,NONE,NONE,NONE,UNKNOWN
fp16_decode,57,/up_proj_3/MatMul_myl0_57,,L3:up_proj,LINEAR,GEMM,UNKNOWN_NO_DETAILED_INSPECTOR,NONE,NONE,NONE,NONE,/up_proj_3/MatMul_myl0_57
fp16_decode,58,__myl_FcNegExpAddDivMulMul_myl0_58,,UNKNOWN,UNKNOWN,UNKNOWN,UNKNOWN_NO_DETAILED_INSPECTOR,NONE,NONE,NONE,NONE,UNKNOWN
fp16_decode,59,__myl_FcAdd_myl0_59,,UNKNOWN,UNKNOWN,UNKNOWN,UNKNOWN_NO_DETAILED_INSPECTOR,NONE,NONE,NONE,NONE,UNKNOWN
fp16_decode,60,__myl_MulMeaAddSqrDivMulMul_myl0_60,,UNKNOWN,UNKNOWN,UNKNOWN,UNKNOWN_NO_DETAILED_INSPECTOR,NONE,NONE,NONE,NONE,UNKNOWN
fp16_decode,61,/v_proj_4/MatMul+/k_proj_4/MatMul+/q_proj_4/MatMul_myl0_61,,L4:v_proj,LINEAR,GEMM,UNKNOWN_NO_DETAILED_INSPECTOR,NONE,NONE,NONE,NONE,/v_proj_4/MatMul+/k_proj_4/MatMul+/q_proj_4/MatMul_myl0_61
fp16_decode,62,__myl_MovResConResRep_myl0_62,,UNKNOWN,UNKNOWN,UNKNOWN,UNKNOWN_NO_DETAILED_INSPECTOR,NONE,NONE,NONE,NONE,UNKNOWN
fp16_decode,63,__myl_MovResMulMea_myl0_63,,UNKNOWN,UNKNOWN,UNKNOWN,UNKNOWN_NO_DETAILED_INSPECTOR,NONE,NONE,NONE,NONE,UNKNOWN
fp16_decode,64,__myl_AddSqrDivMulMulResSliSliNegConMulMulAddConResRepResTra_myl0_64,,UNKNOWN,UNKNOWN,UNKNOWN,UNKNOWN_NO_DETAILED_INSPECTOR,NONE,NONE,NONE,NONE,UNKNOWN
fp16_decode,65,__myl_MovResMulMea_myl0_65,,UNKNOWN,UNKNOWN,UNKNOWN,UNKNOWN_NO_DETAILED_INSPECTOR,NONE,NONE,NONE,NONE,UNKNOWN
fp16_decode,66,__myl_AddSqrDivMulMulResSliSliNegConMulMulAdd_myl0_66,,UNKNOWN,UNKNOWN,UNKNOWN,UNKNOWN_NO_DETAILED_INSPECTOR,NONE,NONE,NONE,NONE,UNKNOWN
fp16_decode,67,/MatMul_8_myl0_67,,UNKNOWN,UNKNOWN,UNKNOWN,UNKNOWN_NO_DETAILED_INSPECTOR,NONE,NONE,NONE,NONE,/MatMul_8_myl0_67
fp16_decode,68,__myl_MulMaxSubExpSumDivMul_myl0_68,,UNKNOWN,UNKNOWN,UNKNOWN,UNKNOWN_NO_DETAILED_INSPECTOR,NONE,NONE,NONE,NONE,UNKNOWN
fp16_decode,69,/MatMul_9_myl0_69,,UNKNOWN,UNKNOWN,UNKNOWN,UNKNOWN_NO_DETAILED_INSPECTOR,NONE,NONE,NONE,NONE,/MatMul_9_myl0_69
fp16_decode,70,/o_proj_4/MatMul_myl0_70,,L4:o_proj,LINEAR,GEMM,UNKNOWN_NO_DETAILED_INSPECTOR,NONE,NONE,NONE,NONE,/o_proj_4/MatMul_myl0_70
fp16_decode,71,__myl_AddMulMeaAddSqrDivMulMul_myl0_71,,UNKNOWN,UNKNOWN,UNKNOWN,UNKNOWN_NO_DETAILED_INSPECTOR,NONE,NONE,NONE,NONE,UNKNOWN
fp16_decode,72,/up_proj_4/MatMul_myl0_72,,L4:up_proj,LINEAR,GEMM,UNKNOWN_NO_DETAILED_INSPECTOR,NONE,NONE,NONE,NONE,/up_proj_4/MatMul_myl0_72
fp16_decode,73,__myl_FcNegExpAddDivMulMul_myl0_73,,UNKNOWN,UNKNOWN,UNKNOWN,UNKNOWN_NO_DETAILED_INSPECTOR,NONE,NONE,NONE,NONE,UNKNOWN
fp16_decode,74,__myl_FcAdd_myl0_74,,UNKNOWN,UNKNOWN,UNKNOWN,UNKNOWN_NO_DETAILED_INSPECTOR,NONE,NONE,NONE,NONE,UNKNOWN
fp16_decode,75,__myl_MulMeaAddSqrDivMulMul_myl0_75,,UNKNOWN,UNKNOWN,UNKNOWN,UNKNOWN_NO_DETAILED_INSPECTOR,NONE,NONE,NONE,NONE,UNKNOWN
fp16_decode,76,/v_proj_5/MatMul+/k_proj_5/MatMul+/q_proj_5/MatMul_myl0_76,,L5:v_proj,LINEAR,GEMM,UNKNOWN_NO_DETAILED_INSPECTOR,NONE,NONE,NONE,NONE,/v_proj_5/MatMul+/k_proj_5/MatMul+/q_proj_5/MatMul_myl0_76
fp16_decode,77,__myl_MovResConResRep_myl0_77,,UNKNOWN,UNKNOWN,UNKNOWN,UNKNOWN_NO_DETAILED_INSPECTOR,NONE,NONE,NONE,NONE,UNKNOWN
fp16_decode,78,__myl_MovResMulMea_myl0_78,,UNKNOWN,UNKNOWN,UNKNOWN,UNKNOWN_NO_DETAILED_INSPECTOR,NONE,NONE,NONE,NONE,UNKNOWN
fp16_decode,79,__myl_AddSqrDivMulMulResSliSliNegConMulMulAddConResRepResTra_myl0_79,,UNKNOWN,UNKNOWN,UNKNOWN,UNKNOWN_NO_DETAILED_INSPECTOR,NONE,NONE,NONE,NONE,UNKNOWN
fp16_decode,80,__myl_MovResMulMea_myl0_80,,UNKNOWN,UNKNOWN,UNKNOWN,UNKNOWN_NO_DETAILED_INSPECTOR,NONE,NONE,NONE,NONE,UNKNOWN
fp16_decode,81,__myl_AddSqrDivMulMulResSliSliNegConMulMulAdd_myl0_81,,UNKNOWN,UNKNOWN,UNKNOWN,UNKNOWN_NO_DETAILED_INSPECTOR,NONE,NONE,NONE,NONE,UNKNOWN
fp16_decode,82,/MatMul_10_myl0_82,,UNKNOWN,UNKNOWN,UNKNOWN,UNKNOWN_NO_DETAILED_INSPECTOR,NONE,NONE,NONE,NONE,/MatMul_10_myl0_82
fp16_decode,83,__myl_MulMaxSubExpSumDivMul_myl0_83,,UNKNOWN,UNKNOWN,UNKNOWN,UNKNOWN_NO_DETAILED_INSPECTOR,NONE,NONE,NONE,NONE,UNKNOWN
fp16_decode,84,/MatMul_11_myl0_84,,UNKNOWN,UNKNOWN,UNKNOWN,UNKNOWN_NO_DETAILED_INSPECTOR,NONE,NONE,NONE,NONE,/MatMul_11_myl0_84
fp16_decode,85,/o_proj_5/MatMul_myl0_85,,L5:o_proj,LINEAR,GEMM,UNKNOWN_NO_DETAILED_INSPECTOR,NONE,NONE,NONE,NONE,/o_proj_5/MatMul_myl0_85
fp16_decode,86,__myl_AddMulMeaAddSqrDivMulMul_myl0_86,,UNKNOWN,UNKNOWN,UNKNOWN,UNKNOWN_NO_DETAILED_INSPECTOR,NONE,NONE,NONE,NONE,UNKNOWN
fp16_decode,87,/up_proj_5/MatMul_myl0_87,,L5:up_proj,LINEAR,GEMM,UNKNOWN_NO_DETAILED_INSPECTOR,NONE,NONE,NONE,NONE,/up_proj_5/MatMul_myl0_87
fp16_decode,88,__myl_FcNegExpAddDivMulMul_myl0_88,,UNKNOWN,UNKNOWN,UNKNOWN,UNKNOWN_NO_DETAILED_INSPECTOR,NONE,NONE,NONE,NONE,UNKNOWN
fp16_decode,89,__myl_FcAdd_myl0_89,,UNKNOWN,UNKNOWN,UNKNOWN,UNKNOWN_NO_DETAILED_INSPECTOR,NONE,NONE,NONE,NONE,UNKNOWN
fp16_decode,90,__myl_MulMeaAddSqrDivMulMul_myl0_90,,UNKNOWN,UNKNOWN,UNKNOWN,UNKNOWN_NO_DETAILED_INSPECTOR,NONE,NONE,NONE,NONE,UNKNOWN
fp16_decode,91,/v_proj_6/MatMul+/k_proj_6/MatMul+/q_proj_6/MatMul_myl0_91,,L6:v_proj,LINEAR,GEMM,UNKNOWN_NO_DETAILED_INSPECTOR,NONE,NONE,NONE,NONE,/v_proj_6/MatMul+/k_proj_6/MatMul+/q_proj_6/MatMul_myl0_91
fp16_decode,92,__myl_MovResConResRep_myl0_92,,UNKNOWN,UNKNOWN,UNKNOWN,UNKNOWN_NO_DETAILED_INSPECTOR,NONE,NONE,NONE,NONE,UNKNOWN
fp16_decode,93,__myl_MovResMulMea_myl0_93,,UNKNOWN,UNKNOWN,UNKNOWN,UNKNOWN_NO_DETAILED_INSPECTOR,NONE,NONE,NONE,NONE,UNKNOWN
fp16_decode,94,__myl_AddSqrDivMulMulResSliSliNegConMulMulAddConResRepResTra_myl0_94,,UNKNOWN,UNKNOWN,UNKNOWN,UNKNOWN_NO_DETAILED_INSPECTOR,NONE,NONE,NONE,NONE,UNKNOWN
fp16_decode,95,__myl_MovResMulMea_myl0_95,,UNKNOWN,UNKNOWN,UNKNOWN,UNKNOWN_NO_DETAILED_INSPECTOR,NONE,NONE,NONE,NONE,UNKNOWN
fp16_decode,96,__myl_AddSqrDivMulMulResSliSliNegConMulMulAdd_myl0_96,,UNKNOWN,UNKNOWN,UNKNOWN,UNKNOWN_NO_DETAILED_INSPECTOR,NONE,NONE,NONE,NONE,UNKNOWN
fp16_decode,97,/MatMul_12_myl0_97,,UNKNOWN,UNKNOWN,UNKNOWN,UNKNOWN_NO_DETAILED_INSPECTOR,NONE,NONE,NONE,NONE,/MatMul_12_myl0_97
fp16_decode,98,__myl_MulMaxSubExpSumDivMul_myl0_98,,UNKNOWN,UNKNOWN,UNKNOWN,UNKNOWN_NO_DETAILED_INSPECTOR,NONE,NONE,NONE,NONE,UNKNOWN
fp16_decode,99,/MatMul_13_myl0_99,,UNKNOWN,UNKNOWN,UNKNOWN,UNKNOWN_NO_DETAILED_INSPECTOR,NONE,NONE,NONE,NONE,/MatMul_13_myl0_99
fp16_decode,100,/o_proj_6/MatMul_myl0_100,,L6:o_proj,LINEAR,GEMM,UNKNOWN_NO_DETAILED_INSPECTOR,NONE,NONE,NONE,NONE,/o_proj_6/MatMul_myl0_100
fp16_decode,101,__myl_AddMulMeaAddSqrDivMulMul_myl0_101,,UNKNOWN,UNKNOWN,UNKNOWN,UNKNOWN_NO_DETAILED_INSPECTOR,NONE,NONE,NONE,NONE,UNKNOWN
fp16_decode,102,/up_proj_6/MatMul_myl0_102,,L6:up_proj,LINEAR,GEMM,UNKNOWN_NO_DETAILED_INSPECTOR,NONE,NONE,NONE,NONE,/up_proj_6/MatMul_myl0_102
fp16_decode,103,__myl_FcNegExpAddDivMulMul_myl0_103,,UNKNOWN,UNKNOWN,UNKNOWN,UNKNOWN_NO_DETAILED_INSPECTOR,NONE,NONE,NONE,NONE,UNKNOWN
fp16_decode,104,__myl_FcAdd_myl0_104,,UNKNOWN,UNKNOWN,UNKNOWN,UNKNOWN_NO_DETAILED_INSPECTOR,NONE,NONE,NONE,NONE,UNKNOWN
fp16_decode,105,__myl_MulMeaAddSqrDivMulMul_myl0_105,,UNKNOWN,UNKNOWN,UNKNOWN,UNKNOWN_NO_DETAILED_INSPECTOR,NONE,NONE,NONE,NONE,UNKNOWN
fp16_decode,106,/v_proj_7/MatMul+/k_proj_7/MatMul+/q_proj_7/MatMul_myl0_106,,L7:v_proj,LINEAR,GEMM,UNKNOWN_NO_DETAILED_INSPECTOR,NONE,NONE,NONE,NONE,/v_proj_7/MatMul+/k_proj_7/MatMul+/q_proj_7/MatMul_myl0_106
fp16_decode,107,__myl_MovResConResRep_myl0_107,,UNKNOWN,UNKNOWN,UNKNOWN,UNKNOWN_NO_DETAILED_INSPECTOR,NONE,NONE,NONE,NONE,UNKNOWN
fp16_decode,108,__myl_MovResMulMea_myl0_108,,UNKNOWN,UNKNOWN,UNKNOWN,UNKNOWN_NO_DETAILED_INSPECTOR,NONE,NONE,NONE,NONE,UNKNOWN
fp16_decode,109,__myl_AddSqrDivMulMulResSliSliNegConMulMulAddConResRepResTra_myl0_109,,UNKNOWN,UNKNOWN,UNKNOWN,UNKNOWN_NO_DETAILED_INSPECTOR,NONE,NONE,NONE,NONE,UNKNOWN
fp16_decode,110,__myl_MovResMulMea_myl0_110,,UNKNOWN,UNKNOWN,UNKNOWN,UNKNOWN_NO_DETAILED_INSPECTOR,NONE,NONE,NONE,NONE,UNKNOWN
fp16_decode,111,__myl_AddSqrDivMulMulResSliSliNegConMulMulAdd_myl0_111,,UNKNOWN,UNKNOWN,UNKNOWN,UNKNOWN_NO_DETAILED_INSPECTOR,NONE,NONE,NONE,NONE,UNKNOWN
fp16_decode,112,/MatMul_14_myl0_112,,UNKNOWN,UNKNOWN,UNKNOWN,UNKNOWN_NO_DETAILED_INSPECTOR,NONE,NONE,NONE,NONE,/MatMul_14_myl0_112
fp16_decode,113,__myl_MulMaxSubExpSumDivMul_myl0_113,,UNKNOWN,UNKNOWN,UNKNOWN,UNKNOWN_NO_DETAILED_INSPECTOR,NONE,NONE,NONE,NONE,UNKNOWN
fp16_decode,114,/MatMul_15_myl0_114,,UNKNOWN,UNKNOWN,UNKNOWN,UNKNOWN_NO_DETAILED_INSPECTOR,NONE,NONE,NONE,NONE,/MatMul_15_myl0_114
fp16_decode,115,/o_proj_7/MatMul_myl0_115,,L7:o_proj,LINEAR,GEMM,UNKNOWN_NO_DETAILED_INSPECTOR,NONE,NONE,NONE,NONE,/o_proj_7/MatMul_myl0_115
fp16_decode,116,__myl_AddMulMeaAddSqrDivMulMul_myl0_116,,UNKNOWN,UNKNOWN,UNKNOWN,UNKNOWN_NO_DETAILED_INSPECTOR,NONE,NONE,NONE,NONE,UNKNOWN
fp16_decode,117,/up_proj_7/MatMul_myl0_117,,L7:up_proj,LINEAR,GEMM,UNKNOWN_NO_DETAILED_INSPECTOR,NONE,NONE,NONE,NONE,/up_proj_7/MatMul_myl0_117
fp16_decode,118,__myl_FcNegExpAddDivMulMul_myl0_118,,UNKNOWN,UNKNOWN,UNKNOWN,UNKNOWN_NO_DETAILED_INSPECTOR,NONE,NONE,NONE,NONE,UNKNOWN
fp16_decode,119,__myl_FcAdd_myl0_119,,UNKNOWN,UNKNOWN,UNKNOWN,UNKNOWN_NO_DETAILED_INSPECTOR,NONE,NONE,NONE,NONE,UNKNOWN
fp16_decode,120,__myl_MulMeaAddSqrDivMulMul_myl0_120,,UNKNOWN,UNKNOWN,UNKNOWN,UNKNOWN_NO_DETAILED_INSPECTOR,NONE,NONE,NONE,NONE,UNKNOWN
fp16_decode,121,/v_proj_8/MatMul+/k_proj_8/MatMul+/q_proj_8/MatMul_myl0_121,,L8:v_proj,LINEAR,GEMM,UNKNOWN_NO_DETAILED_INSPECTOR,NONE,NONE,NONE,NONE,/v_proj_8/MatMul+/k_proj_8/MatMul+/q_proj_8/MatMul_myl0_121
fp16_decode,122,__myl_MovResConResRep_myl0_122,,UNKNOWN,UNKNOWN,UNKNOWN,UNKNOWN_NO_DETAILED_INSPECTOR,NONE,NONE,NONE,NONE,UNKNOWN
fp16_decode,123,__myl_MovResMulMea_myl0_123,,UNKNOWN,UNKNOWN,UNKNOWN,UNKNOWN_NO_DETAILED_INSPECTOR,NONE,NONE,NONE,NONE,UNKNOWN
fp16_decode,124,__myl_AddSqrDivMulMulResSliSliNegConMulMulAddConResRepResTra_myl0_124,,UNKNOWN,UNKNOWN,UNKNOWN,UNKNOWN_NO_DETAILED_INSPECTOR,NONE,NONE,NONE,NONE,UNKNOWN
fp16_decode,125,__myl_MovResMulMea_myl0_125,,UNKNOWN,UNKNOWN,UNKNOWN,UNKNOWN_NO_DETAILED_INSPECTOR,NONE,NONE,NONE,NONE,UNKNOWN
fp16_decode,126,__myl_AddSqrDivMulMulResSliSliNegConMulMulAdd_myl0_126,,UNKNOWN,UNKNOWN,UNKNOWN,UNKNOWN_NO_DETAILED_INSPECTOR,NONE,NONE,NONE,NONE,UNKNOWN
fp16_decode,127,/MatMul_16_myl0_127,,UNKNOWN,UNKNOWN,UNKNOWN,UNKNOWN_NO_DETAILED_INSPECTOR,NONE,NONE,NONE,NONE,/MatMul_16_myl0_127
fp16_decode,128,__myl_MulMaxSubExpSumDivMul_myl0_128,,UNKNOWN,UNKNOWN,UNKNOWN,UNKNOWN_NO_DETAILED_INSPECTOR,NONE,NONE,NONE,NONE,UNKNOWN
fp16_decode,129,/MatMul_17_myl0_129,,UNKNOWN,UNKNOWN,UNKNOWN,UNKNOWN_NO_DETAILED_INSPECTOR,NONE,NONE,NONE,NONE,/MatMul_17_myl0_129
fp16_decode,130,/o_proj_8/MatMul_myl0_130,,L8:o_proj,LINEAR,GEMM,UNKNOWN_NO_DETAILED_INSPECTOR,NONE,NONE,NONE,NONE,/o_proj_8/MatMul_myl0_130
fp16_decode,131,__myl_AddMulMeaAddSqrDivMulMul_myl0_131,,UNKNOWN,UNKNOWN,UNKNOWN,UNKNOWN_NO_DETAILED_INSPECTOR,NONE,NONE,NONE,NONE,UNKNOWN
fp16_decode,132,/up_proj_8/MatMul_myl0_132,,L8:up_proj,LINEAR,GEMM,UNKNOWN_NO_DETAILED_INSPECTOR,NONE,NONE,NONE,NONE,/up_proj_8/MatMul_myl0_132
fp16_decode,133,__myl_FcNegExpAddDivMulMul_myl0_133,,UNKNOWN,UNKNOWN,UNKNOWN,UNKNOWN_NO_DETAILED_INSPECTOR,NONE,NONE,NONE,NONE,UNKNOWN
fp16_decode,134,__myl_FcAdd_myl0_134,,UNKNOWN,UNKNOWN,UNKNOWN,UNKNOWN_NO_DETAILED_INSPECTOR,NONE,NONE,NONE,NONE,UNKNOWN
fp16_decode,135,__myl_MulMeaAddSqrDivMulMul_myl0_135,,UNKNOWN,UNKNOWN,UNKNOWN,UNKNOWN_NO_DETAILED_INSPECTOR,NONE,NONE,NONE,NONE,UNKNOWN
fp16_decode,136,/v_proj_9/MatMul+/k_proj_9/MatMul+/q_proj_9/MatMul_myl0_136,,L9:v_proj,LINEAR,GEMM,UNKNOWN_NO_DETAILED_INSPECTOR,NONE,NONE,NONE,NONE,/v_proj_9/MatMul+/k_proj_9/MatMul+/q_proj_9/MatMul_myl0_136
fp16_decode,137,__myl_MovResConResRep_myl0_137,,UNKNOWN,UNKNOWN,UNKNOWN,UNKNOWN_NO_DETAILED_INSPECTOR,NONE,NONE,NONE,NONE,UNKNOWN
fp16_decode,138,__myl_MovResMulMea_myl0_138,,UNKNOWN,UNKNOWN,UNKNOWN,UNKNOWN_NO_DETAILED_INSPECTOR,NONE,NONE,NONE,NONE,UNKNOWN
fp16_decode,139,__myl_AddSqrDivMulMulResSliSliNegConMulMulAddConResRepResTra_myl0_139,,UNKNOWN,UNKNOWN,UNKNOWN,UNKNOWN_NO_DETAILED_INSPECTOR,NONE,NONE,NONE,NONE,UNKNOWN
fp16_decode,140,__myl_MovResMulMea_myl0_140,,UNKNOWN,UNKNOWN,UNKNOWN,UNKNOWN_NO_DETAILED_INSPECTOR,NONE,NONE,NONE,NONE,UNKNOWN
fp16_decode,141,__myl_AddSqrDivMulMulResSliSliNegConMulMulAdd_myl0_141,,UNKNOWN,UNKNOWN,UNKNOWN,UNKNOWN_NO_DETAILED_INSPECTOR,NONE,NONE,NONE,NONE,UNKNOWN
fp16_decode,142,/MatMul_18_myl0_142,,UNKNOWN,UNKNOWN,UNKNOWN,UNKNOWN_NO_DETAILED_INSPECTOR,NONE,NONE,NONE,NONE,/MatMul_18_myl0_142
fp16_decode,143,__myl_MulMaxSubExpSumDivMul_myl0_143,,UNKNOWN,UNKNOWN,UNKNOWN,UNKNOWN_NO_DETAILED_INSPECTOR,NONE,NONE,NONE,NONE,UNKNOWN
fp16_decode,144,/MatMul_19_myl0_144,,UNKNOWN,UNKNOWN,UNKNOWN,UNKNOWN_NO_DETAILED_INSPECTOR,NONE,NONE,NONE,NONE,/MatMul_19_myl0_144
fp16_decode,145,/o_proj_9/MatMul_myl0_145,,L9:o_proj,LINEAR,GEMM,UNKNOWN_NO_DETAILED_INSPECTOR,NONE,NONE,NONE,NONE,/o_proj_9/MatMul_myl0_145
fp16_decode,146,__myl_AddMulMeaAddSqrDivMulMul_myl0_146,,UNKNOWN,UNKNOWN,UNKNOWN,UNKNOWN_NO_DETAILED_INSPECTOR,NONE,NONE,NONE,NONE,UNKNOWN
fp16_decode,147,/up_proj_9/MatMul_myl0_147,,L9:up_proj,LINEAR,GEMM,UNKNOWN_NO_DETAILED_INSPECTOR,NONE,NONE,NONE,NONE,/up_proj_9/MatMul_myl0_147
fp16_decode,148,__myl_FcNegExpAddDivMulMul_myl0_148,,UNKNOWN,UNKNOWN,UNKNOWN,UNKNOWN_NO_DETAILED_INSPECTOR,NONE,NONE,NONE,NONE,UNKNOWN
fp16_decode,149,__myl_FcAdd_myl0_149,,UNKNOWN,UNKNOWN,UNKNOWN,UNKNOWN_NO_DETAILED_INSPECTOR,NONE,NONE,NONE,NONE,UNKNOWN
fp16_decode,150,__myl_MulMeaAddSqrDivMulMul_myl0_150,,UNKNOWN,UNKNOWN,UNKNOWN,UNKNOWN_NO_DETAILED_INSPECTOR,NONE,NONE,NONE,NONE,UNKNOWN
fp16_decode,151,/v_proj_10/MatMul+/k_proj_10/MatMul+/q_proj_10/MatMul_myl0_151,,L10:v_proj,LINEAR,GEMM,UNKNOWN_NO_DETAILED_INSPECTOR,NONE,NONE,NONE,NONE,/v_proj_10/MatMul+/k_proj_10/MatMul+/q_proj_10/MatMul_myl0_151
fp16_decode,152,__myl_MovResConResRep_myl0_152,,UNKNOWN,UNKNOWN,UNKNOWN,UNKNOWN_NO_DETAILED_INSPECTOR,NONE,NONE,NONE,NONE,UNKNOWN
fp16_decode,153,__myl_MovResMulMea_myl0_153,,UNKNOWN,UNKNOWN,UNKNOWN,UNKNOWN_NO_DETAILED_INSPECTOR,NONE,NONE,NONE,NONE,UNKNOWN
fp16_decode,154,__myl_AddSqrDivMulMulResSliSliNegConMulMulAddConResRepResTra_myl0_154,,UNKNOWN,UNKNOWN,UNKNOWN,UNKNOWN_NO_DETAILED_INSPECTOR,NONE,NONE,NONE,NONE,UNKNOWN
fp16_decode,155,__myl_MovResMulMea_myl0_155,,UNKNOWN,UNKNOWN,UNKNOWN,UNKNOWN_NO_DETAILED_INSPECTOR,NONE,NONE,NONE,NONE,UNKNOWN
fp16_decode,156,__myl_AddSqrDivMulMulResSliSliNegConMulMulAdd_myl0_156,,UNKNOWN,UNKNOWN,UNKNOWN,UNKNOWN_NO_DETAILED_INSPECTOR,NONE,NONE,NONE,NONE,UNKNOWN
fp16_decode,157,/MatMul_20_myl0_157,,UNKNOWN,UNKNOWN,UNKNOWN,UNKNOWN_NO_DETAILED_INSPECTOR,NONE,NONE,NONE,NONE,/MatMul_20_myl0_157
fp16_decode,158,__myl_MulMaxSubExpSumDivMul_myl0_158,,UNKNOWN,UNKNOWN,UNKNOWN,UNKNOWN_NO_DETAILED_INSPECTOR,NONE,NONE,NONE,NONE,UNKNOWN
fp16_decode,159,/MatMul_21_myl0_159,,UNKNOWN,UNKNOWN,UNKNOWN,UNKNOWN_NO_DETAILED_INSPECTOR,NONE,NONE,NONE,NONE,/MatMul_21_myl0_159
fp16_decode,160,/o_proj_10/MatMul_myl0_160,,L10:o_proj,LINEAR,GEMM,UNKNOWN_NO_DETAILED_INSPECTOR,NONE,NONE,NONE,NONE,/o_proj_10/MatMul_myl0_160
fp16_decode,161,__myl_AddMulMeaAddSqrDivMulMul_myl0_161,,UNKNOWN,UNKNOWN,UNKNOWN,UNKNOWN_NO_DETAILED_INSPECTOR,NONE,NONE,NONE,NONE,UNKNOWN
fp16_decode,162,/up_proj_10/MatMul_myl0_162,,L10:up_proj,LINEAR,GEMM,UNKNOWN_NO_DETAILED_INSPECTOR,NONE,NONE,NONE,NONE,/up_proj_10/MatMul_myl0_162
fp16_decode,163,__myl_FcNegExpAddDivMulMul_myl0_163,,UNKNOWN,UNKNOWN,UNKNOWN,UNKNOWN_NO_DETAILED_INSPECTOR,NONE,NONE,NONE,NONE,UNKNOWN
fp16_decode,164,__myl_FcAdd_myl0_164,,UNKNOWN,UNKNOWN,UNKNOWN,UNKNOWN_NO_DETAILED_INSPECTOR,NONE,NONE,NONE,NONE,UNKNOWN
fp16_decode,165,__myl_MulMeaAddSqrDivMulMul_myl0_165,,UNKNOWN,UNKNOWN,UNKNOWN,UNKNOWN_NO_DETAILED_INSPECTOR,NONE,NONE,NONE,NONE,UNKNOWN
fp16_decode,166,/v_proj_11/MatMul+/k_proj_11/MatMul+/q_proj_11/MatMul_myl0_166,,L11:v_proj,LINEAR,GEMM,UNKNOWN_NO_DETAILED_INSPECTOR,NONE,NONE,NONE,NONE,/v_proj_11/MatMul+/k_proj_11/MatMul+/q_proj_11/MatMul_myl0_166
fp16_decode,167,__myl_MovResConResRep_myl0_167,,UNKNOWN,UNKNOWN,UNKNOWN,UNKNOWN_NO_DETAILED_INSPECTOR,NONE,NONE,NONE,NONE,UNKNOWN
fp16_decode,168,__myl_MovResMulMea_myl0_168,,UNKNOWN,UNKNOWN,UNKNOWN,UNKNOWN_NO_DETAILED_INSPECTOR,NONE,NONE,NONE,NONE,UNKNOWN
fp16_decode,169,__myl_AddSqrDivMulMulResSliSliNegConMulMulAddConResRepResTra_myl0_169,,UNKNOWN,UNKNOWN,UNKNOWN,UNKNOWN_NO_DETAILED_INSPECTOR,NONE,NONE,NONE,NONE,UNKNOWN
fp16_decode,170,__myl_MovResMulMea_myl0_170,,UNKNOWN,UNKNOWN,UNKNOWN,UNKNOWN_NO_DETAILED_INSPECTOR,NONE,NONE,NONE,NONE,UNKNOWN
fp16_decode,171,__myl_AddSqrDivMulMulResSliSliNegConMulMulAdd_myl0_171,,UNKNOWN,UNKNOWN,UNKNOWN,UNKNOWN_NO_DETAILED_INSPECTOR,NONE,NONE,NONE,NONE,UNKNOWN
fp16_decode,172,/MatMul_22_myl0_172,,UNKNOWN,UNKNOWN,UNKNOWN,UNKNOWN_NO_DETAILED_INSPECTOR,NONE,NONE,NONE,NONE,/MatMul_22_myl0_172
fp16_decode,173,__myl_MulMaxSubExpSumDivMul_myl0_173,,UNKNOWN,UNKNOWN,UNKNOWN,UNKNOWN_NO_DETAILED_INSPECTOR,NONE,NONE,NONE,NONE,UNKNOWN
fp16_decode,174,/MatMul_23_myl0_174,,UNKNOWN,UNKNOWN,UNKNOWN,UNKNOWN_NO_DETAILED_INSPECTOR,NONE,NONE,NONE,NONE,/MatMul_23_myl0_174
fp16_decode,175,/o_proj_11/MatMul_myl0_175,,L11:o_proj,LINEAR,GEMM,UNKNOWN_NO_DETAILED_INSPECTOR,NONE,NONE,NONE,NONE,/o_proj_11/MatMul_myl0_175
fp16_decode,176,__myl_AddMulMeaAddSqrDivMulMul_myl0_176,,UNKNOWN,UNKNOWN,UNKNOWN,UNKNOWN_NO_DETAILED_INSPECTOR,NONE,NONE,NONE,NONE,UNKNOWN
fp16_decode,177,/up_proj_11/MatMul_myl0_177,,L11:up_proj,LINEAR,GEMM,UNKNOWN_NO_DETAILED_INSPECTOR,NONE,NONE,NONE,NONE,/up_proj_11/MatMul_myl0_177
fp16_decode,178,__myl_FcNegExpAddDivMulMul_myl0_178,,UNKNOWN,UNKNOWN,UNKNOWN,UNKNOWN_NO_DETAILED_INSPECTOR,NONE,NONE,NONE,NONE,UNKNOWN
fp16_decode,179,__myl_FcAdd_myl0_179,,UNKNOWN,UNKNOWN,UNKNOWN,UNKNOWN_NO_DETAILED_INSPECTOR,NONE,NONE,NONE,NONE,UNKNOWN
fp16_decode,180,__myl_MulMeaAddSqrDivMulMul_myl0_180,,UNKNOWN,UNKNOWN,UNKNOWN,UNKNOWN_NO_DETAILED_INSPECTOR,NONE,NONE,NONE,NONE,UNKNOWN
fp16_decode,181,/v_proj_12/MatMul+/k_proj_12/MatMul+/q_proj_12/MatMul_myl0_181,,L12:v_proj,LINEAR,GEMM,UNKNOWN_NO_DETAILED_INSPECTOR,NONE,NONE,NONE,NONE,/v_proj_12/MatMul+/k_proj_12/MatMul+/q_proj_12/MatMul_myl0_181
fp16_decode,182,__myl_MovResConResRep_myl0_182,,UNKNOWN,UNKNOWN,UNKNOWN,UNKNOWN_NO_DETAILED_INSPECTOR,NONE,NONE,NONE,NONE,UNKNOWN
fp16_decode,183,__myl_MovResMulMea_myl0_183,,UNKNOWN,UNKNOWN,UNKNOWN,UNKNOWN_NO_DETAILED_INSPECTOR,NONE,NONE,NONE,NONE,UNKNOWN
fp16_decode,184,__myl_AddSqrDivMulMulResSliSliNegConMulMulAddConResRepResTra_myl0_184,,UNKNOWN,UNKNOWN,UNKNOWN,UNKNOWN_NO_DETAILED_INSPECTOR,NONE,NONE,NONE,NONE,UNKNOWN
fp16_decode,185,__myl_MovResMulMea_myl0_185,,UNKNOWN,UNKNOWN,UNKNOWN,UNKNOWN_NO_DETAILED_INSPECTOR,NONE,NONE,NONE,NONE,UNKNOWN
fp16_decode,186,__myl_AddSqrDivMulMulResSliSliNegConMulMulAdd_myl0_186,,UNKNOWN,UNKNOWN,UNKNOWN,UNKNOWN_NO_DETAILED_INSPECTOR,NONE,NONE,NONE,NONE,UNKNOWN
fp16_decode,187,/MatMul_24_myl0_187,,UNKNOWN,UNKNOWN,UNKNOWN,UNKNOWN_NO_DETAILED_INSPECTOR,NONE,NONE,NONE,NONE,/MatMul_24_myl0_187
fp16_decode,188,__myl_MulMaxSubExpSumDivMul_myl0_188,,UNKNOWN,UNKNOWN,UNKNOWN,UNKNOWN_NO_DETAILED_INSPECTOR,NONE,NONE,NONE,NONE,UNKNOWN
fp16_decode,189,/MatMul_25_myl0_189,,UNKNOWN,UNKNOWN,UNKNOWN,UNKNOWN_NO_DETAILED_INSPECTOR,NONE,NONE,NONE,NONE,/MatMul_25_myl0_189
fp16_decode,190,/o_proj_12/MatMul_myl0_190,,L12:o_proj,LINEAR,GEMM,UNKNOWN_NO_DETAILED_INSPECTOR,NONE,NONE,NONE,NONE,/o_proj_12/MatMul_myl0_190
fp16_decode,191,__myl_AddMulMeaAddSqrDivMulMul_myl0_191,,UNKNOWN,UNKNOWN,UNKNOWN,UNKNOWN_NO_DETAILED_INSPECTOR,NONE,NONE,NONE,NONE,UNKNOWN
fp16_decode,192,/up_proj_12/MatMul_myl0_192,,L12:up_proj,LINEAR,GEMM,UNKNOWN_NO_DETAILED_INSPECTOR,NONE,NONE,NONE,NONE,/up_proj_12/MatMul_myl0_192
fp16_decode,193,__myl_FcNegExpAddDivMulMul_myl0_193,,UNKNOWN,UNKNOWN,UNKNOWN,UNKNOWN_NO_DETAILED_INSPECTOR,NONE,NONE,NONE,NONE,UNKNOWN
fp16_decode,194,__myl_FcAdd_myl0_194,,UNKNOWN,UNKNOWN,UNKNOWN,UNKNOWN_NO_DETAILED_INSPECTOR,NONE,NONE,NONE,NONE,UNKNOWN
fp16_decode,195,__myl_MulMeaAddSqrDivMulMul_myl0_195,,UNKNOWN,UNKNOWN,UNKNOWN,UNKNOWN_NO_DETAILED_INSPECTOR,NONE,NONE,NONE,NONE,UNKNOWN
fp16_decode,196,/v_proj_13/MatMul+/k_proj_13/MatMul+/q_proj_13/MatMul_myl0_196,,L13:v_proj,LINEAR,GEMM,UNKNOWN_NO_DETAILED_INSPECTOR,NONE,NONE,NONE,NONE,/v_proj_13/MatMul+/k_proj_13/MatMul+/q_proj_13/MatMul_myl0_196
fp16_decode,197,__myl_MovResConResRep_myl0_197,,UNKNOWN,UNKNOWN,UNKNOWN,UNKNOWN_NO_DETAILED_INSPECTOR,NONE,NONE,NONE,NONE,UNKNOWN
fp16_decode,198,__myl_MovResMulMea_myl0_198,,UNKNOWN,UNKNOWN,UNKNOWN,UNKNOWN_NO_DETAILED_INSPECTOR,NONE,NONE,NONE,NONE,UNKNOWN
fp16_decode,199,__myl_AddSqrDivMulMulResSliSliNegConMulMulAddConResRepResTra_myl0_199,,UNKNOWN,UNKNOWN,UNKNOWN,UNKNOWN_NO_DETAILED_INSPECTOR,NONE,NONE,NONE,NONE,UNKNOWN
fp16_decode,200,__myl_MovResMulMea_myl0_200,,UNKNOWN,UNKNOWN,UNKNOWN,UNKNOWN_NO_DETAILED_INSPECTOR,NONE,NONE,NONE,NONE,UNKNOWN
fp16_decode,201,__myl_AddSqrDivMulMulResSliSliNegConMulMulAdd_myl0_201,,UNKNOWN,UNKNOWN,UNKNOWN,UNKNOWN_NO_DETAILED_INSPECTOR,NONE,NONE,NONE,NONE,UNKNOWN
fp16_decode,202,/MatMul_26_myl0_202,,UNKNOWN,UNKNOWN,UNKNOWN,UNKNOWN_NO_DETAILED_INSPECTOR,NONE,NONE,NONE,NONE,/MatMul_26_myl0_202
fp16_decode,203,__myl_MulMaxSubExpSumDivMul_myl0_203,,UNKNOWN,UNKNOWN,UNKNOWN,UNKNOWN_NO_DETAILED_INSPECTOR,NONE,NONE,NONE,NONE,UNKNOWN
fp16_decode,204,/MatMul_27_myl0_204,,UNKNOWN,UNKNOWN,UNKNOWN,UNKNOWN_NO_DETAILED_INSPECTOR,NONE,NONE,NONE,NONE,/MatMul_27_myl0_204
fp16_decode,205,/o_proj_13/MatMul_myl0_205,,L13:o_proj,LINEAR,GEMM,UNKNOWN_NO_DETAILED_INSPECTOR,NONE,NONE,NONE,NONE,/o_proj_13/MatMul_myl0_205
fp16_decode,206,__myl_AddMulMeaAddSqrDivMulMul_myl0_206,,UNKNOWN,UNKNOWN,UNKNOWN,UNKNOWN_NO_DETAILED_INSPECTOR,NONE,NONE,NONE,NONE,UNKNOWN
fp16_decode,207,/up_proj_13/MatMul_myl0_207,,L13:up_proj,LINEAR,GEMM,UNKNOWN_NO_DETAILED_INSPECTOR,NONE,NONE,NONE,NONE,/up_proj_13/MatMul_myl0_207
fp16_decode,208,__myl_FcNegExpAddDivMulMul_myl0_208,,UNKNOWN,UNKNOWN,UNKNOWN,UNKNOWN_NO_DETAILED_INSPECTOR,NONE,NONE,NONE,NONE,UNKNOWN
fp16_decode,209,__myl_FcAdd_myl0_209,,UNKNOWN,UNKNOWN,UNKNOWN,UNKNOWN_NO_DETAILED_INSPECTOR,NONE,NONE,NONE,NONE,UNKNOWN
fp16_decode,210,__myl_MulMeaAddSqrDivMulMul_myl0_210,,UNKNOWN,UNKNOWN,UNKNOWN,UNKNOWN_NO_DETAILED_INSPECTOR,NONE,NONE,NONE,NONE,UNKNOWN
fp16_decode,211,/v_proj_14/MatMul+/k_proj_14/MatMul+/q_proj_14/MatMul_myl0_211,,L14:v_proj,LINEAR,GEMM,UNKNOWN_NO_DETAILED_INSPECTOR,NONE,NONE,NONE,NONE,/v_proj_14/MatMul+/k_proj_14/MatMul+/q_proj_14/MatMul_myl0_211
fp16_decode,212,__myl_MovResConResRep_myl0_212,,UNKNOWN,UNKNOWN,UNKNOWN,UNKNOWN_NO_DETAILED_INSPECTOR,NONE,NONE,NONE,NONE,UNKNOWN
fp16_decode,213,__myl_MovResMulMea_myl0_213,,UNKNOWN,UNKNOWN,UNKNOWN,UNKNOWN_NO_DETAILED_INSPECTOR,NONE,NONE,NONE,NONE,UNKNOWN
fp16_decode,214,__myl_AddSqrDivMulMulResSliSliNegConMulMulAddConResRepResTra_myl0_214,,UNKNOWN,UNKNOWN,UNKNOWN,UNKNOWN_NO_DETAILED_INSPECTOR,NONE,NONE,NONE,NONE,UNKNOWN
fp16_decode,215,__myl_MovResMulMea_myl0_215,,UNKNOWN,UNKNOWN,UNKNOWN,UNKNOWN_NO_DETAILED_INSPECTOR,NONE,NONE,NONE,NONE,UNKNOWN
fp16_decode,216,__myl_AddSqrDivMulMulResSliSliNegConMulMulAdd_myl0_216,,UNKNOWN,UNKNOWN,UNKNOWN,UNKNOWN_NO_DETAILED_INSPECTOR,NONE,NONE,NONE,NONE,UNKNOWN
fp16_decode,217,/MatMul_28_myl0_217,,UNKNOWN,UNKNOWN,UNKNOWN,UNKNOWN_NO_DETAILED_INSPECTOR,NONE,NONE,NONE,NONE,/MatMul_28_myl0_217
fp16_decode,218,__myl_MulMaxSubExpSumDivMul_myl0_218,,UNKNOWN,UNKNOWN,UNKNOWN,UNKNOWN_NO_DETAILED_INSPECTOR,NONE,NONE,NONE,NONE,UNKNOWN
fp16_decode,219,/MatMul_29_myl0_219,,UNKNOWN,UNKNOWN,UNKNOWN,UNKNOWN_NO_DETAILED_INSPECTOR,NONE,NONE,NONE,NONE,/MatMul_29_myl0_219
fp16_decode,220,/o_proj_14/MatMul_myl0_220,,L14:o_proj,LINEAR,GEMM,UNKNOWN_NO_DETAILED_INSPECTOR,NONE,NONE,NONE,NONE,/o_proj_14/MatMul_myl0_220
fp16_decode,221,__myl_AddMulMeaAddSqrDivMulMul_myl0_221,,UNKNOWN,UNKNOWN,UNKNOWN,UNKNOWN_NO_DETAILED_INSPECTOR,NONE,NONE,NONE,NONE,UNKNOWN
fp16_decode,222,/up_proj_14/MatMul_myl0_222,,L14:up_proj,LINEAR,GEMM,UNKNOWN_NO_DETAILED_INSPECTOR,NONE,NONE,NONE,NONE,/up_proj_14/MatMul_myl0_222
fp16_decode,223,__myl_FcNegExpAddDivMulMul_myl0_223,,UNKNOWN,UNKNOWN,UNKNOWN,UNKNOWN_NO_DETAILED_INSPECTOR,NONE,NONE,NONE,NONE,UNKNOWN
fp16_decode,224,__myl_FcAdd_myl0_224,,UNKNOWN,UNKNOWN,UNKNOWN,UNKNOWN_NO_DETAILED_INSPECTOR,NONE,NONE,NONE,NONE,UNKNOWN
fp16_decode,225,__myl_MulMeaAddSqrDivMulMul_myl0_225,,UNKNOWN,UNKNOWN,UNKNOWN,UNKNOWN_NO_DETAILED_INSPECTOR,NONE,NONE,NONE,NONE,UNKNOWN
fp16_decode,226,/v_proj_15/MatMul+/k_proj_15/MatMul+/q_proj_15/MatMul_myl0_226,,L15:v_proj,LINEAR,GEMM,UNKNOWN_NO_DETAILED_INSPECTOR,NONE,NONE,NONE,NONE,/v_proj_15/MatMul+/k_proj_15/MatMul+/q_proj_15/MatMul_myl0_226
fp16_decode,227,__myl_MovResConResRep_myl0_227,,UNKNOWN,UNKNOWN,UNKNOWN,UNKNOWN_NO_DETAILED_INSPECTOR,NONE,NONE,NONE,NONE,UNKNOWN
fp16_decode,228,__myl_MovResMulMea_myl0_228,,UNKNOWN,UNKNOWN,UNKNOWN,UNKNOWN_NO_DETAILED_INSPECTOR,NONE,NONE,NONE,NONE,UNKNOWN
fp16_decode,229,__myl_AddSqrDivMulMulResSliSliNegConMulMulAddConResRepResTra_myl0_229,,UNKNOWN,UNKNOWN,UNKNOWN,UNKNOWN_NO_DETAILED_INSPECTOR,NONE,NONE,NONE,NONE,UNKNOWN
fp16_decode,230,__myl_MovResMulMea_myl0_230,,UNKNOWN,UNKNOWN,UNKNOWN,UNKNOWN_NO_DETAILED_INSPECTOR,NONE,NONE,NONE,NONE,UNKNOWN
fp16_decode,231,__myl_AddSqrDivMulMulResSliSliNegConMulMulAdd_myl0_231,,UNKNOWN,UNKNOWN,UNKNOWN,UNKNOWN_NO_DETAILED_INSPECTOR,NONE,NONE,NONE,NONE,UNKNOWN
fp16_decode,232,/MatMul_30_myl0_232,,UNKNOWN,UNKNOWN,UNKNOWN,UNKNOWN_NO_DETAILED_INSPECTOR,NONE,NONE,NONE,NONE,/MatMul_30_myl0_232
fp16_decode,233,__myl_MulMaxSubExpSumDivMul_myl0_233,,UNKNOWN,UNKNOWN,UNKNOWN,UNKNOWN_NO_DETAILED_INSPECTOR,NONE,NONE,NONE,NONE,UNKNOWN
fp16_decode,234,/MatMul_31_myl0_234,,UNKNOWN,UNKNOWN,UNKNOWN,UNKNOWN_NO_DETAILED_INSPECTOR,NONE,NONE,NONE,NONE,/MatMul_31_myl0_234
fp16_decode,235,/o_proj_15/MatMul_myl0_235,,L15:o_proj,LINEAR,GEMM,UNKNOWN_NO_DETAILED_INSPECTOR,NONE,NONE,NONE,NONE,/o_proj_15/MatMul_myl0_235
fp16_decode,236,__myl_AddMulMeaAddSqrDivMulMul_myl0_236,,UNKNOWN,UNKNOWN,UNKNOWN,UNKNOWN_NO_DETAILED_INSPECTOR,NONE,NONE,NONE,NONE,UNKNOWN
fp16_decode,237,/up_proj_15/MatMul_myl0_237,,L15:up_proj,LINEAR,GEMM,UNKNOWN_NO_DETAILED_INSPECTOR,NONE,NONE,NONE,NONE,/up_proj_15/MatMul_myl0_237
fp16_decode,238,__myl_FcNegExpAddDivMulMul_myl0_238,,UNKNOWN,UNKNOWN,UNKNOWN,UNKNOWN_NO_DETAILED_INSPECTOR,NONE,NONE,NONE,NONE,UNKNOWN
fp16_decode,239,__myl_FcAdd_myl0_239,,UNKNOWN,UNKNOWN,UNKNOWN,UNKNOWN_NO_DETAILED_INSPECTOR,NONE,NONE,NONE,NONE,UNKNOWN
fp16_decode,240,__myl_MulMeaAddSqrDivMulMul_myl0_240,,UNKNOWN,UNKNOWN,UNKNOWN,UNKNOWN_NO_DETAILED_INSPECTOR,NONE,NONE,NONE,NONE,UNKNOWN
fp16_decode,241,/v_proj_16/MatMul+/k_proj_16/MatMul+/q_proj_16/MatMul_myl0_241,,L16:v_proj,LINEAR,GEMM,UNKNOWN_NO_DETAILED_INSPECTOR,NONE,NONE,NONE,NONE,/v_proj_16/MatMul+/k_proj_16/MatMul+/q_proj_16/MatMul_myl0_241
fp16_decode,242,__myl_MovResConResRep_myl0_242,,UNKNOWN,UNKNOWN,UNKNOWN,UNKNOWN_NO_DETAILED_INSPECTOR,NONE,NONE,NONE,NONE,UNKNOWN
fp16_decode,243,__myl_MovResMulMea_myl0_243,,UNKNOWN,UNKNOWN,UNKNOWN,UNKNOWN_NO_DETAILED_INSPECTOR,NONE,NONE,NONE,NONE,UNKNOWN
fp16_decode,244,__myl_AddSqrDivMulMulResSliSliNegConMulMulAddConResRepResTra_myl0_244,,UNKNOWN,UNKNOWN,UNKNOWN,UNKNOWN_NO_DETAILED_INSPECTOR,NONE,NONE,NONE,NONE,UNKNOWN
fp16_decode,245,__myl_MovResMulMea_myl0_245,,UNKNOWN,UNKNOWN,UNKNOWN,UNKNOWN_NO_DETAILED_INSPECTOR,NONE,NONE,NONE,NONE,UNKNOWN
fp16_decode,246,__myl_AddSqrDivMulMulResSliSliNegConMulMulAdd_myl0_246,,UNKNOWN,UNKNOWN,UNKNOWN,UNKNOWN_NO_DETAILED_INSPECTOR,NONE,NONE,NONE,NONE,UNKNOWN
fp16_decode,247,/MatMul_32_myl0_247,,UNKNOWN,UNKNOWN,UNKNOWN,UNKNOWN_NO_DETAILED_INSPECTOR,NONE,NONE,NONE,NONE,/MatMul_32_myl0_247
fp16_decode,248,__myl_MulMaxSubExpSumDivMul_myl0_248,,UNKNOWN,UNKNOWN,UNKNOWN,UNKNOWN_NO_DETAILED_INSPECTOR,NONE,NONE,NONE,NONE,UNKNOWN
fp16_decode,249,/MatMul_33_myl0_249,,UNKNOWN,UNKNOWN,UNKNOWN,UNKNOWN_NO_DETAILED_INSPECTOR,NONE,NONE,NONE,NONE,/MatMul_33_myl0_249
fp16_decode,250,/o_proj_16/MatMul_myl0_250,,L16:o_proj,LINEAR,GEMM,UNKNOWN_NO_DETAILED_INSPECTOR,NONE,NONE,NONE,NONE,/o_proj_16/MatMul_myl0_250
fp16_decode,251,__myl_AddMulMeaAddSqrDivMulMul_myl0_251,,UNKNOWN,UNKNOWN,UNKNOWN,UNKNOWN_NO_DETAILED_INSPECTOR,NONE,NONE,NONE,NONE,UNKNOWN
fp16_decode,252,/up_proj_16/MatMul_myl0_252,,L16:up_proj,LINEAR,GEMM,UNKNOWN_NO_DETAILED_INSPECTOR,NONE,NONE,NONE,NONE,/up_proj_16/MatMul_myl0_252
fp16_decode,253,__myl_FcNegExpAddDivMulMul_myl0_253,,UNKNOWN,UNKNOWN,UNKNOWN,UNKNOWN_NO_DETAILED_INSPECTOR,NONE,NONE,NONE,NONE,UNKNOWN
fp16_decode,254,__myl_FcAdd_myl0_254,,UNKNOWN,UNKNOWN,UNKNOWN,UNKNOWN_NO_DETAILED_INSPECTOR,NONE,NONE,NONE,NONE,UNKNOWN
fp16_decode,255,__myl_MulMeaAddSqrDivMulMul_myl0_255,,UNKNOWN,UNKNOWN,UNKNOWN,UNKNOWN_NO_DETAILED_INSPECTOR,NONE,NONE,NONE,NONE,UNKNOWN
fp16_decode,256,/v_proj_17/MatMul+/k_proj_17/MatMul+/q_proj_17/MatMul_myl0_256,,L17:v_proj,LINEAR,GEMM,UNKNOWN_NO_DETAILED_INSPECTOR,NONE,NONE,NONE,NONE,/v_proj_17/MatMul+/k_proj_17/MatMul+/q_proj_17/MatMul_myl0_256
fp16_decode,257,__myl_MovResConResRep_myl0_257,,UNKNOWN,UNKNOWN,UNKNOWN,UNKNOWN_NO_DETAILED_INSPECTOR,NONE,NONE,NONE,NONE,UNKNOWN
fp16_decode,258,__myl_MovResMulMea_myl0_258,,UNKNOWN,UNKNOWN,UNKNOWN,UNKNOWN_NO_DETAILED_INSPECTOR,NONE,NONE,NONE,NONE,UNKNOWN
fp16_decode,259,__myl_AddSqrDivMulMulResSliSliNegConMulMulAddConResRepResTra_myl0_259,,UNKNOWN,UNKNOWN,UNKNOWN,UNKNOWN_NO_DETAILED_INSPECTOR,NONE,NONE,NONE,NONE,UNKNOWN
fp16_decode,260,__myl_MovResMulMea_myl0_260,,UNKNOWN,UNKNOWN,UNKNOWN,UNKNOWN_NO_DETAILED_INSPECTOR,NONE,NONE,NONE,NONE,UNKNOWN
fp16_decode,261,__myl_AddSqrDivMulMulResSliSliNegConMulMulAdd_myl0_261,,UNKNOWN,UNKNOWN,UNKNOWN,UNKNOWN_NO_DETAILED_INSPECTOR,NONE,NONE,NONE,NONE,UNKNOWN
fp16_decode,262,/MatMul_34_myl0_262,,UNKNOWN,UNKNOWN,UNKNOWN,UNKNOWN_NO_DETAILED_INSPECTOR,NONE,NONE,NONE,NONE,/MatMul_34_myl0_262
fp16_decode,263,__myl_MulMaxSubExpSumDivMul_myl0_263,,UNKNOWN,UNKNOWN,UNKNOWN,UNKNOWN_NO_DETAILED_INSPECTOR,NONE,NONE,NONE,NONE,UNKNOWN
fp16_decode,264,/MatMul_35_myl0_264,,UNKNOWN,UNKNOWN,UNKNOWN,UNKNOWN_NO_DETAILED_INSPECTOR,NONE,NONE,NONE,NONE,/MatMul_35_myl0_264
fp16_decode,265,/o_proj_17/MatMul_myl0_265,,L17:o_proj,LINEAR,GEMM,UNKNOWN_NO_DETAILED_INSPECTOR,NONE,NONE,NONE,NONE,/o_proj_17/MatMul_myl0_265
fp16_decode,266,__myl_AddMulMeaAddSqrDivMulMul_myl0_266,,UNKNOWN,UNKNOWN,UNKNOWN,UNKNOWN_NO_DETAILED_INSPECTOR,NONE,NONE,NONE,NONE,UNKNOWN
fp16_decode,267,/up_proj_17/MatMul_myl0_267,,L17:up_proj,LINEAR,GEMM,UNKNOWN_NO_DETAILED_INSPECTOR,NONE,NONE,NONE,NONE,/up_proj_17/MatMul_myl0_267
fp16_decode,268,__myl_FcNegExpAddDivMulMul_myl0_268,,UNKNOWN,UNKNOWN,UNKNOWN,UNKNOWN_NO_DETAILED_INSPECTOR,NONE,NONE,NONE,NONE,UNKNOWN
fp16_decode,269,__myl_FcAdd_myl0_269,,UNKNOWN,UNKNOWN,UNKNOWN,UNKNOWN_NO_DETAILED_INSPECTOR,NONE,NONE,NONE,NONE,UNKNOWN
fp16_decode,270,__myl_MulMeaAddSqrDivMulMul_myl0_270,,UNKNOWN,UNKNOWN,UNKNOWN,UNKNOWN_NO_DETAILED_INSPECTOR,NONE,NONE,NONE,NONE,UNKNOWN
fp16_decode,271,/v_proj_18/MatMul+/k_proj_18/MatMul+/q_proj_18/MatMul_myl0_271,,L18:v_proj,LINEAR,GEMM,UNKNOWN_NO_DETAILED_INSPECTOR,NONE,NONE,NONE,NONE,/v_proj_18/MatMul+/k_proj_18/MatMul+/q_proj_18/MatMul_myl0_271
fp16_decode,272,__myl_MovResConResRep_myl0_272,,UNKNOWN,UNKNOWN,UNKNOWN,UNKNOWN_NO_DETAILED_INSPECTOR,NONE,NONE,NONE,NONE,UNKNOWN
fp16_decode,273,__myl_MovResMulMea_myl0_273,,UNKNOWN,UNKNOWN,UNKNOWN,UNKNOWN_NO_DETAILED_INSPECTOR,NONE,NONE,NONE,NONE,UNKNOWN
fp16_decode,274,__myl_AddSqrDivMulMulResSliSliNegConMulMulAddConResRepResTra_myl0_274,,UNKNOWN,UNKNOWN,UNKNOWN,UNKNOWN_NO_DETAILED_INSPECTOR,NONE,NONE,NONE,NONE,UNKNOWN
fp16_decode,275,__myl_MovResMulMea_myl0_275,,UNKNOWN,UNKNOWN,UNKNOWN,UNKNOWN_NO_DETAILED_INSPECTOR,NONE,NONE,NONE,NONE,UNKNOWN
fp16_decode,276,__myl_AddSqrDivMulMulResSliSliNegConMulMulAdd_myl0_276,,UNKNOWN,UNKNOWN,UNKNOWN,UNKNOWN_NO_DETAILED_INSPECTOR,NONE,NONE,NONE,NONE,UNKNOWN
fp16_decode,277,/MatMul_36_myl0_277,,UNKNOWN,UNKNOWN,UNKNOWN,UNKNOWN_NO_DETAILED_INSPECTOR,NONE,NONE,NONE,NONE,/MatMul_36_myl0_277
fp16_decode,278,__myl_MulMaxSubExpSumDivMul_myl0_278,,UNKNOWN,UNKNOWN,UNKNOWN,UNKNOWN_NO_DETAILED_INSPECTOR,NONE,NONE,NONE,NONE,UNKNOWN
fp16_decode,279,/MatMul_37_myl0_279,,UNKNOWN,UNKNOWN,UNKNOWN,UNKNOWN_NO_DETAILED_INSPECTOR,NONE,NONE,NONE,NONE,/MatMul_37_myl0_279
fp16_decode,280,/o_proj_18/MatMul_myl0_280,,L18:o_proj,LINEAR,GEMM,UNKNOWN_NO_DETAILED_INSPECTOR,NONE,NONE,NONE,NONE,/o_proj_18/MatMul_myl0_280
fp16_decode,281,__myl_AddMulMeaAddSqrDivMulMul_myl0_281,,UNKNOWN,UNKNOWN,UNKNOWN,UNKNOWN_NO_DETAILED_INSPECTOR,NONE,NONE,NONE,NONE,UNKNOWN
fp16_decode,282,/up_proj_18/MatMul_myl0_282,,L18:up_proj,LINEAR,GEMM,UNKNOWN_NO_DETAILED_INSPECTOR,NONE,NONE,NONE,NONE,/up_proj_18/MatMul_myl0_282
fp16_decode,283,__myl_FcNegExpAddDivMulMul_myl0_283,,UNKNOWN,UNKNOWN,UNKNOWN,UNKNOWN_NO_DETAILED_INSPECTOR,NONE,NONE,NONE,NONE,UNKNOWN
fp16_decode,284,__myl_FcAdd_myl0_284,,UNKNOWN,UNKNOWN,UNKNOWN,UNKNOWN_NO_DETAILED_INSPECTOR,NONE,NONE,NONE,NONE,UNKNOWN
fp16_decode,285,__myl_MulMeaAddSqrDivMulMul_myl0_285,,UNKNOWN,UNKNOWN,UNKNOWN,UNKNOWN_NO_DETAILED_INSPECTOR,NONE,NONE,NONE,NONE,UNKNOWN
fp16_decode,286,/v_proj_19/MatMul+/k_proj_19/MatMul+/q_proj_19/MatMul_myl0_286,,L19:v_proj,LINEAR,GEMM,UNKNOWN_NO_DETAILED_INSPECTOR,NONE,NONE,NONE,NONE,/v_proj_19/MatMul+/k_proj_19/MatMul+/q_proj_19/MatMul_myl0_286
fp16_decode,287,__myl_MovResConResRep_myl0_287,,UNKNOWN,UNKNOWN,UNKNOWN,UNKNOWN_NO_DETAILED_INSPECTOR,NONE,NONE,NONE,NONE,UNKNOWN
fp16_decode,288,__myl_MovResMulMea_myl0_288,,UNKNOWN,UNKNOWN,UNKNOWN,UNKNOWN_NO_DETAILED_INSPECTOR,NONE,NONE,NONE,NONE,UNKNOWN
fp16_decode,289,__myl_AddSqrDivMulMulResSliSliNegConMulMulAddConResRepResTra_myl0_289,,UNKNOWN,UNKNOWN,UNKNOWN,UNKNOWN_NO_DETAILED_INSPECTOR,NONE,NONE,NONE,NONE,UNKNOWN
fp16_decode,290,__myl_MovResMulMea_myl0_290,,UNKNOWN,UNKNOWN,UNKNOWN,UNKNOWN_NO_DETAILED_INSPECTOR,NONE,NONE,NONE,NONE,UNKNOWN
fp16_decode,291,__myl_AddSqrDivMulMulResSliSliNegConMulMulAdd_myl0_291,,UNKNOWN,UNKNOWN,UNKNOWN,UNKNOWN_NO_DETAILED_INSPECTOR,NONE,NONE,NONE,NONE,UNKNOWN
fp16_decode,292,/MatMul_38_myl0_292,,UNKNOWN,UNKNOWN,UNKNOWN,UNKNOWN_NO_DETAILED_INSPECTOR,NONE,NONE,NONE,NONE,/MatMul_38_myl0_292
fp16_decode,293,__myl_MulMaxSubExpSumDivMul_myl0_293,,UNKNOWN,UNKNOWN,UNKNOWN,UNKNOWN_NO_DETAILED_INSPECTOR,NONE,NONE,NONE,NONE,UNKNOWN
fp16_decode,294,/MatMul_39_myl0_294,,UNKNOWN,UNKNOWN,UNKNOWN,UNKNOWN_NO_DETAILED_INSPECTOR,NONE,NONE,NONE,NONE,/MatMul_39_myl0_294
fp16_decode,295,/o_proj_19/MatMul_myl0_295,,L19:o_proj,LINEAR,GEMM,UNKNOWN_NO_DETAILED_INSPECTOR,NONE,NONE,NONE,NONE,/o_proj_19/MatMul_myl0_295
fp16_decode,296,__myl_AddMulMeaAddSqrDivMulMul_myl0_296,,UNKNOWN,UNKNOWN,UNKNOWN,UNKNOWN_NO_DETAILED_INSPECTOR,NONE,NONE,NONE,NONE,UNKNOWN
fp16_decode,297,/up_proj_19/MatMul_myl0_297,,L19:up_proj,LINEAR,GEMM,UNKNOWN_NO_DETAILED_INSPECTOR,NONE,NONE,NONE,NONE,/up_proj_19/MatMul_myl0_297
fp16_decode,298,__myl_FcNegExpAddDivMulMul_myl0_298,,UNKNOWN,UNKNOWN,UNKNOWN,UNKNOWN_NO_DETAILED_INSPECTOR,NONE,NONE,NONE,NONE,UNKNOWN
fp16_decode,299,__myl_FcAdd_myl0_299,,UNKNOWN,UNKNOWN,UNKNOWN,UNKNOWN_NO_DETAILED_INSPECTOR,NONE,NONE,NONE,NONE,UNKNOWN
fp16_decode,300,__myl_MulMeaAddSqrDivMulMul_myl0_300,,UNKNOWN,UNKNOWN,UNKNOWN,UNKNOWN_NO_DETAILED_INSPECTOR,NONE,NONE,NONE,NONE,UNKNOWN
fp16_decode,301,/v_proj_20/MatMul+/k_proj_20/MatMul+/q_proj_20/MatMul_myl0_301,,L20:v_proj,LINEAR,GEMM,UNKNOWN_NO_DETAILED_INSPECTOR,NONE,NONE,NONE,NONE,/v_proj_20/MatMul+/k_proj_20/MatMul+/q_proj_20/MatMul_myl0_301
fp16_decode,302,__myl_MovResConResRep_myl0_302,,UNKNOWN,UNKNOWN,UNKNOWN,UNKNOWN_NO_DETAILED_INSPECTOR,NONE,NONE,NONE,NONE,UNKNOWN
fp16_decode,303,__myl_MovResMulMea_myl0_303,,UNKNOWN,UNKNOWN,UNKNOWN,UNKNOWN_NO_DETAILED_INSPECTOR,NONE,NONE,NONE,NONE,UNKNOWN
fp16_decode,304,__myl_AddSqrDivMulMulResSliSliNegConMulMulAddConResRepResTra_myl0_304,,UNKNOWN,UNKNOWN,UNKNOWN,UNKNOWN_NO_DETAILED_INSPECTOR,NONE,NONE,NONE,NONE,UNKNOWN
fp16_decode,305,__myl_MovResMulMea_myl0_305,,UNKNOWN,UNKNOWN,UNKNOWN,UNKNOWN_NO_DETAILED_INSPECTOR,NONE,NONE,NONE,NONE,UNKNOWN
fp16_decode,306,__myl_AddSqrDivMulMulResSliSliNegConMulMulAdd_myl0_306,,UNKNOWN,UNKNOWN,UNKNOWN,UNKNOWN_NO_DETAILED_INSPECTOR,NONE,NONE,NONE,NONE,UNKNOWN
fp16_decode,307,/MatMul_40_myl0_307,,UNKNOWN,UNKNOWN,UNKNOWN,UNKNOWN_NO_DETAILED_INSPECTOR,NONE,NONE,NONE,NONE,/MatMul_40_myl0_307
fp16_decode,308,__myl_MulMaxSubExpSumDivMul_myl0_308,,UNKNOWN,UNKNOWN,UNKNOWN,UNKNOWN_NO_DETAILED_INSPECTOR,NONE,NONE,NONE,NONE,UNKNOWN
fp16_decode,309,/MatMul_41_myl0_309,,UNKNOWN,UNKNOWN,UNKNOWN,UNKNOWN_NO_DETAILED_INSPECTOR,NONE,NONE,NONE,NONE,/MatMul_41_myl0_309
fp16_decode,310,/o_proj_20/MatMul_myl0_310,,L20:o_proj,LINEAR,GEMM,UNKNOWN_NO_DETAILED_INSPECTOR,NONE,NONE,NONE,NONE,/o_proj_20/MatMul_myl0_310
fp16_decode,311,__myl_AddMulMeaAddSqrDivMulMul_myl0_311,,UNKNOWN,UNKNOWN,UNKNOWN,UNKNOWN_NO_DETAILED_INSPECTOR,NONE,NONE,NONE,NONE,UNKNOWN
fp16_decode,312,/up_proj_20/MatMul_myl0_312,,L20:up_proj,LINEAR,GEMM,UNKNOWN_NO_DETAILED_INSPECTOR,NONE,NONE,NONE,NONE,/up_proj_20/MatMul_myl0_312
fp16_decode,313,__myl_FcNegExpAddDivMulMul_myl0_313,,UNKNOWN,UNKNOWN,UNKNOWN,UNKNOWN_NO_DETAILED_INSPECTOR,NONE,NONE,NONE,NONE,UNKNOWN
fp16_decode,314,__myl_FcAdd_myl0_314,,UNKNOWN,UNKNOWN,UNKNOWN,UNKNOWN_NO_DETAILED_INSPECTOR,NONE,NONE,NONE,NONE,UNKNOWN
fp16_decode,315,__myl_MulMeaAddSqrDivMulMul_myl0_315,,UNKNOWN,UNKNOWN,UNKNOWN,UNKNOWN_NO_DETAILED_INSPECTOR,NONE,NONE,NONE,NONE,UNKNOWN
fp16_decode,316,/v_proj_21/MatMul+/k_proj_21/MatMul+/q_proj_21/MatMul_myl0_316,,L21:v_proj,LINEAR,GEMM,UNKNOWN_NO_DETAILED_INSPECTOR,NONE,NONE,NONE,NONE,/v_proj_21/MatMul+/k_proj_21/MatMul+/q_proj_21/MatMul_myl0_316
fp16_decode,317,__myl_MovResConResRep_myl0_317,,UNKNOWN,UNKNOWN,UNKNOWN,UNKNOWN_NO_DETAILED_INSPECTOR,NONE,NONE,NONE,NONE,UNKNOWN
fp16_decode,318,__myl_MovResMulMea_myl0_318,,UNKNOWN,UNKNOWN,UNKNOWN,UNKNOWN_NO_DETAILED_INSPECTOR,NONE,NONE,NONE,NONE,UNKNOWN
fp16_decode,319,__myl_AddSqrDivMulMulResSliSliNegConMulMulAddConResRepResTra_myl0_319,,UNKNOWN,UNKNOWN,UNKNOWN,UNKNOWN_NO_DETAILED_INSPECTOR,NONE,NONE,NONE,NONE,UNKNOWN
fp16_decode,320,__myl_MovResMulMea_myl0_320,,UNKNOWN,UNKNOWN,UNKNOWN,UNKNOWN_NO_DETAILED_INSPECTOR,NONE,NONE,NONE,NONE,UNKNOWN
fp16_decode,321,__myl_AddSqrDivMulMulResSliSliNegConMulMulAdd_myl0_321,,UNKNOWN,UNKNOWN,UNKNOWN,UNKNOWN_NO_DETAILED_INSPECTOR,NONE,NONE,NONE,NONE,UNKNOWN
fp16_decode,322,/MatMul_42_myl0_322,,UNKNOWN,UNKNOWN,UNKNOWN,UNKNOWN_NO_DETAILED_INSPECTOR,NONE,NONE,NONE,NONE,/MatMul_42_myl0_322
fp16_decode,323,__myl_MulMaxSubExpSumDivMul_myl0_323,,UNKNOWN,UNKNOWN,UNKNOWN,UNKNOWN_NO_DETAILED_INSPECTOR,NONE,NONE,NONE,NONE,UNKNOWN
fp16_decode,324,/MatMul_43_myl0_324,,UNKNOWN,UNKNOWN,UNKNOWN,UNKNOWN_NO_DETAILED_INSPECTOR,NONE,NONE,NONE,NONE,/MatMul_43_myl0_324
fp16_decode,325,/o_proj_21/MatMul_myl0_325,,L21:o_proj,LINEAR,GEMM,UNKNOWN_NO_DETAILED_INSPECTOR,NONE,NONE,NONE,NONE,/o_proj_21/MatMul_myl0_325
fp16_decode,326,__myl_AddMulMeaAddSqrDivMulMul_myl0_326,,UNKNOWN,UNKNOWN,UNKNOWN,UNKNOWN_NO_DETAILED_INSPECTOR,NONE,NONE,NONE,NONE,UNKNOWN
fp16_decode,327,/up_proj_21/MatMul_myl0_327,,L21:up_proj,LINEAR,GEMM,UNKNOWN_NO_DETAILED_INSPECTOR,NONE,NONE,NONE,NONE,/up_proj_21/MatMul_myl0_327
fp16_decode,328,__myl_FcNegExpAddDivMulMul_myl0_328,,UNKNOWN,UNKNOWN,UNKNOWN,UNKNOWN_NO_DETAILED_INSPECTOR,NONE,NONE,NONE,NONE,UNKNOWN
fp16_decode,329,__myl_FcAdd_myl0_329,,UNKNOWN,UNKNOWN,UNKNOWN,UNKNOWN_NO_DETAILED_INSPECTOR,NONE,NONE,NONE,NONE,UNKNOWN
fp16_decode,330,__myl_MulMeaAddSqrDivMulMul_myl0_330,,UNKNOWN,UNKNOWN,UNKNOWN,UNKNOWN_NO_DETAILED_INSPECTOR,NONE,NONE,NONE,NONE,UNKNOWN
fp16_decode,331,/v_proj_22/MatMul+/k_proj_22/MatMul+/q_proj_22/MatMul_myl0_331,,L22:v_proj,LINEAR,GEMM,UNKNOWN_NO_DETAILED_INSPECTOR,NONE,NONE,NONE,NONE,/v_proj_22/MatMul+/k_proj_22/MatMul+/q_proj_22/MatMul_myl0_331
fp16_decode,332,__myl_MovResConResRep_myl0_332,,UNKNOWN,UNKNOWN,UNKNOWN,UNKNOWN_NO_DETAILED_INSPECTOR,NONE,NONE,NONE,NONE,UNKNOWN
fp16_decode,333,__myl_MovResMulMea_myl0_333,,UNKNOWN,UNKNOWN,UNKNOWN,UNKNOWN_NO_DETAILED_INSPECTOR,NONE,NONE,NONE,NONE,UNKNOWN
fp16_decode,334,__myl_AddSqrDivMulMulResSliSliNegConMulMulAddConResRepResTra_myl0_334,,UNKNOWN,UNKNOWN,UNKNOWN,UNKNOWN_NO_DETAILED_INSPECTOR,NONE,NONE,NONE,NONE,UNKNOWN
fp16_decode,335,__myl_MovResMulMea_myl0_335,,UNKNOWN,UNKNOWN,UNKNOWN,UNKNOWN_NO_DETAILED_INSPECTOR,NONE,NONE,NONE,NONE,UNKNOWN
fp16_decode,336,__myl_AddSqrDivMulMulResSliSliNegConMulMulAdd_myl0_336,,UNKNOWN,UNKNOWN,UNKNOWN,UNKNOWN_NO_DETAILED_INSPECTOR,NONE,NONE,NONE,NONE,UNKNOWN
fp16_decode,337,/MatMul_44_myl0_337,,UNKNOWN,UNKNOWN,UNKNOWN,UNKNOWN_NO_DETAILED_INSPECTOR,NONE,NONE,NONE,NONE,/MatMul_44_myl0_337
fp16_decode,338,__myl_MulMaxSubExpSumDivMul_myl0_338,,UNKNOWN,UNKNOWN,UNKNOWN,UNKNOWN_NO_DETAILED_INSPECTOR,NONE,NONE,NONE,NONE,UNKNOWN
fp16_decode,339,/MatMul_45_myl0_339,,UNKNOWN,UNKNOWN,UNKNOWN,UNKNOWN_NO_DETAILED_INSPECTOR,NONE,NONE,NONE,NONE,/MatMul_45_myl0_339
fp16_decode,340,/o_proj_22/MatMul_myl0_340,,L22:o_proj,LINEAR,GEMM,UNKNOWN_NO_DETAILED_INSPECTOR,NONE,NONE,NONE,NONE,/o_proj_22/MatMul_myl0_340
fp16_decode,341,__myl_AddMulMeaAddSqrDivMulMul_myl0_341,,UNKNOWN,UNKNOWN,UNKNOWN,UNKNOWN_NO_DETAILED_INSPECTOR,NONE,NONE,NONE,NONE,UNKNOWN
fp16_decode,342,/up_proj_22/MatMul_myl0_342,,L22:up_proj,LINEAR,GEMM,UNKNOWN_NO_DETAILED_INSPECTOR,NONE,NONE,NONE,NONE,/up_proj_22/MatMul_myl0_342
fp16_decode,343,__myl_FcNegExpAddDivMulMul_myl0_343,,UNKNOWN,UNKNOWN,UNKNOWN,UNKNOWN_NO_DETAILED_INSPECTOR,NONE,NONE,NONE,NONE,UNKNOWN
fp16_decode,344,__myl_FcAdd_myl0_344,,UNKNOWN,UNKNOWN,UNKNOWN,UNKNOWN_NO_DETAILED_INSPECTOR,NONE,NONE,NONE,NONE,UNKNOWN
fp16_decode,345,__myl_MulMeaAddSqrDivMulMul_myl0_345,,UNKNOWN,UNKNOWN,UNKNOWN,UNKNOWN_NO_DETAILED_INSPECTOR,NONE,NONE,NONE,NONE,UNKNOWN
fp16_decode,346,/v_proj_23/MatMul+/k_proj_23/MatMul+/q_proj_23/MatMul_myl0_346,,L23:v_proj,LINEAR,GEMM,UNKNOWN_NO_DETAILED_INSPECTOR,NONE,NONE,NONE,NONE,/v_proj_23/MatMul+/k_proj_23/MatMul+/q_proj_23/MatMul_myl0_346
fp16_decode,347,__myl_MovResConResRep_myl0_347,,UNKNOWN,UNKNOWN,UNKNOWN,UNKNOWN_NO_DETAILED_INSPECTOR,NONE,NONE,NONE,NONE,UNKNOWN
fp16_decode,348,__myl_MovResMulMea_myl0_348,,UNKNOWN,UNKNOWN,UNKNOWN,UNKNOWN_NO_DETAILED_INSPECTOR,NONE,NONE,NONE,NONE,UNKNOWN
fp16_decode,349,__myl_AddSqrDivMulMulResSliSliNegConMulMulAddConResRepResTra_myl0_349,,UNKNOWN,UNKNOWN,UNKNOWN,UNKNOWN_NO_DETAILED_INSPECTOR,NONE,NONE,NONE,NONE,UNKNOWN
fp16_decode,350,__myl_MovResMulMea_myl0_350,,UNKNOWN,UNKNOWN,UNKNOWN,UNKNOWN_NO_DETAILED_INSPECTOR,NONE,NONE,NONE,NONE,UNKNOWN
fp16_decode,351,__myl_AddSqrDivMulMulResSliSliNegConMulMulAdd_myl0_351,,UNKNOWN,UNKNOWN,UNKNOWN,UNKNOWN_NO_DETAILED_INSPECTOR,NONE,NONE,NONE,NONE,UNKNOWN
fp16_decode,352,/MatMul_46_myl0_352,,UNKNOWN,UNKNOWN,UNKNOWN,UNKNOWN_NO_DETAILED_INSPECTOR,NONE,NONE,NONE,NONE,/MatMul_46_myl0_352
fp16_decode,353,__myl_MulMaxSubExpSumDivMul_myl0_353,,UNKNOWN,UNKNOWN,UNKNOWN,UNKNOWN_NO_DETAILED_INSPECTOR,NONE,NONE,NONE,NONE,UNKNOWN
fp16_decode,354,/MatMul_47_myl0_354,,UNKNOWN,UNKNOWN,UNKNOWN,UNKNOWN_NO_DETAILED_INSPECTOR,NONE,NONE,NONE,NONE,/MatMul_47_myl0_354
fp16_decode,355,/o_proj_23/MatMul_myl0_355,,L23:o_proj,LINEAR,GEMM,UNKNOWN_NO_DETAILED_INSPECTOR,NONE,NONE,NONE,NONE,/o_proj_23/MatMul_myl0_355
fp16_decode,356,__myl_AddMulMeaAddSqrDivMulMul_myl0_356,,UNKNOWN,UNKNOWN,UNKNOWN,UNKNOWN_NO_DETAILED_INSPECTOR,NONE,NONE,NONE,NONE,UNKNOWN
fp16_decode,357,/up_proj_23/MatMul_myl0_357,,L23:up_proj,LINEAR,GEMM,UNKNOWN_NO_DETAILED_INSPECTOR,NONE,NONE,NONE,NONE,/up_proj_23/MatMul_myl0_357
fp16_decode,358,__myl_FcNegExpAddDivMulMul_myl0_358,,UNKNOWN,UNKNOWN,UNKNOWN,UNKNOWN_NO_DETAILED_INSPECTOR,NONE,NONE,NONE,NONE,UNKNOWN
fp16_decode,359,__myl_FcAdd_myl0_359,,UNKNOWN,UNKNOWN,UNKNOWN,UNKNOWN_NO_DETAILED_INSPECTOR,NONE,NONE,NONE,NONE,UNKNOWN
fp16_decode,360,__myl_MulMeaAddSqrDivMulMul_myl0_360,,UNKNOWN,UNKNOWN,UNKNOWN,UNKNOWN_NO_DETAILED_INSPECTOR,NONE,NONE,NONE,NONE,UNKNOWN
fp16_decode,361,/v_proj_24/MatMul+/k_proj_24/MatMul+/q_proj_24/MatMul_myl0_361,,L24:v_proj,LINEAR,GEMM,UNKNOWN_NO_DETAILED_INSPECTOR,NONE,NONE,NONE,NONE,/v_proj_24/MatMul+/k_proj_24/MatMul+/q_proj_24/MatMul_myl0_361
fp16_decode,362,__myl_MovResConResRep_myl0_362,,UNKNOWN,UNKNOWN,UNKNOWN,UNKNOWN_NO_DETAILED_INSPECTOR,NONE,NONE,NONE,NONE,UNKNOWN
fp16_decode,363,__myl_MovResMulMea_myl0_363,,UNKNOWN,UNKNOWN,UNKNOWN,UNKNOWN_NO_DETAILED_INSPECTOR,NONE,NONE,NONE,NONE,UNKNOWN
fp16_decode,364,__myl_AddSqrDivMulMulResSliSliNegConMulMulAddConResRepResTra_myl0_364,,UNKNOWN,UNKNOWN,UNKNOWN,UNKNOWN_NO_DETAILED_INSPECTOR,NONE,NONE,NONE,NONE,UNKNOWN
fp16_decode,365,__myl_MovResMulMea_myl0_365,,UNKNOWN,UNKNOWN,UNKNOWN,UNKNOWN_NO_DETAILED_INSPECTOR,NONE,NONE,NONE,NONE,UNKNOWN
fp16_decode,366,__myl_AddSqrDivMulMulResSliSliNegConMulMulAdd_myl0_366,,UNKNOWN,UNKNOWN,UNKNOWN,UNKNOWN_NO_DETAILED_INSPECTOR,NONE,NONE,NONE,NONE,UNKNOWN
fp16_decode,367,/MatMul_48_myl0_367,,UNKNOWN,UNKNOWN,UNKNOWN,UNKNOWN_NO_DETAILED_INSPECTOR,NONE,NONE,NONE,NONE,/MatMul_48_myl0_367
fp16_decode,368,__myl_MulMaxSubExpSumDivMul_myl0_368,,UNKNOWN,UNKNOWN,UNKNOWN,UNKNOWN_NO_DETAILED_INSPECTOR,NONE,NONE,NONE,NONE,UNKNOWN
fp16_decode,369,/MatMul_49_myl0_369,,UNKNOWN,UNKNOWN,UNKNOWN,UNKNOWN_NO_DETAILED_INSPECTOR,NONE,NONE,NONE,NONE,/MatMul_49_myl0_369
fp16_decode,370,/o_proj_24/MatMul_myl0_370,,L24:o_proj,LINEAR,GEMM,UNKNOWN_NO_DETAILED_INSPECTOR,NONE,NONE,NONE,NONE,/o_proj_24/MatMul_myl0_370
fp16_decode,371,__myl_AddMulMeaAddSqrDivMulMul_myl0_371,,UNKNOWN,UNKNOWN,UNKNOWN,UNKNOWN_NO_DETAILED_INSPECTOR,NONE,NONE,NONE,NONE,UNKNOWN
fp16_decode,372,/up_proj_24/MatMul_myl0_372,,L24:up_proj,LINEAR,GEMM,UNKNOWN_NO_DETAILED_INSPECTOR,NONE,NONE,NONE,NONE,/up_proj_24/MatMul_myl0_372
fp16_decode,373,__myl_FcNegExpAddDivMulMul_myl0_373,,UNKNOWN,UNKNOWN,UNKNOWN,UNKNOWN_NO_DETAILED_INSPECTOR,NONE,NONE,NONE,NONE,UNKNOWN
fp16_decode,374,__myl_FcAdd_myl0_374,,UNKNOWN,UNKNOWN,UNKNOWN,UNKNOWN_NO_DETAILED_INSPECTOR,NONE,NONE,NONE,NONE,UNKNOWN
fp16_decode,375,__myl_MulMeaAddSqrDivMulMul_myl0_375,,UNKNOWN,UNKNOWN,UNKNOWN,UNKNOWN_NO_DETAILED_INSPECTOR,NONE,NONE,NONE,NONE,UNKNOWN
fp16_decode,376,/v_proj_25/MatMul+/k_proj_25/MatMul+/q_proj_25/MatMul_myl0_376,,L25:v_proj,LINEAR,GEMM,UNKNOWN_NO_DETAILED_INSPECTOR,NONE,NONE,NONE,NONE,/v_proj_25/MatMul+/k_proj_25/MatMul+/q_proj_25/MatMul_myl0_376
fp16_decode,377,__myl_MovResConResRep_myl0_377,,UNKNOWN,UNKNOWN,UNKNOWN,UNKNOWN_NO_DETAILED_INSPECTOR,NONE,NONE,NONE,NONE,UNKNOWN
fp16_decode,378,__myl_MovResMulMea_myl0_378,,UNKNOWN,UNKNOWN,UNKNOWN,UNKNOWN_NO_DETAILED_INSPECTOR,NONE,NONE,NONE,NONE,UNKNOWN
fp16_decode,379,__myl_AddSqrDivMulMulResSliSliNegConMulMulAddConResRepResTra_myl0_379,,UNKNOWN,UNKNOWN,UNKNOWN,UNKNOWN_NO_DETAILED_INSPECTOR,NONE,NONE,NONE,NONE,UNKNOWN
fp16_decode,380,__myl_MovResMulMea_myl0_380,,UNKNOWN,UNKNOWN,UNKNOWN,UNKNOWN_NO_DETAILED_INSPECTOR,NONE,NONE,NONE,NONE,UNKNOWN
fp16_decode,381,__myl_AddSqrDivMulMulResSliSliNegConMulMulAdd_myl0_381,,UNKNOWN,UNKNOWN,UNKNOWN,UNKNOWN_NO_DETAILED_INSPECTOR,NONE,NONE,NONE,NONE,UNKNOWN
fp16_decode,382,/MatMul_50_myl0_382,,UNKNOWN,UNKNOWN,UNKNOWN,UNKNOWN_NO_DETAILED_INSPECTOR,NONE,NONE,NONE,NONE,/MatMul_50_myl0_382
fp16_decode,383,__myl_MulMaxSubExpSumDivMul_myl0_383,,UNKNOWN,UNKNOWN,UNKNOWN,UNKNOWN_NO_DETAILED_INSPECTOR,NONE,NONE,NONE,NONE,UNKNOWN
fp16_decode,384,/MatMul_51_myl0_384,,UNKNOWN,UNKNOWN,UNKNOWN,UNKNOWN_NO_DETAILED_INSPECTOR,NONE,NONE,NONE,NONE,/MatMul_51_myl0_384
fp16_decode,385,/o_proj_25/MatMul_myl0_385,,L25:o_proj,LINEAR,GEMM,UNKNOWN_NO_DETAILED_INSPECTOR,NONE,NONE,NONE,NONE,/o_proj_25/MatMul_myl0_385
fp16_decode,386,__myl_AddMulMeaAddSqrDivMulMul_myl0_386,,UNKNOWN,UNKNOWN,UNKNOWN,UNKNOWN_NO_DETAILED_INSPECTOR,NONE,NONE,NONE,NONE,UNKNOWN
fp16_decode,387,/up_proj_25/MatMul_myl0_387,,L25:up_proj,LINEAR,GEMM,UNKNOWN_NO_DETAILED_INSPECTOR,NONE,NONE,NONE,NONE,/up_proj_25/MatMul_myl0_387
fp16_decode,388,__myl_FcNegExpAddDivMulMul_myl0_388,,UNKNOWN,UNKNOWN,UNKNOWN,UNKNOWN_NO_DETAILED_INSPECTOR,NONE,NONE,NONE,NONE,UNKNOWN
fp16_decode,389,__myl_FcAdd_myl0_389,,UNKNOWN,UNKNOWN,UNKNOWN,UNKNOWN_NO_DETAILED_INSPECTOR,NONE,NONE,NONE,NONE,UNKNOWN
fp16_decode,390,__myl_MulMeaAddSqrDivMulMul_myl0_390,,UNKNOWN,UNKNOWN,UNKNOWN,UNKNOWN_NO_DETAILED_INSPECTOR,NONE,NONE,NONE,NONE,UNKNOWN
fp16_decode,391,/v_proj_26/MatMul+/k_proj_26/MatMul+/q_proj_26/MatMul_myl0_391,,L26:v_proj,LINEAR,GEMM,UNKNOWN_NO_DETAILED_INSPECTOR,NONE,NONE,NONE,NONE,/v_proj_26/MatMul+/k_proj_26/MatMul+/q_proj_26/MatMul_myl0_391
fp16_decode,392,__myl_MovResConResRep_myl0_392,,UNKNOWN,UNKNOWN,UNKNOWN,UNKNOWN_NO_DETAILED_INSPECTOR,NONE,NONE,NONE,NONE,UNKNOWN
fp16_decode,393,__myl_MovResMulMea_myl0_393,,UNKNOWN,UNKNOWN,UNKNOWN,UNKNOWN_NO_DETAILED_INSPECTOR,NONE,NONE,NONE,NONE,UNKNOWN
fp16_decode,394,__myl_AddSqrDivMulMulResSliSliNegConMulMulAddConResRepResTra_myl0_394,,UNKNOWN,UNKNOWN,UNKNOWN,UNKNOWN_NO_DETAILED_INSPECTOR,NONE,NONE,NONE,NONE,UNKNOWN
fp16_decode,395,__myl_MovResMulMea_myl0_395,,UNKNOWN,UNKNOWN,UNKNOWN,UNKNOWN_NO_DETAILED_INSPECTOR,NONE,NONE,NONE,NONE,UNKNOWN
fp16_decode,396,__myl_AddSqrDivMulMulResSliSliNegConMulMulAdd_myl0_396,,UNKNOWN,UNKNOWN,UNKNOWN,UNKNOWN_NO_DETAILED_INSPECTOR,NONE,NONE,NONE,NONE,UNKNOWN
fp16_decode,397,/MatMul_52_myl0_397,,UNKNOWN,UNKNOWN,UNKNOWN,UNKNOWN_NO_DETAILED_INSPECTOR,NONE,NONE,NONE,NONE,/MatMul_52_myl0_397
fp16_decode,398,__myl_MulMaxSubExpSumDivMul_myl0_398,,UNKNOWN,UNKNOWN,UNKNOWN,UNKNOWN_NO_DETAILED_INSPECTOR,NONE,NONE,NONE,NONE,UNKNOWN
fp16_decode,399,/MatMul_53_myl0_399,,UNKNOWN,UNKNOWN,UNKNOWN,UNKNOWN_NO_DETAILED_INSPECTOR,NONE,NONE,NONE,NONE,/MatMul_53_myl0_399
fp16_decode,400,/o_proj_26/MatMul_myl0_400,,L26:o_proj,LINEAR,GEMM,UNKNOWN_NO_DETAILED_INSPECTOR,NONE,NONE,NONE,NONE,/o_proj_26/MatMul_myl0_400
fp16_decode,401,__myl_AddMulMeaAddSqrDivMulMul_myl0_401,,UNKNOWN,UNKNOWN,UNKNOWN,UNKNOWN_NO_DETAILED_INSPECTOR,NONE,NONE,NONE,NONE,UNKNOWN
fp16_decode,402,/up_proj_26/MatMul_myl0_402,,L26:up_proj,LINEAR,GEMM,UNKNOWN_NO_DETAILED_INSPECTOR,NONE,NONE,NONE,NONE,/up_proj_26/MatMul_myl0_402
fp16_decode,403,__myl_FcNegExpAddDivMulMul_myl0_403,,UNKNOWN,UNKNOWN,UNKNOWN,UNKNOWN_NO_DETAILED_INSPECTOR,NONE,NONE,NONE,NONE,UNKNOWN
fp16_decode,404,__myl_FcAdd_myl0_404,,UNKNOWN,UNKNOWN,UNKNOWN,UNKNOWN_NO_DETAILED_INSPECTOR,NONE,NONE,NONE,NONE,UNKNOWN
fp16_decode,405,__myl_MulMeaAddSqrDivMulMul_myl0_405,,UNKNOWN,UNKNOWN,UNKNOWN,UNKNOWN_NO_DETAILED_INSPECTOR,NONE,NONE,NONE,NONE,UNKNOWN
fp16_decode,406,/v_proj_27/MatMul+/k_proj_27/MatMul+/q_proj_27/MatMul_myl0_406,,L27:v_proj,LINEAR,GEMM,UNKNOWN_NO_DETAILED_INSPECTOR,NONE,NONE,NONE,NONE,/v_proj_27/MatMul+/k_proj_27/MatMul+/q_proj_27/MatMul_myl0_406
fp16_decode,407,__myl_MovResConResRep_myl0_407,,UNKNOWN,UNKNOWN,UNKNOWN,UNKNOWN_NO_DETAILED_INSPECTOR,NONE,NONE,NONE,NONE,UNKNOWN
fp16_decode,408,__myl_MovResMulMea_myl0_408,,UNKNOWN,UNKNOWN,UNKNOWN,UNKNOWN_NO_DETAILED_INSPECTOR,NONE,NONE,NONE,NONE,UNKNOWN
fp16_decode,409,__myl_AddSqrDivMulMulResSliSliNegConMulMulAddConResRepResTra_myl0_409,,UNKNOWN,UNKNOWN,UNKNOWN,UNKNOWN_NO_DETAILED_INSPECTOR,NONE,NONE,NONE,NONE,UNKNOWN
fp16_decode,410,__myl_MovResMulMea_myl0_410,,UNKNOWN,UNKNOWN,UNKNOWN,UNKNOWN_NO_DETAILED_INSPECTOR,NONE,NONE,NONE,NONE,UNKNOWN
fp16_decode,411,__myl_AddSqrDivMulMulResSliSliNegConMulMulAdd_myl0_411,,UNKNOWN,UNKNOWN,UNKNOWN,UNKNOWN_NO_DETAILED_INSPECTOR,NONE,NONE,NONE,NONE,UNKNOWN
fp16_decode,412,/MatMul_54_myl0_412,,UNKNOWN,UNKNOWN,UNKNOWN,UNKNOWN_NO_DETAILED_INSPECTOR,NONE,NONE,NONE,NONE,/MatMul_54_myl0_412
fp16_decode,413,__myl_MulMaxSubExpSumDivMul_myl0_413,,UNKNOWN,UNKNOWN,UNKNOWN,UNKNOWN_NO_DETAILED_INSPECTOR,NONE,NONE,NONE,NONE,UNKNOWN
fp16_decode,414,/MatMul_55_myl0_414,,UNKNOWN,UNKNOWN,UNKNOWN,UNKNOWN_NO_DETAILED_INSPECTOR,NONE,NONE,NONE,NONE,/MatMul_55_myl0_414
fp16_decode,415,/o_proj_27/MatMul_myl0_415,,L27:o_proj,LINEAR,GEMM,UNKNOWN_NO_DETAILED_INSPECTOR,NONE,NONE,NONE,NONE,/o_proj_27/MatMul_myl0_415
fp16_decode,416,__myl_AddMulMeaAddSqrDivMulMul_myl0_416,,UNKNOWN,UNKNOWN,UNKNOWN,UNKNOWN_NO_DETAILED_INSPECTOR,NONE,NONE,NONE,NONE,UNKNOWN
fp16_decode,417,/up_proj_27/MatMul_myl0_417,,L27:up_proj,LINEAR,GEMM,UNKNOWN_NO_DETAILED_INSPECTOR,NONE,NONE,NONE,NONE,/up_proj_27/MatMul_myl0_417
fp16_decode,418,__myl_FcNegExpAddDivMulMul_myl0_418,,UNKNOWN,UNKNOWN,UNKNOWN,UNKNOWN_NO_DETAILED_INSPECTOR,NONE,NONE,NONE,NONE,UNKNOWN
fp16_decode,419,__myl_FcAdd_myl0_419,,UNKNOWN,UNKNOWN,UNKNOWN,UNKNOWN_NO_DETAILED_INSPECTOR,NONE,NONE,NONE,NONE,UNKNOWN
mixed_prefill,0,__mye181941_0_myl0_0,shape_call,UNKNOWN,UNKNOWN,NO_KERNEL,NONE,NONE,NONE,NONE,NONE,UNKNOWN
mixed_prefill,1,__myl_RepIotIotRepCasAddCasEqlLtOrSel_myl0_1,kgen,UNKNOWN,UNKNOWN,TENSORRT_INTERNAL,__myl_RepIotIotRepCasAddCasEqlLtOrSel_0xeed00a2999d9a920ce4be4d44852c879,1;1,Int64;Int64,-1x-1,Bool,/Trilu_27
mixed_prefill,2,__myl_MovMulMeaAddSqrDivMulMulMinMaxRouCasMulMinMaxRouCasMulMinMaxRouCas_myl0_2,kgen,L0:v_proj,LINEAR,TENSORRT_INTERNAL,__myl_MovMulMeaAddSqrDivMulMulMinMaxRouCasMulMinMaxRouCasMulMinMaxRouCas_0xc7a30bf0a7462c13e72d54b03c27c3b2_vec,1x1x1024;1x1x1024;1x1x1024;1x-1x1024;1x-1x1024;1;1;1;1;1;1;1;1;1;1;1;1;1;1;1;1;1;1;1;1;1;1;1;1,Half;Half;Half;Half;Half;Int64;Int64;Int64;Int64;Int64;Int64;Int64;Int64;Int64;Int64;Int64;Int64;Int64;Int64;Int64;Int64;Int64;Int64;Int64;Int64;Int64;Int64;Int64;Int64,1x-1x1024;1x-1x1024;1x-1x1024,Int8;Int8;Int8,/input_layernorm/Pow;/input_layernorm/ReduceMean;/input_layernorm/Sqrt;/input_layernorm/Add;/input_layernorm/Mul;/v_proj/MatMul__a_quant;/k_proj/MatMul__a_quant;/q_proj/MatMul__a_quant;/input_layernorm/Div
mixed_prefill,3,__mye725921_myl0_3,signal,UNKNOWN,UNKNOWN,NO_KERNEL,NONE,NONE,NONE,NONE,NONE,UNKNOWN
mixed_prefill,4,__mye725923_myl0_4,wait,UNKNOWN,UNKNOWN,NO_KERNEL,NONE,NONE,NONE,NONE,NONE,UNKNOWN
mixed_prefill,5,__myl_FcCas_myl0_5,fusion,L0:v_proj,LINEAR,GEMM,sm80_xmma_gemm_i8i8_i8i32_f32_tn_n_tilesize32x64x64_stage6_warpsize2x2x1_tensor16x8x32_by_fusion_tactic,1x-1x1024;1x1024x1024,Int8;Int8,1x-1x1024,Half,/v_proj/MatMul;/v_proj/MatMul__a_dequant;/v_proj/MatMul__a_quant;/v_proj/MatMul__w_dequant
mixed_prefill,6,__myl_ResTraResSliRepRes_myl0_6,kgen,L1:ATTENTION_VALUE,ATTENTION_GEMM,TENSORRT_INTERNAL,__myl_ResTraResSliRepRes_0xb5ca1ead775f2215fdc6b72339368a3f,1x-1x1024;1;1;1;1;1;1;1;1;1;1;1,Half;Int64;Int64;Int64;Int64;Int64;Int64;Int64;Int64;Int64;Int64;Int64,16x-1x128;1x8x-1x128,Half;Half,/Reshape_2;/Transpose_2;/Expand_1;/MatMul_1;/Unsqueeze_18
mixed_prefill,7,__mye725931_myl0_7,signal,UNKNOWN,UNKNOWN,NO_KERNEL,NONE,NONE,NONE,NONE,NONE,UNKNOWN
mixed_prefill,8,__mye725925_myl0_8,wait,UNKNOWN,UNKNOWN,NO_KERNEL,NONE,NONE,NONE,NONE,NONE,UNKNOWN
mixed_prefill,9,__myl_FcCas_myl0_9,fusion,L0:k_proj,LINEAR,GEMM,sm80_xmma_gemm_i8i8_i8i32_f32_tn_n_tilesize32x64x64_stage6_warpsize2x2x1_tensor16x8x32_by_fusion_tactic,1x-1x1024;1x1024x1024,Int8;Int8,1x-1x1024,Half,/k_proj/MatMul;/k_proj/MatMul__a_dequant;/k_proj/MatMul__a_quant;/k_proj/MatMul__w_dequant
mixed_prefill,10,__myl_ResMulMea_myl0_10,kgen,UNKNOWN,UNKNOWN,TENSORRT_INTERNAL,__myl_ResMulMea_0x356824d54c2e1ab1f7825eefa1e6b632_vec,1x-1x1024;1;1;1;1;1;1;1,Half;Int64;Int64;Int64;Int64;Int64;Int64;Int64,1x-1x8x1;1x-1x8x128,Half;Half,/Reshape_1;/k_norm/Pow;/k_norm/ReduceMean
mixed_prefill,11,__mye725927_myl0_11,signal,UNKNOWN,UNKNOWN,NO_KERNEL,NONE,NONE,NONE,NONE,NONE,UNKNOWN
mixed_prefill,12,__myl_FcCas_myl0_12,fusion,L0:q_proj,LINEAR,GEMM,sm80_xmma_gemm_i8f32_i8i32_f32_tn_n_tilesize32x64x64_stage6_warpsize2x2x1_tensor16x8x32_by_fusion_tactic,1x-1x1024;1x1024x2048,Int8;Int8,1x-1x2048,Half,/q_proj/MatMul;/q_proj/MatMul__a_dequant;/q_proj/MatMul__a_quant;/q_proj/MatMul__w_dequant
mixed_prefill,13,__myl_ResMulMea_myl0_13,kgen,UNKNOWN,UNKNOWN,TENSORRT_INTERNAL,__myl_ResMulMea_0x9a67bce87aa70b5a86539a0972d2e0f6_vec,1x-1x2048;1;1;1;1;1;1;1;1,Half;Int64;Int64;Int64;Int64;Int64;Int64;Int64;Int64,1x-1x16x1;1x-1x16x128,Half;Half,/Reshape;/q_norm/Pow;/q_norm/ReduceMean
mixed_prefill,14,__mye725929_myl0_14,wait,UNKNOWN,UNKNOWN,NO_KERNEL,NONE,NONE,NONE,NONE,NONE,UNKNOWN
mixed_prefill,15,__myl_CasResMulConSinResCosResAddSqrAddSqrDivMulDivMulMulTraSliSliNegConMulMulAddResSliRepResTraEtc_myl0_15,kgen,L0:ATTENTION_SCORE,ATTENTION_GEMM,TENSORRT_INTERNAL,__myl_CasResMulConSinResCosResAddSqrAddSqrDivMulDivMulMulTraSliSliNegConMulMulAddResSliRepResTraEtc_0xeeda8c3ad0b01a41e68bda37288b89cd,1x-1x8x1;1x-1x16x1;1x1x64;1x1x1x128;1x-1x16x128;1x1x1x128;1x-1x8x128;1x-1;1;1;1;1;1;1;1;1;1;1;1;1;1;1;1;1;1;1;1;1;1;1;1;1;1;1;1;1,Half;Half;Half;Half;Half;Half;Half;Int64;Int64;Int64;Int64;Int64;Int64;Int64;Int64;Int64;Int64;Int64;Int64;Int64;Int64;Int64;Int64;Int64;Int64;Int64;Int64;Int64;Int64;Int64;Int64;Int64;Int64;Int64;Int64;Int64,1x1x-1x128;1x1x-1x128;16x-1x128;16x128x-1;1x8x-1x128,Half;Half;Half;Half;Half,/Cast;/Unsqueeze_6;/k_norm/Div;/q_norm/Div;/k_norm/Mul;/k_norm/Mul_1;/Transpose_1;/Slice_2;/Slice_3;/Concat_5;/Mul_4;/Add_1;/Mul_3;/Expand;/Reshape_4;/Transpose_3;/MatMul;/Unsqueeze_13;/Neg_1;/q_norm/Mul;/q_norm/Mul_1;/Transpose;/Slice;/Slice_1;/Concat_4;/Mul_2;/Add;/Mul_1;/Neg;/Sin;/Unsqueeze_8;/Cos;/Unsqueeze_7;/Concat_3;/Mul;/q_norm/Sqrt;/q_norm/Add;/k_norm/Sqrt;/k_norm/Add
mixed_prefill,16,__mye725933_myl0_16,wait,UNKNOWN,UNKNOWN,NO_KERNEL,NONE,NONE,NONE,NONE,NONE,UNKNOWN
mixed_prefill,17,_gemm_mha_v2_myl0_17,kgen,L0:o_proj,LINEAR,ATTENTION_GEMM,_gemm_mha_v2_0xbbc42f75034653fb101166ea3f96b8ac,16x-1x128;16x128x-1;1x1x-1x-1;16x-1x128;1;1;1;1;1;1,Half;Half;Bool;Half;Int64;Int64;Int64;Int64;Int64;Int64,16x-1x128,Int8,/o_proj/MatMul__a_quant;/MatMul_1;/Softmax;/Where_2;/Mul_7;/MatMul
mixed_prefill,18,__myl_ResTra_myl0_18,kgen,L1:ATTENTION_VALUE,ATTENTION_GEMM,TENSORRT_INTERNAL,__myl_ResTra_0xc03916d7cfa55338996dbe92c4283d8c,16x-1x128;1;1;1,Int8;Int64;Int64;Int64,1x-1x16x128,Int8,/MatMul_1;/Transpose_4;/Reshape_7
mixed_prefill,19,__myl_FcCasAdd_myl0_19,fusion,L0:o_proj,LINEAR,GEMM,sm80_xmma_gemm_i8i8_i8i32_f32_tn_n_tilesize32x64x64_stage6_warpsize2x2x1_tensor16x8x32_by_fusion_tactic,1x-1x1024;1x-1x2048;1x2048x1024,Half;Int8;Int8,1x-1x1024,Half,/o_proj/MatMul;/o_proj/MatMul__a_dequant;/o_proj/MatMul__a_quant;/o_proj/MatMul__w_dequant;/Add_2
mixed_prefill,20,__myl_MulMeaAddSqrDivMulMulMulMinMaxRouCas_myl0_20,kgen,L0:gate_proj,LINEAR,TENSORRT_INTERNAL,__myl_MulMeaAddSqrDivMulMulMulMinMaxRouCas_0x8a866b4697691e17e265b1490eb77602_vec,1x-1x1024;1x-1x1024;1x-1x1024;1x1x1024;1;1;1;1;1;1;1;1;1;1;1;1;1,Half;Half;Half;Half;Int64;Int64;Int64;Int64;Int64;Int64;Int64;Int64;Int64;Int64;Int64;Int64;Int64,1x-1x1024;1x-1x1024,Half;Int8,/post_attention_layernorm/Div;/gate_proj/MatMul__a_quant;/post_attention_layernorm/Mul_1;/post_attention_layernorm/Mul;/post_attention_layernorm/Add;/post_attention_layernorm/Sqrt;/post_attention_layernorm/ReduceMean;/post_attention_layernorm/Pow
mixed_prefill,21,/up_proj/MatMul_myl0_21,gemm,L0:up_proj,LINEAR,GEMM,ampere_h16816gemm_128x64_ldg8_nn_v1,1x-1x1024;1x1024x3072;1;1,Half;Half;Float;Float,1x-1x3072,Half,/up_proj/MatMul
mixed_prefill,22,__myl_FcCasNegExpAddDivMulMul_myl0_22,fusion,L0:gate_proj,LINEAR,GEMM,sm80_xmma_gemm_i8i8_i8i32_f32_tn_n_tilesize32x64x64_stage6_warpsize2x2x1_tensor16x8x32_by_fusion_tactic,1x-1x3072;1x-1x1024;1x1024x3072,Half;Int8;Int8,1x-1x3072,Half,/gate_proj/MatMul;/gate_proj/MatMul__a_dequant;/gate_proj/MatMul__a_quant;/gate_proj/MatMul__w_dequant;/Mul_8;/Mul_9;/Sigmoid
mixed_prefill,23,__myl_FcAdd_myl0_23,fusion,L0:down_proj,LINEAR,GEMM,sm80_xmma_gemm_f16f16_f16f16_f16_nn_n_tilesize128x64x64_stage3_warpsize2x2x1_tensor16x8x16_by_fusion_tactic,1x-1x1024;1x-1x3072;1x3072x1024,Half;Half;Half,1x-1x1024,Half,/down_proj/MatMul;/Add_3
mixed_prefill,24,__myl_MulMeaAddSqrDivMulMulMinMaxRouCasMulMinMaxRouCasMulMinMaxRouCas_myl0_24,kgen,L1:v_proj,LINEAR,TENSORRT_INTERNAL,__myl_MulMeaAddSqrDivMulMulMinMaxRouCasMulMinMaxRouCasMulMinMaxRouCas_0x14bacf080290e339db28d1223365390a_vec,1x1x1024;1x1x1024;1x1x1024;1x-1x1024;1x-1x1024;1x-1x1024;1;1;1;1;1;1;1;1;1;1;1;1;1;1;1;1;1;1;1;1;1;1;1,Half;Half;Half;Half;Half;Half;Int64;Int64;Int64;Int64;Int64;Int64;Int64;Int64;Int64;Int64;Int64;Int64;Int64;Int64;Int64;Int64;Int64;Int64;Int64;Int64;Int64;Int64;Int64,1x-1x1024;1x-1x1024;1x-1x1024,Int8;Int8;Int8,/input_layernorm_1/Pow;/input_layernorm_1/ReduceMean;/input_layernorm_1/Sqrt;/input_layernorm_1/Add;/input_layernorm_1/Mul;/v_proj_1/MatMul__a_quant;/k_proj_1/MatMul__a_quant;/q_proj_1/MatMul__a_quant;/input_layernorm_1/Div
mixed_prefill,25,__mye725935_myl0_25,signal,UNKNOWN,UNKNOWN,NO_KERNEL,NONE,NONE,NONE,NONE,NONE,UNKNOWN
mixed_prefill,26,__mye725937_myl0_26,wait,UNKNOWN,UNKNOWN,NO_KERNEL,NONE,NONE,NONE,NONE,NONE,UNKNOWN
mixed_prefill,27,__myl_FcCas_myl0_27,fusion,L1:v_proj,LINEAR,GEMM,sm80_xmma_gemm_i8i8_i8i32_f32_tn_n_tilesize32x64x64_stage6_warpsize2x2x1_tensor16x8x32_by_fusion_tactic,1x-1x1024;1x1024x1024,Int8;Int8,1x-1x1024,Half,/v_proj_1/MatMul;/v_proj_1/MatMul__a_dequant;/v_proj_1/MatMul__a_quant;/v_proj_1/MatMul__w_dequant
mixed_prefill,28,__mye725939_myl0_28,signal,UNKNOWN,UNKNOWN,NO_KERNEL,NONE,NONE,NONE,NONE,NONE,UNKNOWN
mixed_prefill,29,__mye725941_myl0_29,wait,UNKNOWN,UNKNOWN,NO_KERNEL,NONE,NONE,NONE,NONE,NONE,UNKNOWN
mixed_prefill,30,__myl_ResTraResSliRepRes_myl0_30,kgen,L3:ATTENTION_VALUE,ATTENTION_GEMM,TENSORRT_INTERNAL,__myl_ResTraResSliRepRes_0xb5ca1ead775f2215fdc6b72339368a3f,1x-1x1024;1;1;1;1;1;1;1;1;1;1;1,Half;Int64;Int64;Int64;Int64;Int64;Int64;Int64;Int64;Int64;Int64;Int64,16x-1x128;1x8x-1x128,Half;Half,/Reshape_10;/Transpose_7;/Expand_3;/MatMul_3;/Unsqueeze_42
mixed_prefill,31,__mye725953_myl0_31,signal,UNKNOWN,UNKNOWN,NO_KERNEL,NONE,NONE,NONE,NONE,NONE,UNKNOWN
mixed_prefill,32,__mye725943_myl0_32,wait,UNKNOWN,UNKNOWN,NO_KERNEL,NONE,NONE,NONE,NONE,NONE,UNKNOWN
mixed_prefill,33,__myl_FcCas_myl0_33,fusion,L1:k_proj,LINEAR,GEMM,sm80_xmma_gemm_i8i8_i8i32_f32_tn_n_tilesize32x64x64_stage6_warpsize2x2x1_tensor16x8x32_by_fusion_tactic,1x-1x1024;1x1024x1024,Int8;Int8,1x-1x1024,Half,/k_proj_1/MatMul;/k_proj_1/MatMul__a_dequant;/k_proj_1/MatMul__a_quant;/k_proj_1/MatMul__w_dequant
mixed_prefill,34,__mye725945_myl0_34,signal,UNKNOWN,UNKNOWN,NO_KERNEL,NONE,NONE,NONE,NONE,NONE,UNKNOWN
mixed_prefill,35,__mye725947_myl0_35,wait,UNKNOWN,UNKNOWN,NO_KERNEL,NONE,NONE,NONE,NONE,NONE,UNKNOWN
mixed_prefill,36,__myl_ResMulMea_myl0_36,kgen,UNKNOWN,UNKNOWN,TENSORRT_INTERNAL,__myl_ResMulMea_0x356824d54c2e1ab1f7825eefa1e6b632_vec,1x-1x1024;1;1;1;1;1;1;1,Half;Int64;Int64;Int64;Int64;Int64;Int64;Int64,1x-1x8x1;1x-1x8x128,Half;Half,/Reshape_9;/k_norm_1/Pow;/k_norm_1/ReduceMean
mixed_prefill,37,__myl_AddSqrDivMulMulTraSliSliNegConMulMulAddResSliRepResTraRes_myl0_37,kgen,L2:ATTENTION_VALUE,ATTENTION_GEMM,TENSORRT_INTERNAL,__myl_AddSqrDivMulMulTraSliSliNegConMulMulAddResSliRepResTraRes_0x4ad536b524b3f7a2415d97f02da12733,1x1x-1x128;1x1x-1x128;1x1x1x128;1x-1x8x128;1x-1x8x1;1;1;1;1;1;1;1;1;1;1;1;1;1;1;1;1;1;1;1;1;1;1;1;1,Half;Half;Half;Half;Half;Int64;Int64;Int64;Int64;Int64;Int64;Int64;Int64;Int64;Int64;Int64;Int64;Int64;Int64;Int64;Int64;Int64;Int64;Int64;Int64;Int64;Int64;Int64;Int64,16x128x-1;1x8x-1x128,Half;Half,/k_norm_1/Add;/k_norm_1/Sqrt;/k_norm_1/Mul;/k_norm_1/Mul_1;/Transpose_6;/Slice_6;/Slice_7;/Concat_16;/Mul_13;/Add_5;/Mul_12;/Expand_2;/Reshape_12;/Transpose_8;/MatMul_2;/Unsqueeze_37;/Neg_3;/k_norm_1/Div
mixed_prefill,38,__mye725949_myl0_38,signal,UNKNOWN,UNKNOWN,NO_KERNEL,NONE,NONE,NONE,NONE,NONE,UNKNOWN
mixed_prefill,39,__myl_FcCas_myl0_39,fusion,L1:q_proj,LINEAR,GEMM,sm80_xmma_gemm_i8f32_i8i32_f32_tn_n_tilesize32x64x64_stage6_warpsize2x2x1_tensor16x8x32_by_fusion_tactic,1x-1x1024;1x1024x2048,Int8;Int8,1x-1x2048,Half,/q_proj_1/MatMul;/q_proj_1/MatMul__a_dequant;/q_proj_1/MatMul__a_quant;/q_proj_1/MatMul__w_dequant
mixed_prefill,40,__myl_ResMulMea_myl0_40,kgen,UNKNOWN,UNKNOWN,TENSORRT_INTERNAL,__myl_ResMulMea_0x9a67bce87aa70b5a86539a0972d2e0f6_vec,1x-1x2048;1;1;1;1;1;1;1;1,Half;Int64;Int64;Int64;Int64;Int64;Int64;Int64;Int64,1x-1x16x1;1x-1x16x128,Half;Half,/Reshape_8;/q_norm_1/Pow;/q_norm_1/ReduceMean
mixed_prefill,41,__myl_AddSqrDivMulMulTraSliSliNegConMulMulAddRes_myl0_41,kgen,L2:ATTENTION_VALUE,ATTENTION_GEMM,TENSORRT_INTERNAL,__myl_AddSqrDivMulMulTraSliSliNegConMulMulAddRes_0x6acc4948abd0f5b32a0e9f68913929b0,1x1x-1x128;1x1x-1x128;1x1x1x128;1x-1x16x128;1x-1x16x1;1;1;1;1;1,Half;Half;Half;Half;Half;Int64;Int64;Int64;Int64;Int64,16x-1x128,Half,/q_norm_1/Add;/q_norm_1/Sqrt;/q_norm_1/Mul;/q_norm_1/Mul_1;/Transpose_5;/Slice_4;/Slice_5;/Concat_15;/Mul_11;/Add_4;/Mul_10;/MatMul_2;/Neg_2;/q_norm_1/Div
mixed_prefill,42,__mye725951_myl0_42,wait,UNKNOWN,UNKNOWN,NO_KERNEL,NONE,NONE,NONE,NONE,NONE,UNKNOWN
mixed_prefill,43,__mye725955_myl0_43,wait,UNKNOWN,UNKNOWN,NO_KERNEL,NONE,NONE,NONE,NONE,NONE,UNKNOWN
mixed_prefill,44,_gemm_mha_v2_myl0_44,kgen,L1:o_proj,LINEAR,ATTENTION_GEMM,_gemm_mha_v2_0x1f788b071d831d329684abd45c8719fb,16x-1x128;16x128x-1;1x1x-1x-1;16x-1x128;1;1;1;1;1;1,Half;Half;Bool;Half;Int64;Int64;Int64;Int64;Int64;Int64,16x-1x128,Int8,/o_proj_1/MatMul__a_quant;/MatMul_3;/Softmax_1;/Where_5;/Mul_16;/MatMul_2
mixed_prefill,45,__myl_ResTra_myl0_45,kgen,L3:ATTENTION_VALUE,ATTENTION_GEMM,TENSORRT_INTERNAL,__myl_ResTra_0xc03916d7cfa55338996dbe92c4283d8c,16x-1x128;1;1;1,Int8;Int64;Int64;Int64,1x-1x16x128,Int8,/MatMul_3;/Transpose_9;/Reshape_15
mixed_prefill,46,__myl_FcCasAdd_myl0_46,fusion,L1:o_proj,LINEAR,GEMM,sm80_xmma_gemm_i8i8_i8i32_f32_tn_n_tilesize32x64x64_stage6_warpsize2x2x1_tensor16x8x32_by_fusion_tactic,1x-1x1024;1x-1x2048;1x2048x1024,Half;Int8;Int8,1x-1x1024,Half,/o_proj_1/MatMul;/o_proj_1/MatMul__a_dequant;/o_proj_1/MatMul__a_quant;/o_proj_1/MatMul__w_dequant;/Add_6
mixed_prefill,47,__myl_MulMeaAddSqrDivMulMulMulMinMaxRouCas_myl0_47,kgen,L1:gate_proj,LINEAR,TENSORRT_INTERNAL,__myl_MulMeaAddSqrDivMulMulMulMinMaxRouCas_0xe71ebe1a59b22d4bca83cb15f0059a7c_vec,1x-1x1024;1x-1x1024;1x-1x1024;1x1x1024;1;1;1;1;1;1;1;1;1;1;1;1;1,Half;Half;Half;Half;Int64;Int64;Int64;Int64;Int64;Int64;Int64;Int64;Int64;Int64;Int64;Int64;Int64,1x-1x1024;1x-1x1024,Half;Int8,/post_attention_layernorm_1/Div;/gate_proj_1/MatMul__a_quant;/post_attention_layernorm_1/Mul_1;/post_attention_layernorm_1/Mul;/post_attention_layernorm_1/Add;/post_attention_layernorm_1/Sqrt;/post_attention_layernorm_1/ReduceMean;/post_attention_layernorm_1/Pow
mixed_prefill,48,/up_proj_1/MatMul_myl0_48,gemm,L1:up_proj,LINEAR,GEMM,ampere_h16816gemm_256x64_ldg8_tn_v1,1x-1x1024;1x1024x3072;1;1,Half;Half;Float;Float,1x-1x3072,Half,/up_proj_1/MatMul
mixed_prefill,49,__myl_FcCasNegExpAddDivMulMul_myl0_49,fusion,L1:gate_proj,LINEAR,GEMM,sm80_xmma_gemm_i8i8_i8i32_f32_tn_n_tilesize32x64x64_stage6_warpsize2x2x1_tensor16x8x32_by_fusion_tactic,1x-1x3072;1x-1x1024;1x1024x3072,Half;Int8;Int8,1x-1x3072,Half,/gate_proj_1/MatMul;/gate_proj_1/MatMul__a_dequant;/gate_proj_1/MatMul__a_quant;/gate_proj_1/MatMul__w_dequant;/Mul_17;/Mul_18;/Sigmoid_1
mixed_prefill,50,__myl_FcAdd_myl0_50,fusion,L1:down_proj,LINEAR,GEMM,sm80_xmma_gemm_f16f16_f16f16_f16_nn_n_tilesize128x64x64_stage3_warpsize2x2x1_tensor16x8x16_by_fusion_tactic,1x-1x1024;1x-1x3072;1x3072x1024,Half;Half;Half,1x-1x1024,Half,/down_proj_1/MatMul;/Add_7
mixed_prefill,51,__myl_MulMeaAddSqrDivMulMul_myl0_51,kgen,UNKNOWN,UNKNOWN,TENSORRT_INTERNAL,__myl_MulMeaAddSqrDivMulMul_0x7950617bc96f544a93cba59dd9f0896c_vec,1x1x1024;1x-1x1024;1x-1x1024;1x-1x1024;1;1;1;1;1;1;1;1;1,Half;Half;Half;Half;Int64;Int64;Int64;Int64;Int64;Int64;Int64;Int64;Int64,1x-1x1024,Half,/input_layernorm_2/Pow;/input_layernorm_2/ReduceMean;/input_layernorm_2/Sqrt;/input_layernorm_2/Add;/input_layernorm_2/Mul;/input_layernorm_2/Mul_1;/input_layernorm_2/Div
mixed_prefill,52,/v_proj_2/MatMul+/k_proj_2/MatMul+/q_proj_2/MatMul_myl0_52,gemm,L2:v_proj,LINEAR,GEMM,ampere_h16816gemm_256x64_ldg8_tn_v1,1x-1x1024;1x1024x4096;1;1,Half;Half;Float;Float,1x-1x4096,Half,/v_proj_2/MatMul;/k_proj_2/MatMul;/q_proj_2/MatMul
mixed_prefill,53,__mye725957_myl0_53,signal,UNKNOWN,UNKNOWN,NO_KERNEL,NONE,NONE,NONE,NONE,NONE,UNKNOWN
mixed_prefill,54,__mye725959_myl0_54,wait,UNKNOWN,UNKNOWN,NO_KERNEL,NONE,NONE,NONE,NONE,NONE,UNKNOWN
mixed_prefill,55,__myl_ResTraResSliRepRes_myl0_55,kgen,L5:ATTENTION_VALUE,ATTENTION_GEMM,TENSORRT_INTERNAL,__myl_ResTraResSliRepRes_0xc9f73409107decab95699693f5f53538,1x-1x1024;1;1;1;1;1;1;1;1;1;1;1;1,Half;Int64;Int64;Int64;Int64;Int64;Int64;Int64;Int64;Int64;Int64;Int64;Int64,16x-1x128;1x8x-1x128,Half;Half,/Reshape_18;/Transpose_12;/Expand_5;/MatMul_5;/Unsqueeze_66
mixed_prefill,56,__mye725967_myl0_56,signal,UNKNOWN,UNKNOWN,NO_KERNEL,NONE,NONE,NONE,NONE,NONE,UNKNOWN
mixed_prefill,57,__mye725961_myl0_57,wait,UNKNOWN,UNKNOWN,NO_KERNEL,NONE,NONE,NONE,NONE,NONE,UNKNOWN
mixed_prefill,58,__myl_ResMulMea_myl0_58,kgen,UNKNOWN,UNKNOWN,TENSORRT_INTERNAL,__myl_ResMulMea_0xa004b8b1aee1c828801c9405f41c9d8a_vec,1x-1x1024;1;1;1;1;1;1;1;1,Half;Int64;Int64;Int64;Int64;Int64;Int64;Int64;Int64,1x-1x8x1;1x-1x8x128,Half;Half,/Reshape_17;/k_norm_2/Pow;/k_norm_2/ReduceMean
mixed_prefill,59,__myl_AddSqrDivMulMulTraSliSliNegConMulMulAddResSliRepResTraRes_myl0_59,kgen,L4:ATTENTION_VALUE,ATTENTION_GEMM,TENSORRT_INTERNAL,__myl_AddSqrDivMulMulTraSliSliNegConMulMulAddResSliRepResTraRes_0x4ad536b524b3f7a2415d97f02da12733,1x1x-1x128;1x1x-1x128;1x1x1x128;1x-1x8x128;1x-1x8x1;1;1;1;1;1;1;1;1;1;1;1;1;1;1;1;1;1;1;1;1;1;1;1;1,Half;Half;Half;Half;Half;Int64;Int64;Int64;Int64;Int64;Int64;Int64;Int64;Int64;Int64;Int64;Int64;Int64;Int64;Int64;Int64;Int64;Int64;Int64;Int64;Int64;Int64;Int64;Int64,16x128x-1;1x8x-1x128,Half;Half,/k_norm_2/Add;/k_norm_2/Sqrt;/k_norm_2/Mul;/k_norm_2/Mul_1;/Transpose_11;/Slice_10;/Slice_11;/Concat_27;/Mul_22;/Add_9;/Mul_21;/Expand_4;/Reshape_20;/Transpose_13;/MatMul_4;/Unsqueeze_61;/Neg_5;/k_norm_2/Div
mixed_prefill,60,__mye725963_myl0_60,signal,UNKNOWN,UNKNOWN,NO_KERNEL,NONE,NONE,NONE,NONE,NONE,UNKNOWN
mixed_prefill,61,__myl_ResMulMea_myl0_61,kgen,UNKNOWN,UNKNOWN,TENSORRT_INTERNAL,__myl_ResMulMea_0xae152563f1149376365003f94aabf3c4_vec,1x-1x2048;1;1;1;1;1;1;1;1;1,Half;Int64;Int64;Int64;Int64;Int64;Int64;Int64;Int64;Int64,1x-1x16x1;1x-1x16x128,Half;Half,/Reshape_16;/q_norm_2/Pow;/q_norm_2/ReduceMean
mixed_prefill,62,__myl_AddSqrDivMulMulTraSliSliNegConMulMulAddRes_myl0_62,kgen,L4:ATTENTION_VALUE,ATTENTION_GEMM,TENSORRT_INTERNAL,__myl_AddSqrDivMulMulTraSliSliNegConMulMulAddRes_0x6acc4948abd0f5b32a0e9f68913929b0,1x1x-1x128;1x1x-1x128;1x1x1x128;1x-1x16x128;1x-1x16x1;1;1;1;1;1,Half;Half;Half;Half;Half;Int64;Int64;Int64;Int64;Int64,16x-1x128,Half,/q_norm_2/Add;/q_norm_2/Sqrt;/q_norm_2/Mul;/q_norm_2/Mul_1;/Transpose_10;/Slice_8;/Slice_9;/Concat_26;/Mul_20;/Add_8;/Mul_19;/MatMul_4;/Neg_4;/q_norm_2/Div
mixed_prefill,63,__mye725965_myl0_63,wait,UNKNOWN,UNKNOWN,NO_KERNEL,NONE,NONE,NONE,NONE,NONE,UNKNOWN
mixed_prefill,64,__mye725969_myl0_64,wait,UNKNOWN,UNKNOWN,NO_KERNEL,NONE,NONE,NONE,NONE,NONE,UNKNOWN
mixed_prefill,65,_gemm_mha_v2_myl0_65,kgen,L2:o_proj,LINEAR,ATTENTION_GEMM,_gemm_mha_v2_0x60fab5add8bb246f4c8714685e81d651,16x-1x128;16x128x-1;1x1x-1x-1;16x-1x128;1;1;1;1;1;1,Half;Half;Bool;Half;Int64;Int64;Int64;Int64;Int64;Int64,16x-1x128,Int8,/o_proj_2/MatMul__a_quant;/MatMul_5;/Softmax_2;/Where_8;/Mul_25;/MatMul_4
mixed_prefill,66,__myl_ResTra_myl0_66,kgen,L5:ATTENTION_VALUE,ATTENTION_GEMM,TENSORRT_INTERNAL,__myl_ResTra_0xc03916d7cfa55338996dbe92c4283d8c,16x-1x128;1;1;1,Int8;Int64;Int64;Int64,1x-1x16x128,Int8,/MatMul_5;/Transpose_14;/Reshape_23
mixed_prefill,67,__myl_FcCasAdd_myl0_67,fusion,L2:o_proj,LINEAR,GEMM,sm80_xmma_gemm_i8i8_i8i32_f32_tn_n_tilesize32x64x64_stage6_warpsize2x2x1_tensor16x8x32_by_fusion_tactic,1x-1x1024;1x-1x2048;1x2048x1024,Half;Int8;Int8,1x-1x1024,Half,/o_proj_2/MatMul;/o_proj_2/MatMul__a_dequant;/o_proj_2/MatMul__a_quant;/o_proj_2/MatMul__w_dequant;/Add_10
mixed_prefill,68,__myl_MulMeaAddSqrDivMulMulMulMinMaxRouCas_myl0_68,kgen,L2:gate_proj,LINEAR,TENSORRT_INTERNAL,__myl_MulMeaAddSqrDivMulMulMulMinMaxRouCas_0x0f05f340665da317c2be64fa415c473a_vec,1x-1x1024;1x-1x1024;1x-1x1024;1x1x1024;1;1;1;1;1;1;1;1;1;1;1;1;1,Half;Half;Half;Half;Int64;Int64;Int64;Int64;Int64;Int64;Int64;Int64;Int64;Int64;Int64;Int64;Int64,1x-1x1024;1x-1x1024,Half;Int8,/post_attention_layernorm_2/Div;/gate_proj_2/MatMul__a_quant;/post_attention_layernorm_2/Mul_1;/post_attention_layernorm_2/Mul;/post_attention_layernorm_2/Add;/post_attention_layernorm_2/Sqrt;/post_attention_layernorm_2/ReduceMean;/post_attention_layernorm_2/Pow
mixed_prefill,69,/up_proj_2/MatMul_myl0_69,gemm,L2:up_proj,LINEAR,GEMM,ampere_h16816gemm_256x64_ldg8_tn_v1,1x-1x1024;1x1024x3072;1;1,Half;Half;Float;Float,1x-1x3072,Half,/up_proj_2/MatMul
mixed_prefill,70,__myl_FcCasNegExpAddDivMulMul_myl0_70,fusion,L2:gate_proj,LINEAR,GEMM,sm80_xmma_gemm_i8i8_i8i32_f32_tn_n_tilesize32x64x64_stage6_warpsize2x2x1_tensor16x8x32_by_fusion_tactic,1x-1x3072;1x-1x1024;1x1024x3072,Half;Int8;Int8,1x-1x3072,Half,/gate_proj_2/MatMul;/gate_proj_2/MatMul__a_dequant;/gate_proj_2/MatMul__a_quant;/gate_proj_2/MatMul__w_dequant;/Mul_26;/Mul_27;/Sigmoid_2
mixed_prefill,71,__myl_FcAdd_myl0_71,fusion,L2:down_proj,LINEAR,GEMM,sm80_xmma_gemm_f16f16_f16f16_f16_nn_n_tilesize128x64x64_stage3_warpsize2x2x1_tensor16x8x16_by_fusion_tactic,1x-1x1024;1x-1x3072;1x3072x1024,Half;Half;Half,1x-1x1024,Half,/down_proj_2/MatMul;/Add_11
mixed_prefill,72,__myl_MulMeaAddSqrDivMulMulMinMaxRouCasMulMinMaxRouCasMulMinMaxRouCas_myl0_72,kgen,L3:v_proj,LINEAR,TENSORRT_INTERNAL,__myl_MulMeaAddSqrDivMulMulMinMaxRouCasMulMinMaxRouCasMulMinMaxRouCas_0x14bacf080290e339db28d1223365390a_vec,1x1x1024;1x1x1024;1x1x1024;1x-1x1024;1x-1x1024;1x-1x1024;1;1;1;1;1;1;1;1;1;1;1;1;1;1;1;1;1;1;1;1;1;1;1,Half;Half;Half;Half;Half;Half;Int64;Int64;Int64;Int64;Int64;Int64;Int64;Int64;Int64;Int64;Int64;Int64;Int64;Int64;Int64;Int64;Int64;Int64;Int64;Int64;Int64;Int64;Int64,1x-1x1024;1x-1x1024;1x-1x1024,Int8;Int8;Int8,/input_layernorm_3/Pow;/input_layernorm_3/ReduceMean;/input_layernorm_3/Sqrt;/input_layernorm_3/Add;/input_layernorm_3/Mul;/v_proj_3/MatMul__a_quant;/k_proj_3/MatMul__a_quant;/q_proj_3/MatMul__a_quant;/input_layernorm_3/Div
mixed_prefill,73,__mye725971_myl0_73,signal,UNKNOWN,UNKNOWN,NO_KERNEL,NONE,NONE,NONE,NONE,NONE,UNKNOWN
mixed_prefill,74,__mye725973_myl0_74,wait,UNKNOWN,UNKNOWN,NO_KERNEL,NONE,NONE,NONE,NONE,NONE,UNKNOWN
mixed_prefill,75,__myl_FcCas_myl0_75,fusion,L3:v_proj,LINEAR,GEMM,sm80_xmma_gemm_i8i8_i8i32_f32_tn_n_tilesize32x64x64_stage6_warpsize2x2x1_tensor16x8x32_by_fusion_tactic,1x-1x1024;1x1024x1024,Int8;Int8,1x-1x1024,Half,/v_proj_3/MatMul;/v_proj_3/MatMul__a_dequant;/v_proj_3/MatMul__a_quant;/v_proj_3/MatMul__w_dequant
mixed_prefill,76,__myl_ResTraResSliRepRes_myl0_76,kgen,L7:ATTENTION_VALUE,ATTENTION_GEMM,TENSORRT_INTERNAL,__myl_ResTraResSliRepRes_0xb5ca1ead775f2215fdc6b72339368a3f,1x-1x1024;1;1;1;1;1;1;1;1;1;1;1,Half;Int64;Int64;Int64;Int64;Int64;Int64;Int64;Int64;Int64;Int64;Int64,16x-1x128;1x8x-1x128,Half;Half,/Reshape_26;/Transpose_17;/Expand_7;/MatMul_7;/Unsqueeze_90
mixed_prefill,77,__mye725981_myl0_77,signal,UNKNOWN,UNKNOWN,NO_KERNEL,NONE,NONE,NONE,NONE,NONE,UNKNOWN
mixed_prefill,78,__mye725975_myl0_78,wait,UNKNOWN,UNKNOWN,NO_KERNEL,NONE,NONE,NONE,NONE,NONE,UNKNOWN
mixed_prefill,79,__myl_FcCas_myl0_79,fusion,L3:k_proj,LINEAR,GEMM,sm80_xmma_gemm_i8i8_i8i32_f32_tn_n_tilesize32x64x64_stage6_warpsize2x2x1_tensor16x8x32_by_fusion_tactic,1x-1x1024;1x1024x1024,Int8;Int8,1x-1x1024,Half,/k_proj_3/MatMul;/k_proj_3/MatMul__a_dequant;/k_proj_3/MatMul__a_quant;/k_proj_3/MatMul__w_dequant
mixed_prefill,80,__myl_ResMulMea_myl0_80,kgen,UNKNOWN,UNKNOWN,TENSORRT_INTERNAL,__myl_ResMulMea_0x356824d54c2e1ab1f7825eefa1e6b632_vec,1x-1x1024;1;1;1;1;1;1;1,Half;Int64;Int64;Int64;Int64;Int64;Int64;Int64,1x-1x8x1;1x-1x8x128,Half;Half,/Reshape_25;/k_norm_3/Pow;/k_norm_3/ReduceMean
mixed_prefill,81,__myl_AddSqrDivMulMulTraSliSliNegConMulMulAddResSliRepResTraRes_myl0_81,kgen,L6:ATTENTION_VALUE,ATTENTION_GEMM,TENSORRT_INTERNAL,__myl_AddSqrDivMulMulTraSliSliNegConMulMulAddResSliRepResTraRes_0x4ad536b524b3f7a2415d97f02da12733,1x1x-1x128;1x1x-1x128;1x1x1x128;1x-1x8x128;1x-1x8x1;1;1;1;1;1;1;1;1;1;1;1;1;1;1;1;1;1;1;1;1;1;1;1;1,Half;Half;Half;Half;Half;Int64;Int64;Int64;Int64;Int64;Int64;Int64;Int64;Int64;Int64;Int64;Int64;Int64;Int64;Int64;Int64;Int64;Int64;Int64;Int64;Int64;Int64;Int64;Int64,16x128x-1;1x8x-1x128,Half;Half,/k_norm_3/Add;/k_norm_3/Sqrt;/k_norm_3/Mul;/k_norm_3/Mul_1;/Transpose_16;/Slice_14;/Slice_15;/Concat_38;/Mul_31;/Add_13;/Mul_30;/Expand_6;/Reshape_28;/Transpose_18;/MatMul_6;/Unsqueeze_85;/Neg_7;/k_norm_3/Div
mixed_prefill,82,__mye725977_myl0_82,signal,UNKNOWN,UNKNOWN,NO_KERNEL,NONE,NONE,NONE,NONE,NONE,UNKNOWN
mixed_prefill,83,__myl_FcCas_myl0_83,fusion,L3:q_proj,LINEAR,GEMM,sm80_xmma_gemm_i8f32_i8i32_f32_tn_n_tilesize32x64x64_stage6_warpsize2x2x1_tensor16x8x32_by_fusion_tactic,1x-1x1024;1x1024x2048,Int8;Int8,1x-1x2048,Half,/q_proj_3/MatMul;/q_proj_3/MatMul__a_dequant;/q_proj_3/MatMul__a_quant;/q_proj_3/MatMul__w_dequant
mixed_prefill,84,__myl_ResMulMea_myl0_84,kgen,UNKNOWN,UNKNOWN,TENSORRT_INTERNAL,__myl_ResMulMea_0x9a67bce87aa70b5a86539a0972d2e0f6_vec,1x-1x2048;1;1;1;1;1;1;1;1,Half;Int64;Int64;Int64;Int64;Int64;Int64;Int64;Int64,1x-1x16x1;1x-1x16x128,Half;Half,/Reshape_24;/q_norm_3/Pow;/q_norm_3/ReduceMean
mixed_prefill,85,__myl_AddSqrDivMulMulTraSliSliNegConMulMulAddRes_myl0_85,kgen,L6:ATTENTION_VALUE,ATTENTION_GEMM,TENSORRT_INTERNAL,__myl_AddSqrDivMulMulTraSliSliNegConMulMulAddRes_0x6acc4948abd0f5b32a0e9f68913929b0,1x1x-1x128;1x1x-1x128;1x1x1x128;1x-1x16x128;1x-1x16x1;1;1;1;1;1,Half;Half;Half;Half;Half;Int64;Int64;Int64;Int64;Int64,16x-1x128,Half,/q_norm_3/Add;/q_norm_3/Sqrt;/q_norm_3/Mul;/q_norm_3/Mul_1;/Transpose_15;/Slice_12;/Slice_13;/Concat_37;/Mul_29;/Add_12;/Mul_28;/MatMul_6;/Neg_6;/q_norm_3/Div
mixed_prefill,86,__mye725979_myl0_86,wait,UNKNOWN,UNKNOWN,NO_KERNEL,NONE,NONE,NONE,NONE,NONE,UNKNOWN
mixed_prefill,87,__mye725983_myl0_87,wait,UNKNOWN,UNKNOWN,NO_KERNEL,NONE,NONE,NONE,NONE,NONE,UNKNOWN
mixed_prefill,88,_gemm_mha_v2_myl0_88,kgen,L3:o_proj,LINEAR,ATTENTION_GEMM,_gemm_mha_v2_0xf766752c8950edccd27d326ac8c5c5d0,16x-1x128;16x128x-1;1x1x-1x-1;16x-1x128;1;1;1;1;1;1,Half;Half;Bool;Half;Int64;Int64;Int64;Int64;Int64;Int64,16x-1x128,Int8,/o_proj_3/MatMul__a_quant;/MatMul_7;/Mul_34;/Softmax_3;/MatMul_6;/Where_11
mixed_prefill,89,__myl_ResTra_myl0_89,kgen,L7:ATTENTION_VALUE,ATTENTION_GEMM,TENSORRT_INTERNAL,__myl_ResTra_0xc03916d7cfa55338996dbe92c4283d8c,16x-1x128;1;1;1,Int8;Int64;Int64;Int64,1x-1x16x128,Int8,/MatMul_7;/Transpose_19;/Reshape_31
mixed_prefill,90,__myl_FcCasAdd_myl0_90,fusion,L3:o_proj,LINEAR,GEMM,sm80_xmma_gemm_i8i8_i8i32_f32_tn_n_tilesize32x64x64_stage6_warpsize2x2x1_tensor16x8x32_by_fusion_tactic,1x-1x1024;1x-1x2048;1x2048x1024,Half;Int8;Int8,1x-1x1024,Half,/o_proj_3/MatMul;/o_proj_3/MatMul__a_dequant;/o_proj_3/MatMul__a_quant;/o_proj_3/MatMul__w_dequant;/Add_14
mixed_prefill,91,__myl_MulMeaAddSqrDivMulMulMulMinMaxRouCas_myl0_91,kgen,L3:gate_proj,LINEAR,TENSORRT_INTERNAL,__myl_MulMeaAddSqrDivMulMulMulMinMaxRouCas_0x69b2836c7bea850742d274e0c94ca89a_vec,1x-1x1024;1x-1x1024;1x-1x1024;1x1x1024;1;1;1;1;1;1;1;1;1;1;1;1;1,Half;Half;Half;Half;Int64;Int64;Int64;Int64;Int64;Int64;Int64;Int64;Int64;Int64;Int64;Int64;Int64,1x-1x1024;1x-1x1024,Half;Int8,/post_attention_layernorm_3/Div;/gate_proj_3/MatMul__a_quant;/post_attention_layernorm_3/Mul_1;/post_attention_layernorm_3/Mul;/post_attention_layernorm_3/Add;/post_attention_layernorm_3/Sqrt;/post_attention_layernorm_3/ReduceMean;/post_attention_layernorm_3/Pow
mixed_prefill,92,/up_proj_3/MatMul_myl0_92,gemm,L3:up_proj,LINEAR,GEMM,ampere_h16816gemm_128x64_ldg8_nn_v1,1x-1x1024;1x1024x3072;1;1,Half;Half;Float;Float,1x-1x3072,Half,/up_proj_3/MatMul
mixed_prefill,93,__myl_FcCasNegExpAddDivMulMul_myl0_93,fusion,L3:gate_proj,LINEAR,GEMM,sm80_xmma_gemm_i8i8_i8i32_f32_tn_n_tilesize32x64x64_stage6_warpsize2x2x1_tensor16x8x32_by_fusion_tactic,1x-1x3072;1x-1x1024;1x1024x3072,Half;Int8;Int8,1x-1x3072,Half,/gate_proj_3/MatMul;/gate_proj_3/MatMul__a_dequant;/gate_proj_3/MatMul__a_quant;/gate_proj_3/MatMul__w_dequant;/Mul_35;/Mul_36;/Sigmoid_3
mixed_prefill,94,__myl_FcAdd_myl0_94,fusion,L3:down_proj,LINEAR,GEMM,sm80_xmma_gemm_f16f16_f16f16_f16_nn_n_tilesize128x64x64_stage3_warpsize2x2x1_tensor16x8x16_by_fusion_tactic,1x-1x1024;1x-1x3072;1x3072x1024,Half;Half;Half,1x-1x1024,Half,/down_proj_3/MatMul;/Add_15
mixed_prefill,95,__myl_MulMeaAddSqrDivMulMulMinMaxRouCasMulMinMaxRouCasMulMinMaxRouCas_myl0_95,kgen,L4:v_proj,LINEAR,TENSORRT_INTERNAL,__myl_MulMeaAddSqrDivMulMulMinMaxRouCasMulMinMaxRouCasMulMinMaxRouCas_0x14bacf080290e339db28d1223365390a_vec,1x1x1024;1x1x1024;1x1x1024;1x-1x1024;1x-1x1024;1x-1x1024;1;1;1;1;1;1;1;1;1;1;1;1;1;1;1;1;1;1;1;1;1;1;1,Half;Half;Half;Half;Half;Half;Int64;Int64;Int64;Int64;Int64;Int64;Int64;Int64;Int64;Int64;Int64;Int64;Int64;Int64;Int64;Int64;Int64;Int64;Int64;Int64;Int64;Int64;Int64,1x-1x1024;1x-1x1024;1x-1x1024,Int8;Int8;Int8,/input_layernorm_4/Pow;/input_layernorm_4/ReduceMean;/input_layernorm_4/Sqrt;/input_layernorm_4/Add;/input_layernorm_4/Mul;/v_proj_4/MatMul__a_quant;/k_proj_4/MatMul__a_quant;/q_proj_4/MatMul__a_quant;/input_layernorm_4/Div
mixed_prefill,96,__mye725985_myl0_96,signal,UNKNOWN,UNKNOWN,NO_KERNEL,NONE,NONE,NONE,NONE,NONE,UNKNOWN
mixed_prefill,97,__mye725987_myl0_97,wait,UNKNOWN,UNKNOWN,NO_KERNEL,NONE,NONE,NONE,NONE,NONE,UNKNOWN
mixed_prefill,98,__myl_FcCas_myl0_98,fusion,L4:v_proj,LINEAR,GEMM,sm80_xmma_gemm_i8i8_i8i32_f32_tn_n_tilesize32x64x64_stage6_warpsize2x2x1_tensor16x8x32_by_fusion_tactic,1x-1x1024;1x1024x1024,Int8;Int8,1x-1x1024,Half,/v_proj_4/MatMul;/v_proj_4/MatMul__a_dequant;/v_proj_4/MatMul__a_quant;/v_proj_4/MatMul__w_dequant
mixed_prefill,99,__myl_ResTraResSliRepRes_myl0_99,kgen,L9:ATTENTION_VALUE,ATTENTION_GEMM,TENSORRT_INTERNAL,__myl_ResTraResSliRepRes_0xb5ca1ead775f2215fdc6b72339368a3f,1x-1x1024;1;1;1;1;1;1;1;1;1;1;1,Half;Int64;Int64;Int64;Int64;Int64;Int64;Int64;Int64;Int64;Int64;Int64,16x-1x128;1x8x-1x128,Half;Half,/Reshape_34;/Transpose_22;/Expand_9;/MatMul_9;/Unsqueeze_114
mixed_prefill,100,__mye725995_myl0_100,signal,UNKNOWN,UNKNOWN,NO_KERNEL,NONE,NONE,NONE,NONE,NONE,UNKNOWN
mixed_prefill,101,__mye725989_myl0_101,wait,UNKNOWN,UNKNOWN,NO_KERNEL,NONE,NONE,NONE,NONE,NONE,UNKNOWN
mixed_prefill,102,__myl_FcCas_myl0_102,fusion,L4:k_proj,LINEAR,GEMM,sm80_xmma_gemm_i8i8_i8i32_f32_tn_n_tilesize32x64x64_stage6_warpsize2x2x1_tensor16x8x32_by_fusion_tactic,1x-1x1024;1x1024x1024,Int8;Int8,1x-1x1024,Half,/k_proj_4/MatMul;/k_proj_4/MatMul__a_dequant;/k_proj_4/MatMul__a_quant;/k_proj_4/MatMul__w_dequant
mixed_prefill,103,__myl_ResMulMea_myl0_103,kgen,UNKNOWN,UNKNOWN,TENSORRT_INTERNAL,__myl_ResMulMea_0x356824d54c2e1ab1f7825eefa1e6b632_vec,1x-1x1024;1;1;1;1;1;1;1,Half;Int64;Int64;Int64;Int64;Int64;Int64;Int64,1x-1x8x1;1x-1x8x128,Half;Half,/Reshape_33;/k_norm_4/Pow;/k_norm_4/ReduceMean
mixed_prefill,104,__myl_AddSqrDivMulMulTraSliSliNegConMulMulAddResSliRepResTraRes_myl0_104,kgen,L8:ATTENTION_VALUE,ATTENTION_GEMM,TENSORRT_INTERNAL,__myl_AddSqrDivMulMulTraSliSliNegConMulMulAddResSliRepResTraRes_0x4ad536b524b3f7a2415d97f02da12733,1x1x-1x128;1x1x-1x128;1x1x1x128;1x-1x8x128;1x-1x8x1;1;1;1;1;1;1;1;1;1;1;1;1;1;1;1;1;1;1;1;1;1;1;1;1,Half;Half;Half;Half;Half;Int64;Int64;Int64;Int64;Int64;Int64;Int64;Int64;Int64;Int64;Int64;Int64;Int64;Int64;Int64;Int64;Int64;Int64;Int64;Int64;Int64;Int64;Int64;Int64,16x128x-1;1x8x-1x128,Half;Half,/k_norm_4/Add;/k_norm_4/Sqrt;/k_norm_4/Mul;/k_norm_4/Mul_1;/Transpose_21;/Slice_18;/Slice_19;/Concat_49;/Mul_40;/Add_17;/Mul_39;/Expand_8;/Reshape_36;/Transpose_23;/MatMul_8;/Unsqueeze_109;/Neg_9;/k_norm_4/Div
mixed_prefill,105,__mye725991_myl0_105,signal,UNKNOWN,UNKNOWN,NO_KERNEL,NONE,NONE,NONE,NONE,NONE,UNKNOWN
mixed_prefill,106,__myl_FcCas_myl0_106,fusion,L4:q_proj,LINEAR,GEMM,sm80_xmma_gemm_i8f32_i8i32_f32_tn_n_tilesize32x64x64_stage6_warpsize2x2x1_tensor16x8x32_by_fusion_tactic,1x-1x1024;1x1024x2048,Int8;Int8,1x-1x2048,Half,/q_proj_4/MatMul;/q_proj_4/MatMul__a_dequant;/q_proj_4/MatMul__a_quant;/q_proj_4/MatMul__w_dequant
mixed_prefill,107,__myl_ResMulMea_myl0_107,kgen,UNKNOWN,UNKNOWN,TENSORRT_INTERNAL,__myl_ResMulMea_0x9a67bce87aa70b5a86539a0972d2e0f6_vec,1x-1x2048;1;1;1;1;1;1;1;1,Half;Int64;Int64;Int64;Int64;Int64;Int64;Int64;Int64,1x-1x16x1;1x-1x16x128,Half;Half,/Reshape_32;/q_norm_4/Pow;/q_norm_4/ReduceMean
mixed_prefill,108,__myl_AddSqrDivMulMulTraSliSliNegConMulMulAddRes_myl0_108,kgen,L8:ATTENTION_VALUE,ATTENTION_GEMM,TENSORRT_INTERNAL,__myl_AddSqrDivMulMulTraSliSliNegConMulMulAddRes_0x6acc4948abd0f5b32a0e9f68913929b0,1x1x-1x128;1x1x-1x128;1x1x1x128;1x-1x16x128;1x-1x16x1;1;1;1;1;1,Half;Half;Half;Half;Half;Int64;Int64;Int64;Int64;Int64,16x-1x128,Half,/q_norm_4/Add;/q_norm_4/Sqrt;/q_norm_4/Mul;/q_norm_4/Mul_1;/Transpose_20;/Slice_16;/Slice_17;/Concat_48;/Mul_38;/Add_16;/Mul_37;/MatMul_8;/Neg_8;/q_norm_4/Div
mixed_prefill,109,__mye725993_myl0_109,wait,UNKNOWN,UNKNOWN,NO_KERNEL,NONE,NONE,NONE,NONE,NONE,UNKNOWN
mixed_prefill,110,__mye725997_myl0_110,wait,UNKNOWN,UNKNOWN,NO_KERNEL,NONE,NONE,NONE,NONE,NONE,UNKNOWN
mixed_prefill,111,_gemm_mha_v2_myl0_111,kgen,L4:o_proj,LINEAR,ATTENTION_GEMM,_gemm_mha_v2_0xccf3a8474acc5fc16b0ad4e1c69800bb,16x-1x128;16x128x-1;1x1x-1x-1;16x-1x128;1;1;1;1;1;1,Half;Half;Bool;Half;Int64;Int64;Int64;Int64;Int64;Int64,16x-1x128,Int8,/o_proj_4/MatMul__a_quant;/MatMul_9;/Softmax_4;/Where_14;/MatMul_8;/Mul_43
mixed_prefill,112,__myl_ResTra_myl0_112,kgen,L9:ATTENTION_VALUE,ATTENTION_GEMM,TENSORRT_INTERNAL,__myl_ResTra_0xc03916d7cfa55338996dbe92c4283d8c,16x-1x128;1;1;1,Int8;Int64;Int64;Int64,1x-1x16x128,Int8,/MatMul_9;/Transpose_24;/Reshape_39
mixed_prefill,113,__myl_FcCasAdd_myl0_113,fusion,L4:o_proj,LINEAR,GEMM,sm80_xmma_gemm_i8i8_i8i32_f32_tn_n_tilesize32x64x64_stage6_warpsize2x2x1_tensor16x8x32_by_fusion_tactic,1x-1x1024;1x-1x2048;1x2048x1024,Half;Int8;Int8,1x-1x1024,Half,/o_proj_4/MatMul;/o_proj_4/MatMul__a_dequant;/o_proj_4/MatMul__a_quant;/o_proj_4/MatMul__w_dequant;/Add_18
mixed_prefill,114,__myl_MulMeaAddSqrDivMulMulMulMinMaxRouCas_myl0_114,kgen,L4:gate_proj,LINEAR,TENSORRT_INTERNAL,__myl_MulMeaAddSqrDivMulMulMulMinMaxRouCas_0xaa5ba99515f1ab5b5fe1bff8e1cdf965_vec,1x-1x1024;1x-1x1024;1x-1x1024;1x1x1024;1;1;1;1;1;1;1;1;1;1;1;1;1,Half;Half;Half;Half;Int64;Int64;Int64;Int64;Int64;Int64;Int64;Int64;Int64;Int64;Int64;Int64;Int64,1x-1x1024;1x-1x1024,Half;Int8,/post_attention_layernorm_4/Div;/gate_proj_4/MatMul__a_quant;/post_attention_layernorm_4/Mul_1;/post_attention_layernorm_4/Mul;/post_attention_layernorm_4/Add;/post_attention_layernorm_4/Sqrt;/post_attention_layernorm_4/ReduceMean;/post_attention_layernorm_4/Pow
mixed_prefill,115,/up_proj_4/MatMul_myl0_115,gemm,L4:up_proj,LINEAR,GEMM,ampere_h16816gemm_128x64_ldg8_nn_v1,1x-1x1024;1x1024x3072;1;1,Half;Half;Float;Float,1x-1x3072,Half,/up_proj_4/MatMul
mixed_prefill,116,__myl_FcCasNegExpAddDivMulMul_myl0_116,fusion,L4:gate_proj,LINEAR,GEMM,sm80_xmma_gemm_i8i8_i8i32_f32_tn_n_tilesize32x64x64_stage6_warpsize2x2x1_tensor16x8x32_by_fusion_tactic,1x-1x3072;1x-1x1024;1x1024x3072,Half;Int8;Int8,1x-1x3072,Half,/gate_proj_4/MatMul;/gate_proj_4/MatMul__a_dequant;/gate_proj_4/MatMul__a_quant;/gate_proj_4/MatMul__w_dequant;/Mul_44;/Mul_45;/Sigmoid_4
mixed_prefill,117,__myl_FcAdd_myl0_117,fusion,L4:down_proj,LINEAR,GEMM,sm80_xmma_gemm_f16f16_f16f16_f16_nn_n_tilesize128x64x64_stage3_warpsize2x2x1_tensor16x8x16_by_fusion_tactic,1x-1x1024;1x-1x3072;1x3072x1024,Half;Half;Half,1x-1x1024,Half,/down_proj_4/MatMul;/Add_19
mixed_prefill,118,__myl_MulMeaAddSqrDivMulMulMinMaxRouCasMulMinMaxRouCasMulMinMaxRouCas_myl0_118,kgen,L5:v_proj,LINEAR,TENSORRT_INTERNAL,__myl_MulMeaAddSqrDivMulMulMinMaxRouCasMulMinMaxRouCasMulMinMaxRouCas_0x14bacf080290e339db28d1223365390a_vec,1x1x1024;1x1x1024;1x1x1024;1x-1x1024;1x-1x1024;1x-1x1024;1;1;1;1;1;1;1;1;1;1;1;1;1;1;1;1;1;1;1;1;1;1;1,Half;Half;Half;Half;Half;Half;Int64;Int64;Int64;Int64;Int64;Int64;Int64;Int64;Int64;Int64;Int64;Int64;Int64;Int64;Int64;Int64;Int64;Int64;Int64;Int64;Int64;Int64;Int64,1x-1x1024;1x-1x1024;1x-1x1024,Int8;Int8;Int8,/input_layernorm_5/Pow;/input_layernorm_5/ReduceMean;/input_layernorm_5/Sqrt;/input_layernorm_5/Add;/input_layernorm_5/Mul;/v_proj_5/MatMul__a_quant;/k_proj_5/MatMul__a_quant;/q_proj_5/MatMul__a_quant;/input_layernorm_5/Div
mixed_prefill,119,__mye725999_myl0_119,signal,UNKNOWN,UNKNOWN,NO_KERNEL,NONE,NONE,NONE,NONE,NONE,UNKNOWN
mixed_prefill,120,__mye726001_myl0_120,wait,UNKNOWN,UNKNOWN,NO_KERNEL,NONE,NONE,NONE,NONE,NONE,UNKNOWN
mixed_prefill,121,__myl_FcCas_myl0_121,fusion,L5:v_proj,LINEAR,GEMM,sm80_xmma_gemm_i8i8_i8i32_f32_tn_n_tilesize32x64x64_stage6_warpsize2x2x1_tensor16x8x32_by_fusion_tactic,1x-1x1024;1x1024x1024,Int8;Int8,1x-1x1024,Half,/v_proj_5/MatMul;/v_proj_5/MatMul__a_dequant;/v_proj_5/MatMul__a_quant;/v_proj_5/MatMul__w_dequant
mixed_prefill,122,__myl_ResTraResSliRepRes_myl0_122,kgen,L11:ATTENTION_VALUE,ATTENTION_GEMM,TENSORRT_INTERNAL,__myl_ResTraResSliRepRes_0xb5ca1ead775f2215fdc6b72339368a3f,1x-1x1024;1;1;1;1;1;1;1;1;1;1;1,Half;Int64;Int64;Int64;Int64;Int64;Int64;Int64;Int64;Int64;Int64;Int64,16x-1x128;1x8x-1x128,Half;Half,/Reshape_42;/Transpose_27;/Expand_11;/MatMul_11;/Unsqueeze_138
mixed_prefill,123,__mye726009_myl0_123,signal,UNKNOWN,UNKNOWN,NO_KERNEL,NONE,NONE,NONE,NONE,NONE,UNKNOWN
mixed_prefill,124,__mye726003_myl0_124,wait,UNKNOWN,UNKNOWN,NO_KERNEL,NONE,NONE,NONE,NONE,NONE,UNKNOWN
mixed_prefill,125,__myl_FcCas_myl0_125,fusion,L5:k_proj,LINEAR,GEMM,sm80_xmma_gemm_i8i8_i8i32_f32_tn_n_tilesize32x64x64_stage6_warpsize2x2x1_tensor16x8x32_by_fusion_tactic,1x-1x1024;1x1024x1024,Int8;Int8,1x-1x1024,Half,/k_proj_5/MatMul;/k_proj_5/MatMul__a_dequant;/k_proj_5/MatMul__a_quant;/k_proj_5/MatMul__w_dequant
mixed_prefill,126,__myl_ResMulMea_myl0_126,kgen,UNKNOWN,UNKNOWN,TENSORRT_INTERNAL,__myl_ResMulMea_0x356824d54c2e1ab1f7825eefa1e6b632_vec,1x-1x1024;1;1;1;1;1;1;1,Half;Int64;Int64;Int64;Int64;Int64;Int64;Int64,1x-1x8x1;1x-1x8x128,Half;Half,/Reshape_41;/k_norm_5/Pow;/k_norm_5/ReduceMean
mixed_prefill,127,__myl_AddSqrDivMulMulTraSliSliNegConMulMulAddResSliRepResTraRes_myl0_127,kgen,L10:ATTENTION_VALUE,ATTENTION_GEMM,TENSORRT_INTERNAL,__myl_AddSqrDivMulMulTraSliSliNegConMulMulAddResSliRepResTraRes_0x4ad536b524b3f7a2415d97f02da12733,1x1x-1x128;1x1x-1x128;1x1x1x128;1x-1x8x128;1x-1x8x1;1;1;1;1;1;1;1;1;1;1;1;1;1;1;1;1;1;1;1;1;1;1;1;1,Half;Half;Half;Half;Half;Int64;Int64;Int64;Int64;Int64;Int64;Int64;Int64;Int64;Int64;Int64;Int64;Int64;Int64;Int64;Int64;Int64;Int64;Int64;Int64;Int64;Int64;Int64;Int64,16x128x-1;1x8x-1x128,Half;Half,/k_norm_5/Add;/k_norm_5/Sqrt;/k_norm_5/Mul;/k_norm_5/Mul_1;/Transpose_26;/Slice_22;/Slice_23;/Concat_60;/Mul_49;/Add_21;/Mul_48;/Expand_10;/Reshape_44;/Transpose_28;/MatMul_10;/Unsqueeze_133;/Neg_11;/k_norm_5/Div
mixed_prefill,128,__mye726005_myl0_128,signal,UNKNOWN,UNKNOWN,NO_KERNEL,NONE,NONE,NONE,NONE,NONE,UNKNOWN
mixed_prefill,129,__myl_FcCas_myl0_129,fusion,L5:q_proj,LINEAR,GEMM,sm80_xmma_gemm_i8f32_i8i32_f32_tn_n_tilesize32x64x64_stage6_warpsize2x2x1_tensor16x8x32_by_fusion_tactic,1x-1x1024;1x1024x2048,Int8;Int8,1x-1x2048,Half,/q_proj_5/MatMul;/q_proj_5/MatMul__a_dequant;/q_proj_5/MatMul__a_quant;/q_proj_5/MatMul__w_dequant
mixed_prefill,130,__myl_ResMulMea_myl0_130,kgen,UNKNOWN,UNKNOWN,TENSORRT_INTERNAL,__myl_ResMulMea_0x9a67bce87aa70b5a86539a0972d2e0f6_vec,1x-1x2048;1;1;1;1;1;1;1;1,Half;Int64;Int64;Int64;Int64;Int64;Int64;Int64;Int64,1x-1x16x1;1x-1x16x128,Half;Half,/Reshape_40;/q_norm_5/Pow;/q_norm_5/ReduceMean
mixed_prefill,131,__myl_AddSqrDivMulMulTraSliSliNegConMulMulAddRes_myl0_131,kgen,L10:ATTENTION_VALUE,ATTENTION_GEMM,TENSORRT_INTERNAL,__myl_AddSqrDivMulMulTraSliSliNegConMulMulAddRes_0x6acc4948abd0f5b32a0e9f68913929b0,1x1x-1x128;1x1x-1x128;1x1x1x128;1x-1x16x128;1x-1x16x1;1;1;1;1;1,Half;Half;Half;Half;Half;Int64;Int64;Int64;Int64;Int64,16x-1x128,Half,/q_norm_5/Add;/q_norm_5/Sqrt;/q_norm_5/Mul;/q_norm_5/Mul_1;/Transpose_25;/Slice_20;/Slice_21;/Concat_59;/Mul_47;/Add_20;/Mul_46;/MatMul_10;/Neg_10;/q_norm_5/Div
mixed_prefill,132,__mye726007_myl0_132,wait,UNKNOWN,UNKNOWN,NO_KERNEL,NONE,NONE,NONE,NONE,NONE,UNKNOWN
mixed_prefill,133,__mye726011_myl0_133,wait,UNKNOWN,UNKNOWN,NO_KERNEL,NONE,NONE,NONE,NONE,NONE,UNKNOWN
mixed_prefill,134,_gemm_mha_v2_myl0_134,kgen,L5:o_proj,LINEAR,ATTENTION_GEMM,_gemm_mha_v2_0x122877a3036390a4bf8dcfb1427b867b,16x-1x128;16x128x-1;1x1x-1x-1;16x-1x128;1;1;1;1;1;1,Half;Half;Bool;Half;Int64;Int64;Int64;Int64;Int64;Int64,16x-1x128,Int8,/o_proj_5/MatMul__a_quant;/MatMul_11;/Softmax_5;/Where_17;/Mul_52;/MatMul_10
mixed_prefill,135,__myl_ResTra_myl0_135,kgen,L11:ATTENTION_VALUE,ATTENTION_GEMM,TENSORRT_INTERNAL,__myl_ResTra_0xc03916d7cfa55338996dbe92c4283d8c,16x-1x128;1;1;1,Int8;Int64;Int64;Int64,1x-1x16x128,Int8,/MatMul_11;/Transpose_29;/Reshape_47
mixed_prefill,136,__myl_FcCasAdd_myl0_136,fusion,L5:o_proj,LINEAR,GEMM,sm80_xmma_gemm_i8i8_i8i32_f32_tn_n_tilesize32x64x64_stage6_warpsize2x2x1_tensor16x8x32_by_fusion_tactic,1x-1x1024;1x-1x2048;1x2048x1024,Half;Int8;Int8,1x-1x1024,Half,/o_proj_5/MatMul;/o_proj_5/MatMul__a_dequant;/o_proj_5/MatMul__a_quant;/o_proj_5/MatMul__w_dequant;/Add_22
mixed_prefill,137,__myl_MulMeaAddSqrDivMulMulMulMinMaxRouCas_myl0_137,kgen,L5:gate_proj,LINEAR,TENSORRT_INTERNAL,__myl_MulMeaAddSqrDivMulMulMulMinMaxRouCas_0x0ded10591a9065a1ce867a2c40e34ad5_vec,1x-1x1024;1x-1x1024;1x-1x1024;1x1x1024;1;1;1;1;1;1;1;1;1;1;1;1;1,Half;Half;Half;Half;Int64;Int64;Int64;Int64;Int64;Int64;Int64;Int64;Int64;Int64;Int64;Int64;Int64,1x-1x1024;1x-1x1024,Half;Int8,/post_attention_layernorm_5/Div;/gate_proj_5/MatMul__a_quant;/post_attention_layernorm_5/Mul_1;/post_attention_layernorm_5/Mul;/post_attention_layernorm_5/Add;/post_attention_layernorm_5/Sqrt;/post_attention_layernorm_5/ReduceMean;/post_attention_layernorm_5/Pow
mixed_prefill,138,/up_proj_5/MatMul_myl0_138,gemm,L5:up_proj,LINEAR,GEMM,ampere_h16816gemm_128x64_ldg8_nn_v1,1x-1x1024;1x1024x3072;1;1,Half;Half;Float;Float,1x-1x3072,Half,/up_proj_5/MatMul
mixed_prefill,139,__myl_FcCasNegExpAddDivMulMul_myl0_139,fusion,L5:gate_proj,LINEAR,GEMM,sm80_xmma_gemm_i8i8_i8i32_f32_tn_n_tilesize32x64x64_stage6_warpsize2x2x1_tensor16x8x32_by_fusion_tactic,1x-1x3072;1x-1x1024;1x1024x3072,Half;Int8;Int8,1x-1x3072,Half,/gate_proj_5/MatMul;/gate_proj_5/MatMul__a_dequant;/gate_proj_5/MatMul__a_quant;/gate_proj_5/MatMul__w_dequant;/Mul_53;/Mul_54;/Sigmoid_5
mixed_prefill,140,__myl_FcAdd_myl0_140,fusion,L5:down_proj,LINEAR,GEMM,sm80_xmma_gemm_f16f16_f16f16_f16_nn_n_tilesize128x64x64_stage3_warpsize2x2x1_tensor16x8x16_by_fusion_tactic,1x-1x1024;1x-1x3072;1x3072x1024,Half;Half;Half,1x-1x1024,Half,/down_proj_5/MatMul;/Add_23
mixed_prefill,141,__myl_MulMeaAddSqrDivMulMulMinMaxRouCasMulMinMaxRouCasMulMinMaxRouCas_myl0_141,kgen,L6:v_proj,LINEAR,TENSORRT_INTERNAL,__myl_MulMeaAddSqrDivMulMulMinMaxRouCasMulMinMaxRouCasMulMinMaxRouCas_0x14bacf080290e339db28d1223365390a_vec,1x1x1024;1x1x1024;1x1x1024;1x-1x1024;1x-1x1024;1x-1x1024;1;1;1;1;1;1;1;1;1;1;1;1;1;1;1;1;1;1;1;1;1;1;1,Half;Half;Half;Half;Half;Half;Int64;Int64;Int64;Int64;Int64;Int64;Int64;Int64;Int64;Int64;Int64;Int64;Int64;Int64;Int64;Int64;Int64;Int64;Int64;Int64;Int64;Int64;Int64,1x-1x1024;1x-1x1024;1x-1x1024,Int8;Int8;Int8,/input_layernorm_6/Pow;/input_layernorm_6/ReduceMean;/input_layernorm_6/Sqrt;/input_layernorm_6/Add;/input_layernorm_6/Mul;/v_proj_6/MatMul__a_quant;/k_proj_6/MatMul__a_quant;/q_proj_6/MatMul__a_quant;/input_layernorm_6/Div
mixed_prefill,142,__mye726013_myl0_142,signal,UNKNOWN,UNKNOWN,NO_KERNEL,NONE,NONE,NONE,NONE,NONE,UNKNOWN
mixed_prefill,143,__mye726015_myl0_143,wait,UNKNOWN,UNKNOWN,NO_KERNEL,NONE,NONE,NONE,NONE,NONE,UNKNOWN
mixed_prefill,144,__myl_FcCas_myl0_144,fusion,L6:v_proj,LINEAR,GEMM,sm80_xmma_gemm_i8i8_i8i32_f32_tn_n_tilesize32x64x64_stage6_warpsize2x2x1_tensor16x8x32_by_fusion_tactic,1x-1x1024;1x1024x1024,Int8;Int8,1x-1x1024,Half,/v_proj_6/MatMul;/v_proj_6/MatMul__a_dequant;/v_proj_6/MatMul__a_quant;/v_proj_6/MatMul__w_dequant
mixed_prefill,145,__myl_ResTraResSliRepRes_myl0_145,kgen,L13:ATTENTION_VALUE,ATTENTION_GEMM,TENSORRT_INTERNAL,__myl_ResTraResSliRepRes_0xb5ca1ead775f2215fdc6b72339368a3f,1x-1x1024;1;1;1;1;1;1;1;1;1;1;1,Half;Int64;Int64;Int64;Int64;Int64;Int64;Int64;Int64;Int64;Int64;Int64,16x-1x128;1x8x-1x128,Half;Half,/Reshape_50;/Transpose_32;/Expand_13;/MatMul_13;/Unsqueeze_162
mixed_prefill,146,__mye726023_myl0_146,signal,UNKNOWN,UNKNOWN,NO_KERNEL,NONE,NONE,NONE,NONE,NONE,UNKNOWN
mixed_prefill,147,__mye726017_myl0_147,wait,UNKNOWN,UNKNOWN,NO_KERNEL,NONE,NONE,NONE,NONE,NONE,UNKNOWN
mixed_prefill,148,__myl_FcCas_myl0_148,fusion,L6:k_proj,LINEAR,GEMM,sm80_xmma_gemm_i8i8_i8i32_f32_tn_n_tilesize32x64x64_stage6_warpsize2x2x1_tensor16x8x32_by_fusion_tactic,1x-1x1024;1x1024x1024,Int8;Int8,1x-1x1024,Half,/k_proj_6/MatMul;/k_proj_6/MatMul__a_dequant;/k_proj_6/MatMul__a_quant;/k_proj_6/MatMul__w_dequant
mixed_prefill,149,__myl_ResMulMea_myl0_149,kgen,UNKNOWN,UNKNOWN,TENSORRT_INTERNAL,__myl_ResMulMea_0x356824d54c2e1ab1f7825eefa1e6b632_vec,1x-1x1024;1;1;1;1;1;1;1,Half;Int64;Int64;Int64;Int64;Int64;Int64;Int64,1x-1x8x1;1x-1x8x128,Half;Half,/Reshape_49;/k_norm_6/Pow;/k_norm_6/ReduceMean
mixed_prefill,150,__myl_AddSqrDivMulMulTraSliSliNegConMulMulAddResSliRepResTraRes_myl0_150,kgen,L12:ATTENTION_VALUE,ATTENTION_GEMM,TENSORRT_INTERNAL,__myl_AddSqrDivMulMulTraSliSliNegConMulMulAddResSliRepResTraRes_0x4ad536b524b3f7a2415d97f02da12733,1x1x-1x128;1x1x-1x128;1x1x1x128;1x-1x8x128;1x-1x8x1;1;1;1;1;1;1;1;1;1;1;1;1;1;1;1;1;1;1;1;1;1;1;1;1,Half;Half;Half;Half;Half;Int64;Int64;Int64;Int64;Int64;Int64;Int64;Int64;Int64;Int64;Int64;Int64;Int64;Int64;Int64;Int64;Int64;Int64;Int64;Int64;Int64;Int64;Int64;Int64,16x128x-1;1x8x-1x128,Half;Half,/k_norm_6/Add;/k_norm_6/Sqrt;/k_norm_6/Mul;/k_norm_6/Mul_1;/Transpose_31;/Slice_26;/Slice_27;/Concat_71;/Mul_58;/Add_25;/Mul_57;/Expand_12;/Reshape_52;/Transpose_33;/MatMul_12;/Unsqueeze_157;/Neg_13;/k_norm_6/Div
mixed_prefill,151,__mye726019_myl0_151,signal,UNKNOWN,UNKNOWN,NO_KERNEL,NONE,NONE,NONE,NONE,NONE,UNKNOWN
mixed_prefill,152,__myl_FcCas_myl0_152,fusion,L6:q_proj,LINEAR,GEMM,sm80_xmma_gemm_i8f32_i8i32_f32_tn_n_tilesize32x64x64_stage6_warpsize2x2x1_tensor16x8x32_by_fusion_tactic,1x-1x1024;1x1024x2048,Int8;Int8,1x-1x2048,Half,/q_proj_6/MatMul;/q_proj_6/MatMul__a_dequant;/q_proj_6/MatMul__a_quant;/q_proj_6/MatMul__w_dequant
mixed_prefill,153,__myl_ResMulMea_myl0_153,kgen,UNKNOWN,UNKNOWN,TENSORRT_INTERNAL,__myl_ResMulMea_0x9a67bce87aa70b5a86539a0972d2e0f6_vec,1x-1x2048;1;1;1;1;1;1;1;1,Half;Int64;Int64;Int64;Int64;Int64;Int64;Int64;Int64,1x-1x16x1;1x-1x16x128,Half;Half,/Reshape_48;/q_norm_6/Pow;/q_norm_6/ReduceMean
mixed_prefill,154,__myl_AddSqrDivMulMulTraSliSliNegConMulMulAddRes_myl0_154,kgen,L12:ATTENTION_VALUE,ATTENTION_GEMM,TENSORRT_INTERNAL,__myl_AddSqrDivMulMulTraSliSliNegConMulMulAddRes_0x6acc4948abd0f5b32a0e9f68913929b0,1x1x-1x128;1x1x-1x128;1x1x1x128;1x-1x16x128;1x-1x16x1;1;1;1;1;1,Half;Half;Half;Half;Half;Int64;Int64;Int64;Int64;Int64,16x-1x128,Half,/q_norm_6/Add;/q_norm_6/Sqrt;/q_norm_6/Mul;/q_norm_6/Mul_1;/Transpose_30;/Slice_24;/Slice_25;/Concat_70;/Mul_56;/Add_24;/Mul_55;/MatMul_12;/Neg_12;/q_norm_6/Div
mixed_prefill,155,__mye726021_myl0_155,wait,UNKNOWN,UNKNOWN,NO_KERNEL,NONE,NONE,NONE,NONE,NONE,UNKNOWN
mixed_prefill,156,__mye726025_myl0_156,wait,UNKNOWN,UNKNOWN,NO_KERNEL,NONE,NONE,NONE,NONE,NONE,UNKNOWN
mixed_prefill,157,_gemm_mha_v2_myl0_157,kgen,L6:o_proj,LINEAR,ATTENTION_GEMM,_gemm_mha_v2_0x122877a3036390a4bf8dcfb1427b867b,16x-1x128;16x128x-1;1x1x-1x-1;16x-1x128;1;1;1;1;1;1,Half;Half;Bool;Half;Int64;Int64;Int64;Int64;Int64;Int64,16x-1x128,Int8,/o_proj_6/MatMul__a_quant;/MatMul_13;/Softmax_6;/Mul_61;/MatMul_12;/Where_20
mixed_prefill,158,__myl_ResTra_myl0_158,kgen,L13:ATTENTION_VALUE,ATTENTION_GEMM,TENSORRT_INTERNAL,__myl_ResTra_0xc03916d7cfa55338996dbe92c4283d8c,16x-1x128;1;1;1,Int8;Int64;Int64;Int64,1x-1x16x128,Int8,/MatMul_13;/Transpose_34;/Reshape_55
mixed_prefill,159,__myl_FcCasAdd_myl0_159,fusion,L6:o_proj,LINEAR,GEMM,sm80_xmma_gemm_i8i8_i8i32_f32_tn_n_tilesize32x64x64_stage6_warpsize2x2x1_tensor16x8x32_by_fusion_tactic,1x-1x1024;1x-1x2048;1x2048x1024,Half;Int8;Int8,1x-1x1024,Half,/o_proj_6/MatMul;/o_proj_6/MatMul__a_dequant;/o_proj_6/MatMul__a_quant;/o_proj_6/MatMul__w_dequant;/Add_26
mixed_prefill,160,__myl_MulMeaAddSqrDivMulMulMulMinMaxRouCas_myl0_160,kgen,L6:gate_proj,LINEAR,TENSORRT_INTERNAL,__myl_MulMeaAddSqrDivMulMulMulMinMaxRouCas_0xa7a56a9ae5b9c92481e0f5772d53a4c2_vec,1x-1x1024;1x-1x1024;1x-1x1024;1x1x1024;1;1;1;1;1;1;1;1;1;1;1;1;1,Half;Half;Half;Half;Int64;Int64;Int64;Int64;Int64;Int64;Int64;Int64;Int64;Int64;Int64;Int64;Int64,1x-1x1024;1x-1x1024,Half;Int8,/post_attention_layernorm_6/Div;/gate_proj_6/MatMul__a_quant;/post_attention_layernorm_6/Mul_1;/post_attention_layernorm_6/Mul;/post_attention_layernorm_6/Add;/post_attention_layernorm_6/Sqrt;/post_attention_layernorm_6/ReduceMean;/post_attention_layernorm_6/Pow
mixed_prefill,161,/up_proj_6/MatMul_myl0_161,gemm,L6:up_proj,LINEAR,GEMM,ampere_h16816gemm_128x64_ldg8_nn_v1,1x-1x1024;1x1024x3072;1;1,Half;Half;Float;Float,1x-1x3072,Half,/up_proj_6/MatMul
mixed_prefill,162,__myl_FcCasNegExpAddDivMulMul_myl0_162,fusion,L6:gate_proj,LINEAR,GEMM,sm80_xmma_gemm_i8i8_i8i32_f32_tn_n_tilesize32x64x64_stage6_warpsize2x2x1_tensor16x8x32_by_fusion_tactic,1x-1x3072;1x-1x1024;1x1024x3072,Half;Int8;Int8,1x-1x3072,Half,/gate_proj_6/MatMul;/gate_proj_6/MatMul__a_dequant;/gate_proj_6/MatMul__a_quant;/gate_proj_6/MatMul__w_dequant;/Mul_62;/Mul_63;/Sigmoid_6
mixed_prefill,163,__myl_FcAdd_myl0_163,fusion,L6:down_proj,LINEAR,GEMM,sm80_xmma_gemm_f16f16_f16f16_f16_nn_n_tilesize128x64x64_stage3_warpsize2x2x1_tensor16x8x16_by_fusion_tactic,1x-1x1024;1x-1x3072;1x3072x1024,Half;Half;Half,1x-1x1024,Half,/down_proj_6/MatMul;/Add_27
mixed_prefill,164,__myl_MulMeaAddSqrDivMulMulMinMaxRouCasMulMinMaxRouCasMulMinMaxRouCas_myl0_164,kgen,L7:v_proj,LINEAR,TENSORRT_INTERNAL,__myl_MulMeaAddSqrDivMulMulMinMaxRouCasMulMinMaxRouCasMulMinMaxRouCas_0x14bacf080290e339db28d1223365390a_vec,1x1x1024;1x1x1024;1x1x1024;1x-1x1024;1x-1x1024;1x-1x1024;1;1;1;1;1;1;1;1;1;1;1;1;1;1;1;1;1;1;1;1;1;1;1,Half;Half;Half;Half;Half;Half;Int64;Int64;Int64;Int64;Int64;Int64;Int64;Int64;Int64;Int64;Int64;Int64;Int64;Int64;Int64;Int64;Int64;Int64;Int64;Int64;Int64;Int64;Int64,1x-1x1024;1x-1x1024;1x-1x1024,Int8;Int8;Int8,/input_layernorm_7/Pow;/input_layernorm_7/ReduceMean;/input_layernorm_7/Sqrt;/input_layernorm_7/Add;/input_layernorm_7/Mul;/v_proj_7/MatMul__a_quant;/k_proj_7/MatMul__a_quant;/q_proj_7/MatMul__a_quant;/input_layernorm_7/Div
mixed_prefill,165,__mye726027_myl0_165,signal,UNKNOWN,UNKNOWN,NO_KERNEL,NONE,NONE,NONE,NONE,NONE,UNKNOWN
mixed_prefill,166,__mye726029_myl0_166,wait,UNKNOWN,UNKNOWN,NO_KERNEL,NONE,NONE,NONE,NONE,NONE,UNKNOWN
mixed_prefill,167,__myl_FcCas_myl0_167,fusion,L7:v_proj,LINEAR,GEMM,sm80_xmma_gemm_i8i8_i8i32_f32_tn_n_tilesize32x64x64_stage6_warpsize2x2x1_tensor16x8x32_by_fusion_tactic,1x-1x1024;1x1024x1024,Int8;Int8,1x-1x1024,Half,/v_proj_7/MatMul;/v_proj_7/MatMul__a_dequant;/v_proj_7/MatMul__a_quant;/v_proj_7/MatMul__w_dequant
mixed_prefill,168,__myl_ResTraResSliRepRes_myl0_168,kgen,L15:ATTENTION_VALUE,ATTENTION_GEMM,TENSORRT_INTERNAL,__myl_ResTraResSliRepRes_0xb5ca1ead775f2215fdc6b72339368a3f,1x-1x1024;1;1;1;1;1;1;1;1;1;1;1,Half;Int64;Int64;Int64;Int64;Int64;Int64;Int64;Int64;Int64;Int64;Int64,16x-1x128;1x8x-1x128,Half;Half,/Reshape_58;/Transpose_37;/Expand_15;/MatMul_15;/Unsqueeze_186
mixed_prefill,169,__mye726037_myl0_169,signal,UNKNOWN,UNKNOWN,NO_KERNEL,NONE,NONE,NONE,NONE,NONE,UNKNOWN
mixed_prefill,170,__mye726031_myl0_170,wait,UNKNOWN,UNKNOWN,NO_KERNEL,NONE,NONE,NONE,NONE,NONE,UNKNOWN
mixed_prefill,171,__myl_FcCas_myl0_171,fusion,L7:k_proj,LINEAR,GEMM,sm80_xmma_gemm_i8i8_i8i32_f32_tn_n_tilesize32x64x64_stage6_warpsize2x2x1_tensor16x8x32_by_fusion_tactic,1x-1x1024;1x1024x1024,Int8;Int8,1x-1x1024,Half,/k_proj_7/MatMul;/k_proj_7/MatMul__a_dequant;/k_proj_7/MatMul__a_quant;/k_proj_7/MatMul__w_dequant
mixed_prefill,172,__myl_ResMulMea_myl0_172,kgen,UNKNOWN,UNKNOWN,TENSORRT_INTERNAL,__myl_ResMulMea_0x356824d54c2e1ab1f7825eefa1e6b632_vec,1x-1x1024;1;1;1;1;1;1;1,Half;Int64;Int64;Int64;Int64;Int64;Int64;Int64,1x-1x8x1;1x-1x8x128,Half;Half,/Reshape_57;/k_norm_7/Pow;/k_norm_7/ReduceMean
mixed_prefill,173,__myl_AddSqrDivMulMulTraSliSliNegConMulMulAddResSliRepResTraRes_myl0_173,kgen,L14:ATTENTION_VALUE,ATTENTION_GEMM,TENSORRT_INTERNAL,__myl_AddSqrDivMulMulTraSliSliNegConMulMulAddResSliRepResTraRes_0x4ad536b524b3f7a2415d97f02da12733,1x1x-1x128;1x1x-1x128;1x1x1x128;1x-1x8x128;1x-1x8x1;1;1;1;1;1;1;1;1;1;1;1;1;1;1;1;1;1;1;1;1;1;1;1;1,Half;Half;Half;Half;Half;Int64;Int64;Int64;Int64;Int64;Int64;Int64;Int64;Int64;Int64;Int64;Int64;Int64;Int64;Int64;Int64;Int64;Int64;Int64;Int64;Int64;Int64;Int64;Int64,16x128x-1;1x8x-1x128,Half;Half,/k_norm_7/Add;/k_norm_7/Sqrt;/k_norm_7/Mul;/k_norm_7/Mul_1;/Transpose_36;/Slice_30;/Slice_31;/Concat_82;/Mul_67;/Add_29;/Mul_66;/Expand_14;/Reshape_60;/Transpose_38;/MatMul_14;/Unsqueeze_181;/Neg_15;/k_norm_7/Div
mixed_prefill,174,__mye726033_myl0_174,signal,UNKNOWN,UNKNOWN,NO_KERNEL,NONE,NONE,NONE,NONE,NONE,UNKNOWN
mixed_prefill,175,__myl_FcCas_myl0_175,fusion,L7:q_proj,LINEAR,GEMM,sm80_xmma_gemm_i8f32_i8i32_f32_tn_n_tilesize32x64x64_stage6_warpsize2x2x1_tensor16x8x32_by_fusion_tactic,1x-1x1024;1x1024x2048,Int8;Int8,1x-1x2048,Half,/q_proj_7/MatMul;/q_proj_7/MatMul__a_dequant;/q_proj_7/MatMul__a_quant;/q_proj_7/MatMul__w_dequant
mixed_prefill,176,__myl_ResMulMea_myl0_176,kgen,UNKNOWN,UNKNOWN,TENSORRT_INTERNAL,__myl_ResMulMea_0x9a67bce87aa70b5a86539a0972d2e0f6_vec,1x-1x2048;1;1;1;1;1;1;1;1,Half;Int64;Int64;Int64;Int64;Int64;Int64;Int64;Int64,1x-1x16x1;1x-1x16x128,Half;Half,/Reshape_56;/q_norm_7/Pow;/q_norm_7/ReduceMean
mixed_prefill,177,__myl_AddSqrDivMulMulTraSliSliNegConMulMulAddRes_myl0_177,kgen,L14:ATTENTION_VALUE,ATTENTION_GEMM,TENSORRT_INTERNAL,__myl_AddSqrDivMulMulTraSliSliNegConMulMulAddRes_0x6acc4948abd0f5b32a0e9f68913929b0,1x1x-1x128;1x1x-1x128;1x1x1x128;1x-1x16x128;1x-1x16x1;1;1;1;1;1,Half;Half;Half;Half;Half;Int64;Int64;Int64;Int64;Int64,16x-1x128,Half,/q_norm_7/Add;/q_norm_7/Sqrt;/q_norm_7/Mul;/q_norm_7/Mul_1;/Transpose_35;/Slice_28;/Slice_29;/Concat_81;/Mul_65;/Add_28;/Mul_64;/MatMul_14;/Neg_14;/q_norm_7/Div
mixed_prefill,178,__mye726035_myl0_178,wait,UNKNOWN,UNKNOWN,NO_KERNEL,NONE,NONE,NONE,NONE,NONE,UNKNOWN
mixed_prefill,179,__mye726039_myl0_179,wait,UNKNOWN,UNKNOWN,NO_KERNEL,NONE,NONE,NONE,NONE,NONE,UNKNOWN
mixed_prefill,180,_gemm_mha_v2_myl0_180,kgen,L7:o_proj,LINEAR,ATTENTION_GEMM,_gemm_mha_v2_0x69db25f8b455550858c08191df7c4023,16x-1x128;16x128x-1;1x1x-1x-1;16x-1x128;1;1;1;1;1;1,Half;Half;Bool;Half;Int64;Int64;Int64;Int64;Int64;Int64,16x-1x128,Int8,/o_proj_7/MatMul__a_quant;/MatMul_15;/Softmax_7;/Mul_70;/Where_23;/MatMul_14
mixed_prefill,181,__myl_ResTra_myl0_181,kgen,L15:ATTENTION_VALUE,ATTENTION_GEMM,TENSORRT_INTERNAL,__myl_ResTra_0xc03916d7cfa55338996dbe92c4283d8c,16x-1x128;1;1;1,Int8;Int64;Int64;Int64,1x-1x16x128,Int8,/MatMul_15;/Transpose_39;/Reshape_63
mixed_prefill,182,__myl_FcCasAdd_myl0_182,fusion,L7:o_proj,LINEAR,GEMM,sm80_xmma_gemm_i8i8_i8i32_f32_tn_n_tilesize32x64x64_stage6_warpsize2x2x1_tensor16x8x32_by_fusion_tactic,1x-1x1024;1x-1x2048;1x2048x1024,Half;Int8;Int8,1x-1x1024,Half,/o_proj_7/MatMul;/o_proj_7/MatMul__a_dequant;/o_proj_7/MatMul__a_quant;/o_proj_7/MatMul__w_dequant;/Add_30
mixed_prefill,183,__myl_MulMeaAddSqrDivMulMulMulMinMaxRouCas_myl0_183,kgen,L7:gate_proj,LINEAR,TENSORRT_INTERNAL,__myl_MulMeaAddSqrDivMulMulMulMinMaxRouCas_0x2cc3c24a31f9b93e7da9ce04660164df_vec,1x-1x1024;1x-1x1024;1x-1x1024;1x1x1024;1;1;1;1;1;1;1;1;1;1;1;1;1,Half;Half;Half;Half;Int64;Int64;Int64;Int64;Int64;Int64;Int64;Int64;Int64;Int64;Int64;Int64;Int64,1x-1x1024;1x-1x1024,Half;Int8,/post_attention_layernorm_7/Div;/gate_proj_7/MatMul__a_quant;/post_attention_layernorm_7/Mul_1;/post_attention_layernorm_7/Mul;/post_attention_layernorm_7/Add;/post_attention_layernorm_7/Sqrt;/post_attention_layernorm_7/ReduceMean;/post_attention_layernorm_7/Pow
mixed_prefill,184,/up_proj_7/MatMul_myl0_184,gemm,L7:up_proj,LINEAR,GEMM,ampere_h16816gemm_128x64_ldg8_nn_v1,1x-1x1024;1x1024x3072;1;1,Half;Half;Float;Float,1x-1x3072,Half,/up_proj_7/MatMul
mixed_prefill,185,__myl_FcCasNegExpAddDivMulMul_myl0_185,fusion,L7:gate_proj,LINEAR,GEMM,sm80_xmma_gemm_i8i8_i8i32_f32_tn_n_tilesize32x64x64_stage6_warpsize2x2x1_tensor16x8x32_by_fusion_tactic,1x-1x3072;1x-1x1024;1x1024x3072,Half;Int8;Int8,1x-1x3072,Half,/gate_proj_7/MatMul;/gate_proj_7/MatMul__a_dequant;/gate_proj_7/MatMul__a_quant;/gate_proj_7/MatMul__w_dequant;/Mul_71;/Mul_72;/Sigmoid_7
mixed_prefill,186,__myl_FcAdd_myl0_186,fusion,L7:down_proj,LINEAR,GEMM,sm80_xmma_gemm_f16f16_f16f16_f16_nn_n_tilesize128x64x64_stage3_warpsize2x2x1_tensor16x8x16_by_fusion_tactic,1x-1x1024;1x-1x3072;1x3072x1024,Half;Half;Half,1x-1x1024,Half,/down_proj_7/MatMul;/Add_31
mixed_prefill,187,__myl_MulMeaAddSqrDivMulMulMinMaxRouCasMulMinMaxRouCasMulMinMaxRouCas_myl0_187,kgen,L8:v_proj,LINEAR,TENSORRT_INTERNAL,__myl_MulMeaAddSqrDivMulMulMinMaxRouCasMulMinMaxRouCasMulMinMaxRouCas_0x14bacf080290e339db28d1223365390a_vec,1x1x1024;1x1x1024;1x1x1024;1x-1x1024;1x-1x1024;1x-1x1024;1;1;1;1;1;1;1;1;1;1;1;1;1;1;1;1;1;1;1;1;1;1;1,Half;Half;Half;Half;Half;Half;Int64;Int64;Int64;Int64;Int64;Int64;Int64;Int64;Int64;Int64;Int64;Int64;Int64;Int64;Int64;Int64;Int64;Int64;Int64;Int64;Int64;Int64;Int64,1x-1x1024;1x-1x1024;1x-1x1024,Int8;Int8;Int8,/input_layernorm_8/Pow;/input_layernorm_8/ReduceMean;/input_layernorm_8/Sqrt;/input_layernorm_8/Add;/input_layernorm_8/Mul;/v_proj_8/MatMul__a_quant;/k_proj_8/MatMul__a_quant;/q_proj_8/MatMul__a_quant;/input_layernorm_8/Div
mixed_prefill,188,__mye726041_myl0_188,signal,UNKNOWN,UNKNOWN,NO_KERNEL,NONE,NONE,NONE,NONE,NONE,UNKNOWN
mixed_prefill,189,__mye726043_myl0_189,wait,UNKNOWN,UNKNOWN,NO_KERNEL,NONE,NONE,NONE,NONE,NONE,UNKNOWN
mixed_prefill,190,__myl_FcCas_myl0_190,fusion,L8:v_proj,LINEAR,GEMM,sm80_xmma_gemm_i8i8_i8i32_f32_tn_n_tilesize32x64x64_stage6_warpsize2x2x1_tensor16x8x32_by_fusion_tactic,1x-1x1024;1x1024x1024,Int8;Int8,1x-1x1024,Half,/v_proj_8/MatMul;/v_proj_8/MatMul__a_dequant;/v_proj_8/MatMul__a_quant;/v_proj_8/MatMul__w_dequant
mixed_prefill,191,__myl_ResTraResSliRepRes_myl0_191,kgen,L17:ATTENTION_VALUE,ATTENTION_GEMM,TENSORRT_INTERNAL,__myl_ResTraResSliRepRes_0xb5ca1ead775f2215fdc6b72339368a3f,1x-1x1024;1;1;1;1;1;1;1;1;1;1;1,Half;Int64;Int64;Int64;Int64;Int64;Int64;Int64;Int64;Int64;Int64;Int64,16x-1x128;1x8x-1x128,Half;Half,/Reshape_66;/Transpose_42;/Expand_17;/MatMul_17;/Unsqueeze_210
mixed_prefill,192,__mye726051_myl0_192,signal,UNKNOWN,UNKNOWN,NO_KERNEL,NONE,NONE,NONE,NONE,NONE,UNKNOWN
mixed_prefill,193,__mye726045_myl0_193,wait,UNKNOWN,UNKNOWN,NO_KERNEL,NONE,NONE,NONE,NONE,NONE,UNKNOWN
mixed_prefill,194,__myl_FcCas_myl0_194,fusion,L8:k_proj,LINEAR,GEMM,sm80_xmma_gemm_i8i8_i8i32_f32_tn_n_tilesize32x64x64_stage6_warpsize2x2x1_tensor16x8x32_by_fusion_tactic,1x-1x1024;1x1024x1024,Int8;Int8,1x-1x1024,Half,/k_proj_8/MatMul;/k_proj_8/MatMul__a_dequant;/k_proj_8/MatMul__a_quant;/k_proj_8/MatMul__w_dequant
mixed_prefill,195,__myl_ResMulMea_myl0_195,kgen,UNKNOWN,UNKNOWN,TENSORRT_INTERNAL,__myl_ResMulMea_0x356824d54c2e1ab1f7825eefa1e6b632_vec,1x-1x1024;1;1;1;1;1;1;1,Half;Int64;Int64;Int64;Int64;Int64;Int64;Int64,1x-1x8x1;1x-1x8x128,Half;Half,/Reshape_65;/k_norm_8/Pow;/k_norm_8/ReduceMean
mixed_prefill,196,__myl_AddSqrDivMulMulTraSliSliNegConMulMulAddResSliRepResTraRes_myl0_196,kgen,L16:ATTENTION_VALUE,ATTENTION_GEMM,TENSORRT_INTERNAL,__myl_AddSqrDivMulMulTraSliSliNegConMulMulAddResSliRepResTraRes_0x4ad536b524b3f7a2415d97f02da12733,1x1x-1x128;1x1x-1x128;1x1x1x128;1x-1x8x128;1x-1x8x1;1;1;1;1;1;1;1;1;1;1;1;1;1;1;1;1;1;1;1;1;1;1;1;1,Half;Half;Half;Half;Half;Int64;Int64;Int64;Int64;Int64;Int64;Int64;Int64;Int64;Int64;Int64;Int64;Int64;Int64;Int64;Int64;Int64;Int64;Int64;Int64;Int64;Int64;Int64;Int64,16x128x-1;1x8x-1x128,Half;Half,/k_norm_8/Add;/k_norm_8/Sqrt;/k_norm_8/Mul;/k_norm_8/Mul_1;/Transpose_41;/Slice_34;/Slice_35;/Concat_93;/Mul_76;/Add_33;/Mul_75;/Expand_16;/Reshape_68;/Transpose_43;/MatMul_16;/Unsqueeze_205;/Neg_17;/k_norm_8/Div
mixed_prefill,197,__mye726047_myl0_197,signal,UNKNOWN,UNKNOWN,NO_KERNEL,NONE,NONE,NONE,NONE,NONE,UNKNOWN
mixed_prefill,198,__myl_FcCas_myl0_198,fusion,L8:q_proj,LINEAR,GEMM,sm80_xmma_gemm_i8f32_i8i32_f32_tn_n_tilesize32x64x64_stage6_warpsize2x2x1_tensor16x8x32_by_fusion_tactic,1x-1x1024;1x1024x2048,Int8;Int8,1x-1x2048,Half,/q_proj_8/MatMul;/q_proj_8/MatMul__a_dequant;/q_proj_8/MatMul__a_quant;/q_proj_8/MatMul__w_dequant
mixed_prefill,199,__myl_ResMulMea_myl0_199,kgen,UNKNOWN,UNKNOWN,TENSORRT_INTERNAL,__myl_ResMulMea_0x9a67bce87aa70b5a86539a0972d2e0f6_vec,1x-1x2048;1;1;1;1;1;1;1;1,Half;Int64;Int64;Int64;Int64;Int64;Int64;Int64;Int64,1x-1x16x1;1x-1x16x128,Half;Half,/Reshape_64;/q_norm_8/Pow;/q_norm_8/ReduceMean
mixed_prefill,200,__myl_AddSqrDivMulMulTraSliSliNegConMulMulAddRes_myl0_200,kgen,L16:ATTENTION_VALUE,ATTENTION_GEMM,TENSORRT_INTERNAL,__myl_AddSqrDivMulMulTraSliSliNegConMulMulAddRes_0x6acc4948abd0f5b32a0e9f68913929b0,1x1x-1x128;1x1x-1x128;1x1x1x128;1x-1x16x128;1x-1x16x1;1;1;1;1;1,Half;Half;Half;Half;Half;Int64;Int64;Int64;Int64;Int64,16x-1x128,Half,/q_norm_8/Add;/q_norm_8/Sqrt;/q_norm_8/Mul;/q_norm_8/Mul_1;/Transpose_40;/Slice_32;/Slice_33;/Concat_92;/Mul_74;/Add_32;/Mul_73;/MatMul_16;/Neg_16;/q_norm_8/Div
mixed_prefill,201,__mye726049_myl0_201,wait,UNKNOWN,UNKNOWN,NO_KERNEL,NONE,NONE,NONE,NONE,NONE,UNKNOWN
mixed_prefill,202,__mye726053_myl0_202,wait,UNKNOWN,UNKNOWN,NO_KERNEL,NONE,NONE,NONE,NONE,NONE,UNKNOWN
mixed_prefill,203,_gemm_mha_v2_myl0_203,kgen,L17:ATTENTION_VALUE,ATTENTION_GEMM,ATTENTION_GEMM,_gemm_mha_v2_0xb1de950b39aeff343f8e5a6b250b0cff,16x-1x128;16x128x-1;1x1x-1x-1;16x-1x128;1;1;1;1;1,Half;Half;Bool;Half;Int64;Int64;Int64;Int64;Int64,16x-1x128,Half,/MatMul_17;/Softmax_8;/Where_26;/MatMul_16;/Mul_79
mixed_prefill,204,__myl_FcAdd_myl0_204,fusion,L8:o_proj,LINEAR,GEMM,sm80_xmma_gemm_f16f16_f16f16_f16_nn_n_tilesize128x64x64_stage3_warpsize2x2x1_tensor16x8x16_by_fusion_tactic,1x-1x1024;1x-1x2048;1x2048x1024,Half;Half;Half,1x-1x1024,Half,/o_proj_8/MatMul;/Add_34
mixed_prefill,205,__myl_MulMeaAddSqrDivMulMulMulMinMaxRouCas_myl0_205,kgen,L8:gate_proj,LINEAR,TENSORRT_INTERNAL,__myl_MulMeaAddSqrDivMulMulMulMinMaxRouCas_0x6db55c2885f6b73e7dbf474aec093db8_vec,1x-1x1024;1x-1x1024;1x-1x1024;1x1x1024;1;1;1;1;1;1;1;1;1;1;1;1;1,Half;Half;Half;Half;Int64;Int64;Int64;Int64;Int64;Int64;Int64;Int64;Int64;Int64;Int64;Int64;Int64,1x-1x1024;1x-1x1024,Half;Int8,/post_attention_layernorm_8/Div;/gate_proj_8/MatMul__a_quant;/post_attention_layernorm_8/Mul_1;/post_attention_layernorm_8/Mul;/post_attention_layernorm_8/Add;/post_attention_layernorm_8/Sqrt;/post_attention_layernorm_8/ReduceMean;/post_attention_layernorm_8/Pow
mixed_prefill,206,/up_proj_8/MatMul_myl0_206,gemm,L8:up_proj,LINEAR,GEMM,ampere_h16816gemm_128x64_ldg8_nn_v1,1x-1x1024;1x1024x3072;1;1,Half;Half;Float;Float,1x-1x3072,Half,/up_proj_8/MatMul
mixed_prefill,207,__myl_FcCasNegExpAddDivMulMul_myl0_207,fusion,L8:gate_proj,LINEAR,GEMM,sm80_xmma_gemm_i8i8_i8i32_f32_tn_n_tilesize32x64x64_stage6_warpsize2x2x1_tensor16x8x32_by_fusion_tactic,1x-1x3072;1x-1x1024;1x1024x3072,Half;Int8;Int8,1x-1x3072,Half,/gate_proj_8/MatMul;/gate_proj_8/MatMul__a_dequant;/gate_proj_8/MatMul__a_quant;/gate_proj_8/MatMul__w_dequant;/Mul_80;/Mul_81;/Sigmoid_8
mixed_prefill,208,__myl_FcAdd_myl0_208,fusion,L8:down_proj,LINEAR,GEMM,sm80_xmma_gemm_f16f16_f16f16_f16_nn_n_tilesize128x64x64_stage3_warpsize2x2x1_tensor16x8x16_by_fusion_tactic,1x-1x1024;1x-1x3072;1x3072x1024,Half;Half;Half,1x-1x1024,Half,/down_proj_8/MatMul;/Add_35
mixed_prefill,209,__myl_MulMeaAddSqrDivMulMulMinMaxRouCasMulMinMaxRouCasMulMinMaxRouCas_myl0_209,kgen,L9:v_proj,LINEAR,TENSORRT_INTERNAL,__myl_MulMeaAddSqrDivMulMulMinMaxRouCasMulMinMaxRouCasMulMinMaxRouCas_0x14bacf080290e339db28d1223365390a_vec,1x1x1024;1x1x1024;1x1x1024;1x-1x1024;1x-1x1024;1x-1x1024;1;1;1;1;1;1;1;1;1;1;1;1;1;1;1;1;1;1;1;1;1;1;1,Half;Half;Half;Half;Half;Half;Int64;Int64;Int64;Int64;Int64;Int64;Int64;Int64;Int64;Int64;Int64;Int64;Int64;Int64;Int64;Int64;Int64;Int64;Int64;Int64;Int64;Int64;Int64,1x-1x1024;1x-1x1024;1x-1x1024,Int8;Int8;Int8,/input_layernorm_9/Pow;/input_layernorm_9/ReduceMean;/input_layernorm_9/Sqrt;/input_layernorm_9/Add;/input_layernorm_9/Mul;/v_proj_9/MatMul__a_quant;/k_proj_9/MatMul__a_quant;/q_proj_9/MatMul__a_quant;/input_layernorm_9/Div
mixed_prefill,210,__mye726055_myl0_210,signal,UNKNOWN,UNKNOWN,NO_KERNEL,NONE,NONE,NONE,NONE,NONE,UNKNOWN
mixed_prefill,211,__mye726057_myl0_211,wait,UNKNOWN,UNKNOWN,NO_KERNEL,NONE,NONE,NONE,NONE,NONE,UNKNOWN
mixed_prefill,212,__myl_FcCas_myl0_212,fusion,L9:v_proj,LINEAR,GEMM,sm80_xmma_gemm_i8i8_i8i32_f32_tn_n_tilesize32x64x64_stage6_warpsize2x2x1_tensor16x8x32_by_fusion_tactic,1x-1x1024;1x1024x1024,Int8;Int8,1x-1x1024,Half,/v_proj_9/MatMul;/v_proj_9/MatMul__a_dequant;/v_proj_9/MatMul__a_quant;/v_proj_9/MatMul__w_dequant
mixed_prefill,213,__myl_ResTraResSliRepRes_myl0_213,kgen,L19:ATTENTION_VALUE,ATTENTION_GEMM,TENSORRT_INTERNAL,__myl_ResTraResSliRepRes_0xb5ca1ead775f2215fdc6b72339368a3f,1x-1x1024;1;1;1;1;1;1;1;1;1;1;1,Half;Int64;Int64;Int64;Int64;Int64;Int64;Int64;Int64;Int64;Int64;Int64,16x-1x128;1x8x-1x128,Half;Half,/Reshape_74;/Transpose_47;/Expand_19;/MatMul_19;/Unsqueeze_234
mixed_prefill,214,__mye726065_myl0_214,signal,UNKNOWN,UNKNOWN,NO_KERNEL,NONE,NONE,NONE,NONE,NONE,UNKNOWN
mixed_prefill,215,__mye726059_myl0_215,wait,UNKNOWN,UNKNOWN,NO_KERNEL,NONE,NONE,NONE,NONE,NONE,UNKNOWN
mixed_prefill,216,__myl_FcCas_myl0_216,fusion,L9:k_proj,LINEAR,GEMM,sm80_xmma_gemm_i8i8_i8i32_f32_tn_n_tilesize32x64x64_stage6_warpsize2x2x1_tensor16x8x32_by_fusion_tactic,1x-1x1024;1x1024x1024,Int8;Int8,1x-1x1024,Half,/k_proj_9/MatMul;/k_proj_9/MatMul__a_dequant;/k_proj_9/MatMul__a_quant;/k_proj_9/MatMul__w_dequant
mixed_prefill,217,__myl_ResMulMea_myl0_217,kgen,UNKNOWN,UNKNOWN,TENSORRT_INTERNAL,__myl_ResMulMea_0x356824d54c2e1ab1f7825eefa1e6b632_vec,1x-1x1024;1;1;1;1;1;1;1,Half;Int64;Int64;Int64;Int64;Int64;Int64;Int64,1x-1x8x1;1x-1x8x128,Half;Half,/Reshape_73;/k_norm_9/Pow;/k_norm_9/ReduceMean
mixed_prefill,218,__myl_AddSqrDivMulMulTraSliSliNegConMulMulAddResSliRepResTraRes_myl0_218,kgen,L18:ATTENTION_VALUE,ATTENTION_GEMM,TENSORRT_INTERNAL,__myl_AddSqrDivMulMulTraSliSliNegConMulMulAddResSliRepResTraRes_0x4ad536b524b3f7a2415d97f02da12733,1x1x-1x128;1x1x-1x128;1x1x1x128;1x-1x8x128;1x-1x8x1;1;1;1;1;1;1;1;1;1;1;1;1;1;1;1;1;1;1;1;1;1;1;1;1,Half;Half;Half;Half;Half;Int64;Int64;Int64;Int64;Int64;Int64;Int64;Int64;Int64;Int64;Int64;Int64;Int64;Int64;Int64;Int64;Int64;Int64;Int64;Int64;Int64;Int64;Int64;Int64,16x128x-1;1x8x-1x128,Half;Half,/k_norm_9/Add;/k_norm_9/Sqrt;/k_norm_9/Mul;/k_norm_9/Mul_1;/Transpose_46;/Slice_38;/Slice_39;/Concat_104;/Mul_85;/Add_37;/Mul_84;/Expand_18;/Reshape_76;/Transpose_48;/MatMul_18;/Unsqueeze_229;/Neg_19;/k_norm_9/Div
mixed_prefill,219,__mye726061_myl0_219,signal,UNKNOWN,UNKNOWN,NO_KERNEL,NONE,NONE,NONE,NONE,NONE,UNKNOWN
mixed_prefill,220,__myl_FcCas_myl0_220,fusion,L9:q_proj,LINEAR,GEMM,sm80_xmma_gemm_i8f32_i8i32_f32_tn_n_tilesize32x64x64_stage6_warpsize2x2x1_tensor16x8x32_by_fusion_tactic,1x-1x1024;1x1024x2048,Int8;Int8,1x-1x2048,Half,/q_proj_9/MatMul;/q_proj_9/MatMul__a_dequant;/q_proj_9/MatMul__a_quant;/q_proj_9/MatMul__w_dequant
mixed_prefill,221,__myl_ResMulMea_myl0_221,kgen,UNKNOWN,UNKNOWN,TENSORRT_INTERNAL,__myl_ResMulMea_0x9a67bce87aa70b5a86539a0972d2e0f6_vec,1x-1x2048;1;1;1;1;1;1;1;1,Half;Int64;Int64;Int64;Int64;Int64;Int64;Int64;Int64,1x-1x16x1;1x-1x16x128,Half;Half,/Reshape_72;/q_norm_9/Pow;/q_norm_9/ReduceMean
mixed_prefill,222,__myl_AddSqrDivMulMulTraSliSliNegConMulMulAddRes_myl0_222,kgen,L18:ATTENTION_VALUE,ATTENTION_GEMM,TENSORRT_INTERNAL,__myl_AddSqrDivMulMulTraSliSliNegConMulMulAddRes_0x6acc4948abd0f5b32a0e9f68913929b0,1x1x-1x128;1x1x-1x128;1x1x1x128;1x-1x16x128;1x-1x16x1;1;1;1;1;1,Half;Half;Half;Half;Half;Int64;Int64;Int64;Int64;Int64,16x-1x128,Half,/q_norm_9/Add;/q_norm_9/Sqrt;/q_norm_9/Mul;/q_norm_9/Mul_1;/Transpose_45;/Slice_36;/Slice_37;/Concat_103;/Mul_83;/Add_36;/Mul_82;/MatMul_18;/Neg_18;/q_norm_9/Div
mixed_prefill,223,__mye726063_myl0_223,wait,UNKNOWN,UNKNOWN,NO_KERNEL,NONE,NONE,NONE,NONE,NONE,UNKNOWN
mixed_prefill,224,__mye726067_myl0_224,wait,UNKNOWN,UNKNOWN,NO_KERNEL,NONE,NONE,NONE,NONE,NONE,UNKNOWN
mixed_prefill,225,_gemm_mha_v2_myl0_225,kgen,L9:o_proj,LINEAR,ATTENTION_GEMM,_gemm_mha_v2_0xa7ca53b515adf180e9a745693ffd0464,16x-1x128;16x128x-1;1x1x-1x-1;16x-1x128;1;1;1;1;1;1,Half;Half;Bool;Half;Int64;Int64;Int64;Int64;Int64;Int64,16x-1x128,Int8,/o_proj_9/MatMul__a_quant;/Softmax_9;/MatMul_19;/Where_29;/Mul_88;/MatMul_18
mixed_prefill,226,__myl_ResTra_myl0_226,kgen,L19:ATTENTION_VALUE,ATTENTION_GEMM,TENSORRT_INTERNAL,__myl_ResTra_0xc03916d7cfa55338996dbe92c4283d8c,16x-1x128;1;1;1,Int8;Int64;Int64;Int64,1x-1x16x128,Int8,/MatMul_19;/Transpose_49;/Reshape_79
mixed_prefill,227,__myl_FcCasAdd_myl0_227,fusion,L9:o_proj,LINEAR,GEMM,sm80_xmma_gemm_i8i8_i8i32_f32_tn_n_tilesize32x64x64_stage6_warpsize2x2x1_tensor16x8x32_by_fusion_tactic,1x-1x1024;1x-1x2048;1x2048x1024,Half;Int8;Int8,1x-1x1024,Half,/o_proj_9/MatMul;/o_proj_9/MatMul__a_dequant;/o_proj_9/MatMul__a_quant;/o_proj_9/MatMul__w_dequant;/Add_38
mixed_prefill,228,__myl_MulMeaAddSqrDivMulMulMulMinMaxRouCas_myl0_228,kgen,L9:gate_proj,LINEAR,TENSORRT_INTERNAL,__myl_MulMeaAddSqrDivMulMulMulMinMaxRouCas_0x7b2198561702574d86c9afed3e2e35ba_vec,1x-1x1024;1x-1x1024;1x-1x1024;1x1x1024;1;1;1;1;1;1;1;1;1;1;1;1;1,Half;Half;Half;Half;Int64;Int64;Int64;Int64;Int64;Int64;Int64;Int64;Int64;Int64;Int64;Int64;Int64,1x-1x1024;1x-1x1024,Half;Int8,/post_attention_layernorm_9/Div;/gate_proj_9/MatMul__a_quant;/post_attention_layernorm_9/Mul_1;/post_attention_layernorm_9/Mul;/post_attention_layernorm_9/Add;/post_attention_layernorm_9/Sqrt;/post_attention_layernorm_9/ReduceMean;/post_attention_layernorm_9/Pow
mixed_prefill,229,/up_proj_9/MatMul_myl0_229,gemm,L9:up_proj,LINEAR,GEMM,ampere_h16816gemm_128x64_ldg8_nn_v1,1x-1x1024;1x1024x3072;1;1,Half;Half;Float;Float,1x-1x3072,Half,/up_proj_9/MatMul
mixed_prefill,230,__myl_FcCasNegExpAddDivMulMul_myl0_230,fusion,L9:gate_proj,LINEAR,GEMM,sm80_xmma_gemm_i8i8_i8i32_f32_tn_n_tilesize32x64x64_stage6_warpsize2x2x1_tensor16x8x32_by_fusion_tactic,1x-1x3072;1x-1x1024;1x1024x3072,Half;Int8;Int8,1x-1x3072,Half,/gate_proj_9/MatMul;/gate_proj_9/MatMul__a_dequant;/gate_proj_9/MatMul__a_quant;/gate_proj_9/MatMul__w_dequant;/Mul_89;/Mul_90;/Sigmoid_9
mixed_prefill,231,__myl_FcAdd_myl0_231,fusion,L9:down_proj,LINEAR,GEMM,sm80_xmma_gemm_f16f16_f16f16_f16_nn_n_tilesize128x64x64_stage3_warpsize2x2x1_tensor16x8x16_by_fusion_tactic,1x-1x1024;1x-1x3072;1x3072x1024,Half;Half;Half,1x-1x1024,Half,/down_proj_9/MatMul;/Add_39
mixed_prefill,232,__myl_MulMeaAddSqrDivMulMulMinMaxRouCasMulMinMaxRouCasMulMinMaxRouCas_myl0_232,kgen,L10:v_proj,LINEAR,TENSORRT_INTERNAL,__myl_MulMeaAddSqrDivMulMulMinMaxRouCasMulMinMaxRouCasMulMinMaxRouCas_0x14bacf080290e339db28d1223365390a_vec,1x1x1024;1x1x1024;1x1x1024;1x-1x1024;1x-1x1024;1x-1x1024;1;1;1;1;1;1;1;1;1;1;1;1;1;1;1;1;1;1;1;1;1;1;1,Half;Half;Half;Half;Half;Half;Int64;Int64;Int64;Int64;Int64;Int64;Int64;Int64;Int64;Int64;Int64;Int64;Int64;Int64;Int64;Int64;Int64;Int64;Int64;Int64;Int64;Int64;Int64,1x-1x1024;1x-1x1024;1x-1x1024,Int8;Int8;Int8,/input_layernorm_10/Pow;/input_layernorm_10/ReduceMean;/input_layernorm_10/Sqrt;/input_layernorm_10/Add;/input_layernorm_10/Mul;/v_proj_10/MatMul__a_quant;/k_proj_10/MatMul__a_quant;/q_proj_10/MatMul__a_quant;/input_layernorm_10/Div
mixed_prefill,233,__mye726069_myl0_233,signal,UNKNOWN,UNKNOWN,NO_KERNEL,NONE,NONE,NONE,NONE,NONE,UNKNOWN
mixed_prefill,234,__mye726071_myl0_234,wait,UNKNOWN,UNKNOWN,NO_KERNEL,NONE,NONE,NONE,NONE,NONE,UNKNOWN
mixed_prefill,235,__myl_FcCas_myl0_235,fusion,L10:v_proj,LINEAR,GEMM,sm80_xmma_gemm_i8i8_i8i32_f32_tn_n_tilesize32x64x64_stage6_warpsize2x2x1_tensor16x8x32_by_fusion_tactic,1x-1x1024;1x1024x1024,Int8;Int8,1x-1x1024,Half,/v_proj_10/MatMul;/v_proj_10/MatMul__a_dequant;/v_proj_10/MatMul__a_quant;/v_proj_10/MatMul__w_dequant
mixed_prefill,236,__myl_ResTraResSliRepRes_myl0_236,kgen,L21:ATTENTION_VALUE,ATTENTION_GEMM,TENSORRT_INTERNAL,__myl_ResTraResSliRepRes_0xb5ca1ead775f2215fdc6b72339368a3f,1x-1x1024;1;1;1;1;1;1;1;1;1;1;1,Half;Int64;Int64;Int64;Int64;Int64;Int64;Int64;Int64;Int64;Int64;Int64,16x-1x128;1x8x-1x128,Half;Half,/Reshape_82;/Transpose_52;/Expand_21;/MatMul_21;/Unsqueeze_258
mixed_prefill,237,__mye726079_myl0_237,signal,UNKNOWN,UNKNOWN,NO_KERNEL,NONE,NONE,NONE,NONE,NONE,UNKNOWN
mixed_prefill,238,__mye726073_myl0_238,wait,UNKNOWN,UNKNOWN,NO_KERNEL,NONE,NONE,NONE,NONE,NONE,UNKNOWN
mixed_prefill,239,__myl_FcCas_myl0_239,fusion,L10:k_proj,LINEAR,GEMM,sm80_xmma_gemm_i8i8_i8i32_f32_tn_n_tilesize32x64x64_stage6_warpsize2x2x1_tensor16x8x32_by_fusion_tactic,1x-1x1024;1x1024x1024,Int8;Int8,1x-1x1024,Half,/k_proj_10/MatMul;/k_proj_10/MatMul__a_dequant;/k_proj_10/MatMul__a_quant;/k_proj_10/MatMul__w_dequant
mixed_prefill,240,__myl_ResMulMea_myl0_240,kgen,UNKNOWN,UNKNOWN,TENSORRT_INTERNAL,__myl_ResMulMea_0x356824d54c2e1ab1f7825eefa1e6b632_vec,1x-1x1024;1;1;1;1;1;1;1,Half;Int64;Int64;Int64;Int64;Int64;Int64;Int64,1x-1x8x1;1x-1x8x128,Half;Half,/Reshape_81;/k_norm_10/Pow;/k_norm_10/ReduceMean
mixed_prefill,241,__myl_AddSqrDivMulMulTraSliSliNegConMulMulAddResSliRepResTraRes_myl0_241,kgen,L20:ATTENTION_VALUE,ATTENTION_GEMM,TENSORRT_INTERNAL,__myl_AddSqrDivMulMulTraSliSliNegConMulMulAddResSliRepResTraRes_0x4ad536b524b3f7a2415d97f02da12733,1x1x-1x128;1x1x-1x128;1x1x1x128;1x-1x8x128;1x-1x8x1;1;1;1;1;1;1;1;1;1;1;1;1;1;1;1;1;1;1;1;1;1;1;1;1,Half;Half;Half;Half;Half;Int64;Int64;Int64;Int64;Int64;Int64;Int64;Int64;Int64;Int64;Int64;Int64;Int64;Int64;Int64;Int64;Int64;Int64;Int64;Int64;Int64;Int64;Int64;Int64,16x128x-1;1x8x-1x128,Half;Half,/k_norm_10/Add;/k_norm_10/Sqrt;/k_norm_10/Mul;/k_norm_10/Mul_1;/Transpose_51;/Slice_42;/Slice_43;/Concat_115;/Mul_94;/Add_41;/Mul_93;/Expand_20;/Reshape_84;/Transpose_53;/MatMul_20;/Unsqueeze_253;/Neg_21;/k_norm_10/Div
mixed_prefill,242,__mye726075_myl0_242,signal,UNKNOWN,UNKNOWN,NO_KERNEL,NONE,NONE,NONE,NONE,NONE,UNKNOWN
mixed_prefill,243,__myl_FcCas_myl0_243,fusion,L10:q_proj,LINEAR,GEMM,sm80_xmma_gemm_i8f32_i8i32_f32_tn_n_tilesize32x64x64_stage6_warpsize2x2x1_tensor16x8x32_by_fusion_tactic,1x-1x1024;1x1024x2048,Int8;Int8,1x-1x2048,Half,/q_proj_10/MatMul;/q_proj_10/MatMul__a_dequant;/q_proj_10/MatMul__a_quant;/q_proj_10/MatMul__w_dequant
mixed_prefill,244,__myl_ResMulMea_myl0_244,kgen,UNKNOWN,UNKNOWN,TENSORRT_INTERNAL,__myl_ResMulMea_0x9a67bce87aa70b5a86539a0972d2e0f6_vec,1x-1x2048;1;1;1;1;1;1;1;1,Half;Int64;Int64;Int64;Int64;Int64;Int64;Int64;Int64,1x-1x16x1;1x-1x16x128,Half;Half,/Reshape_80;/q_norm_10/Pow;/q_norm_10/ReduceMean
mixed_prefill,245,__myl_AddSqrDivMulMulTraSliSliNegConMulMulAddRes_myl0_245,kgen,L20:ATTENTION_VALUE,ATTENTION_GEMM,TENSORRT_INTERNAL,__myl_AddSqrDivMulMulTraSliSliNegConMulMulAddRes_0x6acc4948abd0f5b32a0e9f68913929b0,1x1x-1x128;1x1x-1x128;1x1x1x128;1x-1x16x128;1x-1x16x1;1;1;1;1;1,Half;Half;Half;Half;Half;Int64;Int64;Int64;Int64;Int64,16x-1x128,Half,/q_norm_10/Add;/q_norm_10/Sqrt;/q_norm_10/Mul;/q_norm_10/Mul_1;/Transpose_50;/Slice_40;/Slice_41;/Concat_114;/Mul_92;/Add_40;/Mul_91;/MatMul_20;/Neg_20;/q_norm_10/Div
mixed_prefill,246,__mye726077_myl0_246,wait,UNKNOWN,UNKNOWN,NO_KERNEL,NONE,NONE,NONE,NONE,NONE,UNKNOWN
mixed_prefill,247,__mye726081_myl0_247,wait,UNKNOWN,UNKNOWN,NO_KERNEL,NONE,NONE,NONE,NONE,NONE,UNKNOWN
mixed_prefill,248,_gemm_mha_v2_myl0_248,kgen,L10:o_proj,LINEAR,ATTENTION_GEMM,_gemm_mha_v2_0xf65d6b1571997bdfc737df09a44d72ad,16x-1x128;16x128x-1;1x1x-1x-1;16x-1x128;1;1;1;1;1;1,Half;Half;Bool;Half;Int64;Int64;Int64;Int64;Int64;Int64,16x-1x128,Int8,/o_proj_10/MatMul__a_quant;/MatMul_21;/Softmax_10;/Where_32;/Mul_97;/MatMul_20
mixed_prefill,249,__myl_ResTra_myl0_249,kgen,L21:ATTENTION_VALUE,ATTENTION_GEMM,TENSORRT_INTERNAL,__myl_ResTra_0xc03916d7cfa55338996dbe92c4283d8c,16x-1x128;1;1;1,Int8;Int64;Int64;Int64,1x-1x16x128,Int8,/MatMul_21;/Transpose_54;/Reshape_87
mixed_prefill,250,__myl_FcCasAdd_myl0_250,fusion,L10:o_proj,LINEAR,GEMM,sm80_xmma_gemm_i8i8_i8i32_f32_tn_n_tilesize32x64x64_stage6_warpsize2x2x1_tensor16x8x32_by_fusion_tactic,1x-1x1024;1x-1x2048;1x2048x1024,Half;Int8;Int8,1x-1x1024,Half,/o_proj_10/MatMul;/o_proj_10/MatMul__a_dequant;/o_proj_10/MatMul__a_quant;/o_proj_10/MatMul__w_dequant;/Add_42
mixed_prefill,251,__myl_MulMeaAddSqrDivMulMulMulMinMaxRouCas_myl0_251,kgen,L10:gate_proj,LINEAR,TENSORRT_INTERNAL,__myl_MulMeaAddSqrDivMulMulMulMinMaxRouCas_0x2354092d3df3900c1fd6815a7ba9dac1_vec,1x-1x1024;1x-1x1024;1x-1x1024;1x1x1024;1;1;1;1;1;1;1;1;1;1;1;1;1,Half;Half;Half;Half;Int64;Int64;Int64;Int64;Int64;Int64;Int64;Int64;Int64;Int64;Int64;Int64;Int64,1x-1x1024;1x-1x1024,Half;Int8,/post_attention_layernorm_10/Div;/gate_proj_10/MatMul__a_quant;/post_attention_layernorm_10/Mul_1;/post_attention_layernorm_10/Mul;/post_attention_layernorm_10/Add;/post_attention_layernorm_10/Sqrt;/post_attention_layernorm_10/ReduceMean;/post_attention_layernorm_10/Pow
mixed_prefill,252,/up_proj_10/MatMul_myl0_252,gemm,L10:up_proj,LINEAR,GEMM,ampere_h16816gemm_128x64_ldg8_nn_v1,1x-1x1024;1x1024x3072;1;1,Half;Half;Float;Float,1x-1x3072,Half,/up_proj_10/MatMul
mixed_prefill,253,__myl_FcCasNegExpAddDivMulMul_myl0_253,fusion,L10:gate_proj,LINEAR,GEMM,sm80_xmma_gemm_i8i8_i8i32_f32_tn_n_tilesize32x64x64_stage6_warpsize2x2x1_tensor16x8x32_by_fusion_tactic,1x-1x3072;1x-1x1024;1x1024x3072,Half;Int8;Int8,1x-1x3072,Half,/gate_proj_10/MatMul;/gate_proj_10/MatMul__a_dequant;/gate_proj_10/MatMul__a_quant;/gate_proj_10/MatMul__w_dequant;/Mul_98;/Mul_99;/Sigmoid_10
mixed_prefill,254,__myl_FcAdd_myl0_254,fusion,L10:down_proj,LINEAR,GEMM,sm80_xmma_gemm_f16f16_f16f16_f16_nn_n_tilesize128x64x64_stage3_warpsize2x2x1_tensor16x8x16_by_fusion_tactic,1x-1x1024;1x-1x3072;1x3072x1024,Half;Half;Half,1x-1x1024,Half,/down_proj_10/MatMul;/Add_43
mixed_prefill,255,__myl_MulMeaAddSqrDivMulMulMinMaxRouCasMulMinMaxRouCasMulMinMaxRouCas_myl0_255,kgen,L11:v_proj,LINEAR,TENSORRT_INTERNAL,__myl_MulMeaAddSqrDivMulMulMinMaxRouCasMulMinMaxRouCasMulMinMaxRouCas_0x14bacf080290e339db28d1223365390a_vec,1x1x1024;1x1x1024;1x1x1024;1x-1x1024;1x-1x1024;1x-1x1024;1;1;1;1;1;1;1;1;1;1;1;1;1;1;1;1;1;1;1;1;1;1;1,Half;Half;Half;Half;Half;Half;Int64;Int64;Int64;Int64;Int64;Int64;Int64;Int64;Int64;Int64;Int64;Int64;Int64;Int64;Int64;Int64;Int64;Int64;Int64;Int64;Int64;Int64;Int64,1x-1x1024;1x-1x1024;1x-1x1024,Int8;Int8;Int8,/input_layernorm_11/Pow;/input_layernorm_11/ReduceMean;/input_layernorm_11/Sqrt;/input_layernorm_11/Add;/input_layernorm_11/Mul;/v_proj_11/MatMul__a_quant;/k_proj_11/MatMul__a_quant;/q_proj_11/MatMul__a_quant;/input_layernorm_11/Div
mixed_prefill,256,__mye726083_myl0_256,signal,UNKNOWN,UNKNOWN,NO_KERNEL,NONE,NONE,NONE,NONE,NONE,UNKNOWN
mixed_prefill,257,__mye726085_myl0_257,wait,UNKNOWN,UNKNOWN,NO_KERNEL,NONE,NONE,NONE,NONE,NONE,UNKNOWN
mixed_prefill,258,__myl_FcCas_myl0_258,fusion,L11:v_proj,LINEAR,GEMM,sm80_xmma_gemm_i8i8_i8i32_f32_tn_n_tilesize32x64x64_stage6_warpsize2x2x1_tensor16x8x32_by_fusion_tactic,1x-1x1024;1x1024x1024,Int8;Int8,1x-1x1024,Half,/v_proj_11/MatMul;/v_proj_11/MatMul__a_dequant;/v_proj_11/MatMul__a_quant;/v_proj_11/MatMul__w_dequant
mixed_prefill,259,__myl_ResTraResSliRepRes_myl0_259,kgen,L23:ATTENTION_VALUE,ATTENTION_GEMM,TENSORRT_INTERNAL,__myl_ResTraResSliRepRes_0xb5ca1ead775f2215fdc6b72339368a3f,1x-1x1024;1;1;1;1;1;1;1;1;1;1;1,Half;Int64;Int64;Int64;Int64;Int64;Int64;Int64;Int64;Int64;Int64;Int64,16x-1x128;1x8x-1x128,Half;Half,/Reshape_90;/Transpose_57;/Expand_23;/MatMul_23;/Unsqueeze_282
mixed_prefill,260,__mye726093_myl0_260,signal,UNKNOWN,UNKNOWN,NO_KERNEL,NONE,NONE,NONE,NONE,NONE,UNKNOWN
mixed_prefill,261,__mye726087_myl0_261,wait,UNKNOWN,UNKNOWN,NO_KERNEL,NONE,NONE,NONE,NONE,NONE,UNKNOWN
mixed_prefill,262,__myl_FcCas_myl0_262,fusion,L11:k_proj,LINEAR,GEMM,sm80_xmma_gemm_i8i8_i8i32_f32_tn_n_tilesize32x64x64_stage6_warpsize2x2x1_tensor16x8x32_by_fusion_tactic,1x-1x1024;1x1024x1024,Int8;Int8,1x-1x1024,Half,/k_proj_11/MatMul;/k_proj_11/MatMul__a_dequant;/k_proj_11/MatMul__a_quant;/k_proj_11/MatMul__w_dequant
mixed_prefill,263,__myl_ResMulMea_myl0_263,kgen,UNKNOWN,UNKNOWN,TENSORRT_INTERNAL,__myl_ResMulMea_0x356824d54c2e1ab1f7825eefa1e6b632_vec,1x-1x1024;1;1;1;1;1;1;1,Half;Int64;Int64;Int64;Int64;Int64;Int64;Int64,1x-1x8x1;1x-1x8x128,Half;Half,/Reshape_89;/k_norm_11/Pow;/k_norm_11/ReduceMean
mixed_prefill,264,__myl_AddSqrDivMulMulTraSliSliNegConMulMulAddResSliRepResTraRes_myl0_264,kgen,L22:ATTENTION_VALUE,ATTENTION_GEMM,TENSORRT_INTERNAL,__myl_AddSqrDivMulMulTraSliSliNegConMulMulAddResSliRepResTraRes_0x4ad536b524b3f7a2415d97f02da12733,1x1x-1x128;1x1x-1x128;1x1x1x128;1x-1x8x128;1x-1x8x1;1;1;1;1;1;1;1;1;1;1;1;1;1;1;1;1;1;1;1;1;1;1;1;1,Half;Half;Half;Half;Half;Int64;Int64;Int64;Int64;Int64;Int64;Int64;Int64;Int64;Int64;Int64;Int64;Int64;Int64;Int64;Int64;Int64;Int64;Int64;Int64;Int64;Int64;Int64;Int64,16x128x-1;1x8x-1x128,Half;Half,/k_norm_11/Add;/k_norm_11/Sqrt;/k_norm_11/Mul;/k_norm_11/Mul_1;/Transpose_56;/Slice_46;/Slice_47;/Concat_126;/Mul_103;/Add_45;/Mul_102;/Expand_22;/Reshape_92;/Transpose_58;/MatMul_22;/Unsqueeze_277;/Neg_23;/k_norm_11/Div
mixed_prefill,265,__mye726089_myl0_265,signal,UNKNOWN,UNKNOWN,NO_KERNEL,NONE,NONE,NONE,NONE,NONE,UNKNOWN
mixed_prefill,266,__myl_FcCas_myl0_266,fusion,L11:q_proj,LINEAR,GEMM,sm80_xmma_gemm_i8f32_i8i32_f32_tn_n_tilesize32x64x64_stage6_warpsize2x2x1_tensor16x8x32_by_fusion_tactic,1x-1x1024;1x1024x2048,Int8;Int8,1x-1x2048,Half,/q_proj_11/MatMul;/q_proj_11/MatMul__a_dequant;/q_proj_11/MatMul__a_quant;/q_proj_11/MatMul__w_dequant
mixed_prefill,267,__myl_ResMulMea_myl0_267,kgen,UNKNOWN,UNKNOWN,TENSORRT_INTERNAL,__myl_ResMulMea_0x9a67bce87aa70b5a86539a0972d2e0f6_vec,1x-1x2048;1;1;1;1;1;1;1;1,Half;Int64;Int64;Int64;Int64;Int64;Int64;Int64;Int64,1x-1x16x1;1x-1x16x128,Half;Half,/Reshape_88;/q_norm_11/Pow;/q_norm_11/ReduceMean
mixed_prefill,268,__myl_AddSqrDivMulMulTraSliSliNegConMulMulAddRes_myl0_268,kgen,L22:ATTENTION_VALUE,ATTENTION_GEMM,TENSORRT_INTERNAL,__myl_AddSqrDivMulMulTraSliSliNegConMulMulAddRes_0x6acc4948abd0f5b32a0e9f68913929b0,1x1x-1x128;1x1x-1x128;1x1x1x128;1x-1x16x128;1x-1x16x1;1;1;1;1;1,Half;Half;Half;Half;Half;Int64;Int64;Int64;Int64;Int64,16x-1x128,Half,/q_norm_11/Add;/q_norm_11/Sqrt;/q_norm_11/Mul;/q_norm_11/Mul_1;/Transpose_55;/Slice_44;/Slice_45;/Concat_125;/Mul_101;/Add_44;/Mul_100;/MatMul_22;/Neg_22;/q_norm_11/Div
mixed_prefill,269,__mye726091_myl0_269,wait,UNKNOWN,UNKNOWN,NO_KERNEL,NONE,NONE,NONE,NONE,NONE,UNKNOWN
mixed_prefill,270,__mye726095_myl0_270,wait,UNKNOWN,UNKNOWN,NO_KERNEL,NONE,NONE,NONE,NONE,NONE,UNKNOWN
mixed_prefill,271,_gemm_mha_v2_myl0_271,kgen,L11:o_proj,LINEAR,ATTENTION_GEMM,_gemm_mha_v2_0x5365bc7530dd58ba06615d617f2617f3,16x-1x128;16x128x-1;1x1x-1x-1;16x-1x128;1;1;1;1;1;1,Half;Half;Bool;Half;Int64;Int64;Int64;Int64;Int64;Int64,16x-1x128,Int8,/MatMul_23;/o_proj_11/MatMul__a_quant;/Softmax_11;/Mul_106;/Where_35;/MatMul_22
mixed_prefill,272,__myl_ResTra_myl0_272,kgen,L23:ATTENTION_VALUE,ATTENTION_GEMM,TENSORRT_INTERNAL,__myl_ResTra_0xc03916d7cfa55338996dbe92c4283d8c,16x-1x128;1;1;1,Int8;Int64;Int64;Int64,1x-1x16x128,Int8,/MatMul_23;/Transpose_59;/Reshape_95
mixed_prefill,273,__myl_FcCasAdd_myl0_273,fusion,L11:o_proj,LINEAR,GEMM,sm80_xmma_gemm_i8i8_i8i32_f32_tn_n_tilesize32x64x64_stage6_warpsize2x2x1_tensor16x8x32_by_fusion_tactic,1x-1x1024;1x-1x2048;1x2048x1024,Half;Int8;Int8,1x-1x1024,Half,/o_proj_11/MatMul;/o_proj_11/MatMul__a_dequant;/o_proj_11/MatMul__a_quant;/o_proj_11/MatMul__w_dequant;/Add_46
mixed_prefill,274,__myl_MulMeaAddSqrDivMulMulMulMinMaxRouCas_myl0_274,kgen,L11:gate_proj,LINEAR,TENSORRT_INTERNAL,__myl_MulMeaAddSqrDivMulMulMulMinMaxRouCas_0xc1e4e1e5e4fa4b9df1194c070c461029_vec,1x-1x1024;1x-1x1024;1x-1x1024;1x1x1024;1;1;1;1;1;1;1;1;1;1;1;1;1,Half;Half;Half;Half;Int64;Int64;Int64;Int64;Int64;Int64;Int64;Int64;Int64;Int64;Int64;Int64;Int64,1x-1x1024;1x-1x1024,Half;Int8,/post_attention_layernorm_11/Div;/gate_proj_11/MatMul__a_quant;/post_attention_layernorm_11/Mul_1;/post_attention_layernorm_11/Mul;/post_attention_layernorm_11/Add;/post_attention_layernorm_11/Sqrt;/post_attention_layernorm_11/ReduceMean;/post_attention_layernorm_11/Pow
mixed_prefill,275,/up_proj_11/MatMul_myl0_275,gemm,L11:up_proj,LINEAR,GEMM,ampere_h16816gemm_128x64_ldg8_nn_v1,1x-1x1024;1x1024x3072;1;1,Half;Half;Float;Float,1x-1x3072,Half,/up_proj_11/MatMul
mixed_prefill,276,__myl_FcCasNegExpAddDivMulMul_myl0_276,fusion,L11:gate_proj,LINEAR,GEMM,sm80_xmma_gemm_i8i8_i8i32_f32_tn_n_tilesize32x64x64_stage6_warpsize2x2x1_tensor16x8x32_by_fusion_tactic,1x-1x3072;1x-1x1024;1x1024x3072,Half;Int8;Int8,1x-1x3072,Half,/gate_proj_11/MatMul;/gate_proj_11/MatMul__a_dequant;/gate_proj_11/MatMul__a_quant;/gate_proj_11/MatMul__w_dequant;/Mul_107;/Mul_108;/Sigmoid_11
mixed_prefill,277,__myl_FcAdd_myl0_277,fusion,L11:down_proj,LINEAR,GEMM,sm80_xmma_gemm_f16f16_f16f16_f16_nn_n_tilesize128x64x64_stage3_warpsize2x2x1_tensor16x8x16_by_fusion_tactic,1x-1x1024;1x-1x3072;1x3072x1024,Half;Half;Half,1x-1x1024,Half,/down_proj_11/MatMul;/Add_47
mixed_prefill,278,__myl_MulMeaAddSqrDivMulMulMinMaxRouCasMulMinMaxRouCasMulMinMaxRouCas_myl0_278,kgen,L12:v_proj,LINEAR,TENSORRT_INTERNAL,__myl_MulMeaAddSqrDivMulMulMinMaxRouCasMulMinMaxRouCasMulMinMaxRouCas_0x14bacf080290e339db28d1223365390a_vec,1x1x1024;1x1x1024;1x1x1024;1x-1x1024;1x-1x1024;1x-1x1024;1;1;1;1;1;1;1;1;1;1;1;1;1;1;1;1;1;1;1;1;1;1;1,Half;Half;Half;Half;Half;Half;Int64;Int64;Int64;Int64;Int64;Int64;Int64;Int64;Int64;Int64;Int64;Int64;Int64;Int64;Int64;Int64;Int64;Int64;Int64;Int64;Int64;Int64;Int64,1x-1x1024;1x-1x1024;1x-1x1024,Int8;Int8;Int8,/input_layernorm_12/Pow;/input_layernorm_12/ReduceMean;/input_layernorm_12/Sqrt;/input_layernorm_12/Add;/input_layernorm_12/Mul;/v_proj_12/MatMul__a_quant;/k_proj_12/MatMul__a_quant;/q_proj_12/MatMul__a_quant;/input_layernorm_12/Div
mixed_prefill,279,__mye726097_myl0_279,signal,UNKNOWN,UNKNOWN,NO_KERNEL,NONE,NONE,NONE,NONE,NONE,UNKNOWN
mixed_prefill,280,__mye726099_myl0_280,wait,UNKNOWN,UNKNOWN,NO_KERNEL,NONE,NONE,NONE,NONE,NONE,UNKNOWN
mixed_prefill,281,__myl_FcCas_myl0_281,fusion,L12:v_proj,LINEAR,GEMM,sm80_xmma_gemm_i8i8_i8i32_f32_tn_n_tilesize32x64x64_stage6_warpsize2x2x1_tensor16x8x32_by_fusion_tactic,1x-1x1024;1x1024x1024,Int8;Int8,1x-1x1024,Half,/v_proj_12/MatMul;/v_proj_12/MatMul__a_dequant;/v_proj_12/MatMul__a_quant;/v_proj_12/MatMul__w_dequant
mixed_prefill,282,__myl_ResTraResSliRepRes_myl0_282,kgen,L25:ATTENTION_VALUE,ATTENTION_GEMM,TENSORRT_INTERNAL,__myl_ResTraResSliRepRes_0xb5ca1ead775f2215fdc6b72339368a3f,1x-1x1024;1;1;1;1;1;1;1;1;1;1;1,Half;Int64;Int64;Int64;Int64;Int64;Int64;Int64;Int64;Int64;Int64;Int64,16x-1x128;1x8x-1x128,Half;Half,/Reshape_98;/Transpose_62;/Expand_25;/MatMul_25;/Unsqueeze_306
mixed_prefill,283,__mye726107_myl0_283,signal,UNKNOWN,UNKNOWN,NO_KERNEL,NONE,NONE,NONE,NONE,NONE,UNKNOWN
mixed_prefill,284,__mye726101_myl0_284,wait,UNKNOWN,UNKNOWN,NO_KERNEL,NONE,NONE,NONE,NONE,NONE,UNKNOWN
mixed_prefill,285,__myl_FcCas_myl0_285,fusion,L12:k_proj,LINEAR,GEMM,sm80_xmma_gemm_i8i8_i8i32_f32_tn_n_tilesize32x64x64_stage6_warpsize2x2x1_tensor16x8x32_by_fusion_tactic,1x-1x1024;1x1024x1024,Int8;Int8,1x-1x1024,Half,/k_proj_12/MatMul;/k_proj_12/MatMul__a_dequant;/k_proj_12/MatMul__a_quant;/k_proj_12/MatMul__w_dequant
mixed_prefill,286,__myl_ResMulMea_myl0_286,kgen,UNKNOWN,UNKNOWN,TENSORRT_INTERNAL,__myl_ResMulMea_0x356824d54c2e1ab1f7825eefa1e6b632_vec,1x-1x1024;1;1;1;1;1;1;1,Half;Int64;Int64;Int64;Int64;Int64;Int64;Int64,1x-1x8x1;1x-1x8x128,Half;Half,/Reshape_97;/k_norm_12/Pow;/k_norm_12/ReduceMean
mixed_prefill,287,__myl_AddSqrDivMulMulTraSliSliNegConMulMulAddResSliRepResTraRes_myl0_287,kgen,L24:ATTENTION_VALUE,ATTENTION_GEMM,TENSORRT_INTERNAL,__myl_AddSqrDivMulMulTraSliSliNegConMulMulAddResSliRepResTraRes_0x4ad536b524b3f7a2415d97f02da12733,1x1x-1x128;1x1x-1x128;1x1x1x128;1x-1x8x128;1x-1x8x1;1;1;1;1;1;1;1;1;1;1;1;1;1;1;1;1;1;1;1;1;1;1;1;1,Half;Half;Half;Half;Half;Int64;Int64;Int64;Int64;Int64;Int64;Int64;Int64;Int64;Int64;Int64;Int64;Int64;Int64;Int64;Int64;Int64;Int64;Int64;Int64;Int64;Int64;Int64;Int64,16x128x-1;1x8x-1x128,Half;Half,/k_norm_12/Add;/k_norm_12/Sqrt;/k_norm_12/Mul;/k_norm_12/Mul_1;/Transpose_61;/Slice_50;/Slice_51;/Concat_137;/Mul_112;/Add_49;/Mul_111;/Expand_24;/Reshape_100;/Transpose_63;/MatMul_24;/Unsqueeze_301;/Neg_25;/k_norm_12/Div
mixed_prefill,288,__mye726103_myl0_288,signal,UNKNOWN,UNKNOWN,NO_KERNEL,NONE,NONE,NONE,NONE,NONE,UNKNOWN
mixed_prefill,289,__myl_FcCas_myl0_289,fusion,L12:q_proj,LINEAR,GEMM,sm80_xmma_gemm_i8f32_i8i32_f32_tn_n_tilesize32x64x64_stage6_warpsize2x2x1_tensor16x8x32_by_fusion_tactic,1x-1x1024;1x1024x2048,Int8;Int8,1x-1x2048,Half,/q_proj_12/MatMul;/q_proj_12/MatMul__a_dequant;/q_proj_12/MatMul__a_quant;/q_proj_12/MatMul__w_dequant
mixed_prefill,290,__myl_ResMulMea_myl0_290,kgen,UNKNOWN,UNKNOWN,TENSORRT_INTERNAL,__myl_ResMulMea_0x9a67bce87aa70b5a86539a0972d2e0f6_vec,1x-1x2048;1;1;1;1;1;1;1;1,Half;Int64;Int64;Int64;Int64;Int64;Int64;Int64;Int64,1x-1x16x1;1x-1x16x128,Half;Half,/Reshape_96;/q_norm_12/Pow;/q_norm_12/ReduceMean
mixed_prefill,291,__myl_AddSqrDivMulMulTraSliSliNegConMulMulAddRes_myl0_291,kgen,L24:ATTENTION_VALUE,ATTENTION_GEMM,TENSORRT_INTERNAL,__myl_AddSqrDivMulMulTraSliSliNegConMulMulAddRes_0x6acc4948abd0f5b32a0e9f68913929b0,1x1x-1x128;1x1x-1x128;1x1x1x128;1x-1x16x128;1x-1x16x1;1;1;1;1;1,Half;Half;Half;Half;Half;Int64;Int64;Int64;Int64;Int64,16x-1x128,Half,/q_norm_12/Add;/q_norm_12/Sqrt;/q_norm_12/Mul;/q_norm_12/Mul_1;/Transpose_60;/Slice_48;/Slice_49;/Concat_136;/Mul_110;/Add_48;/Mul_109;/MatMul_24;/Neg_24;/q_norm_12/Div
mixed_prefill,292,__mye726105_myl0_292,wait,UNKNOWN,UNKNOWN,NO_KERNEL,NONE,NONE,NONE,NONE,NONE,UNKNOWN
mixed_prefill,293,__mye726109_myl0_293,wait,UNKNOWN,UNKNOWN,NO_KERNEL,NONE,NONE,NONE,NONE,NONE,UNKNOWN
mixed_prefill,294,_gemm_mha_v2_myl0_294,kgen,L12:o_proj,LINEAR,ATTENTION_GEMM,_gemm_mha_v2_0xb386849c29e984208fe41d8ff07d34fc,16x-1x128;16x128x-1;1x1x-1x-1;16x-1x128;1;1;1;1;1;1,Half;Half;Bool;Half;Int64;Int64;Int64;Int64;Int64;Int64,16x-1x128,Int8,/o_proj_12/MatMul__a_quant;/MatMul_25;/Softmax_12;/Where_38;/Mul_115;/MatMul_24
mixed_prefill,295,__myl_ResTra_myl0_295,kgen,L25:ATTENTION_VALUE,ATTENTION_GEMM,TENSORRT_INTERNAL,__myl_ResTra_0xc03916d7cfa55338996dbe92c4283d8c,16x-1x128;1;1;1,Int8;Int64;Int64;Int64,1x-1x16x128,Int8,/MatMul_25;/Transpose_64;/Reshape_103
mixed_prefill,296,__myl_FcCasAdd_myl0_296,fusion,L12:o_proj,LINEAR,GEMM,sm80_xmma_gemm_i8i8_i8i32_f32_tn_n_tilesize32x64x64_stage6_warpsize2x2x1_tensor16x8x32_by_fusion_tactic,1x-1x1024;1x-1x2048;1x2048x1024,Half;Int8;Int8,1x-1x1024,Half,/o_proj_12/MatMul;/o_proj_12/MatMul__a_dequant;/o_proj_12/MatMul__a_quant;/o_proj_12/MatMul__w_dequant;/Add_50
mixed_prefill,297,__myl_MulMeaAddSqrDivMulMulMulMinMaxRouCas_myl0_297,kgen,L12:gate_proj,LINEAR,TENSORRT_INTERNAL,__myl_MulMeaAddSqrDivMulMulMulMinMaxRouCas_0xc1e4e1e5e4fa4b9df1194c070c461029_vec,1x-1x1024;1x-1x1024;1x-1x1024;1x1x1024;1;1;1;1;1;1;1;1;1;1;1;1;1,Half;Half;Half;Half;Int64;Int64;Int64;Int64;Int64;Int64;Int64;Int64;Int64;Int64;Int64;Int64;Int64,1x-1x1024;1x-1x1024,Half;Int8,/post_attention_layernorm_12/Div;/gate_proj_12/MatMul__a_quant;/post_attention_layernorm_12/Mul_1;/post_attention_layernorm_12/Mul;/post_attention_layernorm_12/Add;/post_attention_layernorm_12/Sqrt;/post_attention_layernorm_12/ReduceMean;/post_attention_layernorm_12/Pow
mixed_prefill,298,/up_proj_12/MatMul_myl0_298,gemm,L12:up_proj,LINEAR,GEMM,ampere_h16816gemm_128x64_ldg8_nn_v1,1x-1x1024;1x1024x3072;1;1,Half;Half;Float;Float,1x-1x3072,Half,/up_proj_12/MatMul
mixed_prefill,299,__myl_FcCasNegExpAddDivMulMul_myl0_299,fusion,L12:gate_proj,LINEAR,GEMM,sm80_xmma_gemm_i8i8_i8i32_f32_tn_n_tilesize32x64x64_stage6_warpsize2x2x1_tensor16x8x32_by_fusion_tactic,1x-1x3072;1x-1x1024;1x1024x3072,Half;Int8;Int8,1x-1x3072,Half,/gate_proj_12/MatMul;/gate_proj_12/MatMul__a_dequant;/gate_proj_12/MatMul__a_quant;/gate_proj_12/MatMul__w_dequant;/Mul_116;/Mul_117;/Sigmoid_12
mixed_prefill,300,__myl_FcAdd_myl0_300,fusion,L12:down_proj,LINEAR,GEMM,sm80_xmma_gemm_f16f16_f16f16_f16_nn_n_tilesize128x64x64_stage3_warpsize2x2x1_tensor16x8x16_by_fusion_tactic,1x-1x1024;1x-1x3072;1x3072x1024,Half;Half;Half,1x-1x1024,Half,/down_proj_12/MatMul;/Add_51
mixed_prefill,301,__myl_MulMeaAddSqrDivMulMulMinMaxRouCasMulMinMaxRouCasMulMinMaxRouCas_myl0_301,kgen,L13:v_proj,LINEAR,TENSORRT_INTERNAL,__myl_MulMeaAddSqrDivMulMulMinMaxRouCasMulMinMaxRouCasMulMinMaxRouCas_0x14bacf080290e339db28d1223365390a_vec,1x1x1024;1x1x1024;1x1x1024;1x-1x1024;1x-1x1024;1x-1x1024;1;1;1;1;1;1;1;1;1;1;1;1;1;1;1;1;1;1;1;1;1;1;1,Half;Half;Half;Half;Half;Half;Int64;Int64;Int64;Int64;Int64;Int64;Int64;Int64;Int64;Int64;Int64;Int64;Int64;Int64;Int64;Int64;Int64;Int64;Int64;Int64;Int64;Int64;Int64,1x-1x1024;1x-1x1024;1x-1x1024,Int8;Int8;Int8,/input_layernorm_13/Pow;/input_layernorm_13/ReduceMean;/input_layernorm_13/Sqrt;/input_layernorm_13/Add;/input_layernorm_13/Mul;/v_proj_13/MatMul__a_quant;/k_proj_13/MatMul__a_quant;/q_proj_13/MatMul__a_quant;/input_layernorm_13/Div
mixed_prefill,302,__mye726111_myl0_302,signal,UNKNOWN,UNKNOWN,NO_KERNEL,NONE,NONE,NONE,NONE,NONE,UNKNOWN
mixed_prefill,303,__mye726113_myl0_303,wait,UNKNOWN,UNKNOWN,NO_KERNEL,NONE,NONE,NONE,NONE,NONE,UNKNOWN
mixed_prefill,304,__myl_FcCas_myl0_304,fusion,L13:v_proj,LINEAR,GEMM,sm80_xmma_gemm_i8i8_i8i32_f32_tn_n_tilesize32x64x64_stage6_warpsize2x2x1_tensor16x8x32_by_fusion_tactic,1x-1x1024;1x1024x1024,Int8;Int8,1x-1x1024,Half,/v_proj_13/MatMul;/v_proj_13/MatMul__a_dequant;/v_proj_13/MatMul__a_quant;/v_proj_13/MatMul__w_dequant
mixed_prefill,305,__myl_ResTraResSliRepRes_myl0_305,kgen,L27:ATTENTION_VALUE,ATTENTION_GEMM,TENSORRT_INTERNAL,__myl_ResTraResSliRepRes_0xb5ca1ead775f2215fdc6b72339368a3f,1x-1x1024;1;1;1;1;1;1;1;1;1;1;1,Half;Int64;Int64;Int64;Int64;Int64;Int64;Int64;Int64;Int64;Int64;Int64,16x-1x128;1x8x-1x128,Half;Half,/Reshape_106;/Transpose_67;/Expand_27;/MatMul_27;/Unsqueeze_330
mixed_prefill,306,__mye726121_myl0_306,signal,UNKNOWN,UNKNOWN,NO_KERNEL,NONE,NONE,NONE,NONE,NONE,UNKNOWN
mixed_prefill,307,__mye726115_myl0_307,wait,UNKNOWN,UNKNOWN,NO_KERNEL,NONE,NONE,NONE,NONE,NONE,UNKNOWN
mixed_prefill,308,__myl_FcCas_myl0_308,fusion,L13:k_proj,LINEAR,GEMM,sm80_xmma_gemm_i8i8_i8i32_f32_tn_n_tilesize32x64x64_stage6_warpsize2x2x1_tensor16x8x32_by_fusion_tactic,1x-1x1024;1x1024x1024,Int8;Int8,1x-1x1024,Half,/k_proj_13/MatMul;/k_proj_13/MatMul__a_dequant;/k_proj_13/MatMul__a_quant;/k_proj_13/MatMul__w_dequant
mixed_prefill,309,__myl_ResMulMea_myl0_309,kgen,UNKNOWN,UNKNOWN,TENSORRT_INTERNAL,__myl_ResMulMea_0x356824d54c2e1ab1f7825eefa1e6b632_vec,1x-1x1024;1;1;1;1;1;1;1,Half;Int64;Int64;Int64;Int64;Int64;Int64;Int64,1x-1x8x1;1x-1x8x128,Half;Half,/Reshape_105;/k_norm_13/Pow;/k_norm_13/ReduceMean
mixed_prefill,310,__myl_AddSqrDivMulMulTraSliSliNegConMulMulAddResSliRepResTraRes_myl0_310,kgen,L26:ATTENTION_VALUE,ATTENTION_GEMM,TENSORRT_INTERNAL,__myl_AddSqrDivMulMulTraSliSliNegConMulMulAddResSliRepResTraRes_0x4ad536b524b3f7a2415d97f02da12733,1x1x-1x128;1x1x-1x128;1x1x1x128;1x-1x8x128;1x-1x8x1;1;1;1;1;1;1;1;1;1;1;1;1;1;1;1;1;1;1;1;1;1;1;1;1,Half;Half;Half;Half;Half;Int64;Int64;Int64;Int64;Int64;Int64;Int64;Int64;Int64;Int64;Int64;Int64;Int64;Int64;Int64;Int64;Int64;Int64;Int64;Int64;Int64;Int64;Int64;Int64,16x128x-1;1x8x-1x128,Half;Half,/k_norm_13/Add;/k_norm_13/Sqrt;/k_norm_13/Mul;/k_norm_13/Mul_1;/Transpose_66;/Slice_54;/Slice_55;/Concat_148;/Mul_121;/Add_53;/Mul_120;/Expand_26;/Reshape_108;/Transpose_68;/MatMul_26;/Unsqueeze_325;/Neg_27;/k_norm_13/Div
mixed_prefill,311,__mye726117_myl0_311,signal,UNKNOWN,UNKNOWN,NO_KERNEL,NONE,NONE,NONE,NONE,NONE,UNKNOWN
mixed_prefill,312,__myl_FcCas_myl0_312,fusion,L13:q_proj,LINEAR,GEMM,sm80_xmma_gemm_i8f32_i8i32_f32_tn_n_tilesize32x64x64_stage6_warpsize2x2x1_tensor16x8x32_by_fusion_tactic,1x-1x1024;1x1024x2048,Int8;Int8,1x-1x2048,Half,/q_proj_13/MatMul;/q_proj_13/MatMul__a_dequant;/q_proj_13/MatMul__a_quant;/q_proj_13/MatMul__w_dequant
mixed_prefill,313,__myl_ResMulMea_myl0_313,kgen,UNKNOWN,UNKNOWN,TENSORRT_INTERNAL,__myl_ResMulMea_0x9a67bce87aa70b5a86539a0972d2e0f6_vec,1x-1x2048;1;1;1;1;1;1;1;1,Half;Int64;Int64;Int64;Int64;Int64;Int64;Int64;Int64,1x-1x16x1;1x-1x16x128,Half;Half,/Reshape_104;/q_norm_13/Pow;/q_norm_13/ReduceMean
mixed_prefill,314,__myl_AddSqrDivMulMulTraSliSliNegConMulMulAddRes_myl0_314,kgen,L26:ATTENTION_VALUE,ATTENTION_GEMM,TENSORRT_INTERNAL,__myl_AddSqrDivMulMulTraSliSliNegConMulMulAddRes_0x6acc4948abd0f5b32a0e9f68913929b0,1x1x-1x128;1x1x-1x128;1x1x1x128;1x-1x16x128;1x-1x16x1;1;1;1;1;1,Half;Half;Half;Half;Half;Int64;Int64;Int64;Int64;Int64,16x-1x128,Half,/q_norm_13/Add;/q_norm_13/Sqrt;/q_norm_13/Mul;/q_norm_13/Mul_1;/Transpose_65;/Slice_52;/Slice_53;/Concat_147;/Mul_119;/Add_52;/Mul_118;/MatMul_26;/Neg_26;/q_norm_13/Div
mixed_prefill,315,__mye726119_myl0_315,wait,UNKNOWN,UNKNOWN,NO_KERNEL,NONE,NONE,NONE,NONE,NONE,UNKNOWN
mixed_prefill,316,__mye726123_myl0_316,wait,UNKNOWN,UNKNOWN,NO_KERNEL,NONE,NONE,NONE,NONE,NONE,UNKNOWN
mixed_prefill,317,_gemm_mha_v2_myl0_317,kgen,L13:o_proj,LINEAR,ATTENTION_GEMM,_gemm_mha_v2_0xeb55f16e4b7e71fdcdb973b60cd3db5e,16x-1x128;16x128x-1;1x1x-1x-1;16x-1x128;1;1;1;1;1;1,Half;Half;Bool;Half;Int64;Int64;Int64;Int64;Int64;Int64,16x-1x128,Int8,/o_proj_13/MatMul__a_quant;/MatMul_27;/Softmax_13;/Where_41;/MatMul_26;/Mul_124
mixed_prefill,318,__myl_ResTra_myl0_318,kgen,L27:ATTENTION_VALUE,ATTENTION_GEMM,TENSORRT_INTERNAL,__myl_ResTra_0xc03916d7cfa55338996dbe92c4283d8c,16x-1x128;1;1;1,Int8;Int64;Int64;Int64,1x-1x16x128,Int8,/MatMul_27;/Transpose_69;/Reshape_111
mixed_prefill,319,__myl_FcCasAdd_myl0_319,fusion,L13:o_proj,LINEAR,GEMM,sm80_xmma_gemm_i8i8_i8i32_f32_tn_n_tilesize32x64x64_stage6_warpsize2x2x1_tensor16x8x32_by_fusion_tactic,1x-1x1024;1x-1x2048;1x2048x1024,Half;Int8;Int8,1x-1x1024,Half,/o_proj_13/MatMul;/o_proj_13/MatMul__a_dequant;/o_proj_13/MatMul__a_quant;/o_proj_13/MatMul__w_dequant;/Add_54
mixed_prefill,320,__myl_MulMeaAddSqrDivMulMulMulMinMaxRouCas_myl0_320,kgen,L13:gate_proj,LINEAR,TENSORRT_INTERNAL,__myl_MulMeaAddSqrDivMulMulMulMinMaxRouCas_0x2cc3c24a31f9b93e7da9ce04660164df_vec,1x-1x1024;1x-1x1024;1x-1x1024;1x1x1024;1;1;1;1;1;1;1;1;1;1;1;1;1,Half;Half;Half;Half;Int64;Int64;Int64;Int64;Int64;Int64;Int64;Int64;Int64;Int64;Int64;Int64;Int64,1x-1x1024;1x-1x1024,Half;Int8,/post_attention_layernorm_13/Div;/gate_proj_13/MatMul__a_quant;/post_attention_layernorm_13/Mul_1;/post_attention_layernorm_13/Mul;/post_attention_layernorm_13/Add;/post_attention_layernorm_13/Sqrt;/post_attention_layernorm_13/ReduceMean;/post_attention_layernorm_13/Pow
mixed_prefill,321,/up_proj_13/MatMul_myl0_321,gemm,L13:up_proj,LINEAR,GEMM,ampere_h16816gemm_128x64_ldg8_nn_v1,1x-1x1024;1x1024x3072;1;1,Half;Half;Float;Float,1x-1x3072,Half,/up_proj_13/MatMul
mixed_prefill,322,__myl_FcCasNegExpAddDivMulMul_myl0_322,fusion,L13:gate_proj,LINEAR,GEMM,sm80_xmma_gemm_i8i8_i8i32_f32_tn_n_tilesize32x64x64_stage6_warpsize2x2x1_tensor16x8x32_by_fusion_tactic,1x-1x3072;1x-1x1024;1x1024x3072,Half;Int8;Int8,1x-1x3072,Half,/gate_proj_13/MatMul;/gate_proj_13/MatMul__a_dequant;/gate_proj_13/MatMul__a_quant;/gate_proj_13/MatMul__w_dequant;/Mul_125;/Mul_126;/Sigmoid_13
mixed_prefill,323,__myl_FcAdd_myl0_323,fusion,L13:down_proj,LINEAR,GEMM,sm80_xmma_gemm_f16f16_f16f16_f16_nn_n_tilesize128x64x64_stage3_warpsize2x2x1_tensor16x8x16_by_fusion_tactic,1x-1x1024;1x-1x3072;1x3072x1024,Half;Half;Half,1x-1x1024,Half,/down_proj_13/MatMul;/Add_55
mixed_prefill,324,__myl_MulMeaAddSqrDivMulMulMinMaxRouCasMulMinMaxRouCasMulMinMaxRouCas_myl0_324,kgen,L14:v_proj,LINEAR,TENSORRT_INTERNAL,__myl_MulMeaAddSqrDivMulMulMinMaxRouCasMulMinMaxRouCasMulMinMaxRouCas_0x14bacf080290e339db28d1223365390a_vec,1x1x1024;1x1x1024;1x1x1024;1x-1x1024;1x-1x1024;1x-1x1024;1;1;1;1;1;1;1;1;1;1;1;1;1;1;1;1;1;1;1;1;1;1;1,Half;Half;Half;Half;Half;Half;Int64;Int64;Int64;Int64;Int64;Int64;Int64;Int64;Int64;Int64;Int64;Int64;Int64;Int64;Int64;Int64;Int64;Int64;Int64;Int64;Int64;Int64;Int64,1x-1x1024;1x-1x1024;1x-1x1024,Int8;Int8;Int8,/input_layernorm_14/Pow;/input_layernorm_14/ReduceMean;/input_layernorm_14/Sqrt;/input_layernorm_14/Add;/input_layernorm_14/Mul;/v_proj_14/MatMul__a_quant;/k_proj_14/MatMul__a_quant;/q_proj_14/MatMul__a_quant;/input_layernorm_14/Div
mixed_prefill,325,__mye726125_myl0_325,signal,UNKNOWN,UNKNOWN,NO_KERNEL,NONE,NONE,NONE,NONE,NONE,UNKNOWN
mixed_prefill,326,__mye726127_myl0_326,wait,UNKNOWN,UNKNOWN,NO_KERNEL,NONE,NONE,NONE,NONE,NONE,UNKNOWN
mixed_prefill,327,__myl_FcCas_myl0_327,fusion,L14:v_proj,LINEAR,GEMM,sm80_xmma_gemm_i8i8_i8i32_f32_tn_n_tilesize32x64x64_stage6_warpsize2x2x1_tensor16x8x32_by_fusion_tactic,1x-1x1024;1x1024x1024,Int8;Int8,1x-1x1024,Half,/v_proj_14/MatMul;/v_proj_14/MatMul__a_dequant;/v_proj_14/MatMul__a_quant;/v_proj_14/MatMul__w_dequant
mixed_prefill,328,__myl_ResTraResSliRepRes_myl0_328,kgen,L29:ATTENTION_VALUE,ATTENTION_GEMM,TENSORRT_INTERNAL,__myl_ResTraResSliRepRes_0xb5ca1ead775f2215fdc6b72339368a3f,1x-1x1024;1;1;1;1;1;1;1;1;1;1;1,Half;Int64;Int64;Int64;Int64;Int64;Int64;Int64;Int64;Int64;Int64;Int64,16x-1x128;1x8x-1x128,Half;Half,/Reshape_114;/Transpose_72;/Expand_29;/MatMul_29;/Unsqueeze_354
mixed_prefill,329,__mye726135_myl0_329,signal,UNKNOWN,UNKNOWN,NO_KERNEL,NONE,NONE,NONE,NONE,NONE,UNKNOWN
mixed_prefill,330,__mye726129_myl0_330,wait,UNKNOWN,UNKNOWN,NO_KERNEL,NONE,NONE,NONE,NONE,NONE,UNKNOWN
mixed_prefill,331,__myl_FcCas_myl0_331,fusion,L14:k_proj,LINEAR,GEMM,sm80_xmma_gemm_i8i8_i8i32_f32_tn_n_tilesize32x64x64_stage6_warpsize2x2x1_tensor16x8x32_by_fusion_tactic,1x-1x1024;1x1024x1024,Int8;Int8,1x-1x1024,Half,/k_proj_14/MatMul;/k_proj_14/MatMul__a_dequant;/k_proj_14/MatMul__a_quant;/k_proj_14/MatMul__w_dequant
mixed_prefill,332,__myl_ResMulMea_myl0_332,kgen,UNKNOWN,UNKNOWN,TENSORRT_INTERNAL,__myl_ResMulMea_0x356824d54c2e1ab1f7825eefa1e6b632_vec,1x-1x1024;1;1;1;1;1;1;1,Half;Int64;Int64;Int64;Int64;Int64;Int64;Int64,1x-1x8x1;1x-1x8x128,Half;Half,/Reshape_113;/k_norm_14/Pow;/k_norm_14/ReduceMean
mixed_prefill,333,__myl_AddSqrDivMulMulTraSliSliNegConMulMulAddResSliRepResTraRes_myl0_333,kgen,L28:ATTENTION_VALUE,ATTENTION_GEMM,TENSORRT_INTERNAL,__myl_AddSqrDivMulMulTraSliSliNegConMulMulAddResSliRepResTraRes_0x4ad536b524b3f7a2415d97f02da12733,1x1x-1x128;1x1x-1x128;1x1x1x128;1x-1x8x128;1x-1x8x1;1;1;1;1;1;1;1;1;1;1;1;1;1;1;1;1;1;1;1;1;1;1;1;1,Half;Half;Half;Half;Half;Int64;Int64;Int64;Int64;Int64;Int64;Int64;Int64;Int64;Int64;Int64;Int64;Int64;Int64;Int64;Int64;Int64;Int64;Int64;Int64;Int64;Int64;Int64;Int64,16x128x-1;1x8x-1x128,Half;Half,/k_norm_14/Add;/k_norm_14/Sqrt;/k_norm_14/Mul;/k_norm_14/Mul_1;/Transpose_71;/Slice_58;/Slice_59;/Concat_159;/Mul_130;/Add_57;/Mul_129;/Expand_28;/Reshape_116;/Transpose_73;/MatMul_28;/Unsqueeze_349;/Neg_29;/k_norm_14/Div
mixed_prefill,334,__mye726131_myl0_334,signal,UNKNOWN,UNKNOWN,NO_KERNEL,NONE,NONE,NONE,NONE,NONE,UNKNOWN
mixed_prefill,335,__myl_FcCas_myl0_335,fusion,L14:q_proj,LINEAR,GEMM,sm80_xmma_gemm_i8f32_i8i32_f32_tn_n_tilesize32x64x64_stage6_warpsize2x2x1_tensor16x8x32_by_fusion_tactic,1x-1x1024;1x1024x2048,Int8;Int8,1x-1x2048,Half,/q_proj_14/MatMul;/q_proj_14/MatMul__a_dequant;/q_proj_14/MatMul__a_quant;/q_proj_14/MatMul__w_dequant
mixed_prefill,336,__myl_ResMulMea_myl0_336,kgen,UNKNOWN,UNKNOWN,TENSORRT_INTERNAL,__myl_ResMulMea_0x9a67bce87aa70b5a86539a0972d2e0f6_vec,1x-1x2048;1;1;1;1;1;1;1;1,Half;Int64;Int64;Int64;Int64;Int64;Int64;Int64;Int64,1x-1x16x1;1x-1x16x128,Half;Half,/Reshape_112;/q_norm_14/Pow;/q_norm_14/ReduceMean
mixed_prefill,337,__myl_AddSqrDivMulMulTraSliSliNegConMulMulAddRes_myl0_337,kgen,L28:ATTENTION_VALUE,ATTENTION_GEMM,TENSORRT_INTERNAL,__myl_AddSqrDivMulMulTraSliSliNegConMulMulAddRes_0x6acc4948abd0f5b32a0e9f68913929b0,1x1x-1x128;1x1x-1x128;1x1x1x128;1x-1x16x128;1x-1x16x1;1;1;1;1;1,Half;Half;Half;Half;Half;Int64;Int64;Int64;Int64;Int64,16x-1x128,Half,/q_norm_14/Add;/q_norm_14/Sqrt;/q_norm_14/Mul;/q_norm_14/Mul_1;/Transpose_70;/Slice_56;/Slice_57;/Concat_158;/Mul_128;/Add_56;/Mul_127;/MatMul_28;/Neg_28;/q_norm_14/Div
mixed_prefill,338,__mye726133_myl0_338,wait,UNKNOWN,UNKNOWN,NO_KERNEL,NONE,NONE,NONE,NONE,NONE,UNKNOWN
mixed_prefill,339,__mye726137_myl0_339,wait,UNKNOWN,UNKNOWN,NO_KERNEL,NONE,NONE,NONE,NONE,NONE,UNKNOWN
mixed_prefill,340,_gemm_mha_v2_myl0_340,kgen,L29:ATTENTION_VALUE,ATTENTION_GEMM,ATTENTION_GEMM,_gemm_mha_v2_0xb1de950b39aeff343f8e5a6b250b0cff,16x-1x128;16x128x-1;1x1x-1x-1;16x-1x128;1;1;1;1;1,Half;Half;Bool;Half;Int64;Int64;Int64;Int64;Int64,16x-1x128,Half,/MatMul_29;/Softmax_14;/Where_44;/Mul_133;/MatMul_28
mixed_prefill,341,__myl_FcAdd_myl0_341,fusion,L14:o_proj,LINEAR,GEMM,sm80_xmma_gemm_f16f16_f16f16_f16_nn_n_tilesize128x64x64_stage3_warpsize2x2x1_tensor16x8x16_by_fusion_tactic,1x-1x1024;1x-1x2048;1x2048x1024,Half;Half;Half,1x-1x1024,Half,/o_proj_14/MatMul;/Add_58
mixed_prefill,342,__myl_MulMeaAddSqrDivMulMulMulMinMaxRouCas_myl0_342,kgen,L14:gate_proj,LINEAR,TENSORRT_INTERNAL,__myl_MulMeaAddSqrDivMulMulMulMinMaxRouCas_0xe663a90863e1c63edebb2571b115f54d_vec,1x-1x1024;1x-1x1024;1x-1x1024;1x1x1024;1;1;1;1;1;1;1;1;1;1;1;1;1,Half;Half;Half;Half;Int64;Int64;Int64;Int64;Int64;Int64;Int64;Int64;Int64;Int64;Int64;Int64;Int64,1x-1x1024;1x-1x1024,Half;Int8,/post_attention_layernorm_14/Div;/gate_proj_14/MatMul__a_quant;/post_attention_layernorm_14/Mul_1;/post_attention_layernorm_14/Mul;/post_attention_layernorm_14/Add;/post_attention_layernorm_14/Sqrt;/post_attention_layernorm_14/ReduceMean;/post_attention_layernorm_14/Pow
mixed_prefill,343,/up_proj_14/MatMul_myl0_343,gemm,L14:up_proj,LINEAR,GEMM,ampere_h16816gemm_128x64_ldg8_nn_v1,1x-1x1024;1x1024x3072;1;1,Half;Half;Float;Float,1x-1x3072,Half,/up_proj_14/MatMul
mixed_prefill,344,__myl_FcCasNegExpAddDivMulMul_myl0_344,fusion,L14:gate_proj,LINEAR,GEMM,sm80_xmma_gemm_i8i8_i8i32_f32_tn_n_tilesize32x64x64_stage6_warpsize2x2x1_tensor16x8x32_by_fusion_tactic,1x-1x3072;1x-1x1024;1x1024x3072,Half;Int8;Int8,1x-1x3072,Half,/gate_proj_14/MatMul;/gate_proj_14/MatMul__a_dequant;/gate_proj_14/MatMul__a_quant;/gate_proj_14/MatMul__w_dequant;/Mul_134;/Mul_135;/Sigmoid_14
mixed_prefill,345,__myl_FcAdd_myl0_345,fusion,L14:down_proj,LINEAR,GEMM,sm80_xmma_gemm_f16f16_f16f16_f16_nn_n_tilesize128x64x64_stage3_warpsize2x2x1_tensor16x8x16_by_fusion_tactic,1x-1x1024;1x-1x3072;1x3072x1024,Half;Half;Half,1x-1x1024,Half,/down_proj_14/MatMul;/Add_59
mixed_prefill,346,__myl_MulMeaAddSqrDivMulMulMinMaxRouCasMulMinMaxRouCasMulMinMaxRouCas_myl0_346,kgen,L15:v_proj,LINEAR,TENSORRT_INTERNAL,__myl_MulMeaAddSqrDivMulMulMinMaxRouCasMulMinMaxRouCasMulMinMaxRouCas_0x14bacf080290e339db28d1223365390a_vec,1x1x1024;1x1x1024;1x1x1024;1x-1x1024;1x-1x1024;1x-1x1024;1;1;1;1;1;1;1;1;1;1;1;1;1;1;1;1;1;1;1;1;1;1;1,Half;Half;Half;Half;Half;Half;Int64;Int64;Int64;Int64;Int64;Int64;Int64;Int64;Int64;Int64;Int64;Int64;Int64;Int64;Int64;Int64;Int64;Int64;Int64;Int64;Int64;Int64;Int64,1x-1x1024;1x-1x1024;1x-1x1024,Int8;Int8;Int8,/input_layernorm_15/Pow;/input_layernorm_15/ReduceMean;/input_layernorm_15/Sqrt;/input_layernorm_15/Add;/input_layernorm_15/Mul;/v_proj_15/MatMul__a_quant;/k_proj_15/MatMul__a_quant;/q_proj_15/MatMul__a_quant;/input_layernorm_15/Div
mixed_prefill,347,__mye726139_myl0_347,signal,UNKNOWN,UNKNOWN,NO_KERNEL,NONE,NONE,NONE,NONE,NONE,UNKNOWN
mixed_prefill,348,__mye726141_myl0_348,wait,UNKNOWN,UNKNOWN,NO_KERNEL,NONE,NONE,NONE,NONE,NONE,UNKNOWN
mixed_prefill,349,__myl_FcCas_myl0_349,fusion,L15:v_proj,LINEAR,GEMM,sm80_xmma_gemm_i8i8_i8i32_f32_tn_n_tilesize32x64x64_stage6_warpsize2x2x1_tensor16x8x32_by_fusion_tactic,1x-1x1024;1x1024x1024,Int8;Int8,1x-1x1024,Half,/v_proj_15/MatMul;/v_proj_15/MatMul__a_dequant;/v_proj_15/MatMul__a_quant;/v_proj_15/MatMul__w_dequant
mixed_prefill,350,__myl_ResTraResSliRepRes_myl0_350,kgen,L31:ATTENTION_VALUE,ATTENTION_GEMM,TENSORRT_INTERNAL,__myl_ResTraResSliRepRes_0xb5ca1ead775f2215fdc6b72339368a3f,1x-1x1024;1;1;1;1;1;1;1;1;1;1;1,Half;Int64;Int64;Int64;Int64;Int64;Int64;Int64;Int64;Int64;Int64;Int64,16x-1x128;1x8x-1x128,Half;Half,/Reshape_122;/Transpose_77;/Expand_31;/MatMul_31;/Unsqueeze_378
mixed_prefill,351,__mye726149_myl0_351,signal,UNKNOWN,UNKNOWN,NO_KERNEL,NONE,NONE,NONE,NONE,NONE,UNKNOWN
mixed_prefill,352,__mye726143_myl0_352,wait,UNKNOWN,UNKNOWN,NO_KERNEL,NONE,NONE,NONE,NONE,NONE,UNKNOWN
mixed_prefill,353,__myl_FcCas_myl0_353,fusion,L15:k_proj,LINEAR,GEMM,sm80_xmma_gemm_i8i8_i8i32_f32_tn_n_tilesize32x64x64_stage6_warpsize2x2x1_tensor16x8x32_by_fusion_tactic,1x-1x1024;1x1024x1024,Int8;Int8,1x-1x1024,Half,/k_proj_15/MatMul;/k_proj_15/MatMul__a_dequant;/k_proj_15/MatMul__a_quant;/k_proj_15/MatMul__w_dequant
mixed_prefill,354,__myl_ResMulMea_myl0_354,kgen,UNKNOWN,UNKNOWN,TENSORRT_INTERNAL,__myl_ResMulMea_0x356824d54c2e1ab1f7825eefa1e6b632_vec,1x-1x1024;1;1;1;1;1;1;1,Half;Int64;Int64;Int64;Int64;Int64;Int64;Int64,1x-1x8x1;1x-1x8x128,Half;Half,/Reshape_121;/k_norm_15/Pow;/k_norm_15/ReduceMean
mixed_prefill,355,__myl_AddSqrDivMulMulTraSliSliNegConMulMulAddResSliRepResTraRes_myl0_355,kgen,L30:ATTENTION_VALUE,ATTENTION_GEMM,TENSORRT_INTERNAL,__myl_AddSqrDivMulMulTraSliSliNegConMulMulAddResSliRepResTraRes_0x4ad536b524b3f7a2415d97f02da12733,1x1x-1x128;1x1x-1x128;1x1x1x128;1x-1x8x128;1x-1x8x1;1;1;1;1;1;1;1;1;1;1;1;1;1;1;1;1;1;1;1;1;1;1;1;1,Half;Half;Half;Half;Half;Int64;Int64;Int64;Int64;Int64;Int64;Int64;Int64;Int64;Int64;Int64;Int64;Int64;Int64;Int64;Int64;Int64;Int64;Int64;Int64;Int64;Int64;Int64;Int64,16x128x-1;1x8x-1x128,Half;Half,/k_norm_15/Add;/k_norm_15/Sqrt;/k_norm_15/Mul;/k_norm_15/Mul_1;/Transpose_76;/Slice_62;/Slice_63;/Concat_170;/Mul_139;/Add_61;/Mul_138;/Expand_30;/Reshape_124;/Transpose_78;/MatMul_30;/Unsqueeze_373;/Neg_31;/k_norm_15/Div
mixed_prefill,356,__mye726145_myl0_356,signal,UNKNOWN,UNKNOWN,NO_KERNEL,NONE,NONE,NONE,NONE,NONE,UNKNOWN
mixed_prefill,357,__myl_FcCas_myl0_357,fusion,L15:q_proj,LINEAR,GEMM,sm80_xmma_gemm_i8f32_i8i32_f32_tn_n_tilesize32x64x64_stage6_warpsize2x2x1_tensor16x8x32_by_fusion_tactic,1x-1x1024;1x1024x2048,Int8;Int8,1x-1x2048,Half,/q_proj_15/MatMul;/q_proj_15/MatMul__a_dequant;/q_proj_15/MatMul__a_quant;/q_proj_15/MatMul__w_dequant
mixed_prefill,358,__myl_ResMulMea_myl0_358,kgen,UNKNOWN,UNKNOWN,TENSORRT_INTERNAL,__myl_ResMulMea_0x9a67bce87aa70b5a86539a0972d2e0f6_vec,1x-1x2048;1;1;1;1;1;1;1;1,Half;Int64;Int64;Int64;Int64;Int64;Int64;Int64;Int64,1x-1x16x1;1x-1x16x128,Half;Half,/Reshape_120;/q_norm_15/Pow;/q_norm_15/ReduceMean
mixed_prefill,359,__myl_AddSqrDivMulMulTraSliSliNegConMulMulAddRes_myl0_359,kgen,L30:ATTENTION_VALUE,ATTENTION_GEMM,TENSORRT_INTERNAL,__myl_AddSqrDivMulMulTraSliSliNegConMulMulAddRes_0x6acc4948abd0f5b32a0e9f68913929b0,1x1x-1x128;1x1x-1x128;1x1x1x128;1x-1x16x128;1x-1x16x1;1;1;1;1;1,Half;Half;Half;Half;Half;Int64;Int64;Int64;Int64;Int64,16x-1x128,Half,/q_norm_15/Add;/q_norm_15/Sqrt;/q_norm_15/Mul;/q_norm_15/Mul_1;/Transpose_75;/Slice_60;/Slice_61;/Concat_169;/Mul_137;/Add_60;/Mul_136;/MatMul_30;/Neg_30;/q_norm_15/Div
mixed_prefill,360,__mye726147_myl0_360,wait,UNKNOWN,UNKNOWN,NO_KERNEL,NONE,NONE,NONE,NONE,NONE,UNKNOWN
mixed_prefill,361,__mye726151_myl0_361,wait,UNKNOWN,UNKNOWN,NO_KERNEL,NONE,NONE,NONE,NONE,NONE,UNKNOWN
mixed_prefill,362,_gemm_mha_v2_myl0_362,kgen,L15:o_proj,LINEAR,ATTENTION_GEMM,_gemm_mha_v2_0xc7841b14f7d92c2016746a6691400a52,16x-1x128;16x128x-1;1x1x-1x-1;16x-1x128;1;1;1;1;1;1,Half;Half;Bool;Half;Int64;Int64;Int64;Int64;Int64;Int64,16x-1x128,Int8,/o_proj_15/MatMul__a_quant;/MatMul_31;/Mul_142;/Where_47;/MatMul_30;/Softmax_15
mixed_prefill,363,__myl_ResTra_myl0_363,kgen,L31:ATTENTION_VALUE,ATTENTION_GEMM,TENSORRT_INTERNAL,__myl_ResTra_0xc03916d7cfa55338996dbe92c4283d8c,16x-1x128;1;1;1,Int8;Int64;Int64;Int64,1x-1x16x128,Int8,/MatMul_31;/Transpose_79;/Reshape_127
mixed_prefill,364,__myl_FcCasAdd_myl0_364,fusion,L15:o_proj,LINEAR,GEMM,sm80_xmma_gemm_i8i8_i8i32_f32_tn_n_tilesize32x64x64_stage6_warpsize2x2x1_tensor16x8x32_by_fusion_tactic,1x-1x1024;1x-1x2048;1x2048x1024,Half;Int8;Int8,1x-1x1024,Half,/o_proj_15/MatMul;/o_proj_15/MatMul__a_dequant;/o_proj_15/MatMul__a_quant;/o_proj_15/MatMul__w_dequant;/Add_62
mixed_prefill,365,__myl_MulMeaAddSqrDivMulMulMulMinMaxRouCas_myl0_365,kgen,L15:gate_proj,LINEAR,TENSORRT_INTERNAL,__myl_MulMeaAddSqrDivMulMulMulMinMaxRouCas_0x55aaf8a4cec60956953a80afc5c7b2a6_vec,1x-1x1024;1x-1x1024;1x-1x1024;1x1x1024;1;1;1;1;1;1;1;1;1;1;1;1;1,Half;Half;Half;Half;Int64;Int64;Int64;Int64;Int64;Int64;Int64;Int64;Int64;Int64;Int64;Int64;Int64,1x-1x1024;1x-1x1024,Half;Int8,/post_attention_layernorm_15/Div;/gate_proj_15/MatMul__a_quant;/post_attention_layernorm_15/Mul_1;/post_attention_layernorm_15/Mul;/post_attention_layernorm_15/Add;/post_attention_layernorm_15/Sqrt;/post_attention_layernorm_15/ReduceMean;/post_attention_layernorm_15/Pow
mixed_prefill,366,/up_proj_15/MatMul_myl0_366,gemm,L15:up_proj,LINEAR,GEMM,ampere_h16816gemm_128x64_ldg8_nn_v1,1x-1x1024;1x1024x3072;1;1,Half;Half;Float;Float,1x-1x3072,Half,/up_proj_15/MatMul
mixed_prefill,367,__myl_FcCasNegExpAddDivMulMul_myl0_367,fusion,L15:gate_proj,LINEAR,GEMM,sm80_xmma_gemm_i8i8_i8i32_f32_tn_n_tilesize32x64x64_stage6_warpsize2x2x1_tensor16x8x32_by_fusion_tactic,1x-1x3072;1x-1x1024;1x1024x3072,Half;Int8;Int8,1x-1x3072,Half,/gate_proj_15/MatMul;/gate_proj_15/MatMul__a_dequant;/gate_proj_15/MatMul__a_quant;/gate_proj_15/MatMul__w_dequant;/Mul_143;/Mul_144;/Sigmoid_15
mixed_prefill,368,__myl_FcAdd_myl0_368,fusion,L15:down_proj,LINEAR,GEMM,sm80_xmma_gemm_f16f16_f16f16_f16_nn_n_tilesize128x64x64_stage3_warpsize2x2x1_tensor16x8x16_by_fusion_tactic,1x-1x1024;1x-1x3072;1x3072x1024,Half;Half;Half,1x-1x1024,Half,/down_proj_15/MatMul;/Add_63
mixed_prefill,369,__myl_MulMeaAddSqrDivMulMulMinMaxRouCasMulMinMaxRouCasMulMinMaxRouCas_myl0_369,kgen,L16:v_proj,LINEAR,TENSORRT_INTERNAL,__myl_MulMeaAddSqrDivMulMulMinMaxRouCasMulMinMaxRouCasMulMinMaxRouCas_0x14bacf080290e339db28d1223365390a_vec,1x1x1024;1x1x1024;1x1x1024;1x-1x1024;1x-1x1024;1x-1x1024;1;1;1;1;1;1;1;1;1;1;1;1;1;1;1;1;1;1;1;1;1;1;1,Half;Half;Half;Half;Half;Half;Int64;Int64;Int64;Int64;Int64;Int64;Int64;Int64;Int64;Int64;Int64;Int64;Int64;Int64;Int64;Int64;Int64;Int64;Int64;Int64;Int64;Int64;Int64,1x-1x1024;1x-1x1024;1x-1x1024,Int8;Int8;Int8,/input_layernorm_16/Pow;/input_layernorm_16/ReduceMean;/input_layernorm_16/Sqrt;/input_layernorm_16/Add;/input_layernorm_16/Mul;/v_proj_16/MatMul__a_quant;/k_proj_16/MatMul__a_quant;/q_proj_16/MatMul__a_quant;/input_layernorm_16/Div
mixed_prefill,370,__mye726153_myl0_370,signal,UNKNOWN,UNKNOWN,NO_KERNEL,NONE,NONE,NONE,NONE,NONE,UNKNOWN
mixed_prefill,371,__mye726155_myl0_371,wait,UNKNOWN,UNKNOWN,NO_KERNEL,NONE,NONE,NONE,NONE,NONE,UNKNOWN
mixed_prefill,372,__myl_FcCas_myl0_372,fusion,L16:v_proj,LINEAR,GEMM,sm80_xmma_gemm_i8i8_i8i32_f32_tn_n_tilesize32x64x64_stage6_warpsize2x2x1_tensor16x8x32_by_fusion_tactic,1x-1x1024;1x1024x1024,Int8;Int8,1x-1x1024,Half,/v_proj_16/MatMul;/v_proj_16/MatMul__a_dequant;/v_proj_16/MatMul__a_quant;/v_proj_16/MatMul__w_dequant
mixed_prefill,373,__myl_ResTraResSliRepRes_myl0_373,kgen,L33:ATTENTION_VALUE,ATTENTION_GEMM,TENSORRT_INTERNAL,__myl_ResTraResSliRepRes_0xb5ca1ead775f2215fdc6b72339368a3f,1x-1x1024;1;1;1;1;1;1;1;1;1;1;1,Half;Int64;Int64;Int64;Int64;Int64;Int64;Int64;Int64;Int64;Int64;Int64,16x-1x128;1x8x-1x128,Half;Half,/Reshape_130;/Transpose_82;/Expand_33;/MatMul_33;/Unsqueeze_402
mixed_prefill,374,__mye726163_myl0_374,signal,UNKNOWN,UNKNOWN,NO_KERNEL,NONE,NONE,NONE,NONE,NONE,UNKNOWN
mixed_prefill,375,__mye726157_myl0_375,wait,UNKNOWN,UNKNOWN,NO_KERNEL,NONE,NONE,NONE,NONE,NONE,UNKNOWN
mixed_prefill,376,__myl_FcCas_myl0_376,fusion,L16:k_proj,LINEAR,GEMM,sm80_xmma_gemm_i8i8_i8i32_f32_tn_n_tilesize32x64x64_stage6_warpsize2x2x1_tensor16x8x32_by_fusion_tactic,1x-1x1024;1x1024x1024,Int8;Int8,1x-1x1024,Half,/k_proj_16/MatMul;/k_proj_16/MatMul__a_dequant;/k_proj_16/MatMul__a_quant;/k_proj_16/MatMul__w_dequant
mixed_prefill,377,__myl_ResMulMea_myl0_377,kgen,UNKNOWN,UNKNOWN,TENSORRT_INTERNAL,__myl_ResMulMea_0x356824d54c2e1ab1f7825eefa1e6b632_vec,1x-1x1024;1;1;1;1;1;1;1,Half;Int64;Int64;Int64;Int64;Int64;Int64;Int64,1x-1x8x1;1x-1x8x128,Half;Half,/Reshape_129;/k_norm_16/Pow;/k_norm_16/ReduceMean
mixed_prefill,378,__myl_AddSqrDivMulMulTraSliSliNegConMulMulAddResSliRepResTraRes_myl0_378,kgen,L32:ATTENTION_VALUE,ATTENTION_GEMM,TENSORRT_INTERNAL,__myl_AddSqrDivMulMulTraSliSliNegConMulMulAddResSliRepResTraRes_0x4ad536b524b3f7a2415d97f02da12733,1x1x-1x128;1x1x-1x128;1x1x1x128;1x-1x8x128;1x-1x8x1;1;1;1;1;1;1;1;1;1;1;1;1;1;1;1;1;1;1;1;1;1;1;1;1,Half;Half;Half;Half;Half;Int64;Int64;Int64;Int64;Int64;Int64;Int64;Int64;Int64;Int64;Int64;Int64;Int64;Int64;Int64;Int64;Int64;Int64;Int64;Int64;Int64;Int64;Int64;Int64,16x128x-1;1x8x-1x128,Half;Half,/k_norm_16/Add;/k_norm_16/Sqrt;/k_norm_16/Mul;/k_norm_16/Mul_1;/Transpose_81;/Slice_66;/Slice_67;/Concat_181;/Mul_148;/Add_65;/Mul_147;/Expand_32;/Reshape_132;/Transpose_83;/MatMul_32;/Unsqueeze_397;/Neg_33;/k_norm_16/Div
mixed_prefill,379,__mye726159_myl0_379,signal,UNKNOWN,UNKNOWN,NO_KERNEL,NONE,NONE,NONE,NONE,NONE,UNKNOWN
mixed_prefill,380,__myl_FcCas_myl0_380,fusion,L16:q_proj,LINEAR,GEMM,sm80_xmma_gemm_i8f32_i8i32_f32_tn_n_tilesize32x64x64_stage6_warpsize2x2x1_tensor16x8x32_by_fusion_tactic,1x-1x1024;1x1024x2048,Int8;Int8,1x-1x2048,Half,/q_proj_16/MatMul;/q_proj_16/MatMul__a_dequant;/q_proj_16/MatMul__a_quant;/q_proj_16/MatMul__w_dequant
mixed_prefill,381,__myl_ResMulMea_myl0_381,kgen,UNKNOWN,UNKNOWN,TENSORRT_INTERNAL,__myl_ResMulMea_0x9a67bce87aa70b5a86539a0972d2e0f6_vec,1x-1x2048;1;1;1;1;1;1;1;1,Half;Int64;Int64;Int64;Int64;Int64;Int64;Int64;Int64,1x-1x16x1;1x-1x16x128,Half;Half,/Reshape_128;/q_norm_16/Pow;/q_norm_16/ReduceMean
mixed_prefill,382,__myl_AddSqrDivMulMulTraSliSliNegConMulMulAddRes_myl0_382,kgen,L32:ATTENTION_VALUE,ATTENTION_GEMM,TENSORRT_INTERNAL,__myl_AddSqrDivMulMulTraSliSliNegConMulMulAddRes_0x6acc4948abd0f5b32a0e9f68913929b0,1x1x-1x128;1x1x-1x128;1x1x1x128;1x-1x16x128;1x-1x16x1;1;1;1;1;1,Half;Half;Half;Half;Half;Int64;Int64;Int64;Int64;Int64,16x-1x128,Half,/q_norm_16/Add;/q_norm_16/Sqrt;/q_norm_16/Mul;/q_norm_16/Mul_1;/Transpose_80;/Slice_64;/Slice_65;/Concat_180;/Mul_146;/Add_64;/Mul_145;/MatMul_32;/Neg_32;/q_norm_16/Div
mixed_prefill,383,__mye726161_myl0_383,wait,UNKNOWN,UNKNOWN,NO_KERNEL,NONE,NONE,NONE,NONE,NONE,UNKNOWN
mixed_prefill,384,__mye726165_myl0_384,wait,UNKNOWN,UNKNOWN,NO_KERNEL,NONE,NONE,NONE,NONE,NONE,UNKNOWN
mixed_prefill,385,_gemm_mha_v2_myl0_385,kgen,L16:o_proj,LINEAR,ATTENTION_GEMM,_gemm_mha_v2_0x1c8140cface6b993997d7cd4b7477616,16x-1x128;16x128x-1;1x1x-1x-1;16x-1x128;1;1;1;1;1;1,Half;Half;Bool;Half;Int64;Int64;Int64;Int64;Int64;Int64,16x-1x128,Int8,/o_proj_16/MatMul__a_quant;/MatMul_33;/Softmax_16;/Where_50;/Mul_151;/MatMul_32
mixed_prefill,386,__myl_ResTra_myl0_386,kgen,L33:ATTENTION_VALUE,ATTENTION_GEMM,TENSORRT_INTERNAL,__myl_ResTra_0xc03916d7cfa55338996dbe92c4283d8c,16x-1x128;1;1;1,Int8;Int64;Int64;Int64,1x-1x16x128,Int8,/MatMul_33;/Transpose_84;/Reshape_135
mixed_prefill,387,__myl_FcCasAdd_myl0_387,fusion,L16:o_proj,LINEAR,GEMM,sm80_xmma_gemm_i8i8_i8i32_f32_tn_n_tilesize32x64x64_stage6_warpsize2x2x1_tensor16x8x32_by_fusion_tactic,1x-1x1024;1x-1x2048;1x2048x1024,Half;Int8;Int8,1x-1x1024,Half,/o_proj_16/MatMul;/o_proj_16/MatMul__a_dequant;/o_proj_16/MatMul__a_quant;/o_proj_16/MatMul__w_dequant;/Add_66
mixed_prefill,388,__myl_MulMeaAddSqrDivMulMulMulMinMaxRouCas_myl0_388,kgen,L16:gate_proj,LINEAR,TENSORRT_INTERNAL,__myl_MulMeaAddSqrDivMulMulMulMinMaxRouCas_0x39930415a2956c4b8d18ef510c0d5c8a_vec,1x-1x1024;1x-1x1024;1x-1x1024;1x1x1024;1;1;1;1;1;1;1;1;1;1;1;1;1,Half;Half;Half;Half;Int64;Int64;Int64;Int64;Int64;Int64;Int64;Int64;Int64;Int64;Int64;Int64;Int64,1x-1x1024;1x-1x1024,Half;Int8,/post_attention_layernorm_16/Div;/gate_proj_16/MatMul__a_quant;/post_attention_layernorm_16/Mul_1;/post_attention_layernorm_16/Mul;/post_attention_layernorm_16/Add;/post_attention_layernorm_16/Sqrt;/post_attention_layernorm_16/ReduceMean;/post_attention_layernorm_16/Pow
mixed_prefill,389,/up_proj_16/MatMul_myl0_389,gemm,L16:up_proj,LINEAR,GEMM,ampere_h16816gemm_128x64_ldg8_nn_v1,1x-1x1024;1x1024x3072;1;1,Half;Half;Float;Float,1x-1x3072,Half,/up_proj_16/MatMul
mixed_prefill,390,__myl_FcCasNegExpAddDivMulMul_myl0_390,fusion,L16:gate_proj,LINEAR,GEMM,sm80_xmma_gemm_i8i8_i8i32_f32_tn_n_tilesize32x64x64_stage6_warpsize2x2x1_tensor16x8x32_by_fusion_tactic,1x-1x3072;1x-1x1024;1x1024x3072,Half;Int8;Int8,1x-1x3072,Half,/gate_proj_16/MatMul;/gate_proj_16/MatMul__a_dequant;/gate_proj_16/MatMul__a_quant;/gate_proj_16/MatMul__w_dequant;/Mul_152;/Mul_153;/Sigmoid_16
mixed_prefill,391,__myl_FcAdd_myl0_391,fusion,L16:down_proj,LINEAR,GEMM,sm80_xmma_gemm_f16f16_f16f16_f16_nn_n_tilesize128x64x64_stage3_warpsize2x2x1_tensor16x8x16_by_fusion_tactic,1x-1x1024;1x-1x3072;1x3072x1024,Half;Half;Half,1x-1x1024,Half,/down_proj_16/MatMul;/Add_67
mixed_prefill,392,__myl_MulMeaAddSqrDivMulMulMinMaxRouCasMulMinMaxRouCasMulMinMaxRouCas_myl0_392,kgen,L17:v_proj,LINEAR,TENSORRT_INTERNAL,__myl_MulMeaAddSqrDivMulMulMinMaxRouCasMulMinMaxRouCasMulMinMaxRouCas_0x14bacf080290e339db28d1223365390a_vec,1x1x1024;1x1x1024;1x1x1024;1x-1x1024;1x-1x1024;1x-1x1024;1;1;1;1;1;1;1;1;1;1;1;1;1;1;1;1;1;1;1;1;1;1;1,Half;Half;Half;Half;Half;Half;Int64;Int64;Int64;Int64;Int64;Int64;Int64;Int64;Int64;Int64;Int64;Int64;Int64;Int64;Int64;Int64;Int64;Int64;Int64;Int64;Int64;Int64;Int64,1x-1x1024;1x-1x1024;1x-1x1024,Int8;Int8;Int8,/input_layernorm_17/Pow;/input_layernorm_17/ReduceMean;/input_layernorm_17/Sqrt;/input_layernorm_17/Add;/input_layernorm_17/Mul;/v_proj_17/MatMul__a_quant;/k_proj_17/MatMul__a_quant;/q_proj_17/MatMul__a_quant;/input_layernorm_17/Div
mixed_prefill,393,__mye726167_myl0_393,signal,UNKNOWN,UNKNOWN,NO_KERNEL,NONE,NONE,NONE,NONE,NONE,UNKNOWN
mixed_prefill,394,__mye726169_myl0_394,wait,UNKNOWN,UNKNOWN,NO_KERNEL,NONE,NONE,NONE,NONE,NONE,UNKNOWN
mixed_prefill,395,__myl_FcCas_myl0_395,fusion,L17:v_proj,LINEAR,GEMM,sm80_xmma_gemm_i8i8_i8i32_f32_tn_n_tilesize32x64x64_stage6_warpsize2x2x1_tensor16x8x32_by_fusion_tactic,1x-1x1024;1x1024x1024,Int8;Int8,1x-1x1024,Half,/v_proj_17/MatMul;/v_proj_17/MatMul__a_dequant;/v_proj_17/MatMul__a_quant;/v_proj_17/MatMul__w_dequant
mixed_prefill,396,__myl_ResTraResSliRepRes_myl0_396,kgen,L35:ATTENTION_VALUE,ATTENTION_GEMM,TENSORRT_INTERNAL,__myl_ResTraResSliRepRes_0xb5ca1ead775f2215fdc6b72339368a3f,1x-1x1024;1;1;1;1;1;1;1;1;1;1;1,Half;Int64;Int64;Int64;Int64;Int64;Int64;Int64;Int64;Int64;Int64;Int64,16x-1x128;1x8x-1x128,Half;Half,/Reshape_138;/Transpose_87;/Expand_35;/MatMul_35;/Unsqueeze_426
mixed_prefill,397,__mye726177_myl0_397,signal,UNKNOWN,UNKNOWN,NO_KERNEL,NONE,NONE,NONE,NONE,NONE,UNKNOWN
mixed_prefill,398,__mye726171_myl0_398,wait,UNKNOWN,UNKNOWN,NO_KERNEL,NONE,NONE,NONE,NONE,NONE,UNKNOWN
mixed_prefill,399,__myl_FcCas_myl0_399,fusion,L17:k_proj,LINEAR,GEMM,sm80_xmma_gemm_i8i8_i8i32_f32_tn_n_tilesize32x64x64_stage6_warpsize2x2x1_tensor16x8x32_by_fusion_tactic,1x-1x1024;1x1024x1024,Int8;Int8,1x-1x1024,Half,/k_proj_17/MatMul;/k_proj_17/MatMul__a_dequant;/k_proj_17/MatMul__a_quant;/k_proj_17/MatMul__w_dequant
mixed_prefill,400,__myl_ResMulMea_myl0_400,kgen,UNKNOWN,UNKNOWN,TENSORRT_INTERNAL,__myl_ResMulMea_0x356824d54c2e1ab1f7825eefa1e6b632_vec,1x-1x1024;1;1;1;1;1;1;1,Half;Int64;Int64;Int64;Int64;Int64;Int64;Int64,1x-1x8x1;1x-1x8x128,Half;Half,/Reshape_137;/k_norm_17/Pow;/k_norm_17/ReduceMean
mixed_prefill,401,__myl_AddSqrDivMulMulTraSliSliNegConMulMulAddResSliRepResTraRes_myl0_401,kgen,L34:ATTENTION_VALUE,ATTENTION_GEMM,TENSORRT_INTERNAL,__myl_AddSqrDivMulMulTraSliSliNegConMulMulAddResSliRepResTraRes_0x4ad536b524b3f7a2415d97f02da12733,1x1x-1x128;1x1x-1x128;1x1x1x128;1x-1x8x128;1x-1x8x1;1;1;1;1;1;1;1;1;1;1;1;1;1;1;1;1;1;1;1;1;1;1;1;1,Half;Half;Half;Half;Half;Int64;Int64;Int64;Int64;Int64;Int64;Int64;Int64;Int64;Int64;Int64;Int64;Int64;Int64;Int64;Int64;Int64;Int64;Int64;Int64;Int64;Int64;Int64;Int64,16x128x-1;1x8x-1x128,Half;Half,/k_norm_17/Add;/k_norm_17/Sqrt;/k_norm_17/Mul;/k_norm_17/Mul_1;/Transpose_86;/Slice_70;/Slice_71;/Concat_192;/Mul_157;/Add_69;/Mul_156;/Expand_34;/Reshape_140;/Transpose_88;/MatMul_34;/Unsqueeze_421;/Neg_35;/k_norm_17/Div
mixed_prefill,402,__mye726173_myl0_402,signal,UNKNOWN,UNKNOWN,NO_KERNEL,NONE,NONE,NONE,NONE,NONE,UNKNOWN
mixed_prefill,403,__myl_FcCas_myl0_403,fusion,L17:q_proj,LINEAR,GEMM,sm80_xmma_gemm_i8f32_i8i32_f32_tn_n_tilesize32x64x64_stage6_warpsize2x2x1_tensor16x8x32_by_fusion_tactic,1x-1x1024;1x1024x2048,Int8;Int8,1x-1x2048,Half,/q_proj_17/MatMul;/q_proj_17/MatMul__a_dequant;/q_proj_17/MatMul__a_quant;/q_proj_17/MatMul__w_dequant
mixed_prefill,404,__myl_ResMulMea_myl0_404,kgen,UNKNOWN,UNKNOWN,TENSORRT_INTERNAL,__myl_ResMulMea_0x9a67bce87aa70b5a86539a0972d2e0f6_vec,1x-1x2048;1;1;1;1;1;1;1;1,Half;Int64;Int64;Int64;Int64;Int64;Int64;Int64;Int64,1x-1x16x1;1x-1x16x128,Half;Half,/Reshape_136;/q_norm_17/Pow;/q_norm_17/ReduceMean
mixed_prefill,405,__myl_AddSqrDivMulMulTraSliSliNegConMulMulAddRes_myl0_405,kgen,L34:ATTENTION_VALUE,ATTENTION_GEMM,TENSORRT_INTERNAL,__myl_AddSqrDivMulMulTraSliSliNegConMulMulAddRes_0x6acc4948abd0f5b32a0e9f68913929b0,1x1x-1x128;1x1x-1x128;1x1x1x128;1x-1x16x128;1x-1x16x1;1;1;1;1;1,Half;Half;Half;Half;Half;Int64;Int64;Int64;Int64;Int64,16x-1x128,Half,/q_norm_17/Add;/q_norm_17/Sqrt;/q_norm_17/Mul;/q_norm_17/Mul_1;/Transpose_85;/Slice_68;/Slice_69;/Concat_191;/Mul_155;/Add_68;/Mul_154;/MatMul_34;/Neg_34;/q_norm_17/Div
mixed_prefill,406,__mye726175_myl0_406,wait,UNKNOWN,UNKNOWN,NO_KERNEL,NONE,NONE,NONE,NONE,NONE,UNKNOWN
mixed_prefill,407,__mye726179_myl0_407,wait,UNKNOWN,UNKNOWN,NO_KERNEL,NONE,NONE,NONE,NONE,NONE,UNKNOWN
mixed_prefill,408,_gemm_mha_v2_myl0_408,kgen,L17:o_proj,LINEAR,ATTENTION_GEMM,_gemm_mha_v2_0xe051501b8c48027b8c2c96139ee1b93f,16x-1x128;16x128x-1;1x1x-1x-1;16x-1x128;1;1;1;1;1;1,Half;Half;Bool;Half;Int64;Int64;Int64;Int64;Int64;Int64,16x-1x128,Int8,/o_proj_17/MatMul__a_quant;/MatMul_35;/Softmax_17;/Mul_160;/Where_53;/MatMul_34
mixed_prefill,409,__myl_ResTra_myl0_409,kgen,L35:ATTENTION_VALUE,ATTENTION_GEMM,TENSORRT_INTERNAL,__myl_ResTra_0xc03916d7cfa55338996dbe92c4283d8c,16x-1x128;1;1;1,Int8;Int64;Int64;Int64,1x-1x16x128,Int8,/MatMul_35;/Transpose_89;/Reshape_143
mixed_prefill,410,__myl_FcCasAdd_myl0_410,fusion,L17:o_proj,LINEAR,GEMM,sm80_xmma_gemm_i8i8_i8i32_f32_tn_n_tilesize32x64x64_stage6_warpsize2x2x1_tensor16x8x32_by_fusion_tactic,1x-1x1024;1x-1x2048;1x2048x1024,Half;Int8;Int8,1x-1x1024,Half,/o_proj_17/MatMul;/o_proj_17/MatMul__a_dequant;/o_proj_17/MatMul__a_quant;/o_proj_17/MatMul__w_dequant;/Add_70
mixed_prefill,411,__myl_MulMeaAddSqrDivMulMulMulMinMaxRouCas_myl0_411,kgen,L17:gate_proj,LINEAR,TENSORRT_INTERNAL,__myl_MulMeaAddSqrDivMulMulMulMinMaxRouCas_0xdb3307c818c43e652e527c56f123786c_vec,1x-1x1024;1x-1x1024;1x-1x1024;1x1x1024;1;1;1;1;1;1;1;1;1;1;1;1;1,Half;Half;Half;Half;Int64;Int64;Int64;Int64;Int64;Int64;Int64;Int64;Int64;Int64;Int64;Int64;Int64,1x-1x1024;1x-1x1024,Half;Int8,/post_attention_layernorm_17/Div;/gate_proj_17/MatMul__a_quant;/post_attention_layernorm_17/Mul_1;/post_attention_layernorm_17/Mul;/post_attention_layernorm_17/Add;/post_attention_layernorm_17/Sqrt;/post_attention_layernorm_17/ReduceMean;/post_attention_layernorm_17/Pow
mixed_prefill,412,/up_proj_17/MatMul_myl0_412,gemm,L17:up_proj,LINEAR,GEMM,ampere_h16816gemm_128x64_ldg8_nn_v1,1x-1x1024;1x1024x3072;1;1,Half;Half;Float;Float,1x-1x3072,Half,/up_proj_17/MatMul
mixed_prefill,413,__myl_FcCasNegExpAddDivMulMul_myl0_413,fusion,L17:gate_proj,LINEAR,GEMM,sm80_xmma_gemm_i8i8_i8i32_f32_tn_n_tilesize32x64x64_stage6_warpsize2x2x1_tensor16x8x32_by_fusion_tactic,1x-1x3072;1x-1x1024;1x1024x3072,Half;Int8;Int8,1x-1x3072,Half,/gate_proj_17/MatMul;/gate_proj_17/MatMul__a_dequant;/gate_proj_17/MatMul__a_quant;/gate_proj_17/MatMul__w_dequant;/Mul_161;/Mul_162;/Sigmoid_17
mixed_prefill,414,__myl_FcAdd_myl0_414,fusion,L17:down_proj,LINEAR,GEMM,sm80_xmma_gemm_f16f16_f16f16_f16_nn_n_tilesize128x64x64_stage3_warpsize2x2x1_tensor16x8x16_by_fusion_tactic,1x-1x1024;1x-1x3072;1x3072x1024,Half;Half;Half,1x-1x1024,Half,/down_proj_17/MatMul;/Add_71
mixed_prefill,415,__myl_MulMeaAddSqrDivMulMulMinMaxRouCasMulMinMaxRouCasMulMinMaxRouCas_myl0_415,kgen,L18:v_proj,LINEAR,TENSORRT_INTERNAL,__myl_MulMeaAddSqrDivMulMulMinMaxRouCasMulMinMaxRouCasMulMinMaxRouCas_0x14bacf080290e339db28d1223365390a_vec,1x1x1024;1x1x1024;1x1x1024;1x-1x1024;1x-1x1024;1x-1x1024;1;1;1;1;1;1;1;1;1;1;1;1;1;1;1;1;1;1;1;1;1;1;1,Half;Half;Half;Half;Half;Half;Int64;Int64;Int64;Int64;Int64;Int64;Int64;Int64;Int64;Int64;Int64;Int64;Int64;Int64;Int64;Int64;Int64;Int64;Int64;Int64;Int64;Int64;Int64,1x-1x1024;1x-1x1024;1x-1x1024,Int8;Int8;Int8,/input_layernorm_18/Pow;/input_layernorm_18/ReduceMean;/input_layernorm_18/Sqrt;/input_layernorm_18/Add;/input_layernorm_18/Mul;/v_proj_18/MatMul__a_quant;/k_proj_18/MatMul__a_quant;/q_proj_18/MatMul__a_quant;/input_layernorm_18/Div
mixed_prefill,416,__mye726181_myl0_416,signal,UNKNOWN,UNKNOWN,NO_KERNEL,NONE,NONE,NONE,NONE,NONE,UNKNOWN
mixed_prefill,417,__mye726183_myl0_417,wait,UNKNOWN,UNKNOWN,NO_KERNEL,NONE,NONE,NONE,NONE,NONE,UNKNOWN
mixed_prefill,418,__myl_FcCas_myl0_418,fusion,L18:v_proj,LINEAR,GEMM,sm80_xmma_gemm_i8i8_i8i32_f32_tn_n_tilesize32x64x64_stage6_warpsize2x2x1_tensor16x8x32_by_fusion_tactic,1x-1x1024;1x1024x1024,Int8;Int8,1x-1x1024,Half,/v_proj_18/MatMul;/v_proj_18/MatMul__a_dequant;/v_proj_18/MatMul__a_quant;/v_proj_18/MatMul__w_dequant
mixed_prefill,419,__myl_ResTraResSliRepRes_myl0_419,kgen,L37:ATTENTION_VALUE,ATTENTION_GEMM,TENSORRT_INTERNAL,__myl_ResTraResSliRepRes_0xb5ca1ead775f2215fdc6b72339368a3f,1x-1x1024;1;1;1;1;1;1;1;1;1;1;1,Half;Int64;Int64;Int64;Int64;Int64;Int64;Int64;Int64;Int64;Int64;Int64,16x-1x128;1x8x-1x128,Half;Half,/Reshape_146;/Transpose_92;/Expand_37;/MatMul_37;/Unsqueeze_450
mixed_prefill,420,__mye726191_myl0_420,signal,UNKNOWN,UNKNOWN,NO_KERNEL,NONE,NONE,NONE,NONE,NONE,UNKNOWN
mixed_prefill,421,__mye726185_myl0_421,wait,UNKNOWN,UNKNOWN,NO_KERNEL,NONE,NONE,NONE,NONE,NONE,UNKNOWN
mixed_prefill,422,__myl_FcCas_myl0_422,fusion,L18:k_proj,LINEAR,GEMM,sm80_xmma_gemm_i8i8_i8i32_f32_tn_n_tilesize32x64x64_stage6_warpsize2x2x1_tensor16x8x32_by_fusion_tactic,1x-1x1024;1x1024x1024,Int8;Int8,1x-1x1024,Half,/k_proj_18/MatMul;/k_proj_18/MatMul__a_dequant;/k_proj_18/MatMul__a_quant;/k_proj_18/MatMul__w_dequant
mixed_prefill,423,__myl_ResMulMea_myl0_423,kgen,UNKNOWN,UNKNOWN,TENSORRT_INTERNAL,__myl_ResMulMea_0x356824d54c2e1ab1f7825eefa1e6b632_vec,1x-1x1024;1;1;1;1;1;1;1,Half;Int64;Int64;Int64;Int64;Int64;Int64;Int64,1x-1x8x1;1x-1x8x128,Half;Half,/Reshape_145;/k_norm_18/Pow;/k_norm_18/ReduceMean
mixed_prefill,424,__myl_AddSqrDivMulMulTraSliSliNegConMulMulAddResSliRepResTraRes_myl0_424,kgen,L36:ATTENTION_VALUE,ATTENTION_GEMM,TENSORRT_INTERNAL,__myl_AddSqrDivMulMulTraSliSliNegConMulMulAddResSliRepResTraRes_0x4ad536b524b3f7a2415d97f02da12733,1x1x-1x128;1x1x-1x128;1x1x1x128;1x-1x8x128;1x-1x8x1;1;1;1;1;1;1;1;1;1;1;1;1;1;1;1;1;1;1;1;1;1;1;1;1,Half;Half;Half;Half;Half;Int64;Int64;Int64;Int64;Int64;Int64;Int64;Int64;Int64;Int64;Int64;Int64;Int64;Int64;Int64;Int64;Int64;Int64;Int64;Int64;Int64;Int64;Int64;Int64,16x128x-1;1x8x-1x128,Half;Half,/k_norm_18/Add;/k_norm_18/Sqrt;/k_norm_18/Mul;/k_norm_18/Mul_1;/Transpose_91;/Slice_74;/Slice_75;/Concat_203;/Mul_166;/Add_73;/Mul_165;/Expand_36;/Reshape_148;/Transpose_93;/MatMul_36;/Unsqueeze_445;/Neg_37;/k_norm_18/Div
mixed_prefill,425,__mye726187_myl0_425,signal,UNKNOWN,UNKNOWN,NO_KERNEL,NONE,NONE,NONE,NONE,NONE,UNKNOWN
mixed_prefill,426,__myl_FcCas_myl0_426,fusion,L18:q_proj,LINEAR,GEMM,sm80_xmma_gemm_i8f32_i8i32_f32_tn_n_tilesize32x64x64_stage6_warpsize2x2x1_tensor16x8x32_by_fusion_tactic,1x-1x1024;1x1024x2048,Int8;Int8,1x-1x2048,Half,/q_proj_18/MatMul;/q_proj_18/MatMul__a_dequant;/q_proj_18/MatMul__a_quant;/q_proj_18/MatMul__w_dequant
mixed_prefill,427,__myl_ResMulMea_myl0_427,kgen,UNKNOWN,UNKNOWN,TENSORRT_INTERNAL,__myl_ResMulMea_0x9a67bce87aa70b5a86539a0972d2e0f6_vec,1x-1x2048;1;1;1;1;1;1;1;1,Half;Int64;Int64;Int64;Int64;Int64;Int64;Int64;Int64,1x-1x16x1;1x-1x16x128,Half;Half,/Reshape_144;/q_norm_18/Pow;/q_norm_18/ReduceMean
mixed_prefill,428,__myl_AddSqrDivMulMulTraSliSliNegConMulMulAddRes_myl0_428,kgen,L36:ATTENTION_VALUE,ATTENTION_GEMM,TENSORRT_INTERNAL,__myl_AddSqrDivMulMulTraSliSliNegConMulMulAddRes_0x6acc4948abd0f5b32a0e9f68913929b0,1x1x-1x128;1x1x-1x128;1x1x1x128;1x-1x16x128;1x-1x16x1;1;1;1;1;1,Half;Half;Half;Half;Half;Int64;Int64;Int64;Int64;Int64,16x-1x128,Half,/q_norm_18/Add;/q_norm_18/Sqrt;/q_norm_18/Mul;/q_norm_18/Mul_1;/Transpose_90;/Slice_72;/Slice_73;/Concat_202;/Mul_164;/Add_72;/Mul_163;/MatMul_36;/Neg_36;/q_norm_18/Div
mixed_prefill,429,__mye726189_myl0_429,wait,UNKNOWN,UNKNOWN,NO_KERNEL,NONE,NONE,NONE,NONE,NONE,UNKNOWN
mixed_prefill,430,__mye726193_myl0_430,wait,UNKNOWN,UNKNOWN,NO_KERNEL,NONE,NONE,NONE,NONE,NONE,UNKNOWN
mixed_prefill,431,_gemm_mha_v2_myl0_431,kgen,L18:o_proj,LINEAR,ATTENTION_GEMM,_gemm_mha_v2_0x2f61b06ce635a250b28ae8ee2ab3b5cb,16x-1x128;16x128x-1;1x1x-1x-1;16x-1x128;1;1;1;1;1;1,Half;Half;Bool;Half;Int64;Int64;Int64;Int64;Int64;Int64,16x-1x128,Int8,/o_proj_18/MatMul__a_quant;/MatMul_37;/Softmax_18;/Where_56;/Mul_169;/MatMul_36
mixed_prefill,432,__myl_ResTra_myl0_432,kgen,L37:ATTENTION_VALUE,ATTENTION_GEMM,TENSORRT_INTERNAL,__myl_ResTra_0xc03916d7cfa55338996dbe92c4283d8c,16x-1x128;1;1;1,Int8;Int64;Int64;Int64,1x-1x16x128,Int8,/MatMul_37;/Transpose_94;/Reshape_151
mixed_prefill,433,__myl_FcCasAdd_myl0_433,fusion,L18:o_proj,LINEAR,GEMM,sm80_xmma_gemm_i8i8_i8i32_f32_tn_n_tilesize32x64x64_stage6_warpsize2x2x1_tensor16x8x32_by_fusion_tactic,1x-1x1024;1x-1x2048;1x2048x1024,Half;Int8;Int8,1x-1x1024,Half,/o_proj_18/MatMul;/o_proj_18/MatMul__a_dequant;/o_proj_18/MatMul__a_quant;/o_proj_18/MatMul__w_dequant;/Add_74
mixed_prefill,434,__myl_MulMeaAddSqrDivMulMulMulMinMaxRouCas_myl0_434,kgen,L18:gate_proj,LINEAR,TENSORRT_INTERNAL,__myl_MulMeaAddSqrDivMulMulMulMinMaxRouCas_0x24a69f107a63616e3e844d5227fd6f6c_vec,1x-1x1024;1x-1x1024;1x-1x1024;1x1x1024;1;1;1;1;1;1;1;1;1;1;1;1;1,Half;Half;Half;Half;Int64;Int64;Int64;Int64;Int64;Int64;Int64;Int64;Int64;Int64;Int64;Int64;Int64,1x-1x1024;1x-1x1024,Half;Int8,/post_attention_layernorm_18/Div;/gate_proj_18/MatMul__a_quant;/post_attention_layernorm_18/Mul_1;/post_attention_layernorm_18/Mul;/post_attention_layernorm_18/Add;/post_attention_layernorm_18/Sqrt;/post_attention_layernorm_18/ReduceMean;/post_attention_layernorm_18/Pow
mixed_prefill,435,/up_proj_18/MatMul_myl0_435,gemm,L18:up_proj,LINEAR,GEMM,ampere_h16816gemm_128x64_ldg8_nn_v1,1x-1x1024;1x1024x3072;1;1,Half;Half;Float;Float,1x-1x3072,Half,/up_proj_18/MatMul
mixed_prefill,436,__myl_FcCasNegExpAddDivMulMul_myl0_436,fusion,L18:gate_proj,LINEAR,GEMM,sm80_xmma_gemm_i8i8_i8i32_f32_tn_n_tilesize32x64x64_stage6_warpsize2x2x1_tensor16x8x32_by_fusion_tactic,1x-1x3072;1x-1x1024;1x1024x3072,Half;Int8;Int8,1x-1x3072,Half,/gate_proj_18/MatMul;/gate_proj_18/MatMul__a_dequant;/gate_proj_18/MatMul__a_quant;/gate_proj_18/MatMul__w_dequant;/Mul_170;/Mul_171;/Sigmoid_18
mixed_prefill,437,__myl_FcAdd_myl0_437,fusion,L18:down_proj,LINEAR,GEMM,sm80_xmma_gemm_f16f16_f16f16_f16_nn_n_tilesize128x64x64_stage3_warpsize2x2x1_tensor16x8x16_by_fusion_tactic,1x-1x1024;1x-1x3072;1x3072x1024,Half;Half;Half,1x-1x1024,Half,/down_proj_18/MatMul;/Add_75
mixed_prefill,438,__myl_MulMeaAddSqrDivMulMulMinMaxRouCasMulMinMaxRouCasMulMinMaxRouCas_myl0_438,kgen,L19:v_proj,LINEAR,TENSORRT_INTERNAL,__myl_MulMeaAddSqrDivMulMulMinMaxRouCasMulMinMaxRouCasMulMinMaxRouCas_0x14bacf080290e339db28d1223365390a_vec,1x1x1024;1x1x1024;1x1x1024;1x-1x1024;1x-1x1024;1x-1x1024;1;1;1;1;1;1;1;1;1;1;1;1;1;1;1;1;1;1;1;1;1;1;1,Half;Half;Half;Half;Half;Half;Int64;Int64;Int64;Int64;Int64;Int64;Int64;Int64;Int64;Int64;Int64;Int64;Int64;Int64;Int64;Int64;Int64;Int64;Int64;Int64;Int64;Int64;Int64,1x-1x1024;1x-1x1024;1x-1x1024,Int8;Int8;Int8,/input_layernorm_19/Pow;/input_layernorm_19/ReduceMean;/input_layernorm_19/Sqrt;/input_layernorm_19/Add;/input_layernorm_19/Mul;/v_proj_19/MatMul__a_quant;/k_proj_19/MatMul__a_quant;/q_proj_19/MatMul__a_quant;/input_layernorm_19/Div
mixed_prefill,439,__mye726195_myl0_439,signal,UNKNOWN,UNKNOWN,NO_KERNEL,NONE,NONE,NONE,NONE,NONE,UNKNOWN
mixed_prefill,440,__mye726197_myl0_440,wait,UNKNOWN,UNKNOWN,NO_KERNEL,NONE,NONE,NONE,NONE,NONE,UNKNOWN
mixed_prefill,441,__myl_FcCas_myl0_441,fusion,L19:v_proj,LINEAR,GEMM,sm80_xmma_gemm_i8i8_i8i32_f32_tn_n_tilesize32x64x64_stage6_warpsize2x2x1_tensor16x8x32_by_fusion_tactic,1x-1x1024;1x1024x1024,Int8;Int8,1x-1x1024,Half,/v_proj_19/MatMul;/v_proj_19/MatMul__a_dequant;/v_proj_19/MatMul__a_quant;/v_proj_19/MatMul__w_dequant
mixed_prefill,442,__myl_ResTraResSliRepRes_myl0_442,kgen,L39:ATTENTION_VALUE,ATTENTION_GEMM,TENSORRT_INTERNAL,__myl_ResTraResSliRepRes_0xb5ca1ead775f2215fdc6b72339368a3f,1x-1x1024;1;1;1;1;1;1;1;1;1;1;1,Half;Int64;Int64;Int64;Int64;Int64;Int64;Int64;Int64;Int64;Int64;Int64,16x-1x128;1x8x-1x128,Half;Half,/Reshape_154;/Transpose_97;/Expand_39;/MatMul_39;/Unsqueeze_474
mixed_prefill,443,__mye726205_myl0_443,signal,UNKNOWN,UNKNOWN,NO_KERNEL,NONE,NONE,NONE,NONE,NONE,UNKNOWN
mixed_prefill,444,__mye726199_myl0_444,wait,UNKNOWN,UNKNOWN,NO_KERNEL,NONE,NONE,NONE,NONE,NONE,UNKNOWN
mixed_prefill,445,__myl_FcCas_myl0_445,fusion,L19:k_proj,LINEAR,GEMM,sm80_xmma_gemm_i8i8_i8i32_f32_tn_n_tilesize32x64x64_stage6_warpsize2x2x1_tensor16x8x32_by_fusion_tactic,1x-1x1024;1x1024x1024,Int8;Int8,1x-1x1024,Half,/k_proj_19/MatMul;/k_proj_19/MatMul__a_dequant;/k_proj_19/MatMul__a_quant;/k_proj_19/MatMul__w_dequant
mixed_prefill,446,__myl_ResMulMea_myl0_446,kgen,UNKNOWN,UNKNOWN,TENSORRT_INTERNAL,__myl_ResMulMea_0x356824d54c2e1ab1f7825eefa1e6b632_vec,1x-1x1024;1;1;1;1;1;1;1,Half;Int64;Int64;Int64;Int64;Int64;Int64;Int64,1x-1x8x1;1x-1x8x128,Half;Half,/Reshape_153;/k_norm_19/Pow;/k_norm_19/ReduceMean
mixed_prefill,447,__myl_AddSqrDivMulMulTraSliSliNegConMulMulAddResSliRepResTraRes_myl0_447,kgen,L38:ATTENTION_VALUE,ATTENTION_GEMM,TENSORRT_INTERNAL,__myl_AddSqrDivMulMulTraSliSliNegConMulMulAddResSliRepResTraRes_0x4ad536b524b3f7a2415d97f02da12733,1x1x-1x128;1x1x-1x128;1x1x1x128;1x-1x8x128;1x-1x8x1;1;1;1;1;1;1;1;1;1;1;1;1;1;1;1;1;1;1;1;1;1;1;1;1,Half;Half;Half;Half;Half;Int64;Int64;Int64;Int64;Int64;Int64;Int64;Int64;Int64;Int64;Int64;Int64;Int64;Int64;Int64;Int64;Int64;Int64;Int64;Int64;Int64;Int64;Int64;Int64,16x128x-1;1x8x-1x128,Half;Half,/k_norm_19/Add;/k_norm_19/Sqrt;/k_norm_19/Mul;/k_norm_19/Mul_1;/Transpose_96;/Slice_78;/Slice_79;/Concat_214;/Mul_175;/Add_77;/Mul_174;/Expand_38;/Reshape_156;/Transpose_98;/MatMul_38;/Unsqueeze_469;/Neg_39;/k_norm_19/Div
mixed_prefill,448,__mye726201_myl0_448,signal,UNKNOWN,UNKNOWN,NO_KERNEL,NONE,NONE,NONE,NONE,NONE,UNKNOWN
mixed_prefill,449,__myl_FcCas_myl0_449,fusion,L19:q_proj,LINEAR,GEMM,sm80_xmma_gemm_i8f32_i8i32_f32_tn_n_tilesize32x64x64_stage6_warpsize2x2x1_tensor16x8x32_by_fusion_tactic,1x-1x1024;1x1024x2048,Int8;Int8,1x-1x2048,Half,/q_proj_19/MatMul;/q_proj_19/MatMul__a_dequant;/q_proj_19/MatMul__a_quant;/q_proj_19/MatMul__w_dequant
mixed_prefill,450,__myl_ResMulMea_myl0_450,kgen,UNKNOWN,UNKNOWN,TENSORRT_INTERNAL,__myl_ResMulMea_0x9a67bce87aa70b5a86539a0972d2e0f6_vec,1x-1x2048;1;1;1;1;1;1;1;1,Half;Int64;Int64;Int64;Int64;Int64;Int64;Int64;Int64,1x-1x16x1;1x-1x16x128,Half;Half,/Reshape_152;/q_norm_19/Pow;/q_norm_19/ReduceMean
mixed_prefill,451,__myl_AddSqrDivMulMulTraSliSliNegConMulMulAddRes_myl0_451,kgen,L38:ATTENTION_VALUE,ATTENTION_GEMM,TENSORRT_INTERNAL,__myl_AddSqrDivMulMulTraSliSliNegConMulMulAddRes_0x6acc4948abd0f5b32a0e9f68913929b0,1x1x-1x128;1x1x-1x128;1x1x1x128;1x-1x16x128;1x-1x16x1;1;1;1;1;1,Half;Half;Half;Half;Half;Int64;Int64;Int64;Int64;Int64,16x-1x128,Half,/q_norm_19/Add;/q_norm_19/Sqrt;/q_norm_19/Mul;/q_norm_19/Mul_1;/Transpose_95;/Slice_76;/Slice_77;/Concat_213;/Mul_173;/Add_76;/Mul_172;/MatMul_38;/Neg_38;/q_norm_19/Div
mixed_prefill,452,__mye726203_myl0_452,wait,UNKNOWN,UNKNOWN,NO_KERNEL,NONE,NONE,NONE,NONE,NONE,UNKNOWN
mixed_prefill,453,__mye726207_myl0_453,wait,UNKNOWN,UNKNOWN,NO_KERNEL,NONE,NONE,NONE,NONE,NONE,UNKNOWN
mixed_prefill,454,_gemm_mha_v2_myl0_454,kgen,L19:o_proj,LINEAR,ATTENTION_GEMM,_gemm_mha_v2_0xab4761469dea155adca77ef52bd80a61,16x-1x128;16x128x-1;1x1x-1x-1;16x-1x128;1;1;1;1;1;1,Half;Half;Bool;Half;Int64;Int64;Int64;Int64;Int64;Int64,16x-1x128,Int8,/o_proj_19/MatMul__a_quant;/MatMul_39;/Softmax_19;/Where_59;/Mul_178;/MatMul_38
mixed_prefill,455,__myl_ResTra_myl0_455,kgen,L39:ATTENTION_VALUE,ATTENTION_GEMM,TENSORRT_INTERNAL,__myl_ResTra_0xc03916d7cfa55338996dbe92c4283d8c,16x-1x128;1;1;1,Int8;Int64;Int64;Int64,1x-1x16x128,Int8,/MatMul_39;/Transpose_99;/Reshape_159
mixed_prefill,456,__myl_FcCasAdd_myl0_456,fusion,L19:o_proj,LINEAR,GEMM,sm80_xmma_gemm_i8i8_i8i32_f32_tn_n_tilesize32x64x64_stage6_warpsize2x2x1_tensor16x8x32_by_fusion_tactic,1x-1x1024;1x-1x2048;1x2048x1024,Half;Int8;Int8,1x-1x1024,Half,/o_proj_19/MatMul;/o_proj_19/MatMul__a_dequant;/o_proj_19/MatMul__a_quant;/o_proj_19/MatMul__w_dequant;/Add_78
mixed_prefill,457,__myl_MulMeaAddSqrDivMulMulMulMinMaxRouCas_myl0_457,kgen,L19:gate_proj,LINEAR,TENSORRT_INTERNAL,__myl_MulMeaAddSqrDivMulMulMulMinMaxRouCas_0x9c020f3e6c1f94e17da10163a8e4f733_vec,1x-1x1024;1x-1x1024;1x-1x1024;1x1x1024;1;1;1;1;1;1;1;1;1;1;1;1;1,Half;Half;Half;Half;Int64;Int64;Int64;Int64;Int64;Int64;Int64;Int64;Int64;Int64;Int64;Int64;Int64,1x-1x1024;1x-1x1024,Half;Int8,/post_attention_layernorm_19/Div;/gate_proj_19/MatMul__a_quant;/post_attention_layernorm_19/Mul_1;/post_attention_layernorm_19/Mul;/post_attention_layernorm_19/Add;/post_attention_layernorm_19/Sqrt;/post_attention_layernorm_19/ReduceMean;/post_attention_layernorm_19/Pow
mixed_prefill,458,/up_proj_19/MatMul_myl0_458,gemm,L19:up_proj,LINEAR,GEMM,ampere_h16816gemm_128x64_ldg8_nn_v1,1x-1x1024;1x1024x3072;1;1,Half;Half;Float;Float,1x-1x3072,Half,/up_proj_19/MatMul
mixed_prefill,459,__myl_FcCasNegExpAddDivMulMul_myl0_459,fusion,L19:gate_proj,LINEAR,GEMM,sm80_xmma_gemm_i8i8_i8i32_f32_tn_n_tilesize32x64x64_stage6_warpsize2x2x1_tensor16x8x32_by_fusion_tactic,1x-1x3072;1x-1x1024;1x1024x3072,Half;Int8;Int8,1x-1x3072,Half,/gate_proj_19/MatMul;/gate_proj_19/MatMul__a_dequant;/gate_proj_19/MatMul__a_quant;/gate_proj_19/MatMul__w_dequant;/Mul_179;/Mul_180;/Sigmoid_19
mixed_prefill,460,__myl_FcAdd_myl0_460,fusion,L19:down_proj,LINEAR,GEMM,sm80_xmma_gemm_f16f16_f16f16_f16_nn_n_tilesize128x64x64_stage3_warpsize2x2x1_tensor16x8x16_by_fusion_tactic,1x-1x1024;1x-1x3072;1x3072x1024,Half;Half;Half,1x-1x1024,Half,/down_proj_19/MatMul;/Add_79
mixed_prefill,461,__myl_MulMeaAddSqrDivMulMulMinMaxRouCasMulMinMaxRouCasMulMinMaxRouCas_myl0_461,kgen,L20:v_proj,LINEAR,TENSORRT_INTERNAL,__myl_MulMeaAddSqrDivMulMulMinMaxRouCasMulMinMaxRouCasMulMinMaxRouCas_0x14bacf080290e339db28d1223365390a_vec,1x1x1024;1x1x1024;1x1x1024;1x-1x1024;1x-1x1024;1x-1x1024;1;1;1;1;1;1;1;1;1;1;1;1;1;1;1;1;1;1;1;1;1;1;1,Half;Half;Half;Half;Half;Half;Int64;Int64;Int64;Int64;Int64;Int64;Int64;Int64;Int64;Int64;Int64;Int64;Int64;Int64;Int64;Int64;Int64;Int64;Int64;Int64;Int64;Int64;Int64,1x-1x1024;1x-1x1024;1x-1x1024,Int8;Int8;Int8,/input_layernorm_20/Pow;/input_layernorm_20/ReduceMean;/input_layernorm_20/Sqrt;/input_layernorm_20/Add;/input_layernorm_20/Mul;/v_proj_20/MatMul__a_quant;/k_proj_20/MatMul__a_quant;/q_proj_20/MatMul__a_quant;/input_layernorm_20/Div
mixed_prefill,462,__mye726209_myl0_462,signal,UNKNOWN,UNKNOWN,NO_KERNEL,NONE,NONE,NONE,NONE,NONE,UNKNOWN
mixed_prefill,463,__mye726211_myl0_463,wait,UNKNOWN,UNKNOWN,NO_KERNEL,NONE,NONE,NONE,NONE,NONE,UNKNOWN
mixed_prefill,464,__myl_FcCas_myl0_464,fusion,L20:v_proj,LINEAR,GEMM,sm80_xmma_gemm_i8i8_i8i32_f32_tn_n_tilesize32x64x64_stage6_warpsize2x2x1_tensor16x8x32_by_fusion_tactic,1x-1x1024;1x1024x1024,Int8;Int8,1x-1x1024,Half,/v_proj_20/MatMul;/v_proj_20/MatMul__a_dequant;/v_proj_20/MatMul__a_quant;/v_proj_20/MatMul__w_dequant
mixed_prefill,465,__myl_ResTraResSliRepRes_myl0_465,kgen,L41:ATTENTION_VALUE,ATTENTION_GEMM,TENSORRT_INTERNAL,__myl_ResTraResSliRepRes_0xb5ca1ead775f2215fdc6b72339368a3f,1x-1x1024;1;1;1;1;1;1;1;1;1;1;1,Half;Int64;Int64;Int64;Int64;Int64;Int64;Int64;Int64;Int64;Int64;Int64,16x-1x128;1x8x-1x128,Half;Half,/Reshape_162;/Transpose_102;/Expand_41;/MatMul_41;/Unsqueeze_498
mixed_prefill,466,__mye726219_myl0_466,signal,UNKNOWN,UNKNOWN,NO_KERNEL,NONE,NONE,NONE,NONE,NONE,UNKNOWN
mixed_prefill,467,__mye726213_myl0_467,wait,UNKNOWN,UNKNOWN,NO_KERNEL,NONE,NONE,NONE,NONE,NONE,UNKNOWN
mixed_prefill,468,__myl_FcCas_myl0_468,fusion,L20:k_proj,LINEAR,GEMM,sm80_xmma_gemm_i8i8_i8i32_f32_tn_n_tilesize32x64x64_stage6_warpsize2x2x1_tensor16x8x32_by_fusion_tactic,1x-1x1024;1x1024x1024,Int8;Int8,1x-1x1024,Half,/k_proj_20/MatMul;/k_proj_20/MatMul__a_dequant;/k_proj_20/MatMul__a_quant;/k_proj_20/MatMul__w_dequant
mixed_prefill,469,__myl_ResMulMea_myl0_469,kgen,UNKNOWN,UNKNOWN,TENSORRT_INTERNAL,__myl_ResMulMea_0x356824d54c2e1ab1f7825eefa1e6b632_vec,1x-1x1024;1;1;1;1;1;1;1,Half;Int64;Int64;Int64;Int64;Int64;Int64;Int64,1x-1x8x1;1x-1x8x128,Half;Half,/Reshape_161;/k_norm_20/Pow;/k_norm_20/ReduceMean
mixed_prefill,470,__myl_AddSqrDivMulMulTraSliSliNegConMulMulAddResSliRepResTraRes_myl0_470,kgen,L40:ATTENTION_VALUE,ATTENTION_GEMM,TENSORRT_INTERNAL,__myl_AddSqrDivMulMulTraSliSliNegConMulMulAddResSliRepResTraRes_0x4ad536b524b3f7a2415d97f02da12733,1x1x-1x128;1x1x-1x128;1x1x1x128;1x-1x8x128;1x-1x8x1;1;1;1;1;1;1;1;1;1;1;1;1;1;1;1;1;1;1;1;1;1;1;1;1,Half;Half;Half;Half;Half;Int64;Int64;Int64;Int64;Int64;Int64;Int64;Int64;Int64;Int64;Int64;Int64;Int64;Int64;Int64;Int64;Int64;Int64;Int64;Int64;Int64;Int64;Int64;Int64,16x128x-1;1x8x-1x128,Half;Half,/k_norm_20/Add;/k_norm_20/Sqrt;/k_norm_20/Mul;/k_norm_20/Mul_1;/Transpose_101;/Slice_82;/Slice_83;/Concat_225;/Mul_184;/Add_81;/Mul_183;/Expand_40;/Reshape_164;/Transpose_103;/MatMul_40;/Unsqueeze_493;/Neg_41;/k_norm_20/Div
mixed_prefill,471,__mye726215_myl0_471,signal,UNKNOWN,UNKNOWN,NO_KERNEL,NONE,NONE,NONE,NONE,NONE,UNKNOWN
mixed_prefill,472,__myl_FcCas_myl0_472,fusion,L20:q_proj,LINEAR,GEMM,sm80_xmma_gemm_i8f32_i8i32_f32_tn_n_tilesize32x64x64_stage6_warpsize2x2x1_tensor16x8x32_by_fusion_tactic,1x-1x1024;1x1024x2048,Int8;Int8,1x-1x2048,Half,/q_proj_20/MatMul;/q_proj_20/MatMul__a_dequant;/q_proj_20/MatMul__a_quant;/q_proj_20/MatMul__w_dequant
mixed_prefill,473,__myl_ResMulMea_myl0_473,kgen,UNKNOWN,UNKNOWN,TENSORRT_INTERNAL,__myl_ResMulMea_0x9a67bce87aa70b5a86539a0972d2e0f6_vec,1x-1x2048;1;1;1;1;1;1;1;1,Half;Int64;Int64;Int64;Int64;Int64;Int64;Int64;Int64,1x-1x16x1;1x-1x16x128,Half;Half,/Reshape_160;/q_norm_20/Pow;/q_norm_20/ReduceMean
mixed_prefill,474,__myl_AddSqrDivMulMulTraSliSliNegConMulMulAddRes_myl0_474,kgen,L40:ATTENTION_VALUE,ATTENTION_GEMM,TENSORRT_INTERNAL,__myl_AddSqrDivMulMulTraSliSliNegConMulMulAddRes_0x6acc4948abd0f5b32a0e9f68913929b0,1x1x-1x128;1x1x-1x128;1x1x1x128;1x-1x16x128;1x-1x16x1;1;1;1;1;1,Half;Half;Half;Half;Half;Int64;Int64;Int64;Int64;Int64,16x-1x128,Half,/q_norm_20/Add;/q_norm_20/Sqrt;/q_norm_20/Mul;/q_norm_20/Mul_1;/Transpose_100;/Slice_80;/Slice_81;/Concat_224;/Mul_182;/Add_80;/Mul_181;/MatMul_40;/Neg_40;/q_norm_20/Div
mixed_prefill,475,__mye726217_myl0_475,wait,UNKNOWN,UNKNOWN,NO_KERNEL,NONE,NONE,NONE,NONE,NONE,UNKNOWN
mixed_prefill,476,__mye726221_myl0_476,wait,UNKNOWN,UNKNOWN,NO_KERNEL,NONE,NONE,NONE,NONE,NONE,UNKNOWN
mixed_prefill,477,_gemm_mha_v2_myl0_477,kgen,L20:o_proj,LINEAR,ATTENTION_GEMM,_gemm_mha_v2_0xee0414de60764f75e46b3b8d1e16fc19,16x-1x128;16x128x-1;1x1x-1x-1;16x-1x128;1;1;1;1;1;1,Half;Half;Bool;Half;Int64;Int64;Int64;Int64;Int64;Int64,16x-1x128,Int8,/o_proj_20/MatMul__a_quant;/MatMul_41;/Softmax_20;/Where_62;/Mul_187;/MatMul_40
mixed_prefill,478,__myl_ResTra_myl0_478,kgen,L41:ATTENTION_VALUE,ATTENTION_GEMM,TENSORRT_INTERNAL,__myl_ResTra_0xc03916d7cfa55338996dbe92c4283d8c,16x-1x128;1;1;1,Int8;Int64;Int64;Int64,1x-1x16x128,Int8,/MatMul_41;/Transpose_104;/Reshape_167
mixed_prefill,479,__myl_FcCasAdd_myl0_479,fusion,L20:o_proj,LINEAR,GEMM,sm80_xmma_gemm_i8i8_i8i32_f32_tn_n_tilesize32x64x64_stage6_warpsize2x2x1_tensor16x8x32_by_fusion_tactic,1x-1x1024;1x-1x2048;1x2048x1024,Half;Int8;Int8,1x-1x1024,Half,/o_proj_20/MatMul;/o_proj_20/MatMul__a_dequant;/o_proj_20/MatMul__a_quant;/o_proj_20/MatMul__w_dequant;/Add_82
mixed_prefill,480,__myl_MulMeaAddSqrDivMulMulMulMinMaxRouCas_myl0_480,kgen,L20:gate_proj,LINEAR,TENSORRT_INTERNAL,__myl_MulMeaAddSqrDivMulMulMulMinMaxRouCas_0x631eac58eb6694e001a0929b8bf99c28_vec,1x-1x1024;1x-1x1024;1x-1x1024;1x1x1024;1;1;1;1;1;1;1;1;1;1;1;1;1,Half;Half;Half;Half;Int64;Int64;Int64;Int64;Int64;Int64;Int64;Int64;Int64;Int64;Int64;Int64;Int64,1x-1x1024;1x-1x1024,Half;Int8,/post_attention_layernorm_20/Div;/gate_proj_20/MatMul__a_quant;/post_attention_layernorm_20/Mul_1;/post_attention_layernorm_20/Mul;/post_attention_layernorm_20/Add;/post_attention_layernorm_20/Sqrt;/post_attention_layernorm_20/ReduceMean;/post_attention_layernorm_20/Pow
mixed_prefill,481,/up_proj_20/MatMul_myl0_481,gemm,L20:up_proj,LINEAR,GEMM,ampere_h16816gemm_128x64_ldg8_nn_v1,1x-1x1024;1x1024x3072;1;1,Half;Half;Float;Float,1x-1x3072,Half,/up_proj_20/MatMul
mixed_prefill,482,__myl_FcCasNegExpAddDivMulMul_myl0_482,fusion,L20:gate_proj,LINEAR,GEMM,sm80_xmma_gemm_i8i8_i8i32_f32_tn_n_tilesize32x64x64_stage6_warpsize2x2x1_tensor16x8x32_by_fusion_tactic,1x-1x3072;1x-1x1024;1x1024x3072,Half;Int8;Int8,1x-1x3072,Half,/gate_proj_20/MatMul;/gate_proj_20/MatMul__a_dequant;/gate_proj_20/MatMul__a_quant;/gate_proj_20/MatMul__w_dequant;/Mul_188;/Mul_189;/Sigmoid_20
mixed_prefill,483,__myl_FcAdd_myl0_483,fusion,L20:down_proj,LINEAR,GEMM,sm80_xmma_gemm_f16f16_f16f16_f16_nn_n_tilesize128x64x64_stage3_warpsize2x2x1_tensor16x8x16_by_fusion_tactic,1x-1x1024;1x-1x3072;1x3072x1024,Half;Half;Half,1x-1x1024,Half,/down_proj_20/MatMul;/Add_83
mixed_prefill,484,__myl_MulMeaAddSqrDivMulMulMinMaxRouCasMulMinMaxRouCasMulMinMaxRouCas_myl0_484,kgen,L21:v_proj,LINEAR,TENSORRT_INTERNAL,__myl_MulMeaAddSqrDivMulMulMinMaxRouCasMulMinMaxRouCasMulMinMaxRouCas_0x14bacf080290e339db28d1223365390a_vec,1x1x1024;1x1x1024;1x1x1024;1x-1x1024;1x-1x1024;1x-1x1024;1;1;1;1;1;1;1;1;1;1;1;1;1;1;1;1;1;1;1;1;1;1;1,Half;Half;Half;Half;Half;Half;Int64;Int64;Int64;Int64;Int64;Int64;Int64;Int64;Int64;Int64;Int64;Int64;Int64;Int64;Int64;Int64;Int64;Int64;Int64;Int64;Int64;Int64;Int64,1x-1x1024;1x-1x1024;1x-1x1024,Int8;Int8;Int8,/input_layernorm_21/Pow;/input_layernorm_21/ReduceMean;/input_layernorm_21/Sqrt;/input_layernorm_21/Add;/input_layernorm_21/Mul;/v_proj_21/MatMul__a_quant;/k_proj_21/MatMul__a_quant;/q_proj_21/MatMul__a_quant;/input_layernorm_21/Div
mixed_prefill,485,__mye726223_myl0_485,signal,UNKNOWN,UNKNOWN,NO_KERNEL,NONE,NONE,NONE,NONE,NONE,UNKNOWN
mixed_prefill,486,__mye726225_myl0_486,wait,UNKNOWN,UNKNOWN,NO_KERNEL,NONE,NONE,NONE,NONE,NONE,UNKNOWN
mixed_prefill,487,__myl_FcCas_myl0_487,fusion,L21:v_proj,LINEAR,GEMM,sm80_xmma_gemm_i8i8_i8i32_f32_tn_n_tilesize32x64x64_stage6_warpsize2x2x1_tensor16x8x32_by_fusion_tactic,1x-1x1024;1x1024x1024,Int8;Int8,1x-1x1024,Half,/v_proj_21/MatMul;/v_proj_21/MatMul__a_dequant;/v_proj_21/MatMul__a_quant;/v_proj_21/MatMul__w_dequant
mixed_prefill,488,__myl_ResTraResSliRepRes_myl0_488,kgen,L43:ATTENTION_VALUE,ATTENTION_GEMM,TENSORRT_INTERNAL,__myl_ResTraResSliRepRes_0xb5ca1ead775f2215fdc6b72339368a3f,1x-1x1024;1;1;1;1;1;1;1;1;1;1;1,Half;Int64;Int64;Int64;Int64;Int64;Int64;Int64;Int64;Int64;Int64;Int64,16x-1x128;1x8x-1x128,Half;Half,/Reshape_170;/Transpose_107;/Expand_43;/MatMul_43;/Unsqueeze_522
mixed_prefill,489,__mye726233_myl0_489,signal,UNKNOWN,UNKNOWN,NO_KERNEL,NONE,NONE,NONE,NONE,NONE,UNKNOWN
mixed_prefill,490,__mye726227_myl0_490,wait,UNKNOWN,UNKNOWN,NO_KERNEL,NONE,NONE,NONE,NONE,NONE,UNKNOWN
mixed_prefill,491,__myl_FcCas_myl0_491,fusion,L21:k_proj,LINEAR,GEMM,sm80_xmma_gemm_i8i8_i8i32_f32_tn_n_tilesize32x64x64_stage6_warpsize2x2x1_tensor16x8x32_by_fusion_tactic,1x-1x1024;1x1024x1024,Int8;Int8,1x-1x1024,Half,/k_proj_21/MatMul;/k_proj_21/MatMul__a_dequant;/k_proj_21/MatMul__a_quant;/k_proj_21/MatMul__w_dequant
mixed_prefill,492,__myl_ResMulMea_myl0_492,kgen,UNKNOWN,UNKNOWN,TENSORRT_INTERNAL,__myl_ResMulMea_0x356824d54c2e1ab1f7825eefa1e6b632_vec,1x-1x1024;1;1;1;1;1;1;1,Half;Int64;Int64;Int64;Int64;Int64;Int64;Int64,1x-1x8x1;1x-1x8x128,Half;Half,/Reshape_169;/k_norm_21/Pow;/k_norm_21/ReduceMean
mixed_prefill,493,__myl_AddSqrDivMulMulTraSliSliNegConMulMulAddResSliRepResTraRes_myl0_493,kgen,L42:ATTENTION_VALUE,ATTENTION_GEMM,TENSORRT_INTERNAL,__myl_AddSqrDivMulMulTraSliSliNegConMulMulAddResSliRepResTraRes_0x4ad536b524b3f7a2415d97f02da12733,1x1x-1x128;1x1x-1x128;1x1x1x128;1x-1x8x128;1x-1x8x1;1;1;1;1;1;1;1;1;1;1;1;1;1;1;1;1;1;1;1;1;1;1;1;1,Half;Half;Half;Half;Half;Int64;Int64;Int64;Int64;Int64;Int64;Int64;Int64;Int64;Int64;Int64;Int64;Int64;Int64;Int64;Int64;Int64;Int64;Int64;Int64;Int64;Int64;Int64;Int64,16x128x-1;1x8x-1x128,Half;Half,/k_norm_21/Add;/k_norm_21/Sqrt;/k_norm_21/Mul;/k_norm_21/Mul_1;/Transpose_106;/Slice_86;/Slice_87;/Concat_236;/Mul_193;/Add_85;/Mul_192;/Expand_42;/Reshape_172;/Transpose_108;/MatMul_42;/Unsqueeze_517;/Neg_43;/k_norm_21/Div
mixed_prefill,494,__mye726229_myl0_494,signal,UNKNOWN,UNKNOWN,NO_KERNEL,NONE,NONE,NONE,NONE,NONE,UNKNOWN
mixed_prefill,495,__myl_FcCas_myl0_495,fusion,L21:q_proj,LINEAR,GEMM,sm80_xmma_gemm_i8f32_i8i32_f32_tn_n_tilesize32x64x64_stage6_warpsize2x2x1_tensor16x8x32_by_fusion_tactic,1x-1x1024;1x1024x2048,Int8;Int8,1x-1x2048,Half,/q_proj_21/MatMul;/q_proj_21/MatMul__a_dequant;/q_proj_21/MatMul__a_quant;/q_proj_21/MatMul__w_dequant
mixed_prefill,496,__myl_ResMulMea_myl0_496,kgen,UNKNOWN,UNKNOWN,TENSORRT_INTERNAL,__myl_ResMulMea_0x9a67bce87aa70b5a86539a0972d2e0f6_vec,1x-1x2048;1;1;1;1;1;1;1;1,Half;Int64;Int64;Int64;Int64;Int64;Int64;Int64;Int64,1x-1x16x1;1x-1x16x128,Half;Half,/Reshape_168;/q_norm_21/Pow;/q_norm_21/ReduceMean
mixed_prefill,497,__myl_AddSqrDivMulMulTraSliSliNegConMulMulAddRes_myl0_497,kgen,L42:ATTENTION_VALUE,ATTENTION_GEMM,TENSORRT_INTERNAL,__myl_AddSqrDivMulMulTraSliSliNegConMulMulAddRes_0x6acc4948abd0f5b32a0e9f68913929b0,1x1x-1x128;1x1x-1x128;1x1x1x128;1x-1x16x128;1x-1x16x1;1;1;1;1;1,Half;Half;Half;Half;Half;Int64;Int64;Int64;Int64;Int64,16x-1x128,Half,/q_norm_21/Add;/q_norm_21/Sqrt;/q_norm_21/Mul;/q_norm_21/Mul_1;/Transpose_105;/Slice_84;/Slice_85;/Concat_235;/Mul_191;/Add_84;/Mul_190;/MatMul_42;/Neg_42;/q_norm_21/Div
mixed_prefill,498,__mye726231_myl0_498,wait,UNKNOWN,UNKNOWN,NO_KERNEL,NONE,NONE,NONE,NONE,NONE,UNKNOWN
mixed_prefill,499,__mye726235_myl0_499,wait,UNKNOWN,UNKNOWN,NO_KERNEL,NONE,NONE,NONE,NONE,NONE,UNKNOWN
mixed_prefill,500,_gemm_mha_v2_myl0_500,kgen,L21:o_proj,LINEAR,ATTENTION_GEMM,_gemm_mha_v2_0xc2d92b3cbb126a251b76d78c57684e17,16x-1x128;16x128x-1;1x1x-1x-1;16x-1x128;1;1;1;1;1;1,Half;Half;Bool;Half;Int64;Int64;Int64;Int64;Int64;Int64,16x-1x128,Int8,/o_proj_21/MatMul__a_quant;/MatMul_43;/Softmax_21;/Where_65;/Mul_196;/MatMul_42
mixed_prefill,501,__myl_ResTra_myl0_501,kgen,L43:ATTENTION_VALUE,ATTENTION_GEMM,TENSORRT_INTERNAL,__myl_ResTra_0xc03916d7cfa55338996dbe92c4283d8c,16x-1x128;1;1;1,Int8;Int64;Int64;Int64,1x-1x16x128,Int8,/MatMul_43;/Transpose_109;/Reshape_175
mixed_prefill,502,__myl_FcCasAdd_myl0_502,fusion,L21:o_proj,LINEAR,GEMM,sm80_xmma_gemm_i8i8_i8i32_f32_tn_n_tilesize32x64x64_stage6_warpsize2x2x1_tensor16x8x32_by_fusion_tactic,1x-1x1024;1x-1x2048;1x2048x1024,Half;Int8;Int8,1x-1x1024,Half,/o_proj_21/MatMul;/o_proj_21/MatMul__a_dequant;/o_proj_21/MatMul__a_quant;/o_proj_21/MatMul__w_dequant;/Add_86
mixed_prefill,503,__myl_MulMeaAddSqrDivMulMulMulMinMaxRouCas_myl0_503,kgen,L21:gate_proj,LINEAR,TENSORRT_INTERNAL,__myl_MulMeaAddSqrDivMulMulMulMinMaxRouCas_0xf1def207df08f4e6d789049433c3866b_vec,1x-1x1024;1x-1x1024;1x-1x1024;1x1x1024;1;1;1;1;1;1;1;1;1;1;1;1;1,Half;Half;Half;Half;Int64;Int64;Int64;Int64;Int64;Int64;Int64;Int64;Int64;Int64;Int64;Int64;Int64,1x-1x1024;1x-1x1024,Half;Int8,/post_attention_layernorm_21/Div;/gate_proj_21/MatMul__a_quant;/post_attention_layernorm_21/Mul_1;/post_attention_layernorm_21/Mul;/post_attention_layernorm_21/Add;/post_attention_layernorm_21/Sqrt;/post_attention_layernorm_21/ReduceMean;/post_attention_layernorm_21/Pow
mixed_prefill,504,/up_proj_21/MatMul_myl0_504,gemm,L21:up_proj,LINEAR,GEMM,ampere_h16816gemm_128x64_ldg8_nn_v1,1x-1x1024;1x1024x3072;1;1,Half;Half;Float;Float,1x-1x3072,Half,/up_proj_21/MatMul
mixed_prefill,505,__myl_FcCasNegExpAddDivMulMul_myl0_505,fusion,L21:gate_proj,LINEAR,GEMM,sm80_xmma_gemm_i8i8_i8i32_f32_tn_n_tilesize32x64x64_stage6_warpsize2x2x1_tensor16x8x32_by_fusion_tactic,1x-1x3072;1x-1x1024;1x1024x3072,Half;Int8;Int8,1x-1x3072,Half,/gate_proj_21/MatMul;/gate_proj_21/MatMul__a_dequant;/gate_proj_21/MatMul__a_quant;/gate_proj_21/MatMul__w_dequant;/Mul_197;/Mul_198;/Sigmoid_21
mixed_prefill,506,__myl_FcAdd_myl0_506,fusion,L21:down_proj,LINEAR,GEMM,sm80_xmma_gemm_f16f16_f16f16_f16_nn_n_tilesize128x64x64_stage3_warpsize2x2x1_tensor16x8x16_by_fusion_tactic,1x-1x1024;1x-1x3072;1x3072x1024,Half;Half;Half,1x-1x1024,Half,/down_proj_21/MatMul;/Add_87
mixed_prefill,507,__myl_MulMeaAddSqrDivMulMulMinMaxRouCasMulMinMaxRouCasMulMinMaxRouCas_myl0_507,kgen,L22:v_proj,LINEAR,TENSORRT_INTERNAL,__myl_MulMeaAddSqrDivMulMulMinMaxRouCasMulMinMaxRouCasMulMinMaxRouCas_0x14bacf080290e339db28d1223365390a_vec,1x1x1024;1x1x1024;1x1x1024;1x-1x1024;1x-1x1024;1x-1x1024;1;1;1;1;1;1;1;1;1;1;1;1;1;1;1;1;1;1;1;1;1;1;1,Half;Half;Half;Half;Half;Half;Int64;Int64;Int64;Int64;Int64;Int64;Int64;Int64;Int64;Int64;Int64;Int64;Int64;Int64;Int64;Int64;Int64;Int64;Int64;Int64;Int64;Int64;Int64,1x-1x1024;1x-1x1024;1x-1x1024,Int8;Int8;Int8,/input_layernorm_22/Pow;/input_layernorm_22/ReduceMean;/input_layernorm_22/Sqrt;/input_layernorm_22/Add;/input_layernorm_22/Mul;/v_proj_22/MatMul__a_quant;/k_proj_22/MatMul__a_quant;/q_proj_22/MatMul__a_quant;/input_layernorm_22/Div
mixed_prefill,508,__mye726237_myl0_508,signal,UNKNOWN,UNKNOWN,NO_KERNEL,NONE,NONE,NONE,NONE,NONE,UNKNOWN
mixed_prefill,509,__mye726239_myl0_509,wait,UNKNOWN,UNKNOWN,NO_KERNEL,NONE,NONE,NONE,NONE,NONE,UNKNOWN
mixed_prefill,510,__myl_FcCas_myl0_510,fusion,L22:v_proj,LINEAR,GEMM,sm80_xmma_gemm_i8i8_i8i32_f32_tn_n_tilesize32x64x64_stage6_warpsize2x2x1_tensor16x8x32_by_fusion_tactic,1x-1x1024;1x1024x1024,Int8;Int8,1x-1x1024,Half,/v_proj_22/MatMul;/v_proj_22/MatMul__a_dequant;/v_proj_22/MatMul__a_quant;/v_proj_22/MatMul__w_dequant
mixed_prefill,511,__myl_ResTraResSliRepRes_myl0_511,kgen,L45:ATTENTION_VALUE,ATTENTION_GEMM,TENSORRT_INTERNAL,__myl_ResTraResSliRepRes_0xb5ca1ead775f2215fdc6b72339368a3f,1x-1x1024;1;1;1;1;1;1;1;1;1;1;1,Half;Int64;Int64;Int64;Int64;Int64;Int64;Int64;Int64;Int64;Int64;Int64,16x-1x128;1x8x-1x128,Half;Half,/Reshape_178;/Transpose_112;/Expand_45;/MatMul_45;/Unsqueeze_546
mixed_prefill,512,__mye726247_myl0_512,signal,UNKNOWN,UNKNOWN,NO_KERNEL,NONE,NONE,NONE,NONE,NONE,UNKNOWN
mixed_prefill,513,__mye726241_myl0_513,wait,UNKNOWN,UNKNOWN,NO_KERNEL,NONE,NONE,NONE,NONE,NONE,UNKNOWN
mixed_prefill,514,__myl_FcCas_myl0_514,fusion,L22:k_proj,LINEAR,GEMM,sm80_xmma_gemm_i8i8_i8i32_f32_tn_n_tilesize32x64x64_stage6_warpsize2x2x1_tensor16x8x32_by_fusion_tactic,1x-1x1024;1x1024x1024,Int8;Int8,1x-1x1024,Half,/k_proj_22/MatMul;/k_proj_22/MatMul__a_dequant;/k_proj_22/MatMul__a_quant;/k_proj_22/MatMul__w_dequant
mixed_prefill,515,__myl_ResMulMea_myl0_515,kgen,UNKNOWN,UNKNOWN,TENSORRT_INTERNAL,__myl_ResMulMea_0x356824d54c2e1ab1f7825eefa1e6b632_vec,1x-1x1024;1;1;1;1;1;1;1,Half;Int64;Int64;Int64;Int64;Int64;Int64;Int64,1x-1x8x1;1x-1x8x128,Half;Half,/Reshape_177;/k_norm_22/Pow;/k_norm_22/ReduceMean
mixed_prefill,516,__myl_AddSqrDivMulMulTraSliSliNegConMulMulAddResSliRepResTraRes_myl0_516,kgen,L44:ATTENTION_VALUE,ATTENTION_GEMM,TENSORRT_INTERNAL,__myl_AddSqrDivMulMulTraSliSliNegConMulMulAddResSliRepResTraRes_0x4ad536b524b3f7a2415d97f02da12733,1x1x-1x128;1x1x-1x128;1x1x1x128;1x-1x8x128;1x-1x8x1;1;1;1;1;1;1;1;1;1;1;1;1;1;1;1;1;1;1;1;1;1;1;1;1,Half;Half;Half;Half;Half;Int64;Int64;Int64;Int64;Int64;Int64;Int64;Int64;Int64;Int64;Int64;Int64;Int64;Int64;Int64;Int64;Int64;Int64;Int64;Int64;Int64;Int64;Int64;Int64,16x128x-1;1x8x-1x128,Half;Half,/k_norm_22/Add;/k_norm_22/Sqrt;/k_norm_22/Mul;/k_norm_22/Mul_1;/Transpose_111;/Slice_90;/Slice_91;/Concat_247;/Mul_202;/Add_89;/Mul_201;/Expand_44;/Reshape_180;/Transpose_113;/MatMul_44;/Unsqueeze_541;/Neg_45;/k_norm_22/Div
mixed_prefill,517,__mye726243_myl0_517,signal,UNKNOWN,UNKNOWN,NO_KERNEL,NONE,NONE,NONE,NONE,NONE,UNKNOWN
mixed_prefill,518,__myl_FcCas_myl0_518,fusion,L22:q_proj,LINEAR,GEMM,sm80_xmma_gemm_i8f32_i8i32_f32_tn_n_tilesize32x64x64_stage6_warpsize2x2x1_tensor16x8x32_by_fusion_tactic,1x-1x1024;1x1024x2048,Int8;Int8,1x-1x2048,Half,/q_proj_22/MatMul;/q_proj_22/MatMul__a_dequant;/q_proj_22/MatMul__a_quant;/q_proj_22/MatMul__w_dequant
mixed_prefill,519,__myl_ResMulMea_myl0_519,kgen,UNKNOWN,UNKNOWN,TENSORRT_INTERNAL,__myl_ResMulMea_0x9a67bce87aa70b5a86539a0972d2e0f6_vec,1x-1x2048;1;1;1;1;1;1;1;1,Half;Int64;Int64;Int64;Int64;Int64;Int64;Int64;Int64,1x-1x16x1;1x-1x16x128,Half;Half,/Reshape_176;/q_norm_22/Pow;/q_norm_22/ReduceMean
mixed_prefill,520,__myl_AddSqrDivMulMulTraSliSliNegConMulMulAddRes_myl0_520,kgen,L44:ATTENTION_VALUE,ATTENTION_GEMM,TENSORRT_INTERNAL,__myl_AddSqrDivMulMulTraSliSliNegConMulMulAddRes_0x6acc4948abd0f5b32a0e9f68913929b0,1x1x-1x128;1x1x-1x128;1x1x1x128;1x-1x16x128;1x-1x16x1;1;1;1;1;1,Half;Half;Half;Half;Half;Int64;Int64;Int64;Int64;Int64,16x-1x128,Half,/q_norm_22/Add;/q_norm_22/Sqrt;/q_norm_22/Mul;/q_norm_22/Mul_1;/Transpose_110;/Slice_88;/Slice_89;/Concat_246;/Mul_200;/Add_88;/Mul_199;/MatMul_44;/Neg_44;/q_norm_22/Div
mixed_prefill,521,__mye726245_myl0_521,wait,UNKNOWN,UNKNOWN,NO_KERNEL,NONE,NONE,NONE,NONE,NONE,UNKNOWN
mixed_prefill,522,__mye726249_myl0_522,wait,UNKNOWN,UNKNOWN,NO_KERNEL,NONE,NONE,NONE,NONE,NONE,UNKNOWN
mixed_prefill,523,_gemm_mha_v2_myl0_523,kgen,L22:o_proj,LINEAR,ATTENTION_GEMM,_gemm_mha_v2_0x582f9c30de38a93e722c6de99876bc60,16x-1x128;16x128x-1;1x1x-1x-1;16x-1x128;1;1;1;1;1;1,Half;Half;Bool;Half;Int64;Int64;Int64;Int64;Int64;Int64,16x-1x128,Int8,/o_proj_22/MatMul__a_quant;/MatMul_45;/Softmax_22;/Where_68;/Mul_205;/MatMul_44
mixed_prefill,524,__myl_ResTra_myl0_524,kgen,L45:ATTENTION_VALUE,ATTENTION_GEMM,TENSORRT_INTERNAL,__myl_ResTra_0xc03916d7cfa55338996dbe92c4283d8c,16x-1x128;1;1;1,Int8;Int64;Int64;Int64,1x-1x16x128,Int8,/MatMul_45;/Transpose_114;/Reshape_183
mixed_prefill,525,__myl_FcCasAdd_myl0_525,fusion,L22:o_proj,LINEAR,GEMM,sm80_xmma_gemm_i8i8_i8i32_f32_tn_n_tilesize32x64x64_stage6_warpsize2x2x1_tensor16x8x32_by_fusion_tactic,1x-1x1024;1x-1x2048;1x2048x1024,Half;Int8;Int8,1x-1x1024,Half,/o_proj_22/MatMul;/o_proj_22/MatMul__a_dequant;/o_proj_22/MatMul__a_quant;/o_proj_22/MatMul__w_dequant;/Add_90
mixed_prefill,526,__myl_MulMeaAddSqrDivMulMulMulMinMaxRouCas_myl0_526,kgen,L22:gate_proj,LINEAR,TENSORRT_INTERNAL,__myl_MulMeaAddSqrDivMulMulMulMinMaxRouCas_0x631eac58eb6694e001a0929b8bf99c28_vec,1x-1x1024;1x-1x1024;1x-1x1024;1x1x1024;1;1;1;1;1;1;1;1;1;1;1;1;1,Half;Half;Half;Half;Int64;Int64;Int64;Int64;Int64;Int64;Int64;Int64;Int64;Int64;Int64;Int64;Int64,1x-1x1024;1x-1x1024,Half;Int8,/post_attention_layernorm_22/Div;/gate_proj_22/MatMul__a_quant;/post_attention_layernorm_22/Mul_1;/post_attention_layernorm_22/Mul;/post_attention_layernorm_22/Add;/post_attention_layernorm_22/Sqrt;/post_attention_layernorm_22/ReduceMean;/post_attention_layernorm_22/Pow
mixed_prefill,527,/up_proj_22/MatMul_myl0_527,gemm,L22:up_proj,LINEAR,GEMM,ampere_h16816gemm_128x64_ldg8_nn_v1,1x-1x1024;1x1024x3072;1;1,Half;Half;Float;Float,1x-1x3072,Half,/up_proj_22/MatMul
mixed_prefill,528,__myl_FcCasNegExpAddDivMulMul_myl0_528,fusion,L22:gate_proj,LINEAR,GEMM,sm80_xmma_gemm_i8i8_i8i32_f32_tn_n_tilesize32x64x64_stage6_warpsize2x2x1_tensor16x8x32_by_fusion_tactic,1x-1x3072;1x-1x1024;1x1024x3072,Half;Int8;Int8,1x-1x3072,Half,/gate_proj_22/MatMul;/gate_proj_22/MatMul__a_dequant;/gate_proj_22/MatMul__a_quant;/gate_proj_22/MatMul__w_dequant;/Mul_206;/Mul_207;/Sigmoid_22
mixed_prefill,529,__myl_FcAdd_myl0_529,fusion,L22:down_proj,LINEAR,GEMM,sm80_xmma_gemm_f16f16_f16f16_f16_nn_n_tilesize128x64x64_stage3_warpsize2x2x1_tensor16x8x16_by_fusion_tactic,1x-1x1024;1x-1x3072;1x3072x1024,Half;Half;Half,1x-1x1024,Half,/down_proj_22/MatMul;/Add_91
mixed_prefill,530,__myl_MulMeaAddSqrDivMulMulMinMaxRouCasMulMinMaxRouCasMulMinMaxRouCas_myl0_530,kgen,L23:v_proj,LINEAR,TENSORRT_INTERNAL,__myl_MulMeaAddSqrDivMulMulMinMaxRouCasMulMinMaxRouCasMulMinMaxRouCas_0x14bacf080290e339db28d1223365390a_vec,1x1x1024;1x1x1024;1x1x1024;1x-1x1024;1x-1x1024;1x-1x1024;1;1;1;1;1;1;1;1;1;1;1;1;1;1;1;1;1;1;1;1;1;1;1,Half;Half;Half;Half;Half;Half;Int64;Int64;Int64;Int64;Int64;Int64;Int64;Int64;Int64;Int64;Int64;Int64;Int64;Int64;Int64;Int64;Int64;Int64;Int64;Int64;Int64;Int64;Int64,1x-1x1024;1x-1x1024;1x-1x1024,Int8;Int8;Int8,/input_layernorm_23/Pow;/input_layernorm_23/ReduceMean;/input_layernorm_23/Sqrt;/input_layernorm_23/Add;/input_layernorm_23/Mul;/v_proj_23/MatMul__a_quant;/k_proj_23/MatMul__a_quant;/q_proj_23/MatMul__a_quant;/input_layernorm_23/Div
mixed_prefill,531,__mye726251_myl0_531,signal,UNKNOWN,UNKNOWN,NO_KERNEL,NONE,NONE,NONE,NONE,NONE,UNKNOWN
mixed_prefill,532,__mye726253_myl0_532,wait,UNKNOWN,UNKNOWN,NO_KERNEL,NONE,NONE,NONE,NONE,NONE,UNKNOWN
mixed_prefill,533,__myl_FcCas_myl0_533,fusion,L23:v_proj,LINEAR,GEMM,sm80_xmma_gemm_i8i8_i8i32_f32_tn_n_tilesize32x64x64_stage6_warpsize2x2x1_tensor16x8x32_by_fusion_tactic,1x-1x1024;1x1024x1024,Int8;Int8,1x-1x1024,Half,/v_proj_23/MatMul;/v_proj_23/MatMul__a_dequant;/v_proj_23/MatMul__a_quant;/v_proj_23/MatMul__w_dequant
mixed_prefill,534,__myl_ResTraResSliRepRes_myl0_534,kgen,L47:ATTENTION_VALUE,ATTENTION_GEMM,TENSORRT_INTERNAL,__myl_ResTraResSliRepRes_0xb5ca1ead775f2215fdc6b72339368a3f,1x-1x1024;1;1;1;1;1;1;1;1;1;1;1,Half;Int64;Int64;Int64;Int64;Int64;Int64;Int64;Int64;Int64;Int64;Int64,16x-1x128;1x8x-1x128,Half;Half,/Reshape_186;/Transpose_117;/Expand_47;/MatMul_47;/Unsqueeze_570
mixed_prefill,535,__mye726261_myl0_535,signal,UNKNOWN,UNKNOWN,NO_KERNEL,NONE,NONE,NONE,NONE,NONE,UNKNOWN
mixed_prefill,536,__mye726255_myl0_536,wait,UNKNOWN,UNKNOWN,NO_KERNEL,NONE,NONE,NONE,NONE,NONE,UNKNOWN
mixed_prefill,537,__myl_FcCas_myl0_537,fusion,L23:k_proj,LINEAR,GEMM,sm80_xmma_gemm_i8i8_i8i32_f32_tn_n_tilesize32x64x64_stage6_warpsize2x2x1_tensor16x8x32_by_fusion_tactic,1x-1x1024;1x1024x1024,Int8;Int8,1x-1x1024,Half,/k_proj_23/MatMul;/k_proj_23/MatMul__a_dequant;/k_proj_23/MatMul__a_quant;/k_proj_23/MatMul__w_dequant
mixed_prefill,538,__myl_ResMulMea_myl0_538,kgen,UNKNOWN,UNKNOWN,TENSORRT_INTERNAL,__myl_ResMulMea_0x356824d54c2e1ab1f7825eefa1e6b632_vec,1x-1x1024;1;1;1;1;1;1;1,Half;Int64;Int64;Int64;Int64;Int64;Int64;Int64,1x-1x8x1;1x-1x8x128,Half;Half,/Reshape_185;/k_norm_23/Pow;/k_norm_23/ReduceMean
mixed_prefill,539,__myl_AddSqrDivMulMulTraSliSliNegConMulMulAddResSliRepResTraRes_myl0_539,kgen,L46:ATTENTION_VALUE,ATTENTION_GEMM,TENSORRT_INTERNAL,__myl_AddSqrDivMulMulTraSliSliNegConMulMulAddResSliRepResTraRes_0x4ad536b524b3f7a2415d97f02da12733,1x1x-1x128;1x1x-1x128;1x1x1x128;1x-1x8x128;1x-1x8x1;1;1;1;1;1;1;1;1;1;1;1;1;1;1;1;1;1;1;1;1;1;1;1;1,Half;Half;Half;Half;Half;Int64;Int64;Int64;Int64;Int64;Int64;Int64;Int64;Int64;Int64;Int64;Int64;Int64;Int64;Int64;Int64;Int64;Int64;Int64;Int64;Int64;Int64;Int64;Int64,16x128x-1;1x8x-1x128,Half;Half,/k_norm_23/Add;/k_norm_23/Sqrt;/k_norm_23/Mul;/k_norm_23/Mul_1;/Transpose_116;/Slice_94;/Slice_95;/Concat_258;/Mul_211;/Add_93;/Mul_210;/Expand_46;/Reshape_188;/Transpose_118;/MatMul_46;/Unsqueeze_565;/Neg_47;/k_norm_23/Div
mixed_prefill,540,__mye726257_myl0_540,signal,UNKNOWN,UNKNOWN,NO_KERNEL,NONE,NONE,NONE,NONE,NONE,UNKNOWN
mixed_prefill,541,__myl_FcCas_myl0_541,fusion,L23:q_proj,LINEAR,GEMM,sm80_xmma_gemm_i8f32_i8i32_f32_tn_n_tilesize32x64x64_stage6_warpsize2x2x1_tensor16x8x32_by_fusion_tactic,1x-1x1024;1x1024x2048,Int8;Int8,1x-1x2048,Half,/q_proj_23/MatMul;/q_proj_23/MatMul__a_dequant;/q_proj_23/MatMul__a_quant;/q_proj_23/MatMul__w_dequant
mixed_prefill,542,__myl_ResMulMea_myl0_542,kgen,UNKNOWN,UNKNOWN,TENSORRT_INTERNAL,__myl_ResMulMea_0x9a67bce87aa70b5a86539a0972d2e0f6_vec,1x-1x2048;1;1;1;1;1;1;1;1,Half;Int64;Int64;Int64;Int64;Int64;Int64;Int64;Int64,1x-1x16x1;1x-1x16x128,Half;Half,/Reshape_184;/q_norm_23/Pow;/q_norm_23/ReduceMean
mixed_prefill,543,__myl_AddSqrDivMulMulTraSliSliNegConMulMulAddRes_myl0_543,kgen,L46:ATTENTION_VALUE,ATTENTION_GEMM,TENSORRT_INTERNAL,__myl_AddSqrDivMulMulTraSliSliNegConMulMulAddRes_0x6acc4948abd0f5b32a0e9f68913929b0,1x1x-1x128;1x1x-1x128;1x1x1x128;1x-1x16x128;1x-1x16x1;1;1;1;1;1,Half;Half;Half;Half;Half;Int64;Int64;Int64;Int64;Int64,16x-1x128,Half,/q_norm_23/Add;/q_norm_23/Sqrt;/q_norm_23/Mul;/q_norm_23/Mul_1;/Transpose_115;/Slice_92;/Slice_93;/Concat_257;/Mul_209;/Add_92;/Mul_208;/MatMul_46;/Neg_46;/q_norm_23/Div
mixed_prefill,544,__mye726259_myl0_544,wait,UNKNOWN,UNKNOWN,NO_KERNEL,NONE,NONE,NONE,NONE,NONE,UNKNOWN
mixed_prefill,545,__mye726263_myl0_545,wait,UNKNOWN,UNKNOWN,NO_KERNEL,NONE,NONE,NONE,NONE,NONE,UNKNOWN
mixed_prefill,546,_gemm_mha_v2_myl0_546,kgen,L23:o_proj,LINEAR,ATTENTION_GEMM,_gemm_mha_v2_0xf4c36af1b3c39fab3312671f178aa157,16x-1x128;16x128x-1;1x1x-1x-1;16x-1x128;1;1;1;1;1;1,Half;Half;Bool;Half;Int64;Int64;Int64;Int64;Int64;Int64,16x-1x128,Int8,/o_proj_23/MatMul__a_quant;/MatMul_47;/Softmax_23;/Where_71;/Mul_214;/MatMul_46
mixed_prefill,547,__myl_ResTra_myl0_547,kgen,L47:ATTENTION_VALUE,ATTENTION_GEMM,TENSORRT_INTERNAL,__myl_ResTra_0xc03916d7cfa55338996dbe92c4283d8c,16x-1x128;1;1;1,Int8;Int64;Int64;Int64,1x-1x16x128,Int8,/MatMul_47;/Transpose_119;/Reshape_191
mixed_prefill,548,__myl_FcCasAdd_myl0_548,fusion,L23:o_proj,LINEAR,GEMM,sm80_xmma_gemm_i8i8_i8i32_f32_tn_n_tilesize32x64x64_stage6_warpsize2x2x1_tensor16x8x32_by_fusion_tactic,1x-1x1024;1x-1x2048;1x2048x1024,Half;Int8;Int8,1x-1x1024,Half,/o_proj_23/MatMul;/o_proj_23/MatMul__a_dequant;/o_proj_23/MatMul__a_quant;/o_proj_23/MatMul__w_dequant;/Add_94
mixed_prefill,549,__myl_MulMeaAddSqrDivMulMulMulMinMaxRouCas_myl0_549,kgen,L23:gate_proj,LINEAR,TENSORRT_INTERNAL,__myl_MulMeaAddSqrDivMulMulMulMinMaxRouCas_0x06bdba4595fd33adf3c728cf049f0b03_vec,1x-1x1024;1x-1x1024;1x-1x1024;1x1x1024;1;1;1;1;1;1;1;1;1;1;1;1;1,Half;Half;Half;Half;Int64;Int64;Int64;Int64;Int64;Int64;Int64;Int64;Int64;Int64;Int64;Int64;Int64,1x-1x1024;1x-1x1024,Half;Int8,/post_attention_layernorm_23/Div;/gate_proj_23/MatMul__a_quant;/post_attention_layernorm_23/Mul_1;/post_attention_layernorm_23/Mul;/post_attention_layernorm_23/Add;/post_attention_layernorm_23/Sqrt;/post_attention_layernorm_23/ReduceMean;/post_attention_layernorm_23/Pow
mixed_prefill,550,/up_proj_23/MatMul_myl0_550,gemm,L23:up_proj,LINEAR,GEMM,ampere_h16816gemm_128x64_ldg8_nn_v1,1x-1x1024;1x1024x3072;1;1,Half;Half;Float;Float,1x-1x3072,Half,/up_proj_23/MatMul
mixed_prefill,551,__myl_FcCasNegExpAddDivMulMul_myl0_551,fusion,L23:gate_proj,LINEAR,GEMM,sm80_xmma_gemm_i8i8_i8i32_f32_tn_n_tilesize32x64x64_stage6_warpsize2x2x1_tensor16x8x32_by_fusion_tactic,1x-1x3072;1x-1x1024;1x1024x3072,Half;Int8;Int8,1x-1x3072,Half,/gate_proj_23/MatMul;/gate_proj_23/MatMul__a_dequant;/gate_proj_23/MatMul__a_quant;/gate_proj_23/MatMul__w_dequant;/Mul_215;/Mul_216;/Sigmoid_23
mixed_prefill,552,__myl_FcAdd_myl0_552,fusion,L23:down_proj,LINEAR,GEMM,sm80_xmma_gemm_f16f16_f16f16_f16_nn_n_tilesize128x64x64_stage3_warpsize2x2x1_tensor16x8x16_by_fusion_tactic,1x-1x1024;1x-1x3072;1x3072x1024,Half;Half;Half,1x-1x1024,Half,/down_proj_23/MatMul;/Add_95
mixed_prefill,553,__myl_MulMeaAddSqrDivMulMulMinMaxRouCasMulMinMaxRouCasMulMinMaxRouCas_myl0_553,kgen,L24:v_proj,LINEAR,TENSORRT_INTERNAL,__myl_MulMeaAddSqrDivMulMulMinMaxRouCasMulMinMaxRouCasMulMinMaxRouCas_0x14bacf080290e339db28d1223365390a_vec,1x1x1024;1x1x1024;1x1x1024;1x-1x1024;1x-1x1024;1x-1x1024;1;1;1;1;1;1;1;1;1;1;1;1;1;1;1;1;1;1;1;1;1;1;1,Half;Half;Half;Half;Half;Half;Int64;Int64;Int64;Int64;Int64;Int64;Int64;Int64;Int64;Int64;Int64;Int64;Int64;Int64;Int64;Int64;Int64;Int64;Int64;Int64;Int64;Int64;Int64,1x-1x1024;1x-1x1024;1x-1x1024,Int8;Int8;Int8,/input_layernorm_24/Pow;/input_layernorm_24/ReduceMean;/input_layernorm_24/Sqrt;/input_layernorm_24/Add;/input_layernorm_24/Mul;/v_proj_24/MatMul__a_quant;/k_proj_24/MatMul__a_quant;/q_proj_24/MatMul__a_quant;/input_layernorm_24/Div
mixed_prefill,554,__mye726265_myl0_554,signal,UNKNOWN,UNKNOWN,NO_KERNEL,NONE,NONE,NONE,NONE,NONE,UNKNOWN
mixed_prefill,555,__mye726267_myl0_555,wait,UNKNOWN,UNKNOWN,NO_KERNEL,NONE,NONE,NONE,NONE,NONE,UNKNOWN
mixed_prefill,556,__myl_FcCas_myl0_556,fusion,L24:v_proj,LINEAR,GEMM,sm80_xmma_gemm_i8i8_i8i32_f32_tn_n_tilesize32x64x64_stage6_warpsize2x2x1_tensor16x8x32_by_fusion_tactic,1x-1x1024;1x1024x1024,Int8;Int8,1x-1x1024,Half,/v_proj_24/MatMul;/v_proj_24/MatMul__a_dequant;/v_proj_24/MatMul__a_quant;/v_proj_24/MatMul__w_dequant
mixed_prefill,557,__myl_ResTraResSliRepRes_myl0_557,kgen,L49:ATTENTION_VALUE,ATTENTION_GEMM,TENSORRT_INTERNAL,__myl_ResTraResSliRepRes_0xb5ca1ead775f2215fdc6b72339368a3f,1x-1x1024;1;1;1;1;1;1;1;1;1;1;1,Half;Int64;Int64;Int64;Int64;Int64;Int64;Int64;Int64;Int64;Int64;Int64,16x-1x128;1x8x-1x128,Half;Half,/Reshape_194;/Transpose_122;/Expand_49;/MatMul_49;/Unsqueeze_594
mixed_prefill,558,__mye726275_myl0_558,signal,UNKNOWN,UNKNOWN,NO_KERNEL,NONE,NONE,NONE,NONE,NONE,UNKNOWN
mixed_prefill,559,__mye726269_myl0_559,wait,UNKNOWN,UNKNOWN,NO_KERNEL,NONE,NONE,NONE,NONE,NONE,UNKNOWN
mixed_prefill,560,__myl_FcCas_myl0_560,fusion,L24:k_proj,LINEAR,GEMM,sm80_xmma_gemm_i8i8_i8i32_f32_tn_n_tilesize32x64x64_stage6_warpsize2x2x1_tensor16x8x32_by_fusion_tactic,1x-1x1024;1x1024x1024,Int8;Int8,1x-1x1024,Half,/k_proj_24/MatMul;/k_proj_24/MatMul__a_dequant;/k_proj_24/MatMul__a_quant;/k_proj_24/MatMul__w_dequant
mixed_prefill,561,__myl_ResMulMea_myl0_561,kgen,UNKNOWN,UNKNOWN,TENSORRT_INTERNAL,__myl_ResMulMea_0x356824d54c2e1ab1f7825eefa1e6b632_vec,1x-1x1024;1;1;1;1;1;1;1,Half;Int64;Int64;Int64;Int64;Int64;Int64;Int64,1x-1x8x1;1x-1x8x128,Half;Half,/Reshape_193;/k_norm_24/Pow;/k_norm_24/ReduceMean
mixed_prefill,562,__myl_AddSqrDivMulMulTraSliSliNegConMulMulAddResSliRepResTraRes_myl0_562,kgen,L48:ATTENTION_VALUE,ATTENTION_GEMM,TENSORRT_INTERNAL,__myl_AddSqrDivMulMulTraSliSliNegConMulMulAddResSliRepResTraRes_0x4ad536b524b3f7a2415d97f02da12733,1x1x-1x128;1x1x-1x128;1x1x1x128;1x-1x8x128;1x-1x8x1;1;1;1;1;1;1;1;1;1;1;1;1;1;1;1;1;1;1;1;1;1;1;1;1,Half;Half;Half;Half;Half;Int64;Int64;Int64;Int64;Int64;Int64;Int64;Int64;Int64;Int64;Int64;Int64;Int64;Int64;Int64;Int64;Int64;Int64;Int64;Int64;Int64;Int64;Int64;Int64,16x128x-1;1x8x-1x128,Half;Half,/k_norm_24/Add;/k_norm_24/Sqrt;/k_norm_24/Mul;/k_norm_24/Mul_1;/Transpose_121;/Slice_98;/Slice_99;/Concat_269;/Mul_220;/Add_97;/Mul_219;/Expand_48;/Reshape_196;/Transpose_123;/MatMul_48;/Unsqueeze_589;/Neg_49;/k_norm_24/Div
mixed_prefill,563,__mye726271_myl0_563,signal,UNKNOWN,UNKNOWN,NO_KERNEL,NONE,NONE,NONE,NONE,NONE,UNKNOWN
mixed_prefill,564,__myl_FcCas_myl0_564,fusion,L24:q_proj,LINEAR,GEMM,sm80_xmma_gemm_i8f32_i8i32_f32_tn_n_tilesize32x64x64_stage6_warpsize2x2x1_tensor16x8x32_by_fusion_tactic,1x-1x1024;1x1024x2048,Int8;Int8,1x-1x2048,Half,/q_proj_24/MatMul;/q_proj_24/MatMul__a_dequant;/q_proj_24/MatMul__a_quant;/q_proj_24/MatMul__w_dequant
mixed_prefill,565,__myl_ResMulMea_myl0_565,kgen,UNKNOWN,UNKNOWN,TENSORRT_INTERNAL,__myl_ResMulMea_0x9a67bce87aa70b5a86539a0972d2e0f6_vec,1x-1x2048;1;1;1;1;1;1;1;1,Half;Int64;Int64;Int64;Int64;Int64;Int64;Int64;Int64,1x-1x16x1;1x-1x16x128,Half;Half,/Reshape_192;/q_norm_24/Pow;/q_norm_24/ReduceMean
mixed_prefill,566,__myl_AddSqrDivMulMulTraSliSliNegConMulMulAddRes_myl0_566,kgen,L48:ATTENTION_VALUE,ATTENTION_GEMM,TENSORRT_INTERNAL,__myl_AddSqrDivMulMulTraSliSliNegConMulMulAddRes_0x6acc4948abd0f5b32a0e9f68913929b0,1x1x-1x128;1x1x-1x128;1x1x1x128;1x-1x16x128;1x-1x16x1;1;1;1;1;1,Half;Half;Half;Half;Half;Int64;Int64;Int64;Int64;Int64,16x-1x128,Half,/q_norm_24/Add;/q_norm_24/Sqrt;/q_norm_24/Mul;/q_norm_24/Mul_1;/Transpose_120;/Slice_96;/Slice_97;/Concat_268;/Mul_218;/Add_96;/Mul_217;/MatMul_48;/Neg_48;/q_norm_24/Div
mixed_prefill,567,__mye726273_myl0_567,wait,UNKNOWN,UNKNOWN,NO_KERNEL,NONE,NONE,NONE,NONE,NONE,UNKNOWN
mixed_prefill,568,__mye726277_myl0_568,wait,UNKNOWN,UNKNOWN,NO_KERNEL,NONE,NONE,NONE,NONE,NONE,UNKNOWN
mixed_prefill,569,_gemm_mha_v2_myl0_569,kgen,L24:o_proj,LINEAR,ATTENTION_GEMM,_gemm_mha_v2_0xe6bc19e69c82f8044e9874292acae825,16x-1x128;16x128x-1;1x1x-1x-1;16x-1x128;1;1;1;1;1;1,Half;Half;Bool;Half;Int64;Int64;Int64;Int64;Int64;Int64,16x-1x128,Int8,/o_proj_24/MatMul__a_quant;/MatMul_49;/Where_74;/Mul_223;/MatMul_48;/Softmax_24
mixed_prefill,570,__myl_ResTra_myl0_570,kgen,L49:ATTENTION_VALUE,ATTENTION_GEMM,TENSORRT_INTERNAL,__myl_ResTra_0xc03916d7cfa55338996dbe92c4283d8c,16x-1x128;1;1;1,Int8;Int64;Int64;Int64,1x-1x16x128,Int8,/MatMul_49;/Transpose_124;/Reshape_199
mixed_prefill,571,__myl_FcCasAdd_myl0_571,fusion,L24:o_proj,LINEAR,GEMM,sm80_xmma_gemm_i8i8_i8i32_f32_tn_n_tilesize32x64x64_stage6_warpsize2x2x1_tensor16x8x32_by_fusion_tactic,1x-1x1024;1x-1x2048;1x2048x1024,Half;Int8;Int8,1x-1x1024,Half,/o_proj_24/MatMul;/o_proj_24/MatMul__a_dequant;/o_proj_24/MatMul__a_quant;/o_proj_24/MatMul__w_dequant;/Add_98
mixed_prefill,572,__myl_MulMeaAddSqrDivMulMulMulMinMaxRouCas_myl0_572,kgen,L24:gate_proj,LINEAR,TENSORRT_INTERNAL,__myl_MulMeaAddSqrDivMulMulMulMinMaxRouCas_0x06bdba4595fd33adf3c728cf049f0b03_vec,1x-1x1024;1x-1x1024;1x-1x1024;1x1x1024;1;1;1;1;1;1;1;1;1;1;1;1;1,Half;Half;Half;Half;Int64;Int64;Int64;Int64;Int64;Int64;Int64;Int64;Int64;Int64;Int64;Int64;Int64,1x-1x1024;1x-1x1024,Half;Int8,/post_attention_layernorm_24/Div;/gate_proj_24/MatMul__a_quant;/post_attention_layernorm_24/Mul_1;/post_attention_layernorm_24/Mul;/post_attention_layernorm_24/Add;/post_attention_layernorm_24/Sqrt;/post_attention_layernorm_24/ReduceMean;/post_attention_layernorm_24/Pow
mixed_prefill,573,/up_proj_24/MatMul_myl0_573,gemm,L24:up_proj,LINEAR,GEMM,ampere_h16816gemm_128x64_ldg8_nn_v1,1x-1x1024;1x1024x3072;1;1,Half;Half;Float;Float,1x-1x3072,Half,/up_proj_24/MatMul
mixed_prefill,574,__myl_FcCasNegExpAddDivMulMul_myl0_574,fusion,L24:gate_proj,LINEAR,GEMM,sm80_xmma_gemm_i8i8_i8i32_f32_tn_n_tilesize32x64x64_stage6_warpsize2x2x1_tensor16x8x32_by_fusion_tactic,1x-1x3072;1x-1x1024;1x1024x3072,Half;Int8;Int8,1x-1x3072,Half,/gate_proj_24/MatMul;/gate_proj_24/MatMul__a_dequant;/gate_proj_24/MatMul__a_quant;/gate_proj_24/MatMul__w_dequant;/Mul_224;/Mul_225;/Sigmoid_24
mixed_prefill,575,__myl_FcAdd_myl0_575,fusion,L24:down_proj,LINEAR,GEMM,sm80_xmma_gemm_f16f16_f16f16_f16_nn_n_tilesize128x64x64_stage3_warpsize2x2x1_tensor16x8x16_by_fusion_tactic,1x-1x1024;1x-1x3072;1x3072x1024,Half;Half;Half,1x-1x1024,Half,/down_proj_24/MatMul;/Add_99
mixed_prefill,576,__myl_MulMeaAddSqrDivMulMulMinMaxRouCasMulMinMaxRouCasMulMinMaxRouCas_myl0_576,kgen,L25:v_proj,LINEAR,TENSORRT_INTERNAL,__myl_MulMeaAddSqrDivMulMulMinMaxRouCasMulMinMaxRouCasMulMinMaxRouCas_0x14bacf080290e339db28d1223365390a_vec,1x1x1024;1x1x1024;1x1x1024;1x-1x1024;1x-1x1024;1x-1x1024;1;1;1;1;1;1;1;1;1;1;1;1;1;1;1;1;1;1;1;1;1;1;1,Half;Half;Half;Half;Half;Half;Int64;Int64;Int64;Int64;Int64;Int64;Int64;Int64;Int64;Int64;Int64;Int64;Int64;Int64;Int64;Int64;Int64;Int64;Int64;Int64;Int64;Int64;Int64,1x-1x1024;1x-1x1024;1x-1x1024,Int8;Int8;Int8,/input_layernorm_25/Pow;/input_layernorm_25/ReduceMean;/input_layernorm_25/Sqrt;/input_layernorm_25/Add;/input_layernorm_25/Mul;/v_proj_25/MatMul__a_quant;/k_proj_25/MatMul__a_quant;/q_proj_25/MatMul__a_quant;/input_layernorm_25/Div
mixed_prefill,577,__mye726279_myl0_577,signal,UNKNOWN,UNKNOWN,NO_KERNEL,NONE,NONE,NONE,NONE,NONE,UNKNOWN
mixed_prefill,578,__mye726281_myl0_578,wait,UNKNOWN,UNKNOWN,NO_KERNEL,NONE,NONE,NONE,NONE,NONE,UNKNOWN
mixed_prefill,579,__myl_FcCas_myl0_579,fusion,L25:v_proj,LINEAR,GEMM,sm80_xmma_gemm_i8i8_i8i32_f32_tn_n_tilesize32x64x64_stage6_warpsize2x2x1_tensor16x8x32_by_fusion_tactic,1x-1x1024;1x1024x1024,Int8;Int8,1x-1x1024,Half,/v_proj_25/MatMul;/v_proj_25/MatMul__a_dequant;/v_proj_25/MatMul__a_quant;/v_proj_25/MatMul__w_dequant
mixed_prefill,580,__myl_ResTraResSliRepRes_myl0_580,kgen,L51:ATTENTION_VALUE,ATTENTION_GEMM,TENSORRT_INTERNAL,__myl_ResTraResSliRepRes_0xb5ca1ead775f2215fdc6b72339368a3f,1x-1x1024;1;1;1;1;1;1;1;1;1;1;1,Half;Int64;Int64;Int64;Int64;Int64;Int64;Int64;Int64;Int64;Int64;Int64,16x-1x128;1x8x-1x128,Half;Half,/Reshape_202;/Transpose_127;/Expand_51;/MatMul_51;/Unsqueeze_618
mixed_prefill,581,__mye726289_myl0_581,signal,UNKNOWN,UNKNOWN,NO_KERNEL,NONE,NONE,NONE,NONE,NONE,UNKNOWN
mixed_prefill,582,__mye726283_myl0_582,wait,UNKNOWN,UNKNOWN,NO_KERNEL,NONE,NONE,NONE,NONE,NONE,UNKNOWN
mixed_prefill,583,__myl_FcCas_myl0_583,fusion,L25:k_proj,LINEAR,GEMM,sm80_xmma_gemm_i8i8_i8i32_f32_tn_n_tilesize32x64x64_stage6_warpsize2x2x1_tensor16x8x32_by_fusion_tactic,1x-1x1024;1x1024x1024,Int8;Int8,1x-1x1024,Half,/k_proj_25/MatMul;/k_proj_25/MatMul__a_dequant;/k_proj_25/MatMul__a_quant;/k_proj_25/MatMul__w_dequant
mixed_prefill,584,__myl_ResMulMea_myl0_584,kgen,UNKNOWN,UNKNOWN,TENSORRT_INTERNAL,__myl_ResMulMea_0x356824d54c2e1ab1f7825eefa1e6b632_vec,1x-1x1024;1;1;1;1;1;1;1,Half;Int64;Int64;Int64;Int64;Int64;Int64;Int64,1x-1x8x1;1x-1x8x128,Half;Half,/Reshape_201;/k_norm_25/Pow;/k_norm_25/ReduceMean
mixed_prefill,585,__myl_AddSqrDivMulMulTraSliSliNegConMulMulAddResSliRepResTraRes_myl0_585,kgen,L50:ATTENTION_VALUE,ATTENTION_GEMM,TENSORRT_INTERNAL,__myl_AddSqrDivMulMulTraSliSliNegConMulMulAddResSliRepResTraRes_0x4ad536b524b3f7a2415d97f02da12733,1x1x-1x128;1x1x-1x128;1x1x1x128;1x-1x8x128;1x-1x8x1;1;1;1;1;1;1;1;1;1;1;1;1;1;1;1;1;1;1;1;1;1;1;1;1,Half;Half;Half;Half;Half;Int64;Int64;Int64;Int64;Int64;Int64;Int64;Int64;Int64;Int64;Int64;Int64;Int64;Int64;Int64;Int64;Int64;Int64;Int64;Int64;Int64;Int64;Int64;Int64,16x128x-1;1x8x-1x128,Half;Half,/k_norm_25/Add;/k_norm_25/Sqrt;/k_norm_25/Mul;/k_norm_25/Mul_1;/Transpose_126;/Slice_102;/Slice_103;/Concat_280;/Mul_229;/Add_101;/Mul_228;/Expand_50;/Reshape_204;/Transpose_128;/MatMul_50;/Unsqueeze_613;/Neg_51;/k_norm_25/Div
mixed_prefill,586,__mye726285_myl0_586,signal,UNKNOWN,UNKNOWN,NO_KERNEL,NONE,NONE,NONE,NONE,NONE,UNKNOWN
mixed_prefill,587,__myl_FcCas_myl0_587,fusion,L25:q_proj,LINEAR,GEMM,sm80_xmma_gemm_i8f32_i8i32_f32_tn_n_tilesize32x64x64_stage6_warpsize2x2x1_tensor16x8x32_by_fusion_tactic,1x-1x1024;1x1024x2048,Int8;Int8,1x-1x2048,Half,/q_proj_25/MatMul;/q_proj_25/MatMul__a_dequant;/q_proj_25/MatMul__a_quant;/q_proj_25/MatMul__w_dequant
mixed_prefill,588,__myl_ResMulMea_myl0_588,kgen,UNKNOWN,UNKNOWN,TENSORRT_INTERNAL,__myl_ResMulMea_0x9a67bce87aa70b5a86539a0972d2e0f6_vec,1x-1x2048;1;1;1;1;1;1;1;1,Half;Int64;Int64;Int64;Int64;Int64;Int64;Int64;Int64,1x-1x16x1;1x-1x16x128,Half;Half,/Reshape_200;/q_norm_25/Pow;/q_norm_25/ReduceMean
mixed_prefill,589,__myl_AddSqrDivMulMulTraSliSliNegConMulMulAddRes_myl0_589,kgen,L50:ATTENTION_VALUE,ATTENTION_GEMM,TENSORRT_INTERNAL,__myl_AddSqrDivMulMulTraSliSliNegConMulMulAddRes_0x6acc4948abd0f5b32a0e9f68913929b0,1x1x-1x128;1x1x-1x128;1x1x1x128;1x-1x16x128;1x-1x16x1;1;1;1;1;1,Half;Half;Half;Half;Half;Int64;Int64;Int64;Int64;Int64,16x-1x128,Half,/q_norm_25/Add;/q_norm_25/Sqrt;/q_norm_25/Mul;/q_norm_25/Mul_1;/Transpose_125;/Slice_100;/Slice_101;/Concat_279;/Mul_227;/Add_100;/Mul_226;/MatMul_50;/Neg_50;/q_norm_25/Div
mixed_prefill,590,__mye726287_myl0_590,wait,UNKNOWN,UNKNOWN,NO_KERNEL,NONE,NONE,NONE,NONE,NONE,UNKNOWN
mixed_prefill,591,__mye726291_myl0_591,wait,UNKNOWN,UNKNOWN,NO_KERNEL,NONE,NONE,NONE,NONE,NONE,UNKNOWN
mixed_prefill,592,_gemm_mha_v2_myl0_592,kgen,L25:o_proj,LINEAR,ATTENTION_GEMM,_gemm_mha_v2_0x122d493ce64aa00c197ae40baf03a637,16x-1x128;16x128x-1;1x1x-1x-1;16x-1x128;1;1;1;1;1;1,Half;Half;Bool;Half;Int64;Int64;Int64;Int64;Int64;Int64,16x-1x128,Int8,/o_proj_25/MatMul__a_quant;/MatMul_51;/Where_77;/Mul_232;/Softmax_25;/MatMul_50
mixed_prefill,593,__myl_ResTra_myl0_593,kgen,L51:ATTENTION_VALUE,ATTENTION_GEMM,TENSORRT_INTERNAL,__myl_ResTra_0xc03916d7cfa55338996dbe92c4283d8c,16x-1x128;1;1;1,Int8;Int64;Int64;Int64,1x-1x16x128,Int8,/MatMul_51;/Transpose_129;/Reshape_207
mixed_prefill,594,__myl_FcCasAdd_myl0_594,fusion,L25:o_proj,LINEAR,GEMM,sm80_xmma_gemm_i8i8_i8i32_f32_tn_n_tilesize32x64x64_stage6_warpsize2x2x1_tensor16x8x32_by_fusion_tactic,1x-1x1024;1x-1x2048;1x2048x1024,Half;Int8;Int8,1x-1x1024,Half,/o_proj_25/MatMul;/o_proj_25/MatMul__a_dequant;/o_proj_25/MatMul__a_quant;/o_proj_25/MatMul__w_dequant;/Add_102
mixed_prefill,595,__myl_MulMeaAddSqrDivMulMulMulMinMaxRouCas_myl0_595,kgen,L25:gate_proj,LINEAR,TENSORRT_INTERNAL,__myl_MulMeaAddSqrDivMulMulMulMinMaxRouCas_0xb8020f747bc473120c074e71691b4a60_vec,1x-1x1024;1x-1x1024;1x-1x1024;1x1x1024;1;1;1;1;1;1;1;1;1;1;1;1;1,Half;Half;Half;Half;Int64;Int64;Int64;Int64;Int64;Int64;Int64;Int64;Int64;Int64;Int64;Int64;Int64,1x-1x1024;1x-1x1024,Half;Int8,/post_attention_layernorm_25/Div;/gate_proj_25/MatMul__a_quant;/post_attention_layernorm_25/Mul_1;/post_attention_layernorm_25/Mul;/post_attention_layernorm_25/Add;/post_attention_layernorm_25/Sqrt;/post_attention_layernorm_25/ReduceMean;/post_attention_layernorm_25/Pow
mixed_prefill,596,/up_proj_25/MatMul_myl0_596,gemm,L25:up_proj,LINEAR,GEMM,ampere_h16816gemm_128x64_ldg8_nn_v1,1x-1x1024;1x1024x3072;1;1,Half;Half;Float;Float,1x-1x3072,Half,/up_proj_25/MatMul
mixed_prefill,597,__myl_FcCasNegExpAddDivMulMul_myl0_597,fusion,L25:gate_proj,LINEAR,GEMM,sm80_xmma_gemm_i8i8_i8i32_f32_tn_n_tilesize32x64x64_stage6_warpsize2x2x1_tensor16x8x32_by_fusion_tactic,1x-1x3072;1x-1x1024;1x1024x3072,Half;Int8;Int8,1x-1x3072,Half,/gate_proj_25/MatMul;/gate_proj_25/MatMul__a_dequant;/gate_proj_25/MatMul__a_quant;/gate_proj_25/MatMul__w_dequant;/Mul_233;/Mul_234;/Sigmoid_25
mixed_prefill,598,__myl_FcAdd_myl0_598,fusion,L25:down_proj,LINEAR,GEMM,sm80_xmma_gemm_f16f16_f16f16_f16_nn_n_tilesize128x64x64_stage3_warpsize2x2x1_tensor16x8x16_by_fusion_tactic,1x-1x1024;1x-1x3072;1x3072x1024,Half;Half;Half,1x-1x1024,Half,/down_proj_25/MatMul;/Add_103
mixed_prefill,599,__myl_MulMeaAddSqrDivMulMulMinMaxRouCasMulMinMaxRouCasMulMinMaxRouCas_myl0_599,kgen,L26:v_proj,LINEAR,TENSORRT_INTERNAL,__myl_MulMeaAddSqrDivMulMulMinMaxRouCasMulMinMaxRouCasMulMinMaxRouCas_0x14bacf080290e339db28d1223365390a_vec,1x1x1024;1x1x1024;1x1x1024;1x-1x1024;1x-1x1024;1x-1x1024;1;1;1;1;1;1;1;1;1;1;1;1;1;1;1;1;1;1;1;1;1;1;1,Half;Half;Half;Half;Half;Half;Int64;Int64;Int64;Int64;Int64;Int64;Int64;Int64;Int64;Int64;Int64;Int64;Int64;Int64;Int64;Int64;Int64;Int64;Int64;Int64;Int64;Int64;Int64,1x-1x1024;1x-1x1024;1x-1x1024,Int8;Int8;Int8,/input_layernorm_26/Pow;/input_layernorm_26/ReduceMean;/input_layernorm_26/Sqrt;/input_layernorm_26/Add;/input_layernorm_26/Mul;/v_proj_26/MatMul__a_quant;/k_proj_26/MatMul__a_quant;/q_proj_26/MatMul__a_quant;/input_layernorm_26/Div
mixed_prefill,600,__mye726293_myl0_600,signal,UNKNOWN,UNKNOWN,NO_KERNEL,NONE,NONE,NONE,NONE,NONE,UNKNOWN
mixed_prefill,601,__mye726295_myl0_601,wait,UNKNOWN,UNKNOWN,NO_KERNEL,NONE,NONE,NONE,NONE,NONE,UNKNOWN
mixed_prefill,602,__myl_FcCas_myl0_602,fusion,L26:v_proj,LINEAR,GEMM,sm80_xmma_gemm_i8i8_i8i32_f32_tn_n_tilesize32x64x64_stage6_warpsize2x2x1_tensor16x8x32_by_fusion_tactic,1x-1x1024;1x1024x1024,Int8;Int8,1x-1x1024,Half,/v_proj_26/MatMul;/v_proj_26/MatMul__a_dequant;/v_proj_26/MatMul__a_quant;/v_proj_26/MatMul__w_dequant
mixed_prefill,603,__myl_ResTraResSliRepRes_myl0_603,kgen,L53:ATTENTION_VALUE,ATTENTION_GEMM,TENSORRT_INTERNAL,__myl_ResTraResSliRepRes_0xb5ca1ead775f2215fdc6b72339368a3f,1x-1x1024;1;1;1;1;1;1;1;1;1;1;1,Half;Int64;Int64;Int64;Int64;Int64;Int64;Int64;Int64;Int64;Int64;Int64,16x-1x128;1x8x-1x128,Half;Half,/Reshape_210;/Transpose_132;/Expand_53;/MatMul_53;/Unsqueeze_642
mixed_prefill,604,__mye726303_myl0_604,signal,UNKNOWN,UNKNOWN,NO_KERNEL,NONE,NONE,NONE,NONE,NONE,UNKNOWN
mixed_prefill,605,__mye726297_myl0_605,wait,UNKNOWN,UNKNOWN,NO_KERNEL,NONE,NONE,NONE,NONE,NONE,UNKNOWN
mixed_prefill,606,__myl_FcCas_myl0_606,fusion,L26:k_proj,LINEAR,GEMM,sm80_xmma_gemm_i8i8_i8i32_f32_tn_n_tilesize32x64x64_stage6_warpsize2x2x1_tensor16x8x32_by_fusion_tactic,1x-1x1024;1x1024x1024,Int8;Int8,1x-1x1024,Half,/k_proj_26/MatMul;/k_proj_26/MatMul__a_dequant;/k_proj_26/MatMul__a_quant;/k_proj_26/MatMul__w_dequant
mixed_prefill,607,__myl_ResMulMea_myl0_607,kgen,UNKNOWN,UNKNOWN,TENSORRT_INTERNAL,__myl_ResMulMea_0x356824d54c2e1ab1f7825eefa1e6b632_vec,1x-1x1024;1;1;1;1;1;1;1,Half;Int64;Int64;Int64;Int64;Int64;Int64;Int64,1x-1x8x1;1x-1x8x128,Half;Half,/Reshape_209;/k_norm_26/Pow;/k_norm_26/ReduceMean
mixed_prefill,608,__myl_AddSqrDivMulMulTraSliSliNegConMulMulAddResSliRepResTraRes_myl0_608,kgen,L52:ATTENTION_VALUE,ATTENTION_GEMM,TENSORRT_INTERNAL,__myl_AddSqrDivMulMulTraSliSliNegConMulMulAddResSliRepResTraRes_0x4ad536b524b3f7a2415d97f02da12733,1x1x-1x128;1x1x-1x128;1x1x1x128;1x-1x8x128;1x-1x8x1;1;1;1;1;1;1;1;1;1;1;1;1;1;1;1;1;1;1;1;1;1;1;1;1,Half;Half;Half;Half;Half;Int64;Int64;Int64;Int64;Int64;Int64;Int64;Int64;Int64;Int64;Int64;Int64;Int64;Int64;Int64;Int64;Int64;Int64;Int64;Int64;Int64;Int64;Int64;Int64,16x128x-1;1x8x-1x128,Half;Half,/k_norm_26/Add;/k_norm_26/Sqrt;/k_norm_26/Mul;/k_norm_26/Mul_1;/Transpose_131;/Slice_106;/Slice_107;/Concat_291;/Mul_238;/Add_105;/Mul_237;/Expand_52;/Reshape_212;/Transpose_133;/MatMul_52;/Unsqueeze_637;/Neg_53;/k_norm_26/Div
mixed_prefill,609,__mye726299_myl0_609,signal,UNKNOWN,UNKNOWN,NO_KERNEL,NONE,NONE,NONE,NONE,NONE,UNKNOWN
mixed_prefill,610,__myl_FcCas_myl0_610,fusion,L26:q_proj,LINEAR,GEMM,sm80_xmma_gemm_i8f32_i8i32_f32_tn_n_tilesize32x64x64_stage6_warpsize2x2x1_tensor16x8x32_by_fusion_tactic,1x-1x1024;1x1024x2048,Int8;Int8,1x-1x2048,Half,/q_proj_26/MatMul;/q_proj_26/MatMul__a_dequant;/q_proj_26/MatMul__a_quant;/q_proj_26/MatMul__w_dequant
mixed_prefill,611,__myl_ResMulMea_myl0_611,kgen,UNKNOWN,UNKNOWN,TENSORRT_INTERNAL,__myl_ResMulMea_0x9a67bce87aa70b5a86539a0972d2e0f6_vec,1x-1x2048;1;1;1;1;1;1;1;1,Half;Int64;Int64;Int64;Int64;Int64;Int64;Int64;Int64,1x-1x16x1;1x-1x16x128,Half;Half,/Reshape_208;/q_norm_26/Pow;/q_norm_26/ReduceMean
mixed_prefill,612,__myl_AddSqrDivMulMulTraSliSliNegConMulMulAddRes_myl0_612,kgen,L52:ATTENTION_VALUE,ATTENTION_GEMM,TENSORRT_INTERNAL,__myl_AddSqrDivMulMulTraSliSliNegConMulMulAddRes_0x6acc4948abd0f5b32a0e9f68913929b0,1x1x-1x128;1x1x-1x128;1x1x1x128;1x-1x16x128;1x-1x16x1;1;1;1;1;1,Half;Half;Half;Half;Half;Int64;Int64;Int64;Int64;Int64,16x-1x128,Half,/q_norm_26/Add;/q_norm_26/Sqrt;/q_norm_26/Mul;/q_norm_26/Mul_1;/Transpose_130;/Slice_104;/Slice_105;/Concat_290;/Mul_236;/Add_104;/Mul_235;/MatMul_52;/Neg_52;/q_norm_26/Div
mixed_prefill,613,__mye726301_myl0_613,wait,UNKNOWN,UNKNOWN,NO_KERNEL,NONE,NONE,NONE,NONE,NONE,UNKNOWN
mixed_prefill,614,__mye726305_myl0_614,wait,UNKNOWN,UNKNOWN,NO_KERNEL,NONE,NONE,NONE,NONE,NONE,UNKNOWN
mixed_prefill,615,_gemm_mha_v2_myl0_615,kgen,L26:o_proj,LINEAR,ATTENTION_GEMM,_gemm_mha_v2_0x868207ee750ff7049028a80d32d17323,16x-1x128;16x128x-1;1x1x-1x-1;16x-1x128;1;1;1;1;1;1,Half;Half;Bool;Half;Int64;Int64;Int64;Int64;Int64;Int64,16x-1x128,Int8,/o_proj_26/MatMul__a_quant;/MatMul_53;/Softmax_26;/Where_80;/Mul_241;/MatMul_52
mixed_prefill,616,__myl_ResTra_myl0_616,kgen,L53:ATTENTION_VALUE,ATTENTION_GEMM,TENSORRT_INTERNAL,__myl_ResTra_0xc03916d7cfa55338996dbe92c4283d8c,16x-1x128;1;1;1,Int8;Int64;Int64;Int64,1x-1x16x128,Int8,/MatMul_53;/Transpose_134;/Reshape_215
mixed_prefill,617,__myl_FcCasAdd_myl0_617,fusion,L26:o_proj,LINEAR,GEMM,sm80_xmma_gemm_i8i8_i8i32_f32_tn_n_tilesize32x64x64_stage6_warpsize2x2x1_tensor16x8x32_by_fusion_tactic,1x-1x1024;1x-1x2048;1x2048x1024,Half;Int8;Int8,1x-1x1024,Half,/o_proj_26/MatMul;/o_proj_26/MatMul__a_dequant;/o_proj_26/MatMul__a_quant;/o_proj_26/MatMul__w_dequant;/Add_106
mixed_prefill,618,__myl_MulMeaAddSqrDivMulMulMulMinMaxRouCas_myl0_618,kgen,L26:gate_proj,LINEAR,TENSORRT_INTERNAL,__myl_MulMeaAddSqrDivMulMulMulMinMaxRouCas_0x0f631e6ab9f0eda3ff940fe21a35a79e_vec,1x-1x1024;1x-1x1024;1x-1x1024;1x1x1024;1;1;1;1;1;1;1;1;1;1;1;1;1,Half;Half;Half;Half;Int64;Int64;Int64;Int64;Int64;Int64;Int64;Int64;Int64;Int64;Int64;Int64;Int64,1x-1x1024;1x-1x1024,Half;Int8,/post_attention_layernorm_26/Div;/gate_proj_26/MatMul__a_quant;/post_attention_layernorm_26/Mul_1;/post_attention_layernorm_26/Mul;/post_attention_layernorm_26/Add;/post_attention_layernorm_26/Sqrt;/post_attention_layernorm_26/ReduceMean;/post_attention_layernorm_26/Pow
mixed_prefill,619,/up_proj_26/MatMul_myl0_619,gemm,L26:up_proj,LINEAR,GEMM,ampere_h16816gemm_128x64_ldg8_nn_v1,1x-1x1024;1x1024x3072;1;1,Half;Half;Float;Float,1x-1x3072,Half,/up_proj_26/MatMul
mixed_prefill,620,__myl_FcCasNegExpAddDivMulMul_myl0_620,fusion,L26:gate_proj,LINEAR,GEMM,sm80_xmma_gemm_i8i8_i8i32_f32_tn_n_tilesize32x64x64_stage6_warpsize2x2x1_tensor16x8x32_by_fusion_tactic,1x-1x3072;1x-1x1024;1x1024x3072,Half;Int8;Int8,1x-1x3072,Half,/gate_proj_26/MatMul;/gate_proj_26/MatMul__a_dequant;/gate_proj_26/MatMul__a_quant;/gate_proj_26/MatMul__w_dequant;/Mul_242;/Mul_243;/Sigmoid_26
mixed_prefill,621,__myl_FcAdd_myl0_621,fusion,L26:down_proj,LINEAR,GEMM,sm80_xmma_gemm_f16f16_f16f16_f16_nn_n_tilesize128x64x64_stage3_warpsize2x2x1_tensor16x8x16_by_fusion_tactic,1x-1x1024;1x-1x3072;1x3072x1024,Half;Half;Half,1x-1x1024,Half,/down_proj_26/MatMul;/Add_107
mixed_prefill,622,__myl_MulMeaAddSqrDivMulMulMinMaxRouCasMulMinMaxRouCasMulMinMaxRouCas_myl0_622,kgen,L27:v_proj,LINEAR,TENSORRT_INTERNAL,__myl_MulMeaAddSqrDivMulMulMinMaxRouCasMulMinMaxRouCasMulMinMaxRouCas_0x14bacf080290e339db28d1223365390a_vec,1x1x1024;1x1x1024;1x1x1024;1x-1x1024;1x-1x1024;1x-1x1024;1;1;1;1;1;1;1;1;1;1;1;1;1;1;1;1;1;1;1;1;1;1;1,Half;Half;Half;Half;Half;Half;Int64;Int64;Int64;Int64;Int64;Int64;Int64;Int64;Int64;Int64;Int64;Int64;Int64;Int64;Int64;Int64;Int64;Int64;Int64;Int64;Int64;Int64;Int64,1x-1x1024;1x-1x1024;1x-1x1024,Int8;Int8;Int8,/input_layernorm_27/Pow;/input_layernorm_27/ReduceMean;/input_layernorm_27/Sqrt;/input_layernorm_27/Add;/input_layernorm_27/Mul;/v_proj_27/MatMul__a_quant;/k_proj_27/MatMul__a_quant;/q_proj_27/MatMul__a_quant;/input_layernorm_27/Div
mixed_prefill,623,__mye726307_myl0_623,signal,UNKNOWN,UNKNOWN,NO_KERNEL,NONE,NONE,NONE,NONE,NONE,UNKNOWN
mixed_prefill,624,__mye726309_myl0_624,wait,UNKNOWN,UNKNOWN,NO_KERNEL,NONE,NONE,NONE,NONE,NONE,UNKNOWN
mixed_prefill,625,__myl_FcCas_myl0_625,fusion,L27:v_proj,LINEAR,GEMM,sm80_xmma_gemm_i8i8_i8i32_f32_tn_n_tilesize32x64x64_stage6_warpsize2x2x1_tensor16x8x32_by_fusion_tactic,1x-1x1024;1x1024x1024,Int8;Int8,1x-1x1024,Half,/v_proj_27/MatMul;/v_proj_27/MatMul__a_dequant;/v_proj_27/MatMul__a_quant;/v_proj_27/MatMul__w_dequant
mixed_prefill,626,__myl_ResTraResSliRepRes_myl0_626,kgen,L55:ATTENTION_VALUE,ATTENTION_GEMM,TENSORRT_INTERNAL,__myl_ResTraResSliRepRes_0xb5ca1ead775f2215fdc6b72339368a3f,1x-1x1024;1;1;1;1;1;1;1;1;1;1;1,Half;Int64;Int64;Int64;Int64;Int64;Int64;Int64;Int64;Int64;Int64;Int64,16x-1x128;1x8x-1x128,Half;Half,/Reshape_218;/Transpose_137;/Expand_55;/MatMul_55;/Unsqueeze_666
mixed_prefill,627,__mye726317_myl0_627,signal,UNKNOWN,UNKNOWN,NO_KERNEL,NONE,NONE,NONE,NONE,NONE,UNKNOWN
mixed_prefill,628,__mye726311_myl0_628,wait,UNKNOWN,UNKNOWN,NO_KERNEL,NONE,NONE,NONE,NONE,NONE,UNKNOWN
mixed_prefill,629,__myl_FcCas_myl0_629,fusion,L27:k_proj,LINEAR,GEMM,sm80_xmma_gemm_i8i8_i8i32_f32_tn_n_tilesize32x64x64_stage6_warpsize2x2x1_tensor16x8x32_by_fusion_tactic,1x-1x1024;1x1024x1024,Int8;Int8,1x-1x1024,Half,/k_proj_27/MatMul;/k_proj_27/MatMul__a_dequant;/k_proj_27/MatMul__a_quant;/k_proj_27/MatMul__w_dequant
mixed_prefill,630,__myl_ResMulMea_myl0_630,kgen,UNKNOWN,UNKNOWN,TENSORRT_INTERNAL,__myl_ResMulMea_0x356824d54c2e1ab1f7825eefa1e6b632_vec,1x-1x1024;1;1;1;1;1;1;1,Half;Int64;Int64;Int64;Int64;Int64;Int64;Int64,1x-1x8x1;1x-1x8x128,Half;Half,/Reshape_217;/k_norm_27/Pow;/k_norm_27/ReduceMean
mixed_prefill,631,__myl_AddSqrDivMulMulTraSliSliNegConMulMulAddResSliRepResTraRes_myl0_631,kgen,L54:ATTENTION_VALUE,ATTENTION_GEMM,TENSORRT_INTERNAL,__myl_AddSqrDivMulMulTraSliSliNegConMulMulAddResSliRepResTraRes_0x4ad536b524b3f7a2415d97f02da12733,1x1x-1x128;1x1x-1x128;1x1x1x128;1x-1x8x128;1x-1x8x1;1;1;1;1;1;1;1;1;1;1;1;1;1;1;1;1;1;1;1;1;1;1;1;1,Half;Half;Half;Half;Half;Int64;Int64;Int64;Int64;Int64;Int64;Int64;Int64;Int64;Int64;Int64;Int64;Int64;Int64;Int64;Int64;Int64;Int64;Int64;Int64;Int64;Int64;Int64;Int64,16x128x-1;1x8x-1x128,Half;Half,/k_norm_27/Add;/k_norm_27/Sqrt;/k_norm_27/Mul;/k_norm_27/Mul_1;/Transpose_136;/Slice_110;/Slice_111;/Concat_302;/Mul_247;/Add_109;/Mul_246;/Expand_54;/Reshape_220;/Transpose_138;/MatMul_54;/Unsqueeze_661;/Neg_55;/k_norm_27/Div
mixed_prefill,632,__mye726313_myl0_632,signal,UNKNOWN,UNKNOWN,NO_KERNEL,NONE,NONE,NONE,NONE,NONE,UNKNOWN
mixed_prefill,633,__myl_FcCas_myl0_633,fusion,L27:q_proj,LINEAR,GEMM,sm80_xmma_gemm_i8f32_i8i32_f32_tn_n_tilesize32x64x64_stage6_warpsize2x2x1_tensor16x8x32_by_fusion_tactic,1x-1x1024;1x1024x2048,Int8;Int8,1x-1x2048,Half,/q_proj_27/MatMul;/q_proj_27/MatMul__a_dequant;/q_proj_27/MatMul__a_quant;/q_proj_27/MatMul__w_dequant
mixed_prefill,634,__myl_ResMulMea_myl0_634,kgen,UNKNOWN,UNKNOWN,TENSORRT_INTERNAL,__myl_ResMulMea_0x9a67bce87aa70b5a86539a0972d2e0f6_vec,1x-1x2048;1;1;1;1;1;1;1;1,Half;Int64;Int64;Int64;Int64;Int64;Int64;Int64;Int64,1x-1x16x1;1x-1x16x128,Half;Half,/Reshape_216;/q_norm_27/Pow;/q_norm_27/ReduceMean
mixed_prefill,635,__myl_AddSqrDivMulMulTraSliSliNegConMulMulAddRes_myl0_635,kgen,L54:ATTENTION_VALUE,ATTENTION_GEMM,TENSORRT_INTERNAL,__myl_AddSqrDivMulMulTraSliSliNegConMulMulAddRes_0x6acc4948abd0f5b32a0e9f68913929b0,1x1x-1x128;1x1x-1x128;1x1x1x128;1x-1x16x128;1x-1x16x1;1;1;1;1;1,Half;Half;Half;Half;Half;Int64;Int64;Int64;Int64;Int64,16x-1x128,Half,/q_norm_27/Add;/q_norm_27/Sqrt;/q_norm_27/Mul;/q_norm_27/Mul_1;/Transpose_135;/Slice_108;/Slice_109;/Concat_301;/Mul_245;/Add_108;/Mul_244;/MatMul_54;/Neg_54;/q_norm_27/Div
mixed_prefill,636,__mye726315_myl0_636,wait,UNKNOWN,UNKNOWN,NO_KERNEL,NONE,NONE,NONE,NONE,NONE,UNKNOWN
mixed_prefill,637,__mye726319_myl0_637,wait,UNKNOWN,UNKNOWN,NO_KERNEL,NONE,NONE,NONE,NONE,NONE,UNKNOWN
mixed_prefill,638,_gemm_mha_v2_myl0_638,kgen,L55:ATTENTION_VALUE,ATTENTION_GEMM,ATTENTION_GEMM,_gemm_mha_v2_0xb1de950b39aeff343f8e5a6b250b0cff,16x-1x128;16x128x-1;1x1x-1x-1;16x-1x128;1;1;1;1;1,Half;Half;Bool;Half;Int64;Int64;Int64;Int64;Int64,16x-1x128,Half,/MatMul_55;/Softmax_27;/Where_83;/Mul_250;/MatMul_54
mixed_prefill,639,__myl_FcAdd_myl0_639,fusion,L27:o_proj,LINEAR,GEMM,sm80_xmma_gemm_f16f16_f16f16_f16_nn_n_tilesize128x64x64_stage3_warpsize2x2x1_tensor16x8x16_by_fusion_tactic,1x-1x1024;1x-1x2048;1x2048x1024,Half;Half;Half,1x-1x1024,Half,/o_proj_27/MatMul;/Add_110
mixed_prefill,640,__myl_MulMeaAddSqrDivMulMul_myl0_640,kgen,UNKNOWN,UNKNOWN,TENSORRT_INTERNAL,__myl_MulMeaAddSqrDivMulMul_0xecca72c958a3414a0b497095c432af2e_vec,1x1x1024;1x-1x1024;1x-1x1024;1x-1x1024;1;1;1;1;1;1;1;1,Half;Half;Half;Half;Int64;Int64;Int64;Int64;Int64;Int64;Int64;Int64,1x-1x1024,Half,/post_attention_layernorm_27/Pow;/post_attention_layernorm_27/ReduceMean;/post_attention_layernorm_27/Sqrt;/post_attention_layernorm_27/Add;/post_attention_layernorm_27/Mul;/post_attention_layernorm_27/Mul_1;/post_attention_layernorm_27/Div
mixed_prefill,641,__mye726321_myl0_641,signal,UNKNOWN,UNKNOWN,NO_KERNEL,NONE,NONE,NONE,NONE,NONE,UNKNOWN
mixed_prefill,642,/gate_proj_27/MatMul_myl0_642,gemm,L27:gate_proj,LINEAR,GEMM,ampere_h16816gemm_128x64_ldg8_nn_v1,1x-1x1024;1x1024x3072;1;1,Half;Half;Float;Float,1x-1x3072,Half,/gate_proj_27/MatMul
mixed_prefill,643,__mye726323_myl0_643,wait,UNKNOWN,UNKNOWN,NO_KERNEL,NONE,NONE,NONE,NONE,NONE,UNKNOWN
mixed_prefill,644,/up_proj_27/MatMul_myl0_644,gemm,L27:up_proj,LINEAR,GEMM,ampere_h16816gemm_128x64_ldg8_nn_v1,1x-1x1024;1x1024x3072;1;1,Half;Half;Float;Float,1x-1x3072,Half,/up_proj_27/MatMul
mixed_prefill,645,__mye726325_myl0_645,signal,UNKNOWN,UNKNOWN,NO_KERNEL,NONE,NONE,NONE,NONE,NONE,UNKNOWN
mixed_prefill,646,__mye726327_myl0_646,wait,UNKNOWN,UNKNOWN,NO_KERNEL,NONE,NONE,NONE,NONE,NONE,UNKNOWN
mixed_prefill,647,__myl_NegExpAddDivMulMul_myl0_647,kgen,UNKNOWN,UNKNOWN,TENSORRT_INTERNAL,__myl_NegExpAddDivMulMul_0x35e9fa130a3939e5b59c6ddbd0568b35_vec,1x-1x3072;1x-1x3072;1x-1x3072;1;1;1;1;1;1;1;1;1;1,Half;Half;Half;Int64;Int64;Int64;Int64;Int64;Int64;Int64;Int64;Int64;Int64,1x-1x3072,Half,/Sigmoid_27;/Mul_252;/Mul_251
mixed_prefill,648,__myl_FcAdd_myl0_648,fusion,L27:down_proj,LINEAR,GEMM,sm80_xmma_gemm_f16f16_f16f16_f16_nn_n_tilesize128x64x64_stage3_warpsize2x2x1_tensor16x8x16_by_fusion_tactic,1x-1x1024;1x-1x3072;1x3072x1024,Half;Half;Half,1x-1x1024,Half,/down_proj_27/MatMul;/Add_111
mixed_decode,0,__mye156465_0_myl0_0,shape_call,UNKNOWN,UNKNOWN,NO_KERNEL,NONE,NONE,NONE,NONE,NONE,UNKNOWN
mixed_decode,1,__myl_MovMulMeaAddSqrDivMulDivMinMaxRouCasDivMinMaxRouCasDivMinMaxRouCas_myl0_1,kgen,L0:q_proj,LINEAR,TENSORRT_INTERNAL,__myl_MovMulMeaAddSqrDivMulDivMinMaxRouCasDivMinMaxRouCasDivMinMaxRouCas_0xda00efdea1fdf9ffc7ce7052979834ac,1x1x1024;1x1x1024;1x1x1024;1x1x1024;1x1x1024,Half;Half;Half;Half;Half,1x1x1024;1x1x1024;1x1x1024,Int8;Int8;Int8,/q_proj/MatMul__a_quant;/k_proj/MatMul__a_quant;/v_proj/MatMul__a_quant;/input_layernorm/Mul;/input_layernorm/Sqrt;/input_layernorm/Div;/input_layernorm/Add;/input_layernorm/ReduceMean;/input_layernorm/Pow
mixed_decode,2,__mye676844_myl0_2,signal,UNKNOWN,UNKNOWN,NO_KERNEL,NONE,NONE,NONE,NONE,NONE,UNKNOWN
mixed_decode,3,__mye676846_myl0_3,wait,UNKNOWN,UNKNOWN,NO_KERNEL,NONE,NONE,NONE,NONE,NONE,UNKNOWN
mixed_decode,4,__myl_FcCas_myl0_4,fusion,L0:v_proj,LINEAR,GEMM,sm80_xmma_gemm_i8f32_i8i32_f32_tn_n_tilesize32x64x64_stage6_warpsize2x2x1_tensor16x8x32_by_fusion_tactic,1x1x1024;1x1024x1024,Int8;Int8,1x1x1024,Half,/v_proj/MatMul;/v_proj/MatMul__a_dequant;/v_proj/MatMul__a_quant;/v_proj/MatMul__w_dequant
mixed_decode,5,__myl_ResConResRep_myl0_5,kgen,UNKNOWN,UNKNOWN,TENSORRT_INTERNAL,__myl_ResConResRep_0x9d40828c020eb6bb972be950c35191c1,1x8x-1x128;1x1x1024;1;1;1;1;1;1;1;1;1;1;1;1;1;1,Half;Half;Int64;Int64;Int64;Int64;Int64;Int64;Int64;Int64;Int64;Int64;Int64;Int64;Int64;Int64,1x8x-1x128;1x8x2x-1x128,Half;Half,/Reshape_2;/Transpose_2;/Unsqueeze_18;/Expand_1;/Concat_7
mixed_decode,6,__mye676854_myl0_6,signal,UNKNOWN,UNKNOWN,NO_KERNEL,NONE,NONE,NONE,NONE,NONE,UNKNOWN
mixed_decode,7,__mye676848_myl0_7,wait,UNKNOWN,UNKNOWN,NO_KERNEL,NONE,NONE,NONE,NONE,NONE,UNKNOWN
mixed_decode,8,__myl_FcCas_myl0_8,fusion,L0:k_proj,LINEAR,GEMM,sm80_xmma_gemm_i8f32_i8i32_f32_tn_n_tilesize32x64x64_stage6_warpsize2x2x1_tensor16x8x32_by_fusion_tactic,1x1x1024;1x1024x1024,Int8;Int8,1x1x1024,Half,/k_proj/MatMul;/k_proj/MatMul__a_dequant;/k_proj/MatMul__a_quant;/k_proj/MatMul__w_dequant
mixed_decode,9,__myl_ResMulMea_myl0_9,kgen,UNKNOWN,UNKNOWN,TENSORRT_INTERNAL,__myl_ResMulMea_0x3c91498c3beee36a5653966af1581a8a,1x1x1024,Half,1x1x8x1;1x1x8x128,Half;Half,/Reshape_1;/k_norm/Pow;/k_norm/ReduceMean
mixed_decode,10,__mye676850_myl0_10,signal,UNKNOWN,UNKNOWN,NO_KERNEL,NONE,NONE,NONE,NONE,NONE,UNKNOWN
mixed_decode,11,__myl_FcCas_myl0_11,fusion,L0:q_proj,LINEAR,GEMM,sm80_xmma_gemm_i8f32_i8i32_f32_tn_n_tilesize32x64x64_stage6_warpsize2x2x1_tensor16x8x32_by_fusion_tactic,1x1x1024;1x1024x2048,Int8;Int8,1x1x2048,Half,/q_proj/MatMul;/q_proj/MatMul__a_dequant;/q_proj/MatMul__a_quant;/q_proj/MatMul__w_dequant
mixed_decode,12,__myl_ResMulMea_myl0_12,kgen,UNKNOWN,UNKNOWN,TENSORRT_INTERNAL,__myl_ResMulMea_0xf2413012cd9ac6341b95d78f3432c656,1x1x2048,Half,1x1x16x1;1x1x16x128,Half;Half,/Reshape;/q_norm/Pow;/q_norm/ReduceMean
mixed_decode,13,__mye676852_myl0_13,wait,UNKNOWN,UNKNOWN,NO_KERNEL,NONE,NONE,NONE,NONE,NONE,UNKNOWN
mixed_decode,14,__myl_CasResMulConSinResCosResAddSqrAddSqrDivMulDivMulMulResSliSliNegConMulMulAddConResRepResTraEtc_myl0_14,kgen,UNKNOWN,UNKNOWN,TENSORRT_INTERNAL,__myl_CasResMulConSinResCosResAddSqrAddSqrDivMulDivMulMulResSliSliNegConMulMulAddConResRepResTraEtc_0x3beb58e4cd3dae3f69eebdbcbcc43980,1x1;1x1x8x1;1x1x16x1;1x1x64;1x1x1x128;1x1x16x128;1x8x-1x128;1x1x1x128;1x1x8x128;1;1;1;1;1;1;1;1;1;1;1;1;1;1;1;1;1;1,Int64;Half;Half;Half;Half;Half;Half;Half;Half;Int64;Int64;Int64;Int64;Int64;Int64;Int64;Int64;Int64;Int64;Int64;Int64;Int64;Int64;Int64;Int64;Int64;Int64,1x1x1x128;1x1x1x128;1x16x1x128;1x8x-1x128;1x16x128x-1,Half;Half;Half;Half;Half,/k_norm/Div;/q_norm/Div;/k_norm/Mul;/k_norm/Mul_1;/Transpose_1;/Slice_2;/Slice_3;/Concat_5;/Mul_4;/Add_1;/Mul_3;/Unsqueeze_13;/Reshape_4;/Transpose_3;/Expand;/Concat_6;/Neg_1;/q_norm/Mul;/q_norm/Mul_1;/Transpose;/Slice;/Slice_1;/Concat_4;/Mul_2;/Add;/Mul_1;/Neg;/Sin;/Unsqueeze_8;/Cos;/Unsqueeze_7;/Concat_3;/Mul;/q_norm/Sqrt;/q_norm/Add;/k_norm/Sqrt;/k_norm/Add;/Unsqueeze_6;/Cast
mixed_decode,15,/MatMul_myl0_15,gemm,L0:ATTENTION_SCORE,ATTENTION_GEMM,GEMM,sm80_xmma_gemm_f16f16_f16f32_f32_nn_n_tilesize32x32x64_stage6_warpsize2x2x1_tensor16x8x16_aligna2_alignc2,16x1x128;16x128x-1;1;1,Half;Half;Float;Float,16x1x-1,Half,/MatMul
mixed_decode,16,__myl_MulMaxSubExpSumDivMul_myl0_16,kgen,UNKNOWN,UNKNOWN,TENSORRT_INTERNAL,__myl_MulMaxSubExpSumDivMul_0x1108f5a078d6e65507c06537b9b2e43f,1x16x1x-1;1;1,Half;Int64;Int64,1x16x1x-1,Half,/Mul_7;/Softmax
mixed_decode,17,__mye676856_myl0_17,wait,UNKNOWN,UNKNOWN,NO_KERNEL,NONE,NONE,NONE,NONE,NONE,UNKNOWN
mixed_decode,18,/MatMul_1_myl0_18,gemm,L1:ATTENTION_VALUE,ATTENTION_GEMM,GEMM,sm80_xmma_gemm_f16f16_f16f32_f32_nn_n_tilesize64x128x32_stage5_warpsize2x2x1_tensor16x8x16_aligna2_alignc2,16x1x-1;16x-1x128;1;1,Half;Half;Float;Float,16x1x128,Half,/MatMul_1
mixed_decode,19,__myl_MulMinMaxRouCas_myl0_19,kgen,L0:o_proj,LINEAR,TENSORRT_INTERNAL,__myl_MulMinMaxRouCas_0xa49a3c4e66279a6886312b656336d70d,16x1x128,Half,16x1x128,Int8,/o_proj/MatMul__a_quant
mixed_decode,20,__myl_FcCasAdd_myl0_20,fusion,L0:o_proj,LINEAR,GEMM,sm80_xmma_gemm_i8f32_i8i32_f32_tn_n_tilesize32x64x64_stage6_warpsize2x2x1_tensor16x8x32_by_fusion_tactic,1x1x1024;1x1x2048;1x2048x1024,Half;Int8;Int8,1x1x1024,Half,/o_proj/MatMul;/o_proj/MatMul__a_dequant;/o_proj/MatMul__a_quant;/o_proj/MatMul__w_dequant;/Add_2
mixed_decode,21,__myl_MulMeaAddSqrDivMulMulMulMinMaxRouCas_myl0_21,kgen,L0:gate_proj,LINEAR,TENSORRT_INTERNAL,__myl_MulMeaAddSqrDivMulMulMulMinMaxRouCas_0x028e232ad04f9dc415033ab5492ba131,1x1x1024;1x1x1024;1x1x1024;1x1x1024,Half;Half;Half;Half,1x1x1024;1x1x1024,Int8;Half,/post_attention_layernorm/Pow;/post_attention_layernorm/ReduceMean;/post_attention_layernorm/Add;/post_attention_layernorm/Div;/post_attention_layernorm/Sqrt;/post_attention_layernorm/Mul;/post_attention_layernorm/Mul_1;/gate_proj/MatMul__a_quant
mixed_decode,22,/up_proj/MatMul_myl0_22,gemm,L0:up_proj,LINEAR,GEMM,sm80_xmma_gemm_f16f16_f16f16_f16_tn_n_tilesize32x32x64_stage6_warpsize2x2x1_tensor16x8x16,1x1x1024;1x1024x3072;1;1,Half;Half;Float;Float,1x1x3072,Half,/up_proj/MatMul
mixed_decode,23,__myl_FcCasNegExpAddDivMulMul_myl0_23,fusion,L0:gate_proj,LINEAR,GEMM,sm80_xmma_gemm_i8i8_i8i32_f32_tn_n_tilesize32x64x64_stage6_warpsize2x2x1_tensor16x8x32_by_fusion_tactic,1x1x3072;1x1x1024;1x1024x3072,Half;Int8;Int8,1x1x3072,Half,/gate_proj/MatMul;/gate_proj/MatMul__a_dequant;/gate_proj/MatMul__a_quant;/gate_proj/MatMul__w_dequant;/Mul_8;/Mul_9;/Sigmoid
mixed_decode,24,__myl_FcAdd_myl0_24,fusion,L0:down_proj,LINEAR,GEMM,sm80_xmma_gemm_f16f16_f16f16_f16_nn_n_tilesize64x128x32_stage5_warpsize2x2x1_tensor16x8x16_by_fusion_tactic,1x1x1024;1x1x3072;1x3072x1024,Half;Half;Half,1x1x1024,Half,/down_proj/MatMul;/Add_3
mixed_decode,25,__myl_MulMeaAddSqrDivMulDivMinMaxRouCasDivMinMaxRouCasDivMinMaxRouCas_myl0_25,kgen,L1:q_proj,LINEAR,TENSORRT_INTERNAL,__myl_MulMeaAddSqrDivMulDivMinMaxRouCasDivMinMaxRouCasDivMinMaxRouCas_0x9f2c300bb597625319cadec4728f9bc5,1x1x1024;1x1x1024;1x1x1024;1x1x1024;1x1x1024;1x1x1024,Half;Half;Half;Half;Half;Half,1x1x1024;1x1x1024;1x1x1024,Int8;Int8;Int8,/q_proj_1/MatMul__a_quant;/k_proj_1/MatMul__a_quant;/v_proj_1/MatMul__a_quant;/input_layernorm_1/Mul;/input_layernorm_1/Sqrt;/input_layernorm_1/Div;/input_layernorm_1/Add;/input_layernorm_1/ReduceMean;/input_layernorm_1/Pow
mixed_decode,26,__mye676858_myl0_26,signal,UNKNOWN,UNKNOWN,NO_KERNEL,NONE,NONE,NONE,NONE,NONE,UNKNOWN
mixed_decode,27,__mye676860_myl0_27,wait,UNKNOWN,UNKNOWN,NO_KERNEL,NONE,NONE,NONE,NONE,NONE,UNKNOWN
mixed_decode,28,__myl_FcCas_myl0_28,fusion,L1:v_proj,LINEAR,GEMM,sm80_xmma_gemm_i8f32_i8i32_f32_tn_n_tilesize32x64x64_stage6_warpsize2x2x1_tensor16x8x32_by_fusion_tactic,1x1x1024;1x1024x1024,Int8;Int8,1x1x1024,Half,/v_proj_1/MatMul;/v_proj_1/MatMul__a_dequant;/v_proj_1/MatMul__a_quant;/v_proj_1/MatMul__w_dequant
mixed_decode,29,__mye676862_myl0_29,signal,UNKNOWN,UNKNOWN,NO_KERNEL,NONE,NONE,NONE,NONE,NONE,UNKNOWN
mixed_decode,30,__mye676864_myl0_30,wait,UNKNOWN,UNKNOWN,NO_KERNEL,NONE,NONE,NONE,NONE,NONE,UNKNOWN
mixed_decode,31,__myl_ResConResRep_myl0_31,kgen,UNKNOWN,UNKNOWN,TENSORRT_INTERNAL,__myl_ResConResRep_0x9d40828c020eb6bb972be950c35191c1,1x8x-1x128;1x1x1024;1;1;1;1;1;1;1;1;1;1;1;1;1;1,Half;Half;Int64;Int64;Int64;Int64;Int64;Int64;Int64;Int64;Int64;Int64;Int64;Int64;Int64;Int64,1x8x-1x128;1x8x2x-1x128,Half;Half,/Reshape_10;/Transpose_7;/Unsqueeze_40;/Expand_3;/Concat_19
mixed_decode,32,__mye676876_myl0_32,signal,UNKNOWN,UNKNOWN,NO_KERNEL,NONE,NONE,NONE,NONE,NONE,UNKNOWN
mixed_decode,33,__mye676866_myl0_33,wait,UNKNOWN,UNKNOWN,NO_KERNEL,NONE,NONE,NONE,NONE,NONE,UNKNOWN
mixed_decode,34,__myl_FcCas_myl0_34,fusion,L1:k_proj,LINEAR,GEMM,sm80_xmma_gemm_i8f32_i8i32_f32_tn_n_tilesize32x64x64_stage6_warpsize2x2x1_tensor16x8x32_by_fusion_tactic,1x1x1024;1x1024x1024,Int8;Int8,1x1x1024,Half,/k_proj_1/MatMul;/k_proj_1/MatMul__a_dequant;/k_proj_1/MatMul__a_quant;/k_proj_1/MatMul__w_dequant
mixed_decode,35,__mye676868_myl0_35,signal,UNKNOWN,UNKNOWN,NO_KERNEL,NONE,NONE,NONE,NONE,NONE,UNKNOWN
mixed_decode,36,__mye676870_myl0_36,wait,UNKNOWN,UNKNOWN,NO_KERNEL,NONE,NONE,NONE,NONE,NONE,UNKNOWN
mixed_decode,37,__myl_ResMulMea_myl0_37,kgen,UNKNOWN,UNKNOWN,TENSORRT_INTERNAL,__myl_ResMulMea_0x3c91498c3beee36a5653966af1581a8a,1x1x1024,Half,1x1x8x1;1x1x8x128,Half;Half,/Reshape_9;/k_norm_1/Pow;/k_norm_1/ReduceMean
mixed_decode,38,__myl_AddSqrDivMulMulResSliSliNegConMulMulAddConResRepResTra_myl0_38,kgen,UNKNOWN,UNKNOWN,TENSORRT_INTERNAL,__myl_AddSqrDivMulMulResSliSliNegConMulMulAddConResRepResTra_0x5aea462b6a819ceadd3ebb32874c078f,1x8x-1x128;1x1x1x128;1x1x1x128;1x1x1x128;1x1x8x128;1x1x8x1;1;1;1;1;1;1;1;1;1;1;1;1;1;1;1;1;1;1,Half;Half;Half;Half;Half;Half;Int64;Int64;Int64;Int64;Int64;Int64;Int64;Int64;Int64;Int64;Int64;Int64;Int64;Int64;Int64;Int64;Int64;Int64,1x8x-1x128;1x16x128x-1,Half;Half,/k_norm_1/Add;/k_norm_1/Sqrt;/k_norm_1/Mul;/k_norm_1/Mul_1;/Transpose_6;/Slice_6;/Slice_7;/Concat_17;/Mul_13;/Add_5;/Mul_12;/Unsqueeze_35;/Reshape_12;/Transpose_8;/Expand_2;/Concat_18;/Neg_3;/k_norm_1/Div
mixed_decode,39,__mye676872_myl0_39,signal,UNKNOWN,UNKNOWN,NO_KERNEL,NONE,NONE,NONE,NONE,NONE,UNKNOWN
mixed_decode,40,__myl_FcCas_myl0_40,fusion,L1:q_proj,LINEAR,GEMM,sm80_xmma_gemm_i8f32_i8i32_f32_tn_n_tilesize32x64x64_stage6_warpsize2x2x1_tensor16x8x32_by_fusion_tactic,1x1x1024;1x1024x2048,Int8;Int8,1x1x2048,Half,/q_proj_1/MatMul;/q_proj_1/MatMul__a_dequant;/q_proj_1/MatMul__a_quant;/q_proj_1/MatMul__w_dequant
mixed_decode,41,__myl_ResMulMea_myl0_41,kgen,UNKNOWN,UNKNOWN,TENSORRT_INTERNAL,__myl_ResMulMea_0xf2413012cd9ac6341b95d78f3432c656,1x1x2048,Half,1x1x16x1;1x1x16x128,Half;Half,/Reshape_8;/q_norm_1/Pow;/q_norm_1/ReduceMean
mixed_decode,42,__myl_AddSqrDivMulMulResSliSliNegConMulMulAdd_myl0_42,kgen,UNKNOWN,UNKNOWN,TENSORRT_INTERNAL,__myl_AddSqrDivMulMulResSliSliNegConMulMulAdd_0xf1ba08cc3beaba8ee91b0504be9c2cf4,1x1x1x128;1x1x1x128;1x1x1x128;1x1x16x128;1x1x16x1,Half;Half;Half;Half;Half,1x16x1x128,Half,/q_norm_1/Add;/q_norm_1/Sqrt;/q_norm_1/Mul;/q_norm_1/Mul_1;/Transpose_5;/Slice_4;/Slice_5;/Concat_16;/Mul_11;/Add_4;/Mul_10;/Neg_2;/q_norm_1/Div
mixed_decode,43,__mye676874_myl0_43,wait,UNKNOWN,UNKNOWN,NO_KERNEL,NONE,NONE,NONE,NONE,NONE,UNKNOWN
mixed_decode,44,/MatMul_2_myl0_44,gemm,L2:ATTENTION_VALUE,ATTENTION_GEMM,GEMM,sm80_xmma_gemm_f16f16_f16f32_f32_nn_n_tilesize32x32x64_stage6_warpsize2x2x1_tensor16x8x16_aligna2_alignc2,16x1x128;16x128x-1;1;1,Half;Half;Float;Float,16x1x-1,Half,/MatMul_2
mixed_decode,45,__myl_MulMaxSubExpSumDivMul_myl0_45,kgen,UNKNOWN,UNKNOWN,TENSORRT_INTERNAL,__myl_MulMaxSubExpSumDivMul_0x1108f5a078d6e65507c06537b9b2e43f,1x16x1x-1;1;1,Half;Int64;Int64,1x16x1x-1,Half,/Mul_16;/Softmax_1
mixed_decode,46,__mye676878_myl0_46,wait,UNKNOWN,UNKNOWN,NO_KERNEL,NONE,NONE,NONE,NONE,NONE,UNKNOWN
mixed_decode,47,/MatMul_3_myl0_47,gemm,L3:ATTENTION_VALUE,ATTENTION_GEMM,GEMM,sm80_xmma_gemm_f16f16_f16f32_f32_nn_n_tilesize64x128x32_stage5_warpsize2x2x1_tensor16x8x16_aligna2_alignc2,16x1x-1;16x-1x128;1;1,Half;Half;Float;Float,16x1x128,Half,/MatMul_3
mixed_decode,48,__myl_MulMinMaxRouCas_myl0_48,kgen,L1:o_proj,LINEAR,TENSORRT_INTERNAL,__myl_MulMinMaxRouCas_0xf131f88ee6d7693232e76c9290134799,16x1x128,Half,16x1x128,Int8,/o_proj_1/MatMul__a_quant
mixed_decode,49,__myl_FcCasAdd_myl0_49,fusion,L1:o_proj,LINEAR,GEMM,sm80_xmma_gemm_i8f32_i8i32_f32_tn_n_tilesize32x64x64_stage6_warpsize2x2x1_tensor16x8x32_by_fusion_tactic,1x1x1024;1x1x2048;1x2048x1024,Half;Int8;Int8,1x1x1024,Half,/o_proj_1/MatMul;/o_proj_1/MatMul__a_dequant;/o_proj_1/MatMul__a_quant;/o_proj_1/MatMul__w_dequant;/Add_6
mixed_decode,50,__myl_MulMeaAddSqrDivMulMulMulMinMaxRouCas_myl0_50,kgen,L1:gate_proj,LINEAR,TENSORRT_INTERNAL,__myl_MulMeaAddSqrDivMulMulMulMinMaxRouCas_0x5bd2afd5a5411fb85888be6c8200be17,1x1x1024;1x1x1024;1x1x1024;1x1x1024,Half;Half;Half;Half,1x1x1024;1x1x1024,Int8;Half,/post_attention_layernorm_1/Pow;/post_attention_layernorm_1/ReduceMean;/post_attention_layernorm_1/Add;/post_attention_layernorm_1/Div;/post_attention_layernorm_1/Sqrt;/post_attention_layernorm_1/Mul;/post_attention_layernorm_1/Mul_1;/gate_proj_1/MatMul__a_quant
mixed_decode,51,/up_proj_1/MatMul_myl0_51,gemm,L1:up_proj,LINEAR,GEMM,sm80_xmma_gemm_f16f16_f16f16_f16_tn_n_tilesize32x32x64_stage6_warpsize2x2x1_tensor16x8x16,1x1x1024;1x1024x3072;1;1,Half;Half;Float;Float,1x1x3072,Half,/up_proj_1/MatMul
mixed_decode,52,__myl_FcCasNegExpAddDivMulMul_myl0_52,fusion,L1:gate_proj,LINEAR,GEMM,sm80_xmma_gemm_i8i8_i8i32_f32_tn_n_tilesize32x64x64_stage6_warpsize2x2x1_tensor16x8x32_by_fusion_tactic,1x1x3072;1x1x1024;1x1024x3072,Half;Int8;Int8,1x1x3072,Half,/gate_proj_1/MatMul;/gate_proj_1/MatMul__a_dequant;/gate_proj_1/MatMul__a_quant;/gate_proj_1/MatMul__w_dequant;/Mul_17;/Mul_18;/Sigmoid_1
mixed_decode,53,__myl_FcAdd_myl0_53,fusion,L1:down_proj,LINEAR,GEMM,sm80_xmma_gemm_f16f16_f16f16_f16_nn_n_tilesize64x128x32_stage5_warpsize2x2x1_tensor16x8x16_by_fusion_tactic,1x1x1024;1x1x3072;1x3072x1024,Half;Half;Half,1x1x1024,Half,/down_proj_1/MatMul;/Add_7
mixed_decode,54,__myl_MulMeaAddSqrDivMulMul_myl0_54,kgen,UNKNOWN,UNKNOWN,TENSORRT_INTERNAL,__myl_MulMeaAddSqrDivMulMul_0x8548fa9a57c713be1fdaa27c95458b99,1x1x1024;1x1x1024;1x1x1024;1x1x1024,Half;Half;Half;Half,1x1x1024,Half,/input_layernorm_2/Pow;/input_layernorm_2/ReduceMean;/input_layernorm_2/Add;/input_layernorm_2/Div;/input_layernorm_2/Sqrt;/input_layernorm_2/Mul_1;/input_layernorm_2/Mul
mixed_decode,55,/v_proj_2/MatMul+/k_proj_2/MatMul+/q_proj_2/MatMul_myl0_55,gemm,L2:v_proj,LINEAR,GEMM,sm80_xmma_gemm_f16f16_f16f16_f16_tn_n_tilesize32x32x64_stage6_warpsize2x2x1_tensor16x8x16,1x1x1024;1x1024x4096;1;1,Half;Half;Float;Float,1x1x4096,Half,/v_proj_2/MatMul;/k_proj_2/MatMul;/q_proj_2/MatMul
mixed_decode,56,__mye676880_myl0_56,signal,UNKNOWN,UNKNOWN,NO_KERNEL,NONE,NONE,NONE,NONE,NONE,UNKNOWN
mixed_decode,57,__mye676882_myl0_57,wait,UNKNOWN,UNKNOWN,NO_KERNEL,NONE,NONE,NONE,NONE,NONE,UNKNOWN
mixed_decode,58,__myl_MovResConResRep_myl0_58,kgen,UNKNOWN,UNKNOWN,TENSORRT_INTERNAL,__myl_MovResConResRep_0xeb90291bbf009f8413c8500b92afa70a,1x8x-1x128;1x1x1024;1;1;1;1;1;1;1;1;1;1;1;1;1;1,Half;Half;Int64;Int64;Int64;Int64;Int64;Int64;Int64;Int64;Int64;Int64;Int64;Int64;Int64;Int64,1x8x-1x128;1x8x2x-1x128,Half;Half,/Reshape_18;/Transpose_12;/Unsqueeze_62;/Expand_5;/Concat_31
mixed_decode,59,__mye676890_myl0_59,signal,UNKNOWN,UNKNOWN,NO_KERNEL,NONE,NONE,NONE,NONE,NONE,UNKNOWN
mixed_decode,60,__myl_MovResMulMea_myl0_60,kgen,UNKNOWN,UNKNOWN,TENSORRT_INTERNAL,__myl_MovResMulMea_0x8729692710be644f17c7f997918851be,1x1x1024,Half,1x1x8x128;1x1x8x1,Half;Half,/Reshape_17;/k_norm_2/ReduceMean;/k_norm_2/Pow
mixed_decode,61,__myl_AddSqrDivMulMulResSliSliNegConMulMulAddConResRepResTra_myl0_61,kgen,UNKNOWN,UNKNOWN,TENSORRT_INTERNAL,__myl_AddSqrDivMulMulResSliSliNegConMulMulAddConResRepResTra_0x5aea462b6a819ceadd3ebb32874c078f,1x8x-1x128;1x1x1x128;1x1x1x128;1x1x1x128;1x1x8x128;1x1x8x1;1;1;1;1;1;1;1;1;1;1;1;1;1;1;1;1;1;1,Half;Half;Half;Half;Half;Half;Int64;Int64;Int64;Int64;Int64;Int64;Int64;Int64;Int64;Int64;Int64;Int64;Int64;Int64;Int64;Int64;Int64;Int64,1x8x-1x128;1x16x128x-1,Half;Half,/k_norm_2/Add;/k_norm_2/Sqrt;/k_norm_2/Mul;/k_norm_2/Mul_1;/Transpose_11;/Slice_10;/Slice_11;/Concat_29;/Mul_22;/Add_9;/Mul_21;/Unsqueeze_57;/Reshape_20;/Transpose_13;/Expand_4;/Concat_30;/Neg_5;/k_norm_2/Div
mixed_decode,62,__mye676884_myl0_62,wait,UNKNOWN,UNKNOWN,NO_KERNEL,NONE,NONE,NONE,NONE,NONE,UNKNOWN
mixed_decode,63,__myl_MovResMulMea_myl0_63,kgen,UNKNOWN,UNKNOWN,TENSORRT_INTERNAL,__myl_MovResMulMea_0x61ec5b9962acde3fddf5628b2e6fd459,1x1x2048,Half,1x1x16x128;1x1x16x1,Half;Half,/Reshape_16;/q_norm_2/ReduceMean;/q_norm_2/Pow
mixed_decode,64,__myl_AddSqrDivMulMulResSliSliNegConMulMulAdd_myl0_64,kgen,UNKNOWN,UNKNOWN,TENSORRT_INTERNAL,__myl_AddSqrDivMulMulResSliSliNegConMulMulAdd_0xf1ba08cc3beaba8ee91b0504be9c2cf4,1x1x1x128;1x1x1x128;1x1x1x128;1x1x16x128;1x1x16x1,Half;Half;Half;Half;Half,1x16x1x128,Half,/q_norm_2/Add;/q_norm_2/Sqrt;/q_norm_2/Mul;/q_norm_2/Mul_1;/Transpose_10;/Slice_8;/Slice_9;/Concat_28;/Mul_20;/Add_8;/Mul_19;/Neg_4;/q_norm_2/Div
mixed_decode,65,__mye676886_myl0_65,signal,UNKNOWN,UNKNOWN,NO_KERNEL,NONE,NONE,NONE,NONE,NONE,UNKNOWN
mixed_decode,66,__mye676888_myl0_66,wait,UNKNOWN,UNKNOWN,NO_KERNEL,NONE,NONE,NONE,NONE,NONE,UNKNOWN
mixed_decode,67,/MatMul_4_myl0_67,gemm,L4:ATTENTION_VALUE,ATTENTION_GEMM,GEMM,sm80_xmma_gemm_f16f16_f16f32_f32_nn_n_tilesize32x32x64_stage6_warpsize2x2x1_tensor16x8x16_aligna2_alignc2,16x1x128;16x128x-1;1;1,Half;Half;Float;Float,16x1x-1,Half,/MatMul_4
mixed_decode,68,__myl_MulMaxSubExpSumDivMul_myl0_68,kgen,UNKNOWN,UNKNOWN,TENSORRT_INTERNAL,__myl_MulMaxSubExpSumDivMul_0x1108f5a078d6e65507c06537b9b2e43f,1x16x1x-1;1;1,Half;Int64;Int64,1x16x1x-1,Half,/Mul_25;/Softmax_2
mixed_decode,69,__mye676892_myl0_69,wait,UNKNOWN,UNKNOWN,NO_KERNEL,NONE,NONE,NONE,NONE,NONE,UNKNOWN
mixed_decode,70,/MatMul_5_myl0_70,gemm,L5:ATTENTION_VALUE,ATTENTION_GEMM,GEMM,sm80_xmma_gemm_f16f16_f16f32_f32_nn_n_tilesize64x128x32_stage5_warpsize2x2x1_tensor16x8x16_aligna2_alignc2,16x1x-1;16x-1x128;1;1,Half;Half;Float;Float,16x1x128,Half,/MatMul_5
mixed_decode,71,__myl_MulMinMaxRouCas_myl0_71,kgen,L2:o_proj,LINEAR,TENSORRT_INTERNAL,__myl_MulMinMaxRouCas_0x2bde768f3e1a80e37132bb2f4be64789,16x1x128,Half,16x1x128,Int8,/o_proj_2/MatMul__a_quant
mixed_decode,72,__myl_FcCasAdd_myl0_72,fusion,L2:o_proj,LINEAR,GEMM,sm80_xmma_gemm_i8f32_i8i32_f32_tn_n_tilesize32x64x64_stage6_warpsize2x2x1_tensor16x8x32_by_fusion_tactic,1x1x1024;1x1x2048;1x2048x1024,Half;Int8;Int8,1x1x1024,Half,/o_proj_2/MatMul;/o_proj_2/MatMul__a_dequant;/o_proj_2/MatMul__a_quant;/o_proj_2/MatMul__w_dequant;/Add_10
mixed_decode,73,__myl_MulMeaAddSqrDivMulMulMulMinMaxRouCas_myl0_73,kgen,L2:gate_proj,LINEAR,TENSORRT_INTERNAL,__myl_MulMeaAddSqrDivMulMulMulMinMaxRouCas_0x84ef5602e3183b8229f8022d6e6eb74f,1x1x1024;1x1x1024;1x1x1024;1x1x1024,Half;Half;Half;Half,1x1x1024;1x1x1024,Int8;Half,/post_attention_layernorm_2/Pow;/post_attention_layernorm_2/ReduceMean;/post_attention_layernorm_2/Add;/post_attention_layernorm_2/Div;/post_attention_layernorm_2/Sqrt;/post_attention_layernorm_2/Mul;/post_attention_layernorm_2/Mul_1;/gate_proj_2/MatMul__a_quant
mixed_decode,74,/up_proj_2/MatMul_myl0_74,gemm,L2:up_proj,LINEAR,GEMM,sm80_xmma_gemm_f16f16_f16f16_f16_tn_n_tilesize32x32x64_stage6_warpsize2x2x1_tensor16x8x16,1x1x1024;1x1024x3072;1;1,Half;Half;Float;Float,1x1x3072,Half,/up_proj_2/MatMul
mixed_decode,75,__myl_FcCasNegExpAddDivMulMul_myl0_75,fusion,L2:gate_proj,LINEAR,GEMM,sm80_xmma_gemm_i8i8_i8i32_f32_tn_n_tilesize32x64x64_stage6_warpsize2x2x1_tensor16x8x32_by_fusion_tactic,1x1x3072;1x1x1024;1x1024x3072,Half;Int8;Int8,1x1x3072,Half,/gate_proj_2/MatMul;/gate_proj_2/MatMul__a_dequant;/gate_proj_2/MatMul__a_quant;/gate_proj_2/MatMul__w_dequant;/Mul_26;/Mul_27;/Sigmoid_2
mixed_decode,76,__myl_FcAdd_myl0_76,fusion,L2:down_proj,LINEAR,GEMM,sm80_xmma_gemm_f16f16_f16f16_f16_nn_n_tilesize64x128x32_stage5_warpsize2x2x1_tensor16x8x16_by_fusion_tactic,1x1x1024;1x1x3072;1x3072x1024,Half;Half;Half,1x1x1024,Half,/down_proj_2/MatMul;/Add_11
mixed_decode,77,__myl_MulMeaAddSqrDivMulDivMinMaxRouCasDivMinMaxRouCasDivMinMaxRouCas_myl0_77,kgen,L3:q_proj,LINEAR,TENSORRT_INTERNAL,__myl_MulMeaAddSqrDivMulDivMinMaxRouCasDivMinMaxRouCasDivMinMaxRouCas_0x9f2c300bb597625319cadec4728f9bc5,1x1x1024;1x1x1024;1x1x1024;1x1x1024;1x1x1024;1x1x1024,Half;Half;Half;Half;Half;Half,1x1x1024;1x1x1024;1x1x1024,Int8;Int8;Int8,/q_proj_3/MatMul__a_quant;/k_proj_3/MatMul__a_quant;/v_proj_3/MatMul__a_quant;/input_layernorm_3/Mul;/input_layernorm_3/Sqrt;/input_layernorm_3/Div;/input_layernorm_3/Add;/input_layernorm_3/ReduceMean;/input_layernorm_3/Pow
mixed_decode,78,__mye676894_myl0_78,signal,UNKNOWN,UNKNOWN,NO_KERNEL,NONE,NONE,NONE,NONE,NONE,UNKNOWN
mixed_decode,79,__mye676896_myl0_79,wait,UNKNOWN,UNKNOWN,NO_KERNEL,NONE,NONE,NONE,NONE,NONE,UNKNOWN
mixed_decode,80,__myl_FcCas_myl0_80,fusion,L3:v_proj,LINEAR,GEMM,sm80_xmma_gemm_i8f32_i8i32_f32_tn_n_tilesize32x64x64_stage6_warpsize2x2x1_tensor16x8x32_by_fusion_tactic,1x1x1024;1x1024x1024,Int8;Int8,1x1x1024,Half,/v_proj_3/MatMul;/v_proj_3/MatMul__a_dequant;/v_proj_3/MatMul__a_quant;/v_proj_3/MatMul__w_dequant
mixed_decode,81,__myl_ResConResRep_myl0_81,kgen,UNKNOWN,UNKNOWN,TENSORRT_INTERNAL,__myl_ResConResRep_0x9d40828c020eb6bb972be950c35191c1,1x8x-1x128;1x1x1024;1;1;1;1;1;1;1;1;1;1;1;1;1;1,Half;Half;Int64;Int64;Int64;Int64;Int64;Int64;Int64;Int64;Int64;Int64;Int64;Int64;Int64;Int64,1x8x-1x128;1x8x2x-1x128,Half;Half,/Reshape_26;/Transpose_17;/Unsqueeze_84;/Expand_7;/Concat_43
mixed_decode,82,__mye676904_myl0_82,signal,UNKNOWN,UNKNOWN,NO_KERNEL,NONE,NONE,NONE,NONE,NONE,UNKNOWN
mixed_decode,83,__mye676898_myl0_83,wait,UNKNOWN,UNKNOWN,NO_KERNEL,NONE,NONE,NONE,NONE,NONE,UNKNOWN
mixed_decode,84,__myl_FcCas_myl0_84,fusion,L3:k_proj,LINEAR,GEMM,sm80_xmma_gemm_i8f32_i8i32_f32_tn_n_tilesize32x64x64_stage6_warpsize2x2x1_tensor16x8x32_by_fusion_tactic,1x1x1024;1x1024x1024,Int8;Int8,1x1x1024,Half,/k_proj_3/MatMul;/k_proj_3/MatMul__a_dequant;/k_proj_3/MatMul__a_quant;/k_proj_3/MatMul__w_dequant
mixed_decode,85,__myl_ResMulMea_myl0_85,kgen,UNKNOWN,UNKNOWN,TENSORRT_INTERNAL,__myl_ResMulMea_0x3c91498c3beee36a5653966af1581a8a,1x1x1024,Half,1x1x8x1;1x1x8x128,Half;Half,/Reshape_25;/k_norm_3/Pow;/k_norm_3/ReduceMean
mixed_decode,86,__myl_AddSqrDivMulMulResSliSliNegConMulMulAddConResRepResTra_myl0_86,kgen,UNKNOWN,UNKNOWN,TENSORRT_INTERNAL,__myl_AddSqrDivMulMulResSliSliNegConMulMulAddConResRepResTra_0x5aea462b6a819ceadd3ebb32874c078f,1x8x-1x128;1x1x1x128;1x1x1x128;1x1x1x128;1x1x8x128;1x1x8x1;1;1;1;1;1;1;1;1;1;1;1;1;1;1;1;1;1;1,Half;Half;Half;Half;Half;Half;Int64;Int64;Int64;Int64;Int64;Int64;Int64;Int64;Int64;Int64;Int64;Int64;Int64;Int64;Int64;Int64;Int64;Int64,1x8x-1x128;1x16x128x-1,Half;Half,/k_norm_3/Add;/k_norm_3/Sqrt;/k_norm_3/Mul;/k_norm_3/Mul_1;/Transpose_16;/Slice_14;/Slice_15;/Concat_41;/Mul_31;/Add_13;/Mul_30;/Unsqueeze_79;/Reshape_28;/Transpose_18;/Expand_6;/Concat_42;/Neg_7;/k_norm_3/Div
mixed_decode,87,__mye676900_myl0_87,signal,UNKNOWN,UNKNOWN,NO_KERNEL,NONE,NONE,NONE,NONE,NONE,UNKNOWN
mixed_decode,88,__myl_FcCas_myl0_88,fusion,L3:q_proj,LINEAR,GEMM,sm80_xmma_gemm_i8f32_i8i32_f32_tn_n_tilesize32x64x64_stage6_warpsize2x2x1_tensor16x8x32_by_fusion_tactic,1x1x1024;1x1024x2048,Int8;Int8,1x1x2048,Half,/q_proj_3/MatMul;/q_proj_3/MatMul__a_dequant;/q_proj_3/MatMul__a_quant;/q_proj_3/MatMul__w_dequant
mixed_decode,89,__myl_ResMulMea_myl0_89,kgen,UNKNOWN,UNKNOWN,TENSORRT_INTERNAL,__myl_ResMulMea_0xf2413012cd9ac6341b95d78f3432c656,1x1x2048,Half,1x1x16x1;1x1x16x128,Half;Half,/Reshape_24;/q_norm_3/Pow;/q_norm_3/ReduceMean
mixed_decode,90,__myl_AddSqrDivMulMulResSliSliNegConMulMulAdd_myl0_90,kgen,UNKNOWN,UNKNOWN,TENSORRT_INTERNAL,__myl_AddSqrDivMulMulResSliSliNegConMulMulAdd_0xf1ba08cc3beaba8ee91b0504be9c2cf4,1x1x1x128;1x1x1x128;1x1x1x128;1x1x16x128;1x1x16x1,Half;Half;Half;Half;Half,1x16x1x128,Half,/q_norm_3/Add;/q_norm_3/Sqrt;/q_norm_3/Mul;/q_norm_3/Mul_1;/Transpose_15;/Slice_12;/Slice_13;/Concat_40;/Mul_29;/Add_12;/Mul_28;/Neg_6;/q_norm_3/Div
mixed_decode,91,__mye676902_myl0_91,wait,UNKNOWN,UNKNOWN,NO_KERNEL,NONE,NONE,NONE,NONE,NONE,UNKNOWN
mixed_decode,92,/MatMul_6_myl0_92,gemm,L6:ATTENTION_VALUE,ATTENTION_GEMM,GEMM,sm80_xmma_gemm_f16f16_f16f32_f32_nn_n_tilesize32x32x64_stage6_warpsize2x2x1_tensor16x8x16_aligna2_alignc2,16x1x128;16x128x-1;1;1,Half;Half;Float;Float,16x1x-1,Half,/MatMul_6
mixed_decode,93,__myl_MulMaxSubExpSumDivMul_myl0_93,kgen,UNKNOWN,UNKNOWN,TENSORRT_INTERNAL,__myl_MulMaxSubExpSumDivMul_0x1108f5a078d6e65507c06537b9b2e43f,1x16x1x-1;1;1,Half;Int64;Int64,1x16x1x-1,Half,/Mul_34;/Softmax_3
mixed_decode,94,__mye676906_myl0_94,wait,UNKNOWN,UNKNOWN,NO_KERNEL,NONE,NONE,NONE,NONE,NONE,UNKNOWN
mixed_decode,95,/MatMul_7_myl0_95,gemm,L7:ATTENTION_VALUE,ATTENTION_GEMM,GEMM,sm80_xmma_gemm_f16f16_f16f32_f32_nn_n_tilesize64x128x32_stage5_warpsize2x2x1_tensor16x8x16_aligna2_alignc2,16x1x-1;16x-1x128;1;1,Half;Half;Float;Float,16x1x128,Half,/MatMul_7
mixed_decode,96,__myl_MulMinMaxRouCas_myl0_96,kgen,L3:o_proj,LINEAR,TENSORRT_INTERNAL,__myl_MulMinMaxRouCas_0x6a10bd9f6c374e5ad061c0d2824b0a25,16x1x128,Half,16x1x128,Int8,/o_proj_3/MatMul__a_quant
mixed_decode,97,__myl_FcCasAdd_myl0_97,fusion,L3:o_proj,LINEAR,GEMM,sm80_xmma_gemm_i8f32_i8i32_f32_tn_n_tilesize32x64x64_stage6_warpsize2x2x1_tensor16x8x32_by_fusion_tactic,1x1x1024;1x1x2048;1x2048x1024,Half;Int8;Int8,1x1x1024,Half,/o_proj_3/MatMul;/o_proj_3/MatMul__a_dequant;/o_proj_3/MatMul__a_quant;/o_proj_3/MatMul__w_dequant;/Add_14
mixed_decode,98,__myl_MulMeaAddSqrDivMulMulMulMinMaxRouCas_myl0_98,kgen,L3:gate_proj,LINEAR,TENSORRT_INTERNAL,__myl_MulMeaAddSqrDivMulMulMulMinMaxRouCas_0x2b4860727aa16b8274c6a9e412ad0345,1x1x1024;1x1x1024;1x1x1024;1x1x1024,Half;Half;Half;Half,1x1x1024;1x1x1024,Int8;Half,/post_attention_layernorm_3/Pow;/post_attention_layernorm_3/ReduceMean;/post_attention_layernorm_3/Add;/post_attention_layernorm_3/Div;/post_attention_layernorm_3/Sqrt;/post_attention_layernorm_3/Mul;/post_attention_layernorm_3/Mul_1;/gate_proj_3/MatMul__a_quant
mixed_decode,99,/up_proj_3/MatMul_myl0_99,gemm,L3:up_proj,LINEAR,GEMM,sm80_xmma_gemm_f16f16_f16f16_f16_tn_n_tilesize32x32x64_stage6_warpsize2x2x1_tensor16x8x16,1x1x1024;1x1024x3072;1;1,Half;Half;Float;Float,1x1x3072,Half,/up_proj_3/MatMul
mixed_decode,100,__myl_FcCasNegExpAddDivMulMul_myl0_100,fusion,L3:gate_proj,LINEAR,GEMM,sm80_xmma_gemm_i8i8_i8i32_f32_tn_n_tilesize32x64x64_stage6_warpsize2x2x1_tensor16x8x32_by_fusion_tactic,1x1x3072;1x1x1024;1x1024x3072,Half;Int8;Int8,1x1x3072,Half,/gate_proj_3/MatMul;/gate_proj_3/MatMul__a_dequant;/gate_proj_3/MatMul__a_quant;/gate_proj_3/MatMul__w_dequant;/Mul_35;/Mul_36;/Sigmoid_3
mixed_decode,101,__myl_FcAdd_myl0_101,fusion,L3:down_proj,LINEAR,GEMM,sm80_xmma_gemm_f16f16_f16f16_f16_nn_n_tilesize64x128x32_stage5_warpsize2x2x1_tensor16x8x16_by_fusion_tactic,1x1x1024;1x1x3072;1x3072x1024,Half;Half;Half,1x1x1024,Half,/down_proj_3/MatMul;/Add_15
mixed_decode,102,__myl_MulMeaAddSqrDivMulDivMinMaxRouCasDivMinMaxRouCasDivMinMaxRouCas_myl0_102,kgen,L4:q_proj,LINEAR,TENSORRT_INTERNAL,__myl_MulMeaAddSqrDivMulDivMinMaxRouCasDivMinMaxRouCasDivMinMaxRouCas_0x9f2c300bb597625319cadec4728f9bc5,1x1x1024;1x1x1024;1x1x1024;1x1x1024;1x1x1024;1x1x1024,Half;Half;Half;Half;Half;Half,1x1x1024;1x1x1024;1x1x1024,Int8;Int8;Int8,/q_proj_4/MatMul__a_quant;/k_proj_4/MatMul__a_quant;/v_proj_4/MatMul__a_quant;/input_layernorm_4/Mul;/input_layernorm_4/Sqrt;/input_layernorm_4/Div;/input_layernorm_4/Add;/input_layernorm_4/ReduceMean;/input_layernorm_4/Pow
mixed_decode,103,__mye676908_myl0_103,signal,UNKNOWN,UNKNOWN,NO_KERNEL,NONE,NONE,NONE,NONE,NONE,UNKNOWN
mixed_decode,104,__mye676910_myl0_104,wait,UNKNOWN,UNKNOWN,NO_KERNEL,NONE,NONE,NONE,NONE,NONE,UNKNOWN
mixed_decode,105,__myl_FcCas_myl0_105,fusion,L4:v_proj,LINEAR,GEMM,sm80_xmma_gemm_i8f32_i8i32_f32_tn_n_tilesize32x64x64_stage6_warpsize2x2x1_tensor16x8x32_by_fusion_tactic,1x1x1024;1x1024x1024,Int8;Int8,1x1x1024,Half,/v_proj_4/MatMul;/v_proj_4/MatMul__a_dequant;/v_proj_4/MatMul__a_quant;/v_proj_4/MatMul__w_dequant
mixed_decode,106,__myl_ResConResRep_myl0_106,kgen,UNKNOWN,UNKNOWN,TENSORRT_INTERNAL,__myl_ResConResRep_0x9d40828c020eb6bb972be950c35191c1,1x8x-1x128;1x1x1024;1;1;1;1;1;1;1;1;1;1;1;1;1;1,Half;Half;Int64;Int64;Int64;Int64;Int64;Int64;Int64;Int64;Int64;Int64;Int64;Int64;Int64;Int64,1x8x-1x128;1x8x2x-1x128,Half;Half,/Reshape_34;/Transpose_22;/Unsqueeze_106;/Expand_9;/Concat_55
mixed_decode,107,__mye676918_myl0_107,signal,UNKNOWN,UNKNOWN,NO_KERNEL,NONE,NONE,NONE,NONE,NONE,UNKNOWN
mixed_decode,108,__mye676912_myl0_108,wait,UNKNOWN,UNKNOWN,NO_KERNEL,NONE,NONE,NONE,NONE,NONE,UNKNOWN
mixed_decode,109,__myl_FcCas_myl0_109,fusion,L4:k_proj,LINEAR,GEMM,sm80_xmma_gemm_i8f32_i8i32_f32_tn_n_tilesize32x64x64_stage6_warpsize2x2x1_tensor16x8x32_by_fusion_tactic,1x1x1024;1x1024x1024,Int8;Int8,1x1x1024,Half,/k_proj_4/MatMul;/k_proj_4/MatMul__a_dequant;/k_proj_4/MatMul__a_quant;/k_proj_4/MatMul__w_dequant
mixed_decode,110,__myl_ResMulMea_myl0_110,kgen,UNKNOWN,UNKNOWN,TENSORRT_INTERNAL,__myl_ResMulMea_0x3c91498c3beee36a5653966af1581a8a,1x1x1024,Half,1x1x8x1;1x1x8x128,Half;Half,/Reshape_33;/k_norm_4/Pow;/k_norm_4/ReduceMean
mixed_decode,111,__myl_AddSqrDivMulMulResSliSliNegConMulMulAddConResRepResTra_myl0_111,kgen,UNKNOWN,UNKNOWN,TENSORRT_INTERNAL,__myl_AddSqrDivMulMulResSliSliNegConMulMulAddConResRepResTra_0x5aea462b6a819ceadd3ebb32874c078f,1x8x-1x128;1x1x1x128;1x1x1x128;1x1x1x128;1x1x8x128;1x1x8x1;1;1;1;1;1;1;1;1;1;1;1;1;1;1;1;1;1;1,Half;Half;Half;Half;Half;Half;Int64;Int64;Int64;Int64;Int64;Int64;Int64;Int64;Int64;Int64;Int64;Int64;Int64;Int64;Int64;Int64;Int64;Int64,1x8x-1x128;1x16x128x-1,Half;Half,/k_norm_4/Add;/k_norm_4/Sqrt;/k_norm_4/Mul;/k_norm_4/Mul_1;/Transpose_21;/Slice_18;/Slice_19;/Concat_53;/Mul_40;/Add_17;/Mul_39;/Unsqueeze_101;/Reshape_36;/Transpose_23;/Expand_8;/Concat_54;/Neg_9;/k_norm_4/Div
mixed_decode,112,__mye676914_myl0_112,signal,UNKNOWN,UNKNOWN,NO_KERNEL,NONE,NONE,NONE,NONE,NONE,UNKNOWN
mixed_decode,113,__myl_FcCas_myl0_113,fusion,L4:q_proj,LINEAR,GEMM,sm80_xmma_gemm_i8f32_i8i32_f32_tn_n_tilesize32x64x64_stage6_warpsize2x2x1_tensor16x8x32_by_fusion_tactic,1x1x1024;1x1024x2048,Int8;Int8,1x1x2048,Half,/q_proj_4/MatMul;/q_proj_4/MatMul__a_dequant;/q_proj_4/MatMul__a_quant;/q_proj_4/MatMul__w_dequant
mixed_decode,114,__myl_ResMulMea_myl0_114,kgen,UNKNOWN,UNKNOWN,TENSORRT_INTERNAL,__myl_ResMulMea_0xf2413012cd9ac6341b95d78f3432c656,1x1x2048,Half,1x1x16x1;1x1x16x128,Half;Half,/Reshape_32;/q_norm_4/Pow;/q_norm_4/ReduceMean
mixed_decode,115,__myl_AddSqrDivMulMulResSliSliNegConMulMulAdd_myl0_115,kgen,UNKNOWN,UNKNOWN,TENSORRT_INTERNAL,__myl_AddSqrDivMulMulResSliSliNegConMulMulAdd_0xf1ba08cc3beaba8ee91b0504be9c2cf4,1x1x1x128;1x1x1x128;1x1x1x128;1x1x16x128;1x1x16x1,Half;Half;Half;Half;Half,1x16x1x128,Half,/q_norm_4/Add;/q_norm_4/Sqrt;/q_norm_4/Mul;/q_norm_4/Mul_1;/Transpose_20;/Slice_16;/Slice_17;/Concat_52;/Mul_38;/Add_16;/Mul_37;/Neg_8;/q_norm_4/Div
mixed_decode,116,__mye676916_myl0_116,wait,UNKNOWN,UNKNOWN,NO_KERNEL,NONE,NONE,NONE,NONE,NONE,UNKNOWN
mixed_decode,117,/MatMul_8_myl0_117,gemm,L8:ATTENTION_VALUE,ATTENTION_GEMM,GEMM,sm80_xmma_gemm_f16f16_f16f32_f32_nn_n_tilesize32x32x64_stage6_warpsize2x2x1_tensor16x8x16_aligna2_alignc2,16x1x128;16x128x-1;1;1,Half;Half;Float;Float,16x1x-1,Half,/MatMul_8
mixed_decode,118,__myl_MulMaxSubExpSumDivMul_myl0_118,kgen,UNKNOWN,UNKNOWN,TENSORRT_INTERNAL,__myl_MulMaxSubExpSumDivMul_0x1108f5a078d6e65507c06537b9b2e43f,1x16x1x-1;1;1,Half;Int64;Int64,1x16x1x-1,Half,/Mul_43;/Softmax_4
mixed_decode,119,__mye676920_myl0_119,wait,UNKNOWN,UNKNOWN,NO_KERNEL,NONE,NONE,NONE,NONE,NONE,UNKNOWN
mixed_decode,120,/MatMul_9_myl0_120,gemm,L9:ATTENTION_VALUE,ATTENTION_GEMM,GEMM,sm80_xmma_gemm_f16f16_f16f32_f32_nn_n_tilesize64x128x32_stage5_warpsize2x2x1_tensor16x8x16_aligna2_alignc2,16x1x-1;16x-1x128;1;1,Half;Half;Float;Float,16x1x128,Half,/MatMul_9
mixed_decode,121,__myl_MulMinMaxRouCas_myl0_121,kgen,L4:o_proj,LINEAR,TENSORRT_INTERNAL,__myl_MulMinMaxRouCas_0x8dd8f4f93c6a1e7d8a5025e20f21222e,16x1x128,Half,16x1x128,Int8,/o_proj_4/MatMul__a_quant
mixed_decode,122,__myl_FcCasAdd_myl0_122,fusion,L4:o_proj,LINEAR,GEMM,sm80_xmma_gemm_i8f32_i8i32_f32_tn_n_tilesize32x64x64_stage6_warpsize2x2x1_tensor16x8x32_by_fusion_tactic,1x1x1024;1x1x2048;1x2048x1024,Half;Int8;Int8,1x1x1024,Half,/o_proj_4/MatMul;/o_proj_4/MatMul__a_dequant;/o_proj_4/MatMul__a_quant;/o_proj_4/MatMul__w_dequant;/Add_18
mixed_decode,123,__myl_MulMeaAddSqrDivMulMulMulMinMaxRouCas_myl0_123,kgen,L4:gate_proj,LINEAR,TENSORRT_INTERNAL,__myl_MulMeaAddSqrDivMulMulMulMinMaxRouCas_0xa203a21bb9a2ead322f314c5ed6c45fd,1x1x1024;1x1x1024;1x1x1024;1x1x1024,Half;Half;Half;Half,1x1x1024;1x1x1024,Int8;Half,/post_attention_layernorm_4/Pow;/post_attention_layernorm_4/ReduceMean;/post_attention_layernorm_4/Add;/post_attention_layernorm_4/Div;/post_attention_layernorm_4/Sqrt;/post_attention_layernorm_4/Mul;/post_attention_layernorm_4/Mul_1;/gate_proj_4/MatMul__a_quant
mixed_decode,124,/up_proj_4/MatMul_myl0_124,gemm,L4:up_proj,LINEAR,GEMM,sm80_xmma_gemm_f16f16_f16f16_f16_tn_n_tilesize32x32x64_stage6_warpsize2x2x1_tensor16x8x16,1x1x1024;1x1024x3072;1;1,Half;Half;Float;Float,1x1x3072,Half,/up_proj_4/MatMul
mixed_decode,125,__myl_FcCasNegExpAddDivMulMul_myl0_125,fusion,L4:gate_proj,LINEAR,GEMM,sm80_xmma_gemm_i8i8_i8i32_f32_tn_n_tilesize32x64x64_stage6_warpsize2x2x1_tensor16x8x32_by_fusion_tactic,1x1x3072;1x1x1024;1x1024x3072,Half;Int8;Int8,1x1x3072,Half,/gate_proj_4/MatMul;/gate_proj_4/MatMul__a_dequant;/gate_proj_4/MatMul__a_quant;/gate_proj_4/MatMul__w_dequant;/Mul_44;/Mul_45;/Sigmoid_4
mixed_decode,126,__myl_FcAdd_myl0_126,fusion,L4:down_proj,LINEAR,GEMM,sm80_xmma_gemm_f16f16_f16f16_f16_nn_n_tilesize64x128x32_stage5_warpsize2x2x1_tensor16x8x16_by_fusion_tactic,1x1x1024;1x1x3072;1x3072x1024,Half;Half;Half,1x1x1024,Half,/down_proj_4/MatMul;/Add_19
mixed_decode,127,__myl_MulMeaAddSqrDivMulDivMinMaxRouCasDivMinMaxRouCasDivMinMaxRouCas_myl0_127,kgen,L5:q_proj,LINEAR,TENSORRT_INTERNAL,__myl_MulMeaAddSqrDivMulDivMinMaxRouCasDivMinMaxRouCasDivMinMaxRouCas_0x9f2c300bb597625319cadec4728f9bc5,1x1x1024;1x1x1024;1x1x1024;1x1x1024;1x1x1024;1x1x1024,Half;Half;Half;Half;Half;Half,1x1x1024;1x1x1024;1x1x1024,Int8;Int8;Int8,/q_proj_5/MatMul__a_quant;/k_proj_5/MatMul__a_quant;/v_proj_5/MatMul__a_quant;/input_layernorm_5/Mul;/input_layernorm_5/Sqrt;/input_layernorm_5/Div;/input_layernorm_5/Add;/input_layernorm_5/ReduceMean;/input_layernorm_5/Pow
mixed_decode,128,__mye676922_myl0_128,signal,UNKNOWN,UNKNOWN,NO_KERNEL,NONE,NONE,NONE,NONE,NONE,UNKNOWN
mixed_decode,129,__mye676924_myl0_129,wait,UNKNOWN,UNKNOWN,NO_KERNEL,NONE,NONE,NONE,NONE,NONE,UNKNOWN
mixed_decode,130,__myl_FcCas_myl0_130,fusion,L5:v_proj,LINEAR,GEMM,sm80_xmma_gemm_i8f32_i8i32_f32_tn_n_tilesize32x64x64_stage6_warpsize2x2x1_tensor16x8x32_by_fusion_tactic,1x1x1024;1x1024x1024,Int8;Int8,1x1x1024,Half,/v_proj_5/MatMul;/v_proj_5/MatMul__a_dequant;/v_proj_5/MatMul__a_quant;/v_proj_5/MatMul__w_dequant
mixed_decode,131,__myl_ResConResRep_myl0_131,kgen,UNKNOWN,UNKNOWN,TENSORRT_INTERNAL,__myl_ResConResRep_0x9d40828c020eb6bb972be950c35191c1,1x8x-1x128;1x1x1024;1;1;1;1;1;1;1;1;1;1;1;1;1;1,Half;Half;Int64;Int64;Int64;Int64;Int64;Int64;Int64;Int64;Int64;Int64;Int64;Int64;Int64;Int64,1x8x-1x128;1x8x2x-1x128,Half;Half,/Reshape_42;/Transpose_27;/Unsqueeze_128;/Expand_11;/Concat_67
mixed_decode,132,__mye676932_myl0_132,signal,UNKNOWN,UNKNOWN,NO_KERNEL,NONE,NONE,NONE,NONE,NONE,UNKNOWN
mixed_decode,133,__mye676926_myl0_133,wait,UNKNOWN,UNKNOWN,NO_KERNEL,NONE,NONE,NONE,NONE,NONE,UNKNOWN
mixed_decode,134,__myl_FcCas_myl0_134,fusion,L5:k_proj,LINEAR,GEMM,sm80_xmma_gemm_i8f32_i8i32_f32_tn_n_tilesize32x64x64_stage6_warpsize2x2x1_tensor16x8x32_by_fusion_tactic,1x1x1024;1x1024x1024,Int8;Int8,1x1x1024,Half,/k_proj_5/MatMul;/k_proj_5/MatMul__a_dequant;/k_proj_5/MatMul__a_quant;/k_proj_5/MatMul__w_dequant
mixed_decode,135,__myl_ResMulMea_myl0_135,kgen,UNKNOWN,UNKNOWN,TENSORRT_INTERNAL,__myl_ResMulMea_0x3c91498c3beee36a5653966af1581a8a,1x1x1024,Half,1x1x8x1;1x1x8x128,Half;Half,/Reshape_41;/k_norm_5/Pow;/k_norm_5/ReduceMean
mixed_decode,136,__myl_AddSqrDivMulMulResSliSliNegConMulMulAddConResRepResTra_myl0_136,kgen,UNKNOWN,UNKNOWN,TENSORRT_INTERNAL,__myl_AddSqrDivMulMulResSliSliNegConMulMulAddConResRepResTra_0x5aea462b6a819ceadd3ebb32874c078f,1x8x-1x128;1x1x1x128;1x1x1x128;1x1x1x128;1x1x8x128;1x1x8x1;1;1;1;1;1;1;1;1;1;1;1;1;1;1;1;1;1;1,Half;Half;Half;Half;Half;Half;Int64;Int64;Int64;Int64;Int64;Int64;Int64;Int64;Int64;Int64;Int64;Int64;Int64;Int64;Int64;Int64;Int64;Int64,1x8x-1x128;1x16x128x-1,Half;Half,/k_norm_5/Add;/k_norm_5/Sqrt;/k_norm_5/Mul;/k_norm_5/Mul_1;/Transpose_26;/Slice_22;/Slice_23;/Concat_65;/Mul_49;/Add_21;/Mul_48;/Unsqueeze_123;/Reshape_44;/Transpose_28;/Expand_10;/Concat_66;/Neg_11;/k_norm_5/Div
mixed_decode,137,__mye676928_myl0_137,signal,UNKNOWN,UNKNOWN,NO_KERNEL,NONE,NONE,NONE,NONE,NONE,UNKNOWN
mixed_decode,138,__myl_FcCas_myl0_138,fusion,L5:q_proj,LINEAR,GEMM,sm80_xmma_gemm_i8f32_i8i32_f32_tn_n_tilesize32x64x64_stage6_warpsize2x2x1_tensor16x8x32_by_fusion_tactic,1x1x1024;1x1024x2048,Int8;Int8,1x1x2048,Half,/q_proj_5/MatMul;/q_proj_5/MatMul__a_dequant;/q_proj_5/MatMul__a_quant;/q_proj_5/MatMul__w_dequant
mixed_decode,139,__myl_ResMulMea_myl0_139,kgen,UNKNOWN,UNKNOWN,TENSORRT_INTERNAL,__myl_ResMulMea_0xf2413012cd9ac6341b95d78f3432c656,1x1x2048,Half,1x1x16x1;1x1x16x128,Half;Half,/Reshape_40;/q_norm_5/Pow;/q_norm_5/ReduceMean
mixed_decode,140,__myl_AddSqrDivMulMulResSliSliNegConMulMulAdd_myl0_140,kgen,UNKNOWN,UNKNOWN,TENSORRT_INTERNAL,__myl_AddSqrDivMulMulResSliSliNegConMulMulAdd_0xf1ba08cc3beaba8ee91b0504be9c2cf4,1x1x1x128;1x1x1x128;1x1x1x128;1x1x16x128;1x1x16x1,Half;Half;Half;Half;Half,1x16x1x128,Half,/q_norm_5/Add;/q_norm_5/Sqrt;/q_norm_5/Mul;/q_norm_5/Mul_1;/Transpose_25;/Slice_20;/Slice_21;/Concat_64;/Mul_47;/Add_20;/Mul_46;/Neg_10;/q_norm_5/Div
mixed_decode,141,__mye676930_myl0_141,wait,UNKNOWN,UNKNOWN,NO_KERNEL,NONE,NONE,NONE,NONE,NONE,UNKNOWN
mixed_decode,142,/MatMul_10_myl0_142,gemm,L10:ATTENTION_VALUE,ATTENTION_GEMM,GEMM,sm80_xmma_gemm_f16f16_f16f32_f32_nn_n_tilesize32x32x64_stage6_warpsize2x2x1_tensor16x8x16_aligna2_alignc2,16x1x128;16x128x-1;1;1,Half;Half;Float;Float,16x1x-1,Half,/MatMul_10
mixed_decode,143,__myl_MulMaxSubExpSumDivMul_myl0_143,kgen,UNKNOWN,UNKNOWN,TENSORRT_INTERNAL,__myl_MulMaxSubExpSumDivMul_0x1108f5a078d6e65507c06537b9b2e43f,1x16x1x-1;1;1,Half;Int64;Int64,1x16x1x-1,Half,/Mul_52;/Softmax_5
mixed_decode,144,__mye676934_myl0_144,wait,UNKNOWN,UNKNOWN,NO_KERNEL,NONE,NONE,NONE,NONE,NONE,UNKNOWN
mixed_decode,145,/MatMul_11_myl0_145,gemm,L11:ATTENTION_VALUE,ATTENTION_GEMM,GEMM,sm80_xmma_gemm_f16f16_f16f32_f32_nn_n_tilesize64x128x32_stage5_warpsize2x2x1_tensor16x8x16_aligna2_alignc2,16x1x-1;16x-1x128;1;1,Half;Half;Float;Float,16x1x128,Half,/MatMul_11
mixed_decode,146,__myl_MulMinMaxRouCas_myl0_146,kgen,L5:o_proj,LINEAR,TENSORRT_INTERNAL,__myl_MulMinMaxRouCas_0x774908550917e749f75db6185bcae83f,16x1x128,Half,16x1x128,Int8,/o_proj_5/MatMul__a_quant
mixed_decode,147,__myl_FcCasAdd_myl0_147,fusion,L5:o_proj,LINEAR,GEMM,sm80_xmma_gemm_i8f32_i8i32_f32_tn_n_tilesize32x64x64_stage6_warpsize2x2x1_tensor16x8x32_by_fusion_tactic,1x1x1024;1x1x2048;1x2048x1024,Half;Int8;Int8,1x1x1024,Half,/o_proj_5/MatMul;/o_proj_5/MatMul__a_dequant;/o_proj_5/MatMul__a_quant;/o_proj_5/MatMul__w_dequant;/Add_22
mixed_decode,148,__myl_MulMeaAddSqrDivMulMulMulMinMaxRouCas_myl0_148,kgen,L5:gate_proj,LINEAR,TENSORRT_INTERNAL,__myl_MulMeaAddSqrDivMulMulMulMinMaxRouCas_0xb2a73dcdcb246645ed7bcf4e6ce7b3cc,1x1x1024;1x1x1024;1x1x1024;1x1x1024,Half;Half;Half;Half,1x1x1024;1x1x1024,Int8;Half,/post_attention_layernorm_5/Pow;/post_attention_layernorm_5/ReduceMean;/post_attention_layernorm_5/Add;/post_attention_layernorm_5/Div;/post_attention_layernorm_5/Sqrt;/post_attention_layernorm_5/Mul;/post_attention_layernorm_5/Mul_1;/gate_proj_5/MatMul__a_quant
mixed_decode,149,/up_proj_5/MatMul_myl0_149,gemm,L5:up_proj,LINEAR,GEMM,sm80_xmma_gemm_f16f16_f16f16_f16_tn_n_tilesize32x32x64_stage6_warpsize2x2x1_tensor16x8x16,1x1x1024;1x1024x3072;1;1,Half;Half;Float;Float,1x1x3072,Half,/up_proj_5/MatMul
mixed_decode,150,__myl_FcCasNegExpAddDivMulMul_myl0_150,fusion,L5:gate_proj,LINEAR,GEMM,sm80_xmma_gemm_i8i8_i8i32_f32_tn_n_tilesize32x64x64_stage6_warpsize2x2x1_tensor16x8x32_by_fusion_tactic,1x1x3072;1x1x1024;1x1024x3072,Half;Int8;Int8,1x1x3072,Half,/gate_proj_5/MatMul;/gate_proj_5/MatMul__a_dequant;/gate_proj_5/MatMul__a_quant;/gate_proj_5/MatMul__w_dequant;/Mul_53;/Mul_54;/Sigmoid_5
mixed_decode,151,__myl_FcAdd_myl0_151,fusion,L5:down_proj,LINEAR,GEMM,sm80_xmma_gemm_f16f16_f16f16_f16_nn_n_tilesize64x128x32_stage5_warpsize2x2x1_tensor16x8x16_by_fusion_tactic,1x1x1024;1x1x3072;1x3072x1024,Half;Half;Half,1x1x1024,Half,/down_proj_5/MatMul;/Add_23
mixed_decode,152,__myl_MulMeaAddSqrDivMulDivMinMaxRouCasDivMinMaxRouCasDivMinMaxRouCas_myl0_152,kgen,L6:q_proj,LINEAR,TENSORRT_INTERNAL,__myl_MulMeaAddSqrDivMulDivMinMaxRouCasDivMinMaxRouCasDivMinMaxRouCas_0x9f2c300bb597625319cadec4728f9bc5,1x1x1024;1x1x1024;1x1x1024;1x1x1024;1x1x1024;1x1x1024,Half;Half;Half;Half;Half;Half,1x1x1024;1x1x1024;1x1x1024,Int8;Int8;Int8,/q_proj_6/MatMul__a_quant;/k_proj_6/MatMul__a_quant;/v_proj_6/MatMul__a_quant;/input_layernorm_6/Mul;/input_layernorm_6/Sqrt;/input_layernorm_6/Div;/input_layernorm_6/Add;/input_layernorm_6/ReduceMean;/input_layernorm_6/Pow
mixed_decode,153,__mye676936_myl0_153,signal,UNKNOWN,UNKNOWN,NO_KERNEL,NONE,NONE,NONE,NONE,NONE,UNKNOWN
mixed_decode,154,__mye676938_myl0_154,wait,UNKNOWN,UNKNOWN,NO_KERNEL,NONE,NONE,NONE,NONE,NONE,UNKNOWN
mixed_decode,155,__myl_FcCas_myl0_155,fusion,L6:v_proj,LINEAR,GEMM,sm80_xmma_gemm_i8f32_i8i32_f32_tn_n_tilesize32x64x64_stage6_warpsize2x2x1_tensor16x8x32_by_fusion_tactic,1x1x1024;1x1024x1024,Int8;Int8,1x1x1024,Half,/v_proj_6/MatMul;/v_proj_6/MatMul__a_dequant;/v_proj_6/MatMul__a_quant;/v_proj_6/MatMul__w_dequant
mixed_decode,156,__myl_ResConResRep_myl0_156,kgen,UNKNOWN,UNKNOWN,TENSORRT_INTERNAL,__myl_ResConResRep_0x9d40828c020eb6bb972be950c35191c1,1x8x-1x128;1x1x1024;1;1;1;1;1;1;1;1;1;1;1;1;1;1,Half;Half;Int64;Int64;Int64;Int64;Int64;Int64;Int64;Int64;Int64;Int64;Int64;Int64;Int64;Int64,1x8x-1x128;1x8x2x-1x128,Half;Half,/Reshape_50;/Transpose_32;/Unsqueeze_150;/Expand_13;/Concat_79
mixed_decode,157,__mye676946_myl0_157,signal,UNKNOWN,UNKNOWN,NO_KERNEL,NONE,NONE,NONE,NONE,NONE,UNKNOWN
mixed_decode,158,__mye676940_myl0_158,wait,UNKNOWN,UNKNOWN,NO_KERNEL,NONE,NONE,NONE,NONE,NONE,UNKNOWN
mixed_decode,159,__myl_FcCas_myl0_159,fusion,L6:k_proj,LINEAR,GEMM,sm80_xmma_gemm_i8f32_i8i32_f32_tn_n_tilesize32x64x64_stage6_warpsize2x2x1_tensor16x8x32_by_fusion_tactic,1x1x1024;1x1024x1024,Int8;Int8,1x1x1024,Half,/k_proj_6/MatMul;/k_proj_6/MatMul__a_dequant;/k_proj_6/MatMul__a_quant;/k_proj_6/MatMul__w_dequant
mixed_decode,160,__myl_ResMulMea_myl0_160,kgen,UNKNOWN,UNKNOWN,TENSORRT_INTERNAL,__myl_ResMulMea_0x3c91498c3beee36a5653966af1581a8a,1x1x1024,Half,1x1x8x1;1x1x8x128,Half;Half,/Reshape_49;/k_norm_6/Pow;/k_norm_6/ReduceMean
mixed_decode,161,__myl_AddSqrDivMulMulResSliSliNegConMulMulAddConResRepResTra_myl0_161,kgen,UNKNOWN,UNKNOWN,TENSORRT_INTERNAL,__myl_AddSqrDivMulMulResSliSliNegConMulMulAddConResRepResTra_0x5aea462b6a819ceadd3ebb32874c078f,1x8x-1x128;1x1x1x128;1x1x1x128;1x1x1x128;1x1x8x128;1x1x8x1;1;1;1;1;1;1;1;1;1;1;1;1;1;1;1;1;1;1,Half;Half;Half;Half;Half;Half;Int64;Int64;Int64;Int64;Int64;Int64;Int64;Int64;Int64;Int64;Int64;Int64;Int64;Int64;Int64;Int64;Int64;Int64,1x8x-1x128;1x16x128x-1,Half;Half,/k_norm_6/Add;/k_norm_6/Sqrt;/k_norm_6/Mul;/k_norm_6/Mul_1;/Transpose_31;/Slice_26;/Slice_27;/Concat_77;/Mul_58;/Add_25;/Mul_57;/Unsqueeze_145;/Reshape_52;/Transpose_33;/Expand_12;/Concat_78;/Neg_13;/k_norm_6/Div
mixed_decode,162,__mye676942_myl0_162,signal,UNKNOWN,UNKNOWN,NO_KERNEL,NONE,NONE,NONE,NONE,NONE,UNKNOWN
mixed_decode,163,__myl_FcCas_myl0_163,fusion,L6:q_proj,LINEAR,GEMM,sm80_xmma_gemm_i8f32_i8i32_f32_tn_n_tilesize32x64x64_stage6_warpsize2x2x1_tensor16x8x32_by_fusion_tactic,1x1x1024;1x1024x2048,Int8;Int8,1x1x2048,Half,/q_proj_6/MatMul;/q_proj_6/MatMul__a_dequant;/q_proj_6/MatMul__a_quant;/q_proj_6/MatMul__w_dequant
mixed_decode,164,__myl_ResMulMea_myl0_164,kgen,UNKNOWN,UNKNOWN,TENSORRT_INTERNAL,__myl_ResMulMea_0xf2413012cd9ac6341b95d78f3432c656,1x1x2048,Half,1x1x16x1;1x1x16x128,Half;Half,/Reshape_48;/q_norm_6/Pow;/q_norm_6/ReduceMean
mixed_decode,165,__myl_AddSqrDivMulMulResSliSliNegConMulMulAdd_myl0_165,kgen,UNKNOWN,UNKNOWN,TENSORRT_INTERNAL,__myl_AddSqrDivMulMulResSliSliNegConMulMulAdd_0xf1ba08cc3beaba8ee91b0504be9c2cf4,1x1x1x128;1x1x1x128;1x1x1x128;1x1x16x128;1x1x16x1,Half;Half;Half;Half;Half,1x16x1x128,Half,/q_norm_6/Add;/q_norm_6/Sqrt;/q_norm_6/Mul;/q_norm_6/Mul_1;/Transpose_30;/Slice_24;/Slice_25;/Concat_76;/Mul_56;/Add_24;/Mul_55;/Neg_12;/q_norm_6/Div
mixed_decode,166,__mye676944_myl0_166,wait,UNKNOWN,UNKNOWN,NO_KERNEL,NONE,NONE,NONE,NONE,NONE,UNKNOWN
mixed_decode,167,/MatMul_12_myl0_167,gemm,L12:ATTENTION_VALUE,ATTENTION_GEMM,GEMM,sm80_xmma_gemm_f16f16_f16f32_f32_nn_n_tilesize32x32x64_stage6_warpsize2x2x1_tensor16x8x16_aligna2_alignc2,16x1x128;16x128x-1;1;1,Half;Half;Float;Float,16x1x-1,Half,/MatMul_12
mixed_decode,168,__myl_MulMaxSubExpSumDivMul_myl0_168,kgen,UNKNOWN,UNKNOWN,TENSORRT_INTERNAL,__myl_MulMaxSubExpSumDivMul_0x1108f5a078d6e65507c06537b9b2e43f,1x16x1x-1;1;1,Half;Int64;Int64,1x16x1x-1,Half,/Mul_61;/Softmax_6
mixed_decode,169,__mye676948_myl0_169,wait,UNKNOWN,UNKNOWN,NO_KERNEL,NONE,NONE,NONE,NONE,NONE,UNKNOWN
mixed_decode,170,/MatMul_13_myl0_170,gemm,L13:ATTENTION_VALUE,ATTENTION_GEMM,GEMM,sm80_xmma_gemm_f16f16_f16f32_f32_nn_n_tilesize64x128x32_stage5_warpsize2x2x1_tensor16x8x16_aligna2_alignc2,16x1x-1;16x-1x128;1;1,Half;Half;Float;Float,16x1x128,Half,/MatMul_13
mixed_decode,171,__myl_MulMinMaxRouCas_myl0_171,kgen,L6:o_proj,LINEAR,TENSORRT_INTERNAL,__myl_MulMinMaxRouCas_0x774908550917e749f75db6185bcae83f,16x1x128,Half,16x1x128,Int8,/o_proj_6/MatMul__a_quant
mixed_decode,172,__myl_FcCasAdd_myl0_172,fusion,L6:o_proj,LINEAR,GEMM,sm80_xmma_gemm_i8f32_i8i32_f32_tn_n_tilesize32x64x64_stage6_warpsize2x2x1_tensor16x8x32_by_fusion_tactic,1x1x1024;1x1x2048;1x2048x1024,Half;Int8;Int8,1x1x1024,Half,/o_proj_6/MatMul;/o_proj_6/MatMul__a_dequant;/o_proj_6/MatMul__a_quant;/o_proj_6/MatMul__w_dequant;/Add_26
mixed_decode,173,__myl_MulMeaAddSqrDivMulMulMulMinMaxRouCas_myl0_173,kgen,L6:gate_proj,LINEAR,TENSORRT_INTERNAL,__myl_MulMeaAddSqrDivMulMulMulMinMaxRouCas_0x8b0f22c4a2121702a93d8623b5a12ae4,1x1x1024;1x1x1024;1x1x1024;1x1x1024,Half;Half;Half;Half,1x1x1024;1x1x1024,Int8;Half,/post_attention_layernorm_6/Pow;/post_attention_layernorm_6/ReduceMean;/post_attention_layernorm_6/Add;/post_attention_layernorm_6/Div;/post_attention_layernorm_6/Sqrt;/post_attention_layernorm_6/Mul;/post_attention_layernorm_6/Mul_1;/gate_proj_6/MatMul__a_quant
mixed_decode,174,/up_proj_6/MatMul_myl0_174,gemm,L6:up_proj,LINEAR,GEMM,sm80_xmma_gemm_f16f16_f16f16_f16_tn_n_tilesize32x32x64_stage6_warpsize2x2x1_tensor16x8x16,1x1x1024;1x1024x3072;1;1,Half;Half;Float;Float,1x1x3072,Half,/up_proj_6/MatMul
mixed_decode,175,__myl_FcCasNegExpAddDivMulMul_myl0_175,fusion,L6:gate_proj,LINEAR,GEMM,sm80_xmma_gemm_i8i8_i8i32_f32_tn_n_tilesize32x64x64_stage6_warpsize2x2x1_tensor16x8x32_by_fusion_tactic,1x1x3072;1x1x1024;1x1024x3072,Half;Int8;Int8,1x1x3072,Half,/gate_proj_6/MatMul;/gate_proj_6/MatMul__a_dequant;/gate_proj_6/MatMul__a_quant;/gate_proj_6/MatMul__w_dequant;/Mul_62;/Mul_63;/Sigmoid_6
mixed_decode,176,__myl_FcAdd_myl0_176,fusion,L6:down_proj,LINEAR,GEMM,sm80_xmma_gemm_f16f16_f16f16_f16_nn_n_tilesize64x128x32_stage5_warpsize2x2x1_tensor16x8x16_by_fusion_tactic,1x1x1024;1x1x3072;1x3072x1024,Half;Half;Half,1x1x1024,Half,/down_proj_6/MatMul;/Add_27
mixed_decode,177,__myl_MulMeaAddSqrDivMulDivMinMaxRouCasDivMinMaxRouCasDivMinMaxRouCas_myl0_177,kgen,L7:q_proj,LINEAR,TENSORRT_INTERNAL,__myl_MulMeaAddSqrDivMulDivMinMaxRouCasDivMinMaxRouCasDivMinMaxRouCas_0x9f2c300bb597625319cadec4728f9bc5,1x1x1024;1x1x1024;1x1x1024;1x1x1024;1x1x1024;1x1x1024,Half;Half;Half;Half;Half;Half,1x1x1024;1x1x1024;1x1x1024,Int8;Int8;Int8,/q_proj_7/MatMul__a_quant;/k_proj_7/MatMul__a_quant;/v_proj_7/MatMul__a_quant;/input_layernorm_7/Mul;/input_layernorm_7/Sqrt;/input_layernorm_7/Div;/input_layernorm_7/Add;/input_layernorm_7/ReduceMean;/input_layernorm_7/Pow
mixed_decode,178,__mye676950_myl0_178,signal,UNKNOWN,UNKNOWN,NO_KERNEL,NONE,NONE,NONE,NONE,NONE,UNKNOWN
mixed_decode,179,__mye676952_myl0_179,wait,UNKNOWN,UNKNOWN,NO_KERNEL,NONE,NONE,NONE,NONE,NONE,UNKNOWN
mixed_decode,180,__myl_FcCas_myl0_180,fusion,L7:v_proj,LINEAR,GEMM,sm80_xmma_gemm_i8f32_i8i32_f32_tn_n_tilesize32x64x64_stage6_warpsize2x2x1_tensor16x8x32_by_fusion_tactic,1x1x1024;1x1024x1024,Int8;Int8,1x1x1024,Half,/v_proj_7/MatMul;/v_proj_7/MatMul__a_dequant;/v_proj_7/MatMul__a_quant;/v_proj_7/MatMul__w_dequant
mixed_decode,181,__myl_ResConResRep_myl0_181,kgen,UNKNOWN,UNKNOWN,TENSORRT_INTERNAL,__myl_ResConResRep_0x9d40828c020eb6bb972be950c35191c1,1x8x-1x128;1x1x1024;1;1;1;1;1;1;1;1;1;1;1;1;1;1,Half;Half;Int64;Int64;Int64;Int64;Int64;Int64;Int64;Int64;Int64;Int64;Int64;Int64;Int64;Int64,1x8x-1x128;1x8x2x-1x128,Half;Half,/Reshape_58;/Transpose_37;/Unsqueeze_172;/Expand_15;/Concat_91
mixed_decode,182,__mye676960_myl0_182,signal,UNKNOWN,UNKNOWN,NO_KERNEL,NONE,NONE,NONE,NONE,NONE,UNKNOWN
mixed_decode,183,__mye676954_myl0_183,wait,UNKNOWN,UNKNOWN,NO_KERNEL,NONE,NONE,NONE,NONE,NONE,UNKNOWN
mixed_decode,184,__myl_FcCas_myl0_184,fusion,L7:k_proj,LINEAR,GEMM,sm80_xmma_gemm_i8f32_i8i32_f32_tn_n_tilesize32x64x64_stage6_warpsize2x2x1_tensor16x8x32_by_fusion_tactic,1x1x1024;1x1024x1024,Int8;Int8,1x1x1024,Half,/k_proj_7/MatMul;/k_proj_7/MatMul__a_dequant;/k_proj_7/MatMul__a_quant;/k_proj_7/MatMul__w_dequant
mixed_decode,185,__myl_ResMulMea_myl0_185,kgen,UNKNOWN,UNKNOWN,TENSORRT_INTERNAL,__myl_ResMulMea_0x3c91498c3beee36a5653966af1581a8a,1x1x1024,Half,1x1x8x1;1x1x8x128,Half;Half,/Reshape_57;/k_norm_7/Pow;/k_norm_7/ReduceMean
mixed_decode,186,__myl_AddSqrDivMulMulResSliSliNegConMulMulAddConResRepResTra_myl0_186,kgen,UNKNOWN,UNKNOWN,TENSORRT_INTERNAL,__myl_AddSqrDivMulMulResSliSliNegConMulMulAddConResRepResTra_0x5aea462b6a819ceadd3ebb32874c078f,1x8x-1x128;1x1x1x128;1x1x1x128;1x1x1x128;1x1x8x128;1x1x8x1;1;1;1;1;1;1;1;1;1;1;1;1;1;1;1;1;1;1,Half;Half;Half;Half;Half;Half;Int64;Int64;Int64;Int64;Int64;Int64;Int64;Int64;Int64;Int64;Int64;Int64;Int64;Int64;Int64;Int64;Int64;Int64,1x8x-1x128;1x16x128x-1,Half;Half,/k_norm_7/Add;/k_norm_7/Sqrt;/k_norm_7/Mul;/k_norm_7/Mul_1;/Transpose_36;/Slice_30;/Slice_31;/Concat_89;/Mul_67;/Add_29;/Mul_66;/Unsqueeze_167;/Reshape_60;/Transpose_38;/Expand_14;/Concat_90;/Neg_15;/k_norm_7/Div
mixed_decode,187,__mye676956_myl0_187,signal,UNKNOWN,UNKNOWN,NO_KERNEL,NONE,NONE,NONE,NONE,NONE,UNKNOWN
mixed_decode,188,__myl_FcCas_myl0_188,fusion,L7:q_proj,LINEAR,GEMM,sm80_xmma_gemm_i8f32_i8i32_f32_tn_n_tilesize32x64x64_stage6_warpsize2x2x1_tensor16x8x32_by_fusion_tactic,1x1x1024;1x1024x2048,Int8;Int8,1x1x2048,Half,/q_proj_7/MatMul;/q_proj_7/MatMul__a_dequant;/q_proj_7/MatMul__a_quant;/q_proj_7/MatMul__w_dequant
mixed_decode,189,__myl_ResMulMea_myl0_189,kgen,UNKNOWN,UNKNOWN,TENSORRT_INTERNAL,__myl_ResMulMea_0xf2413012cd9ac6341b95d78f3432c656,1x1x2048,Half,1x1x16x1;1x1x16x128,Half;Half,/Reshape_56;/q_norm_7/Pow;/q_norm_7/ReduceMean
mixed_decode,190,__myl_AddSqrDivMulMulResSliSliNegConMulMulAdd_myl0_190,kgen,UNKNOWN,UNKNOWN,TENSORRT_INTERNAL,__myl_AddSqrDivMulMulResSliSliNegConMulMulAdd_0xf1ba08cc3beaba8ee91b0504be9c2cf4,1x1x1x128;1x1x1x128;1x1x1x128;1x1x16x128;1x1x16x1,Half;Half;Half;Half;Half,1x16x1x128,Half,/q_norm_7/Add;/q_norm_7/Sqrt;/q_norm_7/Mul;/q_norm_7/Mul_1;/Transpose_35;/Slice_28;/Slice_29;/Concat_88;/Mul_65;/Add_28;/Mul_64;/Neg_14;/q_norm_7/Div
mixed_decode,191,__mye676958_myl0_191,wait,UNKNOWN,UNKNOWN,NO_KERNEL,NONE,NONE,NONE,NONE,NONE,UNKNOWN
mixed_decode,192,/MatMul_14_myl0_192,gemm,L14:ATTENTION_VALUE,ATTENTION_GEMM,GEMM,sm80_xmma_gemm_f16f16_f16f32_f32_nn_n_tilesize32x32x64_stage6_warpsize2x2x1_tensor16x8x16_aligna2_alignc2,16x1x128;16x128x-1;1;1,Half;Half;Float;Float,16x1x-1,Half,/MatMul_14
mixed_decode,193,__myl_MulMaxSubExpSumDivMul_myl0_193,kgen,UNKNOWN,UNKNOWN,TENSORRT_INTERNAL,__myl_MulMaxSubExpSumDivMul_0x1108f5a078d6e65507c06537b9b2e43f,1x16x1x-1;1;1,Half;Int64;Int64,1x16x1x-1,Half,/Mul_70;/Softmax_7
mixed_decode,194,__mye676962_myl0_194,wait,UNKNOWN,UNKNOWN,NO_KERNEL,NONE,NONE,NONE,NONE,NONE,UNKNOWN
mixed_decode,195,/MatMul_15_myl0_195,gemm,L15:ATTENTION_VALUE,ATTENTION_GEMM,GEMM,sm80_xmma_gemm_f16f16_f16f32_f32_nn_n_tilesize64x128x32_stage5_warpsize2x2x1_tensor16x8x16_aligna2_alignc2,16x1x-1;16x-1x128;1;1,Half;Half;Float;Float,16x1x128,Half,/MatMul_15
mixed_decode,196,__myl_MulMinMaxRouCas_myl0_196,kgen,L7:o_proj,LINEAR,TENSORRT_INTERNAL,__myl_MulMinMaxRouCas_0x56e74360c3e8a36d72970af72bdd3e2b,16x1x128,Half,16x1x128,Int8,/o_proj_7/MatMul__a_quant
mixed_decode,197,__myl_FcCasAdd_myl0_197,fusion,L7:o_proj,LINEAR,GEMM,sm80_xmma_gemm_i8f32_i8i32_f32_tn_n_tilesize32x64x64_stage6_warpsize2x2x1_tensor16x8x32_by_fusion_tactic,1x1x1024;1x1x2048;1x2048x1024,Half;Int8;Int8,1x1x1024,Half,/o_proj_7/MatMul;/o_proj_7/MatMul__a_dequant;/o_proj_7/MatMul__a_quant;/o_proj_7/MatMul__w_dequant;/Add_30
mixed_decode,198,__myl_MulMeaAddSqrDivMulMulMulMinMaxRouCas_myl0_198,kgen,L7:gate_proj,LINEAR,TENSORRT_INTERNAL,__myl_MulMeaAddSqrDivMulMulMulMinMaxRouCas_0xc17a9e1c8880e75049e64b4f3bf21f16,1x1x1024;1x1x1024;1x1x1024;1x1x1024,Half;Half;Half;Half,1x1x1024;1x1x1024,Int8;Half,/post_attention_layernorm_7/Pow;/post_attention_layernorm_7/ReduceMean;/post_attention_layernorm_7/Add;/post_attention_layernorm_7/Div;/post_attention_layernorm_7/Sqrt;/post_attention_layernorm_7/Mul;/post_attention_layernorm_7/Mul_1;/gate_proj_7/MatMul__a_quant
mixed_decode,199,/up_proj_7/MatMul_myl0_199,gemm,L7:up_proj,LINEAR,GEMM,sm80_xmma_gemm_f16f16_f16f16_f16_tn_n_tilesize32x32x64_stage6_warpsize2x2x1_tensor16x8x16,1x1x1024;1x1024x3072;1;1,Half;Half;Float;Float,1x1x3072,Half,/up_proj_7/MatMul
mixed_decode,200,__myl_FcCasNegExpAddDivMulMul_myl0_200,fusion,L7:gate_proj,LINEAR,GEMM,sm80_xmma_gemm_i8i8_i8i32_f32_tn_n_tilesize32x64x64_stage6_warpsize2x2x1_tensor16x8x32_by_fusion_tactic,1x1x3072;1x1x1024;1x1024x3072,Half;Int8;Int8,1x1x3072,Half,/gate_proj_7/MatMul;/gate_proj_7/MatMul__a_dequant;/gate_proj_7/MatMul__a_quant;/gate_proj_7/MatMul__w_dequant;/Mul_71;/Mul_72;/Sigmoid_7
mixed_decode,201,__myl_FcAdd_myl0_201,fusion,L7:down_proj,LINEAR,GEMM,sm80_xmma_gemm_f16f16_f16f16_f16_nn_n_tilesize64x128x32_stage5_warpsize2x2x1_tensor16x8x16_by_fusion_tactic,1x1x1024;1x1x3072;1x3072x1024,Half;Half;Half,1x1x1024,Half,/down_proj_7/MatMul;/Add_31
mixed_decode,202,__myl_MulMeaAddSqrDivMulDivMinMaxRouCasDivMinMaxRouCasDivMinMaxRouCas_myl0_202,kgen,L8:q_proj,LINEAR,TENSORRT_INTERNAL,__myl_MulMeaAddSqrDivMulDivMinMaxRouCasDivMinMaxRouCasDivMinMaxRouCas_0x9f2c300bb597625319cadec4728f9bc5,1x1x1024;1x1x1024;1x1x1024;1x1x1024;1x1x1024;1x1x1024,Half;Half;Half;Half;Half;Half,1x1x1024;1x1x1024;1x1x1024,Int8;Int8;Int8,/q_proj_8/MatMul__a_quant;/k_proj_8/MatMul__a_quant;/v_proj_8/MatMul__a_quant;/input_layernorm_8/Mul;/input_layernorm_8/Sqrt;/input_layernorm_8/Div;/input_layernorm_8/Add;/input_layernorm_8/ReduceMean;/input_layernorm_8/Pow
mixed_decode,203,__mye676964_myl0_203,signal,UNKNOWN,UNKNOWN,NO_KERNEL,NONE,NONE,NONE,NONE,NONE,UNKNOWN
mixed_decode,204,__mye676966_myl0_204,wait,UNKNOWN,UNKNOWN,NO_KERNEL,NONE,NONE,NONE,NONE,NONE,UNKNOWN
mixed_decode,205,__myl_FcCas_myl0_205,fusion,L8:v_proj,LINEAR,GEMM,sm80_xmma_gemm_i8f32_i8i32_f32_tn_n_tilesize32x64x64_stage6_warpsize2x2x1_tensor16x8x32_by_fusion_tactic,1x1x1024;1x1024x1024,Int8;Int8,1x1x1024,Half,/v_proj_8/MatMul;/v_proj_8/MatMul__a_dequant;/v_proj_8/MatMul__a_quant;/v_proj_8/MatMul__w_dequant
mixed_decode,206,__myl_ResConResRep_myl0_206,kgen,UNKNOWN,UNKNOWN,TENSORRT_INTERNAL,__myl_ResConResRep_0x9d40828c020eb6bb972be950c35191c1,1x8x-1x128;1x1x1024;1;1;1;1;1;1;1;1;1;1;1;1;1;1,Half;Half;Int64;Int64;Int64;Int64;Int64;Int64;Int64;Int64;Int64;Int64;Int64;Int64;Int64;Int64,1x8x-1x128;1x8x2x-1x128,Half;Half,/Reshape_66;/Transpose_42;/Unsqueeze_194;/Expand_17;/Concat_103
mixed_decode,207,__mye676974_myl0_207,signal,UNKNOWN,UNKNOWN,NO_KERNEL,NONE,NONE,NONE,NONE,NONE,UNKNOWN
mixed_decode,208,__mye676968_myl0_208,wait,UNKNOWN,UNKNOWN,NO_KERNEL,NONE,NONE,NONE,NONE,NONE,UNKNOWN
mixed_decode,209,__myl_FcCas_myl0_209,fusion,L8:k_proj,LINEAR,GEMM,sm80_xmma_gemm_i8f32_i8i32_f32_tn_n_tilesize32x64x64_stage6_warpsize2x2x1_tensor16x8x32_by_fusion_tactic,1x1x1024;1x1024x1024,Int8;Int8,1x1x1024,Half,/k_proj_8/MatMul;/k_proj_8/MatMul__a_dequant;/k_proj_8/MatMul__a_quant;/k_proj_8/MatMul__w_dequant
mixed_decode,210,__myl_ResMulMea_myl0_210,kgen,UNKNOWN,UNKNOWN,TENSORRT_INTERNAL,__myl_ResMulMea_0x3c91498c3beee36a5653966af1581a8a,1x1x1024,Half,1x1x8x1;1x1x8x128,Half;Half,/Reshape_65;/k_norm_8/Pow;/k_norm_8/ReduceMean
mixed_decode,211,__myl_AddSqrDivMulMulResSliSliNegConMulMulAddConResRepResTra_myl0_211,kgen,UNKNOWN,UNKNOWN,TENSORRT_INTERNAL,__myl_AddSqrDivMulMulResSliSliNegConMulMulAddConResRepResTra_0x5aea462b6a819ceadd3ebb32874c078f,1x8x-1x128;1x1x1x128;1x1x1x128;1x1x1x128;1x1x8x128;1x1x8x1;1;1;1;1;1;1;1;1;1;1;1;1;1;1;1;1;1;1,Half;Half;Half;Half;Half;Half;Int64;Int64;Int64;Int64;Int64;Int64;Int64;Int64;Int64;Int64;Int64;Int64;Int64;Int64;Int64;Int64;Int64;Int64,1x8x-1x128;1x16x128x-1,Half;Half,/k_norm_8/Add;/k_norm_8/Sqrt;/k_norm_8/Mul;/k_norm_8/Mul_1;/Transpose_41;/Slice_34;/Slice_35;/Concat_101;/Mul_76;/Add_33;/Mul_75;/Unsqueeze_189;/Reshape_68;/Transpose_43;/Expand_16;/Concat_102;/Neg_17;/k_norm_8/Div
mixed_decode,212,__mye676970_myl0_212,signal,UNKNOWN,UNKNOWN,NO_KERNEL,NONE,NONE,NONE,NONE,NONE,UNKNOWN
mixed_decode,213,__myl_FcCas_myl0_213,fusion,L8:q_proj,LINEAR,GEMM,sm80_xmma_gemm_i8f32_i8i32_f32_tn_n_tilesize32x64x64_stage6_warpsize2x2x1_tensor16x8x32_by_fusion_tactic,1x1x1024;1x1024x2048,Int8;Int8,1x1x2048,Half,/q_proj_8/MatMul;/q_proj_8/MatMul__a_dequant;/q_proj_8/MatMul__a_quant;/q_proj_8/MatMul__w_dequant
mixed_decode,214,__myl_ResMulMea_myl0_214,kgen,UNKNOWN,UNKNOWN,TENSORRT_INTERNAL,__myl_ResMulMea_0xf2413012cd9ac6341b95d78f3432c656,1x1x2048,Half,1x1x16x1;1x1x16x128,Half;Half,/Reshape_64;/q_norm_8/Pow;/q_norm_8/ReduceMean
mixed_decode,215,__myl_AddSqrDivMulMulResSliSliNegConMulMulAdd_myl0_215,kgen,UNKNOWN,UNKNOWN,TENSORRT_INTERNAL,__myl_AddSqrDivMulMulResSliSliNegConMulMulAdd_0xf1ba08cc3beaba8ee91b0504be9c2cf4,1x1x1x128;1x1x1x128;1x1x1x128;1x1x16x128;1x1x16x1,Half;Half;Half;Half;Half,1x16x1x128,Half,/q_norm_8/Add;/q_norm_8/Sqrt;/q_norm_8/Mul;/q_norm_8/Mul_1;/Transpose_40;/Slice_32;/Slice_33;/Concat_100;/Mul_74;/Add_32;/Mul_73;/Neg_16;/q_norm_8/Div
mixed_decode,216,__mye676972_myl0_216,wait,UNKNOWN,UNKNOWN,NO_KERNEL,NONE,NONE,NONE,NONE,NONE,UNKNOWN
mixed_decode,217,/MatMul_16_myl0_217,gemm,L16:ATTENTION_VALUE,ATTENTION_GEMM,GEMM,sm80_xmma_gemm_f16f16_f16f32_f32_nn_n_tilesize32x32x64_stage6_warpsize2x2x1_tensor16x8x16_aligna2_alignc2,16x1x128;16x128x-1;1;1,Half;Half;Float;Float,16x1x-1,Half,/MatMul_16
mixed_decode,218,__myl_MulMaxSubExpSumDivMul_myl0_218,kgen,UNKNOWN,UNKNOWN,TENSORRT_INTERNAL,__myl_MulMaxSubExpSumDivMul_0x1108f5a078d6e65507c06537b9b2e43f,1x16x1x-1;1;1,Half;Int64;Int64,1x16x1x-1,Half,/Mul_79;/Softmax_8
mixed_decode,219,__mye676976_myl0_219,wait,UNKNOWN,UNKNOWN,NO_KERNEL,NONE,NONE,NONE,NONE,NONE,UNKNOWN
mixed_decode,220,/MatMul_17_myl0_220,gemm,L17:ATTENTION_VALUE,ATTENTION_GEMM,GEMM,sm80_xmma_gemm_f16f16_f16f32_f32_nn_n_tilesize64x128x32_stage5_warpsize2x2x1_tensor16x8x16_aligna2_alignc2,16x1x-1;16x-1x128;1;1,Half;Half;Float;Float,16x1x128,Half,/MatMul_17
mixed_decode,221,__myl_FcAdd_myl0_221,fusion,L8:o_proj,LINEAR,GEMM,sm80_xmma_gemm_f16f16_f16f16_f16_tn_n_tilesize32x32x64_stage6_warpsize2x2x1_tensor16x8x16_by_fusion_tactic,1x1x1024;1x1x2048;1x2048x1024,Half;Half;Half,1x1x1024,Half,/o_proj_8/MatMul;/Add_34
mixed_decode,222,__myl_MulMeaAddSqrDivMulMulMulMinMaxRouCas_myl0_222,kgen,L8:gate_proj,LINEAR,TENSORRT_INTERNAL,__myl_MulMeaAddSqrDivMulMulMulMinMaxRouCas_0xeadba79c8105dff3fdb08ce085e7b12c,1x1x1024;1x1x1024;1x1x1024;1x1x1024,Half;Half;Half;Half,1x1x1024;1x1x1024,Int8;Half,/post_attention_layernorm_8/Pow;/post_attention_layernorm_8/ReduceMean;/post_attention_layernorm_8/Add;/post_attention_layernorm_8/Div;/post_attention_layernorm_8/Sqrt;/post_attention_layernorm_8/Mul;/post_attention_layernorm_8/Mul_1;/gate_proj_8/MatMul__a_quant
mixed_decode,223,/up_proj_8/MatMul_myl0_223,gemm,L8:up_proj,LINEAR,GEMM,sm80_xmma_gemm_f16f16_f16f32_f32_tn_n_tilesize32x32x64_stage6_warpsize2x2x1_tensor16x8x16,1x1x1024;1x1024x3072;1;1,Half;Half;Float;Float,1x1x3072,Half,/up_proj_8/MatMul
mixed_decode,224,__myl_FcCasNegExpAddDivMulMul_myl0_224,fusion,L8:gate_proj,LINEAR,GEMM,sm80_xmma_gemm_i8i8_i8i32_f32_tn_n_tilesize32x64x64_stage6_warpsize2x2x1_tensor16x8x32_by_fusion_tactic,1x1x3072;1x1x1024;1x1024x3072,Half;Int8;Int8,1x1x3072,Half,/gate_proj_8/MatMul;/gate_proj_8/MatMul__a_dequant;/gate_proj_8/MatMul__a_quant;/gate_proj_8/MatMul__w_dequant;/Mul_80;/Mul_81;/Sigmoid_8
mixed_decode,225,__myl_FcAdd_myl0_225,fusion,L8:down_proj,LINEAR,GEMM,sm80_xmma_gemm_f16f16_f16f16_f16_nn_n_tilesize64x128x32_stage5_warpsize2x2x1_tensor16x8x16_by_fusion_tactic,1x1x1024;1x1x3072;1x3072x1024,Half;Half;Half,1x1x1024,Half,/down_proj_8/MatMul;/Add_35
mixed_decode,226,__myl_MulMeaAddSqrDivMulDivMinMaxRouCasDivMinMaxRouCasDivMinMaxRouCas_myl0_226,kgen,L9:q_proj,LINEAR,TENSORRT_INTERNAL,__myl_MulMeaAddSqrDivMulDivMinMaxRouCasDivMinMaxRouCasDivMinMaxRouCas_0x9f2c300bb597625319cadec4728f9bc5,1x1x1024;1x1x1024;1x1x1024;1x1x1024;1x1x1024;1x1x1024,Half;Half;Half;Half;Half;Half,1x1x1024;1x1x1024;1x1x1024,Int8;Int8;Int8,/q_proj_9/MatMul__a_quant;/k_proj_9/MatMul__a_quant;/v_proj_9/MatMul__a_quant;/input_layernorm_9/Mul;/input_layernorm_9/Sqrt;/input_layernorm_9/Div;/input_layernorm_9/Add;/input_layernorm_9/ReduceMean;/input_layernorm_9/Pow
mixed_decode,227,__mye676978_myl0_227,signal,UNKNOWN,UNKNOWN,NO_KERNEL,NONE,NONE,NONE,NONE,NONE,UNKNOWN
mixed_decode,228,__mye676980_myl0_228,wait,UNKNOWN,UNKNOWN,NO_KERNEL,NONE,NONE,NONE,NONE,NONE,UNKNOWN
mixed_decode,229,__myl_FcCas_myl0_229,fusion,L9:v_proj,LINEAR,GEMM,sm80_xmma_gemm_i8f32_i8i32_f32_tn_n_tilesize32x64x64_stage6_warpsize2x2x1_tensor16x8x32_by_fusion_tactic,1x1x1024;1x1024x1024,Int8;Int8,1x1x1024,Half,/v_proj_9/MatMul;/v_proj_9/MatMul__a_dequant;/v_proj_9/MatMul__a_quant;/v_proj_9/MatMul__w_dequant
mixed_decode,230,__myl_ResConResRep_myl0_230,kgen,UNKNOWN,UNKNOWN,TENSORRT_INTERNAL,__myl_ResConResRep_0x9d40828c020eb6bb972be950c35191c1,1x8x-1x128;1x1x1024;1;1;1;1;1;1;1;1;1;1;1;1;1;1,Half;Half;Int64;Int64;Int64;Int64;Int64;Int64;Int64;Int64;Int64;Int64;Int64;Int64;Int64;Int64,1x8x-1x128;1x8x2x-1x128,Half;Half,/Reshape_74;/Transpose_47;/Unsqueeze_216;/Expand_19;/Concat_115
mixed_decode,231,__mye676988_myl0_231,signal,UNKNOWN,UNKNOWN,NO_KERNEL,NONE,NONE,NONE,NONE,NONE,UNKNOWN
mixed_decode,232,__mye676982_myl0_232,wait,UNKNOWN,UNKNOWN,NO_KERNEL,NONE,NONE,NONE,NONE,NONE,UNKNOWN
mixed_decode,233,__myl_FcCas_myl0_233,fusion,L9:k_proj,LINEAR,GEMM,sm80_xmma_gemm_i8f32_i8i32_f32_tn_n_tilesize32x64x64_stage6_warpsize2x2x1_tensor16x8x32_by_fusion_tactic,1x1x1024;1x1024x1024,Int8;Int8,1x1x1024,Half,/k_proj_9/MatMul;/k_proj_9/MatMul__a_dequant;/k_proj_9/MatMul__a_quant;/k_proj_9/MatMul__w_dequant
mixed_decode,234,__myl_ResMulMea_myl0_234,kgen,UNKNOWN,UNKNOWN,TENSORRT_INTERNAL,__myl_ResMulMea_0x3c91498c3beee36a5653966af1581a8a,1x1x1024,Half,1x1x8x1;1x1x8x128,Half;Half,/Reshape_73;/k_norm_9/Pow;/k_norm_9/ReduceMean
mixed_decode,235,__myl_AddSqrDivMulMulResSliSliNegConMulMulAddConResRepResTra_myl0_235,kgen,UNKNOWN,UNKNOWN,TENSORRT_INTERNAL,__myl_AddSqrDivMulMulResSliSliNegConMulMulAddConResRepResTra_0x5aea462b6a819ceadd3ebb32874c078f,1x8x-1x128;1x1x1x128;1x1x1x128;1x1x1x128;1x1x8x128;1x1x8x1;1;1;1;1;1;1;1;1;1;1;1;1;1;1;1;1;1;1,Half;Half;Half;Half;Half;Half;Int64;Int64;Int64;Int64;Int64;Int64;Int64;Int64;Int64;Int64;Int64;Int64;Int64;Int64;Int64;Int64;Int64;Int64,1x8x-1x128;1x16x128x-1,Half;Half,/k_norm_9/Add;/k_norm_9/Sqrt;/k_norm_9/Mul;/k_norm_9/Mul_1;/Transpose_46;/Slice_38;/Slice_39;/Concat_113;/Mul_85;/Add_37;/Mul_84;/Unsqueeze_211;/Reshape_76;/Transpose_48;/Expand_18;/Concat_114;/Neg_19;/k_norm_9/Div
mixed_decode,236,__mye676984_myl0_236,signal,UNKNOWN,UNKNOWN,NO_KERNEL,NONE,NONE,NONE,NONE,NONE,UNKNOWN
mixed_decode,237,__myl_FcCas_myl0_237,fusion,L9:q_proj,LINEAR,GEMM,sm80_xmma_gemm_i8f32_i8i32_f32_tn_n_tilesize32x64x64_stage6_warpsize2x2x1_tensor16x8x32_by_fusion_tactic,1x1x1024;1x1024x2048,Int8;Int8,1x1x2048,Half,/q_proj_9/MatMul;/q_proj_9/MatMul__a_dequant;/q_proj_9/MatMul__a_quant;/q_proj_9/MatMul__w_dequant
mixed_decode,238,__myl_ResMulMea_myl0_238,kgen,UNKNOWN,UNKNOWN,TENSORRT_INTERNAL,__myl_ResMulMea_0xf2413012cd9ac6341b95d78f3432c656,1x1x2048,Half,1x1x16x1;1x1x16x128,Half;Half,/Reshape_72;/q_norm_9/Pow;/q_norm_9/ReduceMean
mixed_decode,239,__myl_AddSqrDivMulMulResSliSliNegConMulMulAdd_myl0_239,kgen,UNKNOWN,UNKNOWN,TENSORRT_INTERNAL,__myl_AddSqrDivMulMulResSliSliNegConMulMulAdd_0xf1ba08cc3beaba8ee91b0504be9c2cf4,1x1x1x128;1x1x1x128;1x1x1x128;1x1x16x128;1x1x16x1,Half;Half;Half;Half;Half,1x16x1x128,Half,/q_norm_9/Add;/q_norm_9/Sqrt;/q_norm_9/Mul;/q_norm_9/Mul_1;/Transpose_45;/Slice_36;/Slice_37;/Concat_112;/Mul_83;/Add_36;/Mul_82;/Neg_18;/q_norm_9/Div
mixed_decode,240,__mye676986_myl0_240,wait,UNKNOWN,UNKNOWN,NO_KERNEL,NONE,NONE,NONE,NONE,NONE,UNKNOWN
mixed_decode,241,/MatMul_18_myl0_241,gemm,L18:ATTENTION_VALUE,ATTENTION_GEMM,GEMM,sm80_xmma_gemm_f16f16_f16f32_f32_nn_n_tilesize32x32x64_stage6_warpsize2x2x1_tensor16x8x16_aligna2_alignc2,16x1x128;16x128x-1;1;1,Half;Half;Float;Float,16x1x-1,Half,/MatMul_18
mixed_decode,242,__myl_MulMaxSubExpSumDivMul_myl0_242,kgen,UNKNOWN,UNKNOWN,TENSORRT_INTERNAL,__myl_MulMaxSubExpSumDivMul_0x1108f5a078d6e65507c06537b9b2e43f,1x16x1x-1;1;1,Half;Int64;Int64,1x16x1x-1,Half,/Mul_88;/Softmax_9
mixed_decode,243,__mye676990_myl0_243,wait,UNKNOWN,UNKNOWN,NO_KERNEL,NONE,NONE,NONE,NONE,NONE,UNKNOWN
mixed_decode,244,/MatMul_19_myl0_244,gemm,L19:ATTENTION_VALUE,ATTENTION_GEMM,GEMM,sm80_xmma_gemm_f16f16_f16f32_f32_nn_n_tilesize64x128x32_stage5_warpsize2x2x1_tensor16x8x16_aligna2_alignc2,16x1x-1;16x-1x128;1;1,Half;Half;Float;Float,16x1x128,Half,/MatMul_19
mixed_decode,245,__myl_MulMinMaxRouCas_myl0_245,kgen,L9:o_proj,LINEAR,TENSORRT_INTERNAL,__myl_MulMinMaxRouCas_0x806abff2303c4adb22dac0953af546a1,16x1x128,Half,16x1x128,Int8,/o_proj_9/MatMul__a_quant
mixed_decode,246,__myl_FcCasAdd_myl0_246,fusion,L9:o_proj,LINEAR,GEMM,sm80_xmma_gemm_i8f32_i8i32_f32_tn_n_tilesize32x64x64_stage6_warpsize2x2x1_tensor16x8x32_by_fusion_tactic,1x1x1024;1x1x2048;1x2048x1024,Half;Int8;Int8,1x1x1024,Half,/o_proj_9/MatMul;/o_proj_9/MatMul__a_dequant;/o_proj_9/MatMul__a_quant;/o_proj_9/MatMul__w_dequant;/Add_38
mixed_decode,247,__myl_MulMeaAddSqrDivMulMulMulMinMaxRouCas_myl0_247,kgen,L9:gate_proj,LINEAR,TENSORRT_INTERNAL,__myl_MulMeaAddSqrDivMulMulMulMinMaxRouCas_0xa03da8bd0547b3997e4af5d64a9f7047,1x1x1024;1x1x1024;1x1x1024;1x1x1024,Half;Half;Half;Half,1x1x1024;1x1x1024,Int8;Half,/post_attention_layernorm_9/Pow;/post_attention_layernorm_9/ReduceMean;/post_attention_layernorm_9/Add;/post_attention_layernorm_9/Div;/post_attention_layernorm_9/Sqrt;/post_attention_layernorm_9/Mul;/post_attention_layernorm_9/Mul_1;/gate_proj_9/MatMul__a_quant
mixed_decode,248,/up_proj_9/MatMul_myl0_248,gemm,L9:up_proj,LINEAR,GEMM,sm80_xmma_gemm_f16f16_f16f16_f16_tn_n_tilesize32x32x64_stage6_warpsize2x2x1_tensor16x8x16,1x1x1024;1x1024x3072;1;1,Half;Half;Float;Float,1x1x3072,Half,/up_proj_9/MatMul
mixed_decode,249,__myl_FcCasNegExpAddDivMulMul_myl0_249,fusion,L9:gate_proj,LINEAR,GEMM,sm80_xmma_gemm_i8i8_i8i32_f32_tn_n_tilesize32x64x64_stage6_warpsize2x2x1_tensor16x8x32_by_fusion_tactic,1x1x3072;1x1x1024;1x1024x3072,Half;Int8;Int8,1x1x3072,Half,/gate_proj_9/MatMul;/gate_proj_9/MatMul__a_dequant;/gate_proj_9/MatMul__a_quant;/gate_proj_9/MatMul__w_dequant;/Mul_89;/Mul_90;/Sigmoid_9
mixed_decode,250,__myl_FcAdd_myl0_250,fusion,L9:down_proj,LINEAR,GEMM,sm80_xmma_gemm_f16f16_f16f16_f16_nn_n_tilesize64x128x32_stage5_warpsize2x2x1_tensor16x8x16_by_fusion_tactic,1x1x1024;1x1x3072;1x3072x1024,Half;Half;Half,1x1x1024,Half,/down_proj_9/MatMul;/Add_39
mixed_decode,251,__myl_MulMeaAddSqrDivMulDivMinMaxRouCasDivMinMaxRouCasDivMinMaxRouCas_myl0_251,kgen,L10:q_proj,LINEAR,TENSORRT_INTERNAL,__myl_MulMeaAddSqrDivMulDivMinMaxRouCasDivMinMaxRouCasDivMinMaxRouCas_0x9f2c300bb597625319cadec4728f9bc5,1x1x1024;1x1x1024;1x1x1024;1x1x1024;1x1x1024;1x1x1024,Half;Half;Half;Half;Half;Half,1x1x1024;1x1x1024;1x1x1024,Int8;Int8;Int8,/q_proj_10/MatMul__a_quant;/k_proj_10/MatMul__a_quant;/v_proj_10/MatMul__a_quant;/input_layernorm_10/Mul;/input_layernorm_10/Sqrt;/input_layernorm_10/Div;/input_layernorm_10/Add;/input_layernorm_10/ReduceMean;/input_layernorm_10/Pow
mixed_decode,252,__mye676992_myl0_252,signal,UNKNOWN,UNKNOWN,NO_KERNEL,NONE,NONE,NONE,NONE,NONE,UNKNOWN
mixed_decode,253,__mye676994_myl0_253,wait,UNKNOWN,UNKNOWN,NO_KERNEL,NONE,NONE,NONE,NONE,NONE,UNKNOWN
mixed_decode,254,__myl_FcCas_myl0_254,fusion,L10:v_proj,LINEAR,GEMM,sm80_xmma_gemm_i8f32_i8i32_f32_tn_n_tilesize32x64x64_stage6_warpsize2x2x1_tensor16x8x32_by_fusion_tactic,1x1x1024;1x1024x1024,Int8;Int8,1x1x1024,Half,/v_proj_10/MatMul;/v_proj_10/MatMul__a_dequant;/v_proj_10/MatMul__a_quant;/v_proj_10/MatMul__w_dequant
mixed_decode,255,__myl_ResConResRep_myl0_255,kgen,UNKNOWN,UNKNOWN,TENSORRT_INTERNAL,__myl_ResConResRep_0x9d40828c020eb6bb972be950c35191c1,1x8x-1x128;1x1x1024;1;1;1;1;1;1;1;1;1;1;1;1;1;1,Half;Half;Int64;Int64;Int64;Int64;Int64;Int64;Int64;Int64;Int64;Int64;Int64;Int64;Int64;Int64,1x8x-1x128;1x8x2x-1x128,Half;Half,/Reshape_82;/Transpose_52;/Unsqueeze_238;/Expand_21;/Concat_127
mixed_decode,256,__mye677002_myl0_256,signal,UNKNOWN,UNKNOWN,NO_KERNEL,NONE,NONE,NONE,NONE,NONE,UNKNOWN
mixed_decode,257,__mye676996_myl0_257,wait,UNKNOWN,UNKNOWN,NO_KERNEL,NONE,NONE,NONE,NONE,NONE,UNKNOWN
mixed_decode,258,__myl_FcCas_myl0_258,fusion,L10:k_proj,LINEAR,GEMM,sm80_xmma_gemm_i8f32_i8i32_f32_tn_n_tilesize32x64x64_stage6_warpsize2x2x1_tensor16x8x32_by_fusion_tactic,1x1x1024;1x1024x1024,Int8;Int8,1x1x1024,Half,/k_proj_10/MatMul;/k_proj_10/MatMul__a_dequant;/k_proj_10/MatMul__a_quant;/k_proj_10/MatMul__w_dequant
mixed_decode,259,__myl_ResMulMea_myl0_259,kgen,UNKNOWN,UNKNOWN,TENSORRT_INTERNAL,__myl_ResMulMea_0x3c91498c3beee36a5653966af1581a8a,1x1x1024,Half,1x1x8x1;1x1x8x128,Half;Half,/Reshape_81;/k_norm_10/Pow;/k_norm_10/ReduceMean
mixed_decode,260,__myl_AddSqrDivMulMulResSliSliNegConMulMulAddConResRepResTra_myl0_260,kgen,UNKNOWN,UNKNOWN,TENSORRT_INTERNAL,__myl_AddSqrDivMulMulResSliSliNegConMulMulAddConResRepResTra_0x5aea462b6a819ceadd3ebb32874c078f,1x8x-1x128;1x1x1x128;1x1x1x128;1x1x1x128;1x1x8x128;1x1x8x1;1;1;1;1;1;1;1;1;1;1;1;1;1;1;1;1;1;1,Half;Half;Half;Half;Half;Half;Int64;Int64;Int64;Int64;Int64;Int64;Int64;Int64;Int64;Int64;Int64;Int64;Int64;Int64;Int64;Int64;Int64;Int64,1x8x-1x128;1x16x128x-1,Half;Half,/k_norm_10/Add;/k_norm_10/Sqrt;/k_norm_10/Mul;/k_norm_10/Mul_1;/Transpose_51;/Slice_42;/Slice_43;/Concat_125;/Mul_94;/Add_41;/Mul_93;/Unsqueeze_233;/Reshape_84;/Transpose_53;/Expand_20;/Concat_126;/Neg_21;/k_norm_10/Div
mixed_decode,261,__mye676998_myl0_261,signal,UNKNOWN,UNKNOWN,NO_KERNEL,NONE,NONE,NONE,NONE,NONE,UNKNOWN
mixed_decode,262,__myl_FcCas_myl0_262,fusion,L10:q_proj,LINEAR,GEMM,sm80_xmma_gemm_i8f32_i8i32_f32_tn_n_tilesize32x64x64_stage6_warpsize2x2x1_tensor16x8x32_by_fusion_tactic,1x1x1024;1x1024x2048,Int8;Int8,1x1x2048,Half,/q_proj_10/MatMul;/q_proj_10/MatMul__a_dequant;/q_proj_10/MatMul__a_quant;/q_proj_10/MatMul__w_dequant
mixed_decode,263,__myl_ResMulMea_myl0_263,kgen,UNKNOWN,UNKNOWN,TENSORRT_INTERNAL,__myl_ResMulMea_0xf2413012cd9ac6341b95d78f3432c656,1x1x2048,Half,1x1x16x1;1x1x16x128,Half;Half,/Reshape_80;/q_norm_10/Pow;/q_norm_10/ReduceMean
mixed_decode,264,__myl_AddSqrDivMulMulResSliSliNegConMulMulAdd_myl0_264,kgen,UNKNOWN,UNKNOWN,TENSORRT_INTERNAL,__myl_AddSqrDivMulMulResSliSliNegConMulMulAdd_0xf1ba08cc3beaba8ee91b0504be9c2cf4,1x1x1x128;1x1x1x128;1x1x1x128;1x1x16x128;1x1x16x1,Half;Half;Half;Half;Half,1x16x1x128,Half,/q_norm_10/Add;/q_norm_10/Sqrt;/q_norm_10/Mul;/q_norm_10/Mul_1;/Transpose_50;/Slice_40;/Slice_41;/Concat_124;/Mul_92;/Add_40;/Mul_91;/Neg_20;/q_norm_10/Div
mixed_decode,265,__mye677000_myl0_265,wait,UNKNOWN,UNKNOWN,NO_KERNEL,NONE,NONE,NONE,NONE,NONE,UNKNOWN
mixed_decode,266,/MatMul_20_myl0_266,gemm,L20:ATTENTION_VALUE,ATTENTION_GEMM,GEMM,sm80_xmma_gemm_f16f16_f16f32_f32_nn_n_tilesize32x32x64_stage6_warpsize2x2x1_tensor16x8x16_aligna2_alignc2,16x1x128;16x128x-1;1;1,Half;Half;Float;Float,16x1x-1,Half,/MatMul_20
mixed_decode,267,__myl_MulMaxSubExpSumDivMul_myl0_267,kgen,UNKNOWN,UNKNOWN,TENSORRT_INTERNAL,__myl_MulMaxSubExpSumDivMul_0x1108f5a078d6e65507c06537b9b2e43f,1x16x1x-1;1;1,Half;Int64;Int64,1x16x1x-1,Half,/Mul_97;/Softmax_10
mixed_decode,268,__mye677004_myl0_268,wait,UNKNOWN,UNKNOWN,NO_KERNEL,NONE,NONE,NONE,NONE,NONE,UNKNOWN
mixed_decode,269,/MatMul_21_myl0_269,gemm,L21:ATTENTION_VALUE,ATTENTION_GEMM,GEMM,sm80_xmma_gemm_f16f16_f16f32_f32_nn_n_tilesize64x128x32_stage5_warpsize2x2x1_tensor16x8x16_aligna2_alignc2,16x1x-1;16x-1x128;1;1,Half;Half;Float;Float,16x1x128,Half,/MatMul_21
mixed_decode,270,__myl_MulMinMaxRouCas_myl0_270,kgen,L10:o_proj,LINEAR,TENSORRT_INTERNAL,__myl_MulMinMaxRouCas_0xfffd234660cce4d6758da70fc32eeb17,16x1x128,Half,16x1x128,Int8,/o_proj_10/MatMul__a_quant
mixed_decode,271,__myl_FcCasAdd_myl0_271,fusion,L10:o_proj,LINEAR,GEMM,sm80_xmma_gemm_i8f32_i8i32_f32_tn_n_tilesize32x64x64_stage6_warpsize2x2x1_tensor16x8x32_by_fusion_tactic,1x1x1024;1x1x2048;1x2048x1024,Half;Int8;Int8,1x1x1024,Half,/o_proj_10/MatMul;/o_proj_10/MatMul__a_dequant;/o_proj_10/MatMul__a_quant;/o_proj_10/MatMul__w_dequant;/Add_42
mixed_decode,272,__myl_MulMeaAddSqrDivMulMulMulMinMaxRouCas_myl0_272,kgen,L10:gate_proj,LINEAR,TENSORRT_INTERNAL,__myl_MulMeaAddSqrDivMulMulMulMinMaxRouCas_0xbc9bffbf2b5683589f7ee804485f8f6c,1x1x1024;1x1x1024;1x1x1024;1x1x1024,Half;Half;Half;Half,1x1x1024;1x1x1024,Int8;Half,/post_attention_layernorm_10/Pow;/post_attention_layernorm_10/ReduceMean;/post_attention_layernorm_10/Add;/post_attention_layernorm_10/Div;/post_attention_layernorm_10/Sqrt;/post_attention_layernorm_10/Mul;/post_attention_layernorm_10/Mul_1;/gate_proj_10/MatMul__a_quant
mixed_decode,273,/up_proj_10/MatMul_myl0_273,gemm,L10:up_proj,LINEAR,GEMM,sm80_xmma_gemm_f16f16_f16f16_f16_tn_n_tilesize32x32x64_stage6_warpsize2x2x1_tensor16x8x16,1x1x1024;1x1024x3072;1;1,Half;Half;Float;Float,1x1x3072,Half,/up_proj_10/MatMul
mixed_decode,274,__myl_FcCasNegExpAddDivMulMul_myl0_274,fusion,L10:gate_proj,LINEAR,GEMM,sm80_xmma_gemm_i8i8_i8i32_f32_tn_n_tilesize32x64x64_stage6_warpsize2x2x1_tensor16x8x32_by_fusion_tactic,1x1x3072;1x1x1024;1x1024x3072,Half;Int8;Int8,1x1x3072,Half,/gate_proj_10/MatMul;/gate_proj_10/MatMul__a_dequant;/gate_proj_10/MatMul__a_quant;/gate_proj_10/MatMul__w_dequant;/Mul_98;/Mul_99;/Sigmoid_10
mixed_decode,275,__myl_FcAdd_myl0_275,fusion,L10:down_proj,LINEAR,GEMM,sm80_xmma_gemm_f16f16_f16f16_f16_nn_n_tilesize64x128x32_stage5_warpsize2x2x1_tensor16x8x16_by_fusion_tactic,1x1x1024;1x1x3072;1x3072x1024,Half;Half;Half,1x1x1024,Half,/down_proj_10/MatMul;/Add_43
mixed_decode,276,__myl_MulMeaAddSqrDivMulDivMinMaxRouCasDivMinMaxRouCasDivMinMaxRouCas_myl0_276,kgen,L11:q_proj,LINEAR,TENSORRT_INTERNAL,__myl_MulMeaAddSqrDivMulDivMinMaxRouCasDivMinMaxRouCasDivMinMaxRouCas_0x9f2c300bb597625319cadec4728f9bc5,1x1x1024;1x1x1024;1x1x1024;1x1x1024;1x1x1024;1x1x1024,Half;Half;Half;Half;Half;Half,1x1x1024;1x1x1024;1x1x1024,Int8;Int8;Int8,/q_proj_11/MatMul__a_quant;/k_proj_11/MatMul__a_quant;/v_proj_11/MatMul__a_quant;/input_layernorm_11/Mul;/input_layernorm_11/Sqrt;/input_layernorm_11/Div;/input_layernorm_11/Add;/input_layernorm_11/ReduceMean;/input_layernorm_11/Pow
mixed_decode,277,__mye677006_myl0_277,signal,UNKNOWN,UNKNOWN,NO_KERNEL,NONE,NONE,NONE,NONE,NONE,UNKNOWN
mixed_decode,278,__mye677008_myl0_278,wait,UNKNOWN,UNKNOWN,NO_KERNEL,NONE,NONE,NONE,NONE,NONE,UNKNOWN
mixed_decode,279,__myl_FcCas_myl0_279,fusion,L11:v_proj,LINEAR,GEMM,sm80_xmma_gemm_i8f32_i8i32_f32_tn_n_tilesize32x64x64_stage6_warpsize2x2x1_tensor16x8x32_by_fusion_tactic,1x1x1024;1x1024x1024,Int8;Int8,1x1x1024,Half,/v_proj_11/MatMul;/v_proj_11/MatMul__a_dequant;/v_proj_11/MatMul__a_quant;/v_proj_11/MatMul__w_dequant
mixed_decode,280,__myl_ResConResRep_myl0_280,kgen,UNKNOWN,UNKNOWN,TENSORRT_INTERNAL,__myl_ResConResRep_0x9d40828c020eb6bb972be950c35191c1,1x8x-1x128;1x1x1024;1;1;1;1;1;1;1;1;1;1;1;1;1;1,Half;Half;Int64;Int64;Int64;Int64;Int64;Int64;Int64;Int64;Int64;Int64;Int64;Int64;Int64;Int64,1x8x-1x128;1x8x2x-1x128,Half;Half,/Reshape_90;/Transpose_57;/Unsqueeze_260;/Expand_23;/Concat_139
mixed_decode,281,__mye677016_myl0_281,signal,UNKNOWN,UNKNOWN,NO_KERNEL,NONE,NONE,NONE,NONE,NONE,UNKNOWN
mixed_decode,282,__mye677010_myl0_282,wait,UNKNOWN,UNKNOWN,NO_KERNEL,NONE,NONE,NONE,NONE,NONE,UNKNOWN
mixed_decode,283,__myl_FcCas_myl0_283,fusion,L11:k_proj,LINEAR,GEMM,sm80_xmma_gemm_i8f32_i8i32_f32_tn_n_tilesize32x64x64_stage6_warpsize2x2x1_tensor16x8x32_by_fusion_tactic,1x1x1024;1x1024x1024,Int8;Int8,1x1x1024,Half,/k_proj_11/MatMul;/k_proj_11/MatMul__a_dequant;/k_proj_11/MatMul__a_quant;/k_proj_11/MatMul__w_dequant
mixed_decode,284,__myl_ResMulMea_myl0_284,kgen,UNKNOWN,UNKNOWN,TENSORRT_INTERNAL,__myl_ResMulMea_0x3c91498c3beee36a5653966af1581a8a,1x1x1024,Half,1x1x8x1;1x1x8x128,Half;Half,/Reshape_89;/k_norm_11/Pow;/k_norm_11/ReduceMean
mixed_decode,285,__myl_AddSqrDivMulMulResSliSliNegConMulMulAddConResRepResTra_myl0_285,kgen,UNKNOWN,UNKNOWN,TENSORRT_INTERNAL,__myl_AddSqrDivMulMulResSliSliNegConMulMulAddConResRepResTra_0x5aea462b6a819ceadd3ebb32874c078f,1x8x-1x128;1x1x1x128;1x1x1x128;1x1x1x128;1x1x8x128;1x1x8x1;1;1;1;1;1;1;1;1;1;1;1;1;1;1;1;1;1;1,Half;Half;Half;Half;Half;Half;Int64;Int64;Int64;Int64;Int64;Int64;Int64;Int64;Int64;Int64;Int64;Int64;Int64;Int64;Int64;Int64;Int64;Int64,1x8x-1x128;1x16x128x-1,Half;Half,/k_norm_11/Add;/k_norm_11/Sqrt;/k_norm_11/Mul;/k_norm_11/Mul_1;/Transpose_56;/Slice_46;/Slice_47;/Concat_137;/Mul_103;/Add_45;/Mul_102;/Unsqueeze_255;/Reshape_92;/Transpose_58;/Expand_22;/Concat_138;/Neg_23;/k_norm_11/Div
mixed_decode,286,__mye677012_myl0_286,signal,UNKNOWN,UNKNOWN,NO_KERNEL,NONE,NONE,NONE,NONE,NONE,UNKNOWN
mixed_decode,287,__myl_FcCas_myl0_287,fusion,L11:q_proj,LINEAR,GEMM,sm80_xmma_gemm_i8f32_i8i32_f32_tn_n_tilesize32x64x64_stage6_warpsize2x2x1_tensor16x8x32_by_fusion_tactic,1x1x1024;1x1024x2048,Int8;Int8,1x1x2048,Half,/q_proj_11/MatMul;/q_proj_11/MatMul__a_dequant;/q_proj_11/MatMul__a_quant;/q_proj_11/MatMul__w_dequant
mixed_decode,288,__myl_ResMulMea_myl0_288,kgen,UNKNOWN,UNKNOWN,TENSORRT_INTERNAL,__myl_ResMulMea_0xf2413012cd9ac6341b95d78f3432c656,1x1x2048,Half,1x1x16x1;1x1x16x128,Half;Half,/Reshape_88;/q_norm_11/Pow;/q_norm_11/ReduceMean
mixed_decode,289,__myl_AddSqrDivMulMulResSliSliNegConMulMulAdd_myl0_289,kgen,UNKNOWN,UNKNOWN,TENSORRT_INTERNAL,__myl_AddSqrDivMulMulResSliSliNegConMulMulAdd_0xf1ba08cc3beaba8ee91b0504be9c2cf4,1x1x1x128;1x1x1x128;1x1x1x128;1x1x16x128;1x1x16x1,Half;Half;Half;Half;Half,1x16x1x128,Half,/q_norm_11/Add;/q_norm_11/Sqrt;/q_norm_11/Mul;/q_norm_11/Mul_1;/Transpose_55;/Slice_44;/Slice_45;/Concat_136;/Mul_101;/Add_44;/Mul_100;/Neg_22;/q_norm_11/Div
mixed_decode,290,__mye677014_myl0_290,wait,UNKNOWN,UNKNOWN,NO_KERNEL,NONE,NONE,NONE,NONE,NONE,UNKNOWN
mixed_decode,291,/MatMul_22_myl0_291,gemm,L22:ATTENTION_VALUE,ATTENTION_GEMM,GEMM,sm80_xmma_gemm_f16f16_f16f32_f32_nn_n_tilesize32x32x64_stage6_warpsize2x2x1_tensor16x8x16_aligna2_alignc2,16x1x128;16x128x-1;1;1,Half;Half;Float;Float,16x1x-1,Half,/MatMul_22
mixed_decode,292,__myl_MulMaxSubExpSumDivMul_myl0_292,kgen,UNKNOWN,UNKNOWN,TENSORRT_INTERNAL,__myl_MulMaxSubExpSumDivMul_0x1108f5a078d6e65507c06537b9b2e43f,1x16x1x-1;1;1,Half;Int64;Int64,1x16x1x-1,Half,/Mul_106;/Softmax_11
mixed_decode,293,__mye677018_myl0_293,wait,UNKNOWN,UNKNOWN,NO_KERNEL,NONE,NONE,NONE,NONE,NONE,UNKNOWN
mixed_decode,294,/MatMul_23_myl0_294,gemm,L23:ATTENTION_VALUE,ATTENTION_GEMM,GEMM,sm80_xmma_gemm_f16f16_f16f32_f32_nn_n_tilesize64x128x32_stage5_warpsize2x2x1_tensor16x8x16_aligna2_alignc2,16x1x-1;16x-1x128;1;1,Half;Half;Float;Float,16x1x128,Half,/MatMul_23
mixed_decode,295,__myl_MulMinMaxRouCas_myl0_295,kgen,L11:o_proj,LINEAR,TENSORRT_INTERNAL,__myl_MulMinMaxRouCas_0x7c03f425cd0cc19febc97cb69c1f2cdb,16x1x128,Half,16x1x128,Int8,/o_proj_11/MatMul__a_quant
mixed_decode,296,__myl_FcCasAdd_myl0_296,fusion,L11:o_proj,LINEAR,GEMM,sm80_xmma_gemm_i8f32_i8i32_f32_tn_n_tilesize32x64x64_stage6_warpsize2x2x1_tensor16x8x32_by_fusion_tactic,1x1x1024;1x1x2048;1x2048x1024,Half;Int8;Int8,1x1x1024,Half,/o_proj_11/MatMul;/o_proj_11/MatMul__a_dequant;/o_proj_11/MatMul__a_quant;/o_proj_11/MatMul__w_dequant;/Add_46
mixed_decode,297,__myl_MulMeaAddSqrDivMulMulMulMinMaxRouCas_myl0_297,kgen,L11:gate_proj,LINEAR,TENSORRT_INTERNAL,__myl_MulMeaAddSqrDivMulMulMulMinMaxRouCas_0xcf81b38212e8f296e353aae060904a23,1x1x1024;1x1x1024;1x1x1024;1x1x1024,Half;Half;Half;Half,1x1x1024;1x1x1024,Int8;Half,/post_attention_layernorm_11/Pow;/post_attention_layernorm_11/ReduceMean;/post_attention_layernorm_11/Add;/post_attention_layernorm_11/Div;/post_attention_layernorm_11/Sqrt;/post_attention_layernorm_11/Mul;/post_attention_layernorm_11/Mul_1;/gate_proj_11/MatMul__a_quant
mixed_decode,298,/up_proj_11/MatMul_myl0_298,gemm,L11:up_proj,LINEAR,GEMM,sm80_xmma_gemm_f16f16_f16f16_f16_tn_n_tilesize32x32x64_stage6_warpsize2x2x1_tensor16x8x16,1x1x1024;1x1024x3072;1;1,Half;Half;Float;Float,1x1x3072,Half,/up_proj_11/MatMul
mixed_decode,299,__myl_FcCasNegExpAddDivMulMul_myl0_299,fusion,L11:gate_proj,LINEAR,GEMM,sm80_xmma_gemm_i8i8_i8i32_f32_tn_n_tilesize32x64x64_stage6_warpsize2x2x1_tensor16x8x32_by_fusion_tactic,1x1x3072;1x1x1024;1x1024x3072,Half;Int8;Int8,1x1x3072,Half,/gate_proj_11/MatMul;/gate_proj_11/MatMul__a_dequant;/gate_proj_11/MatMul__a_quant;/gate_proj_11/MatMul__w_dequant;/Mul_107;/Mul_108;/Sigmoid_11
mixed_decode,300,__myl_FcAdd_myl0_300,fusion,L11:down_proj,LINEAR,GEMM,sm80_xmma_gemm_f16f16_f16f16_f16_nn_n_tilesize64x128x32_stage5_warpsize2x2x1_tensor16x8x16_by_fusion_tactic,1x1x1024;1x1x3072;1x3072x1024,Half;Half;Half,1x1x1024,Half,/down_proj_11/MatMul;/Add_47
mixed_decode,301,__myl_MulMeaAddSqrDivMulDivMinMaxRouCasDivMinMaxRouCasDivMinMaxRouCas_myl0_301,kgen,L12:q_proj,LINEAR,TENSORRT_INTERNAL,__myl_MulMeaAddSqrDivMulDivMinMaxRouCasDivMinMaxRouCasDivMinMaxRouCas_0x9f2c300bb597625319cadec4728f9bc5,1x1x1024;1x1x1024;1x1x1024;1x1x1024;1x1x1024;1x1x1024,Half;Half;Half;Half;Half;Half,1x1x1024;1x1x1024;1x1x1024,Int8;Int8;Int8,/q_proj_12/MatMul__a_quant;/k_proj_12/MatMul__a_quant;/v_proj_12/MatMul__a_quant;/input_layernorm_12/Mul;/input_layernorm_12/Sqrt;/input_layernorm_12/Div;/input_layernorm_12/Add;/input_layernorm_12/ReduceMean;/input_layernorm_12/Pow
mixed_decode,302,__mye677020_myl0_302,signal,UNKNOWN,UNKNOWN,NO_KERNEL,NONE,NONE,NONE,NONE,NONE,UNKNOWN
mixed_decode,303,__mye677022_myl0_303,wait,UNKNOWN,UNKNOWN,NO_KERNEL,NONE,NONE,NONE,NONE,NONE,UNKNOWN
mixed_decode,304,__myl_FcCas_myl0_304,fusion,L12:v_proj,LINEAR,GEMM,sm80_xmma_gemm_i8f32_i8i32_f32_tn_n_tilesize32x64x64_stage6_warpsize2x2x1_tensor16x8x32_by_fusion_tactic,1x1x1024;1x1024x1024,Int8;Int8,1x1x1024,Half,/v_proj_12/MatMul;/v_proj_12/MatMul__a_dequant;/v_proj_12/MatMul__a_quant;/v_proj_12/MatMul__w_dequant
mixed_decode,305,__myl_ResConResRep_myl0_305,kgen,UNKNOWN,UNKNOWN,TENSORRT_INTERNAL,__myl_ResConResRep_0x9d40828c020eb6bb972be950c35191c1,1x8x-1x128;1x1x1024;1;1;1;1;1;1;1;1;1;1;1;1;1;1,Half;Half;Int64;Int64;Int64;Int64;Int64;Int64;Int64;Int64;Int64;Int64;Int64;Int64;Int64;Int64,1x8x-1x128;1x8x2x-1x128,Half;Half,/Reshape_98;/Transpose_62;/Unsqueeze_282;/Expand_25;/Concat_151
mixed_decode,306,__mye677030_myl0_306,signal,UNKNOWN,UNKNOWN,NO_KERNEL,NONE,NONE,NONE,NONE,NONE,UNKNOWN
mixed_decode,307,__mye677024_myl0_307,wait,UNKNOWN,UNKNOWN,NO_KERNEL,NONE,NONE,NONE,NONE,NONE,UNKNOWN
mixed_decode,308,__myl_FcCas_myl0_308,fusion,L12:k_proj,LINEAR,GEMM,sm80_xmma_gemm_i8f32_i8i32_f32_tn_n_tilesize32x64x64_stage6_warpsize2x2x1_tensor16x8x32_by_fusion_tactic,1x1x1024;1x1024x1024,Int8;Int8,1x1x1024,Half,/k_proj_12/MatMul;/k_proj_12/MatMul__a_dequant;/k_proj_12/MatMul__a_quant;/k_proj_12/MatMul__w_dequant
mixed_decode,309,__myl_ResMulMea_myl0_309,kgen,UNKNOWN,UNKNOWN,TENSORRT_INTERNAL,__myl_ResMulMea_0x3c91498c3beee36a5653966af1581a8a,1x1x1024,Half,1x1x8x1;1x1x8x128,Half;Half,/Reshape_97;/k_norm_12/Pow;/k_norm_12/ReduceMean
mixed_decode,310,__myl_AddSqrDivMulMulResSliSliNegConMulMulAddConResRepResTra_myl0_310,kgen,UNKNOWN,UNKNOWN,TENSORRT_INTERNAL,__myl_AddSqrDivMulMulResSliSliNegConMulMulAddConResRepResTra_0x5aea462b6a819ceadd3ebb32874c078f,1x8x-1x128;1x1x1x128;1x1x1x128;1x1x1x128;1x1x8x128;1x1x8x1;1;1;1;1;1;1;1;1;1;1;1;1;1;1;1;1;1;1,Half;Half;Half;Half;Half;Half;Int64;Int64;Int64;Int64;Int64;Int64;Int64;Int64;Int64;Int64;Int64;Int64;Int64;Int64;Int64;Int64;Int64;Int64,1x8x-1x128;1x16x128x-1,Half;Half,/k_norm_12/Add;/k_norm_12/Sqrt;/k_norm_12/Mul;/k_norm_12/Mul_1;/Transpose_61;/Slice_50;/Slice_51;/Concat_149;/Mul_112;/Add_49;/Mul_111;/Unsqueeze_277;/Reshape_100;/Transpose_63;/Expand_24;/Concat_150;/Neg_25;/k_norm_12/Div
mixed_decode,311,__mye677026_myl0_311,signal,UNKNOWN,UNKNOWN,NO_KERNEL,NONE,NONE,NONE,NONE,NONE,UNKNOWN
mixed_decode,312,__myl_FcCas_myl0_312,fusion,L12:q_proj,LINEAR,GEMM,sm80_xmma_gemm_i8f32_i8i32_f32_tn_n_tilesize32x64x64_stage6_warpsize2x2x1_tensor16x8x32_by_fusion_tactic,1x1x1024;1x1024x2048,Int8;Int8,1x1x2048,Half,/q_proj_12/MatMul;/q_proj_12/MatMul__a_dequant;/q_proj_12/MatMul__a_quant;/q_proj_12/MatMul__w_dequant
mixed_decode,313,__myl_ResMulMea_myl0_313,kgen,UNKNOWN,UNKNOWN,TENSORRT_INTERNAL,__myl_ResMulMea_0xf2413012cd9ac6341b95d78f3432c656,1x1x2048,Half,1x1x16x1;1x1x16x128,Half;Half,/Reshape_96;/q_norm_12/Pow;/q_norm_12/ReduceMean
mixed_decode,314,__myl_AddSqrDivMulMulResSliSliNegConMulMulAdd_myl0_314,kgen,UNKNOWN,UNKNOWN,TENSORRT_INTERNAL,__myl_AddSqrDivMulMulResSliSliNegConMulMulAdd_0xf1ba08cc3beaba8ee91b0504be9c2cf4,1x1x1x128;1x1x1x128;1x1x1x128;1x1x16x128;1x1x16x1,Half;Half;Half;Half;Half,1x16x1x128,Half,/q_norm_12/Add;/q_norm_12/Sqrt;/q_norm_12/Mul;/q_norm_12/Mul_1;/Transpose_60;/Slice_48;/Slice_49;/Concat_148;/Mul_110;/Add_48;/Mul_109;/Neg_24;/q_norm_12/Div
mixed_decode,315,__mye677028_myl0_315,wait,UNKNOWN,UNKNOWN,NO_KERNEL,NONE,NONE,NONE,NONE,NONE,UNKNOWN
mixed_decode,316,/MatMul_24_myl0_316,gemm,L24:ATTENTION_VALUE,ATTENTION_GEMM,GEMM,sm80_xmma_gemm_f16f16_f16f32_f32_nn_n_tilesize32x32x64_stage6_warpsize2x2x1_tensor16x8x16_aligna2_alignc2,16x1x128;16x128x-1;1;1,Half;Half;Float;Float,16x1x-1,Half,/MatMul_24
mixed_decode,317,__myl_MulMaxSubExpSumDivMul_myl0_317,kgen,UNKNOWN,UNKNOWN,TENSORRT_INTERNAL,__myl_MulMaxSubExpSumDivMul_0x1108f5a078d6e65507c06537b9b2e43f,1x16x1x-1;1;1,Half;Int64;Int64,1x16x1x-1,Half,/Mul_115;/Softmax_12
mixed_decode,318,__mye677032_myl0_318,wait,UNKNOWN,UNKNOWN,NO_KERNEL,NONE,NONE,NONE,NONE,NONE,UNKNOWN
mixed_decode,319,/MatMul_25_myl0_319,gemm,L25:ATTENTION_VALUE,ATTENTION_GEMM,GEMM,sm80_xmma_gemm_f16f16_f16f32_f32_nn_n_tilesize64x128x32_stage5_warpsize2x2x1_tensor16x8x16_aligna2_alignc2,16x1x-1;16x-1x128;1;1,Half;Half;Float;Float,16x1x128,Half,/MatMul_25
mixed_decode,320,__myl_MulMinMaxRouCas_myl0_320,kgen,L12:o_proj,LINEAR,TENSORRT_INTERNAL,__myl_MulMinMaxRouCas_0x1fb837ee240f07d62ca7b72c8a105b6f,16x1x128,Half,16x1x128,Int8,/o_proj_12/MatMul__a_quant
mixed_decode,321,__myl_FcCasAdd_myl0_321,fusion,L12:o_proj,LINEAR,GEMM,sm80_xmma_gemm_i8f32_i8i32_f32_tn_n_tilesize32x64x64_stage6_warpsize2x2x1_tensor16x8x32_by_fusion_tactic,1x1x1024;1x1x2048;1x2048x1024,Half;Int8;Int8,1x1x1024,Half,/o_proj_12/MatMul;/o_proj_12/MatMul__a_dequant;/o_proj_12/MatMul__a_quant;/o_proj_12/MatMul__w_dequant;/Add_50
mixed_decode,322,__myl_MulMeaAddSqrDivMulMulMulMinMaxRouCas_myl0_322,kgen,L12:gate_proj,LINEAR,TENSORRT_INTERNAL,__myl_MulMeaAddSqrDivMulMulMulMinMaxRouCas_0xcf81b38212e8f296e353aae060904a23,1x1x1024;1x1x1024;1x1x1024;1x1x1024,Half;Half;Half;Half,1x1x1024;1x1x1024,Int8;Half,/post_attention_layernorm_12/Pow;/post_attention_layernorm_12/ReduceMean;/post_attention_layernorm_12/Add;/post_attention_layernorm_12/Div;/post_attention_layernorm_12/Sqrt;/post_attention_layernorm_12/Mul;/post_attention_layernorm_12/Mul_1;/gate_proj_12/MatMul__a_quant
mixed_decode,323,/up_proj_12/MatMul_myl0_323,gemm,L12:up_proj,LINEAR,GEMM,sm80_xmma_gemm_f16f16_f16f16_f16_tn_n_tilesize32x32x64_stage6_warpsize2x2x1_tensor16x8x16,1x1x1024;1x1024x3072;1;1,Half;Half;Float;Float,1x1x3072,Half,/up_proj_12/MatMul
mixed_decode,324,__myl_FcCasNegExpAddDivMulMul_myl0_324,fusion,L12:gate_proj,LINEAR,GEMM,sm80_xmma_gemm_i8i8_i8i32_f32_tn_n_tilesize32x64x64_stage6_warpsize2x2x1_tensor16x8x32_by_fusion_tactic,1x1x3072;1x1x1024;1x1024x3072,Half;Int8;Int8,1x1x3072,Half,/gate_proj_12/MatMul;/gate_proj_12/MatMul__a_dequant;/gate_proj_12/MatMul__a_quant;/gate_proj_12/MatMul__w_dequant;/Mul_116;/Mul_117;/Sigmoid_12
mixed_decode,325,__myl_FcAdd_myl0_325,fusion,L12:down_proj,LINEAR,GEMM,sm80_xmma_gemm_f16f16_f16f16_f16_nn_n_tilesize64x128x32_stage5_warpsize2x2x1_tensor16x8x16_by_fusion_tactic,1x1x1024;1x1x3072;1x3072x1024,Half;Half;Half,1x1x1024,Half,/down_proj_12/MatMul;/Add_51
mixed_decode,326,__myl_MulMeaAddSqrDivMulDivMinMaxRouCasDivMinMaxRouCasDivMinMaxRouCas_myl0_326,kgen,L13:q_proj,LINEAR,TENSORRT_INTERNAL,__myl_MulMeaAddSqrDivMulDivMinMaxRouCasDivMinMaxRouCasDivMinMaxRouCas_0x9f2c300bb597625319cadec4728f9bc5,1x1x1024;1x1x1024;1x1x1024;1x1x1024;1x1x1024;1x1x1024,Half;Half;Half;Half;Half;Half,1x1x1024;1x1x1024;1x1x1024,Int8;Int8;Int8,/q_proj_13/MatMul__a_quant;/k_proj_13/MatMul__a_quant;/v_proj_13/MatMul__a_quant;/input_layernorm_13/Mul;/input_layernorm_13/Sqrt;/input_layernorm_13/Div;/input_layernorm_13/Add;/input_layernorm_13/ReduceMean;/input_layernorm_13/Pow
mixed_decode,327,__mye677034_myl0_327,signal,UNKNOWN,UNKNOWN,NO_KERNEL,NONE,NONE,NONE,NONE,NONE,UNKNOWN
mixed_decode,328,__mye677036_myl0_328,wait,UNKNOWN,UNKNOWN,NO_KERNEL,NONE,NONE,NONE,NONE,NONE,UNKNOWN
mixed_decode,329,__myl_FcCas_myl0_329,fusion,L13:v_proj,LINEAR,GEMM,sm80_xmma_gemm_i8f32_i8i32_f32_tn_n_tilesize32x64x64_stage6_warpsize2x2x1_tensor16x8x32_by_fusion_tactic,1x1x1024;1x1024x1024,Int8;Int8,1x1x1024,Half,/v_proj_13/MatMul;/v_proj_13/MatMul__a_dequant;/v_proj_13/MatMul__a_quant;/v_proj_13/MatMul__w_dequant
mixed_decode,330,__myl_ResConResRep_myl0_330,kgen,UNKNOWN,UNKNOWN,TENSORRT_INTERNAL,__myl_ResConResRep_0x9d40828c020eb6bb972be950c35191c1,1x8x-1x128;1x1x1024;1;1;1;1;1;1;1;1;1;1;1;1;1;1,Half;Half;Int64;Int64;Int64;Int64;Int64;Int64;Int64;Int64;Int64;Int64;Int64;Int64;Int64;Int64,1x8x-1x128;1x8x2x-1x128,Half;Half,/Reshape_106;/Transpose_67;/Unsqueeze_304;/Expand_27;/Concat_163
mixed_decode,331,__mye677044_myl0_331,signal,UNKNOWN,UNKNOWN,NO_KERNEL,NONE,NONE,NONE,NONE,NONE,UNKNOWN
mixed_decode,332,__mye677038_myl0_332,wait,UNKNOWN,UNKNOWN,NO_KERNEL,NONE,NONE,NONE,NONE,NONE,UNKNOWN
mixed_decode,333,__myl_FcCas_myl0_333,fusion,L13:k_proj,LINEAR,GEMM,sm80_xmma_gemm_i8f32_i8i32_f32_tn_n_tilesize32x64x64_stage6_warpsize2x2x1_tensor16x8x32_by_fusion_tactic,1x1x1024;1x1024x1024,Int8;Int8,1x1x1024,Half,/k_proj_13/MatMul;/k_proj_13/MatMul__a_dequant;/k_proj_13/MatMul__a_quant;/k_proj_13/MatMul__w_dequant
mixed_decode,334,__myl_ResMulMea_myl0_334,kgen,UNKNOWN,UNKNOWN,TENSORRT_INTERNAL,__myl_ResMulMea_0x3c91498c3beee36a5653966af1581a8a,1x1x1024,Half,1x1x8x1;1x1x8x128,Half;Half,/Reshape_105;/k_norm_13/Pow;/k_norm_13/ReduceMean
mixed_decode,335,__myl_AddSqrDivMulMulResSliSliNegConMulMulAddConResRepResTra_myl0_335,kgen,UNKNOWN,UNKNOWN,TENSORRT_INTERNAL,__myl_AddSqrDivMulMulResSliSliNegConMulMulAddConResRepResTra_0x5aea462b6a819ceadd3ebb32874c078f,1x8x-1x128;1x1x1x128;1x1x1x128;1x1x1x128;1x1x8x128;1x1x8x1;1;1;1;1;1;1;1;1;1;1;1;1;1;1;1;1;1;1,Half;Half;Half;Half;Half;Half;Int64;Int64;Int64;Int64;Int64;Int64;Int64;Int64;Int64;Int64;Int64;Int64;Int64;Int64;Int64;Int64;Int64;Int64,1x8x-1x128;1x16x128x-1,Half;Half,/k_norm_13/Add;/k_norm_13/Sqrt;/k_norm_13/Mul;/k_norm_13/Mul_1;/Transpose_66;/Slice_54;/Slice_55;/Concat_161;/Mul_121;/Add_53;/Mul_120;/Unsqueeze_299;/Reshape_108;/Transpose_68;/Expand_26;/Concat_162;/Neg_27;/k_norm_13/Div
mixed_decode,336,__mye677040_myl0_336,signal,UNKNOWN,UNKNOWN,NO_KERNEL,NONE,NONE,NONE,NONE,NONE,UNKNOWN
mixed_decode,337,__myl_FcCas_myl0_337,fusion,L13:q_proj,LINEAR,GEMM,sm80_xmma_gemm_i8f32_i8i32_f32_tn_n_tilesize32x64x64_stage6_warpsize2x2x1_tensor16x8x32_by_fusion_tactic,1x1x1024;1x1024x2048,Int8;Int8,1x1x2048,Half,/q_proj_13/MatMul;/q_proj_13/MatMul__a_dequant;/q_proj_13/MatMul__a_quant;/q_proj_13/MatMul__w_dequant
mixed_decode,338,__myl_ResMulMea_myl0_338,kgen,UNKNOWN,UNKNOWN,TENSORRT_INTERNAL,__myl_ResMulMea_0xf2413012cd9ac6341b95d78f3432c656,1x1x2048,Half,1x1x16x1;1x1x16x128,Half;Half,/Reshape_104;/q_norm_13/Pow;/q_norm_13/ReduceMean
mixed_decode,339,__myl_AddSqrDivMulMulResSliSliNegConMulMulAdd_myl0_339,kgen,UNKNOWN,UNKNOWN,TENSORRT_INTERNAL,__myl_AddSqrDivMulMulResSliSliNegConMulMulAdd_0xf1ba08cc3beaba8ee91b0504be9c2cf4,1x1x1x128;1x1x1x128;1x1x1x128;1x1x16x128;1x1x16x1,Half;Half;Half;Half;Half,1x16x1x128,Half,/q_norm_13/Add;/q_norm_13/Sqrt;/q_norm_13/Mul;/q_norm_13/Mul_1;/Transpose_65;/Slice_52;/Slice_53;/Concat_160;/Mul_119;/Add_52;/Mul_118;/Neg_26;/q_norm_13/Div
mixed_decode,340,__mye677042_myl0_340,wait,UNKNOWN,UNKNOWN,NO_KERNEL,NONE,NONE,NONE,NONE,NONE,UNKNOWN
mixed_decode,341,/MatMul_26_myl0_341,gemm,L26:ATTENTION_VALUE,ATTENTION_GEMM,GEMM,sm80_xmma_gemm_f16f16_f16f32_f32_nn_n_tilesize32x32x64_stage6_warpsize2x2x1_tensor16x8x16_aligna2_alignc2,16x1x128;16x128x-1;1;1,Half;Half;Float;Float,16x1x-1,Half,/MatMul_26
mixed_decode,342,__myl_MulMaxSubExpSumDivMul_myl0_342,kgen,UNKNOWN,UNKNOWN,TENSORRT_INTERNAL,__myl_MulMaxSubExpSumDivMul_0x1108f5a078d6e65507c06537b9b2e43f,1x16x1x-1;1;1,Half;Int64;Int64,1x16x1x-1,Half,/Mul_124;/Softmax_13
mixed_decode,343,__mye677046_myl0_343,wait,UNKNOWN,UNKNOWN,NO_KERNEL,NONE,NONE,NONE,NONE,NONE,UNKNOWN
mixed_decode,344,/MatMul_27_myl0_344,gemm,L27:ATTENTION_VALUE,ATTENTION_GEMM,GEMM,sm80_xmma_gemm_f16f16_f16f32_f32_nn_n_tilesize64x128x32_stage5_warpsize2x2x1_tensor16x8x16_aligna2_alignc2,16x1x-1;16x-1x128;1;1,Half;Half;Float;Float,16x1x128,Half,/MatMul_27
mixed_decode,345,__myl_MulMinMaxRouCas_myl0_345,kgen,L13:o_proj,LINEAR,TENSORRT_INTERNAL,__myl_MulMinMaxRouCas_0x472744a06bd7fd057961674c77025970,16x1x128,Half,16x1x128,Int8,/o_proj_13/MatMul__a_quant
mixed_decode,346,__myl_FcCasAdd_myl0_346,fusion,L13:o_proj,LINEAR,GEMM,sm80_xmma_gemm_i8f32_i8i32_f32_tn_n_tilesize32x64x64_stage6_warpsize2x2x1_tensor16x8x32_by_fusion_tactic,1x1x1024;1x1x2048;1x2048x1024,Half;Int8;Int8,1x1x1024,Half,/o_proj_13/MatMul;/o_proj_13/MatMul__a_dequant;/o_proj_13/MatMul__a_quant;/o_proj_13/MatMul__w_dequant;/Add_54
mixed_decode,347,__myl_MulMeaAddSqrDivMulMulMulMinMaxRouCas_myl0_347,kgen,L13:gate_proj,LINEAR,TENSORRT_INTERNAL,__myl_MulMeaAddSqrDivMulMulMulMinMaxRouCas_0xc17a9e1c8880e75049e64b4f3bf21f16,1x1x1024;1x1x1024;1x1x1024;1x1x1024,Half;Half;Half;Half,1x1x1024;1x1x1024,Int8;Half,/post_attention_layernorm_13/Pow;/post_attention_layernorm_13/ReduceMean;/post_attention_layernorm_13/Add;/post_attention_layernorm_13/Div;/post_attention_layernorm_13/Sqrt;/post_attention_layernorm_13/Mul;/post_attention_layernorm_13/Mul_1;/gate_proj_13/MatMul__a_quant
mixed_decode,348,/up_proj_13/MatMul_myl0_348,gemm,L13:up_proj,LINEAR,GEMM,sm80_xmma_gemm_f16f16_f16f16_f16_tn_n_tilesize32x32x64_stage6_warpsize2x2x1_tensor16x8x16,1x1x1024;1x1024x3072;1;1,Half;Half;Float;Float,1x1x3072,Half,/up_proj_13/MatMul
mixed_decode,349,__myl_FcCasNegExpAddDivMulMul_myl0_349,fusion,L13:gate_proj,LINEAR,GEMM,sm80_xmma_gemm_i8i8_i8i32_f32_tn_n_tilesize32x64x64_stage6_warpsize2x2x1_tensor16x8x32_by_fusion_tactic,1x1x3072;1x1x1024;1x1024x3072,Half;Int8;Int8,1x1x3072,Half,/gate_proj_13/MatMul;/gate_proj_13/MatMul__a_dequant;/gate_proj_13/MatMul__a_quant;/gate_proj_13/MatMul__w_dequant;/Mul_125;/Mul_126;/Sigmoid_13
mixed_decode,350,__myl_FcAdd_myl0_350,fusion,L13:down_proj,LINEAR,GEMM,sm80_xmma_gemm_f16f16_f16f16_f16_nn_n_tilesize64x128x32_stage5_warpsize2x2x1_tensor16x8x16_by_fusion_tactic,1x1x1024;1x1x3072;1x3072x1024,Half;Half;Half,1x1x1024,Half,/down_proj_13/MatMul;/Add_55
mixed_decode,351,__myl_MulMeaAddSqrDivMulDivMinMaxRouCasDivMinMaxRouCasDivMinMaxRouCas_myl0_351,kgen,L14:q_proj,LINEAR,TENSORRT_INTERNAL,__myl_MulMeaAddSqrDivMulDivMinMaxRouCasDivMinMaxRouCasDivMinMaxRouCas_0x9f2c300bb597625319cadec4728f9bc5,1x1x1024;1x1x1024;1x1x1024;1x1x1024;1x1x1024;1x1x1024,Half;Half;Half;Half;Half;Half,1x1x1024;1x1x1024;1x1x1024,Int8;Int8;Int8,/q_proj_14/MatMul__a_quant;/k_proj_14/MatMul__a_quant;/v_proj_14/MatMul__a_quant;/input_layernorm_14/Mul;/input_layernorm_14/Sqrt;/input_layernorm_14/Div;/input_layernorm_14/Add;/input_layernorm_14/ReduceMean;/input_layernorm_14/Pow
mixed_decode,352,__mye677048_myl0_352,signal,UNKNOWN,UNKNOWN,NO_KERNEL,NONE,NONE,NONE,NONE,NONE,UNKNOWN
mixed_decode,353,__mye677050_myl0_353,wait,UNKNOWN,UNKNOWN,NO_KERNEL,NONE,NONE,NONE,NONE,NONE,UNKNOWN
mixed_decode,354,__myl_FcCas_myl0_354,fusion,L14:v_proj,LINEAR,GEMM,sm80_xmma_gemm_i8f32_i8i32_f32_tn_n_tilesize32x64x64_stage6_warpsize2x2x1_tensor16x8x32_by_fusion_tactic,1x1x1024;1x1024x1024,Int8;Int8,1x1x1024,Half,/v_proj_14/MatMul;/v_proj_14/MatMul__a_dequant;/v_proj_14/MatMul__a_quant;/v_proj_14/MatMul__w_dequant
mixed_decode,355,__myl_ResConResRep_myl0_355,kgen,UNKNOWN,UNKNOWN,TENSORRT_INTERNAL,__myl_ResConResRep_0x9d40828c020eb6bb972be950c35191c1,1x8x-1x128;1x1x1024;1;1;1;1;1;1;1;1;1;1;1;1;1;1,Half;Half;Int64;Int64;Int64;Int64;Int64;Int64;Int64;Int64;Int64;Int64;Int64;Int64;Int64;Int64,1x8x-1x128;1x8x2x-1x128,Half;Half,/Reshape_114;/Transpose_72;/Unsqueeze_326;/Expand_29;/Concat_175
mixed_decode,356,__mye677058_myl0_356,signal,UNKNOWN,UNKNOWN,NO_KERNEL,NONE,NONE,NONE,NONE,NONE,UNKNOWN
mixed_decode,357,__mye677052_myl0_357,wait,UNKNOWN,UNKNOWN,NO_KERNEL,NONE,NONE,NONE,NONE,NONE,UNKNOWN
mixed_decode,358,__myl_FcCas_myl0_358,fusion,L14:k_proj,LINEAR,GEMM,sm80_xmma_gemm_i8f32_i8i32_f32_tn_n_tilesize32x64x64_stage6_warpsize2x2x1_tensor16x8x32_by_fusion_tactic,1x1x1024;1x1024x1024,Int8;Int8,1x1x1024,Half,/k_proj_14/MatMul;/k_proj_14/MatMul__a_dequant;/k_proj_14/MatMul__a_quant;/k_proj_14/MatMul__w_dequant
mixed_decode,359,__myl_ResMulMea_myl0_359,kgen,UNKNOWN,UNKNOWN,TENSORRT_INTERNAL,__myl_ResMulMea_0x3c91498c3beee36a5653966af1581a8a,1x1x1024,Half,1x1x8x1;1x1x8x128,Half;Half,/Reshape_113;/k_norm_14/Pow;/k_norm_14/ReduceMean
mixed_decode,360,__myl_AddSqrDivMulMulResSliSliNegConMulMulAddConResRepResTra_myl0_360,kgen,UNKNOWN,UNKNOWN,TENSORRT_INTERNAL,__myl_AddSqrDivMulMulResSliSliNegConMulMulAddConResRepResTra_0x5aea462b6a819ceadd3ebb32874c078f,1x8x-1x128;1x1x1x128;1x1x1x128;1x1x1x128;1x1x8x128;1x1x8x1;1;1;1;1;1;1;1;1;1;1;1;1;1;1;1;1;1;1,Half;Half;Half;Half;Half;Half;Int64;Int64;Int64;Int64;Int64;Int64;Int64;Int64;Int64;Int64;Int64;Int64;Int64;Int64;Int64;Int64;Int64;Int64,1x8x-1x128;1x16x128x-1,Half;Half,/k_norm_14/Add;/k_norm_14/Sqrt;/k_norm_14/Mul;/k_norm_14/Mul_1;/Transpose_71;/Slice_58;/Slice_59;/Concat_173;/Mul_130;/Add_57;/Mul_129;/Unsqueeze_321;/Reshape_116;/Transpose_73;/Expand_28;/Concat_174;/Neg_29;/k_norm_14/Div
mixed_decode,361,__mye677054_myl0_361,signal,UNKNOWN,UNKNOWN,NO_KERNEL,NONE,NONE,NONE,NONE,NONE,UNKNOWN
mixed_decode,362,__myl_FcCas_myl0_362,fusion,L14:q_proj,LINEAR,GEMM,sm80_xmma_gemm_i8f32_i8i32_f32_tn_n_tilesize32x64x64_stage6_warpsize2x2x1_tensor16x8x32_by_fusion_tactic,1x1x1024;1x1024x2048,Int8;Int8,1x1x2048,Half,/q_proj_14/MatMul;/q_proj_14/MatMul__a_dequant;/q_proj_14/MatMul__a_quant;/q_proj_14/MatMul__w_dequant
mixed_decode,363,__myl_ResMulMea_myl0_363,kgen,UNKNOWN,UNKNOWN,TENSORRT_INTERNAL,__myl_ResMulMea_0xf2413012cd9ac6341b95d78f3432c656,1x1x2048,Half,1x1x16x1;1x1x16x128,Half;Half,/Reshape_112;/q_norm_14/Pow;/q_norm_14/ReduceMean
mixed_decode,364,__myl_AddSqrDivMulMulResSliSliNegConMulMulAdd_myl0_364,kgen,UNKNOWN,UNKNOWN,TENSORRT_INTERNAL,__myl_AddSqrDivMulMulResSliSliNegConMulMulAdd_0xf1ba08cc3beaba8ee91b0504be9c2cf4,1x1x1x128;1x1x1x128;1x1x1x128;1x1x16x128;1x1x16x1,Half;Half;Half;Half;Half,1x16x1x128,Half,/q_norm_14/Add;/q_norm_14/Sqrt;/q_norm_14/Mul;/q_norm_14/Mul_1;/Transpose_70;/Slice_56;/Slice_57;/Concat_172;/Mul_128;/Add_56;/Mul_127;/Neg_28;/q_norm_14/Div
mixed_decode,365,__mye677056_myl0_365,wait,UNKNOWN,UNKNOWN,NO_KERNEL,NONE,NONE,NONE,NONE,NONE,UNKNOWN
mixed_decode,366,/MatMul_28_myl0_366,gemm,L28:ATTENTION_VALUE,ATTENTION_GEMM,GEMM,sm80_xmma_gemm_f16f16_f16f32_f32_nn_n_tilesize32x32x64_stage6_warpsize2x2x1_tensor16x8x16_aligna2_alignc2,16x1x128;16x128x-1;1;1,Half;Half;Float;Float,16x1x-1,Half,/MatMul_28
mixed_decode,367,__myl_MulMaxSubExpSumDivMul_myl0_367,kgen,UNKNOWN,UNKNOWN,TENSORRT_INTERNAL,__myl_MulMaxSubExpSumDivMul_0x1108f5a078d6e65507c06537b9b2e43f,1x16x1x-1;1;1,Half;Int64;Int64,1x16x1x-1,Half,/Mul_133;/Softmax_14
mixed_decode,368,__mye677060_myl0_368,wait,UNKNOWN,UNKNOWN,NO_KERNEL,NONE,NONE,NONE,NONE,NONE,UNKNOWN
mixed_decode,369,/MatMul_29_myl0_369,gemm,L29:ATTENTION_VALUE,ATTENTION_GEMM,GEMM,sm80_xmma_gemm_f16f16_f16f32_f32_nn_n_tilesize64x128x32_stage5_warpsize2x2x1_tensor16x8x16_aligna2_alignc2,16x1x-1;16x-1x128;1;1,Half;Half;Float;Float,16x1x128,Half,/MatMul_29
mixed_decode,370,__myl_FcAdd_myl0_370,fusion,L14:o_proj,LINEAR,GEMM,sm80_xmma_gemm_f16f16_f16f16_f16_tn_n_tilesize32x32x64_stage6_warpsize2x2x1_tensor16x8x16_by_fusion_tactic,1x1x1024;1x1x2048;1x2048x1024,Half;Half;Half,1x1x1024,Half,/o_proj_14/MatMul;/Add_58
mixed_decode,371,__myl_MulMeaAddSqrDivMulMulMulMinMaxRouCas_myl0_371,kgen,L14:gate_proj,LINEAR,TENSORRT_INTERNAL,__myl_MulMeaAddSqrDivMulMulMulMinMaxRouCas_0xf2d64d0cef819045fc9d252a6b31181b,1x1x1024;1x1x1024;1x1x1024;1x1x1024,Half;Half;Half;Half,1x1x1024;1x1x1024,Int8;Half,/post_attention_layernorm_14/Pow;/post_attention_layernorm_14/ReduceMean;/post_attention_layernorm_14/Add;/post_attention_layernorm_14/Div;/post_attention_layernorm_14/Sqrt;/post_attention_layernorm_14/Mul;/post_attention_layernorm_14/Mul_1;/gate_proj_14/MatMul__a_quant
mixed_decode,372,/up_proj_14/MatMul_myl0_372,gemm,L14:up_proj,LINEAR,GEMM,sm80_xmma_gemm_f16f16_f16f32_f32_tn_n_tilesize32x32x64_stage6_warpsize2x2x1_tensor16x8x16,1x1x1024;1x1024x3072;1;1,Half;Half;Float;Float,1x1x3072,Half,/up_proj_14/MatMul
mixed_decode,373,__myl_FcCasNegExpAddDivMulMul_myl0_373,fusion,L14:gate_proj,LINEAR,GEMM,sm80_xmma_gemm_i8i8_i8i32_f32_tn_n_tilesize32x64x64_stage6_warpsize2x2x1_tensor16x8x32_by_fusion_tactic,1x1x3072;1x1x1024;1x1024x3072,Half;Int8;Int8,1x1x3072,Half,/gate_proj_14/MatMul;/gate_proj_14/MatMul__a_dequant;/gate_proj_14/MatMul__a_quant;/gate_proj_14/MatMul__w_dequant;/Mul_134;/Mul_135;/Sigmoid_14
mixed_decode,374,__myl_FcAdd_myl0_374,fusion,L14:down_proj,LINEAR,GEMM,sm80_xmma_gemm_f16f16_f16f16_f16_nn_n_tilesize64x128x32_stage5_warpsize2x2x1_tensor16x8x16_by_fusion_tactic,1x1x1024;1x1x3072;1x3072x1024,Half;Half;Half,1x1x1024,Half,/down_proj_14/MatMul;/Add_59
mixed_decode,375,__myl_MulMeaAddSqrDivMulDivMinMaxRouCasDivMinMaxRouCasDivMinMaxRouCas_myl0_375,kgen,L15:q_proj,LINEAR,TENSORRT_INTERNAL,__myl_MulMeaAddSqrDivMulDivMinMaxRouCasDivMinMaxRouCasDivMinMaxRouCas_0x9f2c300bb597625319cadec4728f9bc5,1x1x1024;1x1x1024;1x1x1024;1x1x1024;1x1x1024;1x1x1024,Half;Half;Half;Half;Half;Half,1x1x1024;1x1x1024;1x1x1024,Int8;Int8;Int8,/q_proj_15/MatMul__a_quant;/k_proj_15/MatMul__a_quant;/v_proj_15/MatMul__a_quant;/input_layernorm_15/Mul;/input_layernorm_15/Sqrt;/input_layernorm_15/Div;/input_layernorm_15/Add;/input_layernorm_15/ReduceMean;/input_layernorm_15/Pow
mixed_decode,376,__mye677062_myl0_376,signal,UNKNOWN,UNKNOWN,NO_KERNEL,NONE,NONE,NONE,NONE,NONE,UNKNOWN
mixed_decode,377,__mye677064_myl0_377,wait,UNKNOWN,UNKNOWN,NO_KERNEL,NONE,NONE,NONE,NONE,NONE,UNKNOWN
mixed_decode,378,__myl_FcCas_myl0_378,fusion,L15:v_proj,LINEAR,GEMM,sm80_xmma_gemm_i8f32_i8i32_f32_tn_n_tilesize32x64x64_stage6_warpsize2x2x1_tensor16x8x32_by_fusion_tactic,1x1x1024;1x1024x1024,Int8;Int8,1x1x1024,Half,/v_proj_15/MatMul;/v_proj_15/MatMul__a_dequant;/v_proj_15/MatMul__a_quant;/v_proj_15/MatMul__w_dequant
mixed_decode,379,__myl_ResConResRep_myl0_379,kgen,UNKNOWN,UNKNOWN,TENSORRT_INTERNAL,__myl_ResConResRep_0x9d40828c020eb6bb972be950c35191c1,1x8x-1x128;1x1x1024;1;1;1;1;1;1;1;1;1;1;1;1;1;1,Half;Half;Int64;Int64;Int64;Int64;Int64;Int64;Int64;Int64;Int64;Int64;Int64;Int64;Int64;Int64,1x8x-1x128;1x8x2x-1x128,Half;Half,/Reshape_122;/Transpose_77;/Unsqueeze_348;/Expand_31;/Concat_187
mixed_decode,380,__mye677072_myl0_380,signal,UNKNOWN,UNKNOWN,NO_KERNEL,NONE,NONE,NONE,NONE,NONE,UNKNOWN
mixed_decode,381,__mye677066_myl0_381,wait,UNKNOWN,UNKNOWN,NO_KERNEL,NONE,NONE,NONE,NONE,NONE,UNKNOWN
mixed_decode,382,__myl_FcCas_myl0_382,fusion,L15:k_proj,LINEAR,GEMM,sm80_xmma_gemm_i8f32_i8i32_f32_tn_n_tilesize32x64x64_stage6_warpsize2x2x1_tensor16x8x32_by_fusion_tactic,1x1x1024;1x1024x1024,Int8;Int8,1x1x1024,Half,/k_proj_15/MatMul;/k_proj_15/MatMul__a_dequant;/k_proj_15/MatMul__a_quant;/k_proj_15/MatMul__w_dequant
mixed_decode,383,__myl_ResMulMea_myl0_383,kgen,UNKNOWN,UNKNOWN,TENSORRT_INTERNAL,__myl_ResMulMea_0x3c91498c3beee36a5653966af1581a8a,1x1x1024,Half,1x1x8x1;1x1x8x128,Half;Half,/Reshape_121;/k_norm_15/Pow;/k_norm_15/ReduceMean
mixed_decode,384,__myl_AddSqrDivMulMulResSliSliNegConMulMulAddConResRepResTra_myl0_384,kgen,UNKNOWN,UNKNOWN,TENSORRT_INTERNAL,__myl_AddSqrDivMulMulResSliSliNegConMulMulAddConResRepResTra_0x5aea462b6a819ceadd3ebb32874c078f,1x8x-1x128;1x1x1x128;1x1x1x128;1x1x1x128;1x1x8x128;1x1x8x1;1;1;1;1;1;1;1;1;1;1;1;1;1;1;1;1;1;1,Half;Half;Half;Half;Half;Half;Int64;Int64;Int64;Int64;Int64;Int64;Int64;Int64;Int64;Int64;Int64;Int64;Int64;Int64;Int64;Int64;Int64;Int64,1x8x-1x128;1x16x128x-1,Half;Half,/k_norm_15/Add;/k_norm_15/Sqrt;/k_norm_15/Mul;/k_norm_15/Mul_1;/Transpose_76;/Slice_62;/Slice_63;/Concat_185;/Mul_139;/Add_61;/Mul_138;/Unsqueeze_343;/Reshape_124;/Transpose_78;/Expand_30;/Concat_186;/Neg_31;/k_norm_15/Div
mixed_decode,385,__mye677068_myl0_385,signal,UNKNOWN,UNKNOWN,NO_KERNEL,NONE,NONE,NONE,NONE,NONE,UNKNOWN
mixed_decode,386,__myl_FcCas_myl0_386,fusion,L15:q_proj,LINEAR,GEMM,sm80_xmma_gemm_i8f32_i8i32_f32_tn_n_tilesize32x64x64_stage6_warpsize2x2x1_tensor16x8x32_by_fusion_tactic,1x1x1024;1x1024x2048,Int8;Int8,1x1x2048,Half,/q_proj_15/MatMul;/q_proj_15/MatMul__a_dequant;/q_proj_15/MatMul__a_quant;/q_proj_15/MatMul__w_dequant
mixed_decode,387,__myl_ResMulMea_myl0_387,kgen,UNKNOWN,UNKNOWN,TENSORRT_INTERNAL,__myl_ResMulMea_0xf2413012cd9ac6341b95d78f3432c656,1x1x2048,Half,1x1x16x1;1x1x16x128,Half;Half,/Reshape_120;/q_norm_15/Pow;/q_norm_15/ReduceMean
mixed_decode,388,__myl_AddSqrDivMulMulResSliSliNegConMulMulAdd_myl0_388,kgen,UNKNOWN,UNKNOWN,TENSORRT_INTERNAL,__myl_AddSqrDivMulMulResSliSliNegConMulMulAdd_0xf1ba08cc3beaba8ee91b0504be9c2cf4,1x1x1x128;1x1x1x128;1x1x1x128;1x1x16x128;1x1x16x1,Half;Half;Half;Half;Half,1x16x1x128,Half,/q_norm_15/Add;/q_norm_15/Sqrt;/q_norm_15/Mul;/q_norm_15/Mul_1;/Transpose_75;/Slice_60;/Slice_61;/Concat_184;/Mul_137;/Add_60;/Mul_136;/Neg_30;/q_norm_15/Div
mixed_decode,389,__mye677070_myl0_389,wait,UNKNOWN,UNKNOWN,NO_KERNEL,NONE,NONE,NONE,NONE,NONE,UNKNOWN
mixed_decode,390,/MatMul_30_myl0_390,gemm,L30:ATTENTION_VALUE,ATTENTION_GEMM,GEMM,sm80_xmma_gemm_f16f16_f16f32_f32_nn_n_tilesize32x32x64_stage6_warpsize2x2x1_tensor16x8x16_aligna2_alignc2,16x1x128;16x128x-1;1;1,Half;Half;Float;Float,16x1x-1,Half,/MatMul_30
mixed_decode,391,__myl_MulMaxSubExpSumDivMul_myl0_391,kgen,UNKNOWN,UNKNOWN,TENSORRT_INTERNAL,__myl_MulMaxSubExpSumDivMul_0x1108f5a078d6e65507c06537b9b2e43f,1x16x1x-1;1;1,Half;Int64;Int64,1x16x1x-1,Half,/Mul_142;/Softmax_15
mixed_decode,392,__mye677074_myl0_392,wait,UNKNOWN,UNKNOWN,NO_KERNEL,NONE,NONE,NONE,NONE,NONE,UNKNOWN
mixed_decode,393,/MatMul_31_myl0_393,gemm,L31:ATTENTION_VALUE,ATTENTION_GEMM,GEMM,sm80_xmma_gemm_f16f16_f16f32_f32_nn_n_tilesize64x128x32_stage5_warpsize2x2x1_tensor16x8x16_aligna2_alignc2,16x1x-1;16x-1x128;1;1,Half;Half;Float;Float,16x1x128,Half,/MatMul_31
mixed_decode,394,__myl_MulMinMaxRouCas_myl0_394,kgen,L15:o_proj,LINEAR,TENSORRT_INTERNAL,__myl_MulMinMaxRouCas_0x5d22e06f0128b92bf02f50e9b05f0125,16x1x128,Half,16x1x128,Int8,/o_proj_15/MatMul__a_quant
mixed_decode,395,__myl_FcCasAdd_myl0_395,fusion,L15:o_proj,LINEAR,GEMM,sm80_xmma_gemm_i8f32_i8i32_f32_tn_n_tilesize32x64x64_stage6_warpsize2x2x1_tensor16x8x32_by_fusion_tactic,1x1x1024;1x1x2048;1x2048x1024,Half;Int8;Int8,1x1x1024,Half,/o_proj_15/MatMul;/o_proj_15/MatMul__a_dequant;/o_proj_15/MatMul__a_quant;/o_proj_15/MatMul__w_dequant;/Add_62
mixed_decode,396,__myl_MulMeaAddSqrDivMulMulMulMinMaxRouCas_myl0_396,kgen,L15:gate_proj,LINEAR,TENSORRT_INTERNAL,__myl_MulMeaAddSqrDivMulMulMulMinMaxRouCas_0xb633f57e2e22833f593c4f215c79f20a,1x1x1024;1x1x1024;1x1x1024;1x1x1024,Half;Half;Half;Half,1x1x1024;1x1x1024,Int8;Half,/post_attention_layernorm_15/Pow;/post_attention_layernorm_15/ReduceMean;/post_attention_layernorm_15/Add;/post_attention_layernorm_15/Div;/post_attention_layernorm_15/Sqrt;/post_attention_layernorm_15/Mul;/post_attention_layernorm_15/Mul_1;/gate_proj_15/MatMul__a_quant
mixed_decode,397,/up_proj_15/MatMul_myl0_397,gemm,L15:up_proj,LINEAR,GEMM,sm80_xmma_gemm_f16f16_f16f16_f16_tn_n_tilesize32x32x64_stage6_warpsize2x2x1_tensor16x8x16,1x1x1024;1x1024x3072;1;1,Half;Half;Float;Float,1x1x3072,Half,/up_proj_15/MatMul
mixed_decode,398,__myl_FcCasNegExpAddDivMulMul_myl0_398,fusion,L15:gate_proj,LINEAR,GEMM,sm80_xmma_gemm_i8i8_i8i32_f32_tn_n_tilesize32x64x64_stage6_warpsize2x2x1_tensor16x8x32_by_fusion_tactic,1x1x3072;1x1x1024;1x1024x3072,Half;Int8;Int8,1x1x3072,Half,/gate_proj_15/MatMul;/gate_proj_15/MatMul__a_dequant;/gate_proj_15/MatMul__a_quant;/gate_proj_15/MatMul__w_dequant;/Mul_143;/Mul_144;/Sigmoid_15
mixed_decode,399,__myl_FcAdd_myl0_399,fusion,L15:down_proj,LINEAR,GEMM,sm80_xmma_gemm_f16f16_f16f16_f16_nn_n_tilesize64x128x32_stage5_warpsize2x2x1_tensor16x8x16_by_fusion_tactic,1x1x1024;1x1x3072;1x3072x1024,Half;Half;Half,1x1x1024,Half,/down_proj_15/MatMul;/Add_63
mixed_decode,400,__myl_MulMeaAddSqrDivMulDivMinMaxRouCasDivMinMaxRouCasDivMinMaxRouCas_myl0_400,kgen,L16:q_proj,LINEAR,TENSORRT_INTERNAL,__myl_MulMeaAddSqrDivMulDivMinMaxRouCasDivMinMaxRouCasDivMinMaxRouCas_0x9f2c300bb597625319cadec4728f9bc5,1x1x1024;1x1x1024;1x1x1024;1x1x1024;1x1x1024;1x1x1024,Half;Half;Half;Half;Half;Half,1x1x1024;1x1x1024;1x1x1024,Int8;Int8;Int8,/q_proj_16/MatMul__a_quant;/k_proj_16/MatMul__a_quant;/v_proj_16/MatMul__a_quant;/input_layernorm_16/Mul;/input_layernorm_16/Sqrt;/input_layernorm_16/Div;/input_layernorm_16/Add;/input_layernorm_16/ReduceMean;/input_layernorm_16/Pow
mixed_decode,401,__mye677076_myl0_401,signal,UNKNOWN,UNKNOWN,NO_KERNEL,NONE,NONE,NONE,NONE,NONE,UNKNOWN
mixed_decode,402,__mye677078_myl0_402,wait,UNKNOWN,UNKNOWN,NO_KERNEL,NONE,NONE,NONE,NONE,NONE,UNKNOWN
mixed_decode,403,__myl_FcCas_myl0_403,fusion,L16:v_proj,LINEAR,GEMM,sm80_xmma_gemm_i8f32_i8i32_f32_tn_n_tilesize32x64x64_stage6_warpsize2x2x1_tensor16x8x32_by_fusion_tactic,1x1x1024;1x1024x1024,Int8;Int8,1x1x1024,Half,/v_proj_16/MatMul;/v_proj_16/MatMul__a_dequant;/v_proj_16/MatMul__a_quant;/v_proj_16/MatMul__w_dequant
mixed_decode,404,__myl_ResConResRep_myl0_404,kgen,UNKNOWN,UNKNOWN,TENSORRT_INTERNAL,__myl_ResConResRep_0x9d40828c020eb6bb972be950c35191c1,1x8x-1x128;1x1x1024;1;1;1;1;1;1;1;1;1;1;1;1;1;1,Half;Half;Int64;Int64;Int64;Int64;Int64;Int64;Int64;Int64;Int64;Int64;Int64;Int64;Int64;Int64,1x8x-1x128;1x8x2x-1x128,Half;Half,/Reshape_130;/Transpose_82;/Unsqueeze_370;/Expand_33;/Concat_199
mixed_decode,405,__mye677086_myl0_405,signal,UNKNOWN,UNKNOWN,NO_KERNEL,NONE,NONE,NONE,NONE,NONE,UNKNOWN
mixed_decode,406,__mye677080_myl0_406,wait,UNKNOWN,UNKNOWN,NO_KERNEL,NONE,NONE,NONE,NONE,NONE,UNKNOWN
mixed_decode,407,__myl_FcCas_myl0_407,fusion,L16:k_proj,LINEAR,GEMM,sm80_xmma_gemm_i8f32_i8i32_f32_tn_n_tilesize32x64x64_stage6_warpsize2x2x1_tensor16x8x32_by_fusion_tactic,1x1x1024;1x1024x1024,Int8;Int8,1x1x1024,Half,/k_proj_16/MatMul;/k_proj_16/MatMul__a_dequant;/k_proj_16/MatMul__a_quant;/k_proj_16/MatMul__w_dequant
mixed_decode,408,__myl_ResMulMea_myl0_408,kgen,UNKNOWN,UNKNOWN,TENSORRT_INTERNAL,__myl_ResMulMea_0x3c91498c3beee36a5653966af1581a8a,1x1x1024,Half,1x1x8x1;1x1x8x128,Half;Half,/Reshape_129;/k_norm_16/Pow;/k_norm_16/ReduceMean
mixed_decode,409,__myl_AddSqrDivMulMulResSliSliNegConMulMulAddConResRepResTra_myl0_409,kgen,UNKNOWN,UNKNOWN,TENSORRT_INTERNAL,__myl_AddSqrDivMulMulResSliSliNegConMulMulAddConResRepResTra_0x5aea462b6a819ceadd3ebb32874c078f,1x8x-1x128;1x1x1x128;1x1x1x128;1x1x1x128;1x1x8x128;1x1x8x1;1;1;1;1;1;1;1;1;1;1;1;1;1;1;1;1;1;1,Half;Half;Half;Half;Half;Half;Int64;Int64;Int64;Int64;Int64;Int64;Int64;Int64;Int64;Int64;Int64;Int64;Int64;Int64;Int64;Int64;Int64;Int64,1x8x-1x128;1x16x128x-1,Half;Half,/k_norm_16/Add;/k_norm_16/Sqrt;/k_norm_16/Mul;/k_norm_16/Mul_1;/Transpose_81;/Slice_66;/Slice_67;/Concat_197;/Mul_148;/Add_65;/Mul_147;/Unsqueeze_365;/Reshape_132;/Transpose_83;/Expand_32;/Concat_198;/Neg_33;/k_norm_16/Div
mixed_decode,410,__mye677082_myl0_410,signal,UNKNOWN,UNKNOWN,NO_KERNEL,NONE,NONE,NONE,NONE,NONE,UNKNOWN
mixed_decode,411,__myl_FcCas_myl0_411,fusion,L16:q_proj,LINEAR,GEMM,sm80_xmma_gemm_i8f32_i8i32_f32_tn_n_tilesize32x64x64_stage6_warpsize2x2x1_tensor16x8x32_by_fusion_tactic,1x1x1024;1x1024x2048,Int8;Int8,1x1x2048,Half,/q_proj_16/MatMul;/q_proj_16/MatMul__a_dequant;/q_proj_16/MatMul__a_quant;/q_proj_16/MatMul__w_dequant
mixed_decode,412,__myl_ResMulMea_myl0_412,kgen,UNKNOWN,UNKNOWN,TENSORRT_INTERNAL,__myl_ResMulMea_0xf2413012cd9ac6341b95d78f3432c656,1x1x2048,Half,1x1x16x1;1x1x16x128,Half;Half,/Reshape_128;/q_norm_16/Pow;/q_norm_16/ReduceMean
mixed_decode,413,__myl_AddSqrDivMulMulResSliSliNegConMulMulAdd_myl0_413,kgen,UNKNOWN,UNKNOWN,TENSORRT_INTERNAL,__myl_AddSqrDivMulMulResSliSliNegConMulMulAdd_0xf1ba08cc3beaba8ee91b0504be9c2cf4,1x1x1x128;1x1x1x128;1x1x1x128;1x1x16x128;1x1x16x1,Half;Half;Half;Half;Half,1x16x1x128,Half,/q_norm_16/Add;/q_norm_16/Sqrt;/q_norm_16/Mul;/q_norm_16/Mul_1;/Transpose_80;/Slice_64;/Slice_65;/Concat_196;/Mul_146;/Add_64;/Mul_145;/Neg_32;/q_norm_16/Div
mixed_decode,414,__mye677084_myl0_414,wait,UNKNOWN,UNKNOWN,NO_KERNEL,NONE,NONE,NONE,NONE,NONE,UNKNOWN
mixed_decode,415,/MatMul_32_myl0_415,gemm,L32:ATTENTION_VALUE,ATTENTION_GEMM,GEMM,sm80_xmma_gemm_f16f16_f16f32_f32_nn_n_tilesize32x32x64_stage6_warpsize2x2x1_tensor16x8x16_aligna2_alignc2,16x1x128;16x128x-1;1;1,Half;Half;Float;Float,16x1x-1,Half,/MatMul_32
mixed_decode,416,__myl_MulMaxSubExpSumDivMul_myl0_416,kgen,UNKNOWN,UNKNOWN,TENSORRT_INTERNAL,__myl_MulMaxSubExpSumDivMul_0x1108f5a078d6e65507c06537b9b2e43f,1x16x1x-1;1;1,Half;Int64;Int64,1x16x1x-1,Half,/Mul_151;/Softmax_16
mixed_decode,417,__mye677088_myl0_417,wait,UNKNOWN,UNKNOWN,NO_KERNEL,NONE,NONE,NONE,NONE,NONE,UNKNOWN
mixed_decode,418,/MatMul_33_myl0_418,gemm,L33:ATTENTION_VALUE,ATTENTION_GEMM,GEMM,sm80_xmma_gemm_f16f16_f16f32_f32_nn_n_tilesize64x128x32_stage5_warpsize2x2x1_tensor16x8x16_aligna2_alignc2,16x1x-1;16x-1x128;1;1,Half;Half;Float;Float,16x1x128,Half,/MatMul_33
mixed_decode,419,__myl_MulMinMaxRouCas_myl0_419,kgen,L16:o_proj,LINEAR,TENSORRT_INTERNAL,__myl_MulMinMaxRouCas_0xca1e8a983af10962a50c67e0fecf3bd1,16x1x128,Half,16x1x128,Int8,/o_proj_16/MatMul__a_quant
mixed_decode,420,__myl_FcCasAdd_myl0_420,fusion,L16:o_proj,LINEAR,GEMM,sm80_xmma_gemm_i8f32_i8i32_f32_tn_n_tilesize32x64x64_stage6_warpsize2x2x1_tensor16x8x32_by_fusion_tactic,1x1x1024;1x1x2048;1x2048x1024,Half;Int8;Int8,1x1x1024,Half,/o_proj_16/MatMul;/o_proj_16/MatMul__a_dequant;/o_proj_16/MatMul__a_quant;/o_proj_16/MatMul__w_dequant;/Add_66
mixed_decode,421,__myl_MulMeaAddSqrDivMulMulMulMinMaxRouCas_myl0_421,kgen,L16:gate_proj,LINEAR,TENSORRT_INTERNAL,__myl_MulMeaAddSqrDivMulMulMulMinMaxRouCas_0x9b99130746ee47ec2d15b111319f425e,1x1x1024;1x1x1024;1x1x1024;1x1x1024,Half;Half;Half;Half,1x1x1024;1x1x1024,Int8;Half,/post_attention_layernorm_16/Pow;/post_attention_layernorm_16/ReduceMean;/post_attention_layernorm_16/Add;/post_attention_layernorm_16/Div;/post_attention_layernorm_16/Sqrt;/post_attention_layernorm_16/Mul;/post_attention_layernorm_16/Mul_1;/gate_proj_16/MatMul__a_quant
mixed_decode,422,/up_proj_16/MatMul_myl0_422,gemm,L16:up_proj,LINEAR,GEMM,sm80_xmma_gemm_f16f16_f16f16_f16_tn_n_tilesize32x32x64_stage6_warpsize2x2x1_tensor16x8x16,1x1x1024;1x1024x3072;1;1,Half;Half;Float;Float,1x1x3072,Half,/up_proj_16/MatMul
mixed_decode,423,__myl_FcCasNegExpAddDivMulMul_myl0_423,fusion,L16:gate_proj,LINEAR,GEMM,sm80_xmma_gemm_i8i8_i8i32_f32_tn_n_tilesize32x64x64_stage6_warpsize2x2x1_tensor16x8x32_by_fusion_tactic,1x1x3072;1x1x1024;1x1024x3072,Half;Int8;Int8,1x1x3072,Half,/gate_proj_16/MatMul;/gate_proj_16/MatMul__a_dequant;/gate_proj_16/MatMul__a_quant;/gate_proj_16/MatMul__w_dequant;/Mul_152;/Mul_153;/Sigmoid_16
mixed_decode,424,__myl_FcAdd_myl0_424,fusion,L16:down_proj,LINEAR,GEMM,sm80_xmma_gemm_f16f16_f16f16_f16_nn_n_tilesize64x128x32_stage5_warpsize2x2x1_tensor16x8x16_by_fusion_tactic,1x1x1024;1x1x3072;1x3072x1024,Half;Half;Half,1x1x1024,Half,/down_proj_16/MatMul;/Add_67
mixed_decode,425,__myl_MulMeaAddSqrDivMulDivMinMaxRouCasDivMinMaxRouCasDivMinMaxRouCas_myl0_425,kgen,L17:q_proj,LINEAR,TENSORRT_INTERNAL,__myl_MulMeaAddSqrDivMulDivMinMaxRouCasDivMinMaxRouCasDivMinMaxRouCas_0x9f2c300bb597625319cadec4728f9bc5,1x1x1024;1x1x1024;1x1x1024;1x1x1024;1x1x1024;1x1x1024,Half;Half;Half;Half;Half;Half,1x1x1024;1x1x1024;1x1x1024,Int8;Int8;Int8,/q_proj_17/MatMul__a_quant;/k_proj_17/MatMul__a_quant;/v_proj_17/MatMul__a_quant;/input_layernorm_17/Mul;/input_layernorm_17/Sqrt;/input_layernorm_17/Div;/input_layernorm_17/Add;/input_layernorm_17/ReduceMean;/input_layernorm_17/Pow
mixed_decode,426,__mye677090_myl0_426,signal,UNKNOWN,UNKNOWN,NO_KERNEL,NONE,NONE,NONE,NONE,NONE,UNKNOWN
mixed_decode,427,__mye677092_myl0_427,wait,UNKNOWN,UNKNOWN,NO_KERNEL,NONE,NONE,NONE,NONE,NONE,UNKNOWN
mixed_decode,428,__myl_FcCas_myl0_428,fusion,L17:v_proj,LINEAR,GEMM,sm80_xmma_gemm_i8f32_i8i32_f32_tn_n_tilesize32x64x64_stage6_warpsize2x2x1_tensor16x8x32_by_fusion_tactic,1x1x1024;1x1024x1024,Int8;Int8,1x1x1024,Half,/v_proj_17/MatMul;/v_proj_17/MatMul__a_dequant;/v_proj_17/MatMul__a_quant;/v_proj_17/MatMul__w_dequant
mixed_decode,429,__myl_ResConResRep_myl0_429,kgen,UNKNOWN,UNKNOWN,TENSORRT_INTERNAL,__myl_ResConResRep_0x9d40828c020eb6bb972be950c35191c1,1x8x-1x128;1x1x1024;1;1;1;1;1;1;1;1;1;1;1;1;1;1,Half;Half;Int64;Int64;Int64;Int64;Int64;Int64;Int64;Int64;Int64;Int64;Int64;Int64;Int64;Int64,1x8x-1x128;1x8x2x-1x128,Half;Half,/Reshape_138;/Transpose_87;/Unsqueeze_392;/Expand_35;/Concat_211
mixed_decode,430,__mye677100_myl0_430,signal,UNKNOWN,UNKNOWN,NO_KERNEL,NONE,NONE,NONE,NONE,NONE,UNKNOWN
mixed_decode,431,__mye677094_myl0_431,wait,UNKNOWN,UNKNOWN,NO_KERNEL,NONE,NONE,NONE,NONE,NONE,UNKNOWN
mixed_decode,432,__myl_FcCas_myl0_432,fusion,L17:k_proj,LINEAR,GEMM,sm80_xmma_gemm_i8f32_i8i32_f32_tn_n_tilesize32x64x64_stage6_warpsize2x2x1_tensor16x8x32_by_fusion_tactic,1x1x1024;1x1024x1024,Int8;Int8,1x1x1024,Half,/k_proj_17/MatMul;/k_proj_17/MatMul__a_dequant;/k_proj_17/MatMul__a_quant;/k_proj_17/MatMul__w_dequant
mixed_decode,433,__myl_ResMulMea_myl0_433,kgen,UNKNOWN,UNKNOWN,TENSORRT_INTERNAL,__myl_ResMulMea_0x3c91498c3beee36a5653966af1581a8a,1x1x1024,Half,1x1x8x1;1x1x8x128,Half;Half,/Reshape_137;/k_norm_17/Pow;/k_norm_17/ReduceMean
mixed_decode,434,__myl_AddSqrDivMulMulResSliSliNegConMulMulAddConResRepResTra_myl0_434,kgen,UNKNOWN,UNKNOWN,TENSORRT_INTERNAL,__myl_AddSqrDivMulMulResSliSliNegConMulMulAddConResRepResTra_0x5aea462b6a819ceadd3ebb32874c078f,1x8x-1x128;1x1x1x128;1x1x1x128;1x1x1x128;1x1x8x128;1x1x8x1;1;1;1;1;1;1;1;1;1;1;1;1;1;1;1;1;1;1,Half;Half;Half;Half;Half;Half;Int64;Int64;Int64;Int64;Int64;Int64;Int64;Int64;Int64;Int64;Int64;Int64;Int64;Int64;Int64;Int64;Int64;Int64,1x8x-1x128;1x16x128x-1,Half;Half,/k_norm_17/Add;/k_norm_17/Sqrt;/k_norm_17/Mul;/k_norm_17/Mul_1;/Transpose_86;/Slice_70;/Slice_71;/Concat_209;/Mul_157;/Add_69;/Mul_156;/Unsqueeze_387;/Reshape_140;/Transpose_88;/Expand_34;/Concat_210;/Neg_35;/k_norm_17/Div
mixed_decode,435,__mye677096_myl0_435,signal,UNKNOWN,UNKNOWN,NO_KERNEL,NONE,NONE,NONE,NONE,NONE,UNKNOWN
mixed_decode,436,__myl_FcCas_myl0_436,fusion,L17:q_proj,LINEAR,GEMM,sm80_xmma_gemm_i8f32_i8i32_f32_tn_n_tilesize32x64x64_stage6_warpsize2x2x1_tensor16x8x32_by_fusion_tactic,1x1x1024;1x1024x2048,Int8;Int8,1x1x2048,Half,/q_proj_17/MatMul;/q_proj_17/MatMul__a_dequant;/q_proj_17/MatMul__a_quant;/q_proj_17/MatMul__w_dequant
mixed_decode,437,__myl_ResMulMea_myl0_437,kgen,UNKNOWN,UNKNOWN,TENSORRT_INTERNAL,__myl_ResMulMea_0xf2413012cd9ac6341b95d78f3432c656,1x1x2048,Half,1x1x16x1;1x1x16x128,Half;Half,/Reshape_136;/q_norm_17/Pow;/q_norm_17/ReduceMean
mixed_decode,438,__myl_AddSqrDivMulMulResSliSliNegConMulMulAdd_myl0_438,kgen,UNKNOWN,UNKNOWN,TENSORRT_INTERNAL,__myl_AddSqrDivMulMulResSliSliNegConMulMulAdd_0xf1ba08cc3beaba8ee91b0504be9c2cf4,1x1x1x128;1x1x1x128;1x1x1x128;1x1x16x128;1x1x16x1,Half;Half;Half;Half;Half,1x16x1x128,Half,/q_norm_17/Add;/q_norm_17/Sqrt;/q_norm_17/Mul;/q_norm_17/Mul_1;/Transpose_85;/Slice_68;/Slice_69;/Concat_208;/Mul_155;/Add_68;/Mul_154;/Neg_34;/q_norm_17/Div
mixed_decode,439,__mye677098_myl0_439,wait,UNKNOWN,UNKNOWN,NO_KERNEL,NONE,NONE,NONE,NONE,NONE,UNKNOWN
mixed_decode,440,/MatMul_34_myl0_440,gemm,L34:ATTENTION_VALUE,ATTENTION_GEMM,GEMM,sm80_xmma_gemm_f16f16_f16f32_f32_nn_n_tilesize32x32x64_stage6_warpsize2x2x1_tensor16x8x16_aligna2_alignc2,16x1x128;16x128x-1;1;1,Half;Half;Float;Float,16x1x-1,Half,/MatMul_34
mixed_decode,441,__myl_MulMaxSubExpSumDivMul_myl0_441,kgen,UNKNOWN,UNKNOWN,TENSORRT_INTERNAL,__myl_MulMaxSubExpSumDivMul_0x1108f5a078d6e65507c06537b9b2e43f,1x16x1x-1;1;1,Half;Int64;Int64,1x16x1x-1,Half,/Mul_160;/Softmax_17
mixed_decode,442,__mye677102_myl0_442,wait,UNKNOWN,UNKNOWN,NO_KERNEL,NONE,NONE,NONE,NONE,NONE,UNKNOWN
mixed_decode,443,/MatMul_35_myl0_443,gemm,L35:ATTENTION_VALUE,ATTENTION_GEMM,GEMM,sm80_xmma_gemm_f16f16_f16f32_f32_nn_n_tilesize64x128x32_stage5_warpsize2x2x1_tensor16x8x16_aligna2_alignc2,16x1x-1;16x-1x128;1;1,Half;Half;Float;Float,16x1x128,Half,/MatMul_35
mixed_decode,444,__myl_MulMinMaxRouCas_myl0_444,kgen,L17:o_proj,LINEAR,TENSORRT_INTERNAL,__myl_MulMinMaxRouCas_0x46757e257e41ef1fb92716579e35a0d1,16x1x128,Half,16x1x128,Int8,/o_proj_17/MatMul__a_quant
mixed_decode,445,__myl_FcCasAdd_myl0_445,fusion,L17:o_proj,LINEAR,GEMM,sm80_xmma_gemm_i8f32_i8i32_f32_tn_n_tilesize32x64x64_stage6_warpsize2x2x1_tensor16x8x32_by_fusion_tactic,1x1x1024;1x1x2048;1x2048x1024,Half;Int8;Int8,1x1x1024,Half,/o_proj_17/MatMul;/o_proj_17/MatMul__a_dequant;/o_proj_17/MatMul__a_quant;/o_proj_17/MatMul__w_dequant;/Add_70
mixed_decode,446,__myl_MulMeaAddSqrDivMulMulMulMinMaxRouCas_myl0_446,kgen,L17:gate_proj,LINEAR,TENSORRT_INTERNAL,__myl_MulMeaAddSqrDivMulMulMulMinMaxRouCas_0x4119fc4c6529add99aa14081dbc16ecb,1x1x1024;1x1x1024;1x1x1024;1x1x1024,Half;Half;Half;Half,1x1x1024;1x1x1024,Int8;Half,/post_attention_layernorm_17/Pow;/post_attention_layernorm_17/ReduceMean;/post_attention_layernorm_17/Add;/post_attention_layernorm_17/Div;/post_attention_layernorm_17/Sqrt;/post_attention_layernorm_17/Mul;/post_attention_layernorm_17/Mul_1;/gate_proj_17/MatMul__a_quant
mixed_decode,447,/up_proj_17/MatMul_myl0_447,gemm,L17:up_proj,LINEAR,GEMM,sm80_xmma_gemm_f16f16_f16f16_f16_tn_n_tilesize32x32x64_stage6_warpsize2x2x1_tensor16x8x16,1x1x1024;1x1024x3072;1;1,Half;Half;Float;Float,1x1x3072,Half,/up_proj_17/MatMul
mixed_decode,448,__myl_FcCasNegExpAddDivMulMul_myl0_448,fusion,L17:gate_proj,LINEAR,GEMM,sm80_xmma_gemm_i8i8_i8i32_f32_tn_n_tilesize32x64x64_stage6_warpsize2x2x1_tensor16x8x32_by_fusion_tactic,1x1x3072;1x1x1024;1x1024x3072,Half;Int8;Int8,1x1x3072,Half,/gate_proj_17/MatMul;/gate_proj_17/MatMul__a_dequant;/gate_proj_17/MatMul__a_quant;/gate_proj_17/MatMul__w_dequant;/Mul_161;/Mul_162;/Sigmoid_17
mixed_decode,449,__myl_FcAdd_myl0_449,fusion,L17:down_proj,LINEAR,GEMM,sm80_xmma_gemm_f16f16_f16f16_f16_nn_n_tilesize64x128x32_stage5_warpsize2x2x1_tensor16x8x16_by_fusion_tactic,1x1x1024;1x1x3072;1x3072x1024,Half;Half;Half,1x1x1024,Half,/down_proj_17/MatMul;/Add_71
mixed_decode,450,__myl_MulMeaAddSqrDivMulDivMinMaxRouCasDivMinMaxRouCasDivMinMaxRouCas_myl0_450,kgen,L18:q_proj,LINEAR,TENSORRT_INTERNAL,__myl_MulMeaAddSqrDivMulDivMinMaxRouCasDivMinMaxRouCasDivMinMaxRouCas_0x9f2c300bb597625319cadec4728f9bc5,1x1x1024;1x1x1024;1x1x1024;1x1x1024;1x1x1024;1x1x1024,Half;Half;Half;Half;Half;Half,1x1x1024;1x1x1024;1x1x1024,Int8;Int8;Int8,/q_proj_18/MatMul__a_quant;/k_proj_18/MatMul__a_quant;/v_proj_18/MatMul__a_quant;/input_layernorm_18/Mul;/input_layernorm_18/Sqrt;/input_layernorm_18/Div;/input_layernorm_18/Add;/input_layernorm_18/ReduceMean;/input_layernorm_18/Pow
mixed_decode,451,__mye677104_myl0_451,signal,UNKNOWN,UNKNOWN,NO_KERNEL,NONE,NONE,NONE,NONE,NONE,UNKNOWN
mixed_decode,452,__mye677106_myl0_452,wait,UNKNOWN,UNKNOWN,NO_KERNEL,NONE,NONE,NONE,NONE,NONE,UNKNOWN
mixed_decode,453,__myl_FcCas_myl0_453,fusion,L18:v_proj,LINEAR,GEMM,sm80_xmma_gemm_i8f32_i8i32_f32_tn_n_tilesize32x64x64_stage6_warpsize2x2x1_tensor16x8x32_by_fusion_tactic,1x1x1024;1x1024x1024,Int8;Int8,1x1x1024,Half,/v_proj_18/MatMul;/v_proj_18/MatMul__a_dequant;/v_proj_18/MatMul__a_quant;/v_proj_18/MatMul__w_dequant
mixed_decode,454,__myl_ResConResRep_myl0_454,kgen,UNKNOWN,UNKNOWN,TENSORRT_INTERNAL,__myl_ResConResRep_0x9d40828c020eb6bb972be950c35191c1,1x8x-1x128;1x1x1024;1;1;1;1;1;1;1;1;1;1;1;1;1;1,Half;Half;Int64;Int64;Int64;Int64;Int64;Int64;Int64;Int64;Int64;Int64;Int64;Int64;Int64;Int64,1x8x-1x128;1x8x2x-1x128,Half;Half,/Reshape_146;/Transpose_92;/Unsqueeze_414;/Expand_37;/Concat_223
mixed_decode,455,__mye677114_myl0_455,signal,UNKNOWN,UNKNOWN,NO_KERNEL,NONE,NONE,NONE,NONE,NONE,UNKNOWN
mixed_decode,456,__mye677108_myl0_456,wait,UNKNOWN,UNKNOWN,NO_KERNEL,NONE,NONE,NONE,NONE,NONE,UNKNOWN
mixed_decode,457,__myl_FcCas_myl0_457,fusion,L18:k_proj,LINEAR,GEMM,sm80_xmma_gemm_i8f32_i8i32_f32_tn_n_tilesize32x64x64_stage6_warpsize2x2x1_tensor16x8x32_by_fusion_tactic,1x1x1024;1x1024x1024,Int8;Int8,1x1x1024,Half,/k_proj_18/MatMul;/k_proj_18/MatMul__a_dequant;/k_proj_18/MatMul__a_quant;/k_proj_18/MatMul__w_dequant
mixed_decode,458,__myl_ResMulMea_myl0_458,kgen,UNKNOWN,UNKNOWN,TENSORRT_INTERNAL,__myl_ResMulMea_0x3c91498c3beee36a5653966af1581a8a,1x1x1024,Half,1x1x8x1;1x1x8x128,Half;Half,/Reshape_145;/k_norm_18/Pow;/k_norm_18/ReduceMean
mixed_decode,459,__myl_AddSqrDivMulMulResSliSliNegConMulMulAddConResRepResTra_myl0_459,kgen,UNKNOWN,UNKNOWN,TENSORRT_INTERNAL,__myl_AddSqrDivMulMulResSliSliNegConMulMulAddConResRepResTra_0x5aea462b6a819ceadd3ebb32874c078f,1x8x-1x128;1x1x1x128;1x1x1x128;1x1x1x128;1x1x8x128;1x1x8x1;1;1;1;1;1;1;1;1;1;1;1;1;1;1;1;1;1;1,Half;Half;Half;Half;Half;Half;Int64;Int64;Int64;Int64;Int64;Int64;Int64;Int64;Int64;Int64;Int64;Int64;Int64;Int64;Int64;Int64;Int64;Int64,1x8x-1x128;1x16x128x-1,Half;Half,/k_norm_18/Add;/k_norm_18/Sqrt;/k_norm_18/Mul;/k_norm_18/Mul_1;/Transpose_91;/Slice_74;/Slice_75;/Concat_221;/Mul_166;/Add_73;/Mul_165;/Unsqueeze_409;/Reshape_148;/Transpose_93;/Expand_36;/Concat_222;/Neg_37;/k_norm_18/Div
mixed_decode,460,__mye677110_myl0_460,signal,UNKNOWN,UNKNOWN,NO_KERNEL,NONE,NONE,NONE,NONE,NONE,UNKNOWN
mixed_decode,461,__myl_FcCas_myl0_461,fusion,L18:q_proj,LINEAR,GEMM,sm80_xmma_gemm_i8f32_i8i32_f32_tn_n_tilesize32x64x64_stage6_warpsize2x2x1_tensor16x8x32_by_fusion_tactic,1x1x1024;1x1024x2048,Int8;Int8,1x1x2048,Half,/q_proj_18/MatMul;/q_proj_18/MatMul__a_dequant;/q_proj_18/MatMul__a_quant;/q_proj_18/MatMul__w_dequant
mixed_decode,462,__myl_ResMulMea_myl0_462,kgen,UNKNOWN,UNKNOWN,TENSORRT_INTERNAL,__myl_ResMulMea_0xf2413012cd9ac6341b95d78f3432c656,1x1x2048,Half,1x1x16x1;1x1x16x128,Half;Half,/Reshape_144;/q_norm_18/Pow;/q_norm_18/ReduceMean
mixed_decode,463,__myl_AddSqrDivMulMulResSliSliNegConMulMulAdd_myl0_463,kgen,UNKNOWN,UNKNOWN,TENSORRT_INTERNAL,__myl_AddSqrDivMulMulResSliSliNegConMulMulAdd_0xf1ba08cc3beaba8ee91b0504be9c2cf4,1x1x1x128;1x1x1x128;1x1x1x128;1x1x16x128;1x1x16x1,Half;Half;Half;Half;Half,1x16x1x128,Half,/q_norm_18/Add;/q_norm_18/Sqrt;/q_norm_18/Mul;/q_norm_18/Mul_1;/Transpose_90;/Slice_72;/Slice_73;/Concat_220;/Mul_164;/Add_72;/Mul_163;/Neg_36;/q_norm_18/Div
mixed_decode,464,__mye677112_myl0_464,wait,UNKNOWN,UNKNOWN,NO_KERNEL,NONE,NONE,NONE,NONE,NONE,UNKNOWN
mixed_decode,465,/MatMul_36_myl0_465,gemm,L36:ATTENTION_VALUE,ATTENTION_GEMM,GEMM,sm80_xmma_gemm_f16f16_f16f32_f32_nn_n_tilesize32x32x64_stage6_warpsize2x2x1_tensor16x8x16_aligna2_alignc2,16x1x128;16x128x-1;1;1,Half;Half;Float;Float,16x1x-1,Half,/MatMul_36
mixed_decode,466,__myl_MulMaxSubExpSumDivMul_myl0_466,kgen,UNKNOWN,UNKNOWN,TENSORRT_INTERNAL,__myl_MulMaxSubExpSumDivMul_0x1108f5a078d6e65507c06537b9b2e43f,1x16x1x-1;1;1,Half;Int64;Int64,1x16x1x-1,Half,/Mul_169;/Softmax_18
mixed_decode,467,__mye677116_myl0_467,wait,UNKNOWN,UNKNOWN,NO_KERNEL,NONE,NONE,NONE,NONE,NONE,UNKNOWN
mixed_decode,468,/MatMul_37_myl0_468,gemm,L37:ATTENTION_VALUE,ATTENTION_GEMM,GEMM,sm80_xmma_gemm_f16f16_f16f32_f32_nn_n_tilesize64x128x32_stage5_warpsize2x2x1_tensor16x8x16_aligna2_alignc2,16x1x-1;16x-1x128;1;1,Half;Half;Float;Float,16x1x128,Half,/MatMul_37
mixed_decode,469,__myl_MulMinMaxRouCas_myl0_469,kgen,L18:o_proj,LINEAR,TENSORRT_INTERNAL,__myl_MulMinMaxRouCas_0xa01c797cf706031bf4679ec54cf7b88d,16x1x128,Half,16x1x128,Int8,/o_proj_18/MatMul__a_quant
mixed_decode,470,__myl_FcCasAdd_myl0_470,fusion,L18:o_proj,LINEAR,GEMM,sm80_xmma_gemm_i8f32_i8i32_f32_tn_n_tilesize32x64x64_stage6_warpsize2x2x1_tensor16x8x32_by_fusion_tactic,1x1x1024;1x1x2048;1x2048x1024,Half;Int8;Int8,1x1x1024,Half,/o_proj_18/MatMul;/o_proj_18/MatMul__a_dequant;/o_proj_18/MatMul__a_quant;/o_proj_18/MatMul__w_dequant;/Add_74
mixed_decode,471,__myl_MulMeaAddSqrDivMulMulMulMinMaxRouCas_myl0_471,kgen,L18:gate_proj,LINEAR,TENSORRT_INTERNAL,__myl_MulMeaAddSqrDivMulMulMulMinMaxRouCas_0xe944abd3db8709490013ec56e805a4c9,1x1x1024;1x1x1024;1x1x1024;1x1x1024,Half;Half;Half;Half,1x1x1024;1x1x1024,Int8;Half,/post_attention_layernorm_18/Pow;/post_attention_layernorm_18/ReduceMean;/post_attention_layernorm_18/Add;/post_attention_layernorm_18/Div;/post_attention_layernorm_18/Sqrt;/post_attention_layernorm_18/Mul;/post_attention_layernorm_18/Mul_1;/gate_proj_18/MatMul__a_quant
mixed_decode,472,/up_proj_18/MatMul_myl0_472,gemm,L18:up_proj,LINEAR,GEMM,sm80_xmma_gemm_f16f16_f16f16_f16_tn_n_tilesize32x32x64_stage6_warpsize2x2x1_tensor16x8x16,1x1x1024;1x1024x3072;1;1,Half;Half;Float;Float,1x1x3072,Half,/up_proj_18/MatMul
mixed_decode,473,__myl_FcCasNegExpAddDivMulMul_myl0_473,fusion,L18:gate_proj,LINEAR,GEMM,sm80_xmma_gemm_i8i8_i8i32_f32_tn_n_tilesize32x64x64_stage6_warpsize2x2x1_tensor16x8x32_by_fusion_tactic,1x1x3072;1x1x1024;1x1024x3072,Half;Int8;Int8,1x1x3072,Half,/gate_proj_18/MatMul;/gate_proj_18/MatMul__a_dequant;/gate_proj_18/MatMul__a_quant;/gate_proj_18/MatMul__w_dequant;/Mul_170;/Mul_171;/Sigmoid_18
mixed_decode,474,__myl_FcAdd_myl0_474,fusion,L18:down_proj,LINEAR,GEMM,sm80_xmma_gemm_f16f16_f16f16_f16_nn_n_tilesize64x128x32_stage5_warpsize2x2x1_tensor16x8x16_by_fusion_tactic,1x1x1024;1x1x3072;1x3072x1024,Half;Half;Half,1x1x1024,Half,/down_proj_18/MatMul;/Add_75
mixed_decode,475,__myl_MulMeaAddSqrDivMulDivMinMaxRouCasDivMinMaxRouCasDivMinMaxRouCas_myl0_475,kgen,L19:q_proj,LINEAR,TENSORRT_INTERNAL,__myl_MulMeaAddSqrDivMulDivMinMaxRouCasDivMinMaxRouCasDivMinMaxRouCas_0x9f2c300bb597625319cadec4728f9bc5,1x1x1024;1x1x1024;1x1x1024;1x1x1024;1x1x1024;1x1x1024,Half;Half;Half;Half;Half;Half,1x1x1024;1x1x1024;1x1x1024,Int8;Int8;Int8,/q_proj_19/MatMul__a_quant;/k_proj_19/MatMul__a_quant;/v_proj_19/MatMul__a_quant;/input_layernorm_19/Mul;/input_layernorm_19/Sqrt;/input_layernorm_19/Div;/input_layernorm_19/Add;/input_layernorm_19/ReduceMean;/input_layernorm_19/Pow
mixed_decode,476,__mye677118_myl0_476,signal,UNKNOWN,UNKNOWN,NO_KERNEL,NONE,NONE,NONE,NONE,NONE,UNKNOWN
mixed_decode,477,__mye677120_myl0_477,wait,UNKNOWN,UNKNOWN,NO_KERNEL,NONE,NONE,NONE,NONE,NONE,UNKNOWN
mixed_decode,478,__myl_FcCas_myl0_478,fusion,L19:v_proj,LINEAR,GEMM,sm80_xmma_gemm_i8f32_i8i32_f32_tn_n_tilesize32x64x64_stage6_warpsize2x2x1_tensor16x8x32_by_fusion_tactic,1x1x1024;1x1024x1024,Int8;Int8,1x1x1024,Half,/v_proj_19/MatMul;/v_proj_19/MatMul__a_dequant;/v_proj_19/MatMul__a_quant;/v_proj_19/MatMul__w_dequant
mixed_decode,479,__myl_ResConResRep_myl0_479,kgen,UNKNOWN,UNKNOWN,TENSORRT_INTERNAL,__myl_ResConResRep_0x9d40828c020eb6bb972be950c35191c1,1x8x-1x128;1x1x1024;1;1;1;1;1;1;1;1;1;1;1;1;1;1,Half;Half;Int64;Int64;Int64;Int64;Int64;Int64;Int64;Int64;Int64;Int64;Int64;Int64;Int64;Int64,1x8x-1x128;1x8x2x-1x128,Half;Half,/Reshape_154;/Transpose_97;/Unsqueeze_436;/Expand_39;/Concat_235
mixed_decode,480,__mye677128_myl0_480,signal,UNKNOWN,UNKNOWN,NO_KERNEL,NONE,NONE,NONE,NONE,NONE,UNKNOWN
mixed_decode,481,__mye677122_myl0_481,wait,UNKNOWN,UNKNOWN,NO_KERNEL,NONE,NONE,NONE,NONE,NONE,UNKNOWN
mixed_decode,482,__myl_FcCas_myl0_482,fusion,L19:k_proj,LINEAR,GEMM,sm80_xmma_gemm_i8f32_i8i32_f32_tn_n_tilesize32x64x64_stage6_warpsize2x2x1_tensor16x8x32_by_fusion_tactic,1x1x1024;1x1024x1024,Int8;Int8,1x1x1024,Half,/k_proj_19/MatMul;/k_proj_19/MatMul__a_dequant;/k_proj_19/MatMul__a_quant;/k_proj_19/MatMul__w_dequant
mixed_decode,483,__myl_ResMulMea_myl0_483,kgen,UNKNOWN,UNKNOWN,TENSORRT_INTERNAL,__myl_ResMulMea_0x3c91498c3beee36a5653966af1581a8a,1x1x1024,Half,1x1x8x1;1x1x8x128,Half;Half,/Reshape_153;/k_norm_19/Pow;/k_norm_19/ReduceMean
mixed_decode,484,__myl_AddSqrDivMulMulResSliSliNegConMulMulAddConResRepResTra_myl0_484,kgen,UNKNOWN,UNKNOWN,TENSORRT_INTERNAL,__myl_AddSqrDivMulMulResSliSliNegConMulMulAddConResRepResTra_0x5aea462b6a819ceadd3ebb32874c078f,1x8x-1x128;1x1x1x128;1x1x1x128;1x1x1x128;1x1x8x128;1x1x8x1;1;1;1;1;1;1;1;1;1;1;1;1;1;1;1;1;1;1,Half;Half;Half;Half;Half;Half;Int64;Int64;Int64;Int64;Int64;Int64;Int64;Int64;Int64;Int64;Int64;Int64;Int64;Int64;Int64;Int64;Int64;Int64,1x8x-1x128;1x16x128x-1,Half;Half,/k_norm_19/Add;/k_norm_19/Sqrt;/k_norm_19/Mul;/k_norm_19/Mul_1;/Transpose_96;/Slice_78;/Slice_79;/Concat_233;/Mul_175;/Add_77;/Mul_174;/Unsqueeze_431;/Reshape_156;/Transpose_98;/Expand_38;/Concat_234;/Neg_39;/k_norm_19/Div
mixed_decode,485,__mye677124_myl0_485,signal,UNKNOWN,UNKNOWN,NO_KERNEL,NONE,NONE,NONE,NONE,NONE,UNKNOWN
mixed_decode,486,__myl_FcCas_myl0_486,fusion,L19:q_proj,LINEAR,GEMM,sm80_xmma_gemm_i8f32_i8i32_f32_tn_n_tilesize32x64x64_stage6_warpsize2x2x1_tensor16x8x32_by_fusion_tactic,1x1x1024;1x1024x2048,Int8;Int8,1x1x2048,Half,/q_proj_19/MatMul;/q_proj_19/MatMul__a_dequant;/q_proj_19/MatMul__a_quant;/q_proj_19/MatMul__w_dequant
mixed_decode,487,__myl_ResMulMea_myl0_487,kgen,UNKNOWN,UNKNOWN,TENSORRT_INTERNAL,__myl_ResMulMea_0xf2413012cd9ac6341b95d78f3432c656,1x1x2048,Half,1x1x16x1;1x1x16x128,Half;Half,/Reshape_152;/q_norm_19/Pow;/q_norm_19/ReduceMean
mixed_decode,488,__myl_AddSqrDivMulMulResSliSliNegConMulMulAdd_myl0_488,kgen,UNKNOWN,UNKNOWN,TENSORRT_INTERNAL,__myl_AddSqrDivMulMulResSliSliNegConMulMulAdd_0xf1ba08cc3beaba8ee91b0504be9c2cf4,1x1x1x128;1x1x1x128;1x1x1x128;1x1x16x128;1x1x16x1,Half;Half;Half;Half;Half,1x16x1x128,Half,/q_norm_19/Add;/q_norm_19/Sqrt;/q_norm_19/Mul;/q_norm_19/Mul_1;/Transpose_95;/Slice_76;/Slice_77;/Concat_232;/Mul_173;/Add_76;/Mul_172;/Neg_38;/q_norm_19/Div
mixed_decode,489,__mye677126_myl0_489,wait,UNKNOWN,UNKNOWN,NO_KERNEL,NONE,NONE,NONE,NONE,NONE,UNKNOWN
mixed_decode,490,/MatMul_38_myl0_490,gemm,L38:ATTENTION_VALUE,ATTENTION_GEMM,GEMM,sm80_xmma_gemm_f16f16_f16f32_f32_nn_n_tilesize32x32x64_stage6_warpsize2x2x1_tensor16x8x16_aligna2_alignc2,16x1x128;16x128x-1;1;1,Half;Half;Float;Float,16x1x-1,Half,/MatMul_38
mixed_decode,491,__myl_MulMaxSubExpSumDivMul_myl0_491,kgen,UNKNOWN,UNKNOWN,TENSORRT_INTERNAL,__myl_MulMaxSubExpSumDivMul_0x1108f5a078d6e65507c06537b9b2e43f,1x16x1x-1;1;1,Half;Int64;Int64,1x16x1x-1,Half,/Mul_178;/Softmax_19
mixed_decode,492,__mye677130_myl0_492,wait,UNKNOWN,UNKNOWN,NO_KERNEL,NONE,NONE,NONE,NONE,NONE,UNKNOWN
mixed_decode,493,/MatMul_39_myl0_493,gemm,L39:ATTENTION_VALUE,ATTENTION_GEMM,GEMM,sm80_xmma_gemm_f16f16_f16f32_f32_nn_n_tilesize64x128x32_stage5_warpsize2x2x1_tensor16x8x16_aligna2_alignc2,16x1x-1;16x-1x128;1;1,Half;Half;Float;Float,16x1x128,Half,/MatMul_39
mixed_decode,494,__myl_MulMinMaxRouCas_myl0_494,kgen,L19:o_proj,LINEAR,TENSORRT_INTERNAL,__myl_MulMinMaxRouCas_0x0b3337a1cc9120f6d73fd89c494a9e53,16x1x128,Half,16x1x128,Int8,/o_proj_19/MatMul__a_quant
mixed_decode,495,__myl_FcCasAdd_myl0_495,fusion,L19:o_proj,LINEAR,GEMM,sm80_xmma_gemm_i8f32_i8i32_f32_tn_n_tilesize32x64x64_stage6_warpsize2x2x1_tensor16x8x32_by_fusion_tactic,1x1x1024;1x1x2048;1x2048x1024,Half;Int8;Int8,1x1x1024,Half,/o_proj_19/MatMul;/o_proj_19/MatMul__a_dequant;/o_proj_19/MatMul__a_quant;/o_proj_19/MatMul__w_dequant;/Add_78
mixed_decode,496,__myl_MulMeaAddSqrDivMulMulMulMinMaxRouCas_myl0_496,kgen,L19:gate_proj,LINEAR,TENSORRT_INTERNAL,__myl_MulMeaAddSqrDivMulMulMulMinMaxRouCas_0x77624facc1459ff2bf110c24ed8021c9,1x1x1024;1x1x1024;1x1x1024;1x1x1024,Half;Half;Half;Half,1x1x1024;1x1x1024,Int8;Half,/post_attention_layernorm_19/Pow;/post_attention_layernorm_19/ReduceMean;/post_attention_layernorm_19/Add;/post_attention_layernorm_19/Div;/post_attention_layernorm_19/Sqrt;/post_attention_layernorm_19/Mul;/post_attention_layernorm_19/Mul_1;/gate_proj_19/MatMul__a_quant
mixed_decode,497,/up_proj_19/MatMul_myl0_497,gemm,L19:up_proj,LINEAR,GEMM,sm80_xmma_gemm_f16f16_f16f16_f16_tn_n_tilesize32x32x64_stage6_warpsize2x2x1_tensor16x8x16,1x1x1024;1x1024x3072;1;1,Half;Half;Float;Float,1x1x3072,Half,/up_proj_19/MatMul
mixed_decode,498,__myl_FcCasNegExpAddDivMulMul_myl0_498,fusion,L19:gate_proj,LINEAR,GEMM,sm80_xmma_gemm_i8i8_i8i32_f32_tn_n_tilesize32x64x64_stage6_warpsize2x2x1_tensor16x8x32_by_fusion_tactic,1x1x3072;1x1x1024;1x1024x3072,Half;Int8;Int8,1x1x3072,Half,/gate_proj_19/MatMul;/gate_proj_19/MatMul__a_dequant;/gate_proj_19/MatMul__a_quant;/gate_proj_19/MatMul__w_dequant;/Mul_179;/Mul_180;/Sigmoid_19
mixed_decode,499,__myl_FcAdd_myl0_499,fusion,L19:down_proj,LINEAR,GEMM,sm80_xmma_gemm_f16f16_f16f16_f16_nn_n_tilesize64x128x32_stage5_warpsize2x2x1_tensor16x8x16_by_fusion_tactic,1x1x1024;1x1x3072;1x3072x1024,Half;Half;Half,1x1x1024,Half,/down_proj_19/MatMul;/Add_79
mixed_decode,500,__myl_MulMeaAddSqrDivMulDivMinMaxRouCasDivMinMaxRouCasDivMinMaxRouCas_myl0_500,kgen,L20:q_proj,LINEAR,TENSORRT_INTERNAL,__myl_MulMeaAddSqrDivMulDivMinMaxRouCasDivMinMaxRouCasDivMinMaxRouCas_0x9f2c300bb597625319cadec4728f9bc5,1x1x1024;1x1x1024;1x1x1024;1x1x1024;1x1x1024;1x1x1024,Half;Half;Half;Half;Half;Half,1x1x1024;1x1x1024;1x1x1024,Int8;Int8;Int8,/q_proj_20/MatMul__a_quant;/k_proj_20/MatMul__a_quant;/v_proj_20/MatMul__a_quant;/input_layernorm_20/Mul;/input_layernorm_20/Sqrt;/input_layernorm_20/Div;/input_layernorm_20/Add;/input_layernorm_20/ReduceMean;/input_layernorm_20/Pow
mixed_decode,501,__mye677132_myl0_501,signal,UNKNOWN,UNKNOWN,NO_KERNEL,NONE,NONE,NONE,NONE,NONE,UNKNOWN
mixed_decode,502,__mye677134_myl0_502,wait,UNKNOWN,UNKNOWN,NO_KERNEL,NONE,NONE,NONE,NONE,NONE,UNKNOWN
mixed_decode,503,__myl_FcCas_myl0_503,fusion,L20:v_proj,LINEAR,GEMM,sm80_xmma_gemm_i8f32_i8i32_f32_tn_n_tilesize32x64x64_stage6_warpsize2x2x1_tensor16x8x32_by_fusion_tactic,1x1x1024;1x1024x1024,Int8;Int8,1x1x1024,Half,/v_proj_20/MatMul;/v_proj_20/MatMul__a_dequant;/v_proj_20/MatMul__a_quant;/v_proj_20/MatMul__w_dequant
mixed_decode,504,__myl_ResConResRep_myl0_504,kgen,UNKNOWN,UNKNOWN,TENSORRT_INTERNAL,__myl_ResConResRep_0x9d40828c020eb6bb972be950c35191c1,1x8x-1x128;1x1x1024;1;1;1;1;1;1;1;1;1;1;1;1;1;1,Half;Half;Int64;Int64;Int64;Int64;Int64;Int64;Int64;Int64;Int64;Int64;Int64;Int64;Int64;Int64,1x8x-1x128;1x8x2x-1x128,Half;Half,/Reshape_162;/Transpose_102;/Unsqueeze_458;/Expand_41;/Concat_247
mixed_decode,505,__mye677142_myl0_505,signal,UNKNOWN,UNKNOWN,NO_KERNEL,NONE,NONE,NONE,NONE,NONE,UNKNOWN
mixed_decode,506,__mye677136_myl0_506,wait,UNKNOWN,UNKNOWN,NO_KERNEL,NONE,NONE,NONE,NONE,NONE,UNKNOWN
mixed_decode,507,__myl_FcCas_myl0_507,fusion,L20:k_proj,LINEAR,GEMM,sm80_xmma_gemm_i8f32_i8i32_f32_tn_n_tilesize32x64x64_stage6_warpsize2x2x1_tensor16x8x32_by_fusion_tactic,1x1x1024;1x1024x1024,Int8;Int8,1x1x1024,Half,/k_proj_20/MatMul;/k_proj_20/MatMul__a_dequant;/k_proj_20/MatMul__a_quant;/k_proj_20/MatMul__w_dequant
mixed_decode,508,__myl_ResMulMea_myl0_508,kgen,UNKNOWN,UNKNOWN,TENSORRT_INTERNAL,__myl_ResMulMea_0x3c91498c3beee36a5653966af1581a8a,1x1x1024,Half,1x1x8x1;1x1x8x128,Half;Half,/Reshape_161;/k_norm_20/Pow;/k_norm_20/ReduceMean
mixed_decode,509,__myl_AddSqrDivMulMulResSliSliNegConMulMulAddConResRepResTra_myl0_509,kgen,UNKNOWN,UNKNOWN,TENSORRT_INTERNAL,__myl_AddSqrDivMulMulResSliSliNegConMulMulAddConResRepResTra_0x5aea462b6a819ceadd3ebb32874c078f,1x8x-1x128;1x1x1x128;1x1x1x128;1x1x1x128;1x1x8x128;1x1x8x1;1;1;1;1;1;1;1;1;1;1;1;1;1;1;1;1;1;1,Half;Half;Half;Half;Half;Half;Int64;Int64;Int64;Int64;Int64;Int64;Int64;Int64;Int64;Int64;Int64;Int64;Int64;Int64;Int64;Int64;Int64;Int64,1x8x-1x128;1x16x128x-1,Half;Half,/k_norm_20/Add;/k_norm_20/Sqrt;/k_norm_20/Mul;/k_norm_20/Mul_1;/Transpose_101;/Slice_82;/Slice_83;/Concat_245;/Mul_184;/Add_81;/Mul_183;/Unsqueeze_453;/Reshape_164;/Transpose_103;/Expand_40;/Concat_246;/Neg_41;/k_norm_20/Div
mixed_decode,510,__mye677138_myl0_510,signal,UNKNOWN,UNKNOWN,NO_KERNEL,NONE,NONE,NONE,NONE,NONE,UNKNOWN
mixed_decode,511,__myl_FcCas_myl0_511,fusion,L20:q_proj,LINEAR,GEMM,sm80_xmma_gemm_i8f32_i8i32_f32_tn_n_tilesize32x64x64_stage6_warpsize2x2x1_tensor16x8x32_by_fusion_tactic,1x1x1024;1x1024x2048,Int8;Int8,1x1x2048,Half,/q_proj_20/MatMul;/q_proj_20/MatMul__a_dequant;/q_proj_20/MatMul__a_quant;/q_proj_20/MatMul__w_dequant
mixed_decode,512,__myl_ResMulMea_myl0_512,kgen,UNKNOWN,UNKNOWN,TENSORRT_INTERNAL,__myl_ResMulMea_0xf2413012cd9ac6341b95d78f3432c656,1x1x2048,Half,1x1x16x1;1x1x16x128,Half;Half,/Reshape_160;/q_norm_20/Pow;/q_norm_20/ReduceMean
mixed_decode,513,__myl_AddSqrDivMulMulResSliSliNegConMulMulAdd_myl0_513,kgen,UNKNOWN,UNKNOWN,TENSORRT_INTERNAL,__myl_AddSqrDivMulMulResSliSliNegConMulMulAdd_0xf1ba08cc3beaba8ee91b0504be9c2cf4,1x1x1x128;1x1x1x128;1x1x1x128;1x1x16x128;1x1x16x1,Half;Half;Half;Half;Half,1x16x1x128,Half,/q_norm_20/Add;/q_norm_20/Sqrt;/q_norm_20/Mul;/q_norm_20/Mul_1;/Transpose_100;/Slice_80;/Slice_81;/Concat_244;/Mul_182;/Add_80;/Mul_181;/Neg_40;/q_norm_20/Div
mixed_decode,514,__mye677140_myl0_514,wait,UNKNOWN,UNKNOWN,NO_KERNEL,NONE,NONE,NONE,NONE,NONE,UNKNOWN
mixed_decode,515,/MatMul_40_myl0_515,gemm,L40:ATTENTION_VALUE,ATTENTION_GEMM,GEMM,sm80_xmma_gemm_f16f16_f16f32_f32_nn_n_tilesize32x32x64_stage6_warpsize2x2x1_tensor16x8x16_aligna2_alignc2,16x1x128;16x128x-1;1;1,Half;Half;Float;Float,16x1x-1,Half,/MatMul_40
mixed_decode,516,__myl_MulMaxSubExpSumDivMul_myl0_516,kgen,UNKNOWN,UNKNOWN,TENSORRT_INTERNAL,__myl_MulMaxSubExpSumDivMul_0x1108f5a078d6e65507c06537b9b2e43f,1x16x1x-1;1;1,Half;Int64;Int64,1x16x1x-1,Half,/Mul_187;/Softmax_20
mixed_decode,517,__mye677144_myl0_517,wait,UNKNOWN,UNKNOWN,NO_KERNEL,NONE,NONE,NONE,NONE,NONE,UNKNOWN
mixed_decode,518,/MatMul_41_myl0_518,gemm,L41:ATTENTION_VALUE,ATTENTION_GEMM,GEMM,sm80_xmma_gemm_f16f16_f16f32_f32_nn_n_tilesize64x128x32_stage5_warpsize2x2x1_tensor16x8x16_aligna2_alignc2,16x1x-1;16x-1x128;1;1,Half;Half;Float;Float,16x1x128,Half,/MatMul_41
mixed_decode,519,__myl_MulMinMaxRouCas_myl0_519,kgen,L20:o_proj,LINEAR,TENSORRT_INTERNAL,__myl_MulMinMaxRouCas_0x59f8206e6baa651ad7dab50737cc8951,16x1x128,Half,16x1x128,Int8,/o_proj_20/MatMul__a_quant
mixed_decode,520,__myl_FcCasAdd_myl0_520,fusion,L20:o_proj,LINEAR,GEMM,sm80_xmma_gemm_i8f32_i8i32_f32_tn_n_tilesize32x64x64_stage6_warpsize2x2x1_tensor16x8x32_by_fusion_tactic,1x1x1024;1x1x2048;1x2048x1024,Half;Int8;Int8,1x1x1024,Half,/o_proj_20/MatMul;/o_proj_20/MatMul__a_dequant;/o_proj_20/MatMul__a_quant;/o_proj_20/MatMul__w_dequant;/Add_82
mixed_decode,521,__myl_MulMeaAddSqrDivMulMulMulMinMaxRouCas_myl0_521,kgen,L20:gate_proj,LINEAR,TENSORRT_INTERNAL,__myl_MulMeaAddSqrDivMulMulMulMinMaxRouCas_0xd756cf8085615be8f2df33c74bb9ac74,1x1x1024;1x1x1024;1x1x1024;1x1x1024,Half;Half;Half;Half,1x1x1024;1x1x1024,Int8;Half,/post_attention_layernorm_20/Pow;/post_attention_layernorm_20/ReduceMean;/post_attention_layernorm_20/Add;/post_attention_layernorm_20/Div;/post_attention_layernorm_20/Sqrt;/post_attention_layernorm_20/Mul;/post_attention_layernorm_20/Mul_1;/gate_proj_20/MatMul__a_quant
mixed_decode,522,/up_proj_20/MatMul_myl0_522,gemm,L20:up_proj,LINEAR,GEMM,sm80_xmma_gemm_f16f16_f16f16_f16_tn_n_tilesize32x32x64_stage6_warpsize2x2x1_tensor16x8x16,1x1x1024;1x1024x3072;1;1,Half;Half;Float;Float,1x1x3072,Half,/up_proj_20/MatMul
mixed_decode,523,__myl_FcCasNegExpAddDivMulMul_myl0_523,fusion,L20:gate_proj,LINEAR,GEMM,sm80_xmma_gemm_i8i8_i8i32_f32_tn_n_tilesize32x64x64_stage6_warpsize2x2x1_tensor16x8x32_by_fusion_tactic,1x1x3072;1x1x1024;1x1024x3072,Half;Int8;Int8,1x1x3072,Half,/gate_proj_20/MatMul;/gate_proj_20/MatMul__a_dequant;/gate_proj_20/MatMul__a_quant;/gate_proj_20/MatMul__w_dequant;/Mul_188;/Mul_189;/Sigmoid_20
mixed_decode,524,__myl_FcAdd_myl0_524,fusion,L20:down_proj,LINEAR,GEMM,sm80_xmma_gemm_f16f16_f16f16_f16_nn_n_tilesize64x128x32_stage5_warpsize2x2x1_tensor16x8x16_by_fusion_tactic,1x1x1024;1x1x3072;1x3072x1024,Half;Half;Half,1x1x1024,Half,/down_proj_20/MatMul;/Add_83
mixed_decode,525,__myl_MulMeaAddSqrDivMulDivMinMaxRouCasDivMinMaxRouCasDivMinMaxRouCas_myl0_525,kgen,L21:q_proj,LINEAR,TENSORRT_INTERNAL,__myl_MulMeaAddSqrDivMulDivMinMaxRouCasDivMinMaxRouCasDivMinMaxRouCas_0x9f2c300bb597625319cadec4728f9bc5,1x1x1024;1x1x1024;1x1x1024;1x1x1024;1x1x1024;1x1x1024,Half;Half;Half;Half;Half;Half,1x1x1024;1x1x1024;1x1x1024,Int8;Int8;Int8,/q_proj_21/MatMul__a_quant;/k_proj_21/MatMul__a_quant;/v_proj_21/MatMul__a_quant;/input_layernorm_21/Mul;/input_layernorm_21/Sqrt;/input_layernorm_21/Div;/input_layernorm_21/Add;/input_layernorm_21/ReduceMean;/input_layernorm_21/Pow
mixed_decode,526,__mye677146_myl0_526,signal,UNKNOWN,UNKNOWN,NO_KERNEL,NONE,NONE,NONE,NONE,NONE,UNKNOWN
mixed_decode,527,__mye677148_myl0_527,wait,UNKNOWN,UNKNOWN,NO_KERNEL,NONE,NONE,NONE,NONE,NONE,UNKNOWN
mixed_decode,528,__myl_FcCas_myl0_528,fusion,L21:v_proj,LINEAR,GEMM,sm80_xmma_gemm_i8f32_i8i32_f32_tn_n_tilesize32x64x64_stage6_warpsize2x2x1_tensor16x8x32_by_fusion_tactic,1x1x1024;1x1024x1024,Int8;Int8,1x1x1024,Half,/v_proj_21/MatMul;/v_proj_21/MatMul__a_dequant;/v_proj_21/MatMul__a_quant;/v_proj_21/MatMul__w_dequant
mixed_decode,529,__myl_ResConResRep_myl0_529,kgen,UNKNOWN,UNKNOWN,TENSORRT_INTERNAL,__myl_ResConResRep_0x9d40828c020eb6bb972be950c35191c1,1x8x-1x128;1x1x1024;1;1;1;1;1;1;1;1;1;1;1;1;1;1,Half;Half;Int64;Int64;Int64;Int64;Int64;Int64;Int64;Int64;Int64;Int64;Int64;Int64;Int64;Int64,1x8x-1x128;1x8x2x-1x128,Half;Half,/Reshape_170;/Transpose_107;/Unsqueeze_480;/Expand_43;/Concat_259
mixed_decode,530,__mye677156_myl0_530,signal,UNKNOWN,UNKNOWN,NO_KERNEL,NONE,NONE,NONE,NONE,NONE,UNKNOWN
mixed_decode,531,__mye677150_myl0_531,wait,UNKNOWN,UNKNOWN,NO_KERNEL,NONE,NONE,NONE,NONE,NONE,UNKNOWN
mixed_decode,532,__myl_FcCas_myl0_532,fusion,L21:k_proj,LINEAR,GEMM,sm80_xmma_gemm_i8f32_i8i32_f32_tn_n_tilesize32x64x64_stage6_warpsize2x2x1_tensor16x8x32_by_fusion_tactic,1x1x1024;1x1024x1024,Int8;Int8,1x1x1024,Half,/k_proj_21/MatMul;/k_proj_21/MatMul__a_dequant;/k_proj_21/MatMul__a_quant;/k_proj_21/MatMul__w_dequant
mixed_decode,533,__myl_ResMulMea_myl0_533,kgen,UNKNOWN,UNKNOWN,TENSORRT_INTERNAL,__myl_ResMulMea_0x3c91498c3beee36a5653966af1581a8a,1x1x1024,Half,1x1x8x1;1x1x8x128,Half;Half,/Reshape_169;/k_norm_21/Pow;/k_norm_21/ReduceMean
mixed_decode,534,__myl_AddSqrDivMulMulResSliSliNegConMulMulAddConResRepResTra_myl0_534,kgen,UNKNOWN,UNKNOWN,TENSORRT_INTERNAL,__myl_AddSqrDivMulMulResSliSliNegConMulMulAddConResRepResTra_0x5aea462b6a819ceadd3ebb32874c078f,1x8x-1x128;1x1x1x128;1x1x1x128;1x1x1x128;1x1x8x128;1x1x8x1;1;1;1;1;1;1;1;1;1;1;1;1;1;1;1;1;1;1,Half;Half;Half;Half;Half;Half;Int64;Int64;Int64;Int64;Int64;Int64;Int64;Int64;Int64;Int64;Int64;Int64;Int64;Int64;Int64;Int64;Int64;Int64,1x8x-1x128;1x16x128x-1,Half;Half,/k_norm_21/Add;/k_norm_21/Sqrt;/k_norm_21/Mul;/k_norm_21/Mul_1;/Transpose_106;/Slice_86;/Slice_87;/Concat_257;/Mul_193;/Add_85;/Mul_192;/Unsqueeze_475;/Reshape_172;/Transpose_108;/Expand_42;/Concat_258;/Neg_43;/k_norm_21/Div
mixed_decode,535,__mye677152_myl0_535,signal,UNKNOWN,UNKNOWN,NO_KERNEL,NONE,NONE,NONE,NONE,NONE,UNKNOWN
mixed_decode,536,__myl_FcCas_myl0_536,fusion,L21:q_proj,LINEAR,GEMM,sm80_xmma_gemm_i8f32_i8i32_f32_tn_n_tilesize32x64x64_stage6_warpsize2x2x1_tensor16x8x32_by_fusion_tactic,1x1x1024;1x1024x2048,Int8;Int8,1x1x2048,Half,/q_proj_21/MatMul;/q_proj_21/MatMul__a_dequant;/q_proj_21/MatMul__a_quant;/q_proj_21/MatMul__w_dequant
mixed_decode,537,__myl_ResMulMea_myl0_537,kgen,UNKNOWN,UNKNOWN,TENSORRT_INTERNAL,__myl_ResMulMea_0xf2413012cd9ac6341b95d78f3432c656,1x1x2048,Half,1x1x16x1;1x1x16x128,Half;Half,/Reshape_168;/q_norm_21/Pow;/q_norm_21/ReduceMean
mixed_decode,538,__myl_AddSqrDivMulMulResSliSliNegConMulMulAdd_myl0_538,kgen,UNKNOWN,UNKNOWN,TENSORRT_INTERNAL,__myl_AddSqrDivMulMulResSliSliNegConMulMulAdd_0xf1ba08cc3beaba8ee91b0504be9c2cf4,1x1x1x128;1x1x1x128;1x1x1x128;1x1x16x128;1x1x16x1,Half;Half;Half;Half;Half,1x16x1x128,Half,/q_norm_21/Add;/q_norm_21/Sqrt;/q_norm_21/Mul;/q_norm_21/Mul_1;/Transpose_105;/Slice_84;/Slice_85;/Concat_256;/Mul_191;/Add_84;/Mul_190;/Neg_42;/q_norm_21/Div
mixed_decode,539,__mye677154_myl0_539,wait,UNKNOWN,UNKNOWN,NO_KERNEL,NONE,NONE,NONE,NONE,NONE,UNKNOWN
mixed_decode,540,/MatMul_42_myl0_540,gemm,L42:ATTENTION_VALUE,ATTENTION_GEMM,GEMM,sm80_xmma_gemm_f16f16_f16f32_f32_nn_n_tilesize32x32x64_stage6_warpsize2x2x1_tensor16x8x16_aligna2_alignc2,16x1x128;16x128x-1;1;1,Half;Half;Float;Float,16x1x-1,Half,/MatMul_42
mixed_decode,541,__myl_MulMaxSubExpSumDivMul_myl0_541,kgen,UNKNOWN,UNKNOWN,TENSORRT_INTERNAL,__myl_MulMaxSubExpSumDivMul_0x1108f5a078d6e65507c06537b9b2e43f,1x16x1x-1;1;1,Half;Int64;Int64,1x16x1x-1,Half,/Mul_196;/Softmax_21
mixed_decode,542,__mye677158_myl0_542,wait,UNKNOWN,UNKNOWN,NO_KERNEL,NONE,NONE,NONE,NONE,NONE,UNKNOWN
mixed_decode,543,/MatMul_43_myl0_543,gemm,L43:ATTENTION_VALUE,ATTENTION_GEMM,GEMM,sm80_xmma_gemm_f16f16_f16f32_f32_nn_n_tilesize64x128x32_stage5_warpsize2x2x1_tensor16x8x16_aligna2_alignc2,16x1x-1;16x-1x128;1;1,Half;Half;Float;Float,16x1x128,Half,/MatMul_43
mixed_decode,544,__myl_MulMinMaxRouCas_myl0_544,kgen,L21:o_proj,LINEAR,TENSORRT_INTERNAL,__myl_MulMinMaxRouCas_0x77ca5ed9b2797810688767dcda08897e,16x1x128,Half,16x1x128,Int8,/o_proj_21/MatMul__a_quant
mixed_decode,545,__myl_FcCasAdd_myl0_545,fusion,L21:o_proj,LINEAR,GEMM,sm80_xmma_gemm_i8f32_i8i32_f32_tn_n_tilesize32x64x64_stage6_warpsize2x2x1_tensor16x8x32_by_fusion_tactic,1x1x1024;1x1x2048;1x2048x1024,Half;Int8;Int8,1x1x1024,Half,/o_proj_21/MatMul;/o_proj_21/MatMul__a_dequant;/o_proj_21/MatMul__a_quant;/o_proj_21/MatMul__w_dequant;/Add_86
mixed_decode,546,__myl_MulMeaAddSqrDivMulMulMulMinMaxRouCas_myl0_546,kgen,L21:gate_proj,LINEAR,TENSORRT_INTERNAL,__myl_MulMeaAddSqrDivMulMulMulMinMaxRouCas_0xdba6260d6d388ff570fe95b3f4430bd0,1x1x1024;1x1x1024;1x1x1024;1x1x1024,Half;Half;Half;Half,1x1x1024;1x1x1024,Int8;Half,/post_attention_layernorm_21/Pow;/post_attention_layernorm_21/ReduceMean;/post_attention_layernorm_21/Add;/post_attention_layernorm_21/Div;/post_attention_layernorm_21/Sqrt;/post_attention_layernorm_21/Mul;/post_attention_layernorm_21/Mul_1;/gate_proj_21/MatMul__a_quant
mixed_decode,547,/up_proj_21/MatMul_myl0_547,gemm,L21:up_proj,LINEAR,GEMM,sm80_xmma_gemm_f16f16_f16f16_f16_tn_n_tilesize32x32x64_stage6_warpsize2x2x1_tensor16x8x16,1x1x1024;1x1024x3072;1;1,Half;Half;Float;Float,1x1x3072,Half,/up_proj_21/MatMul
mixed_decode,548,__myl_FcCasNegExpAddDivMulMul_myl0_548,fusion,L21:gate_proj,LINEAR,GEMM,sm80_xmma_gemm_i8i8_i8i32_f32_tn_n_tilesize32x64x64_stage6_warpsize2x2x1_tensor16x8x32_by_fusion_tactic,1x1x3072;1x1x1024;1x1024x3072,Half;Int8;Int8,1x1x3072,Half,/gate_proj_21/MatMul;/gate_proj_21/MatMul__a_dequant;/gate_proj_21/MatMul__a_quant;/gate_proj_21/MatMul__w_dequant;/Mul_197;/Mul_198;/Sigmoid_21
mixed_decode,549,__myl_FcAdd_myl0_549,fusion,L21:down_proj,LINEAR,GEMM,sm80_xmma_gemm_f16f16_f16f16_f16_nn_n_tilesize64x128x32_stage5_warpsize2x2x1_tensor16x8x16_by_fusion_tactic,1x1x1024;1x1x3072;1x3072x1024,Half;Half;Half,1x1x1024,Half,/down_proj_21/MatMul;/Add_87
mixed_decode,550,__myl_MulMeaAddSqrDivMulDivMinMaxRouCasDivMinMaxRouCasDivMinMaxRouCas_myl0_550,kgen,L22:q_proj,LINEAR,TENSORRT_INTERNAL,__myl_MulMeaAddSqrDivMulDivMinMaxRouCasDivMinMaxRouCasDivMinMaxRouCas_0x9f2c300bb597625319cadec4728f9bc5,1x1x1024;1x1x1024;1x1x1024;1x1x1024;1x1x1024;1x1x1024,Half;Half;Half;Half;Half;Half,1x1x1024;1x1x1024;1x1x1024,Int8;Int8;Int8,/q_proj_22/MatMul__a_quant;/k_proj_22/MatMul__a_quant;/v_proj_22/MatMul__a_quant;/input_layernorm_22/Mul;/input_layernorm_22/Sqrt;/input_layernorm_22/Div;/input_layernorm_22/Add;/input_layernorm_22/ReduceMean;/input_layernorm_22/Pow
mixed_decode,551,__mye677160_myl0_551,signal,UNKNOWN,UNKNOWN,NO_KERNEL,NONE,NONE,NONE,NONE,NONE,UNKNOWN
mixed_decode,552,__mye677162_myl0_552,wait,UNKNOWN,UNKNOWN,NO_KERNEL,NONE,NONE,NONE,NONE,NONE,UNKNOWN
mixed_decode,553,__myl_FcCas_myl0_553,fusion,L22:v_proj,LINEAR,GEMM,sm80_xmma_gemm_i8f32_i8i32_f32_tn_n_tilesize32x64x64_stage6_warpsize2x2x1_tensor16x8x32_by_fusion_tactic,1x1x1024;1x1024x1024,Int8;Int8,1x1x1024,Half,/v_proj_22/MatMul;/v_proj_22/MatMul__a_dequant;/v_proj_22/MatMul__a_quant;/v_proj_22/MatMul__w_dequant
mixed_decode,554,__myl_ResConResRep_myl0_554,kgen,UNKNOWN,UNKNOWN,TENSORRT_INTERNAL,__myl_ResConResRep_0x9d40828c020eb6bb972be950c35191c1,1x8x-1x128;1x1x1024;1;1;1;1;1;1;1;1;1;1;1;1;1;1,Half;Half;Int64;Int64;Int64;Int64;Int64;Int64;Int64;Int64;Int64;Int64;Int64;Int64;Int64;Int64,1x8x-1x128;1x8x2x-1x128,Half;Half,/Reshape_178;/Transpose_112;/Unsqueeze_502;/Expand_45;/Concat_271
mixed_decode,555,__mye677170_myl0_555,signal,UNKNOWN,UNKNOWN,NO_KERNEL,NONE,NONE,NONE,NONE,NONE,UNKNOWN
mixed_decode,556,__mye677164_myl0_556,wait,UNKNOWN,UNKNOWN,NO_KERNEL,NONE,NONE,NONE,NONE,NONE,UNKNOWN
mixed_decode,557,__myl_FcCas_myl0_557,fusion,L22:k_proj,LINEAR,GEMM,sm80_xmma_gemm_i8f32_i8i32_f32_tn_n_tilesize32x64x64_stage6_warpsize2x2x1_tensor16x8x32_by_fusion_tactic,1x1x1024;1x1024x1024,Int8;Int8,1x1x1024,Half,/k_proj_22/MatMul;/k_proj_22/MatMul__a_dequant;/k_proj_22/MatMul__a_quant;/k_proj_22/MatMul__w_dequant
mixed_decode,558,__myl_ResMulMea_myl0_558,kgen,UNKNOWN,UNKNOWN,TENSORRT_INTERNAL,__myl_ResMulMea_0x3c91498c3beee36a5653966af1581a8a,1x1x1024,Half,1x1x8x1;1x1x8x128,Half;Half,/Reshape_177;/k_norm_22/Pow;/k_norm_22/ReduceMean
mixed_decode,559,__myl_AddSqrDivMulMulResSliSliNegConMulMulAddConResRepResTra_myl0_559,kgen,UNKNOWN,UNKNOWN,TENSORRT_INTERNAL,__myl_AddSqrDivMulMulResSliSliNegConMulMulAddConResRepResTra_0x5aea462b6a819ceadd3ebb32874c078f,1x8x-1x128;1x1x1x128;1x1x1x128;1x1x1x128;1x1x8x128;1x1x8x1;1;1;1;1;1;1;1;1;1;1;1;1;1;1;1;1;1;1,Half;Half;Half;Half;Half;Half;Int64;Int64;Int64;Int64;Int64;Int64;Int64;Int64;Int64;Int64;Int64;Int64;Int64;Int64;Int64;Int64;Int64;Int64,1x8x-1x128;1x16x128x-1,Half;Half,/k_norm_22/Add;/k_norm_22/Sqrt;/k_norm_22/Mul;/k_norm_22/Mul_1;/Transpose_111;/Slice_90;/Slice_91;/Concat_269;/Mul_202;/Add_89;/Mul_201;/Unsqueeze_497;/Reshape_180;/Transpose_113;/Expand_44;/Concat_270;/Neg_45;/k_norm_22/Div
mixed_decode,560,__mye677166_myl0_560,signal,UNKNOWN,UNKNOWN,NO_KERNEL,NONE,NONE,NONE,NONE,NONE,UNKNOWN
mixed_decode,561,__myl_FcCas_myl0_561,fusion,L22:q_proj,LINEAR,GEMM,sm80_xmma_gemm_i8f32_i8i32_f32_tn_n_tilesize32x64x64_stage6_warpsize2x2x1_tensor16x8x32_by_fusion_tactic,1x1x1024;1x1024x2048,Int8;Int8,1x1x2048,Half,/q_proj_22/MatMul;/q_proj_22/MatMul__a_dequant;/q_proj_22/MatMul__a_quant;/q_proj_22/MatMul__w_dequant
mixed_decode,562,__myl_ResMulMea_myl0_562,kgen,UNKNOWN,UNKNOWN,TENSORRT_INTERNAL,__myl_ResMulMea_0xf2413012cd9ac6341b95d78f3432c656,1x1x2048,Half,1x1x16x1;1x1x16x128,Half;Half,/Reshape_176;/q_norm_22/Pow;/q_norm_22/ReduceMean
mixed_decode,563,__myl_AddSqrDivMulMulResSliSliNegConMulMulAdd_myl0_563,kgen,UNKNOWN,UNKNOWN,TENSORRT_INTERNAL,__myl_AddSqrDivMulMulResSliSliNegConMulMulAdd_0xf1ba08cc3beaba8ee91b0504be9c2cf4,1x1x1x128;1x1x1x128;1x1x1x128;1x1x16x128;1x1x16x1,Half;Half;Half;Half;Half,1x16x1x128,Half,/q_norm_22/Add;/q_norm_22/Sqrt;/q_norm_22/Mul;/q_norm_22/Mul_1;/Transpose_110;/Slice_88;/Slice_89;/Concat_268;/Mul_200;/Add_88;/Mul_199;/Neg_44;/q_norm_22/Div
mixed_decode,564,__mye677168_myl0_564,wait,UNKNOWN,UNKNOWN,NO_KERNEL,NONE,NONE,NONE,NONE,NONE,UNKNOWN
mixed_decode,565,/MatMul_44_myl0_565,gemm,L44:ATTENTION_VALUE,ATTENTION_GEMM,GEMM,sm80_xmma_gemm_f16f16_f16f32_f32_nn_n_tilesize32x32x64_stage6_warpsize2x2x1_tensor16x8x16_aligna2_alignc2,16x1x128;16x128x-1;1;1,Half;Half;Float;Float,16x1x-1,Half,/MatMul_44
mixed_decode,566,__myl_MulMaxSubExpSumDivMul_myl0_566,kgen,UNKNOWN,UNKNOWN,TENSORRT_INTERNAL,__myl_MulMaxSubExpSumDivMul_0x1108f5a078d6e65507c06537b9b2e43f,1x16x1x-1;1;1,Half;Int64;Int64,1x16x1x-1,Half,/Mul_205;/Softmax_22
mixed_decode,567,__mye677172_myl0_567,wait,UNKNOWN,UNKNOWN,NO_KERNEL,NONE,NONE,NONE,NONE,NONE,UNKNOWN
mixed_decode,568,/MatMul_45_myl0_568,gemm,L45:ATTENTION_VALUE,ATTENTION_GEMM,GEMM,sm80_xmma_gemm_f16f16_f16f32_f32_nn_n_tilesize64x128x32_stage5_warpsize2x2x1_tensor16x8x16_aligna2_alignc2,16x1x-1;16x-1x128;1;1,Half;Half;Float;Float,16x1x128,Half,/MatMul_45
mixed_decode,569,__myl_MulMinMaxRouCas_myl0_569,kgen,L22:o_proj,LINEAR,TENSORRT_INTERNAL,__myl_MulMinMaxRouCas_0xa64eacd40f6a244c6f97851e4148bfa0,16x1x128,Half,16x1x128,Int8,/o_proj_22/MatMul__a_quant
mixed_decode,570,__myl_FcCasAdd_myl0_570,fusion,L22:o_proj,LINEAR,GEMM,sm80_xmma_gemm_i8f32_i8i32_f32_tn_n_tilesize32x64x64_stage6_warpsize2x2x1_tensor16x8x32_by_fusion_tactic,1x1x1024;1x1x2048;1x2048x1024,Half;Int8;Int8,1x1x1024,Half,/o_proj_22/MatMul;/o_proj_22/MatMul__a_dequant;/o_proj_22/MatMul__a_quant;/o_proj_22/MatMul__w_dequant;/Add_90
mixed_decode,571,__myl_MulMeaAddSqrDivMulMulMulMinMaxRouCas_myl0_571,kgen,L22:gate_proj,LINEAR,TENSORRT_INTERNAL,__myl_MulMeaAddSqrDivMulMulMulMinMaxRouCas_0xd756cf8085615be8f2df33c74bb9ac74,1x1x1024;1x1x1024;1x1x1024;1x1x1024,Half;Half;Half;Half,1x1x1024;1x1x1024,Int8;Half,/post_attention_layernorm_22/Pow;/post_attention_layernorm_22/ReduceMean;/post_attention_layernorm_22/Add;/post_attention_layernorm_22/Div;/post_attention_layernorm_22/Sqrt;/post_attention_layernorm_22/Mul;/post_attention_layernorm_22/Mul_1;/gate_proj_22/MatMul__a_quant
mixed_decode,572,/up_proj_22/MatMul_myl0_572,gemm,L22:up_proj,LINEAR,GEMM,sm80_xmma_gemm_f16f16_f16f16_f16_tn_n_tilesize32x32x64_stage6_warpsize2x2x1_tensor16x8x16,1x1x1024;1x1024x3072;1;1,Half;Half;Float;Float,1x1x3072,Half,/up_proj_22/MatMul
mixed_decode,573,__myl_FcCasNegExpAddDivMulMul_myl0_573,fusion,L22:gate_proj,LINEAR,GEMM,sm80_xmma_gemm_i8i8_i8i32_f32_tn_n_tilesize32x64x64_stage6_warpsize2x2x1_tensor16x8x32_by_fusion_tactic,1x1x3072;1x1x1024;1x1024x3072,Half;Int8;Int8,1x1x3072,Half,/gate_proj_22/MatMul;/gate_proj_22/MatMul__a_dequant;/gate_proj_22/MatMul__a_quant;/gate_proj_22/MatMul__w_dequant;/Mul_206;/Mul_207;/Sigmoid_22
mixed_decode,574,__myl_FcAdd_myl0_574,fusion,L22:down_proj,LINEAR,GEMM,sm80_xmma_gemm_f16f16_f16f16_f16_nn_n_tilesize64x128x32_stage5_warpsize2x2x1_tensor16x8x16_by_fusion_tactic,1x1x1024;1x1x3072;1x3072x1024,Half;Half;Half,1x1x1024,Half,/down_proj_22/MatMul;/Add_91
mixed_decode,575,__myl_MulMeaAddSqrDivMulDivMinMaxRouCasDivMinMaxRouCasDivMinMaxRouCas_myl0_575,kgen,L23:q_proj,LINEAR,TENSORRT_INTERNAL,__myl_MulMeaAddSqrDivMulDivMinMaxRouCasDivMinMaxRouCasDivMinMaxRouCas_0x9f2c300bb597625319cadec4728f9bc5,1x1x1024;1x1x1024;1x1x1024;1x1x1024;1x1x1024;1x1x1024,Half;Half;Half;Half;Half;Half,1x1x1024;1x1x1024;1x1x1024,Int8;Int8;Int8,/q_proj_23/MatMul__a_quant;/k_proj_23/MatMul__a_quant;/v_proj_23/MatMul__a_quant;/input_layernorm_23/Mul;/input_layernorm_23/Sqrt;/input_layernorm_23/Div;/input_layernorm_23/Add;/input_layernorm_23/ReduceMean;/input_layernorm_23/Pow
mixed_decode,576,__mye677174_myl0_576,signal,UNKNOWN,UNKNOWN,NO_KERNEL,NONE,NONE,NONE,NONE,NONE,UNKNOWN
mixed_decode,577,__mye677176_myl0_577,wait,UNKNOWN,UNKNOWN,NO_KERNEL,NONE,NONE,NONE,NONE,NONE,UNKNOWN
mixed_decode,578,__myl_FcCas_myl0_578,fusion,L23:v_proj,LINEAR,GEMM,sm80_xmma_gemm_i8f32_i8i32_f32_tn_n_tilesize32x64x64_stage6_warpsize2x2x1_tensor16x8x32_by_fusion_tactic,1x1x1024;1x1024x1024,Int8;Int8,1x1x1024,Half,/v_proj_23/MatMul;/v_proj_23/MatMul__a_dequant;/v_proj_23/MatMul__a_quant;/v_proj_23/MatMul__w_dequant
mixed_decode,579,__myl_ResConResRep_myl0_579,kgen,UNKNOWN,UNKNOWN,TENSORRT_INTERNAL,__myl_ResConResRep_0x9d40828c020eb6bb972be950c35191c1,1x8x-1x128;1x1x1024;1;1;1;1;1;1;1;1;1;1;1;1;1;1,Half;Half;Int64;Int64;Int64;Int64;Int64;Int64;Int64;Int64;Int64;Int64;Int64;Int64;Int64;Int64,1x8x-1x128;1x8x2x-1x128,Half;Half,/Reshape_186;/Transpose_117;/Unsqueeze_524;/Expand_47;/Concat_283
mixed_decode,580,__mye677184_myl0_580,signal,UNKNOWN,UNKNOWN,NO_KERNEL,NONE,NONE,NONE,NONE,NONE,UNKNOWN
mixed_decode,581,__mye677178_myl0_581,wait,UNKNOWN,UNKNOWN,NO_KERNEL,NONE,NONE,NONE,NONE,NONE,UNKNOWN
mixed_decode,582,__myl_FcCas_myl0_582,fusion,L23:k_proj,LINEAR,GEMM,sm80_xmma_gemm_i8f32_i8i32_f32_tn_n_tilesize32x64x64_stage6_warpsize2x2x1_tensor16x8x32_by_fusion_tactic,1x1x1024;1x1024x1024,Int8;Int8,1x1x1024,Half,/k_proj_23/MatMul;/k_proj_23/MatMul__a_dequant;/k_proj_23/MatMul__a_quant;/k_proj_23/MatMul__w_dequant
mixed_decode,583,__myl_ResMulMea_myl0_583,kgen,UNKNOWN,UNKNOWN,TENSORRT_INTERNAL,__myl_ResMulMea_0x3c91498c3beee36a5653966af1581a8a,1x1x1024,Half,1x1x8x1;1x1x8x128,Half;Half,/Reshape_185;/k_norm_23/Pow;/k_norm_23/ReduceMean
mixed_decode,584,__myl_AddSqrDivMulMulResSliSliNegConMulMulAddConResRepResTra_myl0_584,kgen,UNKNOWN,UNKNOWN,TENSORRT_INTERNAL,__myl_AddSqrDivMulMulResSliSliNegConMulMulAddConResRepResTra_0x5aea462b6a819ceadd3ebb32874c078f,1x8x-1x128;1x1x1x128;1x1x1x128;1x1x1x128;1x1x8x128;1x1x8x1;1;1;1;1;1;1;1;1;1;1;1;1;1;1;1;1;1;1,Half;Half;Half;Half;Half;Half;Int64;Int64;Int64;Int64;Int64;Int64;Int64;Int64;Int64;Int64;Int64;Int64;Int64;Int64;Int64;Int64;Int64;Int64,1x8x-1x128;1x16x128x-1,Half;Half,/k_norm_23/Add;/k_norm_23/Sqrt;/k_norm_23/Mul;/k_norm_23/Mul_1;/Transpose_116;/Slice_94;/Slice_95;/Concat_281;/Mul_211;/Add_93;/Mul_210;/Unsqueeze_519;/Reshape_188;/Transpose_118;/Expand_46;/Concat_282;/Neg_47;/k_norm_23/Div
mixed_decode,585,__mye677180_myl0_585,signal,UNKNOWN,UNKNOWN,NO_KERNEL,NONE,NONE,NONE,NONE,NONE,UNKNOWN
mixed_decode,586,__myl_FcCas_myl0_586,fusion,L23:q_proj,LINEAR,GEMM,sm80_xmma_gemm_i8f32_i8i32_f32_tn_n_tilesize32x64x64_stage6_warpsize2x2x1_tensor16x8x32_by_fusion_tactic,1x1x1024;1x1024x2048,Int8;Int8,1x1x2048,Half,/q_proj_23/MatMul;/q_proj_23/MatMul__a_dequant;/q_proj_23/MatMul__a_quant;/q_proj_23/MatMul__w_dequant
mixed_decode,587,__myl_ResMulMea_myl0_587,kgen,UNKNOWN,UNKNOWN,TENSORRT_INTERNAL,__myl_ResMulMea_0xf2413012cd9ac6341b95d78f3432c656,1x1x2048,Half,1x1x16x1;1x1x16x128,Half;Half,/Reshape_184;/q_norm_23/Pow;/q_norm_23/ReduceMean
mixed_decode,588,__myl_AddSqrDivMulMulResSliSliNegConMulMulAdd_myl0_588,kgen,UNKNOWN,UNKNOWN,TENSORRT_INTERNAL,__myl_AddSqrDivMulMulResSliSliNegConMulMulAdd_0xf1ba08cc3beaba8ee91b0504be9c2cf4,1x1x1x128;1x1x1x128;1x1x1x128;1x1x16x128;1x1x16x1,Half;Half;Half;Half;Half,1x16x1x128,Half,/q_norm_23/Add;/q_norm_23/Sqrt;/q_norm_23/Mul;/q_norm_23/Mul_1;/Transpose_115;/Slice_92;/Slice_93;/Concat_280;/Mul_209;/Add_92;/Mul_208;/Neg_46;/q_norm_23/Div
mixed_decode,589,__mye677182_myl0_589,wait,UNKNOWN,UNKNOWN,NO_KERNEL,NONE,NONE,NONE,NONE,NONE,UNKNOWN
mixed_decode,590,/MatMul_46_myl0_590,gemm,L46:ATTENTION_VALUE,ATTENTION_GEMM,GEMM,sm80_xmma_gemm_f16f16_f16f32_f32_nn_n_tilesize32x32x64_stage6_warpsize2x2x1_tensor16x8x16_aligna2_alignc2,16x1x128;16x128x-1;1;1,Half;Half;Float;Float,16x1x-1,Half,/MatMul_46
mixed_decode,591,__myl_MulMaxSubExpSumDivMul_myl0_591,kgen,UNKNOWN,UNKNOWN,TENSORRT_INTERNAL,__myl_MulMaxSubExpSumDivMul_0x1108f5a078d6e65507c06537b9b2e43f,1x16x1x-1;1;1,Half;Int64;Int64,1x16x1x-1,Half,/Mul_214;/Softmax_23
mixed_decode,592,__mye677186_myl0_592,wait,UNKNOWN,UNKNOWN,NO_KERNEL,NONE,NONE,NONE,NONE,NONE,UNKNOWN
mixed_decode,593,/MatMul_47_myl0_593,gemm,L47:ATTENTION_VALUE,ATTENTION_GEMM,GEMM,sm80_xmma_gemm_f16f16_f16f32_f32_nn_n_tilesize64x128x32_stage5_warpsize2x2x1_tensor16x8x16_aligna2_alignc2,16x1x-1;16x-1x128;1;1,Half;Half;Float;Float,16x1x128,Half,/MatMul_47
mixed_decode,594,__myl_MulMinMaxRouCas_myl0_594,kgen,L23:o_proj,LINEAR,TENSORRT_INTERNAL,__myl_MulMinMaxRouCas_0x36a6981344c30226a5bbeed5f55c92f7,16x1x128,Half,16x1x128,Int8,/o_proj_23/MatMul__a_quant
mixed_decode,595,__myl_FcCasAdd_myl0_595,fusion,L23:o_proj,LINEAR,GEMM,sm80_xmma_gemm_i8f32_i8i32_f32_tn_n_tilesize32x64x64_stage6_warpsize2x2x1_tensor16x8x32_by_fusion_tactic,1x1x1024;1x1x2048;1x2048x1024,Half;Int8;Int8,1x1x1024,Half,/o_proj_23/MatMul;/o_proj_23/MatMul__a_dequant;/o_proj_23/MatMul__a_quant;/o_proj_23/MatMul__w_dequant;/Add_94
mixed_decode,596,__myl_MulMeaAddSqrDivMulMulMulMinMaxRouCas_myl0_596,kgen,L23:gate_proj,LINEAR,TENSORRT_INTERNAL,__myl_MulMeaAddSqrDivMulMulMulMinMaxRouCas_0x6cfe86dd6e4d3c2d552f909cb133c113,1x1x1024;1x1x1024;1x1x1024;1x1x1024,Half;Half;Half;Half,1x1x1024;1x1x1024,Int8;Half,/post_attention_layernorm_23/Pow;/post_attention_layernorm_23/ReduceMean;/post_attention_layernorm_23/Add;/post_attention_layernorm_23/Div;/post_attention_layernorm_23/Sqrt;/post_attention_layernorm_23/Mul;/post_attention_layernorm_23/Mul_1;/gate_proj_23/MatMul__a_quant
mixed_decode,597,/up_proj_23/MatMul_myl0_597,gemm,L23:up_proj,LINEAR,GEMM,sm80_xmma_gemm_f16f16_f16f16_f16_tn_n_tilesize32x32x64_stage6_warpsize2x2x1_tensor16x8x16,1x1x1024;1x1024x3072;1;1,Half;Half;Float;Float,1x1x3072,Half,/up_proj_23/MatMul
mixed_decode,598,__myl_FcCasNegExpAddDivMulMul_myl0_598,fusion,L23:gate_proj,LINEAR,GEMM,sm80_xmma_gemm_i8i8_i8i32_f32_tn_n_tilesize32x64x64_stage6_warpsize2x2x1_tensor16x8x32_by_fusion_tactic,1x1x3072;1x1x1024;1x1024x3072,Half;Int8;Int8,1x1x3072,Half,/gate_proj_23/MatMul;/gate_proj_23/MatMul__a_dequant;/gate_proj_23/MatMul__a_quant;/gate_proj_23/MatMul__w_dequant;/Mul_215;/Mul_216;/Sigmoid_23
mixed_decode,599,__myl_FcAdd_myl0_599,fusion,L23:down_proj,LINEAR,GEMM,sm80_xmma_gemm_f16f16_f16f16_f16_nn_n_tilesize64x128x32_stage5_warpsize2x2x1_tensor16x8x16_by_fusion_tactic,1x1x1024;1x1x3072;1x3072x1024,Half;Half;Half,1x1x1024,Half,/down_proj_23/MatMul;/Add_95
mixed_decode,600,__myl_MulMeaAddSqrDivMulDivMinMaxRouCasDivMinMaxRouCasDivMinMaxRouCas_myl0_600,kgen,L24:q_proj,LINEAR,TENSORRT_INTERNAL,__myl_MulMeaAddSqrDivMulDivMinMaxRouCasDivMinMaxRouCasDivMinMaxRouCas_0x9f2c300bb597625319cadec4728f9bc5,1x1x1024;1x1x1024;1x1x1024;1x1x1024;1x1x1024;1x1x1024,Half;Half;Half;Half;Half;Half,1x1x1024;1x1x1024;1x1x1024,Int8;Int8;Int8,/q_proj_24/MatMul__a_quant;/k_proj_24/MatMul__a_quant;/v_proj_24/MatMul__a_quant;/input_layernorm_24/Mul;/input_layernorm_24/Sqrt;/input_layernorm_24/Div;/input_layernorm_24/Add;/input_layernorm_24/ReduceMean;/input_layernorm_24/Pow
mixed_decode,601,__mye677188_myl0_601,signal,UNKNOWN,UNKNOWN,NO_KERNEL,NONE,NONE,NONE,NONE,NONE,UNKNOWN
mixed_decode,602,__mye677190_myl0_602,wait,UNKNOWN,UNKNOWN,NO_KERNEL,NONE,NONE,NONE,NONE,NONE,UNKNOWN
mixed_decode,603,__myl_FcCas_myl0_603,fusion,L24:v_proj,LINEAR,GEMM,sm80_xmma_gemm_i8f32_i8i32_f32_tn_n_tilesize32x64x64_stage6_warpsize2x2x1_tensor16x8x32_by_fusion_tactic,1x1x1024;1x1024x1024,Int8;Int8,1x1x1024,Half,/v_proj_24/MatMul;/v_proj_24/MatMul__a_dequant;/v_proj_24/MatMul__a_quant;/v_proj_24/MatMul__w_dequant
mixed_decode,604,__myl_ResConResRep_myl0_604,kgen,UNKNOWN,UNKNOWN,TENSORRT_INTERNAL,__myl_ResConResRep_0x9d40828c020eb6bb972be950c35191c1,1x8x-1x128;1x1x1024;1;1;1;1;1;1;1;1;1;1;1;1;1;1,Half;Half;Int64;Int64;Int64;Int64;Int64;Int64;Int64;Int64;Int64;Int64;Int64;Int64;Int64;Int64,1x8x-1x128;1x8x2x-1x128,Half;Half,/Reshape_194;/Transpose_122;/Unsqueeze_546;/Expand_49;/Concat_295
mixed_decode,605,__mye677198_myl0_605,signal,UNKNOWN,UNKNOWN,NO_KERNEL,NONE,NONE,NONE,NONE,NONE,UNKNOWN
mixed_decode,606,__mye677192_myl0_606,wait,UNKNOWN,UNKNOWN,NO_KERNEL,NONE,NONE,NONE,NONE,NONE,UNKNOWN
mixed_decode,607,__myl_FcCas_myl0_607,fusion,L24:k_proj,LINEAR,GEMM,sm80_xmma_gemm_i8f32_i8i32_f32_tn_n_tilesize32x64x64_stage6_warpsize2x2x1_tensor16x8x32_by_fusion_tactic,1x1x1024;1x1024x1024,Int8;Int8,1x1x1024,Half,/k_proj_24/MatMul;/k_proj_24/MatMul__a_dequant;/k_proj_24/MatMul__a_quant;/k_proj_24/MatMul__w_dequant
mixed_decode,608,__myl_ResMulMea_myl0_608,kgen,UNKNOWN,UNKNOWN,TENSORRT_INTERNAL,__myl_ResMulMea_0x3c91498c3beee36a5653966af1581a8a,1x1x1024,Half,1x1x8x1;1x1x8x128,Half;Half,/Reshape_193;/k_norm_24/Pow;/k_norm_24/ReduceMean
mixed_decode,609,__myl_AddSqrDivMulMulResSliSliNegConMulMulAddConResRepResTra_myl0_609,kgen,UNKNOWN,UNKNOWN,TENSORRT_INTERNAL,__myl_AddSqrDivMulMulResSliSliNegConMulMulAddConResRepResTra_0x5aea462b6a819ceadd3ebb32874c078f,1x8x-1x128;1x1x1x128;1x1x1x128;1x1x1x128;1x1x8x128;1x1x8x1;1;1;1;1;1;1;1;1;1;1;1;1;1;1;1;1;1;1,Half;Half;Half;Half;Half;Half;Int64;Int64;Int64;Int64;Int64;Int64;Int64;Int64;Int64;Int64;Int64;Int64;Int64;Int64;Int64;Int64;Int64;Int64,1x8x-1x128;1x16x128x-1,Half;Half,/k_norm_24/Add;/k_norm_24/Sqrt;/k_norm_24/Mul;/k_norm_24/Mul_1;/Transpose_121;/Slice_98;/Slice_99;/Concat_293;/Mul_220;/Add_97;/Mul_219;/Unsqueeze_541;/Reshape_196;/Transpose_123;/Expand_48;/Concat_294;/Neg_49;/k_norm_24/Div
mixed_decode,610,__mye677194_myl0_610,signal,UNKNOWN,UNKNOWN,NO_KERNEL,NONE,NONE,NONE,NONE,NONE,UNKNOWN
mixed_decode,611,__myl_FcCas_myl0_611,fusion,L24:q_proj,LINEAR,GEMM,sm80_xmma_gemm_i8f32_i8i32_f32_tn_n_tilesize32x64x64_stage6_warpsize2x2x1_tensor16x8x32_by_fusion_tactic,1x1x1024;1x1024x2048,Int8;Int8,1x1x2048,Half,/q_proj_24/MatMul;/q_proj_24/MatMul__a_dequant;/q_proj_24/MatMul__a_quant;/q_proj_24/MatMul__w_dequant
mixed_decode,612,__myl_ResMulMea_myl0_612,kgen,UNKNOWN,UNKNOWN,TENSORRT_INTERNAL,__myl_ResMulMea_0xf2413012cd9ac6341b95d78f3432c656,1x1x2048,Half,1x1x16x1;1x1x16x128,Half;Half,/Reshape_192;/q_norm_24/Pow;/q_norm_24/ReduceMean
mixed_decode,613,__myl_AddSqrDivMulMulResSliSliNegConMulMulAdd_myl0_613,kgen,UNKNOWN,UNKNOWN,TENSORRT_INTERNAL,__myl_AddSqrDivMulMulResSliSliNegConMulMulAdd_0xf1ba08cc3beaba8ee91b0504be9c2cf4,1x1x1x128;1x1x1x128;1x1x1x128;1x1x16x128;1x1x16x1,Half;Half;Half;Half;Half,1x16x1x128,Half,/q_norm_24/Add;/q_norm_24/Sqrt;/q_norm_24/Mul;/q_norm_24/Mul_1;/Transpose_120;/Slice_96;/Slice_97;/Concat_292;/Mul_218;/Add_96;/Mul_217;/Neg_48;/q_norm_24/Div
mixed_decode,614,__mye677196_myl0_614,wait,UNKNOWN,UNKNOWN,NO_KERNEL,NONE,NONE,NONE,NONE,NONE,UNKNOWN
mixed_decode,615,/MatMul_48_myl0_615,gemm,L48:ATTENTION_VALUE,ATTENTION_GEMM,GEMM,sm80_xmma_gemm_f16f16_f16f32_f32_nn_n_tilesize32x32x64_stage6_warpsize2x2x1_tensor16x8x16_aligna2_alignc2,16x1x128;16x128x-1;1;1,Half;Half;Float;Float,16x1x-1,Half,/MatMul_48
mixed_decode,616,__myl_MulMaxSubExpSumDivMul_myl0_616,kgen,UNKNOWN,UNKNOWN,TENSORRT_INTERNAL,__myl_MulMaxSubExpSumDivMul_0x1108f5a078d6e65507c06537b9b2e43f,1x16x1x-1;1;1,Half;Int64;Int64,1x16x1x-1,Half,/Mul_223;/Softmax_24
mixed_decode,617,__mye677200_myl0_617,wait,UNKNOWN,UNKNOWN,NO_KERNEL,NONE,NONE,NONE,NONE,NONE,UNKNOWN
mixed_decode,618,/MatMul_49_myl0_618,gemm,L49:ATTENTION_VALUE,ATTENTION_GEMM,GEMM,sm80_xmma_gemm_f16f16_f16f32_f32_nn_n_tilesize64x128x32_stage5_warpsize2x2x1_tensor16x8x16_aligna2_alignc2,16x1x-1;16x-1x128;1;1,Half;Half;Float;Float,16x1x128,Half,/MatMul_49
mixed_decode,619,__myl_MulMinMaxRouCas_myl0_619,kgen,L24:o_proj,LINEAR,TENSORRT_INTERNAL,__myl_MulMinMaxRouCas_0x907030f04aaedcd668915c250cbde546,16x1x128,Half,16x1x128,Int8,/o_proj_24/MatMul__a_quant
mixed_decode,620,__myl_FcCasAdd_myl0_620,fusion,L24:o_proj,LINEAR,GEMM,sm80_xmma_gemm_i8f32_i8i32_f32_tn_n_tilesize32x64x64_stage6_warpsize2x2x1_tensor16x8x32_by_fusion_tactic,1x1x1024;1x1x2048;1x2048x1024,Half;Int8;Int8,1x1x1024,Half,/o_proj_24/MatMul;/o_proj_24/MatMul__a_dequant;/o_proj_24/MatMul__a_quant;/o_proj_24/MatMul__w_dequant;/Add_98
mixed_decode,621,__myl_MulMeaAddSqrDivMulMulMulMinMaxRouCas_myl0_621,kgen,L24:gate_proj,LINEAR,TENSORRT_INTERNAL,__myl_MulMeaAddSqrDivMulMulMulMinMaxRouCas_0x6cfe86dd6e4d3c2d552f909cb133c113,1x1x1024;1x1x1024;1x1x1024;1x1x1024,Half;Half;Half;Half,1x1x1024;1x1x1024,Int8;Half,/post_attention_layernorm_24/Pow;/post_attention_layernorm_24/ReduceMean;/post_attention_layernorm_24/Add;/post_attention_layernorm_24/Div;/post_attention_layernorm_24/Sqrt;/post_attention_layernorm_24/Mul;/post_attention_layernorm_24/Mul_1;/gate_proj_24/MatMul__a_quant
mixed_decode,622,/up_proj_24/MatMul_myl0_622,gemm,L24:up_proj,LINEAR,GEMM,sm80_xmma_gemm_f16f16_f16f16_f16_tn_n_tilesize32x32x64_stage6_warpsize2x2x1_tensor16x8x16,1x1x1024;1x1024x3072;1;1,Half;Half;Float;Float,1x1x3072,Half,/up_proj_24/MatMul
mixed_decode,623,__myl_FcCasNegExpAddDivMulMul_myl0_623,fusion,L24:gate_proj,LINEAR,GEMM,sm80_xmma_gemm_i8i8_i8i32_f32_tn_n_tilesize32x64x64_stage6_warpsize2x2x1_tensor16x8x32_by_fusion_tactic,1x1x3072;1x1x1024;1x1024x3072,Half;Int8;Int8,1x1x3072,Half,/gate_proj_24/MatMul;/gate_proj_24/MatMul__a_dequant;/gate_proj_24/MatMul__a_quant;/gate_proj_24/MatMul__w_dequant;/Mul_224;/Mul_225;/Sigmoid_24
mixed_decode,624,__myl_FcAdd_myl0_624,fusion,L24:down_proj,LINEAR,GEMM,sm80_xmma_gemm_f16f16_f16f16_f16_nn_n_tilesize64x128x32_stage5_warpsize2x2x1_tensor16x8x16_by_fusion_tactic,1x1x1024;1x1x3072;1x3072x1024,Half;Half;Half,1x1x1024,Half,/down_proj_24/MatMul;/Add_99
mixed_decode,625,__myl_MulMeaAddSqrDivMulDivMinMaxRouCasDivMinMaxRouCasDivMinMaxRouCas_myl0_625,kgen,L25:q_proj,LINEAR,TENSORRT_INTERNAL,__myl_MulMeaAddSqrDivMulDivMinMaxRouCasDivMinMaxRouCasDivMinMaxRouCas_0x9f2c300bb597625319cadec4728f9bc5,1x1x1024;1x1x1024;1x1x1024;1x1x1024;1x1x1024;1x1x1024,Half;Half;Half;Half;Half;Half,1x1x1024;1x1x1024;1x1x1024,Int8;Int8;Int8,/q_proj_25/MatMul__a_quant;/k_proj_25/MatMul__a_quant;/v_proj_25/MatMul__a_quant;/input_layernorm_25/Mul;/input_layernorm_25/Sqrt;/input_layernorm_25/Div;/input_layernorm_25/Add;/input_layernorm_25/ReduceMean;/input_layernorm_25/Pow
mixed_decode,626,__mye677202_myl0_626,signal,UNKNOWN,UNKNOWN,NO_KERNEL,NONE,NONE,NONE,NONE,NONE,UNKNOWN
mixed_decode,627,__mye677204_myl0_627,wait,UNKNOWN,UNKNOWN,NO_KERNEL,NONE,NONE,NONE,NONE,NONE,UNKNOWN
mixed_decode,628,__myl_FcCas_myl0_628,fusion,L25:v_proj,LINEAR,GEMM,sm80_xmma_gemm_i8f32_i8i32_f32_tn_n_tilesize32x64x64_stage6_warpsize2x2x1_tensor16x8x32_by_fusion_tactic,1x1x1024;1x1024x1024,Int8;Int8,1x1x1024,Half,/v_proj_25/MatMul;/v_proj_25/MatMul__a_dequant;/v_proj_25/MatMul__a_quant;/v_proj_25/MatMul__w_dequant
mixed_decode,629,__myl_ResConResRep_myl0_629,kgen,UNKNOWN,UNKNOWN,TENSORRT_INTERNAL,__myl_ResConResRep_0x9d40828c020eb6bb972be950c35191c1,1x8x-1x128;1x1x1024;1;1;1;1;1;1;1;1;1;1;1;1;1;1,Half;Half;Int64;Int64;Int64;Int64;Int64;Int64;Int64;Int64;Int64;Int64;Int64;Int64;Int64;Int64,1x8x-1x128;1x8x2x-1x128,Half;Half,/Reshape_202;/Transpose_127;/Unsqueeze_568;/Expand_51;/Concat_307
mixed_decode,630,__mye677212_myl0_630,signal,UNKNOWN,UNKNOWN,NO_KERNEL,NONE,NONE,NONE,NONE,NONE,UNKNOWN
mixed_decode,631,__mye677206_myl0_631,wait,UNKNOWN,UNKNOWN,NO_KERNEL,NONE,NONE,NONE,NONE,NONE,UNKNOWN
mixed_decode,632,__myl_FcCas_myl0_632,fusion,L25:k_proj,LINEAR,GEMM,sm80_xmma_gemm_i8f32_i8i32_f32_tn_n_tilesize32x64x64_stage6_warpsize2x2x1_tensor16x8x32_by_fusion_tactic,1x1x1024;1x1024x1024,Int8;Int8,1x1x1024,Half,/k_proj_25/MatMul;/k_proj_25/MatMul__a_dequant;/k_proj_25/MatMul__a_quant;/k_proj_25/MatMul__w_dequant
mixed_decode,633,__myl_ResMulMea_myl0_633,kgen,UNKNOWN,UNKNOWN,TENSORRT_INTERNAL,__myl_ResMulMea_0x3c91498c3beee36a5653966af1581a8a,1x1x1024,Half,1x1x8x1;1x1x8x128,Half;Half,/Reshape_201;/k_norm_25/Pow;/k_norm_25/ReduceMean
mixed_decode,634,__myl_AddSqrDivMulMulResSliSliNegConMulMulAddConResRepResTra_myl0_634,kgen,UNKNOWN,UNKNOWN,TENSORRT_INTERNAL,__myl_AddSqrDivMulMulResSliSliNegConMulMulAddConResRepResTra_0x5aea462b6a819ceadd3ebb32874c078f,1x8x-1x128;1x1x1x128;1x1x1x128;1x1x1x128;1x1x8x128;1x1x8x1;1;1;1;1;1;1;1;1;1;1;1;1;1;1;1;1;1;1,Half;Half;Half;Half;Half;Half;Int64;Int64;Int64;Int64;Int64;Int64;Int64;Int64;Int64;Int64;Int64;Int64;Int64;Int64;Int64;Int64;Int64;Int64,1x8x-1x128;1x16x128x-1,Half;Half,/k_norm_25/Add;/k_norm_25/Sqrt;/k_norm_25/Mul;/k_norm_25/Mul_1;/Transpose_126;/Slice_102;/Slice_103;/Concat_305;/Mul_229;/Add_101;/Mul_228;/Unsqueeze_563;/Reshape_204;/Transpose_128;/Expand_50;/Concat_306;/Neg_51;/k_norm_25/Div
mixed_decode,635,__mye677208_myl0_635,signal,UNKNOWN,UNKNOWN,NO_KERNEL,NONE,NONE,NONE,NONE,NONE,UNKNOWN
mixed_decode,636,__myl_FcCas_myl0_636,fusion,L25:q_proj,LINEAR,GEMM,sm80_xmma_gemm_i8f32_i8i32_f32_tn_n_tilesize32x64x64_stage6_warpsize2x2x1_tensor16x8x32_by_fusion_tactic,1x1x1024;1x1024x2048,Int8;Int8,1x1x2048,Half,/q_proj_25/MatMul;/q_proj_25/MatMul__a_dequant;/q_proj_25/MatMul__a_quant;/q_proj_25/MatMul__w_dequant
mixed_decode,637,__myl_ResMulMea_myl0_637,kgen,UNKNOWN,UNKNOWN,TENSORRT_INTERNAL,__myl_ResMulMea_0xf2413012cd9ac6341b95d78f3432c656,1x1x2048,Half,1x1x16x1;1x1x16x128,Half;Half,/Reshape_200;/q_norm_25/Pow;/q_norm_25/ReduceMean
mixed_decode,638,__myl_AddSqrDivMulMulResSliSliNegConMulMulAdd_myl0_638,kgen,UNKNOWN,UNKNOWN,TENSORRT_INTERNAL,__myl_AddSqrDivMulMulResSliSliNegConMulMulAdd_0xf1ba08cc3beaba8ee91b0504be9c2cf4,1x1x1x128;1x1x1x128;1x1x1x128;1x1x16x128;1x1x16x1,Half;Half;Half;Half;Half,1x16x1x128,Half,/q_norm_25/Add;/q_norm_25/Sqrt;/q_norm_25/Mul;/q_norm_25/Mul_1;/Transpose_125;/Slice_100;/Slice_101;/Concat_304;/Mul_227;/Add_100;/Mul_226;/Neg_50;/q_norm_25/Div
mixed_decode,639,__mye677210_myl0_639,wait,UNKNOWN,UNKNOWN,NO_KERNEL,NONE,NONE,NONE,NONE,NONE,UNKNOWN
mixed_decode,640,/MatMul_50_myl0_640,gemm,L50:ATTENTION_VALUE,ATTENTION_GEMM,GEMM,sm80_xmma_gemm_f16f16_f16f32_f32_nn_n_tilesize32x32x64_stage6_warpsize2x2x1_tensor16x8x16_aligna2_alignc2,16x1x128;16x128x-1;1;1,Half;Half;Float;Float,16x1x-1,Half,/MatMul_50
mixed_decode,641,__myl_MulMaxSubExpSumDivMul_myl0_641,kgen,UNKNOWN,UNKNOWN,TENSORRT_INTERNAL,__myl_MulMaxSubExpSumDivMul_0x1108f5a078d6e65507c06537b9b2e43f,1x16x1x-1;1;1,Half;Int64;Int64,1x16x1x-1,Half,/Mul_232;/Softmax_25
mixed_decode,642,__mye677214_myl0_642,wait,UNKNOWN,UNKNOWN,NO_KERNEL,NONE,NONE,NONE,NONE,NONE,UNKNOWN
mixed_decode,643,/MatMul_51_myl0_643,gemm,L51:ATTENTION_VALUE,ATTENTION_GEMM,GEMM,sm80_xmma_gemm_f16f16_f16f32_f32_nn_n_tilesize64x128x32_stage5_warpsize2x2x1_tensor16x8x16_aligna2_alignc2,16x1x-1;16x-1x128;1;1,Half;Half;Float;Float,16x1x128,Half,/MatMul_51
mixed_decode,644,__myl_MulMinMaxRouCas_myl0_644,kgen,L25:o_proj,LINEAR,TENSORRT_INTERNAL,__myl_MulMinMaxRouCas_0x9ee6ac5b9454da6749214d07f11973df,16x1x128,Half,16x1x128,Int8,/o_proj_25/MatMul__a_quant
mixed_decode,645,__myl_FcCasAdd_myl0_645,fusion,L25:o_proj,LINEAR,GEMM,sm80_xmma_gemm_i8f32_i8i32_f32_tn_n_tilesize32x64x64_stage6_warpsize2x2x1_tensor16x8x32_by_fusion_tactic,1x1x1024;1x1x2048;1x2048x1024,Half;Int8;Int8,1x1x1024,Half,/o_proj_25/MatMul;/o_proj_25/MatMul__a_dequant;/o_proj_25/MatMul__a_quant;/o_proj_25/MatMul__w_dequant;/Add_102
mixed_decode,646,__myl_MulMeaAddSqrDivMulMulMulMinMaxRouCas_myl0_646,kgen,L25:gate_proj,LINEAR,TENSORRT_INTERNAL,__myl_MulMeaAddSqrDivMulMulMulMinMaxRouCas_0xd65f433ff7b34abefa6995ce894b46a3,1x1x1024;1x1x1024;1x1x1024;1x1x1024,Half;Half;Half;Half,1x1x1024;1x1x1024,Int8;Half,/post_attention_layernorm_25/Pow;/post_attention_layernorm_25/ReduceMean;/post_attention_layernorm_25/Add;/post_attention_layernorm_25/Div;/post_attention_layernorm_25/Sqrt;/post_attention_layernorm_25/Mul;/post_attention_layernorm_25/Mul_1;/gate_proj_25/MatMul__a_quant
mixed_decode,647,/up_proj_25/MatMul_myl0_647,gemm,L25:up_proj,LINEAR,GEMM,sm80_xmma_gemm_f16f16_f16f16_f16_tn_n_tilesize32x32x64_stage6_warpsize2x2x1_tensor16x8x16,1x1x1024;1x1024x3072;1;1,Half;Half;Float;Float,1x1x3072,Half,/up_proj_25/MatMul
mixed_decode,648,__myl_FcCasNegExpAddDivMulMul_myl0_648,fusion,L25:gate_proj,LINEAR,GEMM,sm80_xmma_gemm_i8i8_i8i32_f32_tn_n_tilesize32x64x64_stage6_warpsize2x2x1_tensor16x8x32_by_fusion_tactic,1x1x3072;1x1x1024;1x1024x3072,Half;Int8;Int8,1x1x3072,Half,/gate_proj_25/MatMul;/gate_proj_25/MatMul__a_dequant;/gate_proj_25/MatMul__a_quant;/gate_proj_25/MatMul__w_dequant;/Mul_233;/Mul_234;/Sigmoid_25
mixed_decode,649,__myl_FcAdd_myl0_649,fusion,L25:down_proj,LINEAR,GEMM,sm80_xmma_gemm_f16f16_f16f16_f16_nn_n_tilesize64x128x32_stage5_warpsize2x2x1_tensor16x8x16_by_fusion_tactic,1x1x1024;1x1x3072;1x3072x1024,Half;Half;Half,1x1x1024,Half,/down_proj_25/MatMul;/Add_103
mixed_decode,650,__myl_MulMeaAddSqrDivMulDivMinMaxRouCasDivMinMaxRouCasDivMinMaxRouCas_myl0_650,kgen,L26:q_proj,LINEAR,TENSORRT_INTERNAL,__myl_MulMeaAddSqrDivMulDivMinMaxRouCasDivMinMaxRouCasDivMinMaxRouCas_0x9f2c300bb597625319cadec4728f9bc5,1x1x1024;1x1x1024;1x1x1024;1x1x1024;1x1x1024;1x1x1024,Half;Half;Half;Half;Half;Half,1x1x1024;1x1x1024;1x1x1024,Int8;Int8;Int8,/q_proj_26/MatMul__a_quant;/k_proj_26/MatMul__a_quant;/v_proj_26/MatMul__a_quant;/input_layernorm_26/Mul;/input_layernorm_26/Sqrt;/input_layernorm_26/Div;/input_layernorm_26/Add;/input_layernorm_26/ReduceMean;/input_layernorm_26/Pow
mixed_decode,651,__mye677216_myl0_651,signal,UNKNOWN,UNKNOWN,NO_KERNEL,NONE,NONE,NONE,NONE,NONE,UNKNOWN
mixed_decode,652,__mye677218_myl0_652,wait,UNKNOWN,UNKNOWN,NO_KERNEL,NONE,NONE,NONE,NONE,NONE,UNKNOWN
mixed_decode,653,__myl_FcCas_myl0_653,fusion,L26:v_proj,LINEAR,GEMM,sm80_xmma_gemm_i8f32_i8i32_f32_tn_n_tilesize32x64x64_stage6_warpsize2x2x1_tensor16x8x32_by_fusion_tactic,1x1x1024;1x1024x1024,Int8;Int8,1x1x1024,Half,/v_proj_26/MatMul;/v_proj_26/MatMul__a_dequant;/v_proj_26/MatMul__a_quant;/v_proj_26/MatMul__w_dequant
mixed_decode,654,__myl_ResConResRep_myl0_654,kgen,UNKNOWN,UNKNOWN,TENSORRT_INTERNAL,__myl_ResConResRep_0x9d40828c020eb6bb972be950c35191c1,1x8x-1x128;1x1x1024;1;1;1;1;1;1;1;1;1;1;1;1;1;1,Half;Half;Int64;Int64;Int64;Int64;Int64;Int64;Int64;Int64;Int64;Int64;Int64;Int64;Int64;Int64,1x8x-1x128;1x8x2x-1x128,Half;Half,/Reshape_210;/Transpose_132;/Unsqueeze_590;/Expand_53;/Concat_319
mixed_decode,655,__mye677226_myl0_655,signal,UNKNOWN,UNKNOWN,NO_KERNEL,NONE,NONE,NONE,NONE,NONE,UNKNOWN
mixed_decode,656,__mye677220_myl0_656,wait,UNKNOWN,UNKNOWN,NO_KERNEL,NONE,NONE,NONE,NONE,NONE,UNKNOWN
mixed_decode,657,__myl_FcCas_myl0_657,fusion,L26:k_proj,LINEAR,GEMM,sm80_xmma_gemm_i8f32_i8i32_f32_tn_n_tilesize32x64x64_stage6_warpsize2x2x1_tensor16x8x32_by_fusion_tactic,1x1x1024;1x1024x1024,Int8;Int8,1x1x1024,Half,/k_proj_26/MatMul;/k_proj_26/MatMul__a_dequant;/k_proj_26/MatMul__a_quant;/k_proj_26/MatMul__w_dequant
mixed_decode,658,__myl_ResMulMea_myl0_658,kgen,UNKNOWN,UNKNOWN,TENSORRT_INTERNAL,__myl_ResMulMea_0x3c91498c3beee36a5653966af1581a8a,1x1x1024,Half,1x1x8x1;1x1x8x128,Half;Half,/Reshape_209;/k_norm_26/Pow;/k_norm_26/ReduceMean
mixed_decode,659,__myl_AddSqrDivMulMulResSliSliNegConMulMulAddConResRepResTra_myl0_659,kgen,UNKNOWN,UNKNOWN,TENSORRT_INTERNAL,__myl_AddSqrDivMulMulResSliSliNegConMulMulAddConResRepResTra_0x5aea462b6a819ceadd3ebb32874c078f,1x8x-1x128;1x1x1x128;1x1x1x128;1x1x1x128;1x1x8x128;1x1x8x1;1;1;1;1;1;1;1;1;1;1;1;1;1;1;1;1;1;1,Half;Half;Half;Half;Half;Half;Int64;Int64;Int64;Int64;Int64;Int64;Int64;Int64;Int64;Int64;Int64;Int64;Int64;Int64;Int64;Int64;Int64;Int64,1x8x-1x128;1x16x128x-1,Half;Half,/k_norm_26/Add;/k_norm_26/Sqrt;/k_norm_26/Mul;/k_norm_26/Mul_1;/Transpose_131;/Slice_106;/Slice_107;/Concat_317;/Mul_238;/Add_105;/Mul_237;/Unsqueeze_585;/Reshape_212;/Transpose_133;/Expand_52;/Concat_318;/Neg_53;/k_norm_26/Div
mixed_decode,660,__mye677222_myl0_660,signal,UNKNOWN,UNKNOWN,NO_KERNEL,NONE,NONE,NONE,NONE,NONE,UNKNOWN
mixed_decode,661,__myl_FcCas_myl0_661,fusion,L26:q_proj,LINEAR,GEMM,sm80_xmma_gemm_i8f32_i8i32_f32_tn_n_tilesize32x64x64_stage6_warpsize2x2x1_tensor16x8x32_by_fusion_tactic,1x1x1024;1x1024x2048,Int8;Int8,1x1x2048,Half,/q_proj_26/MatMul;/q_proj_26/MatMul__a_dequant;/q_proj_26/MatMul__a_quant;/q_proj_26/MatMul__w_dequant
mixed_decode,662,__myl_ResMulMea_myl0_662,kgen,UNKNOWN,UNKNOWN,TENSORRT_INTERNAL,__myl_ResMulMea_0xf2413012cd9ac6341b95d78f3432c656,1x1x2048,Half,1x1x16x1;1x1x16x128,Half;Half,/Reshape_208;/q_norm_26/Pow;/q_norm_26/ReduceMean
mixed_decode,663,__myl_AddSqrDivMulMulResSliSliNegConMulMulAdd_myl0_663,kgen,UNKNOWN,UNKNOWN,TENSORRT_INTERNAL,__myl_AddSqrDivMulMulResSliSliNegConMulMulAdd_0xf1ba08cc3beaba8ee91b0504be9c2cf4,1x1x1x128;1x1x1x128;1x1x1x128;1x1x16x128;1x1x16x1,Half;Half;Half;Half;Half,1x16x1x128,Half,/q_norm_26/Add;/q_norm_26/Sqrt;/q_norm_26/Mul;/q_norm_26/Mul_1;/Transpose_130;/Slice_104;/Slice_105;/Concat_316;/Mul_236;/Add_104;/Mul_235;/Neg_52;/q_norm_26/Div
mixed_decode,664,__mye677224_myl0_664,wait,UNKNOWN,UNKNOWN,NO_KERNEL,NONE,NONE,NONE,NONE,NONE,UNKNOWN
mixed_decode,665,/MatMul_52_myl0_665,gemm,L52:ATTENTION_VALUE,ATTENTION_GEMM,GEMM,sm80_xmma_gemm_f16f16_f16f32_f32_nn_n_tilesize32x32x64_stage6_warpsize2x2x1_tensor16x8x16_aligna2_alignc2,16x1x128;16x128x-1;1;1,Half;Half;Float;Float,16x1x-1,Half,/MatMul_52
mixed_decode,666,__myl_MulMaxSubExpSumDivMul_myl0_666,kgen,UNKNOWN,UNKNOWN,TENSORRT_INTERNAL,__myl_MulMaxSubExpSumDivMul_0x1108f5a078d6e65507c06537b9b2e43f,1x16x1x-1;1;1,Half;Int64;Int64,1x16x1x-1,Half,/Mul_241;/Softmax_26
mixed_decode,667,__mye677228_myl0_667,wait,UNKNOWN,UNKNOWN,NO_KERNEL,NONE,NONE,NONE,NONE,NONE,UNKNOWN
mixed_decode,668,/MatMul_53_myl0_668,gemm,L53:ATTENTION_VALUE,ATTENTION_GEMM,GEMM,sm80_xmma_gemm_f16f16_f16f32_f32_nn_n_tilesize64x128x32_stage5_warpsize2x2x1_tensor16x8x16_aligna2_alignc2,16x1x-1;16x-1x128;1;1,Half;Half;Float;Float,16x1x128,Half,/MatMul_53
mixed_decode,669,__myl_MulMinMaxRouCas_myl0_669,kgen,L26:o_proj,LINEAR,TENSORRT_INTERNAL,__myl_MulMinMaxRouCas_0x998f9d85786c1705f75b803510b59e30,16x1x128,Half,16x1x128,Int8,/o_proj_26/MatMul__a_quant
mixed_decode,670,__myl_FcCasAdd_myl0_670,fusion,L26:o_proj,LINEAR,GEMM,sm80_xmma_gemm_i8f32_i8i32_f32_tn_n_tilesize32x64x64_stage6_warpsize2x2x1_tensor16x8x32_by_fusion_tactic,1x1x1024;1x1x2048;1x2048x1024,Half;Int8;Int8,1x1x1024,Half,/o_proj_26/MatMul;/o_proj_26/MatMul__a_dequant;/o_proj_26/MatMul__a_quant;/o_proj_26/MatMul__w_dequant;/Add_106
mixed_decode,671,__myl_MulMeaAddSqrDivMulMulMulMinMaxRouCas_myl0_671,kgen,L26:gate_proj,LINEAR,TENSORRT_INTERNAL,__myl_MulMeaAddSqrDivMulMulMulMinMaxRouCas_0x2d193f06c4770a0b130c316a9152d3bb,1x1x1024;1x1x1024;1x1x1024;1x1x1024,Half;Half;Half;Half,1x1x1024;1x1x1024,Int8;Half,/post_attention_layernorm_26/Pow;/post_attention_layernorm_26/ReduceMean;/post_attention_layernorm_26/Add;/post_attention_layernorm_26/Div;/post_attention_layernorm_26/Sqrt;/post_attention_layernorm_26/Mul;/post_attention_layernorm_26/Mul_1;/gate_proj_26/MatMul__a_quant
mixed_decode,672,/up_proj_26/MatMul_myl0_672,gemm,L26:up_proj,LINEAR,GEMM,sm80_xmma_gemm_f16f16_f16f16_f16_tn_n_tilesize32x32x64_stage6_warpsize2x2x1_tensor16x8x16,1x1x1024;1x1024x3072;1;1,Half;Half;Float;Float,1x1x3072,Half,/up_proj_26/MatMul
mixed_decode,673,__myl_FcCasNegExpAddDivMulMul_myl0_673,fusion,L26:gate_proj,LINEAR,GEMM,sm80_xmma_gemm_i8i8_i8i32_f32_tn_n_tilesize32x64x64_stage6_warpsize2x2x1_tensor16x8x32_by_fusion_tactic,1x1x3072;1x1x1024;1x1024x3072,Half;Int8;Int8,1x1x3072,Half,/gate_proj_26/MatMul;/gate_proj_26/MatMul__a_dequant;/gate_proj_26/MatMul__a_quant;/gate_proj_26/MatMul__w_dequant;/Mul_242;/Mul_243;/Sigmoid_26
mixed_decode,674,__myl_FcAdd_myl0_674,fusion,L26:down_proj,LINEAR,GEMM,sm80_xmma_gemm_f16f16_f16f16_f16_nn_n_tilesize64x128x32_stage5_warpsize2x2x1_tensor16x8x16_by_fusion_tactic,1x1x1024;1x1x3072;1x3072x1024,Half;Half;Half,1x1x1024,Half,/down_proj_26/MatMul;/Add_107
mixed_decode,675,__myl_MulMeaAddSqrDivMulDivMinMaxRouCasDivMinMaxRouCasDivMinMaxRouCas_myl0_675,kgen,L27:q_proj,LINEAR,TENSORRT_INTERNAL,__myl_MulMeaAddSqrDivMulDivMinMaxRouCasDivMinMaxRouCasDivMinMaxRouCas_0x9f2c300bb597625319cadec4728f9bc5,1x1x1024;1x1x1024;1x1x1024;1x1x1024;1x1x1024;1x1x1024,Half;Half;Half;Half;Half;Half,1x1x1024;1x1x1024;1x1x1024,Int8;Int8;Int8,/q_proj_27/MatMul__a_quant;/k_proj_27/MatMul__a_quant;/v_proj_27/MatMul__a_quant;/input_layernorm_27/Mul;/input_layernorm_27/Sqrt;/input_layernorm_27/Div;/input_layernorm_27/Add;/input_layernorm_27/ReduceMean;/input_layernorm_27/Pow
mixed_decode,676,__mye677230_myl0_676,signal,UNKNOWN,UNKNOWN,NO_KERNEL,NONE,NONE,NONE,NONE,NONE,UNKNOWN
mixed_decode,677,__mye677232_myl0_677,wait,UNKNOWN,UNKNOWN,NO_KERNEL,NONE,NONE,NONE,NONE,NONE,UNKNOWN
mixed_decode,678,__myl_FcCas_myl0_678,fusion,L27:v_proj,LINEAR,GEMM,sm80_xmma_gemm_i8f32_i8i32_f32_tn_n_tilesize32x64x64_stage6_warpsize2x2x1_tensor16x8x32_by_fusion_tactic,1x1x1024;1x1024x1024,Int8;Int8,1x1x1024,Half,/v_proj_27/MatMul;/v_proj_27/MatMul__a_dequant;/v_proj_27/MatMul__a_quant;/v_proj_27/MatMul__w_dequant
mixed_decode,679,__myl_ResConResRep_myl0_679,kgen,UNKNOWN,UNKNOWN,TENSORRT_INTERNAL,__myl_ResConResRep_0x9d40828c020eb6bb972be950c35191c1,1x8x-1x128;1x1x1024;1;1;1;1;1;1;1;1;1;1;1;1;1;1,Half;Half;Int64;Int64;Int64;Int64;Int64;Int64;Int64;Int64;Int64;Int64;Int64;Int64;Int64;Int64,1x8x-1x128;1x8x2x-1x128,Half;Half,/Reshape_218;/Transpose_137;/Unsqueeze_612;/Expand_55;/Concat_331
mixed_decode,680,__mye677240_myl0_680,signal,UNKNOWN,UNKNOWN,NO_KERNEL,NONE,NONE,NONE,NONE,NONE,UNKNOWN
mixed_decode,681,__mye677234_myl0_681,wait,UNKNOWN,UNKNOWN,NO_KERNEL,NONE,NONE,NONE,NONE,NONE,UNKNOWN
mixed_decode,682,__myl_FcCas_myl0_682,fusion,L27:k_proj,LINEAR,GEMM,sm80_xmma_gemm_i8f32_i8i32_f32_tn_n_tilesize32x64x64_stage6_warpsize2x2x1_tensor16x8x32_by_fusion_tactic,1x1x1024;1x1024x1024,Int8;Int8,1x1x1024,Half,/k_proj_27/MatMul;/k_proj_27/MatMul__a_dequant;/k_proj_27/MatMul__a_quant;/k_proj_27/MatMul__w_dequant
mixed_decode,683,__myl_ResMulMea_myl0_683,kgen,UNKNOWN,UNKNOWN,TENSORRT_INTERNAL,__myl_ResMulMea_0x3c91498c3beee36a5653966af1581a8a,1x1x1024,Half,1x1x8x1;1x1x8x128,Half;Half,/Reshape_217;/k_norm_27/Pow;/k_norm_27/ReduceMean
mixed_decode,684,__myl_AddSqrDivMulMulResSliSliNegConMulMulAddConResRepResTra_myl0_684,kgen,UNKNOWN,UNKNOWN,TENSORRT_INTERNAL,__myl_AddSqrDivMulMulResSliSliNegConMulMulAddConResRepResTra_0x5aea462b6a819ceadd3ebb32874c078f,1x8x-1x128;1x1x1x128;1x1x1x128;1x1x1x128;1x1x8x128;1x1x8x1;1;1;1;1;1;1;1;1;1;1;1;1;1;1;1;1;1;1,Half;Half;Half;Half;Half;Half;Int64;Int64;Int64;Int64;Int64;Int64;Int64;Int64;Int64;Int64;Int64;Int64;Int64;Int64;Int64;Int64;Int64;Int64,1x8x-1x128;1x16x128x-1,Half;Half,/k_norm_27/Add;/k_norm_27/Sqrt;/k_norm_27/Mul;/k_norm_27/Mul_1;/Transpose_136;/Slice_110;/Slice_111;/Concat_329;/Mul_247;/Add_109;/Mul_246;/Unsqueeze_607;/Reshape_220;/Transpose_138;/Expand_54;/Concat_330;/Neg_55;/k_norm_27/Div
mixed_decode,685,__mye677236_myl0_685,signal,UNKNOWN,UNKNOWN,NO_KERNEL,NONE,NONE,NONE,NONE,NONE,UNKNOWN
mixed_decode,686,__myl_FcCas_myl0_686,fusion,L27:q_proj,LINEAR,GEMM,sm80_xmma_gemm_i8f32_i8i32_f32_tn_n_tilesize32x64x64_stage6_warpsize2x2x1_tensor16x8x32_by_fusion_tactic,1x1x1024;1x1024x2048,Int8;Int8,1x1x2048,Half,/q_proj_27/MatMul;/q_proj_27/MatMul__a_dequant;/q_proj_27/MatMul__a_quant;/q_proj_27/MatMul__w_dequant
mixed_decode,687,__myl_ResMulMea_myl0_687,kgen,UNKNOWN,UNKNOWN,TENSORRT_INTERNAL,__myl_ResMulMea_0xf2413012cd9ac6341b95d78f3432c656,1x1x2048,Half,1x1x16x1;1x1x16x128,Half;Half,/Reshape_216;/q_norm_27/Pow;/q_norm_27/ReduceMean
mixed_decode,688,__myl_AddSqrDivMulMulResSliSliNegConMulMulAdd_myl0_688,kgen,UNKNOWN,UNKNOWN,TENSORRT_INTERNAL,__myl_AddSqrDivMulMulResSliSliNegConMulMulAdd_0xf1ba08cc3beaba8ee91b0504be9c2cf4,1x1x1x128;1x1x1x128;1x1x1x128;1x1x16x128;1x1x16x1,Half;Half;Half;Half;Half,1x16x1x128,Half,/q_norm_27/Add;/q_norm_27/Sqrt;/q_norm_27/Mul;/q_norm_27/Mul_1;/Transpose_135;/Slice_108;/Slice_109;/Concat_328;/Mul_245;/Add_108;/Mul_244;/Neg_54;/q_norm_27/Div
mixed_decode,689,__mye677238_myl0_689,wait,UNKNOWN,UNKNOWN,NO_KERNEL,NONE,NONE,NONE,NONE,NONE,UNKNOWN
mixed_decode,690,/MatMul_54_myl0_690,gemm,L54:ATTENTION_VALUE,ATTENTION_GEMM,GEMM,sm80_xmma_gemm_f16f16_f16f32_f32_nn_n_tilesize32x32x64_stage6_warpsize2x2x1_tensor16x8x16_aligna2_alignc2,16x1x128;16x128x-1;1;1,Half;Half;Float;Float,16x1x-1,Half,/MatMul_54
mixed_decode,691,__myl_MulMaxSubExpSumDivMul_myl0_691,kgen,UNKNOWN,UNKNOWN,TENSORRT_INTERNAL,__myl_MulMaxSubExpSumDivMul_0x1108f5a078d6e65507c06537b9b2e43f,1x16x1x-1;1;1,Half;Int64;Int64,1x16x1x-1,Half,/Mul_250;/Softmax_27
mixed_decode,692,__mye677242_myl0_692,wait,UNKNOWN,UNKNOWN,NO_KERNEL,NONE,NONE,NONE,NONE,NONE,UNKNOWN
mixed_decode,693,/MatMul_55_myl0_693,gemm,L55:ATTENTION_VALUE,ATTENTION_GEMM,GEMM,sm80_xmma_gemm_f16f16_f16f32_f32_nn_n_tilesize64x128x32_stage5_warpsize2x2x1_tensor16x8x16_aligna2_alignc2,16x1x-1;16x-1x128;1;1,Half;Half;Float;Float,16x1x128,Half,/MatMul_55
mixed_decode,694,__myl_FcAdd_myl0_694,fusion,L27:o_proj,LINEAR,GEMM,sm80_xmma_gemm_f16f16_f16f16_f16_tn_n_tilesize32x32x64_stage6_warpsize2x2x1_tensor16x8x16_by_fusion_tactic,1x1x1024;1x1x2048;1x2048x1024,Half;Half;Half,1x1x1024,Half,/o_proj_27/MatMul;/Add_110
mixed_decode,695,__myl_MulMeaAddSqrDivMulMul_myl0_695,kgen,UNKNOWN,UNKNOWN,TENSORRT_INTERNAL,__myl_MulMeaAddSqrDivMulMul_0x8548fa9a57c713be1fdaa27c95458b99,1x1x1024;1x1x1024;1x1x1024;1x1x1024,Half;Half;Half;Half,1x1x1024,Half,/post_attention_layernorm_27/Pow;/post_attention_layernorm_27/ReduceMean;/post_attention_layernorm_27/Add;/post_attention_layernorm_27/Div;/post_attention_layernorm_27/Sqrt;/post_attention_layernorm_27/Mul_1;/post_attention_layernorm_27/Mul
mixed_decode,696,/up_proj_27/MatMul_myl0_696,gemm,L27:up_proj,LINEAR,GEMM,sm80_xmma_gemm_f16f16_f16f32_f32_tn_n_tilesize32x32x64_stage6_warpsize2x2x1_tensor16x8x16,1x1x1024;1x1024x3072;1;1,Half;Half;Float;Float,1x1x3072,Half,/up_proj_27/MatMul
mixed_decode,697,__myl_FcNegExpAddDivMulMul_myl0_697,fusion,L27:gate_proj,LINEAR,GEMM,sm80_xmma_gemm_f16f16_f16f16_f16_tn_n_tilesize32x32x64_stage6_warpsize2x2x1_tensor16x8x16_by_fusion_tactic,1x1x3072;1x1x1024;1x1024x3072,Half;Half;Half,1x1x3072,Half,/gate_proj_27/MatMul;/Mul_251;/Mul_252;/Sigmoid_27
mixed_decode,698,__myl_FcAdd_myl0_698,fusion,L27:down_proj,LINEAR,GEMM,sm80_xmma_gemm_f16f16_f16f16_f16_nn_n_tilesize64x128x32_stage5_warpsize2x2x1_tensor16x8x16_by_fusion_tactic,1x1x1024;1x1x3072;1x3072x1024,Half;Half;Half,1x1x1024,Half,/down_proj_27/MatMul;/Add_111
