Name,Projected Start (ns),Projected Duration (ns),Orig Start (ns),Orig Duration (ns),Style,PID,TID,NumGPUOps,Lvl,NumChild,RangeId,ParentId,RangeStack
myelin-exec:myelinGraphLoadPersistent,6004173984,207169568,5626224800,585438464,StartEnd,687017,687017,56,0,0,9,,:9
myelin-exec:myelinGraphLoadPersistent,9173917248,213208320,8674228576,713616608,StartEnd,687017,687017,56,0,0,13,,:13
TensorRT:ExecutionContext::enqueue,9785052160,15392,9784828576,501216,PushPop,687017,687017,1,0,1,23,,:23
TensorRT:{ForeignNode[ONNXTRT_castHelper.../Gather]},9785052160,15392,9784951584,370816,PushPop,687017,687017,1,1,1,27,23,:23:27
myelin-exec:myelinGraphExecute ,9785052160,15392,9784995680,58880,StartEnd,687017,687017,1,2,1,33,27,:23:27:33
myelin-exec:__myl_CasGat,9785052160,15392,9785001696,51488,PushPop,687017,687017,1,3,0,35,33,:23:27:33:35
TensorRT:ExecutionContext::enqueue,9796060032,89367328,9794251456,70779456,PushPop,687017,687017,392,0,1,38,,:38
TensorRT:{ForeignNode[/Cast.../Add_111]},9796060032,89367328,9795212992,69769440,PushPop,687017,687017,392,1,1,42,38,:38:42
myelin-exec:myelinGraphExecute ,9796060032,89367328,9795405568,69298080,StartEnd,687017,687017,392,2,392,48,42,:38:42:48
myelin-exec:__myl_RepIotIotRepCasAddCasEqlLtOrSel,9796060032,8384,9795410880,57376,PushPop,687017,687017,1,3,0,50,48,:38:42:48:50
myelin-exec:__myl_MovMulMeaAddSqrDivMulMul,9796072256,11200,9795469792,27520,PushPop,687017,687017,1,3,0,51,48,:38:42:48:51
myelin-exec:/v_proj/MatMul+/k_proj/MatMul+/q_proj/MatMul,9845982688,301312,9795498976,50038784,PushPop,687017,687017,1,3,0,52,48,:38:42:48:52
myelin-exec:__myl_ResTraResSliRepRes,9846287712,15584,9845548832,35488,PushPop,687017,687017,1,3,0,53,48,:38:42:48:53
myelin-exec:__myl_ResMulMea,9846307040,11392,9845586176,18848,PushPop,687017,687017,1,3,0,54,48,:38:42:48:54
myelin-exec:__myl_ResMulMea,9846321952,9920,9845606912,17984,PushPop,687017,687017,1,3,0,55,48,:38:42:48:55
myelin-exec:__myl_CasResMulConSinResCosResAddSqrAddSqrDivMulDivMulMulTraSliSliNegConMulMulAddResSliRepResTraEtc,9846335616,28544,9845626304,38016,PushPop,687017,687017,1,3,0,56,48,:38:42:48:56
myelin-exec:_gemm_mha_v2,9846367840,22848,9845666048,17888,PushPop,687017,687017,1,3,0,57,48,:38:42:48:57
myelin-exec:__myl_FcAdd,9846394496,163840,9845685824,325920,PushPop,687017,687017,1,3,0,58,48,:38:42:48:58
myelin-exec:__myl_MulMeaAddSqrDivMulMul,9846563936,13824,9846014432,22080,PushPop,687017,687017,1,3,0,59,48,:38:42:48:59
myelin-exec:/gate_proj/MatMul,9846581728,236736,9846346400,120448,PushPop,687017,687017,1,3,0,61,48,:38:42:48:61
myelin-exec:/up_proj/MatMul,9846827456,239392,9846483424,53920,PushPop,687017,687017,1,3,0,63,48,:38:42:48:63
myelin-exec:__myl_NegExpAddDivMulMul,9847073600,15264,9846549984,24128,PushPop,687017,687017,1,3,0,66,48,:38:42:48:66
myelin-exec:__myl_FcAdd,9847092864,233184,9846575744,172032,PushPop,687017,687017,1,3,0,67,48,:38:42:48:67
myelin-exec:__myl_MulMeaAddSqrDivMulMul,9847334272,14944,9846750496,21600,PushPop,687017,687017,1,3,0,68,48,:38:42:48:68
myelin-exec:/v_proj_1/MatMul+/k_proj_1/MatMul+/q_proj_1/MatMul,9847357376,299296,9846773984,41952,PushPop,687017,687017,1,3,0,69,48,:38:42:48:69
myelin-exec:__myl_ResTraResSliRepRes,9847660832,14976,9846823456,15616,PushPop,687017,687017,1,3,0,71,48,:38:42:48:71
myelin-exec:__myl_ResMulMea,9847683680,11264,9846844736,30336,PushPop,687017,687017,1,3,0,73,48,:38:42:48:73
myelin-exec:__myl_AddSqrDivMulMulTraSliSliNegConMulMulAddResSliRepResTraRes,9847701728,18560,9846876608,20992,PushPop,687017,687017,1,3,0,74,48,:38:42:48:74
myelin-exec:__myl_ResMulMea,9847727040,12256,9846903552,13824,PushPop,687017,687017,1,3,0,76,48,:38:42:48:76
myelin-exec:__myl_AddSqrDivMulMulTraSliSliNegConMulMulAddRes,9847744800,14048,9846918464,15488,PushPop,687017,687017,1,3,0,77,48,:38:42:48:77
myelin-exec:_gemm_mha_v2,9847764192,21600,9846939296,12800,PushPop,687017,687017,1,3,0,79,48,:38:42:48:79
myelin-exec:__myl_FcAdd,9847792608,163168,9846953568,179712,PushPop,687017,687017,1,3,0,80,48,:38:42:48:80
myelin-exec:__myl_MulMeaAddSqrDivMulMul,9847959808,14016,9847135936,19968,PushPop,687017,687017,1,3,0,81,48,:38:42:48:81
myelin-exec:/gate_proj_1/MatMul,9847979392,235360,9847163808,48512,PushPop,687017,687017,1,3,0,83,48,:38:42:48:83
myelin-exec:/up_proj_1/MatMul,9848225920,237056,9847219712,37056,PushPop,687017,687017,1,3,0,85,48,:38:42:48:85
myelin-exec:__myl_NegExpAddDivMulMul,9848467840,15264,9847267584,14432,PushPop,687017,687017,1,3,0,88,48,:38:42:48:88
myelin-exec:__myl_FcAdd,9848487456,231904,9847283264,196352,PushPop,687017,687017,1,3,0,89,48,:38:42:48:89
myelin-exec:__myl_MulMeaAddSqrDivMulMul,9848723360,13824,9847481888,16672,PushPop,687017,687017,1,3,0,90,48,:38:42:48:90
myelin-exec:/v_proj_2/MatMul+/k_proj_2/MatMul+/q_proj_2/MatMul,9848741152,301440,9847500256,44064,PushPop,687017,687017,1,3,0,91,48,:38:42:48:91
myelin-exec:__myl_ResTraResSliRepRes,9849050816,14912,9847552512,14048,PushPop,687017,687017,1,3,0,93,48,:38:42:48:93
myelin-exec:__myl_ResMulMea,9849073856,11264,9847572448,14400,PushPop,687017,687017,1,3,0,95,48,:38:42:48:95
myelin-exec:__myl_AddSqrDivMulMulTraSliSliNegConMulMulAddResSliRepResTraRes,9849091840,18688,9847588320,20832,PushPop,687017,687017,1,3,0,96,48,:38:42:48:96
myelin-exec:__myl_ResMulMea,9849117248,12192,9847615392,12864,PushPop,687017,687017,1,3,0,98,48,:38:42:48:98
myelin-exec:__myl_AddSqrDivMulMulTraSliSliNegConMulMulAddRes,9849135264,15072,9847629632,11072,PushPop,687017,687017,1,3,0,99,48,:38:42:48:99
myelin-exec:_gemm_mha_v2,9849155520,22464,9847645440,11232,PushPop,687017,687017,1,3,0,101,48,:38:42:48:101
myelin-exec:__myl_FcAdd,9849183680,162496,9847658304,172896,PushPop,687017,687017,1,3,0,102,48,:38:42:48:102
myelin-exec:__myl_MulMeaAddSqrDivMulMul,9849353152,14816,9847833504,15808,PushPop,687017,687017,1,3,0,103,48,:38:42:48:103
myelin-exec:/gate_proj_2/MatMul,9849376128,235072,9847856768,41216,PushPop,687017,687017,1,3,0,105,48,:38:42:48:105
myelin-exec:/up_proj_2/MatMul,9849621632,237376,9847905568,41216,PushPop,687017,687017,1,3,0,107,48,:38:42:48:107
myelin-exec:__myl_NegExpAddDivMulMul,9849863168,15200,9847958720,14848,PushPop,687017,687017,1,3,0,110,48,:38:42:48:110
myelin-exec:__myl_FcAdd,9849882368,230944,9847974944,179808,PushPop,687017,687017,1,3,0,111,48,:38:42:48:111
myelin-exec:__myl_MulMeaAddSqrDivMulMul,9850117632,14624,9848157216,16224,PushPop,687017,687017,1,3,0,112,48,:38:42:48:112
myelin-exec:/v_proj_3/MatMul+/k_proj_3/MatMul+/q_proj_3/MatMul,9850136256,301632,9848175360,41152,PushPop,687017,687017,1,3,0,113,48,:38:42:48:113
myelin-exec:__myl_ResTraResSliRepRes,9850442144,14976,9848224256,15648,PushPop,687017,687017,1,3,0,115,48,:38:42:48:115
myelin-exec:__myl_ResMulMea,9850465184,11232,9848245440,15936,PushPop,687017,687017,1,3,0,117,48,:38:42:48:117
myelin-exec:__myl_AddSqrDivMulMulTraSliSliNegConMulMulAddResSliRepResTraRes,9850483488,18048,9848262784,21728,PushPop,687017,687017,1,3,0,118,48,:38:42:48:118
myelin-exec:__myl_ResMulMea,9850509280,12288,9848290752,13728,PushPop,687017,687017,1,3,0,120,48,:38:42:48:120
myelin-exec:__myl_AddSqrDivMulMulTraSliSliNegConMulMulAddRes,9850527360,13888,9848306176,11168,PushPop,687017,687017,1,3,0,121,48,:38:42:48:121
myelin-exec:_gemm_mha_v2,9850546592,22272,9848321952,11712,PushPop,687017,687017,1,3,0,123,48,:38:42:48:123
myelin-exec:__myl_FcAdd,9850576032,163264,9848335008,164480,PushPop,687017,687017,1,3,0,124,48,:38:42:48:124
myelin-exec:__myl_MulMeaAddSqrDivMulMul,9850744928,14496,9848501824,14688,PushPop,687017,687017,1,3,0,125,48,:38:42:48:125
myelin-exec:/gate_proj_3/MatMul,9850763584,236800,9848524256,42048,PushPop,687017,687017,1,3,0,127,48,:38:42:48:127
myelin-exec:/up_proj_3/MatMul,9851010816,239328,9848573120,38624,PushPop,687017,687017,1,3,0,129,48,:38:42:48:129
myelin-exec:__myl_NegExpAddDivMulMul,9851258272,15200,9848622368,14080,PushPop,687017,687017,1,3,0,132,48,:38:42:48:132
myelin-exec:__myl_FcAdd,9851277504,234912,9848638272,162304,PushPop,687017,687017,1,3,0,133,48,:38:42:48:133
myelin-exec:__myl_MulMeaAddSqrDivMulMul,9851519808,13920,9848803136,18176,PushPop,687017,687017,1,3,0,134,48,:38:42:48:134
myelin-exec:/v_proj_4/MatMul+/k_proj_4/MatMul+/q_proj_4/MatMul,9851537760,301824,9848823488,43648,PushPop,687017,687017,1,3,0,135,48,:38:42:48:135
myelin-exec:__myl_ResTraResSliRepRes,9851843584,15264,9848874240,14624,PushPop,687017,687017,1,3,0,137,48,:38:42:48:137
myelin-exec:__myl_ResMulMea,9851867040,11168,9848894272,13344,PushPop,687017,687017,1,3,0,139,48,:38:42:48:139
myelin-exec:__myl_AddSqrDivMulMulTraSliSliNegConMulMulAddResSliRepResTraRes,9851884928,18720,9848909120,13184,PushPop,687017,687017,1,3,0,140,48,:38:42:48:140
myelin-exec:__myl_ResMulMea,9851910496,12320,9848927360,12352,PushPop,687017,687017,1,3,0,142,48,:38:42:48:142
myelin-exec:__myl_AddSqrDivMulMulTraSliSliNegConMulMulAddRes,9851928576,15008,9848940736,11584,PushPop,687017,687017,1,3,0,143,48,:38:42:48:143
myelin-exec:_gemm_mha_v2,9851948704,21920,9848956352,11072,PushPop,687017,687017,1,3,0,145,48,:38:42:48:145
myelin-exec:__myl_FcAdd,9851977376,163968,9848968768,153184,PushPop,687017,687017,1,3,0,146,48,:38:42:48:146
myelin-exec:__myl_MulMeaAddSqrDivMulMul,9852149504,13920,9849124448,14272,PushPop,687017,687017,1,3,0,147,48,:38:42:48:147
myelin-exec:/gate_proj_4/MatMul,9852167456,237184,9849146400,43200,PushPop,687017,687017,1,3,0,149,48,:38:42:48:149
myelin-exec:/up_proj_4/MatMul,9852416384,236512,9849195840,44096,PushPop,687017,687017,1,3,0,151,48,:38:42:48:151
myelin-exec:__myl_NegExpAddDivMulMul,9852658592,15104,9849250080,15808,PushPop,687017,687017,1,3,0,154,48,:38:42:48:154
myelin-exec:__myl_FcAdd,9852677856,231424,9849267520,166080,PushPop,687017,687017,1,3,0,155,48,:38:42:48:155
myelin-exec:__myl_MulMeaAddSqrDivMulMul,9852917504,14816,9849436000,14752,PushPop,687017,687017,1,3,0,156,48,:38:42:48:156
myelin-exec:/v_proj_5/MatMul+/k_proj_5/MatMul+/q_proj_5/MatMul,9852936256,301216,9849452448,38624,PushPop,687017,687017,1,3,0,157,48,:38:42:48:157
myelin-exec:__myl_ResTraResSliRepRes,9853245600,15872,9849497856,15040,PushPop,687017,687017,1,3,0,159,48,:38:42:48:159
myelin-exec:__myl_ResMulMea,9853269376,11232,9849518016,14432,PushPop,687017,687017,1,3,0,161,48,:38:42:48:161
myelin-exec:__myl_AddSqrDivMulMulTraSliSliNegConMulMulAddResSliRepResTraRes,9853287456,17696,9849533856,13568,PushPop,687017,687017,1,3,0,162,48,:38:42:48:162
myelin-exec:__myl_ResMulMea,9853313056,11328,9849552928,12576,PushPop,687017,687017,1,3,0,164,48,:38:42:48:164
myelin-exec:__myl_AddSqrDivMulMulTraSliSliNegConMulMulAddRes,9853331360,14944,9849566688,10784,PushPop,687017,687017,1,3,0,165,48,:38:42:48:165
myelin-exec:_gemm_mha_v2,9853355936,22848,9849581952,11136,PushPop,687017,687017,1,3,0,167,48,:38:42:48:167
myelin-exec:__myl_FcAdd,9853385824,162272,9849594688,155840,PushPop,687017,687017,1,3,0,168,48,:38:42:48:168
myelin-exec:__myl_MulMeaAddSqrDivMulMul,9853553728,14080,9849752768,14112,PushPop,687017,687017,1,3,0,169,48,:38:42:48:169
myelin-exec:/gate_proj_5/MatMul,9853571936,236160,9849773856,38880,PushPop,687017,687017,1,3,0,171,48,:38:42:48:171
myelin-exec:/up_proj_5/MatMul,9853815936,237344,9849819040,35008,PushPop,687017,687017,1,3,0,173,48,:38:42:48:173
myelin-exec:__myl_NegExpAddDivMulMul,9854057376,15072,9849863968,14240,PushPop,687017,687017,1,3,0,176,48,:38:42:48:176
myelin-exec:__myl_FcAdd,9854076512,231456,9849880064,161984,PushPop,687017,687017,1,3,0,177,48,:38:42:48:177
myelin-exec:__myl_MulMeaAddSqrDivMulMul,9854316032,14304,9850044576,17888,PushPop,687017,687017,1,3,0,178,48,:38:42:48:178
myelin-exec:/v_proj_6/MatMul+/k_proj_6/MatMul+/q_proj_6/MatMul,9854334592,302080,9850064416,40608,PushPop,687017,687017,1,3,0,179,48,:38:42:48:179
myelin-exec:__myl_ResTraResSliRepRes,9854644928,15456,9850112384,14048,PushPop,687017,687017,1,3,0,181,48,:38:42:48:181
myelin-exec:__myl_ResMulMea,9854668704,11360,9850131968,20640,PushPop,687017,687017,1,3,0,183,48,:38:42:48:183
myelin-exec:__myl_AddSqrDivMulMulTraSliSliNegConMulMulAddResSliRepResTraRes,9854687264,18816,9850154176,15072,PushPop,687017,687017,1,3,0,184,48,:38:42:48:184
myelin-exec:__myl_ResMulMea,9854712736,12512,9850174848,13056,PushPop,687017,687017,1,3,0,186,48,:38:42:48:186
myelin-exec:__myl_AddSqrDivMulMulTraSliSliNegConMulMulAddRes,9854730816,13984,9850188960,10752,PushPop,687017,687017,1,3,0,187,48,:38:42:48:187
myelin-exec:_gemm_mha_v2,9854750016,21440,9850204896,10592,PushPop,687017,687017,1,3,0,189,48,:38:42:48:189
myelin-exec:__myl_FcAdd,9854778272,162176,9850217024,161856,PushPop,687017,687017,1,3,0,190,48,:38:42:48:190
myelin-exec:__myl_MulMeaAddSqrDivMulMul,9854948576,15456,9850381344,14848,PushPop,687017,687017,1,3,0,191,48,:38:42:48:191
myelin-exec:/gate_proj_6/MatMul,9854972352,236224,9850403200,39232,PushPop,687017,687017,1,3,0,193,48,:38:42:48:193
myelin-exec:/up_proj_6/MatMul,9855217056,236864,9850448224,36224,PushPop,687017,687017,1,3,0,195,48,:38:42:48:195
myelin-exec:__myl_NegExpAddDivMulMul,9855458048,15680,9850494560,15456,PushPop,687017,687017,1,3,0,198,48,:38:42:48:198
myelin-exec:__myl_FcAdd,9855477952,258976,9850511744,159072,PushPop,687017,687017,1,3,0,199,48,:38:42:48:199
myelin-exec:__myl_MulMeaAddSqrDivMulMul,9855745184,13824,9850673952,15840,PushPop,687017,687017,1,3,0,200,48,:38:42:48:200
myelin-exec:/v_proj_7/MatMul+/k_proj_7/MatMul+/q_proj_7/MatMul,9855762944,302368,9850691648,39360,PushPop,687017,687017,1,3,0,201,48,:38:42:48:201
myelin-exec:__myl_ResTraResSliRepRes,9856069376,14944,9850738048,14080,PushPop,687017,687017,1,3,0,203,48,:38:42:48:203
myelin-exec:__myl_ResMulMea,9856094592,11232,9850757920,19968,PushPop,687017,687017,1,3,0,205,48,:38:42:48:205
myelin-exec:__myl_AddSqrDivMulMulTraSliSliNegConMulMulAddResSliRepResTraRes,9856111488,18752,9850779456,15840,PushPop,687017,687017,1,3,0,206,48,:38:42:48:206
myelin-exec:__myl_ResMulMea,9856136928,11264,9850800480,12224,PushPop,687017,687017,1,3,0,208,48,:38:42:48:208
myelin-exec:__myl_AddSqrDivMulMulTraSliSliNegConMulMulAddRes,9856155008,14144,9850813888,10720,PushPop,687017,687017,1,3,0,209,48,:38:42:48:209
myelin-exec:_gemm_mha_v2,9856174592,22176,9850828896,10688,PushPop,687017,687017,1,3,0,211,48,:38:42:48:211
myelin-exec:__myl_FcAdd,9856203680,177440,9850841056,169344,PushPop,687017,687017,1,3,0,212,48,:38:42:48:212
myelin-exec:__myl_MulMeaAddSqrDivMulMul,9856387840,13920,9851012896,17472,PushPop,687017,687017,1,3,0,213,48,:38:42:48:213
myelin-exec:/gate_proj_7/MatMul,9856405824,237952,9851038112,40128,PushPop,687017,687017,1,3,0,215,48,:38:42:48:215
myelin-exec:/up_proj_7/MatMul,9856653984,237184,9851084832,36000,PushPop,687017,687017,1,3,0,217,48,:38:42:48:217
myelin-exec:__myl_NegExpAddDivMulMul,9856895616,15520,9851130432,13216,PushPop,687017,687017,1,3,0,220,48,:38:42:48:220
myelin-exec:__myl_FcAdd,9856915264,257696,9851145344,158304,PushPop,687017,687017,1,3,0,221,48,:38:42:48:221
myelin-exec:__myl_MulMeaAddSqrDivMulMul,9857178592,14080,9851306016,16896,PushPop,687017,687017,1,3,0,222,48,:38:42:48:222
myelin-exec:/v_proj_8/MatMul+/k_proj_8/MatMul+/q_proj_8/MatMul,9857196736,301312,9851324224,38720,PushPop,687017,687017,1,3,0,223,48,:38:42:48:223
myelin-exec:__myl_ResTraResSliRepRes,9857506240,15648,9851370464,13952,PushPop,687017,687017,1,3,0,225,48,:38:42:48:225
myelin-exec:__myl_ResMulMea,9857529696,11232,9851389920,14624,PushPop,687017,687017,1,3,0,227,48,:38:42:48:227
myelin-exec:__myl_AddSqrDivMulMulTraSliSliNegConMulMulAddResSliRepResTraRes,9857547584,17952,9851405856,20736,PushPop,687017,687017,1,3,0,228,48,:38:42:48:228
myelin-exec:__myl_ResMulMea,9857573728,12800,9851432320,13728,PushPop,687017,687017,1,3,0,230,48,:38:42:48:230
myelin-exec:__myl_AddSqrDivMulMulTraSliSliNegConMulMulAddRes,9857592256,14048,9851447360,11136,PushPop,687017,687017,1,3,0,231,48,:38:42:48:231
myelin-exec:_gemm_mha_v2,9857611488,21920,9851463296,11648,PushPop,687017,687017,1,3,0,233,48,:38:42:48:233
myelin-exec:__myl_FcAdd,9857640288,175168,9851476512,162688,PushPop,687017,687017,1,3,0,234,48,:38:42:48:234
myelin-exec:__myl_MulMeaAddSqrDivMulMul,9857819584,13760,9851641536,15360,PushPop,687017,687017,1,3,0,235,48,:38:42:48:235
myelin-exec:/gate_proj_8/MatMul,9857839040,236288,9851664064,41152,PushPop,687017,687017,1,3,0,237,48,:38:42:48:237
myelin-exec:/up_proj_8/MatMul,9858085408,236544,9851712160,34976,PushPop,687017,687017,1,3,0,239,48,:38:42:48:239
myelin-exec:__myl_NegExpAddDivMulMul,9858326144,15232,9851758016,14848,PushPop,687017,687017,1,3,0,242,48,:38:42:48:242
myelin-exec:__myl_FcAdd,9858345408,256672,9851774464,169504,PushPop,687017,687017,1,3,0,243,48,:38:42:48:243
myelin-exec:__myl_MulMeaAddSqrDivMulMul,9858608576,14208,9851946368,17632,PushPop,687017,687017,1,3,0,244,48,:38:42:48:244
myelin-exec:/v_proj_9/MatMul+/k_proj_9/MatMul+/q_proj_9/MatMul,9858626720,301088,9851965824,54368,PushPop,687017,687017,1,3,0,245,48,:38:42:48:245
myelin-exec:__myl_ResTraResSliRepRes,9858933472,14912,9852029504,18848,PushPop,687017,687017,1,3,0,247,48,:38:42:48:247
myelin-exec:__myl_ResMulMea,9858956384,11296,9852054400,15488,PushPop,687017,687017,1,3,0,249,48,:38:42:48:249
myelin-exec:__myl_AddSqrDivMulMulTraSliSliNegConMulMulAddResSliRepResTraRes,9858974400,17760,9852071456,14272,PushPop,687017,687017,1,3,0,250,48,:38:42:48:250
myelin-exec:__myl_ResMulMea,9859000608,11392,9852091552,12608,PushPop,687017,687017,1,3,0,252,48,:38:42:48:252
myelin-exec:__myl_AddSqrDivMulMulTraSliSliNegConMulMulAddRes,9859018784,14784,9852105440,10464,PushPop,687017,687017,1,3,0,253,48,:38:42:48:253
myelin-exec:_gemm_mha_v2,9859043072,21536,9852120704,11616,PushPop,687017,687017,1,3,0,255,48,:38:42:48:255
myelin-exec:__myl_FcAdd,9859071232,173120,9852133856,160800,PushPop,687017,687017,1,3,0,256,48,:38:42:48:256
myelin-exec:__myl_MulMeaAddSqrDivMulMul,9859248576,14560,9852296928,14848,PushPop,687017,687017,1,3,0,257,48,:38:42:48:257
myelin-exec:/gate_proj_9/MatMul,9859267136,237760,9852318592,44480,PushPop,687017,687017,1,3,0,259,48,:38:42:48:259
myelin-exec:/up_proj_9/MatMul,9859511360,236896,9852370208,45088,PushPop,687017,687017,1,3,0,261,48,:38:42:48:261
myelin-exec:__myl_NegExpAddDivMulMul,9859753728,15936,9852428800,16672,PushPop,687017,687017,1,3,0,264,48,:38:42:48:264
myelin-exec:__myl_FcAdd,9859778272,250752,9852447040,165952,PushPop,687017,687017,1,3,0,265,48,:38:42:48:265
myelin-exec:__myl_MulMeaAddSqrDivMulMul,9860033056,14272,9852615200,14144,PushPop,687017,687017,1,3,0,266,48,:38:42:48:266
myelin-exec:/v_proj_10/MatMul+/k_proj_10/MatMul+/q_proj_10/MatMul,9860051360,302816,9852631072,38848,PushPop,687017,687017,1,3,0,267,48,:38:42:48:267
myelin-exec:__myl_ResTraResSliRepRes,9860362240,15456,9852677248,14272,PushPop,687017,687017,1,3,0,269,48,:38:42:48:269
myelin-exec:__myl_ResMulMea,9860386240,11456,9852696576,13056,PushPop,687017,687017,1,3,0,271,48,:38:42:48:271
myelin-exec:__myl_AddSqrDivMulMulTraSliSliNegConMulMulAddResSliRepResTraRes,9860404800,18816,9852710944,13920,PushPop,687017,687017,1,3,0,272,48,:38:42:48:272
myelin-exec:__myl_ResMulMea,9860430816,12000,9852729280,12960,PushPop,687017,687017,1,3,0,274,48,:38:42:48:274
myelin-exec:__myl_AddSqrDivMulMulTraSliSliNegConMulMulAddRes,9860449376,13920,9852743584,10944,PushPop,687017,687017,1,3,0,275,48,:38:42:48:275
myelin-exec:_gemm_mha_v2,9860468480,21504,9852758368,11936,PushPop,687017,687017,1,3,0,277,48,:38:42:48:277
myelin-exec:__myl_FcAdd,9860496640,173216,9852772032,155200,PushPop,687017,687017,1,3,0,278,48,:38:42:48:278
myelin-exec:__myl_MulMeaAddSqrDivMulMul,9860674080,14560,9852929632,17088,PushPop,687017,687017,1,3,0,279,48,:38:42:48:279
myelin-exec:/gate_proj_10/MatMul,9860692864,235776,9852952992,39712,PushPop,687017,687017,1,3,0,281,48,:38:42:48:281
myelin-exec:/up_proj_10/MatMul,9860936736,237344,9852999552,41312,PushPop,687017,687017,1,3,0,283,48,:38:42:48:283
myelin-exec:__myl_NegExpAddDivMulMul,9861182240,15104,9853052256,17280,PushPop,687017,687017,1,3,0,286,48,:38:42:48:286
myelin-exec:__myl_FcAdd,9861201408,245504,9853070976,169600,PushPop,687017,687017,1,3,0,287,48,:38:42:48:287
myelin-exec:__myl_MulMeaAddSqrDivMulMul,9861453600,14240,9853242752,18208,PushPop,687017,687017,1,3,0,288,48,:38:42:48:288
myelin-exec:/v_proj_11/MatMul+/k_proj_11/MatMul+/q_proj_11/MatMul,9861471936,302688,9853262944,42656,PushPop,687017,687017,1,3,0,289,48,:38:42:48:289
myelin-exec:__myl_ResTraResSliRepRes,9861781408,15232,9853313568,15552,PushPop,687017,687017,1,3,0,291,48,:38:42:48:291
myelin-exec:__myl_ResMulMea,9861806848,11744,9853335040,15296,PushPop,687017,687017,1,3,0,293,48,:38:42:48:293
myelin-exec:__myl_AddSqrDivMulMulTraSliSliNegConMulMulAddResSliRepResTraRes,9861824288,17664,9853351776,14240,PushPop,687017,687017,1,3,0,294,48,:38:42:48:294
myelin-exec:__myl_ResMulMea,9861850016,11232,9853371168,12480,PushPop,687017,687017,1,3,0,296,48,:38:42:48:296
myelin-exec:__myl_AddSqrDivMulMulTraSliSliNegConMulMulAddRes,9861867968,13984,9853385024,10976,PushPop,687017,687017,1,3,0,297,48,:38:42:48:297
myelin-exec:_gemm_mha_v2,9861887040,21472,9853401184,11296,PushPop,687017,687017,1,3,0,299,48,:38:42:48:299
myelin-exec:__myl_FcAdd,9861915264,170464,9853414112,157888,PushPop,687017,687017,1,3,0,300,48,:38:42:48:300
myelin-exec:__myl_MulMeaAddSqrDivMulMul,9862089792,14304,9853574336,17440,PushPop,687017,687017,1,3,0,301,48,:38:42:48:301
myelin-exec:/gate_proj_11/MatMul,9862108704,236992,9853599296,40416,PushPop,687017,687017,1,3,0,303,48,:38:42:48:303
myelin-exec:/up_proj_11/MatMul,9862353472,236992,9853645920,35520,PushPop,687017,687017,1,3,0,305,48,:38:42:48:305
myelin-exec:__myl_NegExpAddDivMulMul,9862596032,15136,9853690752,13760,PushPop,687017,687017,1,3,0,308,48,:38:42:48:308
myelin-exec:__myl_FcAdd,9862615264,244064,9853705664,155104,PushPop,687017,687017,1,3,0,309,48,:38:42:48:309
myelin-exec:__myl_MulMeaAddSqrDivMulMul,9862867584,14784,9853863616,15712,PushPop,687017,687017,1,3,0,310,48,:38:42:48:310
myelin-exec:/v_proj_12/MatMul+/k_proj_12/MatMul+/q_proj_12/MatMul,9862886464,302528,9853881184,39360,PushPop,687017,687017,1,3,0,311,48,:38:42:48:311
myelin-exec:__myl_ResTraResSliRepRes,9863195712,15232,9853926848,15104,PushPop,687017,687017,1,3,0,313,48,:38:42:48:313
myelin-exec:__myl_ResMulMea,9863219168,11200,9853947040,19840,PushPop,687017,687017,1,3,0,315,48,:38:42:48:315
myelin-exec:__myl_AddSqrDivMulMulTraSliSliNegConMulMulAddResSliRepResTraRes,9863237056,18048,9853968288,14240,PushPop,687017,687017,1,3,0,316,48,:38:42:48:316
myelin-exec:__myl_ResMulMea,9863262560,12384,9853987296,12128,PushPop,687017,687017,1,3,0,318,48,:38:42:48:318
myelin-exec:__myl_AddSqrDivMulMulTraSliSliNegConMulMulAddRes,9863280512,13760,9854000704,10720,PushPop,687017,687017,1,3,0,319,48,:38:42:48:319
myelin-exec:_gemm_mha_v2,9863299488,21952,9854016064,11040,PushPop,687017,687017,1,3,0,321,48,:38:42:48:321
myelin-exec:__myl_FcAdd,9863328256,171008,9854028864,171616,PushPop,687017,687017,1,3,0,322,48,:38:42:48:322
myelin-exec:__myl_MulMeaAddSqrDivMulMul,9863503360,13792,9854203104,17632,PushPop,687017,687017,1,3,0,323,48,:38:42:48:323
myelin-exec:/gate_proj_12/MatMul,9863521152,235584,9854228608,41280,PushPop,687017,687017,1,3,0,325,48,:38:42:48:325
myelin-exec:/up_proj_12/MatMul,9863767584,236384,9854277056,34304,PushPop,687017,687017,1,3,0,327,48,:38:42:48:327
myelin-exec:__myl_NegExpAddDivMulMul,9864009600,15200,9854321536,15264,PushPop,687017,687017,1,3,0,330,48,:38:42:48:330
myelin-exec:__myl_FcAdd,9864029088,240960,9854338368,169120,PushPop,687017,687017,1,3,0,331,48,:38:42:48:331
myelin-exec:__myl_MulMeaAddSqrDivMulMul,9864275712,13824,9854509824,17376,PushPop,687017,687017,1,3,0,332,48,:38:42:48:332
myelin-exec:/v_proj_13/MatMul+/k_proj_13/MatMul+/q_proj_13/MatMul,9864293600,301408,9854529184,43680,PushPop,687017,687017,1,3,0,333,48,:38:42:48:333
myelin-exec:__myl_ResTraResSliRepRes,9864601824,14848,9854580192,15328,PushPop,687017,687017,1,3,0,335,48,:38:42:48:335
myelin-exec:__myl_ResMulMea,9864624704,11424,9854601248,13760,PushPop,687017,687017,1,3,0,337,48,:38:42:48:337
myelin-exec:__myl_AddSqrDivMulMulTraSliSliNegConMulMulAddResSliRepResTraRes,9864642816,18848,9854616512,19840,PushPop,687017,687017,1,3,0,338,48,:38:42:48:338
myelin-exec:__myl_ResMulMea,9864668384,11616,9854641824,12992,PushPop,687017,687017,1,3,0,340,48,:38:42:48:340
myelin-exec:__myl_AddSqrDivMulMulTraSliSliNegConMulMulAddRes,9864686720,14272,9854656192,10944,PushPop,687017,687017,1,3,0,341,48,:38:42:48:341
myelin-exec:_gemm_mha_v2,9864706240,21664,9854672320,10688,PushPop,687017,687017,1,3,0,343,48,:38:42:48:343
myelin-exec:__myl_FcAdd,9864734816,167360,9854684672,172256,PushPop,687017,687017,1,3,0,344,48,:38:42:48:344
myelin-exec:__myl_MulMeaAddSqrDivMulMul,9864907712,14656,9854859584,15904,PushPop,687017,687017,1,3,0,345,48,:38:42:48:345
myelin-exec:/gate_proj_13/MatMul,9864930624,237632,9854882080,41792,PushPop,687017,687017,1,3,0,347,48,:38:42:48:347
myelin-exec:/up_proj_13/MatMul,9865174688,236416,9854929696,36128,PushPop,687017,687017,1,3,0,349,48,:38:42:48:349
myelin-exec:__myl_NegExpAddDivMulMul,9865418176,15296,9854975648,14720,PushPop,687017,687017,1,3,0,352,48,:38:42:48:352
myelin-exec:__myl_FcAdd,9865437856,238080,9854991520,160416,PushPop,687017,687017,1,3,0,353,48,:38:42:48:353
myelin-exec:__myl_MulMeaAddSqrDivMulMul,9865680288,14816,9855154112,16640,PushPop,687017,687017,1,3,0,354,48,:38:42:48:354
myelin-exec:/v_proj_14/MatMul+/k_proj_14/MatMul+/q_proj_14/MatMul,9865699488,301184,9855172384,44256,PushPop,687017,687017,1,3,0,355,48,:38:42:48:355
myelin-exec:__myl_ResTraResSliRepRes,9866009184,15424,9855224192,14848,PushPop,687017,687017,1,3,0,357,48,:38:42:48:357
myelin-exec:__myl_ResMulMea,9866032960,11456,9855245664,14528,PushPop,687017,687017,1,3,0,359,48,:38:42:48:359
myelin-exec:__myl_AddSqrDivMulMulTraSliSliNegConMulMulAddResSliRepResTraRes,9866051136,18752,9855261888,20384,PushPop,687017,687017,1,3,0,360,48,:38:42:48:360
myelin-exec:__myl_ResMulMea,9866076640,12352,9855287424,13312,PushPop,687017,687017,1,3,0,362,48,:38:42:48:362
myelin-exec:__myl_AddSqrDivMulMulTraSliSliNegConMulMulAddRes,9866094592,13824,9855302336,11104,PushPop,687017,687017,1,3,0,363,48,:38:42:48:363
myelin-exec:_gemm_mha_v2,9866113600,21536,9855318048,10912,PushPop,687017,687017,1,3,0,365,48,:38:42:48:365
myelin-exec:__myl_FcAdd,9866141952,166912,9855330624,165248,PushPop,687017,687017,1,3,0,366,48,:38:42:48:366
myelin-exec:__myl_MulMeaAddSqrDivMulMul,9866317152,13984,9855498176,15680,PushPop,687017,687017,1,3,0,367,48,:38:42:48:367
myelin-exec:/gate_proj_14/MatMul,9866335008,235200,9855520832,44224,PushPop,687017,687017,1,3,0,369,48,:38:42:48:369
myelin-exec:/up_proj_14/MatMul,9866580608,235328,9855571616,40160,PushPop,687017,687017,1,3,0,371,48,:38:42:48:371
myelin-exec:__myl_NegExpAddDivMulMul,9866821536,15104,9855621536,14464,PushPop,687017,687017,1,3,0,374,48,:38:42:48:374
myelin-exec:__myl_FcAdd,9866840608,235296,9855637504,169216,PushPop,687017,687017,1,3,0,375,48,:38:42:48:375
myelin-exec:__myl_MulMeaAddSqrDivMulMul,9867084192,13888,9855809024,16800,PushPop,687017,687017,1,3,0,376,48,:38:42:48:376
myelin-exec:/v_proj_15/MatMul+/k_proj_15/MatMul+/q_proj_15/MatMul,9867102144,300704,9855827552,39584,PushPop,687017,687017,1,3,0,377,48,:38:42:48:377
myelin-exec:__myl_ResTraResSliRepRes,9867409696,14784,9855875008,14912,PushPop,687017,687017,1,3,0,379,48,:38:42:48:379
myelin-exec:__myl_ResMulMea,9867432480,11456,9855896032,13568,PushPop,687017,687017,1,3,0,381,48,:38:42:48:381
myelin-exec:__myl_AddSqrDivMulMulTraSliSliNegConMulMulAddResSliRepResTraRes,9867451040,18528,9855911008,13760,PushPop,687017,687017,1,3,0,382,48,:38:42:48:382
myelin-exec:__myl_ResMulMea,9867476256,11488,9855930272,12224,PushPop,687017,687017,1,3,0,384,48,:38:42:48:384
myelin-exec:__myl_AddSqrDivMulMulTraSliSliNegConMulMulAddRes,9867494592,13856,9855943712,10688,PushPop,687017,687017,1,3,0,385,48,:38:42:48:385
myelin-exec:_gemm_mha_v2,9867513472,21696,9855958624,10272,PushPop,687017,687017,1,3,0,387,48,:38:42:48:387
myelin-exec:__myl_FcAdd,9867541824,164448,9855970496,211456,PushPop,687017,687017,1,3,0,388,48,:38:42:48:388
myelin-exec:__myl_MulMeaAddSqrDivMulMul,9867710240,13952,9856184448,21056,PushPop,687017,687017,1,3,0,389,48,:38:42:48:389
myelin-exec:/gate_proj_15/MatMul,9867728256,236640,9856213504,47104,PushPop,687017,687017,1,3,0,391,48,:38:42:48:391
myelin-exec:/up_proj_15/MatMul,9867972864,236224,9856267424,51584,PushPop,687017,687017,1,3,0,393,48,:38:42:48:393
myelin-exec:__myl_NegExpAddDivMulMul,9868213280,15104,9856330592,15424,PushPop,687017,687017,1,3,0,396,48,:38:42:48:396
myelin-exec:__myl_FcAdd,9868232352,235072,9856347680,185312,PushPop,687017,687017,1,3,0,397,48,:38:42:48:397
myelin-exec:__myl_MulMeaAddSqrDivMulMul,9868471744,13856,9856535392,18656,PushPop,687017,687017,1,3,0,398,48,:38:42:48:398
myelin-exec:/v_proj_16/MatMul+/k_proj_16/MatMul+/q_proj_16/MatMul,9868489696,301408,9856555456,44192,PushPop,687017,687017,1,3,0,399,48,:38:42:48:399
myelin-exec:__myl_ResTraResSliRepRes,9868797856,14848,9856607360,15424,PushPop,687017,687017,1,3,0,401,48,:38:42:48:401
myelin-exec:__myl_ResMulMea,9868820704,11168,9856628608,14688,PushPop,687017,687017,1,3,0,403,48,:38:42:48:403
myelin-exec:__myl_AddSqrDivMulMulTraSliSliNegConMulMulAddResSliRepResTraRes,9868838592,18880,9856644576,15456,PushPop,687017,687017,1,3,0,404,48,:38:42:48:404
myelin-exec:__myl_ResMulMea,9868864192,12416,9856665824,13440,PushPop,687017,687017,1,3,0,406,48,:38:42:48:406
myelin-exec:__myl_AddSqrDivMulMulTraSliSliNegConMulMulAddRes,9868882144,15008,9856680608,10848,PushPop,687017,687017,1,3,0,407,48,:38:42:48:407
myelin-exec:_gemm_mha_v2,9868906464,21536,9856695872,10528,PushPop,687017,687017,1,3,0,409,48,:38:42:48:409
myelin-exec:__myl_FcAdd,9868934912,164928,9856707840,172288,PushPop,687017,687017,1,3,0,410,48,:38:42:48:410
myelin-exec:__myl_MulMeaAddSqrDivMulMul,9869106592,13856,9856882240,18240,PushPop,687017,687017,1,3,0,411,48,:38:42:48:411
myelin-exec:/gate_proj_16/MatMul,9869124384,237568,9856907488,45376,PushPop,687017,687017,1,3,0,413,48,:38:42:48:413
myelin-exec:/up_proj_16/MatMul,9869368384,238400,9856959552,44352,PushPop,687017,687017,1,3,0,415,48,:38:42:48:415
myelin-exec:__myl_NegExpAddDivMulMul,9869615008,15200,9857015424,15808,PushPop,687017,687017,1,3,0,418,48,:38:42:48:418
myelin-exec:__myl_FcAdd,9869634272,231840,9857032864,159584,PushPop,687017,687017,1,3,0,419,48,:38:42:48:419
myelin-exec:__myl_MulMeaAddSqrDivMulMul,9869874400,13792,9857194784,18240,PushPop,687017,687017,1,3,0,420,48,:38:42:48:420
myelin-exec:/v_proj_17/MatMul+/k_proj_17/MatMul+/q_proj_17/MatMul,9869892032,300128,9857215168,39520,PushPop,687017,687017,1,3,0,421,48,:38:42:48:421
myelin-exec:__myl_ResTraResSliRepRes,9870200512,14848,9857262080,15168,PushPop,687017,687017,1,3,0,423,48,:38:42:48:423
myelin-exec:__myl_ResMulMea,9870223264,11360,9857282752,14272,PushPop,687017,687017,1,3,0,425,48,:38:42:48:425
myelin-exec:__myl_AddSqrDivMulMulTraSliSliNegConMulMulAddResSliRepResTraRes,9870241408,18880,9857298336,13984,PushPop,687017,687017,1,3,0,426,48,:38:42:48:426
myelin-exec:__myl_ResMulMea,9870267040,11296,9857316960,11840,PushPop,687017,687017,1,3,0,428,48,:38:42:48:428
myelin-exec:__myl_AddSqrDivMulMulTraSliSliNegConMulMulAddRes,9870284928,13984,9857330144,10752,PushPop,687017,687017,1,3,0,429,48,:38:42:48:429
myelin-exec:_gemm_mha_v2,9870304064,22784,9857345184,10880,PushPop,687017,687017,1,3,0,431,48,:38:42:48:431
myelin-exec:__myl_FcAdd,9870332480,164288,9857357376,167104,PushPop,687017,687017,1,3,0,432,48,:38:42:48:432
myelin-exec:__myl_MulMeaAddSqrDivMulMul,9870503488,13760,9857526720,16224,PushPop,687017,687017,1,3,0,433,48,:38:42:48:433
myelin-exec:/gate_proj_17/MatMul,9870521408,236992,9857550912,40768,PushPop,687017,687017,1,3,0,435,48,:38:42:48:435
myelin-exec:/up_proj_17/MatMul,9870764704,237024,9857599328,40000,PushPop,687017,687017,1,3,0,437,48,:38:42:48:437
myelin-exec:__myl_NegExpAddDivMulMul,9871005824,15072,9857649440,15584,PushPop,687017,687017,1,3,0,440,48,:38:42:48:440
myelin-exec:__myl_FcAdd,9871024800,231680,9857666368,169184,PushPop,687017,687017,1,3,0,441,48,:38:42:48:441
myelin-exec:__myl_MulMeaAddSqrDivMulMul,9871264704,14912,9857837856,17536,PushPop,687017,687017,1,3,0,442,48,:38:42:48:442
myelin-exec:/v_proj_18/MatMul+/k_proj_18/MatMul+/q_proj_18/MatMul,9871287840,301248,9857857344,45888,PushPop,687017,687017,1,3,0,443,48,:38:42:48:443
myelin-exec:__myl_ResTraResSliRepRes,9871595808,14816,9857911360,15392,PushPop,687017,687017,1,3,0,445,48,:38:42:48:445
myelin-exec:__myl_ResMulMea,9871618688,11168,9857932192,19648,PushPop,687017,687017,1,3,0,447,48,:38:42:48:447
myelin-exec:__myl_AddSqrDivMulMulTraSliSliNegConMulMulAddResSliRepResTraRes,9871636512,18080,9857953376,15008,PushPop,687017,687017,1,3,0,448,48,:38:42:48:448
myelin-exec:__myl_ResMulMea,9871662240,12256,9857974112,16992,PushPop,687017,687017,1,3,0,450,48,:38:42:48:450
myelin-exec:__myl_AddSqrDivMulMulTraSliSliNegConMulMulAddRes,9871680032,14400,9857992448,11936,PushPop,687017,687017,1,3,0,451,48,:38:42:48:451
myelin-exec:_gemm_mha_v2,9871700032,22624,9858009088,11488,PushPop,687017,687017,1,3,0,453,48,:38:42:48:453
myelin-exec:__myl_FcAdd,9871728256,163488,9858021728,165888,PushPop,687017,687017,1,3,0,454,48,:38:42:48:454
myelin-exec:__myl_MulMeaAddSqrDivMulMul,9871898592,13888,9858189824,17440,PushPop,687017,687017,1,3,0,455,48,:38:42:48:455
myelin-exec:/gate_proj_18/MatMul,9871916512,236480,9858213568,45792,PushPop,687017,687017,1,3,0,457,48,:38:42:48:457
myelin-exec:/up_proj_18/MatMul,9872161152,236224,9858265792,39104,PushPop,687017,687017,1,3,0,459,48,:38:42:48:459
myelin-exec:__myl_NegExpAddDivMulMul,9872403168,15104,9858315616,21664,PushPop,687017,687017,1,3,0,462,48,:38:42:48:462
myelin-exec:__myl_FcAdd,9872422144,232512,9858339040,168160,PushPop,687017,687017,1,3,0,463,48,:38:42:48:463
myelin-exec:__myl_MulMeaAddSqrDivMulMul,9872661408,13824,9858509440,16256,PushPop,687017,687017,1,3,0,464,48,:38:42:48:464
myelin-exec:/v_proj_19/MatMul+/k_proj_19/MatMul+/q_proj_19/MatMul,9872679168,301056,9858527264,46304,PushPop,687017,687017,1,3,0,465,48,:38:42:48:465
myelin-exec:__myl_ResTraResSliRepRes,9872986944,15008,9858581824,17120,PushPop,687017,687017,1,3,0,467,48,:38:42:48:467
myelin-exec:__myl_ResMulMea,9873010016,11232,9858604480,15072,PushPop,687017,687017,1,3,0,469,48,:38:42:48:469
myelin-exec:__myl_AddSqrDivMulMulTraSliSliNegConMulMulAddResSliRepResTraRes,9873028064,18656,9858620992,20960,PushPop,687017,687017,1,3,0,470,48,:38:42:48:470
myelin-exec:__myl_ResMulMea,9873053376,11296,9858648192,13760,PushPop,687017,687017,1,3,0,472,48,:38:42:48:472
myelin-exec:__myl_AddSqrDivMulMulTraSliSliNegConMulMulAddRes,9873071360,14912,9858663424,10688,PushPop,687017,687017,1,3,0,473,48,:38:42:48:473
myelin-exec:_gemm_mha_v2,9873095520,21568,9858679232,16448,PushPop,687017,687017,1,3,0,475,48,:38:42:48:475
myelin-exec:__myl_FcAdd,9873123808,163712,9858697312,165376,PushPop,687017,687017,1,3,0,476,48,:38:42:48:476
myelin-exec:__myl_MulMeaAddSqrDivMulMul,9873291488,13824,9858864960,15296,PushPop,687017,687017,1,3,0,477,48,:38:42:48:477
myelin-exec:/gate_proj_19/MatMul,9873309376,235360,9858888576,47104,PushPop,687017,687017,1,3,0,479,48,:38:42:48:479
myelin-exec:/up_proj_19/MatMul,9873555008,236480,9858942912,42560,PushPop,687017,687017,1,3,0,481,48,:38:42:48:481
myelin-exec:__myl_NegExpAddDivMulMul,9873797056,15072,9858995968,14528,PushPop,687017,687017,1,3,0,484,48,:38:42:48:484
myelin-exec:__myl_FcAdd,9873816128,232224,9859011776,152992,PushPop,687017,687017,1,3,0,485,48,:38:42:48:485
myelin-exec:__myl_MulMeaAddSqrDivMulMul,9874055008,13920,9859167392,21472,PushPop,687017,687017,1,3,0,486,48,:38:42:48:486
myelin-exec:/v_proj_20/MatMul+/k_proj_20/MatMul+/q_proj_20/MatMul,9874072960,300640,9859191040,45792,PushPop,687017,687017,1,3,0,487,48,:38:42:48:487
myelin-exec:__myl_ResTraResSliRepRes,9874381024,15200,9859245728,18432,PushPop,687017,687017,1,3,0,489,48,:38:42:48:489
myelin-exec:__myl_ResMulMea,9874404384,11104,9859270144,14464,PushPop,687017,687017,1,3,0,491,48,:38:42:48:491
myelin-exec:__myl_AddSqrDivMulMulTraSliSliNegConMulMulAddResSliRepResTraRes,9874422368,17984,9859286016,19520,PushPop,687017,687017,1,3,0,492,48,:38:42:48:492
myelin-exec:__myl_ResMulMea,9874447968,12288,9859310752,13344,PushPop,687017,687017,1,3,0,494,48,:38:42:48:494
myelin-exec:__myl_AddSqrDivMulMulTraSliSliNegConMulMulAddRes,9874465824,14144,9859325088,15552,PushPop,687017,687017,1,3,0,495,48,:38:42:48:495
myelin-exec:_gemm_mha_v2,9874485184,22656,9859345472,11360,PushPop,687017,687017,1,3,0,497,48,:38:42:48:497
myelin-exec:__myl_FcAdd,9874513472,163360,9859358240,166080,PushPop,687017,687017,1,3,0,498,48,:38:42:48:498
myelin-exec:__myl_MulMeaAddSqrDivMulMul,9874682464,14976,9859526848,21440,PushPop,687017,687017,1,3,0,499,48,:38:42:48:499
myelin-exec:/gate_proj_20/MatMul,9874705600,237152,9859556448,45088,PushPop,687017,687017,1,3,0,501,48,:38:42:48:501
myelin-exec:/up_proj_20/MatMul,9874949280,235552,9859608800,41344,PushPop,687017,687017,1,3,0,503,48,:38:42:48:503
myelin-exec:__myl_NegExpAddDivMulMul,9875189088,15136,9859659744,15456,PushPop,687017,687017,1,3,0,506,48,:38:42:48:506
myelin-exec:__myl_FcAdd,9875208384,261024,9859676864,190112,PushPop,687017,687017,1,3,0,507,48,:38:42:48:507
myelin-exec:__myl_MulMeaAddSqrDivMulMul,9875476256,13760,9859869344,18560,PushPop,687017,687017,1,3,0,508,48,:38:42:48:508
myelin-exec:/v_proj_21/MatMul+/k_proj_21/MatMul+/q_proj_21/MatMul,9875493856,300544,9859889888,51296,PushPop,687017,687017,1,3,0,509,48,:38:42:48:509
myelin-exec:__myl_ResTraResSliRepRes,9875801280,14816,9859949824,16544,PushPop,687017,687017,1,3,0,511,48,:38:42:48:511
myelin-exec:__myl_ResMulMea,9875824480,11680,9859973440,15264,PushPop,687017,687017,1,3,0,513,48,:38:42:48:513
myelin-exec:__myl_AddSqrDivMulMulTraSliSliNegConMulMulAddResSliRepResTraRes,9875843072,18208,9859990240,39392,PushPop,687017,687017,1,3,0,514,48,:38:42:48:514
myelin-exec:__myl_ResMulMea,9875868704,11328,9860037984,31232,PushPop,687017,687017,1,3,0,516,48,:38:42:48:516
myelin-exec:__myl_AddSqrDivMulMulTraSliSliNegConMulMulAddRes,9875886720,14944,9860071264,18592,PushPop,687017,687017,1,3,0,517,48,:38:42:48:517
myelin-exec:_gemm_mha_v2,9875910912,21600,9860096000,14080,PushPop,687017,687017,1,3,0,519,48,:38:42:48:519
myelin-exec:__myl_FcAdd,9875939392,178304,9860111936,171392,PushPop,687017,687017,1,3,0,520,48,:38:42:48:520
myelin-exec:__myl_MulMeaAddSqrDivMulMul,9876124288,14944,9860285248,16736,PushPop,687017,687017,1,3,0,521,48,:38:42:48:521
myelin-exec:/gate_proj_21/MatMul,9876143264,237408,9860308704,47264,PushPop,687017,687017,1,3,0,523,48,:38:42:48:523
myelin-exec:/up_proj_21/MatMul,9876387040,235744,9860361856,48032,PushPop,687017,687017,1,3,0,525,48,:38:42:48:525
myelin-exec:__myl_NegExpAddDivMulMul,9876628384,14912,9860421120,17056,PushPop,687017,687017,1,3,0,528,48,:38:42:48:528
myelin-exec:__myl_FcAdd,9876647456,257408,9860439744,171136,PushPop,687017,687017,1,3,0,529,48,:38:42:48:529
myelin-exec:__myl_MulMeaAddSqrDivMulMul,9876908832,13952,9860613376,18304,PushPop,687017,687017,1,3,0,530,48,:38:42:48:530
myelin-exec:/v_proj_22/MatMul+/k_proj_22/MatMul+/q_proj_22/MatMul,9876926848,301536,9860633280,47264,PushPop,687017,687017,1,3,0,531,48,:38:42:48:531
myelin-exec:__myl_ResTraResSliRepRes,9877236640,15360,9860688064,21312,PushPop,687017,687017,1,3,0,533,48,:38:42:48:533
myelin-exec:__myl_ResMulMea,9877260288,11200,9860715616,15840,PushPop,687017,687017,1,3,0,535,48,:38:42:48:535
myelin-exec:__myl_AddSqrDivMulMulTraSliSliNegConMulMulAddResSliRepResTraRes,9877278272,18080,9860732384,15616,PushPop,687017,687017,1,3,0,536,48,:38:42:48:536
myelin-exec:__myl_ResMulMea,9877303808,12288,9860754176,13088,PushPop,687017,687017,1,3,0,538,48,:38:42:48:538
myelin-exec:__myl_AddSqrDivMulMulTraSliSliNegConMulMulAddRes,9877321728,13920,9860768544,10624,PushPop,687017,687017,1,3,0,539,48,:38:42:48:539
myelin-exec:_gemm_mha_v2,9877340608,22400,9860784480,11456,PushPop,687017,687017,1,3,0,541,48,:38:42:48:541
myelin-exec:__myl_FcAdd,9877369920,177088,9860797792,168224,PushPop,687017,687017,1,3,0,542,48,:38:42:48:542
myelin-exec:__myl_MulMeaAddSqrDivMulMul,9877555264,13728,9860968256,16416,PushPop,687017,687017,1,3,0,543,48,:38:42:48:543
myelin-exec:/gate_proj_22/MatMul,9877572960,236512,9860992832,49248,PushPop,687017,687017,1,3,0,545,48,:38:42:48:545
myelin-exec:/up_proj_22/MatMul,9877815936,235776,9861049792,44928,PushPop,687017,687017,1,3,0,547,48,:38:42:48:547
myelin-exec:__myl_NegExpAddDivMulMul,9878057504,16032,9861105504,15904,PushPop,687017,687017,1,3,0,550,48,:38:42:48:550
myelin-exec:__myl_FcAdd,9878081728,255200,9861122944,173600,PushPop,687017,687017,1,3,0,551,48,:38:42:48:551
myelin-exec:__myl_MulMeaAddSqrDivMulMul,9878341024,13856,9861299008,23040,PushPop,687017,687017,1,3,0,552,48,:38:42:48:552
myelin-exec:/v_proj_23/MatMul+/k_proj_23/MatMul+/q_proj_23/MatMul,9878358912,300768,9861323904,51680,PushPop,687017,687017,1,3,0,553,48,:38:42:48:553
myelin-exec:__myl_ResTraResSliRepRes,9878667360,14752,9861383936,18016,PushPop,687017,687017,1,3,0,555,48,:38:42:48:555
myelin-exec:__myl_ResMulMea,9878690112,11328,9861408192,21568,PushPop,687017,687017,1,3,0,557,48,:38:42:48:557
myelin-exec:__myl_AddSqrDivMulMulTraSliSliNegConMulMulAddResSliRepResTraRes,9878708256,17472,9861431744,15616,PushPop,687017,687017,1,3,0,558,48,:38:42:48:558
myelin-exec:__myl_ResMulMea,9878733856,11328,9861453664,13472,PushPop,687017,687017,1,3,0,560,48,:38:42:48:560
myelin-exec:__myl_AddSqrDivMulMulTraSliSliNegConMulMulAddRes,9878752032,14848,9861468512,16832,PushPop,687017,687017,1,3,0,561,48,:38:42:48:561
myelin-exec:_gemm_mha_v2,9878776032,21568,9861491232,11584,PushPop,687017,687017,1,3,0,563,48,:38:42:48:563
myelin-exec:__myl_FcAdd,9878804384,174624,9861504768,165472,PushPop,687017,687017,1,3,0,564,48,:38:42:48:564
myelin-exec:__myl_MulMeaAddSqrDivMulMul,9878987136,13888,9861672320,24896,PushPop,687017,687017,1,3,0,565,48,:38:42:48:565
myelin-exec:/gate_proj_23/MatMul,9879005056,236128,9861705728,45024,PushPop,687017,687017,1,3,0,567,48,:38:42:48:567
myelin-exec:/up_proj_23/MatMul,9879249184,236672,9861758240,39104,PushPop,687017,687017,1,3,0,569,48,:38:42:48:569
myelin-exec:__myl_NegExpAddDivMulMul,9879489792,15328,9861807936,15168,PushPop,687017,687017,1,3,0,572,48,:38:42:48:572
myelin-exec:__myl_FcAdd,9879509184,252192,9861824608,166720,PushPop,687017,687017,1,3,0,573,48,:38:42:48:573
myelin-exec:__myl_MulMeaAddSqrDivMulMul,9879768256,14752,9861993952,17792,PushPop,687017,687017,1,3,0,574,48,:38:42:48:574
myelin-exec:/v_proj_24/MatMul+/k_proj_24/MatMul+/q_proj_24/MatMul,9879791232,301120,9862013408,42528,PushPop,687017,687017,1,3,0,575,48,:38:42:48:575
myelin-exec:__myl_ResTraResSliRepRes,9880099040,15104,9862063904,15968,PushPop,687017,687017,1,3,0,577,48,:38:42:48:577
myelin-exec:__myl_ResMulMea,9880122464,11104,9862085664,19776,PushPop,687017,687017,1,3,0,579,48,:38:42:48:579
myelin-exec:__myl_AddSqrDivMulMulTraSliSliNegConMulMulAddResSliRepResTraRes,9880140288,17472,9862106944,15232,PushPop,687017,687017,1,3,0,580,48,:38:42:48:580
myelin-exec:__myl_ResMulMea,9880165728,12576,9862127680,17504,PushPop,687017,687017,1,3,0,582,48,:38:42:48:582
myelin-exec:__myl_AddSqrDivMulMulTraSliSliNegConMulMulAddRes,9880183936,13920,9862146304,11328,PushPop,687017,687017,1,3,0,583,48,:38:42:48:583
myelin-exec:_gemm_mha_v2,9880203072,21504,9862162400,11200,PushPop,687017,687017,1,3,0,585,48,:38:42:48:585
myelin-exec:__myl_FcAdd,9880231360,172832,9862175392,173696,PushPop,687017,687017,1,3,0,586,48,:38:42:48:586
myelin-exec:__myl_MulMeaAddSqrDivMulMul,9880409920,13984,9862351296,17504,PushPop,687017,687017,1,3,0,587,48,:38:42:48:587
myelin-exec:/gate_proj_24/MatMul,9880427968,236352,9862376064,43488,PushPop,687017,687017,1,3,0,589,48,:38:42:48:589
myelin-exec:/up_proj_24/MatMul,9880674496,236224,9862426624,37696,PushPop,687017,687017,1,3,0,591,48,:38:42:48:591
myelin-exec:__myl_NegExpAddDivMulMul,9880914912,15968,9862474048,15520,PushPop,687017,687017,1,3,0,594,48,:38:42:48:594
myelin-exec:__myl_FcAdd,9880939168,252288,9862490752,163232,PushPop,687017,687017,1,3,0,595,48,:38:42:48:595
myelin-exec:__myl_MulMeaAddSqrDivMulMul,9881198368,13728,9862655808,17568,PushPop,687017,687017,1,3,0,596,48,:38:42:48:596
myelin-exec:/v_proj_25/MatMul+/k_proj_25/MatMul+/q_proj_25/MatMul,9881216128,300928,9862674816,47360,PushPop,687017,687017,1,3,0,597,48,:38:42:48:597
myelin-exec:__myl_ResTraResSliRepRes,9881523808,14912,9862727840,22016,PushPop,687017,687017,1,3,0,599,48,:38:42:48:599
myelin-exec:__myl_ResMulMea,9881546592,11232,9862755904,15360,PushPop,687017,687017,1,3,0,601,48,:38:42:48:601
myelin-exec:__myl_AddSqrDivMulMulTraSliSliNegConMulMulAddResSliRepResTraRes,9881564800,18272,9862772672,19776,PushPop,687017,687017,1,3,0,602,48,:38:42:48:602
myelin-exec:__myl_ResMulMea,9881590912,11456,9862797632,13568,PushPop,687017,687017,1,3,0,604,48,:38:42:48:604
myelin-exec:__myl_AddSqrDivMulMulTraSliSliNegConMulMulAddRes,9881609920,14976,9862812288,10496,PushPop,687017,687017,1,3,0,605,48,:38:42:48:605
myelin-exec:_gemm_mha_v2,9881634496,22144,9862827488,11360,PushPop,687017,687017,1,3,0,607,48,:38:42:48:607
myelin-exec:__myl_FcAdd,9881663584,170720,9862840288,168064,PushPop,687017,687017,1,3,0,608,48,:38:42:48:608
myelin-exec:__myl_MulMeaAddSqrDivMulMul,9881839904,14432,9863010656,14816,PushPop,687017,687017,1,3,0,609,48,:38:42:48:609
myelin-exec:/gate_proj_25/MatMul,9881858368,235712,9863032704,43104,PushPop,687017,687017,1,3,0,611,48,:38:42:48:611
myelin-exec:/up_proj_25/MatMul,9882104480,235744,9863082048,39552,PushPop,687017,687017,1,3,0,613,48,:38:42:48:613
myelin-exec:__myl_NegExpAddDivMulMul,9882344288,16000,9863131200,20416,PushPop,687017,687017,1,3,0,616,48,:38:42:48:616
myelin-exec:__myl_FcAdd,9882368576,245088,9863153376,158624,PushPop,687017,687017,1,3,0,617,48,:38:42:48:617
myelin-exec:__myl_MulMeaAddSqrDivMulMul,9882620512,14144,9863314496,16096,PushPop,687017,687017,1,3,0,618,48,:38:42:48:618
myelin-exec:/v_proj_26/MatMul+/k_proj_26/MatMul+/q_proj_26/MatMul,9882638784,302208,9863332416,47488,PushPop,687017,687017,1,3,0,619,48,:38:42:48:619
myelin-exec:__myl_ResTraResSliRepRes,9882946592,15072,9863387840,16096,PushPop,687017,687017,1,3,0,621,48,:38:42:48:621
myelin-exec:__myl_ResMulMea,9882969792,11200,9863409760,15360,PushPop,687017,687017,1,3,0,623,48,:38:42:48:623
myelin-exec:__myl_AddSqrDivMulMulTraSliSliNegConMulMulAddResSliRepResTraRes,9882987712,18624,9863426496,20032,PushPop,687017,687017,1,3,0,624,48,:38:42:48:624
myelin-exec:__myl_ResMulMea,9883013152,12256,9863451584,13024,PushPop,687017,687017,1,3,0,626,48,:38:42:48:626
myelin-exec:__myl_AddSqrDivMulMulTraSliSliNegConMulMulAddRes,9883030912,13952,9863466016,15392,PushPop,687017,687017,1,3,0,627,48,:38:42:48:627
myelin-exec:_gemm_mha_v2,9883050016,21984,9863486560,12704,PushPop,687017,687017,1,3,0,629,48,:38:42:48:629
myelin-exec:__myl_FcAdd,9883079808,169408,9863500480,173440,PushPop,687017,687017,1,3,0,630,48,:38:42:48:630
myelin-exec:__myl_MulMeaAddSqrDivMulMul,9883253280,13824,9863676288,21376,PushPop,687017,687017,1,3,0,631,48,:38:42:48:631
myelin-exec:/gate_proj_26/MatMul,9883271232,236096,9863706080,45696,PushPop,687017,687017,1,3,0,633,48,:38:42:48:633
myelin-exec:/up_proj_26/MatMul,9883515264,236096,9863760352,39008,PushPop,687017,687017,1,3,0,635,48,:38:42:48:635
myelin-exec:__myl_NegExpAddDivMulMul,9883757248,15072,9863811040,15808,PushPop,687017,687017,1,3,0,638,48,:38:42:48:638
myelin-exec:__myl_FcAdd,9883776256,241952,9863828160,166176,PushPop,687017,687017,1,3,0,639,48,:38:42:48:639
myelin-exec:__myl_MulMeaAddSqrDivMulMul,9884025408,14720,9863996224,33408,PushPop,687017,687017,1,3,0,640,48,:38:42:48:640
myelin-exec:/v_proj_27/MatMul+/k_proj_27/MatMul+/q_proj_27/MatMul,9884048256,302560,9864031488,54912,PushPop,687017,687017,1,3,0,641,48,:38:42:48:641
myelin-exec:__myl_ResTraResSliRepRes,9884357632,15232,9864095328,17024,PushPop,687017,687017,1,3,0,643,48,:38:42:48:643
myelin-exec:__myl_ResMulMea,9884380704,11328,9864118880,14560,PushPop,687017,687017,1,3,0,645,48,:38:42:48:645
myelin-exec:__myl_AddSqrDivMulMulTraSliSliNegConMulMulAddResSliRepResTraRes,9884398784,18688,9864135392,14272,PushPop,687017,687017,1,3,0,646,48,:38:42:48:646
myelin-exec:__myl_ResMulMea,9884424384,11328,9864155264,20864,PushPop,687017,687017,1,3,0,648,48,:38:42:48:648
myelin-exec:__myl_AddSqrDivMulMulTraSliSliNegConMulMulAddRes,9884442368,14816,9864177920,12928,PushPop,687017,687017,1,3,0,649,48,:38:42:48:649
myelin-exec:_gemm_mha_v2,9884466336,22592,9864196320,11552,PushPop,687017,687017,1,3,0,651,48,:38:42:48:651
myelin-exec:__myl_FcAdd,9884494592,167424,9864209344,174560,PushPop,687017,687017,1,3,0,652,48,:38:42:48:652
myelin-exec:__myl_MulMeaAddSqrDivMulMul,9884670112,13920,9864386272,16608,PushPop,687017,687017,1,3,0,653,48,:38:42:48:653
myelin-exec:/gate_proj_27/MatMul,9884688064,235072,9864409856,40256,PushPop,687017,687017,1,3,0,655,48,:38:42:48:655
myelin-exec:/up_proj_27/MatMul,9884933056,237184,9864456256,42976,PushPop,687017,687017,1,3,0,657,48,:38:42:48:657
myelin-exec:__myl_NegExpAddDivMulMul,9885173984,15552,9864510880,17184,PushPop,687017,687017,1,3,0,660,48,:38:42:48:660
myelin-exec:__myl_FcAdd,9885193376,233984,9864529824,167264,PushPop,687017,687017,1,3,0,661,48,:38:42:48:661
TensorRT:ExecutionContext::enqueue,9892872480,10304,9892710752,181696,PushPop,687017,687017,1,0,1,748,,:748
TensorRT:{ForeignNode[ONNXTRT_castHelper.../Gather]},9892872480,10304,9892796064,92896,PushPop,687017,687017,1,1,1,752,748,:748:752
myelin-exec:myelinGraphExecute ,9892872480,10304,9892832576,45280,StartEnd,687017,687017,1,2,1,758,752,:748:752:758
myelin-exec:__myl_CasGat,9892872480,10304,9892836672,40096,PushPop,687017,687017,1,3,0,760,758,:748:752:758:760
TensorRT:ExecutionContext::enqueue,9897165952,9568,9896706912,113216,PushPop,687017,687017,1,0,1,763,,:763
TensorRT:{ForeignNode[ONNXTRT_castHelper.../Gather]},9897165952,9568,9896715904,100384,PushPop,687017,687017,1,1,1,764,763,:763:764
myelin-exec:myelinGraphExecute ,9897165952,9568,9896751808,54496,StartEnd,687017,687017,1,2,1,770,764,:763:764:770
myelin-exec:__myl_CasGat,9897165952,9568,9896755232,49760,PushPop,687017,687017,1,3,0,772,770,:763:764:770:772
TensorRT:ExecutionContext::enqueue,9901103232,23812416,9898921248,26238144,PushPop,687017,687017,419,0,1,775,,:775
TensorRT:{ForeignNode[/Cast.../Add_111]},9901103232,23812416,9900414176,24701632,PushPop,687017,687017,419,1,1,778,775,:775:778
myelin-exec:myelinGraphExecute ,9901103232,23812416,9900687904,24127264,StartEnd,687017,687017,419,2,419,784,778,:775:778:784
myelin-exec:__myl_MovMulMeaAddSqrDivMulMul,9901103232,8608,9900692640,56448,PushPop,687017,687017,1,3,0,786,784,:775:778:784:786
myelin-exec:/v_proj/MatMul+/k_proj/MatMul+/q_proj/MatMul,9902423360,157696,9900751328,1677664,PushPop,687017,687017,1,3,0,787,784,:775:778:784:787
myelin-exec:__myl_MovResConResRep,9902583296,10112,9902431488,35936,PushPop,687017,687017,1,3,0,788,784,:775:778:784:788
myelin-exec:__myl_MovResMulMea,9902595680,6912,9902469600,27744,PushPop,687017,687017,1,3,0,789,784,:775:778:784:789
myelin-exec:__myl_MovResMulMea,9902604896,5504,9902498848,19072,PushPop,687017,687017,1,3,0,790,784,:775:778:784:790
myelin-exec:__myl_CasResMulConSinResCosResAddSqrAddSqrDivMulDivMulMulResSliSliNegConMulMulAddConResRepResTraEtc,9902612672,12992,9902519168,28928,PushPop,687017,687017,1,3,0,791,784,:775:778:784:791
myelin-exec:/MatMul,9902628000,14752,9902549152,63744,PushPop,687017,687017,1,3,0,792,784,:775:778:784:792
myelin-exec:__myl_MulMaxSubExpSumDivMul,9902644992,6752,9902614560,24160,PushPop,687017,687017,1,3,0,793,784,:775:778:784:793
myelin-exec:/MatMul_1,9902692896,25216,9902640384,53120,PushPop,687017,687017,1,3,0,794,784,:775:778:784:794
myelin-exec:/o_proj/MatMul,9902894080,75168,9902695232,200352,PushPop,687017,687017,1,3,0,795,784,:775:778:784:795
myelin-exec:__myl_MulMeaAddSqrDivMulMul,9902971552,5856,9902897792,22368,PushPop,687017,687017,1,3,0,796,784,:775:778:784:796
myelin-exec:/up_proj/MatMul,9903002240,112640,9902921664,83872,PushPop,687017,687017,1,3,0,797,784,:775:778:784:797
myelin-exec:__myl_FcNegExpAddDivMulMul,9903231424,119520,9903007968,226304,PushPop,687017,687017,1,3,0,798,784,:775:778:784:798
myelin-exec:__myl_FcAdd,9903400928,105952,9903236960,167552,PushPop,687017,687017,1,3,0,799,784,:775:778:784:799
myelin-exec:__myl_MulMeaAddSqrDivMulMul,9903509120,7648,9903406880,22080,PushPop,687017,687017,1,3,0,800,784,:775:778:784:800
myelin-exec:/v_proj_1/MatMul+/k_proj_1/MatMul+/q_proj_1/MatMul,9903519104,144512,9903431040,58080,PushPop,687017,687017,1,3,0,801,784,:775:778:784:801
myelin-exec:__myl_MovResConResRep,9903665952,9728,9903491232,25536,PushPop,687017,687017,1,3,0,802,784,:775:778:784:802
myelin-exec:__myl_MovResMulMea,9903677568,6432,9903518752,15872,PushPop,687017,687017,1,3,0,803,784,:775:778:784:803
myelin-exec:__myl_AddSqrDivMulMulResSliSliNegConMulMulAddConResRepResTra,9903686240,10368,9903536352,22496,PushPop,687017,687017,1,3,0,804,784,:775:778:784:804
myelin-exec:__myl_MovResMulMea,9903698880,5504,9903560352,12672,PushPop,687017,687017,1,3,0,805,784,:775:778:784:805
myelin-exec:__myl_AddSqrDivMulMulResSliSliNegConMulMulAdd,9903706720,5216,9903574624,20608,PushPop,687017,687017,1,3,0,806,784,:775:778:784:806
myelin-exec:/MatMul_2,9903714208,14592,9903596672,59328,PushPop,687017,687017,1,3,0,807,784,:775:778:784:807
myelin-exec:__myl_MulMaxSubExpSumDivMul,9903731136,5568,9903657792,19232,PushPop,687017,687017,1,3,0,808,784,:775:778:784:808
myelin-exec:/MatMul_3,9903743072,24896,9903678464,65440,PushPop,687017,687017,1,3,0,809,784,:775:778:784:809
myelin-exec:/o_proj_1/MatMul,9903804480,78944,9903745472,60192,PushPop,687017,687017,1,3,0,810,784,:775:778:784:810
myelin-exec:__myl_AddMulMeaAddSqrDivMulMul,9903885664,6784,9903807360,25600,PushPop,687017,687017,1,3,0,811,784,:775:778:784:811
myelin-exec:/up_proj_1/MatMul,9903898400,113056,9903834272,65152,PushPop,687017,687017,1,3,0,812,784,:775:778:784:812
myelin-exec:__myl_FcNegExpAddDivMulMul,9904114624,117824,9903901600,215232,PushPop,687017,687017,1,3,0,813,784,:775:778:784:813
myelin-exec:__myl_FcAdd,9904288480,106176,9904119296,170560,PushPop,687017,687017,1,3,0,814,784,:775:778:784:814
myelin-exec:__myl_MulMeaAddSqrDivMulMul,9904396864,6720,9904292320,21952,PushPop,687017,687017,1,3,0,815,784,:775:778:784:815
myelin-exec:/v_proj_2/MatMul+/k_proj_2/MatMul+/q_proj_2/MatMul,9904405888,142624,9904316000,56704,PushPop,687017,687017,1,3,0,816,784,:775:778:784:816
myelin-exec:__myl_MovResConResRep,9904550784,9504,9904374560,24704,PushPop,687017,687017,1,3,0,817,784,:775:778:784:817
myelin-exec:__myl_MovResMulMea,9904562656,6272,9904400704,15104,PushPop,687017,687017,1,3,0,818,784,:775:778:784:818
myelin-exec:__myl_AddSqrDivMulMulResSliSliNegConMulMulAddConResRepResTra,9904571200,9664,9904417344,15872,PushPop,687017,687017,1,3,0,819,784,:775:778:784:819
myelin-exec:__myl_MovResMulMea,9904583168,5536,9904434496,11936,PushPop,687017,687017,1,3,0,820,784,:775:778:784:820
myelin-exec:__myl_AddSqrDivMulMulResSliSliNegConMulMulAdd,9904590976,4736,9904447776,16832,PushPop,687017,687017,1,3,0,821,784,:775:778:784:821
myelin-exec:/MatMul_4,9904597984,14016,9904465952,59392,PushPop,687017,687017,1,3,0,822,784,:775:778:784:822
myelin-exec:__myl_MulMaxSubExpSumDivMul,9904614272,5984,9904527840,19968,PushPop,687017,687017,1,3,0,823,784,:775:778:784:823
myelin-exec:/MatMul_5,9904622528,25088,9904549376,63040,PushPop,687017,687017,1,3,0,824,784,:775:778:784:824
myelin-exec:/o_proj_2/MatMul,9904677152,78976,9904614528,64416,PushPop,687017,687017,1,3,0,825,784,:775:778:784:825
myelin-exec:__myl_AddMulMeaAddSqrDivMulMul,9904758336,7104,9904681248,23456,PushPop,687017,687017,1,3,0,826,784,:775:778:784:826
myelin-exec:/up_proj_2/MatMul,9904769184,111936,9904706464,62912,PushPop,687017,687017,1,3,0,827,784,:775:778:784:827
myelin-exec:__myl_FcNegExpAddDivMulMul,9904946880,120096,9904771232,176736,PushPop,687017,687017,1,3,0,828,784,:775:778:784:828
myelin-exec:__myl_FcAdd,9905109376,105312,9904950208,160320,PushPop,687017,687017,1,3,0,829,784,:775:778:784:829
myelin-exec:__myl_MulMeaAddSqrDivMulMul,9905216928,6976,9905112736,18752,PushPop,687017,687017,1,3,0,830,784,:775:778:784:830
myelin-exec:/v_proj_3/MatMul+/k_proj_3/MatMul+/q_proj_3/MatMul,9905226176,143744,9905133280,53696,PushPop,687017,687017,1,3,0,831,784,:775:778:784:831
myelin-exec:__myl_MovResConResRep,9905372256,9408,9905188512,23520,PushPop,687017,687017,1,3,0,832,784,:775:778:784:832
myelin-exec:__myl_MovResMulMea,9905384064,6720,9905213664,14368,PushPop,687017,687017,1,3,0,833,784,:775:778:784:833
myelin-exec:__myl_AddSqrDivMulMulResSliSliNegConMulMulAddConResRepResTra,9905393088,10400,9905229728,14752,PushPop,687017,687017,1,3,0,834,784,:775:778:784:834
myelin-exec:__myl_MovResMulMea,9905405824,4800,9905245664,11328,PushPop,687017,687017,1,3,0,835,784,:775:778:784:835
myelin-exec:__myl_AddSqrDivMulMulResSliSliNegConMulMulAdd,9905412896,4448,9905258112,17888,PushPop,687017,687017,1,3,0,836,784,:775:778:784:836
myelin-exec:/MatMul_6,9905419648,14368,9905277344,44096,PushPop,687017,687017,1,3,0,837,784,:775:778:784:837
myelin-exec:__myl_MulMaxSubExpSumDivMul,9905436320,5952,9905323488,14656,PushPop,687017,687017,1,3,0,838,784,:775:778:784:838
myelin-exec:/MatMul_7,9905444544,25312,9905339712,60384,PushPop,687017,687017,1,3,0,839,784,:775:778:784:839
myelin-exec:/o_proj_3/MatMul,9905472096,79424,9905401920,62656,PushPop,687017,687017,1,3,0,840,784,:775:778:784:840
myelin-exec:__myl_AddMulMeaAddSqrDivMulMul,9905553728,6848,9905466304,21024,PushPop,687017,687017,1,3,0,841,784,:775:778:784:841
myelin-exec:/up_proj_3/MatMul,9905562752,113056,9905488896,62304,PushPop,687017,687017,1,3,0,842,784,:775:778:784:842
myelin-exec:__myl_FcNegExpAddDivMulMul,9905724192,116416,9905553856,171744,PushPop,687017,687017,1,3,0,843,784,:775:778:784:843
myelin-exec:__myl_FcAdd,9905895104,106208,9905728256,168000,PushPop,687017,687017,1,3,0,844,784,:775:778:784:844
myelin-exec:__myl_MulMeaAddSqrDivMulMul,9906003520,6688,9905898528,21280,PushPop,687017,687017,1,3,0,845,784,:775:778:784:845
myelin-exec:/v_proj_4/MatMul+/k_proj_4/MatMul+/q_proj_4/MatMul,9906012544,142176,9905922240,53120,PushPop,687017,687017,1,3,0,846,784,:775:778:784:846
myelin-exec:__myl_MovResConResRep,9906156992,10272,9905977024,26144,PushPop,687017,687017,1,3,0,847,784,:775:778:784:847
myelin-exec:__myl_MovResMulMea,9906169536,6400,9906004544,17120,PushPop,687017,687017,1,3,0,848,784,:775:778:784:848
myelin-exec:__myl_AddSqrDivMulMulResSliSliNegConMulMulAddConResRepResTra,9906178208,10400,9906023136,17408,PushPop,687017,687017,1,3,0,849,784,:775:778:784:849
myelin-exec:__myl_MovResMulMea,9906190848,4832,9906042080,11776,PushPop,687017,687017,1,3,0,850,784,:775:778:784:850
myelin-exec:__myl_AddSqrDivMulMulResSliSliNegConMulMulAdd,9906198112,5216,9906055168,17888,PushPop,687017,687017,1,3,0,851,784,:775:778:784:851
myelin-exec:/MatMul_8,9906205664,14336,9906074464,57152,PushPop,687017,687017,1,3,0,852,784,:775:778:784:852
myelin-exec:__myl_MulMaxSubExpSumDivMul,9906222304,5856,9906133888,19328,PushPop,687017,687017,1,3,0,853,784,:775:778:784:853
myelin-exec:/MatMul_9,9906230432,24992,9906154976,56896,PushPop,687017,687017,1,3,0,854,784,:775:778:784:854
myelin-exec:/o_proj_4/MatMul,9906268480,80576,9906213760,55424,PushPop,687017,687017,1,3,0,855,784,:775:778:784:855
myelin-exec:__myl_AddMulMeaAddSqrDivMulMul,9906351136,5568,9906270912,21184,PushPop,687017,687017,1,3,0,856,784,:775:778:784:856
myelin-exec:/up_proj_4/MatMul,9906358912,112672,9906293632,60480,PushPop,687017,687017,1,3,0,857,784,:775:778:784:857
myelin-exec:__myl_FcNegExpAddDivMulMul,9906529120,118272,9906356448,174176,PushPop,687017,687017,1,3,0,858,784,:775:778:784:858
myelin-exec:__myl_FcAdd,9906694016,106816,9906532736,161952,PushPop,687017,687017,1,3,0,859,784,:775:778:784:859
myelin-exec:__myl_MulMeaAddSqrDivMulMul,9906803104,6656,9906696480,20992,PushPop,687017,687017,1,3,0,860,784,:775:778:784:860
myelin-exec:/v_proj_5/MatMul+/k_proj_5/MatMul+/q_proj_5/MatMul,9906811968,145280,9906719072,47776,PushPop,687017,687017,1,3,0,861,784,:775:778:784:861
myelin-exec:__myl_MovResConResRep,9906959584,9568,9906768864,21792,PushPop,687017,687017,1,3,0,862,784,:775:778:784:862
myelin-exec:__myl_MovResMulMea,9906971424,7360,9906792448,12864,PushPop,687017,687017,1,3,0,863,784,:775:778:784:863
myelin-exec:__myl_AddSqrDivMulMulResSliSliNegConMulMulAddConResRepResTra,9906980992,9504,9906806528,14016,PushPop,687017,687017,1,3,0,864,784,:775:778:784:864
myelin-exec:__myl_MovResMulMea,9906992864,4800,9906821952,11104,PushPop,687017,687017,1,3,0,865,784,:775:778:784:865
myelin-exec:__myl_AddSqrDivMulMulResSliSliNegConMulMulAdd,9907000000,5280,9906834304,16448,PushPop,687017,687017,1,3,0,866,784,:775:778:784:866
myelin-exec:/MatMul_10,9907007584,14272,9906852192,51584,PushPop,687017,687017,1,3,0,867,784,:775:778:784:867
myelin-exec:__myl_MulMaxSubExpSumDivMul,9907024224,6400,9906905344,18400,PushPop,687017,687017,1,3,0,868,784,:775:778:784:868
myelin-exec:/MatMul_11,9907032896,25952,9906925856,53344,PushPop,687017,687017,1,3,0,869,784,:775:778:784:869
myelin-exec:/o_proj_5/MatMul,9907060992,80352,9906981056,56704,PushPop,687017,687017,1,3,0,870,784,:775:778:784:870
myelin-exec:__myl_AddMulMeaAddSqrDivMulMul,9907143648,7520,9907039488,18976,PushPop,687017,687017,1,3,0,871,784,:775:778:784:871
myelin-exec:/up_proj_5/MatMul,9907153312,114080,9907060000,62240,PushPop,687017,687017,1,3,0,872,784,:775:778:784:872
myelin-exec:__myl_FcNegExpAddDivMulMul,9907302176,116704,9907124608,178976,PushPop,687017,687017,1,3,0,873,784,:775:778:784:873
myelin-exec:__myl_FcAdd,9907463424,106208,9907306048,158240,PushPop,687017,687017,1,3,0,874,784,:775:778:784:874
myelin-exec:__myl_MulMeaAddSqrDivMulMul,9907571840,6752,9907466560,18048,PushPop,687017,687017,1,3,0,875,784,:775:778:784:875
myelin-exec:/v_proj_6/MatMul+/k_proj_6/MatMul+/q_proj_6/MatMul,9907580864,142496,9907486528,47936,PushPop,687017,687017,1,3,0,876,784,:775:778:784:876
myelin-exec:__myl_MovResConResRep,9907725760,9408,9907536480,22112,PushPop,687017,687017,1,3,0,877,784,:775:778:784:877
myelin-exec:__myl_MovResMulMea,9907737440,6336,9907560480,13504,PushPop,687017,687017,1,3,0,878,784,:775:778:784:878
myelin-exec:__myl_AddSqrDivMulMulResSliSliNegConMulMulAddConResRepResTra,9907746080,10336,9907575456,14752,PushPop,687017,687017,1,3,0,879,784,:775:778:784:879
myelin-exec:__myl_MovResMulMea,9907758912,4928,9907591584,11936,PushPop,687017,687017,1,3,0,880,784,:775:778:784:880
myelin-exec:__myl_AddSqrDivMulMulResSliSliNegConMulMulAdd,9907766176,4608,9907604736,16640,PushPop,687017,687017,1,3,0,881,784,:775:778:784:881
myelin-exec:/MatMul_12,9907773280,14304,9907622592,58112,PushPop,687017,687017,1,3,0,882,784,:775:778:784:882
myelin-exec:__myl_MulMaxSubExpSumDivMul,9907789920,5888,9907683040,20256,PushPop,687017,687017,1,3,0,883,784,:775:778:784:883
myelin-exec:/MatMul_13,9907798112,23904,9907705088,71840,PushPop,687017,687017,1,3,0,884,784,:775:778:784:884
myelin-exec:/o_proj_6/MatMul,9907837920,78944,9907779200,59936,PushPop,687017,687017,1,3,0,885,784,:775:778:784:885
myelin-exec:__myl_AddMulMeaAddSqrDivMulMul,9907919104,7328,9907841504,20480,PushPop,687017,687017,1,3,0,886,784,:775:778:784:886
myelin-exec:/up_proj_6/MatMul,9907928608,112384,9907863936,64896,PushPop,687017,687017,1,3,0,887,784,:775:778:784:887
myelin-exec:__myl_FcNegExpAddDivMulMul,9908163488,117632,9907931040,234560,PushPop,687017,687017,1,3,0,888,784,:775:778:784:888
myelin-exec:__myl_FcAdd,9908333376,105760,9908167968,166272,PushPop,687017,687017,1,3,0,889,784,:775:778:784:889
myelin-exec:__myl_MulMeaAddSqrDivMulMul,9908441408,6688,9908336576,20640,PushPop,687017,687017,1,3,0,890,784,:775:778:784:890
myelin-exec:/v_proj_7/MatMul+/k_proj_7/MatMul+/q_proj_7/MatMul,9908450016,142432,9908359296,49856,PushPop,687017,687017,1,3,0,891,784,:775:778:784:891
myelin-exec:__myl_MovResConResRep,9908594848,10208,9908411136,22112,PushPop,687017,687017,1,3,0,892,784,:775:778:784:892
myelin-exec:__myl_MovResMulMea,9908607360,6336,9908434848,13376,PushPop,687017,687017,1,3,0,893,784,:775:778:784:893
myelin-exec:__myl_AddSqrDivMulMulResSliSliNegConMulMulAddConResRepResTra,9908615968,10112,9908449376,14208,PushPop,687017,687017,1,3,0,894,784,:775:778:784:894
myelin-exec:__myl_MovResMulMea,9908628320,4800,9908465024,11232,PushPop,687017,687017,1,3,0,895,784,:775:778:784:895
myelin-exec:__myl_AddSqrDivMulMulResSliSliNegConMulMulAdd,9908635392,5216,9908477376,16576,PushPop,687017,687017,1,3,0,896,784,:775:778:784:896
myelin-exec:/MatMul_14,9908642880,14400,9908495168,48224,PushPop,687017,687017,1,3,0,897,784,:775:778:784:897
myelin-exec:__myl_MulMaxSubExpSumDivMul,9908659520,5920,9908545504,18816,PushPop,687017,687017,1,3,0,898,784,:775:778:784:898
myelin-exec:/MatMul_15,9908667712,25376,9908565888,60768,PushPop,687017,687017,1,3,0,899,784,:775:778:784:899
myelin-exec:/o_proj_7/MatMul,9908695744,78880,9908628960,52160,PushPop,687017,687017,1,3,0,900,784,:775:778:784:900
myelin-exec:__myl_AddMulMeaAddSqrDivMulMul,9908776800,8128,9908683264,20000,PushPop,687017,687017,1,3,0,901,784,:775:778:784:901
myelin-exec:/up_proj_7/MatMul,9908787200,110656,9908705024,61376,PushPop,687017,687017,1,3,0,902,784,:775:778:784:902
myelin-exec:__myl_FcNegExpAddDivMulMul,9908941056,117600,9908768288,173888,PushPop,687017,687017,1,3,0,903,784,:775:778:784:903
myelin-exec:__myl_FcAdd,9909104416,105504,9908944096,161408,PushPop,687017,687017,1,3,0,904,784,:775:778:784:904
myelin-exec:__myl_MulMeaAddSqrDivMulMul,9909212192,6688,9909107776,19872,PushPop,687017,687017,1,3,0,905,784,:775:778:784:905
myelin-exec:/v_proj_8/MatMul+/k_proj_8/MatMul+/q_proj_8/MatMul,9909221216,144448,9909129632,56832,PushPop,687017,687017,1,3,0,906,784,:775:778:784:906
myelin-exec:__myl_MovResConResRep,9909367968,9408,9909188448,26336,PushPop,687017,687017,1,3,0,907,784,:775:778:784:907
myelin-exec:__myl_MovResMulMea,9909379808,6368,9909216640,17056,PushPop,687017,687017,1,3,0,908,784,:775:778:784:908
myelin-exec:__myl_AddSqrDivMulMulResSliSliNegConMulMulAddConResRepResTra,9909388480,10432,9909235392,16928,PushPop,687017,687017,1,3,0,909,784,:775:778:784:909
myelin-exec:__myl_MovResMulMea,9909401216,4928,9909253568,11616,PushPop,687017,687017,1,3,0,910,784,:775:778:784:910
myelin-exec:__myl_AddSqrDivMulMulResSliSliNegConMulMulAdd,9909408416,4960,9909266272,16960,PushPop,687017,687017,1,3,0,911,784,:775:778:784:911
myelin-exec:/MatMul_16,9909415616,14400,9909284224,50848,PushPop,687017,687017,1,3,0,912,784,:775:778:784:912
myelin-exec:__myl_MulMaxSubExpSumDivMul,9909432256,5952,9909337376,16672,PushPop,687017,687017,1,3,0,913,784,:775:778:784:913
myelin-exec:/MatMul_17,9909440512,23872,9909355968,58752,PushPop,687017,687017,1,3,0,914,784,:775:778:784:914
myelin-exec:/o_proj_8/MatMul,9909480096,82144,9909416768,64768,PushPop,687017,687017,1,3,0,915,784,:775:778:784:915
myelin-exec:__myl_AddMulMeaAddSqrDivMulMul,9909564480,7584,9909483744,21024,PushPop,687017,687017,1,3,0,916,784,:775:778:784:916
myelin-exec:/up_proj_8/MatMul,9909574688,109664,9909506752,69344,PushPop,687017,687017,1,3,0,917,784,:775:778:784:917
myelin-exec:__myl_FcNegExpAddDivMulMul,9909751840,115840,9909578432,175424,PushPop,687017,687017,1,3,0,918,784,:775:778:784:918
myelin-exec:__myl_FcAdd,9909922528,106400,9909756224,168128,PushPop,687017,687017,1,3,0,919,784,:775:778:784:919
myelin-exec:__myl_MulMeaAddSqrDivMulMul,9910031200,8000,9909926400,21792,PushPop,687017,687017,1,3,0,920,784,:775:778:784:920
myelin-exec:/v_proj_9/MatMul+/k_proj_9/MatMul+/q_proj_9/MatMul,9910041536,142944,9909950080,51328,PushPop,687017,687017,1,3,0,921,784,:775:778:784:921
myelin-exec:__myl_MovResConResRep,9910186848,9408,9910003616,24928,PushPop,687017,687017,1,3,0,922,784,:775:778:784:922
myelin-exec:__myl_MovResMulMea,9910198528,6432,9910030336,14944,PushPop,687017,687017,1,3,0,923,784,:775:778:784:923
myelin-exec:__myl_AddSqrDivMulMulResSliSliNegConMulMulAddConResRepResTra,9910207264,10080,9910047168,15520,PushPop,687017,687017,1,3,0,924,784,:775:778:784:924
myelin-exec:__myl_MovResMulMea,9910219584,5568,9910064320,11936,PushPop,687017,687017,1,3,0,925,784,:775:778:784:925
myelin-exec:__myl_AddSqrDivMulMulResSliSliNegConMulMulAdd,9910227424,5184,9910077504,16768,PushPop,687017,687017,1,3,0,926,784,:775:778:784:926
myelin-exec:/MatMul_18,9910234912,14304,9910095712,46432,PushPop,687017,687017,1,3,0,927,784,:775:778:784:927
myelin-exec:__myl_MulMaxSubExpSumDivMul,9910251488,5920,9910144288,17536,PushPop,687017,687017,1,3,0,928,784,:775:778:784:928
myelin-exec:/MatMul_19,9910259712,26016,9910163968,60480,PushPop,687017,687017,1,3,0,929,784,:775:778:784:929
myelin-exec:/o_proj_9/MatMul,9910287968,79968,9910226304,60576,PushPop,687017,687017,1,3,0,930,784,:775:778:784:930
myelin-exec:__myl_AddMulMeaAddSqrDivMulMul,9910370304,7584,9910288576,20640,PushPop,687017,687017,1,3,0,931,784,:775:778:784:931
myelin-exec:/up_proj_9/MatMul,9910380032,111008,9910310816,61120,PushPop,687017,687017,1,3,0,932,784,:775:778:784:932
myelin-exec:__myl_FcNegExpAddDivMulMul,9910556384,117088,9910373920,183776,PushPop,687017,687017,1,3,0,933,784,:775:778:784:933
myelin-exec:__myl_FcAdd,9910724992,106336,9910559840,166016,PushPop,687017,687017,1,3,0,934,784,:775:778:784:934
myelin-exec:__myl_MulMeaAddSqrDivMulMul,9910834208,6752,9910727904,20352,PushPop,687017,687017,1,3,0,935,784,:775:778:784:935
myelin-exec:/v_proj_10/MatMul+/k_proj_10/MatMul+/q_proj_10/MatMul,9910843296,141376,9910749888,57408,PushPop,687017,687017,1,3,0,936,784,:775:778:784:936
myelin-exec:__myl_MovResConResRep,9910986944,9408,9910809056,25696,PushPop,687017,687017,1,3,0,937,784,:775:778:784:937
myelin-exec:__myl_MovResMulMea,9910998624,6400,9910836384,15200,PushPop,687017,687017,1,3,0,938,784,:775:778:784:938
myelin-exec:__myl_AddSqrDivMulMulResSliSliNegConMulMulAddConResRepResTra,9911007296,10304,9910853184,16832,PushPop,687017,687017,1,3,0,939,784,:775:778:784:939
myelin-exec:__myl_MovResMulMea,9911019936,4960,9910871328,12064,PushPop,687017,687017,1,3,0,940,784,:775:778:784:940
myelin-exec:__myl_AddSqrDivMulMulResSliSliNegConMulMulAdd,9911027264,5152,9910884480,16576,PushPop,687017,687017,1,3,0,941,784,:775:778:784:941
myelin-exec:/MatMul_20,9911034816,13920,9910902592,53408,PushPop,687017,687017,1,3,0,942,784,:775:778:784:942
myelin-exec:__myl_MulMaxSubExpSumDivMul,9911051040,5856,9910958304,18240,PushPop,687017,687017,1,3,0,943,784,:775:778:784:943
myelin-exec:/MatMul_21,9911059232,24704,9910978176,66848,PushPop,687017,687017,1,3,0,944,784,:775:778:784:944
myelin-exec:/o_proj_10/MatMul,9911110976,78784,9911047456,64928,PushPop,687017,687017,1,3,0,945,784,:775:778:784:945
myelin-exec:__myl_AddMulMeaAddSqrDivMulMul,9911192032,7680,9911114208,21376,PushPop,687017,687017,1,3,0,946,784,:775:778:784:946
myelin-exec:/up_proj_10/MatMul,9911201952,112288,9911137312,62432,PushPop,687017,687017,1,3,0,947,784,:775:778:784:947
myelin-exec:__myl_FcNegExpAddDivMulMul,9911378400,118368,9911201824,177888,PushPop,687017,687017,1,3,0,948,784,:775:778:784:948
myelin-exec:__myl_FcAdd,9911542240,105824,9911382176,161024,PushPop,687017,687017,1,3,0,949,784,:775:778:784:949
myelin-exec:__myl_MulMeaAddSqrDivMulMul,9911650496,6784,9911545472,20832,PushPop,687017,687017,1,3,0,950,784,:775:778:784:950
myelin-exec:/v_proj_11/MatMul+/k_proj_11/MatMul+/q_proj_11/MatMul,9911659520,141376,9911568640,54400,PushPop,687017,687017,1,3,0,951,784,:775:778:784:951
myelin-exec:__myl_MovResConResRep,9911803168,9696,9911624768,26560,PushPop,687017,687017,1,3,0,952,784,:775:778:784:952
myelin-exec:__myl_MovResMulMea,9911815136,6368,9911652960,15008,PushPop,687017,687017,1,3,0,953,784,:775:778:784:953
myelin-exec:__myl_AddSqrDivMulMulResSliSliNegConMulMulAddConResRepResTra,9911823776,9504,9911669248,15648,PushPop,687017,687017,1,3,0,954,784,:775:778:784:954
myelin-exec:__myl_MovResMulMea,9911835616,5504,9911686496,12032,PushPop,687017,687017,1,3,0,955,784,:775:778:784:955
myelin-exec:__myl_AddSqrDivMulMulResSliSliNegConMulMulAdd,9911843776,5120,9911699936,17120,PushPop,687017,687017,1,3,0,956,784,:775:778:784:956
myelin-exec:/MatMul_22,9911851200,14400,9911718592,64288,PushPop,687017,687017,1,3,0,957,784,:775:778:784:957
myelin-exec:__myl_MulMaxSubExpSumDivMul,9911867904,5888,9911784992,21568,PushPop,687017,687017,1,3,0,958,784,:775:778:784:958
myelin-exec:/MatMul_23,9911876032,24608,9911808320,48608,PushPop,687017,687017,1,3,0,959,784,:775:778:784:959
myelin-exec:/o_proj_11/MatMul,9911909536,79680,9911858944,51232,PushPop,687017,687017,1,3,0,960,784,:775:778:784:960
myelin-exec:__myl_AddMulMeaAddSqrDivMulMul,9911991424,7552,9911912160,19776,PushPop,687017,687017,1,3,0,961,784,:775:778:784:961
myelin-exec:/up_proj_11/MatMul,9912001056,111104,9911933888,86848,PushPop,687017,687017,1,3,0,962,784,:775:778:784:962
myelin-exec:__myl_FcNegExpAddDivMulMul,9912201120,118208,9912023072,179584,PushPop,687017,687017,1,3,0,963,784,:775:778:784:963
myelin-exec:__myl_FcAdd,9912374976,105664,9912204704,172640,PushPop,687017,687017,1,3,0,964,784,:775:778:784:964
myelin-exec:__myl_MulMeaAddSqrDivMulMul,9912482816,7296,9912379776,24352,PushPop,687017,687017,1,3,0,965,784,:775:778:784:965
myelin-exec:/v_proj_12/MatMul+/k_proj_12/MatMul+/q_proj_12/MatMul,9912492096,140480,9912405920,59264,PushPop,687017,687017,1,3,0,966,784,:775:778:784:966
myelin-exec:__myl_MovResConResRep,9912634912,9408,9912467360,23520,PushPop,687017,687017,1,3,0,967,784,:775:778:784:967
myelin-exec:__myl_MovResMulMea,9912646656,6432,9912492448,13664,PushPop,687017,687017,1,3,0,968,784,:775:778:784:968
myelin-exec:__myl_AddSqrDivMulMulResSliSliNegConMulMulAddConResRepResTra,9912655328,10304,9912507552,14912,PushPop,687017,687017,1,3,0,969,784,:775:778:784:969
myelin-exec:__myl_MovResMulMea,9912667968,4800,9912524032,11712,PushPop,687017,687017,1,3,0,970,784,:775:778:784:970
myelin-exec:__myl_AddSqrDivMulMulResSliSliNegConMulMulAdd,9912675040,5152,9912537056,17888,PushPop,687017,687017,1,3,0,971,784,:775:778:784:971
myelin-exec:/MatMul_24,9912682592,13888,9912556352,52960,PushPop,687017,687017,1,3,0,972,784,:775:778:784:972
myelin-exec:__myl_MulMaxSubExpSumDivMul,9912698816,5888,9912611744,17728,PushPop,687017,687017,1,3,0,973,784,:775:778:784:973
myelin-exec:/MatMul_25,9912706944,24768,9912631456,60096,PushPop,687017,687017,1,3,0,974,784,:775:778:784:974
myelin-exec:/o_proj_12/MatMul,9912756032,79648,9912693728,63808,PushPop,687017,687017,1,3,0,975,784,:775:778:784:975
myelin-exec:__myl_AddMulMeaAddSqrDivMulMul,9912837984,7776,9912759392,20096,PushPop,687017,687017,1,3,0,976,784,:775:778:784:976
myelin-exec:/up_proj_12/MatMul,9912847968,111584,9912781280,64576,PushPop,687017,687017,1,3,0,977,784,:775:778:784:977
myelin-exec:__myl_FcNegExpAddDivMulMul,9913025664,118080,9912847968,179712,PushPop,687017,687017,1,3,0,978,784,:775:778:784:978
myelin-exec:__myl_FcAdd,9913191744,106560,9913030112,162048,PushPop,687017,687017,1,3,0,979,784,:775:778:784:979
myelin-exec:__myl_MulMeaAddSqrDivMulMul,9913300832,6816,9913195008,20128,PushPop,687017,687017,1,3,0,980,784,:775:778:784:980
myelin-exec:/v_proj_13/MatMul+/k_proj_13/MatMul+/q_proj_13/MatMul,9913309952,144128,9913216960,48704,PushPop,687017,687017,1,3,0,981,784,:775:778:784:981
myelin-exec:__myl_MovResConResRep,9913456384,9344,9913267616,22976,PushPop,687017,687017,1,3,0,982,784,:775:778:784:982
myelin-exec:__myl_MovResMulMea,9913468000,6400,9913292256,13472,PushPop,687017,687017,1,3,0,983,784,:775:778:784:983
myelin-exec:__myl_AddSqrDivMulMulResSliSliNegConMulMulAddConResRepResTra,9913476736,10656,9913307136,15232,PushPop,687017,687017,1,3,0,984,784,:775:778:784:984
myelin-exec:__myl_MovResMulMea,9913489664,4992,9913323744,11872,PushPop,687017,687017,1,3,0,985,784,:775:778:784:985
myelin-exec:__myl_AddSqrDivMulMulResSliSliNegConMulMulAdd,9913496992,5120,9913337056,16736,PushPop,687017,687017,1,3,0,986,784,:775:778:784:986
myelin-exec:/MatMul_26,9913504416,14336,9913354976,65024,PushPop,687017,687017,1,3,0,987,784,:775:778:784:987
myelin-exec:__myl_MulMaxSubExpSumDivMul,9913521056,7424,9913422368,18400,PushPop,687017,687017,1,3,0,988,784,:775:778:784:988
myelin-exec:/MatMul_27,9913530720,24384,9913442496,53664,PushPop,687017,687017,1,3,0,989,784,:775:778:784:989
myelin-exec:/o_proj_13/MatMul,9913562688,79520,9913498208,65696,PushPop,687017,687017,1,3,0,990,784,:775:778:784:990
myelin-exec:__myl_AddMulMeaAddSqrDivMulMul,9913644416,7520,9913566016,21408,PushPop,687017,687017,1,3,0,991,784,:775:778:784:991
myelin-exec:/up_proj_13/MatMul,9913654080,112864,9913589216,59200,PushPop,687017,687017,1,3,0,992,784,:775:778:784:992
myelin-exec:__myl_FcNegExpAddDivMulMul,9913824704,117952,9913650432,175808,PushPop,687017,687017,1,3,0,993,784,:775:778:784:993
myelin-exec:__myl_FcAdd,9913991552,105792,9913828576,164288,PushPop,687017,687017,1,3,0,994,784,:775:778:784:994
myelin-exec:__myl_MulMeaAddSqrDivMulMul,9914099520,6752,9913994976,19424,PushPop,687017,687017,1,3,0,995,784,:775:778:784:995
myelin-exec:/v_proj_14/MatMul+/k_proj_14/MatMul+/q_proj_14/MatMul,9914108768,142400,9914016320,52800,PushPop,687017,687017,1,3,0,996,784,:775:778:784:996
myelin-exec:__myl_MovResConResRep,9914253440,9376,9914071328,24448,PushPop,687017,687017,1,3,0,997,784,:775:778:784:997
myelin-exec:__myl_MovResMulMea,9914265120,6336,9914097472,15168,PushPop,687017,687017,1,3,0,998,784,:775:778:784:998
myelin-exec:__myl_AddSqrDivMulMulResSliSliNegConMulMulAddConResRepResTra,9914273728,10272,9914114112,16736,PushPop,687017,687017,1,3,0,999,784,:775:778:784:999
myelin-exec:__myl_MovResMulMea,9914286304,4992,9914132416,12608,PushPop,687017,687017,1,3,0,1000,784,:775:778:784:1000
myelin-exec:__myl_AddSqrDivMulMulResSliSliNegConMulMulAdd,9914293504,4672,9914145888,16576,PushPop,687017,687017,1,3,0,1001,784,:775:778:784:1001
myelin-exec:/MatMul_28,9914300512,14176,9914163712,56000,PushPop,687017,687017,1,3,0,1002,784,:775:778:784:1002
myelin-exec:__myl_MulMaxSubExpSumDivMul,9914316992,5952,9914221824,18784,PushPop,687017,687017,1,3,0,1003,784,:775:778:784:1003
myelin-exec:/MatMul_29,9914325248,24480,9914242944,64160,PushPop,687017,687017,1,3,0,1004,784,:775:778:784:1004
myelin-exec:/o_proj_14/MatMul,9914372544,79872,9914309632,64064,PushPop,687017,687017,1,3,0,1005,784,:775:778:784:1005
myelin-exec:__myl_AddMulMeaAddSqrDivMulMul,9914454624,7104,9914375840,20800,PushPop,687017,687017,1,3,0,1006,784,:775:778:784:1006
myelin-exec:/up_proj_14/MatMul,9914463936,114112,9914398592,63488,PushPop,687017,687017,1,3,0,1007,784,:775:778:784:1007
myelin-exec:__myl_FcNegExpAddDivMulMul,9914647968,117056,9914464160,185376,PushPop,687017,687017,1,3,0,1008,784,:775:778:784:1008
myelin-exec:__myl_FcAdd,9914815552,107520,9914651744,165600,PushPop,687017,687017,1,3,0,1009,784,:775:778:784:1009
myelin-exec:__myl_MulMeaAddSqrDivMulMul,9914925248,6688,9914819520,21024,PushPop,687017,687017,1,3,0,1010,784,:775:778:784:1010
myelin-exec:/v_proj_15/MatMul+/k_proj_15/MatMul+/q_proj_15/MatMul,9914978976,143360,9914842368,138752,PushPop,687017,687017,1,3,0,1011,784,:775:778:784:1011
myelin-exec:__myl_MovResConResRep,9915124544,9440,9914982784,31072,PushPop,687017,687017,1,3,0,1012,784,:775:778:784:1012
myelin-exec:__myl_MovResMulMea,9915136224,6880,9915015680,20736,PushPop,687017,687017,1,3,0,1013,784,:775:778:784:1013
myelin-exec:__myl_AddSqrDivMulMulResSliSliNegConMulMulAddConResRepResTra,9915145408,10432,9915038112,18240,PushPop,687017,687017,1,3,0,1014,784,:775:778:784:1014
myelin-exec:__myl_MovResMulMea,9915158112,5600,9915058048,13280,PushPop,687017,687017,1,3,0,1015,784,:775:778:784:1015
myelin-exec:__myl_AddSqrDivMulMulResSliSliNegConMulMulAdd,9915166016,5344,9915072480,17408,PushPop,687017,687017,1,3,0,1016,784,:775:778:784:1016
myelin-exec:/MatMul_30,9915173664,14272,9915091264,58496,PushPop,687017,687017,1,3,0,1017,784,:775:778:784:1017
myelin-exec:__myl_MulMaxSubExpSumDivMul,9915190240,5632,9915152000,19040,PushPop,687017,687017,1,3,0,1018,784,:775:778:784:1018
myelin-exec:/MatMul_31,9915223008,24096,9915172992,48832,PushPop,687017,687017,1,3,0,1019,784,:775:778:784:1019
myelin-exec:/o_proj_15/MatMul,9915278752,79680,9915223552,55808,PushPop,687017,687017,1,3,0,1020,784,:775:778:784:1020
myelin-exec:__myl_AddMulMeaAddSqrDivMulMul,9915360928,7968,9915280832,18176,PushPop,687017,687017,1,3,0,1021,784,:775:778:784:1021
myelin-exec:/up_proj_15/MatMul,9915371136,109760,9915300320,69664,PushPop,687017,687017,1,3,0,1022,784,:775:778:784:1022
myelin-exec:__myl_FcNegExpAddDivMulMul,9915549600,118016,9915371904,179488,PushPop,687017,687017,1,3,0,1023,784,:775:778:784:1023
myelin-exec:__myl_FcAdd,9915714208,105632,9915553664,162656,PushPop,687017,687017,1,3,0,1024,784,:775:778:784:1024
myelin-exec:__myl_MulMeaAddSqrDivMulMul,9915822048,6880,9915718880,20800,PushPop,687017,687017,1,3,0,1025,784,:775:778:784:1025
myelin-exec:/v_proj_16/MatMul+/k_proj_16/MatMul+/q_proj_16/MatMul,9915831136,144352,9915741472,48736,PushPop,687017,687017,1,3,0,1026,784,:775:778:784:1026
myelin-exec:__myl_MovResConResRep,9915977760,9408,9915792256,24288,PushPop,687017,687017,1,3,0,1027,784,:775:778:784:1027
myelin-exec:__myl_MovResMulMea,9915989504,6336,9915817856,13056,PushPop,687017,687017,1,3,0,1028,784,:775:778:784:1028
myelin-exec:__myl_AddSqrDivMulMulResSliSliNegConMulMulAddConResRepResTra,9915998208,10368,9915832320,13792,PushPop,687017,687017,1,3,0,1029,784,:775:778:784:1029
myelin-exec:__myl_MovResMulMea,9916010848,4928,9915847328,10976,PushPop,687017,687017,1,3,0,1030,784,:775:778:784:1030
myelin-exec:__myl_AddSqrDivMulMulResSliSliNegConMulMulAdd,9916018048,5280,9915859680,16512,PushPop,687017,687017,1,3,0,1031,784,:775:778:784:1031
myelin-exec:/MatMul_32,9916025664,14592,9915877472,54016,PushPop,687017,687017,1,3,0,1032,784,:775:778:784:1032
myelin-exec:__myl_MulMaxSubExpSumDivMul,9916042528,5856,9915933952,18784,PushPop,687017,687017,1,3,0,1033,784,:775:778:784:1033
myelin-exec:/MatMul_33,9916050656,24576,9915954592,80864,PushPop,687017,687017,1,3,0,1034,784,:775:778:784:1034
myelin-exec:/o_proj_16/MatMul,9916102176,78976,9916037472,66208,PushPop,687017,687017,1,3,0,1035,784,:775:778:784:1035
myelin-exec:__myl_AddMulMeaAddSqrDivMulMul,9916183360,7520,9916105632,21952,PushPop,687017,687017,1,3,0,1036,784,:775:778:784:1036
myelin-exec:/up_proj_16/MatMul,9916193088,112288,9916129632,59168,PushPop,687017,687017,1,3,0,1037,784,:775:778:784:1037
myelin-exec:__myl_FcNegExpAddDivMulMul,9916365824,118784,9916191168,176160,PushPop,687017,687017,1,3,0,1038,784,:775:778:784:1038
myelin-exec:__myl_FcAdd,9916540000,106432,9916369760,171776,PushPop,687017,687017,1,3,0,1039,784,:775:778:784:1039
myelin-exec:__myl_MulMeaAddSqrDivMulMul,9916648672,6752,9916543488,21728,PushPop,687017,687017,1,3,0,1040,784,:775:778:784:1040
myelin-exec:/v_proj_17/MatMul+/k_proj_17/MatMul+/q_proj_17/MatMul,9916657760,142176,9916566944,51712,PushPop,687017,687017,1,3,0,1041,784,:775:778:784:1041
myelin-exec:__myl_MovResConResRep,9916802240,9536,9916620736,24288,PushPop,687017,687017,1,3,0,1042,784,:775:778:784:1042
myelin-exec:__myl_MovResMulMea,9916814080,6432,9916646240,15744,PushPop,687017,687017,1,3,0,1043,784,:775:778:784:1043
myelin-exec:__myl_AddSqrDivMulMulResSliSliNegConMulMulAddConResRepResTra,9916822752,10464,9916663264,15808,PushPop,687017,687017,1,3,0,1044,784,:775:778:784:1044
myelin-exec:__myl_MovResMulMea,9916835552,5568,9916680224,12736,PushPop,687017,687017,1,3,0,1045,784,:775:778:784:1045
myelin-exec:__myl_AddSqrDivMulMulResSliSliNegConMulMulAdd,9916843360,5248,9916693920,15904,PushPop,687017,687017,1,3,0,1046,784,:775:778:784:1046
myelin-exec:/MatMul_34,9916850848,14432,9916711488,44320,PushPop,687017,687017,1,3,0,1047,784,:775:778:784:1047
myelin-exec:__myl_MulMaxSubExpSumDivMul,9916867584,5984,9916757184,16416,PushPop,687017,687017,1,3,0,1048,784,:775:778:784:1048
myelin-exec:/MatMul_35,9916875872,25248,9916775072,58496,PushPop,687017,687017,1,3,0,1049,784,:775:778:784:1049
myelin-exec:/o_proj_17/MatMul,9916903296,78720,9916835808,60640,PushPop,687017,687017,1,3,0,1050,784,:775:778:784:1050
myelin-exec:__myl_AddMulMeaAddSqrDivMulMul,9916984192,7776,9916898304,21408,PushPop,687017,687017,1,3,0,1051,784,:775:778:784:1051
myelin-exec:/up_proj_17/MatMul,9916994272,112736,9916921536,64800,PushPop,687017,687017,1,3,0,1052,784,:775:778:784:1052
myelin-exec:__myl_FcNegExpAddDivMulMul,9917161568,118272,9916988672,174432,PushPop,687017,687017,1,3,0,1053,784,:775:778:784:1053
myelin-exec:__myl_FcAdd,9917329440,104672,9917165440,165472,PushPop,687017,687017,1,3,0,1054,784,:775:778:784:1054
myelin-exec:__myl_MulMeaAddSqrDivMulMul,9917436320,6720,9917333088,18272,PushPop,687017,687017,1,3,0,1055,784,:775:778:784:1055
myelin-exec:/v_proj_18/MatMul+/k_proj_18/MatMul+/q_proj_18/MatMul,9917445536,141248,9917353024,58720,PushPop,687017,687017,1,3,0,1056,784,:775:778:784:1056
myelin-exec:__myl_MovResConResRep,9917589088,9440,9917413440,24832,PushPop,687017,687017,1,3,0,1057,784,:775:778:784:1057
myelin-exec:__myl_MovResMulMea,9917600832,6272,9917439744,14016,PushPop,687017,687017,1,3,0,1058,784,:775:778:784:1058
myelin-exec:__myl_AddSqrDivMulMulResSliSliNegConMulMulAddConResRepResTra,9917609440,9696,9917454880,14976,PushPop,687017,687017,1,3,0,1059,784,:775:778:784:1059
myelin-exec:__myl_MovResMulMea,9917621408,4928,9917470848,11232,PushPop,687017,687017,1,3,0,1060,784,:775:778:784:1060
myelin-exec:__myl_AddSqrDivMulMulResSliSliNegConMulMulAdd,9917628608,5056,9917483360,16000,PushPop,687017,687017,1,3,0,1061,784,:775:778:784:1061
myelin-exec:/MatMul_36,9917635968,14368,9917500800,57152,PushPop,687017,687017,1,3,0,1062,784,:775:778:784:1062
myelin-exec:__myl_MulMaxSubExpSumDivMul,9917652608,5888,9917559648,15872,PushPop,687017,687017,1,3,0,1063,784,:775:778:784:1063
myelin-exec:/MatMul_37,9917660768,24736,9917576928,56288,PushPop,687017,687017,1,3,0,1064,784,:775:778:784:1064
myelin-exec:/o_proj_18/MatMul,9917699584,79392,9917635520,65696,PushPop,687017,687017,1,3,0,1065,784,:775:778:784:1065
myelin-exec:__myl_AddMulMeaAddSqrDivMulMul,9917781280,7488,9917703104,22080,PushPop,687017,687017,1,3,0,1066,784,:775:778:784:1066
myelin-exec:/up_proj_18/MatMul,9917791040,113728,9917726688,63232,PushPop,687017,687017,1,3,0,1067,784,:775:778:784:1067
myelin-exec:__myl_FcNegExpAddDivMulMul,9917964128,116992,9917791936,173376,PushPop,687017,687017,1,3,0,1068,784,:775:778:784:1068
myelin-exec:__myl_FcAdd,9918127552,105376,9917967168,161120,PushPop,687017,687017,1,3,0,1069,784,:775:778:784:1069
myelin-exec:__myl_MulMeaAddSqrDivMulMul,9918235200,6720,9918130240,19680,PushPop,687017,687017,1,3,0,1070,784,:775:778:784:1070
myelin-exec:/v_proj_19/MatMul+/k_proj_19/MatMul+/q_proj_19/MatMul,9918244128,141184,9918151648,54944,PushPop,687017,687017,1,3,0,1071,784,:775:778:784:1071
myelin-exec:__myl_MovResConResRep,9918387584,9536,9918208384,23136,PushPop,687017,687017,1,3,0,1072,784,:775:778:784:1072
myelin-exec:__myl_MovResMulMea,9918399392,7200,9918233440,12960,PushPop,687017,687017,1,3,0,1073,784,:775:778:784:1073
myelin-exec:__myl_AddSqrDivMulMulResSliSliNegConMulMulAddConResRepResTra,9918408896,10400,9918247904,15296,PushPop,687017,687017,1,3,0,1074,784,:775:778:784:1074
myelin-exec:__myl_MovResMulMea,9918421568,5536,9918264768,11168,PushPop,687017,687017,1,3,0,1075,784,:775:778:784:1075
myelin-exec:__myl_AddSqrDivMulMulResSliSliNegConMulMulAdd,9918429376,5184,9918277216,17280,PushPop,687017,687017,1,3,0,1076,784,:775:778:784:1076
myelin-exec:/MatMul_38,9918436864,14304,9918295712,40384,PushPop,687017,687017,1,3,0,1077,784,:775:778:784:1077
myelin-exec:__myl_MulMaxSubExpSumDivMul,9918453504,5984,9918338048,12864,PushPop,687017,687017,1,3,0,1078,784,:775:778:784:1078
myelin-exec:/MatMul_39,9918461760,25376,9918352448,53440,PushPop,687017,687017,1,3,0,1079,784,:775:778:784:1079
myelin-exec:/o_proj_19/MatMul,9918490432,79040,9918407936,65248,PushPop,687017,687017,1,3,0,1080,784,:775:778:784:1080
myelin-exec:__myl_AddMulMeaAddSqrDivMulMul,9918571680,7520,9918475456,15168,PushPop,687017,687017,1,3,0,1081,784,:775:778:784:1081
myelin-exec:/up_proj_19/MatMul,9918581408,112544,9918492352,55008,PushPop,687017,687017,1,3,0,1082,784,:775:778:784:1082
myelin-exec:__myl_FcNegExpAddDivMulMul,9918722752,116896,9918550112,174368,PushPop,687017,687017,1,3,0,1083,784,:775:778:784:1083
myelin-exec:__myl_FcAdd,9918883104,106368,9918727136,157280,PushPop,687017,687017,1,3,0,1084,784,:775:778:784:1084
myelin-exec:__myl_MulMeaAddSqrDivMulMul,9918992672,6752,9918886592,21088,PushPop,687017,687017,1,3,0,1085,784,:775:778:784:1085
myelin-exec:/v_proj_20/MatMul+/k_proj_20/MatMul+/q_proj_20/MatMul,9919001632,141024,9918909184,56032,PushPop,687017,687017,1,3,0,1086,784,:775:778:784:1086
myelin-exec:__myl_MovResConResRep,9919144928,9408,9918966912,26048,PushPop,687017,687017,1,3,0,1087,784,:775:778:784:1087
myelin-exec:__myl_MovResMulMea,9919156640,6400,9918994400,14240,PushPop,687017,687017,1,3,0,1088,784,:775:778:784:1088
myelin-exec:__myl_AddSqrDivMulMulResSliSliNegConMulMulAddConResRepResTra,9919165312,10496,9919009760,15264,PushPop,687017,687017,1,3,0,1089,784,:775:778:784:1089
myelin-exec:__myl_MovResMulMea,9919178176,5600,9919026592,11808,PushPop,687017,687017,1,3,0,1090,784,:775:778:784:1090
myelin-exec:__myl_AddSqrDivMulMulResSliSliNegConMulMulAdd,9919186784,5088,9919039392,16384,PushPop,687017,687017,1,3,0,1091,784,:775:778:784:1091
myelin-exec:/MatMul_40,9919194208,14240,9919056992,58400,PushPop,687017,687017,1,3,0,1092,784,:775:778:784:1092
myelin-exec:__myl_MulMaxSubExpSumDivMul,9919210720,5920,9919117632,16384,PushPop,687017,687017,1,3,0,1093,784,:775:778:784:1093
myelin-exec:/MatMul_41,9919218912,25120,9919135712,52448,PushPop,687017,687017,1,3,0,1094,784,:775:778:784:1094
myelin-exec:/o_proj_20/MatMul,9919246368,78752,9919190080,51328,PushPop,687017,687017,1,3,0,1095,784,:775:778:784:1095
myelin-exec:__myl_AddMulMeaAddSqrDivMulMul,9919327296,7584,9919243648,18048,PushPop,687017,687017,1,3,0,1096,784,:775:778:784:1096
myelin-exec:/up_proj_20/MatMul,9919337056,112096,9919263744,59520,PushPop,687017,687017,1,3,0,1097,784,:775:778:784:1097
myelin-exec:__myl_FcNegExpAddDivMulMul,9919494016,115712,9919325600,169056,PushPop,687017,687017,1,3,0,1098,784,:775:778:784:1098
myelin-exec:__myl_FcAdd,9919654496,106080,9919497120,158720,PushPop,687017,687017,1,3,0,1099,784,:775:778:784:1099
myelin-exec:__myl_MulMeaAddSqrDivMulMul,9919762816,6688,9919658176,29312,PushPop,687017,687017,1,3,0,1100,784,:775:778:784:1100
myelin-exec:/v_proj_21/MatMul+/k_proj_21/MatMul+/q_proj_21/MatMul,9919771744,141824,9919689472,54208,PushPop,687017,687017,1,3,0,1101,784,:775:778:784:1101
myelin-exec:__myl_MovResConResRep,9919915872,9440,9919745664,18720,PushPop,687017,687017,1,3,0,1102,784,:775:778:784:1102
myelin-exec:__myl_MovResMulMea,9919927584,6240,9919765696,12800,PushPop,687017,687017,1,3,0,1103,784,:775:778:784:1103
myelin-exec:__myl_AddSqrDivMulMulResSliSliNegConMulMulAddConResRepResTra,9919936096,10400,9919779680,14368,PushPop,687017,687017,1,3,0,1104,784,:775:778:784:1104
myelin-exec:__myl_MovResMulMea,9919948704,4832,9919795424,11744,PushPop,687017,687017,1,3,0,1105,784,:775:778:784:1105
myelin-exec:__myl_AddSqrDivMulMulResSliSliNegConMulMulAdd,9919955808,5120,9919808416,11168,PushPop,687017,687017,1,3,0,1106,784,:775:778:784:1106
myelin-exec:/MatMul_42,9919963232,14368,9919820992,52960,PushPop,687017,687017,1,3,0,1107,784,:775:778:784:1107
myelin-exec:__myl_MulMaxSubExpSumDivMul,9919980000,6144,9919876256,19232,PushPop,687017,687017,1,3,0,1108,784,:775:778:784:1108
myelin-exec:/MatMul_43,9919988608,25568,9919897376,40704,PushPop,687017,687017,1,3,0,1109,784,:775:778:784:1109
myelin-exec:/o_proj_21/MatMul,9920016320,78240,9919939904,50016,PushPop,687017,687017,1,3,0,1110,784,:775:778:784:1110
myelin-exec:__myl_AddMulMeaAddSqrDivMulMul,9920096800,7584,9919992192,36864,PushPop,687017,687017,1,3,0,1111,784,:775:778:784:1111
myelin-exec:/up_proj_21/MatMul,9920106528,111168,9920030688,61184,PushPop,687017,687017,1,3,0,1112,784,:775:778:784:1112
myelin-exec:__myl_FcNegExpAddDivMulMul,9920266432,116032,9920094272,172064,PushPop,687017,687017,1,3,0,1113,784,:775:778:784:1113
myelin-exec:__myl_FcAdd,9920424416,106368,9920268800,156960,PushPop,687017,687017,1,3,0,1114,784,:775:778:784:1114
myelin-exec:__myl_MulMeaAddSqrDivMulMul,9920533088,6656,9920428064,20352,PushPop,687017,687017,1,3,0,1115,784,:775:778:784:1115
myelin-exec:/v_proj_22/MatMul+/k_proj_22/MatMul+/q_proj_22/MatMul,9920542048,140320,9920450240,49280,PushPop,687017,687017,1,3,0,1116,784,:775:778:784:1116
myelin-exec:__myl_MovResConResRep,9920684704,9376,9920501632,19584,PushPop,687017,687017,1,3,0,1117,784,:775:778:784:1117
myelin-exec:__myl_MovResMulMea,9920696320,6400,9920522400,14240,PushPop,687017,687017,1,3,0,1118,784,:775:778:784:1118
myelin-exec:__myl_AddSqrDivMulMulResSliSliNegConMulMulAddConResRepResTra,9920704992,10784,9920538112,15424,PushPop,687017,687017,1,3,0,1119,784,:775:778:784:1119
myelin-exec:__myl_MovResMulMea,9920718048,4864,9920554944,11616,PushPop,687017,687017,1,3,0,1120,784,:775:778:784:1120
myelin-exec:__myl_AddSqrDivMulMulResSliSliNegConMulMulAdd,9920725120,4480,9920567872,12032,PushPop,687017,687017,1,3,0,1121,784,:775:778:784:1121
myelin-exec:/MatMul_44,9920731904,14240,9920580992,62432,PushPop,687017,687017,1,3,0,1122,784,:775:778:784:1122
myelin-exec:__myl_MulMaxSubExpSumDivMul,9920748480,5984,9920645504,20992,PushPop,687017,687017,1,3,0,1123,784,:775:778:784:1123
myelin-exec:/MatMul_45,9920756736,24960,9920667968,56960,PushPop,687017,687017,1,3,0,1124,784,:775:778:784:1124
myelin-exec:/o_proj_22/MatMul,9920794144,78496,9920727392,68288,PushPop,687017,687017,1,3,0,1125,784,:775:778:784:1125
myelin-exec:__myl_AddMulMeaAddSqrDivMulMul,9920874848,7520,9920797760,21472,PushPop,687017,687017,1,3,0,1126,784,:775:778:784:1126
myelin-exec:/up_proj_22/MatMul,9920884480,108864,9920821248,58176,PushPop,687017,687017,1,3,0,1127,784,:775:778:784:1127
myelin-exec:__myl_FcNegExpAddDivMulMul,9921049920,116864,9920881408,169856,PushPop,687017,687017,1,3,0,1128,784,:775:778:784:1128
myelin-exec:__myl_FcAdd,9921211200,105632,9921053824,158144,PushPop,687017,687017,1,3,0,1129,784,:775:778:784:1129
myelin-exec:__myl_MulMeaAddSqrDivMulMul,9921319040,7232,9921214400,17760,PushPop,687017,687017,1,3,0,1130,784,:775:778:784:1130
myelin-exec:/v_proj_23/MatMul+/k_proj_23/MatMul+/q_proj_23/MatMul,9921328544,147040,9921234112,45728,PushPop,687017,687017,1,3,0,1131,784,:775:778:784:1131
myelin-exec:__myl_MovResConResRep,9921477856,9472,9921281920,16768,PushPop,687017,687017,1,3,0,1132,784,:775:778:784:1132
myelin-exec:__myl_MovResMulMea,9921489600,6624,9921300160,13152,PushPop,687017,687017,1,3,0,1133,784,:775:778:784:1133
myelin-exec:__myl_AddSqrDivMulMulResSliSliNegConMulMulAddConResRepResTra,9921498464,9728,9921314464,15040,PushPop,687017,687017,1,3,0,1134,784,:775:778:784:1134
myelin-exec:__myl_MovResMulMea,9921510432,4928,9921330432,11200,PushPop,687017,687017,1,3,0,1135,784,:775:778:784:1135
myelin-exec:__myl_AddSqrDivMulMulResSliSliNegConMulMulAdd,9921517856,5344,9921342528,11744,PushPop,687017,687017,1,3,0,1136,784,:775:778:784:1136
myelin-exec:/MatMul_46,9921525536,14304,9921355520,35776,PushPop,687017,687017,1,3,0,1137,784,:775:778:784:1137
myelin-exec:__myl_MulMaxSubExpSumDivMul,9921542368,5856,9921393248,12608,PushPop,687017,687017,1,3,0,1138,784,:775:778:784:1138
myelin-exec:/MatMul_47,9921550496,25152,9921407424,45184,PushPop,687017,687017,1,3,0,1139,784,:775:778:784:1139
myelin-exec:/o_proj_23/MatMul,9921577920,78304,9921454656,48928,PushPop,687017,687017,1,3,0,1140,784,:775:778:784:1140
myelin-exec:__myl_AddMulMeaAddSqrDivMulMul,9921658528,8448,9921505440,17472,PushPop,687017,687017,1,3,0,1141,784,:775:778:784:1141
myelin-exec:/up_proj_23/MatMul,9921669120,113376,9921524704,50272,PushPop,687017,687017,1,3,0,1142,784,:775:778:784:1142
myelin-exec:__myl_FcNegExpAddDivMulMul,9921784704,119488,9921576928,169248,PushPop,687017,687017,1,3,0,1143,784,:775:778:784:1143
myelin-exec:__myl_FcAdd,9921906944,105760,9921748672,158624,PushPop,687017,687017,1,3,0,1144,784,:775:778:784:1144
myelin-exec:__myl_MulMeaAddSqrDivMulMul,9922014688,6976,9921909568,19872,PushPop,687017,687017,1,3,0,1145,784,:775:778:784:1145
myelin-exec:/v_proj_24/MatMul+/k_proj_24/MatMul+/q_proj_24/MatMul,9922024000,143296,9921931040,46144,PushPop,687017,687017,1,3,0,1146,784,:775:778:784:1146
myelin-exec:__myl_MovResConResRep,9922169600,9408,9921978752,17952,PushPop,687017,687017,1,3,0,1147,784,:775:778:784:1147
myelin-exec:__myl_MovResMulMea,9922181280,6336,9921998176,13184,PushPop,687017,687017,1,3,0,1148,784,:775:778:784:1148
myelin-exec:__myl_AddSqrDivMulMulResSliSliNegConMulMulAddConResRepResTra,9922189920,10304,9922012576,13824,PushPop,687017,687017,1,3,0,1149,784,:775:778:784:1149
myelin-exec:__myl_MovResMulMea,9922202464,5632,9922027904,10976,PushPop,687017,687017,1,3,0,1150,784,:775:778:784:1150
myelin-exec:__myl_AddSqrDivMulMulResSliSliNegConMulMulAdd,9922210432,4800,9922040128,11360,PushPop,687017,687017,1,3,0,1151,784,:775:778:784:1151
myelin-exec:/MatMul_48,9922217440,14592,9922052896,46368,PushPop,687017,687017,1,3,0,1152,784,:775:778:784:1152
myelin-exec:__myl_MulMaxSubExpSumDivMul,9922234336,5856,9922101248,15136,PushPop,687017,687017,1,3,0,1153,784,:775:778:784:1153
myelin-exec:/MatMul_49,9922242464,24480,9922117760,45728,PushPop,687017,687017,1,3,0,1154,784,:775:778:784:1154
myelin-exec:/o_proj_24/MatMul,9922269248,78112,9922165248,54272,PushPop,687017,687017,1,3,0,1155,784,:775:778:784:1155
myelin-exec:__myl_AddMulMeaAddSqrDivMulMul,9922349600,7520,9922221184,18208,PushPop,687017,687017,1,3,0,1156,784,:775:778:784:1156
myelin-exec:/up_proj_24/MatMul,9922359328,111968,9922240896,51808,PushPop,687017,687017,1,3,0,1157,784,:775:778:784:1157
myelin-exec:__myl_FcNegExpAddDivMulMul,9922473504,116448,9922295232,172576,PushPop,687017,687017,1,3,0,1158,784,:775:778:784:1158
myelin-exec:__myl_FcAdd,9922626592,107776,9922469952,157408,PushPop,687017,687017,1,3,0,1159,784,:775:778:784:1159
myelin-exec:__myl_MulMeaAddSqrDivMulMul,9922736512,6656,9922629184,16256,PushPop,687017,687017,1,3,0,1160,784,:775:778:784:1160
myelin-exec:/v_proj_25/MatMul+/k_proj_25/MatMul+/q_proj_25/MatMul,9922745600,141088,9922647744,48672,PushPop,687017,687017,1,3,0,1161,784,:775:778:784:1161
myelin-exec:__myl_MovResConResRep,9922888960,9376,9922698304,19520,PushPop,687017,687017,1,3,0,1162,784,:775:778:784:1162
myelin-exec:__myl_MovResMulMea,9922900640,6400,9922719296,13984,PushPop,687017,687017,1,3,0,1163,784,:775:778:784:1163
myelin-exec:__myl_AddSqrDivMulMulResSliSliNegConMulMulAddConResRepResTra,9922909312,10272,9922734528,15104,PushPop,687017,687017,1,3,0,1164,784,:775:778:784:1164
myelin-exec:__myl_MovResMulMea,9922921888,4992,9922750944,11424,PushPop,687017,687017,1,3,0,1165,784,:775:778:784:1165
myelin-exec:__myl_AddSqrDivMulMulResSliSliNegConMulMulAdd,9922929536,4960,9922763424,11232,PushPop,687017,687017,1,3,0,1166,784,:775:778:784:1166
myelin-exec:/MatMul_50,9922936448,14272,9922775616,45696,PushPop,687017,687017,1,3,0,1167,784,:775:778:784:1167
myelin-exec:__myl_MulMaxSubExpSumDivMul,9922953088,6208,9922823584,14752,PushPop,687017,687017,1,3,0,1168,784,:775:778:784:1168
myelin-exec:/MatMul_51,9922961216,25472,9922840192,39840,PushPop,687017,687017,1,3,0,1169,784,:775:778:784:1169
myelin-exec:/o_proj_25/MatMul,9922988896,78784,9922881888,56320,PushPop,687017,687017,1,3,0,1170,784,:775:778:784:1170
myelin-exec:__myl_AddMulMeaAddSqrDivMulMul,9923070016,7584,9922940224,21056,PushPop,687017,687017,1,3,0,1171,784,:775:778:784:1171
myelin-exec:/up_proj_25/MatMul,9923079872,112576,9922962880,47232,PushPop,687017,687017,1,3,0,1172,784,:775:778:784:1172
myelin-exec:__myl_FcNegExpAddDivMulMul,9923194624,115584,9923012576,168480,PushPop,687017,687017,1,3,0,1173,784,:775:778:784:1173
myelin-exec:__myl_FcAdd,9923337856,105216,9923183488,155520,PushPop,687017,687017,1,3,0,1174,784,:775:778:784:1174
myelin-exec:__myl_MulMeaAddSqrDivMulMul,9923445472,6752,9923341216,20096,PushPop,687017,687017,1,3,0,1175,784,:775:778:784:1175
myelin-exec:/v_proj_26/MatMul+/k_proj_26/MatMul+/q_proj_26/MatMul,9923454496,142048,9923363104,49856,PushPop,687017,687017,1,3,0,1176,784,:775:778:784:1176
myelin-exec:__myl_MovResConResRep,9923598880,9344,9923414944,19488,PushPop,687017,687017,1,3,0,1177,784,:775:778:784:1177
myelin-exec:__myl_MovResMulMea,9923610496,6688,9923435712,14720,PushPop,687017,687017,1,3,0,1178,784,:775:778:784:1178
myelin-exec:__myl_AddSqrDivMulMulResSliSliNegConMulMulAddConResRepResTra,9923619456,10304,9923451968,14432,PushPop,687017,687017,1,3,0,1179,784,:775:778:784:1179
myelin-exec:__myl_MovResMulMea,9923632032,5568,9923467680,11232,PushPop,687017,687017,1,3,0,1180,784,:775:778:784:1180
myelin-exec:__myl_AddSqrDivMulMulResSliSliNegConMulMulAdd,9923639872,5248,9923480192,11552,PushPop,687017,687017,1,3,0,1181,784,:775:778:784:1181
myelin-exec:/MatMul_52,9923647360,14304,9923493280,53568,PushPop,687017,687017,1,3,0,1182,784,:775:778:784:1182
myelin-exec:__myl_MulMaxSubExpSumDivMul,9923664000,6336,9923549376,19776,PushPop,687017,687017,1,3,0,1183,784,:775:778:784:1183
myelin-exec:/MatMul_53,9923672544,24672,9923571008,52864,PushPop,687017,687017,1,3,0,1184,784,:775:778:784:1184
myelin-exec:/o_proj_26/MatMul,9923699392,78240,9923626528,52768,PushPop,687017,687017,1,3,0,1185,784,:775:778:784:1185
myelin-exec:__myl_AddMulMeaAddSqrDivMulMul,9923779872,7456,9923681536,20288,PushPop,687017,687017,1,3,0,1186,784,:775:778:784:1186
myelin-exec:/up_proj_26/MatMul,9923789504,112736,9923703648,56288,PushPop,687017,687017,1,3,0,1187,784,:775:778:784:1187
myelin-exec:__myl_FcNegExpAddDivMulMul,9923925408,119584,9923762592,164064,PushPop,687017,687017,1,3,0,1188,784,:775:778:784:1188
myelin-exec:__myl_FcAdd,9924107712,105184,9923928992,179680,PushPop,687017,687017,1,3,0,1189,784,:775:778:784:1189
myelin-exec:__myl_MulMeaAddSqrDivMulMul,9924215104,6816,9924111072,17184,PushPop,687017,687017,1,3,0,1190,784,:775:778:784:1190
myelin-exec:/v_proj_27/MatMul+/k_proj_27/MatMul+/q_proj_27/MatMul,9924224480,142624,9924130016,46624,PushPop,687017,687017,1,3,0,1191,784,:775:778:784:1191
myelin-exec:__myl_MovResConResRep,9924369376,9376,9924178112,16416,PushPop,687017,687017,1,3,0,1192,784,:775:778:784:1192
myelin-exec:__myl_MovResMulMea,9924381056,6368,9924195744,12128,PushPop,687017,687017,1,3,0,1193,784,:775:778:784:1193
myelin-exec:__myl_AddSqrDivMulMulResSliSliNegConMulMulAddConResRepResTra,9924389728,10368,9924209120,15328,PushPop,687017,687017,1,3,0,1194,784,:775:778:784:1194
myelin-exec:__myl_MovResMulMea,9924402400,5152,9924225472,11360,PushPop,687017,687017,1,3,0,1195,784,:775:778:784:1195
myelin-exec:__myl_AddSqrDivMulMulResSliSliNegConMulMulAdd,9924409792,5184,9924237920,11264,PushPop,687017,687017,1,3,0,1196,784,:775:778:784:1196
myelin-exec:/MatMul_54,9924417280,14656,9924250112,35040,PushPop,687017,687017,1,3,0,1197,784,:775:778:784:1197
myelin-exec:__myl_MulMaxSubExpSumDivMul,9924434208,5824,9924286944,13344,PushPop,687017,687017,1,3,0,1198,784,:775:778:784:1198
myelin-exec:/MatMul_55,9924442304,25504,9924302016,61024,PushPop,687017,687017,1,3,0,1199,784,:775:778:784:1199
myelin-exec:/o_proj_27/MatMul,9924470080,80000,9924365280,50112,PushPop,687017,687017,1,3,0,1200,784,:775:778:784:1200
myelin-exec:__myl_AddMulMeaAddSqrDivMulMul,9924552384,7520,9924417408,20224,PushPop,687017,687017,1,3,0,1201,784,:775:778:784:1201
myelin-exec:/up_proj_27/MatMul,9924562048,111104,9924439264,51680,PushPop,687017,687017,1,3,0,1202,784,:775:778:784:1202
myelin-exec:__myl_FcNegExpAddDivMulMul,9924675328,118720,9924492832,163840,PushPop,687017,687017,1,3,0,1203,784,:775:778:784:1203
myelin-exec:__myl_FcAdd,9924810240,105408,9924659424,150784,PushPop,687017,687017,1,3,0,1204,784,:775:778:784:1204
TensorRT:ExecutionContext::enqueue,9925695136,7648,9925526304,188512,PushPop,687017,687017,1,0,1,1290,,:1290
TensorRT:{ForeignNode[/Cast.../Cast_1]},9925695136,7648,9925620096,90752,PushPop,687017,687017,1,1,1,1294,1290,:1290:1294
myelin-exec:myelinGraphExecute ,9925695136,7648,9925655936,43232,StartEnd,687017,687017,1,2,1,1300,1294,:1290:1294:1300
myelin-exec:__myl_MovMulMeaAddSqrDivMulMulCas,9925695136,7648,9925659968,37824,PushPop,687017,687017,1,3,0,1302,1300,:1290:1294:1300:1302
TensorRT:ExecutionContext::enqueue,9926301152,4725120,9926022784,299456,PushPop,687017,687017,1,0,1,1305,,:1305
TensorRT:{ForeignNode[onnx::MatMul_4 + ONNXTRT_Broadcast.../MatMul]},9926301152,4725120,9926080480,237664,PushPop,687017,687017,1,1,1,1309,1305,:1305:1309
myelin-exec:myelinGraphExecute ,9926301152,4725120,9926108256,195520,StartEnd,687017,687017,1,2,1,1315,1309,:1305:1309:1315
myelin-exec:/MatMul,9926301152,4725120,9926111360,190528,PushPop,687017,687017,1,3,0,1317,1315,:1305:1309:1315:1317
:PHASE3D0_STEADY_CUDA_GRAPH_WINDOW,10381662048,37110592,10381510400,1400256,PushPop,687017,687017,8,0,0,1869,,:1869
