Start (ns),Duration (ns),CorrId,GrdX,GrdY,GrdZ,BlkX,BlkY,BlkZ,Reg/Trd,StcSMem (MB),DymSMem (MB),Bytes (MB),Throughput (MB/s),SrcMemKd,DstMemKd,Device,Ctx,GreenCtx,Strm,Name
3727662496,10727200,683,,,,,,,,,,311.165,28938.338,Device,,Orin (0),1,,13,[CUDA memset]
3738393440,10647104,684,,,,,,,,,,311.165,28938.338,Device,,Orin (0),1,,13,[CUDA memset]
3749046656,52476768,685,,,,,,,,,,311.165,5912.134,Pageable,Device,Orin (0),1,,13,[CUDA memcpy Host-to-Device]
4516149472,30086560,751,,,,,,,,,,880.933,29070.797,Device,,Orin (0),1,,17,[CUDA memset]
4546240000,28476384,752,,,,,,,,,,880.933,30832.664,Device,,Orin (0),1,,17,[CUDA memset]
4574725408,154961536,753,,,,,,,,,,880.933,5285.599,Pageable,Device,Orin (0),1,,17,[CUDA memcpy Host-to-Device]
4750132224,160992,2017,,,,,,,,,,4.793,29771.460,Device,,Orin (0),1,,19,[CUDA memset]
5978129248,8736,2868,,,,,,,,,,0.000,7.326,Device,Pageable,Orin (0),1,,7,[CUDA memcpy Device-to-Host]
5982157696,6048,2875,,,,,,,,,,0.000,10.582,Device,Pageable,Orin (0),1,,7,[CUDA memcpy Device-to-Host]
5985865664,5216,2882,,,,,,,,,,0.000,12.270,Device,Pageable,Orin (0),1,,7,[CUDA memcpy Device-to-Host]
5989631552,5344,2889,,,,,,,,,,0.000,11.976,Device,Pageable,Orin (0),1,,7,[CUDA memcpy Device-to-Host]
5993309408,5248,2896,,,,,,,,,,0.000,12.195,Device,Pageable,Orin (0),1,,7,[CUDA memcpy Device-to-Host]
5996956640,5344,2903,,,,,,,,,,0.000,11.976,Device,Pageable,Orin (0),1,,7,[CUDA memcpy Device-to-Host]
6000613376,5312,2910,,,,,,,,,,0.000,12.048,Device,Pageable,Orin (0),1,,7,[CUDA memcpy Device-to-Host]
6004253600,5280,2917,,,,,,,,,,0.000,12.121,Device,Pageable,Orin (0),1,,7,[CUDA memcpy Device-to-Host]
6008087296,5312,2924,,,,,,,,,,0.000,12.048,Device,Pageable,Orin (0),1,,7,[CUDA memcpy Device-to-Host]
6011725728,5280,2931,,,,,,,,,,0.000,12.121,Device,Pageable,Orin (0),1,,7,[CUDA memcpy Device-to-Host]
6015450496,5280,2938,,,,,,,,,,0.000,12.121,Device,Pageable,Orin (0),1,,7,[CUDA memcpy Device-to-Host]
6019032736,5376,2945,,,,,,,,,,0.000,11.905,Device,Pageable,Orin (0),1,,7,[CUDA memcpy Device-to-Host]
6022679072,5248,2952,,,,,,,,,,0.000,12.195,Device,Pageable,Orin (0),1,,7,[CUDA memcpy Device-to-Host]
6026336640,5280,2959,,,,,,,,,,0.000,12.121,Device,Pageable,Orin (0),1,,7,[CUDA memcpy Device-to-Host]
6029986496,5248,2966,,,,,,,,,,0.000,12.195,Device,Pageable,Orin (0),1,,7,[CUDA memcpy Device-to-Host]
6033617152,5312,2973,,,,,,,,,,0.000,12.048,Device,Pageable,Orin (0),1,,7,[CUDA memcpy Device-to-Host]
6037291648,5376,2980,,,,,,,,,,0.000,11.905,Device,Pageable,Orin (0),1,,7,[CUDA memcpy Device-to-Host]
6041015200,5440,2987,,,,,,,,,,0.000,11.765,Device,Pageable,Orin (0),1,,7,[CUDA memcpy Device-to-Host]
6044654496,5248,2994,,,,,,,,,,0.000,12.195,Device,Pageable,Orin (0),1,,7,[CUDA memcpy Device-to-Host]
6048327520,5376,3001,,,,,,,,,,0.000,11.905,Device,Pageable,Orin (0),1,,7,[CUDA memcpy Device-to-Host]
6052016256,5376,3008,,,,,,,,,,0.000,11.905,Device,Pageable,Orin (0),1,,7,[CUDA memcpy Device-to-Host]
6055642624,5440,3015,,,,,,,,,,0.000,11.765,Device,Pageable,Orin (0),1,,7,[CUDA memcpy Device-to-Host]
6059343552,5280,3022,,,,,,,,,,0.000,12.121,Device,Pageable,Orin (0),1,,7,[CUDA memcpy Device-to-Host]
6063022432,5248,3029,,,,,,,,,,0.000,12.195,Device,Pageable,Orin (0),1,,7,[CUDA memcpy Device-to-Host]
6066835840,5248,3036,,,,,,,,,,0.000,12.195,Device,Pageable,Orin (0),1,,7,[CUDA memcpy Device-to-Host]
6070856576,5248,3043,,,,,,,,,,0.000,12.195,Device,Pageable,Orin (0),1,,7,[CUDA memcpy Device-to-Host]
6074564384,5376,3050,,,,,,,,,,0.000,11.905,Device,Pageable,Orin (0),1,,7,[CUDA memcpy Device-to-Host]
6078252352,5312,3057,,,,,,,,,,0.000,12.048,Device,Pageable,Orin (0),1,,7,[CUDA memcpy Device-to-Host]
6081971712,5216,3064,,,,,,,,,,0.000,12.270,Device,Pageable,Orin (0),1,,7,[CUDA memcpy Device-to-Host]
6085683296,5248,3071,,,,,,,,,,0.000,12.195,Device,Pageable,Orin (0),1,,7,[CUDA memcpy Device-to-Host]
6089382112,5280,3078,,,,,,,,,,0.000,12.121,Device,Pageable,Orin (0),1,,7,[CUDA memcpy Device-to-Host]
6093182208,5216,3085,,,,,,,,,,0.000,12.270,Device,Pageable,Orin (0),1,,7,[CUDA memcpy Device-to-Host]
6096914080,5312,3092,,,,,,,,,,0.000,12.048,Device,Pageable,Orin (0),1,,7,[CUDA memcpy Device-to-Host]
6100805952,5280,3099,,,,,,,,,,0.000,12.121,Device,Pageable,Orin (0),1,,7,[CUDA memcpy Device-to-Host]
6104520800,5408,3106,,,,,,,,,,0.000,11.834,Device,Pageable,Orin (0),1,,7,[CUDA memcpy Device-to-Host]
6108248896,5280,3113,,,,,,,,,,0.000,12.121,Device,Pageable,Orin (0),1,,7,[CUDA memcpy Device-to-Host]
6112049600,5248,3120,,,,,,,,,,0.000,12.195,Device,Pageable,Orin (0),1,,7,[CUDA memcpy Device-to-Host]
6115817216,5408,3127,,,,,,,,,,0.000,11.834,Device,Pageable,Orin (0),1,,7,[CUDA memcpy Device-to-Host]
6119649184,5376,3134,,,,,,,,,,0.000,11.905,Device,Pageable,Orin (0),1,,7,[CUDA memcpy Device-to-Host]
6123407232,5280,3141,,,,,,,,,,0.000,12.121,Device,Pageable,Orin (0),1,,7,[CUDA memcpy Device-to-Host]
6127158432,5344,3148,,,,,,,,,,0.000,11.976,Device,Pageable,Orin (0),1,,7,[CUDA memcpy Device-to-Host]
6130878560,5312,3155,,,,,,,,,,0.000,12.048,Device,Pageable,Orin (0),1,,7,[CUDA memcpy Device-to-Host]
6134692128,5248,3162,,,,,,,,,,0.000,12.195,Device,Pageable,Orin (0),1,,7,[CUDA memcpy Device-to-Host]
6138523552,5280,3169,,,,,,,,,,0.000,12.121,Device,Pageable,Orin (0),1,,7,[CUDA memcpy Device-to-Host]
6142485824,5312,3176,,,,,,,,,,0.000,12.048,Device,Pageable,Orin (0),1,,7,[CUDA memcpy Device-to-Host]
6146288480,5216,3183,,,,,,,,,,0.000,12.270,Device,Pageable,Orin (0),1,,7,[CUDA memcpy Device-to-Host]
6150103360,5408,3190,,,,,,,,,,0.000,11.834,Device,Pageable,Orin (0),1,,7,[CUDA memcpy Device-to-Host]
6153880384,5312,3197,,,,,,,,,,0.000,12.048,Device,Pageable,Orin (0),1,,7,[CUDA memcpy Device-to-Host]
6157682240,5248,3204,,,,,,,,,,0.000,12.195,Device,Pageable,Orin (0),1,,7,[CUDA memcpy Device-to-Host]
6161444672,5280,3211,,,,,,,,,,0.000,12.121,Device,Pageable,Orin (0),1,,7,[CUDA memcpy Device-to-Host]
6165288512,5248,3218,,,,,,,,,,0.000,12.195,Device,Pageable,Orin (0),1,,7,[CUDA memcpy Device-to-Host]
6169182464,5280,3225,,,,,,,,,,0.000,12.121,Device,Pageable,Orin (0),1,,7,[CUDA memcpy Device-to-Host]
6173005216,5248,3232,,,,,,,,,,0.000,12.195,Device,Pageable,Orin (0),1,,7,[CUDA memcpy Device-to-Host]
6176798144,5280,3239,,,,,,,,,,0.000,12.121,Device,Pageable,Orin (0),1,,7,[CUDA memcpy Device-to-Host]
6180637184,5280,3246,,,,,,,,,,0.000,12.121,Device,Pageable,Orin (0),1,,7,[CUDA memcpy Device-to-Host]
6184414144,5216,3253,,,,,,,,,,0.000,12.270,Device,Pageable,Orin (0),1,,7,[CUDA memcpy Device-to-Host]
37323379360,30099712,3264,,,,,,,,,,880.937,29070.932,Device,,Orin (0),1,,23,[CUDA memset]
37353483136,20967232,3265,,,,,,,,,,880.937,41404.055,Device,,Orin (0),1,,23,[CUDA memset]
37374454080,148144160,3266,,,,,,,,,,880.937,5285.624,Pageable,Device,Orin (0),1,,23,[CUDA memcpy Host-to-Device]
37562596000,17408,4143,,,,,,,,,,0.156,8941.044,Device,,Orin (0),1,,25,[CUDA memset]
39317899520,5696,4526,,,,,,,,,,0.000,11.236,Device,Pageable,Orin (0),1,,7,[CUDA memcpy Device-to-Host]
39321800768,5760,4533,,,,,,,,,,0.000,11.111,Device,Pageable,Orin (0),1,,7,[CUDA memcpy Device-to-Host]
39328343872,5312,4552,,,,,,,,,,0.000,12.048,Device,Pageable,Orin (0),1,,7,[CUDA memcpy Device-to-Host]
39332427936,5312,4559,,,,,,,,,,0.000,12.048,Device,Pageable,Orin (0),1,,7,[CUDA memcpy Device-to-Host]
39336451872,5440,4566,,,,,,,,,,0.000,11.765,Device,Pageable,Orin (0),1,,7,[CUDA memcpy Device-to-Host]
39340096832,5248,4573,,,,,,,,,,0.000,12.195,Device,Pageable,Orin (0),1,,7,[CUDA memcpy Device-to-Host]
39343919008,5248,4580,,,,,,,,,,0.000,12.195,Device,Pageable,Orin (0),1,,7,[CUDA memcpy Device-to-Host]
39347429120,5248,4587,,,,,,,,,,0.000,12.195,Device,Pageable,Orin (0),1,,7,[CUDA memcpy Device-to-Host]
39351168032,5248,4594,,,,,,,,,,0.000,12.195,Device,Pageable,Orin (0),1,,7,[CUDA memcpy Device-to-Host]
39354660096,5312,4601,,,,,,,,,,0.000,12.048,Device,Pageable,Orin (0),1,,7,[CUDA memcpy Device-to-Host]
39358389312,5504,4608,,,,,,,,,,0.000,11.628,Device,Pageable,Orin (0),1,,7,[CUDA memcpy Device-to-Host]
39361933088,5312,4615,,,,,,,,,,0.000,12.048,Device,Pageable,Orin (0),1,,7,[CUDA memcpy Device-to-Host]
39365661536,5248,4622,,,,,,,,,,0.000,12.195,Device,Pageable,Orin (0),1,,7,[CUDA memcpy Device-to-Host]
39369171968,5312,4629,,,,,,,,,,0.000,12.048,Device,Pageable,Orin (0),1,,7,[CUDA memcpy Device-to-Host]
39372878976,5280,4636,,,,,,,,,,0.000,12.121,Device,Pageable,Orin (0),1,,7,[CUDA memcpy Device-to-Host]
39376394432,5376,4643,,,,,,,,,,0.000,11.905,Device,Pageable,Orin (0),1,,7,[CUDA memcpy Device-to-Host]
39380091712,5248,4650,,,,,,,,,,0.000,12.195,Device,Pageable,Orin (0),1,,7,[CUDA memcpy Device-to-Host]
39383552864,5376,4657,,,,,,,,,,0.000,11.905,Device,Pageable,Orin (0),1,,7,[CUDA memcpy Device-to-Host]
39387269728,5280,4664,,,,,,,,,,0.000,12.121,Device,Pageable,Orin (0),1,,7,[CUDA memcpy Device-to-Host]
39390775168,5248,4671,,,,,,,,,,0.000,12.195,Device,Pageable,Orin (0),1,,7,[CUDA memcpy Device-to-Host]
39394510432,5248,4678,,,,,,,,,,0.000,12.195,Device,Pageable,Orin (0),1,,7,[CUDA memcpy Device-to-Host]
39398033248,5248,4685,,,,,,,,,,0.000,12.195,Device,Pageable,Orin (0),1,,7,[CUDA memcpy Device-to-Host]
39402260384,5280,4692,,,,,,,,,,0.000,12.121,Device,Pageable,Orin (0),1,,7,[CUDA memcpy Device-to-Host]
39405738304,5280,4699,,,,,,,,,,0.000,12.121,Device,Pageable,Orin (0),1,,7,[CUDA memcpy Device-to-Host]
39409459104,5312,4706,,,,,,,,,,0.000,12.048,Device,Pageable,Orin (0),1,,7,[CUDA memcpy Device-to-Host]
39413156736,5312,4713,,,,,,,,,,0.000,12.048,Device,Pageable,Orin (0),1,,7,[CUDA memcpy Device-to-Host]
39416971712,5312,4720,,,,,,,,,,0.000,12.048,Device,Pageable,Orin (0),1,,7,[CUDA memcpy Device-to-Host]
39420528928,5280,4727,,,,,,,,,,0.000,12.121,Device,Pageable,Orin (0),1,,7,[CUDA memcpy Device-to-Host]
39424291392,5280,4734,,,,,,,,,,0.000,12.121,Device,Pageable,Orin (0),1,,7,[CUDA memcpy Device-to-Host]
39427869760,5248,4741,,,,,,,,,,0.000,12.195,Device,Pageable,Orin (0),1,,7,[CUDA memcpy Device-to-Host]
39431591360,5280,4748,,,,,,,,,,0.000,12.121,Device,Pageable,Orin (0),1,,7,[CUDA memcpy Device-to-Host]
39435111936,5216,4755,,,,,,,,,,0.000,12.270,Device,Pageable,Orin (0),1,,7,[CUDA memcpy Device-to-Host]
39440076032,5312,4762,,,,,,,,,,0.000,12.048,Device,Pageable,Orin (0),1,,7,[CUDA memcpy Device-to-Host]
39443684288,5248,4769,,,,,,,,,,0.000,12.195,Device,Pageable,Orin (0),1,,7,[CUDA memcpy Device-to-Host]
39447463168,5216,4776,,,,,,,,,,0.000,12.270,Device,Pageable,Orin (0),1,,7,[CUDA memcpy Device-to-Host]
39451069280,5248,4783,,,,,,,,,,0.000,12.195,Device,Pageable,Orin (0),1,,7,[CUDA memcpy Device-to-Host]
39454822176,5280,4790,,,,,,,,,,0.000,12.121,Device,Pageable,Orin (0),1,,7,[CUDA memcpy Device-to-Host]
39458344512,5248,4797,,,,,,,,,,0.000,12.195,Device,Pageable,Orin (0),1,,7,[CUDA memcpy Device-to-Host]
39462075168,5280,4804,,,,,,,,,,0.000,12.121,Device,Pageable,Orin (0),1,,7,[CUDA memcpy Device-to-Host]
39465639328,5280,4811,,,,,,,,,,0.000,12.121,Device,Pageable,Orin (0),1,,7,[CUDA memcpy Device-to-Host]
39469493952,5312,4818,,,,,,,,,,0.000,12.048,Device,Pageable,Orin (0),1,,7,[CUDA memcpy Device-to-Host]
39473086400,5312,4825,,,,,,,,,,0.000,12.048,Device,Pageable,Orin (0),1,,7,[CUDA memcpy Device-to-Host]
39477038304,5312,4832,,,,,,,,,,0.000,12.048,Device,Pageable,Orin (0),1,,7,[CUDA memcpy Device-to-Host]
39480702176,5248,4839,,,,,,,,,,0.000,12.195,Device,Pageable,Orin (0),1,,7,[CUDA memcpy Device-to-Host]
39484520736,5248,4846,,,,,,,,,,0.000,12.195,Device,Pageable,Orin (0),1,,7,[CUDA memcpy Device-to-Host]
39488053120,5248,4853,,,,,,,,,,0.000,12.195,Device,Pageable,Orin (0),1,,7,[CUDA memcpy Device-to-Host]
39491828128,5280,4860,,,,,,,,,,0.000,12.121,Device,Pageable,Orin (0),1,,7,[CUDA memcpy Device-to-Host]
39495339584,5280,4867,,,,,,,,,,0.000,12.121,Device,Pageable,Orin (0),1,,7,[CUDA memcpy Device-to-Host]
39499117056,5280,4874,,,,,,,,,,0.000,12.121,Device,Pageable,Orin (0),1,,7,[CUDA memcpy Device-to-Host]
39502684032,5312,4881,,,,,,,,,,0.000,12.048,Device,Pageable,Orin (0),1,,7,[CUDA memcpy Device-to-Host]
39506487648,5280,4888,,,,,,,,,,0.000,12.121,Device,Pageable,Orin (0),1,,7,[CUDA memcpy Device-to-Host]
39510080096,5312,4895,,,,,,,,,,0.000,12.048,Device,Pageable,Orin (0),1,,7,[CUDA memcpy Device-to-Host]
39513896064,5248,4902,,,,,,,,,,0.000,12.195,Device,Pageable,Orin (0),1,,7,[CUDA memcpy Device-to-Host]
39517628864,5248,4909,,,,,,,,,,0.000,12.195,Device,Pageable,Orin (0),1,,7,[CUDA memcpy Device-to-Host]
39521459744,5248,4916,,,,,,,,,,0.000,12.195,Device,Pageable,Orin (0),1,,7,[CUDA memcpy Device-to-Host]
39525078944,5248,4923,,,,,,,,,,0.000,12.195,Device,Pageable,Orin (0),1,,7,[CUDA memcpy Device-to-Host]
39535521504,3904,4938,,,,,,,,,,0.002,524.589,Device,,Orin (0),1,,27,[CUDA memset]
39535528608,1984,4939,,,,,,,,,,0.002,1032.258,Device,,Orin (0),1,,27,[CUDA memset]
39535532672,2336,4940,,,,,,,,,,0.002,876.712,Pageable,Device,Orin (0),1,,27,[CUDA memcpy Host-to-Device]
39919165152,10737792,4999,,,,,,,,,,311.165,28938.362,Device,,Orin (0),1,,31,[CUDA memset]
39929906688,10652512,5000,,,,,,,,,,311.165,28938.362,Device,,Orin (0),1,,31,[CUDA memset]
39940563584,52894272,5001,,,,,,,,,,311.165,5600.973,Pageable,Device,Orin (0),1,,31,[CUDA memcpy Host-to-Device]
40012942336,4384,5065,,,,,,,,,,0.000,14.599,Pageable,Device,Orin (0),1,,7,[CUDA memcpy Host-to-Device]
40017373024,9216,5082,1,1,1,64,1,1,16,0.000,0.000,,,,,Orin (0),1,,7,"void <unnamed>::elementwise_kernel_with_index<int, at::native::arange_cuda_out(const c10::Scalar &, const c10::Scalar &, const c10::Scalar &, at::Tensor &)::[lambda() (instance 1)]::operator ()() const::[lambda() (instance 4)]::operator ()() const::[lambda(long) (instance 1)]>(T1, T2, function_traits<T2>::result_type *)"
40019154944,15488,5094,8,1,1,256,1,1,20,0.000,0.000,,,,,Orin (0),1,,7,__myl_CasGat_0xdee2c73dd5d0e0fe099a0774cba2143f_com
40030700800,8384,5689,1,1,1,256,1,1,16,0.000,0.000,,,,,Orin (0),1,,7,__myl_RepIotIotRepCasAddCasEqlLtOrSel_0xeed00a2999d9a920ce4be4d44852c879_com
40030713120,11168,5690,8,1,1,128,1,1,18,0.000,0.000,,,,,Orin (0),1,,7,__myl_MovMulMeaAddSqrDivMulMul_0x8c7c765d132892c540be4329124deccc_com_vec
40081427328,300640,5699,16,1,1,128,1,1,151,0.049,0.033,,,,,Orin (0),1,,7,trt_ampere_h16816gemm_256x64_ldg8_tn_v1
40081731808,15488,5700,64,1,1,256,1,1,16,0.000,0.000,,,,,Orin (0),1,,7,__myl_ResTraResSliRepRes_0xc9f73409107decab95699693f5f53538_com
40081751040,12256,5701,8,1,1,16,8,1,17,0.000,0.000,,,,,Orin (0),1,,7,__myl_ResMulMea_0xa004b8b1aee1c828801c9405f41c9d8a_com_vec
40081767008,9856,5702,16,1,1,16,8,1,17,0.000,0.000,,,,,Orin (0),1,,7,__myl_ResMulMea_0xae152563f1149376365003f94aabf3c4_com_vec
40081780576,28576,5703,64,1,1,256,1,1,40,0.000,0.000,,,,,Orin (0),1,,7,__myl_CasResMulConSinResCosResAddSqrAddSqrDivMulDivMulMulTraSliSliNegConMulMulAddResSliRepResTraEtc_0xeeda8c3ad0b01a41e68bda37288b89cd_com
40081812928,22528,5704,1,16,1,128,1,1,254,0.000,0.049,,,,,Orin (0),1,,7,_gemm_mha_v2_0xb1de950b39aeff343f8e5a6b250b0cff
40082050912,164352,5717,1,16,1,128,1,1,124,0.000,0.074,,,,,Orin (0),1,,7,sm80_xmma_gemm_f16f16_f16f16_f16_nn_n_tilesize128x64x64_stage3_warpsize2x2x1_tensor16x8x16_fused
40082219040,14496,5718,8,1,1,128,1,1,18,0.000,0.000,,,,,Orin (0),1,,7,__myl_MulMeaAddSqrDivMulMul_0xecca72c958a3414a0b497095c432af2e_com_vec
40082237216,235776,5721,12,1,1,128,1,1,151,0.049,0.033,,,,,Orin (0),1,,7,trt_ampere_h16816gemm_256x64_ldg8_tn_v1
40082480576,236992,5724,12,1,1,128,1,1,151,0.049,0.033,,,,,Orin (0),1,,20,trt_ampere_h16816gemm_256x64_ldg8_tn_v1
40082722624,15264,5727,48,1,1,256,1,1,16,0.000,0.000,,,,,Orin (0),1,,7,__myl_NegExpAddDivMulMul_0x35e9fa130a3939e5b59c6ddbd0568b35_com_vec
40082741920,233216,5733,1,16,1,128,1,1,124,0.000,0.074,,,,,Orin (0),1,,7,sm80_xmma_gemm_f16f16_f16f16_f16_nn_n_tilesize128x64x64_stage3_warpsize2x2x1_tensor16x8x16_fused
40082981920,14816,5734,8,1,1,128,1,1,18,0.000,0.000,,,,,Orin (0),1,,7,__myl_MulMeaAddSqrDivMulMul_0x7950617bc96f544a93cba59dd9f0896c_com_vec
40083005152,300256,5736,16,1,1,128,1,1,151,0.049,0.033,,,,,Orin (0),1,,7,trt_ampere_h16816gemm_256x64_ldg8_tn_v1
40083309472,14976,5738,64,1,1,256,1,1,16,0.000,0.000,,,,,Orin (0),1,,7,__myl_ResTraResSliRepRes_0xc9f73409107decab95699693f5f53538_com
40083332448,11808,5740,8,1,1,16,8,1,17,0.000,0.000,,,,,Orin (0),1,,20,__myl_ResMulMea_0xa004b8b1aee1c828801c9405f41c9d8a_com_vec
40083351040,17920,5741,64,1,1,256,1,1,26,0.000,0.000,,,,,Orin (0),1,,20,__myl_AddSqrDivMulMulTraSliSliNegConMulMulAddResSliRepResTraRes_0x4ad536b524b3f7a2415d97f02da12733_com
40083377024,12544,5743,16,1,1,16,8,1,17,0.000,0.000,,,,,Orin (0),1,,7,__myl_ResMulMea_0xae152563f1149376365003f94aabf3c4_com_vec
40083395168,13856,5744,64,1,1,256,1,1,26,0.000,0.000,,,,,Orin (0),1,,7,__myl_AddSqrDivMulMulTraSliSliNegConMulMulAddRes_0x6acc4948abd0f5b32a0e9f68913929b0_com
40083414144,21440,5746,1,16,1,128,1,1,254,0.000,0.049,,,,,Orin (0),1,,7,_gemm_mha_v2_0xb1de950b39aeff343f8e5a6b250b0cff
40083442496,163712,5752,1,16,1,128,1,1,124,0.000,0.074,,,,,Orin (0),1,,7,sm80_xmma_gemm_f16f16_f16f16_f16_nn_n_tilesize128x64x64_stage3_warpsize2x2x1_tensor16x8x16_fused
40083610272,14368,5753,8,1,1,128,1,1,18,0.000,0.000,,,,,Orin (0),1,,7,__myl_MulMeaAddSqrDivMulMul_0xecca72c958a3414a0b497095c432af2e_com_vec
40083628672,238112,5756,12,1,1,128,1,1,151,0.049,0.033,,,,,Orin (0),1,,7,trt_ampere_h16816gemm_256x64_ldg8_tn_v1
40083876896,236896,5759,12,1,1,128,1,1,151,0.049,0.033,,,,,Orin (0),1,,20,trt_ampere_h16816gemm_256x64_ldg8_tn_v1
40084118720,15200,5762,48,1,1,256,1,1,16,0.000,0.000,,,,,Orin (0),1,,7,__myl_NegExpAddDivMulMul_0x35e9fa130a3939e5b59c6ddbd0568b35_com_vec
40084137920,232960,5768,1,16,1,128,1,1,124,0.000,0.074,,,,,Orin (0),1,,7,sm80_xmma_gemm_f16f16_f16f16_f16_nn_n_tilesize128x64x64_stage3_warpsize2x2x1_tensor16x8x16_fused
40084376800,14208,5769,8,1,1,128,1,1,18,0.000,0.000,,,,,Orin (0),1,,7,__myl_MulMeaAddSqrDivMulMul_0x7950617bc96f544a93cba59dd9f0896c_com_vec
40084395072,302752,5771,16,1,1,128,1,1,151,0.049,0.033,,,,,Orin (0),1,,7,trt_ampere_h16816gemm_256x64_ldg8_tn_v1
40084706016,15264,5773,64,1,1,256,1,1,16,0.000,0.000,,,,,Orin (0),1,,7,__myl_ResTraResSliRepRes_0xc9f73409107decab95699693f5f53538_com
40084729920,11328,5775,8,1,1,16,8,1,17,0.000,0.000,,,,,Orin (0),1,,20,__myl_ResMulMea_0xa004b8b1aee1c828801c9405f41c9d8a_com_vec
40084748128,17568,5776,64,1,1,256,1,1,26,0.000,0.000,,,,,Orin (0),1,,20,__myl_AddSqrDivMulMulTraSliSliNegConMulMulAddResSliRepResTraRes_0x4ad536b524b3f7a2415d97f02da12733_com
40084773824,12352,5778,16,1,1,16,8,1,17,0.000,0.000,,,,,Orin (0),1,,7,__myl_ResMulMea_0xae152563f1149376365003f94aabf3c4_com_vec
40084791808,14848,5779,64,1,1,256,1,1,26,0.000,0.000,,,,,Orin (0),1,,7,__myl_AddSqrDivMulMulTraSliSliNegConMulMulAddRes_0x6acc4948abd0f5b32a0e9f68913929b0_com
40084815904,22528,5781,1,16,1,128,1,1,254,0.000,0.049,,,,,Orin (0),1,,7,_gemm_mha_v2_0xb1de950b39aeff343f8e5a6b250b0cff
40084844032,163072,5787,1,16,1,128,1,1,124,0.000,0.074,,,,,Orin (0),1,,7,sm80_xmma_gemm_f16f16_f16f16_f16_nn_n_tilesize128x64x64_stage3_warpsize2x2x1_tensor16x8x16_fused
40085012832,14176,5788,8,1,1,128,1,1,18,0.000,0.000,,,,,Orin (0),1,,7,__myl_MulMeaAddSqrDivMulMul_0xecca72c958a3414a0b497095c432af2e_com_vec
40085030912,236736,5791,12,1,1,128,1,1,151,0.049,0.033,,,,,Orin (0),1,,7,trt_ampere_h16816gemm_256x64_ldg8_tn_v1
40085275680,237024,5794,12,1,1,128,1,1,151,0.049,0.033,,,,,Orin (0),1,,20,trt_ampere_h16816gemm_256x64_ldg8_tn_v1
40085518336,15168,5797,48,1,1,256,1,1,16,0.000,0.000,,,,,Orin (0),1,,7,__myl_NegExpAddDivMulMul_0x35e9fa130a3939e5b59c6ddbd0568b35_com_vec
40085537472,232000,5803,1,16,1,128,1,1,124,0.000,0.074,,,,,Orin (0),1,,7,sm80_xmma_gemm_f16f16_f16f16_f16_nn_n_tilesize128x64x64_stage3_warpsize2x2x1_tensor16x8x16_fused
40085776224,13728,5804,8,1,1,128,1,1,18,0.000,0.000,,,,,Orin (0),1,,7,__myl_MulMeaAddSqrDivMulMul_0x7950617bc96f544a93cba59dd9f0896c_com_vec
40085793952,300192,5806,16,1,1,128,1,1,151,0.049,0.033,,,,,Orin (0),1,,7,trt_ampere_h16816gemm_256x64_ldg8_tn_v1
40086102816,15136,5808,64,1,1,256,1,1,16,0.000,0.000,,,,,Orin (0),1,,7,__myl_ResTraResSliRepRes_0xc9f73409107decab95699693f5f53538_com
40086126016,11072,5810,8,1,1,16,8,1,17,0.000,0.000,,,,,Orin (0),1,,20,__myl_ResMulMea_0xa004b8b1aee1c828801c9405f41c9d8a_com_vec
40086143776,18848,5811,64,1,1,256,1,1,26,0.000,0.000,,,,,Orin (0),1,,20,__myl_AddSqrDivMulMulTraSliSliNegConMulMulAddResSliRepResTraRes_0x4ad536b524b3f7a2415d97f02da12733_com
40086169344,12448,5813,16,1,1,16,8,1,17,0.000,0.000,,,,,Orin (0),1,,7,__myl_ResMulMea_0xae152563f1149376365003f94aabf3c4_com_vec
40086187424,13920,5814,64,1,1,256,1,1,26,0.000,0.000,,,,,Orin (0),1,,7,__myl_AddSqrDivMulMulTraSliSliNegConMulMulAddRes_0x6acc4948abd0f5b32a0e9f68913929b0_com
40086206496,22656,5816,1,16,1,128,1,1,254,0.000,0.049,,,,,Orin (0),1,,7,_gemm_mha_v2_0xb1de950b39aeff343f8e5a6b250b0cff
40086234816,163456,5822,1,16,1,128,1,1,124,0.000,0.074,,,,,Orin (0),1,,7,sm80_xmma_gemm_f16f16_f16f16_f16_nn_n_tilesize128x64x64_stage3_warpsize2x2x1_tensor16x8x16_fused
40086406688,14336,5823,8,1,1,128,1,1,18,0.000,0.000,,,,,Orin (0),1,,7,__myl_MulMeaAddSqrDivMulMul_0xecca72c958a3414a0b497095c432af2e_com_vec
40086425024,236896,5826,12,1,1,128,1,1,151,0.049,0.033,,,,,Orin (0),1,,7,trt_ampere_h16816gemm_256x64_ldg8_tn_v1
40086672128,236256,5829,12,1,1,128,1,1,151,0.049,0.033,,,,,Orin (0),1,,20,trt_ampere_h16816gemm_256x64_ldg8_tn_v1
40086912448,15136,5832,48,1,1,256,1,1,16,0.000,0.000,,,,,Orin (0),1,,7,__myl_NegExpAddDivMulMul_0x35e9fa130a3939e5b59c6ddbd0568b35_com_vec
40086931712,233504,5838,1,16,1,128,1,1,124,0.000,0.074,,,,,Orin (0),1,,7,sm80_xmma_gemm_f16f16_f16f16_f16_nn_n_tilesize128x64x64_stage3_warpsize2x2x1_tensor16x8x16_fused
40087173344,13760,5839,8,1,1,128,1,1,18,0.000,0.000,,,,,Orin (0),1,,7,__myl_MulMeaAddSqrDivMulMul_0x7950617bc96f544a93cba59dd9f0896c_com_vec
40087191168,301216,5841,16,1,1,128,1,1,151,0.049,0.033,,,,,Orin (0),1,,7,trt_ampere_h16816gemm_256x64_ldg8_tn_v1
40087496352,15200,5843,64,1,1,256,1,1,16,0.000,0.000,,,,,Orin (0),1,,7,__myl_ResTraResSliRepRes_0xc9f73409107decab95699693f5f53538_com
40087519776,11232,5845,8,1,1,16,8,1,17,0.000,0.000,,,,,Orin (0),1,,20,__myl_ResMulMea_0xa004b8b1aee1c828801c9405f41c9d8a_com_vec
40087537824,18624,5846,64,1,1,256,1,1,26,0.000,0.000,,,,,Orin (0),1,,20,__myl_AddSqrDivMulMulTraSliSliNegConMulMulAddResSliRepResTraRes_0x4ad536b524b3f7a2415d97f02da12733_com
40087563136,12352,5848,16,1,1,16,8,1,17,0.000,0.000,,,,,Orin (0),1,,7,__myl_ResMulMea_0xae152563f1149376365003f94aabf3c4_com_vec
40087580992,13920,5849,64,1,1,256,1,1,26,0.000,0.000,,,,,Orin (0),1,,7,__myl_AddSqrDivMulMulTraSliSliNegConMulMulAddRes_0x6acc4948abd0f5b32a0e9f68913929b0_com
40087600000,21504,5851,1,16,1,128,1,1,254,0.000,0.049,,,,,Orin (0),1,,7,_gemm_mha_v2_0xb1de950b39aeff343f8e5a6b250b0cff
40087628224,164064,5857,1,16,1,128,1,1,124,0.000,0.074,,,,,Orin (0),1,,7,sm80_xmma_gemm_f16f16_f16f16_f16_nn_n_tilesize128x64x64_stage3_warpsize2x2x1_tensor16x8x16_fused
40087796480,14368,5858,8,1,1,128,1,1,18,0.000,0.000,,,,,Orin (0),1,,7,__myl_MulMeaAddSqrDivMulMul_0xecca72c958a3414a0b497095c432af2e_com_vec
40087814944,239008,5861,12,1,1,128,1,1,151,0.049,0.033,,,,,Orin (0),1,,7,trt_ampere_h16816gemm_256x64_ldg8_tn_v1
40088065792,237056,5864,12,1,1,128,1,1,151,0.049,0.033,,,,,Orin (0),1,,20,trt_ampere_h16816gemm_256x64_ldg8_tn_v1
40088309568,16032,5867,48,1,1,256,1,1,16,0.000,0.000,,,,,Orin (0),1,,7,__myl_NegExpAddDivMulMul_0x35e9fa130a3939e5b59c6ddbd0568b35_com_vec
40088333696,234368,5873,1,16,1,128,1,1,124,0.000,0.074,,,,,Orin (0),1,,7,sm80_xmma_gemm_f16f16_f16f16_f16_nn_n_tilesize128x64x64_stage3_warpsize2x2x1_tensor16x8x16_fused
40088572128,14720,5874,8,1,1,128,1,1,18,0.000,0.000,,,,,Orin (0),1,,7,__myl_MulMeaAddSqrDivMulMul_0x7950617bc96f544a93cba59dd9f0896c_com_vec
40088595072,300992,5876,16,1,1,128,1,1,151,0.049,0.033,,,,,Orin (0),1,,7,trt_ampere_h16816gemm_256x64_ldg8_tn_v1
40088904352,14880,5878,64,1,1,256,1,1,16,0.000,0.000,,,,,Orin (0),1,,7,__myl_ResTraResSliRepRes_0xc9f73409107decab95699693f5f53538_com
40088927232,11296,5880,8,1,1,16,8,1,17,0.000,0.000,,,,,Orin (0),1,,20,__myl_ResMulMea_0xa004b8b1aee1c828801c9405f41c9d8a_com_vec
40088945280,18720,5881,64,1,1,256,1,1,26,0.000,0.000,,,,,Orin (0),1,,20,__myl_AddSqrDivMulMulTraSliSliNegConMulMulAddResSliRepResTraRes_0x4ad536b524b3f7a2415d97f02da12733_com
40088970784,12288,5883,16,1,1,16,8,1,17,0.000,0.000,,,,,Orin (0),1,,7,__myl_ResMulMea_0xae152563f1149376365003f94aabf3c4_com_vec
40088988672,14176,5884,64,1,1,256,1,1,26,0.000,0.000,,,,,Orin (0),1,,7,__myl_AddSqrDivMulMulTraSliSliNegConMulMulAddRes_0x6acc4948abd0f5b32a0e9f68913929b0_com
40089008032,21952,5886,1,16,1,128,1,1,254,0.000,0.049,,,,,Orin (0),1,,7,_gemm_mha_v2_0xb1de950b39aeff343f8e5a6b250b0cff
40089036704,163392,5892,1,16,1,128,1,1,124,0.000,0.074,,,,,Orin (0),1,,7,sm80_xmma_gemm_f16f16_f16f16_f16_nn_n_tilesize128x64x64_stage3_warpsize2x2x1_tensor16x8x16_fused
40089206816,13824,5893,8,1,1,128,1,1,18,0.000,0.000,,,,,Orin (0),1,,7,__myl_MulMeaAddSqrDivMulMul_0xecca72c958a3414a0b497095c432af2e_com_vec
40089224672,236736,5896,12,1,1,128,1,1,151,0.049,0.033,,,,,Orin (0),1,,7,trt_ampere_h16816gemm_256x64_ldg8_tn_v1
40089472448,239008,5899,12,1,1,128,1,1,151,0.049,0.033,,,,,Orin (0),1,,20,trt_ampere_h16816gemm_256x64_ldg8_tn_v1
40089717024,15040,5902,48,1,1,256,1,1,16,0.000,0.000,,,,,Orin (0),1,,7,__myl_NegExpAddDivMulMul_0x35e9fa130a3939e5b59c6ddbd0568b35_com_vec
40089736224,236416,5908,1,16,1,128,1,1,124,0.000,0.074,,,,,Orin (0),1,,7,sm80_xmma_gemm_f16f16_f16f16_f16_nn_n_tilesize128x64x64_stage3_warpsize2x2x1_tensor16x8x16_fused
40089978144,13824,5909,8,1,1,128,1,1,18,0.000,0.000,,,,,Orin (0),1,,7,__myl_MulMeaAddSqrDivMulMul_0x7950617bc96f544a93cba59dd9f0896c_com_vec
40089996000,301184,5911,16,1,1,128,1,1,151,0.049,0.033,,,,,Orin (0),1,,7,trt_ampere_h16816gemm_256x64_ldg8_tn_v1
40090301248,14848,5913,64,1,1,256,1,1,16,0.000,0.000,,,,,Orin (0),1,,7,__myl_ResTraResSliRepRes_0xc9f73409107decab95699693f5f53538_com
40090324160,11136,5915,8,1,1,16,8,1,17,0.000,0.000,,,,,Orin (0),1,,20,__myl_ResMulMea_0xa004b8b1aee1c828801c9405f41c9d8a_com_vec
40090342112,18272,5916,64,1,1,256,1,1,26,0.000,0.000,,,,,Orin (0),1,,20,__myl_AddSqrDivMulMulTraSliSliNegConMulMulAddResSliRepResTraRes_0x4ad536b524b3f7a2415d97f02da12733_com
40090367936,12160,5918,16,1,1,16,8,1,17,0.000,0.000,,,,,Orin (0),1,,7,__myl_ResMulMea_0xae152563f1149376365003f94aabf3c4_com_vec
40090386816,15072,5919,64,1,1,256,1,1,26,0.000,0.000,,,,,Orin (0),1,,7,__myl_AddSqrDivMulMulTraSliSliNegConMulMulAddRes_0x6acc4948abd0f5b32a0e9f68913929b0_com
40090411296,22816,5921,1,16,1,128,1,1,254,0.000,0.049,,,,,Orin (0),1,,7,_gemm_mha_v2_0xb1de950b39aeff343f8e5a6b250b0cff
40090440896,161888,5927,1,16,1,128,1,1,124,0.000,0.074,,,,,Orin (0),1,,7,sm80_xmma_gemm_f16f16_f16f16_f16_nn_n_tilesize128x64x64_stage3_warpsize2x2x1_tensor16x8x16_fused
40090611168,15456,5928,8,1,1,128,1,1,18,0.000,0.000,,,,,Orin (0),1,,7,__myl_MulMeaAddSqrDivMulMul_0xecca72c958a3414a0b497095c432af2e_com_vec
40090634048,235392,5931,12,1,1,128,1,1,151,0.049,0.033,,,,,Orin (0),1,,7,trt_ampere_h16816gemm_256x64_ldg8_tn_v1
40090881120,236960,5934,12,1,1,128,1,1,151,0.049,0.033,,,,,Orin (0),1,,20,trt_ampere_h16816gemm_256x64_ldg8_tn_v1
40091122240,15424,5937,48,1,1,256,1,1,16,0.000,0.000,,,,,Orin (0),1,,7,__myl_NegExpAddDivMulMul_0x35e9fa130a3939e5b59c6ddbd0568b35_com_vec
40091141504,259776,5943,1,16,1,128,1,1,124,0.000,0.074,,,,,Orin (0),1,,7,sm80_xmma_gemm_f16f16_f16f16_f16_nn_n_tilesize128x64x64_stage3_warpsize2x2x1_tensor16x8x16_fused
40091409664,14048,5944,8,1,1,128,1,1,18,0.000,0.000,,,,,Orin (0),1,,7,__myl_MulMeaAddSqrDivMulMul_0x7950617bc96f544a93cba59dd9f0896c_com_vec
40091427680,300480,5946,16,1,1,128,1,1,151,0.049,0.033,,,,,Orin (0),1,,7,trt_ampere_h16816gemm_256x64_ldg8_tn_v1
40091736352,15360,5948,64,1,1,256,1,1,16,0.000,0.000,,,,,Orin (0),1,,7,__myl_ResTraResSliRepRes_0xc9f73409107decab95699693f5f53538_com
40091761920,11456,5950,8,1,1,16,8,1,17,0.000,0.000,,,,,Orin (0),1,,20,__myl_ResMulMea_0xa004b8b1aee1c828801c9405f41c9d8a_com_vec
40091778848,17728,5951,64,1,1,256,1,1,26,0.000,0.000,,,,,Orin (0),1,,20,__myl_AddSqrDivMulMulTraSliSliNegConMulMulAddResSliRepResTraRes_0x4ad536b524b3f7a2415d97f02da12733_com
40091804672,11616,5953,16,1,1,16,8,1,17,0.000,0.000,,,,,Orin (0),1,,7,__myl_ResMulMea_0xae152563f1149376365003f94aabf3c4_com_vec
40091823328,14976,5954,64,1,1,256,1,1,26,0.000,0.000,,,,,Orin (0),1,,7,__myl_AddSqrDivMulMulTraSliSliNegConMulMulAddRes_0x6acc4948abd0f5b32a0e9f68913929b0_com
40091847552,21952,5956,1,16,1,128,1,1,254,0.000,0.049,,,,,Orin (0),1,,7,_gemm_mha_v2_0xb1de950b39aeff343f8e5a6b250b0cff
40091876352,177440,5962,1,16,1,128,1,1,124,0.000,0.074,,,,,Orin (0),1,,7,sm80_xmma_gemm_f16f16_f16f16_f16_nn_n_tilesize128x64x64_stage3_warpsize2x2x1_tensor16x8x16_fused
40092059264,13824,5963,8,1,1,128,1,1,18,0.000,0.000,,,,,Orin (0),1,,7,__myl_MulMeaAddSqrDivMulMul_0xecca72c958a3414a0b497095c432af2e_com_vec
40092077216,236576,5966,12,1,1,128,1,1,151,0.049,0.033,,,,,Orin (0),1,,7,trt_ampere_h16816gemm_256x64_ldg8_tn_v1
40092321792,237024,5969,12,1,1,128,1,1,151,0.049,0.033,,,,,Orin (0),1,,20,trt_ampere_h16816gemm_256x64_ldg8_tn_v1
40092565568,15296,5972,48,1,1,256,1,1,16,0.000,0.000,,,,,Orin (0),1,,7,__myl_NegExpAddDivMulMul_0x35e9fa130a3939e5b59c6ddbd0568b35_com_vec
40092584896,258528,5978,1,16,1,128,1,1,124,0.000,0.074,,,,,Orin (0),1,,7,sm80_xmma_gemm_f16f16_f16f16_f16_nn_n_tilesize128x64x64_stage3_warpsize2x2x1_tensor16x8x16_fused
40092850784,14784,5979,8,1,1,128,1,1,18,0.000,0.000,,,,,Orin (0),1,,7,__myl_MulMeaAddSqrDivMulMul_0x7950617bc96f544a93cba59dd9f0896c_com_vec
40092869664,301632,5981,16,1,1,128,1,1,151,0.049,0.033,,,,,Orin (0),1,,7,trt_ampere_h16816gemm_256x64_ldg8_tn_v1
40093179552,15168,5983,64,1,1,256,1,1,16,0.000,0.000,,,,,Orin (0),1,,7,__myl_ResTraResSliRepRes_0xc9f73409107decab95699693f5f53538_com
40093202816,12032,5985,8,1,1,16,8,1,17,0.000,0.000,,,,,Orin (0),1,,20,__myl_ResMulMea_0xa004b8b1aee1c828801c9405f41c9d8a_com_vec
40093221920,18656,5986,64,1,1,256,1,1,26,0.000,0.000,,,,,Orin (0),1,,20,__myl_AddSqrDivMulMulTraSliSliNegConMulMulAddResSliRepResTraRes_0x4ad536b524b3f7a2415d97f02da12733_com
40093247328,12224,5988,16,1,1,16,8,1,17,0.000,0.000,,,,,Orin (0),1,,7,__myl_ResMulMea_0xae152563f1149376365003f94aabf3c4_com_vec
40093265024,14944,5989,64,1,1,256,1,1,26,0.000,0.000,,,,,Orin (0),1,,7,__myl_AddSqrDivMulMulTraSliSliNegConMulMulAddRes_0x6acc4948abd0f5b32a0e9f68913929b0_com
40093289248,21440,5991,1,16,1,128,1,1,254,0.000,0.049,,,,,Orin (0),1,,7,_gemm_mha_v2_0xb1de950b39aeff343f8e5a6b250b0cff
40093317472,174656,5997,1,16,1,128,1,1,124,0.000,0.074,,,,,Orin (0),1,,7,sm80_xmma_gemm_f16f16_f16f16_f16_nn_n_tilesize128x64x64_stage3_warpsize2x2x1_tensor16x8x16_fused
40093499360,14208,5998,8,1,1,128,1,1,18,0.000,0.000,,,,,Orin (0),1,,7,__myl_MulMeaAddSqrDivMulMul_0xecca72c958a3414a0b497095c432af2e_com_vec
40093517824,237664,6001,12,1,1,128,1,1,151,0.049,0.033,,,,,Orin (0),1,,7,trt_ampere_h16816gemm_256x64_ldg8_tn_v1
40093765696,236704,6004,12,1,1,128,1,1,151,0.049,0.033,,,,,Orin (0),1,,20,trt_ampere_h16816gemm_256x64_ldg8_tn_v1
40094008352,15360,6007,48,1,1,256,1,1,16,0.000,0.000,,,,,Orin (0),1,,7,__myl_NegExpAddDivMulMul_0x35e9fa130a3939e5b59c6ddbd0568b35_com_vec
40094027680,256128,6013,1,16,1,128,1,1,124,0.000,0.074,,,,,Orin (0),1,,7,sm80_xmma_gemm_f16f16_f16f16_f16_nn_n_tilesize128x64x64_stage3_warpsize2x2x1_tensor16x8x16_fused
40094290592,14688,6014,8,1,1,128,1,1,18,0.000,0.000,,,,,Orin (0),1,,7,__myl_MulMeaAddSqrDivMulMul_0x7950617bc96f544a93cba59dd9f0896c_com_vec
40094313440,301216,6016,16,1,1,128,1,1,151,0.049,0.033,,,,,Orin (0),1,,7,trt_ampere_h16816gemm_256x64_ldg8_tn_v1
40094622816,14976,6018,64,1,1,256,1,1,16,0.000,0.000,,,,,Orin (0),1,,7,__myl_ResTraResSliRepRes_0xc9f73409107decab95699693f5f53538_com
40094646016,11136,6020,8,1,1,16,8,1,17,0.000,0.000,,,,,Orin (0),1,,20,__myl_ResMulMea_0xa004b8b1aee1c828801c9405f41c9d8a_com_vec
40094663904,18720,6021,64,1,1,256,1,1,26,0.000,0.000,,,,,Orin (0),1,,20,__myl_AddSqrDivMulMulTraSliSliNegConMulMulAddResSliRepResTraRes_0x4ad536b524b3f7a2415d97f02da12733_com
40094689248,11520,6023,16,1,1,16,8,1,17,0.000,0.000,,,,,Orin (0),1,,7,__myl_ResMulMea_0xae152563f1149376365003f94aabf3c4_com_vec
40094707424,14464,6024,64,1,1,256,1,1,26,0.000,0.000,,,,,Orin (0),1,,7,__myl_AddSqrDivMulMulTraSliSliNegConMulMulAddRes_0x6acc4948abd0f5b32a0e9f68913929b0_com
40094727104,21664,6026,1,16,1,128,1,1,254,0.000,0.049,,,,,Orin (0),1,,7,_gemm_mha_v2_0xb1de950b39aeff343f8e5a6b250b0cff
40094755584,174592,6032,1,16,1,128,1,1,124,0.000,0.074,,,,,Orin (0),1,,7,sm80_xmma_gemm_f16f16_f16f16_f16_nn_n_tilesize128x64x64_stage3_warpsize2x2x1_tensor16x8x16_fused
40094934464,14176,6033,8,1,1,128,1,1,18,0.000,0.000,,,,,Orin (0),1,,7,__myl_MulMeaAddSqrDivMulMul_0xecca72c958a3414a0b497095c432af2e_com_vec
40094952704,236480,6036,12,1,1,128,1,1,151,0.049,0.033,,,,,Orin (0),1,,7,trt_ampere_h16816gemm_256x64_ldg8_tn_v1
40095199456,235616,6039,12,1,1,128,1,1,151,0.049,0.033,,,,,Orin (0),1,,20,trt_ampere_h16816gemm_256x64_ldg8_tn_v1
40095441792,14976,6042,48,1,1,256,1,1,16,0.000,0.000,,,,,Orin (0),1,,7,__myl_NegExpAddDivMulMul_0x35e9fa130a3939e5b59c6ddbd0568b35_com_vec
40095460992,251552,6048,1,16,1,128,1,1,124,0.000,0.074,,,,,Orin (0),1,,7,sm80_xmma_gemm_f16f16_f16f16_f16_nn_n_tilesize128x64x64_stage3_warpsize2x2x1_tensor16x8x16_fused
40095716704,13888,6049,8,1,1,128,1,1,18,0.000,0.000,,,,,Orin (0),1,,7,__myl_MulMeaAddSqrDivMulMul_0x7950617bc96f544a93cba59dd9f0896c_com_vec
40095736096,301344,6051,16,1,1,128,1,1,151,0.049,0.033,,,,,Orin (0),1,,7,trt_ampere_h16816gemm_256x64_ldg8_tn_v1
40096041792,15072,6053,64,1,1,256,1,1,16,0.000,0.000,,,,,Orin (0),1,,7,__myl_ResTraResSliRepRes_0xc9f73409107decab95699693f5f53538_com
40096065024,11232,6055,8,1,1,16,8,1,17,0.000,0.000,,,,,Orin (0),1,,20,__myl_ResMulMea_0xa004b8b1aee1c828801c9405f41c9d8a_com_vec
40096083136,18496,6056,64,1,1,256,1,1,26,0.000,0.000,,,,,Orin (0),1,,20,__myl_AddSqrDivMulMulTraSliSliNegConMulMulAddResSliRepResTraRes_0x4ad536b524b3f7a2415d97f02da12733_com
40096110048,11680,6058,16,1,1,16,8,1,17,0.000,0.000,,,,,Orin (0),1,,7,__myl_ResMulMea_0xae152563f1149376365003f94aabf3c4_com_vec
40096128672,14432,6059,64,1,1,256,1,1,26,0.000,0.000,,,,,Orin (0),1,,7,__myl_AddSqrDivMulMulTraSliSliNegConMulMulAddRes_0x6acc4948abd0f5b32a0e9f68913929b0_com
40096148224,22752,6061,1,16,1,128,1,1,254,0.000,0.049,,,,,Orin (0),1,,7,_gemm_mha_v2_0xb1de950b39aeff343f8e5a6b250b0cff
40096176896,173984,6067,1,16,1,128,1,1,124,0.000,0.074,,,,,Orin (0),1,,7,sm80_xmma_gemm_f16f16_f16f16_f16_nn_n_tilesize128x64x64_stage3_warpsize2x2x1_tensor16x8x16_fused
40096355072,14080,6068,8,1,1,128,1,1,18,0.000,0.000,,,,,Orin (0),1,,7,__myl_MulMeaAddSqrDivMulMul_0xecca72c958a3414a0b497095c432af2e_com_vec
40096373120,237312,6071,12,1,1,128,1,1,151,0.049,0.033,,,,,Orin (0),1,,7,trt_ampere_h16816gemm_256x64_ldg8_tn_v1
40096618464,237952,6074,12,1,1,128,1,1,151,0.049,0.033,,,,,Orin (0),1,,20,trt_ampere_h16816gemm_256x64_ldg8_tn_v1
40096860800,15136,6077,48,1,1,256,1,1,16,0.000,0.000,,,,,Orin (0),1,,7,__myl_NegExpAddDivMulMul_0x35e9fa130a3939e5b59c6ddbd0568b35_com_vec
40096881792,246784,6083,1,16,1,128,1,1,124,0.000,0.074,,,,,Orin (0),1,,7,sm80_xmma_gemm_f16f16_f16f16_f16_nn_n_tilesize128x64x64_stage3_warpsize2x2x1_tensor16x8x16_fused
40097133824,14208,6084,8,1,1,128,1,1,18,0.000,0.000,,,,,Orin (0),1,,7,__myl_MulMeaAddSqrDivMulMul_0x7950617bc96f544a93cba59dd9f0896c_com_vec
40097152320,301952,6086,16,1,1,128,1,1,151,0.049,0.033,,,,,Orin (0),1,,7,trt_ampere_h16816gemm_256x64_ldg8_tn_v1
40097461504,15776,6088,64,1,1,256,1,1,16,0.000,0.000,,,,,Orin (0),1,,7,__myl_ResTraResSliRepRes_0xc9f73409107decab95699693f5f53538_com
40097485888,11744,6090,8,1,1,16,8,1,17,0.000,0.000,,,,,Orin (0),1,,20,__myl_ResMulMea_0xa004b8b1aee1c828801c9405f41c9d8a_com_vec
40097504896,18400,6091,64,1,1,256,1,1,26,0.000,0.000,,,,,Orin (0),1,,20,__myl_AddSqrDivMulMulTraSliSliNegConMulMulAddResSliRepResTraRes_0x4ad536b524b3f7a2415d97f02da12733_com
40097531168,11872,6093,16,1,1,16,8,1,17,0.000,0.000,,,,,Orin (0),1,,7,__myl_ResMulMea_0xae152563f1149376365003f94aabf3c4_com_vec
40097549920,14976,6094,64,1,1,256,1,1,26,0.000,0.000,,,,,Orin (0),1,,7,__myl_AddSqrDivMulMulTraSliSliNegConMulMulAddRes_0x6acc4948abd0f5b32a0e9f68913929b0_com
40097574048,22592,6096,1,16,1,128,1,1,254,0.000,0.049,,,,,Orin (0),1,,7,_gemm_mha_v2_0xb1de950b39aeff343f8e5a6b250b0cff
40097602240,171840,6102,1,16,1,128,1,1,124,0.000,0.074,,,,,Orin (0),1,,7,sm80_xmma_gemm_f16f16_f16f16_f16_nn_n_tilesize128x64x64_stage3_warpsize2x2x1_tensor16x8x16_fused
40097778144,13824,6103,8,1,1,128,1,1,18,0.000,0.000,,,,,Orin (0),1,,7,__myl_MulMeaAddSqrDivMulMul_0xecca72c958a3414a0b497095c432af2e_com_vec
40097796000,237824,6106,12,1,1,128,1,1,151,0.049,0.033,,,,,Orin (0),1,,7,trt_ampere_h16816gemm_256x64_ldg8_tn_v1
40098044032,237408,6109,12,1,1,128,1,1,151,0.049,0.033,,,,,Orin (0),1,,20,trt_ampere_h16816gemm_256x64_ldg8_tn_v1
40098288128,16064,6112,48,1,1,256,1,1,16,0.000,0.000,,,,,Orin (0),1,,7,__myl_NegExpAddDivMulMul_0x35e9fa130a3939e5b59c6ddbd0568b35_com_vec
40098312448,243168,6118,1,16,1,128,1,1,124,0.000,0.074,,,,,Orin (0),1,,7,sm80_xmma_gemm_f16f16_f16f16_f16_nn_n_tilesize128x64x64_stage3_warpsize2x2x1_tensor16x8x16_fused
40098563776,13952,6119,8,1,1,128,1,1,18,0.000,0.000,,,,,Orin (0),1,,7,__myl_MulMeaAddSqrDivMulMul_0x7950617bc96f544a93cba59dd9f0896c_com_vec
40098581792,303296,6121,16,1,1,128,1,1,151,0.049,0.033,,,,,Orin (0),1,,7,trt_ampere_h16816gemm_256x64_ldg8_tn_v1
40098891712,14784,6123,64,1,1,256,1,1,16,0.000,0.000,,,,,Orin (0),1,,7,__myl_ResTraResSliRepRes_0xc9f73409107decab95699693f5f53538_com
40098914464,10944,6125,8,1,1,16,8,1,17,0.000,0.000,,,,,Orin (0),1,,20,__myl_ResMulMea_0xa004b8b1aee1c828801c9405f41c9d8a_com_vec
40098933824,18528,6126,64,1,1,256,1,1,26,0.000,0.000,,,,,Orin (0),1,,20,__myl_AddSqrDivMulMulTraSliSliNegConMulMulAddResSliRepResTraRes_0x4ad536b524b3f7a2415d97f02da12733_com
40098959040,12128,6128,16,1,1,16,8,1,17,0.000,0.000,,,,,Orin (0),1,,7,__myl_ResMulMea_0xae152563f1149376365003f94aabf3c4_com_vec
40098977920,14112,6129,64,1,1,256,1,1,26,0.000,0.000,,,,,Orin (0),1,,7,__myl_AddSqrDivMulMulTraSliSliNegConMulMulAddRes_0x6acc4948abd0f5b32a0e9f68913929b0_com
40098997344,22016,6131,1,16,1,128,1,1,254,0.000,0.049,,,,,Orin (0),1,,7,_gemm_mha_v2_0xb1de950b39aeff343f8e5a6b250b0cff
40099026144,173824,6137,1,16,1,128,1,1,124,0.000,0.074,,,,,Orin (0),1,,7,sm80_xmma_gemm_f16f16_f16f16_f16_nn_n_tilesize128x64x64_stage3_warpsize2x2x1_tensor16x8x16_fused
40099204160,13760,6138,8,1,1,128,1,1,18,0.000,0.000,,,,,Orin (0),1,,7,__myl_MulMeaAddSqrDivMulMul_0xecca72c958a3414a0b497095c432af2e_com_vec
40099221920,235776,6141,12,1,1,128,1,1,151,0.049,0.033,,,,,Orin (0),1,,7,trt_ampere_h16816gemm_256x64_ldg8_tn_v1
40099469344,235232,6144,12,1,1,128,1,1,151,0.049,0.033,,,,,Orin (0),1,,20,trt_ampere_h16816gemm_256x64_ldg8_tn_v1
40099710272,15264,6147,48,1,1,256,1,1,16,0.000,0.000,,,,,Orin (0),1,,7,__myl_NegExpAddDivMulMul_0x35e9fa130a3939e5b59c6ddbd0568b35_com_vec
40099729568,240416,6153,1,16,1,128,1,1,124,0.000,0.074,,,,,Orin (0),1,,7,sm80_xmma_gemm_f16f16_f16f16_f16_nn_n_tilesize128x64x64_stage3_warpsize2x2x1_tensor16x8x16_fused
40099975584,13792,6154,8,1,1,128,1,1,18,0.000,0.000,,,,,Orin (0),1,,7,__myl_MulMeaAddSqrDivMulMul_0x7950617bc96f544a93cba59dd9f0896c_com_vec
40099993344,301184,6156,16,1,1,128,1,1,151,0.049,0.033,,,,,Orin (0),1,,7,trt_ampere_h16816gemm_256x64_ldg8_tn_v1
40100302816,14880,6158,64,1,1,256,1,1,16,0.000,0.000,,,,,Orin (0),1,,7,__myl_ResTraResSliRepRes_0xc9f73409107decab95699693f5f53538_com
40100325696,11168,6160,8,1,1,16,8,1,17,0.000,0.000,,,,,Orin (0),1,,20,__myl_ResMulMea_0xa004b8b1aee1c828801c9405f41c9d8a_com_vec
40100343648,18560,6161,64,1,1,256,1,1,26,0.000,0.000,,,,,Orin (0),1,,20,__myl_AddSqrDivMulMulTraSliSliNegConMulMulAddResSliRepResTraRes_0x4ad536b524b3f7a2415d97f02da12733_com
40100368800,11424,6163,16,1,1,16,8,1,17,0.000,0.000,,,,,Orin (0),1,,7,__myl_ResMulMea_0xae152563f1149376365003f94aabf3c4_com_vec
40100386912,13984,6164,64,1,1,256,1,1,26,0.000,0.000,,,,,Orin (0),1,,7,__myl_AddSqrDivMulMulTraSliSliNegConMulMulAddRes_0x6acc4948abd0f5b32a0e9f68913929b0_com
40100406144,21504,6166,1,16,1,128,1,1,254,0.000,0.049,,,,,Orin (0),1,,7,_gemm_mha_v2_0xb1de950b39aeff343f8e5a6b250b0cff
40100434688,166304,6172,1,16,1,128,1,1,124,0.000,0.074,,,,,Orin (0),1,,7,sm80_xmma_gemm_f16f16_f16f16_f16_nn_n_tilesize128x64x64_stage3_warpsize2x2x1_tensor16x8x16_fused
40100607552,14112,6173,8,1,1,128,1,1,18,0.000,0.000,,,,,Orin (0),1,,7,__myl_MulMeaAddSqrDivMulMul_0xecca72c958a3414a0b497095c432af2e_com_vec
40100625696,236800,6176,12,1,1,128,1,1,151,0.049,0.033,,,,,Orin (0),1,,7,trt_ampere_h16816gemm_256x64_ldg8_tn_v1
40100872704,238656,6179,12,1,1,128,1,1,151,0.049,0.033,,,,,Orin (0),1,,20,trt_ampere_h16816gemm_256x64_ldg8_tn_v1
40101119456,15936,6182,48,1,1,256,1,1,16,0.000,0.000,,,,,Orin (0),1,,7,__myl_NegExpAddDivMulMul_0x35e9fa130a3939e5b59c6ddbd0568b35_com_vec
40101143552,237728,6188,1,16,1,128,1,1,124,0.000,0.074,,,,,Orin (0),1,,7,sm80_xmma_gemm_f16f16_f16f16_f16_nn_n_tilesize128x64x64_stage3_warpsize2x2x1_tensor16x8x16_fused
40101385376,13792,6189,8,1,1,128,1,1,18,0.000,0.000,,,,,Orin (0),1,,7,__myl_MulMeaAddSqrDivMulMul_0x7950617bc96f544a93cba59dd9f0896c_com_vec
40101403232,301056,6191,16,1,1,128,1,1,151,0.049,0.033,,,,,Orin (0),1,,7,trt_ampere_h16816gemm_256x64_ldg8_tn_v1
40101712448,14912,6193,64,1,1,256,1,1,16,0.000,0.000,,,,,Orin (0),1,,7,__myl_ResTraResSliRepRes_0xc9f73409107decab95699693f5f53538_com
40101735360,11232,6195,8,1,1,16,8,1,17,0.000,0.000,,,,,Orin (0),1,,20,__myl_ResMulMea_0xa004b8b1aee1c828801c9405f41c9d8a_com_vec
40101753344,18912,6196,64,1,1,256,1,1,26,0.000,0.000,,,,,Orin (0),1,,20,__myl_AddSqrDivMulMulTraSliSliNegConMulMulAddResSliRepResTraRes_0x4ad536b524b3f7a2415d97f02da12733_com
40101778944,12288,6198,16,1,1,16,8,1,17,0.000,0.000,,,,,Orin (0),1,,7,__myl_ResMulMea_0xae152563f1149376365003f94aabf3c4_com_vec
40101796800,13888,6199,64,1,1,256,1,1,26,0.000,0.000,,,,,Orin (0),1,,7,__myl_AddSqrDivMulMulTraSliSliNegConMulMulAddRes_0x6acc4948abd0f5b32a0e9f68913929b0_com
40101815904,22496,6201,1,16,1,128,1,1,254,0.000,0.049,,,,,Orin (0),1,,7,_gemm_mha_v2_0xb1de950b39aeff343f8e5a6b250b0cff
40101843904,166656,6207,1,16,1,128,1,1,124,0.000,0.074,,,,,Orin (0),1,,7,sm80_xmma_gemm_f16f16_f16f16_f16_nn_n_tilesize128x64x64_stage3_warpsize2x2x1_tensor16x8x16_fused
40102017344,13952,6208,8,1,1,128,1,1,18,0.000,0.000,,,,,Orin (0),1,,7,__myl_MulMeaAddSqrDivMulMul_0xecca72c958a3414a0b497095c432af2e_com_vec
40102035264,235840,6211,12,1,1,128,1,1,151,0.049,0.033,,,,,Orin (0),1,,7,trt_ampere_h16816gemm_256x64_ldg8_tn_v1
40102282720,236928,6214,12,1,1,128,1,1,151,0.049,0.033,,,,,Orin (0),1,,20,trt_ampere_h16816gemm_256x64_ldg8_tn_v1
40102523776,15200,6217,48,1,1,256,1,1,16,0.000,0.000,,,,,Orin (0),1,,7,__myl_NegExpAddDivMulMul_0x35e9fa130a3939e5b59c6ddbd0568b35_com_vec
40102543040,235744,6223,1,16,1,128,1,1,124,0.000,0.074,,,,,Orin (0),1,,7,sm80_xmma_gemm_f16f16_f16f16_f16_nn_n_tilesize128x64x64_stage3_warpsize2x2x1_tensor16x8x16_fused
40102782912,13824,6224,8,1,1,128,1,1,18,0.000,0.000,,,,,Orin (0),1,,7,__myl_MulMeaAddSqrDivMulMul_0x7950617bc96f544a93cba59dd9f0896c_com_vec
40102800800,300928,6226,16,1,1,128,1,1,151,0.049,0.033,,,,,Orin (0),1,,7,trt_ampere_h16816gemm_256x64_ldg8_tn_v1
40103110048,14912,6228,64,1,1,256,1,1,16,0.000,0.000,,,,,Orin (0),1,,7,__myl_ResTraResSliRepRes_0xc9f73409107decab95699693f5f53538_com
40103133024,11264,6230,8,1,1,16,8,1,17,0.000,0.000,,,,,Orin (0),1,,20,__myl_ResMulMea_0xa004b8b1aee1c828801c9405f41c9d8a_com_vec
40103150912,18784,6231,64,1,1,256,1,1,26,0.000,0.000,,,,,Orin (0),1,,20,__myl_AddSqrDivMulMulTraSliSliNegConMulMulAddResSliRepResTraRes_0x4ad536b524b3f7a2415d97f02da12733_com
40103176224,11360,6233,16,1,1,16,8,1,17,0.000,0.000,,,,,Orin (0),1,,7,__myl_ResMulMea_0xae152563f1149376365003f94aabf3c4_com_vec
40103194144,14624,6234,64,1,1,256,1,1,26,0.000,0.000,,,,,Orin (0),1,,7,__myl_AddSqrDivMulMulTraSliSliNegConMulMulAddRes_0x6acc4948abd0f5b32a0e9f68913929b0_com
40103214048,21472,6236,1,16,1,128,1,1,254,0.000,0.049,,,,,Orin (0),1,,7,_gemm_mha_v2_0xb1de950b39aeff343f8e5a6b250b0cff
40103242240,165184,6242,1,16,1,128,1,1,124,0.000,0.074,,,,,Orin (0),1,,7,sm80_xmma_gemm_f16f16_f16f16_f16_nn_n_tilesize128x64x64_stage3_warpsize2x2x1_tensor16x8x16_fused
40103414048,13728,6243,8,1,1,128,1,1,18,0.000,0.000,,,,,Orin (0),1,,7,__myl_MulMeaAddSqrDivMulMul_0xecca72c958a3414a0b497095c432af2e_com_vec
40103431808,237120,6246,12,1,1,128,1,1,151,0.049,0.033,,,,,Orin (0),1,,7,trt_ampere_h16816gemm_256x64_ldg8_tn_v1
40103676896,236672,6249,12,1,1,128,1,1,151,0.049,0.033,,,,,Orin (0),1,,20,trt_ampere_h16816gemm_256x64_ldg8_tn_v1
40103917728,14976,6252,48,1,1,256,1,1,16,0.000,0.000,,,,,Orin (0),1,,7,__myl_NegExpAddDivMulMul_0x35e9fa130a3939e5b59c6ddbd0568b35_com_vec
40103936800,236320,6258,1,16,1,128,1,1,124,0.000,0.074,,,,,Orin (0),1,,7,sm80_xmma_gemm_f16f16_f16f16_f16_nn_n_tilesize128x64x64_stage3_warpsize2x2x1_tensor16x8x16_fused
40104177120,14272,6259,8,1,1,128,1,1,18,0.000,0.000,,,,,Orin (0),1,,7,__myl_MulMeaAddSqrDivMulMul_0x7950617bc96f544a93cba59dd9f0896c_com_vec
40104195584,301376,6261,16,1,1,128,1,1,151,0.049,0.033,,,,,Orin (0),1,,7,trt_ampere_h16816gemm_256x64_ldg8_tn_v1
40104504448,14816,6263,64,1,1,256,1,1,16,0.000,0.000,,,,,Orin (0),1,,7,__myl_ResTraResSliRepRes_0xc9f73409107decab95699693f5f53538_com
40104527104,11200,6265,8,1,1,16,8,1,17,0.000,0.000,,,,,Orin (0),1,,20,__myl_ResMulMea_0xa004b8b1aee1c828801c9405f41c9d8a_com_vec
40104545152,18624,6266,64,1,1,256,1,1,26,0.000,0.000,,,,,Orin (0),1,,20,__myl_AddSqrDivMulMulTraSliSliNegConMulMulAddResSliRepResTraRes_0x4ad536b524b3f7a2415d97f02da12733_com
40104570464,12416,6268,16,1,1,16,8,1,17,0.000,0.000,,,,,Orin (0),1,,7,__myl_ResMulMea_0xae152563f1149376365003f94aabf3c4_com_vec
40104588544,14848,6269,64,1,1,256,1,1,26,0.000,0.000,,,,,Orin (0),1,,7,__myl_AddSqrDivMulMulTraSliSliNegConMulMulAddRes_0x6acc4948abd0f5b32a0e9f68913929b0_com
40104612448,22592,6271,1,16,1,128,1,1,254,0.000,0.049,,,,,Orin (0),1,,7,_gemm_mha_v2_0xb1de950b39aeff343f8e5a6b250b0cff
40104640672,165984,6277,1,16,1,128,1,1,124,0.000,0.074,,,,,Orin (0),1,,7,sm80_xmma_gemm_f16f16_f16f16_f16_nn_n_tilesize128x64x64_stage3_warpsize2x2x1_tensor16x8x16_fused
40104813344,13888,6278,8,1,1,128,1,1,18,0.000,0.000,,,,,Orin (0),1,,7,__myl_MulMeaAddSqrDivMulMul_0xecca72c958a3414a0b497095c432af2e_com_vec
40104831040,238720,6281,12,1,1,128,1,1,151,0.049,0.033,,,,,Orin (0),1,,7,trt_ampere_h16816gemm_256x64_ldg8_tn_v1
40105076000,237792,6284,12,1,1,128,1,1,151,0.049,0.033,,,,,Orin (0),1,,20,trt_ampere_h16816gemm_256x64_ldg8_tn_v1
40105317920,15328,6287,48,1,1,256,1,1,16,0.000,0.000,,,,,Orin (0),1,,7,__myl_NegExpAddDivMulMul_0x35e9fa130a3939e5b59c6ddbd0568b35_com_vec
40105337216,231968,6293,1,16,1,128,1,1,124,0.000,0.074,,,,,Orin (0),1,,7,sm80_xmma_gemm_f16f16_f16f16_f16_nn_n_tilesize128x64x64_stage3_warpsize2x2x1_tensor16x8x16_fused
40105573344,13920,6294,8,1,1,128,1,1,18,0.000,0.000,,,,,Orin (0),1,,7,__myl_MulMeaAddSqrDivMulMul_0x7950617bc96f544a93cba59dd9f0896c_com_vec
40105591296,299712,6296,16,1,1,128,1,1,151,0.049,0.033,,,,,Orin (0),1,,7,trt_ampere_h16816gemm_256x64_ldg8_tn_v1
40105895168,14912,6298,64,1,1,256,1,1,16,0.000,0.000,,,,,Orin (0),1,,7,__myl_ResTraResSliRepRes_0xc9f73409107decab95699693f5f53538_com
40105918144,11232,6300,8,1,1,16,8,1,17,0.000,0.000,,,,,Orin (0),1,,20,__myl_ResMulMea_0xa004b8b1aee1c828801c9405f41c9d8a_com_vec
40105936096,18112,6301,64,1,1,256,1,1,26,0.000,0.000,,,,,Orin (0),1,,20,__myl_AddSqrDivMulMulTraSliSliNegConMulMulAddResSliRepResTraRes_0x4ad536b524b3f7a2415d97f02da12733_com
40105961600,11328,6303,16,1,1,16,8,1,17,0.000,0.000,,,,,Orin (0),1,,7,__myl_ResMulMea_0xae152563f1149376365003f94aabf3c4_com_vec
40105979680,13856,6304,64,1,1,256,1,1,26,0.000,0.000,,,,,Orin (0),1,,7,__myl_AddSqrDivMulMulTraSliSliNegConMulMulAddRes_0x6acc4948abd0f5b32a0e9f68913929b0_com
40105998720,21536,6306,1,16,1,128,1,1,254,0.000,0.049,,,,,Orin (0),1,,7,_gemm_mha_v2_0xb1de950b39aeff343f8e5a6b250b0cff
40106027008,165536,6312,1,16,1,128,1,1,124,0.000,0.074,,,,,Orin (0),1,,7,sm80_xmma_gemm_f16f16_f16f16_f16_nn_n_tilesize128x64x64_stage3_warpsize2x2x1_tensor16x8x16_fused
40106200800,13888,6313,8,1,1,128,1,1,18,0.000,0.000,,,,,Orin (0),1,,7,__myl_MulMeaAddSqrDivMulMul_0xecca72c958a3414a0b497095c432af2e_com_vec
40106218720,236448,6316,12,1,1,128,1,1,151,0.049,0.033,,,,,Orin (0),1,,7,trt_ampere_h16816gemm_256x64_ldg8_tn_v1
40106465472,237888,6319,12,1,1,128,1,1,151,0.049,0.033,,,,,Orin (0),1,,20,trt_ampere_h16816gemm_256x64_ldg8_tn_v1
40106711584,15136,6322,48,1,1,256,1,1,16,0.000,0.000,,,,,Orin (0),1,,7,__myl_NegExpAddDivMulMul_0x35e9fa130a3939e5b59c6ddbd0568b35_com_vec
40106730688,236480,6328,1,16,1,128,1,1,124,0.000,0.074,,,,,Orin (0),1,,7,sm80_xmma_gemm_f16f16_f16f16_f16_nn_n_tilesize128x64x64_stage3_warpsize2x2x1_tensor16x8x16_fused
40106973952,13856,6329,8,1,1,128,1,1,18,0.000,0.000,,,,,Orin (0),1,,7,__myl_MulMeaAddSqrDivMulMul_0x7950617bc96f544a93cba59dd9f0896c_com_vec
40106991808,301984,6331,16,1,1,128,1,1,151,0.049,0.033,,,,,Orin (0),1,,7,trt_ampere_h16816gemm_256x64_ldg8_tn_v1
40107297728,14944,6333,64,1,1,256,1,1,16,0.000,0.000,,,,,Orin (0),1,,7,__myl_ResTraResSliRepRes_0xc9f73409107decab95699693f5f53538_com
40107320672,11168,6335,8,1,1,16,8,1,17,0.000,0.000,,,,,Orin (0),1,,20,__myl_ResMulMea_0xa004b8b1aee1c828801c9405f41c9d8a_com_vec
40107338464,18752,6336,64,1,1,256,1,1,26,0.000,0.000,,,,,Orin (0),1,,20,__myl_AddSqrDivMulMulTraSliSliNegConMulMulAddResSliRepResTraRes_0x4ad536b524b3f7a2415d97f02da12733_com
40107363904,12448,6338,16,1,1,16,8,1,17,0.000,0.000,,,,,Orin (0),1,,7,__myl_ResMulMea_0xae152563f1149376365003f94aabf3c4_com_vec
40107381920,14816,6339,64,1,1,256,1,1,26,0.000,0.000,,,,,Orin (0),1,,7,__myl_AddSqrDivMulMulTraSliSliNegConMulMulAddRes_0x6acc4948abd0f5b32a0e9f68913929b0_com
40107406016,21536,6341,1,16,1,128,1,1,254,0.000,0.049,,,,,Orin (0),1,,7,_gemm_mha_v2_0xb1de950b39aeff343f8e5a6b250b0cff
40107434240,165952,6347,1,16,1,128,1,1,124,0.000,0.074,,,,,Orin (0),1,,7,sm80_xmma_gemm_f16f16_f16f16_f16_nn_n_tilesize128x64x64_stage3_warpsize2x2x1_tensor16x8x16_fused
40107605792,14016,6348,8,1,1,128,1,1,18,0.000,0.000,,,,,Orin (0),1,,7,__myl_MulMeaAddSqrDivMulMul_0xecca72c958a3414a0b497095c432af2e_com_vec
40107623776,237312,6351,12,1,1,128,1,1,151,0.049,0.033,,,,,Orin (0),1,,7,trt_ampere_h16816gemm_256x64_ldg8_tn_v1
40107869248,237696,6354,12,1,1,128,1,1,151,0.049,0.033,,,,,Orin (0),1,,20,trt_ampere_h16816gemm_256x64_ldg8_tn_v1
40108111040,15200,6357,48,1,1,256,1,1,16,0.000,0.000,,,,,Orin (0),1,,7,__myl_NegExpAddDivMulMul_0x35e9fa130a3939e5b59c6ddbd0568b35_com_vec
40108130048,237568,6363,1,16,1,128,1,1,124,0.000,0.074,,,,,Orin (0),1,,7,sm80_xmma_gemm_f16f16_f16f16_f16_nn_n_tilesize128x64x64_stage3_warpsize2x2x1_tensor16x8x16_fused
40108373344,13792,6364,8,1,1,128,1,1,18,0.000,0.000,,,,,Orin (0),1,,7,__myl_MulMeaAddSqrDivMulMul_0x7950617bc96f544a93cba59dd9f0896c_com_vec
40108391040,301632,6366,16,1,1,128,1,1,151,0.049,0.033,,,,,Orin (0),1,,7,trt_ampere_h16816gemm_256x64_ldg8_tn_v1
40108696800,15008,6368,64,1,1,256,1,1,16,0.000,0.000,,,,,Orin (0),1,,7,__myl_ResTraResSliRepRes_0xc9f73409107decab95699693f5f53538_com
40108719872,11136,6370,8,1,1,16,8,1,17,0.000,0.000,,,,,Orin (0),1,,20,__myl_ResMulMea_0xa004b8b1aee1c828801c9405f41c9d8a_com_vec
40108737728,17216,6371,64,1,1,256,1,1,26,0.000,0.000,,,,,Orin (0),1,,20,__myl_AddSqrDivMulMulTraSliSliNegConMulMulAddResSliRepResTraRes_0x4ad536b524b3f7a2415d97f02da12733_com
40108763040,11328,6373,16,1,1,16,8,1,17,0.000,0.000,,,,,Orin (0),1,,7,__myl_ResMulMea_0xae152563f1149376365003f94aabf3c4_com_vec
40108780992,14048,6374,64,1,1,256,1,1,26,0.000,0.000,,,,,Orin (0),1,,7,__myl_AddSqrDivMulMulTraSliSliNegConMulMulAddRes_0x6acc4948abd0f5b32a0e9f68913929b0_com
40108800384,21632,6376,1,16,1,128,1,1,254,0.000,0.049,,,,,Orin (0),1,,7,_gemm_mha_v2_0xb1de950b39aeff343f8e5a6b250b0cff
40108828800,165312,6382,1,16,1,128,1,1,124,0.000,0.074,,,,,Orin (0),1,,7,sm80_xmma_gemm_f16f16_f16f16_f16_nn_n_tilesize128x64x64_stage3_warpsize2x2x1_tensor16x8x16_fused
40108999680,13888,6383,8,1,1,128,1,1,18,0.000,0.000,,,,,Orin (0),1,,7,__myl_MulMeaAddSqrDivMulMul_0xecca72c958a3414a0b497095c432af2e_com_vec
40109017600,236992,6386,12,1,1,128,1,1,151,0.049,0.033,,,,,Orin (0),1,,7,trt_ampere_h16816gemm_256x64_ldg8_tn_v1
40109264672,238240,6389,12,1,1,128,1,1,151,0.049,0.033,,,,,Orin (0),1,,20,trt_ampere_h16816gemm_256x64_ldg8_tn_v1
40109507104,15936,6392,48,1,1,256,1,1,16,0.000,0.000,,,,,Orin (0),1,,7,__myl_NegExpAddDivMulMul_0x35e9fa130a3939e5b59c6ddbd0568b35_com_vec
40109531296,234976,6398,1,16,1,128,1,1,124,0.000,0.074,,,,,Orin (0),1,,7,sm80_xmma_gemm_f16f16_f16f16_f16_nn_n_tilesize128x64x64_stage3_warpsize2x2x1_tensor16x8x16_fused
40109773024,14208,6399,8,1,1,128,1,1,18,0.000,0.000,,,,,Orin (0),1,,7,__myl_MulMeaAddSqrDivMulMul_0x7950617bc96f544a93cba59dd9f0896c_com_vec
40109791392,301216,6401,16,1,1,128,1,1,151,0.049,0.033,,,,,Orin (0),1,,7,trt_ampere_h16816gemm_256x64_ldg8_tn_v1
40110100800,15200,6403,64,1,1,256,1,1,16,0.000,0.000,,,,,Orin (0),1,,7,__myl_ResTraResSliRepRes_0xc9f73409107decab95699693f5f53538_com
40110123904,11424,6405,8,1,1,16,8,1,17,0.000,0.000,,,,,Orin (0),1,,20,__myl_ResMulMea_0xa004b8b1aee1c828801c9405f41c9d8a_com_vec
40110142016,18624,6406,64,1,1,256,1,1,26,0.000,0.000,,,,,Orin (0),1,,20,__myl_AddSqrDivMulMulTraSliSliNegConMulMulAddResSliRepResTraRes_0x4ad536b524b3f7a2415d97f02da12733_com
40110167328,12384,6408,16,1,1,16,8,1,17,0.000,0.000,,,,,Orin (0),1,,7,__myl_ResMulMea_0xae152563f1149376365003f94aabf3c4_com_vec
40110185280,13920,6409,64,1,1,256,1,1,26,0.000,0.000,,,,,Orin (0),1,,7,__myl_AddSqrDivMulMulTraSliSliNegConMulMulAddRes_0x6acc4948abd0f5b32a0e9f68913929b0_com
40110204160,22112,6411,1,16,1,128,1,1,254,0.000,0.049,,,,,Orin (0),1,,7,_gemm_mha_v2_0xb1de950b39aeff343f8e5a6b250b0cff
40110233344,164512,6417,1,16,1,128,1,1,124,0.000,0.074,,,,,Orin (0),1,,7,sm80_xmma_gemm_f16f16_f16f16_f16_nn_n_tilesize128x64x64_stage3_warpsize2x2x1_tensor16x8x16_fused
40110406016,14912,6418,8,1,1,128,1,1,18,0.000,0.000,,,,,Orin (0),1,,7,__myl_MulMeaAddSqrDivMulMul_0xecca72c958a3414a0b497095c432af2e_com_vec
40110429056,236800,6421,12,1,1,128,1,1,151,0.049,0.033,,,,,Orin (0),1,,7,trt_ampere_h16816gemm_256x64_ldg8_tn_v1
40110676096,238976,6424,12,1,1,128,1,1,151,0.049,0.033,,,,,Orin (0),1,,20,trt_ampere_h16816gemm_256x64_ldg8_tn_v1
40110921920,15840,6427,48,1,1,256,1,1,16,0.000,0.000,,,,,Orin (0),1,,7,__myl_NegExpAddDivMulMul_0x35e9fa130a3939e5b59c6ddbd0568b35_com_vec
40110945888,259808,6433,1,16,1,128,1,1,124,0.000,0.074,,,,,Orin (0),1,,7,sm80_xmma_gemm_f16f16_f16f16_f16_nn_n_tilesize128x64x64_stage3_warpsize2x2x1_tensor16x8x16_fused
40111212448,14816,6434,8,1,1,128,1,1,18,0.000,0.000,,,,,Orin (0),1,,7,__myl_MulMeaAddSqrDivMulMul_0x7950617bc96f544a93cba59dd9f0896c_com_vec
40111235488,300864,6436,16,1,1,128,1,1,151,0.049,0.033,,,,,Orin (0),1,,7,trt_ampere_h16816gemm_256x64_ldg8_tn_v1
40111540480,15008,6438,64,1,1,256,1,1,16,0.000,0.000,,,,,Orin (0),1,,7,__myl_ResTraResSliRepRes_0xc9f73409107decab95699693f5f53538_com
40111563552,11296,6440,8,1,1,16,8,1,17,0.000,0.000,,,,,Orin (0),1,,20,__myl_ResMulMea_0xa004b8b1aee1c828801c9405f41c9d8a_com_vec
40111581504,18880,6441,64,1,1,256,1,1,26,0.000,0.000,,,,,Orin (0),1,,20,__myl_AddSqrDivMulMulTraSliSliNegConMulMulAddResSliRepResTraRes_0x4ad536b524b3f7a2415d97f02da12733_com
40111607008,12320,6443,16,1,1,16,8,1,17,0.000,0.000,,,,,Orin (0),1,,7,__myl_ResMulMea_0xae152563f1149376365003f94aabf3c4_com_vec
40111625024,14976,6444,64,1,1,256,1,1,26,0.000,0.000,,,,,Orin (0),1,,7,__myl_AddSqrDivMulMulTraSliSliNegConMulMulAddRes_0x6acc4948abd0f5b32a0e9f68913929b0_com
40111649248,22016,6446,1,16,1,128,1,1,254,0.000,0.049,,,,,Orin (0),1,,7,_gemm_mha_v2_0xb1de950b39aeff343f8e5a6b250b0cff
40111678016,178976,6452,1,16,1,128,1,1,124,0.000,0.074,,,,,Orin (0),1,,7,sm80_xmma_gemm_f16f16_f16f16_f16_nn_n_tilesize128x64x64_stage3_warpsize2x2x1_tensor16x8x16_fused
40111860896,14016,6453,8,1,1,128,1,1,18,0.000,0.000,,,,,Orin (0),1,,7,__myl_MulMeaAddSqrDivMulMul_0xecca72c958a3414a0b497095c432af2e_com_vec
40111878944,235968,6456,12,1,1,128,1,1,151,0.049,0.033,,,,,Orin (0),1,,7,trt_ampere_h16816gemm_256x64_ldg8_tn_v1
40112122912,236160,6459,12,1,1,128,1,1,151,0.049,0.033,,,,,Orin (0),1,,20,trt_ampere_h16816gemm_256x64_ldg8_tn_v1
40112365696,15776,6462,48,1,1,256,1,1,16,0.000,0.000,,,,,Orin (0),1,,7,__myl_NegExpAddDivMulMul_0x35e9fa130a3939e5b59c6ddbd0568b35_com_vec
40112385568,257056,6468,1,16,1,128,1,1,124,0.000,0.074,,,,,Orin (0),1,,7,sm80_xmma_gemm_f16f16_f16f16_f16_nn_n_tilesize128x64x64_stage3_warpsize2x2x1_tensor16x8x16_fused
40112646688,13824,6469,8,1,1,128,1,1,18,0.000,0.000,,,,,Orin (0),1,,7,__myl_MulMeaAddSqrDivMulMul_0x7950617bc96f544a93cba59dd9f0896c_com_vec
40112664576,302176,6471,16,1,1,128,1,1,151,0.049,0.033,,,,,Orin (0),1,,7,trt_ampere_h16816gemm_256x64_ldg8_tn_v1
40112974944,14848,6473,64,1,1,256,1,1,16,0.000,0.000,,,,,Orin (0),1,,7,__myl_ResTraResSliRepRes_0xc9f73409107decab95699693f5f53538_com
40112997920,11328,6475,8,1,1,16,8,1,17,0.000,0.000,,,,,Orin (0),1,,20,__myl_ResMulMea_0xa004b8b1aee1c828801c9405f41c9d8a_com_vec
40113016000,18784,6476,64,1,1,256,1,1,26,0.000,0.000,,,,,Orin (0),1,,20,__myl_AddSqrDivMulMulTraSliSliNegConMulMulAddResSliRepResTraRes_0x4ad536b524b3f7a2415d97f02da12733_com
40113041504,12416,6478,16,1,1,16,8,1,17,0.000,0.000,,,,,Orin (0),1,,7,__myl_ResMulMea_0xae152563f1149376365003f94aabf3c4_com_vec
40113059456,13856,6479,64,1,1,256,1,1,26,0.000,0.000,,,,,Orin (0),1,,7,__myl_AddSqrDivMulMulTraSliSliNegConMulMulAddRes_0x6acc4948abd0f5b32a0e9f68913929b0_com
40113078464,21504,6481,1,16,1,128,1,1,254,0.000,0.049,,,,,Orin (0),1,,7,_gemm_mha_v2_0xb1de950b39aeff343f8e5a6b250b0cff
40113106592,164832,6487,1,16,1,128,1,1,124,0.000,0.074,,,,,Orin (0),1,,7,sm80_xmma_gemm_f16f16_f16f16_f16_nn_n_tilesize128x64x64_stage3_warpsize2x2x1_tensor16x8x16_fused
40113273952,11008,6488,8,1,1,128,1,1,18,0.000,0.000,,,,,Orin (0),1,,7,__myl_MulMeaAddSqrDivMulMul_0xecca72c958a3414a0b497095c432af2e_com_vec
40113289216,156096,6491,12,1,1,128,1,1,151,0.049,0.033,,,,,Orin (0),1,,7,trt_ampere_h16816gemm_256x64_ldg8_tn_v1
40113450464,153664,6494,12,1,1,128,1,1,151,0.049,0.033,,,,,Orin (0),1,,20,trt_ampere_h16816gemm_256x64_ldg8_tn_v1
40113609216,12384,6497,48,1,1,256,1,1,16,0.000,0.000,,,,,Orin (0),1,,7,__myl_NegExpAddDivMulMul_0x35e9fa130a3939e5b59c6ddbd0568b35_com_vec
40113625024,202624,6503,1,16,1,128,1,1,124,0.000,0.074,,,,,Orin (0),1,,7,sm80_xmma_gemm_f16f16_f16f16_f16_nn_n_tilesize128x64x64_stage3_warpsize2x2x1_tensor16x8x16_fused
40113830176,11232,6504,8,1,1,128,1,1,18,0.000,0.000,,,,,Orin (0),1,,7,__myl_MulMeaAddSqrDivMulMul_0x7950617bc96f544a93cba59dd9f0896c_com_vec
40113845600,163872,6506,16,1,1,128,1,1,151,0.049,0.033,,,,,Orin (0),1,,7,trt_ampere_h16816gemm_256x64_ldg8_tn_v1
40114014656,12224,6508,64,1,1,256,1,1,16,0.000,0.000,,,,,Orin (0),1,,7,__myl_ResTraResSliRepRes_0xc9f73409107decab95699693f5f53538_com
40114034688,9312,6510,8,1,1,16,8,1,17,0.000,0.000,,,,,Orin (0),1,,20,__myl_ResMulMea_0xa004b8b1aee1c828801c9405f41c9d8a_com_vec
40114049152,15008,6511,64,1,1,256,1,1,26,0.000,0.000,,,,,Orin (0),1,,20,__myl_AddSqrDivMulMulTraSliSliNegConMulMulAddResSliRepResTraRes_0x4ad536b524b3f7a2415d97f02da12733_com
40114069344,9312,6513,16,1,1,16,8,1,17,0.000,0.000,,,,,Orin (0),1,,7,__myl_ResMulMea_0xae152563f1149376365003f94aabf3c4_com_vec
40114081056,12896,6514,64,1,1,256,1,1,26,0.000,0.000,,,,,Orin (0),1,,7,__myl_AddSqrDivMulMulTraSliSliNegConMulMulAddRes_0x6acc4948abd0f5b32a0e9f68913929b0_com
40114097568,20032,6516,1,16,1,128,1,1,254,0.000,0.049,,,,,Orin (0),1,,7,_gemm_mha_v2_0xb1de950b39aeff343f8e5a6b250b0cff
40114122816,135872,6522,1,16,1,128,1,1,124,0.000,0.074,,,,,Orin (0),1,,7,sm80_xmma_gemm_f16f16_f16f16_f16_nn_n_tilesize128x64x64_stage3_warpsize2x2x1_tensor16x8x16_fused
40114262720,7936,6523,8,1,1,128,1,1,18,0.000,0.000,,,,,Orin (0),1,,7,__myl_MulMeaAddSqrDivMulMul_0xecca72c958a3414a0b497095c432af2e_com_vec
40114274688,112864,6526,12,1,1,128,1,1,151,0.049,0.033,,,,,Orin (0),1,,7,trt_ampere_h16816gemm_256x64_ldg8_tn_v1
40114391584,111168,6529,12,1,1,128,1,1,151,0.049,0.033,,,,,Orin (0),1,,20,trt_ampere_h16816gemm_256x64_ldg8_tn_v1
40114507744,8160,6532,48,1,1,256,1,1,16,0.000,0.000,,,,,Orin (0),1,,7,__myl_NegExpAddDivMulMul_0x35e9fa130a3939e5b59c6ddbd0568b35_com_vec
40114520064,126176,6538,1,16,1,128,1,1,124,0.000,0.074,,,,,Orin (0),1,,7,sm80_xmma_gemm_f16f16_f16f16_f16_nn_n_tilesize128x64x64_stage3_warpsize2x2x1_tensor16x8x16_fused
40114649472,7840,6539,8,1,1,128,1,1,18,0.000,0.000,,,,,Orin (0),1,,7,__myl_MulMeaAddSqrDivMulMul_0x7950617bc96f544a93cba59dd9f0896c_com_vec
40114661440,148384,6541,16,1,1,128,1,1,151,0.049,0.033,,,,,Orin (0),1,,7,trt_ampere_h16816gemm_256x64_ldg8_tn_v1
40114812128,7904,6543,64,1,1,256,1,1,16,0.000,0.000,,,,,Orin (0),1,,7,__myl_ResTraResSliRepRes_0xc9f73409107decab95699693f5f53538_com
40114823968,6336,6545,8,1,1,16,8,1,17,0.000,0.000,,,,,Orin (0),1,,20,__myl_ResMulMea_0xa004b8b1aee1c828801c9405f41c9d8a_com_vec
40114832640,9632,6546,64,1,1,256,1,1,26,0.000,0.000,,,,,Orin (0),1,,20,__myl_AddSqrDivMulMulTraSliSliNegConMulMulAddResSliRepResTraRes_0x4ad536b524b3f7a2415d97f02da12733_com
40114846400,6912,6548,16,1,1,16,8,1,17,0.000,0.000,,,,,Orin (0),1,,7,__myl_ResMulMea_0xae152563f1149376365003f94aabf3c4_com_vec
40114858368,7040,6549,64,1,1,256,1,1,26,0.000,0.000,,,,,Orin (0),1,,7,__myl_AddSqrDivMulMulTraSliSliNegConMulMulAddRes_0x6acc4948abd0f5b32a0e9f68913929b0_com
40114871232,10048,6551,1,16,1,128,1,1,254,0.000,0.049,,,,,Orin (0),1,,7,_gemm_mha_v2_0xb1de950b39aeff343f8e5a6b250b0cff
40114886432,87232,6557,1,16,1,128,1,1,124,0.000,0.074,,,,,Orin (0),1,,7,sm80_xmma_gemm_f16f16_f16f16_f16_nn_n_tilesize128x64x64_stage3_warpsize2x2x1_tensor16x8x16_fused
40114976000,8000,6558,8,1,1,128,1,1,18,0.000,0.000,,,,,Orin (0),1,,7,__myl_MulMeaAddSqrDivMulMul_0xecca72c958a3414a0b497095c432af2e_com_vec
40114988032,111360,6561,12,1,1,128,1,1,151,0.049,0.033,,,,,Orin (0),1,,7,trt_ampere_h16816gemm_256x64_ldg8_tn_v1
40115104192,110656,6564,12,1,1,128,1,1,151,0.049,0.033,,,,,Orin (0),1,,20,trt_ampere_h16816gemm_256x64_ldg8_tn_v1
40115219840,8288,6567,48,1,1,256,1,1,16,0.000,0.000,,,,,Orin (0),1,,7,__myl_NegExpAddDivMulMul_0x35e9fa130a3939e5b59c6ddbd0568b35_com_vec
40115232288,123872,6573,1,16,1,128,1,1,124,0.000,0.074,,,,,Orin (0),1,,7,sm80_xmma_gemm_f16f16_f16f16_f16_nn_n_tilesize128x64x64_stage3_warpsize2x2x1_tensor16x8x16_fused
40115358528,7968,6574,8,1,1,128,1,1,18,0.000,0.000,,,,,Orin (0),1,,7,__myl_MulMeaAddSqrDivMulMul_0x7950617bc96f544a93cba59dd9f0896c_com_vec
40115370528,142368,6576,16,1,1,128,1,1,151,0.049,0.033,,,,,Orin (0),1,,7,trt_ampere_h16816gemm_256x64_ldg8_tn_v1
40115515296,7936,6578,64,1,1,256,1,1,16,0.000,0.000,,,,,Orin (0),1,,7,__myl_ResTraResSliRepRes_0xc9f73409107decab95699693f5f53538_com
40115527328,6016,6580,8,1,1,16,8,1,17,0.000,0.000,,,,,Orin (0),1,,20,__myl_ResMulMea_0xa004b8b1aee1c828801c9405f41c9d8a_com_vec
40115535712,9408,6581,64,1,1,256,1,1,26,0.000,0.000,,,,,Orin (0),1,,20,__myl_AddSqrDivMulMulTraSliSliNegConMulMulAddResSliRepResTraRes_0x4ad536b524b3f7a2415d97f02da12733_com
40115549216,6208,6583,16,1,1,16,8,1,17,0.000,0.000,,,,,Orin (0),1,,7,__myl_ResMulMea_0xae152563f1149376365003f94aabf3c4_com_vec
40115557728,6976,6584,64,1,1,256,1,1,26,0.000,0.000,,,,,Orin (0),1,,7,__myl_AddSqrDivMulMulTraSliSliNegConMulMulAddRes_0x6acc4948abd0f5b32a0e9f68913929b0_com
40115570400,9984,6586,1,16,1,128,1,1,254,0.000,0.049,,,,,Orin (0),1,,7,_gemm_mha_v2_0xb1de950b39aeff343f8e5a6b250b0cff
40115585440,86208,6592,1,16,1,128,1,1,124,0.000,0.074,,,,,Orin (0),1,,7,sm80_xmma_gemm_f16f16_f16f16_f16_nn_n_tilesize128x64x64_stage3_warpsize2x2x1_tensor16x8x16_fused
40115676544,7808,6593,8,1,1,128,1,1,18,0.000,0.000,,,,,Orin (0),1,,7,__myl_MulMeaAddSqrDivMulMul_0xecca72c958a3414a0b497095c432af2e_com_vec
40115688448,109888,6596,12,1,1,128,1,1,151,0.049,0.033,,,,,Orin (0),1,,7,trt_ampere_h16816gemm_256x64_ldg8_tn_v1
40115805920,110304,6599,12,1,1,128,1,1,151,0.049,0.033,,,,,Orin (0),1,,20,trt_ampere_h16816gemm_256x64_ldg8_tn_v1
40115921184,8288,6602,48,1,1,256,1,1,16,0.000,0.000,,,,,Orin (0),1,,7,__myl_NegExpAddDivMulMul_0x35e9fa130a3939e5b59c6ddbd0568b35_com_vec
40115933632,121856,6608,1,16,1,128,1,1,124,0.000,0.074,,,,,Orin (0),1,,7,sm80_xmma_gemm_f16f16_f16f16_f16_nn_n_tilesize128x64x64_stage3_warpsize2x2x1_tensor16x8x16_fused
40116057760,7904,6609,8,1,1,128,1,1,18,0.000,0.000,,,,,Orin (0),1,,7,__myl_MulMeaAddSqrDivMulMul_0x7950617bc96f544a93cba59dd9f0896c_com_vec
40116069760,143200,6611,16,1,1,128,1,1,151,0.049,0.033,,,,,Orin (0),1,,7,trt_ampere_h16816gemm_256x64_ldg8_tn_v1
40116215232,8000,6613,64,1,1,256,1,1,16,0.000,0.000,,,,,Orin (0),1,,7,__myl_ResTraResSliRepRes_0xc9f73409107decab95699693f5f53538_com
40116227392,6176,6615,8,1,1,16,8,1,17,0.000,0.000,,,,,Orin (0),1,,20,__myl_ResMulMea_0xa004b8b1aee1c828801c9405f41c9d8a_com_vec
40116236000,9312,6616,64,1,1,256,1,1,26,0.000,0.000,,,,,Orin (0),1,,20,__myl_AddSqrDivMulMulTraSliSliNegConMulMulAddResSliRepResTraRes_0x4ad536b524b3f7a2415d97f02da12733_com
40116249408,6912,6618,16,1,1,16,8,1,17,0.000,0.000,,,,,Orin (0),1,,7,__myl_ResMulMea_0xae152563f1149376365003f94aabf3c4_com_vec
40116261248,7008,6619,64,1,1,256,1,1,26,0.000,0.000,,,,,Orin (0),1,,7,__myl_AddSqrDivMulMulTraSliSliNegConMulMulAddRes_0x6acc4948abd0f5b32a0e9f68913929b0_com
40116274048,10048,6621,1,16,1,128,1,1,254,0.000,0.049,,,,,Orin (0),1,,7,_gemm_mha_v2_0xb1de950b39aeff343f8e5a6b250b0cff
40116289088,85632,6627,1,16,1,128,1,1,124,0.000,0.074,,,,,Orin (0),1,,7,sm80_xmma_gemm_f16f16_f16f16_f16_nn_n_tilesize128x64x64_stage3_warpsize2x2x1_tensor16x8x16_fused
40116379712,7872,6628,8,1,1,128,1,1,18,0.000,0.000,,,,,Orin (0),1,,7,__myl_MulMeaAddSqrDivMulMul_0xecca72c958a3414a0b497095c432af2e_com_vec
40116391648,109792,6631,12,1,1,128,1,1,151,0.049,0.033,,,,,Orin (0),1,,7,trt_ampere_h16816gemm_256x64_ldg8_tn_v1
40116508864,111072,6634,12,1,1,128,1,1,151,0.049,0.033,,,,,Orin (0),1,,20,trt_ampere_h16816gemm_256x64_ldg8_tn_v1
40116623968,8320,6637,48,1,1,256,1,1,16,0.000,0.000,,,,,Orin (0),1,,7,__myl_NegExpAddDivMulMul_0x35e9fa130a3939e5b59c6ddbd0568b35_com_vec
40116636608,119232,6643,1,16,1,128,1,1,124,0.000,0.074,,,,,Orin (0),1,,7,sm80_xmma_gemm_f16f16_f16f16_f16_nn_n_tilesize128x64x64_stage3_warpsize2x2x1_tensor16x8x16_fused
40116759200,7872,6644,8,1,1,128,1,1,18,0.000,0.000,,,,,Orin (0),1,,7,__myl_MulMeaAddSqrDivMulMul_0x7950617bc96f544a93cba59dd9f0896c_com_vec
40116771104,142400,6646,16,1,1,128,1,1,151,0.049,0.033,,,,,Orin (0),1,,7,trt_ampere_h16816gemm_256x64_ldg8_tn_v1
40116918656,7744,6648,64,1,1,256,1,1,16,0.000,0.000,,,,,Orin (0),1,,7,__myl_ResTraResSliRepRes_0xc9f73409107decab95699693f5f53538_com
40116930400,6144,6650,8,1,1,16,8,1,17,0.000,0.000,,,,,Orin (0),1,,20,__myl_ResMulMea_0xa004b8b1aee1c828801c9405f41c9d8a_com_vec
40116939008,9472,6651,64,1,1,256,1,1,26,0.000,0.000,,,,,Orin (0),1,,20,__myl_AddSqrDivMulMulTraSliSliNegConMulMulAddResSliRepResTraRes_0x4ad536b524b3f7a2415d97f02da12733_com
40116952640,6272,6653,16,1,1,16,8,1,17,0.000,0.000,,,,,Orin (0),1,,7,__myl_ResMulMea_0xae152563f1149376365003f94aabf3c4_com_vec
40116961312,7264,6654,64,1,1,256,1,1,26,0.000,0.000,,,,,Orin (0),1,,7,__myl_AddSqrDivMulMulTraSliSliNegConMulMulAddRes_0x6acc4948abd0f5b32a0e9f68913929b0_com
40116974464,10400,6656,1,16,1,128,1,1,254,0.000,0.049,,,,,Orin (0),1,,7,_gemm_mha_v2_0xb1de950b39aeff343f8e5a6b250b0cff
40116989984,84544,6662,1,16,1,128,1,1,124,0.000,0.074,,,,,Orin (0),1,,7,sm80_xmma_gemm_f16f16_f16f16_f16_nn_n_tilesize128x64x64_stage3_warpsize2x2x1_tensor16x8x16_fused
40117077952,8000,6663,8,1,1,128,1,1,18,0.000,0.000,,,,,Orin (0),1,,7,__myl_MulMeaAddSqrDivMulMul_0xecca72c958a3414a0b497095c432af2e_com_vec
40117090176,109920,6666,12,1,1,128,1,1,151,0.049,0.033,,,,,Orin (0),1,,7,trt_ampere_h16816gemm_256x64_ldg8_tn_v1
40117204320,108928,6669,12,1,1,128,1,1,151,0.049,0.033,,,,,Orin (0),1,,20,trt_ampere_h16816gemm_256x64_ldg8_tn_v1
40117315520,8640,6672,48,1,1,256,1,1,16,0.000,0.000,,,,,Orin (0),1,,7,__myl_NegExpAddDivMulMul_0x35e9fa130a3939e5b59c6ddbd0568b35_com_vec
40117326496,115840,6678,1,16,1,128,1,1,124,0.000,0.074,,,,,Orin (0),1,,7,sm80_xmma_gemm_f16f16_f16f16_f16_nn_n_tilesize128x64x64_stage3_warpsize2x2x1_tensor16x8x16_fused
40118103328,640,6694,,,,,,,,,,0.000,12.500,Pageable,Device,Orin (0),1,,7,[CUDA memcpy Host-to-Device]
40118269536,640,6708,,,,,,,,,,0.000,12.500,Pageable,Device,Orin (0),1,,7,[CUDA memcpy Host-to-Device]
40118526208,6560,6720,,,,,,,,,,0.016,2497.561,Device,Device,Orin (0),1,,7,[CUDA memcpy Device-to-Device]
40118624576,5760,6732,,,,,,,,,,0.016,2844.443,Device,Device,Orin (0),1,,7,[CUDA memcpy Device-to-Device]
40118705088,4224,6744,,,,,,,,,,0.016,3878.781,Device,Device,Orin (0),1,,7,[CUDA memcpy Device-to-Device]
40118793888,5216,6756,,,,,,,,,,0.016,3141.091,Device,Device,Orin (0),1,,7,[CUDA memcpy Device-to-Device]
40118883072,4608,6768,,,,,,,,,,0.016,3555.541,Device,Device,Orin (0),1,,7,[CUDA memcpy Device-to-Device]
40118968352,4224,6780,,,,,,,,,,0.016,3878.781,Device,Device,Orin (0),1,,7,[CUDA memcpy Device-to-Device]
40119043136,4224,6792,,,,,,,,,,0.016,3878.781,Device,Device,Orin (0),1,,7,[CUDA memcpy Device-to-Device]
40119118304,5024,6804,,,,,,,,,,0.016,3261.137,Device,Device,Orin (0),1,,7,[CUDA memcpy Device-to-Device]
40119199360,4704,6816,,,,,,,,,,0.016,3482.993,Device,Device,Orin (0),1,,7,[CUDA memcpy Device-to-Device]
40119284384,4352,6828,,,,,,,,,,0.016,3764.699,Device,Device,Orin (0),1,,7,[CUDA memcpy Device-to-Device]
40119363968,4288,6840,,,,,,,,,,0.016,3820.880,Device,Device,Orin (0),1,,7,[CUDA memcpy Device-to-Device]
40119445696,5024,6852,,,,,,,,,,0.016,3261.137,Device,Device,Orin (0),1,,7,[CUDA memcpy Device-to-Device]
40119526560,4608,6864,,,,,,,,,,0.016,3555.541,Device,Device,Orin (0),1,,7,[CUDA memcpy Device-to-Device]
40119633760,4256,6876,,,,,,,,,,0.016,3849.617,Device,Device,Orin (0),1,,7,[CUDA memcpy Device-to-Device]
40119717408,4224,6888,,,,,,,,,,0.016,3878.781,Device,Device,Orin (0),1,,7,[CUDA memcpy Device-to-Device]
40119796544,5024,6900,,,,,,,,,,0.016,3261.137,Device,Device,Orin (0),1,,7,[CUDA memcpy Device-to-Device]
40119880000,4576,6912,,,,,,,,,,0.016,3580.412,Device,Device,Orin (0),1,,7,[CUDA memcpy Device-to-Device]
40119962016,4256,6924,,,,,,,,,,0.016,3849.617,Device,Device,Orin (0),1,,7,[CUDA memcpy Device-to-Device]
40120041312,4224,6936,,,,,,,,,,0.016,3878.781,Device,Device,Orin (0),1,,7,[CUDA memcpy Device-to-Device]
40120118432,5024,6948,,,,,,,,,,0.016,3261.137,Device,Device,Orin (0),1,,7,[CUDA memcpy Device-to-Device]
40120204384,4288,6960,,,,,,,,,,0.016,3820.880,Device,Device,Orin (0),1,,7,[CUDA memcpy Device-to-Device]
40120285728,4320,6972,,,,,,,,,,0.016,3792.585,Device,Device,Orin (0),1,,7,[CUDA memcpy Device-to-Device]
40120368384,4288,6984,,,,,,,,,,0.016,3820.880,Device,Device,Orin (0),1,,7,[CUDA memcpy Device-to-Device]
40120468032,4256,6996,,,,,,,,,,0.016,3849.617,Device,Device,Orin (0),1,,7,[CUDA memcpy Device-to-Device]
40120562560,4256,7008,,,,,,,,,,0.016,3849.617,Device,Device,Orin (0),1,,7,[CUDA memcpy Device-to-Device]
40120650528,4256,7020,,,,,,,,,,0.016,3849.617,Device,Device,Orin (0),1,,7,[CUDA memcpy Device-to-Device]
40120731584,4256,7032,,,,,,,,,,0.016,3849.617,Device,Device,Orin (0),1,,7,[CUDA memcpy Device-to-Device]
40120808800,4288,7044,,,,,,,,,,0.016,3820.880,Device,Device,Orin (0),1,,7,[CUDA memcpy Device-to-Device]
40120904256,4256,7056,,,,,,,,,,0.016,3849.617,Device,Device,Orin (0),1,,7,[CUDA memcpy Device-to-Device]
40121000320,4256,7068,,,,,,,,,,0.016,3849.617,Device,Device,Orin (0),1,,7,[CUDA memcpy Device-to-Device]
40121095296,4224,7080,,,,,,,,,,0.016,3878.781,Device,Device,Orin (0),1,,7,[CUDA memcpy Device-to-Device]
40121196704,5504,7092,,,,,,,,,,0.016,2976.743,Device,Device,Orin (0),1,,7,[CUDA memcpy Device-to-Device]
40121287936,4224,7104,,,,,,,,,,0.016,3878.781,Device,Device,Orin (0),1,,7,[CUDA memcpy Device-to-Device]
40121387328,4224,7116,,,,,,,,,,0.016,3878.781,Device,Device,Orin (0),1,,7,[CUDA memcpy Device-to-Device]
40121468352,4224,7128,,,,,,,,,,0.016,3878.781,Device,Device,Orin (0),1,,7,[CUDA memcpy Device-to-Device]
40121556128,5440,7140,,,,,,,,,,0.016,3011.756,Device,Device,Orin (0),1,,7,[CUDA memcpy Device-to-Device]
40121653120,4320,7152,,,,,,,,,,0.016,3792.585,Device,Device,Orin (0),1,,7,[CUDA memcpy Device-to-Device]
40121743488,4256,7164,,,,,,,,,,0.016,3849.617,Device,Device,Orin (0),1,,7,[CUDA memcpy Device-to-Device]
40121830336,4256,7176,,,,,,,,,,0.016,3849.617,Device,Device,Orin (0),1,,7,[CUDA memcpy Device-to-Device]
40121910624,5664,7188,,,,,,,,,,0.016,2892.644,Device,Device,Orin (0),1,,7,[CUDA memcpy Device-to-Device]
40121991296,4256,7200,,,,,,,,,,0.016,3849.617,Device,Device,Orin (0),1,,7,[CUDA memcpy Device-to-Device]
40122092064,4672,7212,,,,,,,,,,0.016,3506.848,Device,Device,Orin (0),1,,7,[CUDA memcpy Device-to-Device]
40122188672,4288,7224,,,,,,,,,,0.016,3820.880,Device,Device,Orin (0),1,,7,[CUDA memcpy Device-to-Device]
40122277952,5504,7236,,,,,,,,,,0.016,2976.743,Device,Device,Orin (0),1,,7,[CUDA memcpy Device-to-Device]
40122362080,4864,7248,,,,,,,,,,0.016,3368.419,Device,Device,Orin (0),1,,7,[CUDA memcpy Device-to-Device]
40122454368,4736,7260,,,,,,,,,,0.016,3459.449,Device,Device,Orin (0),1,,7,[CUDA memcpy Device-to-Device]
40122545312,4416,7272,,,,,,,,,,0.016,3710.140,Device,Device,Orin (0),1,,7,[CUDA memcpy Device-to-Device]
40122632224,5568,7284,,,,,,,,,,0.016,2942.517,Device,Device,Orin (0),1,,7,[CUDA memcpy Device-to-Device]
40122718944,4704,7296,,,,,,,,,,0.016,3482.993,Device,Device,Orin (0),1,,7,[CUDA memcpy Device-to-Device]
40122805216,4672,7308,,,,,,,,,,0.016,3506.848,Device,Device,Orin (0),1,,7,[CUDA memcpy Device-to-Device]
40122906560,4704,7320,,,,,,,,,,0.016,3482.993,Device,Device,Orin (0),1,,7,[CUDA memcpy Device-to-Device]
40122986336,4768,7332,,,,,,,,,,0.016,3436.233,Device,Device,Orin (0),1,,7,[CUDA memcpy Device-to-Device]
40123070272,4736,7344,,,,,,,,,,0.016,3459.449,Device,Device,Orin (0),1,,7,[CUDA memcpy Device-to-Device]
40123153472,4640,7356,,,,,,,,,,0.016,3531.031,Device,Device,Orin (0),1,,7,[CUDA memcpy Device-to-Device]
40123256960,4544,7368,,,,,,,,,,0.016,3605.627,Device,Device,Orin (0),1,,7,[CUDA memcpy Device-to-Device]
40123354880,4672,7380,,,,,,,,,,0.016,3506.848,Device,Device,Orin (0),1,,7,[CUDA memcpy Device-to-Device]
40124363328,10272,7398,1,1,1,256,1,1,32,0.000,0.000,,,,,Orin (0),1,,7,__myl_CasGat_0xdee2c73dd5d0e0fe099a0774cba2143f
40129704960,9568,8013,1,1,1,256,1,1,32,0.000,0.000,,,,,Orin (0),1,,7,__myl_CasGat_0xdee2c73dd5d0e0fe099a0774cba2143f
40133676704,8928,8018,1,1,1,128,1,1,21,0.000,0.000,,,,,Orin (0),1,,7,__myl_MovMulMeaAddSqrDivMulMul_0x2a5532526e8c57d9427ed6b89bda5183
40133687872,154816,8019,1,128,1,128,1,1,50,0.000,0.049,,,,,Orin (0),1,,7,sm80_xmma_gemm_f16f16_f16f16_f16_tn_n_tilesize32x32x64_stage6_warpsize2x2x1_tensor16x8x16_execute_kernel_trt
40133844960,10368,8020,72,1,1,256,1,1,16,0.000,0.000,,,,,Orin (0),1,,7,__myl_MovResConResRep_0xeb90291bbf009f8413c8500b92afa70a_com
40133857600,7040,8021,8,1,1,128,1,1,16,0.000,0.000,,,,,Orin (0),1,,7,__myl_MovResMulMea_0x8729692710be644f17c7f997918851be
40133866912,5536,8022,16,1,1,128,1,1,16,0.000,0.000,,,,,Orin (0),1,,7,__myl_MovResMulMea_0x61ec5b9962acde3fddf5628b2e6fd459
40133874752,13184,8023,72,1,1,256,1,1,29,0.000,0.000,,,,,Orin (0),1,,7,__myl_CasResMulConSinResCosResAddSqrAddSqrDivMulDivMulMulResSliSliNegConMulMulAddConResRepResTraEtc_0x3beb58e4cd3dae3f69eebdbcbcc43980_com
40133889920,15072,8024,1,1,16,128,1,1,92,0.000,0.049,,,,,Orin (0),1,,7,sm80_xmma_gemm_f16f16_f16f32_f32_nn_n_tilesize32x32x64_stage6_warpsize2x2x1_tensor16x8x16_aligna2_alignc2_execute_kernel_trt
40133907328,7392,8025,16,1,1,128,1,1,18,0.000,0.000,,,,,Orin (0),1,,7,__myl_MulMaxSubExpSumDivMul_0x1108f5a078d6e65507c06537b9b2e43f_com
40133917024,26272,8028,1,1,16,128,1,1,242,0.000,0.061,,,,,Orin (0),1,,7,sm80_xmma_gemm_f16f16_f16f32_f32_nn_n_tilesize64x128x32_stage5_warpsize2x2x1_tensor16x8x16_aligna2_alignc2_execute_kernel_trt
40133956416,75328,8030,16,1,1,128,1,1,82,0.049,0.033,,,,,Orin (0),1,,7,trt_ampere_h16816gemm_64x64_ldg8_relu_stages_64x5_nn_v1
40134033984,6656,8031,1,1,1,128,1,1,21,0.000,0.000,,,,,Orin (0),1,,7,__myl_MulMeaAddSqrDivMulMul_0x8548fa9a57c713be1fdaa27c95458b99
40134050912,113248,8032,1,96,1,128,1,1,54,0.000,0.049,,,,,Orin (0),1,,7,sm80_xmma_gemm_f16f16_f16f32_f32_tn_n_tilesize32x32x64_stage6_warpsize2x2x1_tensor16x8x16_execute_kernel_trt
40134285792,119040,8036,1,96,1,128,1,1,54,0.000,0.049,,,,,Orin (0),1,,7,sm80_xmma_gemm_f16f16_f16f16_f16_tn_n_tilesize32x32x64_stage6_warpsize2x2x1_tensor16x8x16_fused
40134454688,105536,8042,1,16,1,128,1,1,94,0.000,0.066,,,,,Orin (0),1,,7,sm80_xmma_gemm_f16f16_f16f16_f16_nn_n_tilesize64x64x64_stage4_warpsize2x2x1_tensor16x8x16_fused
40134562432,6624,8043,1,1,1,128,1,1,21,0.000,0.000,,,,,Orin (0),1,,7,__myl_MulMeaAddSqrDivMulMul_0x8548fa9a57c713be1fdaa27c95458b99
40134571232,142880,8044,1,128,1,128,1,1,54,0.000,0.049,,,,,Orin (0),1,,7,sm80_xmma_gemm_f16f16_f16f32_f32_tn_n_tilesize32x32x64_stage6_warpsize2x2x1_tensor16x8x16_execute_kernel_trt
40134716416,10240,8045,72,1,1,256,1,1,16,0.000,0.000,,,,,Orin (0),1,,7,__myl_MovResConResRep_0xeb90291bbf009f8413c8500b92afa70a_com
40134728928,6336,8046,8,1,1,128,1,1,16,0.000,0.000,,,,,Orin (0),1,,7,__myl_MovResMulMea_0x8729692710be644f17c7f997918851be
40134737536,10464,8047,72,1,1,256,1,1,20,0.000,0.000,,,,,Orin (0),1,,7,__myl_AddSqrDivMulMulResSliSliNegConMulMulAddConResRepResTra_0x5aea462b6a819ceadd3ebb32874c078f_com
40134750272,5184,8048,16,1,1,128,1,1,16,0.000,0.000,,,,,Orin (0),1,,7,__myl_MovResMulMea_0x61ec5b9962acde3fddf5628b2e6fd459
40134757760,5120,8049,8,1,1,256,1,1,22,0.000,0.000,,,,,Orin (0),1,,7,__myl_AddSqrDivMulMulResSliSliNegConMulMulAdd_0xf1ba08cc3beaba8ee91b0504be9c2cf4
40134765152,14176,8050,1,1,16,128,1,1,92,0.000,0.049,,,,,Orin (0),1,,7,sm80_xmma_gemm_f16f16_f16f32_f32_nn_n_tilesize32x32x64_stage6_warpsize2x2x1_tensor16x8x16_aligna2_alignc2_execute_kernel_trt
40134781664,5664,8051,16,1,1,128,1,1,18,0.000,0.000,,,,,Orin (0),1,,7,__myl_MulMaxSubExpSumDivMul_0x1108f5a078d6e65507c06537b9b2e43f_com
40134821312,24832,8054,1,1,16,128,1,1,242,0.000,0.061,,,,,Orin (0),1,,7,sm80_xmma_gemm_f16f16_f16f32_f32_nn_n_tilesize64x128x32_stage5_warpsize2x2x1_tensor16x8x16_aligna2_alignc2_execute_kernel_trt
40134889472,79968,8055,1,32,1,128,1,1,54,0.000,0.049,,,,,Orin (0),1,,7,sm80_xmma_gemm_f16f16_f16f32_f32_tn_n_tilesize32x32x64_stage6_warpsize2x2x1_tensor16x8x16_execute_kernel_trt
40134971648,6784,8056,1,1,1,128,1,1,21,0.000,0.000,,,,,Orin (0),1,,7,__myl_AddMulMeaAddSqrDivMulMul_0x37f7a26fc5e98dd1cffe0df41b34ef4f
40134994400,112352,8057,1,96,1,128,1,1,54,0.000,0.049,,,,,Orin (0),1,,7,sm80_xmma_gemm_f16f16_f16f32_f32_tn_n_tilesize32x32x64_stage6_warpsize2x2x1_tensor16x8x16_execute_kernel_trt
40135173056,119360,8061,1,96,1,128,1,1,54,0.000,0.049,,,,,Orin (0),1,,7,sm80_xmma_gemm_f16f16_f16f16_f16_tn_n_tilesize32x32x64_stage6_warpsize2x2x1_tensor16x8x16_fused
40135345024,105888,8067,1,16,1,128,1,1,94,0.000,0.066,,,,,Orin (0),1,,7,sm80_xmma_gemm_f16f16_f16f16_f16_nn_n_tilesize64x64x64_stage4_warpsize2x2x1_tensor16x8x16_fused
40135453120,7040,8068,1,1,1,128,1,1,21,0.000,0.000,,,,,Orin (0),1,,7,__myl_MulMeaAddSqrDivMulMul_0x8548fa9a57c713be1fdaa27c95458b99
40135462432,141856,8069,1,128,1,128,1,1,54,0.000,0.049,,,,,Orin (0),1,,7,sm80_xmma_gemm_f16f16_f16f32_f32_tn_n_tilesize32x32x64_stage6_warpsize2x2x1_tensor16x8x16_execute_kernel_trt
40135606560,9888,8070,72,1,1,256,1,1,16,0.000,0.000,,,,,Orin (0),1,,7,__myl_MovResConResRep_0xeb90291bbf009f8413c8500b92afa70a_com
40135618720,6656,8071,8,1,1,128,1,1,16,0.000,0.000,,,,,Orin (0),1,,7,__myl_MovResMulMea_0x8729692710be644f17c7f997918851be
40135627616,10240,8072,72,1,1,256,1,1,20,0.000,0.000,,,,,Orin (0),1,,7,__myl_AddSqrDivMulMulResSliSliNegConMulMulAddConResRepResTra_0x5aea462b6a819ceadd3ebb32874c078f_com
40135640128,5088,8073,16,1,1,128,1,1,16,0.000,0.000,,,,,Orin (0),1,,7,__myl_MovResMulMea_0x61ec5b9962acde3fddf5628b2e6fd459
40135647456,5216,8074,8,1,1,256,1,1,22,0.000,0.000,,,,,Orin (0),1,,7,__myl_AddSqrDivMulMulResSliSliNegConMulMulAdd_0xf1ba08cc3beaba8ee91b0504be9c2cf4
40135654944,14112,8075,1,1,16,128,1,1,92,0.000,0.049,,,,,Orin (0),1,,7,sm80_xmma_gemm_f16f16_f16f32_f32_nn_n_tilesize32x32x64_stage6_warpsize2x2x1_tensor16x8x16_aligna2_alignc2_execute_kernel_trt
40135671328,5568,8076,16,1,1,128,1,1,18,0.000,0.000,,,,,Orin (0),1,,7,__myl_MulMaxSubExpSumDivMul_0x1108f5a078d6e65507c06537b9b2e43f_com
40135726400,24896,8079,1,1,16,128,1,1,242,0.000,0.061,,,,,Orin (0),1,,7,sm80_xmma_gemm_f16f16_f16f32_f32_nn_n_tilesize64x128x32_stage5_warpsize2x2x1_tensor16x8x16_aligna2_alignc2_execute_kernel_trt
40135793184,79392,8080,1,32,1,128,1,1,54,0.000,0.049,,,,,Orin (0),1,,7,sm80_xmma_gemm_f16f16_f16f32_f32_tn_n_tilesize32x32x64_stage6_warpsize2x2x1_tensor16x8x16_execute_kernel_trt
40135874816,6784,8081,1,1,1,128,1,1,21,0.000,0.000,,,,,Orin (0),1,,7,__myl_AddMulMeaAddSqrDivMulMul_0x37f7a26fc5e98dd1cffe0df41b34ef4f
40135893696,112224,8082,1,96,1,128,1,1,54,0.000,0.049,,,,,Orin (0),1,,7,sm80_xmma_gemm_f16f16_f16f32_f32_tn_n_tilesize32x32x64_stage6_warpsize2x2x1_tensor16x8x16_execute_kernel_trt
40136071456,117824,8086,1,96,1,128,1,1,54,0.000,0.049,,,,,Orin (0),1,,7,sm80_xmma_gemm_f16f16_f16f16_f16_tn_n_tilesize32x32x64_stage6_warpsize2x2x1_tensor16x8x16_fused
40136254304,105664,8092,1,16,1,128,1,1,94,0.000,0.066,,,,,Orin (0),1,,7,sm80_xmma_gemm_f16f16_f16f16_f16_nn_n_tilesize64x64x64_stage4_warpsize2x2x1_tensor16x8x16_fused
40136362208,6720,8093,1,1,1,128,1,1,21,0.000,0.000,,,,,Orin (0),1,,7,__myl_MulMeaAddSqrDivMulMul_0x8548fa9a57c713be1fdaa27c95458b99
40136371456,142080,8094,1,128,1,128,1,1,54,0.000,0.049,,,,,Orin (0),1,,7,sm80_xmma_gemm_f16f16_f16f32_f32_tn_n_tilesize32x32x64_stage6_warpsize2x2x1_tensor16x8x16_execute_kernel_trt
40136515776,10464,8095,72,1,1,256,1,1,16,0.000,0.000,,,,,Orin (0),1,,7,__myl_MovResConResRep_0xeb90291bbf009f8413c8500b92afa70a_com
40136528160,6368,8096,8,1,1,128,1,1,16,0.000,0.000,,,,,Orin (0),1,,7,__myl_MovResMulMea_0x8729692710be644f17c7f997918851be
40136536832,10144,8097,72,1,1,256,1,1,20,0.000,0.000,,,,,Orin (0),1,,7,__myl_AddSqrDivMulMulResSliSliNegConMulMulAddConResRepResTra_0x5aea462b6a819ceadd3ebb32874c078f_com
40136549280,4896,8098,16,1,1,128,1,1,16,0.000,0.000,,,,,Orin (0),1,,7,__myl_MovResMulMea_0x61ec5b9962acde3fddf5628b2e6fd459
40136556480,5248,8099,8,1,1,256,1,1,22,0.000,0.000,,,,,Orin (0),1,,7,__myl_AddSqrDivMulMulResSliSliNegConMulMulAdd_0xf1ba08cc3beaba8ee91b0504be9c2cf4
40136564032,14496,8100,1,1,16,128,1,1,92,0.000,0.049,,,,,Orin (0),1,,7,sm80_xmma_gemm_f16f16_f16f32_f32_nn_n_tilesize32x32x64_stage6_warpsize2x2x1_tensor16x8x16_aligna2_alignc2_execute_kernel_trt
40136580896,5600,8101,16,1,1,128,1,1,18,0.000,0.000,,,,,Orin (0),1,,7,__myl_MulMaxSubExpSumDivMul_0x1108f5a078d6e65507c06537b9b2e43f_com
40136597408,24608,8104,1,1,16,128,1,1,242,0.000,0.061,,,,,Orin (0),1,,7,sm80_xmma_gemm_f16f16_f16f32_f32_nn_n_tilesize64x128x32_stage5_warpsize2x2x1_tensor16x8x16_aligna2_alignc2_execute_kernel_trt
40136669152,80864,8105,1,32,1,128,1,1,54,0.000,0.049,,,,,Orin (0),1,,7,sm80_xmma_gemm_f16f16_f16f32_f32_tn_n_tilesize32x32x64_stage6_warpsize2x2x1_tensor16x8x16_execute_kernel_trt
40136752224,6880,8106,1,1,1,128,1,1,21,0.000,0.000,,,,,Orin (0),1,,7,__myl_AddMulMeaAddSqrDivMulMul_0x37f7a26fc5e98dd1cffe0df41b34ef4f
40136769792,112352,8107,1,96,1,128,1,1,54,0.000,0.049,,,,,Orin (0),1,,7,sm80_xmma_gemm_f16f16_f16f32_f32_tn_n_tilesize32x32x64_stage6_warpsize2x2x1_tensor16x8x16_execute_kernel_trt
40136950976,117760,8111,1,96,1,128,1,1,54,0.000,0.049,,,,,Orin (0),1,,7,sm80_xmma_gemm_f16f16_f16f16_f16_tn_n_tilesize32x32x64_stage6_warpsize2x2x1_tensor16x8x16_fused
40137124096,106240,8117,1,16,1,128,1,1,94,0.000,0.066,,,,,Orin (0),1,,7,sm80_xmma_gemm_f16f16_f16f16_f16_nn_n_tilesize64x64x64_stage4_warpsize2x2x1_tensor16x8x16_fused
40137232640,7072,8118,1,1,1,128,1,1,21,0.000,0.000,,,,,Orin (0),1,,7,__myl_MulMeaAddSqrDivMulMul_0x8548fa9a57c713be1fdaa27c95458b99
40137242016,142912,8119,1,128,1,128,1,1,54,0.000,0.049,,,,,Orin (0),1,,7,sm80_xmma_gemm_f16f16_f16f32_f32_tn_n_tilesize32x32x64_stage6_warpsize2x2x1_tensor16x8x16_execute_kernel_trt
40137387872,10272,8120,72,1,1,256,1,1,16,0.000,0.000,,,,,Orin (0),1,,7,__myl_MovResConResRep_0xeb90291bbf009f8413c8500b92afa70a_com
40137400480,6336,8121,8,1,1,128,1,1,16,0.000,0.000,,,,,Orin (0),1,,7,__myl_MovResMulMea_0x8729692710be644f17c7f997918851be
40137409088,10208,8122,72,1,1,256,1,1,20,0.000,0.000,,,,,Orin (0),1,,7,__myl_AddSqrDivMulMulResSliSliNegConMulMulAddConResRepResTra_0x5aea462b6a819ceadd3ebb32874c078f_com
40137421600,5536,8123,16,1,1,128,1,1,16,0.000,0.000,,,,,Orin (0),1,,7,__myl_MovResMulMea_0x61ec5b9962acde3fddf5628b2e6fd459
40137429408,5120,8124,8,1,1,256,1,1,22,0.000,0.000,,,,,Orin (0),1,,7,__myl_AddSqrDivMulMulResSliSliNegConMulMulAdd_0xf1ba08cc3beaba8ee91b0504be9c2cf4
40137436768,14464,8125,1,1,16,128,1,1,92,0.000,0.049,,,,,Orin (0),1,,7,sm80_xmma_gemm_f16f16_f16f32_f32_nn_n_tilesize32x32x64_stage6_warpsize2x2x1_tensor16x8x16_aligna2_alignc2_execute_kernel_trt
40137453568,6400,8126,16,1,1,128,1,1,18,0.000,0.000,,,,,Orin (0),1,,7,__myl_MulMaxSubExpSumDivMul_0x1108f5a078d6e65507c06537b9b2e43f_com
40137462144,24960,8129,1,1,16,128,1,1,242,0.000,0.061,,,,,Orin (0),1,,7,sm80_xmma_gemm_f16f16_f16f32_f32_nn_n_tilesize64x128x32_stage5_warpsize2x2x1_tensor16x8x16_aligna2_alignc2_execute_kernel_trt
40137529344,79392,8130,1,32,1,128,1,1,54,0.000,0.049,,,,,Orin (0),1,,7,sm80_xmma_gemm_f16f16_f16f32_f32_tn_n_tilesize32x32x64_stage6_warpsize2x2x1_tensor16x8x16_execute_kernel_trt
40137610976,6784,8131,1,1,1,128,1,1,21,0.000,0.000,,,,,Orin (0),1,,7,__myl_AddMulMeaAddSqrDivMulMul_0x37f7a26fc5e98dd1cffe0df41b34ef4f
40137630688,113120,8132,1,96,1,128,1,1,54,0.000,0.049,,,,,Orin (0),1,,7,sm80_xmma_gemm_f16f16_f16f32_f32_tn_n_tilesize32x32x64_stage6_warpsize2x2x1_tensor16x8x16_execute_kernel_trt
40137805696,118848,8136,1,96,1,128,1,1,54,0.000,0.049,,,,,Orin (0),1,,7,sm80_xmma_gemm_f16f16_f16f16_f16_tn_n_tilesize32x32x64_stage6_warpsize2x2x1_tensor16x8x16_fused
40137970400,106016,8142,1,16,1,128,1,1,94,0.000,0.066,,,,,Orin (0),1,,7,sm80_xmma_gemm_f16f16_f16f16_f16_nn_n_tilesize64x64x64_stage4_warpsize2x2x1_tensor16x8x16_fused
40138078656,7200,8143,1,1,1,128,1,1,21,0.000,0.000,,,,,Orin (0),1,,7,__myl_MulMeaAddSqrDivMulMul_0x8548fa9a57c713be1fdaa27c95458b99
40138088928,141984,8144,1,128,1,128,1,1,54,0.000,0.049,,,,,Orin (0),1,,7,sm80_xmma_gemm_f16f16_f16f32_f32_tn_n_tilesize32x32x64_stage6_warpsize2x2x1_tensor16x8x16_execute_kernel_trt
40138233120,9568,8145,72,1,1,256,1,1,16,0.000,0.000,,,,,Orin (0),1,,7,__myl_MovResConResRep_0xeb90291bbf009f8413c8500b92afa70a_com
40138244960,6560,8146,8,1,1,128,1,1,16,0.000,0.000,,,,,Orin (0),1,,7,__myl_MovResMulMea_0x8729692710be644f17c7f997918851be
40138253824,10336,8147,72,1,1,256,1,1,20,0.000,0.000,,,,,Orin (0),1,,7,__myl_AddSqrDivMulMulResSliSliNegConMulMulAddConResRepResTra_0x5aea462b6a819ceadd3ebb32874c078f_com
40138266496,4800,8148,16,1,1,128,1,1,16,0.000,0.000,,,,,Orin (0),1,,7,__myl_MovResMulMea_0x61ec5b9962acde3fddf5628b2e6fd459
40138273568,5504,8149,8,1,1,256,1,1,22,0.000,0.000,,,,,Orin (0),1,,7,__myl_AddSqrDivMulMulResSliSliNegConMulMulAdd_0xf1ba08cc3beaba8ee91b0504be9c2cf4
40138281312,14400,8150,1,1,16,128,1,1,92,0.000,0.049,,,,,Orin (0),1,,7,sm80_xmma_gemm_f16f16_f16f32_f32_nn_n_tilesize32x32x64_stage6_warpsize2x2x1_tensor16x8x16_aligna2_alignc2_execute_kernel_trt
40138297952,5920,8151,16,1,1,128,1,1,18,0.000,0.000,,,,,Orin (0),1,,7,__myl_MulMaxSubExpSumDivMul_0x1108f5a078d6e65507c06537b9b2e43f_com
40138306144,24640,8154,1,1,16,128,1,1,242,0.000,0.061,,,,,Orin (0),1,,7,sm80_xmma_gemm_f16f16_f16f32_f32_nn_n_tilesize64x128x32_stage5_warpsize2x2x1_tensor16x8x16_aligna2_alignc2_execute_kernel_trt
40138347744,78752,8155,1,32,1,128,1,1,54,0.000,0.049,,,,,Orin (0),1,,7,sm80_xmma_gemm_f16f16_f16f32_f32_tn_n_tilesize32x32x64_stage6_warpsize2x2x1_tensor16x8x16_execute_kernel_trt
40138428736,6784,8156,1,1,1,128,1,1,21,0.000,0.000,,,,,Orin (0),1,,7,__myl_AddMulMeaAddSqrDivMulMul_0x37f7a26fc5e98dd1cffe0df41b34ef4f
40138459008,112544,8157,1,96,1,128,1,1,54,0.000,0.049,,,,,Orin (0),1,,7,sm80_xmma_gemm_f16f16_f16f32_f32_tn_n_tilesize32x32x64_stage6_warpsize2x2x1_tensor16x8x16_execute_kernel_trt
40138638656,116960,8161,1,96,1,128,1,1,54,0.000,0.049,,,,,Orin (0),1,,7,sm80_xmma_gemm_f16f16_f16f16_f16_tn_n_tilesize32x32x64_stage6_warpsize2x2x1_tensor16x8x16_fused
40138804096,106336,8167,1,16,1,128,1,1,94,0.000,0.066,,,,,Orin (0),1,,7,sm80_xmma_gemm_f16f16_f16f16_f16_nn_n_tilesize64x64x64_stage4_warpsize2x2x1_tensor16x8x16_fused
40138912640,6720,8168,1,1,1,128,1,1,21,0.000,0.000,,,,,Orin (0),1,,7,__myl_MulMeaAddSqrDivMulMul_0x8548fa9a57c713be1fdaa27c95458b99
40138921664,144256,8169,1,128,1,128,1,1,54,0.000,0.049,,,,,Orin (0),1,,7,sm80_xmma_gemm_f16f16_f16f32_f32_tn_n_tilesize32x32x64_stage6_warpsize2x2x1_tensor16x8x16_execute_kernel_trt
40139068160,9408,8170,72,1,1,256,1,1,16,0.000,0.000,,,,,Orin (0),1,,7,__myl_MovResConResRep_0xeb90291bbf009f8413c8500b92afa70a_com
40139080256,7136,8171,8,1,1,128,1,1,16,0.000,0.000,,,,,Orin (0),1,,7,__myl_MovResMulMea_0x8729692710be644f17c7f997918851be
40139089760,10176,8172,72,1,1,256,1,1,20,0.000,0.000,,,,,Orin (0),1,,7,__myl_AddSqrDivMulMulResSliSliNegConMulMulAddConResRepResTra_0x5aea462b6a819ceadd3ebb32874c078f_com
40139102240,4896,8173,16,1,1,128,1,1,16,0.000,0.000,,,,,Orin (0),1,,7,__myl_MovResMulMea_0x61ec5b9962acde3fddf5628b2e6fd459
40139109408,5088,8174,8,1,1,256,1,1,22,0.000,0.000,,,,,Orin (0),1,,7,__myl_AddSqrDivMulMulResSliSliNegConMulMulAdd_0xf1ba08cc3beaba8ee91b0504be9c2cf4
40139116832,14176,8175,1,1,16,128,1,1,92,0.000,0.049,,,,,Orin (0),1,,7,sm80_xmma_gemm_f16f16_f16f32_f32_nn_n_tilesize32x32x64_stage6_warpsize2x2x1_tensor16x8x16_aligna2_alignc2_execute_kernel_trt
40139133280,5664,8176,16,1,1,128,1,1,18,0.000,0.000,,,,,Orin (0),1,,7,__myl_MulMaxSubExpSumDivMul_0x1108f5a078d6e65507c06537b9b2e43f_com
40139151168,24128,8179,1,1,16,128,1,1,242,0.000,0.061,,,,,Orin (0),1,,7,sm80_xmma_gemm_f16f16_f16f32_f32_nn_n_tilesize64x128x32_stage5_warpsize2x2x1_tensor16x8x16_aligna2_alignc2_execute_kernel_trt
40139219488,80032,8180,1,32,1,128,1,1,54,0.000,0.049,,,,,Orin (0),1,,7,sm80_xmma_gemm_f16f16_f16f32_f32_tn_n_tilesize32x32x64_stage6_warpsize2x2x1_tensor16x8x16_execute_kernel_trt
40139301728,5344,8181,1,1,1,128,1,1,21,0.000,0.000,,,,,Orin (0),1,,7,__myl_AddMulMeaAddSqrDivMulMul_0x37f7a26fc5e98dd1cffe0df41b34ef4f
40139314240,112352,8182,1,96,1,128,1,1,54,0.000,0.049,,,,,Orin (0),1,,7,sm80_xmma_gemm_f16f16_f16f32_f32_tn_n_tilesize32x32x64_stage6_warpsize2x2x1_tensor16x8x16_execute_kernel_trt
40139490464,118080,8186,1,96,1,128,1,1,54,0.000,0.049,,,,,Orin (0),1,,7,sm80_xmma_gemm_f16f16_f16f16_f16_tn_n_tilesize32x32x64_stage6_warpsize2x2x1_tensor16x8x16_fused
40139715712,105408,8192,1,16,1,128,1,1,94,0.000,0.066,,,,,Orin (0),1,,7,sm80_xmma_gemm_f16f16_f16f16_f16_nn_n_tilesize64x64x64_stage4_warpsize2x2x1_tensor16x8x16_fused
40139823328,6784,8193,1,1,1,128,1,1,21,0.000,0.000,,,,,Orin (0),1,,7,__myl_MulMeaAddSqrDivMulMul_0x8548fa9a57c713be1fdaa27c95458b99
40139832448,144352,8194,1,128,1,128,1,1,54,0.000,0.049,,,,,Orin (0),1,,7,sm80_xmma_gemm_f16f16_f16f32_f32_tn_n_tilesize32x32x64_stage6_warpsize2x2x1_tensor16x8x16_execute_kernel_trt
40139979296,10112,8195,72,1,1,256,1,1,16,0.000,0.000,,,,,Orin (0),1,,7,__myl_MovResConResRep_0xeb90291bbf009f8413c8500b92afa70a_com
40139991648,6336,8196,8,1,1,128,1,1,16,0.000,0.000,,,,,Orin (0),1,,7,__myl_MovResMulMea_0x8729692710be644f17c7f997918851be
40140000256,10304,8197,72,1,1,256,1,1,20,0.000,0.000,,,,,Orin (0),1,,7,__myl_AddSqrDivMulMulResSliSliNegConMulMulAddConResRepResTra_0x5aea462b6a819ceadd3ebb32874c078f_com
40140012864,4800,8198,16,1,1,128,1,1,16,0.000,0.000,,,,,Orin (0),1,,7,__myl_MovResMulMea_0x61ec5b9962acde3fddf5628b2e6fd459
40140019968,5184,8199,8,1,1,256,1,1,22,0.000,0.000,,,,,Orin (0),1,,7,__myl_AddSqrDivMulMulResSliSliNegConMulMulAdd_0xf1ba08cc3beaba8ee91b0504be9c2cf4
40140027520,14656,8200,1,1,16,128,1,1,92,0.000,0.049,,,,,Orin (0),1,,7,sm80_xmma_gemm_f16f16_f16f32_f32_nn_n_tilesize32x32x64_stage6_warpsize2x2x1_tensor16x8x16_aligna2_alignc2_execute_kernel_trt
40140044384,6304,8201,16,1,1,128,1,1,18,0.000,0.000,,,,,Orin (0),1,,7,__myl_MulMaxSubExpSumDivMul_0x1108f5a078d6e65507c06537b9b2e43f_com
40140052864,24576,8204,1,1,16,128,1,1,242,0.000,0.061,,,,,Orin (0),1,,7,sm80_xmma_gemm_f16f16_f16f32_f32_nn_n_tilesize64x128x32_stage5_warpsize2x2x1_tensor16x8x16_aligna2_alignc2_execute_kernel_trt
40140119200,79360,8205,1,32,1,128,1,1,54,0.000,0.049,,,,,Orin (0),1,,7,sm80_xmma_gemm_f16f16_f16f32_f32_tn_n_tilesize32x32x64_stage6_warpsize2x2x1_tensor16x8x16_execute_kernel_trt
40140200800,6048,8206,1,1,1,128,1,1,21,0.000,0.000,,,,,Orin (0),1,,7,__myl_AddMulMeaAddSqrDivMulMul_0x37f7a26fc5e98dd1cffe0df41b34ef4f
40140219968,111488,8207,1,96,1,128,1,1,54,0.000,0.049,,,,,Orin (0),1,,7,sm80_xmma_gemm_f16f16_f16f32_f32_tn_n_tilesize32x32x64_stage6_warpsize2x2x1_tensor16x8x16_execute_kernel_trt
40140391744,117312,8211,1,96,1,128,1,1,54,0.000,0.049,,,,,Orin (0),1,,7,sm80_xmma_gemm_f16f16_f16f16_f16_tn_n_tilesize32x32x64_stage6_warpsize2x2x1_tensor16x8x16_fused
40140563776,105376,8217,1,16,1,128,1,1,94,0.000,0.066,,,,,Orin (0),1,,7,sm80_xmma_gemm_f16f16_f16f16_f16_nn_n_tilesize64x64x64_stage4_warpsize2x2x1_tensor16x8x16_fused
40140671392,6816,8218,1,1,1,128,1,1,21,0.000,0.000,,,,,Orin (0),1,,7,__myl_MulMeaAddSqrDivMulMul_0x8548fa9a57c713be1fdaa27c95458b99
40140680480,140736,8219,1,128,1,128,1,1,54,0.000,0.049,,,,,Orin (0),1,,7,sm80_xmma_gemm_f16f16_f16f32_f32_tn_n_tilesize32x32x64_stage6_warpsize2x2x1_tensor16x8x16_execute_kernel_trt
40140823392,9280,8220,72,1,1,256,1,1,16,0.000,0.000,,,,,Orin (0),1,,7,__myl_MovResConResRep_0xeb90291bbf009f8413c8500b92afa70a_com
40140834880,6368,8221,8,1,1,128,1,1,16,0.000,0.000,,,,,Orin (0),1,,7,__myl_MovResMulMea_0x8729692710be644f17c7f997918851be
40140843552,10560,8222,72,1,1,256,1,1,20,0.000,0.000,,,,,Orin (0),1,,7,__myl_AddSqrDivMulMulResSliSliNegConMulMulAddConResRepResTra_0x5aea462b6a819ceadd3ebb32874c078f_com
40140856128,5504,8223,16,1,1,128,1,1,16,0.000,0.000,,,,,Orin (0),1,,7,__myl_MovResMulMea_0x61ec5b9962acde3fddf5628b2e6fd459
40140863904,5152,8224,8,1,1,256,1,1,22,0.000,0.000,,,,,Orin (0),1,,7,__myl_AddSqrDivMulMulResSliSliNegConMulMulAdd_0xf1ba08cc3beaba8ee91b0504be9c2cf4
40140871328,14368,8225,1,1,16,128,1,1,92,0.000,0.049,,,,,Orin (0),1,,7,sm80_xmma_gemm_f16f16_f16f32_f32_nn_n_tilesize32x32x64_stage6_warpsize2x2x1_tensor16x8x16_aligna2_alignc2_execute_kernel_trt
40140887968,5568,8226,16,1,1,128,1,1,18,0.000,0.000,,,,,Orin (0),1,,7,__myl_MulMaxSubExpSumDivMul_0x1108f5a078d6e65507c06537b9b2e43f_com
40140919680,23904,8229,1,1,16,128,1,1,242,0.000,0.061,,,,,Orin (0),1,,7,sm80_xmma_gemm_f16f16_f16f32_f32_nn_n_tilesize64x128x32_stage5_warpsize2x2x1_tensor16x8x16_aligna2_alignc2_execute_kernel_trt
40140984864,80416,8230,1,32,1,128,1,1,54,0.000,0.049,,,,,Orin (0),1,,7,sm80_xmma_gemm_f16f16_f16f32_f32_tn_n_tilesize32x32x64_stage6_warpsize2x2x1_tensor16x8x16_execute_kernel_trt
40141067520,6112,8231,1,1,1,128,1,1,21,0.000,0.000,,,,,Orin (0),1,,7,__myl_AddMulMeaAddSqrDivMulMul_0x37f7a26fc5e98dd1cffe0df41b34ef4f
40141084672,111776,8232,1,96,1,128,1,1,54,0.000,0.049,,,,,Orin (0),1,,7,sm80_xmma_gemm_f16f16_f16f32_f32_tn_n_tilesize32x32x64_stage6_warpsize2x2x1_tensor16x8x16_execute_kernel_trt
40141262720,116832,8236,1,96,1,128,1,1,54,0.000,0.049,,,,,Orin (0),1,,7,sm80_xmma_gemm_f16f16_f16f16_f16_tn_n_tilesize32x32x64_stage6_warpsize2x2x1_tensor16x8x16_fused
40141427680,105088,8242,1,16,1,128,1,1,94,0.000,0.066,,,,,Orin (0),1,,7,sm80_xmma_gemm_f16f16_f16f16_f16_nn_n_tilesize64x64x64_stage4_warpsize2x2x1_tensor16x8x16_fused
40141535232,7808,8243,1,1,1,128,1,1,21,0.000,0.000,,,,,Orin (0),1,,7,__myl_MulMeaAddSqrDivMulMul_0x8548fa9a57c713be1fdaa27c95458b99
40141545376,141216,8244,1,128,1,128,1,1,54,0.000,0.049,,,,,Orin (0),1,,7,sm80_xmma_gemm_f16f16_f16f32_f32_tn_n_tilesize32x32x64_stage6_warpsize2x2x1_tensor16x8x16_execute_kernel_trt
40141688864,9888,8245,72,1,1,256,1,1,16,0.000,0.000,,,,,Orin (0),1,,7,__myl_MovResConResRep_0xeb90291bbf009f8413c8500b92afa70a_com
40141701024,6496,8246,8,1,1,128,1,1,16,0.000,0.000,,,,,Orin (0),1,,7,__myl_MovResMulMea_0x8729692710be644f17c7f997918851be
40141709792,10176,8247,72,1,1,256,1,1,20,0.000,0.000,,,,,Orin (0),1,,7,__myl_AddSqrDivMulMulResSliSliNegConMulMulAddConResRepResTra_0x5aea462b6a819ceadd3ebb32874c078f_com
40141722240,4832,8248,16,1,1,128,1,1,16,0.000,0.000,,,,,Orin (0),1,,7,__myl_MovResMulMea_0x61ec5b9962acde3fddf5628b2e6fd459
40141729344,5248,8249,8,1,1,256,1,1,22,0.000,0.000,,,,,Orin (0),1,,7,__myl_AddSqrDivMulMulResSliSliNegConMulMulAdd_0xf1ba08cc3beaba8ee91b0504be9c2cf4
40141736832,14656,8250,1,1,16,128,1,1,92,0.000,0.049,,,,,Orin (0),1,,7,sm80_xmma_gemm_f16f16_f16f32_f32_nn_n_tilesize32x32x64_stage6_warpsize2x2x1_tensor16x8x16_aligna2_alignc2_execute_kernel_trt
40141753760,6464,8251,16,1,1,128,1,1,18,0.000,0.000,,,,,Orin (0),1,,7,__myl_MulMaxSubExpSumDivMul_0x1108f5a078d6e65507c06537b9b2e43f_com
40141762368,24704,8254,1,1,16,128,1,1,242,0.000,0.061,,,,,Orin (0),1,,7,sm80_xmma_gemm_f16f16_f16f32_f32_nn_n_tilesize64x128x32_stage5_warpsize2x2x1_tensor16x8x16_aligna2_alignc2_execute_kernel_trt
40141827680,79008,8255,1,32,1,128,1,1,54,0.000,0.049,,,,,Orin (0),1,,7,sm80_xmma_gemm_f16f16_f16f32_f32_tn_n_tilesize32x32x64_stage6_warpsize2x2x1_tensor16x8x16_execute_kernel_trt
40141908864,6784,8256,1,1,1,128,1,1,21,0.000,0.000,,,,,Orin (0),1,,7,__myl_AddMulMeaAddSqrDivMulMul_0x37f7a26fc5e98dd1cffe0df41b34ef4f
40141928640,113440,8257,1,96,1,128,1,1,54,0.000,0.049,,,,,Orin (0),1,,7,sm80_xmma_gemm_f16f16_f16f32_f32_tn_n_tilesize32x32x64_stage6_warpsize2x2x1_tensor16x8x16_execute_kernel_trt
40142102976,116704,8261,1,96,1,128,1,1,54,0.000,0.049,,,,,Orin (0),1,,7,sm80_xmma_gemm_f16f16_f16f16_f16_tn_n_tilesize32x32x64_stage6_warpsize2x2x1_tensor16x8x16_fused
40142267808,106176,8267,1,16,1,128,1,1,94,0.000,0.066,,,,,Orin (0),1,,7,sm80_xmma_gemm_f16f16_f16f16_f16_nn_n_tilesize64x64x64_stage4_warpsize2x2x1_tensor16x8x16_fused
40142376192,6912,8268,1,1,1,128,1,1,21,0.000,0.000,,,,,Orin (0),1,,7,__myl_MulMeaAddSqrDivMulMul_0x8548fa9a57c713be1fdaa27c95458b99
40142385440,141472,8269,1,128,1,128,1,1,54,0.000,0.049,,,,,Orin (0),1,,7,sm80_xmma_gemm_f16f16_f16f32_f32_tn_n_tilesize32x32x64_stage6_warpsize2x2x1_tensor16x8x16_execute_kernel_trt
40142529088,9696,8270,72,1,1,256,1,1,16,0.000,0.000,,,,,Orin (0),1,,7,__myl_MovResConResRep_0xeb90291bbf009f8413c8500b92afa70a_com
40142540544,6560,8271,8,1,1,128,1,1,16,0.000,0.000,,,,,Orin (0),1,,7,__myl_MovResMulMea_0x8729692710be644f17c7f997918851be
40142549344,10240,8272,72,1,1,256,1,1,20,0.000,0.000,,,,,Orin (0),1,,7,__myl_AddSqrDivMulMulResSliSliNegConMulMulAddConResRepResTra_0x5aea462b6a819ceadd3ebb32874c078f_com
40142561856,5536,8273,16,1,1,128,1,1,16,0.000,0.000,,,,,Orin (0),1,,7,__myl_MovResMulMea_0x61ec5b9962acde3fddf5628b2e6fd459
40142569696,5088,8274,8,1,1,256,1,1,22,0.000,0.000,,,,,Orin (0),1,,7,__myl_AddSqrDivMulMulResSliSliNegConMulMulAdd_0xf1ba08cc3beaba8ee91b0504be9c2cf4
40142577056,14272,8275,1,1,16,128,1,1,92,0.000,0.049,,,,,Orin (0),1,,7,sm80_xmma_gemm_f16f16_f16f32_f32_nn_n_tilesize32x32x64_stage6_warpsize2x2x1_tensor16x8x16_aligna2_alignc2_execute_kernel_trt
40142593632,5568,8276,16,1,1,128,1,1,18,0.000,0.000,,,,,Orin (0),1,,7,__myl_MulMaxSubExpSumDivMul_0x1108f5a078d6e65507c06537b9b2e43f_com
40142613536,24832,8279,1,1,16,128,1,1,242,0.000,0.061,,,,,Orin (0),1,,7,sm80_xmma_gemm_f16f16_f16f32_f32_nn_n_tilesize64x128x32_stage5_warpsize2x2x1_tensor16x8x16_aligna2_alignc2_execute_kernel_trt
40142677408,79648,8280,1,32,1,128,1,1,54,0.000,0.049,,,,,Orin (0),1,,7,sm80_xmma_gemm_f16f16_f16f32_f32_tn_n_tilesize32x32x64_stage6_warpsize2x2x1_tensor16x8x16_execute_kernel_trt
40142759296,6720,8281,1,1,1,128,1,1,21,0.000,0.000,,,,,Orin (0),1,,7,__myl_AddMulMeaAddSqrDivMulMul_0x37f7a26fc5e98dd1cffe0df41b34ef4f
40142768736,112768,8282,1,96,1,128,1,1,54,0.000,0.049,,,,,Orin (0),1,,7,sm80_xmma_gemm_f16f16_f16f32_f32_tn_n_tilesize32x32x64_stage6_warpsize2x2x1_tensor16x8x16_execute_kernel_trt
40142952416,117888,8286,1,96,1,128,1,1,54,0.000,0.049,,,,,Orin (0),1,,7,sm80_xmma_gemm_f16f16_f16f16_f16_tn_n_tilesize32x32x64_stage6_warpsize2x2x1_tensor16x8x16_fused
40143121952,105696,8292,1,16,1,128,1,1,94,0.000,0.066,,,,,Orin (0),1,,7,sm80_xmma_gemm_f16f16_f16f16_f16_nn_n_tilesize64x64x64_stage4_warpsize2x2x1_tensor16x8x16_fused
40143229920,6880,8293,1,1,1,128,1,1,21,0.000,0.000,,,,,Orin (0),1,,7,__myl_MulMeaAddSqrDivMulMul_0x8548fa9a57c713be1fdaa27c95458b99
40143239072,140320,8294,1,128,1,128,1,1,54,0.000,0.049,,,,,Orin (0),1,,7,sm80_xmma_gemm_f16f16_f16f32_f32_tn_n_tilesize32x32x64_stage6_warpsize2x2x1_tensor16x8x16_execute_kernel_trt
40143381664,10016,8295,72,1,1,256,1,1,16,0.000,0.000,,,,,Orin (0),1,,7,__myl_MovResConResRep_0xeb90291bbf009f8413c8500b92afa70a_com
40143393952,6336,8296,8,1,1,128,1,1,16,0.000,0.000,,,,,Orin (0),1,,7,__myl_MovResMulMea_0x8729692710be644f17c7f997918851be
40143402624,10208,8297,72,1,1,256,1,1,20,0.000,0.000,,,,,Orin (0),1,,7,__myl_AddSqrDivMulMulResSliSliNegConMulMulAddConResRepResTra_0x5aea462b6a819ceadd3ebb32874c078f_com
40143415104,5536,8298,16,1,1,128,1,1,16,0.000,0.000,,,,,Orin (0),1,,7,__myl_MovResMulMea_0x61ec5b9962acde3fddf5628b2e6fd459
40143422912,5280,8299,8,1,1,256,1,1,22,0.000,0.000,,,,,Orin (0),1,,7,__myl_AddSqrDivMulMulResSliSliNegConMulMulAdd_0xf1ba08cc3beaba8ee91b0504be9c2cf4
40143430400,14464,8300,1,1,16,128,1,1,92,0.000,0.049,,,,,Orin (0),1,,7,sm80_xmma_gemm_f16f16_f16f32_f32_nn_n_tilesize32x32x64_stage6_warpsize2x2x1_tensor16x8x16_aligna2_alignc2_execute_kernel_trt
40143447232,5536,8301,16,1,1,128,1,1,18,0.000,0.000,,,,,Orin (0),1,,7,__myl_MulMaxSubExpSumDivMul_0x1108f5a078d6e65507c06537b9b2e43f_com
40143457600,24544,8304,1,1,16,128,1,1,242,0.000,0.061,,,,,Orin (0),1,,7,sm80_xmma_gemm_f16f16_f16f32_f32_nn_n_tilesize64x128x32_stage5_warpsize2x2x1_tensor16x8x16_aligna2_alignc2_execute_kernel_trt
40143524608,79360,8305,1,32,1,128,1,1,54,0.000,0.049,,,,,Orin (0),1,,7,sm80_xmma_gemm_f16f16_f16f32_f32_tn_n_tilesize32x32x64_stage6_warpsize2x2x1_tensor16x8x16_execute_kernel_trt
40143606208,6784,8306,1,1,1,128,1,1,21,0.000,0.000,,,,,Orin (0),1,,7,__myl_AddMulMeaAddSqrDivMulMul_0x37f7a26fc5e98dd1cffe0df41b34ef4f
40143649472,113280,8307,1,96,1,128,1,1,54,0.000,0.049,,,,,Orin (0),1,,7,sm80_xmma_gemm_f16f16_f16f32_f32_tn_n_tilesize32x32x64_stage6_warpsize2x2x1_tensor16x8x16_execute_kernel_trt
40143827808,118784,8311,1,96,1,128,1,1,54,0.000,0.049,,,,,Orin (0),1,,7,sm80_xmma_gemm_f16f16_f16f16_f16_tn_n_tilesize32x32x64_stage6_warpsize2x2x1_tensor16x8x16_fused
40143997664,105408,8317,1,16,1,128,1,1,94,0.000,0.066,,,,,Orin (0),1,,7,sm80_xmma_gemm_f16f16_f16f16_f16_nn_n_tilesize64x64x64_stage4_warpsize2x2x1_tensor16x8x16_fused
40144105440,7296,8318,1,1,1,128,1,1,21,0.000,0.000,,,,,Orin (0),1,,7,__myl_MulMeaAddSqrDivMulMul_0x8548fa9a57c713be1fdaa27c95458b99
40144114656,144096,8319,1,128,1,128,1,1,54,0.000,0.049,,,,,Orin (0),1,,7,sm80_xmma_gemm_f16f16_f16f32_f32_tn_n_tilesize32x32x64_stage6_warpsize2x2x1_tensor16x8x16_execute_kernel_trt
40144261024,9632,8320,72,1,1,256,1,1,16,0.000,0.000,,,,,Orin (0),1,,7,__myl_MovResConResRep_0xeb90291bbf009f8413c8500b92afa70a_com
40144272928,6336,8321,8,1,1,128,1,1,16,0.000,0.000,,,,,Orin (0),1,,7,__myl_MovResMulMea_0x8729692710be644f17c7f997918851be
40144281536,10272,8322,72,1,1,256,1,1,20,0.000,0.000,,,,,Orin (0),1,,7,__myl_AddSqrDivMulMulResSliSliNegConMulMulAddConResRepResTra_0x5aea462b6a819ceadd3ebb32874c078f_com
40144294112,4736,8323,16,1,1,128,1,1,16,0.000,0.000,,,,,Orin (0),1,,7,__myl_MovResMulMea_0x61ec5b9962acde3fddf5628b2e6fd459
40144301120,5120,8324,8,1,1,256,1,1,22,0.000,0.000,,,,,Orin (0),1,,7,__myl_AddSqrDivMulMulResSliSliNegConMulMulAdd_0xf1ba08cc3beaba8ee91b0504be9c2cf4
40144308512,14496,8325,1,1,16,128,1,1,92,0.000,0.049,,,,,Orin (0),1,,7,sm80_xmma_gemm_f16f16_f16f32_f32_nn_n_tilesize32x32x64_stage6_warpsize2x2x1_tensor16x8x16_aligna2_alignc2_execute_kernel_trt
40144325312,5600,8326,16,1,1,128,1,1,18,0.000,0.000,,,,,Orin (0),1,,7,__myl_MulMaxSubExpSumDivMul_0x1108f5a078d6e65507c06537b9b2e43f_com
40144340064,24640,8329,1,1,16,128,1,1,242,0.000,0.061,,,,,Orin (0),1,,7,sm80_xmma_gemm_f16f16_f16f32_f32_nn_n_tilesize64x128x32_stage5_warpsize2x2x1_tensor16x8x16_aligna2_alignc2_execute_kernel_trt
40144406016,80928,8330,1,32,1,128,1,1,54,0.000,0.049,,,,,Orin (0),1,,7,sm80_xmma_gemm_f16f16_f16f32_f32_tn_n_tilesize32x32x64_stage6_warpsize2x2x1_tensor16x8x16_execute_kernel_trt
40144489216,6048,8331,1,1,1,128,1,1,21,0.000,0.000,,,,,Orin (0),1,,7,__myl_AddMulMeaAddSqrDivMulMul_0x37f7a26fc5e98dd1cffe0df41b34ef4f
40144508736,112992,8332,1,96,1,128,1,1,54,0.000,0.049,,,,,Orin (0),1,,7,sm80_xmma_gemm_f16f16_f16f32_f32_tn_n_tilesize32x32x64_stage6_warpsize2x2x1_tensor16x8x16_execute_kernel_trt
40144682912,116896,8336,1,96,1,128,1,1,54,0.000,0.049,,,,,Orin (0),1,,7,sm80_xmma_gemm_f16f16_f16f16_f16_tn_n_tilesize32x32x64_stage6_warpsize2x2x1_tensor16x8x16_fused
40144846016,106752,8342,1,16,1,128,1,1,94,0.000,0.066,,,,,Orin (0),1,,7,sm80_xmma_gemm_f16f16_f16f16_f16_nn_n_tilesize64x64x64_stage4_warpsize2x2x1_tensor16x8x16_fused
40144955008,6944,8343,1,1,1,128,1,1,21,0.000,0.000,,,,,Orin (0),1,,7,__myl_MulMeaAddSqrDivMulMul_0x8548fa9a57c713be1fdaa27c95458b99
40144964256,142944,8344,1,128,1,128,1,1,54,0.000,0.049,,,,,Orin (0),1,,7,sm80_xmma_gemm_f16f16_f16f32_f32_tn_n_tilesize32x32x64_stage6_warpsize2x2x1_tensor16x8x16_execute_kernel_trt
40145109760,9216,8345,72,1,1,256,1,1,16,0.000,0.000,,,,,Orin (0),1,,7,__myl_MovResConResRep_0xeb90291bbf009f8413c8500b92afa70a_com
40145121248,6304,8346,8,1,1,128,1,1,16,0.000,0.000,,,,,Orin (0),1,,7,__myl_MovResMulMea_0x8729692710be644f17c7f997918851be
40145129856,10272,8347,72,1,1,256,1,1,20,0.000,0.000,,,,,Orin (0),1,,7,__myl_AddSqrDivMulMulResSliSliNegConMulMulAddConResRepResTra_0x5aea462b6a819ceadd3ebb32874c078f_com
40145142432,4800,8348,16,1,1,128,1,1,16,0.000,0.000,,,,,Orin (0),1,,7,__myl_MovResMulMea_0x61ec5b9962acde3fddf5628b2e6fd459
40145149504,5152,8349,8,1,1,256,1,1,22,0.000,0.000,,,,,Orin (0),1,,7,__myl_AddSqrDivMulMulResSliSliNegConMulMulAdd_0xf1ba08cc3beaba8ee91b0504be9c2cf4
40145156896,14400,8350,1,1,16,128,1,1,92,0.000,0.049,,,,,Orin (0),1,,7,sm80_xmma_gemm_f16f16_f16f32_f32_nn_n_tilesize32x32x64_stage6_warpsize2x2x1_tensor16x8x16_aligna2_alignc2_execute_kernel_trt
40145173632,6464,8351,16,1,1,128,1,1,18,0.000,0.000,,,,,Orin (0),1,,7,__myl_MulMaxSubExpSumDivMul_0x1108f5a078d6e65507c06537b9b2e43f_com
40145185312,24000,8354,1,1,16,128,1,1,242,0.000,0.061,,,,,Orin (0),1,,7,sm80_xmma_gemm_f16f16_f16f32_f32_nn_n_tilesize64x128x32_stage5_warpsize2x2x1_tensor16x8x16_aligna2_alignc2_execute_kernel_trt
40145250688,80288,8355,1,32,1,128,1,1,54,0.000,0.049,,,,,Orin (0),1,,7,sm80_xmma_gemm_f16f16_f16f32_f32_tn_n_tilesize32x32x64_stage6_warpsize2x2x1_tensor16x8x16_execute_kernel_trt
40145333184,7712,8356,1,1,1,128,1,1,21,0.000,0.000,,,,,Orin (0),1,,7,__myl_AddMulMeaAddSqrDivMulMul_0x37f7a26fc5e98dd1cffe0df41b34ef4f
40145343136,113760,8357,1,96,1,128,1,1,54,0.000,0.049,,,,,Orin (0),1,,7,sm80_xmma_gemm_f16f16_f16f32_f32_tn_n_tilesize32x32x64_stage6_warpsize2x2x1_tensor16x8x16_execute_kernel_trt
40145520256,118176,8361,1,96,1,128,1,1,54,0.000,0.049,,,,,Orin (0),1,,7,sm80_xmma_gemm_f16f16_f16f16_f16_tn_n_tilesize32x32x64_stage6_warpsize2x2x1_tensor16x8x16_fused
40145688672,105024,8367,1,16,1,128,1,1,94,0.000,0.066,,,,,Orin (0),1,,7,sm80_xmma_gemm_f16f16_f16f16_f16_nn_n_tilesize64x64x64_stage4_warpsize2x2x1_tensor16x8x16_fused
40145795904,6976,8368,1,1,1,128,1,1,21,0.000,0.000,,,,,Orin (0),1,,7,__myl_MulMeaAddSqrDivMulMul_0x8548fa9a57c713be1fdaa27c95458b99
40145805152,142592,8369,1,128,1,128,1,1,54,0.000,0.049,,,,,Orin (0),1,,7,sm80_xmma_gemm_f16f16_f16f32_f32_tn_n_tilesize32x32x64_stage6_warpsize2x2x1_tensor16x8x16_execute_kernel_trt
40145949984,10496,8370,72,1,1,256,1,1,16,0.000,0.000,,,,,Orin (0),1,,7,__myl_MovResConResRep_0xeb90291bbf009f8413c8500b92afa70a_com
40145962720,6336,8371,8,1,1,128,1,1,16,0.000,0.000,,,,,Orin (0),1,,7,__myl_MovResMulMea_0x8729692710be644f17c7f997918851be
40145971328,10304,8372,72,1,1,256,1,1,20,0.000,0.000,,,,,Orin (0),1,,7,__myl_AddSqrDivMulMulResSliSliNegConMulMulAddConResRepResTra_0x5aea462b6a819ceadd3ebb32874c078f_com
40145983840,4928,8373,16,1,1,128,1,1,16,0.000,0.000,,,,,Orin (0),1,,7,__myl_MovResMulMea_0x61ec5b9962acde3fddf5628b2e6fd459
40145991040,5120,8374,8,1,1,256,1,1,22,0.000,0.000,,,,,Orin (0),1,,7,__myl_AddSqrDivMulMulResSliSliNegConMulMulAdd_0xf1ba08cc3beaba8ee91b0504be9c2cf4
40145998432,14240,8375,1,1,16,128,1,1,92,0.000,0.049,,,,,Orin (0),1,,7,sm80_xmma_gemm_f16f16_f16f32_f32_nn_n_tilesize32x32x64_stage6_warpsize2x2x1_tensor16x8x16_aligna2_alignc2_execute_kernel_trt
40146014944,5600,8376,16,1,1,128,1,1,18,0.000,0.000,,,,,Orin (0),1,,7,__myl_MulMaxSubExpSumDivMul_0x1108f5a078d6e65507c06537b9b2e43f_com
40146033120,24736,8379,1,1,16,128,1,1,242,0.000,0.061,,,,,Orin (0),1,,7,sm80_xmma_gemm_f16f16_f16f32_f32_nn_n_tilesize64x128x32_stage5_warpsize2x2x1_tensor16x8x16_aligna2_alignc2_execute_kernel_trt
40146102624,77856,8380,1,32,1,128,1,1,54,0.000,0.049,,,,,Orin (0),1,,7,sm80_xmma_gemm_f16f16_f16f32_f32_tn_n_tilesize32x32x64_stage6_warpsize2x2x1_tensor16x8x16_execute_kernel_trt
40146182912,6784,8381,1,1,1,128,1,1,21,0.000,0.000,,,,,Orin (0),1,,7,__myl_AddMulMeaAddSqrDivMulMul_0x37f7a26fc5e98dd1cffe0df41b34ef4f
40146197408,112032,8382,1,96,1,128,1,1,54,0.000,0.049,,,,,Orin (0),1,,7,sm80_xmma_gemm_f16f16_f16f32_f32_tn_n_tilesize32x32x64_stage6_warpsize2x2x1_tensor16x8x16_execute_kernel_trt
40146377600,116544,8386,1,96,1,128,1,1,54,0.000,0.049,,,,,Orin (0),1,,7,sm80_xmma_gemm_f16f16_f16f16_f16_tn_n_tilesize32x32x64_stage6_warpsize2x2x1_tensor16x8x16_fused
40146536352,107424,8392,1,16,1,128,1,1,94,0.000,0.066,,,,,Orin (0),1,,7,sm80_xmma_gemm_f16f16_f16f16_f16_nn_n_tilesize64x64x64_stage4_warpsize2x2x1_tensor16x8x16_fused
40146646016,6688,8393,1,1,1,128,1,1,21,0.000,0.000,,,,,Orin (0),1,,7,__myl_MulMeaAddSqrDivMulMul_0x8548fa9a57c713be1fdaa27c95458b99
40146704608,142336,8394,1,128,1,128,1,1,54,0.000,0.049,,,,,Orin (0),1,,7,sm80_xmma_gemm_f16f16_f16f32_f32_tn_n_tilesize32x32x64_stage6_warpsize2x2x1_tensor16x8x16_execute_kernel_trt
40146849152,9440,8395,72,1,1,256,1,1,16,0.000,0.000,,,,,Orin (0),1,,7,__myl_MovResConResRep_0xeb90291bbf009f8413c8500b92afa70a_com
40146860896,6816,8396,8,1,1,128,1,1,16,0.000,0.000,,,,,Orin (0),1,,7,__myl_MovResMulMea_0x8729692710be644f17c7f997918851be
40146869984,10240,8397,72,1,1,256,1,1,20,0.000,0.000,,,,,Orin (0),1,,7,__myl_AddSqrDivMulMulResSliSliNegConMulMulAddConResRepResTra_0x5aea462b6a819ceadd3ebb32874c078f_com
40146882496,4800,8398,16,1,1,128,1,1,16,0.000,0.000,,,,,Orin (0),1,,7,__myl_MovResMulMea_0x61ec5b9962acde3fddf5628b2e6fd459
40146889568,5088,8399,8,1,1,256,1,1,22,0.000,0.000,,,,,Orin (0),1,,7,__myl_AddSqrDivMulMulResSliSliNegConMulMulAdd_0xf1ba08cc3beaba8ee91b0504be9c2cf4
40146896896,14208,8400,1,1,16,128,1,1,92,0.000,0.049,,,,,Orin (0),1,,7,sm80_xmma_gemm_f16f16_f16f32_f32_nn_n_tilesize32x32x64_stage6_warpsize2x2x1_tensor16x8x16_aligna2_alignc2_execute_kernel_trt
40146913408,5632,8401,16,1,1,128,1,1,18,0.000,0.000,,,,,Orin (0),1,,7,__myl_MulMaxSubExpSumDivMul_0x1108f5a078d6e65507c06537b9b2e43f_com
40146940192,24192,8404,1,1,16,128,1,1,242,0.000,0.061,,,,,Orin (0),1,,7,sm80_xmma_gemm_f16f16_f16f32_f32_nn_n_tilesize64x128x32_stage5_warpsize2x2x1_tensor16x8x16_aligna2_alignc2_execute_kernel_trt
40147008096,78304,8405,1,32,1,128,1,1,54,0.000,0.049,,,,,Orin (0),1,,7,sm80_xmma_gemm_f16f16_f16f32_f32_tn_n_tilesize32x32x64_stage6_warpsize2x2x1_tensor16x8x16_execute_kernel_trt
40147088640,6752,8406,1,1,1,128,1,1,21,0.000,0.000,,,,,Orin (0),1,,7,__myl_AddMulMeaAddSqrDivMulMul_0x37f7a26fc5e98dd1cffe0df41b34ef4f
40147102304,111936,8407,1,96,1,128,1,1,54,0.000,0.049,,,,,Orin (0),1,,7,sm80_xmma_gemm_f16f16_f16f32_f32_tn_n_tilesize32x32x64_stage6_warpsize2x2x1_tensor16x8x16_execute_kernel_trt
40147278528,116544,8411,1,96,1,128,1,1,54,0.000,0.049,,,,,Orin (0),1,,7,sm80_xmma_gemm_f16f16_f16f16_f16_tn_n_tilesize32x32x64_stage6_warpsize2x2x1_tensor16x8x16_fused
40147444160,105376,8417,1,16,1,128,1,1,94,0.000,0.066,,,,,Orin (0),1,,7,sm80_xmma_gemm_f16f16_f16f16_f16_nn_n_tilesize64x64x64_stage4_warpsize2x2x1_tensor16x8x16_fused
40147551744,6688,8418,1,1,1,128,1,1,21,0.000,0.000,,,,,Orin (0),1,,7,__myl_MulMeaAddSqrDivMulMul_0x8548fa9a57c713be1fdaa27c95458b99
40147560608,142208,8419,1,128,1,128,1,1,54,0.000,0.049,,,,,Orin (0),1,,7,sm80_xmma_gemm_f16f16_f16f32_f32_tn_n_tilesize32x32x64_stage6_warpsize2x2x1_tensor16x8x16_execute_kernel_trt
40147705024,9472,8420,72,1,1,256,1,1,16,0.000,0.000,,,,,Orin (0),1,,7,__myl_MovResConResRep_0xeb90291bbf009f8413c8500b92afa70a_com
40147716768,7008,8421,8,1,1,128,1,1,16,0.000,0.000,,,,,Orin (0),1,,7,__myl_MovResMulMea_0x8729692710be644f17c7f997918851be
40147725728,10208,8422,72,1,1,256,1,1,20,0.000,0.000,,,,,Orin (0),1,,7,__myl_AddSqrDivMulMulResSliSliNegConMulMulAddConResRepResTra_0x5aea462b6a819ceadd3ebb32874c078f_com
40147738240,4960,8423,16,1,1,128,1,1,16,0.000,0.000,,,,,Orin (0),1,,7,__myl_MovResMulMea_0x61ec5b9962acde3fddf5628b2e6fd459
40147745728,5280,8424,8,1,1,256,1,1,22,0.000,0.000,,,,,Orin (0),1,,7,__myl_AddSqrDivMulMulResSliSliNegConMulMulAdd_0xf1ba08cc3beaba8ee91b0504be9c2cf4
40147753280,14240,8425,1,1,16,128,1,1,92,0.000,0.049,,,,,Orin (0),1,,7,sm80_xmma_gemm_f16f16_f16f32_f32_nn_n_tilesize32x32x64_stage6_warpsize2x2x1_tensor16x8x16_aligna2_alignc2_execute_kernel_trt
40147769856,5632,8426,16,1,1,128,1,1,18,0.000,0.000,,,,,Orin (0),1,,7,__myl_MulMaxSubExpSumDivMul_0x1108f5a078d6e65507c06537b9b2e43f_com
40147822144,24672,8429,1,1,16,128,1,1,242,0.000,0.061,,,,,Orin (0),1,,7,sm80_xmma_gemm_f16f16_f16f32_f32_nn_n_tilesize64x128x32_stage5_warpsize2x2x1_tensor16x8x16_aligna2_alignc2_execute_kernel_trt
40147890400,78592,8430,1,32,1,128,1,1,54,0.000,0.049,,,,,Orin (0),1,,7,sm80_xmma_gemm_f16f16_f16f32_f32_tn_n_tilesize32x32x64_stage6_warpsize2x2x1_tensor16x8x16_execute_kernel_trt
40147971168,7616,8431,1,1,1,128,1,1,21,0.000,0.000,,,,,Orin (0),1,,7,__myl_AddMulMeaAddSqrDivMulMul_0x37f7a26fc5e98dd1cffe0df41b34ef4f
40147987232,110528,8432,1,96,1,128,1,1,54,0.000,0.049,,,,,Orin (0),1,,7,sm80_xmma_gemm_f16f16_f16f32_f32_tn_n_tilesize32x32x64_stage6_warpsize2x2x1_tensor16x8x16_execute_kernel_trt
40148165984,117056,8436,1,96,1,128,1,1,54,0.000,0.049,,,,,Orin (0),1,,7,sm80_xmma_gemm_f16f16_f16f16_f16_tn_n_tilesize32x32x64_stage6_warpsize2x2x1_tensor16x8x16_fused
40148333280,105408,8442,1,16,1,128,1,1,94,0.000,0.066,,,,,Orin (0),1,,7,sm80_xmma_gemm_f16f16_f16f16_f16_nn_n_tilesize64x64x64_stage4_warpsize2x2x1_tensor16x8x16_fused
40148440896,7104,8443,1,1,1,128,1,1,21,0.000,0.000,,,,,Orin (0),1,,7,__myl_MulMeaAddSqrDivMulMul_0x8548fa9a57c713be1fdaa27c95458b99
40148450272,141216,8444,1,128,1,128,1,1,54,0.000,0.049,,,,,Orin (0),1,,7,sm80_xmma_gemm_f16f16_f16f32_f32_tn_n_tilesize32x32x64_stage6_warpsize2x2x1_tensor16x8x16_execute_kernel_trt
40148593760,9504,8445,72,1,1,256,1,1,16,0.000,0.000,,,,,Orin (0),1,,7,__myl_MovResConResRep_0xeb90291bbf009f8413c8500b92afa70a_com
40148605504,6304,8446,8,1,1,128,1,1,16,0.000,0.000,,,,,Orin (0),1,,7,__myl_MovResMulMea_0x8729692710be644f17c7f997918851be
40148614048,10272,8447,72,1,1,256,1,1,20,0.000,0.000,,,,,Orin (0),1,,7,__myl_AddSqrDivMulMulResSliSliNegConMulMulAddConResRepResTra_0x5aea462b6a819ceadd3ebb32874c078f_com
40148626624,5504,8448,16,1,1,128,1,1,16,0.000,0.000,,,,,Orin (0),1,,7,__myl_MovResMulMea_0x61ec5b9962acde3fddf5628b2e6fd459
40148634464,5152,8449,8,1,1,256,1,1,22,0.000,0.000,,,,,Orin (0),1,,7,__myl_AddSqrDivMulMulResSliSliNegConMulMulAdd_0xf1ba08cc3beaba8ee91b0504be9c2cf4
40148641920,14400,8450,1,1,16,128,1,1,92,0.000,0.049,,,,,Orin (0),1,,7,sm80_xmma_gemm_f16f16_f16f32_f32_nn_n_tilesize32x32x64_stage6_warpsize2x2x1_tensor16x8x16_aligna2_alignc2_execute_kernel_trt
40148658592,5664,8451,16,1,1,128,1,1,18,0.000,0.000,,,,,Orin (0),1,,7,__myl_MulMaxSubExpSumDivMul_0x1108f5a078d6e65507c06537b9b2e43f_com
40148670336,24800,8454,1,1,16,128,1,1,242,0.000,0.061,,,,,Orin (0),1,,7,sm80_xmma_gemm_f16f16_f16f32_f32_nn_n_tilesize64x128x32_stage5_warpsize2x2x1_tensor16x8x16_aligna2_alignc2_execute_kernel_trt
40148738944,79136,8455,1,32,1,128,1,1,54,0.000,0.049,,,,,Orin (0),1,,7,sm80_xmma_gemm_f16f16_f16f32_f32_tn_n_tilesize32x32x64_stage6_warpsize2x2x1_tensor16x8x16_execute_kernel_trt
40148820384,7552,8456,1,1,1,128,1,1,21,0.000,0.000,,,,,Orin (0),1,,7,__myl_AddMulMeaAddSqrDivMulMul_0x37f7a26fc5e98dd1cffe0df41b34ef4f
40148837184,113696,8457,1,96,1,128,1,1,54,0.000,0.049,,,,,Orin (0),1,,7,sm80_xmma_gemm_f16f16_f16f32_f32_tn_n_tilesize32x32x64_stage6_warpsize2x2x1_tensor16x8x16_execute_kernel_trt
40149019200,117376,8461,1,96,1,128,1,1,54,0.000,0.049,,,,,Orin (0),1,,7,sm80_xmma_gemm_f16f16_f16f16_f16_tn_n_tilesize32x32x64_stage6_warpsize2x2x1_tensor16x8x16_fused
40149186080,105472,8467,1,16,1,128,1,1,94,0.000,0.066,,,,,Orin (0),1,,7,sm80_xmma_gemm_f16f16_f16f16_f16_nn_n_tilesize64x64x64_stage4_warpsize2x2x1_tensor16x8x16_fused
40149293824,6752,8468,1,1,1,128,1,1,21,0.000,0.000,,,,,Orin (0),1,,7,__myl_MulMeaAddSqrDivMulMul_0x8548fa9a57c713be1fdaa27c95458b99
40149302912,141088,8469,1,128,1,128,1,1,54,0.000,0.049,,,,,Orin (0),1,,7,sm80_xmma_gemm_f16f16_f16f32_f32_tn_n_tilesize32x32x64_stage6_warpsize2x2x1_tensor16x8x16_execute_kernel_trt
40149446208,9600,8470,72,1,1,256,1,1,16,0.000,0.000,,,,,Orin (0),1,,7,__myl_MovResConResRep_0xeb90291bbf009f8413c8500b92afa70a_com
40149458080,6880,8471,8,1,1,128,1,1,16,0.000,0.000,,,,,Orin (0),1,,7,__myl_MovResMulMea_0x8729692710be644f17c7f997918851be
40149467232,10240,8472,72,1,1,256,1,1,20,0.000,0.000,,,,,Orin (0),1,,7,__myl_AddSqrDivMulMulResSliSliNegConMulMulAddConResRepResTra_0x5aea462b6a819ceadd3ebb32874c078f_com
40149479776,5120,8473,16,1,1,128,1,1,16,0.000,0.000,,,,,Orin (0),1,,7,__myl_MovResMulMea_0x61ec5b9962acde3fddf5628b2e6fd459
40149487872,5120,8474,8,1,1,256,1,1,22,0.000,0.000,,,,,Orin (0),1,,7,__myl_AddSqrDivMulMulResSliSliNegConMulMulAdd_0xf1ba08cc3beaba8ee91b0504be9c2cf4
40149495296,14176,8475,1,1,16,128,1,1,92,0.000,0.049,,,,,Orin (0),1,,7,sm80_xmma_gemm_f16f16_f16f32_f32_nn_n_tilesize32x32x64_stage6_warpsize2x2x1_tensor16x8x16_aligna2_alignc2_execute_kernel_trt
40149511744,5600,8476,16,1,1,128,1,1,18,0.000,0.000,,,,,Orin (0),1,,7,__myl_MulMaxSubExpSumDivMul_0x1108f5a078d6e65507c06537b9b2e43f_com
40149567872,24736,8479,1,1,16,128,1,1,242,0.000,0.061,,,,,Orin (0),1,,7,sm80_xmma_gemm_f16f16_f16f32_f32_nn_n_tilesize64x128x32_stage5_warpsize2x2x1_tensor16x8x16_aligna2_alignc2_execute_kernel_trt
40149637536,79648,8480,1,32,1,128,1,1,54,0.000,0.049,,,,,Orin (0),1,,7,sm80_xmma_gemm_f16f16_f16f32_f32_tn_n_tilesize32x32x64_stage6_warpsize2x2x1_tensor16x8x16_execute_kernel_trt
40149719424,6752,8481,1,1,1,128,1,1,21,0.000,0.000,,,,,Orin (0),1,,7,__myl_AddMulMeaAddSqrDivMulMul_0x37f7a26fc5e98dd1cffe0df41b34ef4f
40149738368,110496,8482,1,96,1,128,1,1,54,0.000,0.049,,,,,Orin (0),1,,7,sm80_xmma_gemm_f16f16_f16f32_f32_tn_n_tilesize32x32x64_stage6_warpsize2x2x1_tensor16x8x16_execute_kernel_trt
40149917344,116416,8486,1,96,1,128,1,1,54,0.000,0.049,,,,,Orin (0),1,,7,sm80_xmma_gemm_f16f16_f16f16_f16_tn_n_tilesize32x32x64_stage6_warpsize2x2x1_tensor16x8x16_fused
40150085024,105184,8492,1,16,1,128,1,1,94,0.000,0.066,,,,,Orin (0),1,,7,sm80_xmma_gemm_f16f16_f16f16_f16_nn_n_tilesize64x64x64_stage4_warpsize2x2x1_tensor16x8x16_fused
40150192704,6848,8493,1,1,1,128,1,1,21,0.000,0.000,,,,,Orin (0),1,,7,__myl_MulMeaAddSqrDivMulMul_0x8548fa9a57c713be1fdaa27c95458b99
40150201920,140800,8494,1,128,1,128,1,1,54,0.000,0.049,,,,,Orin (0),1,,7,sm80_xmma_gemm_f16f16_f16f32_f32_tn_n_tilesize32x32x64_stage6_warpsize2x2x1_tensor16x8x16_execute_kernel_trt
40150344960,9408,8495,72,1,1,256,1,1,16,0.000,0.000,,,,,Orin (0),1,,7,__myl_MovResConResRep_0xeb90291bbf009f8413c8500b92afa70a_com
40150356640,6304,8496,8,1,1,128,1,1,16,0.000,0.000,,,,,Orin (0),1,,7,__myl_MovResMulMea_0x8729692710be644f17c7f997918851be
40150365216,9440,8497,72,1,1,256,1,1,20,0.000,0.000,,,,,Orin (0),1,,7,__myl_AddSqrDivMulMulResSliSliNegConMulMulAddConResRepResTra_0x5aea462b6a819ceadd3ebb32874c078f_com
40150376960,4800,8498,16,1,1,128,1,1,16,0.000,0.000,,,,,Orin (0),1,,7,__myl_MovResMulMea_0x61ec5b9962acde3fddf5628b2e6fd459
40150384032,5248,8499,8,1,1,256,1,1,22,0.000,0.000,,,,,Orin (0),1,,7,__myl_AddSqrDivMulMulResSliSliNegConMulMulAdd_0xf1ba08cc3beaba8ee91b0504be9c2cf4
40150391520,14624,8500,1,1,16,128,1,1,92,0.000,0.049,,,,,Orin (0),1,,7,sm80_xmma_gemm_f16f16_f16f32_f32_nn_n_tilesize32x32x64_stage6_warpsize2x2x1_tensor16x8x16_aligna2_alignc2_execute_kernel_trt
40150408448,6560,8501,16,1,1,128,1,1,18,0.000,0.000,,,,,Orin (0),1,,7,__myl_MulMaxSubExpSumDivMul_0x1108f5a078d6e65507c06537b9b2e43f_com
40150417184,24832,8504,1,1,16,128,1,1,242,0.000,0.061,,,,,Orin (0),1,,7,sm80_xmma_gemm_f16f16_f16f32_f32_nn_n_tilesize64x128x32_stage5_warpsize2x2x1_tensor16x8x16_aligna2_alignc2_execute_kernel_trt
40150481312,80032,8505,1,32,1,128,1,1,54,0.000,0.049,,,,,Orin (0),1,,7,sm80_xmma_gemm_f16f16_f16f32_f32_tn_n_tilesize32x32x64_stage6_warpsize2x2x1_tensor16x8x16_execute_kernel_trt
40150563552,6752,8506,1,1,1,128,1,1,21,0.000,0.000,,,,,Orin (0),1,,7,__myl_AddMulMeaAddSqrDivMulMul_0x37f7a26fc5e98dd1cffe0df41b34ef4f
40150577728,112864,8507,1,96,1,128,1,1,54,0.000,0.049,,,,,Orin (0),1,,7,sm80_xmma_gemm_f16f16_f16f32_f32_tn_n_tilesize32x32x64_stage6_warpsize2x2x1_tensor16x8x16_execute_kernel_trt
40150752768,118656,8511,1,96,1,128,1,1,54,0.000,0.049,,,,,Orin (0),1,,7,sm80_xmma_gemm_f16f16_f16f16_f16_tn_n_tilesize32x32x64_stage6_warpsize2x2x1_tensor16x8x16_fused
40150919680,106592,8517,1,16,1,128,1,1,94,0.000,0.066,,,,,Orin (0),1,,7,sm80_xmma_gemm_f16f16_f16f16_f16_nn_n_tilesize64x64x64_stage4_warpsize2x2x1_tensor16x8x16_fused
40151028640,6688,8518,1,1,1,128,1,1,21,0.000,0.000,,,,,Orin (0),1,,7,__myl_MulMeaAddSqrDivMulMul_0x8548fa9a57c713be1fdaa27c95458b99
40151037600,143328,8519,1,128,1,128,1,1,54,0.000,0.049,,,,,Orin (0),1,,7,sm80_xmma_gemm_f16f16_f16f32_f32_tn_n_tilesize32x32x64_stage6_warpsize2x2x1_tensor16x8x16_execute_kernel_trt
40151183552,9600,8520,72,1,1,256,1,1,16,0.000,0.000,,,,,Orin (0),1,,7,__myl_MovResConResRep_0xeb90291bbf009f8413c8500b92afa70a_com
40151195488,6272,8521,8,1,1,128,1,1,16,0.000,0.000,,,,,Orin (0),1,,7,__myl_MovResMulMea_0x8729692710be644f17c7f997918851be
40151203968,10272,8522,72,1,1,256,1,1,20,0.000,0.000,,,,,Orin (0),1,,7,__myl_AddSqrDivMulMulResSliSliNegConMulMulAddConResRepResTra_0x5aea462b6a819ceadd3ebb32874c078f_com
40151216544,4800,8523,16,1,1,128,1,1,16,0.000,0.000,,,,,Orin (0),1,,7,__myl_MovResMulMea_0x61ec5b9962acde3fddf5628b2e6fd459
40151223616,5152,8524,8,1,1,256,1,1,22,0.000,0.000,,,,,Orin (0),1,,7,__myl_AddSqrDivMulMulResSliSliNegConMulMulAdd_0xf1ba08cc3beaba8ee91b0504be9c2cf4
40151231040,13984,8525,1,1,16,128,1,1,92,0.000,0.049,,,,,Orin (0),1,,7,sm80_xmma_gemm_f16f16_f16f32_f32_nn_n_tilesize32x32x64_stage6_warpsize2x2x1_tensor16x8x16_aligna2_alignc2_execute_kernel_trt
40151247392,6496,8526,16,1,1,128,1,1,18,0.000,0.000,,,,,Orin (0),1,,7,__myl_MulMaxSubExpSumDivMul_0x1108f5a078d6e65507c06537b9b2e43f_com
40151256128,24864,8529,1,1,16,128,1,1,242,0.000,0.061,,,,,Orin (0),1,,7,sm80_xmma_gemm_f16f16_f16f32_f32_nn_n_tilesize64x128x32_stage5_warpsize2x2x1_tensor16x8x16_aligna2_alignc2_execute_kernel_trt
40151319904,78112,8530,1,32,1,128,1,1,54,0.000,0.049,,,,,Orin (0),1,,7,sm80_xmma_gemm_f16f16_f16f32_f32_tn_n_tilesize32x32x64_stage6_warpsize2x2x1_tensor16x8x16_execute_kernel_trt
40151400256,6880,8531,1,1,1,128,1,1,21,0.000,0.000,,,,,Orin (0),1,,7,__myl_AddMulMeaAddSqrDivMulMul_0x37f7a26fc5e98dd1cffe0df41b34ef4f
40151412352,111648,8532,1,96,1,128,1,1,54,0.000,0.049,,,,,Orin (0),1,,7,sm80_xmma_gemm_f16f16_f16f32_f32_tn_n_tilesize32x32x64_stage6_warpsize2x2x1_tensor16x8x16_execute_kernel_trt
40151609280,118176,8536,1,96,1,128,1,1,54,0.000,0.049,,,,,Orin (0),1,,7,sm80_xmma_gemm_f16f16_f16f16_f16_tn_n_tilesize32x32x64_stage6_warpsize2x2x1_tensor16x8x16_fused
40151776768,105664,8542,1,16,1,128,1,1,94,0.000,0.066,,,,,Orin (0),1,,7,sm80_xmma_gemm_f16f16_f16f16_f16_nn_n_tilesize64x64x64_stage4_warpsize2x2x1_tensor16x8x16_fused
40151884672,6880,8543,1,1,1,128,1,1,21,0.000,0.000,,,,,Orin (0),1,,7,__myl_MulMeaAddSqrDivMulMul_0x8548fa9a57c713be1fdaa27c95458b99
40151893824,141664,8544,1,128,1,128,1,1,54,0.000,0.049,,,,,Orin (0),1,,7,sm80_xmma_gemm_f16f16_f16f32_f32_tn_n_tilesize32x32x64_stage6_warpsize2x2x1_tensor16x8x16_execute_kernel_trt
40152038176,9728,8545,72,1,1,256,1,1,16,0.000,0.000,,,,,Orin (0),1,,7,__myl_MovResConResRep_0xeb90291bbf009f8413c8500b92afa70a_com
40152050176,6400,8546,8,1,1,128,1,1,16,0.000,0.000,,,,,Orin (0),1,,7,__myl_MovResMulMea_0x8729692710be644f17c7f997918851be
40152058880,10176,8547,72,1,1,256,1,1,20,0.000,0.000,,,,,Orin (0),1,,7,__myl_AddSqrDivMulMulResSliSliNegConMulMulAddConResRepResTra_0x5aea462b6a819ceadd3ebb32874c078f_com
40152071456,5632,8548,16,1,1,128,1,1,16,0.000,0.000,,,,,Orin (0),1,,7,__myl_MovResMulMea_0x61ec5b9962acde3fddf5628b2e6fd459
40152079360,5312,8549,8,1,1,256,1,1,22,0.000,0.000,,,,,Orin (0),1,,7,__myl_AddSqrDivMulMulResSliSliNegConMulMulAdd_0xf1ba08cc3beaba8ee91b0504be9c2cf4
40152087264,14368,8550,1,1,16,128,1,1,92,0.000,0.049,,,,,Orin (0),1,,7,sm80_xmma_gemm_f16f16_f16f32_f32_nn_n_tilesize32x32x64_stage6_warpsize2x2x1_tensor16x8x16_aligna2_alignc2_execute_kernel_trt
40152103968,5888,8551,16,1,1,128,1,1,18,0.000,0.000,,,,,Orin (0),1,,7,__myl_MulMaxSubExpSumDivMul_0x1108f5a078d6e65507c06537b9b2e43f_com
40152112128,24864,8554,1,1,16,128,1,1,242,0.000,0.061,,,,,Orin (0),1,,7,sm80_xmma_gemm_f16f16_f16f32_f32_nn_n_tilesize64x128x32_stage5_warpsize2x2x1_tensor16x8x16_aligna2_alignc2_execute_kernel_trt
40152164864,78368,8555,1,32,1,128,1,1,54,0.000,0.049,,,,,Orin (0),1,,7,sm80_xmma_gemm_f16f16_f16f32_f32_tn_n_tilesize32x32x64_stage6_warpsize2x2x1_tensor16x8x16_execute_kernel_trt
40152245440,6112,8556,1,1,1,128,1,1,21,0.000,0.000,,,,,Orin (0),1,,7,__myl_AddMulMeaAddSqrDivMulMul_0x37f7a26fc5e98dd1cffe0df41b34ef4f
40152257120,112320,8557,1,96,1,128,1,1,54,0.000,0.049,,,,,Orin (0),1,,7,sm80_xmma_gemm_f16f16_f16f32_f32_tn_n_tilesize32x32x64_stage6_warpsize2x2x1_tensor16x8x16_execute_kernel_trt
40152437248,119488,8561,1,96,1,128,1,1,54,0.000,0.049,,,,,Orin (0),1,,7,sm80_xmma_gemm_f16f16_f16f16_f16_tn_n_tilesize32x32x64_stage6_warpsize2x2x1_tensor16x8x16_fused
40152606496,105920,8567,1,16,1,128,1,1,94,0.000,0.066,,,,,Orin (0),1,,7,sm80_xmma_gemm_f16f16_f16f16_f16_nn_n_tilesize64x64x64_stage4_warpsize2x2x1_tensor16x8x16_fused
40152714656,7392,8568,1,1,1,128,1,1,21,0.000,0.000,,,,,Orin (0),1,,7,__myl_MulMeaAddSqrDivMulMul_0x8548fa9a57c713be1fdaa27c95458b99
40152724384,141280,8569,1,128,1,128,1,1,54,0.000,0.049,,,,,Orin (0),1,,7,sm80_xmma_gemm_f16f16_f16f32_f32_tn_n_tilesize32x32x64_stage6_warpsize2x2x1_tensor16x8x16_execute_kernel_trt
40152867968,9568,8570,72,1,1,256,1,1,16,0.000,0.000,,,,,Orin (0),1,,7,__myl_MovResConResRep_0xeb90291bbf009f8413c8500b92afa70a_com
40152879840,6272,8571,8,1,1,128,1,1,16,0.000,0.000,,,,,Orin (0),1,,7,__myl_MovResMulMea_0x8729692710be644f17c7f997918851be
40152888448,10176,8572,72,1,1,256,1,1,20,0.000,0.000,,,,,Orin (0),1,,7,__myl_AddSqrDivMulMulResSliSliNegConMulMulAddConResRepResTra_0x5aea462b6a819ceadd3ebb32874c078f_com
40152900960,5504,8573,16,1,1,128,1,1,16,0.000,0.000,,,,,Orin (0),1,,7,__myl_MovResMulMea_0x61ec5b9962acde3fddf5628b2e6fd459
40152908736,5120,8574,8,1,1,256,1,1,22,0.000,0.000,,,,,Orin (0),1,,7,__myl_AddSqrDivMulMulResSliSliNegConMulMulAdd_0xf1ba08cc3beaba8ee91b0504be9c2cf4
40152916128,14496,8575,1,1,16,128,1,1,92,0.000,0.049,,,,,Orin (0),1,,7,sm80_xmma_gemm_f16f16_f16f32_f32_nn_n_tilesize32x32x64_stage6_warpsize2x2x1_tensor16x8x16_aligna2_alignc2_execute_kernel_trt
40152932928,6016,8576,16,1,1,128,1,1,18,0.000,0.000,,,,,Orin (0),1,,7,__myl_MulMaxSubExpSumDivMul_0x1108f5a078d6e65507c06537b9b2e43f_com
40152941120,25024,8579,1,1,16,128,1,1,242,0.000,0.061,,,,,Orin (0),1,,7,sm80_xmma_gemm_f16f16_f16f32_f32_nn_n_tilesize64x128x32_stage5_warpsize2x2x1_tensor16x8x16_aligna2_alignc2_execute_kernel_trt
40153005024,78496,8580,1,32,1,128,1,1,54,0.000,0.049,,,,,Orin (0),1,,7,sm80_xmma_gemm_f16f16_f16f32_f32_tn_n_tilesize32x32x64_stage6_warpsize2x2x1_tensor16x8x16_execute_kernel_trt
40153085792,6080,8581,1,1,1,128,1,1,21,0.000,0.000,,,,,Orin (0),1,,7,__myl_AddMulMeaAddSqrDivMulMul_0x37f7a26fc5e98dd1cffe0df41b34ef4f
40153100000,112192,8582,1,96,1,128,1,1,54,0.000,0.049,,,,,Orin (0),1,,7,sm80_xmma_gemm_f16f16_f16f32_f32_tn_n_tilesize32x32x64_stage6_warpsize2x2x1_tensor16x8x16_execute_kernel_trt
40153276832,118432,8586,1,96,1,128,1,1,54,0.000,0.049,,,,,Orin (0),1,,7,sm80_xmma_gemm_f16f16_f16f16_f16_tn_n_tilesize32x32x64_stage6_warpsize2x2x1_tensor16x8x16_fused
40153439680,104896,8592,1,16,1,128,1,1,94,0.000,0.066,,,,,Orin (0),1,,7,sm80_xmma_gemm_f16f16_f16f16_f16_nn_n_tilesize64x64x64_stage4_warpsize2x2x1_tensor16x8x16_fused
40153546912,6880,8593,1,1,1,128,1,1,21,0.000,0.000,,,,,Orin (0),1,,7,__myl_MulMeaAddSqrDivMulMul_0x8548fa9a57c713be1fdaa27c95458b99
40153556064,143424,8594,1,128,1,128,1,1,54,0.000,0.049,,,,,Orin (0),1,,7,sm80_xmma_gemm_f16f16_f16f32_f32_tn_n_tilesize32x32x64_stage6_warpsize2x2x1_tensor16x8x16_execute_kernel_trt
40153701728,9376,8595,72,1,1,256,1,1,16,0.000,0.000,,,,,Orin (0),1,,7,__myl_MovResConResRep_0xeb90291bbf009f8413c8500b92afa70a_com
40153713344,6464,8596,8,1,1,128,1,1,16,0.000,0.000,,,,,Orin (0),1,,7,__myl_MovResMulMea_0x8729692710be644f17c7f997918851be
40153722080,10208,8597,72,1,1,256,1,1,20,0.000,0.000,,,,,Orin (0),1,,7,__myl_AddSqrDivMulMulResSliSliNegConMulMulAddConResRepResTra_0x5aea462b6a819ceadd3ebb32874c078f_com
40153734592,4896,8598,16,1,1,128,1,1,16,0.000,0.000,,,,,Orin (0),1,,7,__myl_MovResMulMea_0x61ec5b9962acde3fddf5628b2e6fd459
40153741728,5216,8599,8,1,1,256,1,1,22,0.000,0.000,,,,,Orin (0),1,,7,__myl_AddSqrDivMulMulResSliSliNegConMulMulAdd_0xf1ba08cc3beaba8ee91b0504be9c2cf4
40153749216,14336,8600,1,1,16,128,1,1,92,0.000,0.049,,,,,Orin (0),1,,7,sm80_xmma_gemm_f16f16_f16f32_f32_nn_n_tilesize32x32x64_stage6_warpsize2x2x1_tensor16x8x16_aligna2_alignc2_execute_kernel_trt
40153765856,5856,8601,16,1,1,128,1,1,18,0.000,0.000,,,,,Orin (0),1,,7,__myl_MulMaxSubExpSumDivMul_0x1108f5a078d6e65507c06537b9b2e43f_com
40153773984,24736,8604,1,1,16,128,1,1,242,0.000,0.061,,,,,Orin (0),1,,7,sm80_xmma_gemm_f16f16_f16f32_f32_nn_n_tilesize64x128x32_stage5_warpsize2x2x1_tensor16x8x16_aligna2_alignc2_execute_kernel_trt
40153839072,80192,8605,1,32,1,128,1,1,54,0.000,0.049,,,,,Orin (0),1,,7,sm80_xmma_gemm_f16f16_f16f32_f32_tn_n_tilesize32x32x64_stage6_warpsize2x2x1_tensor16x8x16_execute_kernel_trt
40153921504,7968,8606,1,1,1,128,1,1,21,0.000,0.000,,,,,Orin (0),1,,7,__myl_AddMulMeaAddSqrDivMulMul_0x37f7a26fc5e98dd1cffe0df41b34ef4f
40153931712,111552,8607,1,96,1,128,1,1,54,0.000,0.049,,,,,Orin (0),1,,7,sm80_xmma_gemm_f16f16_f16f32_f32_tn_n_tilesize32x32x64_stage6_warpsize2x2x1_tensor16x8x16_execute_kernel_trt
40154108288,119296,8611,1,96,1,128,1,1,54,0.000,0.049,,,,,Orin (0),1,,7,sm80_xmma_gemm_f16f16_f16f16_f16_tn_n_tilesize32x32x64_stage6_warpsize2x2x1_tensor16x8x16_fused
40154276896,105152,8617,1,16,1,128,1,1,94,0.000,0.066,,,,,Orin (0),1,,7,sm80_xmma_gemm_f16f16_f16f16_f16_nn_n_tilesize64x64x64_stage4_warpsize2x2x1_tensor16x8x16_fused
40154384320,6752,8618,1,1,1,128,1,1,21,0.000,0.000,,,,,Orin (0),1,,7,__myl_MulMeaAddSqrDivMulMul_0x8548fa9a57c713be1fdaa27c95458b99
40154393344,141984,8619,1,128,1,128,1,1,54,0.000,0.049,,,,,Orin (0),1,,7,sm80_xmma_gemm_f16f16_f16f32_f32_tn_n_tilesize32x32x64_stage6_warpsize2x2x1_tensor16x8x16_execute_kernel_trt
40154537536,9408,8620,72,1,1,256,1,1,16,0.000,0.000,,,,,Orin (0),1,,7,__myl_MovResConResRep_0xeb90291bbf009f8413c8500b92afa70a_com
40154549152,6368,8621,8,1,1,128,1,1,16,0.000,0.000,,,,,Orin (0),1,,7,__myl_MovResMulMea_0x8729692710be644f17c7f997918851be
40154557824,10400,8622,72,1,1,256,1,1,20,0.000,0.000,,,,,Orin (0),1,,7,__myl_AddSqrDivMulMulResSliSliNegConMulMulAddConResRepResTra_0x5aea462b6a819ceadd3ebb32874c078f_com
40154570592,5504,8623,16,1,1,128,1,1,16,0.000,0.000,,,,,Orin (0),1,,7,__myl_MovResMulMea_0x61ec5b9962acde3fddf5628b2e6fd459
40154578304,5280,8624,8,1,1,256,1,1,22,0.000,0.000,,,,,Orin (0),1,,7,__myl_AddSqrDivMulMulResSliSliNegConMulMulAdd_0xf1ba08cc3beaba8ee91b0504be9c2cf4
40154585856,14208,8625,1,1,16,128,1,1,92,0.000,0.049,,,,,Orin (0),1,,7,sm80_xmma_gemm_f16f16_f16f32_f32_nn_n_tilesize32x32x64_stage6_warpsize2x2x1_tensor16x8x16_aligna2_alignc2_execute_kernel_trt
40154602368,5600,8626,16,1,1,128,1,1,18,0.000,0.000,,,,,Orin (0),1,,7,__myl_MulMaxSubExpSumDivMul_0x1108f5a078d6e65507c06537b9b2e43f_com
40154636768,24032,8629,1,1,16,128,1,1,242,0.000,0.061,,,,,Orin (0),1,,7,sm80_xmma_gemm_f16f16_f16f32_f32_nn_n_tilesize64x128x32_stage5_warpsize2x2x1_tensor16x8x16_aligna2_alignc2_execute_kernel_trt
40154703840,79424,8630,1,32,1,128,1,1,54,0.000,0.049,,,,,Orin (0),1,,7,sm80_xmma_gemm_f16f16_f16f32_f32_tn_n_tilesize32x32x64_stage6_warpsize2x2x1_tensor16x8x16_execute_kernel_trt
40154785504,7520,8631,1,1,1,128,1,1,21,0.000,0.000,,,,,Orin (0),1,,7,__myl_AddMulMeaAddSqrDivMulMul_0x37f7a26fc5e98dd1cffe0df41b34ef4f
40154795232,112640,8632,1,96,1,128,1,1,54,0.000,0.049,,,,,Orin (0),1,,7,sm80_xmma_gemm_f16f16_f16f32_f32_tn_n_tilesize32x32x64_stage6_warpsize2x2x1_tensor16x8x16_execute_kernel_trt
40154981088,118720,8636,1,96,1,128,1,1,54,0.000,0.049,,,,,Orin (0),1,,7,sm80_xmma_gemm_f16f16_f16f16_f16_tn_n_tilesize32x32x64_stage6_warpsize2x2x1_tensor16x8x16_fused
40155143328,106048,8642,1,16,1,128,1,1,94,0.000,0.066,,,,,Orin (0),1,,7,sm80_xmma_gemm_f16f16_f16f16_f16_nn_n_tilesize64x64x64_stage4_warpsize2x2x1_tensor16x8x16_fused
40155251584,6784,8643,1,1,1,128,1,1,21,0.000,0.000,,,,,Orin (0),1,,7,__myl_MulMeaAddSqrDivMulMul_0x8548fa9a57c713be1fdaa27c95458b99
40155260544,145440,8644,1,128,1,128,1,1,54,0.000,0.049,,,,,Orin (0),1,,7,sm80_xmma_gemm_f16f16_f16f32_f32_tn_n_tilesize32x32x64_stage6_warpsize2x2x1_tensor16x8x16_execute_kernel_trt
40155408224,9792,8645,72,1,1,256,1,1,16,0.000,0.000,,,,,Orin (0),1,,7,__myl_MovResConResRep_0xeb90291bbf009f8413c8500b92afa70a_com
40155420384,6688,8646,8,1,1,128,1,1,16,0.000,0.000,,,,,Orin (0),1,,7,__myl_MovResMulMea_0x8729692710be644f17c7f997918851be
40155428992,9440,8647,72,1,1,256,1,1,20,0.000,0.000,,,,,Orin (0),1,,7,__myl_AddSqrDivMulMulResSliSliNegConMulMulAddConResRepResTra_0x5aea462b6a819ceadd3ebb32874c078f_com
40155440736,5504,8648,16,1,1,128,1,1,16,0.000,0.000,,,,,Orin (0),1,,7,__myl_MovResMulMea_0x61ec5b9962acde3fddf5628b2e6fd459
40155448576,5056,8649,8,1,1,256,1,1,22,0.000,0.000,,,,,Orin (0),1,,7,__myl_AddSqrDivMulMulResSliSliNegConMulMulAdd_0xf1ba08cc3beaba8ee91b0504be9c2cf4
40155455936,14336,8650,1,1,16,128,1,1,92,0.000,0.049,,,,,Orin (0),1,,7,sm80_xmma_gemm_f16f16_f16f32_f32_nn_n_tilesize32x32x64_stage6_warpsize2x2x1_tensor16x8x16_aligna2_alignc2_execute_kernel_trt
40155472576,5888,8651,16,1,1,128,1,1,18,0.000,0.000,,,,,Orin (0),1,,7,__myl_MulMaxSubExpSumDivMul_0x1108f5a078d6e65507c06537b9b2e43f_com
40155480896,24928,8654,1,1,16,128,1,1,242,0.000,0.061,,,,,Orin (0),1,,7,sm80_xmma_gemm_f16f16_f16f32_f32_nn_n_tilesize64x128x32_stage5_warpsize2x2x1_tensor16x8x16_aligna2_alignc2_execute_kernel_trt
40155508160,78912,8655,1,32,1,128,1,1,54,0.000,0.049,,,,,Orin (0),1,,7,sm80_xmma_gemm_f16f16_f16f32_f32_tn_n_tilesize32x32x64_stage6_warpsize2x2x1_tensor16x8x16_execute_kernel_trt
40155589280,7712,8656,1,1,1,128,1,1,21,0.000,0.000,,,,,Orin (0),1,,7,__myl_AddMulMeaAddSqrDivMulMul_0x37f7a26fc5e98dd1cffe0df41b34ef4f
40155639680,112032,8657,1,96,1,128,1,1,54,0.000,0.049,,,,,Orin (0),1,,7,sm80_xmma_gemm_f16f16_f16f32_f32_tn_n_tilesize32x32x64_stage6_warpsize2x2x1_tensor16x8x16_execute_kernel_trt
40155817408,118784,8661,1,96,1,128,1,1,54,0.000,0.049,,,,,Orin (0),1,,7,sm80_xmma_gemm_f16f16_f16f16_f16_tn_n_tilesize32x32x64_stage6_warpsize2x2x1_tensor16x8x16_fused
40155977408,105568,8667,1,16,1,128,1,1,94,0.000,0.066,,,,,Orin (0),1,,7,sm80_xmma_gemm_f16f16_f16f16_f16_nn_n_tilesize64x64x64_stage4_warpsize2x2x1_tensor16x8x16_fused
40156085216,7200,8668,1,1,1,128,1,1,21,0.000,0.000,,,,,Orin (0),1,,7,__myl_MulMeaAddSqrDivMulMul_0x8548fa9a57c713be1fdaa27c95458b99
40156094688,142464,8669,1,128,1,128,1,1,54,0.000,0.049,,,,,Orin (0),1,,7,sm80_xmma_gemm_f16f16_f16f32_f32_tn_n_tilesize32x32x64_stage6_warpsize2x2x1_tensor16x8x16_execute_kernel_trt
40156239488,9312,8670,72,1,1,256,1,1,16,0.000,0.000,,,,,Orin (0),1,,7,__myl_MovResConResRep_0xeb90291bbf009f8413c8500b92afa70a_com
40156251104,6432,8671,8,1,1,128,1,1,16,0.000,0.000,,,,,Orin (0),1,,7,__myl_MovResMulMea_0x8729692710be644f17c7f997918851be
40156259776,9920,8672,72,1,1,256,1,1,20,0.000,0.000,,,,,Orin (0),1,,7,__myl_AddSqrDivMulMulResSliSliNegConMulMulAddConResRepResTra_0x5aea462b6a819ceadd3ebb32874c078f_com
40156272000,5824,8673,16,1,1,128,1,1,16,0.000,0.000,,,,,Orin (0),1,,7,__myl_MovResMulMea_0x61ec5b9962acde3fddf5628b2e6fd459
40156279776,5216,8674,8,1,1,256,1,1,22,0.000,0.000,,,,,Orin (0),1,,7,__myl_AddSqrDivMulMulResSliSliNegConMulMulAdd_0xf1ba08cc3beaba8ee91b0504be9c2cf4
40156287328,14272,8675,1,1,16,128,1,1,92,0.000,0.049,,,,,Orin (0),1,,7,sm80_xmma_gemm_f16f16_f16f32_f32_nn_n_tilesize32x32x64_stage6_warpsize2x2x1_tensor16x8x16_aligna2_alignc2_execute_kernel_trt
40156303904,5856,8676,16,1,1,128,1,1,18,0.000,0.000,,,,,Orin (0),1,,7,__myl_MulMaxSubExpSumDivMul_0x1108f5a078d6e65507c06537b9b2e43f_com
40156312064,24096,8679,1,1,16,128,1,1,242,0.000,0.061,,,,,Orin (0),1,,7,sm80_xmma_gemm_f16f16_f16f32_f32_nn_n_tilesize64x128x32_stage5_warpsize2x2x1_tensor16x8x16_aligna2_alignc2_execute_kernel_trt
40156352448,78688,8680,1,32,1,128,1,1,54,0.000,0.049,,,,,Orin (0),1,,7,sm80_xmma_gemm_f16f16_f16f32_f32_tn_n_tilesize32x32x64_stage6_warpsize2x2x1_tensor16x8x16_execute_kernel_trt
40156433632,5344,8681,1,1,1,128,1,1,21,0.000,0.000,,,,,Orin (0),1,,7,__myl_AddMulMeaAddSqrDivMulMul_0x37f7a26fc5e98dd1cffe0df41b34ef4f
40156445024,110304,8682,1,96,1,128,1,1,54,0.000,0.049,,,,,Orin (0),1,,7,sm80_xmma_gemm_f16f16_f16f32_f32_tn_n_tilesize32x32x64_stage6_warpsize2x2x1_tensor16x8x16_execute_kernel_trt
40156616608,117984,8686,1,96,1,128,1,1,54,0.000,0.049,,,,,Orin (0),1,,7,sm80_xmma_gemm_f16f16_f16f16_f16_tn_n_tilesize32x32x64_stage6_warpsize2x2x1_tensor16x8x16_fused
40156780480,105568,8692,1,16,1,128,1,1,94,0.000,0.066,,,,,Orin (0),1,,7,sm80_xmma_gemm_f16f16_f16f16_f16_nn_n_tilesize64x64x64_stage4_warpsize2x2x1_tensor16x8x16_fused
40156888288,7040,8693,1,1,1,128,1,1,21,0.000,0.000,,,,,Orin (0),1,,7,__myl_MulMeaAddSqrDivMulMul_0x8548fa9a57c713be1fdaa27c95458b99
40156897664,143136,8694,1,128,1,128,1,1,54,0.000,0.049,,,,,Orin (0),1,,7,sm80_xmma_gemm_f16f16_f16f32_f32_tn_n_tilesize32x32x64_stage6_warpsize2x2x1_tensor16x8x16_execute_kernel_trt
40157043072,9504,8695,72,1,1,256,1,1,16,0.000,0.000,,,,,Orin (0),1,,7,__myl_MovResConResRep_0xeb90291bbf009f8413c8500b92afa70a_com
40157054880,6464,8696,8,1,1,128,1,1,16,0.000,0.000,,,,,Orin (0),1,,7,__myl_MovResMulMea_0x8729692710be644f17c7f997918851be
40157063680,10496,8697,72,1,1,256,1,1,20,0.000,0.000,,,,,Orin (0),1,,7,__myl_AddSqrDivMulMulResSliSliNegConMulMulAddConResRepResTra_0x5aea462b6a819ceadd3ebb32874c078f_com
40157076480,5472,8698,16,1,1,128,1,1,16,0.000,0.000,,,,,Orin (0),1,,7,__myl_MovResMulMea_0x61ec5b9962acde3fddf5628b2e6fd459
40157084256,5088,8699,8,1,1,256,1,1,22,0.000,0.000,,,,,Orin (0),1,,7,__myl_AddSqrDivMulMulResSliSliNegConMulMulAdd_0xf1ba08cc3beaba8ee91b0504be9c2cf4
40157091584,14368,8700,1,1,16,128,1,1,92,0.000,0.049,,,,,Orin (0),1,,7,sm80_xmma_gemm_f16f16_f16f32_f32_nn_n_tilesize32x32x64_stage6_warpsize2x2x1_tensor16x8x16_aligna2_alignc2_execute_kernel_trt
40157108224,5888,8701,16,1,1,128,1,1,18,0.000,0.000,,,,,Orin (0),1,,7,__myl_MulMaxSubExpSumDivMul_0x1108f5a078d6e65507c06537b9b2e43f_com
40157116416,25248,8704,1,1,16,128,1,1,242,0.000,0.061,,,,,Orin (0),1,,7,sm80_xmma_gemm_f16f16_f16f32_f32_nn_n_tilesize64x128x32_stage5_warpsize2x2x1_tensor16x8x16_aligna2_alignc2_execute_kernel_trt
40157145440,80448,8705,1,32,1,128,1,1,54,0.000,0.049,,,,,Orin (0),1,,7,sm80_xmma_gemm_f16f16_f16f32_f32_tn_n_tilesize32x32x64_stage6_warpsize2x2x1_tensor16x8x16_execute_kernel_trt
40157228160,5472,8706,1,1,1,128,1,1,21,0.000,0.000,,,,,Orin (0),1,,7,__myl_AddMulMeaAddSqrDivMulMul_0x37f7a26fc5e98dd1cffe0df41b34ef4f
40157238656,112992,8707,1,96,1,128,1,1,54,0.000,0.049,,,,,Orin (0),1,,7,sm80_xmma_gemm_f16f16_f16f32_f32_tn_n_tilesize32x32x64_stage6_warpsize2x2x1_tensor16x8x16_execute_kernel_trt
40157412864,117696,8711,1,96,1,128,1,1,54,0.000,0.049,,,,,Orin (0),1,,7,sm80_xmma_gemm_f16f16_f16f16_f16_tn_n_tilesize32x32x64_stage6_warpsize2x2x1_tensor16x8x16_fused
40157575488,105312,8717,1,16,1,128,1,1,94,0.000,0.066,,,,,Orin (0),1,,7,sm80_xmma_gemm_f16f16_f16f16_f16_nn_n_tilesize64x64x64_stage4_warpsize2x2x1_tensor16x8x16_fused
40158475648,7392,8722,1,1,1,128,1,1,29,0.000,0.000,,,,,Orin (0),1,,7,__myl_MovMulMeaAddSqrDivMulMulCas_0x62665ed68e2d72f01be2ec50e848f2e2_vec
40159450272,4723136,8727,1187,1,1,64,1,1,149,0.025,0.000,,,,,Orin (0),1,,7,trt_ampere_h16816gemm_128x64_ldg8_nn_v1
40305379552,11456,8900,1,1,1,128,1,1,16,0.000,0.000,,,,,Orin (0),1,,35,"void at::native::vectorized_elementwise_kernel<(int)4, at::native::FillFunctor<long>, at::detail::Array<char *, (int)1>>(int, T2, T3)"
40305532832,8160,8906,1,1,1,128,1,1,16,0.000,0.000,,,,,Orin (0),1,,35,"void at::native::vectorized_elementwise_kernel<(int)4, at::native::FillFunctor<long>, at::detail::Array<char *, (int)1>>(int, T2, T3)"
40322596192,3616,9487,,,,,,,,,,0.000,2.212,Pageable,Device,Orin (0),1,,7,[CUDA memcpy Host-to-Device]
40323268032,21568,9499,1,1,1,256,1,1,32,0.000,0.000,,,,,Orin (0),1,,7,__myl_CasGat_0xdee2c73dd5d0e0fe099a0774cba2143f
40323511200,1472,9515,,,,,,,,,,0.000,5.435,Pageable,Device,Orin (0),1,,7,[CUDA memcpy Host-to-Device]
40338926400,19072,10112,1,1,1,128,1,1,21,0.000,0.000,,,,,Orin (0),1,,7,__myl_MovMulMeaAddSqrDivMulMul_0x2a5532526e8c57d9427ed6b89bda5183
40338949568,301824,10113,1,128,1,128,1,1,50,0.000,0.049,,,,,Orin (0),1,,7,sm80_xmma_gemm_f16f16_f16f16_f16_tn_n_tilesize32x32x64_stage6_warpsize2x2x1_tensor16x8x16_execute_kernel_trt
40339255264,19616,10114,72,1,1,256,1,1,16,0.000,0.000,,,,,Orin (0),1,,7,__myl_MovResConResRep_0xeb90291bbf009f8413c8500b92afa70a_com
40339278592,12512,10115,8,1,1,128,1,1,16,0.000,0.000,,,,,Orin (0),1,,7,__myl_MovResMulMea_0x8729692710be644f17c7f997918851be
40339294688,10304,10116,16,1,1,128,1,1,16,0.000,0.000,,,,,Orin (0),1,,7,__myl_MovResMulMea_0x61ec5b9962acde3fddf5628b2e6fd459
40339308672,28768,10117,72,1,1,256,1,1,29,0.000,0.000,,,,,Orin (0),1,,7,__myl_CasResMulConSinResCosResAddSqrAddSqrDivMulDivMulMulResSliSliNegConMulMulAddConResRepResTraEtc_0x3beb58e4cd3dae3f69eebdbcbcc43980_com
40339341120,31296,10118,1,1,16,128,1,1,92,0.000,0.049,,,,,Orin (0),1,,7,sm80_xmma_gemm_f16f16_f16f32_f32_nn_n_tilesize32x32x64_stage6_warpsize2x2x1_tensor16x8x16_aligna2_alignc2_execute_kernel_trt
40339376096,13920,10119,16,1,1,128,1,1,18,0.000,0.000,,,,,Orin (0),1,,7,__myl_MulMaxSubExpSumDivMul_0x1108f5a078d6e65507c06537b9b2e43f_com
40339393696,49312,10122,1,1,16,128,1,1,242,0.000,0.061,,,,,Orin (0),1,,7,sm80_xmma_gemm_f16f16_f16f32_f32_nn_n_tilesize64x128x32_stage5_warpsize2x2x1_tensor16x8x16_aligna2_alignc2_execute_kernel_trt
40339446816,157792,10124,16,1,1,128,1,1,82,0.049,0.033,,,,,Orin (0),1,,7,trt_ampere_h16816gemm_64x64_ldg8_relu_stages_64x5_nn_v1
40339608448,12544,10125,1,1,1,128,1,1,21,0.000,0.000,,,,,Orin (0),1,,7,__myl_MulMeaAddSqrDivMulMul_0x8548fa9a57c713be1fdaa27c95458b99
40339625152,245056,10126,1,96,1,128,1,1,54,0.000,0.049,,,,,Orin (0),1,,7,sm80_xmma_gemm_f16f16_f16f32_f32_tn_n_tilesize32x32x64_stage6_warpsize2x2x1_tensor16x8x16_execute_kernel_trt
40339873952,256800,10127,1,96,1,128,1,1,54,0.000,0.049,,,,,Orin (0),1,,7,sm80_xmma_gemm_f16f16_f16f16_f16_tn_n_tilesize32x32x64_stage6_warpsize2x2x1_tensor16x8x16_fused
40340134688,227872,10130,1,16,1,128,1,1,94,0.000,0.066,,,,,Orin (0),1,,7,sm80_xmma_gemm_f16f16_f16f16_f16_nn_n_tilesize64x64x64_stage4_warpsize2x2x1_tensor16x8x16_fused
40340366400,12448,10131,1,1,1,128,1,1,21,0.000,0.000,,,,,Orin (0),1,,7,__myl_MulMeaAddSqrDivMulMul_0x8548fa9a57c713be1fdaa27c95458b99
40340382816,306816,10132,1,128,1,128,1,1,54,0.000,0.049,,,,,Orin (0),1,,7,sm80_xmma_gemm_f16f16_f16f32_f32_tn_n_tilesize32x32x64_stage6_warpsize2x2x1_tensor16x8x16_execute_kernel_trt
40340693440,17856,10133,72,1,1,256,1,1,16,0.000,0.000,,,,,Orin (0),1,,7,__myl_MovResConResRep_0xeb90291bbf009f8413c8500b92afa70a_com
40340715360,12064,10134,8,1,1,128,1,1,16,0.000,0.000,,,,,Orin (0),1,,7,__myl_MovResMulMea_0x8729692710be644f17c7f997918851be
40340731168,21056,10135,72,1,1,256,1,1,20,0.000,0.000,,,,,Orin (0),1,,7,__myl_AddSqrDivMulMulResSliSliNegConMulMulAddConResRepResTra_0x5aea462b6a819ceadd3ebb32874c078f_com
40340756000,9984,10136,16,1,1,128,1,1,16,0.000,0.000,,,,,Orin (0),1,,7,__myl_MovResMulMea_0x61ec5b9962acde3fddf5628b2e6fd459
40340769664,9536,10137,8,1,1,256,1,1,22,0.000,0.000,,,,,Orin (0),1,,7,__myl_AddSqrDivMulMulResSliSliNegConMulMulAdd_0xf1ba08cc3beaba8ee91b0504be9c2cf4
40340783040,30144,10138,1,1,16,128,1,1,92,0.000,0.049,,,,,Orin (0),1,,7,sm80_xmma_gemm_f16f16_f16f32_f32_nn_n_tilesize32x32x64_stage6_warpsize2x2x1_tensor16x8x16_aligna2_alignc2_execute_kernel_trt
40340817024,12768,10139,16,1,1,128,1,1,18,0.000,0.000,,,,,Orin (0),1,,7,__myl_MulMaxSubExpSumDivMul_0x1108f5a078d6e65507c06537b9b2e43f_com
40340833568,48736,10142,1,1,16,128,1,1,242,0.000,0.061,,,,,Orin (0),1,,7,sm80_xmma_gemm_f16f16_f16f32_f32_nn_n_tilesize64x128x32_stage5_warpsize2x2x1_tensor16x8x16_aligna2_alignc2_execute_kernel_trt
40340886016,164896,10143,1,32,1,128,1,1,54,0.000,0.049,,,,,Orin (0),1,,7,sm80_xmma_gemm_f16f16_f16f32_f32_tn_n_tilesize32x32x64_stage6_warpsize2x2x1_tensor16x8x16_execute_kernel_trt
40341054688,14080,10144,1,1,1,128,1,1,21,0.000,0.000,,,,,Orin (0),1,,7,__myl_AddMulMeaAddSqrDivMulMul_0x37f7a26fc5e98dd1cffe0df41b34ef4f
40341072448,243136,10145,1,96,1,128,1,1,54,0.000,0.049,,,,,Orin (0),1,,7,sm80_xmma_gemm_f16f16_f16f32_f32_tn_n_tilesize32x32x64_stage6_warpsize2x2x1_tensor16x8x16_execute_kernel_trt
40341319360,255232,10146,1,96,1,128,1,1,54,0.000,0.049,,,,,Orin (0),1,,7,sm80_xmma_gemm_f16f16_f16f16_f16_tn_n_tilesize32x32x64_stage6_warpsize2x2x1_tensor16x8x16_fused
40341578336,229472,10149,1,16,1,128,1,1,94,0.000,0.066,,,,,Orin (0),1,,7,sm80_xmma_gemm_f16f16_f16f16_f16_nn_n_tilesize64x64x64_stage4_warpsize2x2x1_tensor16x8x16_fused
40341811392,12480,10150,1,1,1,128,1,1,21,0.000,0.000,,,,,Orin (0),1,,7,__myl_MulMeaAddSqrDivMulMul_0x8548fa9a57c713be1fdaa27c95458b99
40341827328,301984,10151,1,128,1,128,1,1,54,0.000,0.049,,,,,Orin (0),1,,7,sm80_xmma_gemm_f16f16_f16f32_f32_tn_n_tilesize32x32x64_stage6_warpsize2x2x1_tensor16x8x16_execute_kernel_trt
40342133024,17920,10152,72,1,1,256,1,1,16,0.000,0.000,,,,,Orin (0),1,,7,__myl_MovResConResRep_0xeb90291bbf009f8413c8500b92afa70a_com
40342154944,12352,10153,8,1,1,128,1,1,16,0.000,0.000,,,,,Orin (0),1,,7,__myl_MovResMulMea_0x8729692710be644f17c7f997918851be
40342171040,21024,10154,72,1,1,256,1,1,20,0.000,0.000,,,,,Orin (0),1,,7,__myl_AddSqrDivMulMulResSliSliNegConMulMulAddConResRepResTra_0x5aea462b6a819ceadd3ebb32874c078f_com
40342195776,10688,10155,16,1,1,128,1,1,16,0.000,0.000,,,,,Orin (0),1,,7,__myl_MovResMulMea_0x61ec5b9962acde3fddf5628b2e6fd459
40342210176,9664,10156,8,1,1,256,1,1,22,0.000,0.000,,,,,Orin (0),1,,7,__myl_AddSqrDivMulMulResSliSliNegConMulMulAdd_0xf1ba08cc3beaba8ee91b0504be9c2cf4
40342223904,31008,10157,1,1,16,128,1,1,92,0.000,0.049,,,,,Orin (0),1,,7,sm80_xmma_gemm_f16f16_f16f32_f32_nn_n_tilesize32x32x64_stage6_warpsize2x2x1_tensor16x8x16_aligna2_alignc2_execute_kernel_trt
40342258944,12576,10158,16,1,1,128,1,1,18,0.000,0.000,,,,,Orin (0),1,,7,__myl_MulMaxSubExpSumDivMul_0x1108f5a078d6e65507c06537b9b2e43f_com
40342275264,49952,10161,1,1,16,128,1,1,242,0.000,0.061,,,,,Orin (0),1,,7,sm80_xmma_gemm_f16f16_f16f32_f32_nn_n_tilesize64x128x32_stage5_warpsize2x2x1_tensor16x8x16_aligna2_alignc2_execute_kernel_trt
40342328928,164096,10162,1,32,1,128,1,1,54,0.000,0.049,,,,,Orin (0),1,,7,sm80_xmma_gemm_f16f16_f16f32_f32_tn_n_tilesize32x32x64_stage6_warpsize2x2x1_tensor16x8x16_execute_kernel_trt
40342496704,13728,10163,1,1,1,128,1,1,21,0.000,0.000,,,,,Orin (0),1,,7,__myl_AddMulMeaAddSqrDivMulMul_0x37f7a26fc5e98dd1cffe0df41b34ef4f
40342514144,243392,10164,1,96,1,128,1,1,54,0.000,0.049,,,,,Orin (0),1,,7,sm80_xmma_gemm_f16f16_f16f32_f32_tn_n_tilesize32x32x64_stage6_warpsize2x2x1_tensor16x8x16_execute_kernel_trt
40342761248,251296,10165,1,96,1,128,1,1,54,0.000,0.049,,,,,Orin (0),1,,7,sm80_xmma_gemm_f16f16_f16f16_f16_tn_n_tilesize32x32x64_stage6_warpsize2x2x1_tensor16x8x16_fused
40343016704,229376,10168,1,16,1,128,1,1,94,0.000,0.066,,,,,Orin (0),1,,7,sm80_xmma_gemm_f16f16_f16f16_f16_nn_n_tilesize64x64x64_stage4_warpsize2x2x1_tensor16x8x16_fused
40343249920,12544,10169,1,1,1,128,1,1,21,0.000,0.000,,,,,Orin (0),1,,7,__myl_MulMeaAddSqrDivMulMul_0x8548fa9a57c713be1fdaa27c95458b99
40343266144,307488,10170,1,128,1,128,1,1,54,0.000,0.049,,,,,Orin (0),1,,7,sm80_xmma_gemm_f16f16_f16f32_f32_tn_n_tilesize32x32x64_stage6_warpsize2x2x1_tensor16x8x16_execute_kernel_trt
40343577344,18560,10171,72,1,1,256,1,1,16,0.000,0.000,,,,,Orin (0),1,,7,__myl_MovResConResRep_0xeb90291bbf009f8413c8500b92afa70a_com
40343599680,12224,10172,8,1,1,128,1,1,16,0.000,0.000,,,,,Orin (0),1,,7,__myl_MovResMulMea_0x8729692710be644f17c7f997918851be
40343615680,21472,10173,72,1,1,256,1,1,20,0.000,0.000,,,,,Orin (0),1,,7,__myl_AddSqrDivMulMulResSliSliNegConMulMulAddConResRepResTra_0x5aea462b6a819ceadd3ebb32874c078f_com
40343640896,9760,10174,16,1,1,128,1,1,16,0.000,0.000,,,,,Orin (0),1,,7,__myl_MovResMulMea_0x61ec5b9962acde3fddf5628b2e6fd459
40343654368,9408,10175,8,1,1,256,1,1,22,0.000,0.000,,,,,Orin (0),1,,7,__myl_AddSqrDivMulMulResSliSliNegConMulMulAdd_0xf1ba08cc3beaba8ee91b0504be9c2cf4
40343667552,30976,10176,1,1,16,128,1,1,92,0.000,0.049,,,,,Orin (0),1,,7,sm80_xmma_gemm_f16f16_f16f32_f32_nn_n_tilesize32x32x64_stage6_warpsize2x2x1_tensor16x8x16_aligna2_alignc2_execute_kernel_trt
40343702368,12544,10177,16,1,1,128,1,1,18,0.000,0.000,,,,,Orin (0),1,,7,__myl_MulMaxSubExpSumDivMul_0x1108f5a078d6e65507c06537b9b2e43f_com
40343718592,48704,10180,1,1,16,128,1,1,242,0.000,0.061,,,,,Orin (0),1,,7,sm80_xmma_gemm_f16f16_f16f32_f32_nn_n_tilesize64x128x32_stage5_warpsize2x2x1_tensor16x8x16_aligna2_alignc2_execute_kernel_trt
40343771296,166240,10181,1,32,1,128,1,1,54,0.000,0.049,,,,,Orin (0),1,,7,sm80_xmma_gemm_f16f16_f16f32_f32_tn_n_tilesize32x32x64_stage6_warpsize2x2x1_tensor16x8x16_execute_kernel_trt
40343941376,13728,10182,1,1,1,128,1,1,21,0.000,0.000,,,,,Orin (0),1,,7,__myl_AddMulMeaAddSqrDivMulMul_0x37f7a26fc5e98dd1cffe0df41b34ef4f
40343958848,242624,10183,1,96,1,128,1,1,54,0.000,0.049,,,,,Orin (0),1,,7,sm80_xmma_gemm_f16f16_f16f32_f32_tn_n_tilesize32x32x64_stage6_warpsize2x2x1_tensor16x8x16_execute_kernel_trt
40344205024,256192,10184,1,96,1,128,1,1,54,0.000,0.049,,,,,Orin (0),1,,7,sm80_xmma_gemm_f16f16_f16f16_f16_tn_n_tilesize32x32x64_stage6_warpsize2x2x1_tensor16x8x16_fused
40344464896,230560,10187,1,16,1,128,1,1,94,0.000,0.066,,,,,Orin (0),1,,7,sm80_xmma_gemm_f16f16_f16f16_f16_nn_n_tilesize64x64x64_stage4_warpsize2x2x1_tensor16x8x16_fused
40344699136,12576,10188,1,1,1,128,1,1,21,0.000,0.000,,,,,Orin (0),1,,7,__myl_MulMeaAddSqrDivMulMul_0x8548fa9a57c713be1fdaa27c95458b99
40344715488,300960,10189,1,128,1,128,1,1,54,0.000,0.049,,,,,Orin (0),1,,7,sm80_xmma_gemm_f16f16_f16f32_f32_tn_n_tilesize32x32x64_stage6_warpsize2x2x1_tensor16x8x16_execute_kernel_trt
40345020128,17632,10190,72,1,1,256,1,1,16,0.000,0.000,,,,,Orin (0),1,,7,__myl_MovResConResRep_0xeb90291bbf009f8413c8500b92afa70a_com
40345041504,12288,10191,8,1,1,128,1,1,16,0.000,0.000,,,,,Orin (0),1,,7,__myl_MovResMulMea_0x8729692710be644f17c7f997918851be
40345057600,21504,10192,72,1,1,256,1,1,20,0.000,0.000,,,,,Orin (0),1,,7,__myl_AddSqrDivMulMulResSliSliNegConMulMulAddConResRepResTra_0x5aea462b6a819ceadd3ebb32874c078f_com
40345082912,10112,10193,16,1,1,128,1,1,16,0.000,0.000,,,,,Orin (0),1,,7,__myl_MovResMulMea_0x61ec5b9962acde3fddf5628b2e6fd459
40345096800,9536,10194,8,1,1,256,1,1,22,0.000,0.000,,,,,Orin (0),1,,7,__myl_AddSqrDivMulMulResSliSliNegConMulMulAdd_0xf1ba08cc3beaba8ee91b0504be9c2cf4
40345110272,31200,10195,1,1,16,128,1,1,92,0.000,0.049,,,,,Orin (0),1,,7,sm80_xmma_gemm_f16f16_f16f32_f32_nn_n_tilesize32x32x64_stage6_warpsize2x2x1_tensor16x8x16_aligna2_alignc2_execute_kernel_trt
40345145280,12576,10196,16,1,1,128,1,1,18,0.000,0.000,,,,,Orin (0),1,,7,__myl_MulMaxSubExpSumDivMul_0x1108f5a078d6e65507c06537b9b2e43f_com
40345161600,49184,10199,1,1,16,128,1,1,242,0.000,0.061,,,,,Orin (0),1,,7,sm80_xmma_gemm_f16f16_f16f32_f32_nn_n_tilesize64x128x32_stage5_warpsize2x2x1_tensor16x8x16_aligna2_alignc2_execute_kernel_trt
40345214464,162976,10200,1,32,1,128,1,1,54,0.000,0.049,,,,,Orin (0),1,,7,sm80_xmma_gemm_f16f16_f16f32_f32_tn_n_tilesize32x32x64_stage6_warpsize2x2x1_tensor16x8x16_execute_kernel_trt
40345381248,13824,10201,1,1,1,128,1,1,21,0.000,0.000,,,,,Orin (0),1,,7,__myl_AddMulMeaAddSqrDivMulMul_0x37f7a26fc5e98dd1cffe0df41b34ef4f
40345398848,242144,10202,1,96,1,128,1,1,54,0.000,0.049,,,,,Orin (0),1,,7,sm80_xmma_gemm_f16f16_f16f32_f32_tn_n_tilesize32x32x64_stage6_warpsize2x2x1_tensor16x8x16_execute_kernel_trt
40345644672,254432,10203,1,96,1,128,1,1,54,0.000,0.049,,,,,Orin (0),1,,7,sm80_xmma_gemm_f16f16_f16f16_f16_tn_n_tilesize32x32x64_stage6_warpsize2x2x1_tensor16x8x16_fused
40345902720,230464,10206,1,16,1,128,1,1,94,0.000,0.066,,,,,Orin (0),1,,7,sm80_xmma_gemm_f16f16_f16f16_f16_nn_n_tilesize64x64x64_stage4_warpsize2x2x1_tensor16x8x16_fused
40346137024,12864,10207,1,1,1,128,1,1,21,0.000,0.000,,,,,Orin (0),1,,7,__myl_MulMeaAddSqrDivMulMul_0x8548fa9a57c713be1fdaa27c95458b99
40346153824,301184,10208,1,128,1,128,1,1,54,0.000,0.049,,,,,Orin (0),1,,7,sm80_xmma_gemm_f16f16_f16f32_f32_tn_n_tilesize32x32x64_stage6_warpsize2x2x1_tensor16x8x16_execute_kernel_trt
40346459136,17696,10209,72,1,1,256,1,1,16,0.000,0.000,,,,,Orin (0),1,,7,__myl_MovResConResRep_0xeb90291bbf009f8413c8500b92afa70a_com
40346480576,12000,10210,8,1,1,128,1,1,16,0.000,0.000,,,,,Orin (0),1,,7,__myl_MovResMulMea_0x8729692710be644f17c7f997918851be
40346496352,21280,10211,72,1,1,256,1,1,20,0.000,0.000,,,,,Orin (0),1,,7,__myl_AddSqrDivMulMulResSliSliNegConMulMulAddConResRepResTra_0x5aea462b6a819ceadd3ebb32874c078f_com
40346521376,9888,10212,16,1,1,128,1,1,16,0.000,0.000,,,,,Orin (0),1,,7,__myl_MovResMulMea_0x61ec5b9962acde3fddf5628b2e6fd459
40346535072,9536,10213,8,1,1,256,1,1,22,0.000,0.000,,,,,Orin (0),1,,7,__myl_AddSqrDivMulMulResSliSliNegConMulMulAdd_0xf1ba08cc3beaba8ee91b0504be9c2cf4
40346548448,30752,10214,1,1,16,128,1,1,92,0.000,0.049,,,,,Orin (0),1,,7,sm80_xmma_gemm_f16f16_f16f32_f32_nn_n_tilesize32x32x64_stage6_warpsize2x2x1_tensor16x8x16_aligna2_alignc2_execute_kernel_trt
40346583456,12512,10215,16,1,1,128,1,1,18,0.000,0.000,,,,,Orin (0),1,,7,__myl_MulMaxSubExpSumDivMul_0x1108f5a078d6e65507c06537b9b2e43f_com
40346599776,48576,10218,1,1,16,128,1,1,242,0.000,0.061,,,,,Orin (0),1,,7,sm80_xmma_gemm_f16f16_f16f32_f32_nn_n_tilesize64x128x32_stage5_warpsize2x2x1_tensor16x8x16_aligna2_alignc2_execute_kernel_trt
40346652128,164352,10219,1,32,1,128,1,1,54,0.000,0.049,,,,,Orin (0),1,,7,sm80_xmma_gemm_f16f16_f16f32_f32_tn_n_tilesize32x32x64_stage6_warpsize2x2x1_tensor16x8x16_execute_kernel_trt
40346820256,14048,10220,1,1,1,128,1,1,21,0.000,0.000,,,,,Orin (0),1,,7,__myl_AddMulMeaAddSqrDivMulMul_0x37f7a26fc5e98dd1cffe0df41b34ef4f
40346838144,244256,10221,1,96,1,128,1,1,54,0.000,0.049,,,,,Orin (0),1,,7,sm80_xmma_gemm_f16f16_f16f32_f32_tn_n_tilesize32x32x64_stage6_warpsize2x2x1_tensor16x8x16_execute_kernel_trt
40347086144,250304,10222,1,96,1,128,1,1,54,0.000,0.049,,,,,Orin (0),1,,7,sm80_xmma_gemm_f16f16_f16f16_f16_tn_n_tilesize32x32x64_stage6_warpsize2x2x1_tensor16x8x16_fused
40347340128,230528,10225,1,16,1,128,1,1,94,0.000,0.066,,,,,Orin (0),1,,7,sm80_xmma_gemm_f16f16_f16f16_f16_nn_n_tilesize64x64x64_stage4_warpsize2x2x1_tensor16x8x16_fused
40347574464,12512,10226,1,1,1,128,1,1,21,0.000,0.000,,,,,Orin (0),1,,7,__myl_MulMeaAddSqrDivMulMul_0x8548fa9a57c713be1fdaa27c95458b99
40347590784,301376,10227,1,128,1,128,1,1,54,0.000,0.049,,,,,Orin (0),1,,7,sm80_xmma_gemm_f16f16_f16f32_f32_tn_n_tilesize32x32x64_stage6_warpsize2x2x1_tensor16x8x16_execute_kernel_trt
40347895904,17536,10228,72,1,1,256,1,1,16,0.000,0.000,,,,,Orin (0),1,,7,__myl_MovResConResRep_0xeb90291bbf009f8413c8500b92afa70a_com
40347917120,12224,10229,8,1,1,128,1,1,16,0.000,0.000,,,,,Orin (0),1,,7,__myl_MovResMulMea_0x8729692710be644f17c7f997918851be
40347933120,21472,10230,72,1,1,256,1,1,20,0.000,0.000,,,,,Orin (0),1,,7,__myl_AddSqrDivMulMulResSliSliNegConMulMulAddConResRepResTra_0x5aea462b6a819ceadd3ebb32874c078f_com
40347958464,9952,10231,16,1,1,128,1,1,16,0.000,0.000,,,,,Orin (0),1,,7,__myl_MovResMulMea_0x61ec5b9962acde3fddf5628b2e6fd459
40347972224,9312,10232,8,1,1,256,1,1,22,0.000,0.000,,,,,Orin (0),1,,7,__myl_AddSqrDivMulMulResSliSliNegConMulMulAdd_0xf1ba08cc3beaba8ee91b0504be9c2cf4
40347985472,30944,10233,1,1,16,128,1,1,92,0.000,0.049,,,,,Orin (0),1,,7,sm80_xmma_gemm_f16f16_f16f32_f32_nn_n_tilesize32x32x64_stage6_warpsize2x2x1_tensor16x8x16_aligna2_alignc2_execute_kernel_trt
40348020480,12896,10234,16,1,1,128,1,1,18,0.000,0.000,,,,,Orin (0),1,,7,__myl_MulMaxSubExpSumDivMul_0x1108f5a078d6e65507c06537b9b2e43f_com
40348037216,48736,10237,1,1,16,128,1,1,242,0.000,0.061,,,,,Orin (0),1,,7,sm80_xmma_gemm_f16f16_f16f32_f32_nn_n_tilesize64x128x32_stage5_warpsize2x2x1_tensor16x8x16_aligna2_alignc2_execute_kernel_trt
40348089664,164064,10238,1,32,1,128,1,1,54,0.000,0.049,,,,,Orin (0),1,,7,sm80_xmma_gemm_f16f16_f16f32_f32_tn_n_tilesize32x32x64_stage6_warpsize2x2x1_tensor16x8x16_execute_kernel_trt
40348257344,13920,10239,1,1,1,128,1,1,21,0.000,0.000,,,,,Orin (0),1,,7,__myl_AddMulMeaAddSqrDivMulMul_0x37f7a26fc5e98dd1cffe0df41b34ef4f
40348275168,235264,10240,1,96,1,128,1,1,54,0.000,0.049,,,,,Orin (0),1,,7,sm80_xmma_gemm_f16f16_f16f32_f32_tn_n_tilesize32x32x64_stage6_warpsize2x2x1_tensor16x8x16_execute_kernel_trt
40348514464,255232,10241,1,96,1,128,1,1,54,0.000,0.049,,,,,Orin (0),1,,7,sm80_xmma_gemm_f16f16_f16f16_f16_tn_n_tilesize32x32x64_stage6_warpsize2x2x1_tensor16x8x16_fused
40348773344,229280,10244,1,16,1,128,1,1,94,0.000,0.066,,,,,Orin (0),1,,7,sm80_xmma_gemm_f16f16_f16f16_f16_nn_n_tilesize64x64x64_stage4_warpsize2x2x1_tensor16x8x16_fused
40349006816,12576,10245,1,1,1,128,1,1,21,0.000,0.000,,,,,Orin (0),1,,7,__myl_MulMeaAddSqrDivMulMul_0x8548fa9a57c713be1fdaa27c95458b99
40349023136,300864,10246,1,128,1,128,1,1,54,0.000,0.049,,,,,Orin (0),1,,7,sm80_xmma_gemm_f16f16_f16f32_f32_tn_n_tilesize32x32x64_stage6_warpsize2x2x1_tensor16x8x16_execute_kernel_trt
40349327808,17824,10247,72,1,1,256,1,1,16,0.000,0.000,,,,,Orin (0),1,,7,__myl_MovResConResRep_0xeb90291bbf009f8413c8500b92afa70a_com
40349349568,12160,10248,8,1,1,128,1,1,16,0.000,0.000,,,,,Orin (0),1,,7,__myl_MovResMulMea_0x8729692710be644f17c7f997918851be
40349365888,21024,10249,72,1,1,256,1,1,20,0.000,0.000,,,,,Orin (0),1,,7,__myl_AddSqrDivMulMulResSliSliNegConMulMulAddConResRepResTra_0x5aea462b6a819ceadd3ebb32874c078f_com
40349390688,10144,10250,16,1,1,128,1,1,16,0.000,0.000,,,,,Orin (0),1,,7,__myl_MovResMulMea_0x61ec5b9962acde3fddf5628b2e6fd459
40349404576,9792,10251,8,1,1,256,1,1,22,0.000,0.000,,,,,Orin (0),1,,7,__myl_AddSqrDivMulMulResSliSliNegConMulMulAdd_0xf1ba08cc3beaba8ee91b0504be9c2cf4
40349418144,31328,10252,1,1,16,128,1,1,92,0.000,0.049,,,,,Orin (0),1,,7,sm80_xmma_gemm_f16f16_f16f32_f32_nn_n_tilesize32x32x64_stage6_warpsize2x2x1_tensor16x8x16_aligna2_alignc2_execute_kernel_trt
40349453344,12768,10253,16,1,1,128,1,1,18,0.000,0.000,,,,,Orin (0),1,,7,__myl_MulMaxSubExpSumDivMul_0x1108f5a078d6e65507c06537b9b2e43f_com
40349469792,49440,10256,1,1,16,128,1,1,242,0.000,0.061,,,,,Orin (0),1,,7,sm80_xmma_gemm_f16f16_f16f32_f32_nn_n_tilesize64x128x32_stage5_warpsize2x2x1_tensor16x8x16_aligna2_alignc2_execute_kernel_trt
40349522912,165248,10257,1,32,1,128,1,1,54,0.000,0.049,,,,,Orin (0),1,,7,sm80_xmma_gemm_f16f16_f16f32_f32_tn_n_tilesize32x32x64_stage6_warpsize2x2x1_tensor16x8x16_execute_kernel_trt
40349691808,13696,10258,1,1,1,128,1,1,21,0.000,0.000,,,,,Orin (0),1,,7,__myl_AddMulMeaAddSqrDivMulMul_0x37f7a26fc5e98dd1cffe0df41b34ef4f
40349709152,242176,10259,1,96,1,128,1,1,54,0.000,0.049,,,,,Orin (0),1,,7,sm80_xmma_gemm_f16f16_f16f32_f32_tn_n_tilesize32x32x64_stage6_warpsize2x2x1_tensor16x8x16_execute_kernel_trt
40349955072,261024,10260,1,96,1,128,1,1,54,0.000,0.049,,,,,Orin (0),1,,7,sm80_xmma_gemm_f16f16_f16f16_f16_tn_n_tilesize32x32x64_stage6_warpsize2x2x1_tensor16x8x16_fused
40350219776,228896,10263,1,16,1,128,1,1,94,0.000,0.066,,,,,Orin (0),1,,7,sm80_xmma_gemm_f16f16_f16f16_f16_nn_n_tilesize64x64x64_stage4_warpsize2x2x1_tensor16x8x16_fused
40350452448,12576,10264,1,1,1,128,1,1,21,0.000,0.000,,,,,Orin (0),1,,7,__myl_MulMeaAddSqrDivMulMul_0x8548fa9a57c713be1fdaa27c95458b99
40350468800,301568,10265,1,128,1,128,1,1,54,0.000,0.049,,,,,Orin (0),1,,7,sm80_xmma_gemm_f16f16_f16f32_f32_tn_n_tilesize32x32x64_stage6_warpsize2x2x1_tensor16x8x16_execute_kernel_trt
40350774144,17760,10266,72,1,1,256,1,1,16,0.000,0.000,,,,,Orin (0),1,,7,__myl_MovResConResRep_0xeb90291bbf009f8413c8500b92afa70a_com
40350795680,11840,10267,8,1,1,128,1,1,16,0.000,0.000,,,,,Orin (0),1,,7,__myl_MovResMulMea_0x8729692710be644f17c7f997918851be
40350811296,21184,10268,72,1,1,256,1,1,20,0.000,0.000,,,,,Orin (0),1,,7,__myl_AddSqrDivMulMulResSliSliNegConMulMulAddConResRepResTra_0x5aea462b6a819ceadd3ebb32874c078f_com
40350836224,10080,10269,16,1,1,128,1,1,16,0.000,0.000,,,,,Orin (0),1,,7,__myl_MovResMulMea_0x61ec5b9962acde3fddf5628b2e6fd459
40350850272,9344,10270,8,1,1,256,1,1,22,0.000,0.000,,,,,Orin (0),1,,7,__myl_AddSqrDivMulMulResSliSliNegConMulMulAdd_0xf1ba08cc3beaba8ee91b0504be9c2cf4
40350863456,30496,10271,1,1,16,128,1,1,92,0.000,0.049,,,,,Orin (0),1,,7,sm80_xmma_gemm_f16f16_f16f32_f32_nn_n_tilesize32x32x64_stage6_warpsize2x2x1_tensor16x8x16_aligna2_alignc2_execute_kernel_trt
40350897728,12512,10272,16,1,1,128,1,1,18,0.000,0.000,,,,,Orin (0),1,,7,__myl_MulMaxSubExpSumDivMul_0x1108f5a078d6e65507c06537b9b2e43f_com
40350914048,48320,10275,1,1,16,128,1,1,242,0.000,0.061,,,,,Orin (0),1,,7,sm80_xmma_gemm_f16f16_f16f32_f32_nn_n_tilesize64x128x32_stage5_warpsize2x2x1_tensor16x8x16_aligna2_alignc2_execute_kernel_trt
40350966016,165184,10276,1,32,1,128,1,1,54,0.000,0.049,,,,,Orin (0),1,,7,sm80_xmma_gemm_f16f16_f16f32_f32_tn_n_tilesize32x32x64_stage6_warpsize2x2x1_tensor16x8x16_execute_kernel_trt
40351134944,13824,10277,1,1,1,128,1,1,21,0.000,0.000,,,,,Orin (0),1,,7,__myl_AddMulMeaAddSqrDivMulMul_0x37f7a26fc5e98dd1cffe0df41b34ef4f
40351152448,231424,10278,1,96,1,128,1,1,54,0.000,0.049,,,,,Orin (0),1,,7,sm80_xmma_gemm_f16f16_f16f32_f32_tn_n_tilesize32x32x64_stage6_warpsize2x2x1_tensor16x8x16_execute_kernel_trt
40351387552,255008,10279,1,96,1,128,1,1,54,0.000,0.049,,,,,Orin (0),1,,7,sm80_xmma_gemm_f16f16_f16f16_f16_tn_n_tilesize32x32x64_stage6_warpsize2x2x1_tensor16x8x16_fused
40351646144,228352,10282,1,16,1,128,1,1,94,0.000,0.066,,,,,Orin (0),1,,7,sm80_xmma_gemm_f16f16_f16f16_f16_nn_n_tilesize64x64x64_stage4_warpsize2x2x1_tensor16x8x16_fused
40351878336,13696,10283,1,1,1,128,1,1,21,0.000,0.000,,,,,Orin (0),1,,7,__myl_MulMeaAddSqrDivMulMul_0x8548fa9a57c713be1fdaa27c95458b99
40351895776,304800,10284,1,128,1,128,1,1,54,0.000,0.049,,,,,Orin (0),1,,7,sm80_xmma_gemm_f16f16_f16f32_f32_tn_n_tilesize32x32x64_stage6_warpsize2x2x1_tensor16x8x16_execute_kernel_trt
40352204352,17888,10285,72,1,1,256,1,1,16,0.000,0.000,,,,,Orin (0),1,,7,__myl_MovResConResRep_0xeb90291bbf009f8413c8500b92afa70a_com
40352226016,12160,10286,8,1,1,128,1,1,16,0.000,0.000,,,,,Orin (0),1,,7,__myl_MovResMulMea_0x8729692710be644f17c7f997918851be
40352242016,21024,10287,72,1,1,256,1,1,20,0.000,0.000,,,,,Orin (0),1,,7,__myl_AddSqrDivMulMulResSliSliNegConMulMulAddConResRepResTra_0x5aea462b6a819ceadd3ebb32874c078f_com
40352266816,9888,10288,16,1,1,128,1,1,16,0.000,0.000,,,,,Orin (0),1,,7,__myl_MovResMulMea_0x61ec5b9962acde3fddf5628b2e6fd459
40352280384,9344,10289,8,1,1,256,1,1,22,0.000,0.000,,,,,Orin (0),1,,7,__myl_AddSqrDivMulMulResSliSliNegConMulMulAdd_0xf1ba08cc3beaba8ee91b0504be9c2cf4
40352293440,31296,10290,1,1,16,128,1,1,92,0.000,0.049,,,,,Orin (0),1,,7,sm80_xmma_gemm_f16f16_f16f32_f32_nn_n_tilesize32x32x64_stage6_warpsize2x2x1_tensor16x8x16_aligna2_alignc2_execute_kernel_trt
40352328544,12672,10291,16,1,1,128,1,1,18,0.000,0.000,,,,,Orin (0),1,,7,__myl_MulMaxSubExpSumDivMul_0x1108f5a078d6e65507c06537b9b2e43f_com
40352344896,49536,10294,1,1,16,128,1,1,242,0.000,0.061,,,,,Orin (0),1,,7,sm80_xmma_gemm_f16f16_f16f32_f32_nn_n_tilesize64x128x32_stage5_warpsize2x2x1_tensor16x8x16_aligna2_alignc2_execute_kernel_trt
40352398016,165472,10295,1,32,1,128,1,1,54,0.000,0.049,,,,,Orin (0),1,,7,sm80_xmma_gemm_f16f16_f16f32_f32_tn_n_tilesize32x32x64_stage6_warpsize2x2x1_tensor16x8x16_execute_kernel_trt
40352567328,13760,10296,1,1,1,128,1,1,21,0.000,0.000,,,,,Orin (0),1,,7,__myl_AddMulMeaAddSqrDivMulMul_0x37f7a26fc5e98dd1cffe0df41b34ef4f
40352584768,246240,10297,1,96,1,128,1,1,54,0.000,0.049,,,,,Orin (0),1,,7,sm80_xmma_gemm_f16f16_f16f32_f32_tn_n_tilesize32x32x64_stage6_warpsize2x2x1_tensor16x8x16_execute_kernel_trt
40352834688,256992,10298,1,96,1,128,1,1,54,0.000,0.049,,,,,Orin (0),1,,7,sm80_xmma_gemm_f16f16_f16f16_f16_tn_n_tilesize32x32x64_stage6_warpsize2x2x1_tensor16x8x16_fused
40353095488,228288,10301,1,16,1,128,1,1,94,0.000,0.066,,,,,Orin (0),1,,7,sm80_xmma_gemm_f16f16_f16f16_f16_nn_n_tilesize64x64x64_stage4_warpsize2x2x1_tensor16x8x16_fused
40353327552,12544,10302,1,1,1,128,1,1,21,0.000,0.000,,,,,Orin (0),1,,7,__myl_MulMeaAddSqrDivMulMul_0x8548fa9a57c713be1fdaa27c95458b99
40353343776,302080,10303,1,128,1,128,1,1,54,0.000,0.049,,,,,Orin (0),1,,7,sm80_xmma_gemm_f16f16_f16f32_f32_tn_n_tilesize32x32x64_stage6_warpsize2x2x1_tensor16x8x16_execute_kernel_trt
40353649472,17568,10304,72,1,1,256,1,1,16,0.000,0.000,,,,,Orin (0),1,,7,__myl_MovResConResRep_0xeb90291bbf009f8413c8500b92afa70a_com
40353670688,12384,10305,8,1,1,128,1,1,16,0.000,0.000,,,,,Orin (0),1,,7,__myl_MovResMulMea_0x8729692710be644f17c7f997918851be
40353686816,20224,10306,72,1,1,256,1,1,20,0.000,0.000,,,,,Orin (0),1,,7,__myl_AddSqrDivMulMulResSliSliNegConMulMulAddConResRepResTra_0x5aea462b6a819ceadd3ebb32874c078f_com
40353710688,10784,10307,16,1,1,128,1,1,16,0.000,0.000,,,,,Orin (0),1,,7,__myl_MovResMulMea_0x61ec5b9962acde3fddf5628b2e6fd459
40353725280,9280,10308,8,1,1,256,1,1,22,0.000,0.000,,,,,Orin (0),1,,7,__myl_AddSqrDivMulMulResSliSliNegConMulMulAdd_0xf1ba08cc3beaba8ee91b0504be9c2cf4
40353738336,30976,10309,1,1,16,128,1,1,92,0.000,0.049,,,,,Orin (0),1,,7,sm80_xmma_gemm_f16f16_f16f32_f32_nn_n_tilesize32x32x64_stage6_warpsize2x2x1_tensor16x8x16_aligna2_alignc2_execute_kernel_trt
40353773120,12640,10310,16,1,1,128,1,1,18,0.000,0.000,,,,,Orin (0),1,,7,__myl_MulMaxSubExpSumDivMul_0x1108f5a078d6e65507c06537b9b2e43f_com
40353789568,50208,10313,1,1,16,128,1,1,242,0.000,0.061,,,,,Orin (0),1,,7,sm80_xmma_gemm_f16f16_f16f32_f32_nn_n_tilesize64x128x32_stage5_warpsize2x2x1_tensor16x8x16_aligna2_alignc2_execute_kernel_trt
40353843552,163392,10314,1,32,1,128,1,1,54,0.000,0.049,,,,,Orin (0),1,,7,sm80_xmma_gemm_f16f16_f16f32_f32_tn_n_tilesize32x32x64_stage6_warpsize2x2x1_tensor16x8x16_execute_kernel_trt
40354010784,13728,10315,1,1,1,128,1,1,21,0.000,0.000,,,,,Orin (0),1,,7,__myl_AddMulMeaAddSqrDivMulMul_0x37f7a26fc5e98dd1cffe0df41b34ef4f
40354028224,239456,10316,1,96,1,128,1,1,54,0.000,0.049,,,,,Orin (0),1,,7,sm80_xmma_gemm_f16f16_f16f32_f32_tn_n_tilesize32x32x64_stage6_warpsize2x2x1_tensor16x8x16_execute_kernel_trt
40354271488,255776,10317,1,96,1,128,1,1,54,0.000,0.049,,,,,Orin (0),1,,7,sm80_xmma_gemm_f16f16_f16f16_f16_tn_n_tilesize32x32x64_stage6_warpsize2x2x1_tensor16x8x16_fused
40354531040,227680,10320,1,16,1,128,1,1,94,0.000,0.066,,,,,Orin (0),1,,7,sm80_xmma_gemm_f16f16_f16f16_f16_nn_n_tilesize64x64x64_stage4_warpsize2x2x1_tensor16x8x16_fused
40354762496,12608,10321,1,1,1,128,1,1,21,0.000,0.000,,,,,Orin (0),1,,7,__myl_MulMeaAddSqrDivMulMul_0x8548fa9a57c713be1fdaa27c95458b99
40354778944,300736,10322,1,128,1,128,1,1,54,0.000,0.049,,,,,Orin (0),1,,7,sm80_xmma_gemm_f16f16_f16f32_f32_tn_n_tilesize32x32x64_stage6_warpsize2x2x1_tensor16x8x16_execute_kernel_trt
40355083456,17920,10323,72,1,1,256,1,1,16,0.000,0.000,,,,,Orin (0),1,,7,__myl_MovResConResRep_0xeb90291bbf009f8413c8500b92afa70a_com
40355105024,12064,10324,8,1,1,128,1,1,16,0.000,0.000,,,,,Orin (0),1,,7,__myl_MovResMulMea_0x8729692710be644f17c7f997918851be
40355120800,20864,10325,72,1,1,256,1,1,20,0.000,0.000,,,,,Orin (0),1,,7,__myl_AddSqrDivMulMulResSliSliNegConMulMulAddConResRepResTra_0x5aea462b6a819ceadd3ebb32874c078f_com
40355145472,10016,10326,16,1,1,128,1,1,16,0.000,0.000,,,,,Orin (0),1,,7,__myl_MovResMulMea_0x61ec5b9962acde3fddf5628b2e6fd459
40355159264,9376,10327,8,1,1,256,1,1,22,0.000,0.000,,,,,Orin (0),1,,7,__myl_AddSqrDivMulMulResSliSliNegConMulMulAdd_0xf1ba08cc3beaba8ee91b0504be9c2cf4
40355172320,31456,10328,1,1,16,128,1,1,92,0.000,0.049,,,,,Orin (0),1,,7,sm80_xmma_gemm_f16f16_f16f32_f32_nn_n_tilesize32x32x64_stage6_warpsize2x2x1_tensor16x8x16_aligna2_alignc2_execute_kernel_trt
40355207424,12672,10329,16,1,1,128,1,1,18,0.000,0.000,,,,,Orin (0),1,,7,__myl_MulMaxSubExpSumDivMul_0x1108f5a078d6e65507c06537b9b2e43f_com
40355223776,49792,10332,1,1,16,128,1,1,242,0.000,0.061,,,,,Orin (0),1,,7,sm80_xmma_gemm_f16f16_f16f32_f32_nn_n_tilesize64x128x32_stage5_warpsize2x2x1_tensor16x8x16_aligna2_alignc2_execute_kernel_trt
40355277344,165856,10333,1,32,1,128,1,1,54,0.000,0.049,,,,,Orin (0),1,,7,sm80_xmma_gemm_f16f16_f16f32_f32_tn_n_tilesize32x32x64_stage6_warpsize2x2x1_tensor16x8x16_execute_kernel_trt
40355447008,13664,10334,1,1,1,128,1,1,21,0.000,0.000,,,,,Orin (0),1,,7,__myl_AddMulMeaAddSqrDivMulMul_0x37f7a26fc5e98dd1cffe0df41b34ef4f
40355464448,240640,10335,1,96,1,128,1,1,54,0.000,0.049,,,,,Orin (0),1,,7,sm80_xmma_gemm_f16f16_f16f32_f32_tn_n_tilesize32x32x64_stage6_warpsize2x2x1_tensor16x8x16_execute_kernel_trt
40355708800,253632,10336,1,96,1,128,1,1,54,0.000,0.049,,,,,Orin (0),1,,7,sm80_xmma_gemm_f16f16_f16f16_f16_tn_n_tilesize32x32x64_stage6_warpsize2x2x1_tensor16x8x16_fused
40355966144,228352,10339,1,16,1,128,1,1,94,0.000,0.066,,,,,Orin (0),1,,7,sm80_xmma_gemm_f16f16_f16f16_f16_nn_n_tilesize64x64x64_stage4_warpsize2x2x1_tensor16x8x16_fused
40356198240,12640,10340,1,1,1,128,1,1,21,0.000,0.000,,,,,Orin (0),1,,7,__myl_MulMeaAddSqrDivMulMul_0x8548fa9a57c713be1fdaa27c95458b99
40356214560,301376,10341,1,128,1,128,1,1,54,0.000,0.049,,,,,Orin (0),1,,7,sm80_xmma_gemm_f16f16_f16f32_f32_tn_n_tilesize32x32x64_stage6_warpsize2x2x1_tensor16x8x16_execute_kernel_trt
40356519680,17920,10342,72,1,1,256,1,1,16,0.000,0.000,,,,,Orin (0),1,,7,__myl_MovResConResRep_0xeb90291bbf009f8413c8500b92afa70a_com
40356541376,12288,10343,8,1,1,128,1,1,16,0.000,0.000,,,,,Orin (0),1,,7,__myl_MovResMulMea_0x8729692710be644f17c7f997918851be
40356557344,21088,10344,72,1,1,256,1,1,20,0.000,0.000,,,,,Orin (0),1,,7,__myl_AddSqrDivMulMulResSliSliNegConMulMulAddConResRepResTra_0x5aea462b6a819ceadd3ebb32874c078f_com
40356582112,10816,10345,16,1,1,128,1,1,16,0.000,0.000,,,,,Orin (0),1,,7,__myl_MovResMulMea_0x61ec5b9962acde3fddf5628b2e6fd459
40356596704,9280,10346,8,1,1,256,1,1,22,0.000,0.000,,,,,Orin (0),1,,7,__myl_AddSqrDivMulMulResSliSliNegConMulMulAdd_0xf1ba08cc3beaba8ee91b0504be9c2cf4
40356609792,30976,10347,1,1,16,128,1,1,92,0.000,0.049,,,,,Orin (0),1,,7,sm80_xmma_gemm_f16f16_f16f32_f32_nn_n_tilesize32x32x64_stage6_warpsize2x2x1_tensor16x8x16_aligna2_alignc2_execute_kernel_trt
40356644576,12608,10348,16,1,1,128,1,1,18,0.000,0.000,,,,,Orin (0),1,,7,__myl_MulMaxSubExpSumDivMul_0x1108f5a078d6e65507c06537b9b2e43f_com
40356660896,49376,10351,1,1,16,128,1,1,242,0.000,0.061,,,,,Orin (0),1,,7,sm80_xmma_gemm_f16f16_f16f32_f32_nn_n_tilesize64x128x32_stage5_warpsize2x2x1_tensor16x8x16_aligna2_alignc2_execute_kernel_trt
40356713824,167264,10352,1,32,1,128,1,1,54,0.000,0.049,,,,,Orin (0),1,,7,sm80_xmma_gemm_f16f16_f16f32_f32_tn_n_tilesize32x32x64_stage6_warpsize2x2x1_tensor16x8x16_execute_kernel_trt
40356884896,13728,10353,1,1,1,128,1,1,21,0.000,0.000,,,,,Orin (0),1,,7,__myl_AddMulMeaAddSqrDivMulMul_0x37f7a26fc5e98dd1cffe0df41b34ef4f
40356902240,241472,10354,1,96,1,128,1,1,54,0.000,0.049,,,,,Orin (0),1,,7,sm80_xmma_gemm_f16f16_f16f32_f32_tn_n_tilesize32x32x64_stage6_warpsize2x2x1_tensor16x8x16_execute_kernel_trt
40357147424,256192,10355,1,96,1,128,1,1,54,0.000,0.049,,,,,Orin (0),1,,7,sm80_xmma_gemm_f16f16_f16f16_f16_tn_n_tilesize32x32x64_stage6_warpsize2x2x1_tensor16x8x16_fused
40357407328,229632,10358,1,16,1,128,1,1,94,0.000,0.066,,,,,Orin (0),1,,7,sm80_xmma_gemm_f16f16_f16f16_f16_nn_n_tilesize64x64x64_stage4_warpsize2x2x1_tensor16x8x16_fused
40357640800,12576,10359,1,1,1,128,1,1,21,0.000,0.000,,,,,Orin (0),1,,7,__myl_MulMeaAddSqrDivMulMul_0x8548fa9a57c713be1fdaa27c95458b99
40357657120,303584,10360,1,128,1,128,1,1,54,0.000,0.049,,,,,Orin (0),1,,7,sm80_xmma_gemm_f16f16_f16f32_f32_tn_n_tilesize32x32x64_stage6_warpsize2x2x1_tensor16x8x16_execute_kernel_trt
40357964448,17408,10361,72,1,1,256,1,1,16,0.000,0.000,,,,,Orin (0),1,,7,__myl_MovResConResRep_0xeb90291bbf009f8413c8500b92afa70a_com
40357985568,12256,10362,8,1,1,128,1,1,16,0.000,0.000,,,,,Orin (0),1,,7,__myl_MovResMulMea_0x8729692710be644f17c7f997918851be
40358001600,21152,10363,72,1,1,256,1,1,20,0.000,0.000,,,,,Orin (0),1,,7,__myl_AddSqrDivMulMulResSliSliNegConMulMulAddConResRepResTra_0x5aea462b6a819ceadd3ebb32874c078f_com
40358026592,9952,10364,16,1,1,128,1,1,16,0.000,0.000,,,,,Orin (0),1,,7,__myl_MovResMulMea_0x61ec5b9962acde3fddf5628b2e6fd459
40358040384,9312,10365,8,1,1,256,1,1,22,0.000,0.000,,,,,Orin (0),1,,7,__myl_AddSqrDivMulMulResSliSliNegConMulMulAdd_0xf1ba08cc3beaba8ee91b0504be9c2cf4
40358053440,30816,10366,1,1,16,128,1,1,92,0.000,0.049,,,,,Orin (0),1,,7,sm80_xmma_gemm_f16f16_f16f32_f32_nn_n_tilesize32x32x64_stage6_warpsize2x2x1_tensor16x8x16_aligna2_alignc2_execute_kernel_trt
40358088032,13728,10367,16,1,1,128,1,1,18,0.000,0.000,,,,,Orin (0),1,,7,__myl_MulMaxSubExpSumDivMul_0x1108f5a078d6e65507c06537b9b2e43f_com
40358105472,48320,10370,1,1,16,128,1,1,242,0.000,0.061,,,,,Orin (0),1,,7,sm80_xmma_gemm_f16f16_f16f32_f32_nn_n_tilesize64x128x32_stage5_warpsize2x2x1_tensor16x8x16_aligna2_alignc2_execute_kernel_trt
40358157472,164800,10371,1,32,1,128,1,1,54,0.000,0.049,,,,,Orin (0),1,,7,sm80_xmma_gemm_f16f16_f16f32_f32_tn_n_tilesize32x32x64_stage6_warpsize2x2x1_tensor16x8x16_execute_kernel_trt
40358325792,13824,10372,1,1,1,128,1,1,21,0.000,0.000,,,,,Orin (0),1,,7,__myl_AddMulMeaAddSqrDivMulMul_0x37f7a26fc5e98dd1cffe0df41b34ef4f
40358343328,234400,10373,1,96,1,128,1,1,54,0.000,0.049,,,,,Orin (0),1,,7,sm80_xmma_gemm_f16f16_f16f32_f32_tn_n_tilesize32x32x64_stage6_warpsize2x2x1_tensor16x8x16_execute_kernel_trt
40358581376,256576,10374,1,96,1,128,1,1,54,0.000,0.049,,,,,Orin (0),1,,7,sm80_xmma_gemm_f16f16_f16f16_f16_tn_n_tilesize32x32x64_stage6_warpsize2x2x1_tensor16x8x16_fused
40358841600,228192,10377,1,16,1,128,1,1,94,0.000,0.066,,,,,Orin (0),1,,7,sm80_xmma_gemm_f16f16_f16f16_f16_nn_n_tilesize64x64x64_stage4_warpsize2x2x1_tensor16x8x16_fused
40359073568,12576,10378,1,1,1,128,1,1,21,0.000,0.000,,,,,Orin (0),1,,7,__myl_MulMeaAddSqrDivMulMul_0x8548fa9a57c713be1fdaa27c95458b99
40359090176,299296,10379,1,128,1,128,1,1,54,0.000,0.049,,,,,Orin (0),1,,7,sm80_xmma_gemm_f16f16_f16f32_f32_tn_n_tilesize32x32x64_stage6_warpsize2x2x1_tensor16x8x16_execute_kernel_trt
40359393248,17824,10380,72,1,1,256,1,1,16,0.000,0.000,,,,,Orin (0),1,,7,__myl_MovResConResRep_0xeb90291bbf009f8413c8500b92afa70a_com
40359414816,11968,10381,8,1,1,128,1,1,16,0.000,0.000,,,,,Orin (0),1,,7,__myl_MovResMulMea_0x8729692710be644f17c7f997918851be
40359430464,21216,10382,72,1,1,256,1,1,20,0.000,0.000,,,,,Orin (0),1,,7,__myl_AddSqrDivMulMulResSliSliNegConMulMulAddConResRepResTra_0x5aea462b6a819ceadd3ebb32874c078f_com
40359455584,10080,10383,16,1,1,128,1,1,16,0.000,0.000,,,,,Orin (0),1,,7,__myl_MovResMulMea_0x61ec5b9962acde3fddf5628b2e6fd459
40359469248,9312,10384,8,1,1,256,1,1,22,0.000,0.000,,,,,Orin (0),1,,7,__myl_AddSqrDivMulMulResSliSliNegConMulMulAdd_0xf1ba08cc3beaba8ee91b0504be9c2cf4
40359482368,31072,10385,1,1,16,128,1,1,92,0.000,0.049,,,,,Orin (0),1,,7,sm80_xmma_gemm_f16f16_f16f32_f32_nn_n_tilesize32x32x64_stage6_warpsize2x2x1_tensor16x8x16_aligna2_alignc2_execute_kernel_trt
40359517216,12576,10386,16,1,1,128,1,1,18,0.000,0.000,,,,,Orin (0),1,,7,__myl_MulMaxSubExpSumDivMul_0x1108f5a078d6e65507c06537b9b2e43f_com
40359533568,49280,10389,1,1,16,128,1,1,242,0.000,0.061,,,,,Orin (0),1,,7,sm80_xmma_gemm_f16f16_f16f32_f32_nn_n_tilesize64x128x32_stage5_warpsize2x2x1_tensor16x8x16_aligna2_alignc2_execute_kernel_trt
40359586496,165568,10390,1,32,1,128,1,1,54,0.000,0.049,,,,,Orin (0),1,,7,sm80_xmma_gemm_f16f16_f16f32_f32_tn_n_tilesize32x32x64_stage6_warpsize2x2x1_tensor16x8x16_execute_kernel_trt
40359755904,13728,10391,1,1,1,128,1,1,21,0.000,0.000,,,,,Orin (0),1,,7,__myl_AddMulMeaAddSqrDivMulMul_0x37f7a26fc5e98dd1cffe0df41b34ef4f
40359773344,245344,10392,1,96,1,128,1,1,54,0.000,0.049,,,,,Orin (0),1,,7,sm80_xmma_gemm_f16f16_f16f32_f32_tn_n_tilesize32x32x64_stage6_warpsize2x2x1_tensor16x8x16_execute_kernel_trt
40360022368,256896,10393,1,96,1,128,1,1,54,0.000,0.049,,,,,Orin (0),1,,7,sm80_xmma_gemm_f16f16_f16f16_f16_tn_n_tilesize32x32x64_stage6_warpsize2x2x1_tensor16x8x16_fused
40360283040,229024,10396,1,16,1,128,1,1,94,0.000,0.066,,,,,Orin (0),1,,7,sm80_xmma_gemm_f16f16_f16f16_f16_nn_n_tilesize64x64x64_stage4_warpsize2x2x1_tensor16x8x16_fused
40360515904,12544,10397,1,1,1,128,1,1,21,0.000,0.000,,,,,Orin (0),1,,7,__myl_MulMeaAddSqrDivMulMul_0x8548fa9a57c713be1fdaa27c95458b99
40360532224,302560,10398,1,128,1,128,1,1,54,0.000,0.049,,,,,Orin (0),1,,7,sm80_xmma_gemm_f16f16_f16f32_f32_tn_n_tilesize32x32x64_stage6_warpsize2x2x1_tensor16x8x16_execute_kernel_trt
40360838336,18688,10399,72,1,1,256,1,1,16,0.000,0.000,,,,,Orin (0),1,,7,__myl_MovResConResRep_0xeb90291bbf009f8413c8500b92afa70a_com
40360860800,12288,10400,8,1,1,128,1,1,16,0.000,0.000,,,,,Orin (0),1,,7,__myl_MovResMulMea_0x8729692710be644f17c7f997918851be
40360876896,21120,10401,72,1,1,256,1,1,20,0.000,0.000,,,,,Orin (0),1,,7,__myl_AddSqrDivMulMulResSliSliNegConMulMulAddConResRepResTra_0x5aea462b6a819ceadd3ebb32874c078f_com
40360901696,9856,10402,16,1,1,128,1,1,16,0.000,0.000,,,,,Orin (0),1,,7,__myl_MovResMulMea_0x61ec5b9962acde3fddf5628b2e6fd459
40360915264,9344,10403,8,1,1,256,1,1,22,0.000,0.000,,,,,Orin (0),1,,7,__myl_AddSqrDivMulMulResSliSliNegConMulMulAdd_0xf1ba08cc3beaba8ee91b0504be9c2cf4
40360928352,30784,10404,1,1,16,128,1,1,92,0.000,0.049,,,,,Orin (0),1,,7,sm80_xmma_gemm_f16f16_f16f32_f32_nn_n_tilesize32x32x64_stage6_warpsize2x2x1_tensor16x8x16_aligna2_alignc2_execute_kernel_trt
40360963040,12512,10405,16,1,1,128,1,1,18,0.000,0.000,,,,,Orin (0),1,,7,__myl_MulMaxSubExpSumDivMul_0x1108f5a078d6e65507c06537b9b2e43f_com
40360979264,49440,10408,1,1,16,128,1,1,242,0.000,0.061,,,,,Orin (0),1,,7,sm80_xmma_gemm_f16f16_f16f32_f32_nn_n_tilesize64x128x32_stage5_warpsize2x2x1_tensor16x8x16_aligna2_alignc2_execute_kernel_trt
40361032448,163968,10409,1,32,1,128,1,1,54,0.000,0.049,,,,,Orin (0),1,,7,sm80_xmma_gemm_f16f16_f16f32_f32_tn_n_tilesize32x32x64_stage6_warpsize2x2x1_tensor16x8x16_execute_kernel_trt
40361200000,13664,10410,1,1,1,128,1,1,21,0.000,0.000,,,,,Orin (0),1,,7,__myl_AddMulMeaAddSqrDivMulMul_0x37f7a26fc5e98dd1cffe0df41b34ef4f
40361217472,239040,10411,1,96,1,128,1,1,54,0.000,0.049,,,,,Orin (0),1,,7,sm80_xmma_gemm_f16f16_f16f32_f32_tn_n_tilesize32x32x64_stage6_warpsize2x2x1_tensor16x8x16_execute_kernel_trt
40361460256,257632,10412,1,96,1,128,1,1,54,0.000,0.049,,,,,Orin (0),1,,7,sm80_xmma_gemm_f16f16_f16f16_f16_tn_n_tilesize32x32x64_stage6_warpsize2x2x1_tensor16x8x16_fused
40361721600,228288,10415,1,16,1,128,1,1,94,0.000,0.066,,,,,Orin (0),1,,7,sm80_xmma_gemm_f16f16_f16f16_f16_nn_n_tilesize64x64x64_stage4_warpsize2x2x1_tensor16x8x16_fused
40361953696,12640,10416,1,1,1,128,1,1,21,0.000,0.000,,,,,Orin (0),1,,7,__myl_MulMeaAddSqrDivMulMul_0x8548fa9a57c713be1fdaa27c95458b99
40361970176,303776,10417,1,128,1,128,1,1,54,0.000,0.049,,,,,Orin (0),1,,7,sm80_xmma_gemm_f16f16_f16f32_f32_tn_n_tilesize32x32x64_stage6_warpsize2x2x1_tensor16x8x16_execute_kernel_trt
40362277728,17792,10418,72,1,1,256,1,1,16,0.000,0.000,,,,,Orin (0),1,,7,__myl_MovResConResRep_0xeb90291bbf009f8413c8500b92afa70a_com
40362299360,12256,10419,8,1,1,128,1,1,16,0.000,0.000,,,,,Orin (0),1,,7,__myl_MovResMulMea_0x8729692710be644f17c7f997918851be
40362315360,21088,10420,72,1,1,256,1,1,20,0.000,0.000,,,,,Orin (0),1,,7,__myl_AddSqrDivMulMulResSliSliNegConMulMulAddConResRepResTra_0x5aea462b6a819ceadd3ebb32874c078f_com
40362340256,10016,10421,16,1,1,128,1,1,16,0.000,0.000,,,,,Orin (0),1,,7,__myl_MovResMulMea_0x61ec5b9962acde3fddf5628b2e6fd459
40362354048,9312,10422,8,1,1,256,1,1,22,0.000,0.000,,,,,Orin (0),1,,7,__myl_AddSqrDivMulMulResSliSliNegConMulMulAdd_0xf1ba08cc3beaba8ee91b0504be9c2cf4
40362367232,30656,10423,1,1,16,128,1,1,92,0.000,0.049,,,,,Orin (0),1,,7,sm80_xmma_gemm_f16f16_f16f32_f32_nn_n_tilesize32x32x64_stage6_warpsize2x2x1_tensor16x8x16_aligna2_alignc2_execute_kernel_trt
40362401696,12640,10424,16,1,1,128,1,1,18,0.000,0.000,,,,,Orin (0),1,,7,__myl_MulMaxSubExpSumDivMul_0x1108f5a078d6e65507c06537b9b2e43f_com
40362418144,49248,10427,1,1,16,128,1,1,242,0.000,0.061,,,,,Orin (0),1,,7,sm80_xmma_gemm_f16f16_f16f32_f32_nn_n_tilesize64x128x32_stage5_warpsize2x2x1_tensor16x8x16_aligna2_alignc2_execute_kernel_trt
40362471040,164000,10428,1,32,1,128,1,1,54,0.000,0.049,,,,,Orin (0),1,,7,sm80_xmma_gemm_f16f16_f16f32_f32_tn_n_tilesize32x32x64_stage6_warpsize2x2x1_tensor16x8x16_execute_kernel_trt
40362638848,13696,10429,1,1,1,128,1,1,21,0.000,0.000,,,,,Orin (0),1,,7,__myl_AddMulMeaAddSqrDivMulMul_0x37f7a26fc5e98dd1cffe0df41b34ef4f
40362656224,241440,10430,1,96,1,128,1,1,54,0.000,0.049,,,,,Orin (0),1,,7,sm80_xmma_gemm_f16f16_f16f32_f32_tn_n_tilesize32x32x64_stage6_warpsize2x2x1_tensor16x8x16_execute_kernel_trt
40362901504,258880,10431,1,96,1,128,1,1,54,0.000,0.049,,,,,Orin (0),1,,7,sm80_xmma_gemm_f16f16_f16f16_f16_tn_n_tilesize32x32x64_stage6_warpsize2x2x1_tensor16x8x16_fused
40363164160,228512,10434,1,16,1,128,1,1,94,0.000,0.066,,,,,Orin (0),1,,7,sm80_xmma_gemm_f16f16_f16f16_f16_nn_n_tilesize64x64x64_stage4_warpsize2x2x1_tensor16x8x16_fused
40363396480,12576,10435,1,1,1,128,1,1,21,0.000,0.000,,,,,Orin (0),1,,7,__myl_MulMeaAddSqrDivMulMul_0x8548fa9a57c713be1fdaa27c95458b99
40363413024,301760,10436,1,128,1,128,1,1,54,0.000,0.049,,,,,Orin (0),1,,7,sm80_xmma_gemm_f16f16_f16f32_f32_tn_n_tilesize32x32x64_stage6_warpsize2x2x1_tensor16x8x16_execute_kernel_trt
40363718592,17952,10437,72,1,1,256,1,1,16,0.000,0.000,,,,,Orin (0),1,,7,__myl_MovResConResRep_0xeb90291bbf009f8413c8500b92afa70a_com
40363740256,12000,10438,8,1,1,128,1,1,16,0.000,0.000,,,,,Orin (0),1,,7,__myl_MovResMulMea_0x8729692710be644f17c7f997918851be
40363756096,20992,10439,72,1,1,256,1,1,20,0.000,0.000,,,,,Orin (0),1,,7,__myl_AddSqrDivMulMulResSliSliNegConMulMulAddConResRepResTra_0x5aea462b6a819ceadd3ebb32874c078f_com
40363780800,10208,10440,16,1,1,128,1,1,16,0.000,0.000,,,,,Orin (0),1,,7,__myl_MovResMulMea_0x61ec5b9962acde3fddf5628b2e6fd459
40363794688,9376,10441,8,1,1,256,1,1,22,0.000,0.000,,,,,Orin (0),1,,7,__myl_AddSqrDivMulMulResSliSliNegConMulMulAdd_0xf1ba08cc3beaba8ee91b0504be9c2cf4
40363807808,31200,10442,1,1,16,128,1,1,92,0.000,0.049,,,,,Orin (0),1,,7,sm80_xmma_gemm_f16f16_f16f32_f32_nn_n_tilesize32x32x64_stage6_warpsize2x2x1_tensor16x8x16_aligna2_alignc2_execute_kernel_trt
40363842816,12672,10443,16,1,1,128,1,1,18,0.000,0.000,,,,,Orin (0),1,,7,__myl_MulMaxSubExpSumDivMul_0x1108f5a078d6e65507c06537b9b2e43f_com
40363859264,50304,10446,1,1,16,128,1,1,242,0.000,0.061,,,,,Orin (0),1,,7,sm80_xmma_gemm_f16f16_f16f32_f32_nn_n_tilesize64x128x32_stage5_warpsize2x2x1_tensor16x8x16_aligna2_alignc2_execute_kernel_trt
40363913248,164032,10447,1,32,1,128,1,1,54,0.000,0.049,,,,,Orin (0),1,,7,sm80_xmma_gemm_f16f16_f16f32_f32_tn_n_tilesize32x32x64_stage6_warpsize2x2x1_tensor16x8x16_execute_kernel_trt
40364081120,13760,10448,1,1,1,128,1,1,21,0.000,0.000,,,,,Orin (0),1,,7,__myl_AddMulMeaAddSqrDivMulMul_0x37f7a26fc5e98dd1cffe0df41b34ef4f
40364098464,244160,10449,1,96,1,128,1,1,54,0.000,0.049,,,,,Orin (0),1,,7,sm80_xmma_gemm_f16f16_f16f32_f32_tn_n_tilesize32x32x64_stage6_warpsize2x2x1_tensor16x8x16_execute_kernel_trt
40364346400,258688,10450,1,96,1,128,1,1,54,0.000,0.049,,,,,Orin (0),1,,7,sm80_xmma_gemm_f16f16_f16f16_f16_tn_n_tilesize32x32x64_stage6_warpsize2x2x1_tensor16x8x16_fused
40364608800,229184,10453,1,16,1,128,1,1,94,0.000,0.066,,,,,Orin (0),1,,7,sm80_xmma_gemm_f16f16_f16f16_f16_nn_n_tilesize64x64x64_stage4_warpsize2x2x1_tensor16x8x16_fused
40364841792,12608,10454,1,1,1,128,1,1,21,0.000,0.000,,,,,Orin (0),1,,7,__myl_MulMeaAddSqrDivMulMul_0x8548fa9a57c713be1fdaa27c95458b99
40364858144,303264,10455,1,128,1,128,1,1,54,0.000,0.049,,,,,Orin (0),1,,7,sm80_xmma_gemm_f16f16_f16f32_f32_tn_n_tilesize32x32x64_stage6_warpsize2x2x1_tensor16x8x16_execute_kernel_trt
40365165280,17728,10456,72,1,1,256,1,1,16,0.000,0.000,,,,,Orin (0),1,,7,__myl_MovResConResRep_0xeb90291bbf009f8413c8500b92afa70a_com
40365186816,12256,10457,8,1,1,128,1,1,16,0.000,0.000,,,,,Orin (0),1,,7,__myl_MovResMulMea_0x8729692710be644f17c7f997918851be
40365202816,19968,10458,72,1,1,256,1,1,20,0.000,0.000,,,,,Orin (0),1,,7,__myl_AddSqrDivMulMulResSliSliNegConMulMulAddConResRepResTra_0x5aea462b6a819ceadd3ebb32874c078f_com
40365226496,9952,10459,16,1,1,128,1,1,16,0.000,0.000,,,,,Orin (0),1,,7,__myl_MovResMulMea_0x61ec5b9962acde3fddf5628b2e6fd459
40365239872,9440,10460,8,1,1,256,1,1,22,0.000,0.000,,,,,Orin (0),1,,7,__myl_AddSqrDivMulMulResSliSliNegConMulMulAdd_0xf1ba08cc3beaba8ee91b0504be9c2cf4
40365253120,30912,10461,1,1,16,128,1,1,92,0.000,0.049,,,,,Orin (0),1,,7,sm80_xmma_gemm_f16f16_f16f32_f32_nn_n_tilesize32x32x64_stage6_warpsize2x2x1_tensor16x8x16_aligna2_alignc2_execute_kernel_trt
40365287808,12576,10462,16,1,1,128,1,1,18,0.000,0.000,,,,,Orin (0),1,,7,__myl_MulMaxSubExpSumDivMul_0x1108f5a078d6e65507c06537b9b2e43f_com
40365304160,49312,10465,1,1,16,128,1,1,242,0.000,0.061,,,,,Orin (0),1,,7,sm80_xmma_gemm_f16f16_f16f32_f32_nn_n_tilesize64x128x32_stage5_warpsize2x2x1_tensor16x8x16_aligna2_alignc2_execute_kernel_trt
40365357120,164928,10466,1,32,1,128,1,1,54,0.000,0.049,,,,,Orin (0),1,,7,sm80_xmma_gemm_f16f16_f16f32_f32_tn_n_tilesize32x32x64_stage6_warpsize2x2x1_tensor16x8x16_execute_kernel_trt
40365525888,13632,10467,1,1,1,128,1,1,21,0.000,0.000,,,,,Orin (0),1,,7,__myl_AddMulMeaAddSqrDivMulMul_0x37f7a26fc5e98dd1cffe0df41b34ef4f
40365543328,244416,10468,1,96,1,128,1,1,54,0.000,0.049,,,,,Orin (0),1,,7,sm80_xmma_gemm_f16f16_f16f32_f32_tn_n_tilesize32x32x64_stage6_warpsize2x2x1_tensor16x8x16_execute_kernel_trt
40365791584,253120,10469,1,96,1,128,1,1,54,0.000,0.049,,,,,Orin (0),1,,7,sm80_xmma_gemm_f16f16_f16f16_f16_tn_n_tilesize32x32x64_stage6_warpsize2x2x1_tensor16x8x16_fused
40366048448,229408,10472,1,16,1,128,1,1,94,0.000,0.066,,,,,Orin (0),1,,7,sm80_xmma_gemm_f16f16_f16f16_f16_nn_n_tilesize64x64x64_stage4_warpsize2x2x1_tensor16x8x16_fused
40366281696,12512,10473,1,1,1,128,1,1,21,0.000,0.000,,,,,Orin (0),1,,7,__myl_MulMeaAddSqrDivMulMul_0x8548fa9a57c713be1fdaa27c95458b99
40366297920,311392,10474,1,128,1,128,1,1,54,0.000,0.049,,,,,Orin (0),1,,7,sm80_xmma_gemm_f16f16_f16f32_f32_tn_n_tilesize32x32x64_stage6_warpsize2x2x1_tensor16x8x16_execute_kernel_trt
40366613120,18432,10475,72,1,1,256,1,1,16,0.000,0.000,,,,,Orin (0),1,,7,__myl_MovResConResRep_0xeb90291bbf009f8413c8500b92afa70a_com
40366635360,12032,10476,8,1,1,128,1,1,16,0.000,0.000,,,,,Orin (0),1,,7,__myl_MovResMulMea_0x8729692710be644f17c7f997918851be
40366651168,21184,10477,72,1,1,256,1,1,20,0.000,0.000,,,,,Orin (0),1,,7,__myl_AddSqrDivMulMulResSliSliNegConMulMulAddConResRepResTra_0x5aea462b6a819ceadd3ebb32874c078f_com
40366676096,10048,10478,16,1,1,128,1,1,16,0.000,0.000,,,,,Orin (0),1,,7,__myl_MovResMulMea_0x61ec5b9962acde3fddf5628b2e6fd459
40366689920,9344,10479,8,1,1,256,1,1,22,0.000,0.000,,,,,Orin (0),1,,7,__myl_AddSqrDivMulMulResSliSliNegConMulMulAdd_0xf1ba08cc3beaba8ee91b0504be9c2cf4
40366703040,31200,10480,1,1,16,128,1,1,92,0.000,0.049,,,,,Orin (0),1,,7,sm80_xmma_gemm_f16f16_f16f32_f32_nn_n_tilesize32x32x64_stage6_warpsize2x2x1_tensor16x8x16_aligna2_alignc2_execute_kernel_trt
40366738016,12576,10481,16,1,1,128,1,1,18,0.000,0.000,,,,,Orin (0),1,,7,__myl_MulMaxSubExpSumDivMul_0x1108f5a078d6e65507c06537b9b2e43f_com
40366754368,50336,10484,1,1,16,128,1,1,242,0.000,0.061,,,,,Orin (0),1,,7,sm80_xmma_gemm_f16f16_f16f32_f32_nn_n_tilesize64x128x32_stage5_warpsize2x2x1_tensor16x8x16_aligna2_alignc2_execute_kernel_trt
40366808544,164544,10485,1,32,1,128,1,1,54,0.000,0.049,,,,,Orin (0),1,,7,sm80_xmma_gemm_f16f16_f16f32_f32_tn_n_tilesize32x32x64_stage6_warpsize2x2x1_tensor16x8x16_execute_kernel_trt
40366976704,13696,10486,1,1,1,128,1,1,21,0.000,0.000,,,,,Orin (0),1,,7,__myl_AddMulMeaAddSqrDivMulMul_0x37f7a26fc5e98dd1cffe0df41b34ef4f
40366994144,240352,10487,1,96,1,128,1,1,54,0.000,0.049,,,,,Orin (0),1,,7,sm80_xmma_gemm_f16f16_f16f32_f32_tn_n_tilesize32x32x64_stage6_warpsize2x2x1_tensor16x8x16_execute_kernel_trt
40367238144,255328,10488,1,96,1,128,1,1,54,0.000,0.049,,,,,Orin (0),1,,7,sm80_xmma_gemm_f16f16_f16f16_f16_tn_n_tilesize32x32x64_stage6_warpsize2x2x1_tensor16x8x16_fused
40367497216,230752,10491,1,16,1,128,1,1,94,0.000,0.066,,,,,Orin (0),1,,7,sm80_xmma_gemm_f16f16_f16f16_f16_nn_n_tilesize64x64x64_stage4_warpsize2x2x1_tensor16x8x16_fused
40367731712,12640,10492,1,1,1,128,1,1,21,0.000,0.000,,,,,Orin (0),1,,7,__myl_MulMeaAddSqrDivMulMul_0x8548fa9a57c713be1fdaa27c95458b99
40367748128,309408,10493,1,128,1,128,1,1,54,0.000,0.049,,,,,Orin (0),1,,7,sm80_xmma_gemm_f16f16_f16f32_f32_tn_n_tilesize32x32x64_stage6_warpsize2x2x1_tensor16x8x16_execute_kernel_trt
40368061248,17952,10494,72,1,1,256,1,1,16,0.000,0.000,,,,,Orin (0),1,,7,__myl_MovResConResRep_0xeb90291bbf009f8413c8500b92afa70a_com
40368083040,12224,10495,8,1,1,128,1,1,16,0.000,0.000,,,,,Orin (0),1,,7,__myl_MovResMulMea_0x8729692710be644f17c7f997918851be
40368099040,21088,10496,72,1,1,256,1,1,20,0.000,0.000,,,,,Orin (0),1,,7,__myl_AddSqrDivMulMulResSliSliNegConMulMulAddConResRepResTra_0x5aea462b6a819ceadd3ebb32874c078f_com
40368123904,10112,10497,16,1,1,128,1,1,16,0.000,0.000,,,,,Orin (0),1,,7,__myl_MovResMulMea_0x61ec5b9962acde3fddf5628b2e6fd459
40368137824,9312,10498,8,1,1,256,1,1,22,0.000,0.000,,,,,Orin (0),1,,7,__myl_AddSqrDivMulMulResSliSliNegConMulMulAdd_0xf1ba08cc3beaba8ee91b0504be9c2cf4
40368150912,31296,10499,1,1,16,128,1,1,92,0.000,0.049,,,,,Orin (0),1,,7,sm80_xmma_gemm_f16f16_f16f32_f32_nn_n_tilesize32x32x64_stage6_warpsize2x2x1_tensor16x8x16_aligna2_alignc2_execute_kernel_trt
40368186016,12544,10500,16,1,1,128,1,1,18,0.000,0.000,,,,,Orin (0),1,,7,__myl_MulMaxSubExpSumDivMul_0x1108f5a078d6e65507c06537b9b2e43f_com
40368202240,50432,10503,1,1,16,128,1,1,242,0.000,0.061,,,,,Orin (0),1,,7,sm80_xmma_gemm_f16f16_f16f32_f32_nn_n_tilesize64x128x32_stage5_warpsize2x2x1_tensor16x8x16_aligna2_alignc2_execute_kernel_trt
40368256352,174336,10504,1,32,1,128,1,1,54,0.000,0.049,,,,,Orin (0),1,,7,sm80_xmma_gemm_f16f16_f16f32_f32_tn_n_tilesize32x32x64_stage6_warpsize2x2x1_tensor16x8x16_execute_kernel_trt
40368433120,11072,10505,1,1,1,128,1,1,21,0.000,0.000,,,,,Orin (0),1,,7,__myl_AddMulMeaAddSqrDivMulMul_0x37f7a26fc5e98dd1cffe0df41b34ef4f
40368446560,158848,10506,1,96,1,128,1,1,54,0.000,0.049,,,,,Orin (0),1,,7,sm80_xmma_gemm_f16f16_f16f32_f32_tn_n_tilesize32x32x64_stage6_warpsize2x2x1_tensor16x8x16_execute_kernel_trt
40368607744,172160,10507,1,96,1,128,1,1,54,0.000,0.049,,,,,Orin (0),1,,7,sm80_xmma_gemm_f16f16_f16f16_f16_tn_n_tilesize32x32x64_stage6_warpsize2x2x1_tensor16x8x16_fused
40368782240,141632,10510,1,16,1,128,1,1,94,0.000,0.066,,,,,Orin (0),1,,7,sm80_xmma_gemm_f16f16_f16f16_f16_nn_n_tilesize64x64x64_stage4_warpsize2x2x1_tensor16x8x16_fused
40368926240,10368,10511,1,1,1,128,1,1,21,0.000,0.000,,,,,Orin (0),1,,7,__myl_MulMeaAddSqrDivMulMul_0x8548fa9a57c713be1fdaa27c95458b99
40368939008,205568,10512,1,128,1,128,1,1,54,0.000,0.049,,,,,Orin (0),1,,7,sm80_xmma_gemm_f16f16_f16f32_f32_tn_n_tilesize32x32x64_stage6_warpsize2x2x1_tensor16x8x16_execute_kernel_trt
40369147008,15424,10513,72,1,1,256,1,1,16,0.000,0.000,,,,,Orin (0),1,,7,__myl_MovResConResRep_0xeb90291bbf009f8413c8500b92afa70a_com
40369164832,9952,10514,8,1,1,128,1,1,16,0.000,0.000,,,,,Orin (0),1,,7,__myl_MovResMulMea_0x8729692710be644f17c7f997918851be
40369177152,18880,10515,72,1,1,256,1,1,20,0.000,0.000,,,,,Orin (0),1,,7,__myl_AddSqrDivMulMulResSliSliNegConMulMulAddConResRepResTra_0x5aea462b6a819ceadd3ebb32874c078f_com
40369198368,8544,10516,16,1,1,128,1,1,16,0.000,0.000,,,,,Orin (0),1,,7,__myl_MovResMulMea_0x61ec5b9962acde3fddf5628b2e6fd459
40369209408,7328,10517,8,1,1,256,1,1,22,0.000,0.000,,,,,Orin (0),1,,7,__myl_AddSqrDivMulMulResSliSliNegConMulMulAdd_0xf1ba08cc3beaba8ee91b0504be9c2cf4
40369219104,28864,10518,1,1,16,128,1,1,92,0.000,0.049,,,,,Orin (0),1,,7,sm80_xmma_gemm_f16f16_f16f32_f32_nn_n_tilesize32x32x64_stage6_warpsize2x2x1_tensor16x8x16_aligna2_alignc2_execute_kernel_trt
40369250464,10336,10519,16,1,1,128,1,1,18,0.000,0.000,,,,,Orin (0),1,,7,__myl_MulMaxSubExpSumDivMul_0x1108f5a078d6e65507c06537b9b2e43f_com
40369263200,43744,10522,1,1,16,128,1,1,242,0.000,0.061,,,,,Orin (0),1,,7,sm80_xmma_gemm_f16f16_f16f32_f32_nn_n_tilesize64x128x32_stage5_warpsize2x2x1_tensor16x8x16_aligna2_alignc2_execute_kernel_trt
40369309280,87424,10523,1,32,1,128,1,1,54,0.000,0.049,,,,,Orin (0),1,,7,sm80_xmma_gemm_f16f16_f16f32_f32_tn_n_tilesize32x32x64_stage6_warpsize2x2x1_tensor16x8x16_execute_kernel_trt
40369399008,7552,10524,1,1,1,128,1,1,21,0.000,0.000,,,,,Orin (0),1,,7,__myl_AddMulMeaAddSqrDivMulMul_0x37f7a26fc5e98dd1cffe0df41b34ef4f
40369408800,111520,10525,1,96,1,128,1,1,54,0.000,0.049,,,,,Orin (0),1,,7,sm80_xmma_gemm_f16f16_f16f32_f32_tn_n_tilesize32x32x64_stage6_warpsize2x2x1_tensor16x8x16_execute_kernel_trt
40369522560,122688,10526,1,96,1,128,1,1,54,0.000,0.049,,,,,Orin (0),1,,7,sm80_xmma_gemm_f16f16_f16f16_f16_tn_n_tilesize32x32x64_stage6_warpsize2x2x1_tensor16x8x16_fused
40369647520,110784,10529,1,16,1,128,1,1,94,0.000,0.066,,,,,Orin (0),1,,7,sm80_xmma_gemm_f16f16_f16f16_f16_nn_n_tilesize64x64x64_stage4_warpsize2x2x1_tensor16x8x16_fused
40369760608,6848,10530,1,1,1,128,1,1,21,0.000,0.000,,,,,Orin (0),1,,7,__myl_MulMeaAddSqrDivMulMul_0x8548fa9a57c713be1fdaa27c95458b99
40369769632,142016,10531,1,128,1,128,1,1,54,0.000,0.049,,,,,Orin (0),1,,7,sm80_xmma_gemm_f16f16_f16f32_f32_tn_n_tilesize32x32x64_stage6_warpsize2x2x1_tensor16x8x16_execute_kernel_trt
40369913952,9408,10532,72,1,1,256,1,1,16,0.000,0.000,,,,,Orin (0),1,,7,__myl_MovResConResRep_0xeb90291bbf009f8413c8500b92afa70a_com
40369925632,6592,10533,8,1,1,128,1,1,16,0.000,0.000,,,,,Orin (0),1,,7,__myl_MovResMulMea_0x8729692710be644f17c7f997918851be
40369934464,10368,10534,72,1,1,256,1,1,20,0.000,0.000,,,,,Orin (0),1,,7,__myl_AddSqrDivMulMulResSliSliNegConMulMulAddConResRepResTra_0x5aea462b6a819ceadd3ebb32874c078f_com
40369947104,5504,10535,16,1,1,128,1,1,16,0.000,0.000,,,,,Orin (0),1,,7,__myl_MovResMulMea_0x61ec5b9962acde3fddf5628b2e6fd459
40369954880,5152,10536,8,1,1,256,1,1,22,0.000,0.000,,,,,Orin (0),1,,7,__myl_AddSqrDivMulMulResSliSliNegConMulMulAdd_0xf1ba08cc3beaba8ee91b0504be9c2cf4
40369962304,14240,10537,1,1,16,128,1,1,92,0.000,0.049,,,,,Orin (0),1,,7,sm80_xmma_gemm_f16f16_f16f32_f32_nn_n_tilesize32x32x64_stage6_warpsize2x2x1_tensor16x8x16_aligna2_alignc2_execute_kernel_trt
40369978944,5856,10538,16,1,1,128,1,1,18,0.000,0.000,,,,,Orin (0),1,,7,__myl_MulMaxSubExpSumDivMul_0x1108f5a078d6e65507c06537b9b2e43f_com
40369987104,25472,10541,1,1,16,128,1,1,242,0.000,0.061,,,,,Orin (0),1,,7,sm80_xmma_gemm_f16f16_f16f32_f32_nn_n_tilesize64x128x32_stage5_warpsize2x2x1_tensor16x8x16_aligna2_alignc2_execute_kernel_trt
40370014816,78176,10542,1,32,1,128,1,1,54,0.000,0.049,,,,,Orin (0),1,,7,sm80_xmma_gemm_f16f16_f16f32_f32_tn_n_tilesize32x32x64_stage6_warpsize2x2x1_tensor16x8x16_execute_kernel_trt
40370095296,7552,10543,1,1,1,128,1,1,21,0.000,0.000,,,,,Orin (0),1,,7,__myl_AddMulMeaAddSqrDivMulMul_0x37f7a26fc5e98dd1cffe0df41b34ef4f
40370104960,112160,10544,1,96,1,128,1,1,54,0.000,0.049,,,,,Orin (0),1,,7,sm80_xmma_gemm_f16f16_f16f32_f32_tn_n_tilesize32x32x64_stage6_warpsize2x2x1_tensor16x8x16_execute_kernel_trt
40370219360,121184,10545,1,96,1,128,1,1,54,0.000,0.049,,,,,Orin (0),1,,7,sm80_xmma_gemm_f16f16_f16f16_f16_tn_n_tilesize32x32x64_stage6_warpsize2x2x1_tensor16x8x16_fused
40370342784,109056,10548,1,16,1,128,1,1,94,0.000,0.066,,,,,Orin (0),1,,7,sm80_xmma_gemm_f16f16_f16f16_f16_nn_n_tilesize64x64x64_stage4_warpsize2x2x1_tensor16x8x16_fused
40370454176,6688,10549,1,1,1,128,1,1,21,0.000,0.000,,,,,Orin (0),1,,7,__myl_MulMeaAddSqrDivMulMul_0x8548fa9a57c713be1fdaa27c95458b99
40370463072,139712,10550,1,128,1,128,1,1,54,0.000,0.049,,,,,Orin (0),1,,7,sm80_xmma_gemm_f16f16_f16f32_f32_tn_n_tilesize32x32x64_stage6_warpsize2x2x1_tensor16x8x16_execute_kernel_trt
40370605024,9536,10551,72,1,1,256,1,1,16,0.000,0.000,,,,,Orin (0),1,,7,__myl_MovResConResRep_0xeb90291bbf009f8413c8500b92afa70a_com
40370616832,6368,10552,8,1,1,128,1,1,16,0.000,0.000,,,,,Orin (0),1,,7,__myl_MovResMulMea_0x8729692710be644f17c7f997918851be
40370625504,10272,10553,72,1,1,256,1,1,20,0.000,0.000,,,,,Orin (0),1,,7,__myl_AddSqrDivMulMulResSliSliNegConMulMulAddConResRepResTra_0x5aea462b6a819ceadd3ebb32874c078f_com
40370638080,4800,10554,16,1,1,128,1,1,16,0.000,0.000,,,,,Orin (0),1,,7,__myl_MovResMulMea_0x61ec5b9962acde3fddf5628b2e6fd459
40370645152,5088,10555,8,1,1,256,1,1,22,0.000,0.000,,,,,Orin (0),1,,7,__myl_AddSqrDivMulMulResSliSliNegConMulMulAdd_0xf1ba08cc3beaba8ee91b0504be9c2cf4
40370652512,14336,10556,1,1,16,128,1,1,92,0.000,0.049,,,,,Orin (0),1,,7,sm80_xmma_gemm_f16f16_f16f32_f32_nn_n_tilesize32x32x64_stage6_warpsize2x2x1_tensor16x8x16_aligna2_alignc2_execute_kernel_trt
40370669152,6048,10557,16,1,1,128,1,1,18,0.000,0.000,,,,,Orin (0),1,,7,__myl_MulMaxSubExpSumDivMul_0x1108f5a078d6e65507c06537b9b2e43f_com
40370677472,25312,10560,1,1,16,128,1,1,242,0.000,0.061,,,,,Orin (0),1,,7,sm80_xmma_gemm_f16f16_f16f32_f32_nn_n_tilesize64x128x32_stage5_warpsize2x2x1_tensor16x8x16_aligna2_alignc2_execute_kernel_trt
40370705024,79392,10561,1,32,1,128,1,1,54,0.000,0.049,,,,,Orin (0),1,,7,sm80_xmma_gemm_f16f16_f16f32_f32_tn_n_tilesize32x32x64_stage6_warpsize2x2x1_tensor16x8x16_execute_kernel_trt
40370786624,8992,10562,1,1,1,128,1,1,21,0.000,0.000,,,,,Orin (0),1,,7,__myl_AddMulMeaAddSqrDivMulMul_0x37f7a26fc5e98dd1cffe0df41b34ef4f
40370797952,110848,10563,1,96,1,128,1,1,54,0.000,0.049,,,,,Orin (0),1,,7,sm80_xmma_gemm_f16f16_f16f32_f32_tn_n_tilesize32x32x64_stage6_warpsize2x2x1_tensor16x8x16_execute_kernel_trt
40370911104,120512,10564,1,96,1,128,1,1,54,0.000,0.049,,,,,Orin (0),1,,7,sm80_xmma_gemm_f16f16_f16f16_f16_tn_n_tilesize32x32x64_stage6_warpsize2x2x1_tensor16x8x16_fused
40371033824,108288,10567,1,16,1,128,1,1,94,0.000,0.066,,,,,Orin (0),1,,7,sm80_xmma_gemm_f16f16_f16f16_f16_nn_n_tilesize64x64x64_stage4_warpsize2x2x1_tensor16x8x16_fused
40371144448,6720,10568,1,1,1,128,1,1,21,0.000,0.000,,,,,Orin (0),1,,7,__myl_MulMeaAddSqrDivMulMul_0x8548fa9a57c713be1fdaa27c95458b99
40371153344,141440,10569,1,128,1,128,1,1,54,0.000,0.049,,,,,Orin (0),1,,7,sm80_xmma_gemm_f16f16_f16f32_f32_tn_n_tilesize32x32x64_stage6_warpsize2x2x1_tensor16x8x16_execute_kernel_trt
40371297056,9472,10570,72,1,1,256,1,1,16,0.000,0.000,,,,,Orin (0),1,,7,__myl_MovResConResRep_0xeb90291bbf009f8413c8500b92afa70a_com
40371308864,6336,10571,8,1,1,128,1,1,16,0.000,0.000,,,,,Orin (0),1,,7,__myl_MovResMulMea_0x8729692710be644f17c7f997918851be
40371317472,10272,10572,72,1,1,256,1,1,20,0.000,0.000,,,,,Orin (0),1,,7,__myl_AddSqrDivMulMulResSliSliNegConMulMulAddConResRepResTra_0x5aea462b6a819ceadd3ebb32874c078f_com
40371329984,4928,10573,16,1,1,128,1,1,16,0.000,0.000,,,,,Orin (0),1,,7,__myl_MovResMulMea_0x61ec5b9962acde3fddf5628b2e6fd459
40371337248,5024,10574,8,1,1,256,1,1,22,0.000,0.000,,,,,Orin (0),1,,7,__myl_AddSqrDivMulMulResSliSliNegConMulMulAdd_0xf1ba08cc3beaba8ee91b0504be9c2cf4
40371344576,14240,10575,1,1,16,128,1,1,92,0.000,0.049,,,,,Orin (0),1,,7,sm80_xmma_gemm_f16f16_f16f32_f32_nn_n_tilesize32x32x64_stage6_warpsize2x2x1_tensor16x8x16_aligna2_alignc2_execute_kernel_trt
40371361088,5856,10576,16,1,1,128,1,1,18,0.000,0.000,,,,,Orin (0),1,,7,__myl_MulMaxSubExpSumDivMul_0x1108f5a078d6e65507c06537b9b2e43f_com
40371369216,24608,10579,1,1,16,128,1,1,242,0.000,0.061,,,,,Orin (0),1,,7,sm80_xmma_gemm_f16f16_f16f32_f32_nn_n_tilesize64x128x32_stage5_warpsize2x2x1_tensor16x8x16_aligna2_alignc2_execute_kernel_trt
40371396064,79424,10580,1,32,1,128,1,1,54,0.000,0.049,,,,,Orin (0),1,,7,sm80_xmma_gemm_f16f16_f16f32_f32_tn_n_tilesize32x32x64_stage6_warpsize2x2x1_tensor16x8x16_execute_kernel_trt
40371477824,7520,10581,1,1,1,128,1,1,21,0.000,0.000,,,,,Orin (0),1,,7,__myl_AddMulMeaAddSqrDivMulMul_0x37f7a26fc5e98dd1cffe0df41b34ef4f
40371487616,112384,10582,1,96,1,128,1,1,54,0.000,0.049,,,,,Orin (0),1,,7,sm80_xmma_gemm_f16f16_f16f32_f32_tn_n_tilesize32x32x64_stage6_warpsize2x2x1_tensor16x8x16_execute_kernel_trt
40371602304,121984,10583,1,96,1,128,1,1,54,0.000,0.049,,,,,Orin (0),1,,7,sm80_xmma_gemm_f16f16_f16f16_f16_tn_n_tilesize32x32x64_stage6_warpsize2x2x1_tensor16x8x16_fused
40371726560,108384,10586,1,16,1,128,1,1,94,0.000,0.066,,,,,Orin (0),1,,7,sm80_xmma_gemm_f16f16_f16f16_f16_nn_n_tilesize64x64x64_stage4_warpsize2x2x1_tensor16x8x16_fused
40371837312,6688,10587,1,1,1,128,1,1,21,0.000,0.000,,,,,Orin (0),1,,7,__myl_MulMeaAddSqrDivMulMul_0x8548fa9a57c713be1fdaa27c95458b99
40371846208,145120,10588,1,128,1,128,1,1,54,0.000,0.049,,,,,Orin (0),1,,7,sm80_xmma_gemm_f16f16_f16f32_f32_tn_n_tilesize32x32x64_stage6_warpsize2x2x1_tensor16x8x16_execute_kernel_trt
40371993632,9504,10589,72,1,1,256,1,1,16,0.000,0.000,,,,,Orin (0),1,,7,__myl_MovResConResRep_0xeb90291bbf009f8413c8500b92afa70a_com
40372005376,6400,10590,8,1,1,128,1,1,16,0.000,0.000,,,,,Orin (0),1,,7,__myl_MovResMulMea_0x8729692710be644f17c7f997918851be
40372014048,10304,10591,72,1,1,256,1,1,20,0.000,0.000,,,,,Orin (0),1,,7,__myl_AddSqrDivMulMulResSliSliNegConMulMulAddConResRepResTra_0x5aea462b6a819ceadd3ebb32874c078f_com
40372026624,4832,10592,16,1,1,128,1,1,16,0.000,0.000,,,,,Orin (0),1,,7,__myl_MovResMulMea_0x61ec5b9962acde3fddf5628b2e6fd459
40372033760,5088,10593,8,1,1,256,1,1,22,0.000,0.000,,,,,Orin (0),1,,7,__myl_AddSqrDivMulMulResSliSliNegConMulMulAdd_0xf1ba08cc3beaba8ee91b0504be9c2cf4
40372041120,14272,10594,1,1,16,128,1,1,92,0.000,0.049,,,,,Orin (0),1,,7,sm80_xmma_gemm_f16f16_f16f32_f32_nn_n_tilesize32x32x64_stage6_warpsize2x2x1_tensor16x8x16_aligna2_alignc2_execute_kernel_trt
40372057728,5856,10595,16,1,1,128,1,1,18,0.000,0.000,,,,,Orin (0),1,,7,__myl_MulMaxSubExpSumDivMul_0x1108f5a078d6e65507c06537b9b2e43f_com
40372065856,25280,10598,1,1,16,128,1,1,242,0.000,0.061,,,,,Orin (0),1,,7,sm80_xmma_gemm_f16f16_f16f32_f32_nn_n_tilesize64x128x32_stage5_warpsize2x2x1_tensor16x8x16_aligna2_alignc2_execute_kernel_trt
40372093408,79136,10599,1,32,1,128,1,1,54,0.000,0.049,,,,,Orin (0),1,,7,sm80_xmma_gemm_f16f16_f16f32_f32_tn_n_tilesize32x32x64_stage6_warpsize2x2x1_tensor16x8x16_execute_kernel_trt
40372174816,7584,10600,1,1,1,128,1,1,21,0.000,0.000,,,,,Orin (0),1,,7,__myl_AddMulMeaAddSqrDivMulMul_0x37f7a26fc5e98dd1cffe0df41b34ef4f
40372184576,112992,10601,1,96,1,128,1,1,54,0.000,0.049,,,,,Orin (0),1,,7,sm80_xmma_gemm_f16f16_f16f32_f32_tn_n_tilesize32x32x64_stage6_warpsize2x2x1_tensor16x8x16_execute_kernel_trt
40372299776,120192,10602,1,96,1,128,1,1,54,0.000,0.049,,,,,Orin (0),1,,7,sm80_xmma_gemm_f16f16_f16f16_f16_tn_n_tilesize32x32x64_stage6_warpsize2x2x1_tensor16x8x16_fused
40372422240,108352,10605,1,16,1,128,1,1,94,0.000,0.066,,,,,Orin (0),1,,7,sm80_xmma_gemm_f16f16_f16f16_f16_nn_n_tilesize64x64x64_stage4_warpsize2x2x1_tensor16x8x16_fused
40372532864,6688,10606,1,1,1,128,1,1,21,0.000,0.000,,,,,Orin (0),1,,7,__myl_MulMeaAddSqrDivMulMul_0x8548fa9a57c713be1fdaa27c95458b99
40372541728,141024,10607,1,128,1,128,1,1,54,0.000,0.049,,,,,Orin (0),1,,7,sm80_xmma_gemm_f16f16_f16f32_f32_tn_n_tilesize32x32x64_stage6_warpsize2x2x1_tensor16x8x16_execute_kernel_trt
40372685024,9408,10608,72,1,1,256,1,1,16,0.000,0.000,,,,,Orin (0),1,,7,__myl_MovResConResRep_0xeb90291bbf009f8413c8500b92afa70a_com
40372696768,6400,10609,8,1,1,128,1,1,16,0.000,0.000,,,,,Orin (0),1,,7,__myl_MovResMulMea_0x8729692710be644f17c7f997918851be
40372705440,9440,10610,72,1,1,256,1,1,20,0.000,0.000,,,,,Orin (0),1,,7,__myl_AddSqrDivMulMulResSliSliNegConMulMulAddConResRepResTra_0x5aea462b6a819ceadd3ebb32874c078f_com
40372717120,5632,10611,16,1,1,128,1,1,16,0.000,0.000,,,,,Orin (0),1,,7,__myl_MovResMulMea_0x61ec5b9962acde3fddf5628b2e6fd459
40372725024,5152,10612,8,1,1,256,1,1,22,0.000,0.000,,,,,Orin (0),1,,7,__myl_AddSqrDivMulMulResSliSliNegConMulMulAdd_0xf1ba08cc3beaba8ee91b0504be9c2cf4
40372732512,14272,10613,1,1,16,128,1,1,92,0.000,0.049,,,,,Orin (0),1,,7,sm80_xmma_gemm_f16f16_f16f32_f32_nn_n_tilesize32x32x64_stage6_warpsize2x2x1_tensor16x8x16_aligna2_alignc2_execute_kernel_trt
40372749088,5888,10614,16,1,1,128,1,1,18,0.000,0.000,,,,,Orin (0),1,,7,__myl_MulMaxSubExpSumDivMul_0x1108f5a078d6e65507c06537b9b2e43f_com
40372757312,24640,10617,1,1,16,128,1,1,242,0.000,0.061,,,,,Orin (0),1,,7,sm80_xmma_gemm_f16f16_f16f32_f32_nn_n_tilesize64x128x32_stage5_warpsize2x2x1_tensor16x8x16_aligna2_alignc2_execute_kernel_trt
40372784192,77824,10618,1,32,1,128,1,1,54,0.000,0.049,,,,,Orin (0),1,,7,sm80_xmma_gemm_f16f16_f16f32_f32_tn_n_tilesize32x32x64_stage6_warpsize2x2x1_tensor16x8x16_execute_kernel_trt
40372864320,7584,10619,1,1,1,128,1,1,21,0.000,0.000,,,,,Orin (0),1,,7,__myl_AddMulMeaAddSqrDivMulMul_0x37f7a26fc5e98dd1cffe0df41b34ef4f
40372874112,112064,10620,1,96,1,128,1,1,54,0.000,0.049,,,,,Orin (0),1,,7,sm80_xmma_gemm_f16f16_f16f32_f32_tn_n_tilesize32x32x64_stage6_warpsize2x2x1_tensor16x8x16_execute_kernel_trt
40372988448,120736,10621,1,96,1,128,1,1,54,0.000,0.049,,,,,Orin (0),1,,7,sm80_xmma_gemm_f16f16_f16f16_f16_tn_n_tilesize32x32x64_stage6_warpsize2x2x1_tensor16x8x16_fused
40373111456,108256,10624,1,16,1,128,1,1,94,0.000,0.066,,,,,Orin (0),1,,7,sm80_xmma_gemm_f16f16_f16f16_f16_nn_n_tilesize64x64x64_stage4_warpsize2x2x1_tensor16x8x16_fused
40373222016,6752,10625,1,1,1,128,1,1,21,0.000,0.000,,,,,Orin (0),1,,7,__myl_MulMeaAddSqrDivMulMul_0x8548fa9a57c713be1fdaa27c95458b99
40373231040,141216,10626,1,128,1,128,1,1,54,0.000,0.049,,,,,Orin (0),1,,7,sm80_xmma_gemm_f16f16_f16f32_f32_tn_n_tilesize32x32x64_stage6_warpsize2x2x1_tensor16x8x16_execute_kernel_trt
40373374528,9472,10627,72,1,1,256,1,1,16,0.000,0.000,,,,,Orin (0),1,,7,__myl_MovResConResRep_0xeb90291bbf009f8413c8500b92afa70a_com
40373386272,6368,10628,8,1,1,128,1,1,16,0.000,0.000,,,,,Orin (0),1,,7,__myl_MovResMulMea_0x8729692710be644f17c7f997918851be
40373394880,10304,10629,72,1,1,256,1,1,20,0.000,0.000,,,,,Orin (0),1,,7,__myl_AddSqrDivMulMulResSliSliNegConMulMulAddConResRepResTra_0x5aea462b6a819ceadd3ebb32874c078f_com
40373407520,5536,10630,16,1,1,128,1,1,16,0.000,0.000,,,,,Orin (0),1,,7,__myl_MovResMulMea_0x61ec5b9962acde3fddf5628b2e6fd459
40373415296,5248,10631,8,1,1,256,1,1,22,0.000,0.000,,,,,Orin (0),1,,7,__myl_AddSqrDivMulMulResSliSliNegConMulMulAdd_0xf1ba08cc3beaba8ee91b0504be9c2cf4
40373422784,14240,10632,1,1,16,128,1,1,92,0.000,0.049,,,,,Orin (0),1,,7,sm80_xmma_gemm_f16f16_f16f32_f32_nn_n_tilesize32x32x64_stage6_warpsize2x2x1_tensor16x8x16_aligna2_alignc2_execute_kernel_trt
40373439296,5888,10633,16,1,1,128,1,1,18,0.000,0.000,,,,,Orin (0),1,,7,__myl_MulMaxSubExpSumDivMul_0x1108f5a078d6e65507c06537b9b2e43f_com
40373447456,25280,10636,1,1,16,128,1,1,242,0.000,0.061,,,,,Orin (0),1,,7,sm80_xmma_gemm_f16f16_f16f32_f32_nn_n_tilesize64x128x32_stage5_warpsize2x2x1_tensor16x8x16_aligna2_alignc2_execute_kernel_trt
40373475072,79712,10637,1,32,1,128,1,1,54,0.000,0.049,,,,,Orin (0),1,,7,sm80_xmma_gemm_f16f16_f16f32_f32_tn_n_tilesize32x32x64_stage6_warpsize2x2x1_tensor16x8x16_execute_kernel_trt
40373557056,7552,10638,1,1,1,128,1,1,21,0.000,0.000,,,,,Orin (0),1,,7,__myl_AddMulMeaAddSqrDivMulMul_0x37f7a26fc5e98dd1cffe0df41b34ef4f
40373566816,112576,10639,1,96,1,128,1,1,54,0.000,0.049,,,,,Orin (0),1,,7,sm80_xmma_gemm_f16f16_f16f32_f32_tn_n_tilesize32x32x64_stage6_warpsize2x2x1_tensor16x8x16_execute_kernel_trt
40373681664,118880,10640,1,96,1,128,1,1,54,0.000,0.049,,,,,Orin (0),1,,7,sm80_xmma_gemm_f16f16_f16f16_f16_tn_n_tilesize32x32x64_stage6_warpsize2x2x1_tensor16x8x16_fused
40373802848,109120,10643,1,16,1,128,1,1,94,0.000,0.066,,,,,Orin (0),1,,7,sm80_xmma_gemm_f16f16_f16f16_f16_nn_n_tilesize64x64x64_stage4_warpsize2x2x1_tensor16x8x16_fused
40374442208,8032,10657,1,1,1,128,1,1,29,0.000,0.000,,,,,Orin (0),1,,7,__myl_MovMulMeaAddSqrDivMulMulCas_0x62665ed68e2d72f01be2ec50e848f2e2_vec
40374807936,4688960,10671,1187,1,1,64,1,1,149,0.025,0.000,,,,,Orin (0),1,,7,trt_ampere_h16816gemm_128x64_ldg8_nn_v1
