Start (ns),End (ns),Duration (ns),DurChild (ns),DurNonChild (ns),Name,PID,TID,Lvl,NumChild,RangeId,ParentId,RangeStack,NameTree
7242937344,7244022784,1085440,1000704,84736,TensorRT:ExecutionContext::enqueue,648714,648714,0,1,6,,:6,TensorRT:ExecutionContext::enqueue
7243014848,7244015552,1000704,99328,901376,TensorRT:{ForeignNode[ONNXTRT_castHelper.../Gather]},648714,648714,1,2,10,6,:6:10,--TensorRT:{ForeignNode[ONNXTRT_castHelper.../Gather]}
7243897376,7243900032,2656,0,2656,myelin-exec:__mye39_0,648714,648714,2,0,17,10,:6:10:17,----myelin-exec:__mye39_0
7243901184,7243997856,96672,0,96672,myelin-exec:__myl_CasGat,648714,648714,2,0,18,10,:6:10:18,----myelin-exec:__myl_CasGat
8743152000,8823208128,80056128,79036864,1019264,TensorRT:ExecutionContext::enqueue,648714,648714,0,1,27,,:27,TensorRT:ExecutionContext::enqueue
8744117696,8823154560,79036864,77596160,1440704,TensorRT:{ForeignNode[/Cast.../Add_111]},648714,648714,1,613,31,27,:27:31,--TensorRT:{ForeignNode[/Cast.../Add_111]}
8744334496,8744336672,2176,0,2176,myelin-exec:__mye158796_0,648714,648714,2,0,38,31,:27:31:38,----myelin-exec:__mye158796_0
8744337792,8744432320,94528,0,94528,myelin-exec:__myl_RepIotIotRepCasAddCasEqlLtOrSel,648714,648714,2,0,39,31,:27:31:39,----myelin-exec:__myl_RepIotIotRepCasAddCasEqlLtOrSel
8744434816,8744463520,28704,0,28704,myelin-exec:__myl_MovMulMeaAddSqrDivMulMul,648714,648714,2,0,40,31,:27:31:40,----myelin-exec:__myl_MovMulMeaAddSqrDivMulMul
8744464896,8801899232,57434336,0,57434336,myelin-exec:/v_proj/MatMul+/k_proj/MatMul+/q_proj/MatMul,648714,648714,2,0,41,31,:27:31:41,----myelin-exec:/v_proj/MatMul+/k_proj/MatMul+/q_proj/MatMul
8801908192,8801944768,36576,0,36576,myelin-exec:__myl_ResTraResSliRepRes,648714,648714,2,0,42,31,:27:31:42,----myelin-exec:__myl_ResTraResSliRepRes
8801946432,8801966496,20064,0,20064,myelin-exec:__myl_ResMulMea,648714,648714,2,0,43,31,:27:31:43,----myelin-exec:__myl_ResMulMea
8801968000,8801985056,17056,0,17056,myelin-exec:__myl_ResMulMea,648714,648714,2,0,44,31,:27:31:44,----myelin-exec:__myl_ResMulMea
8801986432,8802007616,21184,0,21184,myelin-exec:__myl_CasResMulConSinResCosResAddSqrAddSqrDivMulDivMulMulTraSliSliNegConMulMulAddResSliRepResTraEtc,648714,648714,2,0,45,31,:27:31:45,----myelin-exec:__myl_CasResMulConSinResCosResAddSqrAddSqrDivMulDivMulMulTraSliSliNegConMulMulAddResSliRepResTraEtc
8802008928,8802025408,16480,0,16480,myelin-exec:_gemm_mha_v2,648714,648714,2,0,46,31,:27:31:46,----myelin-exec:_gemm_mha_v2
8802026496,8803860704,1834208,0,1834208,myelin-exec:__myl_FcAdd,648714,648714,2,0,47,31,:27:31:47,----myelin-exec:__myl_FcAdd
8803863520,8803890880,27360,0,27360,myelin-exec:__myl_MulMeaAddSqrDivMulMul,648714,648714,2,0,48,31,:27:31:48,----myelin-exec:__myl_MulMeaAddSqrDivMulMul
8803892512,8803906080,13568,0,13568,myelin-exec:__mye624489,648714,648714,2,0,49,31,:27:31:49,----myelin-exec:__mye624489
8803907360,8803990080,82720,0,82720,myelin-exec:/gate_proj/MatMul,648714,648714,2,0,50,31,:27:31:50,----myelin-exec:/gate_proj/MatMul
8803992256,8804004128,11872,0,11872,myelin-exec:__mye624491,648714,648714,2,0,51,31,:27:31:51,----myelin-exec:__mye624491
8804005408,8804060608,55200,0,55200,myelin-exec:/up_proj/MatMul,648714,648714,2,0,52,31,:27:31:52,----myelin-exec:/up_proj/MatMul
8804062432,8804066944,4512,0,4512,myelin-exec:__mye624493,648714,648714,2,0,53,31,:27:31:53,----myelin-exec:__mye624493
8804068256,8804072288,4032,0,4032,myelin-exec:__mye624495,648714,648714,2,0,54,31,:27:31:54,----myelin-exec:__mye624495
8804073312,8804096224,22912,0,22912,myelin-exec:__myl_NegExpAddDivMulMul,648714,648714,2,0,55,31,:27:31:55,----myelin-exec:__myl_NegExpAddDivMulMul
8804097664,8804272320,174656,0,174656,myelin-exec:__myl_FcAdd,648714,648714,2,0,56,31,:27:31:56,----myelin-exec:__myl_FcAdd
8804274400,8804299424,25024,0,25024,myelin-exec:__myl_MulMeaAddSqrDivMulMul,648714,648714,2,0,57,31,:27:31:57,----myelin-exec:__myl_MulMeaAddSqrDivMulMul
8804301088,8804345440,44352,0,44352,myelin-exec:/v_proj_1/MatMul+/k_proj_1/MatMul+/q_proj_1/MatMul,648714,648714,2,0,58,31,:27:31:58,----myelin-exec:/v_proj_1/MatMul+/k_proj_1/MatMul+/q_proj_1/MatMul
8804346848,8804352544,5696,0,5696,myelin-exec:__mye624497,648714,648714,2,0,59,31,:27:31:59,----myelin-exec:__mye624497
8804353824,8804370368,16544,0,16544,myelin-exec:__myl_ResTraResSliRepRes,648714,648714,2,0,60,31,:27:31:60,----myelin-exec:__myl_ResTraResSliRepRes
8804371744,8804375872,4128,0,4128,myelin-exec:__mye624499,648714,648714,2,0,61,31,:27:31:61,----myelin-exec:__mye624499
8804377216,8804408256,31040,0,31040,myelin-exec:__myl_ResMulMea,648714,648714,2,0,62,31,:27:31:62,----myelin-exec:__myl_ResMulMea
8804409952,8804434144,24192,0,24192,myelin-exec:__myl_AddSqrDivMulMulTraSliSliNegConMulMulAddResSliRepResTraRes,648714,648714,2,0,63,31,:27:31:63,----myelin-exec:__myl_AddSqrDivMulMulTraSliSliNegConMulMulAddResSliRepResTraRes
8804435520,8804439584,4064,0,4064,myelin-exec:__mye624501,648714,648714,2,0,64,31,:27:31:64,----myelin-exec:__mye624501
8804440960,8804455872,14912,0,14912,myelin-exec:__myl_ResMulMea,648714,648714,2,0,65,31,:27:31:65,----myelin-exec:__myl_ResMulMea
8804457472,8804473856,16384,0,16384,myelin-exec:__myl_AddSqrDivMulMulTraSliSliNegConMulMulAddRes,648714,648714,2,0,66,31,:27:31:66,----myelin-exec:__myl_AddSqrDivMulMulTraSliSliNegConMulMulAddRes
8804475168,8804477920,2752,0,2752,myelin-exec:__mye624503,648714,648714,2,0,67,31,:27:31:67,----myelin-exec:__mye624503
8804478880,8804491328,12448,0,12448,myelin-exec:_gemm_mha_v2,648714,648714,2,0,68,31,:27:31:68,----myelin-exec:_gemm_mha_v2
8804492896,8804675968,183072,0,183072,myelin-exec:__myl_FcAdd,648714,648714,2,0,69,31,:27:31:69,----myelin-exec:__myl_FcAdd
8804678592,8804698240,19648,0,19648,myelin-exec:__myl_MulMeaAddSqrDivMulMul,648714,648714,2,0,70,31,:27:31:70,----myelin-exec:__myl_MulMeaAddSqrDivMulMul
8804699840,8804705600,5760,0,5760,myelin-exec:__mye624505,648714,648714,2,0,71,31,:27:31:71,----myelin-exec:__mye624505
8804706720,8804753696,46976,0,46976,myelin-exec:/gate_proj_1/MatMul,648714,648714,2,0,72,31,:27:31:72,----myelin-exec:/gate_proj_1/MatMul
8804755712,8804760064,4352,0,4352,myelin-exec:__mye624507,648714,648714,2,0,73,31,:27:31:73,----myelin-exec:__mye624507
8804761536,8804807136,45600,0,45600,myelin-exec:/up_proj_1/MatMul,648714,648714,2,0,74,31,:27:31:74,----myelin-exec:/up_proj_1/MatMul
8804808736,8804813088,4352,0,4352,myelin-exec:__mye624509,648714,648714,2,0,75,31,:27:31:75,----myelin-exec:__mye624509
8804814144,8804817920,3776,0,3776,myelin-exec:__mye624511,648714,648714,2,0,76,31,:27:31:76,----myelin-exec:__mye624511
8804819328,8804835264,15936,0,15936,myelin-exec:__myl_NegExpAddDivMulMul,648714,648714,2,0,77,31,:27:31:77,----myelin-exec:__myl_NegExpAddDivMulMul
8804837376,8805048224,210848,0,210848,myelin-exec:__myl_FcAdd,648714,648714,2,0,78,31,:27:31:78,----myelin-exec:__myl_FcAdd
8805050752,8805073344,22592,0,22592,myelin-exec:__myl_MulMeaAddSqrDivMulMul,648714,648714,2,0,79,31,:27:31:79,----myelin-exec:__myl_MulMeaAddSqrDivMulMul
8805075232,8805127776,52544,0,52544,myelin-exec:/v_proj_2/MatMul+/k_proj_2/MatMul+/q_proj_2/MatMul,648714,648714,2,0,80,31,:27:31:80,----myelin-exec:/v_proj_2/MatMul+/k_proj_2/MatMul+/q_proj_2/MatMul
8805129760,8805136064,6304,0,6304,myelin-exec:__mye624513,648714,648714,2,0,81,31,:27:31:81,----myelin-exec:__mye624513
8805137344,8805155840,18496,0,18496,myelin-exec:__myl_ResTraResSliRepRes,648714,648714,2,0,82,31,:27:31:82,----myelin-exec:__myl_ResTraResSliRepRes
8805157472,8805161408,3936,0,3936,myelin-exec:__mye624515,648714,648714,2,0,83,31,:27:31:83,----myelin-exec:__mye624515
8805162528,8805179040,16512,0,16512,myelin-exec:__myl_ResMulMea,648714,648714,2,0,84,31,:27:31:84,----myelin-exec:__myl_ResMulMea
8805180416,8805203456,23040,0,23040,myelin-exec:__myl_AddSqrDivMulMulTraSliSliNegConMulMulAddResSliRepResTraRes,648714,648714,2,0,85,31,:27:31:85,----myelin-exec:__myl_AddSqrDivMulMulTraSliSliNegConMulMulAddResSliRepResTraRes
8805204896,8805208576,3680,0,3680,myelin-exec:__mye624517,648714,648714,2,0,86,31,:27:31:86,----myelin-exec:__mye624517
8805209600,8805223776,14176,0,14176,myelin-exec:__myl_ResMulMea,648714,648714,2,0,87,31,:27:31:87,----myelin-exec:__myl_ResMulMea
8805225536,8805237184,11648,0,11648,myelin-exec:__myl_AddSqrDivMulMulTraSliSliNegConMulMulAddRes,648714,648714,2,0,88,31,:27:31:88,----myelin-exec:__myl_AddSqrDivMulMulTraSliSliNegConMulMulAddRes
8805238304,8805241280,2976,0,2976,myelin-exec:__mye624519,648714,648714,2,0,89,31,:27:31:89,----myelin-exec:__mye624519
8805241824,8805253376,11552,0,11552,myelin-exec:_gemm_mha_v2,648714,648714,2,0,90,31,:27:31:90,----myelin-exec:_gemm_mha_v2
8805254464,8805427392,172928,0,172928,myelin-exec:__myl_FcAdd,648714,648714,2,0,91,31,:27:31:91,----myelin-exec:__myl_FcAdd
8805429792,8805448960,19168,0,19168,myelin-exec:__myl_MulMeaAddSqrDivMulMul,648714,648714,2,0,92,31,:27:31:92,----myelin-exec:__myl_MulMeaAddSqrDivMulMul
8805450656,8805455680,5024,0,5024,myelin-exec:__mye624521,648714,648714,2,0,93,31,:27:31:93,----myelin-exec:__mye624521
8805456896,8805504896,48000,0,48000,myelin-exec:/gate_proj_2/MatMul,648714,648714,2,0,94,31,:27:31:94,----myelin-exec:/gate_proj_2/MatMul
8805506560,8805510848,4288,0,4288,myelin-exec:__mye624523,648714,648714,2,0,95,31,:27:31:95,----myelin-exec:__mye624523
8805511616,8805551264,39648,0,39648,myelin-exec:/up_proj_2/MatMul,648714,648714,2,0,96,31,:27:31:96,----myelin-exec:/up_proj_2/MatMul
8805552768,8805556416,3648,0,3648,myelin-exec:__mye624525,648714,648714,2,0,97,31,:27:31:97,----myelin-exec:__mye624525
8805557440,8805560736,3296,0,3296,myelin-exec:__mye624527,648714,648714,2,0,98,31,:27:31:98,----myelin-exec:__mye624527
8805561536,8805577600,16064,0,16064,myelin-exec:__myl_NegExpAddDivMulMul,648714,648714,2,0,99,31,:27:31:99,----myelin-exec:__myl_NegExpAddDivMulMul
8805579168,8805744768,165600,0,165600,myelin-exec:__myl_FcAdd,648714,648714,2,0,100,31,:27:31:100,----myelin-exec:__myl_FcAdd
8805746880,8805765472,18592,0,18592,myelin-exec:__myl_MulMeaAddSqrDivMulMul,648714,648714,2,0,101,31,:27:31:101,----myelin-exec:__myl_MulMeaAddSqrDivMulMul
8805767104,8805807040,39936,0,39936,myelin-exec:/v_proj_3/MatMul+/k_proj_3/MatMul+/q_proj_3/MatMul,648714,648714,2,0,102,31,:27:31:102,----myelin-exec:/v_proj_3/MatMul+/k_proj_3/MatMul+/q_proj_3/MatMul
8805808672,8805813664,4992,0,4992,myelin-exec:__mye624529,648714,648714,2,0,103,31,:27:31:103,----myelin-exec:__mye624529
8805814912,8805830816,15904,0,15904,myelin-exec:__myl_ResTraResSliRepRes,648714,648714,2,0,104,31,:27:31:104,----myelin-exec:__myl_ResTraResSliRepRes
8805832000,8805835808,3808,0,3808,myelin-exec:__mye624531,648714,648714,2,0,105,31,:27:31:105,----myelin-exec:__mye624531
8805836992,8805852064,15072,0,15072,myelin-exec:__myl_ResMulMea,648714,648714,2,0,106,31,:27:31:106,----myelin-exec:__myl_ResMulMea
8805853472,8805866816,13344,0,13344,myelin-exec:__myl_AddSqrDivMulMulTraSliSliNegConMulMulAddResSliRepResTraRes,648714,648714,2,0,107,31,:27:31:107,----myelin-exec:__myl_AddSqrDivMulMulTraSliSliNegConMulMulAddResSliRepResTraRes
8805867808,8805871104,3296,0,3296,myelin-exec:__mye624533,648714,648714,2,0,108,31,:27:31:108,----myelin-exec:__mye624533
8805872256,8805886176,13920,0,13920,myelin-exec:__myl_ResMulMea,648714,648714,2,0,109,31,:27:31:109,----myelin-exec:__myl_ResMulMea
8805887552,8805898624,11072,0,11072,myelin-exec:__myl_AddSqrDivMulMulTraSliSliNegConMulMulAddRes,648714,648714,2,0,110,31,:27:31:110,----myelin-exec:__myl_AddSqrDivMulMulTraSliSliNegConMulMulAddRes
8805900000,8805902496,2496,0,2496,myelin-exec:__mye624535,648714,648714,2,0,111,31,:27:31:111,----myelin-exec:__mye624535
8805903296,8805915200,11904,0,11904,myelin-exec:_gemm_mha_v2,648714,648714,2,0,112,31,:27:31:112,----myelin-exec:_gemm_mha_v2
8805916928,8806071808,154880,0,154880,myelin-exec:__myl_FcAdd,648714,648714,2,0,113,31,:27:31:113,----myelin-exec:__myl_FcAdd
8806074112,8806088320,14208,0,14208,myelin-exec:__myl_MulMeaAddSqrDivMulMul,648714,648714,2,0,114,31,:27:31:114,----myelin-exec:__myl_MulMeaAddSqrDivMulMul
8806089696,8806093440,3744,0,3744,myelin-exec:__mye624537,648714,648714,2,0,115,31,:27:31:115,----myelin-exec:__mye624537
8806094688,8806138720,44032,0,44032,myelin-exec:/gate_proj_3/MatMul,648714,648714,2,0,116,31,:27:31:116,----myelin-exec:/gate_proj_3/MatMul
8806140608,8806143776,3168,0,3168,myelin-exec:__mye624539,648714,648714,2,0,117,31,:27:31:117,----myelin-exec:__mye624539
8806145024,8806195648,50624,0,50624,myelin-exec:/up_proj_3/MatMul,648714,648714,2,0,118,31,:27:31:118,----myelin-exec:/up_proj_3/MatMul
8806197792,8806201952,4160,0,4160,myelin-exec:__mye624541,648714,648714,2,0,119,31,:27:31:119,----myelin-exec:__mye624541
8806202976,8806206432,3456,0,3456,myelin-exec:__mye624543,648714,648714,2,0,120,31,:27:31:120,----myelin-exec:__mye624543
8806207680,8806224640,16960,0,16960,myelin-exec:__myl_NegExpAddDivMulMul,648714,648714,2,0,121,31,:27:31:121,----myelin-exec:__myl_NegExpAddDivMulMul
8806226336,8806386336,160000,0,160000,myelin-exec:__myl_FcAdd,648714,648714,2,0,122,31,:27:31:122,----myelin-exec:__myl_FcAdd
8806388256,8806403200,14944,0,14944,myelin-exec:__myl_MulMeaAddSqrDivMulMul,648714,648714,2,0,123,31,:27:31:123,----myelin-exec:__myl_MulMeaAddSqrDivMulMul
8806404960,8806446112,41152,0,41152,myelin-exec:/v_proj_4/MatMul+/k_proj_4/MatMul+/q_proj_4/MatMul,648714,648714,2,0,124,31,:27:31:124,----myelin-exec:/v_proj_4/MatMul+/k_proj_4/MatMul+/q_proj_4/MatMul
8806448320,8806452064,3744,0,3744,myelin-exec:__mye624545,648714,648714,2,0,125,31,:27:31:125,----myelin-exec:__mye624545
8806453184,8806468416,15232,0,15232,myelin-exec:__myl_ResTraResSliRepRes,648714,648714,2,0,126,31,:27:31:126,----myelin-exec:__myl_ResTraResSliRepRes
8806470080,8806473408,3328,0,3328,myelin-exec:__mye624547,648714,648714,2,0,127,31,:27:31:127,----myelin-exec:__mye624547
8806474304,8806488128,13824,0,13824,myelin-exec:__myl_ResMulMea,648714,648714,2,0,128,31,:27:31:128,----myelin-exec:__myl_ResMulMea
8806489504,8806503168,13664,0,13664,myelin-exec:__myl_AddSqrDivMulMulTraSliSliNegConMulMulAddResSliRepResTraRes,648714,648714,2,0,129,31,:27:31:129,----myelin-exec:__myl_AddSqrDivMulMulTraSliSliNegConMulMulAddResSliRepResTraRes
8806504288,8806507840,3552,0,3552,myelin-exec:__mye624549,648714,648714,2,0,130,31,:27:31:130,----myelin-exec:__mye624549
8806508672,8806520768,12096,0,12096,myelin-exec:__myl_ResMulMea,648714,648714,2,0,131,31,:27:31:131,----myelin-exec:__myl_ResMulMea
8806521824,8806533856,12032,0,12032,myelin-exec:__myl_AddSqrDivMulMulTraSliSliNegConMulMulAddRes,648714,648714,2,0,132,31,:27:31:132,----myelin-exec:__myl_AddSqrDivMulMulTraSliSliNegConMulMulAddRes
8806535104,8806537856,2752,0,2752,myelin-exec:__mye624551,648714,648714,2,0,133,31,:27:31:133,----myelin-exec:__mye624551
8806538432,8806549952,11520,0,11520,myelin-exec:_gemm_mha_v2,648714,648714,2,0,134,31,:27:31:134,----myelin-exec:_gemm_mha_v2
8806551552,8806728256,176704,0,176704,myelin-exec:__myl_FcAdd,648714,648714,2,0,135,31,:27:31:135,----myelin-exec:__myl_FcAdd
8806730432,8806752128,21696,0,21696,myelin-exec:__myl_MulMeaAddSqrDivMulMul,648714,648714,2,0,136,31,:27:31:136,----myelin-exec:__myl_MulMeaAddSqrDivMulMul
8806753728,8806758720,4992,0,4992,myelin-exec:__mye624553,648714,648714,2,0,137,31,:27:31:137,----myelin-exec:__mye624553
8806760000,8806807264,47264,0,47264,myelin-exec:/gate_proj_4/MatMul,648714,648714,2,0,138,31,:27:31:138,----myelin-exec:/gate_proj_4/MatMul
8806808768,8806812608,3840,0,3840,myelin-exec:__mye624555,648714,648714,2,0,139,31,:27:31:139,----myelin-exec:__mye624555
8806813728,8806860896,47168,0,47168,myelin-exec:/up_proj_4/MatMul,648714,648714,2,0,140,31,:27:31:140,----myelin-exec:/up_proj_4/MatMul
8806862784,8806866336,3552,0,3552,myelin-exec:__mye624557,648714,648714,2,0,141,31,:27:31:141,----myelin-exec:__mye624557
8806867584,8806870656,3072,0,3072,myelin-exec:__mye624559,648714,648714,2,0,142,31,:27:31:142,----myelin-exec:__mye624559
8806871712,8806889952,18240,0,18240,myelin-exec:__myl_NegExpAddDivMulMul,648714,648714,2,0,143,31,:27:31:143,----myelin-exec:__myl_NegExpAddDivMulMul
8806891200,8807062720,171520,0,171520,myelin-exec:__myl_FcAdd,648714,648714,2,0,144,31,:27:31:144,----myelin-exec:__myl_FcAdd
8807064672,8807084224,19552,0,19552,myelin-exec:__myl_MulMeaAddSqrDivMulMul,648714,648714,2,0,145,31,:27:31:145,----myelin-exec:__myl_MulMeaAddSqrDivMulMul
8807086048,8807134944,48896,0,48896,myelin-exec:/v_proj_5/MatMul+/k_proj_5/MatMul+/q_proj_5/MatMul,648714,648714,2,0,146,31,:27:31:146,----myelin-exec:/v_proj_5/MatMul+/k_proj_5/MatMul+/q_proj_5/MatMul
8807137024,8807142112,5088,0,5088,myelin-exec:__mye624561,648714,648714,2,0,147,31,:27:31:147,----myelin-exec:__mye624561
8807143616,8807160000,16384,0,16384,myelin-exec:__myl_ResTraResSliRepRes,648714,648714,2,0,148,31,:27:31:148,----myelin-exec:__myl_ResTraResSliRepRes
8807161376,8807165024,3648,0,3648,myelin-exec:__mye624563,648714,648714,2,0,149,31,:27:31:149,----myelin-exec:__mye624563
8807166176,8807180672,14496,0,14496,myelin-exec:__myl_ResMulMea,648714,648714,2,0,150,31,:27:31:150,----myelin-exec:__myl_ResMulMea
8807181984,8807195680,13696,0,13696,myelin-exec:__myl_AddSqrDivMulMulTraSliSliNegConMulMulAddResSliRepResTraRes,648714,648714,2,0,151,31,:27:31:151,----myelin-exec:__myl_AddSqrDivMulMulTraSliSliNegConMulMulAddResSliRepResTraRes
8807196832,8807200128,3296,0,3296,myelin-exec:__mye624565,648714,648714,2,0,152,31,:27:31:152,----myelin-exec:__mye624565
8807201376,8807214048,12672,0,12672,myelin-exec:__myl_ResMulMea,648714,648714,2,0,153,31,:27:31:153,----myelin-exec:__myl_ResMulMea
8807215456,8807226016,10560,0,10560,myelin-exec:__myl_AddSqrDivMulMulTraSliSliNegConMulMulAddRes,648714,648714,2,0,154,31,:27:31:154,----myelin-exec:__myl_AddSqrDivMulMulTraSliSliNegConMulMulAddRes
8807226880,8807229760,2880,0,2880,myelin-exec:__mye624567,648714,648714,2,0,155,31,:27:31:155,----myelin-exec:__mye624567
8807230560,8807241824,11264,0,11264,myelin-exec:_gemm_mha_v2,648714,648714,2,0,156,31,:27:31:156,----myelin-exec:_gemm_mha_v2
8807243360,8807403968,160608,0,160608,myelin-exec:__myl_FcAdd,648714,648714,2,0,157,31,:27:31:157,----myelin-exec:__myl_FcAdd
8807406208,8807421568,15360,0,15360,myelin-exec:__myl_MulMeaAddSqrDivMulMul,648714,648714,2,0,158,31,:27:31:158,----myelin-exec:__myl_MulMeaAddSqrDivMulMul
8807423168,8807427008,3840,0,3840,myelin-exec:__mye624569,648714,648714,2,0,159,31,:27:31:159,----myelin-exec:__mye624569
8807428288,8807467872,39584,0,39584,myelin-exec:/gate_proj_5/MatMul,648714,648714,2,0,160,31,:27:31:160,----myelin-exec:/gate_proj_5/MatMul
8807469600,8807472832,3232,0,3232,myelin-exec:__mye624571,648714,648714,2,0,161,31,:27:31:161,----myelin-exec:__mye624571
8807474112,8807510592,36480,0,36480,myelin-exec:/up_proj_5/MatMul,648714,648714,2,0,162,31,:27:31:162,----myelin-exec:/up_proj_5/MatMul
8807512192,8807515328,3136,0,3136,myelin-exec:__mye624573,648714,648714,2,0,163,31,:27:31:163,----myelin-exec:__mye624573
8807516288,8807519488,3200,0,3200,myelin-exec:__mye624575,648714,648714,2,0,164,31,:27:31:164,----myelin-exec:__mye624575
8807520576,8807535904,15328,0,15328,myelin-exec:__myl_NegExpAddDivMulMul,648714,648714,2,0,165,31,:27:31:165,----myelin-exec:__myl_NegExpAddDivMulMul
8807537568,8807703520,165952,0,165952,myelin-exec:__myl_FcAdd,648714,648714,2,0,166,31,:27:31:166,----myelin-exec:__myl_FcAdd
8807705600,8807723808,18208,0,18208,myelin-exec:__myl_MulMeaAddSqrDivMulMul,648714,648714,2,0,167,31,:27:31:167,----myelin-exec:__myl_MulMeaAddSqrDivMulMul
8807725504,8807766368,40864,0,40864,myelin-exec:/v_proj_6/MatMul+/k_proj_6/MatMul+/q_proj_6/MatMul,648714,648714,2,0,168,31,:27:31:168,----myelin-exec:/v_proj_6/MatMul+/k_proj_6/MatMul+/q_proj_6/MatMul
8807768096,8807773792,5696,0,5696,myelin-exec:__mye624577,648714,648714,2,0,169,31,:27:31:169,----myelin-exec:__mye624577
8807775072,8807791616,16544,0,16544,myelin-exec:__myl_ResTraResSliRepRes,648714,648714,2,0,170,31,:27:31:170,----myelin-exec:__myl_ResTraResSliRepRes
8807792736,8807796320,3584,0,3584,myelin-exec:__mye624579,648714,648714,2,0,171,31,:27:31:171,----myelin-exec:__mye624579
8807797504,8807819488,21984,0,21984,myelin-exec:__myl_ResMulMea,648714,648714,2,0,172,31,:27:31:172,----myelin-exec:__myl_ResMulMea
8807820896,8807835744,14848,0,14848,myelin-exec:__myl_AddSqrDivMulMulTraSliSliNegConMulMulAddResSliRepResTraRes,648714,648714,2,0,173,31,:27:31:173,----myelin-exec:__myl_AddSqrDivMulMulTraSliSliNegConMulMulAddResSliRepResTraRes
8807837184,8807840576,3392,0,3392,myelin-exec:__mye624581,648714,648714,2,0,174,31,:27:31:174,----myelin-exec:__mye624581
8807841472,8807854272,12800,0,12800,myelin-exec:__myl_ResMulMea,648714,648714,2,0,175,31,:27:31:175,----myelin-exec:__myl_ResMulMea
8807855520,8807866176,10656,0,10656,myelin-exec:__myl_AddSqrDivMulMulTraSliSliNegConMulMulAddRes,648714,648714,2,0,176,31,:27:31:176,----myelin-exec:__myl_AddSqrDivMulMulTraSliSliNegConMulMulAddRes
8807867424,8807869824,2400,0,2400,myelin-exec:__mye624583,648714,648714,2,0,177,31,:27:31:177,----myelin-exec:__mye624583
8807870816,8807882272,11456,0,11456,myelin-exec:_gemm_mha_v2,648714,648714,2,0,178,31,:27:31:178,----myelin-exec:_gemm_mha_v2
8807883616,8808047456,163840,0,163840,myelin-exec:__myl_FcAdd,648714,648714,2,0,179,31,:27:31:179,----myelin-exec:__myl_FcAdd
8808049664,8808068640,18976,0,18976,myelin-exec:__myl_MulMeaAddSqrDivMulMul,648714,648714,2,0,180,31,:27:31:180,----myelin-exec:__myl_MulMeaAddSqrDivMulMul
8808070368,8808075680,5312,0,5312,myelin-exec:__mye624585,648714,648714,2,0,181,31,:27:31:181,----myelin-exec:__mye624585
8808077216,8808120672,43456,0,43456,myelin-exec:/gate_proj_6/MatMul,648714,648714,2,0,182,31,:27:31:182,----myelin-exec:/gate_proj_6/MatMul
8808122208,8808125920,3712,0,3712,myelin-exec:__mye624587,648714,648714,2,0,183,31,:27:31:183,----myelin-exec:__mye624587
8808127104,8808169696,42592,0,42592,myelin-exec:/up_proj_6/MatMul,648714,648714,2,0,184,31,:27:31:184,----myelin-exec:/up_proj_6/MatMul
8808171552,8808174912,3360,0,3360,myelin-exec:__mye624589,648714,648714,2,0,185,31,:27:31:185,----myelin-exec:__mye624589
8808176320,8808179680,3360,0,3360,myelin-exec:__mye624591,648714,648714,2,0,186,31,:27:31:186,----myelin-exec:__mye624591
8808180864,8808197856,16992,0,16992,myelin-exec:__myl_NegExpAddDivMulMul,648714,648714,2,0,187,31,:27:31:187,----myelin-exec:__myl_NegExpAddDivMulMul
8808199488,8808361664,162176,0,162176,myelin-exec:__myl_FcAdd,648714,648714,2,0,188,31,:27:31:188,----myelin-exec:__myl_FcAdd
8808364032,8808378400,14368,0,14368,myelin-exec:__myl_MulMeaAddSqrDivMulMul,648714,648714,2,0,189,31,:27:31:189,----myelin-exec:__myl_MulMeaAddSqrDivMulMul
8808380032,8808417344,37312,0,37312,myelin-exec:/v_proj_7/MatMul+/k_proj_7/MatMul+/q_proj_7/MatMul,648714,648714,2,0,190,31,:27:31:190,----myelin-exec:/v_proj_7/MatMul+/k_proj_7/MatMul+/q_proj_7/MatMul
8808419424,8808423360,3936,0,3936,myelin-exec:__mye624593,648714,648714,2,0,191,31,:27:31:191,----myelin-exec:__mye624593
8808424544,8808438720,14176,0,14176,myelin-exec:__myl_ResTraResSliRepRes,648714,648714,2,0,192,31,:27:31:192,----myelin-exec:__myl_ResTraResSliRepRes
8808440256,8808443936,3680,0,3680,myelin-exec:__mye624595,648714,648714,2,0,193,31,:27:31:193,----myelin-exec:__mye624595
8808445152,8808458720,13568,0,13568,myelin-exec:__myl_ResMulMea,648714,648714,2,0,194,31,:27:31:194,----myelin-exec:__myl_ResMulMea
8808460288,8808480288,20000,0,20000,myelin-exec:__myl_AddSqrDivMulMulTraSliSliNegConMulMulAddResSliRepResTraRes,648714,648714,2,0,195,31,:27:31:195,----myelin-exec:__myl_AddSqrDivMulMulTraSliSliNegConMulMulAddResSliRepResTraRes
8808481568,8808484576,3008,0,3008,myelin-exec:__mye624597,648714,648714,2,0,196,31,:27:31:196,----myelin-exec:__mye624597
8808485792,8808500064,14272,0,14272,myelin-exec:__myl_ResMulMea,648714,648714,2,0,197,31,:27:31:197,----myelin-exec:__myl_ResMulMea
8808501632,8808512896,11264,0,11264,myelin-exec:__myl_AddSqrDivMulMulTraSliSliNegConMulMulAddRes,648714,648714,2,0,198,31,:27:31:198,----myelin-exec:__myl_AddSqrDivMulMulTraSliSliNegConMulMulAddRes
8808514496,8808517312,2816,0,2816,myelin-exec:__mye624599,648714,648714,2,0,199,31,:27:31:199,----myelin-exec:__mye624599
8808518176,8808529696,11520,0,11520,myelin-exec:_gemm_mha_v2,648714,648714,2,0,200,31,:27:31:200,----myelin-exec:_gemm_mha_v2
8808531488,8808694720,163232,0,163232,myelin-exec:__myl_FcAdd,648714,648714,2,0,201,31,:27:31:201,----myelin-exec:__myl_FcAdd
8808697632,8808713856,16224,0,16224,myelin-exec:__myl_MulMeaAddSqrDivMulMul,648714,648714,2,0,202,31,:27:31:202,----myelin-exec:__myl_MulMeaAddSqrDivMulMul
8808715552,8808719520,3968,0,3968,myelin-exec:__mye624601,648714,648714,2,0,203,31,:27:31:203,----myelin-exec:__mye624601
8808720800,8808765408,44608,0,44608,myelin-exec:/gate_proj_7/MatMul,648714,648714,2,0,204,31,:27:31:204,----myelin-exec:/gate_proj_7/MatMul
8808767200,8808770560,3360,0,3360,myelin-exec:__mye624603,648714,648714,2,0,205,31,:27:31:205,----myelin-exec:__mye624603
8808771808,8808810400,38592,0,38592,myelin-exec:/up_proj_7/MatMul,648714,648714,2,0,206,31,:27:31:206,----myelin-exec:/up_proj_7/MatMul
8808812064,8808815456,3392,0,3392,myelin-exec:__mye624605,648714,648714,2,0,207,31,:27:31:207,----myelin-exec:__mye624605
8808816576,8808820000,3424,0,3424,myelin-exec:__mye624607,648714,648714,2,0,208,31,:27:31:208,----myelin-exec:__mye624607
8808821248,8808835904,14656,0,14656,myelin-exec:__myl_NegExpAddDivMulMul,648714,648714,2,0,209,31,:27:31:209,----myelin-exec:__myl_NegExpAddDivMulMul
8808837504,8808991776,154272,0,154272,myelin-exec:__myl_FcAdd,648714,648714,2,0,210,31,:27:31:210,----myelin-exec:__myl_FcAdd
8808994048,8809008384,14336,0,14336,myelin-exec:__myl_MulMeaAddSqrDivMulMul,648714,648714,2,0,211,31,:27:31:211,----myelin-exec:__myl_MulMeaAddSqrDivMulMul
8809010048,8809073824,63776,0,63776,myelin-exec:/v_proj_8/MatMul+/k_proj_8/MatMul+/q_proj_8/MatMul,648714,648714,2,0,212,31,:27:31:212,----myelin-exec:/v_proj_8/MatMul+/k_proj_8/MatMul+/q_proj_8/MatMul
8809075424,8809081568,6144,0,6144,myelin-exec:__mye624609,648714,648714,2,0,213,31,:27:31:213,----myelin-exec:__mye624609
8809083040,8809102784,19744,0,19744,myelin-exec:__myl_ResTraResSliRepRes,648714,648714,2,0,214,31,:27:31:214,----myelin-exec:__myl_ResTraResSliRepRes
8809104064,8809108000,3936,0,3936,myelin-exec:__mye624611,648714,648714,2,0,215,31,:27:31:215,----myelin-exec:__mye624611
8809109088,8809124448,15360,0,15360,myelin-exec:__myl_ResMulMea,648714,648714,2,0,216,31,:27:31:216,----myelin-exec:__myl_ResMulMea
8809125760,8809148416,22656,0,22656,myelin-exec:__myl_AddSqrDivMulMulTraSliSliNegConMulMulAddResSliRepResTraRes,648714,648714,2,0,217,31,:27:31:217,----myelin-exec:__myl_AddSqrDivMulMulTraSliSliNegConMulMulAddResSliRepResTraRes
8809149824,8809153312,3488,0,3488,myelin-exec:__mye624613,648714,648714,2,0,218,31,:27:31:218,----myelin-exec:__mye624613
8809154496,8809168768,14272,0,14272,myelin-exec:__myl_ResMulMea,648714,648714,2,0,219,31,:27:31:219,----myelin-exec:__myl_ResMulMea
8809170208,8809181536,11328,0,11328,myelin-exec:__myl_AddSqrDivMulMulTraSliSliNegConMulMulAddRes,648714,648714,2,0,220,31,:27:31:220,----myelin-exec:__myl_AddSqrDivMulMulTraSliSliNegConMulMulAddRes
8809182816,8809185984,3168,0,3168,myelin-exec:__mye624615,648714,648714,2,0,221,31,:27:31:221,----myelin-exec:__mye624615
8809186816,8809198304,11488,0,11488,myelin-exec:_gemm_mha_v2,648714,648714,2,0,222,31,:27:31:222,----myelin-exec:_gemm_mha_v2
8809199840,8809365248,165408,0,165408,myelin-exec:__myl_FcAdd,648714,648714,2,0,223,31,:27:31:223,----myelin-exec:__myl_FcAdd
8809367200,8809383360,16160,0,16160,myelin-exec:__myl_MulMeaAddSqrDivMulMul,648714,648714,2,0,224,31,:27:31:224,----myelin-exec:__myl_MulMeaAddSqrDivMulMul
8809384928,8809389632,4704,0,4704,myelin-exec:__mye624617,648714,648714,2,0,225,31,:27:31:225,----myelin-exec:__mye624617
8809391040,8809434016,42976,0,42976,myelin-exec:/gate_proj_8/MatMul,648714,648714,2,0,226,31,:27:31:226,----myelin-exec:/gate_proj_8/MatMul
8809435808,8809439520,3712,0,3712,myelin-exec:__mye624619,648714,648714,2,0,227,31,:27:31:227,----myelin-exec:__mye624619
8809440864,8809479232,38368,0,38368,myelin-exec:/up_proj_8/MatMul,648714,648714,2,0,228,31,:27:31:228,----myelin-exec:/up_proj_8/MatMul
8809480992,8809484896,3904,0,3904,myelin-exec:__mye624621,648714,648714,2,0,229,31,:27:31:229,----myelin-exec:__mye624621
8809486176,8809489376,3200,0,3200,myelin-exec:__mye624623,648714,648714,2,0,230,31,:27:31:230,----myelin-exec:__mye624623
8809490528,8809506688,16160,0,16160,myelin-exec:__myl_NegExpAddDivMulMul,648714,648714,2,0,231,31,:27:31:231,----myelin-exec:__myl_NegExpAddDivMulMul
8809508288,8809674272,165984,0,165984,myelin-exec:__myl_FcAdd,648714,648714,2,0,232,31,:27:31:232,----myelin-exec:__myl_FcAdd
8809676512,8809694080,17568,0,17568,myelin-exec:__myl_MulMeaAddSqrDivMulMul,648714,648714,2,0,233,31,:27:31:233,----myelin-exec:__myl_MulMeaAddSqrDivMulMul
8809695808,8809738144,42336,0,42336,myelin-exec:/v_proj_9/MatMul+/k_proj_9/MatMul+/q_proj_9/MatMul,648714,648714,2,0,234,31,:27:31:234,----myelin-exec:/v_proj_9/MatMul+/k_proj_9/MatMul+/q_proj_9/MatMul
8809739328,8809744576,5248,0,5248,myelin-exec:__mye624625,648714,648714,2,0,235,31,:27:31:235,----myelin-exec:__mye624625
8809745952,8809762464,16512,0,16512,myelin-exec:__myl_ResTraResSliRepRes,648714,648714,2,0,236,31,:27:31:236,----myelin-exec:__myl_ResTraResSliRepRes
8809763680,8809767424,3744,0,3744,myelin-exec:__mye624627,648714,648714,2,0,237,31,:27:31:237,----myelin-exec:__mye624627
8809768608,8809783296,14688,0,14688,myelin-exec:__myl_ResMulMea,648714,648714,2,0,238,31,:27:31:238,----myelin-exec:__myl_ResMulMea
8809784544,8809797664,13120,0,13120,myelin-exec:__myl_AddSqrDivMulMulTraSliSliNegConMulMulAddResSliRepResTraRes,648714,648714,2,0,239,31,:27:31:239,----myelin-exec:__myl_AddSqrDivMulMulTraSliSliNegConMulMulAddResSliRepResTraRes
8809798688,8809801760,3072,0,3072,myelin-exec:__mye624629,648714,648714,2,0,240,31,:27:31:240,----myelin-exec:__mye624629
8809802816,8809816160,13344,0,13344,myelin-exec:__myl_ResMulMea,648714,648714,2,0,241,31,:27:31:241,----myelin-exec:__myl_ResMulMea
8809817504,8809829504,12000,0,12000,myelin-exec:__myl_AddSqrDivMulMulTraSliSliNegConMulMulAddRes,648714,648714,2,0,242,31,:27:31:242,----myelin-exec:__myl_AddSqrDivMulMulTraSliSliNegConMulMulAddRes
8809830496,8809833088,2592,0,2592,myelin-exec:__mye624631,648714,648714,2,0,243,31,:27:31:243,----myelin-exec:__mye624631
8809833920,8809845088,11168,0,11168,myelin-exec:_gemm_mha_v2,648714,648714,2,0,244,31,:27:31:244,----myelin-exec:_gemm_mha_v2
8809846816,8810005664,158848,0,158848,myelin-exec:__myl_FcAdd,648714,648714,2,0,245,31,:27:31:245,----myelin-exec:__myl_FcAdd
8810007776,8810023296,15520,0,15520,myelin-exec:__myl_MulMeaAddSqrDivMulMul,648714,648714,2,0,246,31,:27:31:246,----myelin-exec:__myl_MulMeaAddSqrDivMulMul
8810024768,8810029120,4352,0,4352,myelin-exec:__mye624633,648714,648714,2,0,247,31,:27:31:247,----myelin-exec:__mye624633
8810030272,8810071296,41024,0,41024,myelin-exec:/gate_proj_9/MatMul,648714,648714,2,0,248,31,:27:31:248,----myelin-exec:/gate_proj_9/MatMul
8810072928,8810076512,3584,0,3584,myelin-exec:__mye624635,648714,648714,2,0,249,31,:27:31:249,----myelin-exec:__mye624635
8810077632,8810123040,45408,0,45408,myelin-exec:/up_proj_9/MatMul,648714,648714,2,0,250,31,:27:31:250,----myelin-exec:/up_proj_9/MatMul
8810124768,8810128832,4064,0,4064,myelin-exec:__mye624637,648714,648714,2,0,251,31,:27:31:251,----myelin-exec:__mye624637
8810130048,8810133536,3488,0,3488,myelin-exec:__mye624639,648714,648714,2,0,252,31,:27:31:252,----myelin-exec:__mye624639
8810134816,8810152448,17632,0,17632,myelin-exec:__myl_NegExpAddDivMulMul,648714,648714,2,0,253,31,:27:31:253,----myelin-exec:__myl_NegExpAddDivMulMul
8810154336,8810312800,158464,0,158464,myelin-exec:__myl_FcAdd,648714,648714,2,0,254,31,:27:31:254,----myelin-exec:__myl_FcAdd
8810314848,8810330720,15872,0,15872,myelin-exec:__myl_MulMeaAddSqrDivMulMul,648714,648714,2,0,255,31,:27:31:255,----myelin-exec:__myl_MulMeaAddSqrDivMulMul
8810332320,8810374624,42304,0,42304,myelin-exec:/v_proj_10/MatMul+/k_proj_10/MatMul+/q_proj_10/MatMul,648714,648714,2,0,256,31,:27:31:256,----myelin-exec:/v_proj_10/MatMul+/k_proj_10/MatMul+/q_proj_10/MatMul
8810376224,8810380288,4064,0,4064,myelin-exec:__mye624641,648714,648714,2,0,257,31,:27:31:257,----myelin-exec:__mye624641
8810381600,8810398240,16640,0,16640,myelin-exec:__myl_ResTraResSliRepRes,648714,648714,2,0,258,31,:27:31:258,----myelin-exec:__myl_ResTraResSliRepRes
8810399520,8810402624,3104,0,3104,myelin-exec:__mye624643,648714,648714,2,0,259,31,:27:31:259,----myelin-exec:__mye624643
8810403648,8810418560,14912,0,14912,myelin-exec:__myl_ResMulMea,648714,648714,2,0,260,31,:27:31:260,----myelin-exec:__myl_ResMulMea
8810420000,8810434432,14432,0,14432,myelin-exec:__myl_AddSqrDivMulMulTraSliSliNegConMulMulAddResSliRepResTraRes,648714,648714,2,0,261,31,:27:31:261,----myelin-exec:__myl_AddSqrDivMulMulTraSliSliNegConMulMulAddResSliRepResTraRes
8810435616,8810438944,3328,0,3328,myelin-exec:__mye624645,648714,648714,2,0,262,31,:27:31:262,----myelin-exec:__mye624645
8810439808,8810452576,12768,0,12768,myelin-exec:__myl_ResMulMea,648714,648714,2,0,263,31,:27:31:263,----myelin-exec:__myl_ResMulMea
8810453984,8810465696,11712,0,11712,myelin-exec:__myl_AddSqrDivMulMulTraSliSliNegConMulMulAddRes,648714,648714,2,0,264,31,:27:31:264,----myelin-exec:__myl_AddSqrDivMulMulTraSliSliNegConMulMulAddRes
8810466496,8810469248,2752,0,2752,myelin-exec:__mye624647,648714,648714,2,0,265,31,:27:31:265,----myelin-exec:__mye624647
8810470080,8810481728,11648,0,11648,myelin-exec:_gemm_mha_v2,648714,648714,2,0,266,31,:27:31:266,----myelin-exec:_gemm_mha_v2
8810483072,8810635808,152736,0,152736,myelin-exec:__myl_FcAdd,648714,648714,2,0,267,31,:27:31:267,----myelin-exec:__myl_FcAdd
8810638016,8810653152,15136,0,15136,myelin-exec:__myl_MulMeaAddSqrDivMulMul,648714,648714,2,0,268,31,:27:31:268,----myelin-exec:__myl_MulMeaAddSqrDivMulMul
8810654464,8810658048,3584,0,3584,myelin-exec:__mye624649,648714,648714,2,0,269,31,:27:31:269,----myelin-exec:__mye624649
8810659456,8810699424,39968,0,39968,myelin-exec:/gate_proj_10/MatMul,648714,648714,2,0,270,31,:27:31:270,----myelin-exec:/gate_proj_10/MatMul
8810701664,8810705312,3648,0,3648,myelin-exec:__mye624651,648714,648714,2,0,271,31,:27:31:271,----myelin-exec:__mye624651
8810706688,8810741312,34624,0,34624,myelin-exec:/up_proj_10/MatMul,648714,648714,2,0,272,31,:27:31:272,----myelin-exec:/up_proj_10/MatMul
8810743520,8810747104,3584,0,3584,myelin-exec:__mye624653,648714,648714,2,0,273,31,:27:31:273,----myelin-exec:__mye624653
8810748544,8810751776,3232,0,3232,myelin-exec:__mye624655,648714,648714,2,0,274,31,:27:31:274,----myelin-exec:__mye624655
8810752928,8810769216,16288,0,16288,myelin-exec:__myl_NegExpAddDivMulMul,648714,648714,2,0,275,31,:27:31:275,----myelin-exec:__myl_NegExpAddDivMulMul
8810771072,8810940416,169344,0,169344,myelin-exec:__myl_FcAdd,648714,648714,2,0,276,31,:27:31:276,----myelin-exec:__myl_FcAdd
8810942944,8810959552,16608,0,16608,myelin-exec:__myl_MulMeaAddSqrDivMulMul,648714,648714,2,0,277,31,:27:31:277,----myelin-exec:__myl_MulMeaAddSqrDivMulMul
8810961280,8811004128,42848,0,42848,myelin-exec:/v_proj_11/MatMul+/k_proj_11/MatMul+/q_proj_11/MatMul,648714,648714,2,0,278,31,:27:31:278,----myelin-exec:/v_proj_11/MatMul+/k_proj_11/MatMul+/q_proj_11/MatMul
8811005216,8811010112,4896,0,4896,myelin-exec:__mye624657,648714,648714,2,0,279,31,:27:31:279,----myelin-exec:__mye624657
8811011424,8811028352,16928,0,16928,myelin-exec:__myl_ResTraResSliRepRes,648714,648714,2,0,280,31,:27:31:280,----myelin-exec:__myl_ResTraResSliRepRes
8811029792,8811033824,4032,0,4032,myelin-exec:__mye624659,648714,648714,2,0,281,31,:27:31:281,----myelin-exec:__mye624659
8811035104,8811057024,21920,0,21920,myelin-exec:__myl_ResMulMea,648714,648714,2,0,282,31,:27:31:282,----myelin-exec:__myl_ResMulMea
8811058432,8811074752,16320,0,16320,myelin-exec:__myl_AddSqrDivMulMulTraSliSliNegConMulMulAddResSliRepResTraRes,648714,648714,2,0,283,31,:27:31:283,----myelin-exec:__myl_AddSqrDivMulMulTraSliSliNegConMulMulAddResSliRepResTraRes
8811076224,8811079584,3360,0,3360,myelin-exec:__mye624661,648714,648714,2,0,284,31,:27:31:284,----myelin-exec:__mye624661
8811080768,8811093728,12960,0,12960,myelin-exec:__myl_ResMulMea,648714,648714,2,0,285,31,:27:31:285,----myelin-exec:__myl_ResMulMea
8811095200,8811106752,11552,0,11552,myelin-exec:__myl_AddSqrDivMulMulTraSliSliNegConMulMulAddRes,648714,648714,2,0,286,31,:27:31:286,----myelin-exec:__myl_AddSqrDivMulMulTraSliSliNegConMulMulAddRes
8811107616,8811110080,2464,0,2464,myelin-exec:__mye624663,648714,648714,2,0,287,31,:27:31:287,----myelin-exec:__mye624663
8811110880,8811122368,11488,0,11488,myelin-exec:_gemm_mha_v2,648714,648714,2,0,288,31,:27:31:288,----myelin-exec:_gemm_mha_v2
8811124064,8811271872,147808,0,147808,myelin-exec:__myl_FcAdd,648714,648714,2,0,289,31,:27:31:289,----myelin-exec:__myl_FcAdd
8811274048,8811287872,13824,0,13824,myelin-exec:__myl_MulMeaAddSqrDivMulMul,648714,648714,2,0,290,31,:27:31:290,----myelin-exec:__myl_MulMeaAddSqrDivMulMul
8811289120,8811293664,4544,0,4544,myelin-exec:__mye624665,648714,648714,2,0,291,31,:27:31:291,----myelin-exec:__mye624665
8811295008,8811335552,40544,0,40544,myelin-exec:/gate_proj_11/MatMul,648714,648714,2,0,292,31,:27:31:292,----myelin-exec:/gate_proj_11/MatMul
8811337152,8811340352,3200,0,3200,myelin-exec:__mye624667,648714,648714,2,0,293,31,:27:31:293,----myelin-exec:__mye624667
8811341472,8811376928,35456,0,35456,myelin-exec:/up_proj_11/MatMul,648714,648714,2,0,294,31,:27:31:294,----myelin-exec:/up_proj_11/MatMul
8811378624,8811382304,3680,0,3680,myelin-exec:__mye624669,648714,648714,2,0,295,31,:27:31:295,----myelin-exec:__mye624669
8811383584,8811386624,3040,0,3040,myelin-exec:__mye624671,648714,648714,2,0,296,31,:27:31:296,----myelin-exec:__mye624671
8811387840,8811403104,15264,0,15264,myelin-exec:__myl_NegExpAddDivMulMul,648714,648714,2,0,297,31,:27:31:297,----myelin-exec:__myl_NegExpAddDivMulMul
8811404768,8811581280,176512,0,176512,myelin-exec:__myl_FcAdd,648714,648714,2,0,298,31,:27:31:298,----myelin-exec:__myl_FcAdd
8811583200,8811601664,18464,0,18464,myelin-exec:__myl_MulMeaAddSqrDivMulMul,648714,648714,2,0,299,31,:27:31:299,----myelin-exec:__myl_MulMeaAddSqrDivMulMul
8811603744,8811652544,48800,0,48800,myelin-exec:/v_proj_12/MatMul+/k_proj_12/MatMul+/q_proj_12/MatMul,648714,648714,2,0,300,31,:27:31:300,----myelin-exec:/v_proj_12/MatMul+/k_proj_12/MatMul+/q_proj_12/MatMul
8811654784,8811661152,6368,0,6368,myelin-exec:__mye624673,648714,648714,2,0,301,31,:27:31:301,----myelin-exec:__mye624673
8811662400,8811680512,18112,0,18112,myelin-exec:__myl_ResTraResSliRepRes,648714,648714,2,0,302,31,:27:31:302,----myelin-exec:__myl_ResTraResSliRepRes
8811681696,8811685472,3776,0,3776,myelin-exec:__mye624675,648714,648714,2,0,303,31,:27:31:303,----myelin-exec:__mye624675
8811686496,8811708256,21760,0,21760,myelin-exec:__myl_ResMulMea,648714,648714,2,0,304,31,:27:31:304,----myelin-exec:__myl_ResMulMea
8811710048,8811726976,16928,0,16928,myelin-exec:__myl_AddSqrDivMulMulTraSliSliNegConMulMulAddResSliRepResTraRes,648714,648714,2,0,305,31,:27:31:305,----myelin-exec:__myl_AddSqrDivMulMulTraSliSliNegConMulMulAddResSliRepResTraRes
8811728512,8811732032,3520,0,3520,myelin-exec:__mye624677,648714,648714,2,0,306,31,:27:31:306,----myelin-exec:__mye624677
8811733024,8811746880,13856,0,13856,myelin-exec:__myl_ResMulMea,648714,648714,2,0,307,31,:27:31:307,----myelin-exec:__myl_ResMulMea
8811747936,8811759328,11392,0,11392,myelin-exec:__myl_AddSqrDivMulMulTraSliSliNegConMulMulAddRes,648714,648714,2,0,308,31,:27:31:308,----myelin-exec:__myl_AddSqrDivMulMulTraSliSliNegConMulMulAddRes
8811760352,8811762784,2432,0,2432,myelin-exec:__mye624679,648714,648714,2,0,309,31,:27:31:309,----myelin-exec:__mye624679
8811764256,8811775616,11360,0,11360,myelin-exec:_gemm_mha_v2,648714,648714,2,0,310,31,:27:31:310,----myelin-exec:_gemm_mha_v2
8811777088,8811942592,165504,0,165504,myelin-exec:__myl_FcAdd,648714,648714,2,0,311,31,:27:31:311,----myelin-exec:__myl_FcAdd
8811944832,8811964448,19616,0,19616,myelin-exec:__myl_MulMeaAddSqrDivMulMul,648714,648714,2,0,312,31,:27:31:312,----myelin-exec:__myl_MulMeaAddSqrDivMulMul
8811966016,8811970368,4352,0,4352,myelin-exec:__mye624681,648714,648714,2,0,313,31,:27:31:313,----myelin-exec:__mye624681
8811971616,8812018368,46752,0,46752,myelin-exec:/gate_proj_12/MatMul,648714,648714,2,0,314,31,:27:31:314,----myelin-exec:/gate_proj_12/MatMul
8812020416,8812024352,3936,0,3936,myelin-exec:__mye624683,648714,648714,2,0,315,31,:27:31:315,----myelin-exec:__mye624683
8812025344,8812065856,40512,0,40512,myelin-exec:/up_proj_12/MatMul,648714,648714,2,0,316,31,:27:31:316,----myelin-exec:/up_proj_12/MatMul
8812067424,8812070656,3232,0,3232,myelin-exec:__mye624685,648714,648714,2,0,317,31,:27:31:317,----myelin-exec:__mye624685
8812071904,8812075232,3328,0,3328,myelin-exec:__mye624687,648714,648714,2,0,318,31,:27:31:318,----myelin-exec:__mye624687
8812076384,8812092288,15904,0,15904,myelin-exec:__myl_NegExpAddDivMulMul,648714,648714,2,0,319,31,:27:31:319,----myelin-exec:__myl_NegExpAddDivMulMul
8812093696,8812246176,152480,0,152480,myelin-exec:__myl_FcAdd,648714,648714,2,0,320,31,:27:31:320,----myelin-exec:__myl_FcAdd
8812248544,8812264064,15520,0,15520,myelin-exec:__myl_MulMeaAddSqrDivMulMul,648714,648714,2,0,321,31,:27:31:321,----myelin-exec:__myl_MulMeaAddSqrDivMulMul
8812265600,8812306496,40896,0,40896,myelin-exec:/v_proj_13/MatMul+/k_proj_13/MatMul+/q_proj_13/MatMul,648714,648714,2,0,322,31,:27:31:322,----myelin-exec:/v_proj_13/MatMul+/k_proj_13/MatMul+/q_proj_13/MatMul
8812308192,8812312896,4704,0,4704,myelin-exec:__mye624689,648714,648714,2,0,323,31,:27:31:323,----myelin-exec:__mye624689
8812314240,8812329728,15488,0,15488,myelin-exec:__myl_ResTraResSliRepRes,648714,648714,2,0,324,31,:27:31:324,----myelin-exec:__myl_ResTraResSliRepRes
8812331008,8812334432,3424,0,3424,myelin-exec:__mye624691,648714,648714,2,0,325,31,:27:31:325,----myelin-exec:__mye624691
8812335296,8812349664,14368,0,14368,myelin-exec:__myl_ResMulMea,648714,648714,2,0,326,31,:27:31:326,----myelin-exec:__myl_ResMulMea
8812351040,8812373632,22592,0,22592,myelin-exec:__myl_AddSqrDivMulMulTraSliSliNegConMulMulAddResSliRepResTraRes,648714,648714,2,0,327,31,:27:31:327,----myelin-exec:__myl_AddSqrDivMulMulTraSliSliNegConMulMulAddResSliRepResTraRes
8812374752,8812378112,3360,0,3360,myelin-exec:__mye624693,648714,648714,2,0,328,31,:27:31:328,----myelin-exec:__mye624693
8812379008,8812392384,13376,0,13376,myelin-exec:__myl_ResMulMea,648714,648714,2,0,329,31,:27:31:329,----myelin-exec:__myl_ResMulMea
8812393792,8812405152,11360,0,11360,myelin-exec:__myl_AddSqrDivMulMulTraSliSliNegConMulMulAddRes,648714,648714,2,0,330,31,:27:31:330,----myelin-exec:__myl_AddSqrDivMulMulTraSliSliNegConMulMulAddRes
8812406176,8812408896,2720,0,2720,myelin-exec:__mye624695,648714,648714,2,0,331,31,:27:31:331,----myelin-exec:__mye624695
8812409952,8812422080,12128,0,12128,myelin-exec:_gemm_mha_v2,648714,648714,2,0,332,31,:27:31:332,----myelin-exec:_gemm_mha_v2
8812423680,8812589120,165440,0,165440,myelin-exec:__myl_FcAdd,648714,648714,2,0,333,31,:27:31:333,----myelin-exec:__myl_FcAdd
8812591552,8812606592,15040,0,15040,myelin-exec:__myl_MulMeaAddSqrDivMulMul,648714,648714,2,0,334,31,:27:31:334,----myelin-exec:__myl_MulMeaAddSqrDivMulMul
8812608032,8812612576,4544,0,4544,myelin-exec:__mye624697,648714,648714,2,0,335,31,:27:31:335,----myelin-exec:__mye624697
8812613952,8812654560,40608,0,40608,myelin-exec:/gate_proj_13/MatMul,648714,648714,2,0,336,31,:27:31:336,----myelin-exec:/gate_proj_13/MatMul
8812656800,8812660512,3712,0,3712,myelin-exec:__mye624699,648714,648714,2,0,337,31,:27:31:337,----myelin-exec:__mye624699
8812662016,8812695552,33536,0,33536,myelin-exec:/up_proj_13/MatMul,648714,648714,2,0,338,31,:27:31:338,----myelin-exec:/up_proj_13/MatMul
8812697504,8812701248,3744,0,3744,myelin-exec:__mye624701,648714,648714,2,0,339,31,:27:31:339,----myelin-exec:__mye624701
8812702496,8812705952,3456,0,3456,myelin-exec:__mye624703,648714,648714,2,0,340,31,:27:31:340,----myelin-exec:__mye624703
8812707136,8812722240,15104,0,15104,myelin-exec:__myl_NegExpAddDivMulMul,648714,648714,2,0,341,31,:27:31:341,----myelin-exec:__myl_NegExpAddDivMulMul
8812723776,8812897536,173760,0,173760,myelin-exec:__myl_FcAdd,648714,648714,2,0,342,31,:27:31:342,----myelin-exec:__myl_FcAdd
8812899776,8812919872,20096,0,20096,myelin-exec:__myl_MulMeaAddSqrDivMulMul,648714,648714,2,0,343,31,:27:31:343,----myelin-exec:__myl_MulMeaAddSqrDivMulMul
8812921408,8812970880,49472,0,49472,myelin-exec:/v_proj_14/MatMul+/k_proj_14/MatMul+/q_proj_14/MatMul,648714,648714,2,0,344,31,:27:31:344,----myelin-exec:/v_proj_14/MatMul+/k_proj_14/MatMul+/q_proj_14/MatMul
8812972736,8812978464,5728,0,5728,myelin-exec:__mye624705,648714,648714,2,0,345,31,:27:31:345,----myelin-exec:__mye624705
8812979744,8812998048,18304,0,18304,myelin-exec:__myl_ResTraResSliRepRes,648714,648714,2,0,346,31,:27:31:346,----myelin-exec:__myl_ResTraResSliRepRes
8812999392,8813003232,3840,0,3840,myelin-exec:__mye624707,648714,648714,2,0,347,31,:27:31:347,----myelin-exec:__mye624707
8813004608,8813021376,16768,0,16768,myelin-exec:__myl_ResMulMea,648714,648714,2,0,348,31,:27:31:348,----myelin-exec:__myl_ResMulMea
8813022816,8813086592,63776,0,63776,myelin-exec:__myl_AddSqrDivMulMulTraSliSliNegConMulMulAddResSliRepResTraRes,648714,648714,2,0,349,31,:27:31:349,----myelin-exec:__myl_AddSqrDivMulMulTraSliSliNegConMulMulAddResSliRepResTraRes
8813088448,8813092896,4448,0,4448,myelin-exec:__mye624709,648714,648714,2,0,350,31,:27:31:350,----myelin-exec:__mye624709
8813094240,8813111264,17024,0,17024,myelin-exec:__myl_ResMulMea,648714,648714,2,0,351,31,:27:31:351,----myelin-exec:__myl_ResMulMea
8813112800,8813125760,12960,0,12960,myelin-exec:__myl_AddSqrDivMulMulTraSliSliNegConMulMulAddRes,648714,648714,2,0,352,31,:27:31:352,----myelin-exec:__myl_AddSqrDivMulMulTraSliSliNegConMulMulAddRes
8813127008,8813130272,3264,0,3264,myelin-exec:__mye624711,648714,648714,2,0,353,31,:27:31:353,----myelin-exec:__mye624711
8813131360,8813142816,11456,0,11456,myelin-exec:_gemm_mha_v2,648714,648714,2,0,354,31,:27:31:354,----myelin-exec:_gemm_mha_v2
8813144512,8813306720,162208,0,162208,myelin-exec:__myl_FcAdd,648714,648714,2,0,355,31,:27:31:355,----myelin-exec:__myl_FcAdd
8813308832,8813324320,15488,0,15488,myelin-exec:__myl_MulMeaAddSqrDivMulMul,648714,648714,2,0,356,31,:27:31:356,----myelin-exec:__myl_MulMeaAddSqrDivMulMul
8813325888,8813330176,4288,0,4288,myelin-exec:__mye624713,648714,648714,2,0,357,31,:27:31:357,----myelin-exec:__mye624713
8813331456,8813378528,47072,0,47072,myelin-exec:/gate_proj_14/MatMul,648714,648714,2,0,358,31,:27:31:358,----myelin-exec:/gate_proj_14/MatMul
8813380416,8813384192,3776,0,3776,myelin-exec:__mye624715,648714,648714,2,0,359,31,:27:31:359,----myelin-exec:__mye624715
8813385536,8813425280,39744,0,39744,myelin-exec:/up_proj_14/MatMul,648714,648714,2,0,360,31,:27:31:360,----myelin-exec:/up_proj_14/MatMul
8813427168,8813430560,3392,0,3392,myelin-exec:__mye624717,648714,648714,2,0,361,31,:27:31:361,----myelin-exec:__mye624717
8813431904,8813435104,3200,0,3200,myelin-exec:__mye624719,648714,648714,2,0,362,31,:27:31:362,----myelin-exec:__mye624719
8813436192,8813451488,15296,0,15296,myelin-exec:__myl_NegExpAddDivMulMul,648714,648714,2,0,363,31,:27:31:363,----myelin-exec:__myl_NegExpAddDivMulMul
8813453152,8813615840,162688,0,162688,myelin-exec:__myl_FcAdd,648714,648714,2,0,364,31,:27:31:364,----myelin-exec:__myl_FcAdd
8813617984,8813637632,19648,0,19648,myelin-exec:__myl_MulMeaAddSqrDivMulMul,648714,648714,2,0,365,31,:27:31:365,----myelin-exec:__myl_MulMeaAddSqrDivMulMul
8813639424,8813688160,48736,0,48736,myelin-exec:/v_proj_15/MatMul+/k_proj_15/MatMul+/q_proj_15/MatMul,648714,648714,2,0,366,31,:27:31:366,----myelin-exec:/v_proj_15/MatMul+/k_proj_15/MatMul+/q_proj_15/MatMul
8813689600,8813695424,5824,0,5824,myelin-exec:__mye624721,648714,648714,2,0,367,31,:27:31:367,----myelin-exec:__mye624721
8813696576,8813714752,18176,0,18176,myelin-exec:__myl_ResTraResSliRepRes,648714,648714,2,0,368,31,:27:31:368,----myelin-exec:__myl_ResTraResSliRepRes
8813715968,8813719744,3776,0,3776,myelin-exec:__mye624723,648714,648714,2,0,369,31,:27:31:369,----myelin-exec:__mye624723
8813720864,8813736384,15520,0,15520,myelin-exec:__myl_ResMulMea,648714,648714,2,0,370,31,:27:31:370,----myelin-exec:__myl_ResMulMea
8813737728,8813751904,14176,0,14176,myelin-exec:__myl_AddSqrDivMulMulTraSliSliNegConMulMulAddResSliRepResTraRes,648714,648714,2,0,371,31,:27:31:371,----myelin-exec:__myl_AddSqrDivMulMulTraSliSliNegConMulMulAddResSliRepResTraRes
8813753184,8813756640,3456,0,3456,myelin-exec:__mye624725,648714,648714,2,0,372,31,:27:31:372,----myelin-exec:__mye624725
8813757216,8813770912,13696,0,13696,myelin-exec:__myl_ResMulMea,648714,648714,2,0,373,31,:27:31:373,----myelin-exec:__myl_ResMulMea
8813772032,8813783264,11232,0,11232,myelin-exec:__myl_AddSqrDivMulMulTraSliSliNegConMulMulAddRes,648714,648714,2,0,374,31,:27:31:374,----myelin-exec:__myl_AddSqrDivMulMulTraSliSliNegConMulMulAddRes
8813784256,8813786560,2304,0,2304,myelin-exec:__mye624727,648714,648714,2,0,375,31,:27:31:375,----myelin-exec:__mye624727
8813787456,8813798304,10848,0,10848,myelin-exec:_gemm_mha_v2,648714,648714,2,0,376,31,:27:31:376,----myelin-exec:_gemm_mha_v2
8813800032,8813979648,179616,0,179616,myelin-exec:__myl_FcAdd,648714,648714,2,0,377,31,:27:31:377,----myelin-exec:__myl_FcAdd
8813982080,8814001440,19360,0,19360,myelin-exec:__myl_MulMeaAddSqrDivMulMul,648714,648714,2,0,378,31,:27:31:378,----myelin-exec:__myl_MulMeaAddSqrDivMulMul
8814003200,8814008704,5504,0,5504,myelin-exec:__mye624729,648714,648714,2,0,379,31,:27:31:379,----myelin-exec:__mye624729
8814010112,8814062112,52000,0,52000,myelin-exec:/gate_proj_15/MatMul,648714,648714,2,0,380,31,:27:31:380,----myelin-exec:/gate_proj_15/MatMul
8814063808,8814068096,4288,0,4288,myelin-exec:__mye624731,648714,648714,2,0,381,31,:27:31:381,----myelin-exec:__mye624731
8814069664,8814116640,46976,0,46976,myelin-exec:/up_proj_15/MatMul,648714,648714,2,0,382,31,:27:31:382,----myelin-exec:/up_proj_15/MatMul
8814118432,8814121824,3392,0,3392,myelin-exec:__mye624733,648714,648714,2,0,383,31,:27:31:383,----myelin-exec:__mye624733
8814123200,8814126656,3456,0,3456,myelin-exec:__mye624735,648714,648714,2,0,384,31,:27:31:384,----myelin-exec:__mye624735
8814127840,8814145184,17344,0,17344,myelin-exec:__myl_NegExpAddDivMulMul,648714,648714,2,0,385,31,:27:31:385,----myelin-exec:__myl_NegExpAddDivMulMul
8814146688,8814301184,154496,0,154496,myelin-exec:__myl_FcAdd,648714,648714,2,0,386,31,:27:31:386,----myelin-exec:__myl_FcAdd
8814303776,8814319072,15296,0,15296,myelin-exec:__myl_MulMeaAddSqrDivMulMul,648714,648714,2,0,387,31,:27:31:387,----myelin-exec:__myl_MulMeaAddSqrDivMulMul
8814320704,8814361792,41088,0,41088,myelin-exec:/v_proj_16/MatMul+/k_proj_16/MatMul+/q_proj_16/MatMul,648714,648714,2,0,388,31,:27:31:388,----myelin-exec:/v_proj_16/MatMul+/k_proj_16/MatMul+/q_proj_16/MatMul
8814363296,8814367968,4672,0,4672,myelin-exec:__mye624737,648714,648714,2,0,389,31,:27:31:389,----myelin-exec:__mye624737
8814369376,8814384768,15392,0,15392,myelin-exec:__myl_ResTraResSliRepRes,648714,648714,2,0,390,31,:27:31:390,----myelin-exec:__myl_ResTraResSliRepRes
8814386336,8814389792,3456,0,3456,myelin-exec:__mye624739,648714,648714,2,0,391,31,:27:31:391,----myelin-exec:__mye624739
8814390848,8814406304,15456,0,15456,myelin-exec:__myl_ResMulMea,648714,648714,2,0,392,31,:27:31:392,----myelin-exec:__myl_ResMulMea
8814407520,8814422272,14752,0,14752,myelin-exec:__myl_AddSqrDivMulMulTraSliSliNegConMulMulAddResSliRepResTraRes,648714,648714,2,0,393,31,:27:31:393,----myelin-exec:__myl_AddSqrDivMulMulTraSliSliNegConMulMulAddResSliRepResTraRes
8814423232,8814426720,3488,0,3488,myelin-exec:__mye624741,648714,648714,2,0,394,31,:27:31:394,----myelin-exec:__mye624741
8814427712,8814439456,11744,0,11744,myelin-exec:__myl_ResMulMea,648714,648714,2,0,395,31,:27:31:395,----myelin-exec:__myl_ResMulMea
8814440512,8814451648,11136,0,11136,myelin-exec:__myl_AddSqrDivMulMulTraSliSliNegConMulMulAddRes,648714,648714,2,0,396,31,:27:31:396,----myelin-exec:__myl_AddSqrDivMulMulTraSliSliNegConMulMulAddRes
8814452768,8814455456,2688,0,2688,myelin-exec:__mye624743,648714,648714,2,0,397,31,:27:31:397,----myelin-exec:__mye624743
8814456736,8814468160,11424,0,11424,myelin-exec:_gemm_mha_v2,648714,648714,2,0,398,31,:27:31:398,----myelin-exec:_gemm_mha_v2
8814469664,8814636608,166944,0,166944,myelin-exec:__myl_FcAdd,648714,648714,2,0,399,31,:27:31:399,----myelin-exec:__myl_FcAdd
8814638752,8814657504,18752,0,18752,myelin-exec:__myl_MulMeaAddSqrDivMulMul,648714,648714,2,0,400,31,:27:31:400,----myelin-exec:__myl_MulMeaAddSqrDivMulMul
8814659264,8814663680,4416,0,4416,myelin-exec:__mye624745,648714,648714,2,0,401,31,:27:31:401,----myelin-exec:__mye624745
8814665216,8814720928,55712,0,55712,myelin-exec:/gate_proj_16/MatMul,648714,648714,2,0,402,31,:27:31:402,----myelin-exec:/gate_proj_16/MatMul
8814722304,8814726208,3904,0,3904,myelin-exec:__mye624747,648714,648714,2,0,403,31,:27:31:403,----myelin-exec:__mye624747
8814727264,8814774592,47328,0,47328,myelin-exec:/up_proj_16/MatMul,648714,648714,2,0,404,31,:27:31:404,----myelin-exec:/up_proj_16/MatMul
8814776704,8814780032,3328,0,3328,myelin-exec:__mye624749,648714,648714,2,0,405,31,:27:31:405,----myelin-exec:__mye624749
8814781344,8814784480,3136,0,3136,myelin-exec:__mye624751,648714,648714,2,0,406,31,:27:31:406,----myelin-exec:__mye624751
8814785504,8814801472,15968,0,15968,myelin-exec:__myl_NegExpAddDivMulMul,648714,648714,2,0,407,31,:27:31:407,----myelin-exec:__myl_NegExpAddDivMulMul
8814802784,8814970496,167712,0,167712,myelin-exec:__myl_FcAdd,648714,648714,2,0,408,31,:27:31:408,----myelin-exec:__myl_FcAdd
8814972704,8815000224,27520,0,27520,myelin-exec:__myl_MulMeaAddSqrDivMulMul,648714,648714,2,0,409,31,:27:31:409,----myelin-exec:__myl_MulMeaAddSqrDivMulMul
8815002496,8815053024,50528,0,50528,myelin-exec:/v_proj_17/MatMul+/k_proj_17/MatMul+/q_proj_17/MatMul,648714,648714,2,0,410,31,:27:31:410,----myelin-exec:/v_proj_17/MatMul+/k_proj_17/MatMul+/q_proj_17/MatMul
8815054944,8815060896,5952,0,5952,myelin-exec:__mye624753,648714,648714,2,0,411,31,:27:31:411,----myelin-exec:__mye624753
8815062464,8815081888,19424,0,19424,myelin-exec:__myl_ResTraResSliRepRes,648714,648714,2,0,412,31,:27:31:412,----myelin-exec:__myl_ResTraResSliRepRes
8815083744,8815087872,4128,0,4128,myelin-exec:__mye624755,648714,648714,2,0,413,31,:27:31:413,----myelin-exec:__mye624755
8815089088,8815112896,23808,0,23808,myelin-exec:__myl_ResMulMea,648714,648714,2,0,414,31,:27:31:414,----myelin-exec:__myl_ResMulMea
8815114400,8815129792,15392,0,15392,myelin-exec:__myl_AddSqrDivMulMulTraSliSliNegConMulMulAddResSliRepResTraRes,648714,648714,2,0,415,31,:27:31:415,----myelin-exec:__myl_AddSqrDivMulMulTraSliSliNegConMulMulAddResSliRepResTraRes
8815131136,8815134720,3584,0,3584,myelin-exec:__mye624757,648714,648714,2,0,416,31,:27:31:416,----myelin-exec:__mye624757
8815135904,8815149952,14048,0,14048,myelin-exec:__myl_ResMulMea,648714,648714,2,0,417,31,:27:31:417,----myelin-exec:__myl_ResMulMea
8815151040,8815168384,17344,0,17344,myelin-exec:__myl_AddSqrDivMulMulTraSliSliNegConMulMulAddRes,648714,648714,2,0,418,31,:27:31:418,----myelin-exec:__myl_AddSqrDivMulMulTraSliSliNegConMulMulAddRes
8815169504,8815172192,2688,0,2688,myelin-exec:__mye624759,648714,648714,2,0,419,31,:27:31:419,----myelin-exec:__mye624759
8815173568,8815186112,12544,0,12544,myelin-exec:_gemm_mha_v2,648714,648714,2,0,420,31,:27:31:420,----myelin-exec:_gemm_mha_v2
8815187904,8815353120,165216,0,165216,myelin-exec:__myl_FcAdd,648714,648714,2,0,421,31,:27:31:421,----myelin-exec:__myl_FcAdd
8815355392,8815382368,26976,0,26976,myelin-exec:__myl_MulMeaAddSqrDivMulMul,648714,648714,2,0,422,31,:27:31:422,----myelin-exec:__myl_MulMeaAddSqrDivMulMul
8815384256,8815389408,5152,0,5152,myelin-exec:__mye624761,648714,648714,2,0,423,31,:27:31:423,----myelin-exec:__mye624761
8815390848,8815439040,48192,0,48192,myelin-exec:/gate_proj_17/MatMul,648714,648714,2,0,424,31,:27:31:424,----myelin-exec:/gate_proj_17/MatMul
8815441216,8815444896,3680,0,3680,myelin-exec:__mye624763,648714,648714,2,0,425,31,:27:31:425,----myelin-exec:__mye624763
8815446592,8815488064,41472,0,41472,myelin-exec:/up_proj_17/MatMul,648714,648714,2,0,426,31,:27:31:426,----myelin-exec:/up_proj_17/MatMul
8815490304,8815494208,3904,0,3904,myelin-exec:__mye624765,648714,648714,2,0,427,31,:27:31:427,----myelin-exec:__mye624765
8815495680,8815499296,3616,0,3616,myelin-exec:__mye624767,648714,648714,2,0,428,31,:27:31:428,----myelin-exec:__mye624767
8815500576,8815517792,17216,0,17216,myelin-exec:__myl_NegExpAddDivMulMul,648714,648714,2,0,429,31,:27:31:429,----myelin-exec:__myl_NegExpAddDivMulMul
8815519776,8815705344,185568,0,185568,myelin-exec:__myl_FcAdd,648714,648714,2,0,430,31,:27:31:430,----myelin-exec:__myl_FcAdd
8815707584,8815728832,21248,0,21248,myelin-exec:__myl_MulMeaAddSqrDivMulMul,648714,648714,2,0,431,31,:27:31:431,----myelin-exec:__myl_MulMeaAddSqrDivMulMul
8815730592,8815784064,53472,0,53472,myelin-exec:/v_proj_18/MatMul+/k_proj_18/MatMul+/q_proj_18/MatMul,648714,648714,2,0,432,31,:27:31:432,----myelin-exec:/v_proj_18/MatMul+/k_proj_18/MatMul+/q_proj_18/MatMul
8815785760,8815791520,5760,0,5760,myelin-exec:__mye624769,648714,648714,2,0,433,31,:27:31:433,----myelin-exec:__mye624769
8815792864,8815817920,25056,0,25056,myelin-exec:__myl_ResTraResSliRepRes,648714,648714,2,0,434,31,:27:31:434,----myelin-exec:__myl_ResTraResSliRepRes
8815820000,8815824640,4640,0,4640,myelin-exec:__mye624771,648714,648714,2,0,435,31,:27:31:435,----myelin-exec:__mye624771
8815826080,8815849664,23584,0,23584,myelin-exec:__myl_ResMulMea,648714,648714,2,0,436,31,:27:31:436,----myelin-exec:__myl_ResMulMea
8815851552,8815871328,19776,0,19776,myelin-exec:__myl_AddSqrDivMulMulTraSliSliNegConMulMulAddResSliRepResTraRes,648714,648714,2,0,437,31,:27:31:437,----myelin-exec:__myl_AddSqrDivMulMulTraSliSliNegConMulMulAddResSliRepResTraRes
8815873152,8815877152,4000,0,4000,myelin-exec:__mye624773,648714,648714,2,0,438,31,:27:31:438,----myelin-exec:__mye624773
8815878464,8815894176,15712,0,15712,myelin-exec:__myl_ResMulMea,648714,648714,2,0,439,31,:27:31:439,----myelin-exec:__myl_ResMulMea
8815895744,8815909440,13696,0,13696,myelin-exec:__myl_AddSqrDivMulMulTraSliSliNegConMulMulAddRes,648714,648714,2,0,440,31,:27:31:440,----myelin-exec:__myl_AddSqrDivMulMulTraSliSliNegConMulMulAddRes
8815910784,8815913952,3168,0,3168,myelin-exec:__mye624775,648714,648714,2,0,441,31,:27:31:441,----myelin-exec:__mye624775
8815915072,8815926784,11712,0,11712,myelin-exec:_gemm_mha_v2,648714,648714,2,0,442,31,:27:31:442,----myelin-exec:_gemm_mha_v2
8815928256,8816085376,157120,0,157120,myelin-exec:__myl_FcAdd,648714,648714,2,0,443,31,:27:31:443,----myelin-exec:__myl_FcAdd
8816087584,8816103904,16320,0,16320,myelin-exec:__myl_MulMeaAddSqrDivMulMul,648714,648714,2,0,444,31,:27:31:444,----myelin-exec:__myl_MulMeaAddSqrDivMulMul
8816105536,8816109760,4224,0,4224,myelin-exec:__mye624777,648714,648714,2,0,445,31,:27:31:445,----myelin-exec:__mye624777
8816110944,8816160192,49248,0,49248,myelin-exec:/gate_proj_18/MatMul,648714,648714,2,0,446,31,:27:31:446,----myelin-exec:/gate_proj_18/MatMul
8816162112,8816165664,3552,0,3552,myelin-exec:__mye624779,648714,648714,2,0,447,31,:27:31:447,----myelin-exec:__mye624779
8816166496,8816207968,41472,0,41472,myelin-exec:/up_proj_18/MatMul,648714,648714,2,0,448,31,:27:31:448,----myelin-exec:/up_proj_18/MatMul
8816210240,8816213792,3552,0,3552,myelin-exec:__mye624781,648714,648714,2,0,449,31,:27:31:449,----myelin-exec:__mye624781
8816215136,8816218752,3616,0,3616,myelin-exec:__mye624783,648714,648714,2,0,450,31,:27:31:450,----myelin-exec:__mye624783
8816220256,8816244224,23968,0,23968,myelin-exec:__myl_NegExpAddDivMulMul,648714,648714,2,0,451,31,:27:31:451,----myelin-exec:__myl_NegExpAddDivMulMul
8816245888,8816410752,164864,0,164864,myelin-exec:__myl_FcAdd,648714,648714,2,0,452,31,:27:31:452,----myelin-exec:__myl_FcAdd
8816413152,8816429504,16352,0,16352,myelin-exec:__myl_MulMeaAddSqrDivMulMul,648714,648714,2,0,453,31,:27:31:453,----myelin-exec:__myl_MulMeaAddSqrDivMulMul
8816431360,8816480128,48768,0,48768,myelin-exec:/v_proj_19/MatMul+/k_proj_19/MatMul+/q_proj_19/MatMul,648714,648714,2,0,454,31,:27:31:454,----myelin-exec:/v_proj_19/MatMul+/k_proj_19/MatMul+/q_proj_19/MatMul
8816481600,8816486240,4640,0,4640,myelin-exec:__mye624785,648714,648714,2,0,455,31,:27:31:455,----myelin-exec:__mye624785
8816487584,8816505248,17664,0,17664,myelin-exec:__myl_ResTraResSliRepRes,648714,648714,2,0,456,31,:27:31:456,----myelin-exec:__myl_ResTraResSliRepRes
8816506720,8816510080,3360,0,3360,myelin-exec:__mye624787,648714,648714,2,0,457,31,:27:31:457,----myelin-exec:__mye624787
8816511040,8816525984,14944,0,14944,myelin-exec:__myl_ResMulMea,648714,648714,2,0,458,31,:27:31:458,----myelin-exec:__myl_ResMulMea
8816527552,8816548096,20544,0,20544,myelin-exec:__myl_AddSqrDivMulMulTraSliSliNegConMulMulAddResSliRepResTraRes,648714,648714,2,0,459,31,:27:31:459,----myelin-exec:__myl_AddSqrDivMulMulTraSliSliNegConMulMulAddResSliRepResTraRes
8816549536,8816552736,3200,0,3200,myelin-exec:__mye624789,648714,648714,2,0,460,31,:27:31:460,----myelin-exec:__mye624789
8816553664,8816567520,13856,0,13856,myelin-exec:__myl_ResMulMea,648714,648714,2,0,461,31,:27:31:461,----myelin-exec:__myl_ResMulMea
8816568736,8816580160,11424,0,11424,myelin-exec:__myl_AddSqrDivMulMulTraSliSliNegConMulMulAddRes,648714,648714,2,0,462,31,:27:31:462,----myelin-exec:__myl_AddSqrDivMulMulTraSliSliNegConMulMulAddRes
8816581632,8816584256,2624,0,2624,myelin-exec:__mye624791,648714,648714,2,0,463,31,:27:31:463,----myelin-exec:__mye624791
8816584832,8816602912,18080,0,18080,myelin-exec:_gemm_mha_v2,648714,648714,2,0,464,31,:27:31:464,----myelin-exec:_gemm_mha_v2
8816604224,8816772032,167808,0,167808,myelin-exec:__myl_FcAdd,648714,648714,2,0,465,31,:27:31:465,----myelin-exec:__myl_FcAdd
8816774176,8816789376,15200,0,15200,myelin-exec:__myl_MulMeaAddSqrDivMulMul,648714,648714,2,0,466,31,:27:31:466,----myelin-exec:__myl_MulMeaAddSqrDivMulMul
8816791264,8816795264,4000,0,4000,myelin-exec:__mye624793,648714,648714,2,0,467,31,:27:31:467,----myelin-exec:__mye624793
8816796512,8816849920,53408,0,53408,myelin-exec:/gate_proj_19/MatMul,648714,648714,2,0,468,31,:27:31:468,----myelin-exec:/gate_proj_19/MatMul
8816851744,8816856000,4256,0,4256,myelin-exec:__mye624795,648714,648714,2,0,469,31,:27:31:469,----myelin-exec:__mye624795
8816857344,8816904832,47488,0,47488,myelin-exec:/up_proj_19/MatMul,648714,648714,2,0,470,31,:27:31:470,----myelin-exec:/up_proj_19/MatMul
8816906880,8816910848,3968,0,3968,myelin-exec:__mye624797,648714,648714,2,0,471,31,:27:31:471,----myelin-exec:__mye624797
8816912032,8816915808,3776,0,3776,myelin-exec:__mye624799,648714,648714,2,0,472,31,:27:31:472,----myelin-exec:__mye624799
8816916960,8816934880,17920,0,17920,myelin-exec:__myl_NegExpAddDivMulMul,648714,648714,2,0,473,31,:27:31:473,----myelin-exec:__myl_NegExpAddDivMulMul
8816936768,8817122112,185344,0,185344,myelin-exec:__myl_FcAdd,648714,648714,2,0,474,31,:27:31:474,----myelin-exec:__myl_FcAdd
8817124384,8817153632,29248,0,29248,myelin-exec:__myl_MulMeaAddSqrDivMulMul,648714,648714,2,0,475,31,:27:31:475,----myelin-exec:__myl_MulMeaAddSqrDivMulMul
8817155680,8817215392,59712,0,59712,myelin-exec:/v_proj_20/MatMul+/k_proj_20/MatMul+/q_proj_20/MatMul,648714,648714,2,0,476,31,:27:31:476,----myelin-exec:/v_proj_20/MatMul+/k_proj_20/MatMul+/q_proj_20/MatMul
8817217568,8817224288,6720,0,6720,myelin-exec:__mye624801,648714,648714,2,0,477,31,:27:31:477,----myelin-exec:__mye624801
8817225888,8817245760,19872,0,19872,myelin-exec:__myl_ResTraResSliRepRes,648714,648714,2,0,478,31,:27:31:478,----myelin-exec:__myl_ResTraResSliRepRes
8817247328,8817251200,3872,0,3872,myelin-exec:__mye624803,648714,648714,2,0,479,31,:27:31:479,----myelin-exec:__mye624803
8817252576,8817267360,14784,0,14784,myelin-exec:__myl_ResMulMea,648714,648714,2,0,480,31,:27:31:480,----myelin-exec:__myl_ResMulMea
8817268896,8817283136,14240,0,14240,myelin-exec:__myl_AddSqrDivMulMulTraSliSliNegConMulMulAddResSliRepResTraRes,648714,648714,2,0,481,31,:27:31:481,----myelin-exec:__myl_AddSqrDivMulMulTraSliSliNegConMulMulAddResSliRepResTraRes
8817284224,8817287776,3552,0,3552,myelin-exec:__mye624805,648714,648714,2,0,482,31,:27:31:482,----myelin-exec:__mye624805
8817288960,8817301824,12864,0,12864,myelin-exec:__myl_ResMulMea,648714,648714,2,0,483,31,:27:31:483,----myelin-exec:__myl_ResMulMea
8817303232,8817322496,19264,0,19264,myelin-exec:__myl_AddSqrDivMulMulTraSliSliNegConMulMulAddRes,648714,648714,2,0,484,31,:27:31:484,----myelin-exec:__myl_AddSqrDivMulMulTraSliSliNegConMulMulAddRes
8817323648,8817326784,3136,0,3136,myelin-exec:__mye624807,648714,648714,2,0,485,31,:27:31:485,----myelin-exec:__mye624807
8817328000,8817341856,13856,0,13856,myelin-exec:_gemm_mha_v2,648714,648714,2,0,486,31,:27:31:486,----myelin-exec:_gemm_mha_v2
8817343520,8817514112,170592,0,170592,myelin-exec:__myl_FcAdd,648714,648714,2,0,487,31,:27:31:487,----myelin-exec:__myl_FcAdd
8817516320,8817543424,27104,0,27104,myelin-exec:__myl_MulMeaAddSqrDivMulMul,648714,648714,2,0,488,31,:27:31:488,----myelin-exec:__myl_MulMeaAddSqrDivMulMul
8817545280,8817551072,5792,0,5792,myelin-exec:__mye624809,648714,648714,2,0,489,31,:27:31:489,----myelin-exec:__mye624809
8817552544,8817606048,53504,0,53504,myelin-exec:/gate_proj_20/MatMul,648714,648714,2,0,490,31,:27:31:490,----myelin-exec:/gate_proj_20/MatMul
8817608416,8817612672,4256,0,4256,myelin-exec:__mye624811,648714,648714,2,0,491,31,:27:31:491,----myelin-exec:__mye624811
8817614272,8817662816,48544,0,48544,myelin-exec:/up_proj_20/MatMul,648714,648714,2,0,492,31,:27:31:492,----myelin-exec:/up_proj_20/MatMul
8817665184,8817669248,4064,0,4064,myelin-exec:__mye624813,648714,648714,2,0,493,31,:27:31:493,----myelin-exec:__mye624813
8817670784,8817674656,3872,0,3872,myelin-exec:__mye624815,648714,648714,2,0,494,31,:27:31:494,----myelin-exec:__mye624815
8817676064,8817695360,19296,0,19296,myelin-exec:__myl_NegExpAddDivMulMul,648714,648714,2,0,495,31,:27:31:495,----myelin-exec:__myl_NegExpAddDivMulMul
8817697664,8817878400,180736,0,180736,myelin-exec:__myl_FcAdd,648714,648714,2,0,496,31,:27:31:496,----myelin-exec:__myl_FcAdd
8817880576,8817902240,21664,0,21664,myelin-exec:__myl_MulMeaAddSqrDivMulMul,648714,648714,2,0,497,31,:27:31:497,----myelin-exec:__myl_MulMeaAddSqrDivMulMul
8817904160,8817957120,52960,0,52960,myelin-exec:/v_proj_21/MatMul+/k_proj_21/MatMul+/q_proj_21/MatMul,648714,648714,2,0,498,31,:27:31:498,----myelin-exec:/v_proj_21/MatMul+/k_proj_21/MatMul+/q_proj_21/MatMul
8817959488,8817965024,5536,0,5536,myelin-exec:__mye624817,648714,648714,2,0,499,31,:27:31:499,----myelin-exec:__mye624817
8817966368,8817991936,25568,0,25568,myelin-exec:__myl_ResTraResSliRepRes,648714,648714,2,0,500,31,:27:31:500,----myelin-exec:__myl_ResTraResSliRepRes
8817993920,8817998528,4608,0,4608,myelin-exec:__mye624819,648714,648714,2,0,501,31,:27:31:501,----myelin-exec:__mye624819
8818000000,8818017792,17792,0,17792,myelin-exec:__myl_ResMulMea,648714,648714,2,0,502,31,:27:31:502,----myelin-exec:__myl_ResMulMea
8818019552,8818036000,16448,0,16448,myelin-exec:__myl_AddSqrDivMulMulTraSliSliNegConMulMulAddResSliRepResTraRes,648714,648714,2,0,503,31,:27:31:503,----myelin-exec:__myl_AddSqrDivMulMulTraSliSliNegConMulMulAddResSliRepResTraRes
8818037504,8818041152,3648,0,3648,myelin-exec:__mye624821,648714,648714,2,0,504,31,:27:31:504,----myelin-exec:__mye624821
8818042304,8818055936,13632,0,13632,myelin-exec:__myl_ResMulMea,648714,648714,2,0,505,31,:27:31:505,----myelin-exec:__myl_ResMulMea
8818057184,8818068384,11200,0,11200,myelin-exec:__myl_AddSqrDivMulMulTraSliSliNegConMulMulAddRes,648714,648714,2,0,506,31,:27:31:506,----myelin-exec:__myl_AddSqrDivMulMulTraSliSliNegConMulMulAddRes
8818069280,8818072800,3520,0,3520,myelin-exec:__mye624823,648714,648714,2,0,507,31,:27:31:507,----myelin-exec:__mye624823
8818073888,8818086240,12352,0,12352,myelin-exec:_gemm_mha_v2,648714,648714,2,0,508,31,:27:31:508,----myelin-exec:_gemm_mha_v2
8818087808,8818251904,164096,0,164096,myelin-exec:__myl_FcAdd,648714,648714,2,0,509,31,:27:31:509,----myelin-exec:__myl_FcAdd
8818254080,8818271456,17376,0,17376,myelin-exec:__myl_MulMeaAddSqrDivMulMul,648714,648714,2,0,510,31,:27:31:510,----myelin-exec:__myl_MulMeaAddSqrDivMulMul
8818273184,8818277632,4448,0,4448,myelin-exec:__mye624825,648714,648714,2,0,511,31,:27:31:511,----myelin-exec:__mye624825
8818278912,8818329632,50720,0,50720,myelin-exec:/gate_proj_21/MatMul,648714,648714,2,0,512,31,:27:31:512,----myelin-exec:/gate_proj_21/MatMul
8818332128,8818335840,3712,0,3712,myelin-exec:__mye624827,648714,648714,2,0,513,31,:27:31:513,----myelin-exec:__mye624827
8818337312,8818386080,48768,0,48768,myelin-exec:/up_proj_21/MatMul,648714,648714,2,0,514,31,:27:31:514,----myelin-exec:/up_proj_21/MatMul
8818388192,8818391904,3712,0,3712,myelin-exec:__mye624829,648714,648714,2,0,515,31,:27:31:515,----myelin-exec:__mye624829
8818392832,8818396032,3200,0,3200,myelin-exec:__mye624831,648714,648714,2,0,516,31,:27:31:516,----myelin-exec:__mye624831
8818397152,8818418208,21056,0,21056,myelin-exec:__myl_NegExpAddDivMulMul,648714,648714,2,0,517,31,:27:31:517,----myelin-exec:__myl_NegExpAddDivMulMul
8818420000,8818579808,159808,0,159808,myelin-exec:__myl_FcAdd,648714,648714,2,0,518,31,:27:31:518,----myelin-exec:__myl_FcAdd
8818581824,8818597920,16096,0,16096,myelin-exec:__myl_MulMeaAddSqrDivMulMul,648714,648714,2,0,519,31,:27:31:519,----myelin-exec:__myl_MulMeaAddSqrDivMulMul
8818600000,8818649248,49248,0,49248,myelin-exec:/v_proj_22/MatMul+/k_proj_22/MatMul+/q_proj_22/MatMul,648714,648714,2,0,520,31,:27:31:520,----myelin-exec:/v_proj_22/MatMul+/k_proj_22/MatMul+/q_proj_22/MatMul
8818651104,8818655904,4800,0,4800,myelin-exec:__mye624833,648714,648714,2,0,521,31,:27:31:521,----myelin-exec:__mye624833
8818657120,8818674560,17440,0,17440,myelin-exec:__myl_ResTraResSliRepRes,648714,648714,2,0,522,31,:27:31:522,----myelin-exec:__myl_ResTraResSliRepRes
8818676288,8818679584,3296,0,3296,myelin-exec:__mye624835,648714,648714,2,0,523,31,:27:31:523,----myelin-exec:__mye624835
8818680480,8818695392,14912,0,14912,myelin-exec:__myl_ResMulMea,648714,648714,2,0,524,31,:27:31:524,----myelin-exec:__myl_ResMulMea
8818696768,8818711648,14880,0,14880,myelin-exec:__myl_AddSqrDivMulMulTraSliSliNegConMulMulAddResSliRepResTraRes,648714,648714,2,0,525,31,:27:31:525,----myelin-exec:__myl_AddSqrDivMulMulTraSliSliNegConMulMulAddResSliRepResTraRes
8818713024,8818716448,3424,0,3424,myelin-exec:__mye624837,648714,648714,2,0,526,31,:27:31:526,----myelin-exec:__mye624837
8818717696,8818731072,13376,0,13376,myelin-exec:__myl_ResMulMea,648714,648714,2,0,527,31,:27:31:527,----myelin-exec:__myl_ResMulMea
8818732224,8818744192,11968,0,11968,myelin-exec:__myl_AddSqrDivMulMulTraSliSliNegConMulMulAddRes,648714,648714,2,0,528,31,:27:31:528,----myelin-exec:__myl_AddSqrDivMulMulTraSliSliNegConMulMulAddRes
8818744992,8818747712,2720,0,2720,myelin-exec:__mye624839,648714,648714,2,0,529,31,:27:31:529,----myelin-exec:__mye624839
8818748544,8818766112,17568,0,17568,myelin-exec:_gemm_mha_v2,648714,648714,2,0,530,31,:27:31:530,----myelin-exec:_gemm_mha_v2
8818768128,8818943360,175232,0,175232,myelin-exec:__myl_FcAdd,648714,648714,2,0,531,31,:27:31:531,----myelin-exec:__myl_FcAdd
8818945568,8818973440,27872,0,27872,myelin-exec:__myl_MulMeaAddSqrDivMulMul,648714,648714,2,0,532,31,:27:31:532,----myelin-exec:__myl_MulMeaAddSqrDivMulMul
8818975392,8818980928,5536,0,5536,myelin-exec:__mye624841,648714,648714,2,0,533,31,:27:31:533,----myelin-exec:__mye624841
8818982272,8819039872,57600,0,57600,myelin-exec:/gate_proj_22/MatMul,648714,648714,2,0,534,31,:27:31:534,----myelin-exec:/gate_proj_22/MatMul
8819041984,8819046880,4896,0,4896,myelin-exec:__mye624843,648714,648714,2,0,535,31,:27:31:535,----myelin-exec:__mye624843
8819048544,8819094304,45760,0,45760,myelin-exec:/up_proj_22/MatMul,648714,648714,2,0,536,31,:27:31:536,----myelin-exec:/up_proj_22/MatMul
8819096704,8819100704,4000,0,4000,myelin-exec:__mye624845,648714,648714,2,0,537,31,:27:31:537,----myelin-exec:__mye624845
8819101984,8819105664,3680,0,3680,myelin-exec:__mye624847,648714,648714,2,0,538,31,:27:31:538,----myelin-exec:__mye624847
8819107136,8819123776,16640,0,16640,myelin-exec:__myl_NegExpAddDivMulMul,648714,648714,2,0,539,31,:27:31:539,----myelin-exec:__myl_NegExpAddDivMulMul
8819125120,8819285664,160544,0,160544,myelin-exec:__myl_FcAdd,648714,648714,2,0,540,31,:27:31:540,----myelin-exec:__myl_FcAdd
8819287872,8819313408,25536,0,25536,myelin-exec:__myl_MulMeaAddSqrDivMulMul,648714,648714,2,0,541,31,:27:31:541,----myelin-exec:__myl_MulMeaAddSqrDivMulMul
8819315200,8819363456,48256,0,48256,myelin-exec:/v_proj_23/MatMul+/k_proj_23/MatMul+/q_proj_23/MatMul,648714,648714,2,0,542,31,:27:31:542,----myelin-exec:/v_proj_23/MatMul+/k_proj_23/MatMul+/q_proj_23/MatMul
8819365344,8819371296,5952,0,5952,myelin-exec:__mye624849,648714,648714,2,0,543,31,:27:31:543,----myelin-exec:__mye624849
8819372736,8819392448,19712,0,19712,myelin-exec:__myl_ResTraResSliRepRes,648714,648714,2,0,544,31,:27:31:544,----myelin-exec:__myl_ResTraResSliRepRes
8819394240,8819397920,3680,0,3680,myelin-exec:__mye624851,648714,648714,2,0,545,31,:27:31:545,----myelin-exec:__mye624851
8819399328,8819422016,22688,0,22688,myelin-exec:__myl_ResMulMea,648714,648714,2,0,546,31,:27:31:546,----myelin-exec:__myl_ResMulMea
8819423712,8819444160,20448,0,20448,myelin-exec:__myl_AddSqrDivMulMulTraSliSliNegConMulMulAddResSliRepResTraRes,648714,648714,2,0,547,31,:27:31:547,----myelin-exec:__myl_AddSqrDivMulMulTraSliSliNegConMulMulAddResSliRepResTraRes
8819445696,8819449664,3968,0,3968,myelin-exec:__mye624853,648714,648714,2,0,548,31,:27:31:548,----myelin-exec:__mye624853
8819450656,8819466976,16320,0,16320,myelin-exec:__myl_ResMulMea,648714,648714,2,0,549,31,:27:31:549,----myelin-exec:__myl_ResMulMea
8819468352,8819487648,19296,0,19296,myelin-exec:__myl_AddSqrDivMulMulTraSliSliNegConMulMulAddRes,648714,648714,2,0,550,31,:27:31:550,----myelin-exec:__myl_AddSqrDivMulMulTraSliSliNegConMulMulAddRes
8819488992,8819492352,3360,0,3360,myelin-exec:__mye624855,648714,648714,2,0,551,31,:27:31:551,----myelin-exec:__mye624855
8819493568,8819505920,12352,0,12352,myelin-exec:_gemm_mha_v2,648714,648714,2,0,552,31,:27:31:552,----myelin-exec:_gemm_mha_v2
8819507616,8819670720,163104,0,163104,myelin-exec:__myl_FcAdd,648714,648714,2,0,553,31,:27:31:553,----myelin-exec:__myl_FcAdd
8819672992,8819695264,22272,0,22272,myelin-exec:__myl_MulMeaAddSqrDivMulMul,648714,648714,2,0,554,31,:27:31:554,----myelin-exec:__myl_MulMeaAddSqrDivMulMul
8819697152,8819701664,4512,0,4512,myelin-exec:__mye624857,648714,648714,2,0,555,31,:27:31:555,----myelin-exec:__mye624857
8819702880,8819746880,44000,0,44000,myelin-exec:/gate_proj_23/MatMul,648714,648714,2,0,556,31,:27:31:556,----myelin-exec:/gate_proj_23/MatMul
8819748576,8819752160,3584,0,3584,myelin-exec:__mye624859,648714,648714,2,0,557,31,:27:31:557,----myelin-exec:__mye624859
8819753408,8819795712,42304,0,42304,myelin-exec:/up_proj_23/MatMul,648714,648714,2,0,558,31,:27:31:558,----myelin-exec:/up_proj_23/MatMul
8819798048,8819801824,3776,0,3776,myelin-exec:__mye624861,648714,648714,2,0,559,31,:27:31:559,----myelin-exec:__mye624861
8819803008,8819806592,3584,0,3584,myelin-exec:__mye624863,648714,648714,2,0,560,31,:27:31:560,----myelin-exec:__mye624863
8819807776,8819823648,15872,0,15872,myelin-exec:__myl_NegExpAddDivMulMul,648714,648714,2,0,561,31,:27:31:561,----myelin-exec:__myl_NegExpAddDivMulMul
8819824896,8820009024,184128,0,184128,myelin-exec:__myl_FcAdd,648714,648714,2,0,562,31,:27:31:562,----myelin-exec:__myl_FcAdd
8820011040,8820032352,21312,0,21312,myelin-exec:__myl_MulMeaAddSqrDivMulMul,648714,648714,2,0,563,31,:27:31:563,----myelin-exec:__myl_MulMeaAddSqrDivMulMul
8820034400,8820084800,50400,0,50400,myelin-exec:/v_proj_24/MatMul+/k_proj_24/MatMul+/q_proj_24/MatMul,648714,648714,2,0,564,31,:27:31:564,----myelin-exec:/v_proj_24/MatMul+/k_proj_24/MatMul+/q_proj_24/MatMul
8820086720,8820091712,4992,0,4992,myelin-exec:__mye624865,648714,648714,2,0,565,31,:27:31:565,----myelin-exec:__mye624865
8820092864,8820109760,16896,0,16896,myelin-exec:__myl_ResTraResSliRepRes,648714,648714,2,0,566,31,:27:31:566,----myelin-exec:__myl_ResTraResSliRepRes
8820111232,8820115072,3840,0,3840,myelin-exec:__mye624867,648714,648714,2,0,567,31,:27:31:567,----myelin-exec:__mye624867
8820116320,8820131232,14912,0,14912,myelin-exec:__myl_ResMulMea,648714,648714,2,0,568,31,:27:31:568,----myelin-exec:__myl_ResMulMea
8820132448,8820154400,21952,0,21952,myelin-exec:__myl_AddSqrDivMulMulTraSliSliNegConMulMulAddResSliRepResTraRes,648714,648714,2,0,569,31,:27:31:569,----myelin-exec:__myl_AddSqrDivMulMulTraSliSliNegConMulMulAddResSliRepResTraRes
8820155456,8820158976,3520,0,3520,myelin-exec:__mye624869,648714,648714,2,0,570,31,:27:31:570,----myelin-exec:__mye624869
8820160160,8820179040,18880,0,18880,myelin-exec:__myl_ResMulMea,648714,648714,2,0,571,31,:27:31:571,----myelin-exec:__myl_ResMulMea
8820180384,8820192864,12480,0,12480,myelin-exec:__myl_AddSqrDivMulMulTraSliSliNegConMulMulAddRes,648714,648714,2,0,572,31,:27:31:572,----myelin-exec:__myl_AddSqrDivMulMulTraSliSliNegConMulMulAddRes
8820194272,8820197216,2944,0,2944,myelin-exec:__mye624871,648714,648714,2,0,573,31,:27:31:573,----myelin-exec:__mye624871
8820198240,8820210112,11872,0,11872,myelin-exec:_gemm_mha_v2,648714,648714,2,0,574,31,:27:31:574,----myelin-exec:_gemm_mha_v2
8820211968,8820380512,168544,0,168544,myelin-exec:__myl_FcAdd,648714,648714,2,0,575,31,:27:31:575,----myelin-exec:__myl_FcAdd
8820382816,8820401056,18240,0,18240,myelin-exec:__myl_MulMeaAddSqrDivMulMul,648714,648714,2,0,576,31,:27:31:576,----myelin-exec:__myl_MulMeaAddSqrDivMulMul
8820402656,8820407040,4384,0,4384,myelin-exec:__mye624873,648714,648714,2,0,577,31,:27:31:577,----myelin-exec:__mye624873
8820407968,8820457216,49248,0,49248,myelin-exec:/gate_proj_24/MatMul,648714,648714,2,0,578,31,:27:31:578,----myelin-exec:/gate_proj_24/MatMul
8820458976,8820462272,3296,0,3296,myelin-exec:__mye624875,648714,648714,2,0,579,31,:27:31:579,----myelin-exec:__mye624875
8820463328,8820503456,40128,0,40128,myelin-exec:/up_proj_24/MatMul,648714,648714,2,0,580,31,:27:31:580,----myelin-exec:/up_proj_24/MatMul
8820505184,8820508928,3744,0,3744,myelin-exec:__mye624877,648714,648714,2,0,581,31,:27:31:581,----myelin-exec:__mye624877
8820510208,8820513344,3136,0,3136,myelin-exec:__mye624879,648714,648714,2,0,582,31,:27:31:582,----myelin-exec:__mye624879
8820514624,8820531040,16416,0,16416,myelin-exec:__myl_NegExpAddDivMulMul,648714,648714,2,0,583,31,:27:31:583,----myelin-exec:__myl_NegExpAddDivMulMul
8820532128,8820698336,166208,0,166208,myelin-exec:__myl_FcAdd,648714,648714,2,0,584,31,:27:31:584,----myelin-exec:__myl_FcAdd
8820700480,8820717280,16800,0,16800,myelin-exec:__myl_MulMeaAddSqrDivMulMul,648714,648714,2,0,585,31,:27:31:585,----myelin-exec:__myl_MulMeaAddSqrDivMulMul
8820719136,8820771200,52064,0,52064,myelin-exec:/v_proj_25/MatMul+/k_proj_25/MatMul+/q_proj_25/MatMul,648714,648714,2,0,586,31,:27:31:586,----myelin-exec:/v_proj_25/MatMul+/k_proj_25/MatMul+/q_proj_25/MatMul
8820773024,8820777696,4672,0,4672,myelin-exec:__mye624881,648714,648714,2,0,587,31,:27:31:587,----myelin-exec:__mye624881
8820779168,8820796288,17120,0,17120,myelin-exec:__myl_ResTraResSliRepRes,648714,648714,2,0,588,31,:27:31:588,----myelin-exec:__myl_ResTraResSliRepRes
8820798048,8820801664,3616,0,3616,myelin-exec:__mye624883,648714,648714,2,0,589,31,:27:31:589,----myelin-exec:__mye624883
8820802752,8820818208,15456,0,15456,myelin-exec:__myl_ResMulMea,648714,648714,2,0,590,31,:27:31:590,----myelin-exec:__myl_ResMulMea
8820819936,8820840640,20704,0,20704,myelin-exec:__myl_AddSqrDivMulMulTraSliSliNegConMulMulAddResSliRepResTraRes,648714,648714,2,0,591,31,:27:31:591,----myelin-exec:__myl_AddSqrDivMulMulTraSliSliNegConMulMulAddResSliRepResTraRes
8820841824,8820844992,3168,0,3168,myelin-exec:__mye624885,648714,648714,2,0,592,31,:27:31:592,----myelin-exec:__mye624885
8820846304,8820859808,13504,0,13504,myelin-exec:__myl_ResMulMea,648714,648714,2,0,593,31,:27:31:593,----myelin-exec:__myl_ResMulMea
8820861408,8820873600,12192,0,12192,myelin-exec:__myl_AddSqrDivMulMulTraSliSliNegConMulMulAddRes,648714,648714,2,0,594,31,:27:31:594,----myelin-exec:__myl_AddSqrDivMulMulTraSliSliNegConMulMulAddRes
8820874464,8820877120,2656,0,2656,myelin-exec:__mye624887,648714,648714,2,0,595,31,:27:31:595,----myelin-exec:__mye624887
8820878080,8820895008,16928,0,16928,myelin-exec:_gemm_mha_v2,648714,648714,2,0,596,31,:27:31:596,----myelin-exec:_gemm_mha_v2
8820897184,8821097216,200032,0,200032,myelin-exec:__myl_FcAdd,648714,648714,2,0,597,31,:27:31:597,----myelin-exec:__myl_FcAdd
8821099424,8821119872,20448,0,20448,myelin-exec:__myl_MulMeaAddSqrDivMulMul,648714,648714,2,0,598,31,:27:31:598,----myelin-exec:__myl_MulMeaAddSqrDivMulMul
8821121472,8821127200,5728,0,5728,myelin-exec:__mye624889,648714,648714,2,0,599,31,:27:31:599,----myelin-exec:__mye624889
8821128704,8821185696,56992,0,56992,myelin-exec:/gate_proj_25/MatMul,648714,648714,2,0,600,31,:27:31:600,----myelin-exec:/gate_proj_25/MatMul
8821187136,8821191552,4416,0,4416,myelin-exec:__mye624891,648714,648714,2,0,601,31,:27:31:601,----myelin-exec:__mye624891
8821192800,8821242112,49312,0,49312,myelin-exec:/up_proj_25/MatMul,648714,648714,2,0,602,31,:27:31:602,----myelin-exec:/up_proj_25/MatMul
8821243648,8821247680,4032,0,4032,myelin-exec:__mye624893,648714,648714,2,0,603,31,:27:31:603,----myelin-exec:__mye624893
8821248960,8821252352,3392,0,3392,myelin-exec:__mye624895,648714,648714,2,0,604,31,:27:31:604,----myelin-exec:__mye624895
8821253696,8821271072,17376,0,17376,myelin-exec:__myl_NegExpAddDivMulMul,648714,648714,2,0,605,31,:27:31:605,----myelin-exec:__myl_NegExpAddDivMulMul
8821272416,8821442624,170208,0,170208,myelin-exec:__myl_FcAdd,648714,648714,2,0,606,31,:27:31:606,----myelin-exec:__myl_FcAdd
8821445056,8821471616,26560,0,26560,myelin-exec:__myl_MulMeaAddSqrDivMulMul,648714,648714,2,0,607,31,:27:31:607,----myelin-exec:__myl_MulMeaAddSqrDivMulMul
8821473728,8821521312,47584,0,47584,myelin-exec:/v_proj_26/MatMul+/k_proj_26/MatMul+/q_proj_26/MatMul,648714,648714,2,0,608,31,:27:31:608,----myelin-exec:/v_proj_26/MatMul+/k_proj_26/MatMul+/q_proj_26/MatMul
8821523296,8821528640,5344,0,5344,myelin-exec:__mye624897,648714,648714,2,0,609,31,:27:31:609,----myelin-exec:__mye624897
8821530176,8821548832,18656,0,18656,myelin-exec:__myl_ResTraResSliRepRes,648714,648714,2,0,610,31,:27:31:610,----myelin-exec:__myl_ResTraResSliRepRes
8821550432,8821554400,3968,0,3968,myelin-exec:__mye624899,648714,648714,2,0,611,31,:27:31:611,----myelin-exec:__mye624899
8821555360,8821571616,16256,0,16256,myelin-exec:__myl_ResMulMea,648714,648714,2,0,612,31,:27:31:612,----myelin-exec:__myl_ResMulMea
8821573024,8821587552,14528,0,14528,myelin-exec:__myl_AddSqrDivMulMulTraSliSliNegConMulMulAddResSliRepResTraRes,648714,648714,2,0,613,31,:27:31:613,----myelin-exec:__myl_AddSqrDivMulMulTraSliSliNegConMulMulAddResSliRepResTraRes
8821588832,8821592032,3200,0,3200,myelin-exec:__mye624901,648714,648714,2,0,614,31,:27:31:614,----myelin-exec:__mye624901
8821593472,8821607616,14144,0,14144,myelin-exec:__myl_ResMulMea,648714,648714,2,0,615,31,:27:31:615,----myelin-exec:__myl_ResMulMea
8821608800,8821627168,18368,0,18368,myelin-exec:__myl_AddSqrDivMulMulTraSliSliNegConMulMulAddRes,648714,648714,2,0,616,31,:27:31:616,----myelin-exec:__myl_AddSqrDivMulMulTraSliSliNegConMulMulAddRes
8821628096,8821630912,2816,0,2816,myelin-exec:__mye624903,648714,648714,2,0,617,31,:27:31:617,----myelin-exec:__mye624903
8821631808,8821644256,12448,0,12448,myelin-exec:_gemm_mha_v2,648714,648714,2,0,618,31,:27:31:618,----myelin-exec:_gemm_mha_v2
8821646016,8821815040,169024,0,169024,myelin-exec:__myl_FcAdd,648714,648714,2,0,619,31,:27:31:619,----myelin-exec:__myl_FcAdd
8821817280,8821844640,27360,0,27360,myelin-exec:__myl_MulMeaAddSqrDivMulMul,648714,648714,2,0,620,31,:27:31:620,----myelin-exec:__myl_MulMeaAddSqrDivMulMul
8821846464,8821852640,6176,0,6176,myelin-exec:__mye624905,648714,648714,2,0,621,31,:27:31:621,----myelin-exec:__mye624905
8821853920,8821903872,49952,0,49952,myelin-exec:/gate_proj_26/MatMul,648714,648714,2,0,622,31,:27:31:622,----myelin-exec:/gate_proj_26/MatMul
8821906048,8821910368,4320,0,4320,myelin-exec:__mye624907,648714,648714,2,0,623,31,:27:31:623,----myelin-exec:__mye624907
8821911872,8821963968,52096,0,52096,myelin-exec:/up_proj_26/MatMul,648714,648714,2,0,624,31,:27:31:624,----myelin-exec:/up_proj_26/MatMul
8821966176,8821970368,4192,0,4192,myelin-exec:__mye624909,648714,648714,2,0,625,31,:27:31:625,----myelin-exec:__mye624909
8821971520,8821975520,4000,0,4000,myelin-exec:__mye624911,648714,648714,2,0,626,31,:27:31:626,----myelin-exec:__mye624911
8821976960,8821997504,20544,0,20544,myelin-exec:__myl_NegExpAddDivMulMul,648714,648714,2,0,627,31,:27:31:627,----myelin-exec:__myl_NegExpAddDivMulMul
8821999264,8822170976,171712,0,171712,myelin-exec:__myl_FcAdd,648714,648714,2,0,628,31,:27:31:628,----myelin-exec:__myl_FcAdd
8822173248,8822192512,19264,0,19264,myelin-exec:__myl_MulMeaAddSqrDivMulMul,648714,648714,2,0,629,31,:27:31:629,----myelin-exec:__myl_MulMeaAddSqrDivMulMul
8822194624,8822239744,45120,0,45120,myelin-exec:/v_proj_27/MatMul+/k_proj_27/MatMul+/q_proj_27/MatMul,648714,648714,2,0,630,31,:27:31:630,----myelin-exec:/v_proj_27/MatMul+/k_proj_27/MatMul+/q_proj_27/MatMul
8822241312,8822246080,4768,0,4768,myelin-exec:__mye624913,648714,648714,2,0,631,31,:27:31:631,----myelin-exec:__mye624913
8822247136,8822264064,16928,0,16928,myelin-exec:__myl_ResTraResSliRepRes,648714,648714,2,0,632,31,:27:31:632,----myelin-exec:__myl_ResTraResSliRepRes
8822265536,8822268896,3360,0,3360,myelin-exec:__mye624915,648714,648714,2,0,633,31,:27:31:633,----myelin-exec:__mye624915
8822269952,8822285600,15648,0,15648,myelin-exec:__myl_ResMulMea,648714,648714,2,0,634,31,:27:31:634,----myelin-exec:__myl_ResMulMea
8822287104,8822302048,14944,0,14944,myelin-exec:__myl_AddSqrDivMulMulTraSliSliNegConMulMulAddResSliRepResTraRes,648714,648714,2,0,635,31,:27:31:635,----myelin-exec:__myl_AddSqrDivMulMulTraSliSliNegConMulMulAddResSliRepResTraRes
8822303264,8822306624,3360,0,3360,myelin-exec:__mye624917,648714,648714,2,0,636,31,:27:31:636,----myelin-exec:__mye624917
8822307616,8822328608,20992,0,20992,myelin-exec:__myl_ResMulMea,648714,648714,2,0,637,31,:27:31:637,----myelin-exec:__myl_ResMulMea
8822330368,8822343744,13376,0,13376,myelin-exec:__myl_AddSqrDivMulMulTraSliSliNegConMulMulAddRes,648714,648714,2,0,638,31,:27:31:638,----myelin-exec:__myl_AddSqrDivMulMulTraSliSliNegConMulMulAddRes
8822345056,8822348000,2944,0,2944,myelin-exec:__mye624919,648714,648714,2,0,639,31,:27:31:639,----myelin-exec:__mye624919
8822348960,8822360704,11744,0,11744,myelin-exec:_gemm_mha_v2,648714,648714,2,0,640,31,:27:31:640,----myelin-exec:_gemm_mha_v2
8822361856,8822527680,165824,0,165824,myelin-exec:__myl_FcAdd,648714,648714,2,0,641,31,:27:31:641,----myelin-exec:__myl_FcAdd
8822530144,8822547296,17152,0,17152,myelin-exec:__myl_MulMeaAddSqrDivMulMul,648714,648714,2,0,642,31,:27:31:642,----myelin-exec:__myl_MulMeaAddSqrDivMulMul
8822549248,8822552992,3744,0,3744,myelin-exec:__mye624921,648714,648714,2,0,643,31,:27:31:643,----myelin-exec:__mye624921
8822554176,8822601344,47168,0,47168,myelin-exec:/gate_proj_27/MatMul,648714,648714,2,0,644,31,:27:31:644,----myelin-exec:/gate_proj_27/MatMul
8822603456,8822607168,3712,0,3712,myelin-exec:__mye624923,648714,648714,2,0,645,31,:27:31:645,----myelin-exec:__mye624923
8822608384,8822656544,48160,0,48160,myelin-exec:/up_proj_27/MatMul,648714,648714,2,0,646,31,:27:31:646,----myelin-exec:/up_proj_27/MatMul
8822658880,8822662496,3616,0,3616,myelin-exec:__mye624925,648714,648714,2,0,647,31,:27:31:647,----myelin-exec:__mye624925
8822663680,8822667008,3328,0,3328,myelin-exec:__mye624927,648714,648714,2,0,648,31,:27:31:648,----myelin-exec:__mye624927
8822668480,8822686336,17856,0,17856,myelin-exec:__myl_NegExpAddDivMulMul,648714,648714,2,0,649,31,:27:31:649,----myelin-exec:__myl_NegExpAddDivMulMul
8822688128,8822862912,174784,0,174784,myelin-exec:__myl_FcAdd,648714,648714,2,0,650,31,:27:31:650,----myelin-exec:__myl_FcAdd
9038551104,9038790048,238944,158976,79968,TensorRT:ExecutionContext::enqueue,648714,648714,0,1,742,,:742,TensorRT:ExecutionContext::enqueue
9038625120,9038784096,158976,80544,78432,TensorRT:{ForeignNode[/Cast.../Cast_1]},648714,648714,1,2,746,742,:742:746,--TensorRT:{ForeignNode[/Cast.../Cast_1]}
9038688960,9038690848,1888,0,1888,myelin-exec:__mye60_0,648714,648714,2,0,753,746,:742:746:753,----myelin-exec:__mye60_0
9038691776,9038770432,78656,0,78656,myelin-exec:__myl_MovMulMeaAddSqrDivMulMulCas,648714,648714,2,0,754,746,:742:746:754,----myelin-exec:__myl_MovMulMeaAddSqrDivMulMulCas
9046033728,9046349824,316096,261536,54560,TensorRT:ExecutionContext::enqueue,648714,648714,0,1,763,,:763,TensorRT:ExecutionContext::enqueue
9046084192,9046345728,261536,207424,54112,TensorRT:{ForeignNode[onnx::MatMul_4 + ONNXTRT_Broadcast.../MatMul]},648714,648714,1,2,767,763,:763:767,--TensorRT:{ForeignNode[onnx::MatMul_4 + ONNXTRT_Broadcast.../MatMul]}
9046122400,9046123904,1504,0,1504,myelin-exec:__mye31_0,648714,648714,2,0,774,767,:763:767:774,----myelin-exec:__mye31_0
9046124768,9046330688,205920,0,205920,myelin-exec:/MatMul,648714,648714,2,0,775,767,:763:767:775,----myelin-exec:/MatMul
9066140704,9066278976,138272,89184,49088,TensorRT:ExecutionContext::enqueue,648714,648714,0,1,784,,:784,TensorRT:ExecutionContext::enqueue
9066185184,9066274368,89184,47296,41888,TensorRT:{ForeignNode[ONNXTRT_castHelper.../Gather]},648714,648714,1,2,788,784,:784:788,--TensorRT:{ForeignNode[ONNXTRT_castHelper.../Gather]}
9066214976,9066216224,1248,0,1248,myelin-exec:__mye39_0,648714,648714,2,0,795,788,:784:788:795,----myelin-exec:__mye39_0
9066217088,9066263136,46048,0,46048,myelin-exec:__myl_CasGat,648714,648714,2,0,796,788,:784:788:796,----myelin-exec:__myl_CasGat
10393129056,10413081920,19952864,18897120,1055744,TensorRT:ExecutionContext::enqueue,648714,648714,0,1,805,,:805,TensorRT:ExecutionContext::enqueue
10394142720,10413039840,18897120,17486080,1411040,TensorRT:{ForeignNode[/Cast.../Add_111]},648714,648714,1,613,809,805,:805:809,--TensorRT:{ForeignNode[/Cast.../Add_111]}
10394356992,10394359104,2112,0,2112,myelin-exec:__mye158796_0,648714,648714,2,0,816,809,:805:809:816,----myelin-exec:__mye158796_0
10394360288,10394454048,93760,0,93760,myelin-exec:__myl_RepIotIotRepCasAddCasEqlLtOrSel,648714,648714,2,0,817,809,:805:809:817,----myelin-exec:__myl_RepIotIotRepCasAddCasEqlLtOrSel
10394456448,10394484128,27680,0,27680,myelin-exec:__myl_MovMulMeaAddSqrDivMulMul,648714,648714,2,0,818,809,:805:809:818,----myelin-exec:__myl_MovMulMeaAddSqrDivMulMul
10394485856,10394587392,101536,0,101536,myelin-exec:/v_proj/MatMul+/k_proj/MatMul+/q_proj/MatMul,648714,648714,2,0,819,809,:805:809:819,----myelin-exec:/v_proj/MatMul+/k_proj/MatMul+/q_proj/MatMul
10394588960,10394610304,21344,0,21344,myelin-exec:__myl_ResTraResSliRepRes,648714,648714,2,0,820,809,:805:809:820,----myelin-exec:__myl_ResTraResSliRepRes
10394611328,10394629120,17792,0,17792,myelin-exec:__myl_ResMulMea,648714,648714,2,0,821,809,:805:809:821,----myelin-exec:__myl_ResMulMea
10394630176,10394646112,15936,0,15936,myelin-exec:__myl_ResMulMea,648714,648714,2,0,822,809,:805:809:822,----myelin-exec:__myl_ResMulMea
10394646816,10394665600,18784,0,18784,myelin-exec:__myl_CasResMulConSinResCosResAddSqrAddSqrDivMulDivMulMulTraSliSliNegConMulMulAddResSliRepResTraEtc,648714,648714,2,0,823,809,:805:809:823,----myelin-exec:__myl_CasResMulConSinResCosResAddSqrAddSqrDivMulDivMulMulTraSliSliNegConMulMulAddResSliRepResTraEtc
10394666560,10394681952,15392,0,15392,myelin-exec:_gemm_mha_v2,648714,648714,2,0,824,809,:805:809:824,----myelin-exec:_gemm_mha_v2
10394683168,10394891360,208192,0,208192,myelin-exec:__myl_FcAdd,648714,648714,2,0,825,809,:805:809:825,----myelin-exec:__myl_FcAdd
10394893728,10394915232,21504,0,21504,myelin-exec:__myl_MulMeaAddSqrDivMulMul,648714,648714,2,0,826,809,:805:809:826,----myelin-exec:__myl_MulMeaAddSqrDivMulMul
10394916672,10394928992,12320,0,12320,myelin-exec:__mye624489,648714,648714,2,0,827,809,:805:809:827,----myelin-exec:__mye624489
10394929984,10394980416,50432,0,50432,myelin-exec:/gate_proj/MatMul,648714,648714,2,0,828,809,:805:809:828,----myelin-exec:/gate_proj/MatMul
10394982080,10394993696,11616,0,11616,myelin-exec:__mye624491,648714,648714,2,0,829,809,:805:809:829,----myelin-exec:__mye624491
10394994880,10395043072,48192,0,48192,myelin-exec:/up_proj/MatMul,648714,648714,2,0,830,809,:805:809:830,----myelin-exec:/up_proj/MatMul
10395044736,10395049152,4416,0,4416,myelin-exec:__mye624493,648714,648714,2,0,831,809,:805:809:831,----myelin-exec:__mye624493
10395050208,10395054240,4032,0,4032,myelin-exec:__mye624495,648714,648714,2,0,832,809,:805:809:832,----myelin-exec:__mye624495
10395055328,10395077152,21824,0,21824,myelin-exec:__myl_NegExpAddDivMulMul,648714,648714,2,0,833,809,:805:809:833,----myelin-exec:__myl_NegExpAddDivMulMul
10395077888,10395228000,150112,0,150112,myelin-exec:__myl_FcAdd,648714,648714,2,0,834,809,:805:809:834,----myelin-exec:__myl_FcAdd
10395229376,10395251040,21664,0,21664,myelin-exec:__myl_MulMeaAddSqrDivMulMul,648714,648714,2,0,835,809,:805:809:835,----myelin-exec:__myl_MulMeaAddSqrDivMulMul
10395252608,10395297152,44544,0,44544,myelin-exec:/v_proj_1/MatMul+/k_proj_1/MatMul+/q_proj_1/MatMul,648714,648714,2,0,836,809,:805:809:836,----myelin-exec:/v_proj_1/MatMul+/k_proj_1/MatMul+/q_proj_1/MatMul
10395298976,10395303904,4928,0,4928,myelin-exec:__mye624497,648714,648714,2,0,837,809,:805:809:837,----myelin-exec:__mye624497
10395304768,10395321248,16480,0,16480,myelin-exec:__myl_ResTraResSliRepRes,648714,648714,2,0,838,809,:805:809:838,----myelin-exec:__myl_ResTraResSliRepRes
10395322400,10395326048,3648,0,3648,myelin-exec:__mye624499,648714,648714,2,0,839,809,:805:809:839,----myelin-exec:__mye624499
10395326720,10395343936,17216,0,17216,myelin-exec:__myl_ResMulMea,648714,648714,2,0,840,809,:805:809:840,----myelin-exec:__myl_ResMulMea
10395345152,10395385568,40416,0,40416,myelin-exec:__myl_AddSqrDivMulMulTraSliSliNegConMulMulAddResSliRepResTraRes,648714,648714,2,0,841,809,:805:809:841,----myelin-exec:__myl_AddSqrDivMulMulTraSliSliNegConMulMulAddResSliRepResTraRes
10395387168,10395391424,4256,0,4256,myelin-exec:__mye624501,648714,648714,2,0,842,809,:805:809:842,----myelin-exec:__mye624501
10395392416,10395407104,14688,0,14688,myelin-exec:__myl_ResMulMea,648714,648714,2,0,843,809,:805:809:843,----myelin-exec:__myl_ResMulMea
10395408704,10395424768,16064,0,16064,myelin-exec:__myl_AddSqrDivMulMulTraSliSliNegConMulMulAddRes,648714,648714,2,0,844,809,:805:809:844,----myelin-exec:__myl_AddSqrDivMulMulTraSliSliNegConMulMulAddRes
10395425824,10395428640,2816,0,2816,myelin-exec:__mye624503,648714,648714,2,0,845,809,:805:809:845,----myelin-exec:__mye624503
10395429792,10395442208,12416,0,12416,myelin-exec:_gemm_mha_v2,648714,648714,2,0,846,809,:805:809:846,----myelin-exec:_gemm_mha_v2
10395443232,10395596640,153408,0,153408,myelin-exec:__myl_FcAdd,648714,648714,2,0,847,809,:805:809:847,----myelin-exec:__myl_FcAdd
10395597920,10395613312,15392,0,15392,myelin-exec:__myl_MulMeaAddSqrDivMulMul,648714,648714,2,0,848,809,:805:809:848,----myelin-exec:__myl_MulMeaAddSqrDivMulMul
10395614752,10395619456,4704,0,4704,myelin-exec:__mye624505,648714,648714,2,0,849,809,:805:809:849,----myelin-exec:__mye624505
10395620320,10395663168,42848,0,42848,myelin-exec:/gate_proj_1/MatMul,648714,648714,2,0,850,809,:805:809:850,----myelin-exec:/gate_proj_1/MatMul
10395664512,10395668224,3712,0,3712,myelin-exec:__mye624507,648714,648714,2,0,851,809,:805:809:851,----myelin-exec:__mye624507
10395669504,10395708032,38528,0,38528,myelin-exec:/up_proj_1/MatMul,648714,648714,2,0,852,809,:805:809:852,----myelin-exec:/up_proj_1/MatMul
10395709280,10395713312,4032,0,4032,myelin-exec:__mye624509,648714,648714,2,0,853,809,:805:809:853,----myelin-exec:__mye624509
10395714464,10395717920,3456,0,3456,myelin-exec:__mye624511,648714,648714,2,0,854,809,:805:809:854,----myelin-exec:__mye624511
10395719168,10395734848,15680,0,15680,myelin-exec:__myl_NegExpAddDivMulMul,648714,648714,2,0,855,809,:805:809:855,----myelin-exec:__myl_NegExpAddDivMulMul
10395735616,10395880864,145248,0,145248,myelin-exec:__myl_FcAdd,648714,648714,2,0,856,809,:805:809:856,----myelin-exec:__myl_FcAdd
10395882464,10395898176,15712,0,15712,myelin-exec:__myl_MulMeaAddSqrDivMulMul,648714,648714,2,0,857,809,:805:809:857,----myelin-exec:__myl_MulMeaAddSqrDivMulMul
10395899200,10395942336,43136,0,43136,myelin-exec:/v_proj_2/MatMul+/k_proj_2/MatMul+/q_proj_2/MatMul,648714,648714,2,0,858,809,:805:809:858,----myelin-exec:/v_proj_2/MatMul+/k_proj_2/MatMul+/q_proj_2/MatMul
10395943712,10395948544,4832,0,4832,myelin-exec:__mye624513,648714,648714,2,0,859,809,:805:809:859,----myelin-exec:__mye624513
10395949536,10395965312,15776,0,15776,myelin-exec:__myl_ResTraResSliRepRes,648714,648714,2,0,860,809,:805:809:860,----myelin-exec:__myl_ResTraResSliRepRes
10395966304,10395969856,3552,0,3552,myelin-exec:__mye624515,648714,648714,2,0,861,809,:805:809:861,----myelin-exec:__mye624515
10395970592,10395986336,15744,0,15744,myelin-exec:__myl_ResMulMea,648714,648714,2,0,862,809,:805:809:862,----myelin-exec:__myl_ResMulMea
10395987616,10396008544,20928,0,20928,myelin-exec:__myl_AddSqrDivMulMulTraSliSliNegConMulMulAddResSliRepResTraRes,648714,648714,2,0,863,809,:805:809:863,----myelin-exec:__myl_AddSqrDivMulMulTraSliSliNegConMulMulAddResSliRepResTraRes
10396009536,10396013024,3488,0,3488,myelin-exec:__mye624517,648714,648714,2,0,864,809,:805:809:864,----myelin-exec:__mye624517
10396014112,10396028000,13888,0,13888,myelin-exec:__myl_ResMulMea,648714,648714,2,0,865,809,:805:809:865,----myelin-exec:__myl_ResMulMea
10396029024,10396040256,11232,0,11232,myelin-exec:__myl_AddSqrDivMulMulTraSliSliNegConMulMulAddRes,648714,648714,2,0,866,809,:805:809:866,----myelin-exec:__myl_AddSqrDivMulMulTraSliSliNegConMulMulAddRes
10396041568,10396044256,2688,0,2688,myelin-exec:__mye624519,648714,648714,2,0,867,809,:805:809:867,----myelin-exec:__mye624519
10396045216,10396056768,11552,0,11552,myelin-exec:_gemm_mha_v2,648714,648714,2,0,868,809,:805:809:868,----myelin-exec:_gemm_mha_v2
10396057632,10396206336,148704,0,148704,myelin-exec:__myl_FcAdd,648714,648714,2,0,869,809,:805:809:869,----myelin-exec:__myl_FcAdd
10396207872,10396222944,15072,0,15072,myelin-exec:__myl_MulMeaAddSqrDivMulMul,648714,648714,2,0,870,809,:805:809:870,----myelin-exec:__myl_MulMeaAddSqrDivMulMul
10396224288,10396228192,3904,0,3904,myelin-exec:__mye624521,648714,648714,2,0,871,809,:805:809:871,----myelin-exec:__mye624521
10396229120,10396270304,41184,0,41184,myelin-exec:/gate_proj_2/MatMul,648714,648714,2,0,872,809,:805:809:872,----myelin-exec:/gate_proj_2/MatMul
10396271776,10396275424,3648,0,3648,myelin-exec:__mye624523,648714,648714,2,0,873,809,:805:809:873,----myelin-exec:__mye624523
10396276288,10396312160,35872,0,35872,myelin-exec:/up_proj_2/MatMul,648714,648714,2,0,874,809,:805:809:874,----myelin-exec:/up_proj_2/MatMul
10396313600,10396316992,3392,0,3392,myelin-exec:__mye624525,648714,648714,2,0,875,809,:805:809:875,----myelin-exec:__mye624525
10396317728,10396320704,2976,0,2976,myelin-exec:__mye624527,648714,648714,2,0,876,809,:805:809:876,----myelin-exec:__mye624527
10396321600,10396336544,14944,0,14944,myelin-exec:__myl_NegExpAddDivMulMul,648714,648714,2,0,877,809,:805:809:877,----myelin-exec:__myl_NegExpAddDivMulMul
10396337856,10396481760,143904,0,143904,myelin-exec:__myl_FcAdd,648714,648714,2,0,878,809,:805:809:878,----myelin-exec:__myl_FcAdd
10396483552,10396497728,14176,0,14176,myelin-exec:__myl_MulMeaAddSqrDivMulMul,648714,648714,2,0,879,809,:805:809:879,----myelin-exec:__myl_MulMeaAddSqrDivMulMul
10396498944,10396536352,37408,0,37408,myelin-exec:/v_proj_3/MatMul+/k_proj_3/MatMul+/q_proj_3/MatMul,648714,648714,2,0,880,809,:805:809:880,----myelin-exec:/v_proj_3/MatMul+/k_proj_3/MatMul+/q_proj_3/MatMul
10396537664,10396542176,4512,0,4512,myelin-exec:__mye624529,648714,648714,2,0,881,809,:805:809:881,----myelin-exec:__mye624529
10396543008,10396557920,14912,0,14912,myelin-exec:__myl_ResTraResSliRepRes,648714,648714,2,0,882,809,:805:809:882,----myelin-exec:__myl_ResTraResSliRepRes
10396559200,10396562624,3424,0,3424,myelin-exec:__mye624531,648714,648714,2,0,883,809,:805:809:883,----myelin-exec:__mye624531
10396563872,10396577888,14016,0,14016,myelin-exec:__myl_ResMulMea,648714,648714,2,0,884,809,:805:809:884,----myelin-exec:__myl_ResMulMea
10396578912,10396593024,14112,0,14112,myelin-exec:__myl_AddSqrDivMulMulTraSliSliNegConMulMulAddResSliRepResTraRes,648714,648714,2,0,885,809,:805:809:885,----myelin-exec:__myl_AddSqrDivMulMulTraSliSliNegConMulMulAddResSliRepResTraRes
10396594304,10396597504,3200,0,3200,myelin-exec:__mye624533,648714,648714,2,0,886,809,:805:809:886,----myelin-exec:__mye624533
10396598112,10396611072,12960,0,12960,myelin-exec:__myl_ResMulMea,648714,648714,2,0,887,809,:805:809:887,----myelin-exec:__myl_ResMulMea
10396612192,10396623456,11264,0,11264,myelin-exec:__myl_AddSqrDivMulMulTraSliSliNegConMulMulAddRes,648714,648714,2,0,888,809,:805:809:888,----myelin-exec:__myl_AddSqrDivMulMulTraSliSliNegConMulMulAddRes
10396624320,10396627296,2976,0,2976,myelin-exec:__mye624535,648714,648714,2,0,889,809,:805:809:889,----myelin-exec:__mye624535
10396627616,10396639232,11616,0,11616,myelin-exec:_gemm_mha_v2,648714,648714,2,0,890,809,:805:809:890,----myelin-exec:_gemm_mha_v2
10396640448,10396782848,142400,0,142400,myelin-exec:__myl_FcAdd,648714,648714,2,0,891,809,:805:809:891,----myelin-exec:__myl_FcAdd
10396784416,10396799872,15456,0,15456,myelin-exec:__myl_MulMeaAddSqrDivMulMul,648714,648714,2,0,892,809,:805:809:892,----myelin-exec:__myl_MulMeaAddSqrDivMulMul
10396800928,10396804928,4000,0,4000,myelin-exec:__mye624537,648714,648714,2,0,893,809,:805:809:893,----myelin-exec:__mye624537
10396805600,10396845024,39424,0,39424,myelin-exec:/gate_proj_3/MatMul,648714,648714,2,0,894,809,:805:809:894,----myelin-exec:/gate_proj_3/MatMul
10396846176,10396849728,3552,0,3552,myelin-exec:__mye624539,648714,648714,2,0,895,809,:805:809:895,----myelin-exec:__mye624539
10396850592,10396893728,43136,0,43136,myelin-exec:/up_proj_3/MatMul,648714,648714,2,0,896,809,:805:809:896,----myelin-exec:/up_proj_3/MatMul
10396895392,10396899456,4064,0,4064,myelin-exec:__mye624541,648714,648714,2,0,897,809,:805:809:897,----myelin-exec:__mye624541
10396900032,10396903232,3200,0,3200,myelin-exec:__mye624543,648714,648714,2,0,898,809,:805:809:898,----myelin-exec:__mye624543
10396904224,10396920576,16352,0,16352,myelin-exec:__myl_NegExpAddDivMulMul,648714,648714,2,0,899,809,:805:809:899,----myelin-exec:__myl_NegExpAddDivMulMul
10396921952,10397104608,182656,0,182656,myelin-exec:__myl_FcAdd,648714,648714,2,0,900,809,:805:809:900,----myelin-exec:__myl_FcAdd
10397106464,10397124224,17760,0,17760,myelin-exec:__myl_MulMeaAddSqrDivMulMul,648714,648714,2,0,901,809,:805:809:901,----myelin-exec:__myl_MulMeaAddSqrDivMulMul
10397125600,10397172768,47168,0,47168,myelin-exec:/v_proj_4/MatMul+/k_proj_4/MatMul+/q_proj_4/MatMul,648714,648714,2,0,902,809,:805:809:902,----myelin-exec:/v_proj_4/MatMul+/k_proj_4/MatMul+/q_proj_4/MatMul
10397174464,10397179584,5120,0,5120,myelin-exec:__mye624545,648714,648714,2,0,903,809,:805:809:903,----myelin-exec:__mye624545
10397180640,10397196832,16192,0,16192,myelin-exec:__myl_ResTraResSliRepRes,648714,648714,2,0,904,809,:805:809:904,----myelin-exec:__myl_ResTraResSliRepRes
10397198400,10397202528,4128,0,4128,myelin-exec:__mye624547,648714,648714,2,0,905,809,:805:809:905,----myelin-exec:__mye624547
10397203168,10397219552,16384,0,16384,myelin-exec:__myl_ResMulMea,648714,648714,2,0,906,809,:805:809:906,----myelin-exec:__myl_ResMulMea
10397220736,10397235520,14784,0,14784,myelin-exec:__myl_AddSqrDivMulMulTraSliSliNegConMulMulAddResSliRepResTraRes,648714,648714,2,0,907,809,:805:809:907,----myelin-exec:__myl_AddSqrDivMulMulTraSliSliNegConMulMulAddResSliRepResTraRes
10397236672,10397240192,3520,0,3520,myelin-exec:__mye624549,648714,648714,2,0,908,809,:805:809:908,----myelin-exec:__mye624549
10397241024,10397254496,13472,0,13472,myelin-exec:__myl_ResMulMea,648714,648714,2,0,909,809,:805:809:909,----myelin-exec:__myl_ResMulMea
10397255616,10397266880,11264,0,11264,myelin-exec:__myl_AddSqrDivMulMulTraSliSliNegConMulMulAddRes,648714,648714,2,0,910,809,:805:809:910,----myelin-exec:__myl_AddSqrDivMulMulTraSliSliNegConMulMulAddRes
10397267840,10397270112,2272,0,2272,myelin-exec:__mye624551,648714,648714,2,0,911,809,:805:809:911,----myelin-exec:__mye624551
10397270816,10397283040,12224,0,12224,myelin-exec:_gemm_mha_v2,648714,648714,2,0,912,809,:805:809:912,----myelin-exec:_gemm_mha_v2
10397284160,10397434336,150176,0,150176,myelin-exec:__myl_FcAdd,648714,648714,2,0,913,809,:805:809:913,----myelin-exec:__myl_FcAdd
10397435872,10397450368,14496,0,14496,myelin-exec:__myl_MulMeaAddSqrDivMulMul,648714,648714,2,0,914,809,:805:809:914,----myelin-exec:__myl_MulMeaAddSqrDivMulMul
10397451488,10397455552,4064,0,4064,myelin-exec:__mye624553,648714,648714,2,0,915,809,:805:809:915,----myelin-exec:__mye624553
10397456512,10397498336,41824,0,41824,myelin-exec:/gate_proj_4/MatMul,648714,648714,2,0,916,809,:805:809:916,----myelin-exec:/gate_proj_4/MatMul
10397499488,10397502944,3456,0,3456,myelin-exec:__mye624555,648714,648714,2,0,917,809,:805:809:917,----myelin-exec:__mye624555
10397503776,10397546912,43136,0,43136,myelin-exec:/up_proj_4/MatMul,648714,648714,2,0,918,809,:805:809:918,----myelin-exec:/up_proj_4/MatMul
10397548192,10397551808,3616,0,3616,myelin-exec:__mye624557,648714,648714,2,0,919,809,:805:809:919,----myelin-exec:__mye624557
10397552512,10397555872,3360,0,3360,myelin-exec:__mye624559,648714,648714,2,0,920,809,:805:809:920,----myelin-exec:__mye624559
10397556544,10397573280,16736,0,16736,myelin-exec:__myl_NegExpAddDivMulMul,648714,648714,2,0,921,809,:805:809:921,----myelin-exec:__myl_NegExpAddDivMulMul
10397574432,10397724032,149600,0,149600,myelin-exec:__myl_FcAdd,648714,648714,2,0,922,809,:805:809:922,----myelin-exec:__myl_FcAdd
10397725440,10397741568,16128,0,16128,myelin-exec:__myl_MulMeaAddSqrDivMulMul,648714,648714,2,0,923,809,:805:809:923,----myelin-exec:__myl_MulMeaAddSqrDivMulMul
10397742784,10397785600,42816,0,42816,myelin-exec:/v_proj_5/MatMul+/k_proj_5/MatMul+/q_proj_5/MatMul,648714,648714,2,0,924,809,:805:809:924,----myelin-exec:/v_proj_5/MatMul+/k_proj_5/MatMul+/q_proj_5/MatMul
10397786688,10397791456,4768,0,4768,myelin-exec:__mye624561,648714,648714,2,0,925,809,:805:809:925,----myelin-exec:__mye624561
10397792448,10397807904,15456,0,15456,myelin-exec:__myl_ResTraResSliRepRes,648714,648714,2,0,926,809,:805:809:926,----myelin-exec:__myl_ResTraResSliRepRes
10397808928,10397812096,3168,0,3168,myelin-exec:__mye624563,648714,648714,2,0,927,809,:805:809:927,----myelin-exec:__mye624563
10397812992,10397827360,14368,0,14368,myelin-exec:__myl_ResMulMea,648714,648714,2,0,928,809,:805:809:928,----myelin-exec:__myl_ResMulMea
10397828544,10397842304,13760,0,13760,myelin-exec:__myl_AddSqrDivMulMulTraSliSliNegConMulMulAddResSliRepResTraRes,648714,648714,2,0,929,809,:805:809:929,----myelin-exec:__myl_AddSqrDivMulMulTraSliSliNegConMulMulAddResSliRepResTraRes
10397843392,10397846464,3072,0,3072,myelin-exec:__mye624565,648714,648714,2,0,930,809,:805:809:930,----myelin-exec:__mye624565
10397847360,10397860928,13568,0,13568,myelin-exec:__myl_ResMulMea,648714,648714,2,0,931,809,:805:809:931,----myelin-exec:__myl_ResMulMea
10397862048,10397874016,11968,0,11968,myelin-exec:__myl_AddSqrDivMulMulTraSliSliNegConMulMulAddRes,648714,648714,2,0,932,809,:805:809:932,----myelin-exec:__myl_AddSqrDivMulMulTraSliSliNegConMulMulAddRes
10397874848,10397877728,2880,0,2880,myelin-exec:__mye624567,648714,648714,2,0,933,809,:805:809:933,----myelin-exec:__mye624567
10397878848,10397891200,12352,0,12352,myelin-exec:_gemm_mha_v2,648714,648714,2,0,934,809,:805:809:934,----myelin-exec:_gemm_mha_v2
10397892288,10398041600,149312,0,149312,myelin-exec:__myl_FcAdd,648714,648714,2,0,935,809,:805:809:935,----myelin-exec:__myl_FcAdd
10398043232,10398057344,14112,0,14112,myelin-exec:__myl_MulMeaAddSqrDivMulMul,648714,648714,2,0,936,809,:805:809:936,----myelin-exec:__myl_MulMeaAddSqrDivMulMul
10398058688,10398062304,3616,0,3616,myelin-exec:__mye624569,648714,648714,2,0,937,809,:805:809:937,----myelin-exec:__mye624569
10398063616,10398104224,40608,0,40608,myelin-exec:/gate_proj_5/MatMul,648714,648714,2,0,938,809,:805:809:938,----myelin-exec:/gate_proj_5/MatMul
10398105600,10398108704,3104,0,3104,myelin-exec:__mye624571,648714,648714,2,0,939,809,:805:809:939,----myelin-exec:__mye624571
10398109728,10398150368,40640,0,40640,myelin-exec:/up_proj_5/MatMul,648714,648714,2,0,940,809,:805:809:940,----myelin-exec:/up_proj_5/MatMul
10398151456,10398154336,2880,0,2880,myelin-exec:__mye624573,648714,648714,2,0,941,809,:805:809:941,----myelin-exec:__mye624573
10398155072,10398158048,2976,0,2976,myelin-exec:__mye624575,648714,648714,2,0,942,809,:805:809:942,----myelin-exec:__mye624575
10398158816,10398173536,14720,0,14720,myelin-exec:__myl_NegExpAddDivMulMul,648714,648714,2,0,943,809,:805:809:943,----myelin-exec:__myl_NegExpAddDivMulMul
10398174592,10398316896,142304,0,142304,myelin-exec:__myl_FcAdd,648714,648714,2,0,944,809,:805:809:944,----myelin-exec:__myl_FcAdd
10398318880,10398333152,14272,0,14272,myelin-exec:__myl_MulMeaAddSqrDivMulMul,648714,648714,2,0,945,809,:805:809:945,----myelin-exec:__myl_MulMeaAddSqrDivMulMul
10398334368,10398375296,40928,0,40928,myelin-exec:/v_proj_6/MatMul+/k_proj_6/MatMul+/q_proj_6/MatMul,648714,648714,2,0,946,809,:805:809:946,----myelin-exec:/v_proj_6/MatMul+/k_proj_6/MatMul+/q_proj_6/MatMul
10398376800,10398381120,4320,0,4320,myelin-exec:__mye624577,648714,648714,2,0,947,809,:805:809:947,----myelin-exec:__mye624577
10398382208,10398397280,15072,0,15072,myelin-exec:__myl_ResTraResSliRepRes,648714,648714,2,0,948,809,:805:809:948,----myelin-exec:__myl_ResTraResSliRepRes
10398398496,10398401696,3200,0,3200,myelin-exec:__mye624579,648714,648714,2,0,949,809,:805:809:949,----myelin-exec:__mye624579
10398402592,10398425184,22592,0,22592,myelin-exec:__myl_ResMulMea,648714,648714,2,0,950,809,:805:809:950,----myelin-exec:__myl_ResMulMea
10398426944,10398441952,15008,0,15008,myelin-exec:__myl_AddSqrDivMulMulTraSliSliNegConMulMulAddResSliRepResTraRes,648714,648714,2,0,951,809,:805:809:951,----myelin-exec:__myl_AddSqrDivMulMulTraSliSliNegConMulMulAddResSliRepResTraRes
10398442976,10398446304,3328,0,3328,myelin-exec:__mye624581,648714,648714,2,0,952,809,:805:809:952,----myelin-exec:__mye624581
10398447360,10398460800,13440,0,13440,myelin-exec:__myl_ResMulMea,648714,648714,2,0,953,809,:805:809:953,----myelin-exec:__myl_ResMulMea
10398461600,10398473376,11776,0,11776,myelin-exec:__myl_AddSqrDivMulMulTraSliSliNegConMulMulAddRes,648714,648714,2,0,954,809,:805:809:954,----myelin-exec:__myl_AddSqrDivMulMulTraSliSliNegConMulMulAddRes
10398474432,10398477024,2592,0,2592,myelin-exec:__mye624583,648714,648714,2,0,955,809,:805:809:955,----myelin-exec:__mye624583
10398477824,10398489664,11840,0,11840,myelin-exec:_gemm_mha_v2,648714,648714,2,0,956,809,:805:809:956,----myelin-exec:_gemm_mha_v2
10398490656,10398643424,152768,0,152768,myelin-exec:__myl_FcAdd,648714,648714,2,0,957,809,:805:809:957,----myelin-exec:__myl_FcAdd
10398645152,10398659232,14080,0,14080,myelin-exec:__myl_MulMeaAddSqrDivMulMul,648714,648714,2,0,958,809,:805:809:958,----myelin-exec:__myl_MulMeaAddSqrDivMulMul
10398660576,10398664224,3648,0,3648,myelin-exec:__mye624585,648714,648714,2,0,959,809,:805:809:959,----myelin-exec:__mye624585
10398665024,10398706336,41312,0,41312,myelin-exec:/gate_proj_6/MatMul,648714,648714,2,0,960,809,:805:809:960,----myelin-exec:/gate_proj_6/MatMul
10398707776,10398711328,3552,0,3552,myelin-exec:__mye624587,648714,648714,2,0,961,809,:805:809:961,----myelin-exec:__mye624587
10398712192,10398750016,37824,0,37824,myelin-exec:/up_proj_6/MatMul,648714,648714,2,0,962,809,:805:809:962,----myelin-exec:/up_proj_6/MatMul
10398751552,10398754880,3328,0,3328,myelin-exec:__mye624589,648714,648714,2,0,963,809,:805:809:963,----myelin-exec:__mye624589
10398756192,10398759456,3264,0,3264,myelin-exec:__mye624591,648714,648714,2,0,964,809,:805:809:964,----myelin-exec:__mye624591
10398760128,10398775264,15136,0,15136,myelin-exec:__myl_NegExpAddDivMulMul,648714,648714,2,0,965,809,:805:809:965,----myelin-exec:__myl_NegExpAddDivMulMul
10398776928,10398916384,139456,0,139456,myelin-exec:__myl_FcAdd,648714,648714,2,0,966,809,:805:809:966,----myelin-exec:__myl_FcAdd
10398917920,10398932736,14816,0,14816,myelin-exec:__myl_MulMeaAddSqrDivMulMul,648714,648714,2,0,967,809,:805:809:967,----myelin-exec:__myl_MulMeaAddSqrDivMulMul
10398934080,10398972320,38240,0,38240,myelin-exec:/v_proj_7/MatMul+/k_proj_7/MatMul+/q_proj_7/MatMul,648714,648714,2,0,968,809,:805:809:968,----myelin-exec:/v_proj_7/MatMul+/k_proj_7/MatMul+/q_proj_7/MatMul
10398973600,10398977536,3936,0,3936,myelin-exec:__mye624593,648714,648714,2,0,969,809,:805:809:969,----myelin-exec:__mye624593
10398978560,10398993280,14720,0,14720,myelin-exec:__myl_ResTraResSliRepRes,648714,648714,2,0,970,809,:805:809:970,----myelin-exec:__myl_ResTraResSliRepRes
10398994304,10398997216,2912,0,2912,myelin-exec:__mye624595,648714,648714,2,0,971,809,:805:809:971,----myelin-exec:__mye624595
10398998272,10399012704,14432,0,14432,myelin-exec:__myl_ResMulMea,648714,648714,2,0,972,809,:805:809:972,----myelin-exec:__myl_ResMulMea
10399013952,10399035200,21248,0,21248,myelin-exec:__myl_AddSqrDivMulMulTraSliSliNegConMulMulAddResSliRepResTraRes,648714,648714,2,0,973,809,:805:809:973,----myelin-exec:__myl_AddSqrDivMulMulTraSliSliNegConMulMulAddResSliRepResTraRes
10399036576,10399039680,3104,0,3104,myelin-exec:__mye624597,648714,648714,2,0,974,809,:805:809:974,----myelin-exec:__mye624597
10399040576,10399054272,13696,0,13696,myelin-exec:__myl_ResMulMea,648714,648714,2,0,975,809,:805:809:975,----myelin-exec:__myl_ResMulMea
10399055456,10399067232,11776,0,11776,myelin-exec:__myl_AddSqrDivMulMulTraSliSliNegConMulMulAddRes,648714,648714,2,0,976,809,:805:809:976,----myelin-exec:__myl_AddSqrDivMulMulTraSliSliNegConMulMulAddRes
10399068832,10399071328,2496,0,2496,myelin-exec:__mye624599,648714,648714,2,0,977,809,:805:809:977,----myelin-exec:__mye624599
10399071648,10399083392,11744,0,11744,myelin-exec:_gemm_mha_v2,648714,648714,2,0,978,809,:805:809:978,----myelin-exec:_gemm_mha_v2
10399084704,10399236064,151360,0,151360,myelin-exec:__myl_FcAdd,648714,648714,2,0,979,809,:805:809:979,----myelin-exec:__myl_FcAdd
10399238048,10399252224,14176,0,14176,myelin-exec:__myl_MulMeaAddSqrDivMulMul,648714,648714,2,0,980,809,:805:809:980,----myelin-exec:__myl_MulMeaAddSqrDivMulMul
10399253600,10399257792,4192,0,4192,myelin-exec:__mye624601,648714,648714,2,0,981,809,:805:809:981,----myelin-exec:__mye624601
10399259136,10399298144,39008,0,39008,myelin-exec:/gate_proj_7/MatMul,648714,648714,2,0,982,809,:805:809:982,----myelin-exec:/gate_proj_7/MatMul
10399299520,10399302848,3328,0,3328,myelin-exec:__mye624603,648714,648714,2,0,983,809,:805:809:983,----myelin-exec:__mye624603
10399303584,10399339456,35872,0,35872,myelin-exec:/up_proj_7/MatMul,648714,648714,2,0,984,809,:805:809:984,----myelin-exec:/up_proj_7/MatMul
10399341152,10399344640,3488,0,3488,myelin-exec:__mye624605,648714,648714,2,0,985,809,:805:809:985,----myelin-exec:__mye624605
10399345568,10399348608,3040,0,3040,myelin-exec:__mye624607,648714,648714,2,0,986,809,:805:809:986,----myelin-exec:__mye624607
10399349792,10399363712,13920,0,13920,myelin-exec:__myl_NegExpAddDivMulMul,648714,648714,2,0,987,809,:805:809:987,----myelin-exec:__myl_NegExpAddDivMulMul
10399365184,10399511328,146144,0,146144,myelin-exec:__myl_FcAdd,648714,648714,2,0,988,809,:805:809:988,----myelin-exec:__myl_FcAdd
10399513216,10399528320,15104,0,15104,myelin-exec:__myl_MulMeaAddSqrDivMulMul,648714,648714,2,0,989,809,:805:809:989,----myelin-exec:__myl_MulMeaAddSqrDivMulMul
10399529952,10399568576,38624,0,38624,myelin-exec:/v_proj_8/MatMul+/k_proj_8/MatMul+/q_proj_8/MatMul,648714,648714,2,0,990,809,:805:809:990,----myelin-exec:/v_proj_8/MatMul+/k_proj_8/MatMul+/q_proj_8/MatMul
10399570208,10399574432,4224,0,4224,myelin-exec:__mye624609,648714,648714,2,0,991,809,:805:809:991,----myelin-exec:__mye624609
10399575552,10399590368,14816,0,14816,myelin-exec:__myl_ResTraResSliRepRes,648714,648714,2,0,992,809,:805:809:992,----myelin-exec:__myl_ResTraResSliRepRes
10399591776,10399595104,3328,0,3328,myelin-exec:__mye624611,648714,648714,2,0,993,809,:805:809:993,----myelin-exec:__mye624611
10399596160,10399610720,14560,0,14560,myelin-exec:__myl_ResMulMea,648714,648714,2,0,994,809,:805:809:994,----myelin-exec:__myl_ResMulMea
10399611872,10399631872,20000,0,20000,myelin-exec:__myl_AddSqrDivMulMulTraSliSliNegConMulMulAddResSliRepResTraRes,648714,648714,2,0,995,809,:805:809:995,----myelin-exec:__myl_AddSqrDivMulMulTraSliSliNegConMulMulAddResSliRepResTraRes
10399633248,10399636576,3328,0,3328,myelin-exec:__mye624613,648714,648714,2,0,996,809,:805:809:996,----myelin-exec:__mye624613
10399637504,10399651968,14464,0,14464,myelin-exec:__myl_ResMulMea,648714,648714,2,0,997,809,:805:809:997,----myelin-exec:__myl_ResMulMea
10399652992,10399664064,11072,0,11072,myelin-exec:__myl_AddSqrDivMulMulTraSliSliNegConMulMulAddRes,648714,648714,2,0,998,809,:805:809:998,----myelin-exec:__myl_AddSqrDivMulMulTraSliSliNegConMulMulAddRes
10399665344,10399667840,2496,0,2496,myelin-exec:__mye624615,648714,648714,2,0,999,809,:805:809:999,----myelin-exec:__mye624615
10399668416,10399680608,12192,0,12192,myelin-exec:_gemm_mha_v2,648714,648714,2,0,1000,809,:805:809:1000,----myelin-exec:_gemm_mha_v2
10399681920,10399844576,162656,0,162656,myelin-exec:__myl_FcAdd,648714,648714,2,0,1001,809,:805:809:1001,----myelin-exec:__myl_FcAdd
10399846464,10399862112,15648,0,15648,myelin-exec:__myl_MulMeaAddSqrDivMulMul,648714,648714,2,0,1002,809,:805:809:1002,----myelin-exec:__myl_MulMeaAddSqrDivMulMul
10399863680,10399868928,5248,0,5248,myelin-exec:__mye624617,648714,648714,2,0,1003,809,:805:809:1003,----myelin-exec:__mye624617
10399869632,10399910400,40768,0,40768,myelin-exec:/gate_proj_8/MatMul,648714,648714,2,0,1004,809,:805:809:1004,----myelin-exec:/gate_proj_8/MatMul
10399911840,10399915904,4064,0,4064,myelin-exec:__mye624619,648714,648714,2,0,1005,809,:805:809:1005,----myelin-exec:__mye624619
10399917056,10399954208,37152,0,37152,myelin-exec:/up_proj_8/MatMul,648714,648714,2,0,1006,809,:805:809:1006,----myelin-exec:/up_proj_8/MatMul
10399955424,10399959040,3616,0,3616,myelin-exec:__mye624621,648714,648714,2,0,1007,809,:805:809:1007,----myelin-exec:__mye624621
10399959744,10399963200,3456,0,3456,myelin-exec:__mye624623,648714,648714,2,0,1008,809,:805:809:1008,----myelin-exec:__mye624623
10399964224,10399980064,15840,0,15840,myelin-exec:__myl_NegExpAddDivMulMul,648714,648714,2,0,1009,809,:805:809:1009,----myelin-exec:__myl_NegExpAddDivMulMul
10399981120,10400127296,146176,0,146176,myelin-exec:__myl_FcAdd,648714,648714,2,0,1010,809,:805:809:1010,----myelin-exec:__myl_FcAdd
10400128896,10400143456,14560,0,14560,myelin-exec:__myl_MulMeaAddSqrDivMulMul,648714,648714,2,0,1011,809,:805:809:1011,----myelin-exec:__myl_MulMeaAddSqrDivMulMul
10400144800,10400184480,39680,0,39680,myelin-exec:/v_proj_9/MatMul+/k_proj_9/MatMul+/q_proj_9/MatMul,648714,648714,2,0,1012,809,:805:809:1012,----myelin-exec:/v_proj_9/MatMul+/k_proj_9/MatMul+/q_proj_9/MatMul
10400185856,10400190656,4800,0,4800,myelin-exec:__mye624625,648714,648714,2,0,1013,809,:805:809:1013,----myelin-exec:__mye624625
10400191968,10400206912,14944,0,14944,myelin-exec:__myl_ResTraResSliRepRes,648714,648714,2,0,1014,809,:805:809:1014,----myelin-exec:__myl_ResTraResSliRepRes
10400208064,10400211232,3168,0,3168,myelin-exec:__mye624627,648714,648714,2,0,1015,809,:805:809:1015,----myelin-exec:__mye624627
10400212000,10400227552,15552,0,15552,myelin-exec:__myl_ResMulMea,648714,648714,2,0,1016,809,:805:809:1016,----myelin-exec:__myl_ResMulMea
10400228960,10400243552,14592,0,14592,myelin-exec:__myl_AddSqrDivMulMulTraSliSliNegConMulMulAddResSliRepResTraRes,648714,648714,2,0,1017,809,:805:809:1017,----myelin-exec:__myl_AddSqrDivMulMulTraSliSliNegConMulMulAddResSliRepResTraRes
10400244832,10400247904,3072,0,3072,myelin-exec:__mye624629,648714,648714,2,0,1018,809,:805:809:1018,----myelin-exec:__mye624629
10400248736,10400262368,13632,0,13632,myelin-exec:__myl_ResMulMea,648714,648714,2,0,1019,809,:805:809:1019,----myelin-exec:__myl_ResMulMea
10400263712,10400275264,11552,0,11552,myelin-exec:__myl_AddSqrDivMulMulTraSliSliNegConMulMulAddRes,648714,648714,2,0,1020,809,:805:809:1020,----myelin-exec:__myl_AddSqrDivMulMulTraSliSliNegConMulMulAddRes
10400276352,10400279104,2752,0,2752,myelin-exec:__mye624631,648714,648714,2,0,1021,809,:805:809:1021,----myelin-exec:__mye624631
10400280032,10400291776,11744,0,11744,myelin-exec:_gemm_mha_v2,648714,648714,2,0,1022,809,:805:809:1022,----myelin-exec:_gemm_mha_v2
10400292896,10400438304,145408,0,145408,myelin-exec:__myl_FcAdd,648714,648714,2,0,1023,809,:805:809:1023,----myelin-exec:__myl_FcAdd
10400440000,10400455680,15680,0,15680,myelin-exec:__myl_MulMeaAddSqrDivMulMul,648714,648714,2,0,1024,809,:805:809:1024,----myelin-exec:__myl_MulMeaAddSqrDivMulMul
10400457024,10400460832,3808,0,3808,myelin-exec:__mye624633,648714,648714,2,0,1025,809,:805:809:1025,----myelin-exec:__mye624633
10400462112,10400503424,41312,0,41312,myelin-exec:/gate_proj_9/MatMul,648714,648714,2,0,1026,809,:805:809:1026,----myelin-exec:/gate_proj_9/MatMul
10400504928,10400508128,3200,0,3200,myelin-exec:__mye624635,648714,648714,2,0,1027,809,:805:809:1027,----myelin-exec:__mye624635
10400509248,10400553568,44320,0,44320,myelin-exec:/up_proj_9/MatMul,648714,648714,2,0,1028,809,:805:809:1028,----myelin-exec:/up_proj_9/MatMul
10400554944,10400558464,3520,0,3520,myelin-exec:__mye624637,648714,648714,2,0,1029,809,:805:809:1029,----myelin-exec:__mye624637
10400559808,10400562624,2816,0,2816,myelin-exec:__mye624639,648714,648714,2,0,1030,809,:805:809:1030,----myelin-exec:__mye624639
10400563456,10400580032,16576,0,16576,myelin-exec:__myl_NegExpAddDivMulMul,648714,648714,2,0,1031,809,:805:809:1031,----myelin-exec:__myl_NegExpAddDivMulMul
10400581184,10400729504,148320,0,148320,myelin-exec:__myl_FcAdd,648714,648714,2,0,1032,809,:805:809:1032,----myelin-exec:__myl_FcAdd
10400731072,10400746720,15648,0,15648,myelin-exec:__myl_MulMeaAddSqrDivMulMul,648714,648714,2,0,1033,809,:805:809:1033,----myelin-exec:__myl_MulMeaAddSqrDivMulMul
10400748032,10400786656,38624,0,38624,myelin-exec:/v_proj_10/MatMul+/k_proj_10/MatMul+/q_proj_10/MatMul,648714,648714,2,0,1034,809,:805:809:1034,----myelin-exec:/v_proj_10/MatMul+/k_proj_10/MatMul+/q_proj_10/MatMul
10400787712,10400792032,4320,0,4320,myelin-exec:__mye624641,648714,648714,2,0,1035,809,:805:809:1035,----myelin-exec:__mye624641
10400792736,10400807456,14720,0,14720,myelin-exec:__myl_ResTraResSliRepRes,648714,648714,2,0,1036,809,:805:809:1036,----myelin-exec:__myl_ResTraResSliRepRes
10400808416,10400811488,3072,0,3072,myelin-exec:__mye624643,648714,648714,2,0,1037,809,:805:809:1037,----myelin-exec:__mye624643
10400812160,10400827072,14912,0,14912,myelin-exec:__myl_ResMulMea,648714,648714,2,0,1038,809,:805:809:1038,----myelin-exec:__myl_ResMulMea
10400828256,10400841632,13376,0,13376,myelin-exec:__myl_AddSqrDivMulMulTraSliSliNegConMulMulAddResSliRepResTraRes,648714,648714,2,0,1039,809,:805:809:1039,----myelin-exec:__myl_AddSqrDivMulMulTraSliSliNegConMulMulAddResSliRepResTraRes
10400842624,10400845760,3136,0,3136,myelin-exec:__mye624645,648714,648714,2,0,1040,809,:805:809:1040,----myelin-exec:__mye624645
10400846368,10400858720,12352,0,12352,myelin-exec:__myl_ResMulMea,648714,648714,2,0,1041,809,:805:809:1041,----myelin-exec:__myl_ResMulMea
10400860256,10400871712,11456,0,11456,myelin-exec:__myl_AddSqrDivMulMulTraSliSliNegConMulMulAddRes,648714,648714,2,0,1042,809,:805:809:1042,----myelin-exec:__myl_AddSqrDivMulMulTraSliSliNegConMulMulAddRes
10400872864,10400875456,2592,0,2592,myelin-exec:__mye624647,648714,648714,2,0,1043,809,:805:809:1043,----myelin-exec:__mye624647
10400876352,10400887552,11200,0,11200,myelin-exec:_gemm_mha_v2,648714,648714,2,0,1044,809,:805:809:1044,----myelin-exec:_gemm_mha_v2
10400888416,10401063648,175232,0,175232,myelin-exec:__myl_FcAdd,648714,648714,2,0,1045,809,:805:809:1045,----myelin-exec:__myl_FcAdd
10401065600,10401086304,20704,0,20704,myelin-exec:__myl_MulMeaAddSqrDivMulMul,648714,648714,2,0,1046,809,:805:809:1046,----myelin-exec:__myl_MulMeaAddSqrDivMulMul
10401087744,10401093056,5312,0,5312,myelin-exec:__mye624649,648714,648714,2,0,1047,809,:805:809:1047,----myelin-exec:__mye624649
10401093664,10401148544,54880,0,54880,myelin-exec:/gate_proj_10/MatMul,648714,648714,2,0,1048,809,:805:809:1048,----myelin-exec:/gate_proj_10/MatMul
10401150304,10401154880,4576,0,4576,myelin-exec:__mye624651,648714,648714,2,0,1049,809,:805:809:1049,----myelin-exec:__mye624651
10401155680,10401198624,42944,0,42944,myelin-exec:/up_proj_10/MatMul,648714,648714,2,0,1050,809,:805:809:1050,----myelin-exec:/up_proj_10/MatMul
10401200096,10401204320,4224,0,4224,myelin-exec:__mye624653,648714,648714,2,0,1051,809,:805:809:1051,----myelin-exec:__mye624653
10401205216,10401208640,3424,0,3424,myelin-exec:__mye624655,648714,648714,2,0,1052,809,:805:809:1052,----myelin-exec:__mye624655
10401209120,10401228480,19360,0,19360,myelin-exec:__myl_NegExpAddDivMulMul,648714,648714,2,0,1053,809,:805:809:1053,----myelin-exec:__myl_NegExpAddDivMulMul
10401229696,10401377344,147648,0,147648,myelin-exec:__myl_FcAdd,648714,648714,2,0,1054,809,:805:809:1054,----myelin-exec:__myl_FcAdd
10401378912,10401395008,16096,0,16096,myelin-exec:__myl_MulMeaAddSqrDivMulMul,648714,648714,2,0,1055,809,:805:809:1055,----myelin-exec:__myl_MulMeaAddSqrDivMulMul
10401395968,10401435040,39072,0,39072,myelin-exec:/v_proj_11/MatMul+/k_proj_11/MatMul+/q_proj_11/MatMul,648714,648714,2,0,1056,809,:805:809:1056,----myelin-exec:/v_proj_11/MatMul+/k_proj_11/MatMul+/q_proj_11/MatMul
10401436640,10401440864,4224,0,4224,myelin-exec:__mye624657,648714,648714,2,0,1057,809,:805:809:1057,----myelin-exec:__mye624657
10401441600,10401455904,14304,0,14304,myelin-exec:__myl_ResTraResSliRepRes,648714,648714,2,0,1058,809,:805:809:1058,----myelin-exec:__myl_ResTraResSliRepRes
10401456768,10401460000,3232,0,3232,myelin-exec:__mye624659,648714,648714,2,0,1059,809,:805:809:1059,----myelin-exec:__mye624659
10401460672,10401485024,24352,0,24352,myelin-exec:__myl_ResMulMea,648714,648714,2,0,1060,809,:805:809:1060,----myelin-exec:__myl_ResMulMea
10401486016,10401503200,17184,0,17184,myelin-exec:__myl_AddSqrDivMulMulTraSliSliNegConMulMulAddResSliRepResTraRes,648714,648714,2,0,1061,809,:805:809:1061,----myelin-exec:__myl_AddSqrDivMulMulTraSliSliNegConMulMulAddResSliRepResTraRes
10401504256,10401507392,3136,0,3136,myelin-exec:__mye624661,648714,648714,2,0,1062,809,:805:809:1062,----myelin-exec:__mye624661
10401508032,10401522336,14304,0,14304,myelin-exec:__myl_ResMulMea,648714,648714,2,0,1063,809,:805:809:1063,----myelin-exec:__myl_ResMulMea
10401523424,10401536192,12768,0,12768,myelin-exec:__myl_AddSqrDivMulMulTraSliSliNegConMulMulAddRes,648714,648714,2,0,1064,809,:805:809:1064,----myelin-exec:__myl_AddSqrDivMulMulTraSliSliNegConMulMulAddRes
10401537248,10401540320,3072,0,3072,myelin-exec:__mye624663,648714,648714,2,0,1065,809,:805:809:1065,----myelin-exec:__mye624663
10401540768,10401553280,12512,0,12512,myelin-exec:_gemm_mha_v2,648714,648714,2,0,1066,809,:805:809:1066,----myelin-exec:_gemm_mha_v2
10401554336,10401710496,156160,0,156160,myelin-exec:__myl_FcAdd,648714,648714,2,0,1067,809,:805:809:1067,----myelin-exec:__myl_FcAdd
10401712320,10401728544,16224,0,16224,myelin-exec:__myl_MulMeaAddSqrDivMulMul,648714,648714,2,0,1068,809,:805:809:1068,----myelin-exec:__myl_MulMeaAddSqrDivMulMul
10401729344,10401732832,3488,0,3488,myelin-exec:__mye624665,648714,648714,2,0,1069,809,:805:809:1069,----myelin-exec:__mye624665
10401733504,10401775392,41888,0,41888,myelin-exec:/gate_proj_11/MatMul,648714,648714,2,0,1070,809,:805:809:1070,----myelin-exec:/gate_proj_11/MatMul
10401776608,10401780096,3488,0,3488,myelin-exec:__mye624667,648714,648714,2,0,1071,809,:805:809:1071,----myelin-exec:__mye624667
10401781216,10401823744,42528,0,42528,myelin-exec:/up_proj_11/MatMul,648714,648714,2,0,1072,809,:805:809:1072,----myelin-exec:/up_proj_11/MatMul
10401825216,10401828928,3712,0,3712,myelin-exec:__mye624669,648714,648714,2,0,1073,809,:805:809:1073,----myelin-exec:__mye624669
10401829952,10401832928,2976,0,2976,myelin-exec:__mye624671,648714,648714,2,0,1074,809,:805:809:1074,----myelin-exec:__mye624671
10401833696,10401849472,15776,0,15776,myelin-exec:__myl_NegExpAddDivMulMul,648714,648714,2,0,1075,809,:805:809:1075,----myelin-exec:__myl_NegExpAddDivMulMul
10401850784,10401992992,142208,0,142208,myelin-exec:__myl_FcAdd,648714,648714,2,0,1076,809,:805:809:1076,----myelin-exec:__myl_FcAdd
10401994336,10402010048,15712,0,15712,myelin-exec:__myl_MulMeaAddSqrDivMulMul,648714,648714,2,0,1077,809,:805:809:1077,----myelin-exec:__myl_MulMeaAddSqrDivMulMul
10402011488,10402051232,39744,0,39744,myelin-exec:/v_proj_12/MatMul+/k_proj_12/MatMul+/q_proj_12/MatMul,648714,648714,2,0,1078,809,:805:809:1078,----myelin-exec:/v_proj_12/MatMul+/k_proj_12/MatMul+/q_proj_12/MatMul
10402052576,10402057088,4512,0,4512,myelin-exec:__mye624673,648714,648714,2,0,1079,809,:805:809:1079,----myelin-exec:__mye624673
10402057856,10402074144,16288,0,16288,myelin-exec:__myl_ResTraResSliRepRes,648714,648714,2,0,1080,809,:805:809:1080,----myelin-exec:__myl_ResTraResSliRepRes
10402075392,10402078528,3136,0,3136,myelin-exec:__mye624675,648714,648714,2,0,1081,809,:805:809:1081,----myelin-exec:__mye624675
10402079200,10402101184,21984,0,21984,myelin-exec:__myl_ResMulMea,648714,648714,2,0,1082,809,:805:809:1082,----myelin-exec:__myl_ResMulMea
10402102688,10402118080,15392,0,15392,myelin-exec:__myl_AddSqrDivMulMulTraSliSliNegConMulMulAddResSliRepResTraRes,648714,648714,2,0,1083,809,:805:809:1083,----myelin-exec:__myl_AddSqrDivMulMulTraSliSliNegConMulMulAddResSliRepResTraRes
10402119488,10402122496,3008,0,3008,myelin-exec:__mye624677,648714,648714,2,0,1084,809,:805:809:1084,----myelin-exec:__mye624677
10402123232,10402136480,13248,0,13248,myelin-exec:__myl_ResMulMea,648714,648714,2,0,1085,809,:805:809:1085,----myelin-exec:__myl_ResMulMea
10402137600,10402149312,11712,0,11712,myelin-exec:__myl_AddSqrDivMulMulTraSliSliNegConMulMulAddRes,648714,648714,2,0,1086,809,:805:809:1086,----myelin-exec:__myl_AddSqrDivMulMulTraSliSliNegConMulMulAddRes
10402150368,10402153088,2720,0,2720,myelin-exec:__mye624679,648714,648714,2,0,1087,809,:805:809:1087,----myelin-exec:__mye624679
10402153504,10402164928,11424,0,11424,myelin-exec:_gemm_mha_v2,648714,648714,2,0,1088,809,:805:809:1088,----myelin-exec:_gemm_mha_v2
10402166240,10402321120,154880,0,154880,myelin-exec:__myl_FcAdd,648714,648714,2,0,1089,809,:805:809:1089,----myelin-exec:__myl_FcAdd
10402323104,10402338240,15136,0,15136,myelin-exec:__myl_MulMeaAddSqrDivMulMul,648714,648714,2,0,1090,809,:805:809:1090,----myelin-exec:__myl_MulMeaAddSqrDivMulMul
10402340128,10402343680,3552,0,3552,myelin-exec:__mye624681,648714,648714,2,0,1091,809,:805:809:1091,----myelin-exec:__mye624681
10402344896,10402386656,41760,0,41760,myelin-exec:/gate_proj_12/MatMul,648714,648714,2,0,1092,809,:805:809:1092,----myelin-exec:/gate_proj_12/MatMul
10402387840,10402391232,3392,0,3392,myelin-exec:__mye624683,648714,648714,2,0,1093,809,:805:809:1093,----myelin-exec:__mye624683
10402392768,10402433632,40864,0,40864,myelin-exec:/up_proj_12/MatMul,648714,648714,2,0,1094,809,:805:809:1094,----myelin-exec:/up_proj_12/MatMul
10402435008,10402438368,3360,0,3360,myelin-exec:__mye624685,648714,648714,2,0,1095,809,:805:809:1095,----myelin-exec:__mye624685
10402439584,10402442496,2912,0,2912,myelin-exec:__mye624687,648714,648714,2,0,1096,809,:805:809:1096,----myelin-exec:__mye624687
10402443840,10402458880,15040,0,15040,myelin-exec:__myl_NegExpAddDivMulMul,648714,648714,2,0,1097,809,:805:809:1097,----myelin-exec:__myl_NegExpAddDivMulMul
10402460640,10402608672,148032,0,148032,myelin-exec:__myl_FcAdd,648714,648714,2,0,1098,809,:805:809:1098,----myelin-exec:__myl_FcAdd
10402610592,10402627040,16448,0,16448,myelin-exec:__myl_MulMeaAddSqrDivMulMul,648714,648714,2,0,1099,809,:805:809:1099,----myelin-exec:__myl_MulMeaAddSqrDivMulMul
10402628832,10402669120,40288,0,40288,myelin-exec:/v_proj_13/MatMul+/k_proj_13/MatMul+/q_proj_13/MatMul,648714,648714,2,0,1100,809,:805:809:1100,----myelin-exec:/v_proj_13/MatMul+/k_proj_13/MatMul+/q_proj_13/MatMul
10402670336,10402674368,4032,0,4032,myelin-exec:__mye624689,648714,648714,2,0,1101,809,:805:809:1101,----myelin-exec:__mye624689
10402675456,10402690912,15456,0,15456,myelin-exec:__myl_ResTraResSliRepRes,648714,648714,2,0,1102,809,:805:809:1102,----myelin-exec:__myl_ResTraResSliRepRes
10402692224,10402695520,3296,0,3296,myelin-exec:__mye624691,648714,648714,2,0,1103,809,:805:809:1103,----myelin-exec:__mye624691
10402696480,10402711456,14976,0,14976,myelin-exec:__myl_ResMulMea,648714,648714,2,0,1104,809,:805:809:1104,----myelin-exec:__myl_ResMulMea
10402712672,10402734304,21632,0,21632,myelin-exec:__myl_AddSqrDivMulMulTraSliSliNegConMulMulAddResSliRepResTraRes,648714,648714,2,0,1105,809,:805:809:1105,----myelin-exec:__myl_AddSqrDivMulMulTraSliSliNegConMulMulAddResSliRepResTraRes
10402735840,10402739360,3520,0,3520,myelin-exec:__mye624693,648714,648714,2,0,1106,809,:805:809:1106,----myelin-exec:__mye624693
10402740224,10402754848,14624,0,14624,myelin-exec:__myl_ResMulMea,648714,648714,2,0,1107,809,:805:809:1107,----myelin-exec:__myl_ResMulMea
10402756352,10402768416,12064,0,12064,myelin-exec:__myl_AddSqrDivMulMulTraSliSliNegConMulMulAddRes,648714,648714,2,0,1108,809,:805:809:1108,----myelin-exec:__myl_AddSqrDivMulMulTraSliSliNegConMulMulAddRes
10402769440,10402772000,2560,0,2560,myelin-exec:__mye624695,648714,648714,2,0,1109,809,:805:809:1109,----myelin-exec:__mye624695
10402773280,10402784896,11616,0,11616,myelin-exec:_gemm_mha_v2,648714,648714,2,0,1110,809,:805:809:1110,----myelin-exec:_gemm_mha_v2
10402786048,10402935104,149056,0,149056,myelin-exec:__myl_FcAdd,648714,648714,2,0,1111,809,:805:809:1111,----myelin-exec:__myl_FcAdd
10402936928,10402952128,15200,0,15200,myelin-exec:__myl_MulMeaAddSqrDivMulMul,648714,648714,2,0,1112,809,:805:809:1112,----myelin-exec:__myl_MulMeaAddSqrDivMulMul
10402953824,10402957568,3744,0,3744,myelin-exec:__mye624697,648714,648714,2,0,1113,809,:805:809:1113,----myelin-exec:__mye624697
10402958592,10403001312,42720,0,42720,myelin-exec:/gate_proj_13/MatMul,648714,648714,2,0,1114,809,:805:809:1114,----myelin-exec:/gate_proj_13/MatMul
10403003232,10403006944,3712,0,3712,myelin-exec:__mye624699,648714,648714,2,0,1115,809,:805:809:1115,----myelin-exec:__mye624699
10403007840,10403046304,38464,0,38464,myelin-exec:/up_proj_13/MatMul,648714,648714,2,0,1116,809,:805:809:1116,----myelin-exec:/up_proj_13/MatMul
10403047872,10403051072,3200,0,3200,myelin-exec:__mye624701,648714,648714,2,0,1117,809,:805:809:1117,----myelin-exec:__mye624701
10403051808,10403055264,3456,0,3456,myelin-exec:__mye624703,648714,648714,2,0,1118,809,:805:809:1118,----myelin-exec:__mye624703
10403056384,10403071744,15360,0,15360,myelin-exec:__myl_NegExpAddDivMulMul,648714,648714,2,0,1119,809,:805:809:1119,----myelin-exec:__myl_NegExpAddDivMulMul
10403072896,10403225984,153088,0,153088,myelin-exec:__myl_FcAdd,648714,648714,2,0,1120,809,:805:809:1120,----myelin-exec:__myl_FcAdd
10403227808,10403246208,18400,0,18400,myelin-exec:__myl_MulMeaAddSqrDivMulMul,648714,648714,2,0,1121,809,:805:809:1121,----myelin-exec:__myl_MulMeaAddSqrDivMulMul
10403247680,10403291232,43552,0,43552,myelin-exec:/v_proj_14/MatMul+/k_proj_14/MatMul+/q_proj_14/MatMul,648714,648714,2,0,1122,809,:805:809:1122,----myelin-exec:/v_proj_14/MatMul+/k_proj_14/MatMul+/q_proj_14/MatMul
10403292672,10403298144,5472,0,5472,myelin-exec:__mye624705,648714,648714,2,0,1123,809,:805:809:1123,----myelin-exec:__mye624705
10403299424,10403316352,16928,0,16928,myelin-exec:__myl_ResTraResSliRepRes,648714,648714,2,0,1124,809,:805:809:1124,----myelin-exec:__myl_ResTraResSliRepRes
10403317504,10403321248,3744,0,3744,myelin-exec:__mye624707,648714,648714,2,0,1125,809,:805:809:1125,----myelin-exec:__mye624707
10403322496,10403339520,17024,0,17024,myelin-exec:__myl_ResMulMea,648714,648714,2,0,1126,809,:805:809:1126,----myelin-exec:__myl_ResMulMea
10403340704,10403354752,14048,0,14048,myelin-exec:__myl_AddSqrDivMulMulTraSliSliNegConMulMulAddResSliRepResTraRes,648714,648714,2,0,1127,809,:805:809:1127,----myelin-exec:__myl_AddSqrDivMulMulTraSliSliNegConMulMulAddResSliRepResTraRes
10403356256,10403359424,3168,0,3168,myelin-exec:__mye624709,648714,648714,2,0,1128,809,:805:809:1128,----myelin-exec:__mye624709
10403360512,10403374176,13664,0,13664,myelin-exec:__myl_ResMulMea,648714,648714,2,0,1129,809,:805:809:1129,----myelin-exec:__myl_ResMulMea
10403375488,10403386912,11424,0,11424,myelin-exec:__myl_AddSqrDivMulMulTraSliSliNegConMulMulAddRes,648714,648714,2,0,1130,809,:805:809:1130,----myelin-exec:__myl_AddSqrDivMulMulTraSliSliNegConMulMulAddRes
10403388032,10403390752,2720,0,2720,myelin-exec:__mye624711,648714,648714,2,0,1131,809,:805:809:1131,----myelin-exec:__mye624711
10403391872,10403404128,12256,0,12256,myelin-exec:_gemm_mha_v2,648714,648714,2,0,1132,809,:805:809:1132,----myelin-exec:_gemm_mha_v2
10403405216,10403559744,154528,0,154528,myelin-exec:__myl_FcAdd,648714,648714,2,0,1133,809,:805:809:1133,----myelin-exec:__myl_FcAdd
10403561408,10403578336,16928,0,16928,myelin-exec:__myl_MulMeaAddSqrDivMulMul,648714,648714,2,0,1134,809,:805:809:1134,----myelin-exec:__myl_MulMeaAddSqrDivMulMul
10403579616,10403583488,3872,0,3872,myelin-exec:__mye624713,648714,648714,2,0,1135,809,:805:809:1135,----myelin-exec:__mye624713
10403584416,10403631808,47392,0,47392,myelin-exec:/gate_proj_14/MatMul,648714,648714,2,0,1136,809,:805:809:1136,----myelin-exec:/gate_proj_14/MatMul
10403633184,10403636800,3616,0,3616,myelin-exec:__mye624715,648714,648714,2,0,1137,809,:805:809:1137,----myelin-exec:__mye624715
10403637920,10403694144,56224,0,56224,myelin-exec:/up_proj_14/MatMul,648714,648714,2,0,1138,809,:805:809:1138,----myelin-exec:/up_proj_14/MatMul
10403695616,10403700000,4384,0,4384,myelin-exec:__mye624717,648714,648714,2,0,1139,809,:805:809:1139,----myelin-exec:__mye624717
10403700864,10403704608,3744,0,3744,myelin-exec:__mye624719,648714,648714,2,0,1140,809,:805:809:1140,----myelin-exec:__mye624719
10403705344,10403725664,20320,0,20320,myelin-exec:__myl_NegExpAddDivMulMul,648714,648714,2,0,1141,809,:805:809:1141,----myelin-exec:__myl_NegExpAddDivMulMul
10403727200,10403880864,153664,0,153664,myelin-exec:__myl_FcAdd,648714,648714,2,0,1142,809,:805:809:1142,----myelin-exec:__myl_FcAdd
10403882272,10403899328,17056,0,17056,myelin-exec:__myl_MulMeaAddSqrDivMulMul,648714,648714,2,0,1143,809,:805:809:1143,----myelin-exec:__myl_MulMeaAddSqrDivMulMul
10403900288,10403943136,42848,0,42848,myelin-exec:/v_proj_15/MatMul+/k_proj_15/MatMul+/q_proj_15/MatMul,648714,648714,2,0,1144,809,:805:809:1144,----myelin-exec:/v_proj_15/MatMul+/k_proj_15/MatMul+/q_proj_15/MatMul
10403944608,10403949056,4448,0,4448,myelin-exec:__mye624721,648714,648714,2,0,1145,809,:805:809:1145,----myelin-exec:__mye624721
10403950048,10403967136,17088,0,17088,myelin-exec:__myl_ResTraResSliRepRes,648714,648714,2,0,1146,809,:805:809:1146,----myelin-exec:__myl_ResTraResSliRepRes
10403968352,10403972032,3680,0,3680,myelin-exec:__mye624723,648714,648714,2,0,1147,809,:805:809:1147,----myelin-exec:__mye624723
10403973024,10403988544,15520,0,15520,myelin-exec:__myl_ResMulMea,648714,648714,2,0,1148,809,:805:809:1148,----myelin-exec:__myl_ResMulMea
10403989600,10404003680,14080,0,14080,myelin-exec:__myl_AddSqrDivMulMulTraSliSliNegConMulMulAddResSliRepResTraRes,648714,648714,2,0,1149,809,:805:809:1149,----myelin-exec:__myl_AddSqrDivMulMulTraSliSliNegConMulMulAddResSliRepResTraRes
10404004960,10404008064,3104,0,3104,myelin-exec:__mye624725,648714,648714,2,0,1150,809,:805:809:1150,----myelin-exec:__mye624725
10404009024,10404022080,13056,0,13056,myelin-exec:__myl_ResMulMea,648714,648714,2,0,1151,809,:805:809:1151,----myelin-exec:__myl_ResMulMea
10404023136,10404035104,11968,0,11968,myelin-exec:__myl_AddSqrDivMulMulTraSliSliNegConMulMulAddRes,648714,648714,2,0,1152,809,:805:809:1152,----myelin-exec:__myl_AddSqrDivMulMulTraSliSliNegConMulMulAddRes
10404036160,10404039040,2880,0,2880,myelin-exec:__mye624727,648714,648714,2,0,1153,809,:805:809:1153,----myelin-exec:__mye624727
10404039680,10404052160,12480,0,12480,myelin-exec:_gemm_mha_v2,648714,648714,2,0,1154,809,:805:809:1154,----myelin-exec:_gemm_mha_v2
10404053312,10404198336,145024,0,145024,myelin-exec:__myl_FcAdd,648714,648714,2,0,1155,809,:805:809:1155,----myelin-exec:__myl_FcAdd
10404200128,10404216096,15968,0,15968,myelin-exec:__myl_MulMeaAddSqrDivMulMul,648714,648714,2,0,1156,809,:805:809:1156,----myelin-exec:__myl_MulMeaAddSqrDivMulMul
10404217216,10404220896,3680,0,3680,myelin-exec:__mye624729,648714,648714,2,0,1157,809,:805:809:1157,----myelin-exec:__mye624729
10404221920,10404263072,41152,0,41152,myelin-exec:/gate_proj_15/MatMul,648714,648714,2,0,1158,809,:805:809:1158,----myelin-exec:/gate_proj_15/MatMul
10404264608,10404268256,3648,0,3648,myelin-exec:__mye624731,648714,648714,2,0,1159,809,:805:809:1159,----myelin-exec:__mye624731
10404268832,10404323072,54240,0,54240,myelin-exec:/up_proj_15/MatMul,648714,648714,2,0,1160,809,:805:809:1160,----myelin-exec:/up_proj_15/MatMul
10404324608,10404328448,3840,0,3840,myelin-exec:__mye624733,648714,648714,2,0,1161,809,:805:809:1161,----myelin-exec:__mye624733
10404329472,10404332896,3424,0,3424,myelin-exec:__mye624735,648714,648714,2,0,1162,809,:805:809:1162,----myelin-exec:__mye624735
10404333920,10404352064,18144,0,18144,myelin-exec:__myl_NegExpAddDivMulMul,648714,648714,2,0,1163,809,:805:809:1163,----myelin-exec:__myl_NegExpAddDivMulMul
10404353312,10404503648,150336,0,150336,myelin-exec:__myl_FcAdd,648714,648714,2,0,1164,809,:805:809:1164,----myelin-exec:__myl_FcAdd
10404504864,10404520640,15776,0,15776,myelin-exec:__myl_MulMeaAddSqrDivMulMul,648714,648714,2,0,1165,809,:805:809:1165,----myelin-exec:__myl_MulMeaAddSqrDivMulMul
10404522016,10404562752,40736,0,40736,myelin-exec:/v_proj_16/MatMul+/k_proj_16/MatMul+/q_proj_16/MatMul,648714,648714,2,0,1166,809,:805:809:1166,----myelin-exec:/v_proj_16/MatMul+/k_proj_16/MatMul+/q_proj_16/MatMul
10404564160,10404568416,4256,0,4256,myelin-exec:__mye624737,648714,648714,2,0,1167,809,:805:809:1167,----myelin-exec:__mye624737
10404569504,10404585088,15584,0,15584,myelin-exec:__myl_ResTraResSliRepRes,648714,648714,2,0,1168,809,:805:809:1168,----myelin-exec:__myl_ResTraResSliRepRes
10404586368,10404589472,3104,0,3104,myelin-exec:__mye624739,648714,648714,2,0,1169,809,:805:809:1169,----myelin-exec:__mye624739
10404590624,10404606112,15488,0,15488,myelin-exec:__myl_ResMulMea,648714,648714,2,0,1170,809,:805:809:1170,----myelin-exec:__myl_ResMulMea
10404607072,10404621472,14400,0,14400,myelin-exec:__myl_AddSqrDivMulMulTraSliSliNegConMulMulAddResSliRepResTraRes,648714,648714,2,0,1171,809,:805:809:1171,----myelin-exec:__myl_AddSqrDivMulMulTraSliSliNegConMulMulAddResSliRepResTraRes
10404622880,10404626176,3296,0,3296,myelin-exec:__mye624741,648714,648714,2,0,1172,809,:805:809:1172,----myelin-exec:__mye624741
10404627008,10404640416,13408,0,13408,myelin-exec:__myl_ResMulMea,648714,648714,2,0,1173,809,:805:809:1173,----myelin-exec:__myl_ResMulMea
10404641568,10404653536,11968,0,11968,myelin-exec:__myl_AddSqrDivMulMulTraSliSliNegConMulMulAddRes,648714,648714,2,0,1174,809,:805:809:1174,----myelin-exec:__myl_AddSqrDivMulMulTraSliSliNegConMulMulAddRes
10404654432,10404657344,2912,0,2912,myelin-exec:__mye624743,648714,648714,2,0,1175,809,:805:809:1175,----myelin-exec:__mye624743
10404658208,10404670304,12096,0,12096,myelin-exec:_gemm_mha_v2,648714,648714,2,0,1176,809,:805:809:1176,----myelin-exec:_gemm_mha_v2
10404671552,10404826880,155328,0,155328,myelin-exec:__myl_FcAdd,648714,648714,2,0,1177,809,:805:809:1177,----myelin-exec:__myl_FcAdd
10404828736,10404847424,18688,0,18688,myelin-exec:__myl_MulMeaAddSqrDivMulMul,648714,648714,2,0,1178,809,:805:809:1178,----myelin-exec:__myl_MulMeaAddSqrDivMulMul
10404848960,10404853312,4352,0,4352,myelin-exec:__mye624745,648714,648714,2,0,1179,809,:805:809:1179,----myelin-exec:__mye624745
10404854752,10404897472,42720,0,42720,myelin-exec:/gate_proj_16/MatMul,648714,648714,2,0,1180,809,:805:809:1180,----myelin-exec:/gate_proj_16/MatMul
10404898912,10404902272,3360,0,3360,myelin-exec:__mye624747,648714,648714,2,0,1181,809,:805:809:1181,----myelin-exec:__mye624747
10404903584,10404946592,43008,0,43008,myelin-exec:/up_proj_16/MatMul,648714,648714,2,0,1182,809,:805:809:1182,----myelin-exec:/up_proj_16/MatMul
10404948000,10404951200,3200,0,3200,myelin-exec:__mye624749,648714,648714,2,0,1183,809,:805:809:1183,----myelin-exec:__mye624749
10404952096,10404955360,3264,0,3264,myelin-exec:__mye624751,648714,648714,2,0,1184,809,:805:809:1184,----myelin-exec:__mye624751
10404956832,10404973728,16896,0,16896,myelin-exec:__myl_NegExpAddDivMulMul,648714,648714,2,0,1185,809,:805:809:1185,----myelin-exec:__myl_NegExpAddDivMulMul
10404975008,10405155488,180480,0,180480,myelin-exec:__myl_FcAdd,648714,648714,2,0,1186,809,:805:809:1186,----myelin-exec:__myl_FcAdd
10405157632,10405177664,20032,0,20032,myelin-exec:__myl_MulMeaAddSqrDivMulMul,648714,648714,2,0,1187,809,:805:809:1187,----myelin-exec:__myl_MulMeaAddSqrDivMulMul
10405179488,10405223904,44416,0,44416,myelin-exec:/v_proj_17/MatMul+/k_proj_17/MatMul+/q_proj_17/MatMul,648714,648714,2,0,1188,809,:805:809:1188,----myelin-exec:/v_proj_17/MatMul+/k_proj_17/MatMul+/q_proj_17/MatMul
10405225248,10405230752,5504,0,5504,myelin-exec:__mye624753,648714,648714,2,0,1189,809,:805:809:1189,----myelin-exec:__mye624753
10405231776,10405249152,17376,0,17376,myelin-exec:__myl_ResTraResSliRepRes,648714,648714,2,0,1190,809,:805:809:1190,----myelin-exec:__myl_ResTraResSliRepRes
10405250496,10405254016,3520,0,3520,myelin-exec:__mye624755,648714,648714,2,0,1191,809,:805:809:1191,----myelin-exec:__mye624755
10405254688,10405279392,24704,0,24704,myelin-exec:__myl_ResMulMea,648714,648714,2,0,1192,809,:805:809:1192,----myelin-exec:__myl_ResMulMea
10405280960,10405296320,15360,0,15360,myelin-exec:__myl_AddSqrDivMulMulTraSliSliNegConMulMulAddResSliRepResTraRes,648714,648714,2,0,1193,809,:805:809:1193,----myelin-exec:__myl_AddSqrDivMulMulTraSliSliNegConMulMulAddResSliRepResTraRes
10405297504,10405301024,3520,0,3520,myelin-exec:__mye624757,648714,648714,2,0,1194,809,:805:809:1194,----myelin-exec:__mye624757
10405301952,10405316800,14848,0,14848,myelin-exec:__myl_ResMulMea,648714,648714,2,0,1195,809,:805:809:1195,----myelin-exec:__myl_ResMulMea
10405317920,10405330688,12768,0,12768,myelin-exec:__myl_AddSqrDivMulMulTraSliSliNegConMulMulAddRes,648714,648714,2,0,1196,809,:805:809:1196,----myelin-exec:__myl_AddSqrDivMulMulTraSliSliNegConMulMulAddRes
10405331744,10405334496,2752,0,2752,myelin-exec:__mye624759,648714,648714,2,0,1197,809,:805:809:1197,----myelin-exec:__mye624759
10405335104,10405347776,12672,0,12672,myelin-exec:_gemm_mha_v2,648714,648714,2,0,1198,809,:805:809:1198,----myelin-exec:_gemm_mha_v2
10405348832,10405508608,159776,0,159776,myelin-exec:__myl_FcAdd,648714,648714,2,0,1199,809,:805:809:1199,----myelin-exec:__myl_FcAdd
10405510016,10405525632,15616,0,15616,myelin-exec:__myl_MulMeaAddSqrDivMulMul,648714,648714,2,0,1200,809,:805:809:1200,----myelin-exec:__myl_MulMeaAddSqrDivMulMul
10405526816,10405530944,4128,0,4128,myelin-exec:__mye624761,648714,648714,2,0,1201,809,:805:809:1201,----myelin-exec:__mye624761
10405531680,10405576352,44672,0,44672,myelin-exec:/gate_proj_17/MatMul,648714,648714,2,0,1202,809,:805:809:1202,----myelin-exec:/gate_proj_17/MatMul
10405577984,10405581920,3936,0,3936,myelin-exec:__mye624763,648714,648714,2,0,1203,809,:805:809:1203,----myelin-exec:__mye624763
10405582944,10405623680,40736,0,40736,myelin-exec:/up_proj_17/MatMul,648714,648714,2,0,1204,809,:805:809:1204,----myelin-exec:/up_proj_17/MatMul
10405625184,10405628416,3232,0,3232,myelin-exec:__mye624765,648714,648714,2,0,1205,809,:805:809:1205,----myelin-exec:__mye624765
10405629472,10405632416,2944,0,2944,myelin-exec:__mye624767,648714,648714,2,0,1206,809,:805:809:1206,----myelin-exec:__mye624767
10405633408,10405650080,16672,0,16672,myelin-exec:__myl_NegExpAddDivMulMul,648714,648714,2,0,1207,809,:805:809:1207,----myelin-exec:__myl_NegExpAddDivMulMul
10405651520,10405817792,166272,0,166272,myelin-exec:__myl_FcAdd,648714,648714,2,0,1208,809,:805:809:1208,----myelin-exec:__myl_FcAdd
10405819936,10405840256,20320,0,20320,myelin-exec:__myl_MulMeaAddSqrDivMulMul,648714,648714,2,0,1209,809,:805:809:1209,----myelin-exec:__myl_MulMeaAddSqrDivMulMul
10405841984,10405892800,50816,0,50816,myelin-exec:/v_proj_18/MatMul+/k_proj_18/MatMul+/q_proj_18/MatMul,648714,648714,2,0,1210,809,:805:809:1210,----myelin-exec:/v_proj_18/MatMul+/k_proj_18/MatMul+/q_proj_18/MatMul
10405894272,10405900160,5888,0,5888,myelin-exec:__mye624769,648714,648714,2,0,1211,809,:805:809:1211,----myelin-exec:__mye624769
10405901504,10405922272,20768,0,20768,myelin-exec:__myl_ResTraResSliRepRes,648714,648714,2,0,1212,809,:805:809:1212,----myelin-exec:__myl_ResTraResSliRepRes
10405923840,10405927648,3808,0,3808,myelin-exec:__mye624771,648714,648714,2,0,1213,809,:805:809:1213,----myelin-exec:__mye624771
10405928512,10405945664,17152,0,17152,myelin-exec:__myl_ResMulMea,648714,648714,2,0,1214,809,:805:809:1214,----myelin-exec:__myl_ResMulMea
10405947008,10405968704,21696,0,21696,myelin-exec:__myl_AddSqrDivMulMulTraSliSliNegConMulMulAddResSliRepResTraRes,648714,648714,2,0,1215,809,:805:809:1215,----myelin-exec:__myl_AddSqrDivMulMulTraSliSliNegConMulMulAddResSliRepResTraRes
10405970208,10405974016,3808,0,3808,myelin-exec:__mye624773,648714,648714,2,0,1216,809,:805:809:1216,----myelin-exec:__mye624773
10405974880,10405989632,14752,0,14752,myelin-exec:__myl_ResMulMea,648714,648714,2,0,1217,809,:805:809:1217,----myelin-exec:__myl_ResMulMea
10405991360,10406003936,12576,0,12576,myelin-exec:__myl_AddSqrDivMulMulTraSliSliNegConMulMulAddRes,648714,648714,2,0,1218,809,:805:809:1218,----myelin-exec:__myl_AddSqrDivMulMulTraSliSliNegConMulMulAddRes
10406005056,10406007872,2816,0,2816,myelin-exec:__mye624775,648714,648714,2,0,1219,809,:805:809:1219,----myelin-exec:__mye624775
10406009504,10406022400,12896,0,12896,myelin-exec:_gemm_mha_v2,648714,648714,2,0,1220,809,:805:809:1220,----myelin-exec:_gemm_mha_v2
10406023680,10406193792,170112,0,170112,myelin-exec:__myl_FcAdd,648714,648714,2,0,1221,809,:805:809:1221,----myelin-exec:__myl_FcAdd
10406195808,10406211904,16096,0,16096,myelin-exec:__myl_MulMeaAddSqrDivMulMul,648714,648714,2,0,1222,809,:805:809:1222,----myelin-exec:__myl_MulMeaAddSqrDivMulMul
10406213600,10406218112,4512,0,4512,myelin-exec:__mye624777,648714,648714,2,0,1223,809,:805:809:1223,----myelin-exec:__mye624777
10406218656,10406261184,42528,0,42528,myelin-exec:/gate_proj_18/MatMul,648714,648714,2,0,1224,809,:805:809:1224,----myelin-exec:/gate_proj_18/MatMul
10406262656,10406265824,3168,0,3168,myelin-exec:__mye624779,648714,648714,2,0,1225,809,:805:809:1225,----myelin-exec:__mye624779
10406266880,10406305184,38304,0,38304,myelin-exec:/up_proj_18/MatMul,648714,648714,2,0,1226,809,:805:809:1226,----myelin-exec:/up_proj_18/MatMul
10406306720,10406310240,3520,0,3520,myelin-exec:__mye624781,648714,648714,2,0,1227,809,:805:809:1227,----myelin-exec:__mye624781
10406310784,10406313760,2976,0,2976,myelin-exec:__mye624783,648714,648714,2,0,1228,809,:805:809:1228,----myelin-exec:__mye624783
10406314272,10406329824,15552,0,15552,myelin-exec:__myl_NegExpAddDivMulMul,648714,648714,2,0,1229,809,:805:809:1229,----myelin-exec:__myl_NegExpAddDivMulMul
10406331264,10406490016,158752,0,158752,myelin-exec:__myl_FcAdd,648714,648714,2,0,1230,809,:805:809:1230,----myelin-exec:__myl_FcAdd
10406492128,10406508000,15872,0,15872,myelin-exec:__myl_MulMeaAddSqrDivMulMul,648714,648714,2,0,1231,809,:805:809:1231,----myelin-exec:__myl_MulMeaAddSqrDivMulMul
10406509504,10406558336,48832,0,48832,myelin-exec:/v_proj_19/MatMul+/k_proj_19/MatMul+/q_proj_19/MatMul,648714,648714,2,0,1232,809,:805:809:1232,----myelin-exec:/v_proj_19/MatMul+/k_proj_19/MatMul+/q_proj_19/MatMul
10406560032,10406566112,6080,0,6080,myelin-exec:__mye624785,648714,648714,2,0,1233,809,:805:809:1233,----myelin-exec:__mye624785
10406567360,10406587680,20320,0,20320,myelin-exec:__myl_ResTraResSliRepRes,648714,648714,2,0,1234,809,:805:809:1234,----myelin-exec:__myl_ResTraResSliRepRes
10406589600,10406593472,3872,0,3872,myelin-exec:__mye624787,648714,648714,2,0,1235,809,:805:809:1235,----myelin-exec:__mye624787
10406594208,10406609600,15392,0,15392,myelin-exec:__myl_ResMulMea,648714,648714,2,0,1236,809,:805:809:1236,----myelin-exec:__myl_ResMulMea
10406610656,10406631200,20544,0,20544,myelin-exec:__myl_AddSqrDivMulMulTraSliSliNegConMulMulAddResSliRepResTraRes,648714,648714,2,0,1237,809,:805:809:1237,----myelin-exec:__myl_AddSqrDivMulMulTraSliSliNegConMulMulAddResSliRepResTraRes
10406632576,10406636320,3744,0,3744,myelin-exec:__mye624789,648714,648714,2,0,1238,809,:805:809:1238,----myelin-exec:__mye624789
10406637344,10406651616,14272,0,14272,myelin-exec:__myl_ResMulMea,648714,648714,2,0,1239,809,:805:809:1239,----myelin-exec:__myl_ResMulMea
10406652800,10406665216,12416,0,12416,myelin-exec:__myl_AddSqrDivMulMulTraSliSliNegConMulMulAddRes,648714,648714,2,0,1240,809,:805:809:1240,----myelin-exec:__myl_AddSqrDivMulMulTraSliSliNegConMulMulAddRes
10406666880,10406669440,2560,0,2560,myelin-exec:__mye624791,648714,648714,2,0,1241,809,:805:809:1241,----myelin-exec:__mye624791
10406669952,10406682784,12832,0,12832,myelin-exec:_gemm_mha_v2,648714,648714,2,0,1242,809,:805:809:1242,----myelin-exec:_gemm_mha_v2
10406684192,10406854976,170784,0,170784,myelin-exec:__myl_FcAdd,648714,648714,2,0,1243,809,:805:809:1243,----myelin-exec:__myl_FcAdd
10406857152,10406874208,17056,0,17056,myelin-exec:__myl_MulMeaAddSqrDivMulMul,648714,648714,2,0,1244,809,:805:809:1244,----myelin-exec:__myl_MulMeaAddSqrDivMulMul
10406875552,10406880064,4512,0,4512,myelin-exec:__mye624793,648714,648714,2,0,1245,809,:805:809:1245,----myelin-exec:__mye624793
10406881248,10406926400,45152,0,45152,myelin-exec:/gate_proj_19/MatMul,648714,648714,2,0,1246,809,:805:809:1246,----myelin-exec:/gate_proj_19/MatMul
10406927776,10406931264,3488,0,3488,myelin-exec:__mye624795,648714,648714,2,0,1247,809,:805:809:1247,----myelin-exec:__mye624795
10406932128,10406975968,43840,0,43840,myelin-exec:/up_proj_19/MatMul,648714,648714,2,0,1248,809,:805:809:1248,----myelin-exec:/up_proj_19/MatMul
10406977216,10406980576,3360,0,3360,myelin-exec:__mye624797,648714,648714,2,0,1249,809,:805:809:1249,----myelin-exec:__mye624797
10406981376,10406984416,3040,0,3040,myelin-exec:__mye624799,648714,648714,2,0,1250,809,:805:809:1250,----myelin-exec:__mye624799
10406985600,10407000768,15168,0,15168,myelin-exec:__myl_NegExpAddDivMulMul,648714,648714,2,0,1251,809,:805:809:1251,----myelin-exec:__myl_NegExpAddDivMulMul
10407001824,10407158944,157120,0,157120,myelin-exec:__myl_FcAdd,648714,648714,2,0,1252,809,:805:809:1252,----myelin-exec:__myl_FcAdd
10407160704,10407178464,17760,0,17760,myelin-exec:__myl_MulMeaAddSqrDivMulMul,648714,648714,2,0,1253,809,:805:809:1253,----myelin-exec:__myl_MulMeaAddSqrDivMulMul
10407180224,10407223904,43680,0,43680,myelin-exec:/v_proj_20/MatMul+/k_proj_20/MatMul+/q_proj_20/MatMul,648714,648714,2,0,1254,809,:805:809:1254,----myelin-exec:/v_proj_20/MatMul+/k_proj_20/MatMul+/q_proj_20/MatMul
10407225664,10407230144,4480,0,4480,myelin-exec:__mye624801,648714,648714,2,0,1255,809,:805:809:1255,----myelin-exec:__mye624801
10407231072,10407247296,16224,0,16224,myelin-exec:__myl_ResTraResSliRepRes,648714,648714,2,0,1256,809,:805:809:1256,----myelin-exec:__myl_ResTraResSliRepRes
10407248608,10407251904,3296,0,3296,myelin-exec:__mye624803,648714,648714,2,0,1257,809,:805:809:1257,----myelin-exec:__mye624803
10407252512,10407267840,15328,0,15328,myelin-exec:__myl_ResMulMea,648714,648714,2,0,1258,809,:805:809:1258,----myelin-exec:__myl_ResMulMea
10407269248,10407284000,14752,0,14752,myelin-exec:__myl_AddSqrDivMulMulTraSliSliNegConMulMulAddResSliRepResTraRes,648714,648714,2,0,1259,809,:805:809:1259,----myelin-exec:__myl_AddSqrDivMulMulTraSliSliNegConMulMulAddResSliRepResTraRes
10407285312,10407288416,3104,0,3104,myelin-exec:__mye624805,648714,648714,2,0,1260,809,:805:809:1260,----myelin-exec:__mye624805
10407289312,10407302560,13248,0,13248,myelin-exec:__myl_ResMulMea,648714,648714,2,0,1261,809,:805:809:1261,----myelin-exec:__myl_ResMulMea
10407304160,10407315200,11040,0,11040,myelin-exec:__myl_AddSqrDivMulMulTraSliSliNegConMulMulAddRes,648714,648714,2,0,1262,809,:805:809:1262,----myelin-exec:__myl_AddSqrDivMulMulTraSliSliNegConMulMulAddRes
10407316224,10407319040,2816,0,2816,myelin-exec:__mye624807,648714,648714,2,0,1263,809,:805:809:1263,----myelin-exec:__mye624807
10407319712,10407331424,11712,0,11712,myelin-exec:_gemm_mha_v2,648714,648714,2,0,1264,809,:805:809:1264,----myelin-exec:_gemm_mha_v2
10407332832,10407502560,169728,0,169728,myelin-exec:__myl_FcAdd,648714,648714,2,0,1265,809,:805:809:1265,----myelin-exec:__myl_FcAdd
10407504672,10407526560,21888,0,21888,myelin-exec:__myl_MulMeaAddSqrDivMulMul,648714,648714,2,0,1266,809,:805:809:1266,----myelin-exec:__myl_MulMeaAddSqrDivMulMul
10407528608,10407533248,4640,0,4640,myelin-exec:__mye624809,648714,648714,2,0,1267,809,:805:809:1267,----myelin-exec:__mye624809
10407534208,10407579648,45440,0,45440,myelin-exec:/gate_proj_20/MatMul,648714,648714,2,0,1268,809,:805:809:1268,----myelin-exec:/gate_proj_20/MatMul
10407580864,10407585408,4544,0,4544,myelin-exec:__mye624811,648714,648714,2,0,1269,809,:805:809:1269,----myelin-exec:__mye624811
10407586720,10407642976,56256,0,56256,myelin-exec:/up_proj_20/MatMul,648714,648714,2,0,1270,809,:805:809:1270,----myelin-exec:/up_proj_20/MatMul
10407644896,10407648832,3936,0,3936,myelin-exec:__mye624813,648714,648714,2,0,1271,809,:805:809:1271,----myelin-exec:__mye624813
10407649696,10407653344,3648,0,3648,myelin-exec:__mye624815,648714,648714,2,0,1272,809,:805:809:1272,----myelin-exec:__mye624815
10407654496,10407673440,18944,0,18944,myelin-exec:__myl_NegExpAddDivMulMul,648714,648714,2,0,1273,809,:805:809:1273,----myelin-exec:__myl_NegExpAddDivMulMul
10407674784,10407847168,172384,0,172384,myelin-exec:__myl_FcAdd,648714,648714,2,0,1274,809,:805:809:1274,----myelin-exec:__myl_FcAdd
10407849280,10407870368,21088,0,21088,myelin-exec:__myl_MulMeaAddSqrDivMulMul,648714,648714,2,0,1275,809,:805:809:1275,----myelin-exec:__myl_MulMeaAddSqrDivMulMul
10407872064,10407924288,52224,0,52224,myelin-exec:/v_proj_21/MatMul+/k_proj_21/MatMul+/q_proj_21/MatMul,648714,648714,2,0,1276,809,:805:809:1276,----myelin-exec:/v_proj_21/MatMul+/k_proj_21/MatMul+/q_proj_21/MatMul
10407925664,10407931328,5664,0,5664,myelin-exec:__mye624817,648714,648714,2,0,1277,809,:805:809:1277,----myelin-exec:__mye624817
10407932512,10407950560,18048,0,18048,myelin-exec:__myl_ResTraResSliRepRes,648714,648714,2,0,1278,809,:805:809:1278,----myelin-exec:__myl_ResTraResSliRepRes
10407951936,10407955776,3840,0,3840,myelin-exec:__mye624819,648714,648714,2,0,1279,809,:805:809:1279,----myelin-exec:__mye624819
10407956800,10407973632,16832,0,16832,myelin-exec:__myl_ResMulMea,648714,648714,2,0,1280,809,:805:809:1280,----myelin-exec:__myl_ResMulMea
10407975168,10407990304,15136,0,15136,myelin-exec:__myl_AddSqrDivMulMulTraSliSliNegConMulMulAddResSliRepResTraRes,648714,648714,2,0,1281,809,:805:809:1281,----myelin-exec:__myl_AddSqrDivMulMulTraSliSliNegConMulMulAddResSliRepResTraRes
10407991616,10407995264,3648,0,3648,myelin-exec:__mye624821,648714,648714,2,0,1282,809,:805:809:1282,----myelin-exec:__mye624821
10407996416,10408010784,14368,0,14368,myelin-exec:__myl_ResMulMea,648714,648714,2,0,1283,809,:805:809:1283,----myelin-exec:__myl_ResMulMea
10408011936,10408024320,12384,0,12384,myelin-exec:__myl_AddSqrDivMulMulTraSliSliNegConMulMulAddRes,648714,648714,2,0,1284,809,:805:809:1284,----myelin-exec:__myl_AddSqrDivMulMulTraSliSliNegConMulMulAddRes
10408025184,10408027680,2496,0,2496,myelin-exec:__mye624823,648714,648714,2,0,1285,809,:805:809:1285,----myelin-exec:__mye624823
10408028544,10408040832,12288,0,12288,myelin-exec:_gemm_mha_v2,648714,648714,2,0,1286,809,:805:809:1286,----myelin-exec:_gemm_mha_v2
10408042080,10408209536,167456,0,167456,myelin-exec:__myl_FcAdd,648714,648714,2,0,1287,809,:805:809:1287,----myelin-exec:__myl_FcAdd
10408211840,10408231296,19456,0,19456,myelin-exec:__myl_MulMeaAddSqrDivMulMul,648714,648714,2,0,1288,809,:805:809:1288,----myelin-exec:__myl_MulMeaAddSqrDivMulMul
10408233248,10408238752,5504,0,5504,myelin-exec:__mye624825,648714,648714,2,0,1289,809,:805:809:1289,----myelin-exec:__mye624825
10408239232,10408283200,43968,0,43968,myelin-exec:/gate_proj_21/MatMul,648714,648714,2,0,1290,809,:805:809:1290,----myelin-exec:/gate_proj_21/MatMul
10408284736,10408288672,3936,0,3936,myelin-exec:__mye624827,648714,648714,2,0,1291,809,:805:809:1291,----myelin-exec:__mye624827
10408289344,10408334560,45216,0,45216,myelin-exec:/up_proj_21/MatMul,648714,648714,2,0,1292,809,:805:809:1292,----myelin-exec:/up_proj_21/MatMul
10408336160,10408339872,3712,0,3712,myelin-exec:__mye624829,648714,648714,2,0,1293,809,:805:809:1293,----myelin-exec:__mye624829
10408340640,10408343776,3136,0,3136,myelin-exec:__mye624831,648714,648714,2,0,1294,809,:805:809:1294,----myelin-exec:__mye624831
10408344544,10408362528,17984,0,17984,myelin-exec:__myl_NegExpAddDivMulMul,648714,648714,2,0,1295,809,:805:809:1295,----myelin-exec:__myl_NegExpAddDivMulMul
10408363936,10408535072,171136,0,171136,myelin-exec:__myl_FcAdd,648714,648714,2,0,1296,809,:805:809:1296,----myelin-exec:__myl_FcAdd
10408536832,10408558752,21920,0,21920,myelin-exec:__myl_MulMeaAddSqrDivMulMul,648714,648714,2,0,1297,809,:805:809:1297,----myelin-exec:__myl_MulMeaAddSqrDivMulMul
10408560448,10408605152,44704,0,44704,myelin-exec:/v_proj_22/MatMul+/k_proj_22/MatMul+/q_proj_22/MatMul,648714,648714,2,0,1298,809,:805:809:1298,----myelin-exec:/v_proj_22/MatMul+/k_proj_22/MatMul+/q_proj_22/MatMul
10408606624,10408611808,5184,0,5184,myelin-exec:__mye624833,648714,648714,2,0,1299,809,:805:809:1299,----myelin-exec:__mye624833
10408612832,10408631328,18496,0,18496,myelin-exec:__myl_ResTraResSliRepRes,648714,648714,2,0,1300,809,:805:809:1300,----myelin-exec:__myl_ResTraResSliRepRes
10408632672,10408636512,3840,0,3840,myelin-exec:__mye624835,648714,648714,2,0,1301,809,:805:809:1301,----myelin-exec:__mye624835
10408637440,10408653568,16128,0,16128,myelin-exec:__myl_ResMulMea,648714,648714,2,0,1302,809,:805:809:1302,----myelin-exec:__myl_ResMulMea
10408655008,10408669984,14976,0,14976,myelin-exec:__myl_AddSqrDivMulMulTraSliSliNegConMulMulAddResSliRepResTraRes,648714,648714,2,0,1303,809,:805:809:1303,----myelin-exec:__myl_AddSqrDivMulMulTraSliSliNegConMulMulAddResSliRepResTraRes
10408671264,10408674880,3616,0,3616,myelin-exec:__mye624837,648714,648714,2,0,1304,809,:805:809:1304,----myelin-exec:__mye624837
10408675552,10408688960,13408,0,13408,myelin-exec:__myl_ResMulMea,648714,648714,2,0,1305,809,:805:809:1305,----myelin-exec:__myl_ResMulMea
10408690080,10408702336,12256,0,12256,myelin-exec:__myl_AddSqrDivMulMulTraSliSliNegConMulMulAddRes,648714,648714,2,0,1306,809,:805:809:1306,----myelin-exec:__myl_AddSqrDivMulMulTraSliSliNegConMulMulAddRes
10408703552,10408706016,2464,0,2464,myelin-exec:__mye624839,648714,648714,2,0,1307,809,:805:809:1307,----myelin-exec:__mye624839
10408706688,10408718752,12064,0,12064,myelin-exec:_gemm_mha_v2,648714,648714,2,0,1308,809,:805:809:1308,----myelin-exec:_gemm_mha_v2
10408720224,10408884640,164416,0,164416,myelin-exec:__myl_FcAdd,648714,648714,2,0,1309,809,:805:809:1309,----myelin-exec:__myl_FcAdd
10408886624,10408904224,17600,0,17600,myelin-exec:__myl_MulMeaAddSqrDivMulMul,648714,648714,2,0,1310,809,:805:809:1310,----myelin-exec:__myl_MulMeaAddSqrDivMulMul
10408906240,10408910656,4416,0,4416,myelin-exec:__mye624841,648714,648714,2,0,1311,809,:805:809:1311,----myelin-exec:__mye624841
10408911680,10408961856,50176,0,50176,myelin-exec:/gate_proj_22/MatMul,648714,648714,2,0,1312,809,:805:809:1312,----myelin-exec:/gate_proj_22/MatMul
10408963648,10408967008,3360,0,3360,myelin-exec:__mye624843,648714,648714,2,0,1313,809,:805:809:1313,----myelin-exec:__mye624843
10408968096,10409025792,57696,0,57696,myelin-exec:/up_proj_22/MatMul,648714,648714,2,0,1314,809,:805:809:1314,----myelin-exec:/up_proj_22/MatMul
10409027168,10409031136,3968,0,3968,myelin-exec:__mye624845,648714,648714,2,0,1315,809,:805:809:1315,----myelin-exec:__mye624845
10409032224,10409035456,3232,0,3232,myelin-exec:__mye624847,648714,648714,2,0,1316,809,:805:809:1316,----myelin-exec:__mye624847
10409036000,10409053440,17440,0,17440,myelin-exec:__myl_NegExpAddDivMulMul,648714,648714,2,0,1317,809,:805:809:1317,----myelin-exec:__myl_NegExpAddDivMulMul
10409054720,10409223872,169152,0,169152,myelin-exec:__myl_FcAdd,648714,648714,2,0,1318,809,:805:809:1318,----myelin-exec:__myl_FcAdd
10409225728,10409246880,21152,0,21152,myelin-exec:__myl_MulMeaAddSqrDivMulMul,648714,648714,2,0,1319,809,:805:809:1319,----myelin-exec:__myl_MulMeaAddSqrDivMulMul
10409248576,10409289280,40704,0,40704,myelin-exec:/v_proj_23/MatMul+/k_proj_23/MatMul+/q_proj_23/MatMul,648714,648714,2,0,1320,809,:805:809:1320,----myelin-exec:/v_proj_23/MatMul+/k_proj_23/MatMul+/q_proj_23/MatMul
10409290784,10409295616,4832,0,4832,myelin-exec:__mye624849,648714,648714,2,0,1321,809,:805:809:1321,----myelin-exec:__mye624849
10409296864,10409313472,16608,0,16608,myelin-exec:__myl_ResTraResSliRepRes,648714,648714,2,0,1322,809,:805:809:1322,----myelin-exec:__myl_ResTraResSliRepRes
10409315008,10409318720,3712,0,3712,myelin-exec:__mye624851,648714,648714,2,0,1323,809,:805:809:1323,----myelin-exec:__mye624851
10409319744,10409344000,24256,0,24256,myelin-exec:__myl_ResMulMea,648714,648714,2,0,1324,809,:805:809:1324,----myelin-exec:__myl_ResMulMea
10409345312,10409361248,15936,0,15936,myelin-exec:__myl_AddSqrDivMulMulTraSliSliNegConMulMulAddResSliRepResTraRes,648714,648714,2,0,1325,809,:805:809:1325,----myelin-exec:__myl_AddSqrDivMulMulTraSliSliNegConMulMulAddResSliRepResTraRes
10409362528,10409366112,3584,0,3584,myelin-exec:__mye624853,648714,648714,2,0,1326,809,:805:809:1326,----myelin-exec:__mye624853
10409367104,10409382144,15040,0,15040,myelin-exec:__myl_ResMulMea,648714,648714,2,0,1327,809,:805:809:1327,----myelin-exec:__myl_ResMulMea
10409382752,10409394688,11936,0,11936,myelin-exec:__myl_AddSqrDivMulMulTraSliSliNegConMulMulAddRes,648714,648714,2,0,1328,809,:805:809:1328,----myelin-exec:__myl_AddSqrDivMulMulTraSliSliNegConMulMulAddRes
10409395840,10409398624,2784,0,2784,myelin-exec:__mye624855,648714,648714,2,0,1329,809,:805:809:1329,----myelin-exec:__mye624855
10409399264,10409411712,12448,0,12448,myelin-exec:_gemm_mha_v2,648714,648714,2,0,1330,809,:805:809:1330,----myelin-exec:_gemm_mha_v2
10409412928,10409581568,168640,0,168640,myelin-exec:__myl_FcAdd,648714,648714,2,0,1331,809,:805:809:1331,----myelin-exec:__myl_FcAdd
10409583584,10409603936,20352,0,20352,myelin-exec:__myl_MulMeaAddSqrDivMulMul,648714,648714,2,0,1332,809,:805:809:1332,----myelin-exec:__myl_MulMeaAddSqrDivMulMul
10409605760,10409611328,5568,0,5568,myelin-exec:__mye624857,648714,648714,2,0,1333,809,:805:809:1333,----myelin-exec:__mye624857
10409612320,10409664384,52064,0,52064,myelin-exec:/gate_proj_23/MatMul,648714,648714,2,0,1334,809,:805:809:1334,----myelin-exec:/gate_proj_23/MatMul
10409666112,10409670400,4288,0,4288,myelin-exec:__mye624859,648714,648714,2,0,1335,809,:805:809:1335,----myelin-exec:__mye624859
10409671488,10409717088,45600,0,45600,myelin-exec:/up_proj_23/MatMul,648714,648714,2,0,1336,809,:805:809:1336,----myelin-exec:/up_proj_23/MatMul
10409718624,10409722176,3552,0,3552,myelin-exec:__mye624861,648714,648714,2,0,1337,809,:805:809:1337,----myelin-exec:__mye624861
10409723264,10409726528,3264,0,3264,myelin-exec:__mye624863,648714,648714,2,0,1338,809,:805:809:1338,----myelin-exec:__mye624863
10409727616,10409745472,17856,0,17856,myelin-exec:__myl_NegExpAddDivMulMul,648714,648714,2,0,1339,809,:805:809:1339,----myelin-exec:__myl_NegExpAddDivMulMul
10409746688,10409922624,175936,0,175936,myelin-exec:__myl_FcAdd,648714,648714,2,0,1340,809,:805:809:1340,----myelin-exec:__myl_FcAdd
10409924800,10409945504,20704,0,20704,myelin-exec:__myl_MulMeaAddSqrDivMulMul,648714,648714,2,0,1341,809,:805:809:1341,----myelin-exec:__myl_MulMeaAddSqrDivMulMul
10409947328,10409991328,44000,0,44000,myelin-exec:/v_proj_24/MatMul+/k_proj_24/MatMul+/q_proj_24/MatMul,648714,648714,2,0,1342,809,:805:809:1342,----myelin-exec:/v_proj_24/MatMul+/k_proj_24/MatMul+/q_proj_24/MatMul
10409992736,10409998176,5440,0,5440,myelin-exec:__mye624865,648714,648714,2,0,1343,809,:805:809:1343,----myelin-exec:__mye624865
10409999168,10410019328,20160,0,20160,myelin-exec:__myl_ResTraResSliRepRes,648714,648714,2,0,1344,809,:805:809:1344,----myelin-exec:__myl_ResTraResSliRepRes
10410020608,10410024512,3904,0,3904,myelin-exec:__mye624867,648714,648714,2,0,1345,809,:805:809:1345,----myelin-exec:__mye624867
10410025408,10410043232,17824,0,17824,myelin-exec:__myl_ResMulMea,648714,648714,2,0,1346,809,:805:809:1346,----myelin-exec:__myl_ResMulMea
10410044896,10410065952,21056,0,21056,myelin-exec:__myl_AddSqrDivMulMulTraSliSliNegConMulMulAddResSliRepResTraRes,648714,648714,2,0,1347,809,:805:809:1347,----myelin-exec:__myl_AddSqrDivMulMulTraSliSliNegConMulMulAddResSliRepResTraRes
10410067552,10410071520,3968,0,3968,myelin-exec:__mye624869,648714,648714,2,0,1348,809,:805:809:1348,----myelin-exec:__mye624869
10410072864,10410088416,15552,0,15552,myelin-exec:__myl_ResMulMea,648714,648714,2,0,1349,809,:805:809:1349,----myelin-exec:__myl_ResMulMea
10410089984,10410102880,12896,0,12896,myelin-exec:__myl_AddSqrDivMulMulTraSliSliNegConMulMulAddRes,648714,648714,2,0,1350,809,:805:809:1350,----myelin-exec:__myl_AddSqrDivMulMulTraSliSliNegConMulMulAddRes
10410104672,10410107360,2688,0,2688,myelin-exec:__mye624871,648714,648714,2,0,1351,809,:805:809:1351,----myelin-exec:__mye624871
10410108384,10410121184,12800,0,12800,myelin-exec:_gemm_mha_v2,648714,648714,2,0,1352,809,:805:809:1352,----myelin-exec:_gemm_mha_v2
10410122496,10410303936,181440,0,181440,myelin-exec:__myl_FcAdd,648714,648714,2,0,1353,809,:805:809:1353,----myelin-exec:__myl_FcAdd
10410306016,10410328704,22688,0,22688,myelin-exec:__myl_MulMeaAddSqrDivMulMul,648714,648714,2,0,1354,809,:805:809:1354,----myelin-exec:__myl_MulMeaAddSqrDivMulMul
10410330784,10410336096,5312,0,5312,myelin-exec:__mye624873,648714,648714,2,0,1355,809,:805:809:1355,----myelin-exec:__mye624873
10410336800,10410385184,48384,0,48384,myelin-exec:/gate_proj_24/MatMul,648714,648714,2,0,1356,809,:805:809:1356,----myelin-exec:/gate_proj_24/MatMul
10410386752,10410391008,4256,0,4256,myelin-exec:__mye624875,648714,648714,2,0,1357,809,:805:809:1357,----myelin-exec:__mye624875
10410392032,10410434112,42080,0,42080,myelin-exec:/up_proj_24/MatMul,648714,648714,2,0,1358,809,:805:809:1358,----myelin-exec:/up_proj_24/MatMul
10410435744,10410439328,3584,0,3584,myelin-exec:__mye624877,648714,648714,2,0,1359,809,:805:809:1359,----myelin-exec:__mye624877
10410440032,10410443360,3328,0,3328,myelin-exec:__mye624879,648714,648714,2,0,1360,809,:805:809:1360,----myelin-exec:__mye624879
10410444640,10410464160,19520,0,19520,myelin-exec:__myl_NegExpAddDivMulMul,648714,648714,2,0,1361,809,:805:809:1361,----myelin-exec:__myl_NegExpAddDivMulMul
10410465600,10410620032,154432,0,154432,myelin-exec:__myl_FcAdd,648714,648714,2,0,1362,809,:805:809:1362,----myelin-exec:__myl_FcAdd
10410621824,10410637920,16096,0,16096,myelin-exec:__myl_MulMeaAddSqrDivMulMul,648714,648714,2,0,1363,809,:805:809:1363,----myelin-exec:__myl_MulMeaAddSqrDivMulMul
10410639936,10410679712,39776,0,39776,myelin-exec:/v_proj_25/MatMul+/k_proj_25/MatMul+/q_proj_25/MatMul,648714,648714,2,0,1364,809,:805:809:1364,----myelin-exec:/v_proj_25/MatMul+/k_proj_25/MatMul+/q_proj_25/MatMul
10410680992,10410684992,4000,0,4000,myelin-exec:__mye624881,648714,648714,2,0,1365,809,:805:809:1365,----myelin-exec:__mye624881
10410685888,10410701408,15520,0,15520,myelin-exec:__myl_ResTraResSliRepRes,648714,648714,2,0,1366,809,:805:809:1366,----myelin-exec:__myl_ResTraResSliRepRes
10410702784,10410706304,3520,0,3520,myelin-exec:__mye624883,648714,648714,2,0,1367,809,:805:809:1367,----myelin-exec:__mye624883
10410706720,10410720768,14048,0,14048,myelin-exec:__myl_ResMulMea,648714,648714,2,0,1368,809,:805:809:1368,----myelin-exec:__myl_ResMulMea
10410722144,10410743200,21056,0,21056,myelin-exec:__myl_AddSqrDivMulMulTraSliSliNegConMulMulAddResSliRepResTraRes,648714,648714,2,0,1369,809,:805:809:1369,----myelin-exec:__myl_AddSqrDivMulMulTraSliSliNegConMulMulAddResSliRepResTraRes
10410744736,10410748832,4096,0,4096,myelin-exec:__mye624885,648714,648714,2,0,1370,809,:805:809:1370,----myelin-exec:__mye624885
10410750080,10410764640,14560,0,14560,myelin-exec:__myl_ResMulMea,648714,648714,2,0,1371,809,:805:809:1371,----myelin-exec:__myl_ResMulMea
10410766240,10410778048,11808,0,11808,myelin-exec:__myl_AddSqrDivMulMulTraSliSliNegConMulMulAddRes,648714,648714,2,0,1372,809,:805:809:1372,----myelin-exec:__myl_AddSqrDivMulMulTraSliSliNegConMulMulAddRes
10410779328,10410782496,3168,0,3168,myelin-exec:__mye624887,648714,648714,2,0,1373,809,:805:809:1373,----myelin-exec:__mye624887
10410783360,10410795808,12448,0,12448,myelin-exec:_gemm_mha_v2,648714,648714,2,0,1374,809,:805:809:1374,----myelin-exec:_gemm_mha_v2
10410797280,10410961184,163904,0,163904,myelin-exec:__myl_FcAdd,648714,648714,2,0,1375,809,:805:809:1375,----myelin-exec:__myl_FcAdd
10410963072,10410980608,17536,0,17536,myelin-exec:__myl_MulMeaAddSqrDivMulMul,648714,648714,2,0,1376,809,:805:809:1376,----myelin-exec:__myl_MulMeaAddSqrDivMulMul
10410982304,10410986656,4352,0,4352,myelin-exec:__mye624889,648714,648714,2,0,1377,809,:805:809:1377,----myelin-exec:__mye624889
10410988160,10411030560,42400,0,42400,myelin-exec:/gate_proj_25/MatMul,648714,648714,2,0,1378,809,:805:809:1378,----myelin-exec:/gate_proj_25/MatMul
10411032064,10411035200,3136,0,3136,myelin-exec:__mye624891,648714,648714,2,0,1379,809,:805:809:1379,----myelin-exec:__mye624891
10411036512,10411076384,39872,0,39872,myelin-exec:/up_proj_25/MatMul,648714,648714,2,0,1380,809,:805:809:1380,----myelin-exec:/up_proj_25/MatMul
10411077792,10411081120,3328,0,3328,myelin-exec:__mye624893,648714,648714,2,0,1381,809,:805:809:1381,----myelin-exec:__mye624893
10411082080,10411085312,3232,0,3232,myelin-exec:__mye624895,648714,648714,2,0,1382,809,:805:809:1382,----myelin-exec:__mye624895
10411086336,10411102560,16224,0,16224,myelin-exec:__myl_NegExpAddDivMulMul,648714,648714,2,0,1383,809,:805:809:1383,----myelin-exec:__myl_NegExpAddDivMulMul
10411103776,10411270304,166528,0,166528,myelin-exec:__myl_FcAdd,648714,648714,2,0,1384,809,:805:809:1384,----myelin-exec:__myl_FcAdd
10411272192,10411290752,18560,0,18560,myelin-exec:__myl_MulMeaAddSqrDivMulMul,648714,648714,2,0,1385,809,:805:809:1385,----myelin-exec:__myl_MulMeaAddSqrDivMulMul
10411292576,10411335104,42528,0,42528,myelin-exec:/v_proj_26/MatMul+/k_proj_26/MatMul+/q_proj_26/MatMul,648714,648714,2,0,1386,809,:805:809:1386,----myelin-exec:/v_proj_26/MatMul+/k_proj_26/MatMul+/q_proj_26/MatMul
10411336672,10411341632,4960,0,4960,myelin-exec:__mye624897,648714,648714,2,0,1387,809,:805:809:1387,----myelin-exec:__mye624897
10411342688,10411359296,16608,0,16608,myelin-exec:__myl_ResTraResSliRepRes,648714,648714,2,0,1388,809,:805:809:1388,----myelin-exec:__myl_ResTraResSliRepRes
10411360640,10411363872,3232,0,3232,myelin-exec:__mye624899,648714,648714,2,0,1389,809,:805:809:1389,----myelin-exec:__mye624899
10411365088,10411381024,15936,0,15936,myelin-exec:__myl_ResMulMea,648714,648714,2,0,1390,809,:805:809:1390,----myelin-exec:__myl_ResMulMea
10411382656,10411397408,14752,0,14752,myelin-exec:__myl_AddSqrDivMulMulTraSliSliNegConMulMulAddResSliRepResTraRes,648714,648714,2,0,1391,809,:805:809:1391,----myelin-exec:__myl_AddSqrDivMulMulTraSliSliNegConMulMulAddResSliRepResTraRes
10411398464,10411401504,3040,0,3040,myelin-exec:__mye624901,648714,648714,2,0,1392,809,:805:809:1392,----myelin-exec:__mye624901
10411402176,10411415264,13088,0,13088,myelin-exec:__myl_ResMulMea,648714,648714,2,0,1393,809,:805:809:1393,----myelin-exec:__myl_ResMulMea
10411416608,10411428576,11968,0,11968,myelin-exec:__myl_AddSqrDivMulMulTraSliSliNegConMulMulAddRes,648714,648714,2,0,1394,809,:805:809:1394,----myelin-exec:__myl_AddSqrDivMulMulTraSliSliNegConMulMulAddRes
10411429504,10411432000,2496,0,2496,myelin-exec:__mye624903,648714,648714,2,0,1395,809,:805:809:1395,----myelin-exec:__mye624903
10411432672,10411444480,11808,0,11808,myelin-exec:_gemm_mha_v2,648714,648714,2,0,1396,809,:805:809:1396,----myelin-exec:_gemm_mha_v2
10411445536,10411613728,168192,0,168192,myelin-exec:__myl_FcAdd,648714,648714,2,0,1397,809,:805:809:1397,----myelin-exec:__myl_FcAdd
10411615872,10411632608,16736,0,16736,myelin-exec:__myl_MulMeaAddSqrDivMulMul,648714,648714,2,0,1398,809,:805:809:1398,----myelin-exec:__myl_MulMeaAddSqrDivMulMul
10411634368,10411638400,4032,0,4032,myelin-exec:__mye624905,648714,648714,2,0,1399,809,:805:809:1399,----myelin-exec:__mye624905
10411639040,10411682144,43104,0,43104,myelin-exec:/gate_proj_26/MatMul,648714,648714,2,0,1400,809,:805:809:1400,----myelin-exec:/gate_proj_26/MatMul
10411683808,10411687584,3776,0,3776,myelin-exec:__mye624907,648714,648714,2,0,1401,809,:805:809:1401,----myelin-exec:__mye624907
10411688960,10411737120,48160,0,48160,myelin-exec:/up_proj_26/MatMul,648714,648714,2,0,1402,809,:805:809:1402,----myelin-exec:/up_proj_26/MatMul
10411738752,10411742944,4192,0,4192,myelin-exec:__mye624909,648714,648714,2,0,1403,809,:805:809:1403,----myelin-exec:__mye624909
10411744608,10411748160,3552,0,3552,myelin-exec:__mye624911,648714,648714,2,0,1404,809,:805:809:1404,----myelin-exec:__mye624911
10411749088,10411767264,18176,0,18176,myelin-exec:__myl_NegExpAddDivMulMul,648714,648714,2,0,1405,809,:805:809:1405,----myelin-exec:__myl_NegExpAddDivMulMul
10411768832,10411937440,168608,0,168608,myelin-exec:__myl_FcAdd,648714,648714,2,0,1406,809,:805:809:1406,----myelin-exec:__myl_FcAdd
10411939680,10411959072,19392,0,19392,myelin-exec:__myl_MulMeaAddSqrDivMulMul,648714,648714,2,0,1407,809,:805:809:1407,----myelin-exec:__myl_MulMeaAddSqrDivMulMul
10411960896,10412006656,45760,0,45760,myelin-exec:/v_proj_27/MatMul+/k_proj_27/MatMul+/q_proj_27/MatMul,648714,648714,2,0,1408,809,:805:809:1408,----myelin-exec:/v_proj_27/MatMul+/k_proj_27/MatMul+/q_proj_27/MatMul
10412008256,10412013376,5120,0,5120,myelin-exec:__mye624913,648714,648714,2,0,1409,809,:805:809:1409,----myelin-exec:__mye624913
10412014976,10412031264,16288,0,16288,myelin-exec:__myl_ResTraResSliRepRes,648714,648714,2,0,1410,809,:805:809:1410,----myelin-exec:__myl_ResTraResSliRepRes
10412032832,10412036192,3360,0,3360,myelin-exec:__mye624915,648714,648714,2,0,1411,809,:805:809:1411,----myelin-exec:__mye624915
10412037216,10412052352,15136,0,15136,myelin-exec:__myl_ResMulMea,648714,648714,2,0,1412,809,:805:809:1412,----myelin-exec:__myl_ResMulMea
10412053632,10412068000,14368,0,14368,myelin-exec:__myl_AddSqrDivMulMulTraSliSliNegConMulMulAddResSliRepResTraRes,648714,648714,2,0,1413,809,:805:809:1413,----myelin-exec:__myl_AddSqrDivMulMulTraSliSliNegConMulMulAddResSliRepResTraRes
10412069280,10412072608,3328,0,3328,myelin-exec:__mye624917,648714,648714,2,0,1414,809,:805:809:1414,----myelin-exec:__mye624917
10412073856,10412086432,12576,0,12576,myelin-exec:__myl_ResMulMea,648714,648714,2,0,1415,809,:805:809:1415,----myelin-exec:__myl_ResMulMea
10412087712,10412099168,11456,0,11456,myelin-exec:__myl_AddSqrDivMulMulTraSliSliNegConMulMulAddRes,648714,648714,2,0,1416,809,:805:809:1416,----myelin-exec:__myl_AddSqrDivMulMulTraSliSliNegConMulMulAddRes
10412100480,10412103232,2752,0,2752,myelin-exec:__mye624919,648714,648714,2,0,1417,809,:805:809:1417,----myelin-exec:__mye624919
10412104224,10412115744,11520,0,11520,myelin-exec:_gemm_mha_v2,648714,648714,2,0,1418,809,:805:809:1418,----myelin-exec:_gemm_mha_v2
10412117088,10412280576,163488,0,163488,myelin-exec:__myl_FcAdd,648714,648714,2,0,1419,809,:805:809:1419,----myelin-exec:__myl_FcAdd
10412282592,10412300384,17792,0,17792,myelin-exec:__myl_MulMeaAddSqrDivMulMul,648714,648714,2,0,1420,809,:805:809:1420,----myelin-exec:__myl_MulMeaAddSqrDivMulMul
10412302080,10412306688,4608,0,4608,myelin-exec:__mye624921,648714,648714,2,0,1421,809,:805:809:1421,----myelin-exec:__mye624921
10412308000,10412357056,49056,0,49056,myelin-exec:/gate_proj_27/MatMul,648714,648714,2,0,1422,809,:805:809:1422,----myelin-exec:/gate_proj_27/MatMul
10412358848,10412362688,3840,0,3840,myelin-exec:__mye624923,648714,648714,2,0,1423,809,:805:809:1423,----myelin-exec:__mye624923
10412363584,10412407456,43872,0,43872,myelin-exec:/up_proj_27/MatMul,648714,648714,2,0,1424,809,:805:809:1424,----myelin-exec:/up_proj_27/MatMul
10412409216,10412412896,3680,0,3680,myelin-exec:__mye624925,648714,648714,2,0,1425,809,:805:809:1425,----myelin-exec:__mye624925
10412413600,10412416608,3008,0,3008,myelin-exec:__mye624927,648714,648714,2,0,1426,809,:805:809:1426,----myelin-exec:__mye624927
10412417920,10412436160,18240,0,18240,myelin-exec:__myl_NegExpAddDivMulMul,648714,648714,2,0,1427,809,:805:809:1427,----myelin-exec:__myl_NegExpAddDivMulMul
10412437632,10412606016,168384,0,168384,myelin-exec:__myl_FcAdd,648714,648714,2,0,1428,809,:805:809:1428,----myelin-exec:__myl_FcAdd
10618133792,10618334112,200320,133312,67008,TensorRT:ExecutionContext::enqueue,648714,648714,0,1,1520,,:1520,TensorRT:ExecutionContext::enqueue
10618194912,10618328224,133312,77728,55584,TensorRT:{ForeignNode[/Cast.../Cast_1]},648714,648714,1,2,1524,1520,:1520:1524,--TensorRT:{ForeignNode[/Cast.../Cast_1]}
10618236832,10618238912,2080,0,2080,myelin-exec:__mye60_0,648714,648714,2,0,1531,1524,:1520:1524:1531,----myelin-exec:__mye60_0
10618239776,10618315424,75648,0,75648,myelin-exec:__myl_MovMulMeaAddSqrDivMulMulCas,648714,648714,2,0,1532,1524,:1520:1524:1532,----myelin-exec:__myl_MovMulMeaAddSqrDivMulMulCas
10625810304,10626045440,235136,183776,51360,TensorRT:ExecutionContext::enqueue,648714,648714,0,1,1541,,:1541,TensorRT:ExecutionContext::enqueue
10625856672,10626040448,183776,134208,49568,TensorRT:{ForeignNode[onnx::MatMul_4 + ONNXTRT_Broadcast.../MatMul]},648714,648714,1,2,1545,1541,:1541:1545,--TensorRT:{ForeignNode[onnx::MatMul_4 + ONNXTRT_Broadcast.../MatMul]}
10625892896,10625894560,1664,0,1664,myelin-exec:__mye31_0,648714,648714,2,0,1552,1545,:1541:1545:1552,----myelin-exec:__mye31_0
10625895264,10626027808,132544,0,132544,myelin-exec:/MatMul,648714,648714,2,0,1553,1545,:1541:1545:1553,----myelin-exec:/MatMul
10645054208,12216112608,1571058400,20051744,1551006656,:A1_prefill_S8,648714,648714,0,4,1558,,:1558,:A1_prefill_S8
10654828000,10655004544,176544,111392,65152,TensorRT:ExecutionContext::enqueue,648714,648714,1,1,1563,1558,:1558:1563,--TensorRT:ExecutionContext::enqueue
10654888544,10654999936,111392,56320,55072,TensorRT:{ForeignNode[ONNXTRT_castHelper.../Gather]},648714,648714,2,2,1567,1563,:1558:1563:1567,----TensorRT:{ForeignNode[ONNXTRT_castHelper.../Gather]}
10654929376,10654930720,1344,0,1344,myelin-exec:__mye39_0,648714,648714,3,0,1574,1567,:1558:1563:1567:1574,------myelin-exec:__mye39_0
10654931648,10654986624,54976,0,54976,myelin-exec:__myl_CasGat,648714,648714,3,0,1575,1567,:1558:1563:1567:1575,------myelin-exec:__myl_CasGat
11972993824,11992443168,19449344,18639776,809568,TensorRT:ExecutionContext::enqueue,648714,648714,1,1,1584,1558,:1558:1584,--TensorRT:ExecutionContext::enqueue
11973765696,11992405472,18639776,17400448,1239328,TensorRT:{ForeignNode[/Cast.../Add_111]},648714,648714,2,613,1588,1584,:1558:1584:1588,----TensorRT:{ForeignNode[/Cast.../Add_111]}
11973983200,11973985760,2560,0,2560,myelin-exec:__mye158796_0,648714,648714,3,0,1595,1588,:1558:1584:1588:1595,------myelin-exec:__mye158796_0
11973986976,11974072064,85088,0,85088,myelin-exec:__myl_RepIotIotRepCasAddCasEqlLtOrSel,648714,648714,3,0,1596,1588,:1558:1584:1588:1596,------myelin-exec:__myl_RepIotIotRepCasAddCasEqlLtOrSel
11974074656,11974099712,25056,0,25056,myelin-exec:__myl_MovMulMeaAddSqrDivMulMul,648714,648714,3,0,1597,1588,:1558:1584:1588:1597,------myelin-exec:__myl_MovMulMeaAddSqrDivMulMul
11974101024,11974207264,106240,0,106240,myelin-exec:/v_proj/MatMul+/k_proj/MatMul+/q_proj/MatMul,648714,648714,3,0,1598,1588,:1558:1584:1588:1598,------myelin-exec:/v_proj/MatMul+/k_proj/MatMul+/q_proj/MatMul
11974208704,11974230912,22208,0,22208,myelin-exec:__myl_ResTraResSliRepRes,648714,648714,3,0,1599,1588,:1558:1584:1588:1599,------myelin-exec:__myl_ResTraResSliRepRes
11974232288,11974250944,18656,0,18656,myelin-exec:__myl_ResMulMea,648714,648714,3,0,1600,1588,:1558:1584:1588:1600,------myelin-exec:__myl_ResMulMea
11974252224,11974269248,17024,0,17024,myelin-exec:__myl_ResMulMea,648714,648714,3,0,1601,1588,:1558:1584:1588:1601,------myelin-exec:__myl_ResMulMea
11974270272,11974289728,19456,0,19456,myelin-exec:__myl_CasResMulConSinResCosResAddSqrAddSqrDivMulDivMulMulTraSliSliNegConMulMulAddResSliRepResTraEtc,648714,648714,3,0,1602,1588,:1558:1584:1588:1602,------myelin-exec:__myl_CasResMulConSinResCosResAddSqrAddSqrDivMulDivMulMulTraSliSliNegConMulMulAddResSliRepResTraEtc
11974290912,11974308416,17504,0,17504,myelin-exec:_gemm_mha_v2,648714,648714,3,0,1603,1588,:1558:1584:1588:1603,------myelin-exec:_gemm_mha_v2
11974309536,11974527776,218240,0,218240,myelin-exec:__myl_FcAdd,648714,648714,3,0,1604,1588,:1558:1584:1588:1604,------myelin-exec:__myl_FcAdd
11974530368,11974551104,20736,0,20736,myelin-exec:__myl_MulMeaAddSqrDivMulMul,648714,648714,3,0,1605,1588,:1558:1584:1588:1605,------myelin-exec:__myl_MulMeaAddSqrDivMulMul
11974552448,11974565376,12928,0,12928,myelin-exec:__mye624489,648714,648714,3,0,1606,1588,:1558:1584:1588:1606,------myelin-exec:__mye624489
11974566624,11974615168,48544,0,48544,myelin-exec:/gate_proj/MatMul,648714,648714,3,0,1607,1588,:1558:1584:1588:1607,------myelin-exec:/gate_proj/MatMul
11974616736,11974627584,10848,0,10848,myelin-exec:__mye624491,648714,648714,3,0,1608,1588,:1558:1584:1588:1608,------myelin-exec:__mye624491
11974628384,11974680160,51776,0,51776,myelin-exec:/up_proj/MatMul,648714,648714,3,0,1609,1588,:1558:1584:1588:1609,------myelin-exec:/up_proj/MatMul
11974681728,11974686080,4352,0,4352,myelin-exec:__mye624493,648714,648714,3,0,1610,1588,:1558:1584:1588:1610,------myelin-exec:__mye624493
11974686880,11974691264,4384,0,4384,myelin-exec:__mye624495,648714,648714,3,0,1611,1588,:1558:1584:1588:1611,------myelin-exec:__mye624495
11974692160,11974712000,19840,0,19840,myelin-exec:__myl_NegExpAddDivMulMul,648714,648714,3,0,1612,1588,:1558:1584:1588:1612,------myelin-exec:__myl_NegExpAddDivMulMul
11974713312,11974857344,144032,0,144032,myelin-exec:__myl_FcAdd,648714,648714,3,0,1613,1588,:1558:1584:1588:1613,------myelin-exec:__myl_FcAdd
11974858784,11974877920,19136,0,19136,myelin-exec:__myl_MulMeaAddSqrDivMulMul,648714,648714,3,0,1614,1588,:1558:1584:1588:1614,------myelin-exec:__myl_MulMeaAddSqrDivMulMul
11974879072,11974918944,39872,0,39872,myelin-exec:/v_proj_1/MatMul+/k_proj_1/MatMul+/q_proj_1/MatMul,648714,648714,3,0,1615,1588,:1558:1584:1588:1615,------myelin-exec:/v_proj_1/MatMul+/k_proj_1/MatMul+/q_proj_1/MatMul
11974920352,11974925536,5184,0,5184,myelin-exec:__mye624497,648714,648714,3,0,1616,1588,:1558:1584:1588:1616,------myelin-exec:__mye624497
11974926304,11974941408,15104,0,15104,myelin-exec:__myl_ResTraResSliRepRes,648714,648714,3,0,1617,1588,:1558:1584:1588:1617,------myelin-exec:__myl_ResTraResSliRepRes
11974942656,11974945984,3328,0,3328,myelin-exec:__mye624499,648714,648714,3,0,1618,1588,:1558:1584:1588:1618,------myelin-exec:__mye624499
11974946656,11974987616,40960,0,40960,myelin-exec:__myl_ResMulMea,648714,648714,3,0,1619,1588,:1558:1584:1588:1619,------myelin-exec:__myl_ResMulMea
11974989536,11975011328,21792,0,21792,myelin-exec:__myl_AddSqrDivMulMulTraSliSliNegConMulMulAddResSliRepResTraRes,648714,648714,3,0,1620,1588,:1558:1584:1588:1620,------myelin-exec:__myl_AddSqrDivMulMulTraSliSliNegConMulMulAddResSliRepResTraRes
11975012928,11975016320,3392,0,3392,myelin-exec:__mye624501,648714,648714,3,0,1621,1588,:1558:1584:1588:1621,------myelin-exec:__mye624501
11975016704,11975031072,14368,0,14368,myelin-exec:__myl_ResMulMea,648714,648714,3,0,1622,1588,:1558:1584:1588:1622,------myelin-exec:__myl_ResMulMea
11975032064,11975048416,16352,0,16352,myelin-exec:__myl_AddSqrDivMulMulTraSliSliNegConMulMulAddRes,648714,648714,3,0,1623,1588,:1558:1584:1588:1623,------myelin-exec:__myl_AddSqrDivMulMulTraSliSliNegConMulMulAddRes
11975049312,11975052256,2944,0,2944,myelin-exec:__mye624503,648714,648714,3,0,1624,1588,:1558:1584:1588:1624,------myelin-exec:__mye624503
11975052576,11975065472,12896,0,12896,myelin-exec:_gemm_mha_v2,648714,648714,3,0,1625,1588,:1558:1584:1588:1625,------myelin-exec:_gemm_mha_v2
11975066432,11975219136,152704,0,152704,myelin-exec:__myl_FcAdd,648714,648714,3,0,1626,1588,:1558:1584:1588:1626,------myelin-exec:__myl_FcAdd
11975220864,11975238240,17376,0,17376,myelin-exec:__myl_MulMeaAddSqrDivMulMul,648714,648714,3,0,1627,1588,:1558:1584:1588:1627,------myelin-exec:__myl_MulMeaAddSqrDivMulMul
11975239648,11975244736,5088,0,5088,myelin-exec:__mye624505,648714,648714,3,0,1628,1588,:1558:1584:1588:1628,------myelin-exec:__mye624505
11975245760,11975290752,44992,0,44992,myelin-exec:/gate_proj_1/MatMul,648714,648714,3,0,1629,1588,:1558:1584:1588:1629,------myelin-exec:/gate_proj_1/MatMul
11975291904,11975295648,3744,0,3744,myelin-exec:__mye624507,648714,648714,3,0,1630,1588,:1558:1584:1588:1630,------myelin-exec:__mye624507
11975296512,11975336608,40096,0,40096,myelin-exec:/up_proj_1/MatMul,648714,648714,3,0,1631,1588,:1558:1584:1588:1631,------myelin-exec:/up_proj_1/MatMul
11975337952,11975341696,3744,0,3744,myelin-exec:__mye624509,648714,648714,3,0,1632,1588,:1558:1584:1588:1632,------myelin-exec:__mye624509
11975342464,11975345760,3296,0,3296,myelin-exec:__mye624511,648714,648714,3,0,1633,1588,:1558:1584:1588:1633,------myelin-exec:__mye624511
11975346752,11975363232,16480,0,16480,myelin-exec:__myl_NegExpAddDivMulMul,648714,648714,3,0,1634,1588,:1558:1584:1588:1634,------myelin-exec:__myl_NegExpAddDivMulMul
11975364416,11975514432,150016,0,150016,myelin-exec:__myl_FcAdd,648714,648714,3,0,1635,1588,:1558:1584:1588:1635,------myelin-exec:__myl_FcAdd
11975516032,11975533856,17824,0,17824,myelin-exec:__myl_MulMeaAddSqrDivMulMul,648714,648714,3,0,1636,1588,:1558:1584:1588:1636,------myelin-exec:__myl_MulMeaAddSqrDivMulMul
11975535328,11975575744,40416,0,40416,myelin-exec:/v_proj_2/MatMul+/k_proj_2/MatMul+/q_proj_2/MatMul,648714,648714,3,0,1637,1588,:1558:1584:1588:1637,------myelin-exec:/v_proj_2/MatMul+/k_proj_2/MatMul+/q_proj_2/MatMul
11975577088,11975583232,6144,0,6144,myelin-exec:__mye624513,648714,648714,3,0,1638,1588,:1558:1584:1588:1638,------myelin-exec:__mye624513
11975584128,11975600096,15968,0,15968,myelin-exec:__myl_ResTraResSliRepRes,648714,648714,3,0,1639,1588,:1558:1584:1588:1639,------myelin-exec:__myl_ResTraResSliRepRes
11975601344,11975604960,3616,0,3616,myelin-exec:__mye624515,648714,648714,3,0,1640,1588,:1558:1584:1588:1640,------myelin-exec:__mye624515
11975605632,11975623040,17408,0,17408,myelin-exec:__myl_ResMulMea,648714,648714,3,0,1641,1588,:1558:1584:1588:1641,------myelin-exec:__myl_ResMulMea
11975624320,11975646912,22592,0,22592,myelin-exec:__myl_AddSqrDivMulMulTraSliSliNegConMulMulAddResSliRepResTraRes,648714,648714,3,0,1642,1588,:1558:1584:1588:1642,------myelin-exec:__myl_AddSqrDivMulMulTraSliSliNegConMulMulAddResSliRepResTraRes
11975648128,11975651808,3680,0,3680,myelin-exec:__mye624517,648714,648714,3,0,1643,1588,:1558:1584:1588:1643,------myelin-exec:__mye624517
11975652288,11975666112,13824,0,13824,myelin-exec:__myl_ResMulMea,648714,648714,3,0,1644,1588,:1558:1584:1588:1644,------myelin-exec:__myl_ResMulMea
11975667552,11975679168,11616,0,11616,myelin-exec:__myl_AddSqrDivMulMulTraSliSliNegConMulMulAddRes,648714,648714,3,0,1645,1588,:1558:1584:1588:1645,------myelin-exec:__myl_AddSqrDivMulMulTraSliSliNegConMulMulAddRes
11975679744,11975682528,2784,0,2784,myelin-exec:__mye624519,648714,648714,3,0,1646,1588,:1558:1584:1588:1646,------myelin-exec:__mye624519
11975683200,11975695040,11840,0,11840,myelin-exec:_gemm_mha_v2,648714,648714,3,0,1647,1588,:1558:1584:1588:1647,------myelin-exec:_gemm_mha_v2
11975696384,11975854240,157856,0,157856,myelin-exec:__myl_FcAdd,648714,648714,3,0,1648,1588,:1558:1584:1588:1648,------myelin-exec:__myl_FcAdd
11975855840,11975873600,17760,0,17760,myelin-exec:__myl_MulMeaAddSqrDivMulMul,648714,648714,3,0,1649,1588,:1558:1584:1588:1649,------myelin-exec:__myl_MulMeaAddSqrDivMulMul
11975874912,11975880160,5248,0,5248,myelin-exec:__mye624521,648714,648714,3,0,1650,1588,:1558:1584:1588:1650,------myelin-exec:__mye624521
11975881152,11975926720,45568,0,45568,myelin-exec:/gate_proj_2/MatMul,648714,648714,3,0,1651,1588,:1558:1584:1588:1651,------myelin-exec:/gate_proj_2/MatMul
11975928224,11975932352,4128,0,4128,myelin-exec:__mye624523,648714,648714,3,0,1652,1588,:1558:1584:1588:1652,------myelin-exec:__mye624523
11975933152,11975971968,38816,0,38816,myelin-exec:/up_proj_2/MatMul,648714,648714,3,0,1653,1588,:1558:1584:1588:1653,------myelin-exec:/up_proj_2/MatMul
11975973216,11975977088,3872,0,3872,myelin-exec:__mye624525,648714,648714,3,0,1654,1588,:1558:1584:1588:1654,------myelin-exec:__mye624525
11975977728,11975981088,3360,0,3360,myelin-exec:__mye624527,648714,648714,3,0,1655,1588,:1558:1584:1588:1655,------myelin-exec:__mye624527
11975981600,11975999136,17536,0,17536,myelin-exec:__myl_NegExpAddDivMulMul,648714,648714,3,0,1656,1588,:1558:1584:1588:1656,------myelin-exec:__myl_NegExpAddDivMulMul
11976000448,11976149440,148992,0,148992,myelin-exec:__myl_FcAdd,648714,648714,3,0,1657,1588,:1558:1584:1588:1657,------myelin-exec:__myl_FcAdd
11976150976,11976168128,17152,0,17152,myelin-exec:__myl_MulMeaAddSqrDivMulMul,648714,648714,3,0,1658,1588,:1558:1584:1588:1658,------myelin-exec:__myl_MulMeaAddSqrDivMulMul
11976169248,11976209792,40544,0,40544,myelin-exec:/v_proj_3/MatMul+/k_proj_3/MatMul+/q_proj_3/MatMul,648714,648714,3,0,1659,1588,:1558:1584:1588:1659,------myelin-exec:/v_proj_3/MatMul+/k_proj_3/MatMul+/q_proj_3/MatMul
11976211168,11976216672,5504,0,5504,myelin-exec:__mye624529,648714,648714,3,0,1660,1588,:1558:1584:1588:1660,------myelin-exec:__mye624529
11976217984,11976234560,16576,0,16576,myelin-exec:__myl_ResTraResSliRepRes,648714,648714,3,0,1661,1588,:1558:1584:1588:1661,------myelin-exec:__myl_ResTraResSliRepRes
11976235584,11976239456,3872,0,3872,myelin-exec:__mye624531,648714,648714,3,0,1662,1588,:1558:1584:1588:1662,------myelin-exec:__mye624531
11976240448,11976257632,17184,0,17184,myelin-exec:__myl_ResMulMea,648714,648714,3,0,1663,1588,:1558:1584:1588:1663,------myelin-exec:__myl_ResMulMea
11976259008,11976273600,14592,0,14592,myelin-exec:__myl_AddSqrDivMulMulTraSliSliNegConMulMulAddResSliRepResTraRes,648714,648714,3,0,1664,1588,:1558:1584:1588:1664,------myelin-exec:__myl_AddSqrDivMulMulTraSliSliNegConMulMulAddResSliRepResTraRes
11976274496,11976277824,3328,0,3328,myelin-exec:__mye624533,648714,648714,3,0,1665,1588,:1558:1584:1588:1665,------myelin-exec:__mye624533
11976278400,11976291904,13504,0,13504,myelin-exec:__myl_ResMulMea,648714,648714,3,0,1666,1588,:1558:1584:1588:1666,------myelin-exec:__myl_ResMulMea
11976292896,11976304928,12032,0,12032,myelin-exec:__myl_AddSqrDivMulMulTraSliSliNegConMulMulAddRes,648714,648714,3,0,1667,1588,:1558:1584:1588:1667,------myelin-exec:__myl_AddSqrDivMulMulTraSliSliNegConMulMulAddRes
11976305728,11976308960,3232,0,3232,myelin-exec:__mye624535,648714,648714,3,0,1668,1588,:1558:1584:1588:1668,------myelin-exec:__mye624535
11976309600,11976321568,11968,0,11968,myelin-exec:_gemm_mha_v2,648714,648714,3,0,1669,1588,:1558:1584:1588:1669,------myelin-exec:_gemm_mha_v2
11976322400,11976472544,150144,0,150144,myelin-exec:__myl_FcAdd,648714,648714,3,0,1670,1588,:1558:1584:1588:1670,------myelin-exec:__myl_FcAdd
11976474272,11976490944,16672,0,16672,myelin-exec:__myl_MulMeaAddSqrDivMulMul,648714,648714,3,0,1671,1588,:1558:1584:1588:1671,------myelin-exec:__myl_MulMeaAddSqrDivMulMul
11976492064,11976497024,4960,0,4960,myelin-exec:__mye624537,648714,648714,3,0,1672,1588,:1558:1584:1588:1672,------myelin-exec:__mye624537
11976497440,11976539616,42176,0,42176,myelin-exec:/gate_proj_3/MatMul,648714,648714,3,0,1673,1588,:1558:1584:1588:1673,------myelin-exec:/gate_proj_3/MatMul
11976541120,11976545248,4128,0,4128,myelin-exec:__mye624539,648714,648714,3,0,1674,1588,:1558:1584:1588:1674,------myelin-exec:__mye624539
11976546016,11976590592,44576,0,44576,myelin-exec:/up_proj_3/MatMul,648714,648714,3,0,1675,1588,:1558:1584:1588:1675,------myelin-exec:/up_proj_3/MatMul
11976591936,11976595744,3808,0,3808,myelin-exec:__mye624541,648714,648714,3,0,1676,1588,:1558:1584:1588:1676,------myelin-exec:__mye624541
11976596832,11976600512,3680,0,3680,myelin-exec:__mye624543,648714,648714,3,0,1677,1588,:1558:1584:1588:1677,------myelin-exec:__mye624543
11976601280,11976618336,17056,0,17056,myelin-exec:__myl_NegExpAddDivMulMul,648714,648714,3,0,1678,1588,:1558:1584:1588:1678,------myelin-exec:__myl_NegExpAddDivMulMul
11976619776,11976767680,147904,0,147904,myelin-exec:__myl_FcAdd,648714,648714,3,0,1679,1588,:1558:1584:1588:1679,------myelin-exec:__myl_FcAdd
11976769472,11976785632,16160,0,16160,myelin-exec:__myl_MulMeaAddSqrDivMulMul,648714,648714,3,0,1680,1588,:1558:1584:1588:1680,------myelin-exec:__myl_MulMeaAddSqrDivMulMul
11976786688,11976828160,41472,0,41472,myelin-exec:/v_proj_4/MatMul+/k_proj_4/MatMul+/q_proj_4/MatMul,648714,648714,3,0,1681,1588,:1558:1584:1588:1681,------myelin-exec:/v_proj_4/MatMul+/k_proj_4/MatMul+/q_proj_4/MatMul
11976829792,11976834560,4768,0,4768,myelin-exec:__mye624545,648714,648714,3,0,1682,1588,:1558:1584:1588:1682,------myelin-exec:__mye624545
11976835680,11976850752,15072,0,15072,myelin-exec:__myl_ResTraResSliRepRes,648714,648714,3,0,1683,1588,:1558:1584:1588:1683,------myelin-exec:__myl_ResTraResSliRepRes
11976852448,11976855808,3360,0,3360,myelin-exec:__mye624547,648714,648714,3,0,1684,1588,:1558:1584:1588:1684,------myelin-exec:__mye624547
11976856800,11976871808,15008,0,15008,myelin-exec:__myl_ResMulMea,648714,648714,3,0,1685,1588,:1558:1584:1588:1685,------myelin-exec:__myl_ResMulMea
11976872608,11976886816,14208,0,14208,myelin-exec:__myl_AddSqrDivMulMulTraSliSliNegConMulMulAddResSliRepResTraRes,648714,648714,3,0,1686,1588,:1558:1584:1588:1686,------myelin-exec:__myl_AddSqrDivMulMulTraSliSliNegConMulMulAddResSliRepResTraRes
11976887552,11976890624,3072,0,3072,myelin-exec:__mye624549,648714,648714,3,0,1687,1588,:1558:1584:1588:1687,------myelin-exec:__mye624549
11976891552,11976904288,12736,0,12736,myelin-exec:__myl_ResMulMea,648714,648714,3,0,1688,1588,:1558:1584:1588:1688,------myelin-exec:__myl_ResMulMea
11976905120,11976916320,11200,0,11200,myelin-exec:__myl_AddSqrDivMulMulTraSliSliNegConMulMulAddRes,648714,648714,3,0,1689,1588,:1558:1584:1588:1689,------myelin-exec:__myl_AddSqrDivMulMulTraSliSliNegConMulMulAddRes
11976917472,11976920128,2656,0,2656,myelin-exec:__mye624551,648714,648714,3,0,1690,1588,:1558:1584:1588:1690,------myelin-exec:__mye624551
11976920736,11976932576,11840,0,11840,myelin-exec:_gemm_mha_v2,648714,648714,3,0,1691,1588,:1558:1584:1588:1691,------myelin-exec:_gemm_mha_v2
11976933504,11977112096,178592,0,178592,myelin-exec:__myl_FcAdd,648714,648714,3,0,1692,1588,:1558:1584:1588:1692,------myelin-exec:__myl_FcAdd
11977114176,11977132096,17920,0,17920,myelin-exec:__myl_MulMeaAddSqrDivMulMul,648714,648714,3,0,1693,1588,:1558:1584:1588:1693,------myelin-exec:__myl_MulMeaAddSqrDivMulMul
11977133440,11977138656,5216,0,5216,myelin-exec:__mye624553,648714,648714,3,0,1694,1588,:1558:1584:1588:1694,------myelin-exec:__mye624553
11977139712,11977184544,44832,0,44832,myelin-exec:/gate_proj_4/MatMul,648714,648714,3,0,1695,1588,:1558:1584:1588:1695,------myelin-exec:/gate_proj_4/MatMul
11977185920,11977189952,4032,0,4032,myelin-exec:__mye624555,648714,648714,3,0,1696,1588,:1558:1584:1588:1696,------myelin-exec:__mye624555
11977190848,11977239040,48192,0,48192,myelin-exec:/up_proj_4/MatMul,648714,648714,3,0,1697,1588,:1558:1584:1588:1697,------myelin-exec:/up_proj_4/MatMul
11977241120,11977244960,3840,0,3840,myelin-exec:__mye624557,648714,648714,3,0,1698,1588,:1558:1584:1588:1698,------myelin-exec:__mye624557
11977246304,11977250432,4128,0,4128,myelin-exec:__mye624559,648714,648714,3,0,1699,1588,:1558:1584:1588:1699,------myelin-exec:__mye624559
11977251552,11977269568,18016,0,18016,myelin-exec:__myl_NegExpAddDivMulMul,648714,648714,3,0,1700,1588,:1558:1584:1588:1700,------myelin-exec:__myl_NegExpAddDivMulMul
11977271200,11977424832,153632,0,153632,myelin-exec:__myl_FcAdd,648714,648714,3,0,1701,1588,:1558:1584:1588:1701,------myelin-exec:__myl_FcAdd
11977426272,11977445472,19200,0,19200,myelin-exec:__myl_MulMeaAddSqrDivMulMul,648714,648714,3,0,1702,1588,:1558:1584:1588:1702,------myelin-exec:__myl_MulMeaAddSqrDivMulMul
11977446752,11977490880,44128,0,44128,myelin-exec:/v_proj_5/MatMul+/k_proj_5/MatMul+/q_proj_5/MatMul,648714,648714,3,0,1703,1588,:1558:1584:1588:1703,------myelin-exec:/v_proj_5/MatMul+/k_proj_5/MatMul+/q_proj_5/MatMul
11977492320,11977497888,5568,0,5568,myelin-exec:__mye624561,648714,648714,3,0,1704,1588,:1558:1584:1588:1704,------myelin-exec:__mye624561
11977499008,11977516544,17536,0,17536,myelin-exec:__myl_ResTraResSliRepRes,648714,648714,3,0,1705,1588,:1558:1584:1588:1705,------myelin-exec:__myl_ResTraResSliRepRes
11977517856,11977521792,3936,0,3936,myelin-exec:__mye624563,648714,648714,3,0,1706,1588,:1558:1584:1588:1706,------myelin-exec:__mye624563
11977522816,11977538528,15712,0,15712,myelin-exec:__myl_ResMulMea,648714,648714,3,0,1707,1588,:1558:1584:1588:1707,------myelin-exec:__myl_ResMulMea
11977539616,11977553984,14368,0,14368,myelin-exec:__myl_AddSqrDivMulMulTraSliSliNegConMulMulAddResSliRepResTraRes,648714,648714,3,0,1708,1588,:1558:1584:1588:1708,------myelin-exec:__myl_AddSqrDivMulMulTraSliSliNegConMulMulAddResSliRepResTraRes
11977555136,11977558304,3168,0,3168,myelin-exec:__mye624565,648714,648714,3,0,1709,1588,:1558:1584:1588:1709,------myelin-exec:__mye624565
11977559200,11977572288,13088,0,13088,myelin-exec:__myl_ResMulMea,648714,648714,3,0,1710,1588,:1558:1584:1588:1710,------myelin-exec:__myl_ResMulMea
11977573376,11977585920,12544,0,12544,myelin-exec:__myl_AddSqrDivMulMulTraSliSliNegConMulMulAddRes,648714,648714,3,0,1711,1588,:1558:1584:1588:1711,------myelin-exec:__myl_AddSqrDivMulMulTraSliSliNegConMulMulAddRes
11977587136,11977590208,3072,0,3072,myelin-exec:__mye624567,648714,648714,3,0,1712,1588,:1558:1584:1588:1712,------myelin-exec:__mye624567
11977591040,11977603136,12096,0,12096,myelin-exec:_gemm_mha_v2,648714,648714,3,0,1713,1588,:1558:1584:1588:1713,------myelin-exec:_gemm_mha_v2
11977604096,11977755776,151680,0,151680,myelin-exec:__myl_FcAdd,648714,648714,3,0,1714,1588,:1558:1584:1588:1714,------myelin-exec:__myl_FcAdd
11977757824,11977774208,16384,0,16384,myelin-exec:__myl_MulMeaAddSqrDivMulMul,648714,648714,3,0,1715,1588,:1558:1584:1588:1715,------myelin-exec:__myl_MulMeaAddSqrDivMulMul
11977776000,11977779840,3840,0,3840,myelin-exec:__mye624569,648714,648714,3,0,1716,1588,:1558:1584:1588:1716,------myelin-exec:__mye624569
11977780832,11977826400,45568,0,45568,myelin-exec:/gate_proj_5/MatMul,648714,648714,3,0,1717,1588,:1558:1584:1588:1717,------myelin-exec:/gate_proj_5/MatMul
11977827840,11977831200,3360,0,3360,myelin-exec:__mye624571,648714,648714,3,0,1718,1588,:1558:1584:1588:1718,------myelin-exec:__mye624571
11977831968,11977870208,38240,0,38240,myelin-exec:/up_proj_5/MatMul,648714,648714,3,0,1719,1588,:1558:1584:1588:1719,------myelin-exec:/up_proj_5/MatMul
11977871488,11977874944,3456,0,3456,myelin-exec:__mye624573,648714,648714,3,0,1720,1588,:1558:1584:1588:1720,------myelin-exec:__mye624573
11977875680,11977878816,3136,0,3136,myelin-exec:__mye624575,648714,648714,3,0,1721,1588,:1558:1584:1588:1721,------myelin-exec:__mye624575
11977879744,11977896768,17024,0,17024,myelin-exec:__myl_NegExpAddDivMulMul,648714,648714,3,0,1722,1588,:1558:1584:1588:1722,------myelin-exec:__myl_NegExpAddDivMulMul
11977897632,11978042240,144608,0,144608,myelin-exec:__myl_FcAdd,648714,648714,3,0,1723,1588,:1558:1584:1588:1723,------myelin-exec:__myl_FcAdd
11978044000,11978058272,14272,0,14272,myelin-exec:__myl_MulMeaAddSqrDivMulMul,648714,648714,3,0,1724,1588,:1558:1584:1588:1724,------myelin-exec:__myl_MulMeaAddSqrDivMulMul
11978059648,11978101312,41664,0,41664,myelin-exec:/v_proj_6/MatMul+/k_proj_6/MatMul+/q_proj_6/MatMul,648714,648714,3,0,1725,1588,:1558:1584:1588:1725,------myelin-exec:/v_proj_6/MatMul+/k_proj_6/MatMul+/q_proj_6/MatMul
11978102496,11978107424,4928,0,4928,myelin-exec:__mye624577,648714,648714,3,0,1726,1588,:1558:1584:1588:1726,------myelin-exec:__mye624577
11978108672,11978124064,15392,0,15392,myelin-exec:__myl_ResTraResSliRepRes,648714,648714,3,0,1727,1588,:1558:1584:1588:1727,------myelin-exec:__myl_ResTraResSliRepRes
11978125536,11978128672,3136,0,3136,myelin-exec:__mye624579,648714,648714,3,0,1728,1588,:1558:1584:1588:1728,------myelin-exec:__mye624579
11978129632,11978151520,21888,0,21888,myelin-exec:__myl_ResMulMea,648714,648714,3,0,1729,1588,:1558:1584:1588:1729,------myelin-exec:__myl_ResMulMea
11978152960,11978167904,14944,0,14944,myelin-exec:__myl_AddSqrDivMulMulTraSliSliNegConMulMulAddResSliRepResTraRes,648714,648714,3,0,1730,1588,:1558:1584:1588:1730,------myelin-exec:__myl_AddSqrDivMulMulTraSliSliNegConMulMulAddResSliRepResTraRes
11978168960,11978172480,3520,0,3520,myelin-exec:__mye624581,648714,648714,3,0,1731,1588,:1558:1584:1588:1731,------myelin-exec:__mye624581
11978173440,11978187264,13824,0,13824,myelin-exec:__myl_ResMulMea,648714,648714,3,0,1732,1588,:1558:1584:1588:1732,------myelin-exec:__myl_ResMulMea
11978188320,11978200640,12320,0,12320,myelin-exec:__myl_AddSqrDivMulMulTraSliSliNegConMulMulAddRes,648714,648714,3,0,1733,1588,:1558:1584:1588:1733,------myelin-exec:__myl_AddSqrDivMulMulTraSliSliNegConMulMulAddRes
11978201696,11978204064,2368,0,2368,myelin-exec:__mye624583,648714,648714,3,0,1734,1588,:1558:1584:1588:1734,------myelin-exec:__mye624583
11978205056,11978217216,12160,0,12160,myelin-exec:_gemm_mha_v2,648714,648714,3,0,1735,1588,:1558:1584:1588:1735,------myelin-exec:_gemm_mha_v2
11978218528,11978369824,151296,0,151296,myelin-exec:__myl_FcAdd,648714,648714,3,0,1736,1588,:1558:1584:1588:1736,------myelin-exec:__myl_FcAdd
11978371360,11978386240,14880,0,14880,myelin-exec:__myl_MulMeaAddSqrDivMulMul,648714,648714,3,0,1737,1588,:1558:1584:1588:1737,------myelin-exec:__myl_MulMeaAddSqrDivMulMul
11978387712,11978391936,4224,0,4224,myelin-exec:__mye624585,648714,648714,3,0,1738,1588,:1558:1584:1588:1738,------myelin-exec:__mye624585
11978392672,11978433376,40704,0,40704,myelin-exec:/gate_proj_6/MatMul,648714,648714,3,0,1739,1588,:1558:1584:1588:1739,------myelin-exec:/gate_proj_6/MatMul
11978435008,11978438432,3424,0,3424,myelin-exec:__mye624587,648714,648714,3,0,1740,1588,:1558:1584:1588:1740,------myelin-exec:__mye624587
11978439360,11978480416,41056,0,41056,myelin-exec:/up_proj_6/MatMul,648714,648714,3,0,1741,1588,:1558:1584:1588:1741,------myelin-exec:/up_proj_6/MatMul
11978481696,11978484896,3200,0,3200,myelin-exec:__mye624589,648714,648714,3,0,1742,1588,:1558:1584:1588:1742,------myelin-exec:__mye624589
11978485824,11978488672,2848,0,2848,myelin-exec:__mye624591,648714,648714,3,0,1743,1588,:1558:1584:1588:1743,------myelin-exec:__mye624591
11978489760,11978505536,15776,0,15776,myelin-exec:__myl_NegExpAddDivMulMul,648714,648714,3,0,1744,1588,:1558:1584:1588:1744,------myelin-exec:__myl_NegExpAddDivMulMul
11978506240,11978659072,152832,0,152832,myelin-exec:__myl_FcAdd,648714,648714,3,0,1745,1588,:1558:1584:1588:1745,------myelin-exec:__myl_FcAdd
11978660928,11978678848,17920,0,17920,myelin-exec:__myl_MulMeaAddSqrDivMulMul,648714,648714,3,0,1746,1588,:1558:1584:1588:1746,------myelin-exec:__myl_MulMeaAddSqrDivMulMul
11978680448,11978730080,49632,0,49632,myelin-exec:/v_proj_7/MatMul+/k_proj_7/MatMul+/q_proj_7/MatMul,648714,648714,3,0,1747,1588,:1558:1584:1588:1747,------myelin-exec:/v_proj_7/MatMul+/k_proj_7/MatMul+/q_proj_7/MatMul
11978731424,11978737984,6560,0,6560,myelin-exec:__mye624593,648714,648714,3,0,1748,1588,:1558:1584:1588:1748,------myelin-exec:__mye624593
11978739104,11978759264,20160,0,20160,myelin-exec:__myl_ResTraResSliRepRes,648714,648714,3,0,1749,1588,:1558:1584:1588:1749,------myelin-exec:__myl_ResTraResSliRepRes
11978760512,11978764736,4224,0,4224,myelin-exec:__mye624595,648714,648714,3,0,1750,1588,:1558:1584:1588:1750,------myelin-exec:__mye624595
11978765472,11978782112,16640,0,16640,myelin-exec:__myl_ResMulMea,648714,648714,3,0,1751,1588,:1558:1584:1588:1751,------myelin-exec:__myl_ResMulMea
11978783488,11978805152,21664,0,21664,myelin-exec:__myl_AddSqrDivMulMulTraSliSliNegConMulMulAddResSliRepResTraRes,648714,648714,3,0,1752,1588,:1558:1584:1588:1752,------myelin-exec:__myl_AddSqrDivMulMulTraSliSliNegConMulMulAddResSliRepResTraRes
11978806304,11978809696,3392,0,3392,myelin-exec:__mye624597,648714,648714,3,0,1753,1588,:1558:1584:1588:1753,------myelin-exec:__mye624597
11978810624,11978825184,14560,0,14560,myelin-exec:__myl_ResMulMea,648714,648714,3,0,1754,1588,:1558:1584:1588:1754,------myelin-exec:__myl_ResMulMea
11978826528,11978839424,12896,0,12896,myelin-exec:__myl_AddSqrDivMulMulTraSliSliNegConMulMulAddRes,648714,648714,3,0,1755,1588,:1558:1584:1588:1755,------myelin-exec:__myl_AddSqrDivMulMulTraSliSliNegConMulMulAddRes
11978840384,11978843424,3040,0,3040,myelin-exec:__mye624599,648714,648714,3,0,1756,1588,:1558:1584:1588:1756,------myelin-exec:__mye624599
11978844256,11978857024,12768,0,12768,myelin-exec:_gemm_mha_v2,648714,648714,3,0,1757,1588,:1558:1584:1588:1757,------myelin-exec:_gemm_mha_v2
11978858048,11979010624,152576,0,152576,myelin-exec:__myl_FcAdd,648714,648714,3,0,1758,1588,:1558:1584:1588:1758,------myelin-exec:__myl_FcAdd
11979012672,11979028000,15328,0,15328,myelin-exec:__myl_MulMeaAddSqrDivMulMul,648714,648714,3,0,1759,1588,:1558:1584:1588:1759,------myelin-exec:__myl_MulMeaAddSqrDivMulMul
11979029536,11979033568,4032,0,4032,myelin-exec:__mye624601,648714,648714,3,0,1760,1588,:1558:1584:1588:1760,------myelin-exec:__mye624601
11979034304,11979084416,50112,0,50112,myelin-exec:/gate_proj_7/MatMul,648714,648714,3,0,1761,1588,:1558:1584:1588:1761,------myelin-exec:/gate_proj_7/MatMul
11979085856,11979089280,3424,0,3424,myelin-exec:__mye624603,648714,648714,3,0,1762,1588,:1558:1584:1588:1762,------myelin-exec:__mye624603
11979090528,11979132672,42144,0,42144,myelin-exec:/up_proj_7/MatMul,648714,648714,3,0,1763,1588,:1558:1584:1588:1763,------myelin-exec:/up_proj_7/MatMul
11979133984,11979137440,3456,0,3456,myelin-exec:__mye624605,648714,648714,3,0,1764,1588,:1558:1584:1588:1764,------myelin-exec:__mye624605
11979137888,11979141344,3456,0,3456,myelin-exec:__mye624607,648714,648714,3,0,1765,1588,:1558:1584:1588:1765,------myelin-exec:__mye624607
11979142080,11979160448,18368,0,18368,myelin-exec:__myl_NegExpAddDivMulMul,648714,648714,3,0,1766,1588,:1558:1584:1588:1766,------myelin-exec:__myl_NegExpAddDivMulMul
11979161696,11979305152,143456,0,143456,myelin-exec:__myl_FcAdd,648714,648714,3,0,1767,1588,:1558:1584:1588:1767,------myelin-exec:__myl_FcAdd
11979306656,11979321920,15264,0,15264,myelin-exec:__myl_MulMeaAddSqrDivMulMul,648714,648714,3,0,1768,1588,:1558:1584:1588:1768,------myelin-exec:__myl_MulMeaAddSqrDivMulMul
11979322848,11979362304,39456,0,39456,myelin-exec:/v_proj_8/MatMul+/k_proj_8/MatMul+/q_proj_8/MatMul,648714,648714,3,0,1769,1588,:1558:1584:1588:1769,------myelin-exec:/v_proj_8/MatMul+/k_proj_8/MatMul+/q_proj_8/MatMul
11979363776,11979367840,4064,0,4064,myelin-exec:__mye624609,648714,648714,3,0,1770,1588,:1558:1584:1588:1770,------myelin-exec:__mye624609
11979368832,11979383872,15040,0,15040,myelin-exec:__myl_ResTraResSliRepRes,648714,648714,3,0,1771,1588,:1558:1584:1588:1771,------myelin-exec:__myl_ResTraResSliRepRes
11979385216,11979388576,3360,0,3360,myelin-exec:__mye624611,648714,648714,3,0,1772,1588,:1558:1584:1588:1772,------myelin-exec:__mye624611
11979389888,11979405344,15456,0,15456,myelin-exec:__myl_ResMulMea,648714,648714,3,0,1773,1588,:1558:1584:1588:1773,------myelin-exec:__myl_ResMulMea
11979406528,11979429248,22720,0,22720,myelin-exec:__myl_AddSqrDivMulMulTraSliSliNegConMulMulAddResSliRepResTraRes,648714,648714,3,0,1774,1588,:1558:1584:1588:1774,------myelin-exec:__myl_AddSqrDivMulMulTraSliSliNegConMulMulAddResSliRepResTraRes
11979430592,11979434560,3968,0,3968,myelin-exec:__mye624613,648714,648714,3,0,1775,1588,:1558:1584:1588:1775,------myelin-exec:__mye624613
11979435584,11979449696,14112,0,14112,myelin-exec:__myl_ResMulMea,648714,648714,3,0,1776,1588,:1558:1584:1588:1776,------myelin-exec:__myl_ResMulMea
11979450592,11979463328,12736,0,12736,myelin-exec:__myl_AddSqrDivMulMulTraSliSliNegConMulMulAddRes,648714,648714,3,0,1777,1588,:1558:1584:1588:1777,------myelin-exec:__myl_AddSqrDivMulMulTraSliSliNegConMulMulAddRes
11979464352,11979467008,2656,0,2656,myelin-exec:__mye624615,648714,648714,3,0,1778,1588,:1558:1584:1588:1778,------myelin-exec:__mye624615
11979467872,11979480448,12576,0,12576,myelin-exec:_gemm_mha_v2,648714,648714,3,0,1779,1588,:1558:1584:1588:1779,------myelin-exec:_gemm_mha_v2
11979481280,11979635968,154688,0,154688,myelin-exec:__myl_FcAdd,648714,648714,3,0,1780,1588,:1558:1584:1588:1780,------myelin-exec:__myl_FcAdd
11979637504,11979655712,18208,0,18208,myelin-exec:__myl_MulMeaAddSqrDivMulMul,648714,648714,3,0,1781,1588,:1558:1584:1588:1781,------myelin-exec:__myl_MulMeaAddSqrDivMulMul
11979656800,11979661856,5056,0,5056,myelin-exec:__mye624617,648714,648714,3,0,1782,1588,:1558:1584:1588:1782,------myelin-exec:__mye624617
11979663040,11979711680,48640,0,48640,myelin-exec:/gate_proj_8/MatMul,648714,648714,3,0,1783,1588,:1558:1584:1588:1783,------myelin-exec:/gate_proj_8/MatMul
11979713152,11979717536,4384,0,4384,myelin-exec:__mye624619,648714,648714,3,0,1784,1588,:1558:1584:1588:1784,------myelin-exec:__mye624619
11979718848,11979766656,47808,0,47808,myelin-exec:/up_proj_8/MatMul,648714,648714,3,0,1785,1588,:1558:1584:1588:1785,------myelin-exec:/up_proj_8/MatMul
11979768128,11979772608,4480,0,4480,myelin-exec:__mye624621,648714,648714,3,0,1786,1588,:1558:1584:1588:1786,------myelin-exec:__mye624621
11979773600,11979777376,3776,0,3776,myelin-exec:__mye624623,648714,648714,3,0,1787,1588,:1558:1584:1588:1787,------myelin-exec:__mye624623
11979778432,11979796992,18560,0,18560,myelin-exec:__myl_NegExpAddDivMulMul,648714,648714,3,0,1788,1588,:1558:1584:1588:1788,------myelin-exec:__myl_NegExpAddDivMulMul
11979798208,11979952608,154400,0,154400,myelin-exec:__myl_FcAdd,648714,648714,3,0,1789,1588,:1558:1584:1588:1789,------myelin-exec:__myl_FcAdd
11979953984,11979969280,15296,0,15296,myelin-exec:__myl_MulMeaAddSqrDivMulMul,648714,648714,3,0,1790,1588,:1558:1584:1588:1790,------myelin-exec:__myl_MulMeaAddSqrDivMulMul
11979970624,11980015648,45024,0,45024,myelin-exec:/v_proj_9/MatMul+/k_proj_9/MatMul+/q_proj_9/MatMul,648714,648714,3,0,1791,1588,:1558:1584:1588:1791,------myelin-exec:/v_proj_9/MatMul+/k_proj_9/MatMul+/q_proj_9/MatMul
11980017088,11980022080,4992,0,4992,myelin-exec:__mye624625,648714,648714,3,0,1792,1588,:1558:1584:1588:1792,------myelin-exec:__mye624625
11980022848,11980040224,17376,0,17376,myelin-exec:__myl_ResTraResSliRepRes,648714,648714,3,0,1793,1588,:1558:1584:1588:1793,------myelin-exec:__myl_ResTraResSliRepRes
11980041664,11980045312,3648,0,3648,myelin-exec:__mye624627,648714,648714,3,0,1794,1588,:1558:1584:1588:1794,------myelin-exec:__mye624627
11980046592,11980065152,18560,0,18560,myelin-exec:__myl_ResMulMea,648714,648714,3,0,1795,1588,:1558:1584:1588:1795,------myelin-exec:__myl_ResMulMea
11980066688,11980082144,15456,0,15456,myelin-exec:__myl_AddSqrDivMulMulTraSliSliNegConMulMulAddResSliRepResTraRes,648714,648714,3,0,1796,1588,:1558:1584:1588:1796,------myelin-exec:__myl_AddSqrDivMulMulTraSliSliNegConMulMulAddResSliRepResTraRes
11980083584,11980086752,3168,0,3168,myelin-exec:__mye624629,648714,648714,3,0,1797,1588,:1558:1584:1588:1797,------myelin-exec:__mye624629
11980087552,11980100288,12736,0,12736,myelin-exec:__myl_ResMulMea,648714,648714,3,0,1798,1588,:1558:1584:1588:1798,------myelin-exec:__myl_ResMulMea
11980101504,11980114208,12704,0,12704,myelin-exec:__myl_AddSqrDivMulMulTraSliSliNegConMulMulAddRes,648714,648714,3,0,1799,1588,:1558:1584:1588:1799,------myelin-exec:__myl_AddSqrDivMulMulTraSliSliNegConMulMulAddRes
11980115264,11980117792,2528,0,2528,myelin-exec:__mye624631,648714,648714,3,0,1800,1588,:1558:1584:1588:1800,------myelin-exec:__mye624631
11980118112,11980130496,12384,0,12384,myelin-exec:_gemm_mha_v2,648714,648714,3,0,1801,1588,:1558:1584:1588:1801,------myelin-exec:_gemm_mha_v2
11980131744,11980294144,162400,0,162400,myelin-exec:__myl_FcAdd,648714,648714,3,0,1802,1588,:1558:1584:1588:1802,------myelin-exec:__myl_FcAdd
11980295904,11980314432,18528,0,18528,myelin-exec:__myl_MulMeaAddSqrDivMulMul,648714,648714,3,0,1803,1588,:1558:1584:1588:1803,------myelin-exec:__myl_MulMeaAddSqrDivMulMul
11980315872,11980320864,4992,0,4992,myelin-exec:__mye624633,648714,648714,3,0,1804,1588,:1558:1584:1588:1804,------myelin-exec:__mye624633
11980321824,11980368288,46464,0,46464,myelin-exec:/gate_proj_9/MatMul,648714,648714,3,0,1805,1588,:1558:1584:1588:1805,------myelin-exec:/gate_proj_9/MatMul
11980369728,11980373856,4128,0,4128,myelin-exec:__mye624635,648714,648714,3,0,1806,1588,:1558:1584:1588:1806,------myelin-exec:__mye624635
11980374688,11980421824,47136,0,47136,myelin-exec:/up_proj_9/MatMul,648714,648714,3,0,1807,1588,:1558:1584:1588:1807,------myelin-exec:/up_proj_9/MatMul
11980423232,11980426976,3744,0,3744,myelin-exec:__mye624637,648714,648714,3,0,1808,1588,:1558:1584:1588:1808,------myelin-exec:__mye624637
11980427712,11980431008,3296,0,3296,myelin-exec:__mye624639,648714,648714,3,0,1809,1588,:1558:1584:1588:1809,------myelin-exec:__mye624639
11980431776,11980450048,18272,0,18272,myelin-exec:__myl_NegExpAddDivMulMul,648714,648714,3,0,1810,1588,:1558:1584:1588:1810,------myelin-exec:__myl_NegExpAddDivMulMul
11980451520,11980600160,148640,0,148640,myelin-exec:__myl_FcAdd,648714,648714,3,0,1811,1588,:1558:1584:1588:1811,------myelin-exec:__myl_FcAdd
11980601888,11980619328,17440,0,17440,myelin-exec:__myl_MulMeaAddSqrDivMulMul,648714,648714,3,0,1812,1588,:1558:1584:1588:1812,------myelin-exec:__myl_MulMeaAddSqrDivMulMul
11980620480,11980661984,41504,0,41504,myelin-exec:/v_proj_10/MatMul+/k_proj_10/MatMul+/q_proj_10/MatMul,648714,648714,3,0,1813,1588,:1558:1584:1588:1813,------myelin-exec:/v_proj_10/MatMul+/k_proj_10/MatMul+/q_proj_10/MatMul
11980663296,11980668704,5408,0,5408,myelin-exec:__mye624641,648714,648714,3,0,1814,1588,:1558:1584:1588:1814,------myelin-exec:__mye624641
11980669568,11980685728,16160,0,16160,myelin-exec:__myl_ResTraResSliRepRes,648714,648714,3,0,1815,1588,:1558:1584:1588:1815,------myelin-exec:__myl_ResTraResSliRepRes
11980686880,11980690688,3808,0,3808,myelin-exec:__mye624643,648714,648714,3,0,1816,1588,:1558:1584:1588:1816,------myelin-exec:__mye624643
11980691360,11980708736,17376,0,17376,myelin-exec:__myl_ResMulMea,648714,648714,3,0,1817,1588,:1558:1584:1588:1817,------myelin-exec:__myl_ResMulMea
11980710016,11980725440,15424,0,15424,myelin-exec:__myl_AddSqrDivMulMulTraSliSliNegConMulMulAddResSliRepResTraRes,648714,648714,3,0,1818,1588,:1558:1584:1588:1818,------myelin-exec:__myl_AddSqrDivMulMulTraSliSliNegConMulMulAddResSliRepResTraRes
11980726560,11980729696,3136,0,3136,myelin-exec:__mye624645,648714,648714,3,0,1819,1588,:1558:1584:1588:1819,------myelin-exec:__mye624645
11980730560,11980744160,13600,0,13600,myelin-exec:__myl_ResMulMea,648714,648714,3,0,1820,1588,:1558:1584:1588:1820,------myelin-exec:__myl_ResMulMea
11980745312,11980757184,11872,0,11872,myelin-exec:__myl_AddSqrDivMulMulTraSliSliNegConMulMulAddRes,648714,648714,3,0,1821,1588,:1558:1584:1588:1821,------myelin-exec:__myl_AddSqrDivMulMulTraSliSliNegConMulMulAddRes
11980758048,11980760896,2848,0,2848,myelin-exec:__mye624647,648714,648714,3,0,1822,1588,:1558:1584:1588:1822,------myelin-exec:__mye624647
11980761952,11980774432,12480,0,12480,myelin-exec:_gemm_mha_v2,648714,648714,3,0,1823,1588,:1558:1584:1588:1823,------myelin-exec:_gemm_mha_v2
11980775552,11980938144,162592,0,162592,myelin-exec:__myl_FcAdd,648714,648714,3,0,1824,1588,:1558:1584:1588:1824,------myelin-exec:__myl_FcAdd
11980939904,11980985440,45536,0,45536,myelin-exec:__myl_MulMeaAddSqrDivMulMul,648714,648714,3,0,1825,1588,:1558:1584:1588:1825,------myelin-exec:__myl_MulMeaAddSqrDivMulMul
11980987040,11980993376,6336,0,6336,myelin-exec:__mye624649,648714,648714,3,0,1826,1588,:1558:1584:1588:1826,------myelin-exec:__mye624649
11980995104,11981050496,55392,0,55392,myelin-exec:/gate_proj_10/MatMul,648714,648714,3,0,1827,1588,:1558:1584:1588:1827,------myelin-exec:/gate_proj_10/MatMul
11981052064,11981056928,4864,0,4864,myelin-exec:__mye624651,648714,648714,3,0,1828,1588,:1558:1584:1588:1828,------myelin-exec:__mye624651
11981058112,11981111776,53664,0,53664,myelin-exec:/up_proj_10/MatMul,648714,648714,3,0,1829,1588,:1558:1584:1588:1829,------myelin-exec:/up_proj_10/MatMul
11981113600,11981118432,4832,0,4832,myelin-exec:__mye624653,648714,648714,3,0,1830,1588,:1558:1584:1588:1830,------myelin-exec:__mye624653
11981119744,11981123776,4032,0,4032,myelin-exec:__mye624655,648714,648714,3,0,1831,1588,:1558:1584:1588:1831,------myelin-exec:__mye624655
11981124704,11981146592,21888,0,21888,myelin-exec:__myl_NegExpAddDivMulMul,648714,648714,3,0,1832,1588,:1558:1584:1588:1832,------myelin-exec:__myl_NegExpAddDivMulMul
11981148128,11981298336,150208,0,150208,myelin-exec:__myl_FcAdd,648714,648714,3,0,1833,1588,:1558:1584:1588:1833,------myelin-exec:__myl_FcAdd
11981300288,11981316384,16096,0,16096,myelin-exec:__myl_MulMeaAddSqrDivMulMul,648714,648714,3,0,1834,1588,:1558:1584:1588:1834,------myelin-exec:__myl_MulMeaAddSqrDivMulMul
11981317568,11981358144,40576,0,40576,myelin-exec:/v_proj_11/MatMul+/k_proj_11/MatMul+/q_proj_11/MatMul,648714,648714,3,0,1835,1588,:1558:1584:1588:1835,------myelin-exec:/v_proj_11/MatMul+/k_proj_11/MatMul+/q_proj_11/MatMul
11981359616,11981364096,4480,0,4480,myelin-exec:__mye624657,648714,648714,3,0,1836,1588,:1558:1584:1588:1836,------myelin-exec:__mye624657
11981365152,11981380288,15136,0,15136,myelin-exec:__myl_ResTraResSliRepRes,648714,648714,3,0,1837,1588,:1558:1584:1588:1837,------myelin-exec:__myl_ResTraResSliRepRes
11981381344,11981384768,3424,0,3424,myelin-exec:__mye624659,648714,648714,3,0,1838,1588,:1558:1584:1588:1838,------myelin-exec:__mye624659
11981385728,11981401600,15872,0,15872,myelin-exec:__myl_ResMulMea,648714,648714,3,0,1839,1588,:1558:1584:1588:1839,------myelin-exec:__myl_ResMulMea
11981402848,11981417824,14976,0,14976,myelin-exec:__myl_AddSqrDivMulMulTraSliSliNegConMulMulAddResSliRepResTraRes,648714,648714,3,0,1840,1588,:1558:1584:1588:1840,------myelin-exec:__myl_AddSqrDivMulMulTraSliSliNegConMulMulAddResSliRepResTraRes
11981419168,11981422560,3392,0,3392,myelin-exec:__mye624661,648714,648714,3,0,1841,1588,:1558:1584:1588:1841,------myelin-exec:__mye624661
11981423232,11981436512,13280,0,13280,myelin-exec:__myl_ResMulMea,648714,648714,3,0,1842,1588,:1558:1584:1588:1842,------myelin-exec:__myl_ResMulMea
11981437472,11981449376,11904,0,11904,myelin-exec:__myl_AddSqrDivMulMulTraSliSliNegConMulMulAddRes,648714,648714,3,0,1843,1588,:1558:1584:1588:1843,------myelin-exec:__myl_AddSqrDivMulMulTraSliSliNegConMulMulAddRes
11981450336,11981453120,2784,0,2784,myelin-exec:__mye624663,648714,648714,3,0,1844,1588,:1558:1584:1588:1844,------myelin-exec:__mye624663
11981453760,11981466816,13056,0,13056,myelin-exec:_gemm_mha_v2,648714,648714,3,0,1845,1588,:1558:1584:1588:1845,------myelin-exec:_gemm_mha_v2
11981468128,11981621600,153472,0,153472,myelin-exec:__myl_FcAdd,648714,648714,3,0,1846,1588,:1558:1584:1588:1846,------myelin-exec:__myl_FcAdd
11981623680,11981642528,18848,0,18848,myelin-exec:__myl_MulMeaAddSqrDivMulMul,648714,648714,3,0,1847,1588,:1558:1584:1588:1847,------myelin-exec:__myl_MulMeaAddSqrDivMulMul
11981644192,11981648832,4640,0,4640,myelin-exec:__mye624665,648714,648714,3,0,1848,1588,:1558:1584:1588:1848,------myelin-exec:__mye624665
11981649792,11981699872,50080,0,50080,myelin-exec:/gate_proj_11/MatMul,648714,648714,3,0,1849,1588,:1558:1584:1588:1849,------myelin-exec:/gate_proj_11/MatMul
11981701472,11981705920,4448,0,4448,myelin-exec:__mye624667,648714,648714,3,0,1850,1588,:1558:1584:1588:1850,------myelin-exec:__mye624667
11981706880,11981753472,46592,0,46592,myelin-exec:/up_proj_11/MatMul,648714,648714,3,0,1851,1588,:1558:1584:1588:1851,------myelin-exec:/up_proj_11/MatMul
11981754880,11981759200,4320,0,4320,myelin-exec:__mye624669,648714,648714,3,0,1852,1588,:1558:1584:1588:1852,------myelin-exec:__mye624669
11981760384,11981763936,3552,0,3552,myelin-exec:__mye624671,648714,648714,3,0,1853,1588,:1558:1584:1588:1853,------myelin-exec:__mye624671
11981764640,11981782016,17376,0,17376,myelin-exec:__myl_NegExpAddDivMulMul,648714,648714,3,0,1854,1588,:1558:1584:1588:1854,------myelin-exec:__myl_NegExpAddDivMulMul
11981783904,11981929696,145792,0,145792,myelin-exec:__myl_FcAdd,648714,648714,3,0,1855,1588,:1558:1584:1588:1855,------myelin-exec:__myl_FcAdd
11981931168,11981946496,15328,0,15328,myelin-exec:__myl_MulMeaAddSqrDivMulMul,648714,648714,3,0,1856,1588,:1558:1584:1588:1856,------myelin-exec:__myl_MulMeaAddSqrDivMulMul
11981947552,11981990816,43264,0,43264,myelin-exec:/v_proj_12/MatMul+/k_proj_12/MatMul+/q_proj_12/MatMul,648714,648714,3,0,1857,1588,:1558:1584:1588:1857,------myelin-exec:/v_proj_12/MatMul+/k_proj_12/MatMul+/q_proj_12/MatMul
11981992512,11981996800,4288,0,4288,myelin-exec:__mye624673,648714,648714,3,0,1858,1588,:1558:1584:1588:1858,------myelin-exec:__mye624673
11981997792,11982015232,17440,0,17440,myelin-exec:__myl_ResTraResSliRepRes,648714,648714,3,0,1859,1588,:1558:1584:1588:1859,------myelin-exec:__myl_ResTraResSliRepRes
11982016672,11982019648,2976,0,2976,myelin-exec:__mye624675,648714,648714,3,0,1860,1588,:1558:1584:1588:1860,------myelin-exec:__mye624675
11982020608,11982044352,23744,0,23744,myelin-exec:__myl_ResMulMea,648714,648714,3,0,1861,1588,:1558:1584:1588:1861,------myelin-exec:__myl_ResMulMea
11982045472,11982061280,15808,0,15808,myelin-exec:__myl_AddSqrDivMulMulTraSliSliNegConMulMulAddResSliRepResTraRes,648714,648714,3,0,1862,1588,:1558:1584:1588:1862,------myelin-exec:__myl_AddSqrDivMulMulTraSliSliNegConMulMulAddResSliRepResTraRes
11982062432,11982065888,3456,0,3456,myelin-exec:__mye624677,648714,648714,3,0,1863,1588,:1558:1584:1588:1863,------myelin-exec:__mye624677
11982066912,11982080992,14080,0,14080,myelin-exec:__myl_ResMulMea,648714,648714,3,0,1864,1588,:1558:1584:1588:1864,------myelin-exec:__myl_ResMulMea
11982082304,11982094720,12416,0,12416,myelin-exec:__myl_AddSqrDivMulMulTraSliSliNegConMulMulAddRes,648714,648714,3,0,1865,1588,:1558:1584:1588:1865,------myelin-exec:__myl_AddSqrDivMulMulTraSliSliNegConMulMulAddRes
11982096128,11982098976,2848,0,2848,myelin-exec:__mye624679,648714,648714,3,0,1866,1588,:1558:1584:1588:1866,------myelin-exec:__mye624679
11982100000,11982113184,13184,0,13184,myelin-exec:_gemm_mha_v2,648714,648714,3,0,1867,1588,:1558:1584:1588:1867,------myelin-exec:_gemm_mha_v2
11982114400,11982268544,154144,0,154144,myelin-exec:__myl_FcAdd,648714,648714,3,0,1868,1588,:1558:1584:1588:1868,------myelin-exec:__myl_FcAdd
11982270784,11982287712,16928,0,16928,myelin-exec:__myl_MulMeaAddSqrDivMulMul,648714,648714,3,0,1869,1588,:1558:1584:1588:1869,------myelin-exec:__myl_MulMeaAddSqrDivMulMul
11982289056,11982293536,4480,0,4480,myelin-exec:__mye624681,648714,648714,3,0,1870,1588,:1558:1584:1588:1870,------myelin-exec:__mye624681
11982294560,11982338400,43840,0,43840,myelin-exec:/gate_proj_12/MatMul,648714,648714,3,0,1871,1588,:1558:1584:1588:1871,------myelin-exec:/gate_proj_12/MatMul
11982340032,11982343808,3776,0,3776,myelin-exec:__mye624683,648714,648714,3,0,1872,1588,:1558:1584:1588:1872,------myelin-exec:__mye624683
11982344640,11982391808,47168,0,47168,myelin-exec:/up_proj_12/MatMul,648714,648714,3,0,1873,1588,:1558:1584:1588:1873,------myelin-exec:/up_proj_12/MatMul
11982393600,11982397152,3552,0,3552,myelin-exec:__mye624685,648714,648714,3,0,1874,1588,:1558:1584:1588:1874,------myelin-exec:__mye624685
11982397792,11982400832,3040,0,3040,myelin-exec:__mye624687,648714,648714,3,0,1875,1588,:1558:1584:1588:1875,------myelin-exec:__mye624687
11982402080,11982418368,16288,0,16288,myelin-exec:__myl_NegExpAddDivMulMul,648714,648714,3,0,1876,1588,:1558:1584:1588:1876,------myelin-exec:__myl_NegExpAddDivMulMul
11982420000,11982563168,143168,0,143168,myelin-exec:__myl_FcAdd,648714,648714,3,0,1877,1588,:1558:1584:1588:1877,------myelin-exec:__myl_FcAdd
11982564672,11982579616,14944,0,14944,myelin-exec:__myl_MulMeaAddSqrDivMulMul,648714,648714,3,0,1878,1588,:1558:1584:1588:1878,------myelin-exec:__myl_MulMeaAddSqrDivMulMul
11982581184,11982619200,38016,0,38016,myelin-exec:/v_proj_13/MatMul+/k_proj_13/MatMul+/q_proj_13/MatMul,648714,648714,3,0,1879,1588,:1558:1584:1588:1879,------myelin-exec:/v_proj_13/MatMul+/k_proj_13/MatMul+/q_proj_13/MatMul
11982620576,11982625312,4736,0,4736,myelin-exec:__mye624689,648714,648714,3,0,1880,1588,:1558:1584:1588:1880,------myelin-exec:__mye624689
11982626624,11982643520,16896,0,16896,myelin-exec:__myl_ResTraResSliRepRes,648714,648714,3,0,1881,1588,:1558:1584:1588:1881,------myelin-exec:__myl_ResTraResSliRepRes
11982645120,11982648416,3296,0,3296,myelin-exec:__mye624691,648714,648714,3,0,1882,1588,:1558:1584:1588:1882,------myelin-exec:__mye624691
11982649088,11982664640,15552,0,15552,myelin-exec:__myl_ResMulMea,648714,648714,3,0,1883,1588,:1558:1584:1588:1883,------myelin-exec:__myl_ResMulMea
11982665888,11982687040,21152,0,21152,myelin-exec:__myl_AddSqrDivMulMulTraSliSliNegConMulMulAddResSliRepResTraRes,648714,648714,3,0,1884,1588,:1558:1584:1588:1884,------myelin-exec:__myl_AddSqrDivMulMulTraSliSliNegConMulMulAddResSliRepResTraRes
11982688416,11982691712,3296,0,3296,myelin-exec:__mye624693,648714,648714,3,0,1885,1588,:1558:1584:1588:1885,------myelin-exec:__mye624693
11982692320,11982706016,13696,0,13696,myelin-exec:__myl_ResMulMea,648714,648714,3,0,1886,1588,:1558:1584:1588:1886,------myelin-exec:__myl_ResMulMea
11982707360,11982724224,16864,0,16864,myelin-exec:__myl_AddSqrDivMulMulTraSliSliNegConMulMulAddRes,648714,648714,3,0,1887,1588,:1558:1584:1588:1887,------myelin-exec:__myl_AddSqrDivMulMulTraSliSliNegConMulMulAddRes
11982725408,11982728000,2592,0,2592,myelin-exec:__mye624695,648714,648714,3,0,1888,1588,:1558:1584:1588:1888,------myelin-exec:__mye624695
11982728672,11982741472,12800,0,12800,myelin-exec:_gemm_mha_v2,648714,648714,3,0,1889,1588,:1558:1584:1588:1889,------myelin-exec:_gemm_mha_v2
11982742624,11982902112,159488,0,159488,myelin-exec:__myl_FcAdd,648714,648714,3,0,1890,1588,:1558:1584:1588:1890,------myelin-exec:__myl_FcAdd
11982903776,11982924000,20224,0,20224,myelin-exec:__myl_MulMeaAddSqrDivMulMul,648714,648714,3,0,1891,1588,:1558:1584:1588:1891,------myelin-exec:__myl_MulMeaAddSqrDivMulMul
11982925856,11982930784,4928,0,4928,myelin-exec:__mye624697,648714,648714,3,0,1892,1588,:1558:1584:1588:1892,------myelin-exec:__mye624697
11982931840,11982976928,45088,0,45088,myelin-exec:/gate_proj_13/MatMul,648714,648714,3,0,1893,1588,:1558:1584:1588:1893,------myelin-exec:/gate_proj_13/MatMul
11982978304,11982982624,4320,0,4320,myelin-exec:__mye624699,648714,648714,3,0,1894,1588,:1558:1584:1588:1894,------myelin-exec:__mye624699
11982983776,11983023136,39360,0,39360,myelin-exec:/up_proj_13/MatMul,648714,648714,3,0,1895,1588,:1558:1584:1588:1895,------myelin-exec:/up_proj_13/MatMul
11983024640,11983027968,3328,0,3328,myelin-exec:__mye624701,648714,648714,3,0,1896,1588,:1558:1584:1588:1896,------myelin-exec:__mye624701
11983028768,11983031840,3072,0,3072,myelin-exec:__mye624703,648714,648714,3,0,1897,1588,:1558:1584:1588:1897,------myelin-exec:__mye624703
11983033312,11983050080,16768,0,16768,myelin-exec:__myl_NegExpAddDivMulMul,648714,648714,3,0,1898,1588,:1558:1584:1588:1898,------myelin-exec:__myl_NegExpAddDivMulMul
11983051520,11983197632,146112,0,146112,myelin-exec:__myl_FcAdd,648714,648714,3,0,1899,1588,:1558:1584:1588:1899,------myelin-exec:__myl_FcAdd
11983199424,11983215072,15648,0,15648,myelin-exec:__myl_MulMeaAddSqrDivMulMul,648714,648714,3,0,1900,1588,:1558:1584:1588:1900,------myelin-exec:__myl_MulMeaAddSqrDivMulMul
11983216544,11983260000,43456,0,43456,myelin-exec:/v_proj_14/MatMul+/k_proj_14/MatMul+/q_proj_14/MatMul,648714,648714,3,0,1901,1588,:1558:1584:1588:1901,------myelin-exec:/v_proj_14/MatMul+/k_proj_14/MatMul+/q_proj_14/MatMul
11983261408,11983265824,4416,0,4416,myelin-exec:__mye624705,648714,648714,3,0,1902,1588,:1558:1584:1588:1902,------myelin-exec:__mye624705
11983267008,11983282656,15648,0,15648,myelin-exec:__myl_ResTraResSliRepRes,648714,648714,3,0,1903,1588,:1558:1584:1588:1903,------myelin-exec:__myl_ResTraResSliRepRes
11983284000,11983287648,3648,0,3648,myelin-exec:__mye624707,648714,648714,3,0,1904,1588,:1558:1584:1588:1904,------myelin-exec:__mye624707
11983288160,11983303520,15360,0,15360,myelin-exec:__myl_ResMulMea,648714,648714,3,0,1905,1588,:1558:1584:1588:1905,------myelin-exec:__myl_ResMulMea
11983304960,11983327840,22880,0,22880,myelin-exec:__myl_AddSqrDivMulMulTraSliSliNegConMulMulAddResSliRepResTraRes,648714,648714,3,0,1906,1588,:1558:1584:1588:1906,------myelin-exec:__myl_AddSqrDivMulMulTraSliSliNegConMulMulAddResSliRepResTraRes
11983328960,11983333088,4128,0,4128,myelin-exec:__mye624709,648714,648714,3,0,1907,1588,:1558:1584:1588:1907,------myelin-exec:__mye624709
11983333856,11983348160,14304,0,14304,myelin-exec:__myl_ResMulMea,648714,648714,3,0,1908,1588,:1558:1584:1588:1908,------myelin-exec:__myl_ResMulMea
11983349216,11983361696,12480,0,12480,myelin-exec:__myl_AddSqrDivMulMulTraSliSliNegConMulMulAddRes,648714,648714,3,0,1909,1588,:1558:1584:1588:1909,------myelin-exec:__myl_AddSqrDivMulMulTraSliSliNegConMulMulAddRes
11983362784,11983365472,2688,0,2688,myelin-exec:__mye624711,648714,648714,3,0,1910,1588,:1558:1584:1588:1910,------myelin-exec:__mye624711
11983366592,11983379168,12576,0,12576,myelin-exec:_gemm_mha_v2,648714,648714,3,0,1911,1588,:1558:1584:1588:1911,------myelin-exec:_gemm_mha_v2
11983380288,11983533824,153536,0,153536,myelin-exec:__myl_FcAdd,648714,648714,3,0,1912,1588,:1558:1584:1588:1912,------myelin-exec:__myl_FcAdd
11983535904,11983550976,15072,0,15072,myelin-exec:__myl_MulMeaAddSqrDivMulMul,648714,648714,3,0,1913,1588,:1558:1584:1588:1913,------myelin-exec:__myl_MulMeaAddSqrDivMulMul
11983552000,11983556096,4096,0,4096,myelin-exec:__mye624713,648714,648714,3,0,1914,1588,:1558:1584:1588:1914,------myelin-exec:__mye624713
11983556928,11983603744,46816,0,46816,myelin-exec:/gate_proj_14/MatMul,648714,648714,3,0,1915,1588,:1558:1584:1588:1915,------myelin-exec:/gate_proj_14/MatMul
11983605216,11983608544,3328,0,3328,myelin-exec:__mye624715,648714,648714,3,0,1916,1588,:1558:1584:1588:1916,------myelin-exec:__mye624715
11983609632,11983657216,47584,0,47584,myelin-exec:/up_proj_14/MatMul,648714,648714,3,0,1917,1588,:1558:1584:1588:1917,------myelin-exec:/up_proj_14/MatMul
11983658784,11983662144,3360,0,3360,myelin-exec:__mye624717,648714,648714,3,0,1918,1588,:1558:1584:1588:1918,------myelin-exec:__mye624717
11983662944,11983666304,3360,0,3360,myelin-exec:__mye624719,648714,648714,3,0,1919,1588,:1558:1584:1588:1919,------myelin-exec:__mye624719
11983667008,11983683808,16800,0,16800,myelin-exec:__myl_NegExpAddDivMulMul,648714,648714,3,0,1920,1588,:1558:1584:1588:1920,------myelin-exec:__myl_NegExpAddDivMulMul
11983685024,11983842304,157280,0,157280,myelin-exec:__myl_FcAdd,648714,648714,3,0,1921,1588,:1558:1584:1588:1921,------myelin-exec:__myl_FcAdd
11983844416,11983864128,19712,0,19712,myelin-exec:__myl_MulMeaAddSqrDivMulMul,648714,648714,3,0,1922,1588,:1558:1584:1588:1922,------myelin-exec:__myl_MulMeaAddSqrDivMulMul
11983865536,11983916352,50816,0,50816,myelin-exec:/v_proj_15/MatMul+/k_proj_15/MatMul+/q_proj_15/MatMul,648714,648714,3,0,1923,1588,:1558:1584:1588:1923,------myelin-exec:/v_proj_15/MatMul+/k_proj_15/MatMul+/q_proj_15/MatMul
11983918240,11983923584,5344,0,5344,myelin-exec:__mye624721,648714,648714,3,0,1924,1588,:1558:1584:1588:1924,------myelin-exec:__mye624721
11983924768,11983942656,17888,0,17888,myelin-exec:__myl_ResTraResSliRepRes,648714,648714,3,0,1925,1588,:1558:1584:1588:1925,------myelin-exec:__myl_ResTraResSliRepRes
11983943872,11983947712,3840,0,3840,myelin-exec:__mye624723,648714,648714,3,0,1926,1588,:1558:1584:1588:1926,------myelin-exec:__mye624723
11983948448,11983966656,18208,0,18208,myelin-exec:__myl_ResMulMea,648714,648714,3,0,1927,1588,:1558:1584:1588:1927,------myelin-exec:__myl_ResMulMea
11983968288,11983983616,15328,0,15328,myelin-exec:__myl_AddSqrDivMulMulTraSliSliNegConMulMulAddResSliRepResTraRes,648714,648714,3,0,1928,1588,:1558:1584:1588:1928,------myelin-exec:__myl_AddSqrDivMulMulTraSliSliNegConMulMulAddResSliRepResTraRes
11983985024,11983988384,3360,0,3360,myelin-exec:__mye624725,648714,648714,3,0,1929,1588,:1558:1584:1588:1929,------myelin-exec:__mye624725
11983989280,11984003072,13792,0,13792,myelin-exec:__myl_ResMulMea,648714,648714,3,0,1930,1588,:1558:1584:1588:1930,------myelin-exec:__myl_ResMulMea
11984004256,11984016672,12416,0,12416,myelin-exec:__myl_AddSqrDivMulMulTraSliSliNegConMulMulAddRes,648714,648714,3,0,1931,1588,:1558:1584:1588:1931,------myelin-exec:__myl_AddSqrDivMulMulTraSliSliNegConMulMulAddRes
11984017664,11984020288,2624,0,2624,myelin-exec:__mye624727,648714,648714,3,0,1932,1588,:1558:1584:1588:1932,------myelin-exec:__mye624727
11984020768,11984033248,12480,0,12480,myelin-exec:_gemm_mha_v2,648714,648714,3,0,1933,1588,:1558:1584:1588:1933,------myelin-exec:_gemm_mha_v2
11984033856,11984178880,145024,0,145024,myelin-exec:__myl_FcAdd,648714,648714,3,0,1934,1588,:1558:1584:1588:1934,------myelin-exec:__myl_FcAdd
11984180864,11984197088,16224,0,16224,myelin-exec:__myl_MulMeaAddSqrDivMulMul,648714,648714,3,0,1935,1588,:1558:1584:1588:1935,------myelin-exec:__myl_MulMeaAddSqrDivMulMul
11984198304,11984201856,3552,0,3552,myelin-exec:__mye624729,648714,648714,3,0,1936,1588,:1558:1584:1588:1936,------myelin-exec:__mye624729
11984202976,11984244736,41760,0,41760,myelin-exec:/gate_proj_15/MatMul,648714,648714,3,0,1937,1588,:1558:1584:1588:1937,------myelin-exec:/gate_proj_15/MatMul
11984246208,11984249312,3104,0,3104,myelin-exec:__mye624731,648714,648714,3,0,1938,1588,:1558:1584:1588:1938,------myelin-exec:__mye624731
11984250784,11984300352,49568,0,49568,myelin-exec:/up_proj_15/MatMul,648714,648714,3,0,1939,1588,:1558:1584:1588:1939,------myelin-exec:/up_proj_15/MatMul
11984301728,11984305344,3616,0,3616,myelin-exec:__mye624733,648714,648714,3,0,1940,1588,:1558:1584:1588:1940,------myelin-exec:__mye624733
11984306368,11984309536,3168,0,3168,myelin-exec:__mye624735,648714,648714,3,0,1941,1588,:1558:1584:1588:1941,------myelin-exec:__mye624735
11984310144,11984326816,16672,0,16672,myelin-exec:__myl_NegExpAddDivMulMul,648714,648714,3,0,1942,1588,:1558:1584:1588:1942,------myelin-exec:__myl_NegExpAddDivMulMul
11984328320,11984479616,151296,0,151296,myelin-exec:__myl_FcAdd,648714,648714,3,0,1943,1588,:1558:1584:1588:1943,------myelin-exec:__myl_FcAdd
11984481792,11984499040,17248,0,17248,myelin-exec:__myl_MulMeaAddSqrDivMulMul,648714,648714,3,0,1944,1588,:1558:1584:1588:1944,------myelin-exec:__myl_MulMeaAddSqrDivMulMul
11984500448,11984545408,44960,0,44960,myelin-exec:/v_proj_16/MatMul+/k_proj_16/MatMul+/q_proj_16/MatMul,648714,648714,3,0,1945,1588,:1558:1584:1588:1945,------myelin-exec:/v_proj_16/MatMul+/k_proj_16/MatMul+/q_proj_16/MatMul
11984546976,11984551392,4416,0,4416,myelin-exec:__mye624737,648714,648714,3,0,1946,1588,:1558:1584:1588:1946,------myelin-exec:__mye624737
11984552416,11984569120,16704,0,16704,myelin-exec:__myl_ResTraResSliRepRes,648714,648714,3,0,1947,1588,:1558:1584:1588:1947,------myelin-exec:__myl_ResTraResSliRepRes
11984570848,11984574432,3584,0,3584,myelin-exec:__mye624739,648714,648714,3,0,1948,1588,:1558:1584:1588:1948,------myelin-exec:__mye624739
11984575488,11984591616,16128,0,16128,myelin-exec:__myl_ResMulMea,648714,648714,3,0,1949,1588,:1558:1584:1588:1949,------myelin-exec:__myl_ResMulMea
11984592704,11984607264,14560,0,14560,myelin-exec:__myl_AddSqrDivMulMulTraSliSliNegConMulMulAddResSliRepResTraRes,648714,648714,3,0,1950,1588,:1558:1584:1588:1950,------myelin-exec:__myl_AddSqrDivMulMulTraSliSliNegConMulMulAddResSliRepResTraRes
11984608512,11984611776,3264,0,3264,myelin-exec:__mye624741,648714,648714,3,0,1951,1588,:1558:1584:1588:1951,------myelin-exec:__mye624741
11984612608,11984626208,13600,0,13600,myelin-exec:__myl_ResMulMea,648714,648714,3,0,1952,1588,:1558:1584:1588:1952,------myelin-exec:__myl_ResMulMea
11984627456,11984639456,12000,0,12000,myelin-exec:__myl_AddSqrDivMulMulTraSliSliNegConMulMulAddRes,648714,648714,3,0,1953,1588,:1558:1584:1588:1953,------myelin-exec:__myl_AddSqrDivMulMulTraSliSliNegConMulMulAddRes
11984640928,11984643648,2720,0,2720,myelin-exec:__mye624743,648714,648714,3,0,1954,1588,:1558:1584:1588:1954,------myelin-exec:__mye624743
11984644512,11984656576,12064,0,12064,myelin-exec:_gemm_mha_v2,648714,648714,3,0,1955,1588,:1558:1584:1588:1955,------myelin-exec:_gemm_mha_v2
11984657920,11984808960,151040,0,151040,myelin-exec:__myl_FcAdd,648714,648714,3,0,1956,1588,:1558:1584:1588:1956,------myelin-exec:__myl_FcAdd
11984810752,11984827296,16544,0,16544,myelin-exec:__myl_MulMeaAddSqrDivMulMul,648714,648714,3,0,1957,1588,:1558:1584:1588:1957,------myelin-exec:__myl_MulMeaAddSqrDivMulMul
11984828544,11984832768,4224,0,4224,myelin-exec:__mye624745,648714,648714,3,0,1958,1588,:1558:1584:1588:1958,------myelin-exec:__mye624745
11984834016,11984876576,42560,0,42560,myelin-exec:/gate_proj_16/MatMul,648714,648714,3,0,1959,1588,:1558:1584:1588:1959,------myelin-exec:/gate_proj_16/MatMul
11984878080,11984881760,3680,0,3680,myelin-exec:__mye624747,648714,648714,3,0,1960,1588,:1558:1584:1588:1960,------myelin-exec:__mye624747
11984882528,11984922560,40032,0,40032,myelin-exec:/up_proj_16/MatMul,648714,648714,3,0,1961,1588,:1558:1584:1588:1961,------myelin-exec:/up_proj_16/MatMul
11984924224,11984927520,3296,0,3296,myelin-exec:__mye624749,648714,648714,3,0,1962,1588,:1558:1584:1588:1962,------myelin-exec:__mye624749
11984928832,11984931776,2944,0,2944,myelin-exec:__mye624751,648714,648714,3,0,1963,1588,:1558:1584:1588:1963,------myelin-exec:__mye624751
11984932576,11984965184,32608,0,32608,myelin-exec:__myl_NegExpAddDivMulMul,648714,648714,3,0,1964,1588,:1558:1584:1588:1964,------myelin-exec:__myl_NegExpAddDivMulMul
11984967200,11985120064,152864,0,152864,myelin-exec:__myl_FcAdd,648714,648714,3,0,1965,1588,:1558:1584:1588:1965,------myelin-exec:__myl_FcAdd
11985122240,11985139072,16832,0,16832,myelin-exec:__myl_MulMeaAddSqrDivMulMul,648714,648714,3,0,1966,1588,:1558:1584:1588:1966,------myelin-exec:__myl_MulMeaAddSqrDivMulMul
11985140576,11985183392,42816,0,42816,myelin-exec:/v_proj_17/MatMul+/k_proj_17/MatMul+/q_proj_17/MatMul,648714,648714,3,0,1967,1588,:1558:1584:1588:1967,------myelin-exec:/v_proj_17/MatMul+/k_proj_17/MatMul+/q_proj_17/MatMul
11985184864,11985189248,4384,0,4384,myelin-exec:__mye624753,648714,648714,3,0,1968,1588,:1558:1584:1588:1968,------myelin-exec:__mye624753
11985190048,11985205792,15744,0,15744,myelin-exec:__myl_ResTraResSliRepRes,648714,648714,3,0,1969,1588,:1558:1584:1588:1969,------myelin-exec:__myl_ResTraResSliRepRes
11985207296,11985210368,3072,0,3072,myelin-exec:__mye624755,648714,648714,3,0,1970,1588,:1558:1584:1588:1970,------myelin-exec:__mye624755
11985211040,11985234080,23040,0,23040,myelin-exec:__myl_ResMulMea,648714,648714,3,0,1971,1588,:1558:1584:1588:1971,------myelin-exec:__myl_ResMulMea
11985235808,11985252320,16512,0,16512,myelin-exec:__myl_AddSqrDivMulMulTraSliSliNegConMulMulAddResSliRepResTraRes,648714,648714,3,0,1972,1588,:1558:1584:1588:1972,------myelin-exec:__myl_AddSqrDivMulMulTraSliSliNegConMulMulAddResSliRepResTraRes
11985253984,11985257248,3264,0,3264,myelin-exec:__mye624757,648714,648714,3,0,1973,1588,:1558:1584:1588:1973,------myelin-exec:__mye624757
11985258272,11985272320,14048,0,14048,myelin-exec:__myl_ResMulMea,648714,648714,3,0,1974,1588,:1558:1584:1588:1974,------myelin-exec:__myl_ResMulMea
11985273760,11985286176,12416,0,12416,myelin-exec:__myl_AddSqrDivMulMulTraSliSliNegConMulMulAddRes,648714,648714,3,0,1975,1588,:1558:1584:1588:1975,------myelin-exec:__myl_AddSqrDivMulMulTraSliSliNegConMulMulAddRes
11985287072,11985289952,2880,0,2880,myelin-exec:__mye624759,648714,648714,3,0,1976,1588,:1558:1584:1588:1976,------myelin-exec:__mye624759
11985290368,11985303104,12736,0,12736,myelin-exec:_gemm_mha_v2,648714,648714,3,0,1977,1588,:1558:1584:1588:1977,------myelin-exec:_gemm_mha_v2
11985304224,11985458752,154528,0,154528,myelin-exec:__myl_FcAdd,648714,648714,3,0,1978,1588,:1558:1584:1588:1978,------myelin-exec:__myl_FcAdd
11985460672,11985477504,16832,0,16832,myelin-exec:__myl_MulMeaAddSqrDivMulMul,648714,648714,3,0,1979,1588,:1558:1584:1588:1979,------myelin-exec:__myl_MulMeaAddSqrDivMulMul
11985478880,11985482848,3968,0,3968,myelin-exec:__mye624761,648714,648714,3,0,1980,1588,:1558:1584:1588:1980,------myelin-exec:__mye624761
11985483872,11985524768,40896,0,40896,myelin-exec:/gate_proj_17/MatMul,648714,648714,3,0,1981,1588,:1558:1584:1588:1981,------myelin-exec:/gate_proj_17/MatMul
11985526016,11985529472,3456,0,3456,myelin-exec:__mye624763,648714,648714,3,0,1982,1588,:1558:1584:1588:1982,------myelin-exec:__mye624763
11985530656,11985568896,38240,0,38240,myelin-exec:/up_proj_17/MatMul,648714,648714,3,0,1983,1588,:1558:1584:1588:1983,------myelin-exec:/up_proj_17/MatMul
11985570432,11985573792,3360,0,3360,myelin-exec:__mye624765,648714,648714,3,0,1984,1588,:1558:1584:1588:1984,------myelin-exec:__mye624765
11985574528,11985577504,2976,0,2976,myelin-exec:__mye624767,648714,648714,3,0,1985,1588,:1558:1584:1588:1985,------myelin-exec:__mye624767
11985578592,11985594272,15680,0,15680,myelin-exec:__myl_NegExpAddDivMulMul,648714,648714,3,0,1986,1588,:1558:1584:1588:1986,------myelin-exec:__myl_NegExpAddDivMulMul
11985595552,11985739136,143584,0,143584,myelin-exec:__myl_FcAdd,648714,648714,3,0,1987,1588,:1558:1584:1588:1987,------myelin-exec:__myl_FcAdd
11985740992,11985757088,16096,0,16096,myelin-exec:__myl_MulMeaAddSqrDivMulMul,648714,648714,3,0,1988,1588,:1558:1584:1588:1988,------myelin-exec:__myl_MulMeaAddSqrDivMulMul
11985758560,11985801216,42656,0,42656,myelin-exec:/v_proj_18/MatMul+/k_proj_18/MatMul+/q_proj_18/MatMul,648714,648714,3,0,1989,1588,:1558:1584:1588:1989,------myelin-exec:/v_proj_18/MatMul+/k_proj_18/MatMul+/q_proj_18/MatMul
11985802400,11985806592,4192,0,4192,myelin-exec:__mye624769,648714,648714,3,0,1990,1588,:1558:1584:1588:1990,------myelin-exec:__mye624769
11985807968,11985823328,15360,0,15360,myelin-exec:__myl_ResTraResSliRepRes,648714,648714,3,0,1991,1588,:1558:1584:1588:1991,------myelin-exec:__myl_ResTraResSliRepRes
11985824832,11985828128,3296,0,3296,myelin-exec:__mye624771,648714,648714,3,0,1992,1588,:1558:1584:1588:1992,------myelin-exec:__mye624771
11985828608,11985851456,22848,0,22848,myelin-exec:__myl_ResMulMea,648714,648714,3,0,1993,1588,:1558:1584:1588:1993,------myelin-exec:__myl_ResMulMea
11985853440,11985871808,18368,0,18368,myelin-exec:__myl_AddSqrDivMulMulTraSliSliNegConMulMulAddResSliRepResTraRes,648714,648714,3,0,1994,1588,:1558:1584:1588:1994,------myelin-exec:__myl_AddSqrDivMulMulTraSliSliNegConMulMulAddResSliRepResTraRes
11985873376,11985876704,3328,0,3328,myelin-exec:__mye624773,648714,648714,3,0,1995,1588,:1558:1584:1588:1995,------myelin-exec:__mye624773
11985877920,11985893056,15136,0,15136,myelin-exec:__myl_ResMulMea,648714,648714,3,0,1996,1588,:1558:1584:1588:1996,------myelin-exec:__myl_ResMulMea
11985894560,11985906976,12416,0,12416,myelin-exec:__myl_AddSqrDivMulMulTraSliSliNegConMulMulAddRes,648714,648714,3,0,1997,1588,:1558:1584:1588:1997,------myelin-exec:__myl_AddSqrDivMulMulTraSliSliNegConMulMulAddRes
11985908160,11985910912,2752,0,2752,myelin-exec:__mye624775,648714,648714,3,0,1998,1588,:1558:1584:1588:1998,------myelin-exec:__mye624775
11985911776,11985924352,12576,0,12576,myelin-exec:_gemm_mha_v2,648714,648714,3,0,1999,1588,:1558:1584:1588:1999,------myelin-exec:_gemm_mha_v2
11985925376,11986089312,163936,0,163936,myelin-exec:__myl_FcAdd,648714,648714,3,0,2000,1588,:1558:1584:1588:2000,------myelin-exec:__myl_FcAdd
11986090912,11986109664,18752,0,18752,myelin-exec:__myl_MulMeaAddSqrDivMulMul,648714,648714,3,0,2001,1588,:1558:1584:1588:2001,------myelin-exec:__myl_MulMeaAddSqrDivMulMul
11986111104,11986115552,4448,0,4448,myelin-exec:__mye624777,648714,648714,3,0,2002,1588,:1558:1584:1588:2002,------myelin-exec:__mye624777
11986116544,11986162112,45568,0,45568,myelin-exec:/gate_proj_18/MatMul,648714,648714,3,0,2003,1588,:1558:1584:1588:2003,------myelin-exec:/gate_proj_18/MatMul
11986163744,11986168032,4288,0,4288,myelin-exec:__mye624779,648714,648714,3,0,2004,1588,:1558:1584:1588:2004,------myelin-exec:__mye624779
11986169248,11986207040,37792,0,37792,myelin-exec:/up_proj_18/MatMul,648714,648714,3,0,2005,1588,:1558:1584:1588:2005,------myelin-exec:/up_proj_18/MatMul
11986208352,11986211776,3424,0,3424,myelin-exec:__mye624781,648714,648714,3,0,2006,1588,:1558:1584:1588:2006,------myelin-exec:__mye624781
11986213152,11986216160,3008,0,3008,myelin-exec:__mye624783,648714,648714,3,0,2007,1588,:1558:1584:1588:2007,------myelin-exec:__mye624783
11986217440,11986233984,16544,0,16544,myelin-exec:__myl_NegExpAddDivMulMul,648714,648714,3,0,2008,1588,:1558:1584:1588:2008,------myelin-exec:__myl_NegExpAddDivMulMul
11986234976,11986380576,145600,0,145600,myelin-exec:__myl_FcAdd,648714,648714,3,0,2009,1588,:1558:1584:1588:2009,------myelin-exec:__myl_FcAdd
11986382496,11986398016,15520,0,15520,myelin-exec:__myl_MulMeaAddSqrDivMulMul,648714,648714,3,0,2010,1588,:1558:1584:1588:2010,------myelin-exec:__myl_MulMeaAddSqrDivMulMul
11986399232,11986441280,42048,0,42048,myelin-exec:/v_proj_19/MatMul+/k_proj_19/MatMul+/q_proj_19/MatMul,648714,648714,3,0,2011,1588,:1558:1584:1588:2011,------myelin-exec:/v_proj_19/MatMul+/k_proj_19/MatMul+/q_proj_19/MatMul
11986442976,11986447712,4736,0,4736,myelin-exec:__mye624785,648714,648714,3,0,2012,1588,:1558:1584:1588:2012,------myelin-exec:__mye624785
11986449120,11986465696,16576,0,16576,myelin-exec:__myl_ResTraResSliRepRes,648714,648714,3,0,2013,1588,:1558:1584:1588:2013,------myelin-exec:__myl_ResTraResSliRepRes
11986467008,11986470336,3328,0,3328,myelin-exec:__mye624787,648714,648714,3,0,2014,1588,:1558:1584:1588:2014,------myelin-exec:__mye624787
11986471520,11986486976,15456,0,15456,myelin-exec:__myl_ResMulMea,648714,648714,3,0,2015,1588,:1558:1584:1588:2015,------myelin-exec:__myl_ResMulMea
11986488608,11986510464,21856,0,21856,myelin-exec:__myl_AddSqrDivMulMulTraSliSliNegConMulMulAddResSliRepResTraRes,648714,648714,3,0,2016,1588,:1558:1584:1588:2016,------myelin-exec:__myl_AddSqrDivMulMulTraSliSliNegConMulMulAddResSliRepResTraRes
11986512032,11986515968,3936,0,3936,myelin-exec:__mye624789,648714,648714,3,0,2017,1588,:1558:1584:1588:2017,------myelin-exec:__mye624789
11986517120,11986532608,15488,0,15488,myelin-exec:__myl_ResMulMea,648714,648714,3,0,2018,1588,:1558:1584:1588:2018,------myelin-exec:__myl_ResMulMea
11986534304,11986547648,13344,0,13344,myelin-exec:__myl_AddSqrDivMulMulTraSliSliNegConMulMulAddRes,648714,648714,3,0,2019,1588,:1558:1584:1588:2019,------myelin-exec:__myl_AddSqrDivMulMulTraSliSliNegConMulMulAddRes
11986549120,11986552096,2976,0,2976,myelin-exec:__mye624791,648714,648714,3,0,2020,1588,:1558:1584:1588:2020,------myelin-exec:__mye624791
11986552800,11986565600,12800,0,12800,myelin-exec:_gemm_mha_v2,648714,648714,3,0,2021,1588,:1558:1584:1588:2021,------myelin-exec:_gemm_mha_v2
11986567008,11986716064,149056,0,149056,myelin-exec:__myl_FcAdd,648714,648714,3,0,2022,1588,:1558:1584:1588:2022,------myelin-exec:__myl_FcAdd
11986717984,11986733952,15968,0,15968,myelin-exec:__myl_MulMeaAddSqrDivMulMul,648714,648714,3,0,2023,1588,:1558:1584:1588:2023,------myelin-exec:__myl_MulMeaAddSqrDivMulMul
11986735424,11986739488,4064,0,4064,myelin-exec:__mye624793,648714,648714,3,0,2024,1588,:1558:1584:1588:2024,------myelin-exec:__mye624793
11986740576,11986782048,41472,0,41472,myelin-exec:/gate_proj_19/MatMul,648714,648714,3,0,2025,1588,:1558:1584:1588:2025,------myelin-exec:/gate_proj_19/MatMul
11986783552,11986787008,3456,0,3456,myelin-exec:__mye624795,648714,648714,3,0,2026,1588,:1558:1584:1588:2026,------myelin-exec:__mye624795
11986788256,11986826528,38272,0,38272,myelin-exec:/up_proj_19/MatMul,648714,648714,3,0,2027,1588,:1558:1584:1588:2027,------myelin-exec:/up_proj_19/MatMul
11986828128,11986831776,3648,0,3648,myelin-exec:__mye624797,648714,648714,3,0,2028,1588,:1558:1584:1588:2028,------myelin-exec:__mye624797
11986832736,11986835936,3200,0,3200,myelin-exec:__mye624799,648714,648714,3,0,2029,1588,:1558:1584:1588:2029,------myelin-exec:__mye624799
11986836864,11986853504,16640,0,16640,myelin-exec:__myl_NegExpAddDivMulMul,648714,648714,3,0,2030,1588,:1558:1584:1588:2030,------myelin-exec:__myl_NegExpAddDivMulMul
11986854976,11987000640,145664,0,145664,myelin-exec:__myl_FcAdd,648714,648714,3,0,2031,1588,:1558:1584:1588:2031,------myelin-exec:__myl_FcAdd
11987002400,11987017088,14688,0,14688,myelin-exec:__myl_MulMeaAddSqrDivMulMul,648714,648714,3,0,2032,1588,:1558:1584:1588:2032,------myelin-exec:__myl_MulMeaAddSqrDivMulMul
11987018368,11987058080,39712,0,39712,myelin-exec:/v_proj_20/MatMul+/k_proj_20/MatMul+/q_proj_20/MatMul,648714,648714,3,0,2033,1588,:1558:1584:1588:2033,------myelin-exec:/v_proj_20/MatMul+/k_proj_20/MatMul+/q_proj_20/MatMul
11987059776,11987063872,4096,0,4096,myelin-exec:__mye624801,648714,648714,3,0,2034,1588,:1558:1584:1588:2034,------myelin-exec:__mye624801
11987065088,11987079744,14656,0,14656,myelin-exec:__myl_ResTraResSliRepRes,648714,648714,3,0,2035,1588,:1558:1584:1588:2035,------myelin-exec:__myl_ResTraResSliRepRes
11987080800,11987083872,3072,0,3072,myelin-exec:__mye624803,648714,648714,3,0,2036,1588,:1558:1584:1588:2036,------myelin-exec:__mye624803
11987085376,11987100224,14848,0,14848,myelin-exec:__myl_ResMulMea,648714,648714,3,0,2037,1588,:1558:1584:1588:2037,------myelin-exec:__myl_ResMulMea
11987101536,11987116288,14752,0,14752,myelin-exec:__myl_AddSqrDivMulMulTraSliSliNegConMulMulAddResSliRepResTraRes,648714,648714,3,0,2038,1588,:1558:1584:1588:2038,------myelin-exec:__myl_AddSqrDivMulMulTraSliSliNegConMulMulAddResSliRepResTraRes
11987117408,11987120864,3456,0,3456,myelin-exec:__mye624805,648714,648714,3,0,2039,1588,:1558:1584:1588:2039,------myelin-exec:__mye624805
11987121568,11987134560,12992,0,12992,myelin-exec:__myl_ResMulMea,648714,648714,3,0,2040,1588,:1558:1584:1588:2040,------myelin-exec:__myl_ResMulMea
11987135360,11987148352,12992,0,12992,myelin-exec:__myl_AddSqrDivMulMulTraSliSliNegConMulMulAddRes,648714,648714,3,0,2041,1588,:1558:1584:1588:2041,------myelin-exec:__myl_AddSqrDivMulMulTraSliSliNegConMulMulAddRes
11987149664,11987152416,2752,0,2752,myelin-exec:__mye624807,648714,648714,3,0,2042,1588,:1558:1584:1588:2042,------myelin-exec:__mye624807
11987153152,11987166144,12992,0,12992,myelin-exec:_gemm_mha_v2,648714,648714,3,0,2043,1588,:1558:1584:1588:2043,------myelin-exec:_gemm_mha_v2
11987167360,11987318752,151392,0,151392,myelin-exec:__myl_FcAdd,648714,648714,3,0,2044,1588,:1558:1584:1588:2044,------myelin-exec:__myl_FcAdd
11987320352,11987336352,16000,0,16000,myelin-exec:__myl_MulMeaAddSqrDivMulMul,648714,648714,3,0,2045,1588,:1558:1584:1588:2045,------myelin-exec:__myl_MulMeaAddSqrDivMulMul
11987337728,11987341408,3680,0,3680,myelin-exec:__mye624809,648714,648714,3,0,2046,1588,:1558:1584:1588:2046,------myelin-exec:__mye624809
11987342880,11987385472,42592,0,42592,myelin-exec:/gate_proj_20/MatMul,648714,648714,3,0,2047,1588,:1558:1584:1588:2047,------myelin-exec:/gate_proj_20/MatMul
11987386944,11987390208,3264,0,3264,myelin-exec:__mye624811,648714,648714,3,0,2048,1588,:1558:1584:1588:2048,------myelin-exec:__mye624811
11987391296,11987438880,47584,0,47584,myelin-exec:/up_proj_20/MatMul,648714,648714,3,0,2049,1588,:1558:1584:1588:2049,------myelin-exec:/up_proj_20/MatMul
11987440608,11987444128,3520,0,3520,myelin-exec:__mye624813,648714,648714,3,0,2050,1588,:1558:1584:1588:2050,------myelin-exec:__mye624813
11987445120,11987448320,3200,0,3200,myelin-exec:__mye624815,648714,648714,3,0,2051,1588,:1558:1584:1588:2051,------myelin-exec:__mye624815
11987449120,11987466016,16896,0,16896,myelin-exec:__myl_NegExpAddDivMulMul,648714,648714,3,0,2052,1588,:1558:1584:1588:2052,------myelin-exec:__myl_NegExpAddDivMulMul
11987467392,11987614112,146720,0,146720,myelin-exec:__myl_FcAdd,648714,648714,3,0,2053,1588,:1558:1584:1588:2053,------myelin-exec:__myl_FcAdd
11987615840,11987630720,14880,0,14880,myelin-exec:__myl_MulMeaAddSqrDivMulMul,648714,648714,3,0,2054,1588,:1558:1584:1588:2054,------myelin-exec:__myl_MulMeaAddSqrDivMulMul
11987632192,11987673440,41248,0,41248,myelin-exec:/v_proj_21/MatMul+/k_proj_21/MatMul+/q_proj_21/MatMul,648714,648714,3,0,2055,1588,:1558:1584:1588:2055,------myelin-exec:/v_proj_21/MatMul+/k_proj_21/MatMul+/q_proj_21/MatMul
11987674880,11987679328,4448,0,4448,myelin-exec:__mye624817,648714,648714,3,0,2056,1588,:1558:1584:1588:2056,------myelin-exec:__mye624817
11987680128,11987697408,17280,0,17280,myelin-exec:__myl_ResTraResSliRepRes,648714,648714,3,0,2057,1588,:1558:1584:1588:2057,------myelin-exec:__myl_ResTraResSliRepRes
11987698720,11987702048,3328,0,3328,myelin-exec:__mye624819,648714,648714,3,0,2058,1588,:1558:1584:1588:2058,------myelin-exec:__mye624819
11987702816,11987718464,15648,0,15648,myelin-exec:__myl_ResMulMea,648714,648714,3,0,2059,1588,:1558:1584:1588:2059,------myelin-exec:__myl_ResMulMea
11987719808,11987735104,15296,0,15296,myelin-exec:__myl_AddSqrDivMulMulTraSliSliNegConMulMulAddResSliRepResTraRes,648714,648714,3,0,2060,1588,:1558:1584:1588:2060,------myelin-exec:__myl_AddSqrDivMulMulTraSliSliNegConMulMulAddResSliRepResTraRes
11987736448,11987739712,3264,0,3264,myelin-exec:__mye624821,648714,648714,3,0,2061,1588,:1558:1584:1588:2061,------myelin-exec:__mye624821
11987740160,11987753536,13376,0,13376,myelin-exec:__myl_ResMulMea,648714,648714,3,0,2062,1588,:1558:1584:1588:2062,------myelin-exec:__myl_ResMulMea
11987754688,11987766624,11936,0,11936,myelin-exec:__myl_AddSqrDivMulMulTraSliSliNegConMulMulAddRes,648714,648714,3,0,2063,1588,:1558:1584:1588:2063,------myelin-exec:__myl_AddSqrDivMulMulTraSliSliNegConMulMulAddRes
11987768128,11987770976,2848,0,2848,myelin-exec:__mye624823,648714,648714,3,0,2064,1588,:1558:1584:1588:2064,------myelin-exec:__mye624823
11987771456,11987784032,12576,0,12576,myelin-exec:_gemm_mha_v2,648714,648714,3,0,2065,1588,:1558:1584:1588:2065,------myelin-exec:_gemm_mha_v2
11987785344,11987938048,152704,0,152704,myelin-exec:__myl_FcAdd,648714,648714,3,0,2066,1588,:1558:1584:1588:2066,------myelin-exec:__myl_FcAdd
11987939744,11987956224,16480,0,16480,myelin-exec:__myl_MulMeaAddSqrDivMulMul,648714,648714,3,0,2067,1588,:1558:1584:1588:2067,------myelin-exec:__myl_MulMeaAddSqrDivMulMul
11987957920,11987961472,3552,0,3552,myelin-exec:__mye624825,648714,648714,3,0,2068,1588,:1558:1584:1588:2068,------myelin-exec:__mye624825
11987962496,11988005088,42592,0,42592,myelin-exec:/gate_proj_21/MatMul,648714,648714,3,0,2069,1588,:1558:1584:1588:2069,------myelin-exec:/gate_proj_21/MatMul
11988006528,11988009920,3392,0,3392,myelin-exec:__mye624827,648714,648714,3,0,2070,1588,:1558:1584:1588:2070,------myelin-exec:__mye624827
11988011168,11988057376,46208,0,46208,myelin-exec:/up_proj_21/MatMul,648714,648714,3,0,2071,1588,:1558:1584:1588:2071,------myelin-exec:/up_proj_21/MatMul
11988059296,11988063488,4192,0,4192,myelin-exec:__mye624829,648714,648714,3,0,2072,1588,:1558:1584:1588:2072,------myelin-exec:__mye624829
11988064608,11988068096,3488,0,3488,myelin-exec:__mye624831,648714,648714,3,0,2073,1588,:1558:1584:1588:2073,------myelin-exec:__mye624831
11988069216,11988086720,17504,0,17504,myelin-exec:__myl_NegExpAddDivMulMul,648714,648714,3,0,2074,1588,:1558:1584:1588:2074,------myelin-exec:__myl_NegExpAddDivMulMul
11988088320,11988236256,147936,0,147936,myelin-exec:__myl_FcAdd,648714,648714,3,0,2075,1588,:1558:1584:1588:2075,------myelin-exec:__myl_FcAdd
11988237632,11988254272,16640,0,16640,myelin-exec:__myl_MulMeaAddSqrDivMulMul,648714,648714,3,0,2076,1588,:1558:1584:1588:2076,------myelin-exec:__myl_MulMeaAddSqrDivMulMul
11988255776,11988296512,40736,0,40736,myelin-exec:/v_proj_22/MatMul+/k_proj_22/MatMul+/q_proj_22/MatMul,648714,648714,3,0,2077,1588,:1558:1584:1588:2077,------myelin-exec:/v_proj_22/MatMul+/k_proj_22/MatMul+/q_proj_22/MatMul
11988298016,11988302432,4416,0,4416,myelin-exec:__mye624833,648714,648714,3,0,2078,1588,:1558:1584:1588:2078,------myelin-exec:__mye624833
11988303520,11988319328,15808,0,15808,myelin-exec:__myl_ResTraResSliRepRes,648714,648714,3,0,2079,1588,:1558:1584:1588:2079,------myelin-exec:__myl_ResTraResSliRepRes
11988320736,11988324256,3520,0,3520,myelin-exec:__mye624835,648714,648714,3,0,2080,1588,:1558:1584:1588:2080,------myelin-exec:__mye624835
11988324960,11988341472,16512,0,16512,myelin-exec:__myl_ResMulMea,648714,648714,3,0,2081,1588,:1558:1584:1588:2081,------myelin-exec:__myl_ResMulMea
11988343072,11988357728,14656,0,14656,myelin-exec:__myl_AddSqrDivMulMulTraSliSliNegConMulMulAddResSliRepResTraRes,648714,648714,3,0,2082,1588,:1558:1584:1588:2082,------myelin-exec:__myl_AddSqrDivMulMulTraSliSliNegConMulMulAddResSliRepResTraRes
11988359040,11988361952,2912,0,2912,myelin-exec:__mye624837,648714,648714,3,0,2083,1588,:1558:1584:1588:2083,------myelin-exec:__mye624837
11988362912,11988376736,13824,0,13824,myelin-exec:__myl_ResMulMea,648714,648714,3,0,2084,1588,:1558:1584:1588:2084,------myelin-exec:__myl_ResMulMea
11988378080,11988389920,11840,0,11840,myelin-exec:__myl_AddSqrDivMulMulTraSliSliNegConMulMulAddRes,648714,648714,3,0,2085,1588,:1558:1584:1588:2085,------myelin-exec:__myl_AddSqrDivMulMulTraSliSliNegConMulMulAddRes
11988390784,11988393152,2368,0,2368,myelin-exec:__mye624839,648714,648714,3,0,2086,1588,:1558:1584:1588:2086,------myelin-exec:__mye624839
11988394016,11988405760,11744,0,11744,myelin-exec:_gemm_mha_v2,648714,648714,3,0,2087,1588,:1558:1584:1588:2087,------myelin-exec:_gemm_mha_v2
11988406720,11988556800,150080,0,150080,myelin-exec:__myl_FcAdd,648714,648714,3,0,2088,1588,:1558:1584:1588:2088,------myelin-exec:__myl_FcAdd
11988558880,11988574912,16032,0,16032,myelin-exec:__myl_MulMeaAddSqrDivMulMul,648714,648714,3,0,2089,1588,:1558:1584:1588:2089,------myelin-exec:__myl_MulMeaAddSqrDivMulMul
11988576896,11988580864,3968,0,3968,myelin-exec:__mye624841,648714,648714,3,0,2090,1588,:1558:1584:1588:2090,------myelin-exec:__mye624841
11988581792,11988627008,45216,0,45216,myelin-exec:/gate_proj_22/MatMul,648714,648714,3,0,2091,1588,:1558:1584:1588:2091,------myelin-exec:/gate_proj_22/MatMul
11988628384,11988632000,3616,0,3616,myelin-exec:__mye624843,648714,648714,3,0,2092,1588,:1558:1584:1588:2092,------myelin-exec:__mye624843
11988632800,11988673024,40224,0,40224,myelin-exec:/up_proj_22/MatMul,648714,648714,3,0,2093,1588,:1558:1584:1588:2093,------myelin-exec:/up_proj_22/MatMul
11988674080,11988677664,3584,0,3584,myelin-exec:__mye624845,648714,648714,3,0,2094,1588,:1558:1584:1588:2094,------myelin-exec:__mye624845
11988678656,11988681856,3200,0,3200,myelin-exec:__mye624847,648714,648714,3,0,2095,1588,:1558:1584:1588:2095,------myelin-exec:__mye624847
11988682944,11988699488,16544,0,16544,myelin-exec:__myl_NegExpAddDivMulMul,648714,648714,3,0,2096,1588,:1558:1584:1588:2096,------myelin-exec:__myl_NegExpAddDivMulMul
11988700896,11988847744,146848,0,146848,myelin-exec:__myl_FcAdd,648714,648714,3,0,2097,1588,:1558:1584:1588:2097,------myelin-exec:__myl_FcAdd
11988849760,11988863776,14016,0,14016,myelin-exec:__myl_MulMeaAddSqrDivMulMul,648714,648714,3,0,2098,1588,:1558:1584:1588:2098,------myelin-exec:__myl_MulMeaAddSqrDivMulMul
11988864832,11988904160,39328,0,39328,myelin-exec:/v_proj_23/MatMul+/k_proj_23/MatMul+/q_proj_23/MatMul,648714,648714,3,0,2099,1588,:1558:1584:1588:2099,------myelin-exec:/v_proj_23/MatMul+/k_proj_23/MatMul+/q_proj_23/MatMul
11988905632,11988910112,4480,0,4480,myelin-exec:__mye624849,648714,648714,3,0,2100,1588,:1558:1584:1588:2100,------myelin-exec:__mye624849
11988911360,11988926624,15264,0,15264,myelin-exec:__myl_ResTraResSliRepRes,648714,648714,3,0,2101,1588,:1558:1584:1588:2101,------myelin-exec:__myl_ResTraResSliRepRes
11988927712,11988930880,3168,0,3168,myelin-exec:__mye624851,648714,648714,3,0,2102,1588,:1558:1584:1588:2102,------myelin-exec:__mye624851
11988931808,11989011904,80096,0,80096,myelin-exec:__myl_ResMulMea,648714,648714,3,0,2103,1588,:1558:1584:1588:2103,------myelin-exec:__myl_ResMulMea
11989014144,11989037920,23776,0,23776,myelin-exec:__myl_AddSqrDivMulMulTraSliSliNegConMulMulAddResSliRepResTraRes,648714,648714,3,0,2104,1588,:1558:1584:1588:2104,------myelin-exec:__myl_AddSqrDivMulMulTraSliSliNegConMulMulAddResSliRepResTraRes
11989039744,11989044768,5024,0,5024,myelin-exec:__mye624853,648714,648714,3,0,2105,1588,:1558:1584:1588:2105,------myelin-exec:__mye624853
11989046144,11989064608,18464,0,18464,myelin-exec:__myl_ResMulMea,648714,648714,3,0,2106,1588,:1558:1584:1588:2106,------myelin-exec:__myl_ResMulMea
11989065792,11989080992,15200,0,15200,myelin-exec:__myl_AddSqrDivMulMulTraSliSliNegConMulMulAddRes,648714,648714,3,0,2107,1588,:1558:1584:1588:2107,------myelin-exec:__myl_AddSqrDivMulMulTraSliSliNegConMulMulAddRes
11989082336,11989086080,3744,0,3744,myelin-exec:__mye624855,648714,648714,3,0,2108,1588,:1558:1584:1588:2108,------myelin-exec:__mye624855
11989086784,11989100256,13472,0,13472,myelin-exec:_gemm_mha_v2,648714,648714,3,0,2109,1588,:1558:1584:1588:2109,------myelin-exec:_gemm_mha_v2
11989101280,11989257792,156512,0,156512,myelin-exec:__myl_FcAdd,648714,648714,3,0,2110,1588,:1558:1584:1588:2110,------myelin-exec:__myl_FcAdd
11989259872,11989276512,16640,0,16640,myelin-exec:__myl_MulMeaAddSqrDivMulMul,648714,648714,3,0,2111,1588,:1558:1584:1588:2111,------myelin-exec:__myl_MulMeaAddSqrDivMulMul
11989278400,11989282816,4416,0,4416,myelin-exec:__mye624857,648714,648714,3,0,2112,1588,:1558:1584:1588:2112,------myelin-exec:__mye624857
11989283648,11989326848,43200,0,43200,myelin-exec:/gate_proj_23/MatMul,648714,648714,3,0,2113,1588,:1558:1584:1588:2113,------myelin-exec:/gate_proj_23/MatMul
11989328320,11989332224,3904,0,3904,myelin-exec:__mye624859,648714,648714,3,0,2114,1588,:1558:1584:1588:2114,------myelin-exec:__mye624859
11989333312,11989380576,47264,0,47264,myelin-exec:/up_proj_23/MatMul,648714,648714,3,0,2115,1588,:1558:1584:1588:2115,------myelin-exec:/up_proj_23/MatMul
11989382112,11989385760,3648,0,3648,myelin-exec:__mye624861,648714,648714,3,0,2116,1588,:1558:1584:1588:2116,------myelin-exec:__mye624861
11989387008,11989389984,2976,0,2976,myelin-exec:__mye624863,648714,648714,3,0,2117,1588,:1558:1584:1588:2117,------myelin-exec:__mye624863
11989390752,11989406880,16128,0,16128,myelin-exec:__myl_NegExpAddDivMulMul,648714,648714,3,0,2118,1588,:1558:1584:1588:2118,------myelin-exec:__myl_NegExpAddDivMulMul
11989408608,11989568864,160256,0,160256,myelin-exec:__myl_FcAdd,648714,648714,3,0,2119,1588,:1558:1584:1588:2119,------myelin-exec:__myl_FcAdd
11989570816,11989590432,19616,0,19616,myelin-exec:__myl_MulMeaAddSqrDivMulMul,648714,648714,3,0,2120,1588,:1558:1584:1588:2120,------myelin-exec:__myl_MulMeaAddSqrDivMulMul
11989591872,11989639584,47712,0,47712,myelin-exec:/v_proj_24/MatMul+/k_proj_24/MatMul+/q_proj_24/MatMul,648714,648714,3,0,2121,1588,:1558:1584:1588:2121,------myelin-exec:/v_proj_24/MatMul+/k_proj_24/MatMul+/q_proj_24/MatMul
11989640896,11989646560,5664,0,5664,myelin-exec:__mye624865,648714,648714,3,0,2122,1588,:1558:1584:1588:2122,------myelin-exec:__mye624865
11989647648,11989665824,18176,0,18176,myelin-exec:__myl_ResTraResSliRepRes,648714,648714,3,0,2123,1588,:1558:1584:1588:2123,------myelin-exec:__myl_ResTraResSliRepRes
11989667232,11989671008,3776,0,3776,myelin-exec:__mye624867,648714,648714,3,0,2124,1588,:1558:1584:1588:2124,------myelin-exec:__mye624867
11989672064,11989689696,17632,0,17632,myelin-exec:__myl_ResMulMea,648714,648714,3,0,2125,1588,:1558:1584:1588:2125,------myelin-exec:__myl_ResMulMea
11989690912,11989713984,23072,0,23072,myelin-exec:__myl_AddSqrDivMulMulTraSliSliNegConMulMulAddResSliRepResTraRes,648714,648714,3,0,2126,1588,:1558:1584:1588:2126,------myelin-exec:__myl_AddSqrDivMulMulTraSliSliNegConMulMulAddResSliRepResTraRes
11989715776,11989719168,3392,0,3392,myelin-exec:__mye624869,648714,648714,3,0,2127,1588,:1558:1584:1588:2127,------myelin-exec:__mye624869
11989720160,11989735264,15104,0,15104,myelin-exec:__myl_ResMulMea,648714,648714,3,0,2128,1588,:1558:1584:1588:2128,------myelin-exec:__myl_ResMulMea
11989736576,11989749088,12512,0,12512,myelin-exec:__myl_AddSqrDivMulMulTraSliSliNegConMulMulAddRes,648714,648714,3,0,2129,1588,:1558:1584:1588:2129,------myelin-exec:__myl_AddSqrDivMulMulTraSliSliNegConMulMulAddRes
11989750176,11989753312,3136,0,3136,myelin-exec:__mye624871,648714,648714,3,0,2130,1588,:1558:1584:1588:2130,------myelin-exec:__mye624871
11989754144,11989766656,12512,0,12512,myelin-exec:_gemm_mha_v2,648714,648714,3,0,2131,1588,:1558:1584:1588:2131,------myelin-exec:_gemm_mha_v2
11989767712,11989926304,158592,0,158592,myelin-exec:__myl_FcAdd,648714,648714,3,0,2132,1588,:1558:1584:1588:2132,------myelin-exec:__myl_FcAdd
11989927904,11989946976,19072,0,19072,myelin-exec:__myl_MulMeaAddSqrDivMulMul,648714,648714,3,0,2133,1588,:1558:1584:1588:2133,------myelin-exec:__myl_MulMeaAddSqrDivMulMul
11989948160,11989953376,5216,0,5216,myelin-exec:__mye624873,648714,648714,3,0,2134,1588,:1558:1584:1588:2134,------myelin-exec:__mye624873
11989954912,11990004064,49152,0,49152,myelin-exec:/gate_proj_24/MatMul,648714,648714,3,0,2135,1588,:1558:1584:1588:2135,------myelin-exec:/gate_proj_24/MatMul
11990005504,11990009920,4416,0,4416,myelin-exec:__mye624875,648714,648714,3,0,2136,1588,:1558:1584:1588:2136,------myelin-exec:__mye624875
11990011104,11990059968,48864,0,48864,myelin-exec:/up_proj_24/MatMul,648714,648714,3,0,2137,1588,:1558:1584:1588:2137,------myelin-exec:/up_proj_24/MatMul
11990061824,11990065920,4096,0,4096,myelin-exec:__mye624877,648714,648714,3,0,2138,1588,:1558:1584:1588:2138,------myelin-exec:__mye624877
11990067264,11990070368,3104,0,3104,myelin-exec:__mye624879,648714,648714,3,0,2139,1588,:1558:1584:1588:2139,------myelin-exec:__mye624879
11990071616,11990089376,17760,0,17760,myelin-exec:__myl_NegExpAddDivMulMul,648714,648714,3,0,2140,1588,:1558:1584:1588:2140,------myelin-exec:__myl_NegExpAddDivMulMul
11990090848,11990236832,145984,0,145984,myelin-exec:__myl_FcAdd,648714,648714,3,0,2141,1588,:1558:1584:1588:2141,------myelin-exec:__myl_FcAdd
11990238464,11990253664,15200,0,15200,myelin-exec:__myl_MulMeaAddSqrDivMulMul,648714,648714,3,0,2142,1588,:1558:1584:1588:2142,------myelin-exec:__myl_MulMeaAddSqrDivMulMul
11990255136,11990296224,41088,0,41088,myelin-exec:/v_proj_25/MatMul+/k_proj_25/MatMul+/q_proj_25/MatMul,648714,648714,3,0,2143,1588,:1558:1584:1588:2143,------myelin-exec:/v_proj_25/MatMul+/k_proj_25/MatMul+/q_proj_25/MatMul
11990297888,11990302848,4960,0,4960,myelin-exec:__mye624881,648714,648714,3,0,2144,1588,:1558:1584:1588:2144,------myelin-exec:__mye624881
11990304192,11990320160,15968,0,15968,myelin-exec:__myl_ResTraResSliRepRes,648714,648714,3,0,2145,1588,:1558:1584:1588:2145,------myelin-exec:__myl_ResTraResSliRepRes
11990321632,11990325408,3776,0,3776,myelin-exec:__mye624883,648714,648714,3,0,2146,1588,:1558:1584:1588:2146,------myelin-exec:__mye624883
11990326720,11990341824,15104,0,15104,myelin-exec:__myl_ResMulMea,648714,648714,3,0,2147,1588,:1558:1584:1588:2147,------myelin-exec:__myl_ResMulMea
11990343040,11990364416,21376,0,21376,myelin-exec:__myl_AddSqrDivMulMulTraSliSliNegConMulMulAddResSliRepResTraRes,648714,648714,3,0,2148,1588,:1558:1584:1588:2148,------myelin-exec:__myl_AddSqrDivMulMulTraSliSliNegConMulMulAddResSliRepResTraRes
11990365856,11990369248,3392,0,3392,myelin-exec:__mye624885,648714,648714,3,0,2149,1588,:1558:1584:1588:2149,------myelin-exec:__mye624885
11990370048,11990384736,14688,0,14688,myelin-exec:__myl_ResMulMea,648714,648714,3,0,2150,1588,:1558:1584:1588:2150,------myelin-exec:__myl_ResMulMea
11990385760,11990398304,12544,0,12544,myelin-exec:__myl_AddSqrDivMulMulTraSliSliNegConMulMulAddRes,648714,648714,3,0,2151,1588,:1558:1584:1588:2151,------myelin-exec:__myl_AddSqrDivMulMulTraSliSliNegConMulMulAddRes
11990399040,11990402144,3104,0,3104,myelin-exec:__mye624887,648714,648714,3,0,2152,1588,:1558:1584:1588:2152,------myelin-exec:__mye624887
11990402656,11990414688,12032,0,12032,myelin-exec:_gemm_mha_v2,648714,648714,3,0,2153,1588,:1558:1584:1588:2153,------myelin-exec:_gemm_mha_v2
11990416000,11990566080,150080,0,150080,myelin-exec:__myl_FcAdd,648714,648714,3,0,2154,1588,:1558:1584:1588:2154,------myelin-exec:__myl_FcAdd
11990568064,11990584448,16384,0,16384,myelin-exec:__myl_MulMeaAddSqrDivMulMul,648714,648714,3,0,2155,1588,:1558:1584:1588:2155,------myelin-exec:__myl_MulMeaAddSqrDivMulMul
11990586112,11990590272,4160,0,4160,myelin-exec:__mye624889,648714,648714,3,0,2156,1588,:1558:1584:1588:2156,------myelin-exec:__mye624889
11990591584,11990633024,41440,0,41440,myelin-exec:/gate_proj_25/MatMul,648714,648714,3,0,2157,1588,:1558:1584:1588:2157,------myelin-exec:/gate_proj_25/MatMul
11990634432,11990638464,4032,0,4032,myelin-exec:__mye624891,648714,648714,3,0,2158,1588,:1558:1584:1588:2158,------myelin-exec:__mye624891
11990639680,11990676384,36704,0,36704,myelin-exec:/up_proj_25/MatMul,648714,648714,3,0,2159,1588,:1558:1584:1588:2159,------myelin-exec:/up_proj_25/MatMul
11990677824,11990681728,3904,0,3904,myelin-exec:__mye624893,648714,648714,3,0,2160,1588,:1558:1584:1588:2160,------myelin-exec:__mye624893
11990682528,11990685664,3136,0,3136,myelin-exec:__mye624895,648714,648714,3,0,2161,1588,:1558:1584:1588:2161,------myelin-exec:__mye624895
11990686656,11990703552,16896,0,16896,myelin-exec:__myl_NegExpAddDivMulMul,648714,648714,3,0,2162,1588,:1558:1584:1588:2162,------myelin-exec:__myl_NegExpAddDivMulMul
11990705248,11990854912,149664,0,149664,myelin-exec:__myl_FcAdd,648714,648714,3,0,2163,1588,:1558:1584:1588:2163,------myelin-exec:__myl_FcAdd
11990856928,11990871840,14912,0,14912,myelin-exec:__myl_MulMeaAddSqrDivMulMul,648714,648714,3,0,2164,1588,:1558:1584:1588:2164,------myelin-exec:__myl_MulMeaAddSqrDivMulMul
11990873568,11990914816,41248,0,41248,myelin-exec:/v_proj_26/MatMul+/k_proj_26/MatMul+/q_proj_26/MatMul,648714,648714,3,0,2165,1588,:1558:1584:1588:2165,------myelin-exec:/v_proj_26/MatMul+/k_proj_26/MatMul+/q_proj_26/MatMul
11990916128,11990920832,4704,0,4704,myelin-exec:__mye624897,648714,648714,3,0,2166,1588,:1558:1584:1588:2166,------myelin-exec:__mye624897
11990921952,11990938496,16544,0,16544,myelin-exec:__myl_ResTraResSliRepRes,648714,648714,3,0,2167,1588,:1558:1584:1588:2167,------myelin-exec:__myl_ResTraResSliRepRes
11990940032,11990943456,3424,0,3424,myelin-exec:__mye624899,648714,648714,3,0,2168,1588,:1558:1584:1588:2168,------myelin-exec:__mye624899
11990944096,11990959232,15136,0,15136,myelin-exec:__myl_ResMulMea,648714,648714,3,0,2169,1588,:1558:1584:1588:2169,------myelin-exec:__myl_ResMulMea
11990960416,11990975456,15040,0,15040,myelin-exec:__myl_AddSqrDivMulMulTraSliSliNegConMulMulAddResSliRepResTraRes,648714,648714,3,0,2170,1588,:1558:1584:1588:2170,------myelin-exec:__myl_AddSqrDivMulMulTraSliSliNegConMulMulAddResSliRepResTraRes
11990976576,11990980352,3776,0,3776,myelin-exec:__mye624901,648714,648714,3,0,2171,1588,:1558:1584:1588:2171,------myelin-exec:__mye624901
11990981504,11990995648,14144,0,14144,myelin-exec:__myl_ResMulMea,648714,648714,3,0,2172,1588,:1558:1584:1588:2172,------myelin-exec:__myl_ResMulMea
11990997024,11991008608,11584,0,11584,myelin-exec:__myl_AddSqrDivMulMulTraSliSliNegConMulMulAddRes,648714,648714,3,0,2173,1588,:1558:1584:1588:2173,------myelin-exec:__myl_AddSqrDivMulMulTraSliSliNegConMulMulAddRes
11991009664,11991012576,2912,0,2912,myelin-exec:__mye624903,648714,648714,3,0,2174,1588,:1558:1584:1588:2174,------myelin-exec:__mye624903
11991013248,11991025408,12160,0,12160,myelin-exec:_gemm_mha_v2,648714,648714,3,0,2175,1588,:1558:1584:1588:2175,------myelin-exec:_gemm_mha_v2
11991026816,11991186592,159776,0,159776,myelin-exec:__myl_FcAdd,648714,648714,3,0,2176,1588,:1558:1584:1588:2176,------myelin-exec:__myl_FcAdd
11991188128,11991208160,20032,0,20032,myelin-exec:__myl_MulMeaAddSqrDivMulMul,648714,648714,3,0,2177,1588,:1558:1584:1588:2177,------myelin-exec:__myl_MulMeaAddSqrDivMulMul
11991209696,11991214368,4672,0,4672,myelin-exec:__mye624905,648714,648714,3,0,2178,1588,:1558:1584:1588:2178,------myelin-exec:__mye624905
11991215808,11991259712,43904,0,43904,myelin-exec:/gate_proj_26/MatMul,648714,648714,3,0,2179,1588,:1558:1584:1588:2179,------myelin-exec:/gate_proj_26/MatMul
11991261184,11991265216,4032,0,4032,myelin-exec:__mye624907,648714,648714,3,0,2180,1588,:1558:1584:1588:2180,------myelin-exec:__mye624907
11991266176,11991315168,48992,0,48992,myelin-exec:/up_proj_26/MatMul,648714,648714,3,0,2181,1588,:1558:1584:1588:2181,------myelin-exec:/up_proj_26/MatMul
11991316864,11991321152,4288,0,4288,myelin-exec:__mye624909,648714,648714,3,0,2182,1588,:1558:1584:1588:2182,------myelin-exec:__mye624909
11991322400,11991325888,3488,0,3488,myelin-exec:__mye624911,648714,648714,3,0,2183,1588,:1558:1584:1588:2183,------myelin-exec:__mye624911
11991326880,11991344800,17920,0,17920,myelin-exec:__myl_NegExpAddDivMulMul,648714,648714,3,0,2184,1588,:1558:1584:1588:2184,------myelin-exec:__myl_NegExpAddDivMulMul
11991346112,11991493568,147456,0,147456,myelin-exec:__myl_FcAdd,648714,648714,3,0,2185,1588,:1558:1584:1588:2185,------myelin-exec:__myl_FcAdd
11991495584,11991512288,16704,0,16704,myelin-exec:__myl_MulMeaAddSqrDivMulMul,648714,648714,3,0,2186,1588,:1558:1584:1588:2186,------myelin-exec:__myl_MulMeaAddSqrDivMulMul
11991513632,11991555872,42240,0,42240,myelin-exec:/v_proj_27/MatMul+/k_proj_27/MatMul+/q_proj_27/MatMul,648714,648714,3,0,2187,1588,:1558:1584:1588:2187,------myelin-exec:/v_proj_27/MatMul+/k_proj_27/MatMul+/q_proj_27/MatMul
11991557344,11991561792,4448,0,4448,myelin-exec:__mye624913,648714,648714,3,0,2188,1588,:1558:1584:1588:2188,------myelin-exec:__mye624913
11991562624,11991578432,15808,0,15808,myelin-exec:__myl_ResTraResSliRepRes,648714,648714,3,0,2189,1588,:1558:1584:1588:2189,------myelin-exec:__myl_ResTraResSliRepRes
11991579456,11991583104,3648,0,3648,myelin-exec:__mye624915,648714,648714,3,0,2190,1588,:1558:1584:1588:2190,------myelin-exec:__mye624915
11991584064,11991600448,16384,0,16384,myelin-exec:__myl_ResMulMea,648714,648714,3,0,2191,1588,:1558:1584:1588:2191,------myelin-exec:__myl_ResMulMea
11991601760,11991617312,15552,0,15552,myelin-exec:__myl_AddSqrDivMulMulTraSliSliNegConMulMulAddResSliRepResTraRes,648714,648714,3,0,2192,1588,:1558:1584:1588:2192,------myelin-exec:__myl_AddSqrDivMulMulTraSliSliNegConMulMulAddResSliRepResTraRes
11991618176,11991621824,3648,0,3648,myelin-exec:__mye624917,648714,648714,3,0,2193,1588,:1558:1584:1588:2193,------myelin-exec:__mye624917
11991622880,11991636960,14080,0,14080,myelin-exec:__myl_ResMulMea,648714,648714,3,0,2194,1588,:1558:1584:1588:2194,------myelin-exec:__myl_ResMulMea
11991638144,11991650432,12288,0,12288,myelin-exec:__myl_AddSqrDivMulMulTraSliSliNegConMulMulAddRes,648714,648714,3,0,2195,1588,:1558:1584:1588:2195,------myelin-exec:__myl_AddSqrDivMulMulTraSliSliNegConMulMulAddRes
11991651776,11991654560,2784,0,2784,myelin-exec:__mye624919,648714,648714,3,0,2196,1588,:1558:1584:1588:2196,------myelin-exec:__mye624919
11991655552,11991669408,13856,0,13856,myelin-exec:_gemm_mha_v2,648714,648714,3,0,2197,1588,:1558:1584:1588:2197,------myelin-exec:_gemm_mha_v2
11991670368,11991828960,158592,0,158592,myelin-exec:__myl_FcAdd,648714,648714,3,0,2198,1588,:1558:1584:1588:2198,------myelin-exec:__myl_FcAdd
11991831168,11991848960,17792,0,17792,myelin-exec:__myl_MulMeaAddSqrDivMulMul,648714,648714,3,0,2199,1588,:1558:1584:1588:2199,------myelin-exec:__myl_MulMeaAddSqrDivMulMul
11991850528,11991854560,4032,0,4032,myelin-exec:__mye624921,648714,648714,3,0,2200,1588,:1558:1584:1588:2200,------myelin-exec:__mye624921
11991855072,11991895392,40320,0,40320,myelin-exec:/gate_proj_27/MatMul,648714,648714,3,0,2201,1588,:1558:1584:1588:2201,------myelin-exec:/gate_proj_27/MatMul
11991897088,11991900480,3392,0,3392,myelin-exec:__mye624923,648714,648714,3,0,2202,1588,:1558:1584:1588:2202,------myelin-exec:__mye624923
11991901824,11991949536,47712,0,47712,myelin-exec:/up_proj_27/MatMul,648714,648714,3,0,2203,1588,:1558:1584:1588:2203,------myelin-exec:/up_proj_27/MatMul
11991951072,11991954656,3584,0,3584,myelin-exec:__mye624925,648714,648714,3,0,2204,1588,:1558:1584:1588:2204,------myelin-exec:__mye624925
11991955968,11991959392,3424,0,3424,myelin-exec:__mye624927,648714,648714,3,0,2205,1588,:1558:1584:1588:2205,------myelin-exec:__mye624927
11991960224,11991977856,17632,0,17632,myelin-exec:__myl_NegExpAddDivMulMul,648714,648714,3,0,2206,1588,:1558:1584:1588:2206,------myelin-exec:__myl_NegExpAddDivMulMul
11991979232,11992146656,167424,0,167424,myelin-exec:__myl_FcAdd,648714,648714,3,0,2207,1588,:1558:1584:1588:2207,------myelin-exec:__myl_FcAdd
12197599456,12197808576,209120,139744,69376,TensorRT:ExecutionContext::enqueue,648714,648714,1,1,2299,1558,:1558:2299,--TensorRT:ExecutionContext::enqueue
12197663360,12197803104,139744,79904,59840,TensorRT:{ForeignNode[/Cast.../Cast_1]},648714,648714,2,2,2303,2299,:1558:2299:2303,----TensorRT:{ForeignNode[/Cast.../Cast_1]}
12197708352,12197710368,2016,0,2016,myelin-exec:__mye60_0,648714,648714,3,0,2310,2303,:1558:2299:2303:2310,------myelin-exec:__mye60_0
12197711200,12197789088,77888,0,77888,myelin-exec:__myl_MovMulMeaAddSqrDivMulMulCas,648714,648714,3,0,2311,2303,:1558:2299:2303:2311,------myelin-exec:__myl_MovMulMeaAddSqrDivMulMulCas
12204602112,12204818848,216736,170912,45824,TensorRT:ExecutionContext::enqueue,648714,648714,1,1,2320,1558,:1558:2320,--TensorRT:ExecutionContext::enqueue
12204643936,12204814848,170912,125152,45760,TensorRT:{ForeignNode[onnx::MatMul_4 + ONNXTRT_Broadcast.../MatMul]},648714,648714,2,2,2324,2320,:1558:2320:2324,----TensorRT:{ForeignNode[onnx::MatMul_4 + ONNXTRT_Broadcast.../MatMul]}
12204676768,12204678368,1600,0,1600,myelin-exec:__mye31_0,648714,648714,3,0,2331,2324,:1558:2320:2324:2331,------myelin-exec:__mye31_0
12204679232,12204802784,123552,0,123552,myelin-exec:/MatMul,648714,648714,3,0,2332,2324,:1558:2320:2324:2332,------myelin-exec:/MatMul
12216371968,14347804032,2131432064,29689024,2101743040,:A1_decode_step_0,648714,648714,0,4,2337,,:2337,:A1_decode_step_0
12224657632,12224830304,172672,111296,61376,TensorRT:ExecutionContext::enqueue,648714,648714,1,1,2342,2337,:2337:2342,--TensorRT:ExecutionContext::enqueue
12224714464,12224825760,111296,58816,52480,TensorRT:{ForeignNode[ONNXTRT_castHelper.../Gather]},648714,648714,2,2,2346,2342,:2337:2342:2346,----TensorRT:{ForeignNode[ONNXTRT_castHelper.../Gather]}
12224753536,12224754784,1248,0,1248,myelin-exec:__mye39_0,648714,648714,3,0,2353,2346,:2337:2342:2346:2353,------myelin-exec:__mye39_0
12224755680,12224813248,57568,0,57568,myelin-exec:__myl_CasGat,648714,648714,3,0,2354,2346,:2337:2342:2346:2354,------myelin-exec:__myl_CasGat
14085229376,14114332448,29103072,27877344,1225728,TensorRT:ExecutionContext::enqueue,648714,648714,1,1,2363,2337,:2337:2363,--TensorRT:ExecutionContext::enqueue
14086401280,14114278624,27877344,26544576,1332768,TensorRT:{ForeignNode[/Cast.../Add_111]},648714,648714,2,420,2366,2363,:2337:2363:2366,----TensorRT:{ForeignNode[/Cast.../Add_111]}
14086706304,14086709568,3264,0,3264,myelin-exec:__mye133320_0,648714,648714,3,0,2373,2366,:2337:2363:2366:2373,------myelin-exec:__mye133320_0
14086710624,14086805536,94912,0,94912,myelin-exec:__myl_MovMulMeaAddSqrDivMulMul,648714,648714,3,0,2374,2366,:2337:2363:2366:2374,------myelin-exec:__myl_MovMulMeaAddSqrDivMulMul
14086808032,14094310464,7502432,0,7502432,myelin-exec:/v_proj/MatMul+/k_proj/MatMul+/q_proj/MatMul,648714,648714,3,0,2375,2366,:2337:2363:2366:2375,------myelin-exec:/v_proj/MatMul+/k_proj/MatMul+/q_proj/MatMul
14094313376,14094344384,31008,0,31008,myelin-exec:__myl_MovResConResRep,648714,648714,3,0,2376,2366,:2337:2363:2366:2376,------myelin-exec:__myl_MovResConResRep
14094346368,14094366400,20032,0,20032,myelin-exec:__myl_MovResMulMea,648714,648714,3,0,2377,2366,:2337:2363:2366:2377,------myelin-exec:__myl_MovResMulMea
14094367712,14094384512,16800,0,16800,myelin-exec:__myl_MovResMulMea,648714,648714,3,0,2378,2366,:2337:2363:2366:2378,------myelin-exec:__myl_MovResMulMea
14094385952,14094406592,20640,0,20640,myelin-exec:__myl_CasResMulConSinResCosResAddSqrAddSqrDivMulDivMulMulResSliSliNegConMulMulAddConResRepResTraEtc,648714,648714,3,0,2379,2366,:2337:2363:2366:2379,------myelin-exec:__myl_CasResMulConSinResCosResAddSqrAddSqrDivMulDivMulMulResSliSliNegConMulMulAddConResRepResTraEtc
14094407936,14094453440,45504,0,45504,myelin-exec:/MatMul,648714,648714,3,0,2380,2366,:2337:2363:2366:2380,------myelin-exec:/MatMul
14094455136,14094473024,17888,0,17888,myelin-exec:__myl_MulMaxSubExpSumDivMul,648714,648714,3,0,2381,2366,:2337:2363:2366:2381,------myelin-exec:__myl_MulMaxSubExpSumDivMul
14094474560,14094520704,46144,0,46144,myelin-exec:/MatMul_1,648714,648714,3,0,2382,2366,:2337:2363:2366:2382,------myelin-exec:/MatMul_1
14094522336,14094684896,162560,0,162560,myelin-exec:/o_proj/MatMul,648714,648714,3,0,2383,2366,:2337:2363:2366:2383,------myelin-exec:/o_proj/MatMul
14094687008,14094709088,22080,0,22080,myelin-exec:__myl_MulMeaAddSqrDivMulMul,648714,648714,3,0,2384,2366,:2337:2363:2366:2384,------myelin-exec:__myl_MulMeaAddSqrDivMulMul
14094710784,14094768512,57728,0,57728,myelin-exec:/up_proj/MatMul,648714,648714,3,0,2385,2366,:2337:2363:2366:2385,------myelin-exec:/up_proj/MatMul
14094770368,14094965888,195520,0,195520,myelin-exec:__myl_FcNegExpAddDivMulMul,648714,648714,3,0,2386,2366,:2337:2363:2366:2386,------myelin-exec:__myl_FcNegExpAddDivMulMul
14094968416,14095109792,141376,0,141376,myelin-exec:__myl_FcAdd,648714,648714,3,0,2387,2366,:2337:2363:2366:2387,------myelin-exec:__myl_FcAdd
14095111968,14095126688,14720,0,14720,myelin-exec:__myl_MulMeaAddSqrDivMulMul,648714,648714,3,0,2388,2366,:2337:2363:2366:2388,------myelin-exec:__myl_MulMeaAddSqrDivMulMul
14095128160,14095176736,48576,0,48576,myelin-exec:/v_proj_1/MatMul+/k_proj_1/MatMul+/q_proj_1/MatMul,648714,648714,3,0,2389,2366,:2337:2363:2366:2389,------myelin-exec:/v_proj_1/MatMul+/k_proj_1/MatMul+/q_proj_1/MatMul
14095178464,14095196928,18464,0,18464,myelin-exec:__myl_MovResConResRep,648714,648714,3,0,2390,2366,:2337:2363:2366:2390,------myelin-exec:__myl_MovResConResRep
14095198464,14095212544,14080,0,14080,myelin-exec:__myl_MovResMulMea,648714,648714,3,0,2391,2366,:2337:2363:2366:2391,------myelin-exec:__myl_MovResMulMea
14095213472,14095232256,18784,0,18784,myelin-exec:__myl_AddSqrDivMulMulResSliSliNegConMulMulAddConResRepResTra,648714,648714,3,0,2392,2366,:2337:2363:2366:2392,------myelin-exec:__myl_AddSqrDivMulMulResSliSliNegConMulMulAddConResRepResTra
14095233632,14095245696,12064,0,12064,myelin-exec:__myl_MovResMulMea,648714,648714,3,0,2393,2366,:2337:2363:2366:2393,------myelin-exec:__myl_MovResMulMea
14095246784,14095261408,14624,0,14624,myelin-exec:__myl_AddSqrDivMulMulResSliSliNegConMulMulAdd,648714,648714,3,0,2394,2366,:2337:2363:2366:2394,------myelin-exec:__myl_AddSqrDivMulMulResSliSliNegConMulMulAdd
14095262240,14095302784,40544,0,40544,myelin-exec:/MatMul_2,648714,648714,3,0,2395,2366,:2337:2363:2366:2395,------myelin-exec:/MatMul_2
14095304352,14095317952,13600,0,13600,myelin-exec:__myl_MulMaxSubExpSumDivMul,648714,648714,3,0,2396,2366,:2337:2363:2366:2396,------myelin-exec:__myl_MulMaxSubExpSumDivMul
14095319072,14095358368,39296,0,39296,myelin-exec:/MatMul_3,648714,648714,3,0,2397,2366,:2337:2363:2366:2397,------myelin-exec:/MatMul_3
14095360160,14095402464,42304,0,42304,myelin-exec:/o_proj_1/MatMul,648714,648714,3,0,2398,2366,:2337:2363:2366:2398,------myelin-exec:/o_proj_1/MatMul
14095404192,14095421984,17792,0,17792,myelin-exec:__myl_AddMulMeaAddSqrDivMulMul,648714,648714,3,0,2399,2366,:2337:2363:2366:2399,------myelin-exec:__myl_AddMulMeaAddSqrDivMulMul
14095423520,14095465600,42080,0,42080,myelin-exec:/up_proj_1/MatMul,648714,648714,3,0,2400,2366,:2337:2363:2366:2400,------myelin-exec:/up_proj_1/MatMul
14095467296,14095615328,148032,0,148032,myelin-exec:__myl_FcNegExpAddDivMulMul,648714,648714,3,0,2401,2366,:2337:2363:2366:2401,------myelin-exec:__myl_FcNegExpAddDivMulMul
14095617088,14095749408,132320,0,132320,myelin-exec:__myl_FcAdd,648714,648714,3,0,2402,2366,:2337:2363:2366:2402,------myelin-exec:__myl_FcAdd
14095751296,14095764992,13696,0,13696,myelin-exec:__myl_MulMeaAddSqrDivMulMul,648714,648714,3,0,2403,2366,:2337:2363:2366:2403,------myelin-exec:__myl_MulMeaAddSqrDivMulMul
14095766176,14095816352,50176,0,50176,myelin-exec:/v_proj_2/MatMul+/k_proj_2/MatMul+/q_proj_2/MatMul,648714,648714,3,0,2404,2366,:2337:2363:2366:2404,------myelin-exec:/v_proj_2/MatMul+/k_proj_2/MatMul+/q_proj_2/MatMul
14095817696,14095839168,21472,0,21472,myelin-exec:__myl_MovResConResRep,648714,648714,3,0,2405,2366,:2337:2363:2366:2405,------myelin-exec:__myl_MovResConResRep
14095840608,14095855328,14720,0,14720,myelin-exec:__myl_MovResMulMea,648714,648714,3,0,2406,2366,:2337:2363:2366:2406,------myelin-exec:__myl_MovResMulMea
14095856736,14095870048,13312,0,13312,myelin-exec:__myl_AddSqrDivMulMulResSliSliNegConMulMulAddConResRepResTra,648714,648714,3,0,2407,2366,:2337:2363:2366:2407,------myelin-exec:__myl_AddSqrDivMulMulResSliSliNegConMulMulAddConResRepResTra
14095871200,14095882112,10912,0,10912,myelin-exec:__myl_MovResMulMea,648714,648714,3,0,2408,2366,:2337:2363:2366:2408,------myelin-exec:__myl_MovResMulMea
14095883584,14095894848,11264,0,11264,myelin-exec:__myl_AddSqrDivMulMulResSliSliNegConMulMulAdd,648714,648714,3,0,2409,2366,:2337:2363:2366:2409,------myelin-exec:__myl_AddSqrDivMulMulResSliSliNegConMulMulAdd
14095895680,14095941376,45696,0,45696,myelin-exec:/MatMul_4,648714,648714,3,0,2410,2366,:2337:2363:2366:2410,------myelin-exec:/MatMul_4
14095943136,14095962368,19232,0,19232,myelin-exec:__myl_MulMaxSubExpSumDivMul,648714,648714,3,0,2411,2366,:2337:2363:2366:2411,------myelin-exec:__myl_MulMaxSubExpSumDivMul
14095963936,14096013856,49920,0,49920,myelin-exec:/MatMul_5,648714,648714,3,0,2412,2366,:2337:2363:2366:2412,------myelin-exec:/MatMul_5
14096015264,14096061024,45760,0,45760,myelin-exec:/o_proj_2/MatMul,648714,648714,3,0,2413,2366,:2337:2363:2366:2413,------myelin-exec:/o_proj_2/MatMul
14096062816,14096082784,19968,0,19968,myelin-exec:__myl_AddMulMeaAddSqrDivMulMul,648714,648714,3,0,2414,2366,:2337:2363:2366:2414,------myelin-exec:__myl_AddMulMeaAddSqrDivMulMul
14096084416,14096125632,41216,0,41216,myelin-exec:/up_proj_2/MatMul,648714,648714,3,0,2415,2366,:2337:2363:2366:2415,------myelin-exec:/up_proj_2/MatMul
14096127200,14096270496,143296,0,143296,myelin-exec:__myl_FcNegExpAddDivMulMul,648714,648714,3,0,2416,2366,:2337:2363:2366:2416,------myelin-exec:__myl_FcNegExpAddDivMulMul
14096272256,14096414016,141760,0,141760,myelin-exec:__myl_FcAdd,648714,648714,3,0,2417,2366,:2337:2363:2366:2417,------myelin-exec:__myl_FcAdd
14096415488,14096433152,17664,0,17664,myelin-exec:__myl_MulMeaAddSqrDivMulMul,648714,648714,3,0,2418,2366,:2337:2363:2366:2418,------myelin-exec:__myl_MulMeaAddSqrDivMulMul
14096434752,14096482336,47584,0,47584,myelin-exec:/v_proj_3/MatMul+/k_proj_3/MatMul+/q_proj_3/MatMul,648714,648714,3,0,2419,2366,:2337:2363:2366:2419,------myelin-exec:/v_proj_3/MatMul+/k_proj_3/MatMul+/q_proj_3/MatMul
14096484480,14096504896,20416,0,20416,myelin-exec:__myl_MovResConResRep,648714,648714,3,0,2420,2366,:2337:2363:2366:2420,------myelin-exec:__myl_MovResConResRep
14096506080,14096520416,14336,0,14336,myelin-exec:__myl_MovResMulMea,648714,648714,3,0,2421,2366,:2337:2363:2366:2421,------myelin-exec:__myl_MovResMulMea
14096521792,14096535808,14016,0,14016,myelin-exec:__myl_AddSqrDivMulMulResSliSliNegConMulMulAddConResRepResTra,648714,648714,3,0,2422,2366,:2337:2363:2366:2422,------myelin-exec:__myl_AddSqrDivMulMulResSliSliNegConMulMulAddConResRepResTra
14096536928,14096547872,10944,0,10944,myelin-exec:__myl_MovResMulMea,648714,648714,3,0,2423,2366,:2337:2363:2366:2423,------myelin-exec:__myl_MovResMulMea
14096549024,14096559456,10432,0,10432,myelin-exec:__myl_AddSqrDivMulMulResSliSliNegConMulMulAdd,648714,648714,3,0,2424,2366,:2337:2363:2366:2424,------myelin-exec:__myl_AddSqrDivMulMulResSliSliNegConMulMulAdd
14096560288,14096602944,42656,0,42656,myelin-exec:/MatMul_6,648714,648714,3,0,2425,2366,:2337:2363:2366:2425,------myelin-exec:/MatMul_6
14096604288,14096620640,16352,0,16352,myelin-exec:__myl_MulMaxSubExpSumDivMul,648714,648714,3,0,2426,2366,:2337:2363:2366:2426,------myelin-exec:__myl_MulMaxSubExpSumDivMul
14096621920,14096663456,41536,0,41536,myelin-exec:/MatMul_7,648714,648714,3,0,2427,2366,:2337:2363:2366:2427,------myelin-exec:/MatMul_7
14096665568,14096709120,43552,0,43552,myelin-exec:/o_proj_3/MatMul,648714,648714,3,0,2428,2366,:2337:2363:2366:2428,------myelin-exec:/o_proj_3/MatMul
14096710880,14096728512,17632,0,17632,myelin-exec:__myl_AddMulMeaAddSqrDivMulMul,648714,648714,3,0,2429,2366,:2337:2363:2366:2429,------myelin-exec:__myl_AddMulMeaAddSqrDivMulMul
14096730080,14096775104,45024,0,45024,myelin-exec:/up_proj_3/MatMul,648714,648714,3,0,2430,2366,:2337:2363:2366:2430,------myelin-exec:/up_proj_3/MatMul
14096776576,14096985696,209120,0,209120,myelin-exec:__myl_FcNegExpAddDivMulMul,648714,648714,3,0,2431,2366,:2337:2363:2366:2431,------myelin-exec:__myl_FcNegExpAddDivMulMul
14096988064,14097139616,151552,0,151552,myelin-exec:__myl_FcAdd,648714,648714,3,0,2432,2366,:2337:2363:2366:2432,------myelin-exec:__myl_FcAdd
14097141984,14097160448,18464,0,18464,myelin-exec:__myl_MulMeaAddSqrDivMulMul,648714,648714,3,0,2433,2366,:2337:2363:2366:2433,------myelin-exec:__myl_MulMeaAddSqrDivMulMul
14097161792,14097217696,55904,0,55904,myelin-exec:/v_proj_4/MatMul+/k_proj_4/MatMul+/q_proj_4/MatMul,648714,648714,3,0,2434,2366,:2337:2363:2366:2434,------myelin-exec:/v_proj_4/MatMul+/k_proj_4/MatMul+/q_proj_4/MatMul
14097219808,14097243680,23872,0,23872,myelin-exec:__myl_MovResConResRep,648714,648714,3,0,2435,2366,:2337:2363:2366:2435,------myelin-exec:__myl_MovResConResRep
14097245472,14097261184,15712,0,15712,myelin-exec:__myl_MovResMulMea,648714,648714,3,0,2436,2366,:2337:2363:2366:2436,------myelin-exec:__myl_MovResMulMea
14097262496,14097276480,13984,0,13984,myelin-exec:__myl_AddSqrDivMulMulResSliSliNegConMulMulAddConResRepResTra,648714,648714,3,0,2437,2366,:2337:2363:2366:2437,------myelin-exec:__myl_AddSqrDivMulMulResSliSliNegConMulMulAddConResRepResTra
14097277600,14097288000,10400,0,10400,myelin-exec:__myl_MovResMulMea,648714,648714,3,0,2438,2366,:2337:2363:2366:2438,------myelin-exec:__myl_MovResMulMea
14097288928,14097300416,11488,0,11488,myelin-exec:__myl_AddSqrDivMulMulResSliSliNegConMulMulAdd,648714,648714,3,0,2439,2366,:2337:2363:2366:2439,------myelin-exec:__myl_AddSqrDivMulMulResSliSliNegConMulMulAdd
14097301504,14097342656,41152,0,41152,myelin-exec:/MatMul_8,648714,648714,3,0,2440,2366,:2337:2363:2366:2440,------myelin-exec:/MatMul_8
14097344128,14097360864,16736,0,16736,myelin-exec:__myl_MulMaxSubExpSumDivMul,648714,648714,3,0,2441,2366,:2337:2363:2366:2441,------myelin-exec:__myl_MulMaxSubExpSumDivMul
14097362080,14097412192,50112,0,50112,myelin-exec:/MatMul_9,648714,648714,3,0,2442,2366,:2337:2363:2366:2442,------myelin-exec:/MatMul_9
14097414304,14097463136,48832,0,48832,myelin-exec:/o_proj_4/MatMul,648714,648714,3,0,2443,2366,:2337:2363:2366:2443,------myelin-exec:/o_proj_4/MatMul
14097465120,14097485184,20064,0,20064,myelin-exec:__myl_AddMulMeaAddSqrDivMulMul,648714,648714,3,0,2444,2366,:2337:2363:2366:2444,------myelin-exec:__myl_AddMulMeaAddSqrDivMulMul
14097486560,14097534848,48288,0,48288,myelin-exec:/up_proj_4/MatMul,648714,648714,3,0,2445,2366,:2337:2363:2366:2445,------myelin-exec:/up_proj_4/MatMul
14097536384,14097692352,155968,0,155968,myelin-exec:__myl_FcNegExpAddDivMulMul,648714,648714,3,0,2446,2366,:2337:2363:2366:2446,------myelin-exec:__myl_FcNegExpAddDivMulMul
14097694272,14097828896,134624,0,134624,myelin-exec:__myl_FcAdd,648714,648714,3,0,2447,2366,:2337:2363:2366:2447,------myelin-exec:__myl_FcAdd
14097830656,14097848960,18304,0,18304,myelin-exec:__myl_MulMeaAddSqrDivMulMul,648714,648714,3,0,2448,2366,:2337:2363:2366:2448,------myelin-exec:__myl_MulMeaAddSqrDivMulMul
14097850336,14097900064,49728,0,49728,myelin-exec:/v_proj_5/MatMul+/k_proj_5/MatMul+/q_proj_5/MatMul,648714,648714,3,0,2449,2366,:2337:2363:2366:2449,------myelin-exec:/v_proj_5/MatMul+/k_proj_5/MatMul+/q_proj_5/MatMul
14097901472,14097921088,19616,0,19616,myelin-exec:__myl_MovResConResRep,648714,648714,3,0,2450,2366,:2337:2363:2366:2450,------myelin-exec:__myl_MovResConResRep
14097922560,14097936256,13696,0,13696,myelin-exec:__myl_MovResMulMea,648714,648714,3,0,2451,2366,:2337:2363:2366:2451,------myelin-exec:__myl_MovResMulMea
14097937216,14097950784,13568,0,13568,myelin-exec:__myl_AddSqrDivMulMulResSliSliNegConMulMulAddConResRepResTra,648714,648714,3,0,2452,2366,:2337:2363:2366:2452,------myelin-exec:__myl_AddSqrDivMulMulResSliSliNegConMulMulAddConResRepResTra
14097951776,14097962560,10784,0,10784,myelin-exec:__myl_MovResMulMea,648714,648714,3,0,2453,2366,:2337:2363:2366:2453,------myelin-exec:__myl_MovResMulMea
14097963712,14097973952,10240,0,10240,myelin-exec:__myl_AddSqrDivMulMulResSliSliNegConMulMulAdd,648714,648714,3,0,2454,2366,:2337:2363:2366:2454,------myelin-exec:__myl_AddSqrDivMulMulResSliSliNegConMulMulAdd
14097974912,14098019360,44448,0,44448,myelin-exec:/MatMul_10,648714,648714,3,0,2455,2366,:2337:2363:2366:2455,------myelin-exec:/MatMul_10
14098020928,14098040352,19424,0,19424,myelin-exec:__myl_MulMaxSubExpSumDivMul,648714,648714,3,0,2456,2366,:2337:2363:2366:2456,------myelin-exec:__myl_MulMaxSubExpSumDivMul
14098041568,14098090464,48896,0,48896,myelin-exec:/MatMul_11,648714,648714,3,0,2457,2366,:2337:2363:2366:2457,------myelin-exec:/MatMul_11
14098092352,14098140576,48224,0,48224,myelin-exec:/o_proj_5/MatMul,648714,648714,3,0,2458,2366,:2337:2363:2366:2458,------myelin-exec:/o_proj_5/MatMul
14098142400,14098163008,20608,0,20608,myelin-exec:__myl_AddMulMeaAddSqrDivMulMul,648714,648714,3,0,2459,2366,:2337:2363:2366:2459,------myelin-exec:__myl_AddMulMeaAddSqrDivMulMul
14098164736,14098210496,45760,0,45760,myelin-exec:/up_proj_5/MatMul,648714,648714,3,0,2460,2366,:2337:2363:2366:2460,------myelin-exec:/up_proj_5/MatMul
14098212128,14098361632,149504,0,149504,myelin-exec:__myl_FcNegExpAddDivMulMul,648714,648714,3,0,2461,2366,:2337:2363:2366:2461,------myelin-exec:__myl_FcNegExpAddDivMulMul
14098363264,14098502688,139424,0,139424,myelin-exec:__myl_FcAdd,648714,648714,3,0,2462,2366,:2337:2363:2366:2462,------myelin-exec:__myl_FcAdd
14098504384,14098522016,17632,0,17632,myelin-exec:__myl_MulMeaAddSqrDivMulMul,648714,648714,3,0,2463,2366,:2337:2363:2366:2463,------myelin-exec:__myl_MulMeaAddSqrDivMulMul
14098523360,14098572864,49504,0,49504,myelin-exec:/v_proj_6/MatMul+/k_proj_6/MatMul+/q_proj_6/MatMul,648714,648714,3,0,2464,2366,:2337:2363:2366:2464,------myelin-exec:/v_proj_6/MatMul+/k_proj_6/MatMul+/q_proj_6/MatMul
14098574752,14098595104,20352,0,20352,myelin-exec:__myl_MovResConResRep,648714,648714,3,0,2465,2366,:2337:2363:2366:2465,------myelin-exec:__myl_MovResConResRep
14098596512,14098609280,12768,0,12768,myelin-exec:__myl_MovResMulMea,648714,648714,3,0,2466,2366,:2337:2363:2366:2466,------myelin-exec:__myl_MovResMulMea
14098610752,14098625440,14688,0,14688,myelin-exec:__myl_AddSqrDivMulMulResSliSliNegConMulMulAddConResRepResTra,648714,648714,3,0,2467,2366,:2337:2363:2366:2467,------myelin-exec:__myl_AddSqrDivMulMulResSliSliNegConMulMulAddConResRepResTra
14098626592,14098637504,10912,0,10912,myelin-exec:__myl_MovResMulMea,648714,648714,3,0,2468,2366,:2337:2363:2366:2468,------myelin-exec:__myl_MovResMulMea
14098638464,14098648960,10496,0,10496,myelin-exec:__myl_AddSqrDivMulMulResSliSliNegConMulMulAdd,648714,648714,3,0,2469,2366,:2337:2363:2366:2469,------myelin-exec:__myl_AddSqrDivMulMulResSliSliNegConMulMulAdd
14098650048,14098695104,45056,0,45056,myelin-exec:/MatMul_12,648714,648714,3,0,2470,2366,:2337:2363:2366:2470,------myelin-exec:/MatMul_12
14098696640,14098715872,19232,0,19232,myelin-exec:__myl_MulMaxSubExpSumDivMul,648714,648714,3,0,2471,2366,:2337:2363:2366:2471,------myelin-exec:__myl_MulMaxSubExpSumDivMul
14098717312,14098766208,48896,0,48896,myelin-exec:/MatMul_13,648714,648714,3,0,2472,2366,:2337:2363:2366:2472,------myelin-exec:/MatMul_13
14098768608,14098815008,46400,0,46400,myelin-exec:/o_proj_6/MatMul,648714,648714,3,0,2473,2366,:2337:2363:2366:2473,------myelin-exec:/o_proj_6/MatMul
14098816800,14098835264,18464,0,18464,myelin-exec:__myl_AddMulMeaAddSqrDivMulMul,648714,648714,3,0,2474,2366,:2337:2363:2366:2474,------myelin-exec:__myl_AddMulMeaAddSqrDivMulMul
14098836768,14098885952,49184,0,49184,myelin-exec:/up_proj_6/MatMul,648714,648714,3,0,2475,2366,:2337:2363:2366:2475,------myelin-exec:/up_proj_6/MatMul
14098887328,14099039584,152256,0,152256,myelin-exec:__myl_FcNegExpAddDivMulMul,648714,648714,3,0,2476,2366,:2337:2363:2366:2476,------myelin-exec:__myl_FcNegExpAddDivMulMul
14099041856,14099174464,132608,0,132608,myelin-exec:__myl_FcAdd,648714,648714,3,0,2477,2366,:2337:2363:2366:2477,------myelin-exec:__myl_FcAdd
14099176416,14099191776,15360,0,15360,myelin-exec:__myl_MulMeaAddSqrDivMulMul,648714,648714,3,0,2478,2366,:2337:2363:2366:2478,------myelin-exec:__myl_MulMeaAddSqrDivMulMul
14099193600,14099245888,52288,0,52288,myelin-exec:/v_proj_7/MatMul+/k_proj_7/MatMul+/q_proj_7/MatMul,648714,648714,3,0,2479,2366,:2337:2363:2366:2479,------myelin-exec:/v_proj_7/MatMul+/k_proj_7/MatMul+/q_proj_7/MatMul
14099247488,14099268256,20768,0,20768,myelin-exec:__myl_MovResConResRep,648714,648714,3,0,2480,2366,:2337:2363:2366:2480,------myelin-exec:__myl_MovResConResRep
14099269568,14099285248,15680,0,15680,myelin-exec:__myl_MovResMulMea,648714,648714,3,0,2481,2366,:2337:2363:2366:2481,------myelin-exec:__myl_MovResMulMea
14099286656,14099301376,14720,0,14720,myelin-exec:__myl_AddSqrDivMulMulResSliSliNegConMulMulAddConResRepResTra,648714,648714,3,0,2482,2366,:2337:2363:2366:2482,------myelin-exec:__myl_AddSqrDivMulMulResSliSliNegConMulMulAddConResRepResTra
14099302816,14099313088,10272,0,10272,myelin-exec:__myl_MovResMulMea,648714,648714,3,0,2483,2366,:2337:2363:2366:2483,------myelin-exec:__myl_MovResMulMea
14099314272,14099324960,10688,0,10688,myelin-exec:__myl_AddSqrDivMulMulResSliSliNegConMulMulAdd,648714,648714,3,0,2484,2366,:2337:2363:2366:2484,------myelin-exec:__myl_AddSqrDivMulMulResSliSliNegConMulMulAdd
14099325984,14099373152,47168,0,47168,myelin-exec:/MatMul_14,648714,648714,3,0,2485,2366,:2337:2363:2366:2485,------myelin-exec:/MatMul_14
14099375040,14099394208,19168,0,19168,myelin-exec:__myl_MulMaxSubExpSumDivMul,648714,648714,3,0,2486,2366,:2337:2363:2366:2486,------myelin-exec:__myl_MulMaxSubExpSumDivMul
14099395584,14099437824,42240,0,42240,myelin-exec:/MatMul_15,648714,648714,3,0,2487,2366,:2337:2363:2366:2487,------myelin-exec:/MatMul_15
14099439744,14099485216,45472,0,45472,myelin-exec:/o_proj_7/MatMul,648714,648714,3,0,2488,2366,:2337:2363:2366:2488,------myelin-exec:/o_proj_7/MatMul
14099486976,14099506112,19136,0,19136,myelin-exec:__myl_AddMulMeaAddSqrDivMulMul,648714,648714,3,0,2489,2366,:2337:2363:2366:2489,------myelin-exec:__myl_AddMulMeaAddSqrDivMulMul
14099507776,14099556096,48320,0,48320,myelin-exec:/up_proj_7/MatMul,648714,648714,3,0,2490,2366,:2337:2363:2366:2490,------myelin-exec:/up_proj_7/MatMul
14099557920,14099706016,148096,0,148096,myelin-exec:__myl_FcNegExpAddDivMulMul,648714,648714,3,0,2491,2366,:2337:2363:2366:2491,------myelin-exec:__myl_FcNegExpAddDivMulMul
14099708128,14099841792,133664,0,133664,myelin-exec:__myl_FcAdd,648714,648714,3,0,2492,2366,:2337:2363:2366:2492,------myelin-exec:__myl_FcAdd
14099843360,14099861472,18112,0,18112,myelin-exec:__myl_MulMeaAddSqrDivMulMul,648714,648714,3,0,2493,2366,:2337:2363:2366:2493,------myelin-exec:__myl_MulMeaAddSqrDivMulMul
14099863264,14099916192,52928,0,52928,myelin-exec:/v_proj_8/MatMul+/k_proj_8/MatMul+/q_proj_8/MatMul,648714,648714,3,0,2494,2366,:2337:2363:2366:2494,------myelin-exec:/v_proj_8/MatMul+/k_proj_8/MatMul+/q_proj_8/MatMul
14099918144,14099940992,22848,0,22848,myelin-exec:__myl_MovResConResRep,648714,648714,3,0,2495,2366,:2337:2363:2366:2495,------myelin-exec:__myl_MovResConResRep
14099942240,14099957696,15456,0,15456,myelin-exec:__myl_MovResMulMea,648714,648714,3,0,2496,2366,:2337:2363:2366:2496,------myelin-exec:__myl_MovResMulMea
14099958816,14099973568,14752,0,14752,myelin-exec:__myl_AddSqrDivMulMulResSliSliNegConMulMulAddConResRepResTra,648714,648714,3,0,2497,2366,:2337:2363:2366:2497,------myelin-exec:__myl_AddSqrDivMulMulResSliSliNegConMulMulAddConResRepResTra
14099974976,14099985888,10912,0,10912,myelin-exec:__myl_MovResMulMea,648714,648714,3,0,2498,2366,:2337:2363:2366:2498,------myelin-exec:__myl_MovResMulMea
14099986784,14099997408,10624,0,10624,myelin-exec:__myl_AddSqrDivMulMulResSliSliNegConMulMulAdd,648714,648714,3,0,2499,2366,:2337:2363:2366:2499,------myelin-exec:__myl_AddSqrDivMulMulResSliSliNegConMulMulAdd
14099998656,14100041568,42912,0,42912,myelin-exec:/MatMul_16,648714,648714,3,0,2500,2366,:2337:2363:2366:2500,------myelin-exec:/MatMul_16
14100042848,14100060992,18144,0,18144,myelin-exec:__myl_MulMaxSubExpSumDivMul,648714,648714,3,0,2501,2366,:2337:2363:2366:2501,------myelin-exec:__myl_MulMaxSubExpSumDivMul
14100062432,14100108608,46176,0,46176,myelin-exec:/MatMul_17,648714,648714,3,0,2502,2366,:2337:2363:2366:2502,------myelin-exec:/MatMul_17
14100110464,14100154112,43648,0,43648,myelin-exec:/o_proj_8/MatMul,648714,648714,3,0,2503,2366,:2337:2363:2366:2503,------myelin-exec:/o_proj_8/MatMul
14100155616,14100174720,19104,0,19104,myelin-exec:__myl_AddMulMeaAddSqrDivMulMul,648714,648714,3,0,2504,2366,:2337:2363:2366:2504,------myelin-exec:__myl_AddMulMeaAddSqrDivMulMul
14100176256,14100218336,42080,0,42080,myelin-exec:/up_proj_8/MatMul,648714,648714,3,0,2505,2366,:2337:2363:2366:2505,------myelin-exec:/up_proj_8/MatMul
14100220128,14100367776,147648,0,147648,myelin-exec:__myl_FcNegExpAddDivMulMul,648714,648714,3,0,2506,2366,:2337:2363:2366:2506,------myelin-exec:__myl_FcNegExpAddDivMulMul
14100369536,14100505280,135744,0,135744,myelin-exec:__myl_FcAdd,648714,648714,3,0,2507,2366,:2337:2363:2366:2507,------myelin-exec:__myl_FcAdd
14100507296,14100524480,17184,0,17184,myelin-exec:__myl_MulMeaAddSqrDivMulMul,648714,648714,3,0,2508,2366,:2337:2363:2366:2508,------myelin-exec:__myl_MulMeaAddSqrDivMulMul
14100525952,14100572832,46880,0,46880,myelin-exec:/v_proj_9/MatMul+/k_proj_9/MatMul+/q_proj_9/MatMul,648714,648714,3,0,2509,2366,:2337:2363:2366:2509,------myelin-exec:/v_proj_9/MatMul+/k_proj_9/MatMul+/q_proj_9/MatMul
14100574560,14100592864,18304,0,18304,myelin-exec:__myl_MovResConResRep,648714,648714,3,0,2510,2366,:2337:2363:2366:2510,------myelin-exec:__myl_MovResConResRep
14100594112,14100608064,13952,0,13952,myelin-exec:__myl_MovResMulMea,648714,648714,3,0,2511,2366,:2337:2363:2366:2511,------myelin-exec:__myl_MovResMulMea
14100609152,14100622720,13568,0,13568,myelin-exec:__myl_AddSqrDivMulMulResSliSliNegConMulMulAddConResRepResTra,648714,648714,3,0,2512,2366,:2337:2363:2366:2512,------myelin-exec:__myl_AddSqrDivMulMulResSliSliNegConMulMulAddConResRepResTra
14100623520,14100634272,10752,0,10752,myelin-exec:__myl_MovResMulMea,648714,648714,3,0,2513,2366,:2337:2363:2366:2513,------myelin-exec:__myl_MovResMulMea
14100635360,14100645952,10592,0,10592,myelin-exec:__myl_AddSqrDivMulMulResSliSliNegConMulMulAdd,648714,648714,3,0,2514,2366,:2337:2363:2366:2514,------myelin-exec:__myl_AddSqrDivMulMulResSliSliNegConMulMulAdd
14100647072,14100690208,43136,0,43136,myelin-exec:/MatMul_18,648714,648714,3,0,2515,2366,:2337:2363:2366:2515,------myelin-exec:/MatMul_18
14100692000,14100710336,18336,0,18336,myelin-exec:__myl_MulMaxSubExpSumDivMul,648714,648714,3,0,2516,2366,:2337:2363:2366:2516,------myelin-exec:__myl_MulMaxSubExpSumDivMul
14100711584,14100758496,46912,0,46912,myelin-exec:/MatMul_19,648714,648714,3,0,2517,2366,:2337:2363:2366:2517,------myelin-exec:/MatMul_19
14100760320,14100805184,44864,0,44864,myelin-exec:/o_proj_9/MatMul,648714,648714,3,0,2518,2366,:2337:2363:2366:2518,------myelin-exec:/o_proj_9/MatMul
14100806880,14100826304,19424,0,19424,myelin-exec:__myl_AddMulMeaAddSqrDivMulMul,648714,648714,3,0,2519,2366,:2337:2363:2366:2519,------myelin-exec:__myl_AddMulMeaAddSqrDivMulMul
14100827808,14100870624,42816,0,42816,myelin-exec:/up_proj_9/MatMul,648714,648714,3,0,2520,2366,:2337:2363:2366:2520,------myelin-exec:/up_proj_9/MatMul
14100872352,14101049120,176768,0,176768,myelin-exec:__myl_FcNegExpAddDivMulMul,648714,648714,3,0,2521,2366,:2337:2363:2366:2521,------myelin-exec:__myl_FcNegExpAddDivMulMul
14101051264,14101198656,147392,0,147392,myelin-exec:__myl_FcAdd,648714,648714,3,0,2522,2366,:2337:2363:2366:2522,------myelin-exec:__myl_FcAdd
14101200960,14101217408,16448,0,16448,myelin-exec:__myl_MulMeaAddSqrDivMulMul,648714,648714,3,0,2523,2366,:2337:2363:2366:2523,------myelin-exec:__myl_MulMeaAddSqrDivMulMul
14101219168,14101267648,48480,0,48480,myelin-exec:/v_proj_10/MatMul+/k_proj_10/MatMul+/q_proj_10/MatMul,648714,648714,3,0,2524,2366,:2337:2363:2366:2524,------myelin-exec:/v_proj_10/MatMul+/k_proj_10/MatMul+/q_proj_10/MatMul
14101269152,14101288320,19168,0,19168,myelin-exec:__myl_MovResConResRep,648714,648714,3,0,2525,2366,:2337:2363:2366:2525,------myelin-exec:__myl_MovResConResRep
14101289952,14101304256,14304,0,14304,myelin-exec:__myl_MovResMulMea,648714,648714,3,0,2526,2366,:2337:2363:2366:2526,------myelin-exec:__myl_MovResMulMea
14101305888,14101320448,14560,0,14560,myelin-exec:__myl_AddSqrDivMulMulResSliSliNegConMulMulAddConResRepResTra,648714,648714,3,0,2527,2366,:2337:2363:2366:2527,------myelin-exec:__myl_AddSqrDivMulMulResSliSliNegConMulMulAddConResRepResTra
14101321824,14101332256,10432,0,10432,myelin-exec:__myl_MovResMulMea,648714,648714,3,0,2528,2366,:2337:2363:2366:2528,------myelin-exec:__myl_MovResMulMea
14101333728,14101344288,10560,0,10560,myelin-exec:__myl_AddSqrDivMulMulResSliSliNegConMulMulAdd,648714,648714,3,0,2529,2366,:2337:2363:2366:2529,------myelin-exec:__myl_AddSqrDivMulMulResSliSliNegConMulMulAdd
14101345344,14101387168,41824,0,41824,myelin-exec:/MatMul_20,648714,648714,3,0,2530,2366,:2337:2363:2366:2530,------myelin-exec:/MatMul_20
14101388992,14101405888,16896,0,16896,myelin-exec:__myl_MulMaxSubExpSumDivMul,648714,648714,3,0,2531,2366,:2337:2363:2366:2531,------myelin-exec:__myl_MulMaxSubExpSumDivMul
14101407552,14101448128,40576,0,40576,myelin-exec:/MatMul_21,648714,648714,3,0,2532,2366,:2337:2363:2366:2532,------myelin-exec:/MatMul_21
14101449600,14101494592,44992,0,44992,myelin-exec:/o_proj_10/MatMul,648714,648714,3,0,2533,2366,:2337:2363:2366:2533,------myelin-exec:/o_proj_10/MatMul
14101496384,14101515616,19232,0,19232,myelin-exec:__myl_AddMulMeaAddSqrDivMulMul,648714,648714,3,0,2534,2366,:2337:2363:2366:2534,------myelin-exec:__myl_AddMulMeaAddSqrDivMulMul
14101517248,14101562688,45440,0,45440,myelin-exec:/up_proj_10/MatMul,648714,648714,3,0,2535,2366,:2337:2363:2366:2535,------myelin-exec:/up_proj_10/MatMul
14101564768,14101706848,142080,0,142080,myelin-exec:__myl_FcNegExpAddDivMulMul,648714,648714,3,0,2536,2366,:2337:2363:2366:2536,------myelin-exec:__myl_FcNegExpAddDivMulMul
14101708960,14101840288,131328,0,131328,myelin-exec:__myl_FcAdd,648714,648714,3,0,2537,2366,:2337:2363:2366:2537,------myelin-exec:__myl_FcAdd
14101842400,14101856800,14400,0,14400,myelin-exec:__myl_MulMeaAddSqrDivMulMul,648714,648714,3,0,2538,2366,:2337:2363:2366:2538,------myelin-exec:__myl_MulMeaAddSqrDivMulMul
14101858624,14101900864,42240,0,42240,myelin-exec:/v_proj_11/MatMul+/k_proj_11/MatMul+/q_proj_11/MatMul,648714,648714,3,0,2539,2366,:2337:2363:2366:2539,------myelin-exec:/v_proj_11/MatMul+/k_proj_11/MatMul+/q_proj_11/MatMul
14101903168,14101918784,15616,0,15616,myelin-exec:__myl_MovResConResRep,648714,648714,3,0,2540,2366,:2337:2363:2366:2540,------myelin-exec:__myl_MovResConResRep
14101920320,14101956096,35776,0,35776,myelin-exec:__myl_MovResMulMea,648714,648714,3,0,2541,2366,:2337:2363:2366:2541,------myelin-exec:__myl_MovResMulMea
14101957728,14101972768,15040,0,15040,myelin-exec:__myl_AddSqrDivMulMulResSliSliNegConMulMulAddConResRepResTra,648714,648714,3,0,2542,2366,:2337:2363:2366:2542,------myelin-exec:__myl_AddSqrDivMulMulResSliSliNegConMulMulAddConResRepResTra
14101974336,14101984768,10432,0,10432,myelin-exec:__myl_MovResMulMea,648714,648714,3,0,2543,2366,:2337:2363:2366:2543,------myelin-exec:__myl_MovResMulMea
14101985888,14101996928,11040,0,11040,myelin-exec:__myl_AddSqrDivMulMulResSliSliNegConMulMulAdd,648714,648714,3,0,2544,2366,:2337:2363:2366:2544,------myelin-exec:__myl_AddSqrDivMulMulResSliSliNegConMulMulAdd
14101998432,14102048512,50080,0,50080,myelin-exec:/MatMul_22,648714,648714,3,0,2545,2366,:2337:2363:2366:2545,------myelin-exec:/MatMul_22
14102050432,14102066880,16448,0,16448,myelin-exec:__myl_MulMaxSubExpSumDivMul,648714,648714,3,0,2546,2366,:2337:2363:2366:2546,------myelin-exec:__myl_MulMaxSubExpSumDivMul
14102068640,14102122880,54240,0,54240,myelin-exec:/MatMul_23,648714,648714,3,0,2547,2366,:2337:2363:2366:2547,------myelin-exec:/MatMul_23
14102124480,14102179680,55200,0,55200,myelin-exec:/o_proj_11/MatMul,648714,648714,3,0,2548,2366,:2337:2363:2366:2548,------myelin-exec:/o_proj_11/MatMul
14102181216,14102201056,19840,0,19840,myelin-exec:__myl_AddMulMeaAddSqrDivMulMul,648714,648714,3,0,2549,2366,:2337:2363:2366:2549,------myelin-exec:__myl_AddMulMeaAddSqrDivMulMul
14102202752,14102250016,47264,0,47264,myelin-exec:/up_proj_11/MatMul,648714,648714,3,0,2550,2366,:2337:2363:2366:2550,------myelin-exec:/up_proj_11/MatMul
14102251872,14102404736,152864,0,152864,myelin-exec:__myl_FcNegExpAddDivMulMul,648714,648714,3,0,2551,2366,:2337:2363:2366:2551,------myelin-exec:__myl_FcNegExpAddDivMulMul
14102406752,14102561184,154432,0,154432,myelin-exec:__myl_FcAdd,648714,648714,3,0,2552,2366,:2337:2363:2366:2552,------myelin-exec:__myl_FcAdd
14102563072,14102579552,16480,0,16480,myelin-exec:__myl_MulMeaAddSqrDivMulMul,648714,648714,3,0,2553,2366,:2337:2363:2366:2553,------myelin-exec:__myl_MulMeaAddSqrDivMulMul
14102581088,14102632320,51232,0,51232,myelin-exec:/v_proj_12/MatMul+/k_proj_12/MatMul+/q_proj_12/MatMul,648714,648714,3,0,2554,2366,:2337:2363:2366:2554,------myelin-exec:/v_proj_12/MatMul+/k_proj_12/MatMul+/q_proj_12/MatMul
14102634432,14102652224,17792,0,17792,myelin-exec:__myl_MovResConResRep,648714,648714,3,0,2555,2366,:2337:2363:2366:2555,------myelin-exec:__myl_MovResConResRep
14102654080,14102673440,19360,0,19360,myelin-exec:__myl_MovResMulMea,648714,648714,3,0,2556,2366,:2337:2363:2366:2556,------myelin-exec:__myl_MovResMulMea
14102674432,14102689952,15520,0,15520,myelin-exec:__myl_AddSqrDivMulMulResSliSliNegConMulMulAddConResRepResTra,648714,648714,3,0,2557,2366,:2337:2363:2366:2557,------myelin-exec:__myl_AddSqrDivMulMulResSliSliNegConMulMulAddConResRepResTra
14102691360,14102702592,11232,0,11232,myelin-exec:__myl_MovResMulMea,648714,648714,3,0,2558,2366,:2337:2363:2366:2558,------myelin-exec:__myl_MovResMulMea
14102703936,14102714432,10496,0,10496,myelin-exec:__myl_AddSqrDivMulMulResSliSliNegConMulMulAdd,648714,648714,3,0,2559,2366,:2337:2363:2366:2559,------myelin-exec:__myl_AddSqrDivMulMulResSliSliNegConMulMulAdd
14102715904,14102763168,47264,0,47264,myelin-exec:/MatMul_24,648714,648714,3,0,2560,2366,:2337:2363:2366:2560,------myelin-exec:/MatMul_24
14102765504,14102779168,13664,0,13664,myelin-exec:__myl_MulMaxSubExpSumDivMul,648714,648714,3,0,2561,2366,:2337:2363:2366:2561,------myelin-exec:__myl_MulMaxSubExpSumDivMul
14102780416,14102831616,51200,0,51200,myelin-exec:/MatMul_25,648714,648714,3,0,2562,2366,:2337:2363:2366:2562,------myelin-exec:/MatMul_25
14102833728,14102889856,56128,0,56128,myelin-exec:/o_proj_12/MatMul,648714,648714,3,0,2563,2366,:2337:2363:2366:2563,------myelin-exec:/o_proj_12/MatMul
14102891840,14102912128,20288,0,20288,myelin-exec:__myl_AddMulMeaAddSqrDivMulMul,648714,648714,3,0,2564,2366,:2337:2363:2366:2564,------myelin-exec:__myl_AddMulMeaAddSqrDivMulMul
14102913440,14102974848,61408,0,61408,myelin-exec:/up_proj_12/MatMul,648714,648714,3,0,2565,2366,:2337:2363:2366:2565,------myelin-exec:/up_proj_12/MatMul
14102976736,14103134592,157856,0,157856,myelin-exec:__myl_FcNegExpAddDivMulMul,648714,648714,3,0,2566,2366,:2337:2363:2366:2566,------myelin-exec:__myl_FcNegExpAddDivMulMul
14103137024,14103282304,145280,0,145280,myelin-exec:__myl_FcAdd,648714,648714,3,0,2567,2366,:2337:2363:2366:2567,------myelin-exec:__myl_FcAdd
14103284896,14103301856,16960,0,16960,myelin-exec:__myl_MulMeaAddSqrDivMulMul,648714,648714,3,0,2568,2366,:2337:2363:2366:2568,------myelin-exec:__myl_MulMeaAddSqrDivMulMul
14103303520,14103359232,55712,0,55712,myelin-exec:/v_proj_13/MatMul+/k_proj_13/MatMul+/q_proj_13/MatMul,648714,648714,3,0,2569,2366,:2337:2363:2366:2569,------myelin-exec:/v_proj_13/MatMul+/k_proj_13/MatMul+/q_proj_13/MatMul
14103361024,14103385888,24864,0,24864,myelin-exec:__myl_MovResConResRep,648714,648714,3,0,2570,2366,:2337:2363:2366:2570,------myelin-exec:__myl_MovResConResRep
14103387744,14103403104,15360,0,15360,myelin-exec:__myl_MovResMulMea,648714,648714,3,0,2571,2366,:2337:2363:2366:2571,------myelin-exec:__myl_MovResMulMea
14103404704,14103419520,14816,0,14816,myelin-exec:__myl_AddSqrDivMulMulResSliSliNegConMulMulAddConResRepResTra,648714,648714,3,0,2572,2366,:2337:2363:2366:2572,------myelin-exec:__myl_AddSqrDivMulMulResSliSliNegConMulMulAddConResRepResTra
14103420640,14103431904,11264,0,11264,myelin-exec:__myl_MovResMulMea,648714,648714,3,0,2573,2366,:2337:2363:2366:2573,------myelin-exec:__myl_MovResMulMea
14103433344,14103443872,10528,0,10528,myelin-exec:__myl_AddSqrDivMulMulResSliSliNegConMulMulAdd,648714,648714,3,0,2574,2366,:2337:2363:2366:2574,------myelin-exec:__myl_AddSqrDivMulMulResSliSliNegConMulMulAdd
14103445536,14103493056,47520,0,47520,myelin-exec:/MatMul_26,648714,648714,3,0,2575,2366,:2337:2363:2366:2575,------myelin-exec:/MatMul_26
14103495008,14103509152,14144,0,14144,myelin-exec:__myl_MulMaxSubExpSumDivMul,648714,648714,3,0,2576,2366,:2337:2363:2366:2576,------myelin-exec:__myl_MulMaxSubExpSumDivMul
14103510656,14103566080,55424,0,55424,myelin-exec:/MatMul_27,648714,648714,3,0,2577,2366,:2337:2363:2366:2577,------myelin-exec:/MatMul_27
14103567968,14103623360,55392,0,55392,myelin-exec:/o_proj_13/MatMul,648714,648714,3,0,2578,2366,:2337:2363:2366:2578,------myelin-exec:/o_proj_13/MatMul
14103625056,14103646016,20960,0,20960,myelin-exec:__myl_AddMulMeaAddSqrDivMulMul,648714,648714,3,0,2579,2366,:2337:2363:2366:2579,------myelin-exec:__myl_AddMulMeaAddSqrDivMulMul
14103647808,14103700544,52736,0,52736,myelin-exec:/up_proj_13/MatMul,648714,648714,3,0,2580,2366,:2337:2363:2366:2580,------myelin-exec:/up_proj_13/MatMul
14103702240,14103854240,152000,0,152000,myelin-exec:__myl_FcNegExpAddDivMulMul,648714,648714,3,0,2581,2366,:2337:2363:2366:2581,------myelin-exec:__myl_FcNegExpAddDivMulMul
14103856192,14103993824,137632,0,137632,myelin-exec:__myl_FcAdd,648714,648714,3,0,2582,2366,:2337:2363:2366:2582,------myelin-exec:__myl_FcAdd
14103996320,14104012128,15808,0,15808,myelin-exec:__myl_MulMeaAddSqrDivMulMul,648714,648714,3,0,2583,2366,:2337:2363:2366:2583,------myelin-exec:__myl_MulMeaAddSqrDivMulMul
14104014208,14104072928,58720,0,58720,myelin-exec:/v_proj_14/MatMul+/k_proj_14/MatMul+/q_proj_14/MatMul,648714,648714,3,0,2584,2366,:2337:2363:2366:2584,------myelin-exec:/v_proj_14/MatMul+/k_proj_14/MatMul+/q_proj_14/MatMul
14104074848,14104103488,28640,0,28640,myelin-exec:__myl_MovResConResRep,648714,648714,3,0,2585,2366,:2337:2363:2366:2585,------myelin-exec:__myl_MovResConResRep
14104104736,14104123328,18592,0,18592,myelin-exec:__myl_MovResMulMea,648714,648714,3,0,2586,2366,:2337:2363:2366:2586,------myelin-exec:__myl_MovResMulMea
14104125056,14104140576,15520,0,15520,myelin-exec:__myl_AddSqrDivMulMulResSliSliNegConMulMulAddConResRepResTra,648714,648714,3,0,2587,2366,:2337:2363:2366:2587,------myelin-exec:__myl_AddSqrDivMulMulResSliSliNegConMulMulAddConResRepResTra
14104141856,14104153152,11296,0,11296,myelin-exec:__myl_MovResMulMea,648714,648714,3,0,2588,2366,:2337:2363:2366:2588,------myelin-exec:__myl_MovResMulMea
14104153760,14104170464,16704,0,16704,myelin-exec:__myl_AddSqrDivMulMulResSliSliNegConMulMulAdd,648714,648714,3,0,2589,2366,:2337:2363:2366:2589,------myelin-exec:__myl_AddSqrDivMulMulResSliSliNegConMulMulAdd
14104171840,14104220384,48544,0,48544,myelin-exec:/MatMul_28,648714,648714,3,0,2590,2366,:2337:2363:2366:2590,------myelin-exec:/MatMul_28
14104222080,14104237792,15712,0,15712,myelin-exec:__myl_MulMaxSubExpSumDivMul,648714,648714,3,0,2591,2366,:2337:2363:2366:2591,------myelin-exec:__myl_MulMaxSubExpSumDivMul
14104239136,14104287840,48704,0,48704,myelin-exec:/MatMul_29,648714,648714,3,0,2592,2366,:2337:2363:2366:2592,------myelin-exec:/MatMul_29
14104289984,14104344448,54464,0,54464,myelin-exec:/o_proj_14/MatMul,648714,648714,3,0,2593,2366,:2337:2363:2366:2593,------myelin-exec:/o_proj_14/MatMul
14104346336,14104367296,20960,0,20960,myelin-exec:__myl_AddMulMeaAddSqrDivMulMul,648714,648714,3,0,2594,2366,:2337:2363:2366:2594,------myelin-exec:__myl_AddMulMeaAddSqrDivMulMul
14104368960,14104427040,58080,0,58080,myelin-exec:/up_proj_14/MatMul,648714,648714,3,0,2595,2366,:2337:2363:2366:2595,------myelin-exec:/up_proj_14/MatMul
14104428704,14104585632,156928,0,156928,myelin-exec:__myl_FcNegExpAddDivMulMul,648714,648714,3,0,2596,2366,:2337:2363:2366:2596,------myelin-exec:__myl_FcNegExpAddDivMulMul
14104587552,14104742400,154848,0,154848,myelin-exec:__myl_FcAdd,648714,648714,3,0,2597,2366,:2337:2363:2366:2597,------myelin-exec:__myl_FcAdd
14104744736,14104764960,20224,0,20224,myelin-exec:__myl_MulMeaAddSqrDivMulMul,648714,648714,3,0,2598,2366,:2337:2363:2366:2598,------myelin-exec:__myl_MulMeaAddSqrDivMulMul
14104766752,14104823552,56800,0,56800,myelin-exec:/v_proj_15/MatMul+/k_proj_15/MatMul+/q_proj_15/MatMul,648714,648714,3,0,2599,2366,:2337:2363:2366:2599,------myelin-exec:/v_proj_15/MatMul+/k_proj_15/MatMul+/q_proj_15/MatMul
14104825600,14104851488,25888,0,25888,myelin-exec:__myl_MovResConResRep,648714,648714,3,0,2600,2366,:2337:2363:2366:2600,------myelin-exec:__myl_MovResConResRep
14104853568,14104869856,16288,0,16288,myelin-exec:__myl_MovResMulMea,648714,648714,3,0,2601,2366,:2337:2363:2366:2601,------myelin-exec:__myl_MovResMulMea
14104871456,14104904192,32736,0,32736,myelin-exec:__myl_AddSqrDivMulMulResSliSliNegConMulMulAddConResRepResTra,648714,648714,3,0,2602,2366,:2337:2363:2366:2602,------myelin-exec:__myl_AddSqrDivMulMulResSliSliNegConMulMulAddConResRepResTra
14104905760,14104918912,13152,0,13152,myelin-exec:__myl_MovResMulMea,648714,648714,3,0,2603,2366,:2337:2363:2366:2603,------myelin-exec:__myl_MovResMulMea
14104920000,14104938720,18720,0,18720,myelin-exec:__myl_AddSqrDivMulMulResSliSliNegConMulMulAdd,648714,648714,3,0,2604,2366,:2337:2363:2366:2604,------myelin-exec:__myl_AddSqrDivMulMulResSliSliNegConMulMulAdd
14104940000,14104983360,43360,0,43360,myelin-exec:/MatMul_30,648714,648714,3,0,2605,2366,:2337:2363:2366:2605,------myelin-exec:/MatMul_30
14104985056,14104997312,12256,0,12256,myelin-exec:__myl_MulMaxSubExpSumDivMul,648714,648714,3,0,2606,2366,:2337:2363:2366:2606,------myelin-exec:__myl_MulMaxSubExpSumDivMul
14104998528,14105047296,48768,0,48768,myelin-exec:/MatMul_31,648714,648714,3,0,2607,2366,:2337:2363:2366:2607,------myelin-exec:/MatMul_31
14105049120,14105099328,50208,0,50208,myelin-exec:/o_proj_15/MatMul,648714,648714,3,0,2608,2366,:2337:2363:2366:2608,------myelin-exec:/o_proj_15/MatMul
14105101152,14105117312,16160,0,16160,myelin-exec:__myl_AddMulMeaAddSqrDivMulMul,648714,648714,3,0,2609,2366,:2337:2363:2366:2609,------myelin-exec:__myl_AddMulMeaAddSqrDivMulMul
14105118624,14105172288,53664,0,53664,myelin-exec:/up_proj_15/MatMul,648714,648714,3,0,2610,2366,:2337:2363:2366:2610,------myelin-exec:/up_proj_15/MatMul
14105174336,14105334272,159936,0,159936,myelin-exec:__myl_FcNegExpAddDivMulMul,648714,648714,3,0,2611,2366,:2337:2363:2366:2611,------myelin-exec:__myl_FcNegExpAddDivMulMul
14105336288,14105493952,157664,0,157664,myelin-exec:__myl_FcAdd,648714,648714,3,0,2612,2366,:2337:2363:2366:2612,------myelin-exec:__myl_FcAdd
14105495968,14105516960,20992,0,20992,myelin-exec:__myl_MulMeaAddSqrDivMulMul,648714,648714,3,0,2613,2366,:2337:2363:2366:2613,------myelin-exec:__myl_MulMeaAddSqrDivMulMul
14105518752,14105576608,57856,0,57856,myelin-exec:/v_proj_16/MatMul+/k_proj_16/MatMul+/q_proj_16/MatMul,648714,648714,3,0,2614,2366,:2337:2363:2366:2614,------myelin-exec:/v_proj_16/MatMul+/k_proj_16/MatMul+/q_proj_16/MatMul
14105578560,14105606016,27456,0,27456,myelin-exec:__myl_MovResConResRep,648714,648714,3,0,2615,2366,:2337:2363:2366:2615,------myelin-exec:__myl_MovResConResRep
14105607904,14105626464,18560,0,18560,myelin-exec:__myl_MovResMulMea,648714,648714,3,0,2616,2366,:2337:2363:2366:2616,------myelin-exec:__myl_MovResMulMea
14105628352,14105645792,17440,0,17440,myelin-exec:__myl_AddSqrDivMulMulResSliSliNegConMulMulAddConResRepResTra,648714,648714,3,0,2617,2366,:2337:2363:2366:2617,------myelin-exec:__myl_AddSqrDivMulMulResSliSliNegConMulMulAddConResRepResTra
14105646912,14105658272,11360,0,11360,myelin-exec:__myl_MovResMulMea,648714,648714,3,0,2618,2366,:2337:2363:2366:2618,------myelin-exec:__myl_MovResMulMea
14105659584,14105675296,15712,0,15712,myelin-exec:__myl_AddSqrDivMulMulResSliSliNegConMulMulAdd,648714,648714,3,0,2619,2366,:2337:2363:2366:2619,------myelin-exec:__myl_AddSqrDivMulMulResSliSliNegConMulMulAdd
14105676448,14105722528,46080,0,46080,myelin-exec:/MatMul_32,648714,648714,3,0,2620,2366,:2337:2363:2366:2620,------myelin-exec:/MatMul_32
14105724672,14105739104,14432,0,14432,myelin-exec:__myl_MulMaxSubExpSumDivMul,648714,648714,3,0,2621,2366,:2337:2363:2366:2621,------myelin-exec:__myl_MulMaxSubExpSumDivMul
14105740768,14105791936,51168,0,51168,myelin-exec:/MatMul_33,648714,648714,3,0,2622,2366,:2337:2363:2366:2622,------myelin-exec:/MatMul_33
14105794016,14105847552,53536,0,53536,myelin-exec:/o_proj_16/MatMul,648714,648714,3,0,2623,2366,:2337:2363:2366:2623,------myelin-exec:/o_proj_16/MatMul
14105849568,14105868832,19264,0,19264,myelin-exec:__myl_AddMulMeaAddSqrDivMulMul,648714,648714,3,0,2624,2366,:2337:2363:2366:2624,------myelin-exec:__myl_AddMulMeaAddSqrDivMulMul
14105870400,14105921600,51200,0,51200,myelin-exec:/up_proj_16/MatMul,648714,648714,3,0,2625,2366,:2337:2363:2366:2625,------myelin-exec:/up_proj_16/MatMul
14105923936,14106081696,157760,0,157760,myelin-exec:__myl_FcNegExpAddDivMulMul,648714,648714,3,0,2626,2366,:2337:2363:2366:2626,------myelin-exec:__myl_FcNegExpAddDivMulMul
14106083936,14106227168,143232,0,143232,myelin-exec:__myl_FcAdd,648714,648714,3,0,2627,2366,:2337:2363:2366:2627,------myelin-exec:__myl_FcAdd
14106229728,14106246144,16416,0,16416,myelin-exec:__myl_MulMeaAddSqrDivMulMul,648714,648714,3,0,2628,2366,:2337:2363:2366:2628,------myelin-exec:__myl_MulMeaAddSqrDivMulMul
14106247904,14106303808,55904,0,55904,myelin-exec:/v_proj_17/MatMul+/k_proj_17/MatMul+/q_proj_17/MatMul,648714,648714,3,0,2629,2366,:2337:2363:2366:2629,------myelin-exec:/v_proj_17/MatMul+/k_proj_17/MatMul+/q_proj_17/MatMul
14106305952,14106332192,26240,0,26240,myelin-exec:__myl_MovResConResRep,648714,648714,3,0,2630,2366,:2337:2363:2366:2630,------myelin-exec:__myl_MovResConResRep
14106334144,14106349856,15712,0,15712,myelin-exec:__myl_MovResMulMea,648714,648714,3,0,2631,2366,:2337:2363:2366:2631,------myelin-exec:__myl_MovResMulMea
14106351776,14106369216,17440,0,17440,myelin-exec:__myl_AddSqrDivMulMulResSliSliNegConMulMulAddConResRepResTra,648714,648714,3,0,2632,2366,:2337:2363:2366:2632,------myelin-exec:__myl_AddSqrDivMulMulResSliSliNegConMulMulAddConResRepResTra
14106371104,14106384352,13248,0,13248,myelin-exec:__myl_MovResMulMea,648714,648714,3,0,2633,2366,:2337:2363:2366:2633,------myelin-exec:__myl_MovResMulMea
14106385952,14106401568,15616,0,15616,myelin-exec:__myl_AddSqrDivMulMulResSliSliNegConMulMulAdd,648714,648714,3,0,2634,2366,:2337:2363:2366:2634,------myelin-exec:__myl_AddSqrDivMulMulResSliSliNegConMulMulAdd
14106403136,14106454688,51552,0,51552,myelin-exec:/MatMul_34,648714,648714,3,0,2635,2366,:2337:2363:2366:2635,------myelin-exec:/MatMul_34
14106457024,14106477408,20384,0,20384,myelin-exec:__myl_MulMaxSubExpSumDivMul,648714,648714,3,0,2636,2366,:2337:2363:2366:2636,------myelin-exec:__myl_MulMaxSubExpSumDivMul
14106479168,14106532960,53792,0,53792,myelin-exec:/MatMul_35,648714,648714,3,0,2637,2366,:2337:2363:2366:2637,------myelin-exec:/MatMul_35
14106535040,14106587744,52704,0,52704,myelin-exec:/o_proj_17/MatMul,648714,648714,3,0,2638,2366,:2337:2363:2366:2638,------myelin-exec:/o_proj_17/MatMul
14106590016,14106610912,20896,0,20896,myelin-exec:__myl_AddMulMeaAddSqrDivMulMul,648714,648714,3,0,2639,2366,:2337:2363:2366:2639,------myelin-exec:__myl_AddMulMeaAddSqrDivMulMul
14106612864,14106667360,54496,0,54496,myelin-exec:/up_proj_17/MatMul,648714,648714,3,0,2640,2366,:2337:2363:2366:2640,------myelin-exec:/up_proj_17/MatMul
14106669792,14106828480,158688,0,158688,myelin-exec:__myl_FcNegExpAddDivMulMul,648714,648714,3,0,2641,2366,:2337:2363:2366:2641,------myelin-exec:__myl_FcNegExpAddDivMulMul
14106830496,14106983232,152736,0,152736,myelin-exec:__myl_FcAdd,648714,648714,3,0,2642,2366,:2337:2363:2366:2642,------myelin-exec:__myl_FcAdd
14106985568,14107006560,20992,0,20992,myelin-exec:__myl_MulMeaAddSqrDivMulMul,648714,648714,3,0,2643,2366,:2337:2363:2366:2643,------myelin-exec:__myl_MulMeaAddSqrDivMulMul
14107008256,14107063616,55360,0,55360,myelin-exec:/v_proj_18/MatMul+/k_proj_18/MatMul+/q_proj_18/MatMul,648714,648714,3,0,2644,2366,:2337:2363:2366:2644,------myelin-exec:/v_proj_18/MatMul+/k_proj_18/MatMul+/q_proj_18/MatMul
14107065664,14107092032,26368,0,26368,myelin-exec:__myl_MovResConResRep,648714,648714,3,0,2645,2366,:2337:2363:2366:2645,------myelin-exec:__myl_MovResConResRep
14107094048,14107109856,15808,0,15808,myelin-exec:__myl_MovResMulMea,648714,648714,3,0,2646,2366,:2337:2363:2366:2646,------myelin-exec:__myl_MovResMulMea
14107112064,14107127296,15232,0,15232,myelin-exec:__myl_AddSqrDivMulMulResSliSliNegConMulMulAddConResRepResTra,648714,648714,3,0,2647,2366,:2337:2363:2366:2647,------myelin-exec:__myl_AddSqrDivMulMulResSliSliNegConMulMulAddConResRepResTra
14107128928,14107140288,11360,0,11360,myelin-exec:__myl_MovResMulMea,648714,648714,3,0,2648,2366,:2337:2363:2366:2648,------myelin-exec:__myl_MovResMulMea
14107141408,14107157728,16320,0,16320,myelin-exec:__myl_AddSqrDivMulMulResSliSliNegConMulMulAdd,648714,648714,3,0,2649,2366,:2337:2363:2366:2649,------myelin-exec:__myl_AddSqrDivMulMulResSliSliNegConMulMulAdd
14107159168,14107207296,48128,0,48128,myelin-exec:/MatMul_36,648714,648714,3,0,2650,2366,:2337:2363:2366:2650,------myelin-exec:/MatMul_36
14107209088,14107224640,15552,0,15552,myelin-exec:__myl_MulMaxSubExpSumDivMul,648714,648714,3,0,2651,2366,:2337:2363:2366:2651,------myelin-exec:__myl_MulMaxSubExpSumDivMul
14107225920,14107275744,49824,0,49824,myelin-exec:/MatMul_37,648714,648714,3,0,2652,2366,:2337:2363:2366:2652,------myelin-exec:/MatMul_37
14107277120,14107321408,44288,0,44288,myelin-exec:/o_proj_18/MatMul,648714,648714,3,0,2653,2366,:2337:2363:2366:2653,------myelin-exec:/o_proj_18/MatMul
14107323104,14107336416,13312,0,13312,myelin-exec:__myl_AddMulMeaAddSqrDivMulMul,648714,648714,3,0,2654,2366,:2337:2363:2366:2654,------myelin-exec:__myl_AddMulMeaAddSqrDivMulMul
14107337600,14107384800,47200,0,47200,myelin-exec:/up_proj_18/MatMul,648714,648714,3,0,2655,2366,:2337:2363:2366:2655,------myelin-exec:/up_proj_18/MatMul
14107386752,14107536096,149344,0,149344,myelin-exec:__myl_FcNegExpAddDivMulMul,648714,648714,3,0,2656,2366,:2337:2363:2366:2656,------myelin-exec:__myl_FcNegExpAddDivMulMul
14107538624,14107686880,148256,0,148256,myelin-exec:__myl_FcAdd,648714,648714,3,0,2657,2366,:2337:2363:2366:2657,------myelin-exec:__myl_FcAdd
14107688896,14107707232,18336,0,18336,myelin-exec:__myl_MulMeaAddSqrDivMulMul,648714,648714,3,0,2658,2366,:2337:2363:2366:2658,------myelin-exec:__myl_MulMeaAddSqrDivMulMul
14107708768,14107766624,57856,0,57856,myelin-exec:/v_proj_19/MatMul+/k_proj_19/MatMul+/q_proj_19/MatMul,648714,648714,3,0,2659,2366,:2337:2363:2366:2659,------myelin-exec:/v_proj_19/MatMul+/k_proj_19/MatMul+/q_proj_19/MatMul
14107768416,14107795040,26624,0,26624,myelin-exec:__myl_MovResConResRep,648714,648714,3,0,2660,2366,:2337:2363:2366:2660,------myelin-exec:__myl_MovResConResRep
14107796768,14107813312,16544,0,16544,myelin-exec:__myl_MovResMulMea,648714,648714,3,0,2661,2366,:2337:2363:2366:2661,------myelin-exec:__myl_MovResMulMea
14107814944,14107832768,17824,0,17824,myelin-exec:__myl_AddSqrDivMulMulResSliSliNegConMulMulAddConResRepResTra,648714,648714,3,0,2662,2366,:2337:2363:2366:2662,------myelin-exec:__myl_AddSqrDivMulMulResSliSliNegConMulMulAddConResRepResTra
14107834336,14107845984,11648,0,11648,myelin-exec:__myl_MovResMulMea,648714,648714,3,0,2663,2366,:2337:2363:2366:2663,------myelin-exec:__myl_MovResMulMea
14107847136,14107863648,16512,0,16512,myelin-exec:__myl_AddSqrDivMulMulResSliSliNegConMulMulAdd,648714,648714,3,0,2664,2366,:2337:2363:2366:2664,------myelin-exec:__myl_AddSqrDivMulMulResSliSliNegConMulMulAdd
14107864768,14107908448,43680,0,43680,myelin-exec:/MatMul_38,648714,648714,3,0,2665,2366,:2337:2363:2366:2665,------myelin-exec:/MatMul_38
14107909696,14107922336,12640,0,12640,myelin-exec:__myl_MulMaxSubExpSumDivMul,648714,648714,3,0,2666,2366,:2337:2363:2366:2666,------myelin-exec:__myl_MulMaxSubExpSumDivMul
14107923520,14107971072,47552,0,47552,myelin-exec:/MatMul_39,648714,648714,3,0,2667,2366,:2337:2363:2366:2667,------myelin-exec:/MatMul_39
14107973024,14108031808,58784,0,58784,myelin-exec:/o_proj_19/MatMul,648714,648714,3,0,2668,2366,:2337:2363:2366:2668,------myelin-exec:/o_proj_19/MatMul
14108033472,14108053568,20096,0,20096,myelin-exec:__myl_AddMulMeaAddSqrDivMulMul,648714,648714,3,0,2669,2366,:2337:2363:2366:2669,------myelin-exec:__myl_AddMulMeaAddSqrDivMulMul
14108055008,14108109728,54720,0,54720,myelin-exec:/up_proj_19/MatMul,648714,648714,3,0,2670,2366,:2337:2363:2366:2670,------myelin-exec:/up_proj_19/MatMul
14108112000,14108269952,157952,0,157952,myelin-exec:__myl_FcNegExpAddDivMulMul,648714,648714,3,0,2671,2366,:2337:2363:2366:2671,------myelin-exec:__myl_FcNegExpAddDivMulMul
14108272608,14108421280,148672,0,148672,myelin-exec:__myl_FcAdd,648714,648714,3,0,2672,2366,:2337:2363:2366:2672,------myelin-exec:__myl_FcAdd
14108423552,14108442912,19360,0,19360,myelin-exec:__myl_MulMeaAddSqrDivMulMul,648714,648714,3,0,2673,2366,:2337:2363:2366:2673,------myelin-exec:__myl_MulMeaAddSqrDivMulMul
14108444640,14108504128,59488,0,59488,myelin-exec:/v_proj_20/MatMul+/k_proj_20/MatMul+/q_proj_20/MatMul,648714,648714,3,0,2674,2366,:2337:2363:2366:2674,------myelin-exec:/v_proj_20/MatMul+/k_proj_20/MatMul+/q_proj_20/MatMul
14108506368,14108534496,28128,0,28128,myelin-exec:__myl_MovResConResRep,648714,648714,3,0,2675,2366,:2337:2363:2366:2675,------myelin-exec:__myl_MovResConResRep
14108536512,14108555392,18880,0,18880,myelin-exec:__myl_MovResMulMea,648714,648714,3,0,2676,2366,:2337:2363:2366:2676,------myelin-exec:__myl_MovResMulMea
14108557120,14108574176,17056,0,17056,myelin-exec:__myl_AddSqrDivMulMulResSliSliNegConMulMulAddConResRepResTra,648714,648714,3,0,2677,2366,:2337:2363:2366:2677,------myelin-exec:__myl_AddSqrDivMulMulResSliSliNegConMulMulAddConResRepResTra
14108575712,14108586592,10880,0,10880,myelin-exec:__myl_MovResMulMea,648714,648714,3,0,2678,2366,:2337:2363:2366:2678,------myelin-exec:__myl_MovResMulMea
14108587456,14108597952,10496,0,10496,myelin-exec:__myl_AddSqrDivMulMulResSliSliNegConMulMulAdd,648714,648714,3,0,2679,2366,:2337:2363:2366:2679,------myelin-exec:__myl_AddSqrDivMulMulResSliSliNegConMulMulAdd
14108598880,14108641408,42528,0,42528,myelin-exec:/MatMul_40,648714,648714,3,0,2680,2366,:2337:2363:2366:2680,------myelin-exec:/MatMul_40
14108643520,14108655872,12352,0,12352,myelin-exec:__myl_MulMaxSubExpSumDivMul,648714,648714,3,0,2681,2366,:2337:2363:2366:2681,------myelin-exec:__myl_MulMaxSubExpSumDivMul
14108657728,14108703104,45376,0,45376,myelin-exec:/MatMul_41,648714,648714,3,0,2682,2366,:2337:2363:2366:2682,------myelin-exec:/MatMul_41
14108704896,14108749536,44640,0,44640,myelin-exec:/o_proj_20/MatMul,648714,648714,3,0,2683,2366,:2337:2363:2366:2683,------myelin-exec:/o_proj_20/MatMul
14108751392,14108769536,18144,0,18144,myelin-exec:__myl_AddMulMeaAddSqrDivMulMul,648714,648714,3,0,2684,2366,:2337:2363:2366:2684,------myelin-exec:__myl_AddMulMeaAddSqrDivMulMul
14108771392,14108812832,41440,0,41440,myelin-exec:/up_proj_20/MatMul,648714,648714,3,0,2685,2366,:2337:2363:2366:2685,------myelin-exec:/up_proj_20/MatMul
14108814944,14108994848,179904,0,179904,myelin-exec:__myl_FcNegExpAddDivMulMul,648714,648714,3,0,2686,2366,:2337:2363:2366:2686,------myelin-exec:__myl_FcNegExpAddDivMulMul
14108997216,14109143840,146624,0,146624,myelin-exec:__myl_FcAdd,648714,648714,3,0,2687,2366,:2337:2363:2366:2687,------myelin-exec:__myl_FcAdd
14109145920,14109160896,14976,0,14976,myelin-exec:__myl_MulMeaAddSqrDivMulMul,648714,648714,3,0,2688,2366,:2337:2363:2366:2688,------myelin-exec:__myl_MulMeaAddSqrDivMulMul
14109162624,14109215584,52960,0,52960,myelin-exec:/v_proj_21/MatMul+/k_proj_21/MatMul+/q_proj_21/MatMul,648714,648714,3,0,2689,2366,:2337:2363:2366:2689,------myelin-exec:/v_proj_21/MatMul+/k_proj_21/MatMul+/q_proj_21/MatMul
14109217344,14109236352,19008,0,19008,myelin-exec:__myl_MovResConResRep,648714,648714,3,0,2690,2366,:2337:2363:2366:2690,------myelin-exec:__myl_MovResConResRep
14109237824,14109252128,14304,0,14304,myelin-exec:__myl_MovResMulMea,648714,648714,3,0,2691,2366,:2337:2363:2366:2691,------myelin-exec:__myl_MovResMulMea
14109253728,14109268864,15136,0,15136,myelin-exec:__myl_AddSqrDivMulMulResSliSliNegConMulMulAddConResRepResTra,648714,648714,3,0,2692,2366,:2337:2363:2366:2692,------myelin-exec:__myl_AddSqrDivMulMulResSliSliNegConMulMulAddConResRepResTra
14109270080,14109281184,11104,0,11104,myelin-exec:__myl_MovResMulMea,648714,648714,3,0,2693,2366,:2337:2363:2366:2693,------myelin-exec:__myl_MovResMulMea
14109282656,14109294144,11488,0,11488,myelin-exec:__myl_AddSqrDivMulMulResSliSliNegConMulMulAdd,648714,648714,3,0,2694,2366,:2337:2363:2366:2694,------myelin-exec:__myl_AddSqrDivMulMulResSliSliNegConMulMulAdd
14109295680,14109339744,44064,0,44064,myelin-exec:/MatMul_42,648714,648714,3,0,2695,2366,:2337:2363:2366:2695,------myelin-exec:/MatMul_42
14109341472,14109360448,18976,0,18976,myelin-exec:__myl_MulMaxSubExpSumDivMul,648714,648714,3,0,2696,2366,:2337:2363:2366:2696,------myelin-exec:__myl_MulMaxSubExpSumDivMul
14109362080,14109409888,47808,0,47808,myelin-exec:/MatMul_43,648714,648714,3,0,2697,2366,:2337:2363:2366:2697,------myelin-exec:/MatMul_43
14109411904,14109459584,47680,0,47680,myelin-exec:/o_proj_21/MatMul,648714,648714,3,0,2698,2366,:2337:2363:2366:2698,------myelin-exec:/o_proj_21/MatMul
14109461120,14109481440,20320,0,20320,myelin-exec:__myl_AddMulMeaAddSqrDivMulMul,648714,648714,3,0,2699,2366,:2337:2363:2366:2699,------myelin-exec:__myl_AddMulMeaAddSqrDivMulMul
14109482912,14109528416,45504,0,45504,myelin-exec:/up_proj_21/MatMul,648714,648714,3,0,2700,2366,:2337:2363:2366:2700,------myelin-exec:/up_proj_21/MatMul
14109530208,14109682016,151808,0,151808,myelin-exec:__myl_FcNegExpAddDivMulMul,648714,648714,3,0,2701,2366,:2337:2363:2366:2701,------myelin-exec:__myl_FcNegExpAddDivMulMul
14109684128,14109825152,141024,0,141024,myelin-exec:__myl_FcAdd,648714,648714,3,0,2702,2366,:2337:2363:2366:2702,------myelin-exec:__myl_FcAdd
14109827200,14109844352,17152,0,17152,myelin-exec:__myl_MulMeaAddSqrDivMulMul,648714,648714,3,0,2703,2366,:2337:2363:2366:2703,------myelin-exec:__myl_MulMeaAddSqrDivMulMul
14109846112,14109895648,49536,0,49536,myelin-exec:/v_proj_22/MatMul+/k_proj_22/MatMul+/q_proj_22/MatMul,648714,648714,3,0,2704,2366,:2337:2363:2366:2704,------myelin-exec:/v_proj_22/MatMul+/k_proj_22/MatMul+/q_proj_22/MatMul
14109897216,14109916608,19392,0,19392,myelin-exec:__myl_MovResConResRep,648714,648714,3,0,2705,2366,:2337:2363:2366:2705,------myelin-exec:__myl_MovResConResRep
14109917856,14109932416,14560,0,14560,myelin-exec:__myl_MovResMulMea,648714,648714,3,0,2706,2366,:2337:2363:2366:2706,------myelin-exec:__myl_MovResMulMea
14109933824,14109948672,14848,0,14848,myelin-exec:__myl_AddSqrDivMulMulResSliSliNegConMulMulAddConResRepResTra,648714,648714,3,0,2707,2366,:2337:2363:2366:2707,------myelin-exec:__myl_AddSqrDivMulMulResSliSliNegConMulMulAddConResRepResTra
14109950208,14109960864,10656,0,10656,myelin-exec:__myl_MovResMulMea,648714,648714,3,0,2708,2366,:2337:2363:2366:2708,------myelin-exec:__myl_MovResMulMea
14109962336,14109973600,11264,0,11264,myelin-exec:__myl_AddSqrDivMulMulResSliSliNegConMulMulAdd,648714,648714,3,0,2709,2366,:2337:2363:2366:2709,------myelin-exec:__myl_AddSqrDivMulMulResSliSliNegConMulMulAdd
14109974944,14110017920,42976,0,42976,myelin-exec:/MatMul_44,648714,648714,3,0,2710,2366,:2337:2363:2366:2710,------myelin-exec:/MatMul_44
14110019744,14110036032,16288,0,16288,myelin-exec:__myl_MulMaxSubExpSumDivMul,648714,648714,3,0,2711,2366,:2337:2363:2366:2711,------myelin-exec:__myl_MulMaxSubExpSumDivMul
14110037664,14110082752,45088,0,45088,myelin-exec:/MatMul_45,648714,648714,3,0,2712,2366,:2337:2363:2366:2712,------myelin-exec:/MatMul_45
14110085152,14110130080,44928,0,44928,myelin-exec:/o_proj_22/MatMul,648714,648714,3,0,2713,2366,:2337:2363:2366:2713,------myelin-exec:/o_proj_22/MatMul
14110131776,14110151456,19680,0,19680,myelin-exec:__myl_AddMulMeaAddSqrDivMulMul,648714,648714,3,0,2714,2366,:2337:2363:2366:2714,------myelin-exec:__myl_AddMulMeaAddSqrDivMulMul
14110153024,14110195968,42944,0,42944,myelin-exec:/up_proj_22/MatMul,648714,648714,3,0,2715,2366,:2337:2363:2366:2715,------myelin-exec:/up_proj_22/MatMul
14110197792,14110338752,140960,0,140960,myelin-exec:__myl_FcNegExpAddDivMulMul,648714,648714,3,0,2716,2366,:2337:2363:2366:2716,------myelin-exec:__myl_FcNegExpAddDivMulMul
14110340640,14110482336,141696,0,141696,myelin-exec:__myl_FcAdd,648714,648714,3,0,2717,2366,:2337:2363:2366:2717,------myelin-exec:__myl_FcAdd
14110484416,14110500768,16352,0,16352,myelin-exec:__myl_MulMeaAddSqrDivMulMul,648714,648714,3,0,2718,2366,:2337:2363:2366:2718,------myelin-exec:__myl_MulMeaAddSqrDivMulMul
14110502336,14110553856,51520,0,51520,myelin-exec:/v_proj_23/MatMul+/k_proj_23/MatMul+/q_proj_23/MatMul,648714,648714,3,0,2719,2366,:2337:2363:2366:2719,------myelin-exec:/v_proj_23/MatMul+/k_proj_23/MatMul+/q_proj_23/MatMul
14110555776,14110576384,20608,0,20608,myelin-exec:__myl_MovResConResRep,648714,648714,3,0,2720,2366,:2337:2363:2366:2720,------myelin-exec:__myl_MovResConResRep
14110577664,14110593120,15456,0,15456,myelin-exec:__myl_MovResMulMea,648714,648714,3,0,2721,2366,:2337:2363:2366:2721,------myelin-exec:__myl_MovResMulMea
14110594240,14110609664,15424,0,15424,myelin-exec:__myl_AddSqrDivMulMulResSliSliNegConMulMulAddConResRepResTra,648714,648714,3,0,2722,2366,:2337:2363:2366:2722,------myelin-exec:__myl_AddSqrDivMulMulResSliSliNegConMulMulAddConResRepResTra
14110611104,14110622112,11008,0,11008,myelin-exec:__myl_MovResMulMea,648714,648714,3,0,2723,2366,:2337:2363:2366:2723,------myelin-exec:__myl_MovResMulMea
14110623264,14110634528,11264,0,11264,myelin-exec:__myl_AddSqrDivMulMulResSliSliNegConMulMulAdd,648714,648714,3,0,2724,2366,:2337:2363:2366:2724,------myelin-exec:__myl_AddSqrDivMulMulResSliSliNegConMulMulAdd
14110635680,14110683328,47648,0,47648,myelin-exec:/MatMul_46,648714,648714,3,0,2725,2366,:2337:2363:2366:2725,------myelin-exec:/MatMul_46
14110685120,14110704064,18944,0,18944,myelin-exec:__myl_MulMaxSubExpSumDivMul,648714,648714,3,0,2726,2366,:2337:2363:2366:2726,------myelin-exec:__myl_MulMaxSubExpSumDivMul
14110705696,14110753920,48224,0,48224,myelin-exec:/MatMul_47,648714,648714,3,0,2727,2366,:2337:2363:2366:2727,------myelin-exec:/MatMul_47
14110755712,14110807136,51424,0,51424,myelin-exec:/o_proj_23/MatMul,648714,648714,3,0,2728,2366,:2337:2363:2366:2728,------myelin-exec:/o_proj_23/MatMul
14110808864,14110828704,19840,0,19840,myelin-exec:__myl_AddMulMeaAddSqrDivMulMul,648714,648714,3,0,2729,2366,:2337:2363:2366:2729,------myelin-exec:__myl_AddMulMeaAddSqrDivMulMul
14110830080,14110877536,47456,0,47456,myelin-exec:/up_proj_23/MatMul,648714,648714,3,0,2730,2366,:2337:2363:2366:2730,------myelin-exec:/up_proj_23/MatMul
14110879392,14111026688,147296,0,147296,myelin-exec:__myl_FcNegExpAddDivMulMul,648714,648714,3,0,2731,2366,:2337:2363:2366:2731,------myelin-exec:__myl_FcNegExpAddDivMulMul
14111028960,14111164000,135040,0,135040,myelin-exec:__myl_FcAdd,648714,648714,3,0,2732,2366,:2337:2363:2366:2732,------myelin-exec:__myl_FcAdd
14111166080,14111181664,15584,0,15584,myelin-exec:__myl_MulMeaAddSqrDivMulMul,648714,648714,3,0,2733,2366,:2337:2363:2366:2733,------myelin-exec:__myl_MulMeaAddSqrDivMulMul
14111183392,14111234272,50880,0,50880,myelin-exec:/v_proj_24/MatMul+/k_proj_24/MatMul+/q_proj_24/MatMul,648714,648714,3,0,2734,2366,:2337:2363:2366:2734,------myelin-exec:/v_proj_24/MatMul+/k_proj_24/MatMul+/q_proj_24/MatMul
14111236096,14111258176,22080,0,22080,myelin-exec:__myl_MovResConResRep,648714,648714,3,0,2735,2366,:2337:2363:2366:2735,------myelin-exec:__myl_MovResConResRep
14111260064,14111275904,15840,0,15840,myelin-exec:__myl_MovResMulMea,648714,648714,3,0,2736,2366,:2337:2363:2366:2736,------myelin-exec:__myl_MovResMulMea
14111277088,14111292320,15232,0,15232,myelin-exec:__myl_AddSqrDivMulMulResSliSliNegConMulMulAddConResRepResTra,648714,648714,3,0,2737,2366,:2337:2363:2366:2737,------myelin-exec:__myl_AddSqrDivMulMulResSliSliNegConMulMulAddConResRepResTra
14111293536,14111305056,11520,0,11520,myelin-exec:__myl_MovResMulMea,648714,648714,3,0,2738,2366,:2337:2363:2366:2738,------myelin-exec:__myl_MovResMulMea
14111306720,14111317792,11072,0,11072,myelin-exec:__myl_AddSqrDivMulMulResSliSliNegConMulMulAdd,648714,648714,3,0,2739,2366,:2337:2363:2366:2739,------myelin-exec:__myl_AddSqrDivMulMulResSliSliNegConMulMulAdd
14111318624,14111364864,46240,0,46240,myelin-exec:/MatMul_48,648714,648714,3,0,2740,2366,:2337:2363:2366:2740,------myelin-exec:/MatMul_48
14111366496,14111385216,18720,0,18720,myelin-exec:__myl_MulMaxSubExpSumDivMul,648714,648714,3,0,2741,2366,:2337:2363:2366:2741,------myelin-exec:__myl_MulMaxSubExpSumDivMul
14111386656,14111433344,46688,0,46688,myelin-exec:/MatMul_49,648714,648714,3,0,2742,2366,:2337:2363:2366:2742,------myelin-exec:/MatMul_49
14111434944,14111488800,53856,0,53856,myelin-exec:/o_proj_24/MatMul,648714,648714,3,0,2743,2366,:2337:2363:2366:2743,------myelin-exec:/o_proj_24/MatMul
14111490752,14111510784,20032,0,20032,myelin-exec:__myl_AddMulMeaAddSqrDivMulMul,648714,648714,3,0,2744,2366,:2337:2363:2366:2744,------myelin-exec:__myl_AddMulMeaAddSqrDivMulMul
14111512192,14111560576,48384,0,48384,myelin-exec:/up_proj_24/MatMul,648714,648714,3,0,2745,2366,:2337:2363:2366:2745,------myelin-exec:/up_proj_24/MatMul
14111562624,14111708928,146304,0,146304,myelin-exec:__myl_FcNegExpAddDivMulMul,648714,648714,3,0,2746,2366,:2337:2363:2366:2746,------myelin-exec:__myl_FcNegExpAddDivMulMul
14111711424,14111852608,141184,0,141184,myelin-exec:__myl_FcAdd,648714,648714,3,0,2747,2366,:2337:2363:2366:2747,------myelin-exec:__myl_FcAdd
14111854656,14111869472,14816,0,14816,myelin-exec:__myl_MulMeaAddSqrDivMulMul,648714,648714,3,0,2748,2366,:2337:2363:2366:2748,------myelin-exec:__myl_MulMeaAddSqrDivMulMul
14111871072,14111923776,52704,0,52704,myelin-exec:/v_proj_25/MatMul+/k_proj_25/MatMul+/q_proj_25/MatMul,648714,648714,3,0,2749,2366,:2337:2363:2366:2749,------myelin-exec:/v_proj_25/MatMul+/k_proj_25/MatMul+/q_proj_25/MatMul
14111925568,14111945760,20192,0,20192,myelin-exec:__myl_MovResConResRep,648714,648714,3,0,2750,2366,:2337:2363:2366:2750,------myelin-exec:__myl_MovResConResRep
14111947456,14111960736,13280,0,13280,myelin-exec:__myl_MovResMulMea,648714,648714,3,0,2751,2366,:2337:2363:2366:2751,------myelin-exec:__myl_MovResMulMea
14111962112,14111976512,14400,0,14400,myelin-exec:__myl_AddSqrDivMulMulResSliSliNegConMulMulAddConResRepResTra,648714,648714,3,0,2752,2366,:2337:2363:2366:2752,------myelin-exec:__myl_AddSqrDivMulMulResSliSliNegConMulMulAddConResRepResTra
14111977504,14111988544,11040,0,11040,myelin-exec:__myl_MovResMulMea,648714,648714,3,0,2753,2366,:2337:2363:2366:2753,------myelin-exec:__myl_MovResMulMea
14111989856,14112000608,10752,0,10752,myelin-exec:__myl_AddSqrDivMulMulResSliSliNegConMulMulAdd,648714,648714,3,0,2754,2366,:2337:2363:2366:2754,------myelin-exec:__myl_AddSqrDivMulMulResSliSliNegConMulMulAdd
14112002016,14112044576,42560,0,42560,myelin-exec:/MatMul_50,648714,648714,3,0,2755,2366,:2337:2363:2366:2755,------myelin-exec:/MatMul_50
14112046080,14112062816,16736,0,16736,myelin-exec:__myl_MulMaxSubExpSumDivMul,648714,648714,3,0,2756,2366,:2337:2363:2366:2756,------myelin-exec:__myl_MulMaxSubExpSumDivMul
14112063776,14112110656,46880,0,46880,myelin-exec:/MatMul_51,648714,648714,3,0,2757,2366,:2337:2363:2366:2757,------myelin-exec:/MatMul_51
14112112480,14112165184,52704,0,52704,myelin-exec:/o_proj_25/MatMul,648714,648714,3,0,2758,2366,:2337:2363:2366:2758,------myelin-exec:/o_proj_25/MatMul
14112166720,14112187040,20320,0,20320,myelin-exec:__myl_AddMulMeaAddSqrDivMulMul,648714,648714,3,0,2759,2366,:2337:2363:2366:2759,------myelin-exec:__myl_AddMulMeaAddSqrDivMulMul
14112188608,14112232032,43424,0,43424,myelin-exec:/up_proj_25/MatMul,648714,648714,3,0,2760,2366,:2337:2363:2366:2760,------myelin-exec:/up_proj_25/MatMul
14112233856,14112389216,155360,0,155360,myelin-exec:__myl_FcNegExpAddDivMulMul,648714,648714,3,0,2761,2366,:2337:2363:2366:2761,------myelin-exec:__myl_FcNegExpAddDivMulMul
14112391520,14112530432,138912,0,138912,myelin-exec:__myl_FcAdd,648714,648714,3,0,2762,2366,:2337:2363:2366:2762,------myelin-exec:__myl_FcAdd
14112532448,14112548832,16384,0,16384,myelin-exec:__myl_MulMeaAddSqrDivMulMul,648714,648714,3,0,2763,2366,:2337:2363:2366:2763,------myelin-exec:__myl_MulMeaAddSqrDivMulMul
14112550368,14112606592,56224,0,56224,myelin-exec:/v_proj_26/MatMul+/k_proj_26/MatMul+/q_proj_26/MatMul,648714,648714,3,0,2764,2366,:2337:2363:2366:2764,------myelin-exec:/v_proj_26/MatMul+/k_proj_26/MatMul+/q_proj_26/MatMul
14112608544,14112628960,20416,0,20416,myelin-exec:__myl_MovResConResRep,648714,648714,3,0,2765,2366,:2337:2363:2366:2765,------myelin-exec:__myl_MovResConResRep
14112630656,14112645888,15232,0,15232,myelin-exec:__myl_MovResMulMea,648714,648714,3,0,2766,2366,:2337:2363:2366:2766,------myelin-exec:__myl_MovResMulMea
14112647296,14112662752,15456,0,15456,myelin-exec:__myl_AddSqrDivMulMulResSliSliNegConMulMulAddConResRepResTra,648714,648714,3,0,2767,2366,:2337:2363:2366:2767,------myelin-exec:__myl_AddSqrDivMulMulResSliSliNegConMulMulAddConResRepResTra
14112664352,14112675968,11616,0,11616,myelin-exec:__myl_MovResMulMea,648714,648714,3,0,2768,2366,:2337:2363:2366:2768,------myelin-exec:__myl_MovResMulMea
14112677312,14112689056,11744,0,11744,myelin-exec:__myl_AddSqrDivMulMulResSliSliNegConMulMulAdd,648714,648714,3,0,2769,2366,:2337:2363:2366:2769,------myelin-exec:__myl_AddSqrDivMulMulResSliSliNegConMulMulAdd
14112690208,14112733984,43776,0,43776,myelin-exec:/MatMul_52,648714,648714,3,0,2770,2366,:2337:2363:2366:2770,------myelin-exec:/MatMul_52
14112735584,14112754528,18944,0,18944,myelin-exec:__myl_MulMaxSubExpSumDivMul,648714,648714,3,0,2771,2366,:2337:2363:2366:2771,------myelin-exec:__myl_MulMaxSubExpSumDivMul
14112755936,14112803776,47840,0,47840,myelin-exec:/MatMul_53,648714,648714,3,0,2772,2366,:2337:2363:2366:2772,------myelin-exec:/MatMul_53
14112805600,14112855232,49632,0,49632,myelin-exec:/o_proj_26/MatMul,648714,648714,3,0,2773,2366,:2337:2363:2366:2773,------myelin-exec:/o_proj_26/MatMul
14112856896,14112876896,20000,0,20000,myelin-exec:__myl_AddMulMeaAddSqrDivMulMul,648714,648714,3,0,2774,2366,:2337:2363:2366:2774,------myelin-exec:__myl_AddMulMeaAddSqrDivMulMul
14112878592,14112974432,95840,0,95840,myelin-exec:/up_proj_26/MatMul,648714,648714,3,0,2775,2366,:2337:2363:2366:2775,------myelin-exec:/up_proj_26/MatMul
14112976480,14113132192,155712,0,155712,myelin-exec:__myl_FcNegExpAddDivMulMul,648714,648714,3,0,2776,2366,:2337:2363:2366:2776,------myelin-exec:__myl_FcNegExpAddDivMulMul
14113134528,14113279680,145152,0,145152,myelin-exec:__myl_FcAdd,648714,648714,3,0,2777,2366,:2337:2363:2366:2777,------myelin-exec:__myl_FcAdd
14113281664,14113300480,18816,0,18816,myelin-exec:__myl_MulMeaAddSqrDivMulMul,648714,648714,3,0,2778,2366,:2337:2363:2366:2778,------myelin-exec:__myl_MulMeaAddSqrDivMulMul
14113302464,14113356992,54528,0,54528,myelin-exec:/v_proj_27/MatMul+/k_proj_27/MatMul+/q_proj_27/MatMul,648714,648714,3,0,2779,2366,:2337:2363:2366:2779,------myelin-exec:/v_proj_27/MatMul+/k_proj_27/MatMul+/q_proj_27/MatMul
14113358528,14113379456,20928,0,20928,myelin-exec:__myl_MovResConResRep,648714,648714,3,0,2780,2366,:2337:2363:2366:2780,------myelin-exec:__myl_MovResConResRep
14113380864,14113396800,15936,0,15936,myelin-exec:__myl_MovResMulMea,648714,648714,3,0,2781,2366,:2337:2363:2366:2781,------myelin-exec:__myl_MovResMulMea
14113398144,14113413152,15008,0,15008,myelin-exec:__myl_AddSqrDivMulMulResSliSliNegConMulMulAddConResRepResTra,648714,648714,3,0,2782,2366,:2337:2363:2366:2782,------myelin-exec:__myl_AddSqrDivMulMulResSliSliNegConMulMulAddConResRepResTra
14113414528,14113425664,11136,0,11136,myelin-exec:__myl_MovResMulMea,648714,648714,3,0,2783,2366,:2337:2363:2366:2783,------myelin-exec:__myl_MovResMulMea
14113426592,14113437696,11104,0,11104,myelin-exec:__myl_AddSqrDivMulMulResSliSliNegConMulMulAdd,648714,648714,3,0,2784,2366,:2337:2363:2366:2784,------myelin-exec:__myl_AddSqrDivMulMulResSliSliNegConMulMulAdd
14113439072,14113481696,42624,0,42624,myelin-exec:/MatMul_54,648714,648714,3,0,2785,2366,:2337:2363:2366:2785,------myelin-exec:/MatMul_54
14113483584,14113498976,15392,0,15392,myelin-exec:__myl_MulMaxSubExpSumDivMul,648714,648714,3,0,2786,2366,:2337:2363:2366:2786,------myelin-exec:__myl_MulMaxSubExpSumDivMul
14113500224,14113544832,44608,0,44608,myelin-exec:/MatMul_55,648714,648714,3,0,2787,2366,:2337:2363:2366:2787,------myelin-exec:/MatMul_55
14113546592,14113588000,41408,0,41408,myelin-exec:/o_proj_27/MatMul,648714,648714,3,0,2788,2366,:2337:2363:2366:2788,------myelin-exec:/o_proj_27/MatMul
14113589664,14113605920,16256,0,16256,myelin-exec:__myl_AddMulMeaAddSqrDivMulMul,648714,648714,3,0,2789,2366,:2337:2363:2366:2789,------myelin-exec:__myl_AddMulMeaAddSqrDivMulMul
14113607392,14113653280,45888,0,45888,myelin-exec:/up_proj_27/MatMul,648714,648714,3,0,2790,2366,:2337:2363:2366:2790,------myelin-exec:/up_proj_27/MatMul
14113655072,14113802880,147808,0,147808,myelin-exec:__myl_FcNegExpAddDivMulMul,648714,648714,3,0,2791,2366,:2337:2363:2366:2791,------myelin-exec:__myl_FcNegExpAddDivMulMul
14113805184,14113944320,139136,0,139136,myelin-exec:__myl_FcAdd,648714,648714,3,0,2792,2366,:2337:2363:2366:2792,------myelin-exec:__myl_FcAdd
14327907296,14328109888,202592,137088,65504,TensorRT:ExecutionContext::enqueue,648714,648714,1,1,2884,2337,:2337:2884,--TensorRT:ExecutionContext::enqueue
14327968384,14328105472,137088,77664,59424,TensorRT:{ForeignNode[/Cast.../Cast_1]},648714,648714,2,2,2888,2884,:2337:2884:2888,----TensorRT:{ForeignNode[/Cast.../Cast_1]}
14328012576,14328014560,1984,0,1984,myelin-exec:__mye60_0,648714,648714,3,0,2895,2888,:2337:2884:2888:2895,------myelin-exec:__mye60_0
14328015424,14328091104,75680,0,75680,myelin-exec:__myl_MovMulMeaAddSqrDivMulMulCas,648714,648714,3,0,2896,2888,:2337:2884:2888:2896,------myelin-exec:__myl_MovMulMeaAddSqrDivMulMulCas
14336313440,14336524128,210688,165568,45120,TensorRT:ExecutionContext::enqueue,648714,648714,1,1,2905,2337,:2337:2905,--TensorRT:ExecutionContext::enqueue
14336354688,14336520256,165568,121024,44544,TensorRT:{ForeignNode[onnx::MatMul_4 + ONNXTRT_Broadcast.../MatMul]},648714,648714,2,2,2909,2905,:2337:2905:2909,----TensorRT:{ForeignNode[onnx::MatMul_4 + ONNXTRT_Broadcast.../MatMul]}
14336386176,14336387232,1056,0,1056,myelin-exec:__mye31_0,648714,648714,3,0,2916,2909,:2337:2905:2909:2916,------myelin-exec:__mye31_0
14336387904,14336507872,119968,0,119968,myelin-exec:/MatMul,648714,648714,3,0,2917,2909,:2337:2905:2909:2917,------myelin-exec:/MatMul
14348063584,16367818688,2019755104,21333824,1998421280,:A1_decode_step_1,648714,648714,0,4,2922,,:2922,:A1_decode_step_1
14356388416,14356565344,176928,114112,62816,TensorRT:ExecutionContext::enqueue,648714,648714,1,1,2927,2922,:2922:2927,--TensorRT:ExecutionContext::enqueue
14356445888,14356560000,114112,57696,56416,TensorRT:{ForeignNode[ONNXTRT_castHelper.../Gather]},648714,648714,2,2,2931,2927,:2922:2927:2931,----TensorRT:{ForeignNode[ONNXTRT_castHelper.../Gather]}
14356488256,14356490016,1760,0,1760,myelin-exec:__mye39_0,648714,648714,3,0,2938,2931,:2922:2927:2931:2938,------myelin-exec:__mye39_0
14356490816,14356546752,55936,0,55936,myelin-exec:__myl_CasGat,648714,648714,3,0,2939,2931,:2922:2927:2931:2939,------myelin-exec:__myl_CasGat
16112803776,16133550496,20746720,19516832,1229888,TensorRT:ExecutionContext::enqueue,648714,648714,1,1,2948,2922,:2922:2948,--TensorRT:ExecutionContext::enqueue
16113980960,16133497792,19516832,18219168,1297664,TensorRT:{ForeignNode[/Cast.../Add_111]},648714,648714,2,420,2951,2948,:2922:2948:2951,----TensorRT:{ForeignNode[/Cast.../Add_111]}
16114277920,16114280640,2720,0,2720,myelin-exec:__mye133320_0,648714,648714,3,0,2958,2951,:2922:2948:2951:2958,------myelin-exec:__mye133320_0
16114282016,16114371488,89472,0,89472,myelin-exec:__myl_MovMulMeaAddSqrDivMulMul,648714,648714,3,0,2959,2951,:2922:2948:2951:2959,------myelin-exec:__myl_MovMulMeaAddSqrDivMulMul
16114373536,16114489600,116064,0,116064,myelin-exec:/v_proj/MatMul+/k_proj/MatMul+/q_proj/MatMul,648714,648714,3,0,2960,2951,:2922:2948:2951:2960,------myelin-exec:/v_proj/MatMul+/k_proj/MatMul+/q_proj/MatMul
16114491744,16114517984,26240,0,26240,myelin-exec:__myl_MovResConResRep,648714,648714,3,0,2961,2951,:2922:2948:2951:2961,------myelin-exec:__myl_MovResConResRep
16114519744,16114538880,19136,0,19136,myelin-exec:__myl_MovResMulMea,648714,648714,3,0,2962,2951,:2922:2948:2951:2962,------myelin-exec:__myl_MovResMulMea
16114540096,16114556576,16480,0,16480,myelin-exec:__myl_MovResMulMea,648714,648714,3,0,2963,2951,:2922:2948:2951:2963,------myelin-exec:__myl_MovResMulMea
16114557920,16114578080,20160,0,20160,myelin-exec:__myl_CasResMulConSinResCosResAddSqrAddSqrDivMulDivMulMulResSliSliNegConMulMulAddConResRepResTraEtc,648714,648714,3,0,2964,2951,:2922:2948:2951:2964,------myelin-exec:__myl_CasResMulConSinResCosResAddSqrAddSqrDivMulDivMulMulResSliSliNegConMulMulAddConResRepResTraEtc
16114578912,16114623776,44864,0,44864,myelin-exec:/MatMul,648714,648714,3,0,2965,2951,:2922:2948:2951:2965,------myelin-exec:/MatMul
16114625664,16114643520,17856,0,17856,myelin-exec:__myl_MulMaxSubExpSumDivMul,648714,648714,3,0,2966,2951,:2922:2948:2951:2966,------myelin-exec:__myl_MulMaxSubExpSumDivMul
16114644960,16114700096,55136,0,55136,myelin-exec:/MatMul_1,648714,648714,3,0,2967,2951,:2922:2948:2951:2967,------myelin-exec:/MatMul_1
16114701696,16114780992,79296,0,79296,myelin-exec:/o_proj/MatMul,648714,648714,3,0,2968,2951,:2922:2948:2951:2968,------myelin-exec:/o_proj/MatMul
16114782784,16114804192,21408,0,21408,myelin-exec:__myl_MulMeaAddSqrDivMulMul,648714,648714,3,0,2969,2951,:2922:2948:2951:2969,------myelin-exec:__myl_MulMeaAddSqrDivMulMul
16114805472,16114851584,46112,0,46112,myelin-exec:/up_proj/MatMul,648714,648714,3,0,2970,2951,:2922:2948:2951:2970,------myelin-exec:/up_proj/MatMul
16114853120,16115044416,191296,0,191296,myelin-exec:__myl_FcNegExpAddDivMulMul,648714,648714,3,0,2971,2951,:2922:2948:2951:2971,------myelin-exec:__myl_FcNegExpAddDivMulMul
16115046400,16115184352,137952,0,137952,myelin-exec:__myl_FcAdd,648714,648714,3,0,2972,2951,:2922:2948:2951:2972,------myelin-exec:__myl_FcAdd
16115186336,16115204512,18176,0,18176,myelin-exec:__myl_MulMeaAddSqrDivMulMul,648714,648714,3,0,2973,2951,:2922:2948:2951:2973,------myelin-exec:__myl_MulMeaAddSqrDivMulMul
16115206048,16115255552,49504,0,49504,myelin-exec:/v_proj_1/MatMul+/k_proj_1/MatMul+/q_proj_1/MatMul,648714,648714,3,0,2974,2951,:2922:2948:2951:2974,------myelin-exec:/v_proj_1/MatMul+/k_proj_1/MatMul+/q_proj_1/MatMul
16115257344,16115277824,20480,0,20480,myelin-exec:__myl_MovResConResRep,648714,648714,3,0,2975,2951,:2922:2948:2951:2975,------myelin-exec:__myl_MovResConResRep
16115279232,16115291840,12608,0,12608,myelin-exec:__myl_MovResMulMea,648714,648714,3,0,2976,2951,:2922:2948:2951:2976,------myelin-exec:__myl_MovResMulMea
16115293184,16115312096,18912,0,18912,myelin-exec:__myl_AddSqrDivMulMulResSliSliNegConMulMulAddConResRepResTra,648714,648714,3,0,2977,2951,:2922:2948:2951:2977,------myelin-exec:__myl_AddSqrDivMulMulResSliSliNegConMulMulAddConResRepResTra
16115313280,16115325152,11872,0,11872,myelin-exec:__myl_MovResMulMea,648714,648714,3,0,2978,2951,:2922:2948:2951:2978,------myelin-exec:__myl_MovResMulMea
16115326560,16115341632,15072,0,15072,myelin-exec:__myl_AddSqrDivMulMulResSliSliNegConMulMulAdd,648714,648714,3,0,2979,2951,:2922:2948:2951:2979,------myelin-exec:__myl_AddSqrDivMulMulResSliSliNegConMulMulAdd
16115342944,16115381696,38752,0,38752,myelin-exec:/MatMul_2,648714,648714,3,0,2980,2951,:2922:2948:2951:2980,------myelin-exec:/MatMul_2
16115383264,16115397408,14144,0,14144,myelin-exec:__myl_MulMaxSubExpSumDivMul,648714,648714,3,0,2981,2951,:2922:2948:2951:2981,------myelin-exec:__myl_MulMaxSubExpSumDivMul
16115398624,16115440064,41440,0,41440,myelin-exec:/MatMul_3,648714,648714,3,0,2982,2951,:2922:2948:2951:2982,------myelin-exec:/MatMul_3
16115441952,16115484480,42528,0,42528,myelin-exec:/o_proj_1/MatMul,648714,648714,3,0,2983,2951,:2922:2948:2951:2983,------myelin-exec:/o_proj_1/MatMul
16115485824,16115505824,20000,0,20000,myelin-exec:__myl_AddMulMeaAddSqrDivMulMul,648714,648714,3,0,2984,2951,:2922:2948:2951:2984,------myelin-exec:__myl_AddMulMeaAddSqrDivMulMul
16115507360,16115551488,44128,0,44128,myelin-exec:/up_proj_1/MatMul,648714,648714,3,0,2985,2951,:2922:2948:2951:2985,------myelin-exec:/up_proj_1/MatMul
16115552608,16115698816,146208,0,146208,myelin-exec:__myl_FcNegExpAddDivMulMul,648714,648714,3,0,2986,2951,:2922:2948:2951:2986,------myelin-exec:__myl_FcNegExpAddDivMulMul
16115700896,16115837152,136256,0,136256,myelin-exec:__myl_FcAdd,648714,648714,3,0,2987,2951,:2922:2948:2951:2987,------myelin-exec:__myl_FcAdd
16115839168,16115857120,17952,0,17952,myelin-exec:__myl_MulMeaAddSqrDivMulMul,648714,648714,3,0,2988,2951,:2922:2948:2951:2988,------myelin-exec:__myl_MulMeaAddSqrDivMulMul
16115858336,16115909344,51008,0,51008,myelin-exec:/v_proj_2/MatMul+/k_proj_2/MatMul+/q_proj_2/MatMul,648714,648714,3,0,2989,2951,:2922:2948:2951:2989,------myelin-exec:/v_proj_2/MatMul+/k_proj_2/MatMul+/q_proj_2/MatMul
16115911232,16115931616,20384,0,20384,myelin-exec:__myl_MovResConResRep,648714,648714,3,0,2990,2951,:2922:2948:2951:2990,------myelin-exec:__myl_MovResConResRep
16115933056,16115948032,14976,0,14976,myelin-exec:__myl_MovResMulMea,648714,648714,3,0,2991,2951,:2922:2948:2951:2991,------myelin-exec:__myl_MovResMulMea
16115949152,16115963104,13952,0,13952,myelin-exec:__myl_AddSqrDivMulMulResSliSliNegConMulMulAddConResRepResTra,648714,648714,3,0,2992,2951,:2922:2948:2951:2992,------myelin-exec:__myl_AddSqrDivMulMulResSliSliNegConMulMulAddConResRepResTra
16115964544,16115975392,10848,0,10848,myelin-exec:__myl_MovResMulMea,648714,648714,3,0,2993,2951,:2922:2948:2951:2993,------myelin-exec:__myl_MovResMulMea
16115976704,16115987648,10944,0,10944,myelin-exec:__myl_AddSqrDivMulMulResSliSliNegConMulMulAdd,648714,648714,3,0,2994,2951,:2922:2948:2951:2994,------myelin-exec:__myl_AddSqrDivMulMulResSliSliNegConMulMulAdd
16115988832,16116030272,41440,0,41440,myelin-exec:/MatMul_4,648714,648714,3,0,2995,2951,:2922:2948:2951:2995,------myelin-exec:/MatMul_4
16116032192,16116046976,14784,0,14784,myelin-exec:__myl_MulMaxSubExpSumDivMul,648714,648714,3,0,2996,2951,:2922:2948:2951:2996,------myelin-exec:__myl_MulMaxSubExpSumDivMul
16116048128,16116087744,39616,0,39616,myelin-exec:/MatMul_5,648714,648714,3,0,2997,2951,:2922:2948:2951:2997,------myelin-exec:/MatMul_5
16116089536,16116129664,40128,0,40128,myelin-exec:/o_proj_2/MatMul,648714,648714,3,0,2998,2951,:2922:2948:2951:2998,------myelin-exec:/o_proj_2/MatMul
16116131328,16116145600,14272,0,14272,myelin-exec:__myl_AddMulMeaAddSqrDivMulMul,648714,648714,3,0,2999,2951,:2922:2948:2951:2999,------myelin-exec:__myl_AddMulMeaAddSqrDivMulMul
16116146944,16116186176,39232,0,39232,myelin-exec:/up_proj_2/MatMul,648714,648714,3,0,3000,2951,:2922:2948:2951:3000,------myelin-exec:/up_proj_2/MatMul
16116187712,16116331424,143712,0,143712,myelin-exec:__myl_FcNegExpAddDivMulMul,648714,648714,3,0,3001,2951,:2922:2948:2951:3001,------myelin-exec:__myl_FcNegExpAddDivMulMul
16116333376,16116469216,135840,0,135840,myelin-exec:__myl_FcAdd,648714,648714,3,0,3002,2951,:2922:2948:2951:3002,------myelin-exec:__myl_FcAdd
16116471456,16116486592,15136,0,15136,myelin-exec:__myl_MulMeaAddSqrDivMulMul,648714,648714,3,0,3003,2951,:2922:2948:2951:3003,------myelin-exec:__myl_MulMeaAddSqrDivMulMul
16116488224,16116534272,46048,0,46048,myelin-exec:/v_proj_3/MatMul+/k_proj_3/MatMul+/q_proj_3/MatMul,648714,648714,3,0,3004,2951,:2922:2948:2951:3004,------myelin-exec:/v_proj_3/MatMul+/k_proj_3/MatMul+/q_proj_3/MatMul
16116535872,16116554400,18528,0,18528,myelin-exec:__myl_MovResConResRep,648714,648714,3,0,3005,2951,:2922:2948:2951:3005,------myelin-exec:__myl_MovResConResRep
16116556000,16116570368,14368,0,14368,myelin-exec:__myl_MovResMulMea,648714,648714,3,0,3006,2951,:2922:2948:2951:3006,------myelin-exec:__myl_MovResMulMea
16116571680,16116585472,13792,0,13792,myelin-exec:__myl_AddSqrDivMulMulResSliSliNegConMulMulAddConResRepResTra,648714,648714,3,0,3007,2951,:2922:2948:2951:3007,------myelin-exec:__myl_AddSqrDivMulMulResSliSliNegConMulMulAddConResRepResTra
16116586496,16116597504,11008,0,11008,myelin-exec:__myl_MovResMulMea,648714,648714,3,0,3008,2951,:2922:2948:2951:3008,------myelin-exec:__myl_MovResMulMea
16116598848,16116608992,10144,0,10144,myelin-exec:__myl_AddSqrDivMulMulResSliSliNegConMulMulAdd,648714,648714,3,0,3009,2951,:2922:2948:2951:3009,------myelin-exec:__myl_AddSqrDivMulMulResSliSliNegConMulMulAdd
16116609792,16116647072,37280,0,37280,myelin-exec:/MatMul_6,648714,648714,3,0,3010,2951,:2922:2948:2951:3010,------myelin-exec:/MatMul_6
16116648864,16116662304,13440,0,13440,myelin-exec:__myl_MulMaxSubExpSumDivMul,648714,648714,3,0,3011,2951,:2922:2948:2951:3011,------myelin-exec:__myl_MulMaxSubExpSumDivMul
16116663456,16116702304,38848,0,38848,myelin-exec:/MatMul_7,648714,648714,3,0,3012,2951,:2922:2948:2951:3012,------myelin-exec:/MatMul_7
16116703744,16116745024,41280,0,41280,myelin-exec:/o_proj_3/MatMul,648714,648714,3,0,3013,2951,:2922:2948:2951:3013,------myelin-exec:/o_proj_3/MatMul
16116746464,16116766144,19680,0,19680,myelin-exec:__myl_AddMulMeaAddSqrDivMulMul,648714,648714,3,0,3014,2951,:2922:2948:2951:3014,------myelin-exec:__myl_AddMulMeaAddSqrDivMulMul
16116767712,16116808576,40864,0,40864,myelin-exec:/up_proj_3/MatMul,648714,648714,3,0,3015,2951,:2922:2948:2951:3015,------myelin-exec:/up_proj_3/MatMul
16116810272,16116984832,174560,0,174560,myelin-exec:__myl_FcNegExpAddDivMulMul,648714,648714,3,0,3016,2951,:2922:2948:2951:3016,------myelin-exec:__myl_FcNegExpAddDivMulMul
16116987136,16117128768,141632,0,141632,myelin-exec:__myl_FcAdd,648714,648714,3,0,3017,2951,:2922:2948:2951:3017,------myelin-exec:__myl_FcAdd
16117130656,16117148096,17440,0,17440,myelin-exec:__myl_MulMeaAddSqrDivMulMul,648714,648714,3,0,3018,2951,:2922:2948:2951:3018,------myelin-exec:__myl_MulMeaAddSqrDivMulMul
16117149792,16117200832,51040,0,51040,myelin-exec:/v_proj_4/MatMul+/k_proj_4/MatMul+/q_proj_4/MatMul,648714,648714,3,0,3019,2951,:2922:2948:2951:3019,------myelin-exec:/v_proj_4/MatMul+/k_proj_4/MatMul+/q_proj_4/MatMul
16117202944,16117223328,20384,0,20384,myelin-exec:__myl_MovResConResRep,648714,648714,3,0,3020,2951,:2922:2948:2951:3020,------myelin-exec:__myl_MovResConResRep
16117224512,16117237216,12704,0,12704,myelin-exec:__myl_MovResMulMea,648714,648714,3,0,3021,2951,:2922:2948:2951:3021,------myelin-exec:__myl_MovResMulMea
16117238816,16117252416,13600,0,13600,myelin-exec:__myl_AddSqrDivMulMulResSliSliNegConMulMulAddConResRepResTra,648714,648714,3,0,3022,2951,:2922:2948:2951:3022,------myelin-exec:__myl_AddSqrDivMulMulResSliSliNegConMulMulAddConResRepResTra
16117253824,16117263776,9952,0,9952,myelin-exec:__myl_MovResMulMea,648714,648714,3,0,3023,2951,:2922:2948:2951:3023,------myelin-exec:__myl_MovResMulMea
16117264608,16117274976,10368,0,10368,myelin-exec:__myl_AddSqrDivMulMulResSliSliNegConMulMulAdd,648714,648714,3,0,3024,2951,:2922:2948:2951:3024,------myelin-exec:__myl_AddSqrDivMulMulResSliSliNegConMulMulAdd
16117276416,16117315584,39168,0,39168,myelin-exec:/MatMul_8,648714,648714,3,0,3025,2951,:2922:2948:2951:3025,------myelin-exec:/MatMul_8
16117317024,16117331904,14880,0,14880,myelin-exec:__myl_MulMaxSubExpSumDivMul,648714,648714,3,0,3026,2951,:2922:2948:2951:3026,------myelin-exec:__myl_MulMaxSubExpSumDivMul
16117333312,16117372032,38720,0,38720,myelin-exec:/MatMul_9,648714,648714,3,0,3027,2951,:2922:2948:2951:3027,------myelin-exec:/MatMul_9
16117373472,16117429312,55840,0,55840,myelin-exec:/o_proj_4/MatMul,648714,648714,3,0,3028,2951,:2922:2948:2951:3028,------myelin-exec:/o_proj_4/MatMul
16117430848,16117450848,20000,0,20000,myelin-exec:__myl_AddMulMeaAddSqrDivMulMul,648714,648714,3,0,3029,2951,:2922:2948:2951:3029,------myelin-exec:__myl_AddMulMeaAddSqrDivMulMul
16117452288,16117497184,44896,0,44896,myelin-exec:/up_proj_4/MatMul,648714,648714,3,0,3030,2951,:2922:2948:2951:3030,------myelin-exec:/up_proj_4/MatMul
16117498528,16117637952,139424,0,139424,myelin-exec:__myl_FcNegExpAddDivMulMul,648714,648714,3,0,3031,2951,:2922:2948:2951:3031,------myelin-exec:__myl_FcNegExpAddDivMulMul
16117639584,16117778432,138848,0,138848,myelin-exec:__myl_FcAdd,648714,648714,3,0,3032,2951,:2922:2948:2951:3032,------myelin-exec:__myl_FcAdd
16117780160,16117796896,16736,0,16736,myelin-exec:__myl_MulMeaAddSqrDivMulMul,648714,648714,3,0,3033,2951,:2922:2948:2951:3033,------myelin-exec:__myl_MulMeaAddSqrDivMulMul
16117798336,16117847200,48864,0,48864,myelin-exec:/v_proj_5/MatMul+/k_proj_5/MatMul+/q_proj_5/MatMul,648714,648714,3,0,3034,2951,:2922:2948:2951:3034,------myelin-exec:/v_proj_5/MatMul+/k_proj_5/MatMul+/q_proj_5/MatMul
16117848640,16117868096,19456,0,19456,myelin-exec:__myl_MovResConResRep,648714,648714,3,0,3035,2951,:2922:2948:2951:3035,------myelin-exec:__myl_MovResConResRep
16117869408,16117883616,14208,0,14208,myelin-exec:__myl_MovResMulMea,648714,648714,3,0,3036,2951,:2922:2948:2951:3036,------myelin-exec:__myl_MovResMulMea
16117884672,16117900064,15392,0,15392,myelin-exec:__myl_AddSqrDivMulMulResSliSliNegConMulMulAddConResRepResTra,648714,648714,3,0,3037,2951,:2922:2948:2951:3037,------myelin-exec:__myl_AddSqrDivMulMulResSliSliNegConMulMulAddConResRepResTra
16117901536,16117913472,11936,0,11936,myelin-exec:__myl_MovResMulMea,648714,648714,3,0,3038,2951,:2922:2948:2951:3038,------myelin-exec:__myl_MovResMulMea
16117914816,16117926720,11904,0,11904,myelin-exec:__myl_AddSqrDivMulMulResSliSliNegConMulMulAdd,648714,648714,3,0,3039,2951,:2922:2948:2951:3039,------myelin-exec:__myl_AddSqrDivMulMulResSliSliNegConMulMulAdd
16117927488,16117967520,40032,0,40032,myelin-exec:/MatMul_10,648714,648714,3,0,3040,2951,:2922:2948:2951:3040,------myelin-exec:/MatMul_10
16117968992,16117984640,15648,0,15648,myelin-exec:__myl_MulMaxSubExpSumDivMul,648714,648714,3,0,3041,2951,:2922:2948:2951:3041,------myelin-exec:__myl_MulMaxSubExpSumDivMul
16117986048,16118023648,37600,0,37600,myelin-exec:/MatMul_11,648714,648714,3,0,3042,2951,:2922:2948:2951:3042,------myelin-exec:/MatMul_11
16118025024,16118061728,36704,0,36704,myelin-exec:/o_proj_5/MatMul,648714,648714,3,0,3043,2951,:2922:2948:2951:3043,------myelin-exec:/o_proj_5/MatMul
16118063200,16118076832,13632,0,13632,myelin-exec:__myl_AddMulMeaAddSqrDivMulMul,648714,648714,3,0,3044,2951,:2922:2948:2951:3044,------myelin-exec:__myl_AddMulMeaAddSqrDivMulMul
16118078112,16118119168,41056,0,41056,myelin-exec:/up_proj_5/MatMul,648714,648714,3,0,3045,2951,:2922:2948:2951:3045,------myelin-exec:/up_proj_5/MatMul
16118120928,16118269792,148864,0,148864,myelin-exec:__myl_FcNegExpAddDivMulMul,648714,648714,3,0,3046,2951,:2922:2948:2951:3046,------myelin-exec:__myl_FcNegExpAddDivMulMul
16118271744,16118412352,140608,0,140608,myelin-exec:__myl_FcAdd,648714,648714,3,0,3047,2951,:2922:2948:2951:3047,------myelin-exec:__myl_FcAdd
16118413984,16118432832,18848,0,18848,myelin-exec:__myl_MulMeaAddSqrDivMulMul,648714,648714,3,0,3048,2951,:2922:2948:2951:3048,------myelin-exec:__myl_MulMeaAddSqrDivMulMul
16118434432,16118494848,60416,0,60416,myelin-exec:/v_proj_6/MatMul+/k_proj_6/MatMul+/q_proj_6/MatMul,648714,648714,3,0,3049,2951,:2922:2948:2951:3049,------myelin-exec:/v_proj_6/MatMul+/k_proj_6/MatMul+/q_proj_6/MatMul
16118496928,16118517920,20992,0,20992,myelin-exec:__myl_MovResConResRep,648714,648714,3,0,3050,2951,:2922:2948:2951:3050,------myelin-exec:__myl_MovResConResRep
16118519552,16118533440,13888,0,13888,myelin-exec:__myl_MovResMulMea,648714,648714,3,0,3051,2951,:2922:2948:2951:3051,------myelin-exec:__myl_MovResMulMea
16118534944,16118548896,13952,0,13952,myelin-exec:__myl_AddSqrDivMulMulResSliSliNegConMulMulAddConResRepResTra,648714,648714,3,0,3052,2951,:2922:2948:2951:3052,------myelin-exec:__myl_AddSqrDivMulMulResSliSliNegConMulMulAddConResRepResTra
16118549920,16118560224,10304,0,10304,myelin-exec:__myl_MovResMulMea,648714,648714,3,0,3053,2951,:2922:2948:2951:3053,------myelin-exec:__myl_MovResMulMea
16118561504,16118572608,11104,0,11104,myelin-exec:__myl_AddSqrDivMulMulResSliSliNegConMulMulAdd,648714,648714,3,0,3054,2951,:2922:2948:2951:3054,------myelin-exec:__myl_AddSqrDivMulMulResSliSliNegConMulMulAdd
16118574048,16118624480,50432,0,50432,myelin-exec:/MatMul_12,648714,648714,3,0,3055,2951,:2922:2948:2951:3055,------myelin-exec:/MatMul_12
16118625856,16118645056,19200,0,19200,myelin-exec:__myl_MulMaxSubExpSumDivMul,648714,648714,3,0,3056,2951,:2922:2948:2951:3056,------myelin-exec:__myl_MulMaxSubExpSumDivMul
16118646720,16118689216,42496,0,42496,myelin-exec:/MatMul_13,648714,648714,3,0,3057,2951,:2922:2948:2951:3057,------myelin-exec:/MatMul_13
16118690656,16118737504,46848,0,46848,myelin-exec:/o_proj_6/MatMul,648714,648714,3,0,3058,2951,:2922:2948:2951:3058,------myelin-exec:/o_proj_6/MatMul
16118738976,16118758464,19488,0,19488,myelin-exec:__myl_AddMulMeaAddSqrDivMulMul,648714,648714,3,0,3059,2951,:2922:2948:2951:3059,------myelin-exec:__myl_AddMulMeaAddSqrDivMulMul
16118759360,16118804448,45088,0,45088,myelin-exec:/up_proj_6/MatMul,648714,648714,3,0,3060,2951,:2922:2948:2951:3060,------myelin-exec:/up_proj_6/MatMul
16118805792,16118955648,149856,0,149856,myelin-exec:__myl_FcNegExpAddDivMulMul,648714,648714,3,0,3061,2951,:2922:2948:2951:3061,------myelin-exec:__myl_FcNegExpAddDivMulMul
16118957632,16119096992,139360,0,139360,myelin-exec:__myl_FcAdd,648714,648714,3,0,3062,2951,:2922:2948:2951:3062,------myelin-exec:__myl_FcAdd
16119098784,16119115680,16896,0,16896,myelin-exec:__myl_MulMeaAddSqrDivMulMul,648714,648714,3,0,3063,2951,:2922:2948:2951:3063,------myelin-exec:__myl_MulMeaAddSqrDivMulMul
16119116960,16119174720,57760,0,57760,myelin-exec:/v_proj_7/MatMul+/k_proj_7/MatMul+/q_proj_7/MatMul,648714,648714,3,0,3064,2951,:2922:2948:2951:3064,------myelin-exec:/v_proj_7/MatMul+/k_proj_7/MatMul+/q_proj_7/MatMul
16119176800,16119198016,21216,0,21216,myelin-exec:__myl_MovResConResRep,648714,648714,3,0,3065,2951,:2922:2948:2951:3065,------myelin-exec:__myl_MovResConResRep
16119199936,16119213792,13856,0,13856,myelin-exec:__myl_MovResMulMea,648714,648714,3,0,3066,2951,:2922:2948:2951:3066,------myelin-exec:__myl_MovResMulMea
16119215104,16119228832,13728,0,13728,myelin-exec:__myl_AddSqrDivMulMulResSliSliNegConMulMulAddConResRepResTra,648714,648714,3,0,3067,2951,:2922:2948:2951:3067,------myelin-exec:__myl_AddSqrDivMulMulResSliSliNegConMulMulAddConResRepResTra
16119230176,16119241024,10848,0,10848,myelin-exec:__myl_MovResMulMea,648714,648714,3,0,3068,2951,:2922:2948:2951:3068,------myelin-exec:__myl_MovResMulMea
16119241952,16119252224,10272,0,10272,myelin-exec:__myl_AddSqrDivMulMulResSliSliNegConMulMulAdd,648714,648714,3,0,3069,2951,:2922:2948:2951:3069,------myelin-exec:__myl_AddSqrDivMulMulResSliSliNegConMulMulAdd
16119253248,16119291328,38080,0,38080,myelin-exec:/MatMul_14,648714,648714,3,0,3070,2951,:2922:2948:2951:3070,------myelin-exec:/MatMul_14
16119292864,16119304352,11488,0,11488,myelin-exec:__myl_MulMaxSubExpSumDivMul,648714,648714,3,0,3071,2951,:2922:2948:2951:3071,------myelin-exec:__myl_MulMaxSubExpSumDivMul
16119305472,16119346080,40608,0,40608,myelin-exec:/MatMul_15,648714,648714,3,0,3072,2951,:2922:2948:2951:3072,------myelin-exec:/MatMul_15
16119347840,16119391008,43168,0,43168,myelin-exec:/o_proj_7/MatMul,648714,648714,3,0,3073,2951,:2922:2948:2951:3073,------myelin-exec:/o_proj_7/MatMul
16119392480,16119411264,18784,0,18784,myelin-exec:__myl_AddMulMeaAddSqrDivMulMul,648714,648714,3,0,3074,2951,:2922:2948:2951:3074,------myelin-exec:__myl_AddMulMeaAddSqrDivMulMul
16119412672,16119460544,47872,0,47872,myelin-exec:/up_proj_7/MatMul,648714,648714,3,0,3075,2951,:2922:2948:2951:3075,------myelin-exec:/up_proj_7/MatMul
16119462112,16119610496,148384,0,148384,myelin-exec:__myl_FcNegExpAddDivMulMul,648714,648714,3,0,3076,2951,:2922:2948:2951:3076,------myelin-exec:__myl_FcNegExpAddDivMulMul
16119612320,16119747392,135072,0,135072,myelin-exec:__myl_FcAdd,648714,648714,3,0,3077,2951,:2922:2948:2951:3077,------myelin-exec:__myl_FcAdd
16119749312,16119767904,18592,0,18592,myelin-exec:__myl_MulMeaAddSqrDivMulMul,648714,648714,3,0,3078,2951,:2922:2948:2951:3078,------myelin-exec:__myl_MulMeaAddSqrDivMulMul
16119769472,16119815424,45952,0,45952,myelin-exec:/v_proj_8/MatMul+/k_proj_8/MatMul+/q_proj_8/MatMul,648714,648714,3,0,3079,2951,:2922:2948:2951:3079,------myelin-exec:/v_proj_8/MatMul+/k_proj_8/MatMul+/q_proj_8/MatMul
16119817120,16119833312,16192,0,16192,myelin-exec:__myl_MovResConResRep,648714,648714,3,0,3080,2951,:2922:2948:2951:3080,------myelin-exec:__myl_MovResConResRep
16119835040,16119847456,12416,0,12416,myelin-exec:__myl_MovResMulMea,648714,648714,3,0,3081,2951,:2922:2948:2951:3081,------myelin-exec:__myl_MovResMulMea
16119848832,16119862592,13760,0,13760,myelin-exec:__myl_AddSqrDivMulMulResSliSliNegConMulMulAddConResRepResTra,648714,648714,3,0,3082,2951,:2922:2948:2951:3082,------myelin-exec:__myl_AddSqrDivMulMulResSliSliNegConMulMulAddConResRepResTra
16119864000,16119875264,11264,0,11264,myelin-exec:__myl_MovResMulMea,648714,648714,3,0,3083,2951,:2922:2948:2951:3083,------myelin-exec:__myl_MovResMulMea
16119876672,16119887648,10976,0,10976,myelin-exec:__myl_AddSqrDivMulMulResSliSliNegConMulMulAdd,648714,648714,3,0,3084,2951,:2922:2948:2951:3084,------myelin-exec:__myl_AddSqrDivMulMulResSliSliNegConMulMulAdd
16119888768,16119926880,38112,0,38112,myelin-exec:/MatMul_16,648714,648714,3,0,3085,2951,:2922:2948:2951:3085,------myelin-exec:/MatMul_16
16119928544,16119940608,12064,0,12064,myelin-exec:__myl_MulMaxSubExpSumDivMul,648714,648714,3,0,3086,2951,:2922:2948:2951:3086,------myelin-exec:__myl_MulMaxSubExpSumDivMul
16119941984,16119985984,44000,0,44000,myelin-exec:/MatMul_17,648714,648714,3,0,3087,2951,:2922:2948:2951:3087,------myelin-exec:/MatMul_17
16119987552,16120027776,40224,0,40224,myelin-exec:/o_proj_8/MatMul,648714,648714,3,0,3088,2951,:2922:2948:2951:3088,------myelin-exec:/o_proj_8/MatMul
16120029536,16120052352,22816,0,22816,myelin-exec:__myl_AddMulMeaAddSqrDivMulMul,648714,648714,3,0,3089,2951,:2922:2948:2951:3089,------myelin-exec:__myl_AddMulMeaAddSqrDivMulMul
16120053856,16120092704,38848,0,38848,myelin-exec:/up_proj_8/MatMul,648714,648714,3,0,3090,2951,:2922:2948:2951:3090,------myelin-exec:/up_proj_8/MatMul
16120094272,16120250560,156288,0,156288,myelin-exec:__myl_FcNegExpAddDivMulMul,648714,648714,3,0,3091,2951,:2922:2948:2951:3091,------myelin-exec:__myl_FcNegExpAddDivMulMul
16120252736,16120390080,137344,0,137344,myelin-exec:__myl_FcAdd,648714,648714,3,0,3092,2951,:2922:2948:2951:3092,------myelin-exec:__myl_FcAdd
16120391872,16120407008,15136,0,15136,myelin-exec:__myl_MulMeaAddSqrDivMulMul,648714,648714,3,0,3093,2951,:2922:2948:2951:3093,------myelin-exec:__myl_MulMeaAddSqrDivMulMul
16120408672,16120450720,42048,0,42048,myelin-exec:/v_proj_9/MatMul+/k_proj_9/MatMul+/q_proj_9/MatMul,648714,648714,3,0,3094,2951,:2922:2948:2951:3094,------myelin-exec:/v_proj_9/MatMul+/k_proj_9/MatMul+/q_proj_9/MatMul
16120452256,16120466464,14208,0,14208,myelin-exec:__myl_MovResConResRep,648714,648714,3,0,3095,2951,:2922:2948:2951:3095,------myelin-exec:__myl_MovResConResRep
16120467616,16120479136,11520,0,11520,myelin-exec:__myl_MovResMulMea,648714,648714,3,0,3096,2951,:2922:2948:2951:3096,------myelin-exec:__myl_MovResMulMea
16120480448,16120493280,12832,0,12832,myelin-exec:__myl_AddSqrDivMulMulResSliSliNegConMulMulAddConResRepResTra,648714,648714,3,0,3097,2951,:2922:2948:2951:3097,------myelin-exec:__myl_AddSqrDivMulMulResSliSliNegConMulMulAddConResRepResTra
16120494432,16120505120,10688,0,10688,myelin-exec:__myl_MovResMulMea,648714,648714,3,0,3098,2951,:2922:2948:2951:3098,------myelin-exec:__myl_MovResMulMea
16120506656,16120517184,10528,0,10528,myelin-exec:__myl_AddSqrDivMulMulResSliSliNegConMulMulAdd,648714,648714,3,0,3099,2951,:2922:2948:2951:3099,------myelin-exec:__myl_AddSqrDivMulMulResSliSliNegConMulMulAdd
16120518624,16120553920,35296,0,35296,myelin-exec:/MatMul_18,648714,648714,3,0,3100,2951,:2922:2948:2951:3100,------myelin-exec:/MatMul_18
16120555200,16120567360,12160,0,12160,myelin-exec:__myl_MulMaxSubExpSumDivMul,648714,648714,3,0,3101,2951,:2922:2948:2951:3101,------myelin-exec:__myl_MulMaxSubExpSumDivMul
16120568576,16120605664,37088,0,37088,myelin-exec:/MatMul_19,648714,648714,3,0,3102,2951,:2922:2948:2951:3102,------myelin-exec:/MatMul_19
16120607040,16120651104,44064,0,44064,myelin-exec:/o_proj_9/MatMul,648714,648714,3,0,3103,2951,:2922:2948:2951:3103,------myelin-exec:/o_proj_9/MatMul
16120652320,16120670496,18176,0,18176,myelin-exec:__myl_AddMulMeaAddSqrDivMulMul,648714,648714,3,0,3104,2951,:2922:2948:2951:3104,------myelin-exec:__myl_AddMulMeaAddSqrDivMulMul
16120671840,16120713664,41824,0,41824,myelin-exec:/up_proj_9/MatMul,648714,648714,3,0,3105,2951,:2922:2948:2951:3105,------myelin-exec:/up_proj_9/MatMul
16120715392,16120922368,206976,0,206976,myelin-exec:__myl_FcNegExpAddDivMulMul,648714,648714,3,0,3106,2951,:2922:2948:2951:3106,------myelin-exec:__myl_FcNegExpAddDivMulMul
16120924640,16121079552,154912,0,154912,myelin-exec:__myl_FcAdd,648714,648714,3,0,3107,2951,:2922:2948:2951:3107,------myelin-exec:__myl_FcAdd
16121081824,16121099040,17216,0,17216,myelin-exec:__myl_MulMeaAddSqrDivMulMul,648714,648714,3,0,3108,2951,:2922:2948:2951:3108,------myelin-exec:__myl_MulMeaAddSqrDivMulMul
16121100704,16121156512,55808,0,55808,myelin-exec:/v_proj_10/MatMul+/k_proj_10/MatMul+/q_proj_10/MatMul,648714,648714,3,0,3109,2951,:2922:2948:2951:3109,------myelin-exec:/v_proj_10/MatMul+/k_proj_10/MatMul+/q_proj_10/MatMul
16121158496,16121181312,22816,0,22816,myelin-exec:__myl_MovResConResRep,648714,648714,3,0,3110,2951,:2922:2948:2951:3110,------myelin-exec:__myl_MovResConResRep
16121182912,16121199136,16224,0,16224,myelin-exec:__myl_MovResMulMea,648714,648714,3,0,3111,2951,:2922:2948:2951:3111,------myelin-exec:__myl_MovResMulMea
16121200576,16121214848,14272,0,14272,myelin-exec:__myl_AddSqrDivMulMulResSliSliNegConMulMulAddConResRepResTra,648714,648714,3,0,3112,2951,:2922:2948:2951:3112,------myelin-exec:__myl_AddSqrDivMulMulResSliSliNegConMulMulAddConResRepResTra
16121216320,16121227360,11040,0,11040,myelin-exec:__myl_MovResMulMea,648714,648714,3,0,3113,2951,:2922:2948:2951:3113,------myelin-exec:__myl_MovResMulMea
16121228736,16121240064,11328,0,11328,myelin-exec:__myl_AddSqrDivMulMulResSliSliNegConMulMulAdd,648714,648714,3,0,3114,2951,:2922:2948:2951:3114,------myelin-exec:__myl_AddSqrDivMulMulResSliSliNegConMulMulAdd
16121241088,16121289824,48736,0,48736,myelin-exec:/MatMul_20,648714,648714,3,0,3115,2951,:2922:2948:2951:3115,------myelin-exec:/MatMul_20
16121291872,16121307712,15840,0,15840,myelin-exec:__myl_MulMaxSubExpSumDivMul,648714,648714,3,0,3116,2951,:2922:2948:2951:3116,------myelin-exec:__myl_MulMaxSubExpSumDivMul
16121309408,16121358400,48992,0,48992,myelin-exec:/MatMul_21,648714,648714,3,0,3117,2951,:2922:2948:2951:3117,------myelin-exec:/MatMul_21
16121360576,16121408416,47840,0,47840,myelin-exec:/o_proj_10/MatMul,648714,648714,3,0,3118,2951,:2922:2948:2951:3118,------myelin-exec:/o_proj_10/MatMul
16121410080,16121428224,18144,0,18144,myelin-exec:__myl_AddMulMeaAddSqrDivMulMul,648714,648714,3,0,3119,2951,:2922:2948:2951:3119,------myelin-exec:__myl_AddMulMeaAddSqrDivMulMul
16121429824,16121477664,47840,0,47840,myelin-exec:/up_proj_10/MatMul,648714,648714,3,0,3120,2951,:2922:2948:2951:3120,------myelin-exec:/up_proj_10/MatMul
16121479488,16121628608,149120,0,149120,myelin-exec:__myl_FcNegExpAddDivMulMul,648714,648714,3,0,3121,2951,:2922:2948:2951:3121,------myelin-exec:__myl_FcNegExpAddDivMulMul
16121630816,16121773760,142944,0,142944,myelin-exec:__myl_FcAdd,648714,648714,3,0,3122,2951,:2922:2948:2951:3122,------myelin-exec:__myl_FcAdd
16121775584,16121792736,17152,0,17152,myelin-exec:__myl_MulMeaAddSqrDivMulMul,648714,648714,3,0,3123,2951,:2922:2948:2951:3123,------myelin-exec:__myl_MulMeaAddSqrDivMulMul
16121794432,16121845376,50944,0,50944,myelin-exec:/v_proj_11/MatMul+/k_proj_11/MatMul+/q_proj_11/MatMul,648714,648714,3,0,3124,2951,:2922:2948:2951:3124,------myelin-exec:/v_proj_11/MatMul+/k_proj_11/MatMul+/q_proj_11/MatMul
16121847136,16121866912,19776,0,19776,myelin-exec:__myl_MovResConResRep,648714,648714,3,0,3125,2951,:2922:2948:2951:3125,------myelin-exec:__myl_MovResConResRep
16121868512,16121882400,13888,0,13888,myelin-exec:__myl_MovResMulMea,648714,648714,3,0,3126,2951,:2922:2948:2951:3126,------myelin-exec:__myl_MovResMulMea
16121883776,16121897184,13408,0,13408,myelin-exec:__myl_AddSqrDivMulMulResSliSliNegConMulMulAddConResRepResTra,648714,648714,3,0,3127,2951,:2922:2948:2951:3127,------myelin-exec:__myl_AddSqrDivMulMulResSliSliNegConMulMulAddConResRepResTra
16121898336,16121908704,10368,0,10368,myelin-exec:__myl_MovResMulMea,648714,648714,3,0,3128,2951,:2922:2948:2951:3128,------myelin-exec:__myl_MovResMulMea
16121910272,16121920672,10400,0,10400,myelin-exec:__myl_AddSqrDivMulMulResSliSliNegConMulMulAdd,648714,648714,3,0,3129,2951,:2922:2948:2951:3129,------myelin-exec:__myl_AddSqrDivMulMulResSliSliNegConMulMulAdd
16121922112,16121964160,42048,0,42048,myelin-exec:/MatMul_22,648714,648714,3,0,3130,2951,:2922:2948:2951:3130,------myelin-exec:/MatMul_22
16121965984,16121979328,13344,0,13344,myelin-exec:__myl_MulMaxSubExpSumDivMul,648714,648714,3,0,3131,2951,:2922:2948:2951:3131,------myelin-exec:__myl_MulMaxSubExpSumDivMul
16121980704,16122029952,49248,0,49248,myelin-exec:/MatMul_23,648714,648714,3,0,3132,2951,:2922:2948:2951:3132,------myelin-exec:/MatMul_23
16122031680,16122076576,44896,0,44896,myelin-exec:/o_proj_11/MatMul,648714,648714,3,0,3133,2951,:2922:2948:2951:3133,------myelin-exec:/o_proj_11/MatMul
16122078208,16122092064,13856,0,13856,myelin-exec:__myl_AddMulMeaAddSqrDivMulMul,648714,648714,3,0,3134,2951,:2922:2948:2951:3134,------myelin-exec:__myl_AddMulMeaAddSqrDivMulMul
16122093760,16122138112,44352,0,44352,myelin-exec:/up_proj_11/MatMul,648714,648714,3,0,3135,2951,:2922:2948:2951:3135,------myelin-exec:/up_proj_11/MatMul
16122140608,16122285920,145312,0,145312,myelin-exec:__myl_FcNegExpAddDivMulMul,648714,648714,3,0,3136,2951,:2922:2948:2951:3136,------myelin-exec:__myl_FcNegExpAddDivMulMul
16122288000,16122426624,138624,0,138624,myelin-exec:__myl_FcAdd,648714,648714,3,0,3137,2951,:2922:2948:2951:3137,------myelin-exec:__myl_FcAdd
16122428800,16122444352,15552,0,15552,myelin-exec:__myl_MulMeaAddSqrDivMulMul,648714,648714,3,0,3138,2951,:2922:2948:2951:3138,------myelin-exec:__myl_MulMeaAddSqrDivMulMul
16122446176,16122497088,50912,0,50912,myelin-exec:/v_proj_12/MatMul+/k_proj_12/MatMul+/q_proj_12/MatMul,648714,648714,3,0,3139,2951,:2922:2948:2951:3139,------myelin-exec:/v_proj_12/MatMul+/k_proj_12/MatMul+/q_proj_12/MatMul
16122498944,16122519456,20512,0,20512,myelin-exec:__myl_MovResConResRep,648714,648714,3,0,3140,2951,:2922:2948:2951:3140,------myelin-exec:__myl_MovResConResRep
16122520768,16122535552,14784,0,14784,myelin-exec:__myl_MovResMulMea,648714,648714,3,0,3141,2951,:2922:2948:2951:3141,------myelin-exec:__myl_MovResMulMea
16122536800,16122550272,13472,0,13472,myelin-exec:__myl_AddSqrDivMulMulResSliSliNegConMulMulAddConResRepResTra,648714,648714,3,0,3142,2951,:2922:2948:2951:3142,------myelin-exec:__myl_AddSqrDivMulMulResSliSliNegConMulMulAddConResRepResTra
16122551872,16122562528,10656,0,10656,myelin-exec:__myl_MovResMulMea,648714,648714,3,0,3143,2951,:2922:2948:2951:3143,------myelin-exec:__myl_MovResMulMea
16122563488,16122574176,10688,0,10688,myelin-exec:__myl_AddSqrDivMulMulResSliSliNegConMulMulAdd,648714,648714,3,0,3144,2951,:2922:2948:2951:3144,------myelin-exec:__myl_AddSqrDivMulMulResSliSliNegConMulMulAdd
16122575264,16122619168,43904,0,43904,myelin-exec:/MatMul_24,648714,648714,3,0,3145,2951,:2922:2948:2951:3145,------myelin-exec:/MatMul_24
16122620896,16122639008,18112,0,18112,myelin-exec:__myl_MulMaxSubExpSumDivMul,648714,648714,3,0,3146,2951,:2922:2948:2951:3146,------myelin-exec:__myl_MulMaxSubExpSumDivMul
16122640736,16122684352,43616,0,43616,myelin-exec:/MatMul_25,648714,648714,3,0,3147,2951,:2922:2948:2951:3147,------myelin-exec:/MatMul_25
16122686304,16122727456,41152,0,41152,myelin-exec:/o_proj_12/MatMul,648714,648714,3,0,3148,2951,:2922:2948:2951:3148,------myelin-exec:/o_proj_12/MatMul
16122729248,16122744992,15744,0,15744,myelin-exec:__myl_AddMulMeaAddSqrDivMulMul,648714,648714,3,0,3149,2951,:2922:2948:2951:3149,------myelin-exec:__myl_AddMulMeaAddSqrDivMulMul
16122746400,16122786592,40192,0,40192,myelin-exec:/up_proj_12/MatMul,648714,648714,3,0,3150,2951,:2922:2948:2951:3150,------myelin-exec:/up_proj_12/MatMul
16122788352,16122932608,144256,0,144256,myelin-exec:__myl_FcNegExpAddDivMulMul,648714,648714,3,0,3151,2951,:2922:2948:2951:3151,------myelin-exec:__myl_FcNegExpAddDivMulMul
16122934496,16123064960,130464,0,130464,myelin-exec:__myl_FcAdd,648714,648714,3,0,3152,2951,:2922:2948:2951:3152,------myelin-exec:__myl_FcAdd
16123066944,16123082592,15648,0,15648,myelin-exec:__myl_MulMeaAddSqrDivMulMul,648714,648714,3,0,3153,2951,:2922:2948:2951:3153,------myelin-exec:__myl_MulMeaAddSqrDivMulMul
16123084160,16123129120,44960,0,44960,myelin-exec:/v_proj_13/MatMul+/k_proj_13/MatMul+/q_proj_13/MatMul,648714,648714,3,0,3154,2951,:2922:2948:2951:3154,------myelin-exec:/v_proj_13/MatMul+/k_proj_13/MatMul+/q_proj_13/MatMul
16123130496,16123146336,15840,0,15840,myelin-exec:__myl_MovResConResRep,648714,648714,3,0,3155,2951,:2922:2948:2951:3155,------myelin-exec:__myl_MovResConResRep
16123148000,16123160864,12864,0,12864,myelin-exec:__myl_MovResMulMea,648714,648714,3,0,3156,2951,:2922:2948:2951:3156,------myelin-exec:__myl_MovResMulMea
16123161984,16123176096,14112,0,14112,myelin-exec:__myl_AddSqrDivMulMulResSliSliNegConMulMulAddConResRepResTra,648714,648714,3,0,3157,2951,:2922:2948:2951:3157,------myelin-exec:__myl_AddSqrDivMulMulResSliSliNegConMulMulAddConResRepResTra
16123177664,16123187808,10144,0,10144,myelin-exec:__myl_MovResMulMea,648714,648714,3,0,3158,2951,:2922:2948:2951:3158,------myelin-exec:__myl_MovResMulMea
16123189184,16123199328,10144,0,10144,myelin-exec:__myl_AddSqrDivMulMulResSliSliNegConMulMulAdd,648714,648714,3,0,3159,2951,:2922:2948:2951:3159,------myelin-exec:__myl_AddSqrDivMulMulResSliSliNegConMulMulAdd
16123200480,16123237184,36704,0,36704,myelin-exec:/MatMul_26,648714,648714,3,0,3160,2951,:2922:2948:2951:3160,------myelin-exec:/MatMul_26
16123238880,16123253216,14336,0,14336,myelin-exec:__myl_MulMaxSubExpSumDivMul,648714,648714,3,0,3161,2951,:2922:2948:2951:3161,------myelin-exec:__myl_MulMaxSubExpSumDivMul
16123254848,16123292864,38016,0,38016,myelin-exec:/MatMul_27,648714,648714,3,0,3162,2951,:2922:2948:2951:3162,------myelin-exec:/MatMul_27
16123294816,16123332960,38144,0,38144,myelin-exec:/o_proj_13/MatMul,648714,648714,3,0,3163,2951,:2922:2948:2951:3163,------myelin-exec:/o_proj_13/MatMul
16123334912,16123351616,16704,0,16704,myelin-exec:__myl_AddMulMeaAddSqrDivMulMul,648714,648714,3,0,3164,2951,:2922:2948:2951:3164,------myelin-exec:__myl_AddMulMeaAddSqrDivMulMul
16123353024,16123395968,42944,0,42944,myelin-exec:/up_proj_13/MatMul,648714,648714,3,0,3165,2951,:2922:2948:2951:3165,------myelin-exec:/up_proj_13/MatMul
16123397984,16123540576,142592,0,142592,myelin-exec:__myl_FcNegExpAddDivMulMul,648714,648714,3,0,3166,2951,:2922:2948:2951:3166,------myelin-exec:__myl_FcNegExpAddDivMulMul
16123542816,16123676928,134112,0,134112,myelin-exec:__myl_FcAdd,648714,648714,3,0,3167,2951,:2922:2948:2951:3167,------myelin-exec:__myl_FcAdd
16123678528,16123695424,16896,0,16896,myelin-exec:__myl_MulMeaAddSqrDivMulMul,648714,648714,3,0,3168,2951,:2922:2948:2951:3168,------myelin-exec:__myl_MulMeaAddSqrDivMulMul
16123696832,16123744224,47392,0,47392,myelin-exec:/v_proj_14/MatMul+/k_proj_14/MatMul+/q_proj_14/MatMul,648714,648714,3,0,3169,2951,:2922:2948:2951:3169,------myelin-exec:/v_proj_14/MatMul+/k_proj_14/MatMul+/q_proj_14/MatMul
16123745856,16123765248,19392,0,19392,myelin-exec:__myl_MovResConResRep,648714,648714,3,0,3170,2951,:2922:2948:2951:3170,------myelin-exec:__myl_MovResConResRep
16123767008,16123780672,13664,0,13664,myelin-exec:__myl_MovResMulMea,648714,648714,3,0,3171,2951,:2922:2948:2951:3171,------myelin-exec:__myl_MovResMulMea
16123781824,16123797504,15680,0,15680,myelin-exec:__myl_AddSqrDivMulMulResSliSliNegConMulMulAddConResRepResTra,648714,648714,3,0,3172,2951,:2922:2948:2951:3172,------myelin-exec:__myl_AddSqrDivMulMulResSliSliNegConMulMulAddConResRepResTra
16123798752,16123809952,11200,0,11200,myelin-exec:__myl_MovResMulMea,648714,648714,3,0,3173,2951,:2922:2948:2951:3173,------myelin-exec:__myl_MovResMulMea
16123811200,16123822240,11040,0,11040,myelin-exec:__myl_AddSqrDivMulMulResSliSliNegConMulMulAdd,648714,648714,3,0,3174,2951,:2922:2948:2951:3174,------myelin-exec:__myl_AddSqrDivMulMulResSliSliNegConMulMulAdd
16123823776,16123859104,35328,0,35328,myelin-exec:/MatMul_28,648714,648714,3,0,3175,2951,:2922:2948:2951:3175,------myelin-exec:/MatMul_28
16123860448,16123873056,12608,0,12608,myelin-exec:__myl_MulMaxSubExpSumDivMul,648714,648714,3,0,3176,2951,:2922:2948:2951:3176,------myelin-exec:__myl_MulMaxSubExpSumDivMul
16123874784,16123910912,36128,0,36128,myelin-exec:/MatMul_29,648714,648714,3,0,3177,2951,:2922:2948:2951:3177,------myelin-exec:/MatMul_29
16123912480,16123954592,42112,0,42112,myelin-exec:/o_proj_14/MatMul,648714,648714,3,0,3178,2951,:2922:2948:2951:3178,------myelin-exec:/o_proj_14/MatMul
16123956192,16123974784,18592,0,18592,myelin-exec:__myl_AddMulMeaAddSqrDivMulMul,648714,648714,3,0,3179,2951,:2922:2948:2951:3179,------myelin-exec:__myl_AddMulMeaAddSqrDivMulMul
16123976224,16124017728,41504,0,41504,myelin-exec:/up_proj_14/MatMul,648714,648714,3,0,3180,2951,:2922:2948:2951:3180,------myelin-exec:/up_proj_14/MatMul
16124019264,16124163200,143936,0,143936,myelin-exec:__myl_FcNegExpAddDivMulMul,648714,648714,3,0,3181,2951,:2922:2948:2951:3181,------myelin-exec:__myl_FcNegExpAddDivMulMul
16124165216,16124299552,134336,0,134336,myelin-exec:__myl_FcAdd,648714,648714,3,0,3182,2951,:2922:2948:2951:3182,------myelin-exec:__myl_FcAdd
16124301568,16124318112,16544,0,16544,myelin-exec:__myl_MulMeaAddSqrDivMulMul,648714,648714,3,0,3183,2951,:2922:2948:2951:3183,------myelin-exec:__myl_MulMeaAddSqrDivMulMul
16124319744,16124366528,46784,0,46784,myelin-exec:/v_proj_15/MatMul+/k_proj_15/MatMul+/q_proj_15/MatMul,648714,648714,3,0,3184,2951,:2922:2948:2951:3184,------myelin-exec:/v_proj_15/MatMul+/k_proj_15/MatMul+/q_proj_15/MatMul
16124367776,16124386528,18752,0,18752,myelin-exec:__myl_MovResConResRep,648714,648714,3,0,3185,2951,:2922:2948:2951:3185,------myelin-exec:__myl_MovResConResRep
16124388000,16124400992,12992,0,12992,myelin-exec:__myl_MovResMulMea,648714,648714,3,0,3186,2951,:2922:2948:2951:3186,------myelin-exec:__myl_MovResMulMea
16124402752,16124417152,14400,0,14400,myelin-exec:__myl_AddSqrDivMulMulResSliSliNegConMulMulAddConResRepResTra,648714,648714,3,0,3187,2951,:2922:2948:2951:3187,------myelin-exec:__myl_AddSqrDivMulMulResSliSliNegConMulMulAddConResRepResTra
16124418496,16124429792,11296,0,11296,myelin-exec:__myl_MovResMulMea,648714,648714,3,0,3188,2951,:2922:2948:2951:3188,------myelin-exec:__myl_MovResMulMea
16124431072,16124441472,10400,0,10400,myelin-exec:__myl_AddSqrDivMulMulResSliSliNegConMulMulAdd,648714,648714,3,0,3189,2951,:2922:2948:2951:3189,------myelin-exec:__myl_AddSqrDivMulMulResSliSliNegConMulMulAdd
16124442784,16124488480,45696,0,45696,myelin-exec:/MatMul_30,648714,648714,3,0,3190,2951,:2922:2948:2951:3190,------myelin-exec:/MatMul_30
16124490144,16124507488,17344,0,17344,myelin-exec:__myl_MulMaxSubExpSumDivMul,648714,648714,3,0,3191,2951,:2922:2948:2951:3191,------myelin-exec:__myl_MulMaxSubExpSumDivMul
16124509024,16124553440,44416,0,44416,myelin-exec:/MatMul_31,648714,648714,3,0,3192,2951,:2922:2948:2951:3192,------myelin-exec:/MatMul_31
16124555168,16124596320,41152,0,41152,myelin-exec:/o_proj_15/MatMul,648714,648714,3,0,3193,2951,:2922:2948:2951:3193,------myelin-exec:/o_proj_15/MatMul
16124598080,16124614496,16416,0,16416,myelin-exec:__myl_AddMulMeaAddSqrDivMulMul,648714,648714,3,0,3194,2951,:2922:2948:2951:3194,------myelin-exec:__myl_AddMulMeaAddSqrDivMulMul
16124616000,16124652704,36704,0,36704,myelin-exec:/up_proj_15/MatMul,648714,648714,3,0,3195,2951,:2922:2948:2951:3195,------myelin-exec:/up_proj_15/MatMul
16124654944,16124800480,145536,0,145536,myelin-exec:__myl_FcNegExpAddDivMulMul,648714,648714,3,0,3196,2951,:2922:2948:2951:3196,------myelin-exec:__myl_FcNegExpAddDivMulMul
16124802848,16124982144,179296,0,179296,myelin-exec:__myl_FcAdd,648714,648714,3,0,3197,2951,:2922:2948:2951:3197,------myelin-exec:__myl_FcAdd
16124984448,16125003648,19200,0,19200,myelin-exec:__myl_MulMeaAddSqrDivMulMul,648714,648714,3,0,3198,2951,:2922:2948:2951:3198,------myelin-exec:__myl_MulMeaAddSqrDivMulMul
16125005600,16125054592,48992,0,48992,myelin-exec:/v_proj_16/MatMul+/k_proj_16/MatMul+/q_proj_16/MatMul,648714,648714,3,0,3199,2951,:2922:2948:2951:3199,------myelin-exec:/v_proj_16/MatMul+/k_proj_16/MatMul+/q_proj_16/MatMul
16125056320,16125074368,18048,0,18048,myelin-exec:__myl_MovResConResRep,648714,648714,3,0,3200,2951,:2922:2948:2951:3200,------myelin-exec:__myl_MovResConResRep
16125076160,16125090816,14656,0,14656,myelin-exec:__myl_MovResMulMea,648714,648714,3,0,3201,2951,:2922:2948:2951:3201,------myelin-exec:__myl_MovResMulMea
16125092352,16125106944,14592,0,14592,myelin-exec:__myl_AddSqrDivMulMulResSliSliNegConMulMulAddConResRepResTra,648714,648714,3,0,3202,2951,:2922:2948:2951:3202,------myelin-exec:__myl_AddSqrDivMulMulResSliSliNegConMulMulAddConResRepResTra
16125108576,16125119168,10592,0,10592,myelin-exec:__myl_MovResMulMea,648714,648714,3,0,3203,2951,:2922:2948:2951:3203,------myelin-exec:__myl_MovResMulMea
16125120768,16125131520,10752,0,10752,myelin-exec:__myl_AddSqrDivMulMulResSliSliNegConMulMulAdd,648714,648714,3,0,3204,2951,:2922:2948:2951:3204,------myelin-exec:__myl_AddSqrDivMulMulResSliSliNegConMulMulAdd
16125132576,16125170368,37792,0,37792,myelin-exec:/MatMul_32,648714,648714,3,0,3205,2951,:2922:2948:2951:3205,------myelin-exec:/MatMul_32
16125172032,16125185536,13504,0,13504,myelin-exec:__myl_MulMaxSubExpSumDivMul,648714,648714,3,0,3206,2951,:2922:2948:2951:3206,------myelin-exec:__myl_MulMaxSubExpSumDivMul
16125187264,16125225056,37792,0,37792,myelin-exec:/MatMul_33,648714,648714,3,0,3207,2951,:2922:2948:2951:3207,------myelin-exec:/MatMul_33
16125226784,16125267904,41120,0,41120,myelin-exec:/o_proj_16/MatMul,648714,648714,3,0,3208,2951,:2922:2948:2951:3208,------myelin-exec:/o_proj_16/MatMul
16125269952,16125287776,17824,0,17824,myelin-exec:__myl_AddMulMeaAddSqrDivMulMul,648714,648714,3,0,3209,2951,:2922:2948:2951:3209,------myelin-exec:__myl_AddMulMeaAddSqrDivMulMul
16125289120,16125329504,40384,0,40384,myelin-exec:/up_proj_16/MatMul,648714,648714,3,0,3210,2951,:2922:2948:2951:3210,------myelin-exec:/up_proj_16/MatMul
16125331616,16125482528,150912,0,150912,myelin-exec:__myl_FcNegExpAddDivMulMul,648714,648714,3,0,3211,2951,:2922:2948:2951:3211,------myelin-exec:__myl_FcNegExpAddDivMulMul
16125484640,16125619904,135264,0,135264,myelin-exec:__myl_FcAdd,648714,648714,3,0,3212,2951,:2922:2948:2951:3212,------myelin-exec:__myl_FcAdd
16125622016,16125636768,14752,0,14752,myelin-exec:__myl_MulMeaAddSqrDivMulMul,648714,648714,3,0,3213,2951,:2922:2948:2951:3213,------myelin-exec:__myl_MulMeaAddSqrDivMulMul
16125638400,16125690048,51648,0,51648,myelin-exec:/v_proj_17/MatMul+/k_proj_17/MatMul+/q_proj_17/MatMul,648714,648714,3,0,3214,2951,:2922:2948:2951:3214,------myelin-exec:/v_proj_17/MatMul+/k_proj_17/MatMul+/q_proj_17/MatMul
16125691808,16125711648,19840,0,19840,myelin-exec:__myl_MovResConResRep,648714,648714,3,0,3215,2951,:2922:2948:2951:3215,------myelin-exec:__myl_MovResConResRep
16125712736,16125726784,14048,0,14048,myelin-exec:__myl_MovResMulMea,648714,648714,3,0,3216,2951,:2922:2948:2951:3216,------myelin-exec:__myl_MovResMulMea
16125728192,16125742464,14272,0,14272,myelin-exec:__myl_AddSqrDivMulMulResSliSliNegConMulMulAddConResRepResTra,648714,648714,3,0,3217,2951,:2922:2948:2951:3217,------myelin-exec:__myl_AddSqrDivMulMulResSliSliNegConMulMulAddConResRepResTra
16125743776,16125755232,11456,0,11456,myelin-exec:__myl_MovResMulMea,648714,648714,3,0,3218,2951,:2922:2948:2951:3218,------myelin-exec:__myl_MovResMulMea
16125756544,16125767616,11072,0,11072,myelin-exec:__myl_AddSqrDivMulMulResSliSliNegConMulMulAdd,648714,648714,3,0,3219,2951,:2922:2948:2951:3219,------myelin-exec:__myl_AddSqrDivMulMulResSliSliNegConMulMulAdd
16125768736,16125815968,47232,0,47232,myelin-exec:/MatMul_34,648714,648714,3,0,3220,2951,:2922:2948:2951:3220,------myelin-exec:/MatMul_34
16125817760,16125835104,17344,0,17344,myelin-exec:__myl_MulMaxSubExpSumDivMul,648714,648714,3,0,3221,2951,:2922:2948:2951:3221,------myelin-exec:__myl_MulMaxSubExpSumDivMul
16125836928,16125880064,43136,0,43136,myelin-exec:/MatMul_35,648714,648714,3,0,3222,2951,:2922:2948:2951:3222,------myelin-exec:/MatMul_35
16125882368,16125929408,47040,0,47040,myelin-exec:/o_proj_17/MatMul,648714,648714,3,0,3223,2951,:2922:2948:2951:3223,------myelin-exec:/o_proj_17/MatMul
16125931264,16125952032,20768,0,20768,myelin-exec:__myl_AddMulMeaAddSqrDivMulMul,648714,648714,3,0,3224,2951,:2922:2948:2951:3224,------myelin-exec:__myl_AddMulMeaAddSqrDivMulMul
16125953728,16125995232,41504,0,41504,myelin-exec:/up_proj_17/MatMul,648714,648714,3,0,3225,2951,:2922:2948:2951:3225,------myelin-exec:/up_proj_17/MatMul
16125997088,16126147776,150688,0,150688,myelin-exec:__myl_FcNegExpAddDivMulMul,648714,648714,3,0,3226,2951,:2922:2948:2951:3226,------myelin-exec:__myl_FcNegExpAddDivMulMul
16126150144,16126289472,139328,0,139328,myelin-exec:__myl_FcAdd,648714,648714,3,0,3227,2951,:2922:2948:2951:3227,------myelin-exec:__myl_FcAdd
16126291424,16126308992,17568,0,17568,myelin-exec:__myl_MulMeaAddSqrDivMulMul,648714,648714,3,0,3228,2951,:2922:2948:2951:3228,------myelin-exec:__myl_MulMeaAddSqrDivMulMul
16126310592,16126361408,50816,0,50816,myelin-exec:/v_proj_18/MatMul+/k_proj_18/MatMul+/q_proj_18/MatMul,648714,648714,3,0,3229,2951,:2922:2948:2951:3229,------myelin-exec:/v_proj_18/MatMul+/k_proj_18/MatMul+/q_proj_18/MatMul
16126362912,16126380064,17152,0,17152,myelin-exec:__myl_MovResConResRep,648714,648714,3,0,3230,2951,:2922:2948:2951:3230,------myelin-exec:__myl_MovResConResRep
16126381312,16126394112,12800,0,12800,myelin-exec:__myl_MovResMulMea,648714,648714,3,0,3231,2951,:2922:2948:2951:3231,------myelin-exec:__myl_MovResMulMea
16126395168,16126408768,13600,0,13600,myelin-exec:__myl_AddSqrDivMulMulResSliSliNegConMulMulAddConResRepResTra,648714,648714,3,0,3232,2951,:2922:2948:2951:3232,------myelin-exec:__myl_AddSqrDivMulMulResSliSliNegConMulMulAddConResRepResTra
16126409984,16126420672,10688,0,10688,myelin-exec:__myl_MovResMulMea,648714,648714,3,0,3233,2951,:2922:2948:2951:3233,------myelin-exec:__myl_MovResMulMea
16126421952,16126432544,10592,0,10592,myelin-exec:__myl_AddSqrDivMulMulResSliSliNegConMulMulAdd,648714,648714,3,0,3234,2951,:2922:2948:2951:3234,------myelin-exec:__myl_AddSqrDivMulMulResSliSliNegConMulMulAdd
16126433952,16126473024,39072,0,39072,myelin-exec:/MatMul_36,648714,648714,3,0,3235,2951,:2922:2948:2951:3235,------myelin-exec:/MatMul_36
16126474656,16126489856,15200,0,15200,myelin-exec:__myl_MulMaxSubExpSumDivMul,648714,648714,3,0,3236,2951,:2922:2948:2951:3236,------myelin-exec:__myl_MulMaxSubExpSumDivMul
16126491072,16126532544,41472,0,41472,myelin-exec:/MatMul_37,648714,648714,3,0,3237,2951,:2922:2948:2951:3237,------myelin-exec:/MatMul_37
16126534336,16126577632,43296,0,43296,myelin-exec:/o_proj_18/MatMul,648714,648714,3,0,3238,2951,:2922:2948:2951:3238,------myelin-exec:/o_proj_18/MatMul
16126579616,16126596320,16704,0,16704,myelin-exec:__myl_AddMulMeaAddSqrDivMulMul,648714,648714,3,0,3239,2951,:2922:2948:2951:3239,------myelin-exec:__myl_AddMulMeaAddSqrDivMulMul
16126597792,16126637536,39744,0,39744,myelin-exec:/up_proj_18/MatMul,648714,648714,3,0,3240,2951,:2922:2948:2951:3240,------myelin-exec:/up_proj_18/MatMul
16126639584,16126794112,154528,0,154528,myelin-exec:__myl_FcNegExpAddDivMulMul,648714,648714,3,0,3241,2951,:2922:2948:2951:3241,------myelin-exec:__myl_FcNegExpAddDivMulMul
16126796224,16126930848,134624,0,134624,myelin-exec:__myl_FcAdd,648714,648714,3,0,3242,2951,:2922:2948:2951:3242,------myelin-exec:__myl_FcAdd
16126932704,16126948320,15616,0,15616,myelin-exec:__myl_MulMeaAddSqrDivMulMul,648714,648714,3,0,3243,2951,:2922:2948:2951:3243,------myelin-exec:__myl_MulMeaAddSqrDivMulMul
16126950048,16126998720,48672,0,48672,myelin-exec:/v_proj_19/MatMul+/k_proj_19/MatMul+/q_proj_19/MatMul,648714,648714,3,0,3244,2951,:2922:2948:2951:3244,------myelin-exec:/v_proj_19/MatMul+/k_proj_19/MatMul+/q_proj_19/MatMul
16127000288,16127019968,19680,0,19680,myelin-exec:__myl_MovResConResRep,648714,648714,3,0,3245,2951,:2922:2948:2951:3245,------myelin-exec:__myl_MovResConResRep
16127021152,16127035040,13888,0,13888,myelin-exec:__myl_MovResMulMea,648714,648714,3,0,3246,2951,:2922:2948:2951:3246,------myelin-exec:__myl_MovResMulMea
16127036512,16127051008,14496,0,14496,myelin-exec:__myl_AddSqrDivMulMulResSliSliNegConMulMulAddConResRepResTra,648714,648714,3,0,3247,2951,:2922:2948:2951:3247,------myelin-exec:__myl_AddSqrDivMulMulResSliSliNegConMulMulAddConResRepResTra
16127052256,16127063616,11360,0,11360,myelin-exec:__myl_MovResMulMea,648714,648714,3,0,3248,2951,:2922:2948:2951:3248,------myelin-exec:__myl_MovResMulMea
16127064896,16127075616,10720,0,10720,myelin-exec:__myl_AddSqrDivMulMulResSliSliNegConMulMulAdd,648714,648714,3,0,3249,2951,:2922:2948:2951:3249,------myelin-exec:__myl_AddSqrDivMulMulResSliSliNegConMulMulAdd
16127076832,16127115648,38816,0,38816,myelin-exec:/MatMul_38,648714,648714,3,0,3250,2951,:2922:2948:2951:3250,------myelin-exec:/MatMul_38
16127117120,16127133024,15904,0,15904,myelin-exec:__myl_MulMaxSubExpSumDivMul,648714,648714,3,0,3251,2951,:2922:2948:2951:3251,------myelin-exec:__myl_MulMaxSubExpSumDivMul
16127134528,16127174240,39712,0,39712,myelin-exec:/MatMul_39,648714,648714,3,0,3252,2951,:2922:2948:2951:3252,------myelin-exec:/MatMul_39
16127175680,16127214080,38400,0,38400,myelin-exec:/o_proj_19/MatMul,648714,648714,3,0,3253,2951,:2922:2948:2951:3253,------myelin-exec:/o_proj_19/MatMul
16127216160,16127231648,15488,0,15488,myelin-exec:__myl_AddMulMeaAddSqrDivMulMul,648714,648714,3,0,3254,2951,:2922:2948:2951:3254,------myelin-exec:__myl_AddMulMeaAddSqrDivMulMul
16127233408,16127274304,40896,0,40896,myelin-exec:/up_proj_19/MatMul,648714,648714,3,0,3255,2951,:2922:2948:2951:3255,------myelin-exec:/up_proj_19/MatMul
16127276160,16127423648,147488,0,147488,myelin-exec:__myl_FcNegExpAddDivMulMul,648714,648714,3,0,3256,2951,:2922:2948:2951:3256,------myelin-exec:__myl_FcNegExpAddDivMulMul
16127425696,16127566720,141024,0,141024,myelin-exec:__myl_FcAdd,648714,648714,3,0,3257,2951,:2922:2948:2951:3257,------myelin-exec:__myl_FcAdd
16127568896,16127586528,17632,0,17632,myelin-exec:__myl_MulMeaAddSqrDivMulMul,648714,648714,3,0,3258,2951,:2922:2948:2951:3258,------myelin-exec:__myl_MulMeaAddSqrDivMulMul
16127588096,16127641120,53024,0,53024,myelin-exec:/v_proj_20/MatMul+/k_proj_20/MatMul+/q_proj_20/MatMul,648714,648714,3,0,3259,2951,:2922:2948:2951:3259,------myelin-exec:/v_proj_20/MatMul+/k_proj_20/MatMul+/q_proj_20/MatMul
16127642848,16127662240,19392,0,19392,myelin-exec:__myl_MovResConResRep,648714,648714,3,0,3260,2951,:2922:2948:2951:3260,------myelin-exec:__myl_MovResConResRep
16127663744,16127677088,13344,0,13344,myelin-exec:__myl_MovResMulMea,648714,648714,3,0,3261,2951,:2922:2948:2951:3261,------myelin-exec:__myl_MovResMulMea
16127678240,16127692000,13760,0,13760,myelin-exec:__myl_AddSqrDivMulMulResSliSliNegConMulMulAddConResRepResTra,648714,648714,3,0,3262,2951,:2922:2948:2951:3262,------myelin-exec:__myl_AddSqrDivMulMulResSliSliNegConMulMulAddConResRepResTra
16127693408,16127704192,10784,0,10784,myelin-exec:__myl_MovResMulMea,648714,648714,3,0,3263,2951,:2922:2948:2951:3263,------myelin-exec:__myl_MovResMulMea
16127704896,16127715776,10880,0,10880,myelin-exec:__myl_AddSqrDivMulMulResSliSliNegConMulMulAdd,648714,648714,3,0,3264,2951,:2922:2948:2951:3264,------myelin-exec:__myl_AddSqrDivMulMulResSliSliNegConMulMulAdd
16127716640,16127754528,37888,0,37888,myelin-exec:/MatMul_40,648714,648714,3,0,3265,2951,:2922:2948:2951:3265,------myelin-exec:/MatMul_40
16127756320,16127769504,13184,0,13184,myelin-exec:__myl_MulMaxSubExpSumDivMul,648714,648714,3,0,3266,2951,:2922:2948:2951:3266,------myelin-exec:__myl_MulMaxSubExpSumDivMul
16127770944,16127815456,44512,0,44512,myelin-exec:/MatMul_41,648714,648714,3,0,3267,2951,:2922:2948:2951:3267,------myelin-exec:/MatMul_41
16127816896,16127859584,42688,0,42688,myelin-exec:/o_proj_20/MatMul,648714,648714,3,0,3268,2951,:2922:2948:2951:3268,------myelin-exec:/o_proj_20/MatMul
16127861056,16127876224,15168,0,15168,myelin-exec:__myl_AddMulMeaAddSqrDivMulMul,648714,648714,3,0,3269,2951,:2922:2948:2951:3269,------myelin-exec:__myl_AddMulMeaAddSqrDivMulMul
16127877696,16127915328,37632,0,37632,myelin-exec:/up_proj_20/MatMul,648714,648714,3,0,3270,2951,:2922:2948:2951:3270,------myelin-exec:/up_proj_20/MatMul
16127916896,16128062208,145312,0,145312,myelin-exec:__myl_FcNegExpAddDivMulMul,648714,648714,3,0,3271,2951,:2922:2948:2951:3271,------myelin-exec:__myl_FcNegExpAddDivMulMul
16128064064,16128206272,142208,0,142208,myelin-exec:__myl_FcAdd,648714,648714,3,0,3272,2951,:2922:2948:2951:3272,------myelin-exec:__myl_FcAdd
16128208416,16128226464,18048,0,18048,myelin-exec:__myl_MulMeaAddSqrDivMulMul,648714,648714,3,0,3273,2951,:2922:2948:2951:3273,------myelin-exec:__myl_MulMeaAddSqrDivMulMul
16128228000,16128280160,52160,0,52160,myelin-exec:/v_proj_21/MatMul+/k_proj_21/MatMul+/q_proj_21/MatMul,648714,648714,3,0,3274,2951,:2922:2948:2951:3274,------myelin-exec:/v_proj_21/MatMul+/k_proj_21/MatMul+/q_proj_21/MatMul
16128282112,16128303008,20896,0,20896,myelin-exec:__myl_MovResConResRep,648714,648714,3,0,3275,2951,:2922:2948:2951:3275,------myelin-exec:__myl_MovResConResRep
16128304640,16128318432,13792,0,13792,myelin-exec:__myl_MovResMulMea,648714,648714,3,0,3276,2951,:2922:2948:2951:3276,------myelin-exec:__myl_MovResMulMea
16128319488,16128333856,14368,0,14368,myelin-exec:__myl_AddSqrDivMulMulResSliSliNegConMulMulAddConResRepResTra,648714,648714,3,0,3277,2951,:2922:2948:2951:3277,------myelin-exec:__myl_AddSqrDivMulMulResSliSliNegConMulMulAddConResRepResTra
16128335264,16128346816,11552,0,11552,myelin-exec:__myl_MovResMulMea,648714,648714,3,0,3278,2951,:2922:2948:2951:3278,------myelin-exec:__myl_MovResMulMea
16128348224,16128358912,10688,0,10688,myelin-exec:__myl_AddSqrDivMulMulResSliSliNegConMulMulAdd,648714,648714,3,0,3279,2951,:2922:2948:2951:3279,------myelin-exec:__myl_AddSqrDivMulMulResSliSliNegConMulMulAdd
16128359872,16128403392,43520,0,43520,myelin-exec:/MatMul_42,648714,648714,3,0,3280,2951,:2922:2948:2951:3280,------myelin-exec:/MatMul_42
16128405056,16128421408,16352,0,16352,myelin-exec:__myl_MulMaxSubExpSumDivMul,648714,648714,3,0,3281,2951,:2922:2948:2951:3281,------myelin-exec:__myl_MulMaxSubExpSumDivMul
16128422720,16128464672,41952,0,41952,myelin-exec:/MatMul_43,648714,648714,3,0,3282,2951,:2922:2948:2951:3282,------myelin-exec:/MatMul_43
16128466080,16128509664,43584,0,43584,myelin-exec:/o_proj_21/MatMul,648714,648714,3,0,3283,2951,:2922:2948:2951:3283,------myelin-exec:/o_proj_21/MatMul
16128511264,16128531296,20032,0,20032,myelin-exec:__myl_AddMulMeaAddSqrDivMulMul,648714,648714,3,0,3284,2951,:2922:2948:2951:3284,------myelin-exec:__myl_AddMulMeaAddSqrDivMulMul
16128532448,16128575808,43360,0,43360,myelin-exec:/up_proj_21/MatMul,648714,648714,3,0,3285,2951,:2922:2948:2951:3285,------myelin-exec:/up_proj_21/MatMul
16128577792,16128728544,150752,0,150752,myelin-exec:__myl_FcNegExpAddDivMulMul,648714,648714,3,0,3286,2951,:2922:2948:2951:3286,------myelin-exec:__myl_FcNegExpAddDivMulMul
16128730688,16128906560,175872,0,175872,myelin-exec:__myl_FcAdd,648714,648714,3,0,3287,2951,:2922:2948:2951:3287,------myelin-exec:__myl_FcAdd
16128908736,16128929024,20288,0,20288,myelin-exec:__myl_MulMeaAddSqrDivMulMul,648714,648714,3,0,3288,2951,:2922:2948:2951:3288,------myelin-exec:__myl_MulMeaAddSqrDivMulMul
16128930560,16128990528,59968,0,59968,myelin-exec:/v_proj_22/MatMul+/k_proj_22/MatMul+/q_proj_22/MatMul,648714,648714,3,0,3289,2951,:2922:2948:2951:3289,------myelin-exec:/v_proj_22/MatMul+/k_proj_22/MatMul+/q_proj_22/MatMul
16128992896,16129016768,23872,0,23872,myelin-exec:__myl_MovResConResRep,648714,648714,3,0,3290,2951,:2922:2948:2951:3290,------myelin-exec:__myl_MovResConResRep
16129018752,16129035104,16352,0,16352,myelin-exec:__myl_MovResMulMea,648714,648714,3,0,3291,2951,:2922:2948:2951:3291,------myelin-exec:__myl_MovResMulMea
16129036448,16129051744,15296,0,15296,myelin-exec:__myl_AddSqrDivMulMulResSliSliNegConMulMulAddConResRepResTra,648714,648714,3,0,3292,2951,:2922:2948:2951:3292,------myelin-exec:__myl_AddSqrDivMulMulResSliSliNegConMulMulAddConResRepResTra
16129053088,16129064128,11040,0,11040,myelin-exec:__myl_MovResMulMea,648714,648714,3,0,3293,2951,:2922:2948:2951:3293,------myelin-exec:__myl_MovResMulMea
16129065216,16129076704,11488,0,11488,myelin-exec:__myl_AddSqrDivMulMulResSliSliNegConMulMulAdd,648714,648714,3,0,3294,2951,:2922:2948:2951:3294,------myelin-exec:__myl_AddSqrDivMulMulResSliSliNegConMulMulAdd
16129077984,16129125216,47232,0,47232,myelin-exec:/MatMul_44,648714,648714,3,0,3295,2951,:2922:2948:2951:3295,------myelin-exec:/MatMul_44
16129127360,16129146560,19200,0,19200,myelin-exec:__myl_MulMaxSubExpSumDivMul,648714,648714,3,0,3296,2951,:2922:2948:2951:3296,------myelin-exec:__myl_MulMaxSubExpSumDivMul
16129148416,16129200960,52544,0,52544,myelin-exec:/MatMul_45,648714,648714,3,0,3297,2951,:2922:2948:2951:3297,------myelin-exec:/MatMul_45
16129202816,16129252512,49696,0,49696,myelin-exec:/o_proj_22/MatMul,648714,648714,3,0,3298,2951,:2922:2948:2951:3298,------myelin-exec:/o_proj_22/MatMul
16129254528,16129273024,18496,0,18496,myelin-exec:__myl_AddMulMeaAddSqrDivMulMul,648714,648714,3,0,3299,2951,:2922:2948:2951:3299,------myelin-exec:__myl_AddMulMeaAddSqrDivMulMul
16129274976,16129324320,49344,0,49344,myelin-exec:/up_proj_22/MatMul,648714,648714,3,0,3300,2951,:2922:2948:2951:3300,------myelin-exec:/up_proj_22/MatMul
16129326432,16129475008,148576,0,148576,myelin-exec:__myl_FcNegExpAddDivMulMul,648714,648714,3,0,3301,2951,:2922:2948:2951:3301,------myelin-exec:__myl_FcNegExpAddDivMulMul
16129477632,16129617216,139584,0,139584,myelin-exec:__myl_FcAdd,648714,648714,3,0,3302,2951,:2922:2948:2951:3302,------myelin-exec:__myl_FcAdd
16129619616,16129637632,18016,0,18016,myelin-exec:__myl_MulMeaAddSqrDivMulMul,648714,648714,3,0,3303,2951,:2922:2948:2951:3303,------myelin-exec:__myl_MulMeaAddSqrDivMulMul
16129639488,16129695360,55872,0,55872,myelin-exec:/v_proj_23/MatMul+/k_proj_23/MatMul+/q_proj_23/MatMul,648714,648714,3,0,3304,2951,:2922:2948:2951:3304,------myelin-exec:/v_proj_23/MatMul+/k_proj_23/MatMul+/q_proj_23/MatMul
16129696928,16129718400,21472,0,21472,myelin-exec:__myl_MovResConResRep,648714,648714,3,0,3305,2951,:2922:2948:2951:3305,------myelin-exec:__myl_MovResConResRep
16129719808,16129732704,12896,0,12896,myelin-exec:__myl_MovResMulMea,648714,648714,3,0,3306,2951,:2922:2948:2951:3306,------myelin-exec:__myl_MovResMulMea
16129734016,16129748576,14560,0,14560,myelin-exec:__myl_AddSqrDivMulMulResSliSliNegConMulMulAddConResRepResTra,648714,648714,3,0,3307,2951,:2922:2948:2951:3307,------myelin-exec:__myl_AddSqrDivMulMulResSliSliNegConMulMulAddConResRepResTra
16129750176,16129761568,11392,0,11392,myelin-exec:__myl_MovResMulMea,648714,648714,3,0,3308,2951,:2922:2948:2951:3308,------myelin-exec:__myl_MovResMulMea
16129762912,16129774528,11616,0,11616,myelin-exec:__myl_AddSqrDivMulMulResSliSliNegConMulMulAdd,648714,648714,3,0,3309,2951,:2922:2948:2951:3309,------myelin-exec:__myl_AddSqrDivMulMulResSliSliNegConMulMulAdd
16129776064,16129818400,42336,0,42336,myelin-exec:/MatMul_46,648714,648714,3,0,3310,2951,:2922:2948:2951:3310,------myelin-exec:/MatMul_46
16129820608,16129838144,17536,0,17536,myelin-exec:__myl_MulMaxSubExpSumDivMul,648714,648714,3,0,3311,2951,:2922:2948:2951:3311,------myelin-exec:__myl_MulMaxSubExpSumDivMul
16129839680,16129884000,44320,0,44320,myelin-exec:/MatMul_47,648714,648714,3,0,3312,2951,:2922:2948:2951:3312,------myelin-exec:/MatMul_47
16129886080,16129933664,47584,0,47584,myelin-exec:/o_proj_23/MatMul,648714,648714,3,0,3313,2951,:2922:2948:2951:3313,------myelin-exec:/o_proj_23/MatMul
16129935648,16129954976,19328,0,19328,myelin-exec:__myl_AddMulMeaAddSqrDivMulMul,648714,648714,3,0,3314,2951,:2922:2948:2951:3314,------myelin-exec:__myl_AddMulMeaAddSqrDivMulMul
16129956768,16129997504,40736,0,40736,myelin-exec:/up_proj_23/MatMul,648714,648714,3,0,3315,2951,:2922:2948:2951:3315,------myelin-exec:/up_proj_23/MatMul
16129999744,16130151136,151392,0,151392,myelin-exec:__myl_FcNegExpAddDivMulMul,648714,648714,3,0,3316,2951,:2922:2948:2951:3316,------myelin-exec:__myl_FcNegExpAddDivMulMul
16130152992,16130300704,147712,0,147712,myelin-exec:__myl_FcAdd,648714,648714,3,0,3317,2951,:2922:2948:2951:3317,------myelin-exec:__myl_FcAdd
16130302464,16130319680,17216,0,17216,myelin-exec:__myl_MulMeaAddSqrDivMulMul,648714,648714,3,0,3318,2951,:2922:2948:2951:3318,------myelin-exec:__myl_MulMeaAddSqrDivMulMul
16130321312,16130372064,50752,0,50752,myelin-exec:/v_proj_24/MatMul+/k_proj_24/MatMul+/q_proj_24/MatMul,648714,648714,3,0,3319,2951,:2922:2948:2951:3319,------myelin-exec:/v_proj_24/MatMul+/k_proj_24/MatMul+/q_proj_24/MatMul
16130374528,16130393024,18496,0,18496,myelin-exec:__myl_MovResConResRep,648714,648714,3,0,3320,2951,:2922:2948:2951:3320,------myelin-exec:__myl_MovResConResRep
16130395008,16130409024,14016,0,14016,myelin-exec:__myl_MovResMulMea,648714,648714,3,0,3321,2951,:2922:2948:2951:3321,------myelin-exec:__myl_MovResMulMea
16130410464,16130424384,13920,0,13920,myelin-exec:__myl_AddSqrDivMulMulResSliSliNegConMulMulAddConResRepResTra,648714,648714,3,0,3322,2951,:2922:2948:2951:3322,------myelin-exec:__myl_AddSqrDivMulMulResSliSliNegConMulMulAddConResRepResTra
16130425760,16130436704,10944,0,10944,myelin-exec:__myl_MovResMulMea,648714,648714,3,0,3323,2951,:2922:2948:2951:3323,------myelin-exec:__myl_MovResMulMea
16130437984,16130449056,11072,0,11072,myelin-exec:__myl_AddSqrDivMulMulResSliSliNegConMulMulAdd,648714,648714,3,0,3324,2951,:2922:2948:2951:3324,------myelin-exec:__myl_AddSqrDivMulMulResSliSliNegConMulMulAdd
16130450304,16130496352,46048,0,46048,myelin-exec:/MatMul_48,648714,648714,3,0,3325,2951,:2922:2948:2951:3325,------myelin-exec:/MatMul_48
16130498336,16130515936,17600,0,17600,myelin-exec:__myl_MulMaxSubExpSumDivMul,648714,648714,3,0,3326,2951,:2922:2948:2951:3326,------myelin-exec:__myl_MulMaxSubExpSumDivMul
16130517472,16130564192,46720,0,46720,myelin-exec:/MatMul_49,648714,648714,3,0,3327,2951,:2922:2948:2951:3327,------myelin-exec:/MatMul_49
16130566304,16130618048,51744,0,51744,myelin-exec:/o_proj_24/MatMul,648714,648714,3,0,3328,2951,:2922:2948:2951:3328,------myelin-exec:/o_proj_24/MatMul
16130620256,16130639136,18880,0,18880,myelin-exec:__myl_AddMulMeaAddSqrDivMulMul,648714,648714,3,0,3329,2951,:2922:2948:2951:3329,------myelin-exec:__myl_AddMulMeaAddSqrDivMulMul
16130641152,16130696288,55136,0,55136,myelin-exec:/up_proj_24/MatMul,648714,648714,3,0,3330,2951,:2922:2948:2951:3330,------myelin-exec:/up_proj_24/MatMul
16130698272,16130850112,151840,0,151840,myelin-exec:__myl_FcNegExpAddDivMulMul,648714,648714,3,0,3331,2951,:2922:2948:2951:3331,------myelin-exec:__myl_FcNegExpAddDivMulMul
16130852800,16130996960,144160,0,144160,myelin-exec:__myl_FcAdd,648714,648714,3,0,3332,2951,:2922:2948:2951:3332,------myelin-exec:__myl_FcAdd
16130999168,16131016672,17504,0,17504,myelin-exec:__myl_MulMeaAddSqrDivMulMul,648714,648714,3,0,3333,2951,:2922:2948:2951:3333,------myelin-exec:__myl_MulMeaAddSqrDivMulMul
16131018464,16131068160,49696,0,49696,myelin-exec:/v_proj_25/MatMul+/k_proj_25/MatMul+/q_proj_25/MatMul,648714,648714,3,0,3334,2951,:2922:2948:2951:3334,------myelin-exec:/v_proj_25/MatMul+/k_proj_25/MatMul+/q_proj_25/MatMul
16131070112,16131088256,18144,0,18144,myelin-exec:__myl_MovResConResRep,648714,648714,3,0,3335,2951,:2922:2948:2951:3335,------myelin-exec:__myl_MovResConResRep
16131089728,16131102464,12736,0,12736,myelin-exec:__myl_MovResMulMea,648714,648714,3,0,3336,2951,:2922:2948:2951:3336,------myelin-exec:__myl_MovResMulMea
16131103840,16131118880,15040,0,15040,myelin-exec:__myl_AddSqrDivMulMulResSliSliNegConMulMulAddConResRepResTra,648714,648714,3,0,3337,2951,:2922:2948:2951:3337,------myelin-exec:__myl_AddSqrDivMulMulResSliSliNegConMulMulAddConResRepResTra
16131119904,16131131040,11136,0,11136,myelin-exec:__myl_MovResMulMea,648714,648714,3,0,3338,2951,:2922:2948:2951:3338,------myelin-exec:__myl_MovResMulMea
16131132320,16131143072,10752,0,10752,myelin-exec:__myl_AddSqrDivMulMulResSliSliNegConMulMulAdd,648714,648714,3,0,3339,2951,:2922:2948:2951:3339,------myelin-exec:__myl_AddSqrDivMulMulResSliSliNegConMulMulAdd
16131144096,16131192448,48352,0,48352,myelin-exec:/MatMul_50,648714,648714,3,0,3340,2951,:2922:2948:2951:3340,------myelin-exec:/MatMul_50
16131194368,16131214656,20288,0,20288,myelin-exec:__myl_MulMaxSubExpSumDivMul,648714,648714,3,0,3341,2951,:2922:2948:2951:3341,------myelin-exec:__myl_MulMaxSubExpSumDivMul
16131216320,16131270528,54208,0,54208,myelin-exec:/MatMul_51,648714,648714,3,0,3342,2951,:2922:2948:2951:3342,------myelin-exec:/MatMul_51
16131272672,16131327456,54784,0,54784,myelin-exec:/o_proj_25/MatMul,648714,648714,3,0,3343,2951,:2922:2948:2951:3343,------myelin-exec:/o_proj_25/MatMul
16131329248,16131348960,19712,0,19712,myelin-exec:__myl_AddMulMeaAddSqrDivMulMul,648714,648714,3,0,3344,2951,:2922:2948:2951:3344,------myelin-exec:__myl_AddMulMeaAddSqrDivMulMul
16131350816,16131405312,54496,0,54496,myelin-exec:/up_proj_25/MatMul,648714,648714,3,0,3345,2951,:2922:2948:2951:3345,------myelin-exec:/up_proj_25/MatMul
16131407520,16131561952,154432,0,154432,myelin-exec:__myl_FcNegExpAddDivMulMul,648714,648714,3,0,3346,2951,:2922:2948:2951:3346,------myelin-exec:__myl_FcNegExpAddDivMulMul
16131564192,16131701408,137216,0,137216,myelin-exec:__myl_FcAdd,648714,648714,3,0,3347,2951,:2922:2948:2951:3347,------myelin-exec:__myl_FcAdd
16131703776,16131722016,18240,0,18240,myelin-exec:__myl_MulMeaAddSqrDivMulMul,648714,648714,3,0,3348,2951,:2922:2948:2951:3348,------myelin-exec:__myl_MulMeaAddSqrDivMulMul
16131723520,16131781344,57824,0,57824,myelin-exec:/v_proj_26/MatMul+/k_proj_26/MatMul+/q_proj_26/MatMul,648714,648714,3,0,3349,2951,:2922:2948:2951:3349,------myelin-exec:/v_proj_26/MatMul+/k_proj_26/MatMul+/q_proj_26/MatMul
16131783392,16131805920,22528,0,22528,myelin-exec:__myl_MovResConResRep,648714,648714,3,0,3350,2951,:2922:2948:2951:3350,------myelin-exec:__myl_MovResConResRep
16131807424,16131822656,15232,0,15232,myelin-exec:__myl_MovResMulMea,648714,648714,3,0,3351,2951,:2922:2948:2951:3351,------myelin-exec:__myl_MovResMulMea
16131823968,16131839072,15104,0,15104,myelin-exec:__myl_AddSqrDivMulMulResSliSliNegConMulMulAddConResRepResTra,648714,648714,3,0,3352,2951,:2922:2948:2951:3352,------myelin-exec:__myl_AddSqrDivMulMulResSliSliNegConMulMulAddConResRepResTra
16131840576,16131851648,11072,0,11072,myelin-exec:__myl_MovResMulMea,648714,648714,3,0,3353,2951,:2922:2948:2951:3353,------myelin-exec:__myl_MovResMulMea
16131853024,16131864224,11200,0,11200,myelin-exec:__myl_AddSqrDivMulMulResSliSliNegConMulMulAdd,648714,648714,3,0,3354,2951,:2922:2948:2951:3354,------myelin-exec:__myl_AddSqrDivMulMulResSliSliNegConMulMulAdd
16131865696,16131916512,50816,0,50816,myelin-exec:/MatMul_52,648714,648714,3,0,3355,2951,:2922:2948:2951:3355,------myelin-exec:/MatMul_52
16131918208,16131937024,18816,0,18816,myelin-exec:__myl_MulMaxSubExpSumDivMul,648714,648714,3,0,3356,2951,:2922:2948:2951:3356,------myelin-exec:__myl_MulMaxSubExpSumDivMul
16131938656,16131993312,54656,0,54656,myelin-exec:/MatMul_53,648714,648714,3,0,3357,2951,:2922:2948:2951:3357,------myelin-exec:/MatMul_53
16131994976,16132048160,53184,0,53184,myelin-exec:/o_proj_26/MatMul,648714,648714,3,0,3358,2951,:2922:2948:2951:3358,------myelin-exec:/o_proj_26/MatMul
16132050208,16132070912,20704,0,20704,myelin-exec:__myl_AddMulMeaAddSqrDivMulMul,648714,648714,3,0,3359,2951,:2922:2948:2951:3359,------myelin-exec:__myl_AddMulMeaAddSqrDivMulMul
16132072768,16132129312,56544,0,56544,myelin-exec:/up_proj_26/MatMul,648714,648714,3,0,3360,2951,:2922:2948:2951:3360,------myelin-exec:/up_proj_26/MatMul
16132131488,16132288128,156640,0,156640,myelin-exec:__myl_FcNegExpAddDivMulMul,648714,648714,3,0,3361,2951,:2922:2948:2951:3361,------myelin-exec:__myl_FcNegExpAddDivMulMul
16132290272,16132432448,142176,0,142176,myelin-exec:__myl_FcAdd,648714,648714,3,0,3362,2951,:2922:2948:2951:3362,------myelin-exec:__myl_FcAdd
16132434368,16132451776,17408,0,17408,myelin-exec:__myl_MulMeaAddSqrDivMulMul,648714,648714,3,0,3363,2951,:2922:2948:2951:3363,------myelin-exec:__myl_MulMeaAddSqrDivMulMul
16132453664,16132509888,56224,0,56224,myelin-exec:/v_proj_27/MatMul+/k_proj_27/MatMul+/q_proj_27/MatMul,648714,648714,3,0,3364,2951,:2922:2948:2951:3364,------myelin-exec:/v_proj_27/MatMul+/k_proj_27/MatMul+/q_proj_27/MatMul
16132511648,16132533440,21792,0,21792,myelin-exec:__myl_MovResConResRep,648714,648714,3,0,3365,2951,:2922:2948:2951:3365,------myelin-exec:__myl_MovResConResRep
16132534848,16132549824,14976,0,14976,myelin-exec:__myl_MovResMulMea,648714,648714,3,0,3366,2951,:2922:2948:2951:3366,------myelin-exec:__myl_MovResMulMea
16132551104,16132566176,15072,0,15072,myelin-exec:__myl_AddSqrDivMulMulResSliSliNegConMulMulAddConResRepResTra,648714,648714,3,0,3367,2951,:2922:2948:2951:3367,------myelin-exec:__myl_AddSqrDivMulMulResSliSliNegConMulMulAddConResRepResTra
16132567296,16132577792,10496,0,10496,myelin-exec:__myl_MovResMulMea,648714,648714,3,0,3368,2951,:2922:2948:2951:3368,------myelin-exec:__myl_MovResMulMea
16132579168,16132590368,11200,0,11200,myelin-exec:__myl_AddSqrDivMulMulResSliSliNegConMulMulAdd,648714,648714,3,0,3369,2951,:2922:2948:2951:3369,------myelin-exec:__myl_AddSqrDivMulMulResSliSliNegConMulMulAdd
16132591520,16132644352,52832,0,52832,myelin-exec:/MatMul_54,648714,648714,3,0,3370,2951,:2922:2948:2951:3370,------myelin-exec:/MatMul_54
16132646848,16132667008,20160,0,20160,myelin-exec:__myl_MulMaxSubExpSumDivMul,648714,648714,3,0,3371,2951,:2922:2948:2951:3371,------myelin-exec:__myl_MulMaxSubExpSumDivMul
16132668896,16132723104,54208,0,54208,myelin-exec:/MatMul_55,648714,648714,3,0,3372,2951,:2922:2948:2951:3372,------myelin-exec:/MatMul_55
16132725408,16132775808,50400,0,50400,myelin-exec:/o_proj_27/MatMul,648714,648714,3,0,3373,2951,:2922:2948:2951:3373,------myelin-exec:/o_proj_27/MatMul
16132778144,16132797120,18976,0,18976,myelin-exec:__myl_AddMulMeaAddSqrDivMulMul,648714,648714,3,0,3374,2951,:2922:2948:2951:3374,------myelin-exec:__myl_AddMulMeaAddSqrDivMulMul
16132798688,16132873568,74880,0,74880,myelin-exec:/up_proj_27/MatMul,648714,648714,3,0,3375,2951,:2922:2948:2951:3375,------myelin-exec:/up_proj_27/MatMul
16132875456,16133034880,159424,0,159424,myelin-exec:__myl_FcNegExpAddDivMulMul,648714,648714,3,0,3376,2951,:2922:2948:2951:3376,------myelin-exec:__myl_FcNegExpAddDivMulMul
16133037344,16133175968,138624,0,138624,myelin-exec:__myl_FcAdd,648714,648714,3,0,3377,2951,:2922:2948:2951:3377,------myelin-exec:__myl_FcAdd
16347959776,16348159712,199936,133344,66592,TensorRT:ExecutionContext::enqueue,648714,648714,1,1,3469,2922,:2922:3469,--TensorRT:ExecutionContext::enqueue
16348020640,16348153984,133344,77152,56192,TensorRT:{ForeignNode[/Cast.../Cast_1]},648714,648714,2,2,3473,3469,:2922:3469:3473,----TensorRT:{ForeignNode[/Cast.../Cast_1]}
16348062624,16348064416,1792,0,1792,myelin-exec:__mye60_0,648714,648714,3,0,3480,3473,:2922:3469:3473:3480,------myelin-exec:__mye60_0
16348065184,16348140544,75360,0,75360,myelin-exec:__myl_MovMulMeaAddSqrDivMulMulCas,648714,648714,3,0,3481,3473,:2922:3469:3473:3481,------myelin-exec:__myl_MovMulMeaAddSqrDivMulMulCas
16356151520,16356361760,210240,166208,44032,TensorRT:ExecutionContext::enqueue,648714,648714,1,1,3490,2922,:2922:3490,--TensorRT:ExecutionContext::enqueue
16356191968,16356358176,166208,123488,42720,TensorRT:{ForeignNode[onnx::MatMul_4 + ONNXTRT_Broadcast.../MatMul]},648714,648714,2,2,3494,3490,:2922:3490:3494,----TensorRT:{ForeignNode[onnx::MatMul_4 + ONNXTRT_Broadcast.../MatMul]}
16356220576,16356222112,1536,0,1536,myelin-exec:__mye31_0,648714,648714,3,0,3501,3494,:2922:3490:3494:3501,------myelin-exec:__mye31_0
16356222944,16356344896,121952,0,121952,myelin-exec:/MatMul,648714,648714,3,0,3502,3494,:2922:3490:3494:3502,------myelin-exec:/MatMul
16368071008,18380811360,2012740352,21321696,1991418656,:A1_decode_step_2,648714,648714,0,4,3507,,:3507,:A1_decode_step_2
16377124608,16377280448,155840,101984,53856,TensorRT:ExecutionContext::enqueue,648714,648714,1,1,3512,3507,:3507:3512,--TensorRT:ExecutionContext::enqueue
16377174080,16377276064,101984,54016,47968,TensorRT:{ForeignNode[ONNXTRT_castHelper.../Gather]},648714,648714,2,2,3516,3512,:3507:3512:3516,----TensorRT:{ForeignNode[ONNXTRT_castHelper.../Gather]}
16377208672,16377210144,1472,0,1472,myelin-exec:__mye39_0,648714,648714,3,0,3523,3516,:3507:3512:3516:3523,------myelin-exec:__mye39_0
16377211072,16377263616,52544,0,52544,myelin-exec:__myl_CasGat,648714,648714,3,0,3524,3516,:3507:3512:3516:3524,------myelin-exec:__myl_CasGat
18126401056,18147148416,20747360,19550912,1196448,TensorRT:ExecutionContext::enqueue,648714,648714,1,1,3533,3507,:3507:3533,--TensorRT:ExecutionContext::enqueue
18127551200,18147102112,19550912,18277472,1273440,TensorRT:{ForeignNode[/Cast.../Add_111]},648714,648714,2,420,3536,3533,:3507:3533:3536,----TensorRT:{ForeignNode[/Cast.../Add_111]}
18127849536,18127852608,3072,0,3072,myelin-exec:__mye133320_0,648714,648714,3,0,3543,3536,:3507:3533:3536:3543,------myelin-exec:__mye133320_0
18127853952,18127941472,87520,0,87520,myelin-exec:__myl_MovMulMeaAddSqrDivMulMul,648714,648714,3,0,3544,3536,:3507:3533:3536:3544,------myelin-exec:__myl_MovMulMeaAddSqrDivMulMul
18127943936,18128063424,119488,0,119488,myelin-exec:/v_proj/MatMul+/k_proj/MatMul+/q_proj/MatMul,648714,648714,3,0,3545,3536,:3507:3533:3536:3545,------myelin-exec:/v_proj/MatMul+/k_proj/MatMul+/q_proj/MatMul
18128065184,18128094592,29408,0,29408,myelin-exec:__myl_MovResConResRep,648714,648714,3,0,3546,3536,:3507:3533:3536:3546,------myelin-exec:__myl_MovResConResRep
18128096128,18128115808,19680,0,19680,myelin-exec:__myl_MovResMulMea,648714,648714,3,0,3547,3536,:3507:3533:3536:3547,------myelin-exec:__myl_MovResMulMea
18128117152,18128134400,17248,0,17248,myelin-exec:__myl_MovResMulMea,648714,648714,3,0,3548,3536,:3507:3533:3536:3548,------myelin-exec:__myl_MovResMulMea
18128135360,18128155840,20480,0,20480,myelin-exec:__myl_CasResMulConSinResCosResAddSqrAddSqrDivMulDivMulMulResSliSliNegConMulMulAddConResRepResTraEtc,648714,648714,3,0,3549,3536,:3507:3533:3536:3549,------myelin-exec:__myl_CasResMulConSinResCosResAddSqrAddSqrDivMulDivMulMulResSliSliNegConMulMulAddConResRepResTraEtc
18128157120,18128205440,48320,0,48320,myelin-exec:/MatMul,648714,648714,3,0,3550,3536,:3507:3533:3536:3550,------myelin-exec:/MatMul
18128206624,18128226880,20256,0,20256,myelin-exec:__myl_MulMaxSubExpSumDivMul,648714,648714,3,0,3551,3536,:3507:3533:3536:3551,------myelin-exec:__myl_MulMaxSubExpSumDivMul
18128228512,18128282336,53824,0,53824,myelin-exec:/MatMul_1,648714,648714,3,0,3552,3536,:3507:3533:3536:3552,------myelin-exec:/MatMul_1
18128284000,18128368416,84416,0,84416,myelin-exec:/o_proj/MatMul,648714,648714,3,0,3553,3536,:3507:3533:3536:3553,------myelin-exec:/o_proj/MatMul
18128370080,18128392704,22624,0,22624,myelin-exec:__myl_MulMeaAddSqrDivMulMul,648714,648714,3,0,3554,3536,:3507:3533:3536:3554,------myelin-exec:__myl_MulMeaAddSqrDivMulMul
18128394240,18128445728,51488,0,51488,myelin-exec:/up_proj/MatMul,648714,648714,3,0,3555,3536,:3507:3533:3536:3555,------myelin-exec:/up_proj/MatMul
18128447104,18128648384,201280,0,201280,myelin-exec:__myl_FcNegExpAddDivMulMul,648714,648714,3,0,3556,3536,:3507:3533:3536:3556,------myelin-exec:__myl_FcNegExpAddDivMulMul
18128650368,18128808768,158400,0,158400,myelin-exec:__myl_FcAdd,648714,648714,3,0,3557,3536,:3507:3533:3536:3557,------myelin-exec:__myl_FcAdd
18128810944,18128831904,20960,0,20960,myelin-exec:__myl_MulMeaAddSqrDivMulMul,648714,648714,3,0,3558,3536,:3507:3533:3536:3558,------myelin-exec:__myl_MulMeaAddSqrDivMulMul
18128833600,18128886912,53312,0,53312,myelin-exec:/v_proj_1/MatMul+/k_proj_1/MatMul+/q_proj_1/MatMul,648714,648714,3,0,3559,3536,:3507:3533:3536:3559,------myelin-exec:/v_proj_1/MatMul+/k_proj_1/MatMul+/q_proj_1/MatMul
18128888448,18128907904,19456,0,19456,myelin-exec:__myl_MovResConResRep,648714,648714,3,0,3560,3536,:3507:3533:3536:3560,------myelin-exec:__myl_MovResConResRep
18128909280,18128925312,16032,0,16032,myelin-exec:__myl_MovResMulMea,648714,648714,3,0,3561,3536,:3507:3533:3536:3561,------myelin-exec:__myl_MovResMulMea
18128926624,18128946432,19808,0,19808,myelin-exec:__myl_AddSqrDivMulMulResSliSliNegConMulMulAddConResRepResTra,648714,648714,3,0,3562,3536,:3507:3533:3536:3562,------myelin-exec:__myl_AddSqrDivMulMulResSliSliNegConMulMulAddConResRepResTra
18128947840,18128959072,11232,0,11232,myelin-exec:__myl_MovResMulMea,648714,648714,3,0,3563,3536,:3507:3533:3536:3563,------myelin-exec:__myl_MovResMulMea
18128960256,18128976128,15872,0,15872,myelin-exec:__myl_AddSqrDivMulMulResSliSliNegConMulMulAdd,648714,648714,3,0,3564,3536,:3507:3533:3536:3564,------myelin-exec:__myl_AddSqrDivMulMulResSliSliNegConMulMulAdd
18128977184,18129022944,45760,0,45760,myelin-exec:/MatMul_2,648714,648714,3,0,3565,3536,:3507:3533:3536:3565,------myelin-exec:/MatMul_2
18129025056,18129043328,18272,0,18272,myelin-exec:__myl_MulMaxSubExpSumDivMul,648714,648714,3,0,3566,3536,:3507:3533:3536:3566,------myelin-exec:__myl_MulMaxSubExpSumDivMul
18129044768,18129087072,42304,0,42304,myelin-exec:/MatMul_3,648714,648714,3,0,3567,3536,:3507:3533:3536:3567,------myelin-exec:/MatMul_3
18129088928,18129137216,48288,0,48288,myelin-exec:/o_proj_1/MatMul,648714,648714,3,0,3568,3536,:3507:3533:3536:3568,------myelin-exec:/o_proj_1/MatMul
18129139072,18129162400,23328,0,23328,myelin-exec:__myl_AddMulMeaAddSqrDivMulMul,648714,648714,3,0,3569,3536,:3507:3533:3536:3569,------myelin-exec:__myl_AddMulMeaAddSqrDivMulMul
18129163776,18129207936,44160,0,44160,myelin-exec:/up_proj_1/MatMul,648714,648714,3,0,3570,3536,:3507:3533:3536:3570,------myelin-exec:/up_proj_1/MatMul
18129209728,18129365664,155936,0,155936,myelin-exec:__myl_FcNegExpAddDivMulMul,648714,648714,3,0,3571,3536,:3507:3533:3536:3571,------myelin-exec:__myl_FcNegExpAddDivMulMul
18129367456,18129512544,145088,0,145088,myelin-exec:__myl_FcAdd,648714,648714,3,0,3572,3536,:3507:3533:3536:3572,------myelin-exec:__myl_FcAdd
18129514240,18129532320,18080,0,18080,myelin-exec:__myl_MulMeaAddSqrDivMulMul,648714,648714,3,0,3573,3536,:3507:3533:3536:3573,------myelin-exec:__myl_MulMeaAddSqrDivMulMul
18129533920,18129586080,52160,0,52160,myelin-exec:/v_proj_2/MatMul+/k_proj_2/MatMul+/q_proj_2/MatMul,648714,648714,3,0,3574,3536,:3507:3533:3536:3574,------myelin-exec:/v_proj_2/MatMul+/k_proj_2/MatMul+/q_proj_2/MatMul
18129587616,18129609568,21952,0,21952,myelin-exec:__myl_MovResConResRep,648714,648714,3,0,3575,3536,:3507:3533:3536:3575,------myelin-exec:__myl_MovResConResRep
18129610912,18129627136,16224,0,16224,myelin-exec:__myl_MovResMulMea,648714,648714,3,0,3576,3536,:3507:3533:3536:3576,------myelin-exec:__myl_MovResMulMea
18129628640,18129643424,14784,0,14784,myelin-exec:__myl_AddSqrDivMulMulResSliSliNegConMulMulAddConResRepResTra,648714,648714,3,0,3577,3536,:3507:3533:3536:3577,------myelin-exec:__myl_AddSqrDivMulMulResSliSliNegConMulMulAddConResRepResTra
18129644512,18129655936,11424,0,11424,myelin-exec:__myl_MovResMulMea,648714,648714,3,0,3578,3536,:3507:3533:3536:3578,------myelin-exec:__myl_MovResMulMea
18129656864,18129668864,12000,0,12000,myelin-exec:__myl_AddSqrDivMulMulResSliSliNegConMulMulAdd,648714,648714,3,0,3579,3536,:3507:3533:3536:3579,------myelin-exec:__myl_AddSqrDivMulMulResSliSliNegConMulMulAdd
18129669952,18129715136,45184,0,45184,myelin-exec:/MatMul_4,648714,648714,3,0,3580,3536,:3507:3533:3536:3580,------myelin-exec:/MatMul_4
18129716768,18129737152,20384,0,20384,myelin-exec:__myl_MulMaxSubExpSumDivMul,648714,648714,3,0,3581,3536,:3507:3533:3536:3581,------myelin-exec:__myl_MulMaxSubExpSumDivMul
18129738656,18129791264,52608,0,52608,myelin-exec:/MatMul_5,648714,648714,3,0,3582,3536,:3507:3533:3536:3582,------myelin-exec:/MatMul_5
18129792512,18129843840,51328,0,51328,myelin-exec:/o_proj_2/MatMul,648714,648714,3,0,3583,3536,:3507:3533:3536:3583,------myelin-exec:/o_proj_2/MatMul
18129845248,18129865568,20320,0,20320,myelin-exec:__myl_AddMulMeaAddSqrDivMulMul,648714,648714,3,0,3584,3536,:3507:3533:3536:3584,------myelin-exec:__myl_AddMulMeaAddSqrDivMulMul
18129866912,18129906592,39680,0,39680,myelin-exec:/up_proj_2/MatMul,648714,648714,3,0,3585,3536,:3507:3533:3536:3585,------myelin-exec:/up_proj_2/MatMul
18129907872,18130056896,149024,0,149024,myelin-exec:__myl_FcNegExpAddDivMulMul,648714,648714,3,0,3586,3536,:3507:3533:3536:3586,------myelin-exec:__myl_FcNegExpAddDivMulMul
18130058784,18130200640,141856,0,141856,myelin-exec:__myl_FcAdd,648714,648714,3,0,3587,3536,:3507:3533:3536:3587,------myelin-exec:__myl_FcAdd
18130202400,18130222112,19712,0,19712,myelin-exec:__myl_MulMeaAddSqrDivMulMul,648714,648714,3,0,3588,3536,:3507:3533:3536:3588,------myelin-exec:__myl_MulMeaAddSqrDivMulMul
18130223776,18130271328,47552,0,47552,myelin-exec:/v_proj_3/MatMul+/k_proj_3/MatMul+/q_proj_3/MatMul,648714,648714,3,0,3589,3536,:3507:3533:3536:3589,------myelin-exec:/v_proj_3/MatMul+/k_proj_3/MatMul+/q_proj_3/MatMul
18130272992,18130292800,19808,0,19808,myelin-exec:__myl_MovResConResRep,648714,648714,3,0,3590,3536,:3507:3533:3536:3590,------myelin-exec:__myl_MovResConResRep
18130294272,18130309280,15008,0,15008,myelin-exec:__myl_MovResMulMea,648714,648714,3,0,3591,3536,:3507:3533:3536:3591,------myelin-exec:__myl_MovResMulMea
18130310528,18130325472,14944,0,14944,myelin-exec:__myl_AddSqrDivMulMulResSliSliNegConMulMulAddConResRepResTra,648714,648714,3,0,3592,3536,:3507:3533:3536:3592,------myelin-exec:__myl_AddSqrDivMulMulResSliSliNegConMulMulAddConResRepResTra
18130326688,18130337760,11072,0,11072,myelin-exec:__myl_MovResMulMea,648714,648714,3,0,3593,3536,:3507:3533:3536:3593,------myelin-exec:__myl_MovResMulMea
18130338560,18130350336,11776,0,11776,myelin-exec:__myl_AddSqrDivMulMulResSliSliNegConMulMulAdd,648714,648714,3,0,3594,3536,:3507:3533:3536:3594,------myelin-exec:__myl_AddSqrDivMulMulResSliSliNegConMulMulAdd
18130351392,18130392480,41088,0,41088,myelin-exec:/MatMul_6,648714,648714,3,0,3595,3536,:3507:3533:3536:3595,------myelin-exec:/MatMul_6
18130394016,18130409664,15648,0,15648,myelin-exec:__myl_MulMaxSubExpSumDivMul,648714,648714,3,0,3596,3536,:3507:3533:3536:3596,------myelin-exec:__myl_MulMaxSubExpSumDivMul
18130411264,18130456224,44960,0,44960,myelin-exec:/MatMul_7,648714,648714,3,0,3597,3536,:3507:3533:3536:3597,------myelin-exec:/MatMul_7
18130458304,18130499872,41568,0,41568,myelin-exec:/o_proj_3/MatMul,648714,648714,3,0,3598,3536,:3507:3533:3536:3598,------myelin-exec:/o_proj_3/MatMul
18130501728,18130515808,14080,0,14080,myelin-exec:__myl_AddMulMeaAddSqrDivMulMul,648714,648714,3,0,3599,3536,:3507:3533:3536:3599,------myelin-exec:__myl_AddMulMeaAddSqrDivMulMul
18130517536,18130564256,46720,0,46720,myelin-exec:/up_proj_3/MatMul,648714,648714,3,0,3600,3536,:3507:3533:3536:3600,------myelin-exec:/up_proj_3/MatMul
18130565920,18130712992,147072,0,147072,myelin-exec:__myl_FcNegExpAddDivMulMul,648714,648714,3,0,3601,3536,:3507:3533:3536:3601,------myelin-exec:__myl_FcNegExpAddDivMulMul
18130714560,18130846080,131520,0,131520,myelin-exec:__myl_FcAdd,648714,648714,3,0,3602,3536,:3507:3533:3536:3602,------myelin-exec:__myl_FcAdd
18130847776,18130863072,15296,0,15296,myelin-exec:__myl_MulMeaAddSqrDivMulMul,648714,648714,3,0,3603,3536,:3507:3533:3536:3603,------myelin-exec:__myl_MulMeaAddSqrDivMulMul
18130864608,18130908000,43392,0,43392,myelin-exec:/v_proj_4/MatMul+/k_proj_4/MatMul+/q_proj_4/MatMul,648714,648714,3,0,3604,3536,:3507:3533:3536:3604,------myelin-exec:/v_proj_4/MatMul+/k_proj_4/MatMul+/q_proj_4/MatMul
18130909760,18130926464,16704,0,16704,myelin-exec:__myl_MovResConResRep,648714,648714,3,0,3605,3536,:3507:3533:3536:3605,------myelin-exec:__myl_MovResConResRep
18130928000,18130940000,12000,0,12000,myelin-exec:__myl_MovResMulMea,648714,648714,3,0,3606,3536,:3507:3533:3536:3606,------myelin-exec:__myl_MovResMulMea
18130941152,18130955488,14336,0,14336,myelin-exec:__myl_AddSqrDivMulMulResSliSliNegConMulMulAddConResRepResTra,648714,648714,3,0,3607,3536,:3507:3533:3536:3607,------myelin-exec:__myl_AddSqrDivMulMulResSliSliNegConMulMulAddConResRepResTra
18130956736,18130968000,11264,0,11264,myelin-exec:__myl_MovResMulMea,648714,648714,3,0,3608,3536,:3507:3533:3536:3608,------myelin-exec:__myl_MovResMulMea
18130968864,18130979872,11008,0,11008,myelin-exec:__myl_AddSqrDivMulMulResSliSliNegConMulMulAdd,648714,648714,3,0,3609,3536,:3507:3533:3536:3609,------myelin-exec:__myl_AddSqrDivMulMulResSliSliNegConMulMulAdd
18130980800,18131019040,38240,0,38240,myelin-exec:/MatMul_8,648714,648714,3,0,3610,3536,:3507:3533:3536:3610,------myelin-exec:/MatMul_8
18131020416,18131035936,15520,0,15520,myelin-exec:__myl_MulMaxSubExpSumDivMul,648714,648714,3,0,3611,3536,:3507:3533:3536:3611,------myelin-exec:__myl_MulMaxSubExpSumDivMul
18131036960,18131083616,46656,0,46656,myelin-exec:/MatMul_9,648714,648714,3,0,3612,3536,:3507:3533:3536:3612,------myelin-exec:/MatMul_9
18131084832,18131133312,48480,0,48480,myelin-exec:/o_proj_4/MatMul,648714,648714,3,0,3613,3536,:3507:3533:3536:3613,------myelin-exec:/o_proj_4/MatMul
18131134816,18131155904,21088,0,21088,myelin-exec:__myl_AddMulMeaAddSqrDivMulMul,648714,648714,3,0,3614,3536,:3507:3533:3536:3614,------myelin-exec:__myl_AddMulMeaAddSqrDivMulMul
18131157088,18131198976,41888,0,41888,myelin-exec:/up_proj_4/MatMul,648714,648714,3,0,3615,3536,:3507:3533:3536:3615,------myelin-exec:/up_proj_4/MatMul
18131200832,18131347424,146592,0,146592,myelin-exec:__myl_FcNegExpAddDivMulMul,648714,648714,3,0,3616,3536,:3507:3533:3536:3616,------myelin-exec:__myl_FcNegExpAddDivMulMul
18131349120,18131480448,131328,0,131328,myelin-exec:__myl_FcAdd,648714,648714,3,0,3617,3536,:3507:3533:3536:3617,------myelin-exec:__myl_FcAdd
18131481792,18131496288,14496,0,14496,myelin-exec:__myl_MulMeaAddSqrDivMulMul,648714,648714,3,0,3618,3536,:3507:3533:3536:3618,------myelin-exec:__myl_MulMeaAddSqrDivMulMul
18131497536,18131546240,48704,0,48704,myelin-exec:/v_proj_5/MatMul+/k_proj_5/MatMul+/q_proj_5/MatMul,648714,648714,3,0,3619,3536,:3507:3533:3536:3619,------myelin-exec:/v_proj_5/MatMul+/k_proj_5/MatMul+/q_proj_5/MatMul
18131547968,18131568928,20960,0,20960,myelin-exec:__myl_MovResConResRep,648714,648714,3,0,3620,3536,:3507:3533:3536:3620,------myelin-exec:__myl_MovResConResRep
18131570304,18131584224,13920,0,13920,myelin-exec:__myl_MovResMulMea,648714,648714,3,0,3621,3536,:3507:3533:3536:3621,------myelin-exec:__myl_MovResMulMea
18131585376,18131599392,14016,0,14016,myelin-exec:__myl_AddSqrDivMulMulResSliSliNegConMulMulAddConResRepResTra,648714,648714,3,0,3622,3536,:3507:3533:3536:3622,------myelin-exec:__myl_AddSqrDivMulMulResSliSliNegConMulMulAddConResRepResTra
18131600384,18131611200,10816,0,10816,myelin-exec:__myl_MovResMulMea,648714,648714,3,0,3623,3536,:3507:3533:3536:3623,------myelin-exec:__myl_MovResMulMea
18131612384,18131623200,10816,0,10816,myelin-exec:__myl_AddSqrDivMulMulResSliSliNegConMulMulAdd,648714,648714,3,0,3624,3536,:3507:3533:3536:3624,------myelin-exec:__myl_AddSqrDivMulMulResSliSliNegConMulMulAdd
18131624288,18131669664,45376,0,45376,myelin-exec:/MatMul_10,648714,648714,3,0,3625,3536,:3507:3533:3536:3625,------myelin-exec:/MatMul_10
18131671264,18131689312,18048,0,18048,myelin-exec:__myl_MulMaxSubExpSumDivMul,648714,648714,3,0,3626,3536,:3507:3533:3536:3626,------myelin-exec:__myl_MulMaxSubExpSumDivMul
18131690784,18131739072,48288,0,48288,myelin-exec:/MatMul_11,648714,648714,3,0,3627,3536,:3507:3533:3536:3627,------myelin-exec:/MatMul_11
18131740928,18131791040,50112,0,50112,myelin-exec:/o_proj_5/MatMul,648714,648714,3,0,3628,3536,:3507:3533:3536:3628,------myelin-exec:/o_proj_5/MatMul
18131792192,18131814240,22048,0,22048,myelin-exec:__myl_AddMulMeaAddSqrDivMulMul,648714,648714,3,0,3629,3536,:3507:3533:3536:3629,------myelin-exec:__myl_AddMulMeaAddSqrDivMulMul
18131815616,18131859808,44192,0,44192,myelin-exec:/up_proj_5/MatMul,648714,648714,3,0,3630,3536,:3507:3533:3536:3630,------myelin-exec:/up_proj_5/MatMul
18131861408,18132012640,151232,0,151232,myelin-exec:__myl_FcNegExpAddDivMulMul,648714,648714,3,0,3631,3536,:3507:3533:3536:3631,------myelin-exec:__myl_FcNegExpAddDivMulMul
18132014656,18132156992,142336,0,142336,myelin-exec:__myl_FcAdd,648714,648714,3,0,3632,3536,:3507:3533:3536:3632,------myelin-exec:__myl_FcAdd
18132158752,18132176384,17632,0,17632,myelin-exec:__myl_MulMeaAddSqrDivMulMul,648714,648714,3,0,3633,3536,:3507:3533:3536:3633,------myelin-exec:__myl_MulMeaAddSqrDivMulMul
18132177696,18132229312,51616,0,51616,myelin-exec:/v_proj_6/MatMul+/k_proj_6/MatMul+/q_proj_6/MatMul,648714,648714,3,0,3634,3536,:3507:3533:3536:3634,------myelin-exec:/v_proj_6/MatMul+/k_proj_6/MatMul+/q_proj_6/MatMul
18132230880,18132250464,19584,0,19584,myelin-exec:__myl_MovResConResRep,648714,648714,3,0,3635,3536,:3507:3533:3536:3635,------myelin-exec:__myl_MovResConResRep
18132252032,18132265248,13216,0,13216,myelin-exec:__myl_MovResMulMea,648714,648714,3,0,3636,3536,:3507:3533:3536:3636,------myelin-exec:__myl_MovResMulMea
18132266272,18132280800,14528,0,14528,myelin-exec:__myl_AddSqrDivMulMulResSliSliNegConMulMulAddConResRepResTra,648714,648714,3,0,3637,3536,:3507:3533:3536:3637,------myelin-exec:__myl_AddSqrDivMulMulResSliSliNegConMulMulAddConResRepResTra
18132281728,18132293440,11712,0,11712,myelin-exec:__myl_MovResMulMea,648714,648714,3,0,3638,3536,:3507:3533:3536:3638,------myelin-exec:__myl_MovResMulMea
18132294560,18132305440,10880,0,10880,myelin-exec:__myl_AddSqrDivMulMulResSliSliNegConMulMulAdd,648714,648714,3,0,3639,3536,:3507:3533:3536:3639,------myelin-exec:__myl_AddSqrDivMulMulResSliSliNegConMulMulAdd
18132306592,18132353024,46432,0,46432,myelin-exec:/MatMul_12,648714,648714,3,0,3640,3536,:3507:3533:3536:3640,------myelin-exec:/MatMul_12
18132355392,18132375456,20064,0,20064,myelin-exec:__myl_MulMaxSubExpSumDivMul,648714,648714,3,0,3641,3536,:3507:3533:3536:3641,------myelin-exec:__myl_MulMaxSubExpSumDivMul
18132376896,18132425824,48928,0,48928,myelin-exec:/MatMul_13,648714,648714,3,0,3642,3536,:3507:3533:3536:3642,------myelin-exec:/MatMul_13
18132427648,18132482144,54496,0,54496,myelin-exec:/o_proj_6/MatMul,648714,648714,3,0,3643,3536,:3507:3533:3536:3643,------myelin-exec:/o_proj_6/MatMul
18132483904,18132504224,20320,0,20320,myelin-exec:__myl_AddMulMeaAddSqrDivMulMul,648714,648714,3,0,3644,3536,:3507:3533:3536:3644,------myelin-exec:__myl_AddMulMeaAddSqrDivMulMul
18132505600,18132552992,47392,0,47392,myelin-exec:/up_proj_6/MatMul,648714,648714,3,0,3645,3536,:3507:3533:3536:3645,------myelin-exec:/up_proj_6/MatMul
18132554432,18132705760,151328,0,151328,myelin-exec:__myl_FcNegExpAddDivMulMul,648714,648714,3,0,3646,3536,:3507:3533:3536:3646,------myelin-exec:__myl_FcNegExpAddDivMulMul
18132707488,18132873152,165664,0,165664,myelin-exec:__myl_FcAdd,648714,648714,3,0,3647,3536,:3507:3533:3536:3647,------myelin-exec:__myl_FcAdd
18132875264,18132891616,16352,0,16352,myelin-exec:__myl_MulMeaAddSqrDivMulMul,648714,648714,3,0,3648,3536,:3507:3533:3536:3648,------myelin-exec:__myl_MulMeaAddSqrDivMulMul
18132893152,18132945632,52480,0,52480,myelin-exec:/v_proj_7/MatMul+/k_proj_7/MatMul+/q_proj_7/MatMul,648714,648714,3,0,3649,3536,:3507:3533:3536:3649,------myelin-exec:/v_proj_7/MatMul+/k_proj_7/MatMul+/q_proj_7/MatMul
18132947200,18132966880,19680,0,19680,myelin-exec:__myl_MovResConResRep,648714,648714,3,0,3650,3536,:3507:3533:3536:3650,------myelin-exec:__myl_MovResConResRep
18132968480,18132982112,13632,0,13632,myelin-exec:__myl_MovResMulMea,648714,648714,3,0,3651,3536,:3507:3533:3536:3651,------myelin-exec:__myl_MovResMulMea
18132983488,18132998240,14752,0,14752,myelin-exec:__myl_AddSqrDivMulMulResSliSliNegConMulMulAddConResRepResTra,648714,648714,3,0,3652,3536,:3507:3533:3536:3652,------myelin-exec:__myl_AddSqrDivMulMulResSliSliNegConMulMulAddConResRepResTra
18132999648,18133011200,11552,0,11552,myelin-exec:__myl_MovResMulMea,648714,648714,3,0,3653,3536,:3507:3533:3536:3653,------myelin-exec:__myl_MovResMulMea
18133012384,18133023552,11168,0,11168,myelin-exec:__myl_AddSqrDivMulMulResSliSliNegConMulMulAdd,648714,648714,3,0,3654,3536,:3507:3533:3536:3654,------myelin-exec:__myl_AddSqrDivMulMulResSliSliNegConMulMulAdd
18133024800,18133071552,46752,0,46752,myelin-exec:/MatMul_14,648714,648714,3,0,3655,3536,:3507:3533:3536:3655,------myelin-exec:/MatMul_14
18133073568,18133091712,18144,0,18144,myelin-exec:__myl_MulMaxSubExpSumDivMul,648714,648714,3,0,3656,3536,:3507:3533:3536:3656,------myelin-exec:__myl_MulMaxSubExpSumDivMul
18133093312,18133140064,46752,0,46752,myelin-exec:/MatMul_15,648714,648714,3,0,3657,3536,:3507:3533:3536:3657,------myelin-exec:/MatMul_15
18133141632,18133190848,49216,0,49216,myelin-exec:/o_proj_7/MatMul,648714,648714,3,0,3658,3536,:3507:3533:3536:3658,------myelin-exec:/o_proj_7/MatMul
18133192640,18133213024,20384,0,20384,myelin-exec:__myl_AddMulMeaAddSqrDivMulMul,648714,648714,3,0,3659,3536,:3507:3533:3536:3659,------myelin-exec:__myl_AddMulMeaAddSqrDivMulMul
18133214752,18133267680,52928,0,52928,myelin-exec:/up_proj_7/MatMul,648714,648714,3,0,3660,3536,:3507:3533:3536:3660,------myelin-exec:/up_proj_7/MatMul
18133269248,18133421120,151872,0,151872,myelin-exec:__myl_FcNegExpAddDivMulMul,648714,648714,3,0,3661,3536,:3507:3533:3536:3661,------myelin-exec:__myl_FcNegExpAddDivMulMul
18133423200,18133556768,133568,0,133568,myelin-exec:__myl_FcAdd,648714,648714,3,0,3662,3536,:3507:3533:3536:3662,------myelin-exec:__myl_FcAdd
18133558656,18133573312,14656,0,14656,myelin-exec:__myl_MulMeaAddSqrDivMulMul,648714,648714,3,0,3663,3536,:3507:3533:3536:3663,------myelin-exec:__myl_MulMeaAddSqrDivMulMul
18133574720,18133623680,48960,0,48960,myelin-exec:/v_proj_8/MatMul+/k_proj_8/MatMul+/q_proj_8/MatMul,648714,648714,3,0,3664,3536,:3507:3533:3536:3664,------myelin-exec:/v_proj_8/MatMul+/k_proj_8/MatMul+/q_proj_8/MatMul
18133625376,18133642560,17184,0,17184,myelin-exec:__myl_MovResConResRep,648714,648714,3,0,3665,3536,:3507:3533:3536:3665,------myelin-exec:__myl_MovResConResRep
18133643776,18133656576,12800,0,12800,myelin-exec:__myl_MovResMulMea,648714,648714,3,0,3666,3536,:3507:3533:3536:3666,------myelin-exec:__myl_MovResMulMea
18133657696,18133671776,14080,0,14080,myelin-exec:__myl_AddSqrDivMulMulResSliSliNegConMulMulAddConResRepResTra,648714,648714,3,0,3667,3536,:3507:3533:3536:3667,------myelin-exec:__myl_AddSqrDivMulMulResSliSliNegConMulMulAddConResRepResTra
18133672672,18133684928,12256,0,12256,myelin-exec:__myl_MovResMulMea,648714,648714,3,0,3668,3536,:3507:3533:3536:3668,------myelin-exec:__myl_MovResMulMea
18133686048,18133697504,11456,0,11456,myelin-exec:__myl_AddSqrDivMulMulResSliSliNegConMulMulAdd,648714,648714,3,0,3669,3536,:3507:3533:3536:3669,------myelin-exec:__myl_AddSqrDivMulMulResSliSliNegConMulMulAdd
18133698432,18133744224,45792,0,45792,myelin-exec:/MatMul_16,648714,648714,3,0,3670,3536,:3507:3533:3536:3670,------myelin-exec:/MatMul_16
18133745632,18133763264,17632,0,17632,myelin-exec:__myl_MulMaxSubExpSumDivMul,648714,648714,3,0,3671,3536,:3507:3533:3536:3671,------myelin-exec:__myl_MulMaxSubExpSumDivMul
18133764544,18133813408,48864,0,48864,myelin-exec:/MatMul_17,648714,648714,3,0,3672,3536,:3507:3533:3536:3672,------myelin-exec:/MatMul_17
18133815232,18133866528,51296,0,51296,myelin-exec:/o_proj_8/MatMul,648714,648714,3,0,3673,3536,:3507:3533:3536:3673,------myelin-exec:/o_proj_8/MatMul
18133868384,18133885792,17408,0,17408,myelin-exec:__myl_AddMulMeaAddSqrDivMulMul,648714,648714,3,0,3674,3536,:3507:3533:3536:3674,------myelin-exec:__myl_AddMulMeaAddSqrDivMulMul
18133887488,18133927008,39520,0,39520,myelin-exec:/up_proj_8/MatMul,648714,648714,3,0,3675,3536,:3507:3533:3536:3675,------myelin-exec:/up_proj_8/MatMul
18133928736,18134082304,153568,0,153568,myelin-exec:__myl_FcNegExpAddDivMulMul,648714,648714,3,0,3676,3536,:3507:3533:3536:3676,------myelin-exec:__myl_FcNegExpAddDivMulMul
18134084480,18134220480,136000,0,136000,myelin-exec:__myl_FcAdd,648714,648714,3,0,3677,3536,:3507:3533:3536:3677,------myelin-exec:__myl_FcAdd
18134222464,18134239616,17152,0,17152,myelin-exec:__myl_MulMeaAddSqrDivMulMul,648714,648714,3,0,3678,3536,:3507:3533:3536:3678,------myelin-exec:__myl_MulMeaAddSqrDivMulMul
18134241408,18134290720,49312,0,49312,myelin-exec:/v_proj_9/MatMul+/k_proj_9/MatMul+/q_proj_9/MatMul,648714,648714,3,0,3679,3536,:3507:3533:3536:3679,------myelin-exec:/v_proj_9/MatMul+/k_proj_9/MatMul+/q_proj_9/MatMul
18134292576,18134313056,20480,0,20480,myelin-exec:__myl_MovResConResRep,648714,648714,3,0,3680,3536,:3507:3533:3536:3680,------myelin-exec:__myl_MovResConResRep
18134314656,18134328256,13600,0,13600,myelin-exec:__myl_MovResMulMea,648714,648714,3,0,3681,3536,:3507:3533:3536:3681,------myelin-exec:__myl_MovResMulMea
18134329632,18134343936,14304,0,14304,myelin-exec:__myl_AddSqrDivMulMulResSliSliNegConMulMulAddConResRepResTra,648714,648714,3,0,3682,3536,:3507:3533:3536:3682,------myelin-exec:__myl_AddSqrDivMulMulResSliSliNegConMulMulAddConResRepResTra
18134345088,18134356192,11104,0,11104,myelin-exec:__myl_MovResMulMea,648714,648714,3,0,3683,3536,:3507:3533:3536:3683,------myelin-exec:__myl_MovResMulMea
18134357376,18134368480,11104,0,11104,myelin-exec:__myl_AddSqrDivMulMulResSliSliNegConMulMulAdd,648714,648714,3,0,3684,3536,:3507:3533:3536:3684,------myelin-exec:__myl_AddSqrDivMulMulResSliSliNegConMulMulAdd
18134369312,18134417216,47904,0,47904,myelin-exec:/MatMul_18,648714,648714,3,0,3685,3536,:3507:3533:3536:3685,------myelin-exec:/MatMul_18
18134418560,18134435808,17248,0,17248,myelin-exec:__myl_MulMaxSubExpSumDivMul,648714,648714,3,0,3686,3536,:3507:3533:3536:3686,------myelin-exec:__myl_MulMaxSubExpSumDivMul
18134437024,18134478976,41952,0,41952,myelin-exec:/MatMul_19,648714,648714,3,0,3687,3536,:3507:3533:3536:3687,------myelin-exec:/MatMul_19
18134480672,18134524480,43808,0,43808,myelin-exec:/o_proj_9/MatMul,648714,648714,3,0,3688,3536,:3507:3533:3536:3688,------myelin-exec:/o_proj_9/MatMul
18134525984,18134545280,19296,0,19296,myelin-exec:__myl_AddMulMeaAddSqrDivMulMul,648714,648714,3,0,3689,3536,:3507:3533:3536:3689,------myelin-exec:__myl_AddMulMeaAddSqrDivMulMul
18134546336,18134588896,42560,0,42560,myelin-exec:/up_proj_9/MatMul,648714,648714,3,0,3690,3536,:3507:3533:3536:3690,------myelin-exec:/up_proj_9/MatMul
18134590880,18134738464,147584,0,147584,myelin-exec:__myl_FcNegExpAddDivMulMul,648714,648714,3,0,3691,3536,:3507:3533:3536:3691,------myelin-exec:__myl_FcNegExpAddDivMulMul
18134740736,18134873312,132576,0,132576,myelin-exec:__myl_FcAdd,648714,648714,3,0,3692,3536,:3507:3533:3536:3692,------myelin-exec:__myl_FcAdd
18134875200,18134889440,14240,0,14240,myelin-exec:__myl_MulMeaAddSqrDivMulMul,648714,648714,3,0,3693,3536,:3507:3533:3536:3693,------myelin-exec:__myl_MulMeaAddSqrDivMulMul
18134891264,18134935392,44128,0,44128,myelin-exec:/v_proj_10/MatMul+/k_proj_10/MatMul+/q_proj_10/MatMul,648714,648714,3,0,3694,3536,:3507:3533:3536:3694,------myelin-exec:/v_proj_10/MatMul+/k_proj_10/MatMul+/q_proj_10/MatMul
18134937440,18134954784,17344,0,17344,myelin-exec:__myl_MovResConResRep,648714,648714,3,0,3695,3536,:3507:3533:3536:3695,------myelin-exec:__myl_MovResConResRep
18134956096,18134969984,13888,0,13888,myelin-exec:__myl_MovResMulMea,648714,648714,3,0,3696,3536,:3507:3533:3536:3696,------myelin-exec:__myl_MovResMulMea
18134971200,18134985152,13952,0,13952,myelin-exec:__myl_AddSqrDivMulMulResSliSliNegConMulMulAddConResRepResTra,648714,648714,3,0,3697,3536,:3507:3533:3536:3697,------myelin-exec:__myl_AddSqrDivMulMulResSliSliNegConMulMulAddConResRepResTra
18134985952,18134997056,11104,0,11104,myelin-exec:__myl_MovResMulMea,648714,648714,3,0,3698,3536,:3507:3533:3536:3698,------myelin-exec:__myl_MovResMulMea
18134998080,18135009536,11456,0,11456,myelin-exec:__myl_AddSqrDivMulMulResSliSliNegConMulMulAdd,648714,648714,3,0,3699,3536,:3507:3533:3536:3699,------myelin-exec:__myl_AddSqrDivMulMulResSliSliNegConMulMulAdd
18135010720,18135056864,46144,0,46144,myelin-exec:/MatMul_20,648714,648714,3,0,3700,3536,:3507:3533:3536:3700,------myelin-exec:/MatMul_20
18135058304,18135074400,16096,0,16096,myelin-exec:__myl_MulMaxSubExpSumDivMul,648714,648714,3,0,3701,3536,:3507:3533:3536:3701,------myelin-exec:__myl_MulMaxSubExpSumDivMul
18135075680,18135120640,44960,0,44960,myelin-exec:/MatMul_21,648714,648714,3,0,3702,3536,:3507:3533:3536:3702,------myelin-exec:/MatMul_21
18135122528,18135165760,43232,0,43232,myelin-exec:/o_proj_10/MatMul,648714,648714,3,0,3703,3536,:3507:3533:3536:3703,------myelin-exec:/o_proj_10/MatMul
18135167712,18135181728,14016,0,14016,myelin-exec:__myl_AddMulMeaAddSqrDivMulMul,648714,648714,3,0,3704,3536,:3507:3533:3536:3704,------myelin-exec:__myl_AddMulMeaAddSqrDivMulMul
18135183488,18135224640,41152,0,41152,myelin-exec:/up_proj_10/MatMul,648714,648714,3,0,3705,3536,:3507:3533:3536:3705,------myelin-exec:/up_proj_10/MatMul
18135226400,18135367264,140864,0,140864,myelin-exec:__myl_FcNegExpAddDivMulMul,648714,648714,3,0,3706,3536,:3507:3533:3536:3706,------myelin-exec:__myl_FcNegExpAddDivMulMul
18135369344,18135505344,136000,0,136000,myelin-exec:__myl_FcAdd,648714,648714,3,0,3707,3536,:3507:3533:3536:3707,------myelin-exec:__myl_FcAdd
18135507456,18135524224,16768,0,16768,myelin-exec:__myl_MulMeaAddSqrDivMulMul,648714,648714,3,0,3708,3536,:3507:3533:3536:3708,------myelin-exec:__myl_MulMeaAddSqrDivMulMul
18135525728,18135570880,45152,0,45152,myelin-exec:/v_proj_11/MatMul+/k_proj_11/MatMul+/q_proj_11/MatMul,648714,648714,3,0,3709,3536,:3507:3533:3536:3709,------myelin-exec:/v_proj_11/MatMul+/k_proj_11/MatMul+/q_proj_11/MatMul
18135572928,18135590528,17600,0,17600,myelin-exec:__myl_MovResConResRep,648714,648714,3,0,3710,3536,:3507:3533:3536:3710,------myelin-exec:__myl_MovResConResRep
18135592256,18135605600,13344,0,13344,myelin-exec:__myl_MovResMulMea,648714,648714,3,0,3711,3536,:3507:3533:3536:3711,------myelin-exec:__myl_MovResMulMea
18135606752,18135620864,14112,0,14112,myelin-exec:__myl_AddSqrDivMulMulResSliSliNegConMulMulAddConResRepResTra,648714,648714,3,0,3712,3536,:3507:3533:3536:3712,------myelin-exec:__myl_AddSqrDivMulMulResSliSliNegConMulMulAddConResRepResTra
18135622144,18135632352,10208,0,10208,myelin-exec:__myl_MovResMulMea,648714,648714,3,0,3713,3536,:3507:3533:3536:3713,------myelin-exec:__myl_MovResMulMea
18135633216,18135644480,11264,0,11264,myelin-exec:__myl_AddSqrDivMulMulResSliSliNegConMulMulAdd,648714,648714,3,0,3714,3536,:3507:3533:3536:3714,------myelin-exec:__myl_AddSqrDivMulMulResSliSliNegConMulMulAdd
18135645568,18135683968,38400,0,38400,myelin-exec:/MatMul_22,648714,648714,3,0,3715,3536,:3507:3533:3536:3715,------myelin-exec:/MatMul_22
18135685728,18135700256,14528,0,14528,myelin-exec:__myl_MulMaxSubExpSumDivMul,648714,648714,3,0,3716,3536,:3507:3533:3536:3716,------myelin-exec:__myl_MulMaxSubExpSumDivMul
18135701824,18135737568,35744,0,35744,myelin-exec:/MatMul_23,648714,648714,3,0,3717,3536,:3507:3533:3536:3717,------myelin-exec:/MatMul_23
18135739328,18135777152,37824,0,37824,myelin-exec:/o_proj_11/MatMul,648714,648714,3,0,3718,3536,:3507:3533:3536:3718,------myelin-exec:/o_proj_11/MatMul
18135778976,18135795104,16128,0,16128,myelin-exec:__myl_AddMulMeaAddSqrDivMulMul,648714,648714,3,0,3719,3536,:3507:3533:3536:3719,------myelin-exec:__myl_AddMulMeaAddSqrDivMulMul
18135796288,18135835008,38720,0,38720,myelin-exec:/up_proj_11/MatMul,648714,648714,3,0,3720,3536,:3507:3533:3536:3720,------myelin-exec:/up_proj_11/MatMul
18135836768,18135980608,143840,0,143840,myelin-exec:__myl_FcNegExpAddDivMulMul,648714,648714,3,0,3721,3536,:3507:3533:3536:3721,------myelin-exec:__myl_FcNegExpAddDivMulMul
18135982528,18136115360,132832,0,132832,myelin-exec:__myl_FcAdd,648714,648714,3,0,3722,3536,:3507:3533:3536:3722,------myelin-exec:__myl_FcAdd
18136117344,18136134080,16736,0,16736,myelin-exec:__myl_MulMeaAddSqrDivMulMul,648714,648714,3,0,3723,3536,:3507:3533:3536:3723,------myelin-exec:__myl_MulMeaAddSqrDivMulMul
18136135808,18136186720,50912,0,50912,myelin-exec:/v_proj_12/MatMul+/k_proj_12/MatMul+/q_proj_12/MatMul,648714,648714,3,0,3724,3536,:3507:3533:3536:3724,------myelin-exec:/v_proj_12/MatMul+/k_proj_12/MatMul+/q_proj_12/MatMul
18136188032,18136207296,19264,0,19264,myelin-exec:__myl_MovResConResRep,648714,648714,3,0,3725,3536,:3507:3533:3536:3725,------myelin-exec:__myl_MovResConResRep
18136208928,18136222816,13888,0,13888,myelin-exec:__myl_MovResMulMea,648714,648714,3,0,3726,3536,:3507:3533:3536:3726,------myelin-exec:__myl_MovResMulMea
18136224128,18136239008,14880,0,14880,myelin-exec:__myl_AddSqrDivMulMulResSliSliNegConMulMulAddConResRepResTra,648714,648714,3,0,3727,3536,:3507:3533:3536:3727,------myelin-exec:__myl_AddSqrDivMulMulResSliSliNegConMulMulAddConResRepResTra
18136240192,18136251360,11168,0,11168,myelin-exec:__myl_MovResMulMea,648714,648714,3,0,3728,3536,:3507:3533:3536:3728,------myelin-exec:__myl_MovResMulMea
18136252544,18136263232,10688,0,10688,myelin-exec:__myl_AddSqrDivMulMulResSliSliNegConMulMulAdd,648714,648714,3,0,3729,3536,:3507:3533:3536:3729,------myelin-exec:__myl_AddSqrDivMulMulResSliSliNegConMulMulAdd
18136264352,18136305600,41248,0,41248,myelin-exec:/MatMul_24,648714,648714,3,0,3730,3536,:3507:3533:3536:3730,------myelin-exec:/MatMul_24
18136307168,18136323136,15968,0,15968,myelin-exec:__myl_MulMaxSubExpSumDivMul,648714,648714,3,0,3731,3536,:3507:3533:3536:3731,------myelin-exec:__myl_MulMaxSubExpSumDivMul
18136324480,18136371552,47072,0,47072,myelin-exec:/MatMul_25,648714,648714,3,0,3732,3536,:3507:3533:3536:3732,------myelin-exec:/MatMul_25
18136372768,18136420192,47424,0,47424,myelin-exec:/o_proj_12/MatMul,648714,648714,3,0,3733,3536,:3507:3533:3536:3733,------myelin-exec:/o_proj_12/MatMul
18136421728,18136439264,17536,0,17536,myelin-exec:__myl_AddMulMeaAddSqrDivMulMul,648714,648714,3,0,3734,3536,:3507:3533:3536:3734,------myelin-exec:__myl_AddMulMeaAddSqrDivMulMul
18136440768,18136490368,49600,0,49600,myelin-exec:/up_proj_12/MatMul,648714,648714,3,0,3735,3536,:3507:3533:3536:3735,------myelin-exec:/up_proj_12/MatMul
18136492384,18136643232,150848,0,150848,myelin-exec:__myl_FcNegExpAddDivMulMul,648714,648714,3,0,3736,3536,:3507:3533:3536:3736,------myelin-exec:__myl_FcNegExpAddDivMulMul
18136645120,18136794528,149408,0,149408,myelin-exec:__myl_FcAdd,648714,648714,3,0,3737,3536,:3507:3533:3536:3737,------myelin-exec:__myl_FcAdd
18136796320,18136816288,19968,0,19968,myelin-exec:__myl_MulMeaAddSqrDivMulMul,648714,648714,3,0,3738,3536,:3507:3533:3536:3738,------myelin-exec:__myl_MulMeaAddSqrDivMulMul
18136817952,18136872608,54656,0,54656,myelin-exec:/v_proj_13/MatMul+/k_proj_13/MatMul+/q_proj_13/MatMul,648714,648714,3,0,3739,3536,:3507:3533:3536:3739,------myelin-exec:/v_proj_13/MatMul+/k_proj_13/MatMul+/q_proj_13/MatMul
18136874016,18136892992,18976,0,18976,myelin-exec:__myl_MovResConResRep,648714,648714,3,0,3740,3536,:3507:3533:3536:3740,------myelin-exec:__myl_MovResConResRep
18136894176,18136906592,12416,0,12416,myelin-exec:__myl_MovResMulMea,648714,648714,3,0,3741,3536,:3507:3533:3536:3741,------myelin-exec:__myl_MovResMulMea
18136907840,18136922016,14176,0,14176,myelin-exec:__myl_AddSqrDivMulMulResSliSliNegConMulMulAddConResRepResTra,648714,648714,3,0,3742,3536,:3507:3533:3536:3742,------myelin-exec:__myl_AddSqrDivMulMulResSliSliNegConMulMulAddConResRepResTra
18136923168,18136934272,11104,0,11104,myelin-exec:__myl_MovResMulMea,648714,648714,3,0,3743,3536,:3507:3533:3536:3743,------myelin-exec:__myl_MovResMulMea
18136935200,18136946016,10816,0,10816,myelin-exec:__myl_AddSqrDivMulMulResSliSliNegConMulMulAdd,648714,648714,3,0,3744,3536,:3507:3533:3536:3744,------myelin-exec:__myl_AddSqrDivMulMulResSliSliNegConMulMulAdd
18136947424,18136991744,44320,0,44320,myelin-exec:/MatMul_26,648714,648714,3,0,3745,3536,:3507:3533:3536:3745,------myelin-exec:/MatMul_26
18136993280,18137009824,16544,0,16544,myelin-exec:__myl_MulMaxSubExpSumDivMul,648714,648714,3,0,3746,3536,:3507:3533:3536:3746,------myelin-exec:__myl_MulMaxSubExpSumDivMul
18137011424,18137057152,45728,0,45728,myelin-exec:/MatMul_27,648714,648714,3,0,3747,3536,:3507:3533:3536:3747,------myelin-exec:/MatMul_27
18137059168,18137105888,46720,0,46720,myelin-exec:/o_proj_13/MatMul,648714,648714,3,0,3748,3536,:3507:3533:3536:3748,------myelin-exec:/o_proj_13/MatMul
18137107552,18137128224,20672,0,20672,myelin-exec:__myl_AddMulMeaAddSqrDivMulMul,648714,648714,3,0,3749,3536,:3507:3533:3536:3749,------myelin-exec:__myl_AddMulMeaAddSqrDivMulMul
18137130272,18137178784,48512,0,48512,myelin-exec:/up_proj_13/MatMul,648714,648714,3,0,3750,3536,:3507:3533:3536:3750,------myelin-exec:/up_proj_13/MatMul
18137181152,18137336608,155456,0,155456,myelin-exec:__myl_FcNegExpAddDivMulMul,648714,648714,3,0,3751,3536,:3507:3533:3536:3751,------myelin-exec:__myl_FcNegExpAddDivMulMul
18137338976,18137477792,138816,0,138816,myelin-exec:__myl_FcAdd,648714,648714,3,0,3752,3536,:3507:3533:3536:3752,------myelin-exec:__myl_FcAdd
18137479744,18137496800,17056,0,17056,myelin-exec:__myl_MulMeaAddSqrDivMulMul,648714,648714,3,0,3753,3536,:3507:3533:3536:3753,------myelin-exec:__myl_MulMeaAddSqrDivMulMul
18137498400,18137548192,49792,0,49792,myelin-exec:/v_proj_14/MatMul+/k_proj_14/MatMul+/q_proj_14/MatMul,648714,648714,3,0,3754,3536,:3507:3533:3536:3754,------myelin-exec:/v_proj_14/MatMul+/k_proj_14/MatMul+/q_proj_14/MatMul
18137549984,18137571520,21536,0,21536,myelin-exec:__myl_MovResConResRep,648714,648714,3,0,3755,3536,:3507:3533:3536:3755,------myelin-exec:__myl_MovResConResRep
18137573024,18137586880,13856,0,13856,myelin-exec:__myl_MovResMulMea,648714,648714,3,0,3756,3536,:3507:3533:3536:3756,------myelin-exec:__myl_MovResMulMea
18137588000,18137601856,13856,0,13856,myelin-exec:__myl_AddSqrDivMulMulResSliSliNegConMulMulAddConResRepResTra,648714,648714,3,0,3757,3536,:3507:3533:3536:3757,------myelin-exec:__myl_AddSqrDivMulMulResSliSliNegConMulMulAddConResRepResTra
18137603168,18137614208,11040,0,11040,myelin-exec:__myl_MovResMulMea,648714,648714,3,0,3758,3536,:3507:3533:3536:3758,------myelin-exec:__myl_MovResMulMea
18137615808,18137626240,10432,0,10432,myelin-exec:__myl_AddSqrDivMulMulResSliSliNegConMulMulAdd,648714,648714,3,0,3759,3536,:3507:3533:3536:3759,------myelin-exec:__myl_AddSqrDivMulMulResSliSliNegConMulMulAdd
18137627328,18137670912,43584,0,43584,myelin-exec:/MatMul_28,648714,648714,3,0,3760,3536,:3507:3533:3536:3760,------myelin-exec:/MatMul_28
18137672768,18137686976,14208,0,14208,myelin-exec:__myl_MulMaxSubExpSumDivMul,648714,648714,3,0,3761,3536,:3507:3533:3536:3761,------myelin-exec:__myl_MulMaxSubExpSumDivMul
18137688480,18137734752,46272,0,46272,myelin-exec:/MatMul_29,648714,648714,3,0,3762,3536,:3507:3533:3536:3762,------myelin-exec:/MatMul_29
18137736864,18137782784,45920,0,45920,myelin-exec:/o_proj_14/MatMul,648714,648714,3,0,3763,3536,:3507:3533:3536:3763,------myelin-exec:/o_proj_14/MatMul
18137784576,18137801472,16896,0,16896,myelin-exec:__myl_AddMulMeaAddSqrDivMulMul,648714,648714,3,0,3764,3536,:3507:3533:3536:3764,------myelin-exec:__myl_AddMulMeaAddSqrDivMulMul
18137802656,18137850496,47840,0,47840,myelin-exec:/up_proj_14/MatMul,648714,648714,3,0,3765,3536,:3507:3533:3536:3765,------myelin-exec:/up_proj_14/MatMul
18137852320,18138003648,151328,0,151328,myelin-exec:__myl_FcNegExpAddDivMulMul,648714,648714,3,0,3766,3536,:3507:3533:3536:3766,------myelin-exec:__myl_FcNegExpAddDivMulMul
18138005696,18138146720,141024,0,141024,myelin-exec:__myl_FcAdd,648714,648714,3,0,3767,3536,:3507:3533:3536:3767,------myelin-exec:__myl_FcAdd
18138148544,18138167136,18592,0,18592,myelin-exec:__myl_MulMeaAddSqrDivMulMul,648714,648714,3,0,3768,3536,:3507:3533:3536:3768,------myelin-exec:__myl_MulMeaAddSqrDivMulMul
18138168960,18138214752,45792,0,45792,myelin-exec:/v_proj_15/MatMul+/k_proj_15/MatMul+/q_proj_15/MatMul,648714,648714,3,0,3769,3536,:3507:3533:3536:3769,------myelin-exec:/v_proj_15/MatMul+/k_proj_15/MatMul+/q_proj_15/MatMul
18138216896,18138235072,18176,0,18176,myelin-exec:__myl_MovResConResRep,648714,648714,3,0,3770,3536,:3507:3533:3536:3770,------myelin-exec:__myl_MovResConResRep
18138236928,18138252160,15232,0,15232,myelin-exec:__myl_MovResMulMea,648714,648714,3,0,3771,3536,:3507:3533:3536:3771,------myelin-exec:__myl_MovResMulMea
18138253312,18138267648,14336,0,14336,myelin-exec:__myl_AddSqrDivMulMulResSliSliNegConMulMulAddConResRepResTra,648714,648714,3,0,3772,3536,:3507:3533:3536:3772,------myelin-exec:__myl_AddSqrDivMulMulResSliSliNegConMulMulAddConResRepResTra
18138268672,18138279904,11232,0,11232,myelin-exec:__myl_MovResMulMea,648714,648714,3,0,3773,3536,:3507:3533:3536:3773,------myelin-exec:__myl_MovResMulMea
18138281280,18138292032,10752,0,10752,myelin-exec:__myl_AddSqrDivMulMulResSliSliNegConMulMulAdd,648714,648714,3,0,3774,3536,:3507:3533:3536:3774,------myelin-exec:__myl_AddSqrDivMulMulResSliSliNegConMulMulAdd
18138292896,18138328640,35744,0,35744,myelin-exec:/MatMul_30,648714,648714,3,0,3775,3536,:3507:3533:3536:3775,------myelin-exec:/MatMul_30
18138330336,18138343648,13312,0,13312,myelin-exec:__myl_MulMaxSubExpSumDivMul,648714,648714,3,0,3776,3536,:3507:3533:3536:3776,------myelin-exec:__myl_MulMaxSubExpSumDivMul
18138344896,18138384000,39104,0,39104,myelin-exec:/MatMul_31,648714,648714,3,0,3777,3536,:3507:3533:3536:3777,------myelin-exec:/MatMul_31
18138385760,18138427008,41248,0,41248,myelin-exec:/o_proj_15/MatMul,648714,648714,3,0,3778,3536,:3507:3533:3536:3778,------myelin-exec:/o_proj_15/MatMul
18138428672,18138446496,17824,0,17824,myelin-exec:__myl_AddMulMeaAddSqrDivMulMul,648714,648714,3,0,3779,3536,:3507:3533:3536:3779,------myelin-exec:__myl_AddMulMeaAddSqrDivMulMul
18138448032,18138490912,42880,0,42880,myelin-exec:/up_proj_15/MatMul,648714,648714,3,0,3780,3536,:3507:3533:3536:3780,------myelin-exec:/up_proj_15/MatMul
18138492224,18138636000,143776,0,143776,myelin-exec:__myl_FcNegExpAddDivMulMul,648714,648714,3,0,3781,3536,:3507:3533:3536:3781,------myelin-exec:__myl_FcNegExpAddDivMulMul
18138637632,18138778592,140960,0,140960,myelin-exec:__myl_FcAdd,648714,648714,3,0,3782,3536,:3507:3533:3536:3782,------myelin-exec:__myl_FcAdd
18138780320,18138799392,19072,0,19072,myelin-exec:__myl_MulMeaAddSqrDivMulMul,648714,648714,3,0,3783,3536,:3507:3533:3536:3783,------myelin-exec:__myl_MulMeaAddSqrDivMulMul
18138800864,18138853504,52640,0,52640,myelin-exec:/v_proj_16/MatMul+/k_proj_16/MatMul+/q_proj_16/MatMul,648714,648714,3,0,3784,3536,:3507:3533:3536:3784,------myelin-exec:/v_proj_16/MatMul+/k_proj_16/MatMul+/q_proj_16/MatMul
18138855840,18138876256,20416,0,20416,myelin-exec:__myl_MovResConResRep,648714,648714,3,0,3785,3536,:3507:3533:3536:3785,------myelin-exec:__myl_MovResConResRep
18138877792,18138892672,14880,0,14880,myelin-exec:__myl_MovResMulMea,648714,648714,3,0,3786,3536,:3507:3533:3536:3786,------myelin-exec:__myl_MovResMulMea
18138893760,18138908800,15040,0,15040,myelin-exec:__myl_AddSqrDivMulMulResSliSliNegConMulMulAddConResRepResTra,648714,648714,3,0,3787,3536,:3507:3533:3536:3787,------myelin-exec:__myl_AddSqrDivMulMulResSliSliNegConMulMulAddConResRepResTra
18138909888,18138920768,10880,0,10880,myelin-exec:__myl_MovResMulMea,648714,648714,3,0,3788,3536,:3507:3533:3536:3788,------myelin-exec:__myl_MovResMulMea
18138921440,18138932448,11008,0,11008,myelin-exec:__myl_AddSqrDivMulMulResSliSliNegConMulMulAdd,648714,648714,3,0,3789,3536,:3507:3533:3536:3789,------myelin-exec:__myl_AddSqrDivMulMulResSliSliNegConMulMulAdd
18138933856,18138976768,42912,0,42912,myelin-exec:/MatMul_32,648714,648714,3,0,3790,3536,:3507:3533:3536:3790,------myelin-exec:/MatMul_32
18138978560,18138994752,16192,0,16192,myelin-exec:__myl_MulMaxSubExpSumDivMul,648714,648714,3,0,3791,3536,:3507:3533:3536:3791,------myelin-exec:__myl_MulMaxSubExpSumDivMul
18138996192,18139039936,43744,0,43744,myelin-exec:/MatMul_33,648714,648714,3,0,3792,3536,:3507:3533:3536:3792,------myelin-exec:/MatMul_33
18139041856,18139087424,45568,0,45568,myelin-exec:/o_proj_16/MatMul,648714,648714,3,0,3793,3536,:3507:3533:3536:3793,------myelin-exec:/o_proj_16/MatMul
18139089536,18139107840,18304,0,18304,myelin-exec:__myl_AddMulMeaAddSqrDivMulMul,648714,648714,3,0,3794,3536,:3507:3533:3536:3794,------myelin-exec:__myl_AddMulMeaAddSqrDivMulMul
18139109376,18139152480,43104,0,43104,myelin-exec:/up_proj_16/MatMul,648714,648714,3,0,3795,3536,:3507:3533:3536:3795,------myelin-exec:/up_proj_16/MatMul
18139154112,18139303392,149280,0,149280,myelin-exec:__myl_FcNegExpAddDivMulMul,648714,648714,3,0,3796,3536,:3507:3533:3536:3796,------myelin-exec:__myl_FcNegExpAddDivMulMul
18139305024,18139439040,134016,0,134016,myelin-exec:__myl_FcAdd,648714,648714,3,0,3797,3536,:3507:3533:3536:3797,------myelin-exec:__myl_FcAdd
18139440768,18139455264,14496,0,14496,myelin-exec:__myl_MulMeaAddSqrDivMulMul,648714,648714,3,0,3798,3536,:3507:3533:3536:3798,------myelin-exec:__myl_MulMeaAddSqrDivMulMul
18139456736,18139507744,51008,0,51008,myelin-exec:/v_proj_17/MatMul+/k_proj_17/MatMul+/q_proj_17/MatMul,648714,648714,3,0,3799,3536,:3507:3533:3536:3799,------myelin-exec:/v_proj_17/MatMul+/k_proj_17/MatMul+/q_proj_17/MatMul
18139509568,18139529280,19712,0,19712,myelin-exec:__myl_MovResConResRep,648714,648714,3,0,3800,3536,:3507:3533:3536:3800,------myelin-exec:__myl_MovResConResRep
18139530752,18139544736,13984,0,13984,myelin-exec:__myl_MovResMulMea,648714,648714,3,0,3801,3536,:3507:3533:3536:3801,------myelin-exec:__myl_MovResMulMea
18139545856,18139560928,15072,0,15072,myelin-exec:__myl_AddSqrDivMulMulResSliSliNegConMulMulAddConResRepResTra,648714,648714,3,0,3802,3536,:3507:3533:3536:3802,------myelin-exec:__myl_AddSqrDivMulMulResSliSliNegConMulMulAddConResRepResTra
18139562240,18139573088,10848,0,10848,myelin-exec:__myl_MovResMulMea,648714,648714,3,0,3803,3536,:3507:3533:3536:3803,------myelin-exec:__myl_MovResMulMea
18139574112,18139585472,11360,0,11360,myelin-exec:__myl_AddSqrDivMulMulResSliSliNegConMulMulAdd,648714,648714,3,0,3804,3536,:3507:3533:3536:3804,------myelin-exec:__myl_AddSqrDivMulMulResSliSliNegConMulMulAdd
18139586560,18139628928,42368,0,42368,myelin-exec:/MatMul_34,648714,648714,3,0,3805,3536,:3507:3533:3536:3805,------myelin-exec:/MatMul_34
18139630688,18139646624,15936,0,15936,myelin-exec:__myl_MulMaxSubExpSumDivMul,648714,648714,3,0,3806,3536,:3507:3533:3536:3806,------myelin-exec:__myl_MulMaxSubExpSumDivMul
18139648000,18139690368,42368,0,42368,myelin-exec:/MatMul_35,648714,648714,3,0,3807,3536,:3507:3533:3536:3807,------myelin-exec:/MatMul_35
18139691776,18139737792,46016,0,46016,myelin-exec:/o_proj_17/MatMul,648714,648714,3,0,3808,3536,:3507:3533:3536:3808,------myelin-exec:/o_proj_17/MatMul
18139739104,18139757216,18112,0,18112,myelin-exec:__myl_AddMulMeaAddSqrDivMulMul,648714,648714,3,0,3809,3536,:3507:3533:3536:3809,------myelin-exec:__myl_AddMulMeaAddSqrDivMulMul
18139758432,18139803648,45216,0,45216,myelin-exec:/up_proj_17/MatMul,648714,648714,3,0,3810,3536,:3507:3533:3536:3810,------myelin-exec:/up_proj_17/MatMul
18139805632,18139952608,146976,0,146976,myelin-exec:__myl_FcNegExpAddDivMulMul,648714,648714,3,0,3811,3536,:3507:3533:3536:3811,------myelin-exec:__myl_FcNegExpAddDivMulMul
18139954688,18140091968,137280,0,137280,myelin-exec:__myl_FcAdd,648714,648714,3,0,3812,3536,:3507:3533:3536:3812,------myelin-exec:__myl_FcAdd
18140093568,18140112320,18752,0,18752,myelin-exec:__myl_MulMeaAddSqrDivMulMul,648714,648714,3,0,3813,3536,:3507:3533:3536:3813,------myelin-exec:__myl_MulMeaAddSqrDivMulMul
18140113664,18140163072,49408,0,49408,myelin-exec:/v_proj_18/MatMul+/k_proj_18/MatMul+/q_proj_18/MatMul,648714,648714,3,0,3814,3536,:3507:3533:3536:3814,------myelin-exec:/v_proj_18/MatMul+/k_proj_18/MatMul+/q_proj_18/MatMul
18140164832,18140185472,20640,0,20640,myelin-exec:__myl_MovResConResRep,648714,648714,3,0,3815,3536,:3507:3533:3536:3815,------myelin-exec:__myl_MovResConResRep
18140187008,18140201568,14560,0,14560,myelin-exec:__myl_MovResMulMea,648714,648714,3,0,3816,3536,:3507:3533:3536:3816,------myelin-exec:__myl_MovResMulMea
18140203328,18140218048,14720,0,14720,myelin-exec:__myl_AddSqrDivMulMulResSliSliNegConMulMulAddConResRepResTra,648714,648714,3,0,3817,3536,:3507:3533:3536:3817,------myelin-exec:__myl_AddSqrDivMulMulResSliSliNegConMulMulAddConResRepResTra
18140219232,18140231136,11904,0,11904,myelin-exec:__myl_MovResMulMea,648714,648714,3,0,3818,3536,:3507:3533:3536:3818,------myelin-exec:__myl_MovResMulMea
18140232256,18140243200,10944,0,10944,myelin-exec:__myl_AddSqrDivMulMulResSliSliNegConMulMulAdd,648714,648714,3,0,3819,3536,:3507:3533:3536:3819,------myelin-exec:__myl_AddSqrDivMulMulResSliSliNegConMulMulAdd
18140244192,18140283776,39584,0,39584,myelin-exec:/MatMul_36,648714,648714,3,0,3820,3536,:3507:3533:3536:3820,------myelin-exec:/MatMul_36
18140285248,18140302112,16864,0,16864,myelin-exec:__myl_MulMaxSubExpSumDivMul,648714,648714,3,0,3821,3536,:3507:3533:3536:3821,------myelin-exec:__myl_MulMaxSubExpSumDivMul
18140303904,18140347264,43360,0,43360,myelin-exec:/MatMul_37,648714,648714,3,0,3822,3536,:3507:3533:3536:3822,------myelin-exec:/MatMul_37
18140349248,18140391168,41920,0,41920,myelin-exec:/o_proj_18/MatMul,648714,648714,3,0,3823,3536,:3507:3533:3536:3823,------myelin-exec:/o_proj_18/MatMul
18140393152,18140410496,17344,0,17344,myelin-exec:__myl_AddMulMeaAddSqrDivMulMul,648714,648714,3,0,3824,3536,:3507:3533:3536:3824,------myelin-exec:__myl_AddMulMeaAddSqrDivMulMul
18140412320,18140458784,46464,0,46464,myelin-exec:/up_proj_18/MatMul,648714,648714,3,0,3825,3536,:3507:3533:3536:3825,------myelin-exec:/up_proj_18/MatMul
18140460640,18140613056,152416,0,152416,myelin-exec:__myl_FcNegExpAddDivMulMul,648714,648714,3,0,3826,3536,:3507:3533:3536:3826,------myelin-exec:__myl_FcNegExpAddDivMulMul
18140615008,18140759040,144032,0,144032,myelin-exec:__myl_FcAdd,648714,648714,3,0,3827,3536,:3507:3533:3536:3827,------myelin-exec:__myl_FcAdd
18140760896,18140794912,34016,0,34016,myelin-exec:__myl_MulMeaAddSqrDivMulMul,648714,648714,3,0,3828,3536,:3507:3533:3536:3828,------myelin-exec:__myl_MulMeaAddSqrDivMulMul
18140796608,18140860864,64256,0,64256,myelin-exec:/v_proj_19/MatMul+/k_proj_19/MatMul+/q_proj_19/MatMul,648714,648714,3,0,3829,3536,:3507:3533:3536:3829,------myelin-exec:/v_proj_19/MatMul+/k_proj_19/MatMul+/q_proj_19/MatMul
18140862976,18140885440,22464,0,22464,myelin-exec:__myl_MovResConResRep,648714,648714,3,0,3830,3536,:3507:3533:3536:3830,------myelin-exec:__myl_MovResConResRep
18140886912,18140900736,13824,0,13824,myelin-exec:__myl_MovResMulMea,648714,648714,3,0,3831,3536,:3507:3533:3536:3831,------myelin-exec:__myl_MovResMulMea
18140901984,18140916000,14016,0,14016,myelin-exec:__myl_AddSqrDivMulMulResSliSliNegConMulMulAddConResRepResTra,648714,648714,3,0,3832,3536,:3507:3533:3536:3832,------myelin-exec:__myl_AddSqrDivMulMulResSliSliNegConMulMulAddConResRepResTra
18140917184,18140928864,11680,0,11680,myelin-exec:__myl_MovResMulMea,648714,648714,3,0,3833,3536,:3507:3533:3536:3833,------myelin-exec:__myl_MovResMulMea
18140929696,18140941216,11520,0,11520,myelin-exec:__myl_AddSqrDivMulMulResSliSliNegConMulMulAdd,648714,648714,3,0,3834,3536,:3507:3533:3536:3834,------myelin-exec:__myl_AddSqrDivMulMulResSliSliNegConMulMulAdd
18140942272,18140993696,51424,0,51424,myelin-exec:/MatMul_38,648714,648714,3,0,3835,3536,:3507:3533:3536:3835,------myelin-exec:/MatMul_38
18140995008,18141014496,19488,0,19488,myelin-exec:__myl_MulMaxSubExpSumDivMul,648714,648714,3,0,3836,3536,:3507:3533:3536:3836,------myelin-exec:__myl_MulMaxSubExpSumDivMul
18141015872,18141062496,46624,0,46624,myelin-exec:/MatMul_39,648714,648714,3,0,3837,3536,:3507:3533:3536:3837,------myelin-exec:/MatMul_39
18141064640,18141113664,49024,0,49024,myelin-exec:/o_proj_19/MatMul,648714,648714,3,0,3838,3536,:3507:3533:3536:3838,------myelin-exec:/o_proj_19/MatMul
18141115872,18141136544,20672,0,20672,myelin-exec:__myl_AddMulMeaAddSqrDivMulMul,648714,648714,3,0,3839,3536,:3507:3533:3536:3839,------myelin-exec:__myl_AddMulMeaAddSqrDivMulMul
18141138336,18141184512,46176,0,46176,myelin-exec:/up_proj_19/MatMul,648714,648714,3,0,3840,3536,:3507:3533:3536:3840,------myelin-exec:/up_proj_19/MatMul
18141186144,18141331040,144896,0,144896,myelin-exec:__myl_FcNegExpAddDivMulMul,648714,648714,3,0,3841,3536,:3507:3533:3536:3841,------myelin-exec:__myl_FcNegExpAddDivMulMul
18141332736,18141466272,133536,0,133536,myelin-exec:__myl_FcAdd,648714,648714,3,0,3842,3536,:3507:3533:3536:3842,------myelin-exec:__myl_FcAdd
18141468544,18141483200,14656,0,14656,myelin-exec:__myl_MulMeaAddSqrDivMulMul,648714,648714,3,0,3843,3536,:3507:3533:3536:3843,------myelin-exec:__myl_MulMeaAddSqrDivMulMul
18141484672,18141531200,46528,0,46528,myelin-exec:/v_proj_20/MatMul+/k_proj_20/MatMul+/q_proj_20/MatMul,648714,648714,3,0,3844,3536,:3507:3533:3536:3844,------myelin-exec:/v_proj_20/MatMul+/k_proj_20/MatMul+/q_proj_20/MatMul
18141533216,18141550016,16800,0,16800,myelin-exec:__myl_MovResConResRep,648714,648714,3,0,3845,3536,:3507:3533:3536:3845,------myelin-exec:__myl_MovResConResRep
18141551488,18141564480,12992,0,12992,myelin-exec:__myl_MovResMulMea,648714,648714,3,0,3846,3536,:3507:3533:3536:3846,------myelin-exec:__myl_MovResMulMea
18141565888,18141580000,14112,0,14112,myelin-exec:__myl_AddSqrDivMulMulResSliSliNegConMulMulAddConResRepResTra,648714,648714,3,0,3847,3536,:3507:3533:3536:3847,------myelin-exec:__myl_AddSqrDivMulMulResSliSliNegConMulMulAddConResRepResTra
18141581504,18141592896,11392,0,11392,myelin-exec:__myl_MovResMulMea,648714,648714,3,0,3848,3536,:3507:3533:3536:3848,------myelin-exec:__myl_MovResMulMea
18141594080,18141605472,11392,0,11392,myelin-exec:__myl_AddSqrDivMulMulResSliSliNegConMulMulAdd,648714,648714,3,0,3849,3536,:3507:3533:3536:3849,------myelin-exec:__myl_AddSqrDivMulMulResSliSliNegConMulMulAdd
18141606880,18141641792,34912,0,34912,myelin-exec:/MatMul_40,648714,648714,3,0,3850,3536,:3507:3533:3536:3850,------myelin-exec:/MatMul_40
18141643648,18141656384,12736,0,12736,myelin-exec:__myl_MulMaxSubExpSumDivMul,648714,648714,3,0,3851,3536,:3507:3533:3536:3851,------myelin-exec:__myl_MulMaxSubExpSumDivMul
18141657856,18141702112,44256,0,44256,myelin-exec:/MatMul_41,648714,648714,3,0,3852,3536,:3507:3533:3536:3852,------myelin-exec:/MatMul_41
18141703456,18141746112,42656,0,42656,myelin-exec:/o_proj_20/MatMul,648714,648714,3,0,3853,3536,:3507:3533:3536:3853,------myelin-exec:/o_proj_20/MatMul
18141747840,18141763424,15584,0,15584,myelin-exec:__myl_AddMulMeaAddSqrDivMulMul,648714,648714,3,0,3854,3536,:3507:3533:3536:3854,------myelin-exec:__myl_AddMulMeaAddSqrDivMulMul
18141764896,18141807136,42240,0,42240,myelin-exec:/up_proj_20/MatMul,648714,648714,3,0,3855,3536,:3507:3533:3536:3855,------myelin-exec:/up_proj_20/MatMul
18141808832,18141952896,144064,0,144064,myelin-exec:__myl_FcNegExpAddDivMulMul,648714,648714,3,0,3856,3536,:3507:3533:3536:3856,------myelin-exec:__myl_FcNegExpAddDivMulMul
18141955136,18142093440,138304,0,138304,myelin-exec:__myl_FcAdd,648714,648714,3,0,3857,3536,:3507:3533:3536:3857,------myelin-exec:__myl_FcAdd
18142094944,18142113376,18432,0,18432,myelin-exec:__myl_MulMeaAddSqrDivMulMul,648714,648714,3,0,3858,3536,:3507:3533:3536:3858,------myelin-exec:__myl_MulMeaAddSqrDivMulMul
18142114816,18142160640,45824,0,45824,myelin-exec:/v_proj_21/MatMul+/k_proj_21/MatMul+/q_proj_21/MatMul,648714,648714,3,0,3859,3536,:3507:3533:3536:3859,------myelin-exec:/v_proj_21/MatMul+/k_proj_21/MatMul+/q_proj_21/MatMul
18142162336,18142180128,17792,0,17792,myelin-exec:__myl_MovResConResRep,648714,648714,3,0,3860,3536,:3507:3533:3536:3860,------myelin-exec:__myl_MovResConResRep
18142181696,18142194720,13024,0,13024,myelin-exec:__myl_MovResMulMea,648714,648714,3,0,3861,3536,:3507:3533:3536:3861,------myelin-exec:__myl_MovResMulMea
18142196256,18142210368,14112,0,14112,myelin-exec:__myl_AddSqrDivMulMulResSliSliNegConMulMulAddConResRepResTra,648714,648714,3,0,3862,3536,:3507:3533:3536:3862,------myelin-exec:__myl_AddSqrDivMulMulResSliSliNegConMulMulAddConResRepResTra
18142211456,18142222496,11040,0,11040,myelin-exec:__myl_MovResMulMea,648714,648714,3,0,3863,3536,:3507:3533:3536:3863,------myelin-exec:__myl_MovResMulMea
18142223872,18142234944,11072,0,11072,myelin-exec:__myl_AddSqrDivMulMulResSliSliNegConMulMulAdd,648714,648714,3,0,3864,3536,:3507:3533:3536:3864,------myelin-exec:__myl_AddSqrDivMulMulResSliSliNegConMulMulAdd
18142236032,18142273920,37888,0,37888,myelin-exec:/MatMul_42,648714,648714,3,0,3865,3536,:3507:3533:3536:3865,------myelin-exec:/MatMul_42
18142275072,18142289824,14752,0,14752,myelin-exec:__myl_MulMaxSubExpSumDivMul,648714,648714,3,0,3866,3536,:3507:3533:3536:3866,------myelin-exec:__myl_MulMaxSubExpSumDivMul
18142291456,18142333440,41984,0,41984,myelin-exec:/MatMul_43,648714,648714,3,0,3867,3536,:3507:3533:3536:3867,------myelin-exec:/MatMul_43
18142334816,18142378336,43520,0,43520,myelin-exec:/o_proj_21/MatMul,648714,648714,3,0,3868,3536,:3507:3533:3536:3868,------myelin-exec:/o_proj_21/MatMul
18142379872,18142397184,17312,0,17312,myelin-exec:__myl_AddMulMeaAddSqrDivMulMul,648714,648714,3,0,3869,3536,:3507:3533:3536:3869,------myelin-exec:__myl_AddMulMeaAddSqrDivMulMul
18142398624,18142442432,43808,0,43808,myelin-exec:/up_proj_21/MatMul,648714,648714,3,0,3870,3536,:3507:3533:3536:3870,------myelin-exec:/up_proj_21/MatMul
18142444224,18142594528,150304,0,150304,myelin-exec:__myl_FcNegExpAddDivMulMul,648714,648714,3,0,3871,3536,:3507:3533:3536:3871,------myelin-exec:__myl_FcNegExpAddDivMulMul
18142596128,18142735264,139136,0,139136,myelin-exec:__myl_FcAdd,648714,648714,3,0,3872,3536,:3507:3533:3536:3872,------myelin-exec:__myl_FcAdd
18142737120,18142756288,19168,0,19168,myelin-exec:__myl_MulMeaAddSqrDivMulMul,648714,648714,3,0,3873,3536,:3507:3533:3536:3873,------myelin-exec:__myl_MulMeaAddSqrDivMulMul
18142757696,18142806336,48640,0,48640,myelin-exec:/v_proj_22/MatMul+/k_proj_22/MatMul+/q_proj_22/MatMul,648714,648714,3,0,3874,3536,:3507:3533:3536:3874,------myelin-exec:/v_proj_22/MatMul+/k_proj_22/MatMul+/q_proj_22/MatMul
18142808160,18142827072,18912,0,18912,myelin-exec:__myl_MovResConResRep,648714,648714,3,0,3875,3536,:3507:3533:3536:3875,------myelin-exec:__myl_MovResConResRep
18142828960,18142841728,12768,0,12768,myelin-exec:__myl_MovResMulMea,648714,648714,3,0,3876,3536,:3507:3533:3536:3876,------myelin-exec:__myl_MovResMulMea
18142843104,18142856864,13760,0,13760,myelin-exec:__myl_AddSqrDivMulMulResSliSliNegConMulMulAddConResRepResTra,648714,648714,3,0,3877,3536,:3507:3533:3536:3877,------myelin-exec:__myl_AddSqrDivMulMulResSliSliNegConMulMulAddConResRepResTra
18142858016,18142869216,11200,0,11200,myelin-exec:__myl_MovResMulMea,648714,648714,3,0,3878,3536,:3507:3533:3536:3878,------myelin-exec:__myl_MovResMulMea
18142870336,18142881472,11136,0,11136,myelin-exec:__myl_AddSqrDivMulMulResSliSliNegConMulMulAdd,648714,648714,3,0,3879,3536,:3507:3533:3536:3879,------myelin-exec:__myl_AddSqrDivMulMulResSliSliNegConMulMulAdd
18142882944,18142923392,40448,0,40448,myelin-exec:/MatMul_44,648714,648714,3,0,3880,3536,:3507:3533:3536:3880,------myelin-exec:/MatMul_44
18142925088,18142941152,16064,0,16064,myelin-exec:__myl_MulMaxSubExpSumDivMul,648714,648714,3,0,3881,3536,:3507:3533:3536:3881,------myelin-exec:__myl_MulMaxSubExpSumDivMul
18142942688,18142985248,42560,0,42560,myelin-exec:/MatMul_45,648714,648714,3,0,3882,3536,:3507:3533:3536:3882,------myelin-exec:/MatMul_45
18142986880,18143033440,46560,0,46560,myelin-exec:/o_proj_22/MatMul,648714,648714,3,0,3883,3536,:3507:3533:3536:3883,------myelin-exec:/o_proj_22/MatMul
18143035488,18143055392,19904,0,19904,myelin-exec:__myl_AddMulMeaAddSqrDivMulMul,648714,648714,3,0,3884,3536,:3507:3533:3536:3884,------myelin-exec:__myl_AddMulMeaAddSqrDivMulMul
18143056928,18143103232,46304,0,46304,myelin-exec:/up_proj_22/MatMul,648714,648714,3,0,3885,3536,:3507:3533:3536:3885,------myelin-exec:/up_proj_22/MatMul
18143105120,18143263104,157984,0,157984,myelin-exec:__myl_FcNegExpAddDivMulMul,648714,648714,3,0,3886,3536,:3507:3533:3536:3886,------myelin-exec:__myl_FcNegExpAddDivMulMul
18143265504,18143408608,143104,0,143104,myelin-exec:__myl_FcAdd,648714,648714,3,0,3887,3536,:3507:3533:3536:3887,------myelin-exec:__myl_FcAdd
18143410816,18143429472,18656,0,18656,myelin-exec:__myl_MulMeaAddSqrDivMulMul,648714,648714,3,0,3888,3536,:3507:3533:3536:3888,------myelin-exec:__myl_MulMeaAddSqrDivMulMul
18143431232,18143485920,54688,0,54688,myelin-exec:/v_proj_23/MatMul+/k_proj_23/MatMul+/q_proj_23/MatMul,648714,648714,3,0,3889,3536,:3507:3533:3536:3889,------myelin-exec:/v_proj_23/MatMul+/k_proj_23/MatMul+/q_proj_23/MatMul
18143487264,18143509216,21952,0,21952,myelin-exec:__myl_MovResConResRep,648714,648714,3,0,3890,3536,:3507:3533:3536:3890,------myelin-exec:__myl_MovResConResRep
18143510816,18143523936,13120,0,13120,myelin-exec:__myl_MovResMulMea,648714,648714,3,0,3891,3536,:3507:3533:3536:3891,------myelin-exec:__myl_MovResMulMea
18143525376,18143539936,14560,0,14560,myelin-exec:__myl_AddSqrDivMulMulResSliSliNegConMulMulAddConResRepResTra,648714,648714,3,0,3892,3536,:3507:3533:3536:3892,------myelin-exec:__myl_AddSqrDivMulMulResSliSliNegConMulMulAddConResRepResTra
18143541120,18143552448,11328,0,11328,myelin-exec:__myl_MovResMulMea,648714,648714,3,0,3893,3536,:3507:3533:3536:3893,------myelin-exec:__myl_MovResMulMea
18143553856,18143565184,11328,0,11328,myelin-exec:__myl_AddSqrDivMulMulResSliSliNegConMulMulAdd,648714,648714,3,0,3894,3536,:3507:3533:3536:3894,------myelin-exec:__myl_AddSqrDivMulMulResSliSliNegConMulMulAdd
18143566432,18143611424,44992,0,44992,myelin-exec:/MatMul_46,648714,648714,3,0,3895,3536,:3507:3533:3536:3895,------myelin-exec:/MatMul_46
18143612992,18143630592,17600,0,17600,myelin-exec:__myl_MulMaxSubExpSumDivMul,648714,648714,3,0,3896,3536,:3507:3533:3536:3896,------myelin-exec:__myl_MulMaxSubExpSumDivMul
18143632288,18143676320,44032,0,44032,myelin-exec:/MatMul_47,648714,648714,3,0,3897,3536,:3507:3533:3536:3897,------myelin-exec:/MatMul_47
18143677856,18143722336,44480,0,44480,myelin-exec:/o_proj_23/MatMul,648714,648714,3,0,3898,3536,:3507:3533:3536:3898,------myelin-exec:/o_proj_23/MatMul
18143724160,18143742400,18240,0,18240,myelin-exec:__myl_AddMulMeaAddSqrDivMulMul,648714,648714,3,0,3899,3536,:3507:3533:3536:3899,------myelin-exec:__myl_AddMulMeaAddSqrDivMulMul
18143744160,18143790880,46720,0,46720,myelin-exec:/up_proj_23/MatMul,648714,648714,3,0,3900,3536,:3507:3533:3536:3900,------myelin-exec:/up_proj_23/MatMul
18143792736,18143947648,154912,0,154912,myelin-exec:__myl_FcNegExpAddDivMulMul,648714,648714,3,0,3901,3536,:3507:3533:3536:3901,------myelin-exec:__myl_FcNegExpAddDivMulMul
18143949792,18144086592,136800,0,136800,myelin-exec:__myl_FcAdd,648714,648714,3,0,3902,3536,:3507:3533:3536:3902,------myelin-exec:__myl_FcAdd
18144088768,18144103808,15040,0,15040,myelin-exec:__myl_MulMeaAddSqrDivMulMul,648714,648714,3,0,3903,3536,:3507:3533:3536:3903,------myelin-exec:__myl_MulMeaAddSqrDivMulMul
18144105504,18144161312,55808,0,55808,myelin-exec:/v_proj_24/MatMul+/k_proj_24/MatMul+/q_proj_24/MatMul,648714,648714,3,0,3904,3536,:3507:3533:3536:3904,------myelin-exec:/v_proj_24/MatMul+/k_proj_24/MatMul+/q_proj_24/MatMul
18144163328,18144185312,21984,0,21984,myelin-exec:__myl_MovResConResRep,648714,648714,3,0,3905,3536,:3507:3533:3536:3905,------myelin-exec:__myl_MovResConResRep
18144186944,18144200224,13280,0,13280,myelin-exec:__myl_MovResMulMea,648714,648714,3,0,3906,3536,:3507:3533:3536:3906,------myelin-exec:__myl_MovResMulMea
18144201696,18144216224,14528,0,14528,myelin-exec:__myl_AddSqrDivMulMulResSliSliNegConMulMulAddConResRepResTra,648714,648714,3,0,3907,3536,:3507:3533:3536:3907,------myelin-exec:__myl_AddSqrDivMulMulResSliSliNegConMulMulAddConResRepResTra
18144217408,18144228416,11008,0,11008,myelin-exec:__myl_MovResMulMea,648714,648714,3,0,3908,3536,:3507:3533:3536:3908,------myelin-exec:__myl_MovResMulMea
18144229216,18144240480,11264,0,11264,myelin-exec:__myl_AddSqrDivMulMulResSliSliNegConMulMulAdd,648714,648714,3,0,3909,3536,:3507:3533:3536:3909,------myelin-exec:__myl_AddSqrDivMulMulResSliSliNegConMulMulAdd
18144241472,18144282752,41280,0,41280,myelin-exec:/MatMul_48,648714,648714,3,0,3910,3536,:3507:3533:3536:3910,------myelin-exec:/MatMul_48
18144284736,18144300544,15808,0,15808,myelin-exec:__myl_MulMaxSubExpSumDivMul,648714,648714,3,0,3911,3536,:3507:3533:3536:3911,------myelin-exec:__myl_MulMaxSubExpSumDivMul
18144302080,18144349472,47392,0,47392,myelin-exec:/MatMul_49,648714,648714,3,0,3912,3536,:3507:3533:3536:3912,------myelin-exec:/MatMul_49
18144351520,18144400448,48928,0,48928,myelin-exec:/o_proj_24/MatMul,648714,648714,3,0,3913,3536,:3507:3533:3536:3913,------myelin-exec:/o_proj_24/MatMul
18144402080,18144422176,20096,0,20096,myelin-exec:__myl_AddMulMeaAddSqrDivMulMul,648714,648714,3,0,3914,3536,:3507:3533:3536:3914,------myelin-exec:__myl_AddMulMeaAddSqrDivMulMul
18144423744,18144467680,43936,0,43936,myelin-exec:/up_proj_24/MatMul,648714,648714,3,0,3915,3536,:3507:3533:3536:3915,------myelin-exec:/up_proj_24/MatMul
18144469568,18144628800,159232,0,159232,myelin-exec:__myl_FcNegExpAddDivMulMul,648714,648714,3,0,3916,3536,:3507:3533:3536:3916,------myelin-exec:__myl_FcNegExpAddDivMulMul
18144631008,18144765888,134880,0,134880,myelin-exec:__myl_FcAdd,648714,648714,3,0,3917,3536,:3507:3533:3536:3917,------myelin-exec:__myl_FcAdd
18144767968,18144806176,38208,0,38208,myelin-exec:__myl_MulMeaAddSqrDivMulMul,648714,648714,3,0,3918,3536,:3507:3533:3536:3918,------myelin-exec:__myl_MulMeaAddSqrDivMulMul
18144808064,18144866720,58656,0,58656,myelin-exec:/v_proj_25/MatMul+/k_proj_25/MatMul+/q_proj_25/MatMul,648714,648714,3,0,3919,3536,:3507:3533:3536:3919,------myelin-exec:/v_proj_25/MatMul+/k_proj_25/MatMul+/q_proj_25/MatMul
18144868736,18144891648,22912,0,22912,myelin-exec:__myl_MovResConResRep,648714,648714,3,0,3920,3536,:3507:3533:3536:3920,------myelin-exec:__myl_MovResConResRep
18144893280,18144908672,15392,0,15392,myelin-exec:__myl_MovResMulMea,648714,648714,3,0,3921,3536,:3507:3533:3536:3921,------myelin-exec:__myl_MovResMulMea
18144909856,18144925280,15424,0,15424,myelin-exec:__myl_AddSqrDivMulMulResSliSliNegConMulMulAddConResRepResTra,648714,648714,3,0,3922,3536,:3507:3533:3536:3922,------myelin-exec:__myl_AddSqrDivMulMulResSliSliNegConMulMulAddConResRepResTra
18144926656,18144938368,11712,0,11712,myelin-exec:__myl_MovResMulMea,648714,648714,3,0,3923,3536,:3507:3533:3536:3923,------myelin-exec:__myl_MovResMulMea
18144939520,18144950368,10848,0,10848,myelin-exec:__myl_AddSqrDivMulMulResSliSliNegConMulMulAdd,648714,648714,3,0,3924,3536,:3507:3533:3536:3924,------myelin-exec:__myl_AddSqrDivMulMulResSliSliNegConMulMulAdd
18144951328,18144990784,39456,0,39456,myelin-exec:/MatMul_50,648714,648714,3,0,3925,3536,:3507:3533:3536:3925,------myelin-exec:/MatMul_50
18144992288,18145007584,15296,0,15296,myelin-exec:__myl_MulMaxSubExpSumDivMul,648714,648714,3,0,3926,3536,:3507:3533:3536:3926,------myelin-exec:__myl_MulMaxSubExpSumDivMul
18145009152,18145051360,42208,0,42208,myelin-exec:/MatMul_51,648714,648714,3,0,3927,3536,:3507:3533:3536:3927,------myelin-exec:/MatMul_51
18145053536,18145099456,45920,0,45920,myelin-exec:/o_proj_25/MatMul,648714,648714,3,0,3928,3536,:3507:3533:3536:3928,------myelin-exec:/o_proj_25/MatMul
18145101504,18145119520,18016,0,18016,myelin-exec:__myl_AddMulMeaAddSqrDivMulMul,648714,648714,3,0,3929,3536,:3507:3533:3536:3929,------myelin-exec:__myl_AddMulMeaAddSqrDivMulMul
18145120992,18145162848,41856,0,41856,myelin-exec:/up_proj_25/MatMul,648714,648714,3,0,3930,3536,:3507:3533:3536:3930,------myelin-exec:/up_proj_25/MatMul
18145164640,18145317280,152640,0,152640,myelin-exec:__myl_FcNegExpAddDivMulMul,648714,648714,3,0,3931,3536,:3507:3533:3536:3931,------myelin-exec:__myl_FcNegExpAddDivMulMul
18145319424,18145453472,134048,0,134048,myelin-exec:__myl_FcAdd,648714,648714,3,0,3932,3536,:3507:3533:3536:3932,------myelin-exec:__myl_FcAdd
18145455200,18145469664,14464,0,14464,myelin-exec:__myl_MulMeaAddSqrDivMulMul,648714,648714,3,0,3933,3536,:3507:3533:3536:3933,------myelin-exec:__myl_MulMeaAddSqrDivMulMul
18145471264,18145519744,48480,0,48480,myelin-exec:/v_proj_26/MatMul+/k_proj_26/MatMul+/q_proj_26/MatMul,648714,648714,3,0,3934,3536,:3507:3533:3536:3934,------myelin-exec:/v_proj_26/MatMul+/k_proj_26/MatMul+/q_proj_26/MatMul
18145521280,18145539328,18048,0,18048,myelin-exec:__myl_MovResConResRep,648714,648714,3,0,3935,3536,:3507:3533:3536:3935,------myelin-exec:__myl_MovResConResRep
18145540928,18145553024,12096,0,12096,myelin-exec:__myl_MovResMulMea,648714,648714,3,0,3936,3536,:3507:3533:3536:3936,------myelin-exec:__myl_MovResMulMea
18145554432,18145568800,14368,0,14368,myelin-exec:__myl_AddSqrDivMulMulResSliSliNegConMulMulAddConResRepResTra,648714,648714,3,0,3937,3536,:3507:3533:3536:3937,------myelin-exec:__myl_AddSqrDivMulMulResSliSliNegConMulMulAddConResRepResTra
18145570112,18145581344,11232,0,11232,myelin-exec:__myl_MovResMulMea,648714,648714,3,0,3938,3536,:3507:3533:3536:3938,------myelin-exec:__myl_MovResMulMea
18145582496,18145593376,10880,0,10880,myelin-exec:__myl_AddSqrDivMulMulResSliSliNegConMulMulAdd,648714,648714,3,0,3939,3536,:3507:3533:3536:3939,------myelin-exec:__myl_AddSqrDivMulMulResSliSliNegConMulMulAdd
18145594944,18145636384,41440,0,41440,myelin-exec:/MatMul_52,648714,648714,3,0,3940,3536,:3507:3533:3536:3940,------myelin-exec:/MatMul_52
18145638144,18145653984,15840,0,15840,myelin-exec:__myl_MulMaxSubExpSumDivMul,648714,648714,3,0,3941,3536,:3507:3533:3536:3941,------myelin-exec:__myl_MulMaxSubExpSumDivMul
18145655552,18145699744,44192,0,44192,myelin-exec:/MatMul_53,648714,648714,3,0,3942,3536,:3507:3533:3536:3942,------myelin-exec:/MatMul_53
18145701728,18145752928,51200,0,51200,myelin-exec:/o_proj_26/MatMul,648714,648714,3,0,3943,3536,:3507:3533:3536:3943,------myelin-exec:/o_proj_26/MatMul
18145754688,18145774848,20160,0,20160,myelin-exec:__myl_AddMulMeaAddSqrDivMulMul,648714,648714,3,0,3944,3536,:3507:3533:3536:3944,------myelin-exec:__myl_AddMulMeaAddSqrDivMulMul
18145776448,18145828576,52128,0,52128,myelin-exec:/up_proj_26/MatMul,648714,648714,3,0,3945,3536,:3507:3533:3536:3945,------myelin-exec:/up_proj_26/MatMul
18145830368,18145983488,153120,0,153120,myelin-exec:__myl_FcNegExpAddDivMulMul,648714,648714,3,0,3946,3536,:3507:3533:3536:3946,------myelin-exec:__myl_FcNegExpAddDivMulMul
18145985536,18146121440,135904,0,135904,myelin-exec:__myl_FcAdd,648714,648714,3,0,3947,3536,:3507:3533:3536:3947,------myelin-exec:__myl_FcAdd
18146123424,18146140352,16928,0,16928,myelin-exec:__myl_MulMeaAddSqrDivMulMul,648714,648714,3,0,3948,3536,:3507:3533:3536:3948,------myelin-exec:__myl_MulMeaAddSqrDivMulMul
18146141696,18146192096,50400,0,50400,myelin-exec:/v_proj_27/MatMul+/k_proj_27/MatMul+/q_proj_27/MatMul,648714,648714,3,0,3949,3536,:3507:3533:3536:3949,------myelin-exec:/v_proj_27/MatMul+/k_proj_27/MatMul+/q_proj_27/MatMul
18146193952,18146213632,19680,0,19680,myelin-exec:__myl_MovResConResRep,648714,648714,3,0,3950,3536,:3507:3533:3536:3950,------myelin-exec:__myl_MovResConResRep
18146215328,18146229312,13984,0,13984,myelin-exec:__myl_MovResMulMea,648714,648714,3,0,3951,3536,:3507:3533:3536:3951,------myelin-exec:__myl_MovResMulMea
18146230464,18146245216,14752,0,14752,myelin-exec:__myl_AddSqrDivMulMulResSliSliNegConMulMulAddConResRepResTra,648714,648714,3,0,3952,3536,:3507:3533:3536:3952,------myelin-exec:__myl_AddSqrDivMulMulResSliSliNegConMulMulAddConResRepResTra
18146246784,18146258400,11616,0,11616,myelin-exec:__myl_MovResMulMea,648714,648714,3,0,3953,3536,:3507:3533:3536:3953,------myelin-exec:__myl_MovResMulMea
18146260000,18146271072,11072,0,11072,myelin-exec:__myl_AddSqrDivMulMulResSliSliNegConMulMulAdd,648714,648714,3,0,3954,3536,:3507:3533:3536:3954,------myelin-exec:__myl_AddSqrDivMulMulResSliSliNegConMulMulAdd
18146272064,18146312576,40512,0,40512,myelin-exec:/MatMul_54,648714,648714,3,0,3955,3536,:3507:3533:3536:3955,------myelin-exec:/MatMul_54
18146314016,18146328096,14080,0,14080,myelin-exec:__myl_MulMaxSubExpSumDivMul,648714,648714,3,0,3956,3536,:3507:3533:3536:3956,------myelin-exec:__myl_MulMaxSubExpSumDivMul
18146329248,18146371776,42528,0,42528,myelin-exec:/MatMul_55,648714,648714,3,0,3957,3536,:3507:3533:3536:3957,------myelin-exec:/MatMul_55
18146373728,18146419264,45536,0,45536,myelin-exec:/o_proj_27/MatMul,648714,648714,3,0,3958,3536,:3507:3533:3536:3958,------myelin-exec:/o_proj_27/MatMul
18146421248,18146440192,18944,0,18944,myelin-exec:__myl_AddMulMeaAddSqrDivMulMul,648714,648714,3,0,3959,3536,:3507:3533:3536:3959,------myelin-exec:__myl_AddMulMeaAddSqrDivMulMul
18146442112,18146487616,45504,0,45504,myelin-exec:/up_proj_27/MatMul,648714,648714,3,0,3960,3536,:3507:3533:3536:3960,------myelin-exec:/up_proj_27/MatMul
18146489600,18146640864,151264,0,151264,myelin-exec:__myl_FcNegExpAddDivMulMul,648714,648714,3,0,3961,3536,:3507:3533:3536:3961,------myelin-exec:__myl_FcNegExpAddDivMulMul
18146642976,18146779520,136544,0,136544,myelin-exec:__myl_FcAdd,648714,648714,3,0,3962,3536,:3507:3533:3536:3962,------myelin-exec:__myl_FcAdd
18361683360,18361881984,198624,132896,65728,TensorRT:ExecutionContext::enqueue,648714,648714,1,1,4054,3507,:3507:4054,--TensorRT:ExecutionContext::enqueue
18361744192,18361877088,132896,77216,55680,TensorRT:{ForeignNode[/Cast.../Cast_1]},648714,648714,2,2,4058,4054,:3507:4054:4058,----TensorRT:{ForeignNode[/Cast.../Cast_1]}
18361786304,18361788512,2208,0,2208,myelin-exec:__mye60_0,648714,648714,3,0,4065,4058,:3507:4054:4058:4065,------myelin-exec:__mye60_0
18361789248,18361864256,75008,0,75008,myelin-exec:__myl_MovMulMeaAddSqrDivMulMulCas,648714,648714,3,0,4066,4058,:3507:4054:4058:4066,------myelin-exec:__myl_MovMulMeaAddSqrDivMulMulCas
18369307520,18369527392,219872,170176,49696,TensorRT:ExecutionContext::enqueue,648714,648714,1,1,4075,3507,:3507:4075,--TensorRT:ExecutionContext::enqueue
18369352576,18369522752,170176,124384,45792,TensorRT:{ForeignNode[onnx::MatMul_4 + ONNXTRT_Broadcast.../MatMul]},648714,648714,2,2,4079,4075,:3507:4075:4079,----TensorRT:{ForeignNode[onnx::MatMul_4 + ONNXTRT_Broadcast.../MatMul]}
18369384768,18369386112,1344,0,1344,myelin-exec:__mye31_0,648714,648714,3,0,4086,4079,:3507:4075:4079:4086,------myelin-exec:__mye31_0
18369387040,18369510080,123040,0,123040,myelin-exec:/MatMul,648714,648714,3,0,4087,4079,:3507:4075:4079:4087,------myelin-exec:/MatMul
18381064384,20394726176,2013661792,21342720,1992319072,:A1_decode_step_3,648714,648714,0,4,4092,,:4092,:A1_decode_step_3
18389373792,18389513120,139328,90208,49120,TensorRT:ExecutionContext::enqueue,648714,648714,1,1,4097,4092,:4092:4097,--TensorRT:ExecutionContext::enqueue
18389418752,18389508960,90208,46464,43744,TensorRT:{ForeignNode[ONNXTRT_castHelper.../Gather]},648714,648714,2,2,4101,4097,:4092:4097:4101,----TensorRT:{ForeignNode[ONNXTRT_castHelper.../Gather]}
18389450400,18389451712,1312,0,1312,myelin-exec:__mye39_0,648714,648714,3,0,4108,4101,:4092:4097:4101:4108,------myelin-exec:__mye39_0
18389452480,18389497632,45152,0,45152,myelin-exec:__myl_CasGat,648714,648714,3,0,4109,4101,:4092:4097:4101:4109,------myelin-exec:__myl_CasGat
20139110080,20159890944,20780864,19584992,1195872,TensorRT:ExecutionContext::enqueue,648714,648714,1,1,4118,4092,:4092:4118,--TensorRT:ExecutionContext::enqueue
20140255808,20159840800,19584992,18294048,1290944,TensorRT:{ForeignNode[/Cast.../Add_111]},648714,648714,2,420,4121,4118,:4092:4118:4121,----TensorRT:{ForeignNode[/Cast.../Add_111]}
20140554688,20140556928,2240,0,2240,myelin-exec:__mye133320_0,648714,648714,3,0,4128,4121,:4092:4118:4121:4128,------myelin-exec:__mye133320_0
20140558272,20140648064,89792,0,89792,myelin-exec:__myl_MovMulMeaAddSqrDivMulMul,648714,648714,3,0,4129,4121,:4092:4118:4121:4129,------myelin-exec:__myl_MovMulMeaAddSqrDivMulMul
20140650336,20140802816,152480,0,152480,myelin-exec:/v_proj/MatMul+/k_proj/MatMul+/q_proj/MatMul,648714,648714,3,0,4130,4121,:4092:4118:4121:4130,------myelin-exec:/v_proj/MatMul+/k_proj/MatMul+/q_proj/MatMul
20140805184,20140833568,28384,0,28384,myelin-exec:__myl_MovResConResRep,648714,648714,3,0,4131,4121,:4092:4118:4121:4131,------myelin-exec:__myl_MovResConResRep
20140835232,20140855968,20736,0,20736,myelin-exec:__myl_MovResMulMea,648714,648714,3,0,4132,4121,:4092:4118:4121:4132,------myelin-exec:__myl_MovResMulMea
20140856928,20140873408,16480,0,16480,myelin-exec:__myl_MovResMulMea,648714,648714,3,0,4133,4121,:4092:4118:4121:4133,------myelin-exec:__myl_MovResMulMea
20140874272,20140895552,21280,0,21280,myelin-exec:__myl_CasResMulConSinResCosResAddSqrAddSqrDivMulDivMulMulResSliSliNegConMulMulAddConResRepResTraEtc,648714,648714,3,0,4134,4121,:4092:4118:4121:4134,------myelin-exec:__myl_CasResMulConSinResCosResAddSqrAddSqrDivMulDivMulMulResSliSliNegConMulMulAddConResRepResTraEtc
20140896608,20140948096,51488,0,51488,myelin-exec:/MatMul,648714,648714,3,0,4135,4121,:4092:4118:4121:4135,------myelin-exec:/MatMul
20140949888,20140969024,19136,0,19136,myelin-exec:__myl_MulMaxSubExpSumDivMul,648714,648714,3,0,4136,4121,:4092:4118:4121:4136,------myelin-exec:__myl_MulMaxSubExpSumDivMul
20140970336,20141017792,47456,0,47456,myelin-exec:/MatMul_1,648714,648714,3,0,4137,4121,:4092:4118:4121:4137,------myelin-exec:/MatMul_1
20141019616,20141096672,77056,0,77056,myelin-exec:/o_proj/MatMul,648714,648714,3,0,4138,4121,:4092:4118:4121:4138,------myelin-exec:/o_proj/MatMul
20141098432,20141118112,19680,0,19680,myelin-exec:__myl_MulMeaAddSqrDivMulMul,648714,648714,3,0,4139,4121,:4092:4118:4121:4139,------myelin-exec:__myl_MulMeaAddSqrDivMulMul
20141119328,20141167136,47808,0,47808,myelin-exec:/up_proj/MatMul,648714,648714,3,0,4140,4121,:4092:4118:4121:4140,------myelin-exec:/up_proj/MatMul
20141169248,20141361760,192512,0,192512,myelin-exec:__myl_FcNegExpAddDivMulMul,648714,648714,3,0,4141,4121,:4092:4118:4121:4141,------myelin-exec:__myl_FcNegExpAddDivMulMul
20141363648,20141502720,139072,0,139072,myelin-exec:__myl_FcAdd,648714,648714,3,0,4142,4121,:4092:4118:4121:4142,------myelin-exec:__myl_FcAdd
20141504736,20141520736,16000,0,16000,myelin-exec:__myl_MulMeaAddSqrDivMulMul,648714,648714,3,0,4143,4121,:4092:4118:4121:4143,------myelin-exec:__myl_MulMeaAddSqrDivMulMul
20141522592,20141574976,52384,0,52384,myelin-exec:/v_proj_1/MatMul+/k_proj_1/MatMul+/q_proj_1/MatMul,648714,648714,3,0,4144,4121,:4092:4118:4121:4144,------myelin-exec:/v_proj_1/MatMul+/k_proj_1/MatMul+/q_proj_1/MatMul
20141576832,20141597120,20288,0,20288,myelin-exec:__myl_MovResConResRep,648714,648714,3,0,4145,4121,:4092:4118:4121:4145,------myelin-exec:__myl_MovResConResRep
20141598560,20141613664,15104,0,15104,myelin-exec:__myl_MovResMulMea,648714,648714,3,0,4146,4121,:4092:4118:4121:4146,------myelin-exec:__myl_MovResMulMea
20141615072,20141635552,20480,0,20480,myelin-exec:__myl_AddSqrDivMulMulResSliSliNegConMulMulAddConResRepResTra,648714,648714,3,0,4147,4121,:4092:4118:4121:4147,------myelin-exec:__myl_AddSqrDivMulMulResSliSliNegConMulMulAddConResRepResTra
20141637024,20141647712,10688,0,10688,myelin-exec:__myl_MovResMulMea,648714,648714,3,0,4148,4121,:4092:4118:4121:4148,------myelin-exec:__myl_MovResMulMea
20141649312,20141665184,15872,0,15872,myelin-exec:__myl_AddSqrDivMulMulResSliSliNegConMulMulAdd,648714,648714,3,0,4149,4121,:4092:4118:4121:4149,------myelin-exec:__myl_AddSqrDivMulMulResSliSliNegConMulMulAdd
20141666112,20141713728,47616,0,47616,myelin-exec:/MatMul_2,648714,648714,3,0,4150,4121,:4092:4118:4121:4150,------myelin-exec:/MatMul_2
20141715488,20141733856,18368,0,18368,myelin-exec:__myl_MulMaxSubExpSumDivMul,648714,648714,3,0,4151,4121,:4092:4118:4121:4151,------myelin-exec:__myl_MulMaxSubExpSumDivMul
20141735456,20141786336,50880,0,50880,myelin-exec:/MatMul_3,648714,648714,3,0,4152,4121,:4092:4118:4121:4152,------myelin-exec:/MatMul_3
20141788320,20141835040,46720,0,46720,myelin-exec:/o_proj_1/MatMul,648714,648714,3,0,4153,4121,:4092:4118:4121:4153,------myelin-exec:/o_proj_1/MatMul
20141836992,20141859904,22912,0,22912,myelin-exec:__myl_AddMulMeaAddSqrDivMulMul,648714,648714,3,0,4154,4121,:4092:4118:4121:4154,------myelin-exec:__myl_AddMulMeaAddSqrDivMulMul
20141861760,20141912896,51136,0,51136,myelin-exec:/up_proj_1/MatMul,648714,648714,3,0,4155,4121,:4092:4118:4121:4155,------myelin-exec:/up_proj_1/MatMul
20141915072,20142064352,149280,0,149280,myelin-exec:__myl_FcNegExpAddDivMulMul,648714,648714,3,0,4156,4121,:4092:4118:4121:4156,------myelin-exec:__myl_FcNegExpAddDivMulMul
20142066464,20142195968,129504,0,129504,myelin-exec:__myl_FcAdd,648714,648714,3,0,4157,4121,:4092:4118:4121:4157,------myelin-exec:__myl_FcAdd
20142198208,20142213280,15072,0,15072,myelin-exec:__myl_MulMeaAddSqrDivMulMul,648714,648714,3,0,4158,4121,:4092:4118:4121:4158,------myelin-exec:__myl_MulMeaAddSqrDivMulMul
20142214848,20142262496,47648,0,47648,myelin-exec:/v_proj_2/MatMul+/k_proj_2/MatMul+/q_proj_2/MatMul,648714,648714,3,0,4159,4121,:4092:4118:4121:4159,------myelin-exec:/v_proj_2/MatMul+/k_proj_2/MatMul+/q_proj_2/MatMul
20142264512,20142283968,19456,0,19456,myelin-exec:__myl_MovResConResRep,648714,648714,3,0,4160,4121,:4092:4118:4121:4160,------myelin-exec:__myl_MovResConResRep
20142285632,20142299072,13440,0,13440,myelin-exec:__myl_MovResMulMea,648714,648714,3,0,4161,4121,:4092:4118:4121:4161,------myelin-exec:__myl_MovResMulMea
20142300288,20142314272,13984,0,13984,myelin-exec:__myl_AddSqrDivMulMulResSliSliNegConMulMulAddConResRepResTra,648714,648714,3,0,4162,4121,:4092:4118:4121:4162,------myelin-exec:__myl_AddSqrDivMulMulResSliSliNegConMulMulAddConResRepResTra
20142315872,20142326816,10944,0,10944,myelin-exec:__myl_MovResMulMea,648714,648714,3,0,4163,4121,:4092:4118:4121:4163,------myelin-exec:__myl_MovResMulMea
20142327872,20142338432,10560,0,10560,myelin-exec:__myl_AddSqrDivMulMulResSliSliNegConMulMulAdd,648714,648714,3,0,4164,4121,:4092:4118:4121:4164,------myelin-exec:__myl_AddSqrDivMulMulResSliSliNegConMulMulAdd
20142339744,20142387072,47328,0,47328,myelin-exec:/MatMul_4,648714,648714,3,0,4165,4121,:4092:4118:4121:4165,------myelin-exec:/MatMul_4
20142388992,20142406880,17888,0,17888,myelin-exec:__myl_MulMaxSubExpSumDivMul,648714,648714,3,0,4166,4121,:4092:4118:4121:4166,------myelin-exec:__myl_MulMaxSubExpSumDivMul
20142408672,20142457088,48416,0,48416,myelin-exec:/MatMul_5,648714,648714,3,0,4167,4121,:4092:4118:4121:4167,------myelin-exec:/MatMul_5
20142459168,20142503072,43904,0,43904,myelin-exec:/o_proj_2/MatMul,648714,648714,3,0,4168,4121,:4092:4118:4121:4168,------myelin-exec:/o_proj_2/MatMul
20142504992,20142523264,18272,0,18272,myelin-exec:__myl_AddMulMeaAddSqrDivMulMul,648714,648714,3,0,4169,4121,:4092:4118:4121:4169,------myelin-exec:__myl_AddMulMeaAddSqrDivMulMul
20142524672,20142565664,40992,0,40992,myelin-exec:/up_proj_2/MatMul,648714,648714,3,0,4170,4121,:4092:4118:4121:4170,------myelin-exec:/up_proj_2/MatMul
20142567424,20142724032,156608,0,156608,myelin-exec:__myl_FcNegExpAddDivMulMul,648714,648714,3,0,4171,4121,:4092:4118:4121:4171,------myelin-exec:__myl_FcNegExpAddDivMulMul
20142725696,20142857920,132224,0,132224,myelin-exec:__myl_FcAdd,648714,648714,3,0,4172,4121,:4092:4118:4121:4172,------myelin-exec:__myl_FcAdd
20142859584,20142873888,14304,0,14304,myelin-exec:__myl_MulMeaAddSqrDivMulMul,648714,648714,3,0,4173,4121,:4092:4118:4121:4173,------myelin-exec:__myl_MulMeaAddSqrDivMulMul
20142875264,20142925024,49760,0,49760,myelin-exec:/v_proj_3/MatMul+/k_proj_3/MatMul+/q_proj_3/MatMul,648714,648714,3,0,4174,4121,:4092:4118:4121:4174,------myelin-exec:/v_proj_3/MatMul+/k_proj_3/MatMul+/q_proj_3/MatMul
20142926848,20142947552,20704,0,20704,myelin-exec:__myl_MovResConResRep,648714,648714,3,0,4175,4121,:4092:4118:4121:4175,------myelin-exec:__myl_MovResConResRep
20142949088,20142963840,14752,0,14752,myelin-exec:__myl_MovResMulMea,648714,648714,3,0,4176,4121,:4092:4118:4121:4176,------myelin-exec:__myl_MovResMulMea
20142965344,20142979552,14208,0,14208,myelin-exec:__myl_AddSqrDivMulMulResSliSliNegConMulMulAddConResRepResTra,648714,648714,3,0,4177,4121,:4092:4118:4121:4177,------myelin-exec:__myl_AddSqrDivMulMulResSliSliNegConMulMulAddConResRepResTra
20142980448,20142991264,10816,0,10816,myelin-exec:__myl_MovResMulMea,648714,648714,3,0,4178,4121,:4092:4118:4121:4178,------myelin-exec:__myl_MovResMulMea
20142992416,20143003456,11040,0,11040,myelin-exec:__myl_AddSqrDivMulMulResSliSliNegConMulMulAdd,648714,648714,3,0,4179,4121,:4092:4118:4121:4179,------myelin-exec:__myl_AddSqrDivMulMulResSliSliNegConMulMulAdd
20143004544,20143041600,37056,0,37056,myelin-exec:/MatMul_6,648714,648714,3,0,4180,4121,:4092:4118:4121:4180,------myelin-exec:/MatMul_6
20143043168,20143055744,12576,0,12576,myelin-exec:__myl_MulMaxSubExpSumDivMul,648714,648714,3,0,4181,4121,:4092:4118:4121:4181,------myelin-exec:__myl_MulMaxSubExpSumDivMul
20143057024,20143092768,35744,0,35744,myelin-exec:/MatMul_7,648714,648714,3,0,4182,4121,:4092:4118:4121:4182,------myelin-exec:/MatMul_7
20143093984,20143129536,35552,0,35552,myelin-exec:/o_proj_3/MatMul,648714,648714,3,0,4183,4121,:4092:4118:4121:4183,------myelin-exec:/o_proj_3/MatMul
20143130848,20143143840,12992,0,12992,myelin-exec:__myl_AddMulMeaAddSqrDivMulMul,648714,648714,3,0,4184,4121,:4092:4118:4121:4184,------myelin-exec:__myl_AddMulMeaAddSqrDivMulMul
20143145312,20143182816,37504,0,37504,myelin-exec:/up_proj_3/MatMul,648714,648714,3,0,4185,4121,:4092:4118:4121:4185,------myelin-exec:/up_proj_3/MatMul
20143184608,20143331200,146592,0,146592,myelin-exec:__myl_FcNegExpAddDivMulMul,648714,648714,3,0,4186,4121,:4092:4118:4121:4186,------myelin-exec:__myl_FcNegExpAddDivMulMul
20143333344,20143466176,132832,0,132832,myelin-exec:__myl_FcAdd,648714,648714,3,0,4187,4121,:4092:4118:4121:4187,------myelin-exec:__myl_FcAdd
20143467872,20143482048,14176,0,14176,myelin-exec:__myl_MulMeaAddSqrDivMulMul,648714,648714,3,0,4188,4121,:4092:4118:4121:4188,------myelin-exec:__myl_MulMeaAddSqrDivMulMul
20143484064,20143539456,55392,0,55392,myelin-exec:/v_proj_4/MatMul+/k_proj_4/MatMul+/q_proj_4/MatMul,648714,648714,3,0,4189,4121,:4092:4118:4121:4189,------myelin-exec:/v_proj_4/MatMul+/k_proj_4/MatMul+/q_proj_4/MatMul
20143540896,20143562528,21632,0,21632,myelin-exec:__myl_MovResConResRep,648714,648714,3,0,4190,4121,:4092:4118:4121:4190,------myelin-exec:__myl_MovResConResRep
20143563616,20143577696,14080,0,14080,myelin-exec:__myl_MovResMulMea,648714,648714,3,0,4191,4121,:4092:4118:4121:4191,------myelin-exec:__myl_MovResMulMea
20143578944,20143592864,13920,0,13920,myelin-exec:__myl_AddSqrDivMulMulResSliSliNegConMulMulAddConResRepResTra,648714,648714,3,0,4192,4121,:4092:4118:4121:4192,------myelin-exec:__myl_AddSqrDivMulMulResSliSliNegConMulMulAddConResRepResTra
20143594144,20143604544,10400,0,10400,myelin-exec:__myl_MovResMulMea,648714,648714,3,0,4193,4121,:4092:4118:4121:4193,------myelin-exec:__myl_MovResMulMea
20143605504,20143616160,10656,0,10656,myelin-exec:__myl_AddSqrDivMulMulResSliSliNegConMulMulAdd,648714,648714,3,0,4194,4121,:4092:4118:4121:4194,------myelin-exec:__myl_AddSqrDivMulMulResSliSliNegConMulMulAdd
20143617792,20143653568,35776,0,35776,myelin-exec:/MatMul_8,648714,648714,3,0,4195,4121,:4092:4118:4121:4195,------myelin-exec:/MatMul_8
20143655008,20143667840,12832,0,12832,myelin-exec:__myl_MulMaxSubExpSumDivMul,648714,648714,3,0,4196,4121,:4092:4118:4121:4196,------myelin-exec:__myl_MulMaxSubExpSumDivMul
20143668960,20143709248,40288,0,40288,myelin-exec:/MatMul_9,648714,648714,3,0,4197,4121,:4092:4118:4121:4197,------myelin-exec:/MatMul_9
20143710912,20143748576,37664,0,37664,myelin-exec:/o_proj_4/MatMul,648714,648714,3,0,4198,4121,:4092:4118:4121:4198,------myelin-exec:/o_proj_4/MatMul
20143750080,20143765696,15616,0,15616,myelin-exec:__myl_AddMulMeaAddSqrDivMulMul,648714,648714,3,0,4199,4121,:4092:4118:4121:4199,------myelin-exec:__myl_AddMulMeaAddSqrDivMulMul
20143767424,20143805024,37600,0,37600,myelin-exec:/up_proj_4/MatMul,648714,648714,3,0,4200,4121,:4092:4118:4121:4200,------myelin-exec:/up_proj_4/MatMul
20143806272,20143950720,144448,0,144448,myelin-exec:__myl_FcNegExpAddDivMulMul,648714,648714,3,0,4201,4121,:4092:4118:4121:4201,------myelin-exec:__myl_FcNegExpAddDivMulMul
20143952352,20144085056,132704,0,132704,myelin-exec:__myl_FcAdd,648714,648714,3,0,4202,4121,:4092:4118:4121:4202,------myelin-exec:__myl_FcAdd
20144086752,20144101088,14336,0,14336,myelin-exec:__myl_MulMeaAddSqrDivMulMul,648714,648714,3,0,4203,4121,:4092:4118:4121:4203,------myelin-exec:__myl_MulMeaAddSqrDivMulMul
20144102560,20144145952,43392,0,43392,myelin-exec:/v_proj_5/MatMul+/k_proj_5/MatMul+/q_proj_5/MatMul,648714,648714,3,0,4204,4121,:4092:4118:4121:4204,------myelin-exec:/v_proj_5/MatMul+/k_proj_5/MatMul+/q_proj_5/MatMul
20144147296,20144162464,15168,0,15168,myelin-exec:__myl_MovResConResRep,648714,648714,3,0,4205,4121,:4092:4118:4121:4205,------myelin-exec:__myl_MovResConResRep
20144163712,20144175264,11552,0,11552,myelin-exec:__myl_MovResMulMea,648714,648714,3,0,4206,4121,:4092:4118:4121:4206,------myelin-exec:__myl_MovResMulMea
20144176352,20144189856,13504,0,13504,myelin-exec:__myl_AddSqrDivMulMulResSliSliNegConMulMulAddConResRepResTra,648714,648714,3,0,4207,4121,:4092:4118:4121:4207,------myelin-exec:__myl_AddSqrDivMulMulResSliSliNegConMulMulAddConResRepResTra
20144191200,20144202112,10912,0,10912,myelin-exec:__myl_MovResMulMea,648714,648714,3,0,4208,4121,:4092:4118:4121:4208,------myelin-exec:__myl_MovResMulMea
20144203072,20144214144,11072,0,11072,myelin-exec:__myl_AddSqrDivMulMulResSliSliNegConMulMulAdd,648714,648714,3,0,4209,4121,:4092:4118:4121:4209,------myelin-exec:__myl_AddSqrDivMulMulResSliSliNegConMulMulAdd
20144215008,20144256768,41760,0,41760,myelin-exec:/MatMul_10,648714,648714,3,0,4210,4121,:4092:4118:4121:4210,------myelin-exec:/MatMul_10
20144258656,20144275232,16576,0,16576,myelin-exec:__myl_MulMaxSubExpSumDivMul,648714,648714,3,0,4211,4121,:4092:4118:4121:4211,------myelin-exec:__myl_MulMaxSubExpSumDivMul
20144276992,20144313632,36640,0,36640,myelin-exec:/MatMul_11,648714,648714,3,0,4212,4121,:4092:4118:4121:4212,------myelin-exec:/MatMul_11
20144315808,20144352608,36800,0,36800,myelin-exec:/o_proj_5/MatMul,648714,648714,3,0,4213,4121,:4092:4118:4121:4213,------myelin-exec:/o_proj_5/MatMul
20144354400,20144368032,13632,0,13632,myelin-exec:__myl_AddMulMeaAddSqrDivMulMul,648714,648714,3,0,4214,4121,:4092:4118:4121:4214,------myelin-exec:__myl_AddMulMeaAddSqrDivMulMul
20144369312,20144406496,37184,0,37184,myelin-exec:/up_proj_5/MatMul,648714,648714,3,0,4215,4121,:4092:4118:4121:4215,------myelin-exec:/up_proj_5/MatMul
20144408224,20144549120,140896,0,140896,myelin-exec:__myl_FcNegExpAddDivMulMul,648714,648714,3,0,4216,4121,:4092:4118:4121:4216,------myelin-exec:__myl_FcNegExpAddDivMulMul
20144550976,20144688544,137568,0,137568,myelin-exec:__myl_FcAdd,648714,648714,3,0,4217,4121,:4092:4118:4121:4217,------myelin-exec:__myl_FcAdd
20144690240,20144706944,16704,0,16704,myelin-exec:__myl_MulMeaAddSqrDivMulMul,648714,648714,3,0,4218,4121,:4092:4118:4121:4218,------myelin-exec:__myl_MulMeaAddSqrDivMulMul
20144708256,20144797344,89088,0,89088,myelin-exec:/v_proj_6/MatMul+/k_proj_6/MatMul+/q_proj_6/MatMul,648714,648714,3,0,4219,4121,:4092:4118:4121:4219,------myelin-exec:/v_proj_6/MatMul+/k_proj_6/MatMul+/q_proj_6/MatMul
20144799456,20144822720,23264,0,23264,myelin-exec:__myl_MovResConResRep,648714,648714,3,0,4220,4121,:4092:4118:4121:4220,------myelin-exec:__myl_MovResConResRep
20144824512,20144840992,16480,0,16480,myelin-exec:__myl_MovResMulMea,648714,648714,3,0,4221,4121,:4092:4118:4121:4221,------myelin-exec:__myl_MovResMulMea
20144842240,20144856672,14432,0,14432,myelin-exec:__myl_AddSqrDivMulMulResSliSliNegConMulMulAddConResRepResTra,648714,648714,3,0,4222,4121,:4092:4118:4121:4222,------myelin-exec:__myl_AddSqrDivMulMulResSliSliNegConMulMulAddConResRepResTra
20144858048,20144868928,10880,0,10880,myelin-exec:__myl_MovResMulMea,648714,648714,3,0,4223,4121,:4092:4118:4121:4223,------myelin-exec:__myl_MovResMulMea
20144870016,20144881248,11232,0,11232,myelin-exec:__myl_AddSqrDivMulMulResSliSliNegConMulMulAdd,648714,648714,3,0,4224,4121,:4092:4118:4121:4224,------myelin-exec:__myl_AddSqrDivMulMulResSliSliNegConMulMulAdd
20144882112,20144926752,44640,0,44640,myelin-exec:/MatMul_12,648714,648714,3,0,4225,4121,:4092:4118:4121:4225,------myelin-exec:/MatMul_12
20144928096,20144945376,17280,0,17280,myelin-exec:__myl_MulMaxSubExpSumDivMul,648714,648714,3,0,4226,4121,:4092:4118:4121:4226,------myelin-exec:__myl_MulMaxSubExpSumDivMul
20144947008,20144992096,45088,0,45088,myelin-exec:/MatMul_13,648714,648714,3,0,4227,4121,:4092:4118:4121:4227,------myelin-exec:/MatMul_13
20144993568,20145043104,49536,0,49536,myelin-exec:/o_proj_6/MatMul,648714,648714,3,0,4228,4121,:4092:4118:4121:4228,------myelin-exec:/o_proj_6/MatMul
20145044672,20145064960,20288,0,20288,myelin-exec:__myl_AddMulMeaAddSqrDivMulMul,648714,648714,3,0,4229,4121,:4092:4118:4121:4229,------myelin-exec:__myl_AddMulMeaAddSqrDivMulMul
20145066080,20145112352,46272,0,46272,myelin-exec:/up_proj_6/MatMul,648714,648714,3,0,4230,4121,:4092:4118:4121:4230,------myelin-exec:/up_proj_6/MatMul
20145113696,20145263616,149920,0,149920,myelin-exec:__myl_FcNegExpAddDivMulMul,648714,648714,3,0,4231,4121,:4092:4118:4121:4231,------myelin-exec:__myl_FcNegExpAddDivMulMul
20145265248,20145399328,134080,0,134080,myelin-exec:__myl_FcAdd,648714,648714,3,0,4232,4121,:4092:4118:4121:4232,------myelin-exec:__myl_FcAdd
20145400992,20145416448,15456,0,15456,myelin-exec:__myl_MulMeaAddSqrDivMulMul,648714,648714,3,0,4233,4121,:4092:4118:4121:4233,------myelin-exec:__myl_MulMeaAddSqrDivMulMul
20145417792,20145461472,43680,0,43680,myelin-exec:/v_proj_7/MatMul+/k_proj_7/MatMul+/q_proj_7/MatMul,648714,648714,3,0,4234,4121,:4092:4118:4121:4234,------myelin-exec:/v_proj_7/MatMul+/k_proj_7/MatMul+/q_proj_7/MatMul
20145463232,20145479296,16064,0,16064,myelin-exec:__myl_MovResConResRep,648714,648714,3,0,4235,4121,:4092:4118:4121:4235,------myelin-exec:__myl_MovResConResRep
20145480864,20145493184,12320,0,12320,myelin-exec:__myl_MovResMulMea,648714,648714,3,0,4236,4121,:4092:4118:4121:4236,------myelin-exec:__myl_MovResMulMea
20145494816,20145508416,13600,0,13600,myelin-exec:__myl_AddSqrDivMulMulResSliSliNegConMulMulAddConResRepResTra,648714,648714,3,0,4237,4121,:4092:4118:4121:4237,------myelin-exec:__myl_AddSqrDivMulMulResSliSliNegConMulMulAddConResRepResTra
20145510016,20145520096,10080,0,10080,myelin-exec:__myl_MovResMulMea,648714,648714,3,0,4238,4121,:4092:4118:4121:4238,------myelin-exec:__myl_MovResMulMea
20145521408,20145532000,10592,0,10592,myelin-exec:__myl_AddSqrDivMulMulResSliSliNegConMulMulAdd,648714,648714,3,0,4239,4121,:4092:4118:4121:4239,------myelin-exec:__myl_AddSqrDivMulMulResSliSliNegConMulMulAdd
20145533280,20145575488,42208,0,42208,myelin-exec:/MatMul_14,648714,648714,3,0,4240,4121,:4092:4118:4121:4240,------myelin-exec:/MatMul_14
20145577184,20145591616,14432,0,14432,myelin-exec:__myl_MulMaxSubExpSumDivMul,648714,648714,3,0,4241,4121,:4092:4118:4121:4241,------myelin-exec:__myl_MulMaxSubExpSumDivMul
20145592928,20145632192,39264,0,39264,myelin-exec:/MatMul_15,648714,648714,3,0,4242,4121,:4092:4118:4121:4242,------myelin-exec:/MatMul_15
20145634048,20145678432,44384,0,44384,myelin-exec:/o_proj_7/MatMul,648714,648714,3,0,4243,4121,:4092:4118:4121:4243,------myelin-exec:/o_proj_7/MatMul
20145680096,20145697216,17120,0,17120,myelin-exec:__myl_AddMulMeaAddSqrDivMulMul,648714,648714,3,0,4244,4121,:4092:4118:4121:4244,------myelin-exec:__myl_AddMulMeaAddSqrDivMulMul
20145698752,20145746784,48032,0,48032,myelin-exec:/up_proj_7/MatMul,648714,648714,3,0,4245,4121,:4092:4118:4121:4245,------myelin-exec:/up_proj_7/MatMul
20145748608,20145905888,157280,0,157280,myelin-exec:__myl_FcNegExpAddDivMulMul,648714,648714,3,0,4246,4121,:4092:4118:4121:4246,------myelin-exec:__myl_FcNegExpAddDivMulMul
20145907680,20146043744,136064,0,136064,myelin-exec:__myl_FcAdd,648714,648714,3,0,4247,4121,:4092:4118:4121:4247,------myelin-exec:__myl_FcAdd
20146045600,20146061536,15936,0,15936,myelin-exec:__myl_MulMeaAddSqrDivMulMul,648714,648714,3,0,4248,4121,:4092:4118:4121:4248,------myelin-exec:__myl_MulMeaAddSqrDivMulMul
20146063136,20146116672,53536,0,53536,myelin-exec:/v_proj_8/MatMul+/k_proj_8/MatMul+/q_proj_8/MatMul,648714,648714,3,0,4249,4121,:4092:4118:4121:4249,------myelin-exec:/v_proj_8/MatMul+/k_proj_8/MatMul+/q_proj_8/MatMul
20146118496,20146140608,22112,0,22112,myelin-exec:__myl_MovResConResRep,648714,648714,3,0,4250,4121,:4092:4118:4121:4250,------myelin-exec:__myl_MovResConResRep
20146141984,20146157536,15552,0,15552,myelin-exec:__myl_MovResMulMea,648714,648714,3,0,4251,4121,:4092:4118:4121:4251,------myelin-exec:__myl_MovResMulMea
20146158816,20146174144,15328,0,15328,myelin-exec:__myl_AddSqrDivMulMulResSliSliNegConMulMulAddConResRepResTra,648714,648714,3,0,4252,4121,:4092:4118:4121:4252,------myelin-exec:__myl_AddSqrDivMulMulResSliSliNegConMulMulAddConResRepResTra
20146175424,20146186880,11456,0,11456,myelin-exec:__myl_MovResMulMea,648714,648714,3,0,4253,4121,:4092:4118:4121:4253,------myelin-exec:__myl_MovResMulMea
20146188128,20146198496,10368,0,10368,myelin-exec:__myl_AddSqrDivMulMulResSliSliNegConMulMulAdd,648714,648714,3,0,4254,4121,:4092:4118:4121:4254,------myelin-exec:__myl_AddSqrDivMulMulResSliSliNegConMulMulAdd
20146199712,20146245760,46048,0,46048,myelin-exec:/MatMul_16,648714,648714,3,0,4255,4121,:4092:4118:4121:4255,------myelin-exec:/MatMul_16
20146247328,20146264800,17472,0,17472,myelin-exec:__myl_MulMaxSubExpSumDivMul,648714,648714,3,0,4256,4121,:4092:4118:4121:4256,------myelin-exec:__myl_MulMaxSubExpSumDivMul
20146266048,20146316096,50048,0,50048,myelin-exec:/MatMul_17,648714,648714,3,0,4257,4121,:4092:4118:4121:4257,------myelin-exec:/MatMul_17
20146317632,20146364352,46720,0,46720,myelin-exec:/o_proj_8/MatMul,648714,648714,3,0,4258,4121,:4092:4118:4121:4258,------myelin-exec:/o_proj_8/MatMul
20146366176,20146386048,19872,0,19872,myelin-exec:__myl_AddMulMeaAddSqrDivMulMul,648714,648714,3,0,4259,4121,:4092:4118:4121:4259,------myelin-exec:__myl_AddMulMeaAddSqrDivMulMul
20146387584,20146429280,41696,0,41696,myelin-exec:/up_proj_8/MatMul,648714,648714,3,0,4260,4121,:4092:4118:4121:4260,------myelin-exec:/up_proj_8/MatMul
20146430944,20146577792,146848,0,146848,myelin-exec:__myl_FcNegExpAddDivMulMul,648714,648714,3,0,4261,4121,:4092:4118:4121:4261,------myelin-exec:__myl_FcNegExpAddDivMulMul
20146579456,20146718336,138880,0,138880,myelin-exec:__myl_FcAdd,648714,648714,3,0,4262,4121,:4092:4118:4121:4262,------myelin-exec:__myl_FcAdd
20146719744,20146736032,16288,0,16288,myelin-exec:__myl_MulMeaAddSqrDivMulMul,648714,648714,3,0,4263,4121,:4092:4118:4121:4263,------myelin-exec:__myl_MulMeaAddSqrDivMulMul
20146737536,20146786688,49152,0,49152,myelin-exec:/v_proj_9/MatMul+/k_proj_9/MatMul+/q_proj_9/MatMul,648714,648714,3,0,4264,4121,:4092:4118:4121:4264,------myelin-exec:/v_proj_9/MatMul+/k_proj_9/MatMul+/q_proj_9/MatMul
20146788544,20146808128,19584,0,19584,myelin-exec:__myl_MovResConResRep,648714,648714,3,0,4265,4121,:4092:4118:4121:4265,------myelin-exec:__myl_MovResConResRep
20146809568,20146823872,14304,0,14304,myelin-exec:__myl_MovResMulMea,648714,648714,3,0,4266,4121,:4092:4118:4121:4266,------myelin-exec:__myl_MovResMulMea
20146825024,20146840384,15360,0,15360,myelin-exec:__myl_AddSqrDivMulMulResSliSliNegConMulMulAddConResRepResTra,648714,648714,3,0,4267,4121,:4092:4118:4121:4267,------myelin-exec:__myl_AddSqrDivMulMulResSliSliNegConMulMulAddConResRepResTra
20146841600,20146853024,11424,0,11424,myelin-exec:__myl_MovResMulMea,648714,648714,3,0,4268,4121,:4092:4118:4121:4268,------myelin-exec:__myl_MovResMulMea
20146854496,20146865056,10560,0,10560,myelin-exec:__myl_AddSqrDivMulMulResSliSliNegConMulMulAdd,648714,648714,3,0,4269,4121,:4092:4118:4121:4269,------myelin-exec:__myl_AddSqrDivMulMulResSliSliNegConMulMulAdd
20146866560,20146902272,35712,0,35712,myelin-exec:/MatMul_18,648714,648714,3,0,4270,4121,:4092:4118:4121:4270,------myelin-exec:/MatMul_18
20146903456,20146916800,13344,0,13344,myelin-exec:__myl_MulMaxSubExpSumDivMul,648714,648714,3,0,4271,4121,:4092:4118:4121:4271,------myelin-exec:__myl_MulMaxSubExpSumDivMul
20146918272,20146958624,40352,0,40352,myelin-exec:/MatMul_19,648714,648714,3,0,4272,4121,:4092:4118:4121:4272,------myelin-exec:/MatMul_19
20146960192,20147006816,46624,0,46624,myelin-exec:/o_proj_9/MatMul,648714,648714,3,0,4273,4121,:4092:4118:4121:4273,------myelin-exec:/o_proj_9/MatMul
20147008672,20147026272,17600,0,17600,myelin-exec:__myl_AddMulMeaAddSqrDivMulMul,648714,648714,3,0,4274,4121,:4092:4118:4121:4274,------myelin-exec:__myl_AddMulMeaAddSqrDivMulMul
20147028128,20147076672,48544,0,48544,myelin-exec:/up_proj_9/MatMul,648714,648714,3,0,4275,4121,:4092:4118:4121:4275,------myelin-exec:/up_proj_9/MatMul
20147078400,20147231616,153216,0,153216,myelin-exec:__myl_FcNegExpAddDivMulMul,648714,648714,3,0,4276,4121,:4092:4118:4121:4276,------myelin-exec:__myl_FcNegExpAddDivMulMul
20147233920,20147369024,135104,0,135104,myelin-exec:__myl_FcAdd,648714,648714,3,0,4277,4121,:4092:4118:4121:4277,------myelin-exec:__myl_FcAdd
20147371168,20147385024,13856,0,13856,myelin-exec:__myl_MulMeaAddSqrDivMulMul,648714,648714,3,0,4278,4121,:4092:4118:4121:4278,------myelin-exec:__myl_MulMeaAddSqrDivMulMul
20147386208,20147427136,40928,0,40928,myelin-exec:/v_proj_10/MatMul+/k_proj_10/MatMul+/q_proj_10/MatMul,648714,648714,3,0,4279,4121,:4092:4118:4121:4279,------myelin-exec:/v_proj_10/MatMul+/k_proj_10/MatMul+/q_proj_10/MatMul
20147428928,20147444576,15648,0,15648,myelin-exec:__myl_MovResConResRep,648714,648714,3,0,4280,4121,:4092:4118:4121:4280,------myelin-exec:__myl_MovResConResRep
20147446304,20147458464,12160,0,12160,myelin-exec:__myl_MovResMulMea,648714,648714,3,0,4281,4121,:4092:4118:4121:4281,------myelin-exec:__myl_MovResMulMea
20147459328,20147473376,14048,0,14048,myelin-exec:__myl_AddSqrDivMulMulResSliSliNegConMulMulAddConResRepResTra,648714,648714,3,0,4282,4121,:4092:4118:4121:4282,------myelin-exec:__myl_AddSqrDivMulMulResSliSliNegConMulMulAddConResRepResTra
20147474496,20147485184,10688,0,10688,myelin-exec:__myl_MovResMulMea,648714,648714,3,0,4283,4121,:4092:4118:4121:4283,------myelin-exec:__myl_MovResMulMea
20147486368,20147497600,11232,0,11232,myelin-exec:__myl_AddSqrDivMulMulResSliSliNegConMulMulAdd,648714,648714,3,0,4284,4121,:4092:4118:4121:4284,------myelin-exec:__myl_AddSqrDivMulMulResSliSliNegConMulMulAdd
20147498848,20147540320,41472,0,41472,myelin-exec:/MatMul_20,648714,648714,3,0,4285,4121,:4092:4118:4121:4285,------myelin-exec:/MatMul_20
20147542112,20147558816,16704,0,16704,myelin-exec:__myl_MulMaxSubExpSumDivMul,648714,648714,3,0,4286,4121,:4092:4118:4121:4286,------myelin-exec:__myl_MulMaxSubExpSumDivMul
20147560128,20147601376,41248,0,41248,myelin-exec:/MatMul_21,648714,648714,3,0,4287,4121,:4092:4118:4121:4287,------myelin-exec:/MatMul_21
20147602784,20147643680,40896,0,40896,myelin-exec:/o_proj_10/MatMul,648714,648714,3,0,4288,4121,:4092:4118:4121:4288,------myelin-exec:/o_proj_10/MatMul
20147645152,20147658496,13344,0,13344,myelin-exec:__myl_AddMulMeaAddSqrDivMulMul,648714,648714,3,0,4289,4121,:4092:4118:4121:4289,------myelin-exec:__myl_AddMulMeaAddSqrDivMulMul
20147659680,20147701344,41664,0,41664,myelin-exec:/up_proj_10/MatMul,648714,648714,3,0,4290,4121,:4092:4118:4121:4290,------myelin-exec:/up_proj_10/MatMul
20147703232,20147848672,145440,0,145440,myelin-exec:__myl_FcNegExpAddDivMulMul,648714,648714,3,0,4291,4121,:4092:4118:4121:4291,------myelin-exec:__myl_FcNegExpAddDivMulMul
20147850656,20147993312,142656,0,142656,myelin-exec:__myl_FcAdd,648714,648714,3,0,4292,4121,:4092:4118:4121:4292,------myelin-exec:__myl_FcAdd
20147995104,20148013568,18464,0,18464,myelin-exec:__myl_MulMeaAddSqrDivMulMul,648714,648714,3,0,4293,4121,:4092:4118:4121:4293,------myelin-exec:__myl_MulMeaAddSqrDivMulMul
20148015392,20148066688,51296,0,51296,myelin-exec:/v_proj_11/MatMul+/k_proj_11/MatMul+/q_proj_11/MatMul,648714,648714,3,0,4294,4121,:4092:4118:4121:4294,------myelin-exec:/v_proj_11/MatMul+/k_proj_11/MatMul+/q_proj_11/MatMul
20148068320,20148087840,19520,0,19520,myelin-exec:__myl_MovResConResRep,648714,648714,3,0,4295,4121,:4092:4118:4121:4295,------myelin-exec:__myl_MovResConResRep
20148089120,20148101792,12672,0,12672,myelin-exec:__myl_MovResMulMea,648714,648714,3,0,4296,4121,:4092:4118:4121:4296,------myelin-exec:__myl_MovResMulMea
20148102816,20148122656,19840,0,19840,myelin-exec:__myl_AddSqrDivMulMulResSliSliNegConMulMulAddConResRepResTra,648714,648714,3,0,4297,4121,:4092:4118:4121:4297,------myelin-exec:__myl_AddSqrDivMulMulResSliSliNegConMulMulAddConResRepResTra
20148123872,20148135328,11456,0,11456,myelin-exec:__myl_MovResMulMea,648714,648714,3,0,4298,4121,:4092:4118:4121:4298,------myelin-exec:__myl_MovResMulMea
20148136480,20148146880,10400,0,10400,myelin-exec:__myl_AddSqrDivMulMulResSliSliNegConMulMulAdd,648714,648714,3,0,4299,4121,:4092:4118:4121:4299,------myelin-exec:__myl_AddSqrDivMulMulResSliSliNegConMulMulAdd
20148148288,20148189920,41632,0,41632,myelin-exec:/MatMul_22,648714,648714,3,0,4300,4121,:4092:4118:4121:4300,------myelin-exec:/MatMul_22
20148191616,20148208928,17312,0,17312,myelin-exec:__myl_MulMaxSubExpSumDivMul,648714,648714,3,0,4301,4121,:4092:4118:4121:4301,------myelin-exec:__myl_MulMaxSubExpSumDivMul
20148210240,20148251904,41664,0,41664,myelin-exec:/MatMul_23,648714,648714,3,0,4302,4121,:4092:4118:4121:4302,------myelin-exec:/MatMul_23
20148253312,20148300704,47392,0,47392,myelin-exec:/o_proj_11/MatMul,648714,648714,3,0,4303,4121,:4092:4118:4121:4303,------myelin-exec:/o_proj_11/MatMul
20148302400,20148322720,20320,0,20320,myelin-exec:__myl_AddMulMeaAddSqrDivMulMul,648714,648714,3,0,4304,4121,:4092:4118:4121:4304,------myelin-exec:__myl_AddMulMeaAddSqrDivMulMul
20148324192,20148377088,52896,0,52896,myelin-exec:/up_proj_11/MatMul,648714,648714,3,0,4305,4121,:4092:4118:4121:4305,------myelin-exec:/up_proj_11/MatMul
20148378912,20148534816,155904,0,155904,myelin-exec:__myl_FcNegExpAddDivMulMul,648714,648714,3,0,4306,4121,:4092:4118:4121:4306,------myelin-exec:__myl_FcNegExpAddDivMulMul
20148536800,20148670240,133440,0,133440,myelin-exec:__myl_FcAdd,648714,648714,3,0,4307,4121,:4092:4118:4121:4307,------myelin-exec:__myl_FcAdd
20148672256,20148690208,17952,0,17952,myelin-exec:__myl_MulMeaAddSqrDivMulMul,648714,648714,3,0,4308,4121,:4092:4118:4121:4308,------myelin-exec:__myl_MulMeaAddSqrDivMulMul
20148692192,20148767008,74816,0,74816,myelin-exec:/v_proj_12/MatMul+/k_proj_12/MatMul+/q_proj_12/MatMul,648714,648714,3,0,4309,4121,:4092:4118:4121:4309,------myelin-exec:/v_proj_12/MatMul+/k_proj_12/MatMul+/q_proj_12/MatMul
20148768992,20148793600,24608,0,24608,myelin-exec:__myl_MovResConResRep,648714,648714,3,0,4310,4121,:4092:4118:4121:4310,------myelin-exec:__myl_MovResConResRep
20148795232,20148811200,15968,0,15968,myelin-exec:__myl_MovResMulMea,648714,648714,3,0,4311,4121,:4092:4118:4121:4311,------myelin-exec:__myl_MovResMulMea
20148812352,20148826880,14528,0,14528,myelin-exec:__myl_AddSqrDivMulMulResSliSliNegConMulMulAddConResRepResTra,648714,648714,3,0,4312,4121,:4092:4118:4121:4312,------myelin-exec:__myl_AddSqrDivMulMulResSliSliNegConMulMulAddConResRepResTra
20148828224,20148838976,10752,0,10752,myelin-exec:__myl_MovResMulMea,648714,648714,3,0,4313,4121,:4092:4118:4121:4313,------myelin-exec:__myl_MovResMulMea
20148839808,20148850656,10848,0,10848,myelin-exec:__myl_AddSqrDivMulMulResSliSliNegConMulMulAdd,648714,648714,3,0,4314,4121,:4092:4118:4121:4314,------myelin-exec:__myl_AddSqrDivMulMulResSliSliNegConMulMulAdd
20148851616,20148900192,48576,0,48576,myelin-exec:/MatMul_24,648714,648714,3,0,4315,4121,:4092:4118:4121:4315,------myelin-exec:/MatMul_24
20148901952,20148921056,19104,0,19104,myelin-exec:__myl_MulMaxSubExpSumDivMul,648714,648714,3,0,4316,4121,:4092:4118:4121:4316,------myelin-exec:__myl_MulMaxSubExpSumDivMul
20148922560,20148972512,49952,0,49952,myelin-exec:/MatMul_25,648714,648714,3,0,4317,4121,:4092:4118:4121:4317,------myelin-exec:/MatMul_25
20148974208,20149027776,53568,0,53568,myelin-exec:/o_proj_12/MatMul,648714,648714,3,0,4318,4121,:4092:4118:4121:4318,------myelin-exec:/o_proj_12/MatMul
20149029920,20149049536,19616,0,19616,myelin-exec:__myl_AddMulMeaAddSqrDivMulMul,648714,648714,3,0,4319,4121,:4092:4118:4121:4319,------myelin-exec:__myl_AddMulMeaAddSqrDivMulMul
20149050784,20149101568,50784,0,50784,myelin-exec:/up_proj_12/MatMul,648714,648714,3,0,4320,4121,:4092:4118:4121:4320,------myelin-exec:/up_proj_12/MatMul
20149103264,20149256704,153440,0,153440,myelin-exec:__myl_FcNegExpAddDivMulMul,648714,648714,3,0,4321,4121,:4092:4118:4121:4321,------myelin-exec:__myl_FcNegExpAddDivMulMul
20149259168,20149401984,142816,0,142816,myelin-exec:__myl_FcAdd,648714,648714,3,0,4322,4121,:4092:4118:4121:4322,------myelin-exec:__myl_FcAdd
20149404064,20149423776,19712,0,19712,myelin-exec:__myl_MulMeaAddSqrDivMulMul,648714,648714,3,0,4323,4121,:4092:4118:4121:4323,------myelin-exec:__myl_MulMeaAddSqrDivMulMul
20149425504,20149477568,52064,0,52064,myelin-exec:/v_proj_13/MatMul+/k_proj_13/MatMul+/q_proj_13/MatMul,648714,648714,3,0,4324,4121,:4092:4118:4121:4324,------myelin-exec:/v_proj_13/MatMul+/k_proj_13/MatMul+/q_proj_13/MatMul
20149479552,20149502144,22592,0,22592,myelin-exec:__myl_MovResConResRep,648714,648714,3,0,4325,4121,:4092:4118:4121:4325,------myelin-exec:__myl_MovResConResRep
20149504000,20149519200,15200,0,15200,myelin-exec:__myl_MovResMulMea,648714,648714,3,0,4326,4121,:4092:4118:4121:4326,------myelin-exec:__myl_MovResMulMea
20149520544,20149534336,13792,0,13792,myelin-exec:__myl_AddSqrDivMulMulResSliSliNegConMulMulAddConResRepResTra,648714,648714,3,0,4327,4121,:4092:4118:4121:4327,------myelin-exec:__myl_AddSqrDivMulMulResSliSliNegConMulMulAddConResRepResTra
20149535648,20149546240,10592,0,10592,myelin-exec:__myl_MovResMulMea,648714,648714,3,0,4328,4121,:4092:4118:4121:4328,------myelin-exec:__myl_MovResMulMea
20149547456,20149558048,10592,0,10592,myelin-exec:__myl_AddSqrDivMulMulResSliSliNegConMulMulAdd,648714,648714,3,0,4329,4121,:4092:4118:4121:4329,------myelin-exec:__myl_AddSqrDivMulMulResSliSliNegConMulMulAdd
20149559136,20149602656,43520,0,43520,myelin-exec:/MatMul_26,648714,648714,3,0,4330,4121,:4092:4118:4121:4330,------myelin-exec:/MatMul_26
20149604352,20149619392,15040,0,15040,myelin-exec:__myl_MulMaxSubExpSumDivMul,648714,648714,3,0,4331,4121,:4092:4118:4121:4331,------myelin-exec:__myl_MulMaxSubExpSumDivMul
20149621120,20149662496,41376,0,41376,myelin-exec:/MatMul_27,648714,648714,3,0,4332,4121,:4092:4118:4121:4332,------myelin-exec:/MatMul_27
20149664192,20149706176,41984,0,41984,myelin-exec:/o_proj_13/MatMul,648714,648714,3,0,4333,4121,:4092:4118:4121:4333,------myelin-exec:/o_proj_13/MatMul
20149708064,20149723552,15488,0,15488,myelin-exec:__myl_AddMulMeaAddSqrDivMulMul,648714,648714,3,0,4334,4121,:4092:4118:4121:4334,------myelin-exec:__myl_AddMulMeaAddSqrDivMulMul
20149725184,20149765440,40256,0,40256,myelin-exec:/up_proj_13/MatMul,648714,648714,3,0,4335,4121,:4092:4118:4121:4335,------myelin-exec:/up_proj_13/MatMul
20149767104,20149915456,148352,0,148352,myelin-exec:__myl_FcNegExpAddDivMulMul,648714,648714,3,0,4336,4121,:4092:4118:4121:4336,------myelin-exec:__myl_FcNegExpAddDivMulMul
20149917760,20150057632,139872,0,139872,myelin-exec:__myl_FcAdd,648714,648714,3,0,4337,4121,:4092:4118:4121:4337,------myelin-exec:__myl_FcAdd
20150059552,20150077216,17664,0,17664,myelin-exec:__myl_MulMeaAddSqrDivMulMul,648714,648714,3,0,4338,4121,:4092:4118:4121:4338,------myelin-exec:__myl_MulMeaAddSqrDivMulMul
20150078912,20150133856,54944,0,54944,myelin-exec:/v_proj_14/MatMul+/k_proj_14/MatMul+/q_proj_14/MatMul,648714,648714,3,0,4339,4121,:4092:4118:4121:4339,------myelin-exec:/v_proj_14/MatMul+/k_proj_14/MatMul+/q_proj_14/MatMul
20150135552,20150157632,22080,0,22080,myelin-exec:__myl_MovResConResRep,648714,648714,3,0,4340,4121,:4092:4118:4121:4340,------myelin-exec:__myl_MovResConResRep
20150159232,20150173856,14624,0,14624,myelin-exec:__myl_MovResMulMea,648714,648714,3,0,4341,4121,:4092:4118:4121:4341,------myelin-exec:__myl_MovResMulMea
20150175264,20150189600,14336,0,14336,myelin-exec:__myl_AddSqrDivMulMulResSliSliNegConMulMulAddConResRepResTra,648714,648714,3,0,4342,4121,:4092:4118:4121:4342,------myelin-exec:__myl_AddSqrDivMulMulResSliSliNegConMulMulAddConResRepResTra
20150190784,20150201056,10272,0,10272,myelin-exec:__myl_MovResMulMea,648714,648714,3,0,4343,4121,:4092:4118:4121:4343,------myelin-exec:__myl_MovResMulMea
20150202176,20150212320,10144,0,10144,myelin-exec:__myl_AddSqrDivMulMulResSliSliNegConMulMulAdd,648714,648714,3,0,4344,4121,:4092:4118:4121:4344,------myelin-exec:__myl_AddSqrDivMulMulResSliSliNegConMulMulAdd
20150213344,20150261664,48320,0,48320,myelin-exec:/MatMul_28,648714,648714,3,0,4345,4121,:4092:4118:4121:4345,------myelin-exec:/MatMul_28
20150263520,20150282272,18752,0,18752,myelin-exec:__myl_MulMaxSubExpSumDivMul,648714,648714,3,0,4346,4121,:4092:4118:4121:4346,------myelin-exec:__myl_MulMaxSubExpSumDivMul
20150283936,20150329952,46016,0,46016,myelin-exec:/MatMul_29,648714,648714,3,0,4347,4121,:4092:4118:4121:4347,------myelin-exec:/MatMul_29
20150331616,20150380736,49120,0,49120,myelin-exec:/o_proj_14/MatMul,648714,648714,3,0,4348,4121,:4092:4118:4121:4348,------myelin-exec:/o_proj_14/MatMul
20150382656,20150402432,19776,0,19776,myelin-exec:__myl_AddMulMeaAddSqrDivMulMul,648714,648714,3,0,4349,4121,:4092:4118:4121:4349,------myelin-exec:__myl_AddMulMeaAddSqrDivMulMul
20150404288,20150450464,46176,0,46176,myelin-exec:/up_proj_14/MatMul,648714,648714,3,0,4350,4121,:4092:4118:4121:4350,------myelin-exec:/up_proj_14/MatMul
20150452448,20150602976,150528,0,150528,myelin-exec:__myl_FcNegExpAddDivMulMul,648714,648714,3,0,4351,4121,:4092:4118:4121:4351,------myelin-exec:__myl_FcNegExpAddDivMulMul
20150605056,20150742976,137920,0,137920,myelin-exec:__myl_FcAdd,648714,648714,3,0,4352,4121,:4092:4118:4121:4352,------myelin-exec:__myl_FcAdd
20150744768,20150760576,15808,0,15808,myelin-exec:__myl_MulMeaAddSqrDivMulMul,648714,648714,3,0,4353,4121,:4092:4118:4121:4353,------myelin-exec:__myl_MulMeaAddSqrDivMulMul
20150762432,20150809856,47424,0,47424,myelin-exec:/v_proj_15/MatMul+/k_proj_15/MatMul+/q_proj_15/MatMul,648714,648714,3,0,4354,4121,:4092:4118:4121:4354,------myelin-exec:/v_proj_15/MatMul+/k_proj_15/MatMul+/q_proj_15/MatMul
20150811520,20150828416,16896,0,16896,myelin-exec:__myl_MovResConResRep,648714,648714,3,0,4355,4121,:4092:4118:4121:4355,------myelin-exec:__myl_MovResConResRep
20150830080,20150842848,12768,0,12768,myelin-exec:__myl_MovResMulMea,648714,648714,3,0,4356,4121,:4092:4118:4121:4356,------myelin-exec:__myl_MovResMulMea
20150844128,20150857952,13824,0,13824,myelin-exec:__myl_AddSqrDivMulMulResSliSliNegConMulMulAddConResRepResTra,648714,648714,3,0,4357,4121,:4092:4118:4121:4357,------myelin-exec:__myl_AddSqrDivMulMulResSliSliNegConMulMulAddConResRepResTra
20150859424,20150870208,10784,0,10784,myelin-exec:__myl_MovResMulMea,648714,648714,3,0,4358,4121,:4092:4118:4121:4358,------myelin-exec:__myl_MovResMulMea
20150871072,20150881888,10816,0,10816,myelin-exec:__myl_AddSqrDivMulMulResSliSliNegConMulMulAdd,648714,648714,3,0,4359,4121,:4092:4118:4121:4359,------myelin-exec:__myl_AddSqrDivMulMulResSliSliNegConMulMulAdd
20150883520,20150923168,39648,0,39648,myelin-exec:/MatMul_30,648714,648714,3,0,4360,4121,:4092:4118:4121:4360,------myelin-exec:/MatMul_30
20150924896,20150937728,12832,0,12832,myelin-exec:__myl_MulMaxSubExpSumDivMul,648714,648714,3,0,4361,4121,:4092:4118:4121:4361,------myelin-exec:__myl_MulMaxSubExpSumDivMul
20150939488,20150977312,37824,0,37824,myelin-exec:/MatMul_31,648714,648714,3,0,4362,4121,:4092:4118:4121:4362,------myelin-exec:/MatMul_31
20150979232,20151015872,36640,0,36640,myelin-exec:/o_proj_15/MatMul,648714,648714,3,0,4363,4121,:4092:4118:4121:4363,------myelin-exec:/o_proj_15/MatMul
20151017696,20151030240,12544,0,12544,myelin-exec:__myl_AddMulMeaAddSqrDivMulMul,648714,648714,3,0,4364,4121,:4092:4118:4121:4364,------myelin-exec:__myl_AddMulMeaAddSqrDivMulMul
20151032128,20151072736,40608,0,40608,myelin-exec:/up_proj_15/MatMul,648714,648714,3,0,4365,4121,:4092:4118:4121:4365,------myelin-exec:/up_proj_15/MatMul
20151074688,20151230976,156288,0,156288,myelin-exec:__myl_FcNegExpAddDivMulMul,648714,648714,3,0,4366,4121,:4092:4118:4121:4366,------myelin-exec:__myl_FcNegExpAddDivMulMul
20151232768,20151371968,139200,0,139200,myelin-exec:__myl_FcAdd,648714,648714,3,0,4367,4121,:4092:4118:4121:4367,------myelin-exec:__myl_FcAdd
20151373952,20151390752,16800,0,16800,myelin-exec:__myl_MulMeaAddSqrDivMulMul,648714,648714,3,0,4368,4121,:4092:4118:4121:4368,------myelin-exec:__myl_MulMeaAddSqrDivMulMul
20151392224,20151446496,54272,0,54272,myelin-exec:/v_proj_16/MatMul+/k_proj_16/MatMul+/q_proj_16/MatMul,648714,648714,3,0,4369,4121,:4092:4118:4121:4369,------myelin-exec:/v_proj_16/MatMul+/k_proj_16/MatMul+/q_proj_16/MatMul
20151448256,20151470656,22400,0,22400,myelin-exec:__myl_MovResConResRep,648714,648714,3,0,4370,4121,:4092:4118:4121:4370,------myelin-exec:__myl_MovResConResRep
20151472064,20151487008,14944,0,14944,myelin-exec:__myl_MovResMulMea,648714,648714,3,0,4371,4121,:4092:4118:4121:4371,------myelin-exec:__myl_MovResMulMea
20151488288,20151502944,14656,0,14656,myelin-exec:__myl_AddSqrDivMulMulResSliSliNegConMulMulAddConResRepResTra,648714,648714,3,0,4372,4121,:4092:4118:4121:4372,------myelin-exec:__myl_AddSqrDivMulMulResSliSliNegConMulMulAddConResRepResTra
20151504000,20151514688,10688,0,10688,myelin-exec:__myl_MovResMulMea,648714,648714,3,0,4373,4121,:4092:4118:4121:4373,------myelin-exec:__myl_MovResMulMea
20151516192,20151526304,10112,0,10112,myelin-exec:__myl_AddSqrDivMulMulResSliSliNegConMulMulAdd,648714,648714,3,0,4374,4121,:4092:4118:4121:4374,------myelin-exec:__myl_AddSqrDivMulMulResSliSliNegConMulMulAdd
20151527584,20151577376,49792,0,49792,myelin-exec:/MatMul_32,648714,648714,3,0,4375,4121,:4092:4118:4121:4375,------myelin-exec:/MatMul_32
20151579040,20151598656,19616,0,19616,myelin-exec:__myl_MulMaxSubExpSumDivMul,648714,648714,3,0,4376,4121,:4092:4118:4121:4376,------myelin-exec:__myl_MulMaxSubExpSumDivMul
20151600448,20151650496,50048,0,50048,myelin-exec:/MatMul_33,648714,648714,3,0,4377,4121,:4092:4118:4121:4377,------myelin-exec:/MatMul_33
20151652672,20151697216,44544,0,44544,myelin-exec:/o_proj_16/MatMul,648714,648714,3,0,4378,4121,:4092:4118:4121:4378,------myelin-exec:/o_proj_16/MatMul
20151699168,20151716960,17792,0,17792,myelin-exec:__myl_AddMulMeaAddSqrDivMulMul,648714,648714,3,0,4379,4121,:4092:4118:4121:4379,------myelin-exec:__myl_AddMulMeaAddSqrDivMulMul
20151718624,20151763968,45344,0,45344,myelin-exec:/up_proj_16/MatMul,648714,648714,3,0,4380,4121,:4092:4118:4121:4380,------myelin-exec:/up_proj_16/MatMul
20151765888,20151916480,150592,0,150592,myelin-exec:__myl_FcNegExpAddDivMulMul,648714,648714,3,0,4381,4121,:4092:4118:4121:4381,------myelin-exec:__myl_FcNegExpAddDivMulMul
20151918752,20152058720,139968,0,139968,myelin-exec:__myl_FcAdd,648714,648714,3,0,4382,4121,:4092:4118:4121:4382,------myelin-exec:__myl_FcAdd
20152060448,20152077888,17440,0,17440,myelin-exec:__myl_MulMeaAddSqrDivMulMul,648714,648714,3,0,4383,4121,:4092:4118:4121:4383,------myelin-exec:__myl_MulMeaAddSqrDivMulMul
20152079392,20152133600,54208,0,54208,myelin-exec:/v_proj_17/MatMul+/k_proj_17/MatMul+/q_proj_17/MatMul,648714,648714,3,0,4384,4121,:4092:4118:4121:4384,------myelin-exec:/v_proj_17/MatMul+/k_proj_17/MatMul+/q_proj_17/MatMul
20152135584,20152155680,20096,0,20096,myelin-exec:__myl_MovResConResRep,648714,648714,3,0,4385,4121,:4092:4118:4121:4385,------myelin-exec:__myl_MovResConResRep
20152157216,20152172384,15168,0,15168,myelin-exec:__myl_MovResMulMea,648714,648714,3,0,4386,4121,:4092:4118:4121:4386,------myelin-exec:__myl_MovResMulMea
20152174016,20152188544,14528,0,14528,myelin-exec:__myl_AddSqrDivMulMulResSliSliNegConMulMulAddConResRepResTra,648714,648714,3,0,4387,4121,:4092:4118:4121:4387,------myelin-exec:__myl_AddSqrDivMulMulResSliSliNegConMulMulAddConResRepResTra
20152189792,20152199936,10144,0,10144,myelin-exec:__myl_MovResMulMea,648714,648714,3,0,4388,4121,:4092:4118:4121:4388,------myelin-exec:__myl_MovResMulMea
20152201312,20152211904,10592,0,10592,myelin-exec:__myl_AddSqrDivMulMulResSliSliNegConMulMulAdd,648714,648714,3,0,4389,4121,:4092:4118:4121:4389,------myelin-exec:__myl_AddSqrDivMulMulResSliSliNegConMulMulAdd
20152212992,20152262304,49312,0,49312,myelin-exec:/MatMul_34,648714,648714,3,0,4390,4121,:4092:4118:4121:4390,------myelin-exec:/MatMul_34
20152264064,20152283104,19040,0,19040,myelin-exec:__myl_MulMaxSubExpSumDivMul,648714,648714,3,0,4391,4121,:4092:4118:4121:4391,------myelin-exec:__myl_MulMaxSubExpSumDivMul
20152284896,20152332160,47264,0,47264,myelin-exec:/MatMul_35,648714,648714,3,0,4392,4121,:4092:4118:4121:4392,------myelin-exec:/MatMul_35
20152333952,20152378720,44768,0,44768,myelin-exec:/o_proj_17/MatMul,648714,648714,3,0,4393,4121,:4092:4118:4121:4393,------myelin-exec:/o_proj_17/MatMul
20152380192,20152397920,17728,0,17728,myelin-exec:__myl_AddMulMeaAddSqrDivMulMul,648714,648714,3,0,4394,4121,:4092:4118:4121:4394,------myelin-exec:__myl_AddMulMeaAddSqrDivMulMul
20152399552,20152442464,42912,0,42912,myelin-exec:/up_proj_17/MatMul,648714,648714,3,0,4395,4121,:4092:4118:4121:4395,------myelin-exec:/up_proj_17/MatMul
20152444480,20152597312,152832,0,152832,myelin-exec:__myl_FcNegExpAddDivMulMul,648714,648714,3,0,4396,4121,:4092:4118:4121:4396,------myelin-exec:__myl_FcNegExpAddDivMulMul
20152599520,20152791072,191552,0,191552,myelin-exec:__myl_FcAdd,648714,648714,3,0,4397,4121,:4092:4118:4121:4397,------myelin-exec:__myl_FcAdd
20152793056,20152812192,19136,0,19136,myelin-exec:__myl_MulMeaAddSqrDivMulMul,648714,648714,3,0,4398,4121,:4092:4118:4121:4398,------myelin-exec:__myl_MulMeaAddSqrDivMulMul
20152814144,20152870112,55968,0,55968,myelin-exec:/v_proj_18/MatMul+/k_proj_18/MatMul+/q_proj_18/MatMul,648714,648714,3,0,4399,4121,:4092:4118:4121:4399,------myelin-exec:/v_proj_18/MatMul+/k_proj_18/MatMul+/q_proj_18/MatMul
20152871744,20152891776,20032,0,20032,myelin-exec:__myl_MovResConResRep,648714,648714,3,0,4400,4121,:4092:4118:4121:4400,------myelin-exec:__myl_MovResConResRep
20152893568,20152909344,15776,0,15776,myelin-exec:__myl_MovResMulMea,648714,648714,3,0,4401,4121,:4092:4118:4121:4401,------myelin-exec:__myl_MovResMulMea
20152910496,20152925664,15168,0,15168,myelin-exec:__myl_AddSqrDivMulMulResSliSliNegConMulMulAddConResRepResTra,648714,648714,3,0,4402,4121,:4092:4118:4121:4402,------myelin-exec:__myl_AddSqrDivMulMulResSliSliNegConMulMulAddConResRepResTra
20152927168,20152938528,11360,0,11360,myelin-exec:__myl_MovResMulMea,648714,648714,3,0,4403,4121,:4092:4118:4121:4403,------myelin-exec:__myl_MovResMulMea
20152939712,20152950880,11168,0,11168,myelin-exec:__myl_AddSqrDivMulMulResSliSliNegConMulMulAdd,648714,648714,3,0,4404,4121,:4092:4118:4121:4404,------myelin-exec:__myl_AddSqrDivMulMulResSliSliNegConMulMulAdd
20152951808,20152997312,45504,0,45504,myelin-exec:/MatMul_36,648714,648714,3,0,4405,4121,:4092:4118:4121:4405,------myelin-exec:/MatMul_36
20152998912,20153016640,17728,0,17728,myelin-exec:__myl_MulMaxSubExpSumDivMul,648714,648714,3,0,4406,4121,:4092:4118:4121:4406,------myelin-exec:__myl_MulMaxSubExpSumDivMul
20153018208,20153066560,48352,0,48352,myelin-exec:/MatMul_37,648714,648714,3,0,4407,4121,:4092:4118:4121:4407,------myelin-exec:/MatMul_37
20153068480,20153111680,43200,0,43200,myelin-exec:/o_proj_18/MatMul,648714,648714,3,0,4408,4121,:4092:4118:4121:4408,------myelin-exec:/o_proj_18/MatMul
20153113312,20153129984,16672,0,16672,myelin-exec:__myl_AddMulMeaAddSqrDivMulMul,648714,648714,3,0,4409,4121,:4092:4118:4121:4409,------myelin-exec:__myl_AddMulMeaAddSqrDivMulMul
20153131520,20153174240,42720,0,42720,myelin-exec:/up_proj_18/MatMul,648714,648714,3,0,4410,4121,:4092:4118:4121:4410,------myelin-exec:/up_proj_18/MatMul
20153175936,20153331392,155456,0,155456,myelin-exec:__myl_FcNegExpAddDivMulMul,648714,648714,3,0,4411,4121,:4092:4118:4121:4411,------myelin-exec:__myl_FcNegExpAddDivMulMul
20153333184,20153475328,142144,0,142144,myelin-exec:__myl_FcAdd,648714,648714,3,0,4412,4121,:4092:4118:4121:4412,------myelin-exec:__myl_FcAdd
20153477088,20153495072,17984,0,17984,myelin-exec:__myl_MulMeaAddSqrDivMulMul,648714,648714,3,0,4413,4121,:4092:4118:4121:4413,------myelin-exec:__myl_MulMeaAddSqrDivMulMul
20153496800,20153548000,51200,0,51200,myelin-exec:/v_proj_19/MatMul+/k_proj_19/MatMul+/q_proj_19/MatMul,648714,648714,3,0,4414,4121,:4092:4118:4121:4414,------myelin-exec:/v_proj_19/MatMul+/k_proj_19/MatMul+/q_proj_19/MatMul
20153549536,20153570976,21440,0,21440,myelin-exec:__myl_MovResConResRep,648714,648714,3,0,4415,4121,:4092:4118:4121:4415,------myelin-exec:__myl_MovResConResRep
20153572480,20153587232,14752,0,14752,myelin-exec:__myl_MovResMulMea,648714,648714,3,0,4416,4121,:4092:4118:4121:4416,------myelin-exec:__myl_MovResMulMea
20153588832,20153603520,14688,0,14688,myelin-exec:__myl_AddSqrDivMulMulResSliSliNegConMulMulAddConResRepResTra,648714,648714,3,0,4417,4121,:4092:4118:4121:4417,------myelin-exec:__myl_AddSqrDivMulMulResSliSliNegConMulMulAddConResRepResTra
20153604960,20153616832,11872,0,11872,myelin-exec:__myl_MovResMulMea,648714,648714,3,0,4418,4121,:4092:4118:4121:4418,------myelin-exec:__myl_MovResMulMea
20153617920,20153628640,10720,0,10720,myelin-exec:__myl_AddSqrDivMulMulResSliSliNegConMulMulAdd,648714,648714,3,0,4419,4121,:4092:4118:4121:4419,------myelin-exec:__myl_AddSqrDivMulMulResSliSliNegConMulMulAdd
20153629504,20153676288,46784,0,46784,myelin-exec:/MatMul_38,648714,648714,3,0,4420,4121,:4092:4118:4121:4420,------myelin-exec:/MatMul_38
20153677920,20153697952,20032,0,20032,myelin-exec:__myl_MulMaxSubExpSumDivMul,648714,648714,3,0,4421,4121,:4092:4118:4121:4421,------myelin-exec:__myl_MulMaxSubExpSumDivMul
20153699872,20153756736,56864,0,56864,myelin-exec:/MatMul_39,648714,648714,3,0,4422,4121,:4092:4118:4121:4422,------myelin-exec:/MatMul_39
20153757952,20153811488,53536,0,53536,myelin-exec:/o_proj_19/MatMul,648714,648714,3,0,4423,4121,:4092:4118:4121:4423,------myelin-exec:/o_proj_19/MatMul
20153813248,20153835008,21760,0,21760,myelin-exec:__myl_AddMulMeaAddSqrDivMulMul,648714,648714,3,0,4424,4121,:4092:4118:4121:4424,------myelin-exec:__myl_AddMulMeaAddSqrDivMulMul
20153836672,20153881760,45088,0,45088,myelin-exec:/up_proj_19/MatMul,648714,648714,3,0,4425,4121,:4092:4118:4121:4425,------myelin-exec:/up_proj_19/MatMul
20153883072,20154034080,151008,0,151008,myelin-exec:__myl_FcNegExpAddDivMulMul,648714,648714,3,0,4426,4121,:4092:4118:4121:4426,------myelin-exec:__myl_FcNegExpAddDivMulMul
20154035872,20154169120,133248,0,133248,myelin-exec:__myl_FcAdd,648714,648714,3,0,4427,4121,:4092:4118:4121:4427,------myelin-exec:__myl_FcAdd
20154170592,20154189472,18880,0,18880,myelin-exec:__myl_MulMeaAddSqrDivMulMul,648714,648714,3,0,4428,4121,:4092:4118:4121:4428,------myelin-exec:__myl_MulMeaAddSqrDivMulMul
20154190880,20154239456,48576,0,48576,myelin-exec:/v_proj_20/MatMul+/k_proj_20/MatMul+/q_proj_20/MatMul,648714,648714,3,0,4429,4121,:4092:4118:4121:4429,------myelin-exec:/v_proj_20/MatMul+/k_proj_20/MatMul+/q_proj_20/MatMul
20154241216,20154261984,20768,0,20768,myelin-exec:__myl_MovResConResRep,648714,648714,3,0,4430,4121,:4092:4118:4121:4430,------myelin-exec:__myl_MovResConResRep
20154263232,20154277920,14688,0,14688,myelin-exec:__myl_MovResMulMea,648714,648714,3,0,4431,4121,:4092:4118:4121:4431,------myelin-exec:__myl_MovResMulMea
20154279520,20154294400,14880,0,14880,myelin-exec:__myl_AddSqrDivMulMulResSliSliNegConMulMulAddConResRepResTra,648714,648714,3,0,4432,4121,:4092:4118:4121:4432,------myelin-exec:__myl_AddSqrDivMulMulResSliSliNegConMulMulAddConResRepResTra
20154295616,20154306720,11104,0,11104,myelin-exec:__myl_MovResMulMea,648714,648714,3,0,4433,4121,:4092:4118:4121:4433,------myelin-exec:__myl_MovResMulMea
20154307776,20154319072,11296,0,11296,myelin-exec:__myl_AddSqrDivMulMulResSliSliNegConMulMulAdd,648714,648714,3,0,4434,4121,:4092:4118:4121:4434,------myelin-exec:__myl_AddSqrDivMulMulResSliSliNegConMulMulAdd
20154320576,20154369216,48640,0,48640,myelin-exec:/MatMul_40,648714,648714,3,0,4435,4121,:4092:4118:4121:4435,------myelin-exec:/MatMul_40
20154370816,20154389376,18560,0,18560,myelin-exec:__myl_MulMaxSubExpSumDivMul,648714,648714,3,0,4436,4121,:4092:4118:4121:4436,------myelin-exec:__myl_MulMaxSubExpSumDivMul
20154391040,20154435616,44576,0,44576,myelin-exec:/MatMul_41,648714,648714,3,0,4437,4121,:4092:4118:4121:4437,------myelin-exec:/MatMul_41
20154437504,20154484192,46688,0,46688,myelin-exec:/o_proj_20/MatMul,648714,648714,3,0,4438,4121,:4092:4118:4121:4438,------myelin-exec:/o_proj_20/MatMul
20154485952,20154507136,21184,0,21184,myelin-exec:__myl_AddMulMeaAddSqrDivMulMul,648714,648714,3,0,4439,4121,:4092:4118:4121:4439,------myelin-exec:__myl_AddMulMeaAddSqrDivMulMul
20154508992,20154553312,44320,0,44320,myelin-exec:/up_proj_20/MatMul,648714,648714,3,0,4440,4121,:4092:4118:4121:4440,------myelin-exec:/up_proj_20/MatMul
20154554976,20154701152,146176,0,146176,myelin-exec:__myl_FcNegExpAddDivMulMul,648714,648714,3,0,4441,4121,:4092:4118:4121:4441,------myelin-exec:__myl_FcNegExpAddDivMulMul
20154702752,20154836128,133376,0,133376,myelin-exec:__myl_FcAdd,648714,648714,3,0,4442,4121,:4092:4118:4121:4442,------myelin-exec:__myl_FcAdd
20154838144,20154855520,17376,0,17376,myelin-exec:__myl_MulMeaAddSqrDivMulMul,648714,648714,3,0,4443,4121,:4092:4118:4121:4443,------myelin-exec:__myl_MulMeaAddSqrDivMulMul
20154857248,20154902816,45568,0,45568,myelin-exec:/v_proj_21/MatMul+/k_proj_21/MatMul+/q_proj_21/MatMul,648714,648714,3,0,4444,4121,:4092:4118:4121:4444,------myelin-exec:/v_proj_21/MatMul+/k_proj_21/MatMul+/q_proj_21/MatMul
20154904480,20154923360,18880,0,18880,myelin-exec:__myl_MovResConResRep,648714,648714,3,0,4445,4121,:4092:4118:4121:4445,------myelin-exec:__myl_MovResConResRep
20154925024,20154940000,14976,0,14976,myelin-exec:__myl_MovResMulMea,648714,648714,3,0,4446,4121,:4092:4118:4121:4446,------myelin-exec:__myl_MovResMulMea
20154940992,20154955136,14144,0,14144,myelin-exec:__myl_AddSqrDivMulMulResSliSliNegConMulMulAddConResRepResTra,648714,648714,3,0,4447,4121,:4092:4118:4121:4447,------myelin-exec:__myl_AddSqrDivMulMulResSliSliNegConMulMulAddConResRepResTra
20154956672,20154967232,10560,0,10560,myelin-exec:__myl_MovResMulMea,648714,648714,3,0,4448,4121,:4092:4118:4121:4448,------myelin-exec:__myl_MovResMulMea
20154968416,20154979584,11168,0,11168,myelin-exec:__myl_AddSqrDivMulMulResSliSliNegConMulMulAdd,648714,648714,3,0,4449,4121,:4092:4118:4121:4449,------myelin-exec:__myl_AddSqrDivMulMulResSliSliNegConMulMulAdd
20154980864,20155027776,46912,0,46912,myelin-exec:/MatMul_42,648714,648714,3,0,4450,4121,:4092:4118:4121:4450,------myelin-exec:/MatMul_42
20155028960,20155050816,21856,0,21856,myelin-exec:__myl_MulMaxSubExpSumDivMul,648714,648714,3,0,4451,4121,:4092:4118:4121:4451,------myelin-exec:__myl_MulMaxSubExpSumDivMul
20155052512,20155105056,52544,0,52544,myelin-exec:/MatMul_43,648714,648714,3,0,4452,4121,:4092:4118:4121:4452,------myelin-exec:/MatMul_43
20155106880,20155149440,42560,0,42560,myelin-exec:/o_proj_21/MatMul,648714,648714,3,0,4453,4121,:4092:4118:4121:4453,------myelin-exec:/o_proj_21/MatMul
20155151488,20155170912,19424,0,19424,myelin-exec:__myl_AddMulMeaAddSqrDivMulMul,648714,648714,3,0,4454,4121,:4092:4118:4121:4454,------myelin-exec:__myl_AddMulMeaAddSqrDivMulMul
20155172672,20155214752,42080,0,42080,myelin-exec:/up_proj_21/MatMul,648714,648714,3,0,4455,4121,:4092:4118:4121:4455,------myelin-exec:/up_proj_21/MatMul
20155216736,20155368896,152160,0,152160,myelin-exec:__myl_FcNegExpAddDivMulMul,648714,648714,3,0,4456,4121,:4092:4118:4121:4456,------myelin-exec:__myl_FcNegExpAddDivMulMul
20155371104,20155504256,133152,0,133152,myelin-exec:__myl_FcAdd,648714,648714,3,0,4457,4121,:4092:4118:4121:4457,------myelin-exec:__myl_FcAdd
20155506112,20155524672,18560,0,18560,myelin-exec:__myl_MulMeaAddSqrDivMulMul,648714,648714,3,0,4458,4121,:4092:4118:4121:4458,------myelin-exec:__myl_MulMeaAddSqrDivMulMul
20155526432,20155574848,48416,0,48416,myelin-exec:/v_proj_22/MatMul+/k_proj_22/MatMul+/q_proj_22/MatMul,648714,648714,3,0,4459,4121,:4092:4118:4121:4459,------myelin-exec:/v_proj_22/MatMul+/k_proj_22/MatMul+/q_proj_22/MatMul
20155576544,20155597216,20672,0,20672,myelin-exec:__myl_MovResConResRep,648714,648714,3,0,4460,4121,:4092:4118:4121:4460,------myelin-exec:__myl_MovResConResRep
20155599040,20155614720,15680,0,15680,myelin-exec:__myl_MovResMulMea,648714,648714,3,0,4461,4121,:4092:4118:4121:4461,------myelin-exec:__myl_MovResMulMea
20155616352,20155631168,14816,0,14816,myelin-exec:__myl_AddSqrDivMulMulResSliSliNegConMulMulAddConResRepResTra,648714,648714,3,0,4462,4121,:4092:4118:4121:4462,------myelin-exec:__myl_AddSqrDivMulMulResSliSliNegConMulMulAddConResRepResTra
20155632608,20155643552,10944,0,10944,myelin-exec:__myl_MovResMulMea,648714,648714,3,0,4463,4121,:4092:4118:4121:4463,------myelin-exec:__myl_MovResMulMea
20155644864,20155656160,11296,0,11296,myelin-exec:__myl_AddSqrDivMulMulResSliSliNegConMulMulAdd,648714,648714,3,0,4464,4121,:4092:4118:4121:4464,------myelin-exec:__myl_AddSqrDivMulMulResSliSliNegConMulMulAdd
20155657504,20155701920,44416,0,44416,myelin-exec:/MatMul_44,648714,648714,3,0,4465,4121,:4092:4118:4121:4465,------myelin-exec:/MatMul_44
20155703744,20155720864,17120,0,17120,myelin-exec:__myl_MulMaxSubExpSumDivMul,648714,648714,3,0,4466,4121,:4092:4118:4121:4466,------myelin-exec:__myl_MulMaxSubExpSumDivMul
20155722208,20155768416,46208,0,46208,myelin-exec:/MatMul_45,648714,648714,3,0,4467,4121,:4092:4118:4121:4467,------myelin-exec:/MatMul_45
20155770080,20155813760,43680,0,43680,myelin-exec:/o_proj_22/MatMul,648714,648714,3,0,4468,4121,:4092:4118:4121:4468,------myelin-exec:/o_proj_22/MatMul
20155815584,20155833856,18272,0,18272,myelin-exec:__myl_AddMulMeaAddSqrDivMulMul,648714,648714,3,0,4469,4121,:4092:4118:4121:4469,------myelin-exec:__myl_AddMulMeaAddSqrDivMulMul
20155835680,20155880096,44416,0,44416,myelin-exec:/up_proj_22/MatMul,648714,648714,3,0,4470,4121,:4092:4118:4121:4470,------myelin-exec:/up_proj_22/MatMul
20155881696,20156033472,151776,0,151776,myelin-exec:__myl_FcNegExpAddDivMulMul,648714,648714,3,0,4471,4121,:4092:4118:4121:4471,------myelin-exec:__myl_FcNegExpAddDivMulMul
20156034976,20156168960,133984,0,133984,myelin-exec:__myl_FcAdd,648714,648714,3,0,4472,4121,:4092:4118:4121:4472,------myelin-exec:__myl_FcAdd
20156170720,20156185728,15008,0,15008,myelin-exec:__myl_MulMeaAddSqrDivMulMul,648714,648714,3,0,4473,4121,:4092:4118:4121:4473,------myelin-exec:__myl_MulMeaAddSqrDivMulMul
20156187360,20156236224,48864,0,48864,myelin-exec:/v_proj_23/MatMul+/k_proj_23/MatMul+/q_proj_23/MatMul,648714,648714,3,0,4474,4121,:4092:4118:4121:4474,------myelin-exec:/v_proj_23/MatMul+/k_proj_23/MatMul+/q_proj_23/MatMul
20156238208,20156256704,18496,0,18496,myelin-exec:__myl_MovResConResRep,648714,648714,3,0,4475,4121,:4092:4118:4121:4475,------myelin-exec:__myl_MovResConResRep
20156258464,20156272512,14048,0,14048,myelin-exec:__myl_MovResMulMea,648714,648714,3,0,4476,4121,:4092:4118:4121:4476,------myelin-exec:__myl_MovResMulMea
20156273728,20156288416,14688,0,14688,myelin-exec:__myl_AddSqrDivMulMulResSliSliNegConMulMulAddConResRepResTra,648714,648714,3,0,4477,4121,:4092:4118:4121:4477,------myelin-exec:__myl_AddSqrDivMulMulResSliSliNegConMulMulAddConResRepResTra
20156289824,20156301280,11456,0,11456,myelin-exec:__myl_MovResMulMea,648714,648714,3,0,4478,4121,:4092:4118:4121:4478,------myelin-exec:__myl_MovResMulMea
20156302432,20156313472,11040,0,11040,myelin-exec:__myl_AddSqrDivMulMulResSliSliNegConMulMulAdd,648714,648714,3,0,4479,4121,:4092:4118:4121:4479,------myelin-exec:__myl_AddSqrDivMulMulResSliSliNegConMulMulAdd
20156314496,20156352224,37728,0,37728,myelin-exec:/MatMul_46,648714,648714,3,0,4480,4121,:4092:4118:4121:4480,------myelin-exec:/MatMul_46
20156354016,20156367904,13888,0,13888,myelin-exec:__myl_MulMaxSubExpSumDivMul,648714,648714,3,0,4481,4121,:4092:4118:4121:4481,------myelin-exec:__myl_MulMaxSubExpSumDivMul
20156369664,20156409024,39360,0,39360,myelin-exec:/MatMul_47,648714,648714,3,0,4482,4121,:4092:4118:4121:4482,------myelin-exec:/MatMul_47
20156410528,20156455200,44672,0,44672,myelin-exec:/o_proj_23/MatMul,648714,648714,3,0,4483,4121,:4092:4118:4121:4483,------myelin-exec:/o_proj_23/MatMul
20156456800,20156476448,19648,0,19648,myelin-exec:__myl_AddMulMeaAddSqrDivMulMul,648714,648714,3,0,4484,4121,:4092:4118:4121:4484,------myelin-exec:__myl_AddMulMeaAddSqrDivMulMul
20156477920,20156519584,41664,0,41664,myelin-exec:/up_proj_23/MatMul,648714,648714,3,0,4485,4121,:4092:4118:4121:4485,------myelin-exec:/up_proj_23/MatMul
20156521280,20156667872,146592,0,146592,myelin-exec:__myl_FcNegExpAddDivMulMul,648714,648714,3,0,4486,4121,:4092:4118:4121:4486,------myelin-exec:__myl_FcNegExpAddDivMulMul
20156670880,20156838240,167360,0,167360,myelin-exec:__myl_FcAdd,648714,648714,3,0,4487,4121,:4092:4118:4121:4487,------myelin-exec:__myl_FcAdd
20156840224,20156861568,21344,0,21344,myelin-exec:__myl_MulMeaAddSqrDivMulMul,648714,648714,3,0,4488,4121,:4092:4118:4121:4488,------myelin-exec:__myl_MulMeaAddSqrDivMulMul
20156863488,20156915808,52320,0,52320,myelin-exec:/v_proj_24/MatMul+/k_proj_24/MatMul+/q_proj_24/MatMul,648714,648714,3,0,4489,4121,:4092:4118:4121:4489,------myelin-exec:/v_proj_24/MatMul+/k_proj_24/MatMul+/q_proj_24/MatMul
20156917696,20156939136,21440,0,21440,myelin-exec:__myl_MovResConResRep,648714,648714,3,0,4490,4121,:4092:4118:4121:4490,------myelin-exec:__myl_MovResConResRep
20156940928,20156956800,15872,0,15872,myelin-exec:__myl_MovResMulMea,648714,648714,3,0,4491,4121,:4092:4118:4121:4491,------myelin-exec:__myl_MovResMulMea
20156958080,20156973344,15264,0,15264,myelin-exec:__myl_AddSqrDivMulMulResSliSliNegConMulMulAddConResRepResTra,648714,648714,3,0,4492,4121,:4092:4118:4121:4492,------myelin-exec:__myl_AddSqrDivMulMulResSliSliNegConMulMulAddConResRepResTra
20156974592,20156985120,10528,0,10528,myelin-exec:__myl_MovResMulMea,648714,648714,3,0,4493,4121,:4092:4118:4121:4493,------myelin-exec:__myl_MovResMulMea
20156986464,20156996992,10528,0,10528,myelin-exec:__myl_AddSqrDivMulMulResSliSliNegConMulMulAdd,648714,648714,3,0,4494,4121,:4092:4118:4121:4494,------myelin-exec:__myl_AddSqrDivMulMulResSliSliNegConMulMulAdd
20156998400,20157048992,50592,0,50592,myelin-exec:/MatMul_48,648714,648714,3,0,4495,4121,:4092:4118:4121:4495,------myelin-exec:/MatMul_48
20157051104,20157069248,18144,0,18144,myelin-exec:__myl_MulMaxSubExpSumDivMul,648714,648714,3,0,4496,4121,:4092:4118:4121:4496,------myelin-exec:__myl_MulMaxSubExpSumDivMul
20157071104,20157124416,53312,0,53312,myelin-exec:/MatMul_49,648714,648714,3,0,4497,4121,:4092:4118:4121:4497,------myelin-exec:/MatMul_49
20157125920,20157173088,47168,0,47168,myelin-exec:/o_proj_24/MatMul,648714,648714,3,0,4498,4121,:4092:4118:4121:4498,------myelin-exec:/o_proj_24/MatMul
20157174784,20157192192,17408,0,17408,myelin-exec:__myl_AddMulMeaAddSqrDivMulMul,648714,648714,3,0,4499,4121,:4092:4118:4121:4499,------myelin-exec:__myl_AddMulMeaAddSqrDivMulMul
20157193536,20157234912,41376,0,41376,myelin-exec:/up_proj_24/MatMul,648714,648714,3,0,4500,4121,:4092:4118:4121:4500,------myelin-exec:/up_proj_24/MatMul
20157236704,20157383904,147200,0,147200,myelin-exec:__myl_FcNegExpAddDivMulMul,648714,648714,3,0,4501,4121,:4092:4118:4121:4501,------myelin-exec:__myl_FcNegExpAddDivMulMul
20157385760,20157524768,139008,0,139008,myelin-exec:__myl_FcAdd,648714,648714,3,0,4502,4121,:4092:4118:4121:4502,------myelin-exec:__myl_FcAdd
20157526368,20157543584,17216,0,17216,myelin-exec:__myl_MulMeaAddSqrDivMulMul,648714,648714,3,0,4503,4121,:4092:4118:4121:4503,------myelin-exec:__myl_MulMeaAddSqrDivMulMul
20157545120,20157597056,51936,0,51936,myelin-exec:/v_proj_25/MatMul+/k_proj_25/MatMul+/q_proj_25/MatMul,648714,648714,3,0,4504,4121,:4092:4118:4121:4504,------myelin-exec:/v_proj_25/MatMul+/k_proj_25/MatMul+/q_proj_25/MatMul
20157598752,20157618720,19968,0,19968,myelin-exec:__myl_MovResConResRep,648714,648714,3,0,4505,4121,:4092:4118:4121:4505,------myelin-exec:__myl_MovResConResRep
20157620256,20157635680,15424,0,15424,myelin-exec:__myl_MovResMulMea,648714,648714,3,0,4506,4121,:4092:4118:4121:4506,------myelin-exec:__myl_MovResMulMea
20157637056,20157651968,14912,0,14912,myelin-exec:__myl_AddSqrDivMulMulResSliSliNegConMulMulAddConResRepResTra,648714,648714,3,0,4507,4121,:4092:4118:4121:4507,------myelin-exec:__myl_AddSqrDivMulMulResSliSliNegConMulMulAddConResRepResTra
20157652832,20157663488,10656,0,10656,myelin-exec:__myl_MovResMulMea,648714,648714,3,0,4508,4121,:4092:4118:4121:4508,------myelin-exec:__myl_MovResMulMea
20157664832,20157675712,10880,0,10880,myelin-exec:__myl_AddSqrDivMulMulResSliSliNegConMulMulAdd,648714,648714,3,0,4509,4121,:4092:4118:4121:4509,------myelin-exec:__myl_AddSqrDivMulMulResSliSliNegConMulMulAdd
20157676672,20157715232,38560,0,38560,myelin-exec:/MatMul_50,648714,648714,3,0,4510,4121,:4092:4118:4121:4510,------myelin-exec:/MatMul_50
20157716960,20157729824,12864,0,12864,myelin-exec:__myl_MulMaxSubExpSumDivMul,648714,648714,3,0,4511,4121,:4092:4118:4121:4511,------myelin-exec:__myl_MulMaxSubExpSumDivMul
20157731424,20157773344,41920,0,41920,myelin-exec:/MatMul_51,648714,648714,3,0,4512,4121,:4092:4118:4121:4512,------myelin-exec:/MatMul_51
20157775008,20157815232,40224,0,40224,myelin-exec:/o_proj_25/MatMul,648714,648714,3,0,4513,4121,:4092:4118:4121:4513,------myelin-exec:/o_proj_25/MatMul
20157816736,20157834688,17952,0,17952,myelin-exec:__myl_AddMulMeaAddSqrDivMulMul,648714,648714,3,0,4514,4121,:4092:4118:4121:4514,------myelin-exec:__myl_AddMulMeaAddSqrDivMulMul
20157835904,20157884352,48448,0,48448,myelin-exec:/up_proj_25/MatMul,648714,648714,3,0,4515,4121,:4092:4118:4121:4515,------myelin-exec:/up_proj_25/MatMul
20157885984,20158035872,149888,0,149888,myelin-exec:__myl_FcNegExpAddDivMulMul,648714,648714,3,0,4516,4121,:4092:4118:4121:4516,------myelin-exec:__myl_FcNegExpAddDivMulMul
20158038080,20158174144,136064,0,136064,myelin-exec:__myl_FcAdd,648714,648714,3,0,4517,4121,:4092:4118:4121:4517,------myelin-exec:__myl_FcAdd
20158176256,20158193152,16896,0,16896,myelin-exec:__myl_MulMeaAddSqrDivMulMul,648714,648714,3,0,4518,4121,:4092:4118:4121:4518,------myelin-exec:__myl_MulMeaAddSqrDivMulMul
20158195008,20158244448,49440,0,49440,myelin-exec:/v_proj_26/MatMul+/k_proj_26/MatMul+/q_proj_26/MatMul,648714,648714,3,0,4519,4121,:4092:4118:4121:4519,------myelin-exec:/v_proj_26/MatMul+/k_proj_26/MatMul+/q_proj_26/MatMul
20158246432,20158266336,19904,0,19904,myelin-exec:__myl_MovResConResRep,648714,648714,3,0,4520,4121,:4092:4118:4121:4520,------myelin-exec:__myl_MovResConResRep
20158268128,20158281888,13760,0,13760,myelin-exec:__myl_MovResMulMea,648714,648714,3,0,4521,4121,:4092:4118:4121:4521,------myelin-exec:__myl_MovResMulMea
20158283584,20158299680,16096,0,16096,myelin-exec:__myl_AddSqrDivMulMulResSliSliNegConMulMulAddConResRepResTra,648714,648714,3,0,4522,4121,:4092:4118:4121:4522,------myelin-exec:__myl_AddSqrDivMulMulResSliSliNegConMulMulAddConResRepResTra
20158300864,20158311712,10848,0,10848,myelin-exec:__myl_MovResMulMea,648714,648714,3,0,4523,4121,:4092:4118:4121:4523,------myelin-exec:__myl_MovResMulMea
20158312864,20158323776,10912,0,10912,myelin-exec:__myl_AddSqrDivMulMulResSliSliNegConMulMulAdd,648714,648714,3,0,4524,4121,:4092:4118:4121:4524,------myelin-exec:__myl_AddSqrDivMulMulResSliSliNegConMulMulAdd
20158324896,20158370080,45184,0,45184,myelin-exec:/MatMul_52,648714,648714,3,0,4525,4121,:4092:4118:4121:4525,------myelin-exec:/MatMul_52
20158371840,20158389760,17920,0,17920,myelin-exec:__myl_MulMaxSubExpSumDivMul,648714,648714,3,0,4526,4121,:4092:4118:4121:4526,------myelin-exec:__myl_MulMaxSubExpSumDivMul
20158391136,20158443200,52064,0,52064,myelin-exec:/MatMul_53,648714,648714,3,0,4527,4121,:4092:4118:4121:4527,------myelin-exec:/MatMul_53
20158444512,20158491200,46688,0,46688,myelin-exec:/o_proj_26/MatMul,648714,648714,3,0,4528,4121,:4092:4118:4121:4528,------myelin-exec:/o_proj_26/MatMul
20158492864,20158510816,17952,0,17952,myelin-exec:__myl_AddMulMeaAddSqrDivMulMul,648714,648714,3,0,4529,4121,:4092:4118:4121:4529,------myelin-exec:__myl_AddMulMeaAddSqrDivMulMul
20158512608,20158558880,46272,0,46272,myelin-exec:/up_proj_26/MatMul,648714,648714,3,0,4530,4121,:4092:4118:4121:4530,------myelin-exec:/up_proj_26/MatMul
20158560576,20158705472,144896,0,144896,myelin-exec:__myl_FcNegExpAddDivMulMul,648714,648714,3,0,4531,4121,:4092:4118:4121:4531,------myelin-exec:__myl_FcNegExpAddDivMulMul
20158707040,20158843008,135968,0,135968,myelin-exec:__myl_FcAdd,648714,648714,3,0,4532,4121,:4092:4118:4121:4532,------myelin-exec:__myl_FcAdd
20158844832,20158861280,16448,0,16448,myelin-exec:__myl_MulMeaAddSqrDivMulMul,648714,648714,3,0,4533,4121,:4092:4118:4121:4533,------myelin-exec:__myl_MulMeaAddSqrDivMulMul
20158863040,20158908448,45408,0,45408,myelin-exec:/v_proj_27/MatMul+/k_proj_27/MatMul+/q_proj_27/MatMul,648714,648714,3,0,4534,4121,:4092:4118:4121:4534,------myelin-exec:/v_proj_27/MatMul+/k_proj_27/MatMul+/q_proj_27/MatMul
20158910336,20158928832,18496,0,18496,myelin-exec:__myl_MovResConResRep,648714,648714,3,0,4535,4121,:4092:4118:4121:4535,------myelin-exec:__myl_MovResConResRep
20158930368,20158943936,13568,0,13568,myelin-exec:__myl_MovResMulMea,648714,648714,3,0,4536,4121,:4092:4118:4121:4536,------myelin-exec:__myl_MovResMulMea
20158945504,20158960448,14944,0,14944,myelin-exec:__myl_AddSqrDivMulMulResSliSliNegConMulMulAddConResRepResTra,648714,648714,3,0,4537,4121,:4092:4118:4121:4537,------myelin-exec:__myl_AddSqrDivMulMulResSliSliNegConMulMulAddConResRepResTra
20158961888,20158973984,12096,0,12096,myelin-exec:__myl_MovResMulMea,648714,648714,3,0,4538,4121,:4092:4118:4121:4538,------myelin-exec:__myl_MovResMulMea
20158975552,20158986464,10912,0,10912,myelin-exec:__myl_AddSqrDivMulMulResSliSliNegConMulMulAdd,648714,648714,3,0,4539,4121,:4092:4118:4121:4539,------myelin-exec:__myl_AddSqrDivMulMulResSliSliNegConMulMulAdd
20158987488,20159037344,49856,0,49856,myelin-exec:/MatMul_54,648714,648714,3,0,4540,4121,:4092:4118:4121:4540,------myelin-exec:/MatMul_54
20159038752,20159060032,21280,0,21280,myelin-exec:__myl_MulMaxSubExpSumDivMul,648714,648714,3,0,4541,4121,:4092:4118:4121:4541,------myelin-exec:__myl_MulMaxSubExpSumDivMul
20159061824,20159108768,46944,0,46944,myelin-exec:/MatMul_55,648714,648714,3,0,4542,4121,:4092:4118:4121:4542,------myelin-exec:/MatMul_55
20159110528,20159152096,41568,0,41568,myelin-exec:/o_proj_27/MatMul,648714,648714,3,0,4543,4121,:4092:4118:4121:4543,------myelin-exec:/o_proj_27/MatMul
20159154016,20159171872,17856,0,17856,myelin-exec:__myl_AddMulMeaAddSqrDivMulMul,648714,648714,3,0,4544,4121,:4092:4118:4121:4544,------myelin-exec:__myl_AddMulMeaAddSqrDivMulMul
20159173472,20159217312,43840,0,43840,myelin-exec:/up_proj_27/MatMul,648714,648714,3,0,4545,4121,:4092:4118:4121:4545,------myelin-exec:/up_proj_27/MatMul
20159218720,20159366592,147872,0,147872,myelin-exec:__myl_FcNegExpAddDivMulMul,648714,648714,3,0,4546,4121,:4092:4118:4121:4546,------myelin-exec:__myl_FcNegExpAddDivMulMul
20159368608,20159514496,145888,0,145888,myelin-exec:__myl_FcAdd,648714,648714,3,0,4547,4121,:4092:4118:4121:4547,------myelin-exec:__myl_FcAdd
20374406464,20374609536,203072,136032,67040,TensorRT:ExecutionContext::enqueue,648714,648714,1,1,4639,4092,:4092:4639,--TensorRT:ExecutionContext::enqueue
20374467584,20374603616,136032,77696,58336,TensorRT:{ForeignNode[/Cast.../Cast_1]},648714,648714,2,2,4643,4639,:4092:4639:4643,----TensorRT:{ForeignNode[/Cast.../Cast_1]}
20374511520,20374513376,1856,0,1856,myelin-exec:__mye60_0,648714,648714,3,0,4650,4643,:4092:4639:4643:4650,------myelin-exec:__mye60_0
20374514176,20374590016,75840,0,75840,myelin-exec:__myl_MovMulMeaAddSqrDivMulMulCas,648714,648714,3,0,4651,4643,:4092:4639:4643:4651,------myelin-exec:__myl_MovMulMeaAddSqrDivMulMulCas
20383150496,20383369952,219456,172480,46976,TensorRT:ExecutionContext::enqueue,648714,648714,1,1,4660,4092,:4092:4660,--TensorRT:ExecutionContext::enqueue
20383193728,20383366208,172480,125888,46592,TensorRT:{ForeignNode[onnx::MatMul_4 + ONNXTRT_Broadcast.../MatMul]},648714,648714,2,2,4664,4660,:4092:4660:4664,----TensorRT:{ForeignNode[onnx::MatMul_4 + ONNXTRT_Broadcast.../MatMul]}
20383226208,20383227712,1504,0,1504,myelin-exec:__mye31_0,648714,648714,3,0,4671,4664,:4092:4660:4664:4671,------myelin-exec:__mye31_0
20383228352,20383352736,124384,0,124384,myelin-exec:/MatMul,648714,648714,3,0,4672,4664,:4092:4660:4664:4672,------myelin-exec:/MatMul
