Start (ns),End (ns),Duration (ns),DurChild (ns),DurNonChild (ns),Name,PID,TID,Lvl,NumChild,RangeId,ParentId,RangeStack,NameTree
5890468800,5890927648,458848,382848,76000,TensorRT:ExecutionContext::enqueue,649196,649196,0,1,6,,:6,TensorRT:ExecutionContext::enqueue
5890538432,5890921280,382848,76256,306592,TensorRT:{ForeignNode[ONNXTRT_castHelper.../Gather]},649196,649196,1,2,10,6,:6:10,--TensorRT:{ForeignNode[ONNXTRT_castHelper.../Gather]}
5890830048,5890832480,2432,0,2432,myelin-exec:__mye39_0,649196,649196,2,0,17,10,:6:10:17,----myelin-exec:__mye39_0
5890833536,5890907360,73824,0,73824,myelin-exec:__myl_CasGat,649196,649196,2,0,18,10,:6:10:18,----myelin-exec:__myl_CasGat
7952489376,8037220832,84731456,83149952,1581504,TensorRT:ExecutionContext::enqueue,649196,649196,0,1,27,,:27,TensorRT:ExecutionContext::enqueue
7954017312,8037167264,83149952,81516960,1632992,TensorRT:{ForeignNode[/Cast.../Add_111]},649196,649196,1,649,31,27,:27:31,--TensorRT:{ForeignNode[/Cast.../Add_111]}
7954241760,7954244128,2368,0,2368,myelin-exec:__mye181941_0,649196,649196,2,0,38,31,:27:31:38,----myelin-exec:__mye181941_0
7954245152,7954334656,89504,0,89504,myelin-exec:__myl_RepIotIotRepCasAddCasEqlLtOrSel,649196,649196,2,0,39,31,:27:31:39,----myelin-exec:__myl_RepIotIotRepCasAddCasEqlLtOrSel
7954336320,7954364064,27744,0,27744,myelin-exec:__myl_MovMulMeaAddSqrDivMulMulMinMaxRouCasMulMinMaxRouCasMulMinMaxRouCas,649196,649196,2,0,40,31,:27:31:40,----myelin-exec:__myl_MovMulMeaAddSqrDivMulMulMinMaxRouCasMulMinMaxRouCasMulMinMaxRouCas
7954365280,7954378112,12832,0,12832,myelin-exec:__mye725921,649196,649196,2,0,41,31,:27:31:41,----myelin-exec:__mye725921
7954379200,7954389056,9856,0,9856,myelin-exec:__mye725923,649196,649196,2,0,42,31,:27:31:42,----myelin-exec:__mye725923
7954389952,7954733312,343360,0,343360,myelin-exec:__myl_FcCas,649196,649196,2,0,43,31,:27:31:43,----myelin-exec:__myl_FcCas
7954735616,7954777920,42304,0,42304,myelin-exec:__myl_ResTraResSliRepRes,649196,649196,2,0,44,31,:27:31:44,----myelin-exec:__myl_ResTraResSliRepRes
7954779808,7954786656,6848,0,6848,myelin-exec:__mye725931,649196,649196,2,0,45,31,:27:31:45,----myelin-exec:__mye725931
7954788032,7954793152,5120,0,5120,myelin-exec:__mye725925,649196,649196,2,0,46,31,:27:31:46,----myelin-exec:__mye725925
7954794080,7954950368,156288,0,156288,myelin-exec:__myl_FcCas,649196,649196,2,0,47,31,:27:31:47,----myelin-exec:__myl_FcCas
7954952288,7954974848,22560,0,22560,myelin-exec:__myl_ResMulMea,649196,649196,2,0,48,31,:27:31:48,----myelin-exec:__myl_ResMulMea
7954975904,7954979936,4032,0,4032,myelin-exec:__mye725927,649196,649196,2,0,49,31,:27:31:49,----myelin-exec:__mye725927
7954980864,7955115424,134560,0,134560,myelin-exec:__myl_FcCas,649196,649196,2,0,50,31,:27:31:50,----myelin-exec:__myl_FcCas
7955116928,7955136800,19872,0,19872,myelin-exec:__myl_ResMulMea,649196,649196,2,0,51,31,:27:31:51,----myelin-exec:__myl_ResMulMea
7955137920,7955141632,3712,0,3712,myelin-exec:__mye725929,649196,649196,2,0,52,31,:27:31:52,----myelin-exec:__mye725929
7955142976,7955167808,24832,0,24832,myelin-exec:__myl_CasResMulConSinResCosResAddSqrAddSqrDivMulDivMulMulTraSliSliNegConMulMulAddResSliRepResTraEtc,649196,649196,2,0,53,31,:27:31:53,----myelin-exec:__myl_CasResMulConSinResCosResAddSqrAddSqrDivMulDivMulMulTraSliSliNegConMulMulAddResSliRepResTraEtc
7955168960,7955172256,3296,0,3296,myelin-exec:__mye725933,649196,649196,2,0,54,31,:27:31:54,----myelin-exec:__mye725933
7955173216,7955192736,19520,0,19520,myelin-exec:_gemm_mha_v2,649196,649196,2,0,55,31,:27:31:55,----myelin-exec:_gemm_mha_v2
7955194240,7955210752,16512,0,16512,myelin-exec:__myl_ResTra,649196,649196,2,0,56,31,:27:31:56,----myelin-exec:__myl_ResTra
7955211872,7955351808,139936,0,139936,myelin-exec:__myl_FcCasAdd,649196,649196,2,0,57,31,:27:31:57,----myelin-exec:__myl_FcCasAdd
7955353632,7955373024,19392,0,19392,myelin-exec:__myl_MulMeaAddSqrDivMulMulMulMinMaxRouCas,649196,649196,2,0,58,31,:27:31:58,----myelin-exec:__myl_MulMeaAddSqrDivMulMulMulMinMaxRouCas
7955374176,8003874592,48500416,0,48500416,myelin-exec:/up_proj/MatMul,649196,649196,2,0,59,31,:27:31:59,----myelin-exec:/up_proj/MatMul
8003885056,8004172864,287808,0,287808,myelin-exec:__myl_FcCasNegExpAddDivMulMul,649196,649196,2,0,60,31,:27:31:60,----myelin-exec:__myl_FcCasNegExpAddDivMulMul
8004175680,8004340768,165088,0,165088,myelin-exec:__myl_FcAdd,649196,649196,2,0,61,31,:27:31:61,----myelin-exec:__myl_FcAdd
8004343104,8004375264,32160,0,32160,myelin-exec:__myl_MulMeaAddSqrDivMulMulMinMaxRouCasMulMinMaxRouCasMulMinMaxRouCas,649196,649196,2,0,62,31,:27:31:62,----myelin-exec:__myl_MulMeaAddSqrDivMulMulMinMaxRouCasMulMinMaxRouCasMulMinMaxRouCas
8004377536,8004391520,13984,0,13984,myelin-exec:__mye725935,649196,649196,2,0,63,31,:27:31:63,----myelin-exec:__mye725935
8004392448,8004402432,9984,0,9984,myelin-exec:__mye725937,649196,649196,2,0,64,31,:27:31:64,----myelin-exec:__mye725937
8004403520,8004577632,174112,0,174112,myelin-exec:__myl_FcCas,649196,649196,2,0,65,31,:27:31:65,----myelin-exec:__myl_FcCas
8004580256,8004585536,5280,0,5280,myelin-exec:__mye725939,649196,649196,2,0,66,31,:27:31:66,----myelin-exec:__mye725939
8004587008,8004591776,4768,0,4768,myelin-exec:__mye725941,649196,649196,2,0,67,31,:27:31:67,----myelin-exec:__mye725941
8004592960,8004622880,29920,0,29920,myelin-exec:__myl_ResTraResSliRepRes,649196,649196,2,0,68,31,:27:31:68,----myelin-exec:__myl_ResTraResSliRepRes
8004624480,8004627360,2880,0,2880,myelin-exec:__mye725953,649196,649196,2,0,69,31,:27:31:69,----myelin-exec:__mye725953
8004628288,8004630016,1728,0,1728,myelin-exec:__mye725943,649196,649196,2,0,70,31,:27:31:70,----myelin-exec:__mye725943
8004630912,8004787520,156608,0,156608,myelin-exec:__myl_FcCas,649196,649196,2,0,71,31,:27:31:71,----myelin-exec:__myl_FcCas
8004789536,8004793024,3488,0,3488,myelin-exec:__mye725945,649196,649196,2,0,72,31,:27:31:72,----myelin-exec:__mye725945
8004794144,8004796928,2784,0,2784,myelin-exec:__mye725947,649196,649196,2,0,73,31,:27:31:73,----myelin-exec:__mye725947
8004798176,8004820064,21888,0,21888,myelin-exec:__myl_ResMulMea,649196,649196,2,0,74,31,:27:31:74,----myelin-exec:__myl_ResMulMea
8004821664,8004842976,21312,0,21312,myelin-exec:__myl_AddSqrDivMulMulTraSliSliNegConMulMulAddResSliRepResTraRes,649196,649196,2,0,75,31,:27:31:75,----myelin-exec:__myl_AddSqrDivMulMulTraSliSliNegConMulMulAddResSliRepResTraRes
8004844320,8004846944,2624,0,2624,myelin-exec:__mye725949,649196,649196,2,0,76,31,:27:31:76,----myelin-exec:__mye725949
8004848832,8004993152,144320,0,144320,myelin-exec:__myl_FcCas,649196,649196,2,0,77,31,:27:31:77,----myelin-exec:__myl_FcCas
8004995296,8005017600,22304,0,22304,myelin-exec:__myl_ResMulMea,649196,649196,2,0,78,31,:27:31:78,----myelin-exec:__myl_ResMulMea
8005019392,8005038080,18688,0,18688,myelin-exec:__myl_AddSqrDivMulMulTraSliSliNegConMulMulAddRes,649196,649196,2,0,79,31,:27:31:79,----myelin-exec:__myl_AddSqrDivMulMulTraSliSliNegConMulMulAddRes
8005039392,8005043264,3872,0,3872,myelin-exec:__mye725951,649196,649196,2,0,80,31,:27:31:80,----myelin-exec:__mye725951
8005044864,8005047424,2560,0,2560,myelin-exec:__mye725955,649196,649196,2,0,81,31,:27:31:81,----myelin-exec:__mye725955
8005048576,8005069248,20672,0,20672,myelin-exec:_gemm_mha_v2,649196,649196,2,0,82,31,:27:31:82,----myelin-exec:_gemm_mha_v2
8005070656,8005085728,15072,0,15072,myelin-exec:__myl_ResTra,649196,649196,2,0,83,31,:27:31:83,----myelin-exec:__myl_ResTra
8005086976,8005243808,156832,0,156832,myelin-exec:__myl_FcCasAdd,649196,649196,2,0,84,31,:27:31:84,----myelin-exec:__myl_FcCasAdd
8005246624,8005270464,23840,0,23840,myelin-exec:__myl_MulMeaAddSqrDivMulMulMulMinMaxRouCas,649196,649196,2,0,85,31,:27:31:85,----myelin-exec:__myl_MulMeaAddSqrDivMulMulMulMinMaxRouCas
8005272000,8005429088,157088,0,157088,myelin-exec:/up_proj_1/MatMul,649196,649196,2,0,86,31,:27:31:86,----myelin-exec:/up_proj_1/MatMul
8005431488,8005599456,167968,0,167968,myelin-exec:__myl_FcCasNegExpAddDivMulMul,649196,649196,2,0,87,31,:27:31:87,----myelin-exec:__myl_FcCasNegExpAddDivMulMul
8005601760,8005756352,154592,0,154592,myelin-exec:__myl_FcAdd,649196,649196,2,0,88,31,:27:31:88,----myelin-exec:__myl_FcAdd
8005758880,8005784512,25632,0,25632,myelin-exec:__myl_MulMeaAddSqrDivMulMul,649196,649196,2,0,89,31,:27:31:89,----myelin-exec:__myl_MulMeaAddSqrDivMulMul
8005786240,8005833088,46848,0,46848,myelin-exec:/v_proj_2/MatMul+/k_proj_2/MatMul+/q_proj_2/MatMul,649196,649196,2,0,90,31,:27:31:90,----myelin-exec:/v_proj_2/MatMul+/k_proj_2/MatMul+/q_proj_2/MatMul
8005834624,8005840288,5664,0,5664,myelin-exec:__mye725957,649196,649196,2,0,91,31,:27:31:91,----myelin-exec:__mye725957
8005840992,8005844640,3648,0,3648,myelin-exec:__mye725959,649196,649196,2,0,92,31,:27:31:92,----myelin-exec:__mye725959
8005845760,8005878208,32448,0,32448,myelin-exec:__myl_ResTraResSliRepRes,649196,649196,2,0,93,31,:27:31:93,----myelin-exec:__myl_ResTraResSliRepRes
8005879904,8005883936,4032,0,4032,myelin-exec:__mye725967,649196,649196,2,0,94,31,:27:31:94,----myelin-exec:__mye725967
8005884704,8005887552,2848,0,2848,myelin-exec:__mye725961,649196,649196,2,0,95,31,:27:31:95,----myelin-exec:__mye725961
8005888672,8005914208,25536,0,25536,myelin-exec:__myl_ResMulMea,649196,649196,2,0,96,31,:27:31:96,----myelin-exec:__myl_ResMulMea
8005915872,8005931328,15456,0,15456,myelin-exec:__myl_AddSqrDivMulMulTraSliSliNegConMulMulAddResSliRepResTraRes,649196,649196,2,0,97,31,:27:31:97,----myelin-exec:__myl_AddSqrDivMulMulTraSliSliNegConMulMulAddResSliRepResTraRes
8005932640,8005935712,3072,0,3072,myelin-exec:__mye725963,649196,649196,2,0,98,31,:27:31:98,----myelin-exec:__mye725963
8005936352,8005956224,19872,0,19872,myelin-exec:__myl_ResMulMea,649196,649196,2,0,99,31,:27:31:99,----myelin-exec:__myl_ResMulMea
8005957088,8005969280,12192,0,12192,myelin-exec:__myl_AddSqrDivMulMulTraSliSliNegConMulMulAddRes,649196,649196,2,0,100,31,:27:31:100,----myelin-exec:__myl_AddSqrDivMulMulTraSliSliNegConMulMulAddRes
8005970496,8005973568,3072,0,3072,myelin-exec:__mye725965,649196,649196,2,0,101,31,:27:31:101,----myelin-exec:__mye725965
8005974112,8005976096,1984,0,1984,myelin-exec:__mye725969,649196,649196,2,0,102,31,:27:31:102,----myelin-exec:__mye725969
8005977088,8005995296,18208,0,18208,myelin-exec:_gemm_mha_v2,649196,649196,2,0,103,31,:27:31:103,----myelin-exec:_gemm_mha_v2
8005996224,8006006784,10560,0,10560,myelin-exec:__myl_ResTra,649196,649196,2,0,104,31,:27:31:104,----myelin-exec:__myl_ResTra
8006007520,8006178592,171072,0,171072,myelin-exec:__myl_FcCasAdd,649196,649196,2,0,105,31,:27:31:105,----myelin-exec:__myl_FcCasAdd
8006180640,8006203584,22944,0,22944,myelin-exec:__myl_MulMeaAddSqrDivMulMulMulMinMaxRouCas,649196,649196,2,0,106,31,:27:31:106,----myelin-exec:__myl_MulMeaAddSqrDivMulMulMulMinMaxRouCas
8006205152,8006248160,43008,0,43008,myelin-exec:/up_proj_2/MatMul,649196,649196,2,0,107,31,:27:31:107,----myelin-exec:/up_proj_2/MatMul
8006250080,8006407456,157376,0,157376,myelin-exec:__myl_FcCasNegExpAddDivMulMul,649196,649196,2,0,108,31,:27:31:108,----myelin-exec:__myl_FcCasNegExpAddDivMulMul
8006409824,8006562560,152736,0,152736,myelin-exec:__myl_FcAdd,649196,649196,2,0,109,31,:27:31:109,----myelin-exec:__myl_FcAdd
8006564928,8006583392,18464,0,18464,myelin-exec:__myl_MulMeaAddSqrDivMulMulMinMaxRouCasMulMinMaxRouCasMulMinMaxRouCas,649196,649196,2,0,110,31,:27:31:110,----myelin-exec:__myl_MulMeaAddSqrDivMulMulMinMaxRouCasMulMinMaxRouCasMulMinMaxRouCas
8006584896,8006589920,5024,0,5024,myelin-exec:__mye725971,649196,649196,2,0,111,31,:27:31:111,----myelin-exec:__mye725971
8006590816,8006593952,3136,0,3136,myelin-exec:__mye725973,649196,649196,2,0,112,31,:27:31:112,----myelin-exec:__mye725973
8006595104,8006781216,186112,0,186112,myelin-exec:__myl_FcCas,649196,649196,2,0,113,31,:27:31:113,----myelin-exec:__myl_FcCas
8006783840,8006800288,16448,0,16448,myelin-exec:__myl_ResTraResSliRepRes,649196,649196,2,0,114,31,:27:31:114,----myelin-exec:__myl_ResTraResSliRepRes
8006801984,8006805888,3904,0,3904,myelin-exec:__mye725981,649196,649196,2,0,115,31,:27:31:115,----myelin-exec:__mye725981
8006806720,8006809376,2656,0,2656,myelin-exec:__mye725975,649196,649196,2,0,116,31,:27:31:116,----myelin-exec:__mye725975
8006810272,8006958656,148384,0,148384,myelin-exec:__myl_FcCas,649196,649196,2,0,117,31,:27:31:117,----myelin-exec:__myl_FcCas
8006960544,8006986080,25536,0,25536,myelin-exec:__myl_ResMulMea,649196,649196,2,0,118,31,:27:31:118,----myelin-exec:__myl_ResMulMea
8006987968,8007007264,19296,0,19296,myelin-exec:__myl_AddSqrDivMulMulTraSliSliNegConMulMulAddResSliRepResTraRes,649196,649196,2,0,119,31,:27:31:119,----myelin-exec:__myl_AddSqrDivMulMulTraSliSliNegConMulMulAddResSliRepResTraRes
8007008672,8007012032,3360,0,3360,myelin-exec:__mye725977,649196,649196,2,0,120,31,:27:31:120,----myelin-exec:__mye725977
8007013568,8007164160,150592,0,150592,myelin-exec:__myl_FcCas,649196,649196,2,0,121,31,:27:31:121,----myelin-exec:__myl_FcCas
8007166432,8007181248,14816,0,14816,myelin-exec:__myl_ResMulMea,649196,649196,2,0,122,31,:27:31:122,----myelin-exec:__myl_ResMulMea
8007182944,8007194880,11936,0,11936,myelin-exec:__myl_AddSqrDivMulMulTraSliSliNegConMulMulAddRes,649196,649196,2,0,123,31,:27:31:123,----myelin-exec:__myl_AddSqrDivMulMulTraSliSliNegConMulMulAddRes
8007196288,8007200000,3712,0,3712,myelin-exec:__mye725979,649196,649196,2,0,124,31,:27:31:124,----myelin-exec:__mye725979
8007200864,8007203104,2240,0,2240,myelin-exec:__mye725983,649196,649196,2,0,125,31,:27:31:125,----myelin-exec:__mye725983
8007204576,8007224000,19424,0,19424,myelin-exec:_gemm_mha_v2,649196,649196,2,0,126,31,:27:31:126,----myelin-exec:_gemm_mha_v2
8007225408,8007236288,10880,0,10880,myelin-exec:__myl_ResTra,649196,649196,2,0,127,31,:27:31:127,----myelin-exec:__myl_ResTra
8007237568,8007392992,155424,0,155424,myelin-exec:__myl_FcCasAdd,649196,649196,2,0,128,31,:27:31:128,----myelin-exec:__myl_FcCasAdd
8007394976,8007417920,22944,0,22944,myelin-exec:__myl_MulMeaAddSqrDivMulMulMulMinMaxRouCas,649196,649196,2,0,129,31,:27:31:129,----myelin-exec:__myl_MulMeaAddSqrDivMulMulMulMinMaxRouCas
8007419712,8007463360,43648,0,43648,myelin-exec:/up_proj_3/MatMul,649196,649196,2,0,130,31,:27:31:130,----myelin-exec:/up_proj_3/MatMul
8007465440,8007624512,159072,0,159072,myelin-exec:__myl_FcCasNegExpAddDivMulMul,649196,649196,2,0,131,31,:27:31:131,----myelin-exec:__myl_FcCasNegExpAddDivMulMul
8007626784,8007789568,162784,0,162784,myelin-exec:__myl_FcAdd,649196,649196,2,0,132,31,:27:31:132,----myelin-exec:__myl_FcAdd
8007792224,8007816640,24416,0,24416,myelin-exec:__myl_MulMeaAddSqrDivMulMulMinMaxRouCasMulMinMaxRouCasMulMinMaxRouCas,649196,649196,2,0,133,31,:27:31:133,----myelin-exec:__myl_MulMeaAddSqrDivMulMulMinMaxRouCasMulMinMaxRouCasMulMinMaxRouCas
8007818528,8007824224,5696,0,5696,myelin-exec:__mye725985,649196,649196,2,0,134,31,:27:31:134,----myelin-exec:__mye725985
8007825216,8007828256,3040,0,3040,myelin-exec:__mye725987,649196,649196,2,0,135,31,:27:31:135,----myelin-exec:__mye725987
8007829376,8007981472,152096,0,152096,myelin-exec:__myl_FcCas,649196,649196,2,0,136,31,:27:31:136,----myelin-exec:__myl_FcCas
8007983776,8008004640,20864,0,20864,myelin-exec:__myl_ResTraResSliRepRes,649196,649196,2,0,137,31,:27:31:137,----myelin-exec:__myl_ResTraResSliRepRes
8008006432,8008010144,3712,0,3712,myelin-exec:__mye725995,649196,649196,2,0,138,31,:27:31:138,----myelin-exec:__mye725995
8008011360,8008014176,2816,0,2816,myelin-exec:__mye725989,649196,649196,2,0,139,31,:27:31:139,----myelin-exec:__mye725989
8008015424,8008152192,136768,0,136768,myelin-exec:__myl_FcCas,649196,649196,2,0,140,31,:27:31:140,----myelin-exec:__myl_FcCas
8008154464,8008173760,19296,0,19296,myelin-exec:__myl_ResMulMea,649196,649196,2,0,141,31,:27:31:141,----myelin-exec:__myl_ResMulMea
8008175456,8008191296,15840,0,15840,myelin-exec:__myl_AddSqrDivMulMulTraSliSliNegConMulMulAddResSliRepResTraRes,649196,649196,2,0,142,31,:27:31:142,----myelin-exec:__myl_AddSqrDivMulMulTraSliSliNegConMulMulAddResSliRepResTraRes
8008192736,8008196320,3584,0,3584,myelin-exec:__mye725991,649196,649196,2,0,143,31,:27:31:143,----myelin-exec:__mye725991
8008197632,8008357248,159616,0,159616,myelin-exec:__myl_FcCas,649196,649196,2,0,144,31,:27:31:144,----myelin-exec:__myl_FcCas
8008359584,8008377568,17984,0,17984,myelin-exec:__myl_ResMulMea,649196,649196,2,0,145,31,:27:31:145,----myelin-exec:__myl_ResMulMea
8008379040,8008393152,14112,0,14112,myelin-exec:__myl_AddSqrDivMulMulTraSliSliNegConMulMulAddRes,649196,649196,2,0,146,31,:27:31:146,----myelin-exec:__myl_AddSqrDivMulMulTraSliSliNegConMulMulAddRes
8008394208,8008397472,3264,0,3264,myelin-exec:__mye725993,649196,649196,2,0,147,31,:27:31:147,----myelin-exec:__mye725993
8008398336,8008400416,2080,0,2080,myelin-exec:__mye725997,649196,649196,2,0,148,31,:27:31:148,----myelin-exec:__mye725997
8008401472,8008420224,18752,0,18752,myelin-exec:_gemm_mha_v2,649196,649196,2,0,149,31,:27:31:149,----myelin-exec:_gemm_mha_v2
8008421280,8008432864,11584,0,11584,myelin-exec:__myl_ResTra,649196,649196,2,0,150,31,:27:31:150,----myelin-exec:__myl_ResTra
8008434272,8008584864,150592,0,150592,myelin-exec:__myl_FcCasAdd,649196,649196,2,0,151,31,:27:31:151,----myelin-exec:__myl_FcCasAdd
8008587040,8008609632,22592,0,22592,myelin-exec:__myl_MulMeaAddSqrDivMulMulMulMinMaxRouCas,649196,649196,2,0,152,31,:27:31:152,----myelin-exec:__myl_MulMeaAddSqrDivMulMulMulMinMaxRouCas
8008611488,8008655328,43840,0,43840,myelin-exec:/up_proj_4/MatMul,649196,649196,2,0,153,31,:27:31:153,----myelin-exec:/up_proj_4/MatMul
8008657600,8008815424,157824,0,157824,myelin-exec:__myl_FcCasNegExpAddDivMulMul,649196,649196,2,0,154,31,:27:31:154,----myelin-exec:__myl_FcCasNegExpAddDivMulMul
8008817568,8008972192,154624,0,154624,myelin-exec:__myl_FcAdd,649196,649196,2,0,155,31,:27:31:155,----myelin-exec:__myl_FcAdd
8008974144,8008995776,21632,0,21632,myelin-exec:__myl_MulMeaAddSqrDivMulMulMinMaxRouCasMulMinMaxRouCasMulMinMaxRouCas,649196,649196,2,0,156,31,:27:31:156,----myelin-exec:__myl_MulMeaAddSqrDivMulMulMinMaxRouCasMulMinMaxRouCasMulMinMaxRouCas
8008997248,8009002272,5024,0,5024,myelin-exec:__mye725999,649196,649196,2,0,157,31,:27:31:157,----myelin-exec:__mye725999
8009003712,8009007136,3424,0,3424,myelin-exec:__mye726001,649196,649196,2,0,158,31,:27:31:158,----myelin-exec:__mye726001
8009008320,8009165760,157440,0,157440,myelin-exec:__myl_FcCas,649196,649196,2,0,159,31,:27:31:159,----myelin-exec:__myl_FcCas
8009168032,8009190464,22432,0,22432,myelin-exec:__myl_ResTraResSliRepRes,649196,649196,2,0,160,31,:27:31:160,----myelin-exec:__myl_ResTraResSliRepRes
8009192256,8009196512,4256,0,4256,myelin-exec:__mye726009,649196,649196,2,0,161,31,:27:31:161,----myelin-exec:__mye726009
8009197440,8009200320,2880,0,2880,myelin-exec:__mye726003,649196,649196,2,0,162,31,:27:31:162,----myelin-exec:__mye726003
8009201792,8009346592,144800,0,144800,myelin-exec:__myl_FcCas,649196,649196,2,0,163,31,:27:31:163,----myelin-exec:__myl_FcCas
8009348832,8009364224,15392,0,15392,myelin-exec:__myl_ResMulMea,649196,649196,2,0,164,31,:27:31:164,----myelin-exec:__myl_ResMulMea
8009365664,8009381792,16128,0,16128,myelin-exec:__myl_AddSqrDivMulMulTraSliSliNegConMulMulAddResSliRepResTraRes,649196,649196,2,0,165,31,:27:31:165,----myelin-exec:__myl_AddSqrDivMulMulTraSliSliNegConMulMulAddResSliRepResTraRes
8009383264,8009386304,3040,0,3040,myelin-exec:__mye726005,649196,649196,2,0,166,31,:27:31:166,----myelin-exec:__mye726005
8009387776,8009539232,151456,0,151456,myelin-exec:__myl_FcCas,649196,649196,2,0,167,31,:27:31:167,----myelin-exec:__myl_FcCas
8009541216,8009559232,18016,0,18016,myelin-exec:__myl_ResMulMea,649196,649196,2,0,168,31,:27:31:168,----myelin-exec:__myl_ResMulMea
8009561024,8009574976,13952,0,13952,myelin-exec:__myl_AddSqrDivMulMulTraSliSliNegConMulMulAddRes,649196,649196,2,0,169,31,:27:31:169,----myelin-exec:__myl_AddSqrDivMulMulTraSliSliNegConMulMulAddRes
8009576128,8009579680,3552,0,3552,myelin-exec:__mye726007,649196,649196,2,0,170,31,:27:31:170,----myelin-exec:__mye726007
8009580640,8009582944,2304,0,2304,myelin-exec:__mye726011,649196,649196,2,0,171,31,:27:31:171,----myelin-exec:__mye726011
8009583968,8009604544,20576,0,20576,myelin-exec:_gemm_mha_v2,649196,649196,2,0,172,31,:27:31:172,----myelin-exec:_gemm_mha_v2
8009605696,8009616224,10528,0,10528,myelin-exec:__myl_ResTra,649196,649196,2,0,173,31,:27:31:173,----myelin-exec:__myl_ResTra
8009617408,8009779328,161920,0,161920,myelin-exec:__myl_FcCasAdd,649196,649196,2,0,174,31,:27:31:174,----myelin-exec:__myl_FcCasAdd
8009781984,8009813632,31648,0,31648,myelin-exec:__myl_MulMeaAddSqrDivMulMulMulMinMaxRouCas,649196,649196,2,0,175,31,:27:31:175,----myelin-exec:__myl_MulMeaAddSqrDivMulMulMulMinMaxRouCas
8009815392,8009861600,46208,0,46208,myelin-exec:/up_proj_5/MatMul,649196,649196,2,0,176,31,:27:31:176,----myelin-exec:/up_proj_5/MatMul
8009864096,8010028128,164032,0,164032,myelin-exec:__myl_FcCasNegExpAddDivMulMul,649196,649196,2,0,177,31,:27:31:177,----myelin-exec:__myl_FcCasNegExpAddDivMulMul
8010030784,8010185056,154272,0,154272,myelin-exec:__myl_FcAdd,649196,649196,2,0,178,31,:27:31:178,----myelin-exec:__myl_FcAdd
8010187328,8010208800,21472,0,21472,myelin-exec:__myl_MulMeaAddSqrDivMulMulMinMaxRouCasMulMinMaxRouCasMulMinMaxRouCas,649196,649196,2,0,179,31,:27:31:179,----myelin-exec:__myl_MulMeaAddSqrDivMulMulMinMaxRouCasMulMinMaxRouCasMulMinMaxRouCas
8010210656,8010215776,5120,0,5120,myelin-exec:__mye726013,649196,649196,2,0,180,31,:27:31:180,----myelin-exec:__mye726013
8010216416,8010219680,3264,0,3264,myelin-exec:__mye726015,649196,649196,2,0,181,31,:27:31:181,----myelin-exec:__mye726015
8010220928,8010372608,151680,0,151680,myelin-exec:__myl_FcCas,649196,649196,2,0,182,31,:27:31:182,----myelin-exec:__myl_FcCas
8010374944,8010399168,24224,0,24224,myelin-exec:__myl_ResTraResSliRepRes,649196,649196,2,0,183,31,:27:31:183,----myelin-exec:__myl_ResTraResSliRepRes
8010400928,8010405600,4672,0,4672,myelin-exec:__mye726023,649196,649196,2,0,184,31,:27:31:184,----myelin-exec:__mye726023
8010406880,8010410176,3296,0,3296,myelin-exec:__mye726017,649196,649196,2,0,185,31,:27:31:185,----myelin-exec:__mye726017
8010411552,8010588000,176448,0,176448,myelin-exec:__myl_FcCas,649196,649196,2,0,186,31,:27:31:186,----myelin-exec:__myl_FcCas
8010590400,8010610080,19680,0,19680,myelin-exec:__myl_ResMulMea,649196,649196,2,0,187,31,:27:31:187,----myelin-exec:__myl_ResMulMea
8010611712,8010629440,17728,0,17728,myelin-exec:__myl_AddSqrDivMulMulTraSliSliNegConMulMulAddResSliRepResTraRes,649196,649196,2,0,188,31,:27:31:188,----myelin-exec:__myl_AddSqrDivMulMulTraSliSliNegConMulMulAddResSliRepResTraRes
8010631008,8010634880,3872,0,3872,myelin-exec:__mye726019,649196,649196,2,0,189,31,:27:31:189,----myelin-exec:__mye726019
8010636640,8010798336,161696,0,161696,myelin-exec:__myl_FcCas,649196,649196,2,0,190,31,:27:31:190,----myelin-exec:__myl_FcCas
8010800896,8010817888,16992,0,16992,myelin-exec:__myl_ResMulMea,649196,649196,2,0,191,31,:27:31:191,----myelin-exec:__myl_ResMulMea
8010819680,8010833984,14304,0,14304,myelin-exec:__myl_AddSqrDivMulMulTraSliSliNegConMulMulAddRes,649196,649196,2,0,192,31,:27:31:192,----myelin-exec:__myl_AddSqrDivMulMulTraSliSliNegConMulMulAddRes
8010835552,8010838816,3264,0,3264,myelin-exec:__mye726021,649196,649196,2,0,193,31,:27:31:193,----myelin-exec:__mye726021
8010839872,8010841952,2080,0,2080,myelin-exec:__mye726025,649196,649196,2,0,194,31,:27:31:194,----myelin-exec:__mye726025
8010842816,8010856224,13408,0,13408,myelin-exec:_gemm_mha_v2,649196,649196,2,0,195,31,:27:31:195,----myelin-exec:_gemm_mha_v2
8010857696,8010867840,10144,0,10144,myelin-exec:__myl_ResTra,649196,649196,2,0,196,31,:27:31:196,----myelin-exec:__myl_ResTra
8010869088,8011031808,162720,0,162720,myelin-exec:__myl_FcCasAdd,649196,649196,2,0,197,31,:27:31:197,----myelin-exec:__myl_FcCasAdd
8011034432,8011058688,24256,0,24256,myelin-exec:__myl_MulMeaAddSqrDivMulMulMulMinMaxRouCas,649196,649196,2,0,198,31,:27:31:198,----myelin-exec:__myl_MulMeaAddSqrDivMulMulMulMinMaxRouCas
8011060480,8011100960,40480,0,40480,myelin-exec:/up_proj_6/MatMul,649196,649196,2,0,199,31,:27:31:199,----myelin-exec:/up_proj_6/MatMul
8011102816,8011265472,162656,0,162656,myelin-exec:__myl_FcCasNegExpAddDivMulMul,649196,649196,2,0,200,31,:27:31:200,----myelin-exec:__myl_FcCasNegExpAddDivMulMul
8011267744,8011423360,155616,0,155616,myelin-exec:__myl_FcAdd,649196,649196,2,0,201,31,:27:31:201,----myelin-exec:__myl_FcAdd
8011425856,8011445152,19296,0,19296,myelin-exec:__myl_MulMeaAddSqrDivMulMulMinMaxRouCasMulMinMaxRouCasMulMinMaxRouCas,649196,649196,2,0,202,31,:27:31:202,----myelin-exec:__myl_MulMeaAddSqrDivMulMulMinMaxRouCasMulMinMaxRouCasMulMinMaxRouCas
8011446592,8011452256,5664,0,5664,myelin-exec:__mye726027,649196,649196,2,0,203,31,:27:31:203,----myelin-exec:__mye726027
8011453344,8011456800,3456,0,3456,myelin-exec:__mye726029,649196,649196,2,0,204,31,:27:31:204,----myelin-exec:__mye726029
8011457696,8011604928,147232,0,147232,myelin-exec:__myl_FcCas,649196,649196,2,0,205,31,:27:31:205,----myelin-exec:__myl_FcCas
8011607232,8011624768,17536,0,17536,myelin-exec:__myl_ResTraResSliRepRes,649196,649196,2,0,206,31,:27:31:206,----myelin-exec:__myl_ResTraResSliRepRes
8011626432,8011630656,4224,0,4224,myelin-exec:__mye726037,649196,649196,2,0,207,31,:27:31:207,----myelin-exec:__mye726037
8011631584,8011634464,2880,0,2880,myelin-exec:__mye726031,649196,649196,2,0,208,31,:27:31:208,----myelin-exec:__mye726031
8011635776,8011790080,154304,0,154304,myelin-exec:__myl_FcCas,649196,649196,2,0,209,31,:27:31:209,----myelin-exec:__myl_FcCas
8011792416,8011811200,18784,0,18784,myelin-exec:__myl_ResMulMea,649196,649196,2,0,210,31,:27:31:210,----myelin-exec:__myl_ResMulMea
8011813024,8011830240,17216,0,17216,myelin-exec:__myl_AddSqrDivMulMulTraSliSliNegConMulMulAddResSliRepResTraRes,649196,649196,2,0,211,31,:27:31:211,----myelin-exec:__myl_AddSqrDivMulMulTraSliSliNegConMulMulAddResSliRepResTraRes
8011831776,8011835424,3648,0,3648,myelin-exec:__mye726033,649196,649196,2,0,212,31,:27:31:212,----myelin-exec:__mye726033
8011836928,8011979872,142944,0,142944,myelin-exec:__myl_FcCas,649196,649196,2,0,213,31,:27:31:213,----myelin-exec:__myl_FcCas
8011982240,8011995104,12864,0,12864,myelin-exec:__myl_ResMulMea,649196,649196,2,0,214,31,:27:31:214,----myelin-exec:__myl_ResMulMea
8011996544,8012008032,11488,0,11488,myelin-exec:__myl_AddSqrDivMulMulTraSliSliNegConMulMulAddRes,649196,649196,2,0,215,31,:27:31:215,----myelin-exec:__myl_AddSqrDivMulMulTraSliSliNegConMulMulAddRes
8012009088,8012012384,3296,0,3296,myelin-exec:__mye726035,649196,649196,2,0,216,31,:27:31:216,----myelin-exec:__mye726035
8012013184,8012015360,2176,0,2176,myelin-exec:__mye726039,649196,649196,2,0,217,31,:27:31:217,----myelin-exec:__mye726039
8012016640,8012033728,17088,0,17088,myelin-exec:_gemm_mha_v2,649196,649196,2,0,218,31,:27:31:218,----myelin-exec:_gemm_mha_v2
8012034880,8012044992,10112,0,10112,myelin-exec:__myl_ResTra,649196,649196,2,0,219,31,:27:31:219,----myelin-exec:__myl_ResTra
8012046016,8012204864,158848,0,158848,myelin-exec:__myl_FcCasAdd,649196,649196,2,0,220,31,:27:31:220,----myelin-exec:__myl_FcCasAdd
8012207808,8012231584,23776,0,23776,myelin-exec:__myl_MulMeaAddSqrDivMulMulMulMinMaxRouCas,649196,649196,2,0,221,31,:27:31:221,----myelin-exec:__myl_MulMeaAddSqrDivMulMulMulMinMaxRouCas
8012233536,8012274848,41312,0,41312,myelin-exec:/up_proj_7/MatMul,649196,649196,2,0,222,31,:27:31:222,----myelin-exec:/up_proj_7/MatMul
8012277376,8012433024,155648,0,155648,myelin-exec:__myl_FcCasNegExpAddDivMulMul,649196,649196,2,0,223,31,:27:31:223,----myelin-exec:__myl_FcCasNegExpAddDivMulMul
8012435680,8012593568,157888,0,157888,myelin-exec:__myl_FcAdd,649196,649196,2,0,224,31,:27:31:224,----myelin-exec:__myl_FcAdd
8012595680,8012614656,18976,0,18976,myelin-exec:__myl_MulMeaAddSqrDivMulMulMinMaxRouCasMulMinMaxRouCasMulMinMaxRouCas,649196,649196,2,0,225,31,:27:31:225,----myelin-exec:__myl_MulMeaAddSqrDivMulMulMinMaxRouCasMulMinMaxRouCasMulMinMaxRouCas
8012616576,8012621728,5152,0,5152,myelin-exec:__mye726041,649196,649196,2,0,226,31,:27:31:226,----myelin-exec:__mye726041
8012622944,8012626368,3424,0,3424,myelin-exec:__mye726043,649196,649196,2,0,227,31,:27:31:227,----myelin-exec:__mye726043
8012627872,8012791424,163552,0,163552,myelin-exec:__myl_FcCas,649196,649196,2,0,228,31,:27:31:228,----myelin-exec:__myl_FcCas
8012793824,8012814624,20800,0,20800,myelin-exec:__myl_ResTraResSliRepRes,649196,649196,2,0,229,31,:27:31:229,----myelin-exec:__myl_ResTraResSliRepRes
8012816192,8012819744,3552,0,3552,myelin-exec:__mye726051,649196,649196,2,0,230,31,:27:31:230,----myelin-exec:__mye726051
8012820768,8012823296,2528,0,2528,myelin-exec:__mye726045,649196,649196,2,0,231,31,:27:31:231,----myelin-exec:__mye726045
8012824544,8012993504,168960,0,168960,myelin-exec:__myl_FcCas,649196,649196,2,0,232,31,:27:31:232,----myelin-exec:__myl_FcCas
8012996000,8013018624,22624,0,22624,myelin-exec:__myl_ResMulMea,649196,649196,2,0,233,31,:27:31:233,----myelin-exec:__myl_ResMulMea
8013020512,8013039296,18784,0,18784,myelin-exec:__myl_AddSqrDivMulMulTraSliSliNegConMulMulAddResSliRepResTraRes,649196,649196,2,0,234,31,:27:31:234,----myelin-exec:__myl_AddSqrDivMulMulTraSliSliNegConMulMulAddResSliRepResTraRes
8013040832,8013045088,4256,0,4256,myelin-exec:__mye726047,649196,649196,2,0,235,31,:27:31:235,----myelin-exec:__mye726047
8013046656,8013190144,143488,0,143488,myelin-exec:__myl_FcCas,649196,649196,2,0,236,31,:27:31:236,----myelin-exec:__myl_FcCas
8013192224,8013205760,13536,0,13536,myelin-exec:__myl_ResMulMea,649196,649196,2,0,237,31,:27:31:237,----myelin-exec:__myl_ResMulMea
8013207200,8013218240,11040,0,11040,myelin-exec:__myl_AddSqrDivMulMulTraSliSliNegConMulMulAddRes,649196,649196,2,0,238,31,:27:31:238,----myelin-exec:__myl_AddSqrDivMulMulTraSliSliNegConMulMulAddRes
8013219584,8013224320,4736,0,4736,myelin-exec:__mye726049,649196,649196,2,0,239,31,:27:31:239,----myelin-exec:__mye726049
8013225312,8013227776,2464,0,2464,myelin-exec:__mye726053,649196,649196,2,0,240,31,:27:31:240,----myelin-exec:__mye726053
8013229088,8013248032,18944,0,18944,myelin-exec:_gemm_mha_v2,649196,649196,2,0,241,31,:27:31:241,----myelin-exec:_gemm_mha_v2
8013249376,8013409312,159936,0,159936,myelin-exec:__myl_FcAdd,649196,649196,2,0,242,31,:27:31:242,----myelin-exec:__myl_FcAdd
8013411328,8013435200,23872,0,23872,myelin-exec:__myl_MulMeaAddSqrDivMulMulMulMinMaxRouCas,649196,649196,2,0,243,31,:27:31:243,----myelin-exec:__myl_MulMeaAddSqrDivMulMulMulMinMaxRouCas
8013437120,8013479872,42752,0,42752,myelin-exec:/up_proj_8/MatMul,649196,649196,2,0,244,31,:27:31:244,----myelin-exec:/up_proj_8/MatMul
8013482112,8013651776,169664,0,169664,myelin-exec:__myl_FcCasNegExpAddDivMulMul,649196,649196,2,0,245,31,:27:31:245,----myelin-exec:__myl_FcCasNegExpAddDivMulMul
8013654176,8013821088,166912,0,166912,myelin-exec:__myl_FcAdd,649196,649196,2,0,246,31,:27:31:246,----myelin-exec:__myl_FcAdd
8013823520,8013843936,20416,0,20416,myelin-exec:__myl_MulMeaAddSqrDivMulMulMinMaxRouCasMulMinMaxRouCasMulMinMaxRouCas,649196,649196,2,0,247,31,:27:31:247,----myelin-exec:__myl_MulMeaAddSqrDivMulMulMinMaxRouCasMulMinMaxRouCasMulMinMaxRouCas
8013846208,8013851136,4928,0,4928,myelin-exec:__mye726055,649196,649196,2,0,248,31,:27:31:248,----myelin-exec:__mye726055
8013852320,8013855520,3200,0,3200,myelin-exec:__mye726057,649196,649196,2,0,249,31,:27:31:249,----myelin-exec:__mye726057
8013856544,8014010944,154400,0,154400,myelin-exec:__myl_FcCas,649196,649196,2,0,250,31,:27:31:250,----myelin-exec:__myl_FcCas
8014013024,8014032960,19936,0,19936,myelin-exec:__myl_ResTraResSliRepRes,649196,649196,2,0,251,31,:27:31:251,----myelin-exec:__myl_ResTraResSliRepRes
8014034752,8014038400,3648,0,3648,myelin-exec:__mye726065,649196,649196,2,0,252,31,:27:31:252,----myelin-exec:__mye726065
8014039936,8014042592,2656,0,2656,myelin-exec:__mye726059,649196,649196,2,0,253,31,:27:31:253,----myelin-exec:__mye726059
8014044160,8014201408,157248,0,157248,myelin-exec:__myl_FcCas,649196,649196,2,0,254,31,:27:31:254,----myelin-exec:__myl_FcCas
8014203968,8014221856,17888,0,17888,myelin-exec:__myl_ResMulMea,649196,649196,2,0,255,31,:27:31:255,----myelin-exec:__myl_ResMulMea
8014224000,8014241088,17088,0,17088,myelin-exec:__myl_AddSqrDivMulMulTraSliSliNegConMulMulAddResSliRepResTraRes,649196,649196,2,0,256,31,:27:31:256,----myelin-exec:__myl_AddSqrDivMulMulTraSliSliNegConMulMulAddResSliRepResTraRes
8014242528,8014245792,3264,0,3264,myelin-exec:__mye726061,649196,649196,2,0,257,31,:27:31:257,----myelin-exec:__mye726061
8014247296,8014394784,147488,0,147488,myelin-exec:__myl_FcCas,649196,649196,2,0,258,31,:27:31:258,----myelin-exec:__myl_FcCas
8014396896,8014413312,16416,0,16416,myelin-exec:__myl_ResMulMea,649196,649196,2,0,259,31,:27:31:259,----myelin-exec:__myl_ResMulMea
8014414976,8014428064,13088,0,13088,myelin-exec:__myl_AddSqrDivMulMulTraSliSliNegConMulMulAddRes,649196,649196,2,0,260,31,:27:31:260,----myelin-exec:__myl_AddSqrDivMulMulTraSliSliNegConMulMulAddRes
8014429568,8014432864,3296,0,3296,myelin-exec:__mye726063,649196,649196,2,0,261,31,:27:31:261,----myelin-exec:__mye726063
8014433952,8014436224,2272,0,2272,myelin-exec:__mye726067,649196,649196,2,0,262,31,:27:31:262,----myelin-exec:__mye726067
8014437344,8014456672,19328,0,19328,myelin-exec:_gemm_mha_v2,649196,649196,2,0,263,31,:27:31:263,----myelin-exec:_gemm_mha_v2
8014458048,8014469248,11200,0,11200,myelin-exec:__myl_ResTra,649196,649196,2,0,264,31,:27:31:264,----myelin-exec:__myl_ResTra
8014470464,8014618400,147936,0,147936,myelin-exec:__myl_FcCasAdd,649196,649196,2,0,265,31,:27:31:265,----myelin-exec:__myl_FcCasAdd
8014620864,8014641664,20800,0,20800,myelin-exec:__myl_MulMeaAddSqrDivMulMulMulMinMaxRouCas,649196,649196,2,0,266,31,:27:31:266,----myelin-exec:__myl_MulMeaAddSqrDivMulMulMulMinMaxRouCas
8014643392,8014734976,91584,0,91584,myelin-exec:/up_proj_9/MatMul,649196,649196,2,0,267,31,:27:31:267,----myelin-exec:/up_proj_9/MatMul
8014737216,8014899520,162304,0,162304,myelin-exec:__myl_FcCasNegExpAddDivMulMul,649196,649196,2,0,268,31,:27:31:268,----myelin-exec:__myl_FcCasNegExpAddDivMulMul
8014902400,8015058944,156544,0,156544,myelin-exec:__myl_FcAdd,649196,649196,2,0,269,31,:27:31:269,----myelin-exec:__myl_FcAdd
8015060928,8015083584,22656,0,22656,myelin-exec:__myl_MulMeaAddSqrDivMulMulMinMaxRouCasMulMinMaxRouCasMulMinMaxRouCas,649196,649196,2,0,270,31,:27:31:270,----myelin-exec:__myl_MulMeaAddSqrDivMulMulMinMaxRouCasMulMinMaxRouCasMulMinMaxRouCas
8015085472,8015090816,5344,0,5344,myelin-exec:__mye726069,649196,649196,2,0,271,31,:27:31:271,----myelin-exec:__mye726069
8015091808,8015095040,3232,0,3232,myelin-exec:__mye726071,649196,649196,2,0,272,31,:27:31:272,----myelin-exec:__mye726071
8015096160,8015243072,146912,0,146912,myelin-exec:__myl_FcCas,649196,649196,2,0,273,31,:27:31:273,----myelin-exec:__myl_FcCas
8015245504,8015268160,22656,0,22656,myelin-exec:__myl_ResTraResSliRepRes,649196,649196,2,0,274,31,:27:31:274,----myelin-exec:__myl_ResTraResSliRepRes
8015269856,8015273696,3840,0,3840,myelin-exec:__mye726079,649196,649196,2,0,275,31,:27:31:275,----myelin-exec:__mye726079
8015274912,8015277888,2976,0,2976,myelin-exec:__mye726073,649196,649196,2,0,276,31,:27:31:276,----myelin-exec:__mye726073
8015279232,8015446208,166976,0,166976,myelin-exec:__myl_FcCas,649196,649196,2,0,277,31,:27:31:277,----myelin-exec:__myl_FcCas
8015448256,8015469952,21696,0,21696,myelin-exec:__myl_ResMulMea,649196,649196,2,0,278,31,:27:31:278,----myelin-exec:__myl_ResMulMea
8015471648,8015489760,18112,0,18112,myelin-exec:__myl_AddSqrDivMulMulTraSliSliNegConMulMulAddResSliRepResTraRes,649196,649196,2,0,279,31,:27:31:279,----myelin-exec:__myl_AddSqrDivMulMulTraSliSliNegConMulMulAddResSliRepResTraRes
8015491328,8015495488,4160,0,4160,myelin-exec:__mye726075,649196,649196,2,0,280,31,:27:31:280,----myelin-exec:__mye726075
8015496736,8015651904,155168,0,155168,myelin-exec:__myl_FcCas,649196,649196,2,0,281,31,:27:31:281,----myelin-exec:__myl_FcCas
8015654432,8015673056,18624,0,18624,myelin-exec:__myl_ResMulMea,649196,649196,2,0,282,31,:27:31:282,----myelin-exec:__myl_ResMulMea
8015675008,8015690080,15072,0,15072,myelin-exec:__myl_AddSqrDivMulMulTraSliSliNegConMulMulAddRes,649196,649196,2,0,283,31,:27:31:283,----myelin-exec:__myl_AddSqrDivMulMulTraSliSliNegConMulMulAddRes
8015691296,8015695104,3808,0,3808,myelin-exec:__mye726077,649196,649196,2,0,284,31,:27:31:284,----myelin-exec:__mye726077
8015695680,8015698016,2336,0,2336,myelin-exec:__mye726081,649196,649196,2,0,285,31,:27:31:285,----myelin-exec:__mye726081
8015699040,8015716608,17568,0,17568,myelin-exec:_gemm_mha_v2,649196,649196,2,0,286,31,:27:31:286,----myelin-exec:_gemm_mha_v2
8015718048,8015728992,10944,0,10944,myelin-exec:__myl_ResTra,649196,649196,2,0,287,31,:27:31:287,----myelin-exec:__myl_ResTra
8015729952,8015885600,155648,0,155648,myelin-exec:__myl_FcCasAdd,649196,649196,2,0,288,31,:27:31:288,----myelin-exec:__myl_FcCasAdd
8015888288,8015913056,24768,0,24768,myelin-exec:__myl_MulMeaAddSqrDivMulMulMulMinMaxRouCas,649196,649196,2,0,289,31,:27:31:289,----myelin-exec:__myl_MulMeaAddSqrDivMulMulMulMinMaxRouCas
8015915168,8015957248,42080,0,42080,myelin-exec:/up_proj_10/MatMul,649196,649196,2,0,290,31,:27:31:290,----myelin-exec:/up_proj_10/MatMul
8015959360,8016119200,159840,0,159840,myelin-exec:__myl_FcCasNegExpAddDivMulMul,649196,649196,2,0,291,31,:27:31:291,----myelin-exec:__myl_FcCasNegExpAddDivMulMul
8016121504,8016274112,152608,0,152608,myelin-exec:__myl_FcAdd,649196,649196,2,0,292,31,:27:31:292,----myelin-exec:__myl_FcAdd
8016276288,8016297568,21280,0,21280,myelin-exec:__myl_MulMeaAddSqrDivMulMulMinMaxRouCasMulMinMaxRouCasMulMinMaxRouCas,649196,649196,2,0,293,31,:27:31:293,----myelin-exec:__myl_MulMeaAddSqrDivMulMulMinMaxRouCasMulMinMaxRouCasMulMinMaxRouCas
8016299232,8016304448,5216,0,5216,myelin-exec:__mye726083,649196,649196,2,0,294,31,:27:31:294,----myelin-exec:__mye726083
8016305600,8016309280,3680,0,3680,myelin-exec:__mye726085,649196,649196,2,0,295,31,:27:31:295,----myelin-exec:__mye726085
8016310144,8016440288,130144,0,130144,myelin-exec:__myl_FcCas,649196,649196,2,0,296,31,:27:31:296,----myelin-exec:__myl_FcCas
8016442336,8016457760,15424,0,15424,myelin-exec:__myl_ResTraResSliRepRes,649196,649196,2,0,297,31,:27:31:297,----myelin-exec:__myl_ResTraResSliRepRes
8016459616,8016462976,3360,0,3360,myelin-exec:__mye726093,649196,649196,2,0,298,31,:27:31:298,----myelin-exec:__mye726093
8016464192,8016466560,2368,0,2368,myelin-exec:__mye726087,649196,649196,2,0,299,31,:27:31:299,----myelin-exec:__mye726087
8016467488,8016620000,152512,0,152512,myelin-exec:__myl_FcCas,649196,649196,2,0,300,31,:27:31:300,----myelin-exec:__myl_FcCas
8016622336,8016643456,21120,0,21120,myelin-exec:__myl_ResMulMea,649196,649196,2,0,301,31,:27:31:301,----myelin-exec:__myl_ResMulMea
8016645376,8016663072,17696,0,17696,myelin-exec:__myl_AddSqrDivMulMulTraSliSliNegConMulMulAddResSliRepResTraRes,649196,649196,2,0,302,31,:27:31:302,----myelin-exec:__myl_AddSqrDivMulMulTraSliSliNegConMulMulAddResSliRepResTraRes
8016664384,8016668352,3968,0,3968,myelin-exec:__mye726089,649196,649196,2,0,303,31,:27:31:303,----myelin-exec:__mye726089
8016669504,8016820736,151232,0,151232,myelin-exec:__myl_FcCas,649196,649196,2,0,304,31,:27:31:304,----myelin-exec:__myl_FcCas
8016823232,8016841184,17952,0,17952,myelin-exec:__myl_ResMulMea,649196,649196,2,0,305,31,:27:31:305,----myelin-exec:__myl_ResMulMea
8016842816,8016855552,12736,0,12736,myelin-exec:__myl_AddSqrDivMulMulTraSliSliNegConMulMulAddRes,649196,649196,2,0,306,31,:27:31:306,----myelin-exec:__myl_AddSqrDivMulMulTraSliSliNegConMulMulAddRes
8016856928,8016860448,3520,0,3520,myelin-exec:__mye726091,649196,649196,2,0,307,31,:27:31:307,----myelin-exec:__mye726091
8016861376,8016863616,2240,0,2240,myelin-exec:__mye726095,649196,649196,2,0,308,31,:27:31:308,----myelin-exec:__mye726095
8016864480,8016882048,17568,0,17568,myelin-exec:_gemm_mha_v2,649196,649196,2,0,309,31,:27:31:309,----myelin-exec:_gemm_mha_v2
8016883360,8016894432,11072,0,11072,myelin-exec:__myl_ResTra,649196,649196,2,0,310,31,:27:31:310,----myelin-exec:__myl_ResTra
8016895744,8017062432,166688,0,166688,myelin-exec:__myl_FcCasAdd,649196,649196,2,0,311,31,:27:31:311,----myelin-exec:__myl_FcCasAdd
8017064896,8017088416,23520,0,23520,myelin-exec:__myl_MulMeaAddSqrDivMulMulMulMinMaxRouCas,649196,649196,2,0,312,31,:27:31:312,----myelin-exec:__myl_MulMeaAddSqrDivMulMulMulMinMaxRouCas
8017090304,8017132928,42624,0,42624,myelin-exec:/up_proj_11/MatMul,649196,649196,2,0,313,31,:27:31:313,----myelin-exec:/up_proj_11/MatMul
8017135488,8017294112,158624,0,158624,myelin-exec:__myl_FcCasNegExpAddDivMulMul,649196,649196,2,0,314,31,:27:31:314,----myelin-exec:__myl_FcCasNegExpAddDivMulMul
8017296128,8017447936,151808,0,151808,myelin-exec:__myl_FcAdd,649196,649196,2,0,315,31,:27:31:315,----myelin-exec:__myl_FcAdd
8017449984,8017469376,19392,0,19392,myelin-exec:__myl_MulMeaAddSqrDivMulMulMinMaxRouCasMulMinMaxRouCasMulMinMaxRouCas,649196,649196,2,0,316,31,:27:31:316,----myelin-exec:__myl_MulMeaAddSqrDivMulMulMinMaxRouCasMulMinMaxRouCasMulMinMaxRouCas
8017471296,8017476448,5152,0,5152,myelin-exec:__mye726097,649196,649196,2,0,317,31,:27:31:317,----myelin-exec:__mye726097
8017477728,8017481280,3552,0,3552,myelin-exec:__mye726099,649196,649196,2,0,318,31,:27:31:318,----myelin-exec:__mye726099
8017482144,8017623712,141568,0,141568,myelin-exec:__myl_FcCas,649196,649196,2,0,319,31,:27:31:319,----myelin-exec:__myl_FcCas
8017626144,8017645344,19200,0,19200,myelin-exec:__myl_ResTraResSliRepRes,649196,649196,2,0,320,31,:27:31:320,----myelin-exec:__myl_ResTraResSliRepRes
8017647296,8017650816,3520,0,3520,myelin-exec:__mye726107,649196,649196,2,0,321,31,:27:31:321,----myelin-exec:__mye726107
8017652192,8017654560,2368,0,2368,myelin-exec:__mye726101,649196,649196,2,0,322,31,:27:31:322,----myelin-exec:__mye726101
8017655552,8017815168,159616,0,159616,myelin-exec:__myl_FcCas,649196,649196,2,0,323,31,:27:31:323,----myelin-exec:__myl_FcCas
8017817536,8017835648,18112,0,18112,myelin-exec:__myl_ResMulMea,649196,649196,2,0,324,31,:27:31:324,----myelin-exec:__myl_ResMulMea
8017837536,8017855392,17856,0,17856,myelin-exec:__myl_AddSqrDivMulMulTraSliSliNegConMulMulAddResSliRepResTraRes,649196,649196,2,0,325,31,:27:31:325,----myelin-exec:__myl_AddSqrDivMulMulTraSliSliNegConMulMulAddResSliRepResTraRes
8017856896,8017860192,3296,0,3296,myelin-exec:__mye726103,649196,649196,2,0,326,31,:27:31:326,----myelin-exec:__mye726103
8017861536,8018022624,161088,0,161088,myelin-exec:__myl_FcCas,649196,649196,2,0,327,31,:27:31:327,----myelin-exec:__myl_FcCas
8018025056,8018040416,15360,0,15360,myelin-exec:__myl_ResMulMea,649196,649196,2,0,328,31,:27:31:328,----myelin-exec:__myl_ResMulMea
8018042080,8018054976,12896,0,12896,myelin-exec:__myl_AddSqrDivMulMulTraSliSliNegConMulMulAddRes,649196,649196,2,0,329,31,:27:31:329,----myelin-exec:__myl_AddSqrDivMulMulTraSliSliNegConMulMulAddRes
8018056320,8018059936,3616,0,3616,myelin-exec:__mye726105,649196,649196,2,0,330,31,:27:31:330,----myelin-exec:__mye726105
8018061184,8018063296,2112,0,2112,myelin-exec:__mye726109,649196,649196,2,0,331,31,:27:31:331,----myelin-exec:__mye726109
8018064256,8018082112,17856,0,17856,myelin-exec:_gemm_mha_v2,649196,649196,2,0,332,31,:27:31:332,----myelin-exec:_gemm_mha_v2
8018083584,8018094688,11104,0,11104,myelin-exec:__myl_ResTra,649196,649196,2,0,333,31,:27:31:333,----myelin-exec:__myl_ResTra
8018096096,8018245184,149088,0,149088,myelin-exec:__myl_FcCasAdd,649196,649196,2,0,334,31,:27:31:334,----myelin-exec:__myl_FcCasAdd
8018247712,8018263488,15776,0,15776,myelin-exec:__myl_MulMeaAddSqrDivMulMulMulMinMaxRouCas,649196,649196,2,0,335,31,:27:31:335,----myelin-exec:__myl_MulMeaAddSqrDivMulMulMulMinMaxRouCas
8018265312,8018306048,40736,0,40736,myelin-exec:/up_proj_12/MatMul,649196,649196,2,0,336,31,:27:31:336,----myelin-exec:/up_proj_12/MatMul
8018308352,8018463520,155168,0,155168,myelin-exec:__myl_FcCasNegExpAddDivMulMul,649196,649196,2,0,337,31,:27:31:337,----myelin-exec:__myl_FcCasNegExpAddDivMulMul
8018466304,8018621120,154816,0,154816,myelin-exec:__myl_FcAdd,649196,649196,2,0,338,31,:27:31:338,----myelin-exec:__myl_FcAdd
8018623584,8018645216,21632,0,21632,myelin-exec:__myl_MulMeaAddSqrDivMulMulMinMaxRouCasMulMinMaxRouCasMulMinMaxRouCas,649196,649196,2,0,339,31,:27:31:339,----myelin-exec:__myl_MulMeaAddSqrDivMulMulMinMaxRouCasMulMinMaxRouCasMulMinMaxRouCas
8018665440,8018671840,6400,0,6400,myelin-exec:__mye726111,649196,649196,2,0,340,31,:27:31:340,----myelin-exec:__mye726111
8018672896,8018676544,3648,0,3648,myelin-exec:__mye726113,649196,649196,2,0,341,31,:27:31:341,----myelin-exec:__mye726113
8018677728,8018845824,168096,0,168096,myelin-exec:__myl_FcCas,649196,649196,2,0,342,31,:27:31:342,----myelin-exec:__myl_FcCas
8018848032,8018867264,19232,0,19232,myelin-exec:__myl_ResTraResSliRepRes,649196,649196,2,0,343,31,:27:31:343,----myelin-exec:__myl_ResTraResSliRepRes
8018869056,8018872960,3904,0,3904,myelin-exec:__mye726121,649196,649196,2,0,344,31,:27:31:344,----myelin-exec:__mye726121
8018874048,8018876800,2752,0,2752,myelin-exec:__mye726115,649196,649196,2,0,345,31,:27:31:345,----myelin-exec:__mye726115
8018878048,8019044640,166592,0,166592,myelin-exec:__myl_FcCas,649196,649196,2,0,346,31,:27:31:346,----myelin-exec:__myl_FcCas
8019046880,8019068640,21760,0,21760,myelin-exec:__myl_ResMulMea,649196,649196,2,0,347,31,:27:31:347,----myelin-exec:__myl_ResMulMea
8019070528,8019089152,18624,0,18624,myelin-exec:__myl_AddSqrDivMulMulTraSliSliNegConMulMulAddResSliRepResTraRes,649196,649196,2,0,348,31,:27:31:348,----myelin-exec:__myl_AddSqrDivMulMulTraSliSliNegConMulMulAddResSliRepResTraRes
8019090784,8019094944,4160,0,4160,myelin-exec:__mye726117,649196,649196,2,0,349,31,:27:31:349,----myelin-exec:__mye726117
8019095808,8019252192,156384,0,156384,myelin-exec:__myl_FcCas,649196,649196,2,0,350,31,:27:31:350,----myelin-exec:__myl_FcCas
8019254592,8019272160,17568,0,17568,myelin-exec:__myl_ResMulMea,649196,649196,2,0,351,31,:27:31:351,----myelin-exec:__myl_ResMulMea
8019273856,8019287168,13312,0,13312,myelin-exec:__myl_AddSqrDivMulMulTraSliSliNegConMulMulAddRes,649196,649196,2,0,352,31,:27:31:352,----myelin-exec:__myl_AddSqrDivMulMulTraSliSliNegConMulMulAddRes
8019288864,8019292832,3968,0,3968,myelin-exec:__mye726119,649196,649196,2,0,353,31,:27:31:353,----myelin-exec:__mye726119
8019294016,8019296288,2272,0,2272,myelin-exec:__mye726123,649196,649196,2,0,354,31,:27:31:354,----myelin-exec:__mye726123
8019297344,8019315776,18432,0,18432,myelin-exec:_gemm_mha_v2,649196,649196,2,0,355,31,:27:31:355,----myelin-exec:_gemm_mha_v2
8019317120,8019328064,10944,0,10944,myelin-exec:__myl_ResTra,649196,649196,2,0,356,31,:27:31:356,----myelin-exec:__myl_ResTra
8019329632,8019487456,157824,0,157824,myelin-exec:__myl_FcCasAdd,649196,649196,2,0,357,31,:27:31:357,----myelin-exec:__myl_FcCasAdd
8019489792,8019509248,19456,0,19456,myelin-exec:__myl_MulMeaAddSqrDivMulMulMulMinMaxRouCas,649196,649196,2,0,358,31,:27:31:358,----myelin-exec:__myl_MulMeaAddSqrDivMulMulMulMinMaxRouCas
8019511200,8019553056,41856,0,41856,myelin-exec:/up_proj_13/MatMul,649196,649196,2,0,359,31,:27:31:359,----myelin-exec:/up_proj_13/MatMul
8019555296,8019714816,159520,0,159520,myelin-exec:__myl_FcCasNegExpAddDivMulMul,649196,649196,2,0,360,31,:27:31:360,----myelin-exec:__myl_FcCasNegExpAddDivMulMul
8019717184,8019874784,157600,0,157600,myelin-exec:__myl_FcAdd,649196,649196,2,0,361,31,:27:31:361,----myelin-exec:__myl_FcAdd
8019877088,8019898272,21184,0,21184,myelin-exec:__myl_MulMeaAddSqrDivMulMulMinMaxRouCasMulMinMaxRouCasMulMinMaxRouCas,649196,649196,2,0,362,31,:27:31:362,----myelin-exec:__myl_MulMeaAddSqrDivMulMulMinMaxRouCasMulMinMaxRouCasMulMinMaxRouCas
8019900096,8019905792,5696,0,5696,myelin-exec:__mye726125,649196,649196,2,0,363,31,:27:31:363,----myelin-exec:__mye726125
8019906720,8019909888,3168,0,3168,myelin-exec:__mye726127,649196,649196,2,0,364,31,:27:31:364,----myelin-exec:__mye726127
8019910784,8020067680,156896,0,156896,myelin-exec:__myl_FcCas,649196,649196,2,0,365,31,:27:31:365,----myelin-exec:__myl_FcCas
8020070336,8020097376,27040,0,27040,myelin-exec:__myl_ResTraResSliRepRes,649196,649196,2,0,366,31,:27:31:366,----myelin-exec:__myl_ResTraResSliRepRes
8020099520,8020104352,4832,0,4832,myelin-exec:__mye726135,649196,649196,2,0,367,31,:27:31:367,----myelin-exec:__mye726135
8020105920,8020109344,3424,0,3424,myelin-exec:__mye726129,649196,649196,2,0,368,31,:27:31:368,----myelin-exec:__mye726129
8020110816,8020262528,151712,0,151712,myelin-exec:__myl_FcCas,649196,649196,2,0,369,31,:27:31:369,----myelin-exec:__myl_FcCas
8020264992,8020283904,18912,0,18912,myelin-exec:__myl_ResMulMea,649196,649196,2,0,370,31,:27:31:370,----myelin-exec:__myl_ResMulMea
8020285792,8020303808,18016,0,18016,myelin-exec:__myl_AddSqrDivMulMulTraSliSliNegConMulMulAddResSliRepResTraRes,649196,649196,2,0,371,31,:27:31:371,----myelin-exec:__myl_AddSqrDivMulMulTraSliSliNegConMulMulAddResSliRepResTraRes
8020305472,8020309760,4288,0,4288,myelin-exec:__mye726131,649196,649196,2,0,372,31,:27:31:372,----myelin-exec:__mye726131
8020311264,8020471104,159840,0,159840,myelin-exec:__myl_FcCas,649196,649196,2,0,373,31,:27:31:373,----myelin-exec:__myl_FcCas
8020473600,8020492480,18880,0,18880,myelin-exec:__myl_ResMulMea,649196,649196,2,0,374,31,:27:31:374,----myelin-exec:__myl_ResMulMea
8020494560,8020510112,15552,0,15552,myelin-exec:__myl_AddSqrDivMulMulTraSliSliNegConMulMulAddRes,649196,649196,2,0,375,31,:27:31:375,----myelin-exec:__myl_AddSqrDivMulMulTraSliSliNegConMulMulAddRes
8020511552,8020515264,3712,0,3712,myelin-exec:__mye726133,649196,649196,2,0,376,31,:27:31:376,----myelin-exec:__mye726133
8020515840,8020517856,2016,0,2016,myelin-exec:__mye726137,649196,649196,2,0,377,31,:27:31:377,----myelin-exec:__mye726137
8020518688,8020531744,13056,0,13056,myelin-exec:_gemm_mha_v2,649196,649196,2,0,378,31,:27:31:378,----myelin-exec:_gemm_mha_v2
8020532896,8020681664,148768,0,148768,myelin-exec:__myl_FcAdd,649196,649196,2,0,379,31,:27:31:379,----myelin-exec:__myl_FcAdd
8020684064,8020706176,22112,0,22112,myelin-exec:__myl_MulMeaAddSqrDivMulMulMulMinMaxRouCas,649196,649196,2,0,380,31,:27:31:380,----myelin-exec:__myl_MulMeaAddSqrDivMulMulMulMinMaxRouCas
8020708128,8020749216,41088,0,41088,myelin-exec:/up_proj_14/MatMul,649196,649196,2,0,381,31,:27:31:381,----myelin-exec:/up_proj_14/MatMul
8020751488,8020909344,157856,0,157856,myelin-exec:__myl_FcCasNegExpAddDivMulMul,649196,649196,2,0,382,31,:27:31:382,----myelin-exec:__myl_FcCasNegExpAddDivMulMul
8020911872,8021072416,160544,0,160544,myelin-exec:__myl_FcAdd,649196,649196,2,0,383,31,:27:31:383,----myelin-exec:__myl_FcAdd
8021074688,8021098656,23968,0,23968,myelin-exec:__myl_MulMeaAddSqrDivMulMulMinMaxRouCasMulMinMaxRouCasMulMinMaxRouCas,649196,649196,2,0,384,31,:27:31:384,----myelin-exec:__myl_MulMeaAddSqrDivMulMulMinMaxRouCasMulMinMaxRouCasMulMinMaxRouCas
8021100480,8021105952,5472,0,5472,myelin-exec:__mye726139,649196,649196,2,0,385,31,:27:31:385,----myelin-exec:__mye726139
8021107136,8021110368,3232,0,3232,myelin-exec:__mye726141,649196,649196,2,0,386,31,:27:31:386,----myelin-exec:__mye726141
8021111264,8021263136,151872,0,151872,myelin-exec:__myl_FcCas,649196,649196,2,0,387,31,:27:31:387,----myelin-exec:__myl_FcCas
8021265376,8021287168,21792,0,21792,myelin-exec:__myl_ResTraResSliRepRes,649196,649196,2,0,388,31,:27:31:388,----myelin-exec:__myl_ResTraResSliRepRes
8021289056,8021293312,4256,0,4256,myelin-exec:__mye726149,649196,649196,2,0,389,31,:27:31:389,----myelin-exec:__mye726149
8021294496,8021296960,2464,0,2464,myelin-exec:__mye726143,649196,649196,2,0,390,31,:27:31:390,----myelin-exec:__mye726143
8021298176,8021455712,157536,0,157536,myelin-exec:__myl_FcCas,649196,649196,2,0,391,31,:27:31:391,----myelin-exec:__myl_FcCas
8021458080,8021479584,21504,0,21504,myelin-exec:__myl_ResMulMea,649196,649196,2,0,392,31,:27:31:392,----myelin-exec:__myl_ResMulMea
8021481504,8021500928,19424,0,19424,myelin-exec:__myl_AddSqrDivMulMulTraSliSliNegConMulMulAddResSliRepResTraRes,649196,649196,2,0,393,31,:27:31:393,----myelin-exec:__myl_AddSqrDivMulMulTraSliSliNegConMulMulAddResSliRepResTraRes
8021502400,8021506528,4128,0,4128,myelin-exec:__mye726145,649196,649196,2,0,394,31,:27:31:394,----myelin-exec:__mye726145
8021507968,8021658880,150912,0,150912,myelin-exec:__myl_FcCas,649196,649196,2,0,395,31,:27:31:395,----myelin-exec:__myl_FcCas
8021661248,8021676960,15712,0,15712,myelin-exec:__myl_ResMulMea,649196,649196,2,0,396,31,:27:31:396,----myelin-exec:__myl_ResMulMea
8021678752,8021692032,13280,0,13280,myelin-exec:__myl_AddSqrDivMulMulTraSliSliNegConMulMulAddRes,649196,649196,2,0,397,31,:27:31:397,----myelin-exec:__myl_AddSqrDivMulMulTraSliSliNegConMulMulAddRes
8021693312,8021696960,3648,0,3648,myelin-exec:__mye726147,649196,649196,2,0,398,31,:27:31:398,----myelin-exec:__mye726147
8021697856,8021700288,2432,0,2432,myelin-exec:__mye726151,649196,649196,2,0,399,31,:27:31:399,----myelin-exec:__mye726151
8021701120,8021718496,17376,0,17376,myelin-exec:_gemm_mha_v2,649196,649196,2,0,400,31,:27:31:400,----myelin-exec:_gemm_mha_v2
8021720000,8021731424,11424,0,11424,myelin-exec:__myl_ResTra,649196,649196,2,0,401,31,:27:31:401,----myelin-exec:__myl_ResTra
8021732576,8021871488,138912,0,138912,myelin-exec:__myl_FcCasAdd,649196,649196,2,0,402,31,:27:31:402,----myelin-exec:__myl_FcCasAdd
8021873728,8021913248,39520,0,39520,myelin-exec:__myl_MulMeaAddSqrDivMulMulMulMinMaxRouCas,649196,649196,2,0,403,31,:27:31:403,----myelin-exec:__myl_MulMeaAddSqrDivMulMulMulMinMaxRouCas
8021915040,8021957344,42304,0,42304,myelin-exec:/up_proj_15/MatMul,649196,649196,2,0,404,31,:27:31:404,----myelin-exec:/up_proj_15/MatMul
8021959488,8022123808,164320,0,164320,myelin-exec:__myl_FcCasNegExpAddDivMulMul,649196,649196,2,0,405,31,:27:31:405,----myelin-exec:__myl_FcCasNegExpAddDivMulMul
8022125920,8022279328,153408,0,153408,myelin-exec:__myl_FcAdd,649196,649196,2,0,406,31,:27:31:406,----myelin-exec:__myl_FcAdd
8022281440,8022303840,22400,0,22400,myelin-exec:__myl_MulMeaAddSqrDivMulMulMinMaxRouCasMulMinMaxRouCasMulMinMaxRouCas,649196,649196,2,0,407,31,:27:31:407,----myelin-exec:__myl_MulMeaAddSqrDivMulMulMinMaxRouCasMulMinMaxRouCasMulMinMaxRouCas
8022305696,8022310720,5024,0,5024,myelin-exec:__mye726153,649196,649196,2,0,408,31,:27:31:408,----myelin-exec:__mye726153
8022311488,8022314688,3200,0,3200,myelin-exec:__mye726155,649196,649196,2,0,409,31,:27:31:409,----myelin-exec:__mye726155
8022316032,8022472128,156096,0,156096,myelin-exec:__myl_FcCas,649196,649196,2,0,410,31,:27:31:410,----myelin-exec:__myl_FcCas
8022473984,8022495680,21696,0,21696,myelin-exec:__myl_ResTraResSliRepRes,649196,649196,2,0,411,31,:27:31:411,----myelin-exec:__myl_ResTraResSliRepRes
8022497472,8022501536,4064,0,4064,myelin-exec:__mye726163,649196,649196,2,0,412,31,:27:31:412,----myelin-exec:__mye726163
8022502560,8022505184,2624,0,2624,myelin-exec:__mye726157,649196,649196,2,0,413,31,:27:31:413,----myelin-exec:__mye726157
8022506048,8022659744,153696,0,153696,myelin-exec:__myl_FcCas,649196,649196,2,0,414,31,:27:31:414,----myelin-exec:__myl_FcCas
8022661792,8022679872,18080,0,18080,myelin-exec:__myl_ResMulMea,649196,649196,2,0,415,31,:27:31:415,----myelin-exec:__myl_ResMulMea
8022682048,8022697632,15584,0,15584,myelin-exec:__myl_AddSqrDivMulMulTraSliSliNegConMulMulAddResSliRepResTraRes,649196,649196,2,0,416,31,:27:31:416,----myelin-exec:__myl_AddSqrDivMulMulTraSliSliNegConMulMulAddResSliRepResTraRes
8022699424,8022702720,3296,0,3296,myelin-exec:__mye726159,649196,649196,2,0,417,31,:27:31:417,----myelin-exec:__mye726159
8022703904,8022857920,154016,0,154016,myelin-exec:__myl_FcCas,649196,649196,2,0,418,31,:27:31:418,----myelin-exec:__myl_FcCas
8022860032,8022874848,14816,0,14816,myelin-exec:__myl_ResMulMea,649196,649196,2,0,419,31,:27:31:419,----myelin-exec:__myl_ResMulMea
8022876864,8022889088,12224,0,12224,myelin-exec:__myl_AddSqrDivMulMulTraSliSliNegConMulMulAddRes,649196,649196,2,0,420,31,:27:31:420,----myelin-exec:__myl_AddSqrDivMulMulTraSliSliNegConMulMulAddRes
8022890432,8022894048,3616,0,3616,myelin-exec:__mye726161,649196,649196,2,0,421,31,:27:31:421,----myelin-exec:__mye726161
8022895232,8022897184,1952,0,1952,myelin-exec:__mye726165,649196,649196,2,0,422,31,:27:31:422,----myelin-exec:__mye726165
8022898304,8022916672,18368,0,18368,myelin-exec:_gemm_mha_v2,649196,649196,2,0,423,31,:27:31:423,----myelin-exec:_gemm_mha_v2
8022917760,8022928928,11168,0,11168,myelin-exec:__myl_ResTra,649196,649196,2,0,424,31,:27:31:424,----myelin-exec:__myl_ResTra
8022930208,8023098752,168544,0,168544,myelin-exec:__myl_FcCasAdd,649196,649196,2,0,425,31,:27:31:425,----myelin-exec:__myl_FcCasAdd
8023101152,8023123488,22336,0,22336,myelin-exec:__myl_MulMeaAddSqrDivMulMulMulMinMaxRouCas,649196,649196,2,0,426,31,:27:31:426,----myelin-exec:__myl_MulMeaAddSqrDivMulMulMulMinMaxRouCas
8023125472,8023167232,41760,0,41760,myelin-exec:/up_proj_16/MatMul,649196,649196,2,0,427,31,:27:31:427,----myelin-exec:/up_proj_16/MatMul
8023169792,8023316352,146560,0,146560,myelin-exec:__myl_FcCasNegExpAddDivMulMul,649196,649196,2,0,428,31,:27:31:428,----myelin-exec:__myl_FcCasNegExpAddDivMulMul
8023318336,8023454976,136640,0,136640,myelin-exec:__myl_FcAdd,649196,649196,2,0,429,31,:27:31:429,----myelin-exec:__myl_FcAdd
8023457120,8023474752,17632,0,17632,myelin-exec:__myl_MulMeaAddSqrDivMulMulMinMaxRouCasMulMinMaxRouCasMulMinMaxRouCas,649196,649196,2,0,430,31,:27:31:430,----myelin-exec:__myl_MulMeaAddSqrDivMulMulMinMaxRouCasMulMinMaxRouCasMulMinMaxRouCas
8023476352,8023481696,5344,0,5344,myelin-exec:__mye726167,649196,649196,2,0,431,31,:27:31:431,----myelin-exec:__mye726167
8023482880,8023485856,2976,0,2976,myelin-exec:__mye726169,649196,649196,2,0,432,31,:27:31:432,----myelin-exec:__mye726169
8023486976,8023647648,160672,0,160672,myelin-exec:__myl_FcCas,649196,649196,2,0,433,31,:27:31:433,----myelin-exec:__myl_FcCas
8023649664,8023673248,23584,0,23584,myelin-exec:__myl_ResTraResSliRepRes,649196,649196,2,0,434,31,:27:31:434,----myelin-exec:__myl_ResTraResSliRepRes
8023675136,8023679968,4832,0,4832,myelin-exec:__mye726177,649196,649196,2,0,435,31,:27:31:435,----myelin-exec:__mye726177
8023680736,8023683648,2912,0,2912,myelin-exec:__mye726171,649196,649196,2,0,436,31,:27:31:436,----myelin-exec:__mye726171
8023684608,8023841408,156800,0,156800,myelin-exec:__myl_FcCas,649196,649196,2,0,437,31,:27:31:437,----myelin-exec:__myl_FcCas
8023843360,8023861280,17920,0,17920,myelin-exec:__myl_ResMulMea,649196,649196,2,0,438,31,:27:31:438,----myelin-exec:__myl_ResMulMea
8023863136,8023879616,16480,0,16480,myelin-exec:__myl_AddSqrDivMulMulTraSliSliNegConMulMulAddResSliRepResTraRes,649196,649196,2,0,439,31,:27:31:439,----myelin-exec:__myl_AddSqrDivMulMulTraSliSliNegConMulMulAddResSliRepResTraRes
8023880992,8023883936,2944,0,2944,myelin-exec:__mye726173,649196,649196,2,0,440,31,:27:31:440,----myelin-exec:__mye726173
8023885120,8024044096,158976,0,158976,myelin-exec:__myl_FcCas,649196,649196,2,0,441,31,:27:31:441,----myelin-exec:__myl_FcCas
8024046176,8024064352,18176,0,18176,myelin-exec:__myl_ResMulMea,649196,649196,2,0,442,31,:27:31:442,----myelin-exec:__myl_ResMulMea
8024065888,8024079424,13536,0,13536,myelin-exec:__myl_AddSqrDivMulMulTraSliSliNegConMulMulAddRes,649196,649196,2,0,443,31,:27:31:443,----myelin-exec:__myl_AddSqrDivMulMulTraSliSliNegConMulMulAddRes
8024081056,8024084768,3712,0,3712,myelin-exec:__mye726175,649196,649196,2,0,444,31,:27:31:444,----myelin-exec:__mye726175
8024086016,8024088256,2240,0,2240,myelin-exec:__mye726179,649196,649196,2,0,445,31,:27:31:445,----myelin-exec:__mye726179
8024089472,8024109600,20128,0,20128,myelin-exec:_gemm_mha_v2,649196,649196,2,0,446,31,:27:31:446,----myelin-exec:_gemm_mha_v2
8024110976,8024122016,11040,0,11040,myelin-exec:__myl_ResTra,649196,649196,2,0,447,31,:27:31:447,----myelin-exec:__myl_ResTra
8024123456,8024279456,156000,0,156000,myelin-exec:__myl_FcCasAdd,649196,649196,2,0,448,31,:27:31:448,----myelin-exec:__myl_FcCasAdd
8024281696,8024302208,20512,0,20512,myelin-exec:__myl_MulMeaAddSqrDivMulMulMulMinMaxRouCas,649196,649196,2,0,449,31,:27:31:449,----myelin-exec:__myl_MulMeaAddSqrDivMulMulMulMinMaxRouCas
8024304064,8024344032,39968,0,39968,myelin-exec:/up_proj_17/MatMul,649196,649196,2,0,450,31,:27:31:450,----myelin-exec:/up_proj_17/MatMul
8024345824,8024514560,168736,0,168736,myelin-exec:__myl_FcCasNegExpAddDivMulMul,649196,649196,2,0,451,31,:27:31:451,----myelin-exec:__myl_FcCasNegExpAddDivMulMul
8024516800,8024678464,161664,0,161664,myelin-exec:__myl_FcAdd,649196,649196,2,0,452,31,:27:31:452,----myelin-exec:__myl_FcAdd
8024680736,8024702368,21632,0,21632,myelin-exec:__myl_MulMeaAddSqrDivMulMulMinMaxRouCasMulMinMaxRouCasMulMinMaxRouCas,649196,649196,2,0,453,31,:27:31:453,----myelin-exec:__myl_MulMeaAddSqrDivMulMulMinMaxRouCasMulMinMaxRouCasMulMinMaxRouCas
8024704256,8024709536,5280,0,5280,myelin-exec:__mye726181,649196,649196,2,0,454,31,:27:31:454,----myelin-exec:__mye726181
8024710432,8024713824,3392,0,3392,myelin-exec:__mye726183,649196,649196,2,0,455,31,:27:31:455,----myelin-exec:__mye726183
8024715008,8024849568,134560,0,134560,myelin-exec:__myl_FcCas,649196,649196,2,0,456,31,:27:31:456,----myelin-exec:__myl_FcCas
8024851520,8024874624,23104,0,23104,myelin-exec:__myl_ResTraResSliRepRes,649196,649196,2,0,457,31,:27:31:457,----myelin-exec:__myl_ResTraResSliRepRes
8024876416,8024879584,3168,0,3168,myelin-exec:__mye726191,649196,649196,2,0,458,31,:27:31:458,----myelin-exec:__mye726191
8024880864,8024883808,2944,0,2944,myelin-exec:__mye726185,649196,649196,2,0,459,31,:27:31:459,----myelin-exec:__mye726185
8024885312,8025042656,157344,0,157344,myelin-exec:__myl_FcCas,649196,649196,2,0,460,31,:27:31:460,----myelin-exec:__myl_FcCas
8025044800,8025064480,19680,0,19680,myelin-exec:__myl_ResMulMea,649196,649196,2,0,461,31,:27:31:461,----myelin-exec:__myl_ResMulMea
8025066496,8025084704,18208,0,18208,myelin-exec:__myl_AddSqrDivMulMulTraSliSliNegConMulMulAddResSliRepResTraRes,649196,649196,2,0,462,31,:27:31:462,----myelin-exec:__myl_AddSqrDivMulMulTraSliSliNegConMulMulAddResSliRepResTraRes
8025086432,8025090688,4256,0,4256,myelin-exec:__mye726187,649196,649196,2,0,463,31,:27:31:463,----myelin-exec:__mye726187
8025092256,8025248672,156416,0,156416,myelin-exec:__myl_FcCas,649196,649196,2,0,464,31,:27:31:464,----myelin-exec:__myl_FcCas
8025250784,8025269664,18880,0,18880,myelin-exec:__myl_ResMulMea,649196,649196,2,0,465,31,:27:31:465,----myelin-exec:__myl_ResMulMea
8025271776,8025286752,14976,0,14976,myelin-exec:__myl_AddSqrDivMulMulTraSliSliNegConMulMulAddRes,649196,649196,2,0,466,31,:27:31:466,----myelin-exec:__myl_AddSqrDivMulMulTraSliSliNegConMulMulAddRes
8025288128,8025292096,3968,0,3968,myelin-exec:__mye726189,649196,649196,2,0,467,31,:27:31:467,----myelin-exec:__mye726189
8025292896,8025295136,2240,0,2240,myelin-exec:__mye726193,649196,649196,2,0,468,31,:27:31:468,----myelin-exec:__mye726193
8025296128,8025313728,17600,0,17600,myelin-exec:_gemm_mha_v2,649196,649196,2,0,469,31,:27:31:469,----myelin-exec:_gemm_mha_v2
8025315040,8025327008,11968,0,11968,myelin-exec:__myl_ResTra,649196,649196,2,0,470,31,:27:31:470,----myelin-exec:__myl_ResTra
8025328320,8025485312,156992,0,156992,myelin-exec:__myl_FcCasAdd,649196,649196,2,0,471,31,:27:31:471,----myelin-exec:__myl_FcCasAdd
8025487584,8025511648,24064,0,24064,myelin-exec:__myl_MulMeaAddSqrDivMulMulMulMinMaxRouCas,649196,649196,2,0,472,31,:27:31:472,----myelin-exec:__myl_MulMeaAddSqrDivMulMulMulMinMaxRouCas
8025513440,8025555392,41952,0,41952,myelin-exec:/up_proj_18/MatMul,649196,649196,2,0,473,31,:27:31:473,----myelin-exec:/up_proj_18/MatMul
8025557504,8025714752,157248,0,157248,myelin-exec:__myl_FcCasNegExpAddDivMulMul,649196,649196,2,0,474,31,:27:31:474,----myelin-exec:__myl_FcCasNegExpAddDivMulMul
8025716640,8025868832,152192,0,152192,myelin-exec:__myl_FcAdd,649196,649196,2,0,475,31,:27:31:475,----myelin-exec:__myl_FcAdd
8025870720,8025890752,20032,0,20032,myelin-exec:__myl_MulMeaAddSqrDivMulMulMinMaxRouCasMulMinMaxRouCasMulMinMaxRouCas,649196,649196,2,0,476,31,:27:31:476,----myelin-exec:__myl_MulMeaAddSqrDivMulMulMinMaxRouCasMulMinMaxRouCasMulMinMaxRouCas
8025892736,8025897824,5088,0,5088,myelin-exec:__mye726195,649196,649196,2,0,477,31,:27:31:477,----myelin-exec:__mye726195
8025898880,8025902240,3360,0,3360,myelin-exec:__mye726197,649196,649196,2,0,478,31,:27:31:478,----myelin-exec:__mye726197
8025903392,8026050592,147200,0,147200,myelin-exec:__myl_FcCas,649196,649196,2,0,479,31,:27:31:479,----myelin-exec:__myl_FcCas
8026052896,8026071360,18464,0,18464,myelin-exec:__myl_ResTraResSliRepRes,649196,649196,2,0,480,31,:27:31:480,----myelin-exec:__myl_ResTraResSliRepRes
8026073312,8026077216,3904,0,3904,myelin-exec:__mye726205,649196,649196,2,0,481,31,:27:31:481,----myelin-exec:__mye726205
8026078176,8026080832,2656,0,2656,myelin-exec:__mye726199,649196,649196,2,0,482,31,:27:31:482,----myelin-exec:__mye726199
8026081856,8026241824,159968,0,159968,myelin-exec:__myl_FcCas,649196,649196,2,0,483,31,:27:31:483,----myelin-exec:__myl_FcCas
8026243936,8026263264,19328,0,19328,myelin-exec:__myl_ResMulMea,649196,649196,2,0,484,31,:27:31:484,----myelin-exec:__myl_ResMulMea
8026265312,8026282304,16992,0,16992,myelin-exec:__myl_AddSqrDivMulMulTraSliSliNegConMulMulAddResSliRepResTraRes,649196,649196,2,0,485,31,:27:31:485,----myelin-exec:__myl_AddSqrDivMulMulTraSliSliNegConMulMulAddResSliRepResTraRes
8026283936,8026288000,4064,0,4064,myelin-exec:__mye726201,649196,649196,2,0,486,31,:27:31:486,----myelin-exec:__mye726201
8026289376,8026441056,151680,0,151680,myelin-exec:__myl_FcCas,649196,649196,2,0,487,31,:27:31:487,----myelin-exec:__myl_FcCas
8026443168,8026459872,16704,0,16704,myelin-exec:__myl_ResMulMea,649196,649196,2,0,488,31,:27:31:488,----myelin-exec:__myl_ResMulMea
8026461824,8026475392,13568,0,13568,myelin-exec:__myl_AddSqrDivMulMulTraSliSliNegConMulMulAddRes,649196,649196,2,0,489,31,:27:31:489,----myelin-exec:__myl_AddSqrDivMulMulTraSliSliNegConMulMulAddRes
8026476928,8026480736,3808,0,3808,myelin-exec:__mye726203,649196,649196,2,0,490,31,:27:31:490,----myelin-exec:__mye726203
8026481568,8026483872,2304,0,2304,myelin-exec:__mye726207,649196,649196,2,0,491,31,:27:31:491,----myelin-exec:__mye726207
8026484704,8026502368,17664,0,17664,myelin-exec:_gemm_mha_v2,649196,649196,2,0,492,31,:27:31:492,----myelin-exec:_gemm_mha_v2
8026503584,8026515264,11680,0,11680,myelin-exec:__myl_ResTra,649196,649196,2,0,493,31,:27:31:493,----myelin-exec:__myl_ResTra
8026516064,8026693152,177088,0,177088,myelin-exec:__myl_FcCasAdd,649196,649196,2,0,494,31,:27:31:494,----myelin-exec:__myl_FcCasAdd
8026695648,8026721152,25504,0,25504,myelin-exec:__myl_MulMeaAddSqrDivMulMulMulMinMaxRouCas,649196,649196,2,0,495,31,:27:31:495,----myelin-exec:__myl_MulMeaAddSqrDivMulMulMulMinMaxRouCas
8026723232,8026767552,44320,0,44320,myelin-exec:/up_proj_19/MatMul,649196,649196,2,0,496,31,:27:31:496,----myelin-exec:/up_proj_19/MatMul
8026769568,8026927008,157440,0,157440,myelin-exec:__myl_FcCasNegExpAddDivMulMul,649196,649196,2,0,497,31,:27:31:497,----myelin-exec:__myl_FcCasNegExpAddDivMulMul
8026928992,8027081440,152448,0,152448,myelin-exec:__myl_FcAdd,649196,649196,2,0,498,31,:27:31:498,----myelin-exec:__myl_FcAdd
8027083744,8027106208,22464,0,22464,myelin-exec:__myl_MulMeaAddSqrDivMulMulMinMaxRouCasMulMinMaxRouCasMulMinMaxRouCas,649196,649196,2,0,499,31,:27:31:499,----myelin-exec:__myl_MulMeaAddSqrDivMulMulMinMaxRouCasMulMinMaxRouCasMulMinMaxRouCas
8027108160,8027113088,4928,0,4928,myelin-exec:__mye726209,649196,649196,2,0,500,31,:27:31:500,----myelin-exec:__mye726209
8027114464,8027117760,3296,0,3296,myelin-exec:__mye726211,649196,649196,2,0,501,31,:27:31:501,----myelin-exec:__mye726211
8027118848,8027284320,165472,0,165472,myelin-exec:__myl_FcCas,649196,649196,2,0,502,31,:27:31:502,----myelin-exec:__myl_FcCas
8027286432,8027307520,21088,0,21088,myelin-exec:__myl_ResTraResSliRepRes,649196,649196,2,0,503,31,:27:31:503,----myelin-exec:__myl_ResTraResSliRepRes
8027309376,8027313504,4128,0,4128,myelin-exec:__mye726219,649196,649196,2,0,504,31,:27:31:504,----myelin-exec:__mye726219
8027314432,8027317184,2752,0,2752,myelin-exec:__mye726213,649196,649196,2,0,505,31,:27:31:505,----myelin-exec:__mye726213
8027318464,8027480160,161696,0,161696,myelin-exec:__myl_FcCas,649196,649196,2,0,506,31,:27:31:506,----myelin-exec:__myl_FcCas
8027482272,8027501408,19136,0,19136,myelin-exec:__myl_ResMulMea,649196,649196,2,0,507,31,:27:31:507,----myelin-exec:__myl_ResMulMea
8027503360,8027520736,17376,0,17376,myelin-exec:__myl_AddSqrDivMulMulTraSliSliNegConMulMulAddResSliRepResTraRes,649196,649196,2,0,508,31,:27:31:508,----myelin-exec:__myl_AddSqrDivMulMulTraSliSliNegConMulMulAddResSliRepResTraRes
8027521952,8027525984,4032,0,4032,myelin-exec:__mye726215,649196,649196,2,0,509,31,:27:31:509,----myelin-exec:__mye726215
8027527552,8027682272,154720,0,154720,myelin-exec:__myl_FcCas,649196,649196,2,0,510,31,:27:31:510,----myelin-exec:__myl_FcCas
8027684736,8027702144,17408,0,17408,myelin-exec:__myl_ResMulMea,649196,649196,2,0,511,31,:27:31:511,----myelin-exec:__myl_ResMulMea
8027703904,8027717248,13344,0,13344,myelin-exec:__myl_AddSqrDivMulMulTraSliSliNegConMulMulAddRes,649196,649196,2,0,512,31,:27:31:512,----myelin-exec:__myl_AddSqrDivMulMulTraSliSliNegConMulMulAddRes
8027718656,8027722688,4032,0,4032,myelin-exec:__mye726217,649196,649196,2,0,513,31,:27:31:513,----myelin-exec:__mye726217
8027723808,8027726048,2240,0,2240,myelin-exec:__mye726221,649196,649196,2,0,514,31,:27:31:514,----myelin-exec:__mye726221
8027727008,8027745600,18592,0,18592,myelin-exec:_gemm_mha_v2,649196,649196,2,0,515,31,:27:31:515,----myelin-exec:_gemm_mha_v2
8027747168,8027758912,11744,0,11744,myelin-exec:__myl_ResTra,649196,649196,2,0,516,31,:27:31:516,----myelin-exec:__myl_ResTra
8027760064,8027912096,152032,0,152032,myelin-exec:__myl_FcCasAdd,649196,649196,2,0,517,31,:27:31:517,----myelin-exec:__myl_FcCasAdd
8027913984,8027939232,25248,0,25248,myelin-exec:__myl_MulMeaAddSqrDivMulMulMulMinMaxRouCas,649196,649196,2,0,518,31,:27:31:518,----myelin-exec:__myl_MulMeaAddSqrDivMulMulMulMinMaxRouCas
8027941280,8027983232,41952,0,41952,myelin-exec:/up_proj_20/MatMul,649196,649196,2,0,519,31,:27:31:519,----myelin-exec:/up_proj_20/MatMul
8027985472,8028145856,160384,0,160384,myelin-exec:__myl_FcCasNegExpAddDivMulMul,649196,649196,2,0,520,31,:27:31:520,----myelin-exec:__myl_FcCasNegExpAddDivMulMul
8028147968,8028309504,161536,0,161536,myelin-exec:__myl_FcAdd,649196,649196,2,0,521,31,:27:31:521,----myelin-exec:__myl_FcAdd
8028311488,8028333728,22240,0,22240,myelin-exec:__myl_MulMeaAddSqrDivMulMulMinMaxRouCasMulMinMaxRouCasMulMinMaxRouCas,649196,649196,2,0,522,31,:27:31:522,----myelin-exec:__myl_MulMeaAddSqrDivMulMulMinMaxRouCasMulMinMaxRouCasMulMinMaxRouCas
8028335616,8028341120,5504,0,5504,myelin-exec:__mye726223,649196,649196,2,0,523,31,:27:31:523,----myelin-exec:__mye726223
8028342400,8028345568,3168,0,3168,myelin-exec:__mye726225,649196,649196,2,0,524,31,:27:31:524,----myelin-exec:__mye726225
8028346752,8028506848,160096,0,160096,myelin-exec:__myl_FcCas,649196,649196,2,0,525,31,:27:31:525,----myelin-exec:__myl_FcCas
8028508768,8028533632,24864,0,24864,myelin-exec:__myl_ResTraResSliRepRes,649196,649196,2,0,526,31,:27:31:526,----myelin-exec:__myl_ResTraResSliRepRes
8028535392,8028540000,4608,0,4608,myelin-exec:__mye726233,649196,649196,2,0,527,31,:27:31:527,----myelin-exec:__mye726233
8028540576,8028543168,2592,0,2592,myelin-exec:__mye726227,649196,649196,2,0,528,31,:27:31:528,----myelin-exec:__mye726227
8028544448,8028710656,166208,0,166208,myelin-exec:__myl_FcCas,649196,649196,2,0,529,31,:27:31:529,----myelin-exec:__myl_FcCas
8028712864,8028734112,21248,0,21248,myelin-exec:__myl_ResMulMea,649196,649196,2,0,530,31,:27:31:530,----myelin-exec:__myl_ResMulMea
8028736128,8028755328,19200,0,19200,myelin-exec:__myl_AddSqrDivMulMulTraSliSliNegConMulMulAddResSliRepResTraRes,649196,649196,2,0,531,31,:27:31:531,----myelin-exec:__myl_AddSqrDivMulMulTraSliSliNegConMulMulAddResSliRepResTraRes
8028756576,8028759872,3296,0,3296,myelin-exec:__mye726229,649196,649196,2,0,532,31,:27:31:532,----myelin-exec:__mye726229
8028761120,8028918496,157376,0,157376,myelin-exec:__myl_FcCas,649196,649196,2,0,533,31,:27:31:533,----myelin-exec:__myl_FcCas
8028920704,8028937696,16992,0,16992,myelin-exec:__myl_ResMulMea,649196,649196,2,0,534,31,:27:31:534,----myelin-exec:__myl_ResMulMea
8028939392,8028952832,13440,0,13440,myelin-exec:__myl_AddSqrDivMulMulTraSliSliNegConMulMulAddRes,649196,649196,2,0,535,31,:27:31:535,----myelin-exec:__myl_AddSqrDivMulMulTraSliSliNegConMulMulAddRes
8028954240,8028958048,3808,0,3808,myelin-exec:__mye726231,649196,649196,2,0,536,31,:27:31:536,----myelin-exec:__mye726231
8028958880,8028960960,2080,0,2080,myelin-exec:__mye726235,649196,649196,2,0,537,31,:27:31:537,----myelin-exec:__mye726235
8028961792,8028980992,19200,0,19200,myelin-exec:_gemm_mha_v2,649196,649196,2,0,538,31,:27:31:538,----myelin-exec:_gemm_mha_v2
8028982144,8028993888,11744,0,11744,myelin-exec:__myl_ResTra,649196,649196,2,0,539,31,:27:31:539,----myelin-exec:__myl_ResTra
8028994720,8029145472,150752,0,150752,myelin-exec:__myl_FcCasAdd,649196,649196,2,0,540,31,:27:31:540,----myelin-exec:__myl_FcCasAdd
8029147712,8029171008,23296,0,23296,myelin-exec:__myl_MulMeaAddSqrDivMulMulMulMinMaxRouCas,649196,649196,2,0,541,31,:27:31:541,----myelin-exec:__myl_MulMeaAddSqrDivMulMulMulMinMaxRouCas
8029172448,8029215104,42656,0,42656,myelin-exec:/up_proj_21/MatMul,649196,649196,2,0,542,31,:27:31:542,----myelin-exec:/up_proj_21/MatMul
8029217216,8029378880,161664,0,161664,myelin-exec:__myl_FcCasNegExpAddDivMulMul,649196,649196,2,0,543,31,:27:31:543,----myelin-exec:__myl_FcCasNegExpAddDivMulMul
8029380800,8029537472,156672,0,156672,myelin-exec:__myl_FcAdd,649196,649196,2,0,544,31,:27:31:544,----myelin-exec:__myl_FcAdd
8029539616,8029560576,20960,0,20960,myelin-exec:__myl_MulMeaAddSqrDivMulMulMinMaxRouCasMulMinMaxRouCasMulMinMaxRouCas,649196,649196,2,0,545,31,:27:31:545,----myelin-exec:__myl_MulMeaAddSqrDivMulMulMinMaxRouCasMulMinMaxRouCasMulMinMaxRouCas
8029562400,8029567424,5024,0,5024,myelin-exec:__mye726237,649196,649196,2,0,546,31,:27:31:546,----myelin-exec:__mye726237
8029568320,8029571840,3520,0,3520,myelin-exec:__mye726239,649196,649196,2,0,547,31,:27:31:547,----myelin-exec:__mye726239
8029573344,8029721856,148512,0,148512,myelin-exec:__myl_FcCas,649196,649196,2,0,548,31,:27:31:548,----myelin-exec:__myl_FcCas
8029724128,8029750784,26656,0,26656,myelin-exec:__myl_ResTraResSliRepRes,649196,649196,2,0,549,31,:27:31:549,----myelin-exec:__myl_ResTraResSliRepRes
8029752512,8029756416,3904,0,3904,myelin-exec:__mye726247,649196,649196,2,0,550,31,:27:31:550,----myelin-exec:__mye726247
8029757888,8029761056,3168,0,3168,myelin-exec:__mye726241,649196,649196,2,0,551,31,:27:31:551,----myelin-exec:__mye726241
8029761856,8029917696,155840,0,155840,myelin-exec:__myl_FcCas,649196,649196,2,0,552,31,:27:31:552,----myelin-exec:__myl_FcCas
8029919744,8029936384,16640,0,16640,myelin-exec:__myl_ResMulMea,649196,649196,2,0,553,31,:27:31:553,----myelin-exec:__myl_ResMulMea
8029938240,8029954720,16480,0,16480,myelin-exec:__myl_AddSqrDivMulMulTraSliSliNegConMulMulAddResSliRepResTraRes,649196,649196,2,0,554,31,:27:31:554,----myelin-exec:__myl_AddSqrDivMulMulTraSliSliNegConMulMulAddResSliRepResTraRes
8029956320,8029960352,4032,0,4032,myelin-exec:__mye726243,649196,649196,2,0,555,31,:27:31:555,----myelin-exec:__mye726243
8029961824,8030118368,156544,0,156544,myelin-exec:__myl_FcCas,649196,649196,2,0,556,31,:27:31:556,----myelin-exec:__myl_FcCas
8030120896,8030139584,18688,0,18688,myelin-exec:__myl_ResMulMea,649196,649196,2,0,557,31,:27:31:557,----myelin-exec:__myl_ResMulMea
8030141344,8030156416,15072,0,15072,myelin-exec:__myl_AddSqrDivMulMulTraSliSliNegConMulMulAddRes,649196,649196,2,0,558,31,:27:31:558,----myelin-exec:__myl_AddSqrDivMulMulTraSliSliNegConMulMulAddRes
8030157952,8030162016,4064,0,4064,myelin-exec:__mye726245,649196,649196,2,0,559,31,:27:31:559,----myelin-exec:__mye726245
8030163232,8030165472,2240,0,2240,myelin-exec:__mye726249,649196,649196,2,0,560,31,:27:31:560,----myelin-exec:__mye726249
8030166432,8030184768,18336,0,18336,myelin-exec:_gemm_mha_v2,649196,649196,2,0,561,31,:27:31:561,----myelin-exec:_gemm_mha_v2
8030186208,8030198688,12480,0,12480,myelin-exec:__myl_ResTra,649196,649196,2,0,562,31,:27:31:562,----myelin-exec:__myl_ResTra
8030199776,8030357056,157280,0,157280,myelin-exec:__myl_FcCasAdd,649196,649196,2,0,563,31,:27:31:563,----myelin-exec:__myl_FcCasAdd
8030359040,8030380448,21408,0,21408,myelin-exec:__myl_MulMeaAddSqrDivMulMulMulMinMaxRouCas,649196,649196,2,0,564,31,:27:31:564,----myelin-exec:__myl_MulMeaAddSqrDivMulMulMulMinMaxRouCas
8030382272,8030423232,40960,0,40960,myelin-exec:/up_proj_22/MatMul,649196,649196,2,0,565,31,:27:31:565,----myelin-exec:/up_proj_22/MatMul
8030425440,8030587200,161760,0,161760,myelin-exec:__myl_FcCasNegExpAddDivMulMul,649196,649196,2,0,566,31,:27:31:566,----myelin-exec:__myl_FcCasNegExpAddDivMulMul
8030589664,8030767872,178208,0,178208,myelin-exec:__myl_FcAdd,649196,649196,2,0,567,31,:27:31:567,----myelin-exec:__myl_FcAdd
8030770080,8030793536,23456,0,23456,myelin-exec:__myl_MulMeaAddSqrDivMulMulMinMaxRouCasMulMinMaxRouCasMulMinMaxRouCas,649196,649196,2,0,568,31,:27:31:568,----myelin-exec:__myl_MulMeaAddSqrDivMulMulMinMaxRouCasMulMinMaxRouCasMulMinMaxRouCas
8030795456,8030800704,5248,0,5248,myelin-exec:__mye726251,649196,649196,2,0,569,31,:27:31:569,----myelin-exec:__mye726251
8030801920,8030805472,3552,0,3552,myelin-exec:__mye726253,649196,649196,2,0,570,31,:27:31:570,----myelin-exec:__mye726253
8030806880,8030957440,150560,0,150560,myelin-exec:__myl_FcCas,649196,649196,2,0,571,31,:27:31:571,----myelin-exec:__myl_FcCas
8030959488,8030978400,18912,0,18912,myelin-exec:__myl_ResTraResSliRepRes,649196,649196,2,0,572,31,:27:31:572,----myelin-exec:__myl_ResTraResSliRepRes
8030979904,8030983104,3200,0,3200,myelin-exec:__mye726261,649196,649196,2,0,573,31,:27:31:573,----myelin-exec:__mye726261
8030984288,8030986720,2432,0,2432,myelin-exec:__mye726255,649196,649196,2,0,574,31,:27:31:574,----myelin-exec:__mye726255
8030987648,8031143232,155584,0,155584,myelin-exec:__myl_FcCas,649196,649196,2,0,575,31,:27:31:575,----myelin-exec:__myl_FcCas
8031145152,8031164096,18944,0,18944,myelin-exec:__myl_ResMulMea,649196,649196,2,0,576,31,:27:31:576,----myelin-exec:__myl_ResMulMea
8031166016,8031188640,22624,0,22624,myelin-exec:__myl_AddSqrDivMulMulTraSliSliNegConMulMulAddResSliRepResTraRes,649196,649196,2,0,577,31,:27:31:577,----myelin-exec:__myl_AddSqrDivMulMulTraSliSliNegConMulMulAddResSliRepResTraRes
8031190080,8031193472,3392,0,3392,myelin-exec:__mye726257,649196,649196,2,0,578,31,:27:31:578,----myelin-exec:__mye726257
8031194912,8031354720,159808,0,159808,myelin-exec:__myl_FcCas,649196,649196,2,0,579,31,:27:31:579,----myelin-exec:__myl_FcCas
8031356864,8031372608,15744,0,15744,myelin-exec:__myl_ResMulMea,649196,649196,2,0,580,31,:27:31:580,----myelin-exec:__myl_ResMulMea
8031374432,8031387104,12672,0,12672,myelin-exec:__myl_AddSqrDivMulMulTraSliSliNegConMulMulAddRes,649196,649196,2,0,581,31,:27:31:581,----myelin-exec:__myl_AddSqrDivMulMulTraSliSliNegConMulMulAddRes
8031388160,8031391872,3712,0,3712,myelin-exec:__mye726259,649196,649196,2,0,582,31,:27:31:582,----myelin-exec:__mye726259
8031393056,8031395104,2048,0,2048,myelin-exec:__mye726263,649196,649196,2,0,583,31,:27:31:583,----myelin-exec:__mye726263
8031395968,8031414368,18400,0,18400,myelin-exec:_gemm_mha_v2,649196,649196,2,0,584,31,:27:31:584,----myelin-exec:_gemm_mha_v2
8031415296,8031426560,11264,0,11264,myelin-exec:__myl_ResTra,649196,649196,2,0,585,31,:27:31:585,----myelin-exec:__myl_ResTra
8031427744,8031587008,159264,0,159264,myelin-exec:__myl_FcCasAdd,649196,649196,2,0,586,31,:27:31:586,----myelin-exec:__myl_FcCasAdd
8031589536,8031612832,23296,0,23296,myelin-exec:__myl_MulMeaAddSqrDivMulMulMulMinMaxRouCas,649196,649196,2,0,587,31,:27:31:587,----myelin-exec:__myl_MulMeaAddSqrDivMulMulMulMinMaxRouCas
8031614784,8031660800,46016,0,46016,myelin-exec:/up_proj_23/MatMul,649196,649196,2,0,588,31,:27:31:588,----myelin-exec:/up_proj_23/MatMul
8031662912,8031822304,159392,0,159392,myelin-exec:__myl_FcCasNegExpAddDivMulMul,649196,649196,2,0,589,31,:27:31:589,----myelin-exec:__myl_FcCasNegExpAddDivMulMul
8031824480,8031982432,157952,0,157952,myelin-exec:__myl_FcAdd,649196,649196,2,0,590,31,:27:31:590,----myelin-exec:__myl_FcAdd
8031984448,8032004896,20448,0,20448,myelin-exec:__myl_MulMeaAddSqrDivMulMulMinMaxRouCasMulMinMaxRouCasMulMinMaxRouCas,649196,649196,2,0,591,31,:27:31:591,----myelin-exec:__myl_MulMeaAddSqrDivMulMulMinMaxRouCasMulMinMaxRouCasMulMinMaxRouCas
8032006912,8032012448,5536,0,5536,myelin-exec:__mye726265,649196,649196,2,0,592,31,:27:31:592,----myelin-exec:__mye726265
8032013664,8032016832,3168,0,3168,myelin-exec:__mye726267,649196,649196,2,0,593,31,:27:31:593,----myelin-exec:__mye726267
8032018048,8032172032,153984,0,153984,myelin-exec:__myl_FcCas,649196,649196,2,0,594,31,:27:31:594,----myelin-exec:__myl_FcCas
8032173856,8032193120,19264,0,19264,myelin-exec:__myl_ResTraResSliRepRes,649196,649196,2,0,595,31,:27:31:595,----myelin-exec:__myl_ResTraResSliRepRes
8032195200,8032198592,3392,0,3392,myelin-exec:__mye726275,649196,649196,2,0,596,31,:27:31:596,----myelin-exec:__mye726275
8032199456,8032201824,2368,0,2368,myelin-exec:__mye726269,649196,649196,2,0,597,31,:27:31:597,----myelin-exec:__mye726269
8032203104,8032370560,167456,0,167456,myelin-exec:__myl_FcCas,649196,649196,2,0,598,31,:27:31:598,----myelin-exec:__myl_FcCas
8032372800,8032392736,19936,0,19936,myelin-exec:__myl_ResMulMea,649196,649196,2,0,599,31,:27:31:599,----myelin-exec:__myl_ResMulMea
8032394560,8032416512,21952,0,21952,myelin-exec:__myl_AddSqrDivMulMulTraSliSliNegConMulMulAddResSliRepResTraRes,649196,649196,2,0,600,31,:27:31:600,----myelin-exec:__myl_AddSqrDivMulMulTraSliSliNegConMulMulAddResSliRepResTraRes
8032418464,8032422944,4480,0,4480,myelin-exec:__mye726271,649196,649196,2,0,601,31,:27:31:601,----myelin-exec:__mye726271
8032424640,8032571680,147040,0,147040,myelin-exec:__myl_FcCas,649196,649196,2,0,602,31,:27:31:602,----myelin-exec:__myl_FcCas
8032573984,8032592032,18048,0,18048,myelin-exec:__myl_ResMulMea,649196,649196,2,0,603,31,:27:31:603,----myelin-exec:__myl_ResMulMea
8032593952,8032608256,14304,0,14304,myelin-exec:__myl_AddSqrDivMulMulTraSliSliNegConMulMulAddRes,649196,649196,2,0,604,31,:27:31:604,----myelin-exec:__myl_AddSqrDivMulMulTraSliSliNegConMulMulAddRes
8032609792,8032613920,4128,0,4128,myelin-exec:__mye726273,649196,649196,2,0,605,31,:27:31:605,----myelin-exec:__mye726273
8032615104,8032617344,2240,0,2240,myelin-exec:__mye726277,649196,649196,2,0,606,31,:27:31:606,----myelin-exec:__mye726277
8032618560,8032637504,18944,0,18944,myelin-exec:_gemm_mha_v2,649196,649196,2,0,607,31,:27:31:607,----myelin-exec:_gemm_mha_v2
8032639200,8032650784,11584,0,11584,myelin-exec:__myl_ResTra,649196,649196,2,0,608,31,:27:31:608,----myelin-exec:__myl_ResTra
8032652224,8032813120,160896,0,160896,myelin-exec:__myl_FcCasAdd,649196,649196,2,0,609,31,:27:31:609,----myelin-exec:__myl_FcCasAdd
8032815264,8032836608,21344,0,21344,myelin-exec:__myl_MulMeaAddSqrDivMulMulMulMinMaxRouCas,649196,649196,2,0,610,31,:27:31:610,----myelin-exec:__myl_MulMeaAddSqrDivMulMulMulMinMaxRouCas
8032838464,8032880480,42016,0,42016,myelin-exec:/up_proj_24/MatMul,649196,649196,2,0,611,31,:27:31:611,----myelin-exec:/up_proj_24/MatMul
8032882656,8033038144,155488,0,155488,myelin-exec:__myl_FcCasNegExpAddDivMulMul,649196,649196,2,0,612,31,:27:31:612,----myelin-exec:__myl_FcCasNegExpAddDivMulMul
8033040288,8033180480,140192,0,140192,myelin-exec:__myl_FcAdd,649196,649196,2,0,613,31,:27:31:613,----myelin-exec:__myl_FcAdd
8033182656,8033201120,18464,0,18464,myelin-exec:__myl_MulMeaAddSqrDivMulMulMinMaxRouCasMulMinMaxRouCasMulMinMaxRouCas,649196,649196,2,0,614,31,:27:31:614,----myelin-exec:__myl_MulMeaAddSqrDivMulMulMinMaxRouCasMulMinMaxRouCasMulMinMaxRouCas
8033203136,8033208416,5280,0,5280,myelin-exec:__mye726279,649196,649196,2,0,615,31,:27:31:615,----myelin-exec:__mye726279
8033209536,8033212512,2976,0,2976,myelin-exec:__mye726281,649196,649196,2,0,616,31,:27:31:616,----myelin-exec:__mye726281
8033213568,8033365440,151872,0,151872,myelin-exec:__myl_FcCas,649196,649196,2,0,617,31,:27:31:617,----myelin-exec:__myl_FcCas
8033367712,8033388672,20960,0,20960,myelin-exec:__myl_ResTraResSliRepRes,649196,649196,2,0,618,31,:27:31:618,----myelin-exec:__myl_ResTraResSliRepRes
8033390496,8033394240,3744,0,3744,myelin-exec:__mye726289,649196,649196,2,0,619,31,:27:31:619,----myelin-exec:__mye726289
8033395712,8033398176,2464,0,2464,myelin-exec:__mye726283,649196,649196,2,0,620,31,:27:31:620,----myelin-exec:__mye726283
8033399104,8033556000,156896,0,156896,myelin-exec:__myl_FcCas,649196,649196,2,0,621,31,:27:31:621,----myelin-exec:__myl_FcCas
8033557696,8033574976,17280,0,17280,myelin-exec:__myl_ResMulMea,649196,649196,2,0,622,31,:27:31:622,----myelin-exec:__myl_ResMulMea
8033576928,8033599296,22368,0,22368,myelin-exec:__myl_AddSqrDivMulMulTraSliSliNegConMulMulAddResSliRepResTraRes,649196,649196,2,0,623,31,:27:31:623,----myelin-exec:__myl_AddSqrDivMulMulTraSliSliNegConMulMulAddResSliRepResTraRes
8033600864,8033604128,3264,0,3264,myelin-exec:__mye726285,649196,649196,2,0,624,31,:27:31:624,----myelin-exec:__mye726285
8033605376,8033759424,154048,0,154048,myelin-exec:__myl_FcCas,649196,649196,2,0,625,31,:27:31:625,----myelin-exec:__myl_FcCas
8033761280,8033783616,22336,0,22336,myelin-exec:__myl_ResMulMea,649196,649196,2,0,626,31,:27:31:626,----myelin-exec:__myl_ResMulMea
8033785472,8033801216,15744,0,15744,myelin-exec:__myl_AddSqrDivMulMulTraSliSliNegConMulMulAddRes,649196,649196,2,0,627,31,:27:31:627,----myelin-exec:__myl_AddSqrDivMulMulTraSliSliNegConMulMulAddRes
8033802528,8033806272,3744,0,3744,myelin-exec:__mye726287,649196,649196,2,0,628,31,:27:31:628,----myelin-exec:__mye726287
8033807168,8033809536,2368,0,2368,myelin-exec:__mye726291,649196,649196,2,0,629,31,:27:31:629,----myelin-exec:__mye726291
8033810464,8033830080,19616,0,19616,myelin-exec:_gemm_mha_v2,649196,649196,2,0,630,31,:27:31:630,----myelin-exec:_gemm_mha_v2
8033831552,8033843072,11520,0,11520,myelin-exec:__myl_ResTra,649196,649196,2,0,631,31,:27:31:631,----myelin-exec:__myl_ResTra
8033844256,8034000576,156320,0,156320,myelin-exec:__myl_FcCasAdd,649196,649196,2,0,632,31,:27:31:632,----myelin-exec:__myl_FcCasAdd
8034003200,8034032896,29696,0,29696,myelin-exec:__myl_MulMeaAddSqrDivMulMulMulMinMaxRouCas,649196,649196,2,0,633,31,:27:31:633,----myelin-exec:__myl_MulMeaAddSqrDivMulMulMulMinMaxRouCas
8034035008,8034083104,48096,0,48096,myelin-exec:/up_proj_25/MatMul,649196,649196,2,0,634,31,:27:31:634,----myelin-exec:/up_proj_25/MatMul
8034085664,8034258848,173184,0,173184,myelin-exec:__myl_FcCasNegExpAddDivMulMul,649196,649196,2,0,635,31,:27:31:635,----myelin-exec:__myl_FcCasNegExpAddDivMulMul
8034261024,8034418688,157664,0,157664,myelin-exec:__myl_FcAdd,649196,649196,2,0,636,31,:27:31:636,----myelin-exec:__myl_FcAdd
8034421056,8034443136,22080,0,22080,myelin-exec:__myl_MulMeaAddSqrDivMulMulMinMaxRouCasMulMinMaxRouCasMulMinMaxRouCas,649196,649196,2,0,637,31,:27:31:637,----myelin-exec:__myl_MulMeaAddSqrDivMulMulMinMaxRouCasMulMinMaxRouCasMulMinMaxRouCas
8034445152,8034450208,5056,0,5056,myelin-exec:__mye726293,649196,649196,2,0,638,31,:27:31:638,----myelin-exec:__mye726293
8034451488,8034454880,3392,0,3392,myelin-exec:__mye726295,649196,649196,2,0,639,31,:27:31:639,----myelin-exec:__mye726295
8034455808,8034608800,152992,0,152992,myelin-exec:__myl_FcCas,649196,649196,2,0,640,31,:27:31:640,----myelin-exec:__myl_FcCas
8034610528,8034636608,26080,0,26080,myelin-exec:__myl_ResTraResSliRepRes,649196,649196,2,0,641,31,:27:31:641,----myelin-exec:__myl_ResTraResSliRepRes
8034638176,8034642816,4640,0,4640,myelin-exec:__mye726303,649196,649196,2,0,642,31,:27:31:642,----myelin-exec:__mye726303
8034644224,8034663840,19616,0,19616,myelin-exec:__mye726297,649196,649196,2,0,643,31,:27:31:643,----myelin-exec:__mye726297
8034665760,8034830496,164736,0,164736,myelin-exec:__myl_FcCas,649196,649196,2,0,644,31,:27:31:644,----myelin-exec:__myl_FcCas
8034832320,8034850784,18464,0,18464,myelin-exec:__myl_ResMulMea,649196,649196,2,0,645,31,:27:31:645,----myelin-exec:__myl_ResMulMea
8034852416,8034877056,24640,0,24640,myelin-exec:__myl_AddSqrDivMulMulTraSliSliNegConMulMulAddResSliRepResTraRes,649196,649196,2,0,646,31,:27:31:646,----myelin-exec:__myl_AddSqrDivMulMulTraSliSliNegConMulMulAddResSliRepResTraRes
8034878976,8034883200,4224,0,4224,myelin-exec:__mye726299,649196,649196,2,0,647,31,:27:31:647,----myelin-exec:__mye726299
8034884352,8035051552,167200,0,167200,myelin-exec:__myl_FcCas,649196,649196,2,0,648,31,:27:31:648,----myelin-exec:__myl_FcCas
8035053440,8035076032,22592,0,22592,myelin-exec:__myl_ResMulMea,649196,649196,2,0,649,31,:27:31:649,----myelin-exec:__myl_ResMulMea
8035077760,8035093696,15936,0,15936,myelin-exec:__myl_AddSqrDivMulMulTraSliSliNegConMulMulAddRes,649196,649196,2,0,650,31,:27:31:650,----myelin-exec:__myl_AddSqrDivMulMulTraSliSliNegConMulMulAddRes
8035095104,8035099104,4000,0,4000,myelin-exec:__mye726301,649196,649196,2,0,651,31,:27:31:651,----myelin-exec:__mye726301
8035100256,8035102240,1984,0,1984,myelin-exec:__mye726305,649196,649196,2,0,652,31,:27:31:652,----myelin-exec:__mye726305
8035103136,8035121472,18336,0,18336,myelin-exec:_gemm_mha_v2,649196,649196,2,0,653,31,:27:31:653,----myelin-exec:_gemm_mha_v2
8035122912,8035134112,11200,0,11200,myelin-exec:__myl_ResTra,649196,649196,2,0,654,31,:27:31:654,----myelin-exec:__myl_ResTra
8035135456,8035295808,160352,0,160352,myelin-exec:__myl_FcCasAdd,649196,649196,2,0,655,31,:27:31:655,----myelin-exec:__myl_FcCasAdd
8035298112,8035325760,27648,0,27648,myelin-exec:__myl_MulMeaAddSqrDivMulMulMulMinMaxRouCas,649196,649196,2,0,656,31,:27:31:656,----myelin-exec:__myl_MulMeaAddSqrDivMulMulMulMinMaxRouCas
8035327808,8035372768,44960,0,44960,myelin-exec:/up_proj_26/MatMul,649196,649196,2,0,657,31,:27:31:657,----myelin-exec:/up_proj_26/MatMul
8035374976,8035533696,158720,0,158720,myelin-exec:__myl_FcCasNegExpAddDivMulMul,649196,649196,2,0,658,31,:27:31:658,----myelin-exec:__myl_FcCasNegExpAddDivMulMul
8035536064,8035689888,153824,0,153824,myelin-exec:__myl_FcAdd,649196,649196,2,0,659,31,:27:31:659,----myelin-exec:__myl_FcAdd
8035692000,8035714208,22208,0,22208,myelin-exec:__myl_MulMeaAddSqrDivMulMulMinMaxRouCasMulMinMaxRouCasMulMinMaxRouCas,649196,649196,2,0,660,31,:27:31:660,----myelin-exec:__myl_MulMeaAddSqrDivMulMulMinMaxRouCasMulMinMaxRouCasMulMinMaxRouCas
8035716224,8035721280,5056,0,5056,myelin-exec:__mye726307,649196,649196,2,0,661,31,:27:31:661,----myelin-exec:__mye726307
8035722240,8035725824,3584,0,3584,myelin-exec:__mye726309,649196,649196,2,0,662,31,:27:31:662,----myelin-exec:__mye726309
8035726912,8035876768,149856,0,149856,myelin-exec:__myl_FcCas,649196,649196,2,0,663,31,:27:31:663,----myelin-exec:__myl_FcCas
8035878880,8035898784,19904,0,19904,myelin-exec:__myl_ResTraResSliRepRes,649196,649196,2,0,664,31,:27:31:664,----myelin-exec:__myl_ResTraResSliRepRes
8035900736,8035905120,4384,0,4384,myelin-exec:__mye726317,649196,649196,2,0,665,31,:27:31:665,----myelin-exec:__mye726317
8035906304,8035909280,2976,0,2976,myelin-exec:__mye726311,649196,649196,2,0,666,31,:27:31:666,----myelin-exec:__mye726311
8035910112,8036063808,153696,0,153696,myelin-exec:__myl_FcCas,649196,649196,2,0,667,31,:27:31:667,----myelin-exec:__myl_FcCas
8036066144,8036084192,18048,0,18048,myelin-exec:__myl_ResMulMea,649196,649196,2,0,668,31,:27:31:668,----myelin-exec:__myl_ResMulMea
8036086272,8036109472,23200,0,23200,myelin-exec:__myl_AddSqrDivMulMulTraSliSliNegConMulMulAddResSliRepResTraRes,649196,649196,2,0,669,31,:27:31:669,----myelin-exec:__myl_AddSqrDivMulMulTraSliSliNegConMulMulAddResSliRepResTraRes
8036110880,8036114560,3680,0,3680,myelin-exec:__mye726313,649196,649196,2,0,670,31,:27:31:670,----myelin-exec:__mye726313
8036115808,8036255264,139456,0,139456,myelin-exec:__myl_FcCas,649196,649196,2,0,671,31,:27:31:671,----myelin-exec:__myl_FcCas
8036257440,8036273568,16128,0,16128,myelin-exec:__myl_ResMulMea,649196,649196,2,0,672,31,:27:31:672,----myelin-exec:__myl_ResMulMea
8036275232,8036288928,13696,0,13696,myelin-exec:__myl_AddSqrDivMulMulTraSliSliNegConMulMulAddRes,649196,649196,2,0,673,31,:27:31:673,----myelin-exec:__myl_AddSqrDivMulMulTraSliSliNegConMulMulAddRes
8036290336,8036293984,3648,0,3648,myelin-exec:__mye726315,649196,649196,2,0,674,31,:27:31:674,----myelin-exec:__mye726315
8036294816,8036296800,1984,0,1984,myelin-exec:__mye726319,649196,649196,2,0,675,31,:27:31:675,----myelin-exec:__mye726319
8036297440,8036324768,27328,0,27328,myelin-exec:_gemm_mha_v2,649196,649196,2,0,676,31,:27:31:676,----myelin-exec:_gemm_mha_v2
8036326048,8036500448,174400,0,174400,myelin-exec:__myl_FcAdd,649196,649196,2,0,677,31,:27:31:677,----myelin-exec:__myl_FcAdd
8036502496,8036526976,24480,0,24480,myelin-exec:__myl_MulMeaAddSqrDivMulMul,649196,649196,2,0,678,31,:27:31:678,----myelin-exec:__myl_MulMeaAddSqrDivMulMul
8036528992,8036534400,5408,0,5408,myelin-exec:__mye726321,649196,649196,2,0,679,31,:27:31:679,----myelin-exec:__mye726321
8036535904,8036585120,49216,0,49216,myelin-exec:/gate_proj_27/MatMul,649196,649196,2,0,680,31,:27:31:680,----myelin-exec:/gate_proj_27/MatMul
8036586592,8036591296,4704,0,4704,myelin-exec:__mye726323,649196,649196,2,0,681,31,:27:31:681,----myelin-exec:__mye726323
8036592608,8036640576,47968,0,47968,myelin-exec:/up_proj_27/MatMul,649196,649196,2,0,682,31,:27:31:682,----myelin-exec:/up_proj_27/MatMul
8036642080,8036645888,3808,0,3808,myelin-exec:__mye726325,649196,649196,2,0,683,31,:27:31:683,----myelin-exec:__mye726325
8036646752,8036649920,3168,0,3168,myelin-exec:__mye726327,649196,649196,2,0,684,31,:27:31:684,----myelin-exec:__mye726327
8036651072,8036673216,22144,0,22144,myelin-exec:__myl_NegExpAddDivMulMul,649196,649196,2,0,685,31,:27:31:685,----myelin-exec:__myl_NegExpAddDivMulMul
8036674720,8036848672,173952,0,173952,myelin-exec:__myl_FcAdd,649196,649196,2,0,686,31,:27:31:686,----myelin-exec:__myl_FcAdd
8441073056,8441299744,226688,147264,79424,TensorRT:ExecutionContext::enqueue,649196,649196,0,1,778,,:778,TensorRT:ExecutionContext::enqueue
8441147008,8441294272,147264,83136,64128,TensorRT:{ForeignNode[/Cast.../Cast_1]},649196,649196,1,2,782,778,:778:782,--TensorRT:{ForeignNode[/Cast.../Cast_1]}
8441195712,8441197632,1920,0,1920,myelin-exec:__mye60_0,649196,649196,2,0,789,782,:778:782:789,----myelin-exec:__mye60_0
8441199040,8441280256,81216,0,81216,myelin-exec:__myl_MovMulMeaAddSqrDivMulMulCas,649196,649196,2,0,790,782,:778:782:790,----myelin-exec:__myl_MovMulMeaAddSqrDivMulMulCas
8448861152,8449106944,245792,186912,58880,TensorRT:ExecutionContext::enqueue,649196,649196,0,1,799,,:799,TensorRT:ExecutionContext::enqueue
8448915648,8449102560,186912,136640,50272,TensorRT:{ForeignNode[onnx::MatMul_4 + ONNXTRT_Broadcast.../MatMul]},649196,649196,1,2,803,799,:799:803,--TensorRT:{ForeignNode[onnx::MatMul_4 + ONNXTRT_Broadcast.../MatMul]}
8448952672,8448954560,1888,0,1888,myelin-exec:__mye31_0,649196,649196,2,0,810,803,:799:803:810,----myelin-exec:__mye31_0
8448955680,8449090432,134752,0,134752,myelin-exec:/MatMul,649196,649196,2,0,811,803,:799:803:811,----myelin-exec:/MatMul
8468400096,8468570368,170272,117408,52864,TensorRT:ExecutionContext::enqueue,649196,649196,0,1,820,,:820,TensorRT:ExecutionContext::enqueue
8468447744,8468565152,117408,72288,45120,TensorRT:{ForeignNode[ONNXTRT_castHelper.../Gather]},649196,649196,1,2,824,820,:820:824,--TensorRT:{ForeignNode[ONNXTRT_castHelper.../Gather]}
8468479424,8468480704,1280,0,1280,myelin-exec:__mye39_0,649196,649196,2,0,831,824,:820:824:831,----myelin-exec:__mye39_0
8468481216,8468552224,71008,0,71008,myelin-exec:__myl_CasGat,649196,649196,2,0,832,824,:820:824:832,----myelin-exec:__myl_CasGat
10347985760,10382689184,34703424,33562400,1141024,TensorRT:ExecutionContext::enqueue,649196,649196,0,1,841,,:841,TensorRT:ExecutionContext::enqueue
10349080640,10382643040,33562400,32081920,1480480,TensorRT:{ForeignNode[/Cast.../Add_111]},649196,649196,1,649,845,841,:841:845,--TensorRT:{ForeignNode[/Cast.../Add_111]}
10349293152,10349295744,2592,0,2592,myelin-exec:__mye181941_0,649196,649196,2,0,852,845,:841:845:852,----myelin-exec:__mye181941_0
10349296960,10349382688,85728,0,85728,myelin-exec:__myl_RepIotIotRepCasAddCasEqlLtOrSel,649196,649196,2,0,853,845,:841:845:853,----myelin-exec:__myl_RepIotIotRepCasAddCasEqlLtOrSel
10349384576,10349412800,28224,0,28224,myelin-exec:__myl_MovMulMeaAddSqrDivMulMulMinMaxRouCasMulMinMaxRouCasMulMinMaxRouCas,649196,649196,2,0,854,845,:841:845:854,----myelin-exec:__myl_MovMulMeaAddSqrDivMulMulMinMaxRouCasMulMinMaxRouCasMulMinMaxRouCas
10349414432,10349427520,13088,0,13088,myelin-exec:__mye725921,649196,649196,2,0,855,845,:841:845:855,----myelin-exec:__mye725921
10349428800,10349438272,9472,0,9472,myelin-exec:__mye725923,649196,649196,2,0,856,845,:841:845:856,----myelin-exec:__mye725923
10349439456,10349657856,218400,0,218400,myelin-exec:__myl_FcCas,649196,649196,2,0,857,845,:841:845:857,----myelin-exec:__myl_FcCas
10349659712,10349701504,41792,0,41792,myelin-exec:__myl_ResTraResSliRepRes,649196,649196,2,0,858,845,:841:845:858,----myelin-exec:__myl_ResTraResSliRepRes
10349702944,10349708064,5120,0,5120,myelin-exec:__mye725931,649196,649196,2,0,859,845,:841:845:859,----myelin-exec:__mye725931
10349709184,10349713184,4000,0,4000,myelin-exec:__mye725925,649196,649196,2,0,860,845,:841:845:860,----myelin-exec:__mye725925
10349714080,10349854944,140864,0,140864,myelin-exec:__myl_FcCas,649196,649196,2,0,861,845,:841:845:861,----myelin-exec:__myl_FcCas
10349856384,10349876928,20544,0,20544,myelin-exec:__myl_ResMulMea,649196,649196,2,0,862,845,:841:845:862,----myelin-exec:__myl_ResMulMea
10349878048,10349881696,3648,0,3648,myelin-exec:__mye725927,649196,649196,2,0,863,845,:841:845:863,----myelin-exec:__mye725927
10349882560,10350011776,129216,0,129216,myelin-exec:__myl_FcCas,649196,649196,2,0,864,845,:841:845:864,----myelin-exec:__myl_FcCas
10350013440,10350034880,21440,0,21440,myelin-exec:__myl_ResMulMea,649196,649196,2,0,865,845,:841:845:865,----myelin-exec:__myl_ResMulMea
10350036192,10350039616,3424,0,3424,myelin-exec:__mye725929,649196,649196,2,0,866,845,:841:845:866,----myelin-exec:__mye725929
10350040384,10350063872,23488,0,23488,myelin-exec:__myl_CasResMulConSinResCosResAddSqrAddSqrDivMulDivMulMulTraSliSliNegConMulMulAddResSliRepResTraEtc,649196,649196,2,0,867,845,:841:845:867,----myelin-exec:__myl_CasResMulConSinResCosResAddSqrAddSqrDivMulDivMulMulTraSliSliNegConMulMulAddResSliRepResTraEtc
10350065056,10350067840,2784,0,2784,myelin-exec:__mye725933,649196,649196,2,0,868,845,:841:845:868,----myelin-exec:__mye725933
10350068896,10350088960,20064,0,20064,myelin-exec:_gemm_mha_v2,649196,649196,2,0,869,845,:841:845:869,----myelin-exec:_gemm_mha_v2
10350089760,10350106816,17056,0,17056,myelin-exec:__myl_ResTra,649196,649196,2,0,870,845,:841:845:870,----myelin-exec:__myl_ResTra
10350107712,10350242752,135040,0,135040,myelin-exec:__myl_FcCasAdd,649196,649196,2,0,871,845,:841:845:871,----myelin-exec:__myl_FcCasAdd
10350244352,10350265376,21024,0,21024,myelin-exec:__myl_MulMeaAddSqrDivMulMulMulMinMaxRouCas,649196,649196,2,0,872,845,:841:845:872,----myelin-exec:__myl_MulMeaAddSqrDivMulMulMulMinMaxRouCas
10350266592,10350349312,82720,0,82720,myelin-exec:/up_proj/MatMul,649196,649196,2,0,873,845,:841:845:873,----myelin-exec:/up_proj/MatMul
10350350912,10350496384,145472,0,145472,myelin-exec:__myl_FcCasNegExpAddDivMulMul,649196,649196,2,0,874,845,:841:845:874,----myelin-exec:__myl_FcCasNegExpAddDivMulMul
10350497888,10350664640,166752,0,166752,myelin-exec:__myl_FcAdd,649196,649196,2,0,875,845,:841:845:875,----myelin-exec:__myl_FcAdd
10350666944,10350694880,27936,0,27936,myelin-exec:__myl_MulMeaAddSqrDivMulMulMinMaxRouCasMulMinMaxRouCasMulMinMaxRouCas,649196,649196,2,0,876,845,:841:845:876,----myelin-exec:__myl_MulMeaAddSqrDivMulMulMinMaxRouCasMulMinMaxRouCasMulMinMaxRouCas
10350696608,10350702400,5792,0,5792,myelin-exec:__mye725935,649196,649196,2,0,877,845,:841:845:877,----myelin-exec:__mye725935
10350703328,10350706976,3648,0,3648,myelin-exec:__mye725937,649196,649196,2,0,878,845,:841:845:878,----myelin-exec:__mye725937
10350708096,10350855072,146976,0,146976,myelin-exec:__myl_FcCas,649196,649196,2,0,879,845,:841:845:879,----myelin-exec:__myl_FcCas
10350857216,10350861728,4512,0,4512,myelin-exec:__mye725939,649196,649196,2,0,880,845,:841:845:880,----myelin-exec:__mye725939
10350862528,10350865600,3072,0,3072,myelin-exec:__mye725941,649196,649196,2,0,881,845,:841:845:881,----myelin-exec:__mye725941
10350866592,10350885632,19040,0,19040,myelin-exec:__myl_ResTraResSliRepRes,649196,649196,2,0,882,845,:841:845:882,----myelin-exec:__myl_ResTraResSliRepRes
10350886880,10350889952,3072,0,3072,myelin-exec:__mye725953,649196,649196,2,0,883,845,:841:845:883,----myelin-exec:__mye725953
10350890656,10350892672,2016,0,2016,myelin-exec:__mye725943,649196,649196,2,0,884,845,:841:845:884,----myelin-exec:__mye725943
10350893600,10351039584,145984,0,145984,myelin-exec:__myl_FcCas,649196,649196,2,0,885,845,:841:845:885,----myelin-exec:__myl_FcCas
10351041248,10351044576,3328,0,3328,myelin-exec:__mye725945,649196,649196,2,0,886,845,:841:845:886,----myelin-exec:__mye725945
10351045536,10351047712,2176,0,2176,myelin-exec:__mye725947,649196,649196,2,0,887,845,:841:845:887,----myelin-exec:__mye725947
10351048864,10351066496,17632,0,17632,myelin-exec:__myl_ResMulMea,649196,649196,2,0,888,845,:841:845:888,----myelin-exec:__myl_ResMulMea
10351067712,10351088352,20640,0,20640,myelin-exec:__myl_AddSqrDivMulMulTraSliSliNegConMulMulAddResSliRepResTraRes,649196,649196,2,0,889,845,:841:845:889,----myelin-exec:__myl_AddSqrDivMulMulTraSliSliNegConMulMulAddResSliRepResTraRes
10351089568,10351092256,2688,0,2688,myelin-exec:__mye725949,649196,649196,2,0,890,845,:841:845:890,----myelin-exec:__mye725949
10351093024,10351222112,129088,0,129088,myelin-exec:__myl_FcCas,649196,649196,2,0,891,845,:841:845:891,----myelin-exec:__myl_FcCas
10351223712,10351238752,15040,0,15040,myelin-exec:__myl_ResMulMea,649196,649196,2,0,892,845,:841:845:892,----myelin-exec:__myl_ResMulMea
10351239968,10351257248,17280,0,17280,myelin-exec:__myl_AddSqrDivMulMulTraSliSliNegConMulMulAddRes,649196,649196,2,0,893,845,:841:845:893,----myelin-exec:__myl_AddSqrDivMulMulTraSliSliNegConMulMulAddRes
10351258304,10351261440,3136,0,3136,myelin-exec:__mye725951,649196,649196,2,0,894,845,:841:845:894,----myelin-exec:__mye725951
10351262080,10351264480,2400,0,2400,myelin-exec:__mye725955,649196,649196,2,0,895,845,:841:845:895,----myelin-exec:__mye725955
10351265152,10351285600,20448,0,20448,myelin-exec:_gemm_mha_v2,649196,649196,2,0,896,845,:841:845:896,----myelin-exec:_gemm_mha_v2
10351286912,10351298208,11296,0,11296,myelin-exec:__myl_ResTra,649196,649196,2,0,897,845,:841:845:897,----myelin-exec:__myl_ResTra
10351299168,10351433472,134304,0,134304,myelin-exec:__myl_FcCasAdd,649196,649196,2,0,898,845,:841:845:898,----myelin-exec:__myl_FcCasAdd
10351434880,10351454528,19648,0,19648,myelin-exec:__myl_MulMeaAddSqrDivMulMulMulMinMaxRouCas,649196,649196,2,0,899,845,:841:845:899,----myelin-exec:__myl_MulMeaAddSqrDivMulMulMulMinMaxRouCas
10351455424,10351509024,53600,0,53600,myelin-exec:/up_proj_1/MatMul,649196,649196,2,0,900,845,:841:845:900,----myelin-exec:/up_proj_1/MatMul
10351511008,10351650048,139040,0,139040,myelin-exec:__myl_FcCasNegExpAddDivMulMul,649196,649196,2,0,901,845,:841:845:901,----myelin-exec:__myl_FcCasNegExpAddDivMulMul
10351651776,10351783936,132160,0,132160,myelin-exec:__myl_FcAdd,649196,649196,2,0,902,845,:841:845:902,----myelin-exec:__myl_FcAdd
10351785472,10351805856,20384,0,20384,myelin-exec:__myl_MulMeaAddSqrDivMulMul,649196,649196,2,0,903,845,:841:845:903,----myelin-exec:__myl_MulMeaAddSqrDivMulMul
10351807424,10351849664,42240,0,42240,myelin-exec:/v_proj_2/MatMul+/k_proj_2/MatMul+/q_proj_2/MatMul,649196,649196,2,0,904,845,:841:845:904,----myelin-exec:/v_proj_2/MatMul+/k_proj_2/MatMul+/q_proj_2/MatMul
10351851072,10351855968,4896,0,4896,myelin-exec:__mye725957,649196,649196,2,0,905,845,:841:845:905,----myelin-exec:__mye725957
10351856864,10351859872,3008,0,3008,myelin-exec:__mye725959,649196,649196,2,0,906,845,:841:845:906,----myelin-exec:__mye725959
10351860992,10351891168,30176,0,30176,myelin-exec:__myl_ResTraResSliRepRes,649196,649196,2,0,907,845,:841:845:907,----myelin-exec:__myl_ResTraResSliRepRes
10351892864,10351896512,3648,0,3648,myelin-exec:__mye725967,649196,649196,2,0,908,845,:841:845:908,----myelin-exec:__mye725967
10351898016,10351900832,2816,0,2816,myelin-exec:__mye725961,649196,649196,2,0,909,845,:841:845:909,----myelin-exec:__mye725961
10351901632,10351927712,26080,0,26080,myelin-exec:__myl_ResMulMea,649196,649196,2,0,910,845,:841:845:910,----myelin-exec:__myl_ResMulMea
10351928960,10351944768,15808,0,15808,myelin-exec:__myl_AddSqrDivMulMulTraSliSliNegConMulMulAddResSliRepResTraRes,649196,649196,2,0,911,845,:841:845:911,----myelin-exec:__myl_AddSqrDivMulMulTraSliSliNegConMulMulAddResSliRepResTraRes
10351946048,10351949088,3040,0,3040,myelin-exec:__mye725963,649196,649196,2,0,912,845,:841:845:912,----myelin-exec:__mye725963
10351949952,10351967840,17888,0,17888,myelin-exec:__myl_ResMulMea,649196,649196,2,0,913,845,:841:845:913,----myelin-exec:__myl_ResMulMea
10351969216,10351980864,11648,0,11648,myelin-exec:__myl_AddSqrDivMulMulTraSliSliNegConMulMulAddRes,649196,649196,2,0,914,845,:841:845:914,----myelin-exec:__myl_AddSqrDivMulMulTraSliSliNegConMulMulAddRes
10351982080,10351985408,3328,0,3328,myelin-exec:__mye725965,649196,649196,2,0,915,845,:841:845:915,----myelin-exec:__mye725965
10351985760,10351987936,2176,0,2176,myelin-exec:__mye725969,649196,649196,2,0,916,845,:841:845:916,----myelin-exec:__mye725969
10351988768,10352005760,16992,0,16992,myelin-exec:_gemm_mha_v2,649196,649196,2,0,917,845,:841:845:917,----myelin-exec:_gemm_mha_v2
10352006656,10352017824,11168,0,11168,myelin-exec:__myl_ResTra,649196,649196,2,0,918,845,:841:845:918,----myelin-exec:__myl_ResTra
10352019200,10352167456,148256,0,148256,myelin-exec:__myl_FcCasAdd,649196,649196,2,0,919,845,:841:845:919,----myelin-exec:__myl_FcCasAdd
10352169184,10352188992,19808,0,19808,myelin-exec:__myl_MulMeaAddSqrDivMulMulMulMinMaxRouCas,649196,649196,2,0,920,845,:841:845:920,----myelin-exec:__myl_MulMeaAddSqrDivMulMulMulMinMaxRouCas
10352190464,10352232224,41760,0,41760,myelin-exec:/up_proj_2/MatMul,649196,649196,2,0,921,845,:841:845:921,----myelin-exec:/up_proj_2/MatMul
10352233984,10352378496,144512,0,144512,myelin-exec:__myl_FcCasNegExpAddDivMulMul,649196,649196,2,0,922,845,:841:845:922,----myelin-exec:__myl_FcCasNegExpAddDivMulMul
10352380000,10352512608,132608,0,132608,myelin-exec:__myl_FcAdd,649196,649196,2,0,923,845,:841:845:923,----myelin-exec:__myl_FcAdd
10352514336,10352532192,17856,0,17856,myelin-exec:__myl_MulMeaAddSqrDivMulMulMinMaxRouCasMulMinMaxRouCasMulMinMaxRouCas,649196,649196,2,0,924,845,:841:845:924,----myelin-exec:__myl_MulMeaAddSqrDivMulMulMinMaxRouCasMulMinMaxRouCasMulMinMaxRouCas
10352533632,10352538048,4416,0,4416,myelin-exec:__mye725971,649196,649196,2,0,925,845,:841:845:925,----myelin-exec:__mye725971
10352539008,10352541824,2816,0,2816,myelin-exec:__mye725973,649196,649196,2,0,926,845,:841:845:926,----myelin-exec:__mye725973
10352542976,10352670464,127488,0,127488,myelin-exec:__myl_FcCas,649196,649196,2,0,927,845,:841:845:927,----myelin-exec:__myl_FcCas
10352672064,10352687488,15424,0,15424,myelin-exec:__myl_ResTraResSliRepRes,649196,649196,2,0,928,845,:841:845:928,----myelin-exec:__myl_ResTraResSliRepRes
10352688992,10352692128,3136,0,3136,myelin-exec:__mye725981,649196,649196,2,0,929,845,:841:845:929,----myelin-exec:__mye725981
10352693088,10352695360,2272,0,2272,myelin-exec:__mye725975,649196,649196,2,0,930,845,:841:845:930,----myelin-exec:__mye725975
10352696096,10352822592,126496,0,126496,myelin-exec:__myl_FcCas,649196,649196,2,0,931,845,:841:845:931,----myelin-exec:__myl_FcCas
10352824224,10352844320,20096,0,20096,myelin-exec:__myl_ResMulMea,649196,649196,2,0,932,845,:841:845:932,----myelin-exec:__myl_ResMulMea
10352845856,10352861408,15552,0,15552,myelin-exec:__myl_AddSqrDivMulMulTraSliSliNegConMulMulAddResSliRepResTraRes,649196,649196,2,0,933,845,:841:845:933,----myelin-exec:__myl_AddSqrDivMulMulTraSliSliNegConMulMulAddResSliRepResTraRes
10352862464,10352865792,3328,0,3328,myelin-exec:__mye725977,649196,649196,2,0,934,845,:841:845:934,----myelin-exec:__mye725977
10352866912,10353006784,139872,0,139872,myelin-exec:__myl_FcCas,649196,649196,2,0,935,845,:841:845:935,----myelin-exec:__myl_FcCas
10353008928,10353023616,14688,0,14688,myelin-exec:__myl_ResMulMea,649196,649196,2,0,936,845,:841:845:936,----myelin-exec:__myl_ResMulMea
10353025056,10353037120,12064,0,12064,myelin-exec:__myl_AddSqrDivMulMulTraSliSliNegConMulMulAddRes,649196,649196,2,0,937,845,:841:845:937,----myelin-exec:__myl_AddSqrDivMulMulTraSliSliNegConMulMulAddRes
10353038400,10353041696,3296,0,3296,myelin-exec:__mye725979,649196,649196,2,0,938,845,:841:845:938,----myelin-exec:__mye725979
10353042112,10353044608,2496,0,2496,myelin-exec:__mye725983,649196,649196,2,0,939,845,:841:845:939,----myelin-exec:__mye725983
10353045472,10353063168,17696,0,17696,myelin-exec:_gemm_mha_v2,649196,649196,2,0,940,845,:841:845:940,----myelin-exec:_gemm_mha_v2
10353064544,10353075360,10816,0,10816,myelin-exec:__myl_ResTra,649196,649196,2,0,941,845,:841:845:941,----myelin-exec:__myl_ResTra
10353076288,10353212480,136192,0,136192,myelin-exec:__myl_FcCasAdd,649196,649196,2,0,942,845,:841:845:942,----myelin-exec:__myl_FcCasAdd
10353214144,10353234432,20288,0,20288,myelin-exec:__myl_MulMeaAddSqrDivMulMulMulMinMaxRouCas,649196,649196,2,0,943,845,:841:845:943,----myelin-exec:__myl_MulMeaAddSqrDivMulMulMulMinMaxRouCas
10353236064,10353275488,39424,0,39424,myelin-exec:/up_proj_3/MatMul,649196,649196,2,0,944,845,:841:845:944,----myelin-exec:/up_proj_3/MatMul
10353277152,10353414720,137568,0,137568,myelin-exec:__myl_FcCasNegExpAddDivMulMul,649196,649196,2,0,945,845,:841:845:945,----myelin-exec:__myl_FcCasNegExpAddDivMulMul
10353416448,10353561696,145248,0,145248,myelin-exec:__myl_FcAdd,649196,649196,2,0,946,845,:841:845:946,----myelin-exec:__myl_FcAdd
10353563264,10353581792,18528,0,18528,myelin-exec:__myl_MulMeaAddSqrDivMulMulMinMaxRouCasMulMinMaxRouCasMulMinMaxRouCas,649196,649196,2,0,947,845,:841:845:947,----myelin-exec:__myl_MulMeaAddSqrDivMulMulMinMaxRouCasMulMinMaxRouCasMulMinMaxRouCas
10353583008,10353587712,4704,0,4704,myelin-exec:__mye725985,649196,649196,2,0,948,845,:841:845:948,----myelin-exec:__mye725985
10353588672,10353591904,3232,0,3232,myelin-exec:__mye725987,649196,649196,2,0,949,845,:841:845:949,----myelin-exec:__mye725987
10353592896,10353735520,142624,0,142624,myelin-exec:__myl_FcCas,649196,649196,2,0,950,845,:841:845:950,----myelin-exec:__myl_FcCas
10353737344,10353753472,16128,0,16128,myelin-exec:__myl_ResTraResSliRepRes,649196,649196,2,0,951,845,:841:845:951,----myelin-exec:__myl_ResTraResSliRepRes
10353754848,10353758784,3936,0,3936,myelin-exec:__mye725995,649196,649196,2,0,952,845,:841:845:952,----myelin-exec:__mye725995
10353759456,10353761888,2432,0,2432,myelin-exec:__mye725989,649196,649196,2,0,953,845,:841:845:953,----myelin-exec:__mye725989
10353762816,10353898176,135360,0,135360,myelin-exec:__myl_FcCas,649196,649196,2,0,954,845,:841:845:954,----myelin-exec:__myl_FcCas
10353899712,10353920032,20320,0,20320,myelin-exec:__myl_ResMulMea,649196,649196,2,0,955,845,:841:845:955,----myelin-exec:__myl_ResMulMea
10353921344,10353936704,15360,0,15360,myelin-exec:__myl_AddSqrDivMulMulTraSliSliNegConMulMulAddResSliRepResTraRes,649196,649196,2,0,956,845,:841:845:956,----myelin-exec:__myl_AddSqrDivMulMulTraSliSliNegConMulMulAddResSliRepResTraRes
10353938272,10353941280,3008,0,3008,myelin-exec:__mye725991,649196,649196,2,0,957,845,:841:845:957,----myelin-exec:__mye725991
10353942080,10354094144,152064,0,152064,myelin-exec:__myl_FcCas,649196,649196,2,0,958,845,:841:845:958,----myelin-exec:__myl_FcCas
10354096224,10354113728,17504,0,17504,myelin-exec:__myl_ResMulMea,649196,649196,2,0,959,845,:841:845:959,----myelin-exec:__myl_ResMulMea
10354115552,10354129472,13920,0,13920,myelin-exec:__myl_AddSqrDivMulMulTraSliSliNegConMulMulAddRes,649196,649196,2,0,960,845,:841:845:960,----myelin-exec:__myl_AddSqrDivMulMulTraSliSliNegConMulMulAddRes
10354130880,10354134208,3328,0,3328,myelin-exec:__mye725993,649196,649196,2,0,961,845,:841:845:961,----myelin-exec:__mye725993
10354135072,10354137056,1984,0,1984,myelin-exec:__mye725997,649196,649196,2,0,962,845,:841:845:962,----myelin-exec:__mye725997
10354137984,10354156864,18880,0,18880,myelin-exec:_gemm_mha_v2,649196,649196,2,0,963,845,:841:845:963,----myelin-exec:_gemm_mha_v2
10354158272,10354170208,11936,0,11936,myelin-exec:__myl_ResTra,649196,649196,2,0,964,845,:841:845:964,----myelin-exec:__myl_ResTra
10354171328,10354311488,140160,0,140160,myelin-exec:__myl_FcCasAdd,649196,649196,2,0,965,845,:841:845:965,----myelin-exec:__myl_FcCasAdd
10354313408,10354333312,19904,0,19904,myelin-exec:__myl_MulMeaAddSqrDivMulMulMulMinMaxRouCas,649196,649196,2,0,966,845,:841:845:966,----myelin-exec:__myl_MulMeaAddSqrDivMulMulMulMinMaxRouCas
10354334752,10354374240,39488,0,39488,myelin-exec:/up_proj_4/MatMul,649196,649196,2,0,967,845,:841:845:967,----myelin-exec:/up_proj_4/MatMul
10354376160,10354518624,142464,0,142464,myelin-exec:__myl_FcCasNegExpAddDivMulMul,649196,649196,2,0,968,845,:841:845:968,----myelin-exec:__myl_FcCasNegExpAddDivMulMul
10354520928,10354686624,165696,0,165696,myelin-exec:__myl_FcAdd,649196,649196,2,0,969,845,:841:845:969,----myelin-exec:__myl_FcAdd
10354688704,10354711456,22752,0,22752,myelin-exec:__myl_MulMeaAddSqrDivMulMulMinMaxRouCasMulMinMaxRouCasMulMinMaxRouCas,649196,649196,2,0,970,845,:841:845:970,----myelin-exec:__myl_MulMeaAddSqrDivMulMulMinMaxRouCasMulMinMaxRouCasMulMinMaxRouCas
10354712992,10354718752,5760,0,5760,myelin-exec:__mye725999,649196,649196,2,0,971,845,:841:845:971,----myelin-exec:__mye725999
10354719360,10354722688,3328,0,3328,myelin-exec:__mye726001,649196,649196,2,0,972,845,:841:845:972,----myelin-exec:__mye726001
10354723680,10354862528,138848,0,138848,myelin-exec:__myl_FcCas,649196,649196,2,0,973,845,:841:845:973,----myelin-exec:__myl_FcCas
10354864416,10354881184,16768,0,16768,myelin-exec:__myl_ResTraResSliRepRes,649196,649196,2,0,974,845,:841:845:974,----myelin-exec:__myl_ResTraResSliRepRes
10354882912,10354885888,2976,0,2976,myelin-exec:__mye726009,649196,649196,2,0,975,845,:841:845:975,----myelin-exec:__mye726009
10354886944,10354889024,2080,0,2080,myelin-exec:__mye726003,649196,649196,2,0,976,845,:841:845:976,----myelin-exec:__mye726003
10354890304,10355028096,137792,0,137792,myelin-exec:__myl_FcCas,649196,649196,2,0,977,845,:841:845:977,----myelin-exec:__myl_FcCas
10355029760,10355050944,21184,0,21184,myelin-exec:__myl_ResMulMea,649196,649196,2,0,978,845,:841:845:978,----myelin-exec:__myl_ResMulMea
10355052576,10355067808,15232,0,15232,myelin-exec:__myl_AddSqrDivMulMulTraSliSliNegConMulMulAddResSliRepResTraRes,649196,649196,2,0,979,845,:841:845:979,----myelin-exec:__myl_AddSqrDivMulMulTraSliSliNegConMulMulAddResSliRepResTraRes
10355069248,10355072352,3104,0,3104,myelin-exec:__mye726005,649196,649196,2,0,980,845,:841:845:980,----myelin-exec:__mye726005
10355073248,10355208512,135264,0,135264,myelin-exec:__myl_FcCas,649196,649196,2,0,981,845,:841:845:981,----myelin-exec:__myl_FcCas
10355210272,10355224832,14560,0,14560,myelin-exec:__myl_ResMulMea,649196,649196,2,0,982,845,:841:845:982,----myelin-exec:__myl_ResMulMea
10355226048,10355238336,12288,0,12288,myelin-exec:__myl_AddSqrDivMulMulTraSliSliNegConMulMulAddRes,649196,649196,2,0,983,845,:841:845:983,----myelin-exec:__myl_AddSqrDivMulMulTraSliSliNegConMulMulAddRes
10355239680,10355242976,3296,0,3296,myelin-exec:__mye726007,649196,649196,2,0,984,845,:841:845:984,----myelin-exec:__mye726007
10355243520,10355245344,1824,0,1824,myelin-exec:__mye726011,649196,649196,2,0,985,845,:841:845:985,----myelin-exec:__mye726011
10355245984,10355262880,16896,0,16896,myelin-exec:_gemm_mha_v2,649196,649196,2,0,986,845,:841:845:986,----myelin-exec:_gemm_mha_v2
10355263840,10355275968,12128,0,12128,myelin-exec:__myl_ResTra,649196,649196,2,0,987,845,:841:845:987,----myelin-exec:__myl_ResTra
10355276864,10355421984,145120,0,145120,myelin-exec:__myl_FcCasAdd,649196,649196,2,0,988,845,:841:845:988,----myelin-exec:__myl_FcCasAdd
10355424352,10355445440,21088,0,21088,myelin-exec:__myl_MulMeaAddSqrDivMulMulMulMinMaxRouCas,649196,649196,2,0,989,845,:841:845:989,----myelin-exec:__myl_MulMeaAddSqrDivMulMulMulMinMaxRouCas
10355446944,10355487488,40544,0,40544,myelin-exec:/up_proj_5/MatMul,649196,649196,2,0,990,845,:841:845:990,----myelin-exec:/up_proj_5/MatMul
10355489184,10355626592,137408,0,137408,myelin-exec:__myl_FcCasNegExpAddDivMulMul,649196,649196,2,0,991,845,:841:845:991,----myelin-exec:__myl_FcCasNegExpAddDivMulMul
10355628256,10355765184,136928,0,136928,myelin-exec:__myl_FcAdd,649196,649196,2,0,992,845,:841:845:992,----myelin-exec:__myl_FcAdd
10355766848,10355784448,17600,0,17600,myelin-exec:__myl_MulMeaAddSqrDivMulMulMinMaxRouCasMulMinMaxRouCasMulMinMaxRouCas,649196,649196,2,0,993,845,:841:845:993,----myelin-exec:__myl_MulMeaAddSqrDivMulMulMinMaxRouCasMulMinMaxRouCasMulMinMaxRouCas
10355785824,10355790208,4384,0,4384,myelin-exec:__mye726013,649196,649196,2,0,994,845,:841:845:994,----myelin-exec:__mye726013
10355790880,10355794144,3264,0,3264,myelin-exec:__mye726015,649196,649196,2,0,995,845,:841:845:995,----myelin-exec:__mye726015
10355794816,10355922944,128128,0,128128,myelin-exec:__myl_FcCas,649196,649196,2,0,996,845,:841:845:996,----myelin-exec:__myl_FcCas
10355924544,10355946176,21632,0,21632,myelin-exec:__myl_ResTraResSliRepRes,649196,649196,2,0,997,845,:841:845:997,----myelin-exec:__myl_ResTraResSliRepRes
10355947776,10355951296,3520,0,3520,myelin-exec:__mye726023,649196,649196,2,0,998,845,:841:845:998,----myelin-exec:__mye726023
10355952608,10355955392,2784,0,2784,myelin-exec:__mye726017,649196,649196,2,0,999,845,:841:845:999,----myelin-exec:__mye726017
10355956512,10356093888,137376,0,137376,myelin-exec:__myl_FcCas,649196,649196,2,0,1000,845,:841:845:1000,----myelin-exec:__myl_FcCas
10356095936,10356116960,21024,0,21024,myelin-exec:__myl_ResMulMea,649196,649196,2,0,1001,845,:841:845:1001,----myelin-exec:__myl_ResMulMea
10356118752,10356134432,15680,0,15680,myelin-exec:__myl_AddSqrDivMulMulTraSliSliNegConMulMulAddResSliRepResTraRes,649196,649196,2,0,1002,845,:841:845:1002,----myelin-exec:__myl_AddSqrDivMulMulTraSliSliNegConMulMulAddResSliRepResTraRes
10356135968,10356139136,3168,0,3168,myelin-exec:__mye726019,649196,649196,2,0,1003,845,:841:845:1003,----myelin-exec:__mye726019
10356139904,10356282464,142560,0,142560,myelin-exec:__myl_FcCas,649196,649196,2,0,1004,845,:841:845:1004,----myelin-exec:__myl_FcCas
10356284320,10356298752,14432,0,14432,myelin-exec:__myl_ResMulMea,649196,649196,2,0,1005,845,:841:845:1005,----myelin-exec:__myl_ResMulMea
10356299680,10356311808,12128,0,12128,myelin-exec:__myl_AddSqrDivMulMulTraSliSliNegConMulMulAddRes,649196,649196,2,0,1006,845,:841:845:1006,----myelin-exec:__myl_AddSqrDivMulMulTraSliSliNegConMulMulAddRes
10356313152,10356316928,3776,0,3776,myelin-exec:__mye726021,649196,649196,2,0,1007,845,:841:845:1007,----myelin-exec:__mye726021
10356317888,10356320320,2432,0,2432,myelin-exec:__mye726025,649196,649196,2,0,1008,845,:841:845:1008,----myelin-exec:__mye726025
10356321184,10356334688,13504,0,13504,myelin-exec:_gemm_mha_v2,649196,649196,2,0,1009,845,:841:845:1009,----myelin-exec:_gemm_mha_v2
10356335840,10356347360,11520,0,11520,myelin-exec:__myl_ResTra,649196,649196,2,0,1010,845,:841:845:1010,----myelin-exec:__myl_ResTra
10356348512,10356491264,142752,0,142752,myelin-exec:__myl_FcCasAdd,649196,649196,2,0,1011,845,:841:845:1011,----myelin-exec:__myl_FcCasAdd
10356493408,10356514688,21280,0,21280,myelin-exec:__myl_MulMeaAddSqrDivMulMulMulMinMaxRouCas,649196,649196,2,0,1012,845,:841:845:1012,----myelin-exec:__myl_MulMeaAddSqrDivMulMulMulMinMaxRouCas
10356515584,10356554336,38752,0,38752,myelin-exec:/up_proj_6/MatMul,649196,649196,2,0,1013,845,:841:845:1013,----myelin-exec:/up_proj_6/MatMul
10356556224,10356701536,145312,0,145312,myelin-exec:__myl_FcCasNegExpAddDivMulMul,649196,649196,2,0,1014,845,:841:845:1014,----myelin-exec:__myl_FcCasNegExpAddDivMulMul
10356703648,10356838624,134976,0,134976,myelin-exec:__myl_FcAdd,649196,649196,2,0,1015,845,:841:845:1015,----myelin-exec:__myl_FcAdd
10356840576,10356857408,16832,0,16832,myelin-exec:__myl_MulMeaAddSqrDivMulMulMinMaxRouCasMulMinMaxRouCasMulMinMaxRouCas,649196,649196,2,0,1016,845,:841:845:1016,----myelin-exec:__myl_MulMeaAddSqrDivMulMulMinMaxRouCasMulMinMaxRouCasMulMinMaxRouCas
10356859072,10356863104,4032,0,4032,myelin-exec:__mye726027,649196,649196,2,0,1017,845,:841:845:1017,----myelin-exec:__mye726027
10356863968,10356866976,3008,0,3008,myelin-exec:__mye726029,649196,649196,2,0,1018,845,:841:845:1018,----myelin-exec:__mye726029
10356867616,10357001888,134272,0,134272,myelin-exec:__myl_FcCas,649196,649196,2,0,1019,845,:841:845:1019,----myelin-exec:__myl_FcCas
10357003968,10357019648,15680,0,15680,myelin-exec:__myl_ResTraResSliRepRes,649196,649196,2,0,1020,845,:841:845:1020,----myelin-exec:__myl_ResTraResSliRepRes
10357021280,10357025760,4480,0,4480,myelin-exec:__mye726037,649196,649196,2,0,1021,845,:841:845:1021,----myelin-exec:__mye726037
10357026560,10357029440,2880,0,2880,myelin-exec:__mye726031,649196,649196,2,0,1022,845,:841:845:1022,----myelin-exec:__mye726031
10357030368,10357162624,132256,0,132256,myelin-exec:__myl_FcCas,649196,649196,2,0,1023,845,:841:845:1023,----myelin-exec:__myl_FcCas
10357164480,10357186528,22048,0,22048,myelin-exec:__myl_ResMulMea,649196,649196,2,0,1024,845,:841:845:1024,----myelin-exec:__myl_ResMulMea
10357188288,10357204640,16352,0,16352,myelin-exec:__myl_AddSqrDivMulMulTraSliSliNegConMulMulAddResSliRepResTraRes,649196,649196,2,0,1025,845,:841:845:1025,----myelin-exec:__myl_AddSqrDivMulMulTraSliSliNegConMulMulAddResSliRepResTraRes
10357205952,10357210368,4416,0,4416,myelin-exec:__mye726033,649196,649196,2,0,1026,845,:841:845:1026,----myelin-exec:__mye726033
10357211520,10357349664,138144,0,138144,myelin-exec:__myl_FcCas,649196,649196,2,0,1027,845,:841:845:1027,----myelin-exec:__myl_FcCas
10357351552,10357366752,15200,0,15200,myelin-exec:__myl_ResMulMea,649196,649196,2,0,1028,845,:841:845:1028,----myelin-exec:__myl_ResMulMea
10357368000,10357379776,11776,0,11776,myelin-exec:__myl_AddSqrDivMulMulTraSliSliNegConMulMulAddRes,649196,649196,2,0,1029,845,:841:845:1029,----myelin-exec:__myl_AddSqrDivMulMulTraSliSliNegConMulMulAddRes
10357380608,10357384160,3552,0,3552,myelin-exec:__mye726035,649196,649196,2,0,1030,845,:841:845:1030,----myelin-exec:__mye726035
10357384896,10357386944,2048,0,2048,myelin-exec:__mye726039,649196,649196,2,0,1031,845,:841:845:1031,----myelin-exec:__mye726039
10357387712,10357405824,18112,0,18112,myelin-exec:_gemm_mha_v2,649196,649196,2,0,1032,845,:841:845:1032,----myelin-exec:_gemm_mha_v2
10357407136,10357418688,11552,0,11552,myelin-exec:__myl_ResTra,649196,649196,2,0,1033,845,:841:845:1033,----myelin-exec:__myl_ResTra
10357419360,10357585312,165952,0,165952,myelin-exec:__myl_FcCasAdd,649196,649196,2,0,1034,845,:841:845:1034,----myelin-exec:__myl_FcCasAdd
10357587328,10357608320,20992,0,20992,myelin-exec:__myl_MulMeaAddSqrDivMulMulMulMinMaxRouCas,649196,649196,2,0,1035,845,:841:845:1035,----myelin-exec:__myl_MulMeaAddSqrDivMulMulMulMinMaxRouCas
10357610048,10357649408,39360,0,39360,myelin-exec:/up_proj_7/MatMul,649196,649196,2,0,1036,845,:841:845:1036,----myelin-exec:/up_proj_7/MatMul
10357651072,10357815968,164896,0,164896,myelin-exec:__myl_FcCasNegExpAddDivMulMul,649196,649196,2,0,1037,845,:841:845:1037,----myelin-exec:__myl_FcCasNegExpAddDivMulMul
10357817728,10357977632,159904,0,159904,myelin-exec:__myl_FcAdd,649196,649196,2,0,1038,845,:841:845:1038,----myelin-exec:__myl_FcAdd
10357979616,10357999328,19712,0,19712,myelin-exec:__myl_MulMeaAddSqrDivMulMulMinMaxRouCasMulMinMaxRouCasMulMinMaxRouCas,649196,649196,2,0,1039,845,:841:845:1039,----myelin-exec:__myl_MulMeaAddSqrDivMulMulMinMaxRouCasMulMinMaxRouCasMulMinMaxRouCas
10358001088,10358006400,5312,0,5312,myelin-exec:__mye726041,649196,649196,2,0,1040,845,:841:845:1040,----myelin-exec:__mye726041
10358007104,10358010496,3392,0,3392,myelin-exec:__mye726043,649196,649196,2,0,1041,845,:841:845:1041,----myelin-exec:__mye726043
10358011168,10358168160,156992,0,156992,myelin-exec:__myl_FcCas,649196,649196,2,0,1042,845,:841:845:1042,----myelin-exec:__myl_FcCas
10358170528,10358192160,21632,0,21632,myelin-exec:__myl_ResTraResSliRepRes,649196,649196,2,0,1043,845,:841:845:1043,----myelin-exec:__myl_ResTraResSliRepRes
10358193952,10358197696,3744,0,3744,myelin-exec:__mye726051,649196,649196,2,0,1044,845,:841:845:1044,----myelin-exec:__mye726051
10358198240,10358200384,2144,0,2144,myelin-exec:__mye726045,649196,649196,2,0,1045,845,:841:845:1045,----myelin-exec:__mye726045
10358201184,10358358496,157312,0,157312,myelin-exec:__myl_FcCas,649196,649196,2,0,1046,845,:841:845:1046,----myelin-exec:__myl_FcCas
10358360736,10358387936,27200,0,27200,myelin-exec:__myl_ResMulMea,649196,649196,2,0,1047,845,:841:845:1047,----myelin-exec:__myl_ResMulMea
10358389888,10358409280,19392,0,19392,myelin-exec:__myl_AddSqrDivMulMulTraSliSliNegConMulMulAddResSliRepResTraRes,649196,649196,2,0,1048,845,:841:845:1048,----myelin-exec:__myl_AddSqrDivMulMulTraSliSliNegConMulMulAddResSliRepResTraRes
10358410976,10358414432,3456,0,3456,myelin-exec:__mye726047,649196,649196,2,0,1049,845,:841:845:1049,----myelin-exec:__mye726047
10358415296,10358576704,161408,0,161408,myelin-exec:__myl_FcCas,649196,649196,2,0,1050,845,:841:845:1050,----myelin-exec:__myl_FcCas
10358578880,10358610368,31488,0,31488,myelin-exec:__myl_ResMulMea,649196,649196,2,0,1051,845,:841:845:1051,----myelin-exec:__myl_ResMulMea
10358612224,10358629440,17216,0,17216,myelin-exec:__myl_AddSqrDivMulMulTraSliSliNegConMulMulAddRes,649196,649196,2,0,1052,845,:841:845:1052,----myelin-exec:__myl_AddSqrDivMulMulTraSliSliNegConMulMulAddRes
10358631072,10358635040,3968,0,3968,myelin-exec:__mye726049,649196,649196,2,0,1053,845,:841:845:1053,----myelin-exec:__mye726049
10358635936,10358638048,2112,0,2112,myelin-exec:__mye726053,649196,649196,2,0,1054,845,:841:845:1054,----myelin-exec:__mye726053
10358638656,10358659168,20512,0,20512,myelin-exec:_gemm_mha_v2,649196,649196,2,0,1055,845,:841:845:1055,----myelin-exec:_gemm_mha_v2
10358660672,10358827136,166464,0,166464,myelin-exec:__myl_FcAdd,649196,649196,2,0,1056,845,:841:845:1056,----myelin-exec:__myl_FcAdd
10358829248,10358851712,22464,0,22464,myelin-exec:__myl_MulMeaAddSqrDivMulMulMulMinMaxRouCas,649196,649196,2,0,1057,845,:841:845:1057,----myelin-exec:__myl_MulMeaAddSqrDivMulMulMulMinMaxRouCas
10358853376,10358893984,40608,0,40608,myelin-exec:/up_proj_8/MatMul,649196,649196,2,0,1058,845,:841:845:1058,----myelin-exec:/up_proj_8/MatMul
10358895392,10359053408,158016,0,158016,myelin-exec:__myl_FcCasNegExpAddDivMulMul,649196,649196,2,0,1059,845,:841:845:1059,----myelin-exec:__myl_FcCasNegExpAddDivMulMul
10359055520,10359223648,168128,0,168128,myelin-exec:__myl_FcAdd,649196,649196,2,0,1060,845,:841:845:1060,----myelin-exec:__myl_FcAdd
10359225568,10359249120,23552,0,23552,myelin-exec:__myl_MulMeaAddSqrDivMulMulMinMaxRouCasMulMinMaxRouCasMulMinMaxRouCas,649196,649196,2,0,1061,845,:841:845:1061,----myelin-exec:__myl_MulMeaAddSqrDivMulMulMinMaxRouCasMulMinMaxRouCasMulMinMaxRouCas
10359250496,10359255808,5312,0,5312,myelin-exec:__mye726055,649196,649196,2,0,1062,845,:841:845:1062,----myelin-exec:__mye726055
10359256960,10359260448,3488,0,3488,myelin-exec:__mye726057,649196,649196,2,0,1063,845,:841:845:1063,----myelin-exec:__mye726057
10359261504,10359418112,156608,0,156608,myelin-exec:__myl_FcCas,649196,649196,2,0,1064,845,:841:845:1064,----myelin-exec:__myl_FcCas
10359420384,10359440032,19648,0,19648,myelin-exec:__myl_ResTraResSliRepRes,649196,649196,2,0,1065,845,:841:845:1065,----myelin-exec:__myl_ResTraResSliRepRes
10359441664,10359444992,3328,0,3328,myelin-exec:__mye726065,649196,649196,2,0,1066,845,:841:845:1066,----myelin-exec:__mye726065
10359445792,10359448256,2464,0,2464,myelin-exec:__mye726059,649196,649196,2,0,1067,845,:841:845:1067,----myelin-exec:__mye726059
10359449184,10359612384,163200,0,163200,myelin-exec:__myl_FcCas,649196,649196,2,0,1068,845,:841:845:1068,----myelin-exec:__myl_FcCas
10359614528,10359640992,26464,0,26464,myelin-exec:__myl_ResMulMea,649196,649196,2,0,1069,845,:841:845:1069,----myelin-exec:__myl_ResMulMea
10359642752,10359662240,19488,0,19488,myelin-exec:__myl_AddSqrDivMulMulTraSliSliNegConMulMulAddResSliRepResTraRes,649196,649196,2,0,1070,845,:841:845:1070,----myelin-exec:__myl_AddSqrDivMulMulTraSliSliNegConMulMulAddResSliRepResTraRes
10359663872,10359668352,4480,0,4480,myelin-exec:__mye726061,649196,649196,2,0,1071,845,:841:845:1071,----myelin-exec:__mye726061
10359669376,10359830912,161536,0,161536,myelin-exec:__myl_FcCas,649196,649196,2,0,1072,845,:841:845:1072,----myelin-exec:__myl_FcCas
10359833152,10359850496,17344,0,17344,myelin-exec:__myl_ResMulMea,649196,649196,2,0,1073,845,:841:845:1073,----myelin-exec:__myl_ResMulMea
10359852128,10359866304,14176,0,14176,myelin-exec:__myl_AddSqrDivMulMulTraSliSliNegConMulMulAddRes,649196,649196,2,0,1074,845,:841:845:1074,----myelin-exec:__myl_AddSqrDivMulMulTraSliSliNegConMulMulAddRes
10359867648,10359872096,4448,0,4448,myelin-exec:__mye726063,649196,649196,2,0,1075,845,:841:845:1075,----myelin-exec:__mye726063
10359873024,10359875264,2240,0,2240,myelin-exec:__mye726067,649196,649196,2,0,1076,845,:841:845:1076,----myelin-exec:__mye726067
10359875904,10359895776,19872,0,19872,myelin-exec:_gemm_mha_v2,649196,649196,2,0,1077,845,:841:845:1077,----myelin-exec:_gemm_mha_v2
10359896832,10359909152,12320,0,12320,myelin-exec:__myl_ResTra,649196,649196,2,0,1078,845,:841:845:1078,----myelin-exec:__myl_ResTra
10359910496,10360055360,144864,0,144864,myelin-exec:__myl_FcCasAdd,649196,649196,2,0,1079,845,:841:845:1079,----myelin-exec:__myl_FcCasAdd
10360057504,10360077856,20352,0,20352,myelin-exec:__myl_MulMeaAddSqrDivMulMulMulMinMaxRouCas,649196,649196,2,0,1080,845,:841:845:1080,----myelin-exec:__myl_MulMeaAddSqrDivMulMulMulMinMaxRouCas
10360079264,10360118208,38944,0,38944,myelin-exec:/up_proj_9/MatMul,649196,649196,2,0,1081,845,:841:845:1081,----myelin-exec:/up_proj_9/MatMul
10360119712,10360277504,157792,0,157792,myelin-exec:__myl_FcCasNegExpAddDivMulMul,649196,649196,2,0,1082,845,:841:845:1082,----myelin-exec:__myl_FcCasNegExpAddDivMulMul
10360279392,10360433696,154304,0,154304,myelin-exec:__myl_FcAdd,649196,649196,2,0,1083,845,:841:845:1083,----myelin-exec:__myl_FcAdd
10360435552,10360459008,23456,0,23456,myelin-exec:__myl_MulMeaAddSqrDivMulMulMinMaxRouCasMulMinMaxRouCasMulMinMaxRouCas,649196,649196,2,0,1084,845,:841:845:1084,----myelin-exec:__myl_MulMeaAddSqrDivMulMulMinMaxRouCasMulMinMaxRouCasMulMinMaxRouCas
10360460480,10360465888,5408,0,5408,myelin-exec:__mye726069,649196,649196,2,0,1085,845,:841:845:1085,----myelin-exec:__mye726069
10360466912,10360470496,3584,0,3584,myelin-exec:__mye726071,649196,649196,2,0,1086,845,:841:845:1086,----myelin-exec:__mye726071
10360471936,10360617856,145920,0,145920,myelin-exec:__myl_FcCas,649196,649196,2,0,1087,845,:841:845:1087,----myelin-exec:__myl_FcCas
10360619744,10360645376,25632,0,25632,myelin-exec:__myl_ResTraResSliRepRes,649196,649196,2,0,1088,845,:841:845:1088,----myelin-exec:__myl_ResTraResSliRepRes
10360647296,10360652064,4768,0,4768,myelin-exec:__mye726079,649196,649196,2,0,1089,845,:841:845:1089,----myelin-exec:__mye726079
10360653024,10360656320,3296,0,3296,myelin-exec:__mye726073,649196,649196,2,0,1090,845,:841:845:1090,----myelin-exec:__mye726073
10360657632,10360837920,180288,0,180288,myelin-exec:__myl_FcCas,649196,649196,2,0,1091,845,:841:845:1091,----myelin-exec:__myl_FcCas
10360840096,10360861856,21760,0,21760,myelin-exec:__myl_ResMulMea,649196,649196,2,0,1092,845,:841:845:1092,----myelin-exec:__myl_ResMulMea
10360863616,10360881632,18016,0,18016,myelin-exec:__myl_AddSqrDivMulMulTraSliSliNegConMulMulAddResSliRepResTraRes,649196,649196,2,0,1093,845,:841:845:1093,----myelin-exec:__myl_AddSqrDivMulMulTraSliSliNegConMulMulAddResSliRepResTraRes
10360882912,10360886656,3744,0,3744,myelin-exec:__mye726075,649196,649196,2,0,1094,845,:841:845:1094,----myelin-exec:__mye726075
10360887648,10361044128,156480,0,156480,myelin-exec:__myl_FcCas,649196,649196,2,0,1095,845,:841:845:1095,----myelin-exec:__myl_FcCas
10361046176,10361063200,17024,0,17024,myelin-exec:__myl_ResMulMea,649196,649196,2,0,1096,845,:841:845:1096,----myelin-exec:__myl_ResMulMea
10361064896,10361079232,14336,0,14336,myelin-exec:__myl_AddSqrDivMulMulTraSliSliNegConMulMulAddRes,649196,649196,2,0,1097,845,:841:845:1097,----myelin-exec:__myl_AddSqrDivMulMulTraSliSliNegConMulMulAddRes
10361080864,10361084480,3616,0,3616,myelin-exec:__mye726077,649196,649196,2,0,1098,845,:841:845:1098,----myelin-exec:__mye726077
10361085408,10361087296,1888,0,1888,myelin-exec:__mye726081,649196,649196,2,0,1099,845,:841:845:1099,----myelin-exec:__mye726081
10361088256,10361106912,18656,0,18656,myelin-exec:_gemm_mha_v2,649196,649196,2,0,1100,845,:841:845:1100,----myelin-exec:_gemm_mha_v2
10361108256,10361119840,11584,0,11584,myelin-exec:__myl_ResTra,649196,649196,2,0,1101,845,:841:845:1101,----myelin-exec:__myl_ResTra
10361121024,10361292032,171008,0,171008,myelin-exec:__myl_FcCasAdd,649196,649196,2,0,1102,845,:841:845:1102,----myelin-exec:__myl_FcCasAdd
10361293920,10361316832,22912,0,22912,myelin-exec:__myl_MulMeaAddSqrDivMulMulMulMinMaxRouCas,649196,649196,2,0,1103,845,:841:845:1103,----myelin-exec:__myl_MulMeaAddSqrDivMulMulMulMinMaxRouCas
10361318816,10361360096,41280,0,41280,myelin-exec:/up_proj_10/MatMul,649196,649196,2,0,1104,845,:841:845:1104,----myelin-exec:/up_proj_10/MatMul
10361361600,10361499520,137920,0,137920,myelin-exec:__myl_FcCasNegExpAddDivMulMul,649196,649196,2,0,1105,845,:841:845:1105,----myelin-exec:__myl_FcCasNegExpAddDivMulMul
10361501344,10361657312,155968,0,155968,myelin-exec:__myl_FcAdd,649196,649196,2,0,1106,845,:841:845:1106,----myelin-exec:__myl_FcAdd
10361659168,10361681984,22816,0,22816,myelin-exec:__myl_MulMeaAddSqrDivMulMulMinMaxRouCasMulMinMaxRouCasMulMinMaxRouCas,649196,649196,2,0,1107,845,:841:845:1107,----myelin-exec:__myl_MulMeaAddSqrDivMulMulMinMaxRouCasMulMinMaxRouCasMulMinMaxRouCas
10361683776,10361688544,4768,0,4768,myelin-exec:__mye726083,649196,649196,2,0,1108,845,:841:845:1108,----myelin-exec:__mye726083
10361689216,10361692288,3072,0,3072,myelin-exec:__mye726085,649196,649196,2,0,1109,845,:841:845:1109,----myelin-exec:__mye726085
10361693312,10361843328,150016,0,150016,myelin-exec:__myl_FcCas,649196,649196,2,0,1110,845,:841:845:1110,----myelin-exec:__myl_FcCas
10361845472,10361861824,16352,0,16352,myelin-exec:__myl_ResTraResSliRepRes,649196,649196,2,0,1111,845,:841:845:1111,----myelin-exec:__myl_ResTraResSliRepRes
10361863584,10361867648,4064,0,4064,myelin-exec:__mye726093,649196,649196,2,0,1112,845,:841:845:1112,----myelin-exec:__mye726093
10361868704,10361871296,2592,0,2592,myelin-exec:__mye726087,649196,649196,2,0,1113,845,:841:845:1113,----myelin-exec:__mye726087
10361872192,10362023744,151552,0,151552,myelin-exec:__myl_FcCas,649196,649196,2,0,1114,845,:841:845:1114,----myelin-exec:__myl_FcCas
10362025536,10362044000,18464,0,18464,myelin-exec:__myl_ResMulMea,649196,649196,2,0,1115,845,:841:845:1115,----myelin-exec:__myl_ResMulMea
10362045792,10362063488,17696,0,17696,myelin-exec:__myl_AddSqrDivMulMulTraSliSliNegConMulMulAddResSliRepResTraRes,649196,649196,2,0,1116,845,:841:845:1116,----myelin-exec:__myl_AddSqrDivMulMulTraSliSliNegConMulMulAddResSliRepResTraRes
10362065248,10362069056,3808,0,3808,myelin-exec:__mye726089,649196,649196,2,0,1117,845,:841:845:1117,----myelin-exec:__mye726089
10362070080,10362214560,144480,0,144480,myelin-exec:__myl_FcCas,649196,649196,2,0,1118,845,:841:845:1118,----myelin-exec:__myl_FcCas
10362216800,10362231872,15072,0,15072,myelin-exec:__myl_ResMulMea,649196,649196,2,0,1119,845,:841:845:1119,----myelin-exec:__myl_ResMulMea
10362233440,10362247040,13600,0,13600,myelin-exec:__myl_AddSqrDivMulMulTraSliSliNegConMulMulAddRes,649196,649196,2,0,1120,845,:841:845:1120,----myelin-exec:__myl_AddSqrDivMulMulTraSliSliNegConMulMulAddRes
10362248832,10362252864,4032,0,4032,myelin-exec:__mye726091,649196,649196,2,0,1121,845,:841:845:1121,----myelin-exec:__mye726091
10362254144,10362256288,2144,0,2144,myelin-exec:__mye726095,649196,649196,2,0,1122,845,:841:845:1122,----myelin-exec:__mye726095
10362257152,10362276032,18880,0,18880,myelin-exec:_gemm_mha_v2,649196,649196,2,0,1123,845,:841:845:1123,----myelin-exec:_gemm_mha_v2
10362277408,10362289376,11968,0,11968,myelin-exec:__myl_ResTra,649196,649196,2,0,1124,845,:841:845:1124,----myelin-exec:__myl_ResTra
10362290656,10362448672,158016,0,158016,myelin-exec:__myl_FcCasAdd,649196,649196,2,0,1125,845,:841:845:1125,----myelin-exec:__myl_FcCasAdd
10362451136,10362473856,22720,0,22720,myelin-exec:__myl_MulMeaAddSqrDivMulMulMulMinMaxRouCas,649196,649196,2,0,1126,845,:841:845:1126,----myelin-exec:__myl_MulMeaAddSqrDivMulMulMulMinMaxRouCas
10362475616,10362516000,40384,0,40384,myelin-exec:/up_proj_11/MatMul,649196,649196,2,0,1127,845,:841:845:1127,----myelin-exec:/up_proj_11/MatMul
10362517632,10362695904,178272,0,178272,myelin-exec:__myl_FcCasNegExpAddDivMulMul,649196,649196,2,0,1128,845,:841:845:1128,----myelin-exec:__myl_FcCasNegExpAddDivMulMul
10362698016,10362854784,156768,0,156768,myelin-exec:__myl_FcAdd,649196,649196,2,0,1129,845,:841:845:1129,----myelin-exec:__myl_FcAdd
10362857056,10362879424,22368,0,22368,myelin-exec:__myl_MulMeaAddSqrDivMulMulMinMaxRouCasMulMinMaxRouCasMulMinMaxRouCas,649196,649196,2,0,1130,845,:841:845:1130,----myelin-exec:__myl_MulMeaAddSqrDivMulMulMinMaxRouCasMulMinMaxRouCasMulMinMaxRouCas
10362880832,10362886144,5312,0,5312,myelin-exec:__mye726097,649196,649196,2,0,1131,845,:841:845:1131,----myelin-exec:__mye726097
10362887136,10362890656,3520,0,3520,myelin-exec:__mye726099,649196,649196,2,0,1132,845,:841:845:1132,----myelin-exec:__mye726099
10362891616,10363046176,154560,0,154560,myelin-exec:__myl_FcCas,649196,649196,2,0,1133,845,:841:845:1133,----myelin-exec:__myl_FcCas
10363048096,10363065664,17568,0,17568,myelin-exec:__myl_ResTraResSliRepRes,649196,649196,2,0,1134,845,:841:845:1134,----myelin-exec:__myl_ResTraResSliRepRes
10363067296,10363071616,4320,0,4320,myelin-exec:__mye726107,649196,649196,2,0,1135,845,:841:845:1135,----myelin-exec:__mye726107
10363072800,10363075744,2944,0,2944,myelin-exec:__mye726101,649196,649196,2,0,1136,845,:841:845:1136,----myelin-exec:__mye726101
10363077216,10363221280,144064,0,144064,myelin-exec:__myl_FcCas,649196,649196,2,0,1137,845,:841:845:1137,----myelin-exec:__myl_FcCas
10363223200,10363242336,19136,0,19136,myelin-exec:__myl_ResMulMea,649196,649196,2,0,1138,845,:841:845:1138,----myelin-exec:__myl_ResMulMea
10363243968,10363262336,18368,0,18368,myelin-exec:__myl_AddSqrDivMulMulTraSliSliNegConMulMulAddResSliRepResTraRes,649196,649196,2,0,1139,845,:841:845:1139,----myelin-exec:__myl_AddSqrDivMulMulTraSliSliNegConMulMulAddResSliRepResTraRes
10363263776,10363267008,3232,0,3232,myelin-exec:__mye726103,649196,649196,2,0,1140,845,:841:845:1140,----myelin-exec:__mye726103
10363268288,10363418496,150208,0,150208,myelin-exec:__myl_FcCas,649196,649196,2,0,1141,845,:841:845:1141,----myelin-exec:__myl_FcCas
10363420384,10363439520,19136,0,19136,myelin-exec:__myl_ResMulMea,649196,649196,2,0,1142,845,:841:845:1142,----myelin-exec:__myl_ResMulMea
10363441440,10363456416,14976,0,14976,myelin-exec:__myl_AddSqrDivMulMulTraSliSliNegConMulMulAddRes,649196,649196,2,0,1143,845,:841:845:1143,----myelin-exec:__myl_AddSqrDivMulMulTraSliSliNegConMulMulAddRes
10363457472,10363461024,3552,0,3552,myelin-exec:__mye726105,649196,649196,2,0,1144,845,:841:845:1144,----myelin-exec:__mye726105
10363461984,10363463680,1696,0,1696,myelin-exec:__mye726109,649196,649196,2,0,1145,845,:841:845:1145,----myelin-exec:__mye726109
10363464768,10363482976,18208,0,18208,myelin-exec:_gemm_mha_v2,649196,649196,2,0,1146,845,:841:845:1146,----myelin-exec:_gemm_mha_v2
10363484384,10363496320,11936,0,11936,myelin-exec:__myl_ResTra,649196,649196,2,0,1147,845,:841:845:1147,----myelin-exec:__myl_ResTra
10363497760,10363647392,149632,0,149632,myelin-exec:__myl_FcCasAdd,649196,649196,2,0,1148,845,:841:845:1148,----myelin-exec:__myl_FcCasAdd
10363649440,10363666880,17440,0,17440,myelin-exec:__myl_MulMeaAddSqrDivMulMulMulMinMaxRouCas,649196,649196,2,0,1149,845,:841:845:1149,----myelin-exec:__myl_MulMeaAddSqrDivMulMulMulMinMaxRouCas
10363668768,10363709792,41024,0,41024,myelin-exec:/up_proj_12/MatMul,649196,649196,2,0,1150,845,:841:845:1150,----myelin-exec:/up_proj_12/MatMul
10363711680,10363868672,156992,0,156992,myelin-exec:__myl_FcCasNegExpAddDivMulMul,649196,649196,2,0,1151,845,:841:845:1151,----myelin-exec:__myl_FcCasNegExpAddDivMulMul
10363870304,10364040768,170464,0,170464,myelin-exec:__myl_FcAdd,649196,649196,2,0,1152,845,:841:845:1152,----myelin-exec:__myl_FcAdd
10364043104,10364067680,24576,0,24576,myelin-exec:__myl_MulMeaAddSqrDivMulMulMinMaxRouCasMulMinMaxRouCasMulMinMaxRouCas,649196,649196,2,0,1153,845,:841:845:1153,----myelin-exec:__myl_MulMeaAddSqrDivMulMulMinMaxRouCasMulMinMaxRouCasMulMinMaxRouCas
10364069696,10364075776,6080,0,6080,myelin-exec:__mye726111,649196,649196,2,0,1154,845,:841:845:1154,----myelin-exec:__mye726111
10364076896,10364080448,3552,0,3552,myelin-exec:__mye726113,649196,649196,2,0,1155,845,:841:845:1155,----myelin-exec:__mye726113
10364081600,10364237440,155840,0,155840,myelin-exec:__myl_FcCas,649196,649196,2,0,1156,845,:841:845:1156,----myelin-exec:__myl_FcCas
10364239616,10364261728,22112,0,22112,myelin-exec:__myl_ResTraResSliRepRes,649196,649196,2,0,1157,845,:841:845:1157,----myelin-exec:__myl_ResTraResSliRepRes
10364263264,10364267392,4128,0,4128,myelin-exec:__mye726121,649196,649196,2,0,1158,845,:841:845:1158,----myelin-exec:__mye726121
10364268416,10364271296,2880,0,2880,myelin-exec:__mye726115,649196,649196,2,0,1159,845,:841:845:1159,----myelin-exec:__mye726115
10364272224,10364432640,160416,0,160416,myelin-exec:__myl_FcCas,649196,649196,2,0,1160,845,:841:845:1160,----myelin-exec:__myl_FcCas
10364434784,10364453888,19104,0,19104,myelin-exec:__myl_ResMulMea,649196,649196,2,0,1161,845,:841:845:1161,----myelin-exec:__myl_ResMulMea
10364455904,10364475904,20000,0,20000,myelin-exec:__myl_AddSqrDivMulMulTraSliSliNegConMulMulAddResSliRepResTraRes,649196,649196,2,0,1162,845,:841:845:1162,----myelin-exec:__myl_AddSqrDivMulMulTraSliSliNegConMulMulAddResSliRepResTraRes
10364477600,10364481472,3872,0,3872,myelin-exec:__mye726117,649196,649196,2,0,1163,845,:841:845:1163,----myelin-exec:__mye726117
10364482464,10364625536,143072,0,143072,myelin-exec:__myl_FcCas,649196,649196,2,0,1164,845,:841:845:1164,----myelin-exec:__myl_FcCas
10364627744,10364644896,17152,0,17152,myelin-exec:__myl_ResMulMea,649196,649196,2,0,1165,845,:841:845:1165,----myelin-exec:__myl_ResMulMea
10364646624,10364660960,14336,0,14336,myelin-exec:__myl_AddSqrDivMulMulTraSliSliNegConMulMulAddRes,649196,649196,2,0,1166,845,:841:845:1166,----myelin-exec:__myl_AddSqrDivMulMulTraSliSliNegConMulMulAddRes
10364662304,10364666304,4000,0,4000,myelin-exec:__mye726119,649196,649196,2,0,1167,845,:841:845:1167,----myelin-exec:__mye726119
10364667232,10364669312,2080,0,2080,myelin-exec:__mye726123,649196,649196,2,0,1168,845,:841:845:1168,----myelin-exec:__mye726123
10364670048,10364688640,18592,0,18592,myelin-exec:_gemm_mha_v2,649196,649196,2,0,1169,845,:841:845:1169,----myelin-exec:_gemm_mha_v2
10364689568,10364701248,11680,0,11680,myelin-exec:__myl_ResTra,649196,649196,2,0,1170,845,:841:845:1170,----myelin-exec:__myl_ResTra
10364702656,10364860512,157856,0,157856,myelin-exec:__myl_FcCasAdd,649196,649196,2,0,1171,845,:841:845:1171,----myelin-exec:__myl_FcCasAdd
10364862944,10364883424,20480,0,20480,myelin-exec:__myl_MulMeaAddSqrDivMulMulMulMinMaxRouCas,649196,649196,2,0,1172,845,:841:845:1172,----myelin-exec:__myl_MulMeaAddSqrDivMulMulMulMinMaxRouCas
10364885056,10364927840,42784,0,42784,myelin-exec:/up_proj_13/MatMul,649196,649196,2,0,1173,845,:841:845:1173,----myelin-exec:/up_proj_13/MatMul
10364929664,10365088960,159296,0,159296,myelin-exec:__myl_FcCasNegExpAddDivMulMul,649196,649196,2,0,1174,845,:841:845:1174,----myelin-exec:__myl_FcCasNegExpAddDivMulMul
10365090944,10365253056,162112,0,162112,myelin-exec:__myl_FcAdd,649196,649196,2,0,1175,845,:841:845:1175,----myelin-exec:__myl_FcAdd
10365255392,10365277216,21824,0,21824,myelin-exec:__myl_MulMeaAddSqrDivMulMulMinMaxRouCasMulMinMaxRouCasMulMinMaxRouCas,649196,649196,2,0,1176,845,:841:845:1176,----myelin-exec:__myl_MulMeaAddSqrDivMulMulMinMaxRouCasMulMinMaxRouCasMulMinMaxRouCas
10365279168,10365284352,5184,0,5184,myelin-exec:__mye726125,649196,649196,2,0,1177,845,:841:845:1177,----myelin-exec:__mye726125
10365285248,10365288416,3168,0,3168,myelin-exec:__mye726127,649196,649196,2,0,1178,845,:841:845:1178,----myelin-exec:__mye726127
10365289376,10365433632,144256,0,144256,myelin-exec:__myl_FcCas,649196,649196,2,0,1179,845,:841:845:1179,----myelin-exec:__myl_FcCas
10365435552,10365459456,23904,0,23904,myelin-exec:__myl_ResTraResSliRepRes,649196,649196,2,0,1180,845,:841:845:1180,----myelin-exec:__myl_ResTraResSliRepRes
10365461568,10365466176,4608,0,4608,myelin-exec:__mye726135,649196,649196,2,0,1181,845,:841:845:1181,----myelin-exec:__mye726135
10365467136,10365470560,3424,0,3424,myelin-exec:__mye726129,649196,649196,2,0,1182,845,:841:845:1182,----myelin-exec:__mye726129
10365471872,10365634624,162752,0,162752,myelin-exec:__myl_FcCas,649196,649196,2,0,1183,845,:841:845:1183,----myelin-exec:__myl_FcCas
10365637024,10365656064,19040,0,19040,myelin-exec:__myl_ResMulMea,649196,649196,2,0,1184,845,:841:845:1184,----myelin-exec:__myl_ResMulMea
10365658080,10365675680,17600,0,17600,myelin-exec:__myl_AddSqrDivMulMulTraSliSliNegConMulMulAddResSliRepResTraRes,649196,649196,2,0,1185,845,:841:845:1185,----myelin-exec:__myl_AddSqrDivMulMulTraSliSliNegConMulMulAddResSliRepResTraRes
10365677344,10365680864,3520,0,3520,myelin-exec:__mye726131,649196,649196,2,0,1186,845,:841:845:1186,----myelin-exec:__mye726131
10365682112,10365841408,159296,0,159296,myelin-exec:__myl_FcCas,649196,649196,2,0,1187,845,:841:845:1187,----myelin-exec:__myl_FcCas
10365843200,10365864256,21056,0,21056,myelin-exec:__myl_ResMulMea,649196,649196,2,0,1188,845,:841:845:1188,----myelin-exec:__myl_ResMulMea
10365865760,10365882048,16288,0,16288,myelin-exec:__myl_AddSqrDivMulMulTraSliSliNegConMulMulAddRes,649196,649196,2,0,1189,845,:841:845:1189,----myelin-exec:__myl_AddSqrDivMulMulTraSliSliNegConMulMulAddRes
10365883232,10365887232,4000,0,4000,myelin-exec:__mye726133,649196,649196,2,0,1190,845,:841:845:1190,----myelin-exec:__mye726133
10365888416,10365890304,1888,0,1888,myelin-exec:__mye726137,649196,649196,2,0,1191,845,:841:845:1191,----myelin-exec:__mye726137
10365891200,10365906080,14880,0,14880,myelin-exec:_gemm_mha_v2,649196,649196,2,0,1192,845,:841:845:1192,----myelin-exec:_gemm_mha_v2
10365907648,10366070720,163072,0,163072,myelin-exec:__myl_FcAdd,649196,649196,2,0,1193,845,:841:845:1193,----myelin-exec:__myl_FcAdd
10366072736,10366094144,21408,0,21408,myelin-exec:__myl_MulMeaAddSqrDivMulMulMulMinMaxRouCas,649196,649196,2,0,1194,845,:841:845:1194,----myelin-exec:__myl_MulMeaAddSqrDivMulMulMulMinMaxRouCas
10366095680,10366136736,41056,0,41056,myelin-exec:/up_proj_14/MatMul,649196,649196,2,0,1195,845,:841:845:1195,----myelin-exec:/up_proj_14/MatMul
10366138304,10366294976,156672,0,156672,myelin-exec:__myl_FcCasNegExpAddDivMulMul,649196,649196,2,0,1196,845,:841:845:1196,----myelin-exec:__myl_FcCasNegExpAddDivMulMul
10366297216,10366451424,154208,0,154208,myelin-exec:__myl_FcAdd,649196,649196,2,0,1197,845,:841:845:1197,----myelin-exec:__myl_FcAdd
10366453344,10366477088,23744,0,23744,myelin-exec:__myl_MulMeaAddSqrDivMulMulMinMaxRouCasMulMinMaxRouCasMulMinMaxRouCas,649196,649196,2,0,1198,845,:841:845:1198,----myelin-exec:__myl_MulMeaAddSqrDivMulMulMinMaxRouCasMulMinMaxRouCasMulMinMaxRouCas
10366479008,10366484416,5408,0,5408,myelin-exec:__mye726139,649196,649196,2,0,1199,845,:841:845:1199,----myelin-exec:__mye726139
10366485440,10366489088,3648,0,3648,myelin-exec:__mye726141,649196,649196,2,0,1200,845,:841:845:1200,----myelin-exec:__mye726141
10366490112,10366653120,163008,0,163008,myelin-exec:__myl_FcCas,649196,649196,2,0,1201,845,:841:845:1201,----myelin-exec:__myl_FcCas
10366655424,10366675424,20000,0,20000,myelin-exec:__myl_ResTraResSliRepRes,649196,649196,2,0,1202,845,:841:845:1202,----myelin-exec:__myl_ResTraResSliRepRes
10366676992,10366681216,4224,0,4224,myelin-exec:__mye726149,649196,649196,2,0,1203,845,:841:845:1203,----myelin-exec:__mye726149
10366682112,10366684736,2624,0,2624,myelin-exec:__mye726143,649196,649196,2,0,1204,845,:841:845:1204,----myelin-exec:__mye726143
10366685760,10366844672,158912,0,158912,myelin-exec:__myl_FcCas,649196,649196,2,0,1205,845,:841:845:1205,----myelin-exec:__myl_FcCas
10366846592,10366868960,22368,0,22368,myelin-exec:__myl_ResMulMea,649196,649196,2,0,1206,845,:841:845:1206,----myelin-exec:__myl_ResMulMea
10366870784,10366889056,18272,0,18272,myelin-exec:__myl_AddSqrDivMulMulTraSliSliNegConMulMulAddResSliRepResTraRes,649196,649196,2,0,1207,845,:841:845:1207,----myelin-exec:__myl_AddSqrDivMulMulTraSliSliNegConMulMulAddResSliRepResTraRes
10366890720,10366894560,3840,0,3840,myelin-exec:__mye726145,649196,649196,2,0,1208,845,:841:845:1208,----myelin-exec:__mye726145
10366895456,10367029472,134016,0,134016,myelin-exec:__myl_FcCas,649196,649196,2,0,1209,845,:841:845:1209,----myelin-exec:__myl_FcCas
10367031456,10367046048,14592,0,14592,myelin-exec:__myl_ResMulMea,649196,649196,2,0,1210,845,:841:845:1210,----myelin-exec:__myl_ResMulMea
10367047680,10367060768,13088,0,13088,myelin-exec:__myl_AddSqrDivMulMulTraSliSliNegConMulMulAddRes,649196,649196,2,0,1211,845,:841:845:1211,----myelin-exec:__myl_AddSqrDivMulMulTraSliSliNegConMulMulAddRes
10367062208,10367066240,4032,0,4032,myelin-exec:__mye726147,649196,649196,2,0,1212,845,:841:845:1212,----myelin-exec:__mye726147
10367066976,10367069152,2176,0,2176,myelin-exec:__mye726151,649196,649196,2,0,1213,845,:841:845:1213,----myelin-exec:__mye726151
10367069696,10367089056,19360,0,19360,myelin-exec:_gemm_mha_v2,649196,649196,2,0,1214,845,:841:845:1214,----myelin-exec:_gemm_mha_v2
10367090656,10367103232,12576,0,12576,myelin-exec:__myl_ResTra,649196,649196,2,0,1215,845,:841:845:1215,----myelin-exec:__myl_ResTra
10367104448,10367275040,170592,0,170592,myelin-exec:__myl_FcCasAdd,649196,649196,2,0,1216,845,:841:845:1216,----myelin-exec:__myl_FcCasAdd
10367277344,10367301696,24352,0,24352,myelin-exec:__myl_MulMeaAddSqrDivMulMulMulMinMaxRouCas,649196,649196,2,0,1217,845,:841:845:1217,----myelin-exec:__myl_MulMeaAddSqrDivMulMulMulMinMaxRouCas
10367303360,10367345408,42048,0,42048,myelin-exec:/up_proj_15/MatMul,649196,649196,2,0,1218,845,:841:845:1218,----myelin-exec:/up_proj_15/MatMul
10367347008,10367503680,156672,0,156672,myelin-exec:__myl_FcCasNegExpAddDivMulMul,649196,649196,2,0,1219,845,:841:845:1219,----myelin-exec:__myl_FcCasNegExpAddDivMulMul
10367505984,10367647392,141408,0,141408,myelin-exec:__myl_FcAdd,649196,649196,2,0,1220,845,:841:845:1220,----myelin-exec:__myl_FcAdd
10367649568,10367669088,19520,0,19520,myelin-exec:__myl_MulMeaAddSqrDivMulMulMinMaxRouCasMulMinMaxRouCasMulMinMaxRouCas,649196,649196,2,0,1221,845,:841:845:1221,----myelin-exec:__myl_MulMeaAddSqrDivMulMulMinMaxRouCasMulMinMaxRouCasMulMinMaxRouCas
10367670592,10367675904,5312,0,5312,myelin-exec:__mye726153,649196,649196,2,0,1222,845,:841:845:1222,----myelin-exec:__mye726153
10367677184,10367680768,3584,0,3584,myelin-exec:__mye726155,649196,649196,2,0,1223,845,:841:845:1223,----myelin-exec:__mye726155
10367681696,10367842720,161024,0,161024,myelin-exec:__myl_FcCas,649196,649196,2,0,1224,845,:841:845:1224,----myelin-exec:__myl_FcCas
10367844896,10367867584,22688,0,22688,myelin-exec:__myl_ResTraResSliRepRes,649196,649196,2,0,1225,845,:841:845:1225,----myelin-exec:__myl_ResTraResSliRepRes
10367869280,10367873856,4576,0,4576,myelin-exec:__mye726163,649196,649196,2,0,1226,845,:841:845:1226,----myelin-exec:__mye726163
10367874944,10367877568,2624,0,2624,myelin-exec:__mye726157,649196,649196,2,0,1227,845,:841:845:1227,----myelin-exec:__mye726157
10367878528,10368049248,170720,0,170720,myelin-exec:__myl_FcCas,649196,649196,2,0,1228,845,:841:845:1228,----myelin-exec:__myl_FcCas
10368051584,10368070720,19136,0,19136,myelin-exec:__myl_ResMulMea,649196,649196,2,0,1229,845,:841:845:1229,----myelin-exec:__myl_ResMulMea
10368072448,10368090144,17696,0,17696,myelin-exec:__myl_AddSqrDivMulMulTraSliSliNegConMulMulAddResSliRepResTraRes,649196,649196,2,0,1230,845,:841:845:1230,----myelin-exec:__myl_AddSqrDivMulMulTraSliSliNegConMulMulAddResSliRepResTraRes
10368091520,10368095808,4288,0,4288,myelin-exec:__mye726159,649196,649196,2,0,1231,845,:841:845:1231,----myelin-exec:__mye726159
10368097056,10368234784,137728,0,137728,myelin-exec:__myl_FcCas,649196,649196,2,0,1232,845,:841:845:1232,----myelin-exec:__myl_FcCas
10368236448,10368251680,15232,0,15232,myelin-exec:__myl_ResMulMea,649196,649196,2,0,1233,845,:841:845:1233,----myelin-exec:__myl_ResMulMea
10368253312,10368265984,12672,0,12672,myelin-exec:__myl_AddSqrDivMulMulTraSliSliNegConMulMulAddRes,649196,649196,2,0,1234,845,:841:845:1234,----myelin-exec:__myl_AddSqrDivMulMulTraSliSliNegConMulMulAddRes
10368267136,10368271424,4288,0,4288,myelin-exec:__mye726161,649196,649196,2,0,1235,845,:841:845:1235,----myelin-exec:__mye726161
10368272320,10368275104,2784,0,2784,myelin-exec:__mye726165,649196,649196,2,0,1236,845,:841:845:1236,----myelin-exec:__mye726165
10368276096,10368294304,18208,0,18208,myelin-exec:_gemm_mha_v2,649196,649196,2,0,1237,845,:841:845:1237,----myelin-exec:_gemm_mha_v2
10368295520,10368307136,11616,0,11616,myelin-exec:__myl_ResTra,649196,649196,2,0,1238,845,:841:845:1238,----myelin-exec:__myl_ResTra
10368307840,10368458912,151072,0,151072,myelin-exec:__myl_FcCasAdd,649196,649196,2,0,1239,845,:841:845:1239,----myelin-exec:__myl_FcCasAdd
10368461248,10368482656,21408,0,21408,myelin-exec:__myl_MulMeaAddSqrDivMulMulMulMinMaxRouCas,649196,649196,2,0,1240,845,:841:845:1240,----myelin-exec:__myl_MulMeaAddSqrDivMulMulMulMinMaxRouCas
10368484096,10368524320,40224,0,40224,myelin-exec:/up_proj_16/MatMul,649196,649196,2,0,1241,845,:841:845:1241,----myelin-exec:/up_proj_16/MatMul
10368525888,10368695200,169312,0,169312,myelin-exec:__myl_FcCasNegExpAddDivMulMul,649196,649196,2,0,1242,845,:841:845:1242,----myelin-exec:__myl_FcCasNegExpAddDivMulMul
10368697152,10368840448,143296,0,143296,myelin-exec:__myl_FcAdd,649196,649196,2,0,1243,845,:841:845:1243,----myelin-exec:__myl_FcAdd
10368842560,10368861376,18816,0,18816,myelin-exec:__myl_MulMeaAddSqrDivMulMulMinMaxRouCasMulMinMaxRouCasMulMinMaxRouCas,649196,649196,2,0,1244,845,:841:845:1244,----myelin-exec:__myl_MulMeaAddSqrDivMulMulMinMaxRouCasMulMinMaxRouCasMulMinMaxRouCas
10368863232,10368868512,5280,0,5280,myelin-exec:__mye726167,649196,649196,2,0,1245,845,:841:845:1245,----myelin-exec:__mye726167
10368869184,10368872704,3520,0,3520,myelin-exec:__mye726169,649196,649196,2,0,1246,845,:841:845:1246,----myelin-exec:__mye726169
10368873888,10369034272,160384,0,160384,myelin-exec:__myl_FcCas,649196,649196,2,0,1247,845,:841:845:1247,----myelin-exec:__myl_FcCas
10369036448,10369059328,22880,0,22880,myelin-exec:__myl_ResTraResSliRepRes,649196,649196,2,0,1248,845,:841:845:1248,----myelin-exec:__myl_ResTraResSliRepRes
10369061344,10369066080,4736,0,4736,myelin-exec:__mye726177,649196,649196,2,0,1249,845,:841:845:1249,----myelin-exec:__mye726177
10369067136,10369070080,2944,0,2944,myelin-exec:__mye726171,649196,649196,2,0,1250,845,:841:845:1250,----myelin-exec:__mye726171
10369071232,10369238464,167232,0,167232,myelin-exec:__myl_FcCas,649196,649196,2,0,1251,845,:841:845:1251,----myelin-exec:__myl_FcCas
10369240576,10369262368,21792,0,21792,myelin-exec:__myl_ResMulMea,649196,649196,2,0,1252,845,:841:845:1252,----myelin-exec:__myl_ResMulMea
10369264256,10369283008,18752,0,18752,myelin-exec:__myl_AddSqrDivMulMulTraSliSliNegConMulMulAddResSliRepResTraRes,649196,649196,2,0,1253,845,:841:845:1253,----myelin-exec:__myl_AddSqrDivMulMulTraSliSliNegConMulMulAddResSliRepResTraRes
10369284736,10369287840,3104,0,3104,myelin-exec:__mye726173,649196,649196,2,0,1254,845,:841:845:1254,----myelin-exec:__mye726173
10369289440,10369445664,156224,0,156224,myelin-exec:__myl_FcCas,649196,649196,2,0,1255,845,:841:845:1255,----myelin-exec:__myl_FcCas
10369448000,10369466112,18112,0,18112,myelin-exec:__myl_ResMulMea,649196,649196,2,0,1256,845,:841:845:1256,----myelin-exec:__myl_ResMulMea
10369468160,10369482528,14368,0,14368,myelin-exec:__myl_AddSqrDivMulMulTraSliSliNegConMulMulAddRes,649196,649196,2,0,1257,845,:841:845:1257,----myelin-exec:__myl_AddSqrDivMulMulTraSliSliNegConMulMulAddRes
10369483872,10369488000,4128,0,4128,myelin-exec:__mye726175,649196,649196,2,0,1258,845,:841:845:1258,----myelin-exec:__mye726175
10369489088,10369491328,2240,0,2240,myelin-exec:__mye726179,649196,649196,2,0,1259,845,:841:845:1259,----myelin-exec:__mye726179
10369492480,10369510880,18400,0,18400,myelin-exec:_gemm_mha_v2,649196,649196,2,0,1260,845,:841:845:1260,----myelin-exec:_gemm_mha_v2
10369512416,10369523904,11488,0,11488,myelin-exec:__myl_ResTra,649196,649196,2,0,1261,845,:841:845:1261,----myelin-exec:__myl_ResTra
10369525216,10369681664,156448,0,156448,myelin-exec:__myl_FcCasAdd,649196,649196,2,0,1262,845,:841:845:1262,----myelin-exec:__myl_FcCasAdd
10369683712,10369704864,21152,0,21152,myelin-exec:__myl_MulMeaAddSqrDivMulMulMulMinMaxRouCas,649196,649196,2,0,1263,845,:841:845:1263,----myelin-exec:__myl_MulMeaAddSqrDivMulMulMulMinMaxRouCas
10369706656,10369749824,43168,0,43168,myelin-exec:/up_proj_17/MatMul,649196,649196,2,0,1264,845,:841:845:1264,----myelin-exec:/up_proj_17/MatMul
10369751552,10369912608,161056,0,161056,myelin-exec:__myl_FcCasNegExpAddDivMulMul,649196,649196,2,0,1265,845,:841:845:1265,----myelin-exec:__myl_FcCasNegExpAddDivMulMul
10369914816,10370074720,159904,0,159904,myelin-exec:__myl_FcAdd,649196,649196,2,0,1266,845,:841:845:1266,----myelin-exec:__myl_FcAdd
10370076800,10370097536,20736,0,20736,myelin-exec:__myl_MulMeaAddSqrDivMulMulMinMaxRouCasMulMinMaxRouCasMulMinMaxRouCas,649196,649196,2,0,1267,845,:841:845:1267,----myelin-exec:__myl_MulMeaAddSqrDivMulMulMinMaxRouCasMulMinMaxRouCasMulMinMaxRouCas
10370099584,10370104896,5312,0,5312,myelin-exec:__mye726181,649196,649196,2,0,1268,845,:841:845:1268,----myelin-exec:__mye726181
10370105856,10370109024,3168,0,3168,myelin-exec:__mye726183,649196,649196,2,0,1269,845,:841:845:1269,----myelin-exec:__mye726183
10370110144,10370256800,146656,0,146656,myelin-exec:__myl_FcCas,649196,649196,2,0,1270,845,:841:845:1270,----myelin-exec:__myl_FcCas
10370258880,10370281600,22720,0,22720,myelin-exec:__myl_ResTraResSliRepRes,649196,649196,2,0,1271,845,:841:845:1271,----myelin-exec:__myl_ResTraResSliRepRes
10370283360,10370286912,3552,0,3552,myelin-exec:__mye726191,649196,649196,2,0,1272,845,:841:845:1272,----myelin-exec:__mye726191
10370287840,10370290464,2624,0,2624,myelin-exec:__mye726185,649196,649196,2,0,1273,845,:841:845:1273,----myelin-exec:__mye726185
10370291616,10370458752,167136,0,167136,myelin-exec:__myl_FcCas,649196,649196,2,0,1274,845,:841:845:1274,----myelin-exec:__myl_FcCas
10370461216,10370480960,19744,0,19744,myelin-exec:__myl_ResMulMea,649196,649196,2,0,1275,845,:841:845:1275,----myelin-exec:__myl_ResMulMea
10370482592,10370500160,17568,0,17568,myelin-exec:__myl_AddSqrDivMulMulTraSliSliNegConMulMulAddResSliRepResTraRes,649196,649196,2,0,1276,845,:841:845:1276,----myelin-exec:__myl_AddSqrDivMulMulTraSliSliNegConMulMulAddResSliRepResTraRes
10370501664,10370506144,4480,0,4480,myelin-exec:__mye726187,649196,649196,2,0,1277,845,:841:845:1277,----myelin-exec:__mye726187
10370507296,10370681792,174496,0,174496,myelin-exec:__myl_FcCas,649196,649196,2,0,1278,845,:841:845:1278,----myelin-exec:__myl_FcCas
10370683840,10370705152,21312,0,21312,myelin-exec:__myl_ResMulMea,649196,649196,2,0,1279,845,:841:845:1279,----myelin-exec:__myl_ResMulMea
10370706880,10370722528,15648,0,15648,myelin-exec:__myl_AddSqrDivMulMulTraSliSliNegConMulMulAddRes,649196,649196,2,0,1280,845,:841:845:1280,----myelin-exec:__myl_AddSqrDivMulMulTraSliSliNegConMulMulAddRes
10370723872,10370727744,3872,0,3872,myelin-exec:__mye726189,649196,649196,2,0,1281,845,:841:845:1281,----myelin-exec:__mye726189
10370729088,10370731328,2240,0,2240,myelin-exec:__mye726193,649196,649196,2,0,1282,845,:841:845:1282,----myelin-exec:__mye726193
10370732544,10370752608,20064,0,20064,myelin-exec:_gemm_mha_v2,649196,649196,2,0,1283,845,:841:845:1283,----myelin-exec:_gemm_mha_v2
10370753760,10370766176,12416,0,12416,myelin-exec:__myl_ResTra,649196,649196,2,0,1284,845,:841:845:1284,----myelin-exec:__myl_ResTra
10370767360,10370938464,171104,0,171104,myelin-exec:__myl_FcCasAdd,649196,649196,2,0,1285,845,:841:845:1285,----myelin-exec:__myl_FcCasAdd
10370940032,10370965056,25024,0,25024,myelin-exec:__myl_MulMeaAddSqrDivMulMulMulMinMaxRouCas,649196,649196,2,0,1286,845,:841:845:1286,----myelin-exec:__myl_MulMeaAddSqrDivMulMulMulMinMaxRouCas
10370966592,10371014368,47776,0,47776,myelin-exec:/up_proj_18/MatMul,649196,649196,2,0,1287,845,:841:845:1287,----myelin-exec:/up_proj_18/MatMul
10371016352,10371181280,164928,0,164928,myelin-exec:__myl_FcCasNegExpAddDivMulMul,649196,649196,2,0,1288,845,:841:845:1288,----myelin-exec:__myl_FcCasNegExpAddDivMulMul
10371183328,10371348480,165152,0,165152,myelin-exec:__myl_FcAdd,649196,649196,2,0,1289,845,:841:845:1289,----myelin-exec:__myl_FcAdd
10371350624,10371375616,24992,0,24992,myelin-exec:__myl_MulMeaAddSqrDivMulMulMinMaxRouCasMulMinMaxRouCasMulMinMaxRouCas,649196,649196,2,0,1290,845,:841:845:1290,----myelin-exec:__myl_MulMeaAddSqrDivMulMulMinMaxRouCasMulMinMaxRouCasMulMinMaxRouCas
10371377184,10371382560,5376,0,5376,myelin-exec:__mye726195,649196,649196,2,0,1291,845,:841:845:1291,----myelin-exec:__mye726195
10371383584,10371386784,3200,0,3200,myelin-exec:__mye726197,649196,649196,2,0,1292,845,:841:845:1292,----myelin-exec:__mye726197
10371387904,10371535136,147232,0,147232,myelin-exec:__myl_FcCas,649196,649196,2,0,1293,845,:841:845:1293,----myelin-exec:__myl_FcCas
10371536992,10371557312,20320,0,20320,myelin-exec:__myl_ResTraResSliRepRes,649196,649196,2,0,1294,845,:841:845:1294,----myelin-exec:__myl_ResTraResSliRepRes
10371558880,10371562624,3744,0,3744,myelin-exec:__mye726205,649196,649196,2,0,1295,845,:841:845:1295,----myelin-exec:__mye726205
10371563776,10371566016,2240,0,2240,myelin-exec:__mye726199,649196,649196,2,0,1296,845,:841:845:1296,----myelin-exec:__mye726199
10371566784,10371716384,149600,0,149600,myelin-exec:__myl_FcCas,649196,649196,2,0,1297,845,:841:845:1297,----myelin-exec:__myl_FcCas
10371718592,10371736512,17920,0,17920,myelin-exec:__myl_ResMulMea,649196,649196,2,0,1298,845,:841:845:1298,----myelin-exec:__myl_ResMulMea
10371738048,10371755168,17120,0,17120,myelin-exec:__myl_AddSqrDivMulMulTraSliSliNegConMulMulAddResSliRepResTraRes,649196,649196,2,0,1299,845,:841:845:1299,----myelin-exec:__myl_AddSqrDivMulMulTraSliSliNegConMulMulAddResSliRepResTraRes
10371756480,10371760320,3840,0,3840,myelin-exec:__mye726201,649196,649196,2,0,1300,845,:841:845:1300,----myelin-exec:__mye726201
10371761184,10371896096,134912,0,134912,myelin-exec:__myl_FcCas,649196,649196,2,0,1301,845,:841:845:1301,----myelin-exec:__myl_FcCas
10371897856,10371911936,14080,0,14080,myelin-exec:__myl_ResMulMea,649196,649196,2,0,1302,845,:841:845:1302,----myelin-exec:__myl_ResMulMea
10371913088,10371924480,11392,0,11392,myelin-exec:__myl_AddSqrDivMulMulTraSliSliNegConMulMulAddRes,649196,649196,2,0,1303,845,:841:845:1303,----myelin-exec:__myl_AddSqrDivMulMulTraSliSliNegConMulMulAddRes
10371925600,10371929152,3552,0,3552,myelin-exec:__mye726203,649196,649196,2,0,1304,845,:841:845:1304,----myelin-exec:__mye726203
10371929856,10371932096,2240,0,2240,myelin-exec:__mye726207,649196,649196,2,0,1305,845,:841:845:1305,----myelin-exec:__mye726207
10371932992,10371950208,17216,0,17216,myelin-exec:_gemm_mha_v2,649196,649196,2,0,1306,845,:841:845:1306,----myelin-exec:_gemm_mha_v2
10371951296,10371962080,10784,0,10784,myelin-exec:__myl_ResTra,649196,649196,2,0,1307,845,:841:845:1307,----myelin-exec:__myl_ResTra
10371963232,10372127136,163904,0,163904,myelin-exec:__myl_FcCasAdd,649196,649196,2,0,1308,845,:841:845:1308,----myelin-exec:__myl_FcCasAdd
10372129120,10372150496,21376,0,21376,myelin-exec:__myl_MulMeaAddSqrDivMulMulMulMinMaxRouCas,649196,649196,2,0,1309,845,:841:845:1309,----myelin-exec:__myl_MulMeaAddSqrDivMulMulMulMinMaxRouCas
10372151776,10372193856,42080,0,42080,myelin-exec:/up_proj_19/MatMul,649196,649196,2,0,1310,845,:841:845:1310,----myelin-exec:/up_proj_19/MatMul
10372195840,10372362816,166976,0,166976,myelin-exec:__myl_FcCasNegExpAddDivMulMul,649196,649196,2,0,1311,845,:841:845:1311,----myelin-exec:__myl_FcCasNegExpAddDivMulMul
10372364864,10372524640,159776,0,159776,myelin-exec:__myl_FcAdd,649196,649196,2,0,1312,845,:841:845:1312,----myelin-exec:__myl_FcAdd
10372526752,10372550720,23968,0,23968,myelin-exec:__myl_MulMeaAddSqrDivMulMulMinMaxRouCasMulMinMaxRouCasMulMinMaxRouCas,649196,649196,2,0,1313,845,:841:845:1313,----myelin-exec:__myl_MulMeaAddSqrDivMulMulMinMaxRouCasMulMinMaxRouCasMulMinMaxRouCas
10372552736,10372557504,4768,0,4768,myelin-exec:__mye726209,649196,649196,2,0,1314,845,:841:845:1314,----myelin-exec:__mye726209
10372558368,10372561600,3232,0,3232,myelin-exec:__mye726211,649196,649196,2,0,1315,845,:841:845:1315,----myelin-exec:__mye726211
10372562688,10372705184,142496,0,142496,myelin-exec:__myl_FcCas,649196,649196,2,0,1316,845,:841:845:1316,----myelin-exec:__myl_FcCas
10372707136,10372726816,19680,0,19680,myelin-exec:__myl_ResTraResSliRepRes,649196,649196,2,0,1317,845,:841:845:1317,----myelin-exec:__myl_ResTraResSliRepRes
10372728352,10372731584,3232,0,3232,myelin-exec:__mye726219,649196,649196,2,0,1318,845,:841:845:1318,----myelin-exec:__mye726219
10372732704,10372734944,2240,0,2240,myelin-exec:__mye726213,649196,649196,2,0,1319,845,:841:845:1319,----myelin-exec:__mye726213
10372735680,10372889248,153568,0,153568,myelin-exec:__myl_FcCas,649196,649196,2,0,1320,845,:841:845:1320,----myelin-exec:__myl_FcCas
10372891552,10372909568,18016,0,18016,myelin-exec:__myl_ResMulMea,649196,649196,2,0,1321,845,:841:845:1321,----myelin-exec:__myl_ResMulMea
10372911328,10372927680,16352,0,16352,myelin-exec:__myl_AddSqrDivMulMulTraSliSliNegConMulMulAddResSliRepResTraRes,649196,649196,2,0,1322,845,:841:845:1322,----myelin-exec:__myl_AddSqrDivMulMulTraSliSliNegConMulMulAddResSliRepResTraRes
10372928768,10372932192,3424,0,3424,myelin-exec:__mye726215,649196,649196,2,0,1323,845,:841:845:1323,----myelin-exec:__mye726215
10372932896,10373081312,148416,0,148416,myelin-exec:__myl_FcCas,649196,649196,2,0,1324,845,:841:845:1324,----myelin-exec:__myl_FcCas
10373083360,10373102752,19392,0,19392,myelin-exec:__myl_ResMulMea,649196,649196,2,0,1325,845,:841:845:1325,----myelin-exec:__myl_ResMulMea
10373104384,10373119584,15200,0,15200,myelin-exec:__myl_AddSqrDivMulMulTraSliSliNegConMulMulAddRes,649196,649196,2,0,1326,845,:841:845:1326,----myelin-exec:__myl_AddSqrDivMulMulTraSliSliNegConMulMulAddRes
10373121024,10373125184,4160,0,4160,myelin-exec:__mye726217,649196,649196,2,0,1327,845,:841:845:1327,----myelin-exec:__mye726217
10373126240,10373128288,2048,0,2048,myelin-exec:__mye726221,649196,649196,2,0,1328,845,:841:845:1328,----myelin-exec:__mye726221
10373129088,10373148128,19040,0,19040,myelin-exec:_gemm_mha_v2,649196,649196,2,0,1329,845,:841:845:1329,----myelin-exec:_gemm_mha_v2
10373149536,10373161760,12224,0,12224,myelin-exec:__myl_ResTra,649196,649196,2,0,1330,845,:841:845:1330,----myelin-exec:__myl_ResTra
10373162944,10373322112,159168,0,159168,myelin-exec:__myl_FcCasAdd,649196,649196,2,0,1331,845,:841:845:1331,----myelin-exec:__myl_FcCasAdd
10373324480,10373349344,24864,0,24864,myelin-exec:__myl_MulMeaAddSqrDivMulMulMulMinMaxRouCas,649196,649196,2,0,1332,845,:841:845:1332,----myelin-exec:__myl_MulMeaAddSqrDivMulMulMulMinMaxRouCas
10373351008,10373392640,41632,0,41632,myelin-exec:/up_proj_20/MatMul,649196,649196,2,0,1333,845,:841:845:1333,----myelin-exec:/up_proj_20/MatMul
10373394112,10373556384,162272,0,162272,myelin-exec:__myl_FcCasNegExpAddDivMulMul,649196,649196,2,0,1334,845,:841:845:1334,----myelin-exec:__myl_FcCasNegExpAddDivMulMul
10373558080,10373720160,162080,0,162080,myelin-exec:__myl_FcAdd,649196,649196,2,0,1335,845,:841:845:1335,----myelin-exec:__myl_FcAdd
10373722048,10373745952,23904,0,23904,myelin-exec:__myl_MulMeaAddSqrDivMulMulMinMaxRouCasMulMinMaxRouCasMulMinMaxRouCas,649196,649196,2,0,1336,845,:841:845:1336,----myelin-exec:__myl_MulMeaAddSqrDivMulMulMinMaxRouCasMulMinMaxRouCasMulMinMaxRouCas
10373747776,10373753024,5248,0,5248,myelin-exec:__mye726223,649196,649196,2,0,1337,845,:841:845:1337,----myelin-exec:__mye726223
10373754208,10373757824,3616,0,3616,myelin-exec:__mye726225,649196,649196,2,0,1338,845,:841:845:1338,----myelin-exec:__mye726225
10373758464,10373915872,157408,0,157408,myelin-exec:__myl_FcCas,649196,649196,2,0,1339,845,:841:845:1339,----myelin-exec:__myl_FcCas
10373918240,10373942496,24256,0,24256,myelin-exec:__myl_ResTraResSliRepRes,649196,649196,2,0,1340,845,:841:845:1340,----myelin-exec:__myl_ResTraResSliRepRes
10373944448,10373949088,4640,0,4640,myelin-exec:__mye726233,649196,649196,2,0,1341,845,:841:845:1341,----myelin-exec:__mye726233
10373950144,10373953440,3296,0,3296,myelin-exec:__mye726227,649196,649196,2,0,1342,845,:841:845:1342,----myelin-exec:__mye726227
10373954560,10374115552,160992,0,160992,myelin-exec:__myl_FcCas,649196,649196,2,0,1343,845,:841:845:1343,----myelin-exec:__myl_FcCas
10374118016,10374137920,19904,0,19904,myelin-exec:__myl_ResMulMea,649196,649196,2,0,1344,845,:841:845:1344,----myelin-exec:__myl_ResMulMea
10374139744,10374157120,17376,0,17376,myelin-exec:__myl_AddSqrDivMulMulTraSliSliNegConMulMulAddResSliRepResTraRes,649196,649196,2,0,1345,845,:841:845:1345,----myelin-exec:__myl_AddSqrDivMulMulTraSliSliNegConMulMulAddResSliRepResTraRes
10374158688,10374161824,3136,0,3136,myelin-exec:__mye726229,649196,649196,2,0,1346,845,:841:845:1346,----myelin-exec:__mye726229
10374163104,10374318624,155520,0,155520,myelin-exec:__myl_FcCas,649196,649196,2,0,1347,845,:841:845:1347,----myelin-exec:__myl_FcCas
10374321120,10374337152,16032,0,16032,myelin-exec:__myl_ResMulMea,649196,649196,2,0,1348,845,:841:845:1348,----myelin-exec:__myl_ResMulMea
10374338560,10374352000,13440,0,13440,myelin-exec:__myl_AddSqrDivMulMulTraSliSliNegConMulMulAddRes,649196,649196,2,0,1349,845,:841:845:1349,----myelin-exec:__myl_AddSqrDivMulMulTraSliSliNegConMulMulAddRes
10374353120,10374357376,4256,0,4256,myelin-exec:__mye726231,649196,649196,2,0,1350,845,:841:845:1350,----myelin-exec:__mye726231
10374358464,10374360448,1984,0,1984,myelin-exec:__mye726235,649196,649196,2,0,1351,845,:841:845:1351,----myelin-exec:__mye726235
10374361344,10374379456,18112,0,18112,myelin-exec:_gemm_mha_v2,649196,649196,2,0,1352,845,:841:845:1352,----myelin-exec:_gemm_mha_v2
10374380544,10374392096,11552,0,11552,myelin-exec:__myl_ResTra,649196,649196,2,0,1353,845,:841:845:1353,----myelin-exec:__myl_ResTra
10374393408,10374563296,169888,0,169888,myelin-exec:__myl_FcCasAdd,649196,649196,2,0,1354,845,:841:845:1354,----myelin-exec:__myl_FcCasAdd
10374565312,10374603296,37984,0,37984,myelin-exec:__myl_MulMeaAddSqrDivMulMulMulMinMaxRouCas,649196,649196,2,0,1355,845,:841:845:1355,----myelin-exec:__myl_MulMeaAddSqrDivMulMulMulMinMaxRouCas
10374605408,10374661216,55808,0,55808,myelin-exec:/up_proj_21/MatMul,649196,649196,2,0,1356,845,:841:845:1356,----myelin-exec:/up_proj_21/MatMul
10374663136,10374812800,149664,0,149664,myelin-exec:__myl_FcCasNegExpAddDivMulMul,649196,649196,2,0,1357,845,:841:845:1357,----myelin-exec:__myl_FcCasNegExpAddDivMulMul
10374815104,10374975104,160000,0,160000,myelin-exec:__myl_FcAdd,649196,649196,2,0,1358,845,:841:845:1358,----myelin-exec:__myl_FcAdd
10374977184,10375000096,22912,0,22912,myelin-exec:__myl_MulMeaAddSqrDivMulMulMinMaxRouCasMulMinMaxRouCasMulMinMaxRouCas,649196,649196,2,0,1359,845,:841:845:1359,----myelin-exec:__myl_MulMeaAddSqrDivMulMulMinMaxRouCasMulMinMaxRouCasMulMinMaxRouCas
10375002144,10375007488,5344,0,5344,myelin-exec:__mye726237,649196,649196,2,0,1360,845,:841:845:1360,----myelin-exec:__mye726237
10375008512,10375011680,3168,0,3168,myelin-exec:__mye726239,649196,649196,2,0,1361,845,:841:845:1361,----myelin-exec:__mye726239
10375013088,10375173856,160768,0,160768,myelin-exec:__myl_FcCas,649196,649196,2,0,1362,845,:841:845:1362,----myelin-exec:__myl_FcCas
10375176224,10375206336,30112,0,30112,myelin-exec:__myl_ResTraResSliRepRes,649196,649196,2,0,1363,845,:841:845:1363,----myelin-exec:__myl_ResTraResSliRepRes
10375208416,10375213856,5440,0,5440,myelin-exec:__mye726247,649196,649196,2,0,1364,845,:841:845:1364,----myelin-exec:__mye726247
10375214848,10375218752,3904,0,3904,myelin-exec:__mye726241,649196,649196,2,0,1365,845,:841:845:1365,----myelin-exec:__mye726241
10375219904,10375386464,166560,0,166560,myelin-exec:__myl_FcCas,649196,649196,2,0,1366,845,:841:845:1366,----myelin-exec:__myl_FcCas
10375388480,10375410080,21600,0,21600,myelin-exec:__myl_ResMulMea,649196,649196,2,0,1367,845,:841:845:1367,----myelin-exec:__myl_ResMulMea
10375411776,10375429248,17472,0,17472,myelin-exec:__myl_AddSqrDivMulMulTraSliSliNegConMulMulAddResSliRepResTraRes,649196,649196,2,0,1368,845,:841:845:1368,----myelin-exec:__myl_AddSqrDivMulMulTraSliSliNegConMulMulAddResSliRepResTraRes
10375430816,10375434688,3872,0,3872,myelin-exec:__mye726243,649196,649196,2,0,1369,845,:841:845:1369,----myelin-exec:__mye726243
10375436000,10375593472,157472,0,157472,myelin-exec:__myl_FcCas,649196,649196,2,0,1370,845,:841:845:1370,----myelin-exec:__myl_FcCas
10375595712,10375612512,16800,0,16800,myelin-exec:__myl_ResMulMea,649196,649196,2,0,1371,845,:841:845:1371,----myelin-exec:__myl_ResMulMea
10375614464,10375628352,13888,0,13888,myelin-exec:__myl_AddSqrDivMulMulTraSliSliNegConMulMulAddRes,649196,649196,2,0,1372,845,:841:845:1372,----myelin-exec:__myl_AddSqrDivMulMulTraSliSliNegConMulMulAddRes
10375630016,10375633856,3840,0,3840,myelin-exec:__mye726245,649196,649196,2,0,1373,845,:841:845:1373,----myelin-exec:__mye726245
10375634944,10375649280,14336,0,14336,myelin-exec:__mye726249,649196,649196,2,0,1374,845,:841:845:1374,----myelin-exec:__mye726249
10375650656,10375670336,19680,0,19680,myelin-exec:_gemm_mha_v2,649196,649196,2,0,1375,845,:841:845:1375,----myelin-exec:_gemm_mha_v2
10375671424,10375683712,12288,0,12288,myelin-exec:__myl_ResTra,649196,649196,2,0,1376,845,:841:845:1376,----myelin-exec:__myl_ResTra
10375685312,10375855456,170144,0,170144,myelin-exec:__myl_FcCasAdd,649196,649196,2,0,1377,845,:841:845:1377,----myelin-exec:__myl_FcCasAdd
10375857600,10375878624,21024,0,21024,myelin-exec:__myl_MulMeaAddSqrDivMulMulMulMinMaxRouCas,649196,649196,2,0,1378,845,:841:845:1378,----myelin-exec:__myl_MulMeaAddSqrDivMulMulMulMinMaxRouCas
10375880448,10375922944,42496,0,42496,myelin-exec:/up_proj_22/MatMul,649196,649196,2,0,1379,845,:841:845:1379,----myelin-exec:/up_proj_22/MatMul
10375924576,10376070272,145696,0,145696,myelin-exec:__myl_FcCasNegExpAddDivMulMul,649196,649196,2,0,1380,845,:841:845:1380,----myelin-exec:__myl_FcCasNegExpAddDivMulMul
10376071968,10376231520,159552,0,159552,myelin-exec:__myl_FcAdd,649196,649196,2,0,1381,845,:841:845:1381,----myelin-exec:__myl_FcAdd
10376233280,10376257248,23968,0,23968,myelin-exec:__myl_MulMeaAddSqrDivMulMulMinMaxRouCasMulMinMaxRouCasMulMinMaxRouCas,649196,649196,2,0,1382,845,:841:845:1382,----myelin-exec:__myl_MulMeaAddSqrDivMulMulMinMaxRouCasMulMinMaxRouCasMulMinMaxRouCas
10376258944,10376264224,5280,0,5280,myelin-exec:__mye726251,649196,649196,2,0,1383,845,:841:845:1383,----myelin-exec:__mye726251
10376265024,10376268448,3424,0,3424,myelin-exec:__mye726253,649196,649196,2,0,1384,845,:841:845:1384,----myelin-exec:__mye726253
10376269536,10376424320,154784,0,154784,myelin-exec:__myl_FcCas,649196,649196,2,0,1385,845,:841:845:1385,----myelin-exec:__myl_FcCas
10376426528,10376447040,20512,0,20512,myelin-exec:__myl_ResTraResSliRepRes,649196,649196,2,0,1386,845,:841:845:1386,----myelin-exec:__myl_ResTraResSliRepRes
10376448800,10376453216,4416,0,4416,myelin-exec:__mye726261,649196,649196,2,0,1387,845,:841:845:1387,----myelin-exec:__mye726261
10376454336,10376457376,3040,0,3040,myelin-exec:__mye726255,649196,649196,2,0,1388,845,:841:845:1388,----myelin-exec:__mye726255
10376458656,10376614112,155456,0,155456,myelin-exec:__myl_FcCas,649196,649196,2,0,1389,845,:841:845:1389,----myelin-exec:__myl_FcCas
10376616064,10376637184,21120,0,21120,myelin-exec:__myl_ResMulMea,649196,649196,2,0,1390,845,:841:845:1390,----myelin-exec:__myl_ResMulMea
10376639328,10376659040,19712,0,19712,myelin-exec:__myl_AddSqrDivMulMulTraSliSliNegConMulMulAddResSliRepResTraRes,649196,649196,2,0,1391,845,:841:845:1391,----myelin-exec:__myl_AddSqrDivMulMulTraSliSliNegConMulMulAddResSliRepResTraRes
10376660576,10376664416,3840,0,3840,myelin-exec:__mye726257,649196,649196,2,0,1392,845,:841:845:1392,----myelin-exec:__mye726257
10376665600,10376825120,159520,0,159520,myelin-exec:__myl_FcCas,649196,649196,2,0,1393,845,:841:845:1393,----myelin-exec:__myl_FcCas
10376827168,10376844832,17664,0,17664,myelin-exec:__myl_ResMulMea,649196,649196,2,0,1394,845,:841:845:1394,----myelin-exec:__myl_ResMulMea
10376846336,10376861664,15328,0,15328,myelin-exec:__myl_AddSqrDivMulMulTraSliSliNegConMulMulAddRes,649196,649196,2,0,1395,845,:841:845:1395,----myelin-exec:__myl_AddSqrDivMulMulTraSliSliNegConMulMulAddRes
10376863168,10376867424,4256,0,4256,myelin-exec:__mye726259,649196,649196,2,0,1396,845,:841:845:1396,----myelin-exec:__mye726259
10376868256,10376870208,1952,0,1952,myelin-exec:__mye726263,649196,649196,2,0,1397,845,:841:845:1397,----myelin-exec:__mye726263
10376871072,10376889568,18496,0,18496,myelin-exec:_gemm_mha_v2,649196,649196,2,0,1398,845,:841:845:1398,----myelin-exec:_gemm_mha_v2
10376890720,10376902624,11904,0,11904,myelin-exec:__myl_ResTra,649196,649196,2,0,1399,845,:841:845:1399,----myelin-exec:__myl_ResTra
10376904160,10377074304,170144,0,170144,myelin-exec:__myl_FcCasAdd,649196,649196,2,0,1400,845,:841:845:1400,----myelin-exec:__myl_FcCasAdd
10377076544,10377101440,24896,0,24896,myelin-exec:__myl_MulMeaAddSqrDivMulMulMulMinMaxRouCas,649196,649196,2,0,1401,845,:841:845:1401,----myelin-exec:__myl_MulMeaAddSqrDivMulMulMulMinMaxRouCas
10377103328,10377146464,43136,0,43136,myelin-exec:/up_proj_23/MatMul,649196,649196,2,0,1402,845,:841:845:1402,----myelin-exec:/up_proj_23/MatMul
10377148352,10377293312,144960,0,144960,myelin-exec:__myl_FcCasNegExpAddDivMulMul,649196,649196,2,0,1403,845,:841:845:1403,----myelin-exec:__myl_FcCasNegExpAddDivMulMul
10377295648,10377451328,155680,0,155680,myelin-exec:__myl_FcAdd,649196,649196,2,0,1404,845,:841:845:1404,----myelin-exec:__myl_FcAdd
10377453344,10377473504,20160,0,20160,myelin-exec:__myl_MulMeaAddSqrDivMulMulMinMaxRouCasMulMinMaxRouCasMulMinMaxRouCas,649196,649196,2,0,1405,845,:841:845:1405,----myelin-exec:__myl_MulMeaAddSqrDivMulMulMinMaxRouCasMulMinMaxRouCasMulMinMaxRouCas
10377475072,10377480768,5696,0,5696,myelin-exec:__mye726265,649196,649196,2,0,1406,845,:841:845:1406,----myelin-exec:__mye726265
10377481760,10377484992,3232,0,3232,myelin-exec:__mye726267,649196,649196,2,0,1407,845,:841:845:1407,----myelin-exec:__mye726267
10377486048,10377643520,157472,0,157472,myelin-exec:__myl_FcCas,649196,649196,2,0,1408,845,:841:845:1408,----myelin-exec:__myl_FcCas
10377645664,10377668480,22816,0,22816,myelin-exec:__myl_ResTraResSliRepRes,649196,649196,2,0,1409,845,:841:845:1409,----myelin-exec:__myl_ResTraResSliRepRes
10377670240,10377674976,4736,0,4736,myelin-exec:__mye726275,649196,649196,2,0,1410,845,:841:845:1410,----myelin-exec:__mye726275
10377676160,10377678752,2592,0,2592,myelin-exec:__mye726269,649196,649196,2,0,1411,845,:841:845:1411,----myelin-exec:__mye726269
10377679776,10377860032,180256,0,180256,myelin-exec:__myl_FcCas,649196,649196,2,0,1412,845,:841:845:1412,----myelin-exec:__myl_FcCas
10377862080,10377884256,22176,0,22176,myelin-exec:__myl_ResMulMea,649196,649196,2,0,1413,845,:841:845:1413,----myelin-exec:__myl_ResMulMea
10377886048,10377904704,18656,0,18656,myelin-exec:__myl_AddSqrDivMulMulTraSliSliNegConMulMulAddResSliRepResTraRes,649196,649196,2,0,1414,845,:841:845:1414,----myelin-exec:__myl_AddSqrDivMulMulTraSliSliNegConMulMulAddResSliRepResTraRes
10377906400,10377910368,3968,0,3968,myelin-exec:__mye726271,649196,649196,2,0,1415,845,:841:845:1415,----myelin-exec:__mye726271
10377911488,10378085888,174400,0,174400,myelin-exec:__myl_FcCas,649196,649196,2,0,1416,845,:841:845:1416,----myelin-exec:__myl_FcCas
10378088160,10378104896,16736,0,16736,myelin-exec:__myl_ResMulMea,649196,649196,2,0,1417,845,:841:845:1417,----myelin-exec:__myl_ResMulMea
10378106592,10378120928,14336,0,14336,myelin-exec:__myl_AddSqrDivMulMulTraSliSliNegConMulMulAddRes,649196,649196,2,0,1418,845,:841:845:1418,----myelin-exec:__myl_AddSqrDivMulMulTraSliSliNegConMulMulAddRes
10378122304,10378126432,4128,0,4128,myelin-exec:__mye726273,649196,649196,2,0,1419,845,:841:845:1419,----myelin-exec:__mye726273
10378127328,10378129248,1920,0,1920,myelin-exec:__mye726277,649196,649196,2,0,1420,845,:841:845:1420,----myelin-exec:__mye726277
10378130368,10378149824,19456,0,19456,myelin-exec:_gemm_mha_v2,649196,649196,2,0,1421,845,:841:845:1421,----myelin-exec:_gemm_mha_v2
10378151168,10378163488,12320,0,12320,myelin-exec:__myl_ResTra,649196,649196,2,0,1422,845,:841:845:1422,----myelin-exec:__myl_ResTra
10378164992,10378325056,160064,0,160064,myelin-exec:__myl_FcCasAdd,649196,649196,2,0,1423,845,:841:845:1423,----myelin-exec:__myl_FcCasAdd
10378327296,10378345856,18560,0,18560,myelin-exec:__myl_MulMeaAddSqrDivMulMulMulMinMaxRouCas,649196,649196,2,0,1424,845,:841:845:1424,----myelin-exec:__myl_MulMeaAddSqrDivMulMulMulMinMaxRouCas
10378347712,10378388672,40960,0,40960,myelin-exec:/up_proj_24/MatMul,649196,649196,2,0,1425,845,:841:845:1425,----myelin-exec:/up_proj_24/MatMul
10378390432,10378546880,156448,0,156448,myelin-exec:__myl_FcCasNegExpAddDivMulMul,649196,649196,2,0,1426,845,:841:845:1426,----myelin-exec:__myl_FcCasNegExpAddDivMulMul
10378549280,10378732224,182944,0,182944,myelin-exec:__myl_FcAdd,649196,649196,2,0,1427,845,:841:845:1427,----myelin-exec:__myl_FcAdd
10378734368,10378757792,23424,0,23424,myelin-exec:__myl_MulMeaAddSqrDivMulMulMinMaxRouCasMulMinMaxRouCasMulMinMaxRouCas,649196,649196,2,0,1428,845,:841:845:1428,----myelin-exec:__myl_MulMeaAddSqrDivMulMulMinMaxRouCasMulMinMaxRouCasMulMinMaxRouCas
10378759808,10378765696,5888,0,5888,myelin-exec:__mye726279,649196,649196,2,0,1429,845,:841:845:1429,----myelin-exec:__mye726279
10378766656,10378770080,3424,0,3424,myelin-exec:__mye726281,649196,649196,2,0,1430,845,:841:845:1430,----myelin-exec:__mye726281
10378771296,10378931552,160256,0,160256,myelin-exec:__myl_FcCas,649196,649196,2,0,1431,845,:841:845:1431,----myelin-exec:__myl_FcCas
10378933792,10378956064,22272,0,22272,myelin-exec:__myl_ResTraResSliRepRes,649196,649196,2,0,1432,845,:841:845:1432,----myelin-exec:__myl_ResTraResSliRepRes
10378958208,10378962528,4320,0,4320,myelin-exec:__mye726289,649196,649196,2,0,1433,845,:841:845:1433,----myelin-exec:__mye726289
10378963648,10378966272,2624,0,2624,myelin-exec:__mye726283,649196,649196,2,0,1434,845,:841:845:1434,----myelin-exec:__mye726283
10378966688,10379133696,167008,0,167008,myelin-exec:__myl_FcCas,649196,649196,2,0,1435,845,:841:845:1435,----myelin-exec:__myl_FcCas
10379135808,10379157728,21920,0,21920,myelin-exec:__myl_ResMulMea,649196,649196,2,0,1436,845,:841:845:1436,----myelin-exec:__myl_ResMulMea
10379159584,10379177952,18368,0,18368,myelin-exec:__myl_AddSqrDivMulMulTraSliSliNegConMulMulAddResSliRepResTraRes,649196,649196,2,0,1437,845,:841:845:1437,----myelin-exec:__myl_AddSqrDivMulMulTraSliSliNegConMulMulAddResSliRepResTraRes
10379179360,10379183104,3744,0,3744,myelin-exec:__mye726285,649196,649196,2,0,1438,845,:841:845:1438,----myelin-exec:__mye726285
10379184320,10379325600,141280,0,141280,myelin-exec:__myl_FcCas,649196,649196,2,0,1439,845,:841:845:1439,----myelin-exec:__myl_FcCas
10379327552,10379343968,16416,0,16416,myelin-exec:__myl_ResMulMea,649196,649196,2,0,1440,845,:841:845:1440,----myelin-exec:__myl_ResMulMea
10379345184,10379359456,14272,0,14272,myelin-exec:__myl_AddSqrDivMulMulTraSliSliNegConMulMulAddRes,649196,649196,2,0,1441,845,:841:845:1441,----myelin-exec:__myl_AddSqrDivMulMulTraSliSliNegConMulMulAddRes
10379360992,10379364928,3936,0,3936,myelin-exec:__mye726287,649196,649196,2,0,1442,845,:841:845:1442,----myelin-exec:__mye726287
10379365760,10379368320,2560,0,2560,myelin-exec:__mye726291,649196,649196,2,0,1443,845,:841:845:1443,----myelin-exec:__mye726291
10379369504,10379388416,18912,0,18912,myelin-exec:_gemm_mha_v2,649196,649196,2,0,1444,845,:841:845:1444,----myelin-exec:_gemm_mha_v2
10379389728,10379401824,12096,0,12096,myelin-exec:__myl_ResTra,649196,649196,2,0,1445,845,:841:845:1445,----myelin-exec:__myl_ResTra
10379402720,10379555296,152576,0,152576,myelin-exec:__myl_FcCasAdd,649196,649196,2,0,1446,845,:841:845:1446,----myelin-exec:__myl_FcCasAdd
10379557600,10379579424,21824,0,21824,myelin-exec:__myl_MulMeaAddSqrDivMulMulMulMinMaxRouCas,649196,649196,2,0,1447,845,:841:845:1447,----myelin-exec:__myl_MulMeaAddSqrDivMulMulMulMinMaxRouCas
10379581408,10379622656,41248,0,41248,myelin-exec:/up_proj_25/MatMul,649196,649196,2,0,1448,845,:841:845:1448,----myelin-exec:/up_proj_25/MatMul
10379624640,10379779904,155264,0,155264,myelin-exec:__myl_FcCasNegExpAddDivMulMul,649196,649196,2,0,1449,845,:841:845:1449,----myelin-exec:__myl_FcCasNegExpAddDivMulMul
10379782240,10379942272,160032,0,160032,myelin-exec:__myl_FcAdd,649196,649196,2,0,1450,845,:841:845:1450,----myelin-exec:__myl_FcAdd
10379944224,10379966112,21888,0,21888,myelin-exec:__myl_MulMeaAddSqrDivMulMulMinMaxRouCasMulMinMaxRouCasMulMinMaxRouCas,649196,649196,2,0,1451,845,:841:845:1451,----myelin-exec:__myl_MulMeaAddSqrDivMulMulMinMaxRouCasMulMinMaxRouCasMulMinMaxRouCas
10379968064,10379973344,5280,0,5280,myelin-exec:__mye726293,649196,649196,2,0,1452,845,:841:845:1452,----myelin-exec:__mye726293
10379974560,10379977856,3296,0,3296,myelin-exec:__mye726295,649196,649196,2,0,1453,845,:841:845:1453,----myelin-exec:__mye726295
10379979136,10380135936,156800,0,156800,myelin-exec:__myl_FcCas,649196,649196,2,0,1454,845,:841:845:1454,----myelin-exec:__myl_FcCas
10380138208,10380165888,27680,0,27680,myelin-exec:__myl_ResTraResSliRepRes,649196,649196,2,0,1455,845,:841:845:1455,----myelin-exec:__myl_ResTraResSliRepRes
10380168128,10380173568,5440,0,5440,myelin-exec:__mye726303,649196,649196,2,0,1456,845,:841:845:1456,----myelin-exec:__mye726303
10380174816,10380178656,3840,0,3840,myelin-exec:__mye726297,649196,649196,2,0,1457,845,:841:845:1457,----myelin-exec:__mye726297
10380180096,10380345600,165504,0,165504,myelin-exec:__myl_FcCas,649196,649196,2,0,1458,845,:841:845:1458,----myelin-exec:__myl_FcCas
10380347648,10380370208,22560,0,22560,myelin-exec:__myl_ResMulMea,649196,649196,2,0,1459,845,:841:845:1459,----myelin-exec:__myl_ResMulMea
10380372224,10380391648,19424,0,19424,myelin-exec:__myl_AddSqrDivMulMulTraSliSliNegConMulMulAddResSliRepResTraRes,649196,649196,2,0,1460,845,:841:845:1460,----myelin-exec:__myl_AddSqrDivMulMulTraSliSliNegConMulMulAddResSliRepResTraRes
10380393184,10380397152,3968,0,3968,myelin-exec:__mye726299,649196,649196,2,0,1461,845,:841:845:1461,----myelin-exec:__mye726299
10380398016,10380554144,156128,0,156128,myelin-exec:__myl_FcCas,649196,649196,2,0,1462,845,:841:845:1462,----myelin-exec:__myl_FcCas
10380556320,10380572320,16000,0,16000,myelin-exec:__myl_ResMulMea,649196,649196,2,0,1463,845,:841:845:1463,----myelin-exec:__myl_ResMulMea
10380573792,10380587680,13888,0,13888,myelin-exec:__myl_AddSqrDivMulMulTraSliSliNegConMulMulAddRes,649196,649196,2,0,1464,845,:841:845:1464,----myelin-exec:__myl_AddSqrDivMulMulTraSliSliNegConMulMulAddRes
10380589056,10380593152,4096,0,4096,myelin-exec:__mye726301,649196,649196,2,0,1465,845,:841:845:1465,----myelin-exec:__mye726301
10380594144,10380596192,2048,0,2048,myelin-exec:__mye726305,649196,649196,2,0,1466,845,:841:845:1466,----myelin-exec:__mye726305
10380596800,10380615680,18880,0,18880,myelin-exec:_gemm_mha_v2,649196,649196,2,0,1467,845,:841:845:1467,----myelin-exec:_gemm_mha_v2
10380617024,10380629344,12320,0,12320,myelin-exec:__myl_ResTra,649196,649196,2,0,1468,845,:841:845:1468,----myelin-exec:__myl_ResTra
10380630848,10380782400,151552,0,151552,myelin-exec:__myl_FcCasAdd,649196,649196,2,0,1469,845,:841:845:1469,----myelin-exec:__myl_FcCasAdd
10380784640,10380806816,22176,0,22176,myelin-exec:__myl_MulMeaAddSqrDivMulMulMulMinMaxRouCas,649196,649196,2,0,1470,845,:841:845:1470,----myelin-exec:__myl_MulMeaAddSqrDivMulMulMulMinMaxRouCas
10380808608,10380849376,40768,0,40768,myelin-exec:/up_proj_26/MatMul,649196,649196,2,0,1471,845,:841:845:1471,----myelin-exec:/up_proj_26/MatMul
10380851264,10381007936,156672,0,156672,myelin-exec:__myl_FcCasNegExpAddDivMulMul,649196,649196,2,0,1472,845,:841:845:1472,----myelin-exec:__myl_FcCasNegExpAddDivMulMul
10381009984,10381174496,164512,0,164512,myelin-exec:__myl_FcAdd,649196,649196,2,0,1473,845,:841:845:1473,----myelin-exec:__myl_FcAdd
10381176736,10381200352,23616,0,23616,myelin-exec:__myl_MulMeaAddSqrDivMulMulMinMaxRouCasMulMinMaxRouCasMulMinMaxRouCas,649196,649196,2,0,1474,845,:841:845:1474,----myelin-exec:__myl_MulMeaAddSqrDivMulMulMinMaxRouCasMulMinMaxRouCasMulMinMaxRouCas
10381202176,10381207648,5472,0,5472,myelin-exec:__mye726307,649196,649196,2,0,1475,845,:841:845:1475,----myelin-exec:__mye726307
10381209056,10381212224,3168,0,3168,myelin-exec:__mye726309,649196,649196,2,0,1476,845,:841:845:1476,----myelin-exec:__mye726309
10381213472,10381364480,151008,0,151008,myelin-exec:__myl_FcCas,649196,649196,2,0,1477,845,:841:845:1477,----myelin-exec:__myl_FcCas
10381366688,10381386432,19744,0,19744,myelin-exec:__myl_ResTraResSliRepRes,649196,649196,2,0,1478,845,:841:845:1478,----myelin-exec:__myl_ResTraResSliRepRes
10381388160,10381392736,4576,0,4576,myelin-exec:__mye726317,649196,649196,2,0,1479,845,:841:845:1479,----myelin-exec:__mye726317
10381393984,10381396896,2912,0,2912,myelin-exec:__mye726311,649196,649196,2,0,1480,845,:841:845:1480,----myelin-exec:__mye726311
10381397984,10381567200,169216,0,169216,myelin-exec:__myl_FcCas,649196,649196,2,0,1481,845,:841:845:1481,----myelin-exec:__myl_FcCas
10381569120,10381593728,24608,0,24608,myelin-exec:__myl_ResMulMea,649196,649196,2,0,1482,845,:841:845:1482,----myelin-exec:__myl_ResMulMea
10381595360,10381617664,22304,0,22304,myelin-exec:__myl_AddSqrDivMulMulTraSliSliNegConMulMulAddResSliRepResTraRes,649196,649196,2,0,1483,845,:841:845:1483,----myelin-exec:__myl_AddSqrDivMulMulTraSliSliNegConMulMulAddResSliRepResTraRes
10381619264,10381623648,4384,0,4384,myelin-exec:__mye726313,649196,649196,2,0,1484,845,:841:845:1484,----myelin-exec:__mye726313
10381624640,10381785024,160384,0,160384,myelin-exec:__myl_FcCas,649196,649196,2,0,1485,845,:841:845:1485,----myelin-exec:__myl_FcCas
10381787008,10381805888,18880,0,18880,myelin-exec:__myl_ResMulMea,649196,649196,2,0,1486,845,:841:845:1486,----myelin-exec:__myl_ResMulMea
10381807296,10381821696,14400,0,14400,myelin-exec:__myl_AddSqrDivMulMulTraSliSliNegConMulMulAddRes,649196,649196,2,0,1487,845,:841:845:1487,----myelin-exec:__myl_AddSqrDivMulMulTraSliSliNegConMulMulAddRes
10381823104,10381827072,3968,0,3968,myelin-exec:__mye726315,649196,649196,2,0,1488,845,:841:845:1488,----myelin-exec:__mye726315
10381828128,10381830432,2304,0,2304,myelin-exec:__mye726319,649196,649196,2,0,1489,845,:841:845:1489,----myelin-exec:__mye726319
10381831616,10381846720,15104,0,15104,myelin-exec:_gemm_mha_v2,649196,649196,2,0,1490,845,:841:845:1490,----myelin-exec:_gemm_mha_v2
10381848096,10382013376,165280,0,165280,myelin-exec:__myl_FcAdd,649196,649196,2,0,1491,845,:841:845:1491,----myelin-exec:__myl_FcAdd
10382015712,10382040832,25120,0,25120,myelin-exec:__myl_MulMeaAddSqrDivMulMul,649196,649196,2,0,1492,845,:841:845:1492,----myelin-exec:__myl_MulMeaAddSqrDivMulMul
10382042560,10382047328,4768,0,4768,myelin-exec:__mye726321,649196,649196,2,0,1493,845,:841:845:1493,----myelin-exec:__mye726321
10382048320,10382091008,42688,0,42688,myelin-exec:/gate_proj_27/MatMul,649196,649196,2,0,1494,845,:841:845:1494,----myelin-exec:/gate_proj_27/MatMul
10382092352,10382096448,4096,0,4096,myelin-exec:__mye726323,649196,649196,2,0,1495,845,:841:845:1495,----myelin-exec:__mye726323
10382097632,10382135296,37664,0,37664,myelin-exec:/up_proj_27/MatMul,649196,649196,2,0,1496,845,:841:845:1496,----myelin-exec:/up_proj_27/MatMul
10382137088,10382141024,3936,0,3936,myelin-exec:__mye726325,649196,649196,2,0,1497,845,:841:845:1497,----myelin-exec:__mye726325
10382142144,10382145184,3040,0,3040,myelin-exec:__mye726327,649196,649196,2,0,1498,845,:841:845:1498,----myelin-exec:__mye726327
10382146144,10382166880,20736,0,20736,myelin-exec:__myl_NegExpAddDivMulMul,649196,649196,2,0,1499,845,:841:845:1499,----myelin-exec:__myl_NegExpAddDivMulMul
10382168512,10382338336,169824,0,169824,myelin-exec:__myl_FcAdd,649196,649196,2,0,1500,845,:841:845:1500,----myelin-exec:__myl_FcAdd
10786237504,10786440512,203008,136864,66144,TensorRT:ExecutionContext::enqueue,649196,649196,0,1,1592,,:1592,TensorRT:ExecutionContext::enqueue
10786298592,10786435456,136864,80192,56672,TensorRT:{ForeignNode[/Cast.../Cast_1]},649196,649196,1,2,1596,1592,:1592:1596,--TensorRT:{ForeignNode[/Cast.../Cast_1]}
10786341696,10786343648,1952,0,1952,myelin-exec:__mye60_0,649196,649196,2,0,1603,1596,:1592:1596:1603,----myelin-exec:__mye60_0
10786344256,10786422496,78240,0,78240,myelin-exec:__myl_MovMulMeaAddSqrDivMulMulCas,649196,649196,2,0,1604,1596,:1592:1596:1604,----myelin-exec:__myl_MovMulMeaAddSqrDivMulMulCas
10793535456,10793750048,214592,167296,47296,TensorRT:ExecutionContext::enqueue,649196,649196,0,1,1613,,:1613,TensorRT:ExecutionContext::enqueue
10793578880,10793746176,167296,123520,43776,TensorRT:{ForeignNode[onnx::MatMul_4 + ONNXTRT_Broadcast.../MatMul]},649196,649196,1,2,1617,1613,:1613:1617,--TensorRT:{ForeignNode[onnx::MatMul_4 + ONNXTRT_Broadcast.../MatMul]}
10793609920,10793610880,960,0,960,myelin-exec:__mye31_0,649196,649196,2,0,1624,1617,:1613:1617:1624,----myelin-exec:__mye31_0
10793611424,10793733984,122560,0,122560,myelin-exec:/MatMul,649196,649196,2,0,1625,1617,:1613:1617:1625,----myelin-exec:/MatMul
10805497024,13116965952,2311468928,32762240,2278706688,:A1_prefill_S8,649196,649196,0,4,1630,,:1630,:A1_prefill_S8
10813537184,10813676800,139616,91808,47808,TensorRT:ExecutionContext::enqueue,649196,649196,1,1,1635,1630,:1630:1635,--TensorRT:ExecutionContext::enqueue
10813580736,10813672544,91808,49888,41920,TensorRT:{ForeignNode[ONNXTRT_castHelper.../Gather]},649196,649196,2,2,1639,1635,:1630:1635:1639,----TensorRT:{ForeignNode[ONNXTRT_castHelper.../Gather]}
10813610784,10813612064,1280,0,1280,myelin-exec:__mye39_0,649196,649196,3,0,1646,1639,:1630:1635:1639:1646,------myelin-exec:__mye39_0
10813612800,10813661408,48608,0,48608,myelin-exec:__myl_CasGat,649196,649196,3,0,1647,1639,:1630:1635:1639:1647,------myelin-exec:__myl_CasGat
12666848032,12699071200,32223168,31068960,1154208,TensorRT:ExecutionContext::enqueue,649196,649196,1,1,1656,1630,:1630:1656,--TensorRT:ExecutionContext::enqueue
12667957472,12699026432,31068960,29717824,1351136,TensorRT:{ForeignNode[/Cast.../Add_111]},649196,649196,2,649,1660,1656,:1630:1656:1660,----TensorRT:{ForeignNode[/Cast.../Add_111]}
12668176192,12668178880,2688,0,2688,myelin-exec:__mye181941_0,649196,649196,3,0,1667,1660,:1630:1656:1660:1667,------myelin-exec:__mye181941_0
12668180000,12668267040,87040,0,87040,myelin-exec:__myl_RepIotIotRepCasAddCasEqlLtOrSel,649196,649196,3,0,1668,1660,:1630:1656:1660:1668,------myelin-exec:__myl_RepIotIotRepCasAddCasEqlLtOrSel
12668268192,12668298944,30752,0,30752,myelin-exec:__myl_MovMulMeaAddSqrDivMulMulMinMaxRouCasMulMinMaxRouCasMulMinMaxRouCas,649196,649196,3,0,1669,1660,:1630:1656:1660:1669,------myelin-exec:__myl_MovMulMeaAddSqrDivMulMulMinMaxRouCasMulMinMaxRouCasMulMinMaxRouCas
12668300512,12668313120,12608,0,12608,myelin-exec:__mye725921,649196,649196,3,0,1670,1660,:1630:1656:1660:1670,------myelin-exec:__mye725921
12668314048,12668324192,10144,0,10144,myelin-exec:__mye725923,649196,649196,3,0,1671,1660,:1630:1656:1660:1671,------myelin-exec:__mye725923
12668325120,12668543776,218656,0,218656,myelin-exec:__myl_FcCas,649196,649196,3,0,1672,1660,:1630:1656:1660:1672,------myelin-exec:__myl_FcCas
12668545536,12668596032,50496,0,50496,myelin-exec:__myl_ResTraResSliRepRes,649196,649196,3,0,1673,1660,:1630:1656:1660:1673,------myelin-exec:__myl_ResTraResSliRepRes
12668597472,12668603008,5536,0,5536,myelin-exec:__mye725931,649196,649196,3,0,1674,1660,:1630:1656:1660:1674,------myelin-exec:__mye725931
12668604192,12668609120,4928,0,4928,myelin-exec:__mye725925,649196,649196,3,0,1675,1660,:1630:1656:1660:1675,------myelin-exec:__mye725925
12668610272,12668761696,151424,0,151424,myelin-exec:__myl_FcCas,649196,649196,3,0,1676,1660,:1630:1656:1660:1676,------myelin-exec:__myl_FcCas
12668763104,12668785664,22560,0,22560,myelin-exec:__myl_ResMulMea,649196,649196,3,0,1677,1660,:1630:1656:1660:1677,------myelin-exec:__myl_ResMulMea
12668787008,12668791328,4320,0,4320,myelin-exec:__mye725927,649196,649196,3,0,1678,1660,:1630:1656:1660:1678,------myelin-exec:__mye725927
12668792384,12668932512,140128,0,140128,myelin-exec:__myl_FcCas,649196,649196,3,0,1679,1660,:1630:1656:1660:1679,------myelin-exec:__myl_FcCas
12668934112,12668954624,20512,0,20512,myelin-exec:__myl_ResMulMea,649196,649196,3,0,1680,1660,:1630:1656:1660:1680,------myelin-exec:__myl_ResMulMea
12668956000,12668960096,4096,0,4096,myelin-exec:__mye725929,649196,649196,3,0,1681,1660,:1630:1656:1660:1681,------myelin-exec:__mye725929
12668960512,12668985312,24800,0,24800,myelin-exec:__myl_CasResMulConSinResCosResAddSqrAddSqrDivMulDivMulMulTraSliSliNegConMulMulAddResSliRepResTraEtc,649196,649196,3,0,1682,1660,:1630:1656:1660:1682,------myelin-exec:__myl_CasResMulConSinResCosResAddSqrAddSqrDivMulDivMulMulTraSliSliNegConMulMulAddResSliRepResTraEtc
12668986496,12668989120,2624,0,2624,myelin-exec:__mye725933,649196,649196,3,0,1683,1660,:1630:1656:1660:1683,------myelin-exec:__mye725933
12668989920,12669010080,20160,0,20160,myelin-exec:_gemm_mha_v2,649196,649196,3,0,1684,1660,:1630:1656:1660:1684,------myelin-exec:_gemm_mha_v2
12669011168,12669028096,16928,0,16928,myelin-exec:__myl_ResTra,649196,649196,3,0,1685,1660,:1630:1656:1660:1685,------myelin-exec:__myl_ResTra
12669029216,12669170240,141024,0,141024,myelin-exec:__myl_FcCasAdd,649196,649196,3,0,1686,1660,:1630:1656:1660:1686,------myelin-exec:__myl_FcCasAdd
12669171680,12669191648,19968,0,19968,myelin-exec:__myl_MulMeaAddSqrDivMulMulMulMinMaxRouCas,649196,649196,3,0,1687,1660,:1630:1656:1660:1687,------myelin-exec:__myl_MulMeaAddSqrDivMulMulMulMinMaxRouCas
12669192800,12669275456,82656,0,82656,myelin-exec:/up_proj/MatMul,649196,649196,3,0,1688,1660,:1630:1656:1660:1688,------myelin-exec:/up_proj/MatMul
12669277088,12669420800,143712,0,143712,myelin-exec:__myl_FcCasNegExpAddDivMulMul,649196,649196,3,0,1689,1660,:1630:1656:1660:1689,------myelin-exec:__myl_FcCasNegExpAddDivMulMul
12669422144,12669559488,137344,0,137344,myelin-exec:__myl_FcAdd,649196,649196,3,0,1690,1660,:1630:1656:1660:1690,------myelin-exec:__myl_FcAdd
12669561248,12669584768,23520,0,23520,myelin-exec:__myl_MulMeaAddSqrDivMulMulMinMaxRouCasMulMinMaxRouCasMulMinMaxRouCas,649196,649196,3,0,1691,1660,:1630:1656:1660:1691,------myelin-exec:__myl_MulMeaAddSqrDivMulMulMinMaxRouCasMulMinMaxRouCasMulMinMaxRouCas
12669586080,12669591424,5344,0,5344,myelin-exec:__mye725935,649196,649196,3,0,1692,1660,:1630:1656:1660:1692,------myelin-exec:__mye725935
12669592192,12669595872,3680,0,3680,myelin-exec:__mye725937,649196,649196,3,0,1693,1660,:1630:1656:1660:1693,------myelin-exec:__mye725937
12669596928,12669728512,131584,0,131584,myelin-exec:__myl_FcCas,649196,649196,3,0,1694,1660,:1630:1656:1660:1694,------myelin-exec:__myl_FcCas
12669729792,12669733984,4192,0,4192,myelin-exec:__mye725939,649196,649196,3,0,1695,1660,:1630:1656:1660:1695,------myelin-exec:__mye725939
12669735008,12669738144,3136,0,3136,myelin-exec:__mye725941,649196,649196,3,0,1696,1660,:1630:1656:1660:1696,------myelin-exec:__mye725941
12669738912,12669755648,16736,0,16736,myelin-exec:__myl_ResTraResSliRepRes,649196,649196,3,0,1697,1660,:1630:1656:1660:1697,------myelin-exec:__myl_ResTraResSliRepRes
12669756704,12669760000,3296,0,3296,myelin-exec:__mye725953,649196,649196,3,0,1698,1660,:1630:1656:1660:1698,------myelin-exec:__mye725953
12669760800,12669763360,2560,0,2560,myelin-exec:__mye725943,649196,649196,3,0,1699,1660,:1630:1656:1660:1699,------myelin-exec:__mye725943
12669764192,12669893344,129152,0,129152,myelin-exec:__myl_FcCas,649196,649196,3,0,1700,1660,:1630:1656:1660:1700,------myelin-exec:__myl_FcCas
12669894624,12669897856,3232,0,3232,myelin-exec:__mye725945,649196,649196,3,0,1701,1660,:1630:1656:1660:1701,------myelin-exec:__mye725945
12669898336,12669900512,2176,0,2176,myelin-exec:__mye725947,649196,649196,3,0,1702,1660,:1630:1656:1660:1702,------myelin-exec:__mye725947
12669901152,12669923328,22176,0,22176,myelin-exec:__myl_ResMulMea,649196,649196,3,0,1703,1660,:1630:1656:1660:1703,------myelin-exec:__myl_ResMulMea
12669924672,12669947392,22720,0,22720,myelin-exec:__myl_AddSqrDivMulMulTraSliSliNegConMulMulAddResSliRepResTraRes,649196,649196,3,0,1704,1660,:1630:1656:1660:1704,------myelin-exec:__myl_AddSqrDivMulMulTraSliSliNegConMulMulAddResSliRepResTraRes
12669948160,12669951488,3328,0,3328,myelin-exec:__mye725949,649196,649196,3,0,1705,1660,:1630:1656:1660:1705,------myelin-exec:__mye725949
12669952000,12670087136,135136,0,135136,myelin-exec:__myl_FcCas,649196,649196,3,0,1706,1660,:1630:1656:1660:1706,------myelin-exec:__myl_FcCas
12670088832,12670103968,15136,0,15136,myelin-exec:__myl_ResMulMea,649196,649196,3,0,1707,1660,:1630:1656:1660:1707,------myelin-exec:__myl_ResMulMea
12670104896,12670122144,17248,0,17248,myelin-exec:__myl_AddSqrDivMulMulTraSliSliNegConMulMulAddRes,649196,649196,3,0,1708,1660,:1630:1656:1660:1708,------myelin-exec:__myl_AddSqrDivMulMulTraSliSliNegConMulMulAddRes
12670123040,12670126176,3136,0,3136,myelin-exec:__mye725951,649196,649196,3,0,1709,1660,:1630:1656:1660:1709,------myelin-exec:__mye725951
12670126656,12670129184,2528,0,2528,myelin-exec:__mye725955,649196,649196,3,0,1710,1660,:1630:1656:1660:1710,------myelin-exec:__mye725955
12670129536,12670146912,17376,0,17376,myelin-exec:_gemm_mha_v2,649196,649196,3,0,1711,1660,:1630:1656:1660:1711,------myelin-exec:_gemm_mha_v2
12670148000,12670159904,11904,0,11904,myelin-exec:__myl_ResTra,649196,649196,3,0,1712,1660,:1630:1656:1660:1712,------myelin-exec:__myl_ResTra
12670160832,12670299776,138944,0,138944,myelin-exec:__myl_FcCasAdd,649196,649196,3,0,1713,1660,:1630:1656:1660:1713,------myelin-exec:__myl_FcCasAdd
12670301440,12670322944,21504,0,21504,myelin-exec:__myl_MulMeaAddSqrDivMulMulMulMinMaxRouCas,649196,649196,3,0,1714,1660,:1630:1656:1660:1714,------myelin-exec:__myl_MulMeaAddSqrDivMulMulMulMinMaxRouCas
12670324224,12670379072,54848,0,54848,myelin-exec:/up_proj_1/MatMul,649196,649196,3,0,1715,1660,:1630:1656:1660:1715,------myelin-exec:/up_proj_1/MatMul
12670380608,12670540000,159392,0,159392,myelin-exec:__myl_FcCasNegExpAddDivMulMul,649196,649196,3,0,1716,1660,:1630:1656:1660:1716,------myelin-exec:__myl_FcCasNegExpAddDivMulMul
12670541568,12670690112,148544,0,148544,myelin-exec:__myl_FcAdd,649196,649196,3,0,1717,1660,:1630:1656:1660:1717,------myelin-exec:__myl_FcAdd
12670692096,12670718208,26112,0,26112,myelin-exec:__myl_MulMeaAddSqrDivMulMul,649196,649196,3,0,1718,1660,:1630:1656:1660:1718,------myelin-exec:__myl_MulMeaAddSqrDivMulMul
12670719616,12670762720,43104,0,43104,myelin-exec:/v_proj_2/MatMul+/k_proj_2/MatMul+/q_proj_2/MatMul,649196,649196,3,0,1719,1660,:1630:1656:1660:1719,------myelin-exec:/v_proj_2/MatMul+/k_proj_2/MatMul+/q_proj_2/MatMul
12670764384,12670769952,5568,0,5568,myelin-exec:__mye725957,649196,649196,3,0,1720,1660,:1630:1656:1660:1720,------myelin-exec:__mye725957
12670770944,12670774976,4032,0,4032,myelin-exec:__mye725959,649196,649196,3,0,1721,1660,:1630:1656:1660:1721,------myelin-exec:__mye725959
12670775712,12670807840,32128,0,32128,myelin-exec:__myl_ResTraResSliRepRes,649196,649196,3,0,1722,1660,:1630:1656:1660:1722,------myelin-exec:__myl_ResTraResSliRepRes
12670809760,12670814144,4384,0,4384,myelin-exec:__mye725967,649196,649196,3,0,1723,1660,:1630:1656:1660:1723,------myelin-exec:__mye725967
12670815264,12670818464,3200,0,3200,myelin-exec:__mye725961,649196,649196,3,0,1724,1660,:1630:1656:1660:1724,------myelin-exec:__mye725961
12670819296,12670840512,21216,0,21216,myelin-exec:__myl_ResMulMea,649196,649196,3,0,1725,1660,:1630:1656:1660:1725,------myelin-exec:__myl_ResMulMea
12670842112,12670862944,20832,0,20832,myelin-exec:__myl_AddSqrDivMulMulTraSliSliNegConMulMulAddResSliRepResTraRes,649196,649196,3,0,1726,1660,:1630:1656:1660:1726,------myelin-exec:__myl_AddSqrDivMulMulTraSliSliNegConMulMulAddResSliRepResTraRes
12670864160,12670867808,3648,0,3648,myelin-exec:__mye725963,649196,649196,3,0,1727,1660,:1630:1656:1660:1727,------myelin-exec:__mye725963
12670868352,12670887520,19168,0,19168,myelin-exec:__myl_ResMulMea,649196,649196,3,0,1728,1660,:1630:1656:1660:1728,------myelin-exec:__myl_ResMulMea
12670888704,12670901440,12736,0,12736,myelin-exec:__myl_AddSqrDivMulMulTraSliSliNegConMulMulAddRes,649196,649196,3,0,1729,1660,:1630:1656:1660:1729,------myelin-exec:__myl_AddSqrDivMulMulTraSliSliNegConMulMulAddRes
12670902528,12670906624,4096,0,4096,myelin-exec:__mye725965,649196,649196,3,0,1730,1660,:1630:1656:1660:1730,------myelin-exec:__mye725965
12670907328,12670909088,1760,0,1760,myelin-exec:__mye725969,649196,649196,3,0,1731,1660,:1630:1656:1660:1731,------myelin-exec:__mye725969
12670909792,12670928416,18624,0,18624,myelin-exec:_gemm_mha_v2,649196,649196,3,0,1732,1660,:1630:1656:1660:1732,------myelin-exec:_gemm_mha_v2
12670929472,12670941056,11584,0,11584,myelin-exec:__myl_ResTra,649196,649196,3,0,1733,1660,:1630:1656:1660:1733,------myelin-exec:__myl_ResTra
12670942400,12671095488,153088,0,153088,myelin-exec:__myl_FcCasAdd,649196,649196,3,0,1734,1660,:1630:1656:1660:1734,------myelin-exec:__myl_FcCasAdd
12671097024,12671117632,20608,0,20608,myelin-exec:__myl_MulMeaAddSqrDivMulMulMulMinMaxRouCas,649196,649196,3,0,1735,1660,:1630:1656:1660:1735,------myelin-exec:__myl_MulMeaAddSqrDivMulMulMulMinMaxRouCas
12671119008,12671161088,42080,0,42080,myelin-exec:/up_proj_2/MatMul,649196,649196,3,0,1736,1660,:1630:1656:1660:1736,------myelin-exec:/up_proj_2/MatMul
12671162400,12671310336,147936,0,147936,myelin-exec:__myl_FcCasNegExpAddDivMulMul,649196,649196,3,0,1737,1660,:1630:1656:1660:1737,------myelin-exec:__myl_FcCasNegExpAddDivMulMul
12671311648,12671452448,140800,0,140800,myelin-exec:__myl_FcAdd,649196,649196,3,0,1738,1660,:1630:1656:1660:1738,------myelin-exec:__myl_FcAdd
12671453792,12671472256,18464,0,18464,myelin-exec:__myl_MulMeaAddSqrDivMulMulMinMaxRouCasMulMinMaxRouCasMulMinMaxRouCas,649196,649196,3,0,1739,1660,:1630:1656:1660:1739,------myelin-exec:__myl_MulMeaAddSqrDivMulMulMinMaxRouCasMulMinMaxRouCasMulMinMaxRouCas
12671473536,12671477888,4352,0,4352,myelin-exec:__mye725971,649196,649196,3,0,1740,1660,:1630:1656:1660:1740,------myelin-exec:__mye725971
12671478624,12671481632,3008,0,3008,myelin-exec:__mye725973,649196,649196,3,0,1741,1660,:1630:1656:1660:1741,------myelin-exec:__mye725973
12671482720,12671612064,129344,0,129344,myelin-exec:__myl_FcCas,649196,649196,3,0,1742,1660,:1630:1656:1660:1742,------myelin-exec:__myl_FcCas
12671613376,12671629056,15680,0,15680,myelin-exec:__myl_ResTraResSliRepRes,649196,649196,3,0,1743,1660,:1630:1656:1660:1743,------myelin-exec:__myl_ResTraResSliRepRes
12671630208,12671633888,3680,0,3680,myelin-exec:__mye725981,649196,649196,3,0,1744,1660,:1630:1656:1660:1744,------myelin-exec:__mye725981
12671634496,12671636736,2240,0,2240,myelin-exec:__mye725975,649196,649196,3,0,1745,1660,:1630:1656:1660:1745,------myelin-exec:__mye725975
12671637408,12671766432,129024,0,129024,myelin-exec:__myl_FcCas,649196,649196,3,0,1746,1660,:1630:1656:1660:1746,------myelin-exec:__myl_FcCas
12671768128,12671783200,15072,0,15072,myelin-exec:__myl_ResMulMea,649196,649196,3,0,1747,1660,:1630:1656:1660:1747,------myelin-exec:__myl_ResMulMea
12671784768,12671806432,21664,0,21664,myelin-exec:__myl_AddSqrDivMulMulTraSliSliNegConMulMulAddResSliRepResTraRes,649196,649196,3,0,1748,1660,:1630:1656:1660:1748,------myelin-exec:__myl_AddSqrDivMulMulTraSliSliNegConMulMulAddResSliRepResTraRes
12671807616,12671810976,3360,0,3360,myelin-exec:__mye725977,649196,649196,3,0,1749,1660,:1630:1656:1660:1749,------myelin-exec:__mye725977
12671811776,12671963200,151424,0,151424,myelin-exec:__myl_FcCas,649196,649196,3,0,1750,1660,:1630:1656:1660:1750,------myelin-exec:__myl_FcCas
12671965312,12671982528,17216,0,17216,myelin-exec:__myl_ResMulMea,649196,649196,3,0,1751,1660,:1630:1656:1660:1751,------myelin-exec:__myl_ResMulMea
12671984448,12671998272,13824,0,13824,myelin-exec:__myl_AddSqrDivMulMulTraSliSliNegConMulMulAddRes,649196,649196,3,0,1752,1660,:1630:1656:1660:1752,------myelin-exec:__myl_AddSqrDivMulMulTraSliSliNegConMulMulAddRes
12671999584,12672003264,3680,0,3680,myelin-exec:__mye725979,649196,649196,3,0,1753,1660,:1630:1656:1660:1753,------myelin-exec:__mye725979
12672004128,12672006432,2304,0,2304,myelin-exec:__mye725983,649196,649196,3,0,1754,1660,:1630:1656:1660:1754,------myelin-exec:__mye725983
12672007072,12672026720,19648,0,19648,myelin-exec:_gemm_mha_v2,649196,649196,3,0,1755,1660,:1630:1656:1660:1755,------myelin-exec:_gemm_mha_v2
12672027872,12672040384,12512,0,12512,myelin-exec:__myl_ResTra,649196,649196,3,0,1756,1660,:1630:1656:1660:1756,------myelin-exec:__myl_ResTra
12672041120,12672182592,141472,0,141472,myelin-exec:__myl_FcCasAdd,649196,649196,3,0,1757,1660,:1630:1656:1660:1757,------myelin-exec:__myl_FcCasAdd
12672184352,12672205728,21376,0,21376,myelin-exec:__myl_MulMeaAddSqrDivMulMulMulMinMaxRouCas,649196,649196,3,0,1758,1660,:1630:1656:1660:1758,------myelin-exec:__myl_MulMeaAddSqrDivMulMulMulMinMaxRouCas
12672207008,12672251232,44224,0,44224,myelin-exec:/up_proj_3/MatMul,649196,649196,3,0,1759,1660,:1630:1656:1660:1759,------myelin-exec:/up_proj_3/MatMul
12672253152,12672396896,143744,0,143744,myelin-exec:__myl_FcCasNegExpAddDivMulMul,649196,649196,3,0,1760,1660,:1630:1656:1660:1760,------myelin-exec:__myl_FcCasNegExpAddDivMulMul
12672398752,12672535008,136256,0,136256,myelin-exec:__myl_FcAdd,649196,649196,3,0,1761,1660,:1630:1656:1660:1761,------myelin-exec:__myl_FcAdd
12672536416,12672553440,17024,0,17024,myelin-exec:__myl_MulMeaAddSqrDivMulMulMinMaxRouCasMulMinMaxRouCasMulMinMaxRouCas,649196,649196,3,0,1762,1660,:1630:1656:1660:1762,------myelin-exec:__myl_MulMeaAddSqrDivMulMulMinMaxRouCasMulMinMaxRouCasMulMinMaxRouCas
12672554560,12672559296,4736,0,4736,myelin-exec:__mye725985,649196,649196,3,0,1763,1660,:1630:1656:1660:1763,------myelin-exec:__mye725985
12672559936,12672563264,3328,0,3328,myelin-exec:__mye725987,649196,649196,3,0,1764,1660,:1630:1656:1660:1764,------myelin-exec:__mye725987
12672563648,12672700000,136352,0,136352,myelin-exec:__myl_FcCas,649196,649196,3,0,1765,1660,:1630:1656:1660:1765,------myelin-exec:__myl_FcCas
12672701600,12672718912,17312,0,17312,myelin-exec:__myl_ResTraResSliRepRes,649196,649196,3,0,1766,1660,:1630:1656:1660:1766,------myelin-exec:__myl_ResTraResSliRepRes
12672719808,12672723648,3840,0,3840,myelin-exec:__mye725995,649196,649196,3,0,1767,1660,:1630:1656:1660:1767,------myelin-exec:__mye725995
12672724640,12672727616,2976,0,2976,myelin-exec:__mye725989,649196,649196,3,0,1768,1660,:1630:1656:1660:1768,------myelin-exec:__mye725989
12672728352,12672867840,139488,0,139488,myelin-exec:__myl_FcCas,649196,649196,3,0,1769,1660,:1630:1656:1660:1769,------myelin-exec:__myl_FcCas
12672869568,12672884416,14848,0,14848,myelin-exec:__myl_ResMulMea,649196,649196,3,0,1770,1660,:1630:1656:1660:1770,------myelin-exec:__myl_ResMulMea
12672886080,12672907584,21504,0,21504,myelin-exec:__myl_AddSqrDivMulMulTraSliSliNegConMulMulAddResSliRepResTraRes,649196,649196,3,0,1771,1660,:1630:1656:1660:1771,------myelin-exec:__myl_AddSqrDivMulMulTraSliSliNegConMulMulAddResSliRepResTraRes
12672908832,12672912640,3808,0,3808,myelin-exec:__mye725991,649196,649196,3,0,1772,1660,:1630:1656:1660:1772,------myelin-exec:__mye725991
12672913056,12673056544,143488,0,143488,myelin-exec:__myl_FcCas,649196,649196,3,0,1773,1660,:1630:1656:1660:1773,------myelin-exec:__myl_FcCas
12673058400,12673073376,14976,0,14976,myelin-exec:__myl_ResMulMea,649196,649196,3,0,1774,1660,:1630:1656:1660:1774,------myelin-exec:__myl_ResMulMea
12673074912,12673088544,13632,0,13632,myelin-exec:__myl_AddSqrDivMulMulTraSliSliNegConMulMulAddRes,649196,649196,3,0,1775,1660,:1630:1656:1660:1775,------myelin-exec:__myl_AddSqrDivMulMulTraSliSliNegConMulMulAddRes
12673089792,12673093440,3648,0,3648,myelin-exec:__mye725993,649196,649196,3,0,1776,1660,:1630:1656:1660:1776,------myelin-exec:__mye725993
12673094304,12673096608,2304,0,2304,myelin-exec:__mye725997,649196,649196,3,0,1777,1660,:1630:1656:1660:1777,------myelin-exec:__mye725997
12673097376,12673115488,18112,0,18112,myelin-exec:_gemm_mha_v2,649196,649196,3,0,1778,1660,:1630:1656:1660:1778,------myelin-exec:_gemm_mha_v2
12673116448,12673127744,11296,0,11296,myelin-exec:__myl_ResTra,649196,649196,3,0,1779,1660,:1630:1656:1660:1779,------myelin-exec:__myl_ResTra
12673128864,12673272192,143328,0,143328,myelin-exec:__myl_FcCasAdd,649196,649196,3,0,1780,1660,:1630:1656:1660:1780,------myelin-exec:__myl_FcCasAdd
12673273568,12673294976,21408,0,21408,myelin-exec:__myl_MulMeaAddSqrDivMulMulMulMinMaxRouCas,649196,649196,3,0,1781,1660,:1630:1656:1660:1781,------myelin-exec:__myl_MulMeaAddSqrDivMulMulMulMinMaxRouCas
12673296384,12673337632,41248,0,41248,myelin-exec:/up_proj_4/MatMul,649196,649196,3,0,1782,1660,:1630:1656:1660:1782,------myelin-exec:/up_proj_4/MatMul
12673338816,12673482368,143552,0,143552,myelin-exec:__myl_FcCasNegExpAddDivMulMul,649196,649196,3,0,1783,1660,:1630:1656:1660:1783,------myelin-exec:__myl_FcCasNegExpAddDivMulMul
12673483968,12673623648,139680,0,139680,myelin-exec:__myl_FcAdd,649196,649196,3,0,1784,1660,:1630:1656:1660:1784,------myelin-exec:__myl_FcAdd
12673625472,12673645472,20000,0,20000,myelin-exec:__myl_MulMeaAddSqrDivMulMulMinMaxRouCasMulMinMaxRouCasMulMinMaxRouCas,649196,649196,3,0,1785,1660,:1630:1656:1660:1785,------myelin-exec:__myl_MulMeaAddSqrDivMulMulMinMaxRouCasMulMinMaxRouCasMulMinMaxRouCas
12673646880,12673651904,5024,0,5024,myelin-exec:__mye725999,649196,649196,3,0,1786,1660,:1630:1656:1660:1786,------myelin-exec:__mye725999
12673652704,12673655648,2944,0,2944,myelin-exec:__mye726001,649196,649196,3,0,1787,1660,:1630:1656:1660:1787,------myelin-exec:__mye726001
12673656640,12673792448,135808,0,135808,myelin-exec:__myl_FcCas,649196,649196,3,0,1788,1660,:1630:1656:1660:1788,------myelin-exec:__myl_FcCas
12673793952,12673809792,15840,0,15840,myelin-exec:__myl_ResTraResSliRepRes,649196,649196,3,0,1789,1660,:1630:1656:1660:1789,------myelin-exec:__myl_ResTraResSliRepRes
12673811072,12673814816,3744,0,3744,myelin-exec:__mye726009,649196,649196,3,0,1790,1660,:1630:1656:1660:1790,------myelin-exec:__mye726009
12673815232,12673817824,2592,0,2592,myelin-exec:__mye726003,649196,649196,3,0,1791,1660,:1630:1656:1660:1791,------myelin-exec:__mye726003
12673818912,12673958016,139104,0,139104,myelin-exec:__myl_FcCas,649196,649196,3,0,1792,1660,:1630:1656:1660:1792,------myelin-exec:__myl_FcCas
12673959520,12673973344,13824,0,13824,myelin-exec:__myl_ResMulMea,649196,649196,3,0,1793,1660,:1630:1656:1660:1793,------myelin-exec:__myl_ResMulMea
12673974592,12673995424,20832,0,20832,myelin-exec:__myl_AddSqrDivMulMulTraSliSliNegConMulMulAddResSliRepResTraRes,649196,649196,3,0,1794,1660,:1630:1656:1660:1794,------myelin-exec:__myl_AddSqrDivMulMulTraSliSliNegConMulMulAddResSliRepResTraRes
12673996608,12674000320,3712,0,3712,myelin-exec:__mye726005,649196,649196,3,0,1795,1660,:1630:1656:1660:1795,------myelin-exec:__mye726005
12674001248,12674139744,138496,0,138496,myelin-exec:__myl_FcCas,649196,649196,3,0,1796,1660,:1630:1656:1660:1796,------myelin-exec:__myl_FcCas
12674141024,12674155968,14944,0,14944,myelin-exec:__myl_ResMulMea,649196,649196,3,0,1797,1660,:1630:1656:1660:1797,------myelin-exec:__myl_ResMulMea
12674157408,12674171264,13856,0,13856,myelin-exec:__myl_AddSqrDivMulMulTraSliSliNegConMulMulAddRes,649196,649196,3,0,1798,1660,:1630:1656:1660:1798,------myelin-exec:__myl_AddSqrDivMulMulTraSliSliNegConMulMulAddRes
12674172640,12674176160,3520,0,3520,myelin-exec:__mye726007,649196,649196,3,0,1799,1660,:1630:1656:1660:1799,------myelin-exec:__mye726007
12674177024,12674179392,2368,0,2368,myelin-exec:__mye726011,649196,649196,3,0,1800,1660,:1630:1656:1660:1800,------myelin-exec:__mye726011
12674180288,12674197568,17280,0,17280,myelin-exec:_gemm_mha_v2,649196,649196,3,0,1801,1660,:1630:1656:1660:1801,------myelin-exec:_gemm_mha_v2
12674198240,12674209760,11520,0,11520,myelin-exec:__myl_ResTra,649196,649196,3,0,1802,1660,:1630:1656:1660:1802,------myelin-exec:__myl_ResTra
12674210944,12674349920,138976,0,138976,myelin-exec:__myl_FcCasAdd,649196,649196,3,0,1803,1660,:1630:1656:1660:1803,------myelin-exec:__myl_FcCasAdd
12674352000,12674372608,20608,0,20608,myelin-exec:__myl_MulMeaAddSqrDivMulMulMulMinMaxRouCas,649196,649196,3,0,1804,1660,:1630:1656:1660:1804,------myelin-exec:__myl_MulMeaAddSqrDivMulMulMulMinMaxRouCas
12674373856,12674413888,40032,0,40032,myelin-exec:/up_proj_5/MatMul,649196,649196,3,0,1805,1660,:1630:1656:1660:1805,------myelin-exec:/up_proj_5/MatMul
12674415744,12674584384,168640,0,168640,myelin-exec:__myl_FcCasNegExpAddDivMulMul,649196,649196,3,0,1806,1660,:1630:1656:1660:1806,------myelin-exec:__myl_FcCasNegExpAddDivMulMul
12674586528,12674731552,145024,0,145024,myelin-exec:__myl_FcAdd,649196,649196,3,0,1807,1660,:1630:1656:1660:1807,------myelin-exec:__myl_FcAdd
12674733536,12674753024,19488,0,19488,myelin-exec:__myl_MulMeaAddSqrDivMulMulMinMaxRouCasMulMinMaxRouCasMulMinMaxRouCas,649196,649196,3,0,1808,1660,:1630:1656:1660:1808,------myelin-exec:__myl_MulMeaAddSqrDivMulMulMinMaxRouCasMulMinMaxRouCasMulMinMaxRouCas
12674754592,12674759840,5248,0,5248,myelin-exec:__mye726013,649196,649196,3,0,1809,1660,:1630:1656:1660:1809,------myelin-exec:__mye726013
12674760800,12674764608,3808,0,3808,myelin-exec:__mye726015,649196,649196,3,0,1810,1660,:1630:1656:1660:1810,------myelin-exec:__mye726015
12674765504,12674901184,135680,0,135680,myelin-exec:__myl_FcCas,649196,649196,3,0,1811,1660,:1630:1656:1660:1811,------myelin-exec:__myl_FcCas
12674902816,12674925472,22656,0,22656,myelin-exec:__myl_ResTraResSliRepRes,649196,649196,3,0,1812,1660,:1630:1656:1660:1812,------myelin-exec:__myl_ResTraResSliRepRes
12674926912,12674930912,4000,0,4000,myelin-exec:__mye726023,649196,649196,3,0,1813,1660,:1630:1656:1660:1813,------myelin-exec:__mye726023
12674932064,12674934880,2816,0,2816,myelin-exec:__mye726017,649196,649196,3,0,1814,1660,:1630:1656:1660:1814,------myelin-exec:__mye726017
12674935552,12675082016,146464,0,146464,myelin-exec:__myl_FcCas,649196,649196,3,0,1815,1660,:1630:1656:1660:1815,------myelin-exec:__myl_FcCas
12675084064,12675100704,16640,0,16640,myelin-exec:__myl_ResMulMea,649196,649196,3,0,1816,1660,:1630:1656:1660:1816,------myelin-exec:__myl_ResMulMea
12675102400,12675126400,24000,0,24000,myelin-exec:__myl_AddSqrDivMulMulTraSliSliNegConMulMulAddResSliRepResTraRes,649196,649196,3,0,1817,1660,:1630:1656:1660:1817,------myelin-exec:__myl_AddSqrDivMulMulTraSliSliNegConMulMulAddResSliRepResTraRes
12675127488,12675131328,3840,0,3840,myelin-exec:__mye726019,649196,649196,3,0,1818,1660,:1630:1656:1660:1818,------myelin-exec:__mye726019
12675132160,12675268832,136672,0,136672,myelin-exec:__myl_FcCas,649196,649196,3,0,1819,1660,:1630:1656:1660:1819,------myelin-exec:__myl_FcCas
12675270400,12675285472,15072,0,15072,myelin-exec:__myl_ResMulMea,649196,649196,3,0,1820,1660,:1630:1656:1660:1820,------myelin-exec:__myl_ResMulMea
12675286496,12675299008,12512,0,12512,myelin-exec:__myl_AddSqrDivMulMulTraSliSliNegConMulMulAddRes,649196,649196,3,0,1821,1660,:1630:1656:1660:1821,------myelin-exec:__myl_AddSqrDivMulMulTraSliSliNegConMulMulAddRes
12675300128,12675303968,3840,0,3840,myelin-exec:__mye726021,649196,649196,3,0,1822,1660,:1630:1656:1660:1822,------myelin-exec:__mye726021
12675304736,12675306944,2208,0,2208,myelin-exec:__mye726025,649196,649196,3,0,1823,1660,:1630:1656:1660:1823,------myelin-exec:__mye726025
12675307840,12675321696,13856,0,13856,myelin-exec:_gemm_mha_v2,649196,649196,3,0,1824,1660,:1630:1656:1660:1824,------myelin-exec:_gemm_mha_v2
12675322816,12675334560,11744,0,11744,myelin-exec:__myl_ResTra,649196,649196,3,0,1825,1660,:1630:1656:1660:1825,------myelin-exec:__myl_ResTra
12675335488,12675484416,148928,0,148928,myelin-exec:__myl_FcCasAdd,649196,649196,3,0,1826,1660,:1630:1656:1660:1826,------myelin-exec:__myl_FcCasAdd
12675486112,12675509152,23040,0,23040,myelin-exec:__myl_MulMeaAddSqrDivMulMulMulMinMaxRouCas,649196,649196,3,0,1827,1660,:1630:1656:1660:1827,------myelin-exec:__myl_MulMeaAddSqrDivMulMulMulMinMaxRouCas
12675510560,12675550944,40384,0,40384,myelin-exec:/up_proj_6/MatMul,649196,649196,3,0,1828,1660,:1630:1656:1660:1828,------myelin-exec:/up_proj_6/MatMul
12675552448,12675696736,144288,0,144288,myelin-exec:__myl_FcCasNegExpAddDivMulMul,649196,649196,3,0,1829,1660,:1630:1656:1660:1829,------myelin-exec:__myl_FcCasNegExpAddDivMulMul
12675698304,12675834464,136160,0,136160,myelin-exec:__myl_FcAdd,649196,649196,3,0,1830,1660,:1630:1656:1660:1830,------myelin-exec:__myl_FcAdd
12675836416,12675854112,17696,0,17696,myelin-exec:__myl_MulMeaAddSqrDivMulMulMinMaxRouCasMulMinMaxRouCasMulMinMaxRouCas,649196,649196,3,0,1831,1660,:1630:1656:1660:1831,------myelin-exec:__myl_MulMeaAddSqrDivMulMulMinMaxRouCasMulMinMaxRouCasMulMinMaxRouCas
12675855392,12675860000,4608,0,4608,myelin-exec:__mye726027,649196,649196,3,0,1832,1660,:1630:1656:1660:1832,------myelin-exec:__mye726027
12675860832,12675863808,2976,0,2976,myelin-exec:__mye726029,649196,649196,3,0,1833,1660,:1630:1656:1660:1833,------myelin-exec:__mye726029
12675864832,12675994528,129696,0,129696,myelin-exec:__myl_FcCas,649196,649196,3,0,1834,1660,:1630:1656:1660:1834,------myelin-exec:__myl_FcCas
12675996416,12676011488,15072,0,15072,myelin-exec:__myl_ResTraResSliRepRes,649196,649196,3,0,1835,1660,:1630:1656:1660:1835,------myelin-exec:__myl_ResTraResSliRepRes
12676012896,12676016000,3104,0,3104,myelin-exec:__mye726037,649196,649196,3,0,1836,1660,:1630:1656:1660:1836,------myelin-exec:__mye726037
12676017024,12676019776,2752,0,2752,myelin-exec:__mye726031,649196,649196,3,0,1837,1660,:1630:1656:1660:1837,------myelin-exec:__mye726031
12676020736,12676149824,129088,0,129088,myelin-exec:__myl_FcCas,649196,649196,3,0,1838,1660,:1630:1656:1660:1838,------myelin-exec:__myl_FcCas
12676151552,12676165056,13504,0,13504,myelin-exec:__myl_ResMulMea,649196,649196,3,0,1839,1660,:1630:1656:1660:1839,------myelin-exec:__myl_ResMulMea
12676166336,12676187968,21632,0,21632,myelin-exec:__myl_AddSqrDivMulMulTraSliSliNegConMulMulAddResSliRepResTraRes,649196,649196,3,0,1840,1660,:1630:1656:1660:1840,------myelin-exec:__myl_AddSqrDivMulMulTraSliSliNegConMulMulAddResSliRepResTraRes
12676189376,12676192416,3040,0,3040,myelin-exec:__mye726033,649196,649196,3,0,1841,1660,:1630:1656:1660:1841,------myelin-exec:__mye726033
12676193376,12676355680,162304,0,162304,myelin-exec:__myl_FcCas,649196,649196,3,0,1842,1660,:1630:1656:1660:1842,------myelin-exec:__myl_FcCas
12676357632,12676375456,17824,0,17824,myelin-exec:__myl_ResMulMea,649196,649196,3,0,1843,1660,:1630:1656:1660:1843,------myelin-exec:__myl_ResMulMea
12676377184,12676391328,14144,0,14144,myelin-exec:__myl_AddSqrDivMulMulTraSliSliNegConMulMulAddRes,649196,649196,3,0,1844,1660,:1630:1656:1660:1844,------myelin-exec:__myl_AddSqrDivMulMulTraSliSliNegConMulMulAddRes
12676392704,12676396800,4096,0,4096,myelin-exec:__mye726035,649196,649196,3,0,1845,1660,:1630:1656:1660:1845,------myelin-exec:__mye726035
12676397760,12676399968,2208,0,2208,myelin-exec:__mye726039,649196,649196,3,0,1846,1660,:1630:1656:1660:1846,------myelin-exec:__mye726039
12676400576,12676419584,19008,0,19008,myelin-exec:_gemm_mha_v2,649196,649196,3,0,1847,1660,:1630:1656:1660:1847,------myelin-exec:_gemm_mha_v2
12676420864,12676433216,12352,0,12352,myelin-exec:__myl_ResTra,649196,649196,3,0,1848,1660,:1630:1656:1660:1848,------myelin-exec:__myl_ResTra
12676434432,12676576960,142528,0,142528,myelin-exec:__myl_FcCasAdd,649196,649196,3,0,1849,1660,:1630:1656:1660:1849,------myelin-exec:__myl_FcCasAdd
12676578528,12676600032,21504,0,21504,myelin-exec:__myl_MulMeaAddSqrDivMulMulMulMinMaxRouCas,649196,649196,3,0,1850,1660,:1630:1656:1660:1850,------myelin-exec:__myl_MulMeaAddSqrDivMulMulMulMinMaxRouCas
12676601632,12676641152,39520,0,39520,myelin-exec:/up_proj_7/MatMul,649196,649196,3,0,1851,1660,:1630:1656:1660:1851,------myelin-exec:/up_proj_7/MatMul
12676642848,12676786912,144064,0,144064,myelin-exec:__myl_FcCasNegExpAddDivMulMul,649196,649196,3,0,1852,1660,:1630:1656:1660:1852,------myelin-exec:__myl_FcCasNegExpAddDivMulMul
12676788128,12676927296,139168,0,139168,myelin-exec:__myl_FcAdd,649196,649196,3,0,1853,1660,:1630:1656:1660:1853,------myelin-exec:__myl_FcAdd
12676928768,12676947296,18528,0,18528,myelin-exec:__myl_MulMeaAddSqrDivMulMulMinMaxRouCasMulMinMaxRouCasMulMinMaxRouCas,649196,649196,3,0,1854,1660,:1630:1656:1660:1854,------myelin-exec:__myl_MulMeaAddSqrDivMulMulMinMaxRouCasMulMinMaxRouCasMulMinMaxRouCas
12676948768,12676953760,4992,0,4992,myelin-exec:__mye726041,649196,649196,3,0,1855,1660,:1630:1656:1660:1855,------myelin-exec:__mye726041
12676954752,12676957760,3008,0,3008,myelin-exec:__mye726043,649196,649196,3,0,1856,1660,:1630:1656:1660:1856,------myelin-exec:__mye726043
12676958816,12677095104,136288,0,136288,myelin-exec:__myl_FcCas,649196,649196,3,0,1857,1660,:1630:1656:1660:1857,------myelin-exec:__myl_FcCas
12677096736,12677114144,17408,0,17408,myelin-exec:__myl_ResTraResSliRepRes,649196,649196,3,0,1858,1660,:1630:1656:1660:1858,------myelin-exec:__myl_ResTraResSliRepRes
12677115872,12677120032,4160,0,4160,myelin-exec:__mye726051,649196,649196,3,0,1859,1660,:1630:1656:1660:1859,------myelin-exec:__mye726051
12677121120,12677123936,2816,0,2816,myelin-exec:__mye726045,649196,649196,3,0,1860,1660,:1630:1656:1660:1860,------myelin-exec:__mye726045
12677124736,12677256800,132064,0,132064,myelin-exec:__myl_FcCas,649196,649196,3,0,1861,1660,:1630:1656:1660:1861,------myelin-exec:__myl_FcCas
12677258112,12677274176,16064,0,16064,myelin-exec:__myl_ResMulMea,649196,649196,3,0,1862,1660,:1630:1656:1660:1862,------myelin-exec:__myl_ResMulMea
12677275776,12677297216,21440,0,21440,myelin-exec:__myl_AddSqrDivMulMulTraSliSliNegConMulMulAddResSliRepResTraRes,649196,649196,3,0,1863,1660,:1630:1656:1660:1863,------myelin-exec:__myl_AddSqrDivMulMulTraSliSliNegConMulMulAddResSliRepResTraRes
12677298464,12677302240,3776,0,3776,myelin-exec:__mye726047,649196,649196,3,0,1864,1660,:1630:1656:1660:1864,------myelin-exec:__mye726047
12677302848,12677442944,140096,0,140096,myelin-exec:__myl_FcCas,649196,649196,3,0,1865,1660,:1630:1656:1660:1865,------myelin-exec:__myl_FcCas
12677444736,12677459712,14976,0,14976,myelin-exec:__myl_ResMulMea,649196,649196,3,0,1866,1660,:1630:1656:1660:1866,------myelin-exec:__myl_ResMulMea
12677460992,12677474368,13376,0,13376,myelin-exec:__myl_AddSqrDivMulMulTraSliSliNegConMulMulAddRes,649196,649196,3,0,1867,1660,:1630:1656:1660:1867,------myelin-exec:__myl_AddSqrDivMulMulTraSliSliNegConMulMulAddRes
12677475616,12677478752,3136,0,3136,myelin-exec:__mye726049,649196,649196,3,0,1868,1660,:1630:1656:1660:1868,------myelin-exec:__mye726049
12677479360,12677481216,1856,0,1856,myelin-exec:__mye726053,649196,649196,3,0,1869,1660,:1630:1656:1660:1869,------myelin-exec:__mye726053
12677481856,12677500352,18496,0,18496,myelin-exec:_gemm_mha_v2,649196,649196,3,0,1870,1660,:1630:1656:1660:1870,------myelin-exec:_gemm_mha_v2
12677501536,12677642368,140832,0,140832,myelin-exec:__myl_FcAdd,649196,649196,3,0,1871,1660,:1630:1656:1660:1871,------myelin-exec:__myl_FcAdd
12677643904,12677664640,20736,0,20736,myelin-exec:__myl_MulMeaAddSqrDivMulMulMulMinMaxRouCas,649196,649196,3,0,1872,1660,:1630:1656:1660:1872,------myelin-exec:__myl_MulMeaAddSqrDivMulMulMulMinMaxRouCas
12677665920,12677705856,39936,0,39936,myelin-exec:/up_proj_8/MatMul,649196,649196,3,0,1873,1660,:1630:1656:1660:1873,------myelin-exec:/up_proj_8/MatMul
12677706912,12677847136,140224,0,140224,myelin-exec:__myl_FcCasNegExpAddDivMulMul,649196,649196,3,0,1874,1660,:1630:1656:1660:1874,------myelin-exec:__myl_FcCasNegExpAddDivMulMul
12677848672,12677982208,133536,0,133536,myelin-exec:__myl_FcAdd,649196,649196,3,0,1875,1660,:1630:1656:1660:1875,------myelin-exec:__myl_FcAdd
12677983680,12678001280,17600,0,17600,myelin-exec:__myl_MulMeaAddSqrDivMulMulMinMaxRouCasMulMinMaxRouCasMulMinMaxRouCas,649196,649196,3,0,1876,1660,:1630:1656:1660:1876,------myelin-exec:__myl_MulMeaAddSqrDivMulMulMinMaxRouCasMulMinMaxRouCasMulMinMaxRouCas
12678002400,12678006880,4480,0,4480,myelin-exec:__mye726055,649196,649196,3,0,1877,1660,:1630:1656:1660:1877,------myelin-exec:__mye726055
12678007840,12678011008,3168,0,3168,myelin-exec:__mye726057,649196,649196,3,0,1878,1660,:1630:1656:1660:1878,------myelin-exec:__mye726057
12678012384,12678149664,137280,0,137280,myelin-exec:__myl_FcCas,649196,649196,3,0,1879,1660,:1630:1656:1660:1879,------myelin-exec:__myl_FcCas
12678151776,12678167936,16160,0,16160,myelin-exec:__myl_ResTraResSliRepRes,649196,649196,3,0,1880,1660,:1630:1656:1660:1880,------myelin-exec:__myl_ResTraResSliRepRes
12678169440,12678173024,3584,0,3584,myelin-exec:__mye726065,649196,649196,3,0,1881,1660,:1630:1656:1660:1881,------myelin-exec:__mye726065
12678173728,12678176416,2688,0,2688,myelin-exec:__mye726059,649196,649196,3,0,1882,1660,:1630:1656:1660:1882,------myelin-exec:__mye726059
12678177568,12678310912,133344,0,133344,myelin-exec:__myl_FcCas,649196,649196,3,0,1883,1660,:1630:1656:1660:1883,------myelin-exec:__myl_FcCas
12678312640,12678326624,13984,0,13984,myelin-exec:__myl_ResMulMea,649196,649196,3,0,1884,1660,:1630:1656:1660:1884,------myelin-exec:__myl_ResMulMea
12678327712,12678348544,20832,0,20832,myelin-exec:__myl_AddSqrDivMulMulTraSliSliNegConMulMulAddResSliRepResTraRes,649196,649196,3,0,1885,1660,:1630:1656:1660:1885,------myelin-exec:__myl_AddSqrDivMulMulTraSliSliNegConMulMulAddResSliRepResTraRes
12678349856,12678353216,3360,0,3360,myelin-exec:__mye726061,649196,649196,3,0,1886,1660,:1630:1656:1660:1886,------myelin-exec:__mye726061
12678354272,12678498880,144608,0,144608,myelin-exec:__myl_FcCas,649196,649196,3,0,1887,1660,:1630:1656:1660:1887,------myelin-exec:__myl_FcCas
12678501216,12678517280,16064,0,16064,myelin-exec:__myl_ResMulMea,649196,649196,3,0,1888,1660,:1630:1656:1660:1888,------myelin-exec:__myl_ResMulMea
12678518656,12678547296,28640,0,28640,myelin-exec:__myl_AddSqrDivMulMulTraSliSliNegConMulMulAddRes,649196,649196,3,0,1889,1660,:1630:1656:1660:1889,------myelin-exec:__myl_AddSqrDivMulMulTraSliSliNegConMulMulAddRes
12678548672,12678552608,3936,0,3936,myelin-exec:__mye726063,649196,649196,3,0,1890,1660,:1630:1656:1660:1890,------myelin-exec:__mye726063
12678553568,12678555424,1856,0,1856,myelin-exec:__mye726067,649196,649196,3,0,1891,1660,:1630:1656:1660:1891,------myelin-exec:__mye726067
12678556096,12678575040,18944,0,18944,myelin-exec:_gemm_mha_v2,649196,649196,3,0,1892,1660,:1630:1656:1660:1892,------myelin-exec:_gemm_mha_v2
12678576096,12678587680,11584,0,11584,myelin-exec:__myl_ResTra,649196,649196,3,0,1893,1660,:1630:1656:1660:1893,------myelin-exec:__myl_ResTra
12678588704,12678737856,149152,0,149152,myelin-exec:__myl_FcCasAdd,649196,649196,3,0,1894,1660,:1630:1656:1660:1894,------myelin-exec:__myl_FcCasAdd
12678739200,12678760928,21728,0,21728,myelin-exec:__myl_MulMeaAddSqrDivMulMulMulMinMaxRouCas,649196,649196,3,0,1895,1660,:1630:1656:1660:1895,------myelin-exec:__myl_MulMeaAddSqrDivMulMulMulMinMaxRouCas
12678762400,12678803360,40960,0,40960,myelin-exec:/up_proj_9/MatMul,649196,649196,3,0,1896,1660,:1630:1656:1660:1896,------myelin-exec:/up_proj_9/MatMul
12678804832,12678947136,142304,0,142304,myelin-exec:__myl_FcCasNegExpAddDivMulMul,649196,649196,3,0,1897,1660,:1630:1656:1660:1897,------myelin-exec:__myl_FcCasNegExpAddDivMulMul
12678948256,12679084768,136512,0,136512,myelin-exec:__myl_FcAdd,649196,649196,3,0,1898,1660,:1630:1656:1660:1898,------myelin-exec:__myl_FcAdd
12679086560,12679104224,17664,0,17664,myelin-exec:__myl_MulMeaAddSqrDivMulMulMinMaxRouCasMulMinMaxRouCasMulMinMaxRouCas,649196,649196,3,0,1899,1660,:1630:1656:1660:1899,------myelin-exec:__myl_MulMeaAddSqrDivMulMulMinMaxRouCasMulMinMaxRouCasMulMinMaxRouCas
12679105664,12679110176,4512,0,4512,myelin-exec:__mye726069,649196,649196,3,0,1900,1660,:1630:1656:1660:1900,------myelin-exec:__mye726069
12679111264,12679114208,2944,0,2944,myelin-exec:__mye726071,649196,649196,3,0,1901,1660,:1630:1656:1660:1901,------myelin-exec:__mye726071
12679115264,12679243136,127872,0,127872,myelin-exec:__myl_FcCas,649196,649196,3,0,1902,1660,:1630:1656:1660:1902,------myelin-exec:__myl_FcCas
12679244992,12679267808,22816,0,22816,myelin-exec:__myl_ResTraResSliRepRes,649196,649196,3,0,1903,1660,:1630:1656:1660:1903,------myelin-exec:__myl_ResTraResSliRepRes
12679269504,12679272832,3328,0,3328,myelin-exec:__mye726079,649196,649196,3,0,1904,1660,:1630:1656:1660:1904,------myelin-exec:__mye726079
12679273888,12679276640,2752,0,2752,myelin-exec:__mye726073,649196,649196,3,0,1905,1660,:1630:1656:1660:1905,------myelin-exec:__mye726073
12679277376,12679425184,147808,0,147808,myelin-exec:__myl_FcCas,649196,649196,3,0,1906,1660,:1630:1656:1660:1906,------myelin-exec:__myl_FcCas
12679427328,12679443072,15744,0,15744,myelin-exec:__myl_ResMulMea,649196,649196,3,0,1907,1660,:1630:1656:1660:1907,------myelin-exec:__myl_ResMulMea
12679444544,12679466048,21504,0,21504,myelin-exec:__myl_AddSqrDivMulMulTraSliSliNegConMulMulAddResSliRepResTraRes,649196,649196,3,0,1908,1660,:1630:1656:1660:1908,------myelin-exec:__myl_AddSqrDivMulMulTraSliSliNegConMulMulAddResSliRepResTraRes
12679467040,12679471584,4544,0,4544,myelin-exec:__mye726075,649196,649196,3,0,1909,1660,:1630:1656:1660:1909,------myelin-exec:__mye726075
12679472960,12679619456,146496,0,146496,myelin-exec:__myl_FcCas,649196,649196,3,0,1910,1660,:1630:1656:1660:1910,------myelin-exec:__myl_FcCas
12679621152,12679638144,16992,0,16992,myelin-exec:__myl_ResMulMea,649196,649196,3,0,1911,1660,:1630:1656:1660:1911,------myelin-exec:__myl_ResMulMea
12679639808,12679653632,13824,0,13824,myelin-exec:__myl_AddSqrDivMulMulTraSliSliNegConMulMulAddRes,649196,649196,3,0,1912,1660,:1630:1656:1660:1912,------myelin-exec:__myl_AddSqrDivMulMulTraSliSliNegConMulMulAddRes
12679654592,12679658784,4192,0,4192,myelin-exec:__mye726077,649196,649196,3,0,1913,1660,:1630:1656:1660:1913,------myelin-exec:__mye726077
12679659456,12679662016,2560,0,2560,myelin-exec:__mye726081,649196,649196,3,0,1914,1660,:1630:1656:1660:1914,------myelin-exec:__mye726081
12679663200,12679681664,18464,0,18464,myelin-exec:_gemm_mha_v2,649196,649196,3,0,1915,1660,:1630:1656:1660:1915,------myelin-exec:_gemm_mha_v2
12679682592,12679694912,12320,0,12320,myelin-exec:__myl_ResTra,649196,649196,3,0,1916,1660,:1630:1656:1660:1916,------myelin-exec:__myl_ResTra
12679695808,12679842432,146624,0,146624,myelin-exec:__myl_FcCasAdd,649196,649196,3,0,1917,1660,:1630:1656:1660:1917,------myelin-exec:__myl_FcCasAdd
12679844288,12679866368,22080,0,22080,myelin-exec:__myl_MulMeaAddSqrDivMulMulMulMinMaxRouCas,649196,649196,3,0,1918,1660,:1630:1656:1660:1918,------myelin-exec:__myl_MulMeaAddSqrDivMulMulMulMinMaxRouCas
12679867776,12679906400,38624,0,38624,myelin-exec:/up_proj_10/MatMul,649196,649196,3,0,1919,1660,:1630:1656:1660:1919,------myelin-exec:/up_proj_10/MatMul
12679907936,12680050240,142304,0,142304,myelin-exec:__myl_FcCasNegExpAddDivMulMul,649196,649196,3,0,1920,1660,:1630:1656:1660:1920,------myelin-exec:__myl_FcCasNegExpAddDivMulMul
12680051936,12680187584,135648,0,135648,myelin-exec:__myl_FcAdd,649196,649196,3,0,1921,1660,:1630:1656:1660:1921,------myelin-exec:__myl_FcAdd
12680189152,12680207648,18496,0,18496,myelin-exec:__myl_MulMeaAddSqrDivMulMulMinMaxRouCasMulMinMaxRouCasMulMinMaxRouCas,649196,649196,3,0,1922,1660,:1630:1656:1660:1922,------myelin-exec:__myl_MulMeaAddSqrDivMulMulMinMaxRouCasMulMinMaxRouCasMulMinMaxRouCas
12680208928,12680214144,5216,0,5216,myelin-exec:__mye726083,649196,649196,3,0,1923,1660,:1630:1656:1660:1923,------myelin-exec:__mye726083
12680215072,12680218016,2944,0,2944,myelin-exec:__mye726085,649196,649196,3,0,1924,1660,:1630:1656:1660:1924,------myelin-exec:__mye726085
12680218464,12680350432,131968,0,131968,myelin-exec:__myl_FcCas,649196,649196,3,0,1925,1660,:1630:1656:1660:1925,------myelin-exec:__myl_FcCas
12680352128,12680368608,16480,0,16480,myelin-exec:__myl_ResTraResSliRepRes,649196,649196,3,0,1926,1660,:1630:1656:1660:1926,------myelin-exec:__myl_ResTraResSliRepRes
12680370016,12680373024,3008,0,3008,myelin-exec:__mye726093,649196,649196,3,0,1927,1660,:1630:1656:1660:1927,------myelin-exec:__mye726093
12680373920,12680376512,2592,0,2592,myelin-exec:__mye726087,649196,649196,3,0,1928,1660,:1630:1656:1660:1928,------myelin-exec:__mye726087
12680377344,12680506720,129376,0,129376,myelin-exec:__myl_FcCas,649196,649196,3,0,1929,1660,:1630:1656:1660:1929,------myelin-exec:__myl_FcCas
12680508320,12680530848,22528,0,22528,myelin-exec:__myl_ResMulMea,649196,649196,3,0,1930,1660,:1630:1656:1660:1930,------myelin-exec:__myl_ResMulMea
12680532448,12680548256,15808,0,15808,myelin-exec:__myl_AddSqrDivMulMulTraSliSliNegConMulMulAddResSliRepResTraRes,649196,649196,3,0,1931,1660,:1630:1656:1660:1931,------myelin-exec:__myl_AddSqrDivMulMulTraSliSliNegConMulMulAddResSliRepResTraRes
12680549568,12680553120,3552,0,3552,myelin-exec:__mye726089,649196,649196,3,0,1932,1660,:1630:1656:1660:1932,------myelin-exec:__mye726089
12680554176,12680694656,140480,0,140480,myelin-exec:__myl_FcCas,649196,649196,3,0,1933,1660,:1630:1656:1660:1933,------myelin-exec:__myl_FcCas
12680696416,12680714400,17984,0,17984,myelin-exec:__myl_ResMulMea,649196,649196,3,0,1934,1660,:1630:1656:1660:1934,------myelin-exec:__myl_ResMulMea
12680716000,12680730528,14528,0,14528,myelin-exec:__myl_AddSqrDivMulMulTraSliSliNegConMulMulAddRes,649196,649196,3,0,1935,1660,:1630:1656:1660:1935,------myelin-exec:__myl_AddSqrDivMulMulTraSliSliNegConMulMulAddRes
12680731904,12680735456,3552,0,3552,myelin-exec:__mye726091,649196,649196,3,0,1936,1660,:1630:1656:1660:1936,------myelin-exec:__mye726091
12680736288,12680738272,1984,0,1984,myelin-exec:__mye726095,649196,649196,3,0,1937,1660,:1630:1656:1660:1937,------myelin-exec:__mye726095
12680738976,12680756928,17952,0,17952,myelin-exec:_gemm_mha_v2,649196,649196,3,0,1938,1660,:1630:1656:1660:1938,------myelin-exec:_gemm_mha_v2
12680758048,12680769792,11744,0,11744,myelin-exec:__myl_ResTra,649196,649196,3,0,1939,1660,:1630:1656:1660:1939,------myelin-exec:__myl_ResTra
12680770976,12680911616,140640,0,140640,myelin-exec:__myl_FcCasAdd,649196,649196,3,0,1940,1660,:1630:1656:1660:1940,------myelin-exec:__myl_FcCasAdd
12680912864,12680932800,19936,0,19936,myelin-exec:__myl_MulMeaAddSqrDivMulMulMulMinMaxRouCas,649196,649196,3,0,1941,1660,:1630:1656:1660:1941,------myelin-exec:__myl_MulMeaAddSqrDivMulMulMulMinMaxRouCas
12680934208,12680974816,40608,0,40608,myelin-exec:/up_proj_11/MatMul,649196,649196,3,0,1942,1660,:1630:1656:1660:1942,------myelin-exec:/up_proj_11/MatMul
12680976224,12681121504,145280,0,145280,myelin-exec:__myl_FcCasNegExpAddDivMulMul,649196,649196,3,0,1943,1660,:1630:1656:1660:1943,------myelin-exec:__myl_FcCasNegExpAddDivMulMul
12681123296,12681269376,146080,0,146080,myelin-exec:__myl_FcAdd,649196,649196,3,0,1944,1660,:1630:1656:1660:1944,------myelin-exec:__myl_FcAdd
12681271200,12681294272,23072,0,23072,myelin-exec:__myl_MulMeaAddSqrDivMulMulMinMaxRouCasMulMinMaxRouCasMulMinMaxRouCas,649196,649196,3,0,1945,1660,:1630:1656:1660:1945,------myelin-exec:__myl_MulMeaAddSqrDivMulMulMinMaxRouCasMulMinMaxRouCasMulMinMaxRouCas
12681295680,12681300672,4992,0,4992,myelin-exec:__mye726097,649196,649196,3,0,1946,1660,:1630:1656:1660:1946,------myelin-exec:__mye726097
12681301696,12681305184,3488,0,3488,myelin-exec:__mye726099,649196,649196,3,0,1947,1660,:1630:1656:1660:1947,------myelin-exec:__mye726099
12681305952,12681446240,140288,0,140288,myelin-exec:__myl_FcCas,649196,649196,3,0,1948,1660,:1630:1656:1660:1948,------myelin-exec:__myl_FcCas
12681447680,12681465536,17856,0,17856,myelin-exec:__myl_ResTraResSliRepRes,649196,649196,3,0,1949,1660,:1630:1656:1660:1949,------myelin-exec:__myl_ResTraResSliRepRes
12681466816,12681470400,3584,0,3584,myelin-exec:__mye726107,649196,649196,3,0,1950,1660,:1630:1656:1660:1950,------myelin-exec:__mye726107
12681471296,12681473696,2400,0,2400,myelin-exec:__mye726101,649196,649196,3,0,1951,1660,:1630:1656:1660:1951,------myelin-exec:__mye726101
12681474688,12681619648,144960,0,144960,myelin-exec:__myl_FcCas,649196,649196,3,0,1952,1660,:1630:1656:1660:1952,------myelin-exec:__myl_FcCas
12681621472,12681643296,21824,0,21824,myelin-exec:__myl_ResMulMea,649196,649196,3,0,1953,1660,:1630:1656:1660:1953,------myelin-exec:__myl_ResMulMea
12681644544,12681662016,17472,0,17472,myelin-exec:__myl_AddSqrDivMulMulTraSliSliNegConMulMulAddResSliRepResTraRes,649196,649196,3,0,1954,1660,:1630:1656:1660:1954,------myelin-exec:__myl_AddSqrDivMulMulTraSliSliNegConMulMulAddResSliRepResTraRes
12681663776,12681667104,3328,0,3328,myelin-exec:__mye726103,649196,649196,3,0,1955,1660,:1630:1656:1660:1955,------myelin-exec:__mye726103
12681668480,12681807808,139328,0,139328,myelin-exec:__myl_FcCas,649196,649196,3,0,1956,1660,:1630:1656:1660:1956,------myelin-exec:__myl_FcCas
12681809088,12681824480,15392,0,15392,myelin-exec:__myl_ResMulMea,649196,649196,3,0,1957,1660,:1630:1656:1660:1957,------myelin-exec:__myl_ResMulMea
12681825824,12681838944,13120,0,13120,myelin-exec:__myl_AddSqrDivMulMulTraSliSliNegConMulMulAddRes,649196,649196,3,0,1958,1660,:1630:1656:1660:1958,------myelin-exec:__myl_AddSqrDivMulMulTraSliSliNegConMulMulAddRes
12681839840,12681843360,3520,0,3520,myelin-exec:__mye726105,649196,649196,3,0,1959,1660,:1630:1656:1660:1959,------myelin-exec:__mye726105
12681843808,12681845856,2048,0,2048,myelin-exec:__mye726109,649196,649196,3,0,1960,1660,:1630:1656:1660:1960,------myelin-exec:__mye726109
12681846432,12681864224,17792,0,17792,myelin-exec:_gemm_mha_v2,649196,649196,3,0,1961,1660,:1630:1656:1660:1961,------myelin-exec:_gemm_mha_v2
12681865344,12681877280,11936,0,11936,myelin-exec:__myl_ResTra,649196,649196,3,0,1962,1660,:1630:1656:1660:1962,------myelin-exec:__myl_ResTra
12681878496,12682022048,143552,0,143552,myelin-exec:__myl_FcCasAdd,649196,649196,3,0,1963,1660,:1630:1656:1660:1963,------myelin-exec:__myl_FcCasAdd
12682023936,12682040416,16480,0,16480,myelin-exec:__myl_MulMeaAddSqrDivMulMulMulMinMaxRouCas,649196,649196,3,0,1964,1660,:1630:1656:1660:1964,------myelin-exec:__myl_MulMeaAddSqrDivMulMulMulMinMaxRouCas
12682041696,12682085824,44128,0,44128,myelin-exec:/up_proj_12/MatMul,649196,649196,3,0,1965,1660,:1630:1656:1660:1965,------myelin-exec:/up_proj_12/MatMul
12682087392,12682236576,149184,0,149184,myelin-exec:__myl_FcCasNegExpAddDivMulMul,649196,649196,3,0,1966,1660,:1630:1656:1660:1966,------myelin-exec:__myl_FcCasNegExpAddDivMulMul
12682238272,12682382400,144128,0,144128,myelin-exec:__myl_FcAdd,649196,649196,3,0,1967,1660,:1630:1656:1660:1967,------myelin-exec:__myl_FcAdd
12682384352,12682405248,20896,0,20896,myelin-exec:__myl_MulMeaAddSqrDivMulMulMinMaxRouCasMulMinMaxRouCasMulMinMaxRouCas,649196,649196,3,0,1968,1660,:1630:1656:1660:1968,------myelin-exec:__myl_MulMeaAddSqrDivMulMulMinMaxRouCasMulMinMaxRouCasMulMinMaxRouCas
12682406560,12682411872,5312,0,5312,myelin-exec:__mye726111,649196,649196,3,0,1969,1660,:1630:1656:1660:1969,------myelin-exec:__mye726111
12682412576,12682415808,3232,0,3232,myelin-exec:__mye726113,649196,649196,3,0,1970,1660,:1630:1656:1660:1970,------myelin-exec:__mye726113
12682416736,12682590720,173984,0,173984,myelin-exec:__myl_FcCas,649196,649196,3,0,1971,1660,:1630:1656:1660:1971,------myelin-exec:__myl_FcCas
12682592512,12682614528,22016,0,22016,myelin-exec:__myl_ResTraResSliRepRes,649196,649196,3,0,1972,1660,:1630:1656:1660:1972,------myelin-exec:__myl_ResTraResSliRepRes
12682616032,12682620832,4800,0,4800,myelin-exec:__mye726121,649196,649196,3,0,1973,1660,:1630:1656:1660:1973,------myelin-exec:__mye726121
12682621504,12682624672,3168,0,3168,myelin-exec:__mye726115,649196,649196,3,0,1974,1660,:1630:1656:1660:1974,------myelin-exec:__mye726115
12682625376,12682769792,144416,0,144416,myelin-exec:__myl_FcCas,649196,649196,3,0,1975,1660,:1630:1656:1660:1975,------myelin-exec:__myl_FcCas
12682771328,12682793568,22240,0,22240,myelin-exec:__myl_ResMulMea,649196,649196,3,0,1976,1660,:1630:1656:1660:1976,------myelin-exec:__myl_ResMulMea
12682794624,12682811488,16864,0,16864,myelin-exec:__myl_AddSqrDivMulMulTraSliSliNegConMulMulAddResSliRepResTraRes,649196,649196,3,0,1977,1660,:1630:1656:1660:1977,------myelin-exec:__myl_AddSqrDivMulMulTraSliSliNegConMulMulAddResSliRepResTraRes
12682812480,12682816384,3904,0,3904,myelin-exec:__mye726117,649196,649196,3,0,1978,1660,:1630:1656:1660:1978,------myelin-exec:__mye726117
12682817440,12682958592,141152,0,141152,myelin-exec:__myl_FcCas,649196,649196,3,0,1979,1660,:1630:1656:1660:1979,------myelin-exec:__myl_FcCas
12682960512,12682974816,14304,0,14304,myelin-exec:__myl_ResMulMea,649196,649196,3,0,1980,1660,:1630:1656:1660:1980,------myelin-exec:__myl_ResMulMea
12682976064,12682988544,12480,0,12480,myelin-exec:__myl_AddSqrDivMulMulTraSliSliNegConMulMulAddRes,649196,649196,3,0,1981,1660,:1630:1656:1660:1981,------myelin-exec:__myl_AddSqrDivMulMulTraSliSliNegConMulMulAddRes
12682990016,12682993760,3744,0,3744,myelin-exec:__mye726119,649196,649196,3,0,1982,1660,:1630:1656:1660:1982,------myelin-exec:__mye726119
12682994976,12682996864,1888,0,1888,myelin-exec:__mye726123,649196,649196,3,0,1983,1660,:1630:1656:1660:1983,------myelin-exec:__mye726123
12682998016,12683016672,18656,0,18656,myelin-exec:_gemm_mha_v2,649196,649196,3,0,1984,1660,:1630:1656:1660:1984,------myelin-exec:_gemm_mha_v2
12683017984,12683029824,11840,0,11840,myelin-exec:__myl_ResTra,649196,649196,3,0,1985,1660,:1630:1656:1660:1985,------myelin-exec:__myl_ResTra
12683030656,12683173024,142368,0,142368,myelin-exec:__myl_FcCasAdd,649196,649196,3,0,1986,1660,:1630:1656:1660:1986,------myelin-exec:__myl_FcCasAdd
12683174528,12683191488,16960,0,16960,myelin-exec:__myl_MulMeaAddSqrDivMulMulMulMinMaxRouCas,649196,649196,3,0,1987,1660,:1630:1656:1660:1987,------myelin-exec:__myl_MulMeaAddSqrDivMulMulMulMinMaxRouCas
12683193152,12683231808,38656,0,38656,myelin-exec:/up_proj_13/MatMul,649196,649196,3,0,1988,1660,:1630:1656:1660:1988,------myelin-exec:/up_proj_13/MatMul
12683233088,12683373920,140832,0,140832,myelin-exec:__myl_FcCasNegExpAddDivMulMul,649196,649196,3,0,1989,1660,:1630:1656:1660:1989,------myelin-exec:__myl_FcCasNegExpAddDivMulMul
12683375712,12683518144,142432,0,142432,myelin-exec:__myl_FcAdd,649196,649196,3,0,1990,1660,:1630:1656:1660:1990,------myelin-exec:__myl_FcAdd
12683520320,12683538944,18624,0,18624,myelin-exec:__myl_MulMeaAddSqrDivMulMulMinMaxRouCasMulMinMaxRouCasMulMinMaxRouCas,649196,649196,3,0,1991,1660,:1630:1656:1660:1991,------myelin-exec:__myl_MulMeaAddSqrDivMulMulMinMaxRouCasMulMinMaxRouCasMulMinMaxRouCas
12683540832,12683546080,5248,0,5248,myelin-exec:__mye726125,649196,649196,3,0,1992,1660,:1630:1656:1660:1992,------myelin-exec:__mye726125
12683547072,12683550400,3328,0,3328,myelin-exec:__mye726127,649196,649196,3,0,1993,1660,:1630:1656:1660:1993,------myelin-exec:__mye726127
12683551136,12683686656,135520,0,135520,myelin-exec:__myl_FcCas,649196,649196,3,0,1994,1660,:1630:1656:1660:1994,------myelin-exec:__myl_FcCas
12683688224,12683710080,21856,0,21856,myelin-exec:__myl_ResTraResSliRepRes,649196,649196,3,0,1995,1660,:1630:1656:1660:1995,------myelin-exec:__myl_ResTraResSliRepRes
12683712032,12683716128,4096,0,4096,myelin-exec:__mye726135,649196,649196,3,0,1996,1660,:1630:1656:1660:1996,------myelin-exec:__mye726135
12683716928,12683719808,2880,0,2880,myelin-exec:__mye726129,649196,649196,3,0,1997,1660,:1630:1656:1660:1997,------myelin-exec:__mye726129
12683720768,12683858880,138112,0,138112,myelin-exec:__myl_FcCas,649196,649196,3,0,1998,1660,:1630:1656:1660:1998,------myelin-exec:__myl_FcCas
12683860192,12683882880,22688,0,22688,myelin-exec:__myl_ResMulMea,649196,649196,3,0,1999,1660,:1630:1656:1660:1999,------myelin-exec:__myl_ResMulMea
12683884224,12683900160,15936,0,15936,myelin-exec:__myl_AddSqrDivMulMulTraSliSliNegConMulMulAddResSliRepResTraRes,649196,649196,3,0,2000,1660,:1630:1656:1660:2000,------myelin-exec:__myl_AddSqrDivMulMulTraSliSliNegConMulMulAddResSliRepResTraRes
12683901376,12683905024,3648,0,3648,myelin-exec:__mye726131,649196,649196,3,0,2001,1660,:1630:1656:1660:2001,------myelin-exec:__mye726131
12683905728,12684049280,143552,0,143552,myelin-exec:__myl_FcCas,649196,649196,3,0,2002,1660,:1630:1656:1660:2002,------myelin-exec:__myl_FcCas
12684050784,12684066624,15840,0,15840,myelin-exec:__myl_ResMulMea,649196,649196,3,0,2003,1660,:1630:1656:1660:2003,------myelin-exec:__myl_ResMulMea
12684067904,12684081120,13216,0,13216,myelin-exec:__myl_AddSqrDivMulMulTraSliSliNegConMulMulAddRes,649196,649196,3,0,2004,1660,:1630:1656:1660:2004,------myelin-exec:__myl_AddSqrDivMulMulTraSliSliNegConMulMulAddRes
12684082432,12684085728,3296,0,3296,myelin-exec:__mye726133,649196,649196,3,0,2005,1660,:1630:1656:1660:2005,------myelin-exec:__mye726133
12684086880,12684089248,2368,0,2368,myelin-exec:__mye726137,649196,649196,3,0,2006,1660,:1630:1656:1660:2006,------myelin-exec:__mye726137
12684090080,12684105184,15104,0,15104,myelin-exec:_gemm_mha_v2,649196,649196,3,0,2007,1660,:1630:1656:1660:2007,------myelin-exec:_gemm_mha_v2
12684106496,12684247712,141216,0,141216,myelin-exec:__myl_FcAdd,649196,649196,3,0,2008,1660,:1630:1656:1660:2008,------myelin-exec:__myl_FcAdd
12684249440,12684272192,22752,0,22752,myelin-exec:__myl_MulMeaAddSqrDivMulMulMulMinMaxRouCas,649196,649196,3,0,2009,1660,:1630:1656:1660:2009,------myelin-exec:__myl_MulMeaAddSqrDivMulMulMulMinMaxRouCas
12684273504,12684313024,39520,0,39520,myelin-exec:/up_proj_14/MatMul,649196,649196,3,0,2010,1660,:1630:1656:1660:2010,------myelin-exec:/up_proj_14/MatMul
12684314400,12684446560,132160,0,132160,myelin-exec:__myl_FcCasNegExpAddDivMulMul,649196,649196,3,0,2011,1660,:1630:1656:1660:2011,------myelin-exec:__myl_FcCasNegExpAddDivMulMul
12684448256,12684586304,138048,0,138048,myelin-exec:__myl_FcAdd,649196,649196,3,0,2012,1660,:1630:1656:1660:2012,------myelin-exec:__myl_FcAdd
12684587808,12684608128,20320,0,20320,myelin-exec:__myl_MulMeaAddSqrDivMulMulMinMaxRouCasMulMinMaxRouCasMulMinMaxRouCas,649196,649196,3,0,2013,1660,:1630:1656:1660:2013,------myelin-exec:__myl_MulMeaAddSqrDivMulMulMinMaxRouCasMulMinMaxRouCasMulMinMaxRouCas
12684609664,12684614688,5024,0,5024,myelin-exec:__mye726139,649196,649196,3,0,2014,1660,:1630:1656:1660:2014,------myelin-exec:__mye726139
12684615808,12684618880,3072,0,3072,myelin-exec:__mye726141,649196,649196,3,0,2015,1660,:1630:1656:1660:2015,------myelin-exec:__mye726141
12684619872,12684752160,132288,0,132288,myelin-exec:__myl_FcCas,649196,649196,3,0,2016,1660,:1630:1656:1660:2016,------myelin-exec:__myl_FcCas
12684754016,12684768608,14592,0,14592,myelin-exec:__myl_ResTraResSliRepRes,649196,649196,3,0,2017,1660,:1630:1656:1660:2017,------myelin-exec:__myl_ResTraResSliRepRes
12684769664,12684773152,3488,0,3488,myelin-exec:__mye726149,649196,649196,3,0,2018,1660,:1630:1656:1660:2018,------myelin-exec:__mye726149
12684774080,12684776352,2272,0,2272,myelin-exec:__mye726143,649196,649196,3,0,2019,1660,:1630:1656:1660:2019,------myelin-exec:__mye726143
12684777120,12684908544,131424,0,131424,myelin-exec:__myl_FcCas,649196,649196,3,0,2020,1660,:1630:1656:1660:2020,------myelin-exec:__myl_FcCas
12684909792,12684931584,21792,0,21792,myelin-exec:__myl_ResMulMea,649196,649196,3,0,2021,1660,:1630:1656:1660:2021,------myelin-exec:__myl_ResMulMea
12684933152,12684949952,16800,0,16800,myelin-exec:__myl_AddSqrDivMulMulTraSliSliNegConMulMulAddResSliRepResTraRes,649196,649196,3,0,2022,1660,:1630:1656:1660:2022,------myelin-exec:__myl_AddSqrDivMulMulTraSliSliNegConMulMulAddResSliRepResTraRes
12684951488,12684954848,3360,0,3360,myelin-exec:__mye726145,649196,649196,3,0,2023,1660,:1630:1656:1660:2023,------myelin-exec:__mye726145
12684955744,12685094464,138720,0,138720,myelin-exec:__myl_FcCas,649196,649196,3,0,2024,1660,:1630:1656:1660:2024,------myelin-exec:__myl_FcCas
12685096064,12685112448,16384,0,16384,myelin-exec:__myl_ResMulMea,649196,649196,3,0,2025,1660,:1630:1656:1660:2025,------myelin-exec:__myl_ResMulMea
12685113728,12685127136,13408,0,13408,myelin-exec:__myl_AddSqrDivMulMulTraSliSliNegConMulMulAddRes,649196,649196,3,0,2026,1660,:1630:1656:1660:2026,------myelin-exec:__myl_AddSqrDivMulMulTraSliSliNegConMulMulAddRes
12685128416,12685131808,3392,0,3392,myelin-exec:__mye726147,649196,649196,3,0,2027,1660,:1630:1656:1660:2027,------myelin-exec:__mye726147
12685132736,12685134816,2080,0,2080,myelin-exec:__mye726151,649196,649196,3,0,2028,1660,:1630:1656:1660:2028,------myelin-exec:__mye726151
12685135392,12685154048,18656,0,18656,myelin-exec:_gemm_mha_v2,649196,649196,3,0,2029,1660,:1630:1656:1660:2029,------myelin-exec:_gemm_mha_v2
12685155296,12685166944,11648,0,11648,myelin-exec:__myl_ResTra,649196,649196,3,0,2030,1660,:1630:1656:1660:2030,------myelin-exec:__myl_ResTra
12685167904,12685307232,139328,0,139328,myelin-exec:__myl_FcCasAdd,649196,649196,3,0,2031,1660,:1630:1656:1660:2031,------myelin-exec:__myl_FcCasAdd
12685309024,12685332128,23104,0,23104,myelin-exec:__myl_MulMeaAddSqrDivMulMulMulMinMaxRouCas,649196,649196,3,0,2032,1660,:1630:1656:1660:2032,------myelin-exec:__myl_MulMeaAddSqrDivMulMulMulMinMaxRouCas
12685334016,12685373312,39296,0,39296,myelin-exec:/up_proj_15/MatMul,649196,649196,3,0,2033,1660,:1630:1656:1660:2033,------myelin-exec:/up_proj_15/MatMul
12685375008,12685515776,140768,0,140768,myelin-exec:__myl_FcCasNegExpAddDivMulMul,649196,649196,3,0,2034,1660,:1630:1656:1660:2034,------myelin-exec:__myl_FcCasNegExpAddDivMulMul
12685517632,12685656864,139232,0,139232,myelin-exec:__myl_FcAdd,649196,649196,3,0,2035,1660,:1630:1656:1660:2035,------myelin-exec:__myl_FcAdd
12685658656,12685676512,17856,0,17856,myelin-exec:__myl_MulMeaAddSqrDivMulMulMinMaxRouCasMulMinMaxRouCasMulMinMaxRouCas,649196,649196,3,0,2036,1660,:1630:1656:1660:2036,------myelin-exec:__myl_MulMeaAddSqrDivMulMulMinMaxRouCasMulMinMaxRouCasMulMinMaxRouCas
12685677920,12685682656,4736,0,4736,myelin-exec:__mye726153,649196,649196,3,0,2037,1660,:1630:1656:1660:2037,------myelin-exec:__mye726153
12685683648,12685686880,3232,0,3232,myelin-exec:__mye726155,649196,649196,3,0,2038,1660,:1630:1656:1660:2038,------myelin-exec:__mye726155
12685688032,12685825280,137248,0,137248,myelin-exec:__myl_FcCas,649196,649196,3,0,2039,1660,:1630:1656:1660:2039,------myelin-exec:__myl_FcCas
12685827328,12685844096,16768,0,16768,myelin-exec:__myl_ResTraResSliRepRes,649196,649196,3,0,2040,1660,:1630:1656:1660:2040,------myelin-exec:__myl_ResTraResSliRepRes
12685845568,12685849504,3936,0,3936,myelin-exec:__mye726163,649196,649196,3,0,2041,1660,:1630:1656:1660:2041,------myelin-exec:__mye726163
12685850336,12685853312,2976,0,2976,myelin-exec:__mye726157,649196,649196,3,0,2042,1660,:1630:1656:1660:2042,------myelin-exec:__mye726157
12685854272,12685997248,142976,0,142976,myelin-exec:__myl_FcCas,649196,649196,3,0,2043,1660,:1630:1656:1660:2043,------myelin-exec:__myl_FcCas
12685998880,12686022016,23136,0,23136,myelin-exec:__myl_ResMulMea,649196,649196,3,0,2044,1660,:1630:1656:1660:2044,------myelin-exec:__myl_ResMulMea
12686023392,12686041216,17824,0,17824,myelin-exec:__myl_AddSqrDivMulMulTraSliSliNegConMulMulAddResSliRepResTraRes,649196,649196,3,0,2045,1660,:1630:1656:1660:2045,------myelin-exec:__myl_AddSqrDivMulMulTraSliSliNegConMulMulAddResSliRepResTraRes
12686042592,12686046144,3552,0,3552,myelin-exec:__mye726159,649196,649196,3,0,2046,1660,:1630:1656:1660:2046,------myelin-exec:__mye726159
12686047456,12686190080,142624,0,142624,myelin-exec:__myl_FcCas,649196,649196,3,0,2047,1660,:1630:1656:1660:2047,------myelin-exec:__myl_FcCas
12686191520,12686208064,16544,0,16544,myelin-exec:__myl_ResMulMea,649196,649196,3,0,2048,1660,:1630:1656:1660:2048,------myelin-exec:__myl_ResMulMea
12686209600,12686222272,12672,0,12672,myelin-exec:__myl_AddSqrDivMulMulTraSliSliNegConMulMulAddRes,649196,649196,3,0,2049,1660,:1630:1656:1660:2049,------myelin-exec:__myl_AddSqrDivMulMulTraSliSliNegConMulMulAddRes
12686223168,12686226592,3424,0,3424,myelin-exec:__mye726161,649196,649196,3,0,2050,1660,:1630:1656:1660:2050,------myelin-exec:__mye726161
12686227552,12686229152,1600,0,1600,myelin-exec:__mye726165,649196,649196,3,0,2051,1660,:1630:1656:1660:2051,------myelin-exec:__mye726165
12686230016,12686249760,19744,0,19744,myelin-exec:_gemm_mha_v2,649196,649196,3,0,2052,1660,:1630:1656:1660:2052,------myelin-exec:_gemm_mha_v2
12686251072,12686263232,12160,0,12160,myelin-exec:__myl_ResTra,649196,649196,3,0,2053,1660,:1630:1656:1660:2053,------myelin-exec:__myl_ResTra
12686264352,12686398624,134272,0,134272,myelin-exec:__myl_FcCasAdd,649196,649196,3,0,2054,1660,:1630:1656:1660:2054,------myelin-exec:__myl_FcCasAdd
12686400128,12686420096,19968,0,19968,myelin-exec:__myl_MulMeaAddSqrDivMulMulMulMinMaxRouCas,649196,649196,3,0,2055,1660,:1630:1656:1660:2055,------myelin-exec:__myl_MulMeaAddSqrDivMulMulMulMinMaxRouCas
12686421632,12686460576,38944,0,38944,myelin-exec:/up_proj_16/MatMul,649196,649196,3,0,2056,1660,:1630:1656:1660:2056,------myelin-exec:/up_proj_16/MatMul
12686462112,12686627488,165376,0,165376,myelin-exec:__myl_FcCasNegExpAddDivMulMul,649196,649196,3,0,2057,1660,:1630:1656:1660:2057,------myelin-exec:__myl_FcCasNegExpAddDivMulMul
12686629408,12686771776,142368,0,142368,myelin-exec:__myl_FcAdd,649196,649196,3,0,2058,1660,:1630:1656:1660:2058,------myelin-exec:__myl_FcAdd
12686773728,12686791936,18208,0,18208,myelin-exec:__myl_MulMeaAddSqrDivMulMulMinMaxRouCasMulMinMaxRouCasMulMinMaxRouCas,649196,649196,3,0,2059,1660,:1630:1656:1660:2059,------myelin-exec:__myl_MulMeaAddSqrDivMulMulMinMaxRouCasMulMinMaxRouCasMulMinMaxRouCas
12686793408,12686798464,5056,0,5056,myelin-exec:__mye726167,649196,649196,3,0,2060,1660,:1630:1656:1660:2060,------myelin-exec:__mye726167
12686799456,12686802784,3328,0,3328,myelin-exec:__mye726169,649196,649196,3,0,2061,1660,:1630:1656:1660:2061,------myelin-exec:__mye726169
12686803968,12686941824,137856,0,137856,myelin-exec:__myl_FcCas,649196,649196,3,0,2062,1660,:1630:1656:1660:2062,------myelin-exec:__myl_FcCas
12686943200,12686960736,17536,0,17536,myelin-exec:__myl_ResTraResSliRepRes,649196,649196,3,0,2063,1660,:1630:1656:1660:2063,------myelin-exec:__myl_ResTraResSliRepRes
12686961952,12686965600,3648,0,3648,myelin-exec:__mye726177,649196,649196,3,0,2064,1660,:1630:1656:1660:2064,------myelin-exec:__mye726177
12686966432,12686968960,2528,0,2528,myelin-exec:__mye726171,649196,649196,3,0,2065,1660,:1630:1656:1660:2065,------myelin-exec:__mye726171
12686970112,12687110816,140704,0,140704,myelin-exec:__myl_FcCas,649196,649196,3,0,2066,1660,:1630:1656:1660:2066,------myelin-exec:__myl_FcCas
12687112544,12687134848,22304,0,22304,myelin-exec:__myl_ResMulMea,649196,649196,3,0,2067,1660,:1630:1656:1660:2067,------myelin-exec:__myl_ResMulMea
12687136160,12687153568,17408,0,17408,myelin-exec:__myl_AddSqrDivMulMulTraSliSliNegConMulMulAddResSliRepResTraRes,649196,649196,3,0,2068,1660,:1630:1656:1660:2068,------myelin-exec:__myl_AddSqrDivMulMulTraSliSliNegConMulMulAddResSliRepResTraRes
12687154560,12687157792,3232,0,3232,myelin-exec:__mye726173,649196,649196,3,0,2069,1660,:1630:1656:1660:2069,------myelin-exec:__mye726173
12687159168,12687302496,143328,0,143328,myelin-exec:__myl_FcCas,649196,649196,3,0,2070,1660,:1630:1656:1660:2070,------myelin-exec:__myl_FcCas
12687304352,12687319264,14912,0,14912,myelin-exec:__myl_ResMulMea,649196,649196,3,0,2071,1660,:1630:1656:1660:2071,------myelin-exec:__myl_ResMulMea
12687320576,12687333568,12992,0,12992,myelin-exec:__myl_AddSqrDivMulMulTraSliSliNegConMulMulAddRes,649196,649196,3,0,2072,1660,:1630:1656:1660:2072,------myelin-exec:__myl_AddSqrDivMulMulTraSliSliNegConMulMulAddRes
12687334688,12687338272,3584,0,3584,myelin-exec:__mye726175,649196,649196,3,0,2073,1660,:1630:1656:1660:2073,------myelin-exec:__mye726175
12687339424,12687341024,1600,0,1600,myelin-exec:__mye726179,649196,649196,3,0,2074,1660,:1630:1656:1660:2074,------myelin-exec:__mye726179
12687341984,12687361984,20000,0,20000,myelin-exec:_gemm_mha_v2,649196,649196,3,0,2075,1660,:1630:1656:1660:2075,------myelin-exec:_gemm_mha_v2
12687363488,12687374944,11456,0,11456,myelin-exec:__myl_ResTra,649196,649196,3,0,2076,1660,:1630:1656:1660:2076,------myelin-exec:__myl_ResTra
12687376096,12687515168,139072,0,139072,myelin-exec:__myl_FcCasAdd,649196,649196,3,0,2077,1660,:1630:1656:1660:2077,------myelin-exec:__myl_FcCasAdd
12687516864,12687538080,21216,0,21216,myelin-exec:__myl_MulMeaAddSqrDivMulMulMulMinMaxRouCas,649196,649196,3,0,2078,1660,:1630:1656:1660:2078,------myelin-exec:__myl_MulMeaAddSqrDivMulMulMulMinMaxRouCas
12687539648,12687579040,39392,0,39392,myelin-exec:/up_proj_17/MatMul,649196,649196,3,0,2079,1660,:1630:1656:1660:2079,------myelin-exec:/up_proj_17/MatMul
12687580736,12687719520,138784,0,138784,myelin-exec:__myl_FcCasNegExpAddDivMulMul,649196,649196,3,0,2080,1660,:1630:1656:1660:2080,------myelin-exec:__myl_FcCasNegExpAddDivMulMul
12687721280,12687854848,133568,0,133568,myelin-exec:__myl_FcAdd,649196,649196,3,0,2081,1660,:1630:1656:1660:2081,------myelin-exec:__myl_FcAdd
12687856800,12687875456,18656,0,18656,myelin-exec:__myl_MulMeaAddSqrDivMulMulMinMaxRouCasMulMinMaxRouCasMulMinMaxRouCas,649196,649196,3,0,2082,1660,:1630:1656:1660:2082,------myelin-exec:__myl_MulMeaAddSqrDivMulMulMinMaxRouCasMulMinMaxRouCasMulMinMaxRouCas
12687876960,12687881280,4320,0,4320,myelin-exec:__mye726181,649196,649196,3,0,2083,1660,:1630:1656:1660:2083,------myelin-exec:__mye726181
12687881984,12687884896,2912,0,2912,myelin-exec:__mye726183,649196,649196,3,0,2084,1660,:1630:1656:1660:2084,------myelin-exec:__mye726183
12687885920,12688021280,135360,0,135360,myelin-exec:__myl_FcCas,649196,649196,3,0,2085,1660,:1630:1656:1660:2085,------myelin-exec:__myl_FcCas
12688022880,12688048096,25216,0,25216,myelin-exec:__myl_ResTraResSliRepRes,649196,649196,3,0,2086,1660,:1630:1656:1660:2086,------myelin-exec:__myl_ResTraResSliRepRes
12688049952,12688053952,4000,0,4000,myelin-exec:__mye726191,649196,649196,3,0,2087,1660,:1630:1656:1660:2087,------myelin-exec:__mye726191
12688054976,12688057920,2944,0,2944,myelin-exec:__mye726185,649196,649196,3,0,2088,1660,:1630:1656:1660:2088,------myelin-exec:__mye726185
12688058752,12688203200,144448,0,144448,myelin-exec:__myl_FcCas,649196,649196,3,0,2089,1660,:1630:1656:1660:2089,------myelin-exec:__myl_FcCas
12688204896,12688221216,16320,0,16320,myelin-exec:__myl_ResMulMea,649196,649196,3,0,2090,1660,:1630:1656:1660:2090,------myelin-exec:__myl_ResMulMea
12688222944,12688238176,15232,0,15232,myelin-exec:__myl_AddSqrDivMulMulTraSliSliNegConMulMulAddResSliRepResTraRes,649196,649196,3,0,2091,1660,:1630:1656:1660:2091,------myelin-exec:__myl_AddSqrDivMulMulTraSliSliNegConMulMulAddResSliRepResTraRes
12688239360,12688242400,3040,0,3040,myelin-exec:__mye726187,649196,649196,3,0,2092,1660,:1630:1656:1660:2092,------myelin-exec:__mye726187
12688243104,12688383776,140672,0,140672,myelin-exec:__myl_FcCas,649196,649196,3,0,2093,1660,:1630:1656:1660:2093,------myelin-exec:__myl_FcCas
12688385312,12688400640,15328,0,15328,myelin-exec:__myl_ResMulMea,649196,649196,3,0,2094,1660,:1630:1656:1660:2094,------myelin-exec:__myl_ResMulMea
12688402144,12688415200,13056,0,13056,myelin-exec:__myl_AddSqrDivMulMulTraSliSliNegConMulMulAddRes,649196,649196,3,0,2095,1660,:1630:1656:1660:2095,------myelin-exec:__myl_AddSqrDivMulMulTraSliSliNegConMulMulAddRes
12688416704,12688420224,3520,0,3520,myelin-exec:__mye726189,649196,649196,3,0,2096,1660,:1630:1656:1660:2096,------myelin-exec:__mye726189
12688421056,12688422912,1856,0,1856,myelin-exec:__mye726193,649196,649196,3,0,2097,1660,:1630:1656:1660:2097,------myelin-exec:__mye726193
12688423200,12688443232,20032,0,20032,myelin-exec:_gemm_mha_v2,649196,649196,3,0,2098,1660,:1630:1656:1660:2098,------myelin-exec:_gemm_mha_v2
12688444640,12688456480,11840,0,11840,myelin-exec:__myl_ResTra,649196,649196,3,0,2099,1660,:1630:1656:1660:2099,------myelin-exec:__myl_ResTra
12688457824,12688605152,147328,0,147328,myelin-exec:__myl_FcCasAdd,649196,649196,3,0,2100,1660,:1630:1656:1660:2100,------myelin-exec:__myl_FcCasAdd
12688606944,12688627296,20352,0,20352,myelin-exec:__myl_MulMeaAddSqrDivMulMulMulMinMaxRouCas,649196,649196,3,0,2101,1660,:1630:1656:1660:2101,------myelin-exec:__myl_MulMeaAddSqrDivMulMulMulMinMaxRouCas
12688628672,12688668128,39456,0,39456,myelin-exec:/up_proj_18/MatMul,649196,649196,3,0,2102,1660,:1630:1656:1660:2102,------myelin-exec:/up_proj_18/MatMul
12688669568,12688813952,144384,0,144384,myelin-exec:__myl_FcCasNegExpAddDivMulMul,649196,649196,3,0,2103,1660,:1630:1656:1660:2103,------myelin-exec:__myl_FcCasNegExpAddDivMulMul
12688815712,12688954400,138688,0,138688,myelin-exec:__myl_FcAdd,649196,649196,3,0,2104,1660,:1630:1656:1660:2104,------myelin-exec:__myl_FcAdd
12688956576,12688975584,19008,0,19008,myelin-exec:__myl_MulMeaAddSqrDivMulMulMinMaxRouCasMulMinMaxRouCasMulMinMaxRouCas,649196,649196,3,0,2105,1660,:1630:1656:1660:2105,------myelin-exec:__myl_MulMeaAddSqrDivMulMulMinMaxRouCasMulMinMaxRouCasMulMinMaxRouCas
12688976928,12688981376,4448,0,4448,myelin-exec:__mye726195,649196,649196,3,0,2106,1660,:1630:1656:1660:2106,------myelin-exec:__mye726195
12688982336,12688985184,2848,0,2848,myelin-exec:__mye726197,649196,649196,3,0,2107,1660,:1630:1656:1660:2107,------myelin-exec:__mye726197
12688986176,12689116224,130048,0,130048,myelin-exec:__myl_FcCas,649196,649196,3,0,2108,1660,:1630:1656:1660:2108,------myelin-exec:__myl_FcCas
12689117728,12689133856,16128,0,16128,myelin-exec:__myl_ResTraResSliRepRes,649196,649196,3,0,2109,1660,:1630:1656:1660:2109,------myelin-exec:__myl_ResTraResSliRepRes
12689135456,12689138816,3360,0,3360,myelin-exec:__mye726205,649196,649196,3,0,2110,1660,:1630:1656:1660:2110,------myelin-exec:__mye726205
12689139744,12689141888,2144,0,2144,myelin-exec:__mye726199,649196,649196,3,0,2111,1660,:1630:1656:1660:2111,------myelin-exec:__mye726199
12689142592,12689279488,136896,0,136896,myelin-exec:__myl_FcCas,649196,649196,3,0,2112,1660,:1630:1656:1660:2112,------myelin-exec:__myl_FcCas
12689281600,12689298048,16448,0,16448,myelin-exec:__myl_ResMulMea,649196,649196,3,0,2113,1660,:1630:1656:1660:2113,------myelin-exec:__myl_ResMulMea
12689299328,12689315104,15776,0,15776,myelin-exec:__myl_AddSqrDivMulMulTraSliSliNegConMulMulAddResSliRepResTraRes,649196,649196,3,0,2114,1660,:1630:1656:1660:2114,------myelin-exec:__myl_AddSqrDivMulMulTraSliSliNegConMulMulAddResSliRepResTraRes
12689316224,12689319200,2976,0,2976,myelin-exec:__mye726201,649196,649196,3,0,2115,1660,:1630:1656:1660:2115,------myelin-exec:__mye726201
12689320192,12689457760,137568,0,137568,myelin-exec:__myl_FcCas,649196,649196,3,0,2116,1660,:1630:1656:1660:2116,------myelin-exec:__myl_FcCas
12689459328,12689474560,15232,0,15232,myelin-exec:__myl_ResMulMea,649196,649196,3,0,2117,1660,:1630:1656:1660:2117,------myelin-exec:__myl_ResMulMea
12689475840,12689488256,12416,0,12416,myelin-exec:__myl_AddSqrDivMulMulTraSliSliNegConMulMulAddRes,649196,649196,3,0,2118,1660,:1630:1656:1660:2118,------myelin-exec:__myl_AddSqrDivMulMulTraSliSliNegConMulMulAddRes
12689489792,12689492832,3040,0,3040,myelin-exec:__mye726203,649196,649196,3,0,2119,1660,:1630:1656:1660:2119,------myelin-exec:__mye726203
12689493792,12689495968,2176,0,2176,myelin-exec:__mye726207,649196,649196,3,0,2120,1660,:1630:1656:1660:2120,------myelin-exec:__mye726207
12689496608,12689515776,19168,0,19168,myelin-exec:_gemm_mha_v2,649196,649196,3,0,2121,1660,:1630:1656:1660:2121,------myelin-exec:_gemm_mha_v2
12689517088,12689528384,11296,0,11296,myelin-exec:__myl_ResTra,649196,649196,3,0,2122,1660,:1630:1656:1660:2122,------myelin-exec:__myl_ResTra
12689529760,12689672640,142880,0,142880,myelin-exec:__myl_FcCasAdd,649196,649196,3,0,2123,1660,:1630:1656:1660:2123,------myelin-exec:__myl_FcCasAdd
12689674432,12689694880,20448,0,20448,myelin-exec:__myl_MulMeaAddSqrDivMulMulMulMinMaxRouCas,649196,649196,3,0,2124,1660,:1630:1656:1660:2124,------myelin-exec:__myl_MulMeaAddSqrDivMulMulMulMinMaxRouCas
12689696352,12689734496,38144,0,38144,myelin-exec:/up_proj_19/MatMul,649196,649196,3,0,2125,1660,:1630:1656:1660:2125,------myelin-exec:/up_proj_19/MatMul
12689735840,12689878784,142944,0,142944,myelin-exec:__myl_FcCasNegExpAddDivMulMul,649196,649196,3,0,2126,1660,:1630:1656:1660:2126,------myelin-exec:__myl_FcCasNegExpAddDivMulMul
12689880576,12690015680,135104,0,135104,myelin-exec:__myl_FcAdd,649196,649196,3,0,2127,1660,:1630:1656:1660:2127,------myelin-exec:__myl_FcAdd
12690017088,12690035456,18368,0,18368,myelin-exec:__myl_MulMeaAddSqrDivMulMulMinMaxRouCasMulMinMaxRouCasMulMinMaxRouCas,649196,649196,3,0,2128,1660,:1630:1656:1660:2128,------myelin-exec:__myl_MulMeaAddSqrDivMulMulMinMaxRouCasMulMinMaxRouCasMulMinMaxRouCas
12690036768,12690041216,4448,0,4448,myelin-exec:__mye726209,649196,649196,3,0,2129,1660,:1630:1656:1660:2129,------myelin-exec:__mye726209
12690041792,12690044640,2848,0,2848,myelin-exec:__mye726211,649196,649196,3,0,2130,1660,:1630:1656:1660:2130,------myelin-exec:__mye726211
12690045536,12690180704,135168,0,135168,myelin-exec:__myl_FcCas,649196,649196,3,0,2131,1660,:1630:1656:1660:2131,------myelin-exec:__myl_FcCas
12690182784,12690201472,18688,0,18688,myelin-exec:__myl_ResTraResSliRepRes,649196,649196,3,0,2132,1660,:1630:1656:1660:2132,------myelin-exec:__myl_ResTraResSliRepRes
12690202944,12690206592,3648,0,3648,myelin-exec:__mye726219,649196,649196,3,0,2133,1660,:1630:1656:1660:2133,------myelin-exec:__mye726219
12690207264,12690209728,2464,0,2464,myelin-exec:__mye726213,649196,649196,3,0,2134,1660,:1630:1656:1660:2134,------myelin-exec:__mye726213
12690210688,12690355328,144640,0,144640,myelin-exec:__myl_FcCas,649196,649196,3,0,2135,1660,:1630:1656:1660:2135,------myelin-exec:__myl_FcCas
12690357024,12690374432,17408,0,17408,myelin-exec:__myl_ResMulMea,649196,649196,3,0,2136,1660,:1630:1656:1660:2136,------myelin-exec:__myl_ResMulMea
12690376160,12690395424,19264,0,19264,myelin-exec:__myl_AddSqrDivMulMulTraSliSliNegConMulMulAddResSliRepResTraRes,649196,649196,3,0,2137,1660,:1630:1656:1660:2137,------myelin-exec:__myl_AddSqrDivMulMulTraSliSliNegConMulMulAddResSliRepResTraRes
12690396608,12690399904,3296,0,3296,myelin-exec:__mye726215,649196,649196,3,0,2138,1660,:1630:1656:1660:2138,------myelin-exec:__mye726215
12690400928,12690556032,155104,0,155104,myelin-exec:__myl_FcCas,649196,649196,3,0,2139,1660,:1630:1656:1660:2139,------myelin-exec:__myl_FcCas
12690558048,12690574016,15968,0,15968,myelin-exec:__myl_ResMulMea,649196,649196,3,0,2140,1660,:1630:1656:1660:2140,------myelin-exec:__myl_ResMulMea
12690575744,12690589472,13728,0,13728,myelin-exec:__myl_AddSqrDivMulMulTraSliSliNegConMulMulAddRes,649196,649196,3,0,2141,1660,:1630:1656:1660:2141,------myelin-exec:__myl_AddSqrDivMulMulTraSliSliNegConMulMulAddRes
12690590624,12690594016,3392,0,3392,myelin-exec:__mye726217,649196,649196,3,0,2142,1660,:1630:1656:1660:2142,------myelin-exec:__mye726217
12690595264,12690597152,1888,0,1888,myelin-exec:__mye726221,649196,649196,3,0,2143,1660,:1630:1656:1660:2143,------myelin-exec:__mye726221
12690598112,12690616672,18560,0,18560,myelin-exec:_gemm_mha_v2,649196,649196,3,0,2144,1660,:1630:1656:1660:2144,------myelin-exec:_gemm_mha_v2
12690618144,12690629664,11520,0,11520,myelin-exec:__myl_ResTra,649196,649196,3,0,2145,1660,:1630:1656:1660:2145,------myelin-exec:__myl_ResTra
12690630720,12690777120,146400,0,146400,myelin-exec:__myl_FcCasAdd,649196,649196,3,0,2146,1660,:1630:1656:1660:2146,------myelin-exec:__myl_FcCasAdd
12690778624,12690801120,22496,0,22496,myelin-exec:__myl_MulMeaAddSqrDivMulMulMulMinMaxRouCas,649196,649196,3,0,2147,1660,:1630:1656:1660:2147,------myelin-exec:__myl_MulMeaAddSqrDivMulMulMulMinMaxRouCas
12690802656,12690842752,40096,0,40096,myelin-exec:/up_proj_20/MatMul,649196,649196,3,0,2148,1660,:1630:1656:1660:2148,------myelin-exec:/up_proj_20/MatMul
12690844320,12690979296,134976,0,134976,myelin-exec:__myl_FcCasNegExpAddDivMulMul,649196,649196,3,0,2149,1660,:1630:1656:1660:2149,------myelin-exec:__myl_FcCasNegExpAddDivMulMul
12690981120,12691118656,137536,0,137536,myelin-exec:__myl_FcAdd,649196,649196,3,0,2150,1660,:1630:1656:1660:2150,------myelin-exec:__myl_FcAdd
12691120512,12691140864,20352,0,20352,myelin-exec:__myl_MulMeaAddSqrDivMulMulMinMaxRouCasMulMinMaxRouCasMulMinMaxRouCas,649196,649196,3,0,2151,1660,:1630:1656:1660:2151,------myelin-exec:__myl_MulMeaAddSqrDivMulMulMinMaxRouCasMulMinMaxRouCasMulMinMaxRouCas
12691142208,12691146848,4640,0,4640,myelin-exec:__mye726223,649196,649196,3,0,2152,1660,:1630:1656:1660:2152,------myelin-exec:__mye726223
12691147776,12691150368,2592,0,2592,myelin-exec:__mye726225,649196,649196,3,0,2153,1660,:1630:1656:1660:2153,------myelin-exec:__mye726225
12691151200,12691289248,138048,0,138048,myelin-exec:__myl_FcCas,649196,649196,3,0,2154,1660,:1630:1656:1660:2154,------myelin-exec:__myl_FcCas
12691291328,12691309408,18080,0,18080,myelin-exec:__myl_ResTraResSliRepRes,649196,649196,3,0,2155,1660,:1630:1656:1660:2155,------myelin-exec:__myl_ResTraResSliRepRes
12691311072,12691315136,4064,0,4064,myelin-exec:__mye726233,649196,649196,3,0,2156,1660,:1630:1656:1660:2156,------myelin-exec:__mye726233
12691315552,12691318496,2944,0,2944,myelin-exec:__mye726227,649196,649196,3,0,2157,1660,:1630:1656:1660:2157,------myelin-exec:__mye726227
12691319424,12691470208,150784,0,150784,myelin-exec:__myl_FcCas,649196,649196,3,0,2158,1660,:1630:1656:1660:2158,------myelin-exec:__myl_FcCas
12691471872,12691491232,19360,0,19360,myelin-exec:__myl_ResMulMea,649196,649196,3,0,2159,1660,:1630:1656:1660:2159,------myelin-exec:__myl_ResMulMea
12691492800,12691509536,16736,0,16736,myelin-exec:__myl_AddSqrDivMulMulTraSliSliNegConMulMulAddResSliRepResTraRes,649196,649196,3,0,2160,1660,:1630:1656:1660:2160,------myelin-exec:__myl_AddSqrDivMulMulTraSliSliNegConMulMulAddResSliRepResTraRes
12691510880,12691514528,3648,0,3648,myelin-exec:__mye726229,649196,649196,3,0,2161,1660,:1630:1656:1660:2161,------myelin-exec:__mye726229
12691515616,12691654336,138720,0,138720,myelin-exec:__myl_FcCas,649196,649196,3,0,2162,1660,:1630:1656:1660:2162,------myelin-exec:__myl_FcCas
12691656192,12691672192,16000,0,16000,myelin-exec:__myl_ResMulMea,649196,649196,3,0,2163,1660,:1630:1656:1660:2163,------myelin-exec:__myl_ResMulMea
12691673568,12691685792,12224,0,12224,myelin-exec:__myl_AddSqrDivMulMulTraSliSliNegConMulMulAddRes,649196,649196,3,0,2164,1660,:1630:1656:1660:2164,------myelin-exec:__myl_AddSqrDivMulMulTraSliSliNegConMulMulAddRes
12691686720,12691690336,3616,0,3616,myelin-exec:__mye726231,649196,649196,3,0,2165,1660,:1630:1656:1660:2165,------myelin-exec:__mye726231
12691691680,12691693952,2272,0,2272,myelin-exec:__mye726235,649196,649196,3,0,2166,1660,:1630:1656:1660:2166,------myelin-exec:__mye726235
12691695104,12691713248,18144,0,18144,myelin-exec:_gemm_mha_v2,649196,649196,3,0,2167,1660,:1630:1656:1660:2167,------myelin-exec:_gemm_mha_v2
12691714688,12691726528,11840,0,11840,myelin-exec:__myl_ResTra,649196,649196,3,0,2168,1660,:1630:1656:1660:2168,------myelin-exec:__myl_ResTra
12691727456,12691868608,141152,0,141152,myelin-exec:__myl_FcCasAdd,649196,649196,3,0,2169,1660,:1630:1656:1660:2169,------myelin-exec:__myl_FcCasAdd
12691870720,12691894816,24096,0,24096,myelin-exec:__myl_MulMeaAddSqrDivMulMulMulMinMaxRouCas,649196,649196,3,0,2170,1660,:1630:1656:1660:2170,------myelin-exec:__myl_MulMeaAddSqrDivMulMulMulMinMaxRouCas
12691896224,12691935808,39584,0,39584,myelin-exec:/up_proj_21/MatMul,649196,649196,3,0,2171,1660,:1630:1656:1660:2171,------myelin-exec:/up_proj_21/MatMul
12691937216,12692074816,137600,0,137600,myelin-exec:__myl_FcCasNegExpAddDivMulMul,649196,649196,3,0,2172,1660,:1630:1656:1660:2172,------myelin-exec:__myl_FcCasNegExpAddDivMulMul
12692076384,12692213568,137184,0,137184,myelin-exec:__myl_FcAdd,649196,649196,3,0,2173,1660,:1630:1656:1660:2173,------myelin-exec:__myl_FcAdd
12692215488,12692233536,18048,0,18048,myelin-exec:__myl_MulMeaAddSqrDivMulMulMinMaxRouCasMulMinMaxRouCasMulMinMaxRouCas,649196,649196,3,0,2174,1660,:1630:1656:1660:2174,------myelin-exec:__myl_MulMeaAddSqrDivMulMulMinMaxRouCasMulMinMaxRouCasMulMinMaxRouCas
12692234848,12692238816,3968,0,3968,myelin-exec:__mye726237,649196,649196,3,0,2175,1660,:1630:1656:1660:2175,------myelin-exec:__mye726237
12692239232,12692241856,2624,0,2624,myelin-exec:__mye726239,649196,649196,3,0,2176,1660,:1630:1656:1660:2176,------myelin-exec:__mye726239
12692242720,12692377216,134496,0,134496,myelin-exec:__myl_FcCas,649196,649196,3,0,2177,1660,:1630:1656:1660:2177,------myelin-exec:__myl_FcCas
12692378752,12692400768,22016,0,22016,myelin-exec:__myl_ResTraResSliRepRes,649196,649196,3,0,2178,1660,:1630:1656:1660:2178,------myelin-exec:__myl_ResTraResSliRepRes
12692402496,12692406080,3584,0,3584,myelin-exec:__mye726247,649196,649196,3,0,2179,1660,:1630:1656:1660:2179,------myelin-exec:__mye726247
12692406912,12692409536,2624,0,2624,myelin-exec:__mye726241,649196,649196,3,0,2180,1660,:1630:1656:1660:2180,------myelin-exec:__mye726241
12692410496,12692569696,159200,0,159200,myelin-exec:__myl_FcCas,649196,649196,3,0,2181,1660,:1630:1656:1660:2181,------myelin-exec:__myl_FcCas
12692571968,12692589952,17984,0,17984,myelin-exec:__myl_ResMulMea,649196,649196,3,0,2182,1660,:1630:1656:1660:2182,------myelin-exec:__myl_ResMulMea
12692591904,12692608352,16448,0,16448,myelin-exec:__myl_AddSqrDivMulMulTraSliSliNegConMulMulAddResSliRepResTraRes,649196,649196,3,0,2183,1660,:1630:1656:1660:2183,------myelin-exec:__myl_AddSqrDivMulMulTraSliSliNegConMulMulAddResSliRepResTraRes
12692609824,12692613728,3904,0,3904,myelin-exec:__mye726243,649196,649196,3,0,2184,1660,:1630:1656:1660:2184,------myelin-exec:__mye726243
12692614688,12692760992,146304,0,146304,myelin-exec:__myl_FcCas,649196,649196,3,0,2185,1660,:1630:1656:1660:2185,------myelin-exec:__myl_FcCas
12692762208,12692777376,15168,0,15168,myelin-exec:__myl_ResMulMea,649196,649196,3,0,2186,1660,:1630:1656:1660:2186,------myelin-exec:__myl_ResMulMea
12692778752,12692791680,12928,0,12928,myelin-exec:__myl_AddSqrDivMulMulTraSliSliNegConMulMulAddRes,649196,649196,3,0,2187,1660,:1630:1656:1660:2187,------myelin-exec:__myl_AddSqrDivMulMulTraSliSliNegConMulMulAddRes
12692793184,12692796352,3168,0,3168,myelin-exec:__mye726245,649196,649196,3,0,2188,1660,:1630:1656:1660:2188,------myelin-exec:__mye726245
12692797248,12692799744,2496,0,2496,myelin-exec:__mye726249,649196,649196,3,0,2189,1660,:1630:1656:1660:2189,------myelin-exec:__mye726249
12692800992,12692820288,19296,0,19296,myelin-exec:_gemm_mha_v2,649196,649196,3,0,2190,1660,:1630:1656:1660:2190,------myelin-exec:_gemm_mha_v2
12692821696,12692833152,11456,0,11456,myelin-exec:__myl_ResTra,649196,649196,3,0,2191,1660,:1630:1656:1660:2191,------myelin-exec:__myl_ResTra
12692834560,12692982944,148384,0,148384,myelin-exec:__myl_FcCasAdd,649196,649196,3,0,2192,1660,:1630:1656:1660:2192,------myelin-exec:__myl_FcCasAdd
12692984768,12693003456,18688,0,18688,myelin-exec:__myl_MulMeaAddSqrDivMulMulMulMinMaxRouCas,649196,649196,3,0,2193,1660,:1630:1656:1660:2193,------myelin-exec:__myl_MulMeaAddSqrDivMulMulMulMinMaxRouCas
12693005088,12693047008,41920,0,41920,myelin-exec:/up_proj_22/MatMul,649196,649196,3,0,2194,1660,:1630:1656:1660:2194,------myelin-exec:/up_proj_22/MatMul
12693048352,12693198400,150048,0,150048,myelin-exec:__myl_FcCasNegExpAddDivMulMul,649196,649196,3,0,2195,1660,:1630:1656:1660:2195,------myelin-exec:__myl_FcCasNegExpAddDivMulMul
12693199872,12693338528,138656,0,138656,myelin-exec:__myl_FcAdd,649196,649196,3,0,2196,1660,:1630:1656:1660:2196,------myelin-exec:__myl_FcAdd
12693340000,12693360192,20192,0,20192,myelin-exec:__myl_MulMeaAddSqrDivMulMulMinMaxRouCasMulMinMaxRouCasMulMinMaxRouCas,649196,649196,3,0,2197,1660,:1630:1656:1660:2197,------myelin-exec:__myl_MulMeaAddSqrDivMulMulMinMaxRouCasMulMinMaxRouCasMulMinMaxRouCas
12693361984,12693366752,4768,0,4768,myelin-exec:__mye726251,649196,649196,3,0,2198,1660,:1630:1656:1660:2198,------myelin-exec:__mye726251
12693367744,12693370528,2784,0,2784,myelin-exec:__mye726253,649196,649196,3,0,2199,1660,:1630:1656:1660:2199,------myelin-exec:__mye726253
12693371680,12693505920,134240,0,134240,myelin-exec:__myl_FcCas,649196,649196,3,0,2200,1660,:1630:1656:1660:2200,------myelin-exec:__myl_FcCas
12693507712,12693526304,18592,0,18592,myelin-exec:__myl_ResTraResSliRepRes,649196,649196,3,0,2201,1660,:1630:1656:1660:2201,------myelin-exec:__myl_ResTraResSliRepRes
12693527840,12693531232,3392,0,3392,myelin-exec:__mye726261,649196,649196,3,0,2202,1660,:1630:1656:1660:2202,------myelin-exec:__mye726261
12693532192,12693534464,2272,0,2272,myelin-exec:__mye726255,649196,649196,3,0,2203,1660,:1630:1656:1660:2203,------myelin-exec:__mye726255
12693535328,12693673056,137728,0,137728,myelin-exec:__myl_FcCas,649196,649196,3,0,2204,1660,:1630:1656:1660:2204,------myelin-exec:__myl_FcCas
12693674848,12693692832,17984,0,17984,myelin-exec:__myl_ResMulMea,649196,649196,3,0,2205,1660,:1630:1656:1660:2205,------myelin-exec:__myl_ResMulMea
12693694528,12693710496,15968,0,15968,myelin-exec:__myl_AddSqrDivMulMulTraSliSliNegConMulMulAddResSliRepResTraRes,649196,649196,3,0,2206,1660,:1630:1656:1660:2206,------myelin-exec:__myl_AddSqrDivMulMulTraSliSliNegConMulMulAddResSliRepResTraRes
12693711904,12693715200,3296,0,3296,myelin-exec:__mye726257,649196,649196,3,0,2207,1660,:1630:1656:1660:2207,------myelin-exec:__mye726257
12693716480,12693858048,141568,0,141568,myelin-exec:__myl_FcCas,649196,649196,3,0,2208,1660,:1630:1656:1660:2208,------myelin-exec:__myl_FcCas
12693859904,12693874496,14592,0,14592,myelin-exec:__myl_ResMulMea,649196,649196,3,0,2209,1660,:1630:1656:1660:2209,------myelin-exec:__myl_ResMulMea
12693875744,12693888256,12512,0,12512,myelin-exec:__myl_AddSqrDivMulMulTraSliSliNegConMulMulAddRes,649196,649196,3,0,2210,1660,:1630:1656:1660:2210,------myelin-exec:__myl_AddSqrDivMulMulTraSliSliNegConMulMulAddRes
12693889856,12693893152,3296,0,3296,myelin-exec:__mye726259,649196,649196,3,0,2211,1660,:1630:1656:1660:2211,------myelin-exec:__mye726259
12693894304,12693896096,1792,0,1792,myelin-exec:__mye726263,649196,649196,3,0,2212,1660,:1630:1656:1660:2212,------myelin-exec:__mye726263
12693896832,12693915744,18912,0,18912,myelin-exec:_gemm_mha_v2,649196,649196,3,0,2213,1660,:1630:1656:1660:2213,------myelin-exec:_gemm_mha_v2
12693917248,12693929664,12416,0,12416,myelin-exec:__myl_ResTra,649196,649196,3,0,2214,1660,:1630:1656:1660:2214,------myelin-exec:__myl_ResTra
12693931072,12694072448,141376,0,141376,myelin-exec:__myl_FcCasAdd,649196,649196,3,0,2215,1660,:1630:1656:1660:2215,------myelin-exec:__myl_FcCasAdd
12694074208,12694094624,20416,0,20416,myelin-exec:__myl_MulMeaAddSqrDivMulMulMulMinMaxRouCas,649196,649196,3,0,2216,1660,:1630:1656:1660:2216,------myelin-exec:__myl_MulMeaAddSqrDivMulMulMulMinMaxRouCas
12694096192,12694134816,38624,0,38624,myelin-exec:/up_proj_23/MatMul,649196,649196,3,0,2217,1660,:1630:1656:1660:2217,------myelin-exec:/up_proj_23/MatMul
12694136640,12694276928,140288,0,140288,myelin-exec:__myl_FcCasNegExpAddDivMulMul,649196,649196,3,0,2218,1660,:1630:1656:1660:2218,------myelin-exec:__myl_FcCasNegExpAddDivMulMul
12694278464,12694413984,135520,0,135520,myelin-exec:__myl_FcAdd,649196,649196,3,0,2219,1660,:1630:1656:1660:2219,------myelin-exec:__myl_FcAdd
12694415744,12694433824,18080,0,18080,myelin-exec:__myl_MulMeaAddSqrDivMulMulMinMaxRouCasMulMinMaxRouCasMulMinMaxRouCas,649196,649196,3,0,2220,1660,:1630:1656:1660:2220,------myelin-exec:__myl_MulMeaAddSqrDivMulMulMinMaxRouCasMulMinMaxRouCasMulMinMaxRouCas
12694435104,12694439456,4352,0,4352,myelin-exec:__mye726265,649196,649196,3,0,2221,1660,:1630:1656:1660:2221,------myelin-exec:__mye726265
12694440672,12694443296,2624,0,2624,myelin-exec:__mye726267,649196,649196,3,0,2222,1660,:1630:1656:1660:2222,------myelin-exec:__mye726267
12694444448,12694613728,169280,0,169280,myelin-exec:__myl_FcCas,649196,649196,3,0,2223,1660,:1630:1656:1660:2223,------myelin-exec:__myl_FcCas
12694615456,12694637664,22208,0,22208,myelin-exec:__myl_ResTraResSliRepRes,649196,649196,3,0,2224,1660,:1630:1656:1660:2224,------myelin-exec:__myl_ResTraResSliRepRes
12694639520,12694643424,3904,0,3904,myelin-exec:__mye726275,649196,649196,3,0,2225,1660,:1630:1656:1660:2225,------myelin-exec:__mye726275
12694644416,12694647040,2624,0,2624,myelin-exec:__mye726269,649196,649196,3,0,2226,1660,:1630:1656:1660:2226,------myelin-exec:__mye726269
12694648192,12694796096,147904,0,147904,myelin-exec:__myl_FcCas,649196,649196,3,0,2227,1660,:1630:1656:1660:2227,------myelin-exec:__myl_FcCas
12694797696,12694816800,19104,0,19104,myelin-exec:__myl_ResMulMea,649196,649196,3,0,2228,1660,:1630:1656:1660:2228,------myelin-exec:__myl_ResMulMea
12694818336,12694835008,16672,0,16672,myelin-exec:__myl_AddSqrDivMulMulTraSliSliNegConMulMulAddResSliRepResTraRes,649196,649196,3,0,2229,1660,:1630:1656:1660:2229,------myelin-exec:__myl_AddSqrDivMulMulTraSliSliNegConMulMulAddResSliRepResTraRes
12694836416,12694839744,3328,0,3328,myelin-exec:__mye726271,649196,649196,3,0,2230,1660,:1630:1656:1660:2230,------myelin-exec:__mye726271
12694841280,12694986208,144928,0,144928,myelin-exec:__myl_FcCas,649196,649196,3,0,2231,1660,:1630:1656:1660:2231,------myelin-exec:__myl_FcCas
12694988256,12695004640,16384,0,16384,myelin-exec:__myl_ResMulMea,649196,649196,3,0,2232,1660,:1630:1656:1660:2232,------myelin-exec:__myl_ResMulMea
12695006112,12695018048,11936,0,11936,myelin-exec:__myl_AddSqrDivMulMulTraSliSliNegConMulMulAddRes,649196,649196,3,0,2233,1660,:1630:1656:1660:2233,------myelin-exec:__myl_AddSqrDivMulMulTraSliSliNegConMulMulAddRes
12695018752,12695022592,3840,0,3840,myelin-exec:__mye726273,649196,649196,3,0,2234,1660,:1630:1656:1660:2234,------myelin-exec:__mye726273
12695023776,12695025504,1728,0,1728,myelin-exec:__mye726277,649196,649196,3,0,2235,1660,:1630:1656:1660:2235,------myelin-exec:__mye726277
12695026400,12695045280,18880,0,18880,myelin-exec:_gemm_mha_v2,649196,649196,3,0,2236,1660,:1630:1656:1660:2236,------myelin-exec:_gemm_mha_v2
12695046528,12695057952,11424,0,11424,myelin-exec:__myl_ResTra,649196,649196,3,0,2237,1660,:1630:1656:1660:2237,------myelin-exec:__myl_ResTra
12695059168,12695193568,134400,0,134400,myelin-exec:__myl_FcCasAdd,649196,649196,3,0,2238,1660,:1630:1656:1660:2238,------myelin-exec:__myl_FcCasAdd
12695195264,12695211552,16288,0,16288,myelin-exec:__myl_MulMeaAddSqrDivMulMulMulMinMaxRouCas,649196,649196,3,0,2239,1660,:1630:1656:1660:2239,------myelin-exec:__myl_MulMeaAddSqrDivMulMulMulMinMaxRouCas
12695213152,12695253984,40832,0,40832,myelin-exec:/up_proj_24/MatMul,649196,649196,3,0,2240,1660,:1630:1656:1660:2240,------myelin-exec:/up_proj_24/MatMul
12695255680,12695394208,138528,0,138528,myelin-exec:__myl_FcCasNegExpAddDivMulMul,649196,649196,3,0,2241,1660,:1630:1656:1660:2241,------myelin-exec:__myl_FcCasNegExpAddDivMulMul
12695395680,12695532608,136928,0,136928,myelin-exec:__myl_FcAdd,649196,649196,3,0,2242,1660,:1630:1656:1660:2242,------myelin-exec:__myl_FcAdd
12695534432,12695551808,17376,0,17376,myelin-exec:__myl_MulMeaAddSqrDivMulMulMinMaxRouCasMulMinMaxRouCasMulMinMaxRouCas,649196,649196,3,0,2243,1660,:1630:1656:1660:2243,------myelin-exec:__myl_MulMeaAddSqrDivMulMulMinMaxRouCasMulMinMaxRouCasMulMinMaxRouCas
12695553312,12695558144,4832,0,4832,myelin-exec:__mye726279,649196,649196,3,0,2244,1660,:1630:1656:1660:2244,------myelin-exec:__mye726279
12695558816,12695561760,2944,0,2944,myelin-exec:__mye726281,649196,649196,3,0,2245,1660,:1630:1656:1660:2245,------myelin-exec:__mye726281
12695563104,12695705504,142400,0,142400,myelin-exec:__myl_FcCas,649196,649196,3,0,2246,1660,:1630:1656:1660:2246,------myelin-exec:__myl_FcCas
12695707616,12695724224,16608,0,16608,myelin-exec:__myl_ResTraResSliRepRes,649196,649196,3,0,2247,1660,:1630:1656:1660:2247,------myelin-exec:__myl_ResTraResSliRepRes
12695726336,12695730048,3712,0,3712,myelin-exec:__mye726289,649196,649196,3,0,2248,1660,:1630:1656:1660:2248,------myelin-exec:__mye726289
12695731008,12695733312,2304,0,2304,myelin-exec:__mye726283,649196,649196,3,0,2249,1660,:1630:1656:1660:2249,------myelin-exec:__mye726283
12695734336,12695876992,142656,0,142656,myelin-exec:__myl_FcCas,649196,649196,3,0,2250,1660,:1630:1656:1660:2250,------myelin-exec:__myl_FcCas
12695878848,12695893856,15008,0,15008,myelin-exec:__myl_ResMulMea,649196,649196,3,0,2251,1660,:1630:1656:1660:2251,------myelin-exec:__myl_ResMulMea
12695895264,12695910720,15456,0,15456,myelin-exec:__myl_AddSqrDivMulMulTraSliSliNegConMulMulAddResSliRepResTraRes,649196,649196,3,0,2252,1660,:1630:1656:1660:2252,------myelin-exec:__myl_AddSqrDivMulMulTraSliSliNegConMulMulAddResSliRepResTraRes
12695912128,12695915488,3360,0,3360,myelin-exec:__mye726285,649196,649196,3,0,2253,1660,:1630:1656:1660:2253,------myelin-exec:__mye726285
12695917056,12696055200,138144,0,138144,myelin-exec:__myl_FcCas,649196,649196,3,0,2254,1660,:1630:1656:1660:2254,------myelin-exec:__myl_FcCas
12696056928,12696072000,15072,0,15072,myelin-exec:__myl_ResMulMea,649196,649196,3,0,2255,1660,:1630:1656:1660:2255,------myelin-exec:__myl_ResMulMea
12696073728,12696086016,12288,0,12288,myelin-exec:__myl_AddSqrDivMulMulTraSliSliNegConMulMulAddRes,649196,649196,3,0,2256,1660,:1630:1656:1660:2256,------myelin-exec:__myl_AddSqrDivMulMulTraSliSliNegConMulMulAddRes
12696087456,12696090752,3296,0,3296,myelin-exec:__mye726287,649196,649196,3,0,2257,1660,:1630:1656:1660:2257,------myelin-exec:__mye726287
12696091712,12696093344,1632,0,1632,myelin-exec:__mye726291,649196,649196,3,0,2258,1660,:1630:1656:1660:2258,------myelin-exec:__mye726291
12696094304,12696113536,19232,0,19232,myelin-exec:_gemm_mha_v2,649196,649196,3,0,2259,1660,:1630:1656:1660:2259,------myelin-exec:_gemm_mha_v2
12696114432,12696126080,11648,0,11648,myelin-exec:__myl_ResTra,649196,649196,3,0,2260,1660,:1630:1656:1660:2260,------myelin-exec:__myl_ResTra
12696127456,12696270592,143136,0,143136,myelin-exec:__myl_FcCasAdd,649196,649196,3,0,2261,1660,:1630:1656:1660:2261,------myelin-exec:__myl_FcCasAdd
12696272032,12696293312,21280,0,21280,myelin-exec:__myl_MulMeaAddSqrDivMulMulMulMinMaxRouCas,649196,649196,3,0,2262,1660,:1630:1656:1660:2262,------myelin-exec:__myl_MulMeaAddSqrDivMulMulMulMinMaxRouCas
12696294880,12696332512,37632,0,37632,myelin-exec:/up_proj_25/MatMul,649196,649196,3,0,2263,1660,:1630:1656:1660:2263,------myelin-exec:/up_proj_25/MatMul
12696334240,12696469248,135008,0,135008,myelin-exec:__myl_FcCasNegExpAddDivMulMul,649196,649196,3,0,2264,1660,:1630:1656:1660:2264,------myelin-exec:__myl_FcCasNegExpAddDivMulMul
12696471104,12696604128,133024,0,133024,myelin-exec:__myl_FcAdd,649196,649196,3,0,2265,1660,:1630:1656:1660:2265,------myelin-exec:__myl_FcAdd
12696605888,12696623200,17312,0,17312,myelin-exec:__myl_MulMeaAddSqrDivMulMulMinMaxRouCasMulMinMaxRouCasMulMinMaxRouCas,649196,649196,3,0,2266,1660,:1630:1656:1660:2266,------myelin-exec:__myl_MulMeaAddSqrDivMulMulMinMaxRouCasMulMinMaxRouCasMulMinMaxRouCas
12696624800,12696629152,4352,0,4352,myelin-exec:__mye726293,649196,649196,3,0,2267,1660,:1630:1656:1660:2267,------myelin-exec:__mye726293
12696630496,12696633024,2528,0,2528,myelin-exec:__mye726295,649196,649196,3,0,2268,1660,:1630:1656:1660:2268,------myelin-exec:__mye726295
12696633728,12696769184,135456,0,135456,myelin-exec:__myl_FcCas,649196,649196,3,0,2269,1660,:1630:1656:1660:2269,------myelin-exec:__myl_FcCas
12696770912,12696792960,22048,0,22048,myelin-exec:__myl_ResTraResSliRepRes,649196,649196,3,0,2270,1660,:1630:1656:1660:2270,------myelin-exec:__myl_ResTraResSliRepRes
12696794688,12696798048,3360,0,3360,myelin-exec:__mye726303,649196,649196,3,0,2271,1660,:1630:1656:1660:2271,------myelin-exec:__mye726303
12696799200,12696801344,2144,0,2144,myelin-exec:__mye726297,649196,649196,3,0,2272,1660,:1630:1656:1660:2272,------myelin-exec:__mye726297
12696801920,12696950752,148832,0,148832,myelin-exec:__myl_FcCas,649196,649196,3,0,2273,1660,:1630:1656:1660:2273,------myelin-exec:__myl_FcCas
12696952320,12696969728,17408,0,17408,myelin-exec:__myl_ResMulMea,649196,649196,3,0,2274,1660,:1630:1656:1660:2274,------myelin-exec:__myl_ResMulMea
12696971520,12696988768,17248,0,17248,myelin-exec:__myl_AddSqrDivMulMulTraSliSliNegConMulMulAddResSliRepResTraRes,649196,649196,3,0,2275,1660,:1630:1656:1660:2275,------myelin-exec:__myl_AddSqrDivMulMulTraSliSliNegConMulMulAddResSliRepResTraRes
12696990208,12696993696,3488,0,3488,myelin-exec:__mye726299,649196,649196,3,0,2276,1660,:1630:1656:1660:2276,------myelin-exec:__mye726299
12696994592,12697134720,140128,0,140128,myelin-exec:__myl_FcCas,649196,649196,3,0,2277,1660,:1630:1656:1660:2277,------myelin-exec:__myl_FcCas
12697136736,12697151840,15104,0,15104,myelin-exec:__myl_ResMulMea,649196,649196,3,0,2278,1660,:1630:1656:1660:2278,------myelin-exec:__myl_ResMulMea
12697153504,12697166240,12736,0,12736,myelin-exec:__myl_AddSqrDivMulMulTraSliSliNegConMulMulAddRes,649196,649196,3,0,2279,1660,:1630:1656:1660:2279,------myelin-exec:__myl_AddSqrDivMulMulTraSliSliNegConMulMulAddRes
12697167456,12697170880,3424,0,3424,myelin-exec:__mye726301,649196,649196,3,0,2280,1660,:1630:1656:1660:2280,------myelin-exec:__mye726301
12697171648,12697173728,2080,0,2080,myelin-exec:__mye726305,649196,649196,3,0,2281,1660,:1630:1656:1660:2281,------myelin-exec:__mye726305
12697174272,12697193728,19456,0,19456,myelin-exec:_gemm_mha_v2,649196,649196,3,0,2282,1660,:1630:1656:1660:2282,------myelin-exec:_gemm_mha_v2
12697195168,12697207232,12064,0,12064,myelin-exec:__myl_ResTra,649196,649196,3,0,2283,1660,:1630:1656:1660:2283,------myelin-exec:__myl_ResTra
12697208416,12697349440,141024,0,141024,myelin-exec:__myl_FcCasAdd,649196,649196,3,0,2284,1660,:1630:1656:1660:2284,------myelin-exec:__myl_FcCasAdd
12697351136,12697372064,20928,0,20928,myelin-exec:__myl_MulMeaAddSqrDivMulMulMulMinMaxRouCas,649196,649196,3,0,2285,1660,:1630:1656:1660:2285,------myelin-exec:__myl_MulMeaAddSqrDivMulMulMulMinMaxRouCas
12697373632,12697412512,38880,0,38880,myelin-exec:/up_proj_26/MatMul,649196,649196,3,0,2286,1660,:1630:1656:1660:2286,------myelin-exec:/up_proj_26/MatMul
12697414048,12697559584,145536,0,145536,myelin-exec:__myl_FcCasNegExpAddDivMulMul,649196,649196,3,0,2287,1660,:1630:1656:1660:2287,------myelin-exec:__myl_FcCasNegExpAddDivMulMul
12697561280,12697699232,137952,0,137952,myelin-exec:__myl_FcAdd,649196,649196,3,0,2288,1660,:1630:1656:1660:2288,------myelin-exec:__myl_FcAdd
12697701056,12697720672,19616,0,19616,myelin-exec:__myl_MulMeaAddSqrDivMulMulMinMaxRouCasMulMinMaxRouCasMulMinMaxRouCas,649196,649196,3,0,2289,1660,:1630:1656:1660:2289,------myelin-exec:__myl_MulMeaAddSqrDivMulMulMinMaxRouCasMulMinMaxRouCasMulMinMaxRouCas
12697722336,12697727616,5280,0,5280,myelin-exec:__mye726307,649196,649196,3,0,2290,1660,:1630:1656:1660:2290,------myelin-exec:__mye726307
12697728992,12697732608,3616,0,3616,myelin-exec:__mye726309,649196,649196,3,0,2291,1660,:1630:1656:1660:2291,------myelin-exec:__mye726309
12697733664,12697867328,133664,0,133664,myelin-exec:__myl_FcCas,649196,649196,3,0,2292,1660,:1630:1656:1660:2292,------myelin-exec:__myl_FcCas
12697868768,12697884768,16000,0,16000,myelin-exec:__myl_ResTraResSliRepRes,649196,649196,3,0,2293,1660,:1630:1656:1660:2293,------myelin-exec:__myl_ResTraResSliRepRes
12697886304,12697890176,3872,0,3872,myelin-exec:__mye726317,649196,649196,3,0,2294,1660,:1630:1656:1660:2294,------myelin-exec:__mye726317
12697891296,12697893728,2432,0,2432,myelin-exec:__mye726311,649196,649196,3,0,2295,1660,:1630:1656:1660:2295,------myelin-exec:__mye726311
12697894976,12698033856,138880,0,138880,myelin-exec:__myl_FcCas,649196,649196,3,0,2296,1660,:1630:1656:1660:2296,------myelin-exec:__myl_FcCas
12698035392,12698051200,15808,0,15808,myelin-exec:__myl_ResMulMea,649196,649196,3,0,2297,1660,:1630:1656:1660:2297,------myelin-exec:__myl_ResMulMea
12698052832,12698068544,15712,0,15712,myelin-exec:__myl_AddSqrDivMulMulTraSliSliNegConMulMulAddResSliRepResTraRes,649196,649196,3,0,2298,1660,:1630:1656:1660:2298,------myelin-exec:__myl_AddSqrDivMulMulTraSliSliNegConMulMulAddResSliRepResTraRes
12698070080,12698073728,3648,0,3648,myelin-exec:__mye726313,649196,649196,3,0,2299,1660,:1630:1656:1660:2299,------myelin-exec:__mye726313
12698074688,12698217984,143296,0,143296,myelin-exec:__myl_FcCas,649196,649196,3,0,2300,1660,:1630:1656:1660:2300,------myelin-exec:__myl_FcCas
12698219456,12698234944,15488,0,15488,myelin-exec:__myl_ResMulMea,649196,649196,3,0,2301,1660,:1630:1656:1660:2301,------myelin-exec:__myl_ResMulMea
12698235968,12698249216,13248,0,13248,myelin-exec:__myl_AddSqrDivMulMulTraSliSliNegConMulMulAddRes,649196,649196,3,0,2302,1660,:1630:1656:1660:2302,------myelin-exec:__myl_AddSqrDivMulMulTraSliSliNegConMulMulAddRes
12698250624,12698253888,3264,0,3264,myelin-exec:__mye726315,649196,649196,3,0,2303,1660,:1630:1656:1660:2303,------myelin-exec:__mye726315
12698255104,12698257248,2144,0,2144,myelin-exec:__mye726319,649196,649196,3,0,2304,1660,:1630:1656:1660:2304,------myelin-exec:__mye726319
12698258048,12698272096,14048,0,14048,myelin-exec:_gemm_mha_v2,649196,649196,3,0,2305,1660,:1630:1656:1660:2305,------myelin-exec:_gemm_mha_v2
12698273152,12698414688,141536,0,141536,myelin-exec:__myl_FcAdd,649196,649196,3,0,2306,1660,:1630:1656:1660:2306,------myelin-exec:__myl_FcAdd
12698416256,12698437280,21024,0,21024,myelin-exec:__myl_MulMeaAddSqrDivMulMul,649196,649196,3,0,2307,1660,:1630:1656:1660:2307,------myelin-exec:__myl_MulMeaAddSqrDivMulMul
12698438688,12698442528,3840,0,3840,myelin-exec:__mye726321,649196,649196,3,0,2308,1660,:1630:1656:1660:2308,------myelin-exec:__mye726321
12698443296,12698485440,42144,0,42144,myelin-exec:/gate_proj_27/MatMul,649196,649196,3,0,2309,1660,:1630:1656:1660:2309,------myelin-exec:/gate_proj_27/MatMul
12698487296,12698490784,3488,0,3488,myelin-exec:__mye726323,649196,649196,3,0,2310,1660,:1630:1656:1660:2310,------myelin-exec:__mye726323
12698491648,12698548320,56672,0,56672,myelin-exec:/up_proj_27/MatMul,649196,649196,3,0,2311,1660,:1630:1656:1660:2311,------myelin-exec:/up_proj_27/MatMul
12698550496,12698554912,4416,0,4416,myelin-exec:__mye726325,649196,649196,3,0,2312,1660,:1630:1656:1660:2312,------myelin-exec:__mye726325
12698556320,12698559712,3392,0,3392,myelin-exec:__mye726327,649196,649196,3,0,2313,1660,:1630:1656:1660:2313,------myelin-exec:__mye726327
12698560992,12698583520,22528,0,22528,myelin-exec:__myl_NegExpAddDivMulMul,649196,649196,3,0,2314,1660,:1630:1656:1660:2314,------myelin-exec:__myl_NegExpAddDivMulMul
12698585344,12698741728,156384,0,156384,myelin-exec:__myl_FcAdd,649196,649196,3,0,2315,1660,:1630:1656:1660:2315,------myelin-exec:__myl_FcAdd
13098576096,13098768896,192800,132128,60672,TensorRT:ExecutionContext::enqueue,649196,649196,1,1,2407,1630,:1630:2407,--TensorRT:ExecutionContext::enqueue
13098631520,13098763648,132128,77792,54336,TensorRT:{ForeignNode[/Cast.../Cast_1]},649196,649196,2,2,2411,2407,:1630:2407:2411,----TensorRT:{ForeignNode[/Cast.../Cast_1]}
13098673216,13098675392,2176,0,2176,myelin-exec:__mye60_0,649196,649196,3,0,2418,2411,:1630:2407:2411:2418,------myelin-exec:__mye60_0
13098676128,13098751744,75616,0,75616,myelin-exec:__myl_MovMulMeaAddSqrDivMulMulCas,649196,649196,3,0,2419,2411,:1630:2407:2411:2419,------myelin-exec:__myl_MovMulMeaAddSqrDivMulMulCas
13105582400,13105789056,206656,159776,46880,TensorRT:ExecutionContext::enqueue,649196,649196,1,1,2428,1630,:1630:2428,--TensorRT:ExecutionContext::enqueue
13105624992,13105784768,159776,114976,44800,TensorRT:{ForeignNode[onnx::MatMul_4 + ONNXTRT_Broadcast.../MatMul]},649196,649196,2,2,2432,2428,:1630:2428:2432,----TensorRT:{ForeignNode[onnx::MatMul_4 + ONNXTRT_Broadcast.../MatMul]}
13105656928,13105658144,1216,0,1216,myelin-exec:__mye31_0,649196,649196,3,0,2439,2432,:1630:2428:2432:2439,------myelin-exec:__mye31_0
13105658880,13105772640,113760,0,113760,myelin-exec:/MatMul,649196,649196,3,0,2440,2432,:1630:2428:2432:2440,------myelin-exec:/MatMul
13117223520,16062062144,2944838624,37846048,2906992576,:A1_decode_step_0,649196,649196,0,4,2445,,:2445,:A1_decode_step_0
13124878848,13125011840,132992,84960,48032,TensorRT:ExecutionContext::enqueue,649196,649196,1,1,2450,2445,:2445:2450,--TensorRT:ExecutionContext::enqueue
13124922560,13125007520,84960,43520,41440,TensorRT:{ForeignNode[ONNXTRT_castHelper.../Gather]},649196,649196,2,2,2454,2450,:2445:2450:2454,----TensorRT:{ForeignNode[ONNXTRT_castHelper.../Gather]}
13124953440,13124954432,992,0,992,myelin-exec:__mye39_0,649196,649196,3,0,2461,2454,:2445:2450:2454:2461,------myelin-exec:__mye39_0
13124954944,13124997472,42528,0,42528,myelin-exec:__myl_CasGat,649196,649196,3,0,2462,2454,:2445:2450:2454:2462,------myelin-exec:__myl_CasGat
15576876480,15614189472,37312992,35590560,1722432,TensorRT:ExecutionContext::enqueue,649196,649196,1,1,2471,2445,:2445:2471,--TensorRT:ExecutionContext::enqueue
15578543008,15614133568,35590560,33943040,1647520,TensorRT:{ForeignNode[/Cast.../Add_111]},649196,649196,2,699,2474,2471,:2445:2471:2474,----TensorRT:{ForeignNode[/Cast.../Add_111]}
15578837248,15578839616,2368,0,2368,myelin-exec:__mye156465_0,649196,649196,3,0,2481,2474,:2445:2471:2474:2481,------myelin-exec:__mye156465_0
15578840416,15578923232,82816,0,82816,myelin-exec:__myl_MovMulMeaAddSqrDivMulDivMinMaxRouCasDivMinMaxRouCasDivMinMaxRouCas,649196,649196,3,0,2482,2474,:2445:2471:2474:2482,------myelin-exec:__myl_MovMulMeaAddSqrDivMulDivMinMaxRouCasDivMinMaxRouCasDivMinMaxRouCas
15578926048,15578941280,15232,0,15232,myelin-exec:__mye676844,649196,649196,3,0,2483,2474,:2445:2471:2474:2483,------myelin-exec:__mye676844
15578942976,15578953440,10464,0,10464,myelin-exec:__mye676846,649196,649196,3,0,2484,2474,:2445:2471:2474:2484,------myelin-exec:__mye676846
15578954720,15579179232,224512,0,224512,myelin-exec:__myl_FcCas,649196,649196,3,0,2485,2474,:2445:2471:2474:2485,------myelin-exec:__myl_FcCas
15579181568,15579211776,30208,0,30208,myelin-exec:__myl_ResConResRep,649196,649196,3,0,2486,2474,:2445:2471:2474:2486,------myelin-exec:__myl_ResConResRep
15579213408,15579220896,7488,0,7488,myelin-exec:__mye676854,649196,649196,3,0,2487,2474,:2445:2471:2474:2487,------myelin-exec:__mye676854
15579221568,15579226720,5152,0,5152,myelin-exec:__mye676848,649196,649196,3,0,2488,2474,:2445:2471:2474:2488,------myelin-exec:__mye676848
15579227712,15579376384,148672,0,148672,myelin-exec:__myl_FcCas,649196,649196,3,0,2489,2474,:2445:2471:2474:2489,------myelin-exec:__myl_FcCas
15579377888,15579423360,45472,0,45472,myelin-exec:__myl_ResMulMea,649196,649196,3,0,2490,2474,:2445:2471:2474:2490,------myelin-exec:__myl_ResMulMea
15579424672,15579429472,4800,0,4800,myelin-exec:__mye676850,649196,649196,3,0,2491,2474,:2445:2471:2474:2491,------myelin-exec:__mye676850
15579430272,15579592032,161760,0,161760,myelin-exec:__myl_FcCas,649196,649196,3,0,2492,2474,:2445:2471:2474:2492,------myelin-exec:__myl_FcCas
15579593920,15579615264,21344,0,21344,myelin-exec:__myl_ResMulMea,649196,649196,3,0,2493,2474,:2445:2471:2474:2493,------myelin-exec:__myl_ResMulMea
15579616864,15579621536,4672,0,4672,myelin-exec:__mye676852,649196,649196,3,0,2494,2474,:2445:2471:2474:2494,------myelin-exec:__mye676852
15579622624,15579645216,22592,0,22592,myelin-exec:__myl_CasResMulConSinResCosResAddSqrAddSqrDivMulDivMulMulResSliSliNegConMulMulAddConResRepResTraEtc,649196,649196,3,0,2495,2474,:2445:2471:2474:2495,------myelin-exec:__myl_CasResMulConSinResCosResAddSqrAddSqrDivMulDivMulMulResSliSliNegConMulMulAddConResRepResTraEtc
15579646176,15579743168,96992,0,96992,myelin-exec:/MatMul,649196,649196,3,0,2496,2474,:2445:2471:2474:2496,------myelin-exec:/MatMul
15579744864,15579769376,24512,0,24512,myelin-exec:__myl_MulMaxSubExpSumDivMul,649196,649196,3,0,2497,2474,:2445:2471:2474:2497,------myelin-exec:__myl_MulMaxSubExpSumDivMul
15579770624,15579774976,4352,0,4352,myelin-exec:__mye676856,649196,649196,3,0,2498,2474,:2445:2471:2474:2498,------myelin-exec:__mye676856
15579775968,15579828416,52448,0,52448,myelin-exec:/MatMul_1,649196,649196,3,0,2499,2474,:2445:2471:2474:2499,------myelin-exec:/MatMul_1
15579829664,15579849248,19584,0,19584,myelin-exec:__myl_MulMinMaxRouCas,649196,649196,3,0,2500,2474,:2445:2471:2474:2500,------myelin-exec:__myl_MulMinMaxRouCas
15579850400,15579990432,140032,0,140032,myelin-exec:__myl_FcCasAdd,649196,649196,3,0,2501,2474,:2445:2471:2474:2501,------myelin-exec:__myl_FcCasAdd
15579992128,15580012448,20320,0,20320,myelin-exec:__myl_MulMeaAddSqrDivMulMulMulMinMaxRouCas,649196,649196,3,0,2502,2474,:2445:2471:2474:2502,------myelin-exec:__myl_MulMeaAddSqrDivMulMulMulMinMaxRouCas
15580013568,15580069952,56384,0,56384,myelin-exec:/up_proj/MatMul,649196,649196,3,0,2503,2474,:2445:2471:2474:2503,------myelin-exec:/up_proj/MatMul
15580071200,15580207296,136096,0,136096,myelin-exec:__myl_FcCasNegExpAddDivMulMul,649196,649196,3,0,2504,2474,:2445:2471:2474:2504,------myelin-exec:__myl_FcCasNegExpAddDivMulMul
15580209088,15580339904,130816,0,130816,myelin-exec:__myl_FcAdd,649196,649196,3,0,2505,2474,:2445:2471:2474:2505,------myelin-exec:__myl_FcAdd
15580341696,15580361056,19360,0,19360,myelin-exec:__myl_MulMeaAddSqrDivMulDivMinMaxRouCasDivMinMaxRouCasDivMinMaxRouCas,649196,649196,3,0,2506,2474,:2445:2471:2474:2506,------myelin-exec:__myl_MulMeaAddSqrDivMulDivMinMaxRouCasDivMinMaxRouCasDivMinMaxRouCas
15580362400,15580367872,5472,0,5472,myelin-exec:__mye676858,649196,649196,3,0,2507,2474,:2445:2471:2474:2507,------myelin-exec:__mye676858
15580368832,15580372128,3296,0,3296,myelin-exec:__mye676860,649196,649196,3,0,2508,2474,:2445:2471:2474:2508,------myelin-exec:__mye676860
15580373056,15580501536,128480,0,128480,myelin-exec:__myl_FcCas,649196,649196,3,0,2509,2474,:2445:2471:2474:2509,------myelin-exec:__myl_FcCas
15580503360,15580507616,4256,0,4256,myelin-exec:__mye676862,649196,649196,3,0,2510,2474,:2445:2471:2474:2510,------myelin-exec:__mye676862
15580508672,15580511648,2976,0,2976,myelin-exec:__mye676864,649196,649196,3,0,2511,2474,:2445:2471:2474:2511,------myelin-exec:__mye676864
15580512224,15580545152,32928,0,32928,myelin-exec:__myl_ResConResRep,649196,649196,3,0,2512,2474,:2445:2471:2474:2512,------myelin-exec:__myl_ResConResRep
15580546464,15580549344,2880,0,2880,myelin-exec:__mye676876,649196,649196,3,0,2513,2474,:2445:2471:2474:2513,------myelin-exec:__mye676876
15580549920,15580551936,2016,0,2016,myelin-exec:__mye676866,649196,649196,3,0,2514,2474,:2445:2471:2474:2514,------myelin-exec:__mye676866
15580552896,15580696384,143488,0,143488,myelin-exec:__myl_FcCas,649196,649196,3,0,2515,2474,:2445:2471:2474:2515,------myelin-exec:__myl_FcCas
15580698304,15580701984,3680,0,3680,myelin-exec:__mye676868,649196,649196,3,0,2516,2474,:2445:2471:2474:2516,------myelin-exec:__mye676868
15580702752,15580705760,3008,0,3008,myelin-exec:__mye676870,649196,649196,3,0,2517,2474,:2445:2471:2474:2517,------myelin-exec:__mye676870
15580706816,15580723360,16544,0,16544,myelin-exec:__myl_ResMulMea,649196,649196,3,0,2518,2474,:2445:2471:2474:2518,------myelin-exec:__myl_ResMulMea
15580725216,15580753024,27808,0,27808,myelin-exec:__myl_AddSqrDivMulMulResSliSliNegConMulMulAddConResRepResTra,649196,649196,3,0,2519,2474,:2445:2471:2474:2519,------myelin-exec:__myl_AddSqrDivMulMulResSliSliNegConMulMulAddConResRepResTra
15580754016,15580757632,3616,0,3616,myelin-exec:__mye676872,649196,649196,3,0,2520,2474,:2445:2471:2474:2520,------myelin-exec:__mye676872
15580758848,15580896192,137344,0,137344,myelin-exec:__myl_FcCas,649196,649196,3,0,2521,2474,:2445:2471:2474:2521,------myelin-exec:__myl_FcCas
15580897920,15580912096,14176,0,14176,myelin-exec:__myl_ResMulMea,649196,649196,3,0,2522,2474,:2445:2471:2474:2522,------myelin-exec:__myl_ResMulMea
15580913312,15580927744,14432,0,14432,myelin-exec:__myl_AddSqrDivMulMulResSliSliNegConMulMulAdd,649196,649196,3,0,2523,2474,:2445:2471:2474:2523,------myelin-exec:__myl_AddSqrDivMulMulResSliSliNegConMulMulAdd
15580928864,15580932032,3168,0,3168,myelin-exec:__mye676874,649196,649196,3,0,2524,2474,:2445:2471:2474:2524,------myelin-exec:__mye676874
15580932672,15580978080,45408,0,45408,myelin-exec:/MatMul_2,649196,649196,3,0,2525,2474,:2445:2471:2474:2525,------myelin-exec:/MatMul_2
15580979424,15580995104,15680,0,15680,myelin-exec:__myl_MulMaxSubExpSumDivMul,649196,649196,3,0,2526,2474,:2445:2471:2474:2526,------myelin-exec:__myl_MulMaxSubExpSumDivMul
15580996320,15580999904,3584,0,3584,myelin-exec:__mye676878,649196,649196,3,0,2527,2474,:2445:2471:2474:2527,------myelin-exec:__mye676878
15581000672,15581038304,37632,0,37632,myelin-exec:/MatMul_3,649196,649196,3,0,2528,2474,:2445:2471:2474:2528,------myelin-exec:/MatMul_3
15581040000,15581059296,19296,0,19296,myelin-exec:__myl_MulMinMaxRouCas,649196,649196,3,0,2529,2474,:2445:2471:2474:2529,------myelin-exec:__myl_MulMinMaxRouCas
15581060448,15581196928,136480,0,136480,myelin-exec:__myl_FcCasAdd,649196,649196,3,0,2530,2474,:2445:2471:2474:2530,------myelin-exec:__myl_FcCasAdd
15581198336,15581217952,19616,0,19616,myelin-exec:__myl_MulMeaAddSqrDivMulMulMulMinMaxRouCas,649196,649196,3,0,2531,2474,:2445:2471:2474:2531,------myelin-exec:__myl_MulMeaAddSqrDivMulMulMulMinMaxRouCas
15581219360,15581270656,51296,0,51296,myelin-exec:/up_proj_1/MatMul,649196,649196,3,0,2532,2474,:2445:2471:2474:2532,------myelin-exec:/up_proj_1/MatMul
15581272576,15581412864,140288,0,140288,myelin-exec:__myl_FcCasNegExpAddDivMulMul,649196,649196,3,0,2533,2474,:2445:2471:2474:2533,------myelin-exec:__myl_FcCasNegExpAddDivMulMul
15581414560,15581548224,133664,0,133664,myelin-exec:__myl_FcAdd,649196,649196,3,0,2534,2474,:2445:2471:2474:2534,------myelin-exec:__myl_FcAdd
15581549888,15581567520,17632,0,17632,myelin-exec:__myl_MulMeaAddSqrDivMulMul,649196,649196,3,0,2535,2474,:2445:2471:2474:2535,------myelin-exec:__myl_MulMeaAddSqrDivMulMul
15581568960,15581614016,45056,0,45056,myelin-exec:/v_proj_2/MatMul+/k_proj_2/MatMul+/q_proj_2/MatMul,649196,649196,3,0,2536,2474,:2445:2471:2474:2536,------myelin-exec:/v_proj_2/MatMul+/k_proj_2/MatMul+/q_proj_2/MatMul
15581615872,15581620992,5120,0,5120,myelin-exec:__mye676880,649196,649196,3,0,2537,2474,:2445:2471:2474:2537,------myelin-exec:__mye676880
15581622208,15581625952,3744,0,3744,myelin-exec:__mye676882,649196,649196,3,0,2538,2474,:2445:2471:2474:2538,------myelin-exec:__mye676882
15581626912,15581650464,23552,0,23552,myelin-exec:__myl_MovResConResRep,649196,649196,3,0,2539,2474,:2445:2471:2474:2539,------myelin-exec:__myl_MovResConResRep
15581651808,15581655072,3264,0,3264,myelin-exec:__mye676890,649196,649196,3,0,2540,2474,:2445:2471:2474:2540,------myelin-exec:__mye676890
15581655808,15581672064,16256,0,16256,myelin-exec:__myl_MovResMulMea,649196,649196,3,0,2541,2474,:2445:2471:2474:2541,------myelin-exec:__myl_MovResMulMea
15581673280,15581687648,14368,0,14368,myelin-exec:__myl_AddSqrDivMulMulResSliSliNegConMulMulAddConResRepResTra,649196,649196,3,0,2542,2474,:2445:2471:2474:2542,------myelin-exec:__myl_AddSqrDivMulMulResSliSliNegConMulMulAddConResRepResTra
15581688480,15581691424,2944,0,2944,myelin-exec:__mye676884,649196,649196,3,0,2543,2474,:2445:2471:2474:2543,------myelin-exec:__mye676884
15581691808,15581710464,18656,0,18656,myelin-exec:__myl_MovResMulMea,649196,649196,3,0,2544,2474,:2445:2471:2474:2544,------myelin-exec:__myl_MovResMulMea
15581711456,15581730784,19328,0,19328,myelin-exec:__myl_AddSqrDivMulMulResSliSliNegConMulMulAdd,649196,649196,3,0,2545,2474,:2445:2471:2474:2545,------myelin-exec:__myl_AddSqrDivMulMulResSliSliNegConMulMulAdd
15581731936,15581735104,3168,0,3168,myelin-exec:__mye676886,649196,649196,3,0,2546,2474,:2445:2471:2474:2546,------myelin-exec:__mye676886
15581735776,15581739264,3488,0,3488,myelin-exec:__mye676888,649196,649196,3,0,2547,2474,:2445:2471:2474:2547,------myelin-exec:__mye676888
15581740032,15581782944,42912,0,42912,myelin-exec:/MatMul_4,649196,649196,3,0,2548,2474,:2445:2471:2474:2548,------myelin-exec:/MatMul_4
15581784640,15581799264,14624,0,14624,myelin-exec:__myl_MulMaxSubExpSumDivMul,649196,649196,3,0,2549,2474,:2445:2471:2474:2549,------myelin-exec:__myl_MulMaxSubExpSumDivMul
15581800512,15581803648,3136,0,3136,myelin-exec:__mye676892,649196,649196,3,0,2550,2474,:2445:2471:2474:2550,------myelin-exec:__mye676892
15581804384,15581841056,36672,0,36672,myelin-exec:/MatMul_5,649196,649196,3,0,2551,2474,:2445:2471:2474:2551,------myelin-exec:/MatMul_5
15581842240,15581859616,17376,0,17376,myelin-exec:__myl_MulMinMaxRouCas,649196,649196,3,0,2552,2474,:2445:2471:2474:2552,------myelin-exec:__myl_MulMinMaxRouCas
15581860832,15582002080,141248,0,141248,myelin-exec:__myl_FcCasAdd,649196,649196,3,0,2553,2474,:2445:2471:2474:2553,------myelin-exec:__myl_FcCasAdd
15582003680,15582021024,17344,0,17344,myelin-exec:__myl_MulMeaAddSqrDivMulMulMulMinMaxRouCas,649196,649196,3,0,2554,2474,:2445:2471:2474:2554,------myelin-exec:__myl_MulMeaAddSqrDivMulMulMulMinMaxRouCas
15582022016,15582065632,43616,0,43616,myelin-exec:/up_proj_2/MatMul,649196,649196,3,0,2555,2474,:2445:2471:2474:2555,------myelin-exec:/up_proj_2/MatMul
15582067552,15582203808,136256,0,136256,myelin-exec:__myl_FcCasNegExpAddDivMulMul,649196,649196,3,0,2556,2474,:2445:2471:2474:2556,------myelin-exec:__myl_FcCasNegExpAddDivMulMul
15582205824,15582336544,130720,0,130720,myelin-exec:__myl_FcAdd,649196,649196,3,0,2557,2474,:2445:2471:2474:2557,------myelin-exec:__myl_FcAdd
15582338592,15582354496,15904,0,15904,myelin-exec:__myl_MulMeaAddSqrDivMulDivMinMaxRouCasDivMinMaxRouCasDivMinMaxRouCas,649196,649196,3,0,2558,2474,:2445:2471:2474:2558,------myelin-exec:__myl_MulMeaAddSqrDivMulDivMinMaxRouCasDivMinMaxRouCasDivMinMaxRouCas
15582356096,15582360608,4512,0,4512,myelin-exec:__mye676894,649196,649196,3,0,2559,2474,:2445:2471:2474:2559,------myelin-exec:__mye676894
15582361600,15582365120,3520,0,3520,myelin-exec:__mye676896,649196,649196,3,0,2560,2474,:2445:2471:2474:2560,------myelin-exec:__mye676896
15582365824,15582522656,156832,0,156832,myelin-exec:__myl_FcCas,649196,649196,3,0,2561,2474,:2445:2471:2474:2561,------myelin-exec:__myl_FcCas
15582524896,15582545920,21024,0,21024,myelin-exec:__myl_ResConResRep,649196,649196,3,0,2562,2474,:2445:2471:2474:2562,------myelin-exec:__myl_ResConResRep
15582547456,15582552320,4864,0,4864,myelin-exec:__mye676904,649196,649196,3,0,2563,2474,:2445:2471:2474:2563,------myelin-exec:__mye676904
15582553312,15582556096,2784,0,2784,myelin-exec:__mye676898,649196,649196,3,0,2564,2474,:2445:2471:2474:2564,------myelin-exec:__mye676898
15582556864,15582694272,137408,0,137408,myelin-exec:__myl_FcCas,649196,649196,3,0,2565,2474,:2445:2471:2474:2565,------myelin-exec:__myl_FcCas
15582696064,15582720672,24608,0,24608,myelin-exec:__myl_ResMulMea,649196,649196,3,0,2566,2474,:2445:2471:2474:2566,------myelin-exec:__myl_ResMulMea
15582722272,15582741056,18784,0,18784,myelin-exec:__myl_AddSqrDivMulMulResSliSliNegConMulMulAddConResRepResTra,649196,649196,3,0,2567,2474,:2445:2471:2474:2567,------myelin-exec:__myl_AddSqrDivMulMulResSliSliNegConMulMulAddConResRepResTra
15582742432,15582745888,3456,0,3456,myelin-exec:__mye676900,649196,649196,3,0,2568,2474,:2445:2471:2474:2568,------myelin-exec:__mye676900
15582746816,15582885184,138368,0,138368,myelin-exec:__myl_FcCas,649196,649196,3,0,2569,2474,:2445:2471:2474:2569,------myelin-exec:__myl_FcCas
15582886592,15582900800,14208,0,14208,myelin-exec:__myl_ResMulMea,649196,649196,3,0,2570,2474,:2445:2471:2474:2570,------myelin-exec:__myl_ResMulMea
15582902048,15582914144,12096,0,12096,myelin-exec:__myl_AddSqrDivMulMulResSliSliNegConMulMulAdd,649196,649196,3,0,2571,2474,:2445:2471:2474:2571,------myelin-exec:__myl_AddSqrDivMulMulResSliSliNegConMulMulAdd
15582915680,15582919328,3648,0,3648,myelin-exec:__mye676902,649196,649196,3,0,2572,2474,:2445:2471:2474:2572,------myelin-exec:__mye676902
15582920320,15582968256,47936,0,47936,myelin-exec:/MatMul_6,649196,649196,3,0,2573,2474,:2445:2471:2474:2573,------myelin-exec:/MatMul_6
15582969792,15582986240,16448,0,16448,myelin-exec:__myl_MulMaxSubExpSumDivMul,649196,649196,3,0,2574,2474,:2445:2471:2474:2574,------myelin-exec:__myl_MulMaxSubExpSumDivMul
15582987424,15582990944,3520,0,3520,myelin-exec:__mye676906,649196,649196,3,0,2575,2474,:2445:2471:2474:2575,------myelin-exec:__mye676906
15582991904,15583026560,34656,0,34656,myelin-exec:/MatMul_7,649196,649196,3,0,2576,2474,:2445:2471:2474:2576,------myelin-exec:/MatMul_7
15583027904,15583112224,84320,0,84320,myelin-exec:__myl_MulMinMaxRouCas,649196,649196,3,0,2577,2474,:2445:2471:2474:2577,------myelin-exec:__myl_MulMinMaxRouCas
15583113504,15583254624,141120,0,141120,myelin-exec:__myl_FcCasAdd,649196,649196,3,0,2578,2474,:2445:2471:2474:2578,------myelin-exec:__myl_FcCasAdd
15583256096,15583272768,16672,0,16672,myelin-exec:__myl_MulMeaAddSqrDivMulMulMulMinMaxRouCas,649196,649196,3,0,2579,2474,:2445:2471:2474:2579,------myelin-exec:__myl_MulMeaAddSqrDivMulMulMulMinMaxRouCas
15583274240,15583318016,43776,0,43776,myelin-exec:/up_proj_3/MatMul,649196,649196,3,0,2580,2474,:2445:2471:2474:2580,------myelin-exec:/up_proj_3/MatMul
15583319520,15583450272,130752,0,130752,myelin-exec:__myl_FcCasNegExpAddDivMulMul,649196,649196,3,0,2581,2474,:2445:2471:2474:2581,------myelin-exec:__myl_FcCasNegExpAddDivMulMul
15583451904,15583583104,131200,0,131200,myelin-exec:__myl_FcAdd,649196,649196,3,0,2582,2474,:2445:2471:2474:2582,------myelin-exec:__myl_FcAdd
15583584608,15583599616,15008,0,15008,myelin-exec:__myl_MulMeaAddSqrDivMulDivMinMaxRouCasDivMinMaxRouCasDivMinMaxRouCas,649196,649196,3,0,2583,2474,:2445:2471:2474:2583,------myelin-exec:__myl_MulMeaAddSqrDivMulDivMinMaxRouCasDivMinMaxRouCasDivMinMaxRouCas
15583600864,15583605632,4768,0,4768,myelin-exec:__mye676908,649196,649196,3,0,2584,2474,:2445:2471:2474:2584,------myelin-exec:__mye676908
15583606528,15583609536,3008,0,3008,myelin-exec:__mye676910,649196,649196,3,0,2585,2474,:2445:2471:2474:2585,------myelin-exec:__mye676910
15583610496,15583747520,137024,0,137024,myelin-exec:__myl_FcCas,649196,649196,3,0,2586,2474,:2445:2471:2474:2586,------myelin-exec:__myl_FcCas
15583749120,15583766880,17760,0,17760,myelin-exec:__myl_ResConResRep,649196,649196,3,0,2587,2474,:2445:2471:2474:2587,------myelin-exec:__myl_ResConResRep
15583768288,15583771520,3232,0,3232,myelin-exec:__mye676918,649196,649196,3,0,2588,2474,:2445:2471:2474:2588,------myelin-exec:__mye676918
15583772128,15583774592,2464,0,2464,myelin-exec:__mye676912,649196,649196,3,0,2589,2474,:2445:2471:2474:2589,------myelin-exec:__mye676912
15583775232,15583914880,139648,0,139648,myelin-exec:__myl_FcCas,649196,649196,3,0,2590,2474,:2445:2471:2474:2590,------myelin-exec:__myl_FcCas
15583916224,15583936864,20640,0,20640,myelin-exec:__myl_ResMulMea,649196,649196,3,0,2591,2474,:2445:2471:2474:2591,------myelin-exec:__myl_ResMulMea
15583937952,15583953088,15136,0,15136,myelin-exec:__myl_AddSqrDivMulMulResSliSliNegConMulMulAddConResRepResTra,649196,649196,3,0,2592,2474,:2445:2471:2474:2592,------myelin-exec:__myl_AddSqrDivMulMulResSliSliNegConMulMulAddConResRepResTra
15583954080,15583957408,3328,0,3328,myelin-exec:__mye676914,649196,649196,3,0,2593,2474,:2445:2471:2474:2593,------myelin-exec:__mye676914
15583958368,15584118304,159936,0,159936,myelin-exec:__myl_FcCas,649196,649196,3,0,2594,2474,:2445:2471:2474:2594,------myelin-exec:__myl_FcCas
15584120288,15584138592,18304,0,18304,myelin-exec:__myl_ResMulMea,649196,649196,3,0,2595,2474,:2445:2471:2474:2595,------myelin-exec:__myl_ResMulMea
15584140448,15584153952,13504,0,13504,myelin-exec:__myl_AddSqrDivMulMulResSliSliNegConMulMulAdd,649196,649196,3,0,2596,2474,:2445:2471:2474:2596,------myelin-exec:__myl_AddSqrDivMulMulResSliSliNegConMulMulAdd
15584155072,15584159328,4256,0,4256,myelin-exec:__mye676916,649196,649196,3,0,2597,2474,:2445:2471:2474:2597,------myelin-exec:__mye676916
15584160160,15584216096,55936,0,55936,myelin-exec:/MatMul_8,649196,649196,3,0,2598,2474,:2445:2471:2474:2598,------myelin-exec:/MatMul_8
15584217632,15584237760,20128,0,20128,myelin-exec:__myl_MulMaxSubExpSumDivMul,649196,649196,3,0,2599,2474,:2445:2471:2474:2599,------myelin-exec:__myl_MulMaxSubExpSumDivMul
15584239008,15584243648,4640,0,4640,myelin-exec:__mye676920,649196,649196,3,0,2600,2474,:2445:2471:2474:2600,------myelin-exec:__mye676920
15584244480,15584286016,41536,0,41536,myelin-exec:/MatMul_9,649196,649196,3,0,2601,2474,:2445:2471:2474:2601,------myelin-exec:/MatMul_9
15584287712,15584306688,18976,0,18976,myelin-exec:__myl_MulMinMaxRouCas,649196,649196,3,0,2602,2474,:2445:2471:2474:2602,------myelin-exec:__myl_MulMinMaxRouCas
15584307776,15584443968,136192,0,136192,myelin-exec:__myl_FcCasAdd,649196,649196,3,0,2603,2474,:2445:2471:2474:2603,------myelin-exec:__myl_FcCasAdd
15584445760,15584463456,17696,0,17696,myelin-exec:__myl_MulMeaAddSqrDivMulMulMulMinMaxRouCas,649196,649196,3,0,2604,2474,:2445:2471:2474:2604,------myelin-exec:__myl_MulMeaAddSqrDivMulMulMulMinMaxRouCas
15584464864,15584509952,45088,0,45088,myelin-exec:/up_proj_4/MatMul,649196,649196,3,0,2605,2474,:2445:2471:2474:2605,------myelin-exec:/up_proj_4/MatMul
15584511424,15584645376,133952,0,133952,myelin-exec:__myl_FcCasNegExpAddDivMulMul,649196,649196,3,0,2606,2474,:2445:2471:2474:2606,------myelin-exec:__myl_FcCasNegExpAddDivMulMul
15584647136,15584777728,130592,0,130592,myelin-exec:__myl_FcAdd,649196,649196,3,0,2607,2474,:2445:2471:2474:2607,------myelin-exec:__myl_FcAdd
15584779168,15584793568,14400,0,14400,myelin-exec:__myl_MulMeaAddSqrDivMulDivMinMaxRouCasDivMinMaxRouCasDivMinMaxRouCas,649196,649196,3,0,2608,2474,:2445:2471:2474:2608,------myelin-exec:__myl_MulMeaAddSqrDivMulDivMinMaxRouCasDivMinMaxRouCasDivMinMaxRouCas
15584794912,15584799520,4608,0,4608,myelin-exec:__mye676922,649196,649196,3,0,2609,2474,:2445:2471:2474:2609,------myelin-exec:__mye676922
15584800704,15584804032,3328,0,3328,myelin-exec:__mye676924,649196,649196,3,0,2610,2474,:2445:2471:2474:2610,------myelin-exec:__mye676924
15584806080,15584941056,134976,0,134976,myelin-exec:__myl_FcCas,649196,649196,3,0,2611,2474,:2445:2471:2474:2611,------myelin-exec:__myl_FcCas
15584942656,15584960160,17504,0,17504,myelin-exec:__myl_ResConResRep,649196,649196,3,0,2612,2474,:2445:2471:2474:2612,------myelin-exec:__myl_ResConResRep
15584961344,15584964896,3552,0,3552,myelin-exec:__mye676932,649196,649196,3,0,2613,2474,:2445:2471:2474:2613,------myelin-exec:__mye676932
15584965984,15584968800,2816,0,2816,myelin-exec:__mye676926,649196,649196,3,0,2614,2474,:2445:2471:2474:2614,------myelin-exec:__mye676926
15584969792,15585110496,140704,0,140704,myelin-exec:__myl_FcCas,649196,649196,3,0,2615,2474,:2445:2471:2474:2615,------myelin-exec:__myl_FcCas
15585111872,15585131904,20032,0,20032,myelin-exec:__myl_ResMulMea,649196,649196,3,0,2616,2474,:2445:2471:2474:2616,------myelin-exec:__myl_ResMulMea
15585133088,15585147712,14624,0,14624,myelin-exec:__myl_AddSqrDivMulMulResSliSliNegConMulMulAddConResRepResTra,649196,649196,3,0,2617,2474,:2445:2471:2474:2617,------myelin-exec:__myl_AddSqrDivMulMulResSliSliNegConMulMulAddConResRepResTra
15585148864,15585152384,3520,0,3520,myelin-exec:__mye676928,649196,649196,3,0,2618,2474,:2445:2471:2474:2618,------myelin-exec:__mye676928
15585153472,15585286880,133408,0,133408,myelin-exec:__myl_FcCas,649196,649196,3,0,2619,2474,:2445:2471:2474:2619,------myelin-exec:__myl_FcCas
15585288352,15585302944,14592,0,14592,myelin-exec:__myl_ResMulMea,649196,649196,3,0,2620,2474,:2445:2471:2474:2620,------myelin-exec:__myl_ResMulMea
15585304032,15585316864,12832,0,12832,myelin-exec:__myl_AddSqrDivMulMulResSliSliNegConMulMulAdd,649196,649196,3,0,2621,2474,:2445:2471:2474:2621,------myelin-exec:__myl_AddSqrDivMulMulResSliSliNegConMulMulAdd
15585317696,15585320864,3168,0,3168,myelin-exec:__mye676930,649196,649196,3,0,2622,2474,:2445:2471:2474:2622,------myelin-exec:__mye676930
15585321952,15585368832,46880,0,46880,myelin-exec:/MatMul_10,649196,649196,3,0,2623,2474,:2445:2471:2474:2623,------myelin-exec:/MatMul_10
15585370080,15585384544,14464,0,14464,myelin-exec:__myl_MulMaxSubExpSumDivMul,649196,649196,3,0,2624,2474,:2445:2471:2474:2624,------myelin-exec:__myl_MulMaxSubExpSumDivMul
15585385568,15585388800,3232,0,3232,myelin-exec:__mye676934,649196,649196,3,0,2625,2474,:2445:2471:2474:2625,------myelin-exec:__mye676934
15585390080,15585431520,41440,0,41440,myelin-exec:/MatMul_11,649196,649196,3,0,2626,2474,:2445:2471:2474:2626,------myelin-exec:/MatMul_11
15585432640,15585452608,19968,0,19968,myelin-exec:__myl_MulMinMaxRouCas,649196,649196,3,0,2627,2474,:2445:2471:2474:2627,------myelin-exec:__myl_MulMinMaxRouCas
15585453824,15585590464,136640,0,136640,myelin-exec:__myl_FcCasAdd,649196,649196,3,0,2628,2474,:2445:2471:2474:2628,------myelin-exec:__myl_FcCasAdd
15585591776,15585608000,16224,0,16224,myelin-exec:__myl_MulMeaAddSqrDivMulMulMulMinMaxRouCas,649196,649196,3,0,2629,2474,:2445:2471:2474:2629,------myelin-exec:__myl_MulMeaAddSqrDivMulMulMulMinMaxRouCas
15585609248,15585653856,44608,0,44608,myelin-exec:/up_proj_5/MatMul,649196,649196,3,0,2630,2474,:2445:2471:2474:2630,------myelin-exec:/up_proj_5/MatMul
15585655424,15585788576,133152,0,133152,myelin-exec:__myl_FcCasNegExpAddDivMulMul,649196,649196,3,0,2631,2474,:2445:2471:2474:2631,------myelin-exec:__myl_FcCasNegExpAddDivMulMul
15585789632,15585921408,131776,0,131776,myelin-exec:__myl_FcAdd,649196,649196,3,0,2632,2474,:2445:2471:2474:2632,------myelin-exec:__myl_FcAdd
15585922816,15585938080,15264,0,15264,myelin-exec:__myl_MulMeaAddSqrDivMulDivMinMaxRouCasDivMinMaxRouCasDivMinMaxRouCas,649196,649196,3,0,2633,2474,:2445:2471:2474:2633,------myelin-exec:__myl_MulMeaAddSqrDivMulDivMinMaxRouCasDivMinMaxRouCasDivMinMaxRouCas
15585939584,15585944320,4736,0,4736,myelin-exec:__mye676936,649196,649196,3,0,2634,2474,:2445:2471:2474:2634,------myelin-exec:__mye676936
15585945632,15585949120,3488,0,3488,myelin-exec:__mye676938,649196,649196,3,0,2635,2474,:2445:2471:2474:2635,------myelin-exec:__mye676938
15585950016,15586081376,131360,0,131360,myelin-exec:__myl_FcCas,649196,649196,3,0,2636,2474,:2445:2471:2474:2636,------myelin-exec:__myl_FcCas
15586082880,15586106112,23232,0,23232,myelin-exec:__myl_ResConResRep,649196,649196,3,0,2637,2474,:2445:2471:2474:2637,------myelin-exec:__myl_ResConResRep
15586107456,15586111008,3552,0,3552,myelin-exec:__mye676946,649196,649196,3,0,2638,2474,:2445:2471:2474:2638,------myelin-exec:__mye676946
15586111904,15586114432,2528,0,2528,myelin-exec:__mye676940,649196,649196,3,0,2639,2474,:2445:2471:2474:2639,------myelin-exec:__mye676940
15586115648,15586274560,158912,0,158912,myelin-exec:__myl_FcCas,649196,649196,3,0,2640,2474,:2445:2471:2474:2640,------myelin-exec:__myl_FcCas
15586276576,15586301568,24992,0,24992,myelin-exec:__myl_ResMulMea,649196,649196,3,0,2641,2474,:2445:2471:2474:2641,------myelin-exec:__myl_ResMulMea
15586303680,15586324288,20608,0,20608,myelin-exec:__myl_AddSqrDivMulMulResSliSliNegConMulMulAddConResRepResTra,649196,649196,3,0,2642,2474,:2445:2471:2474:2642,------myelin-exec:__myl_AddSqrDivMulMulResSliSliNegConMulMulAddConResRepResTra
15586325632,15586330272,4640,0,4640,myelin-exec:__mye676942,649196,649196,3,0,2643,2474,:2445:2471:2474:2643,------myelin-exec:__mye676942
15586331360,15586497120,165760,0,165760,myelin-exec:__myl_FcCas,649196,649196,3,0,2644,2474,:2445:2471:2474:2644,------myelin-exec:__myl_FcCas
15586498400,15586518016,19616,0,19616,myelin-exec:__myl_ResMulMea,649196,649196,3,0,2645,2474,:2445:2471:2474:2645,------myelin-exec:__myl_ResMulMea
15586519328,15586534400,15072,0,15072,myelin-exec:__myl_AddSqrDivMulMulResSliSliNegConMulMulAdd,649196,649196,3,0,2646,2474,:2445:2471:2474:2646,------myelin-exec:__myl_AddSqrDivMulMulResSliSliNegConMulMulAdd
15586535648,15586539584,3936,0,3936,myelin-exec:__mye676944,649196,649196,3,0,2647,2474,:2445:2471:2474:2647,------myelin-exec:__mye676944
15586540320,15586589248,48928,0,48928,myelin-exec:/MatMul_12,649196,649196,3,0,2648,2474,:2445:2471:2474:2648,------myelin-exec:/MatMul_12
15586590656,15586606720,16064,0,16064,myelin-exec:__myl_MulMaxSubExpSumDivMul,649196,649196,3,0,2649,2474,:2445:2471:2474:2649,------myelin-exec:__myl_MulMaxSubExpSumDivMul
15586607712,15586611616,3904,0,3904,myelin-exec:__mye676948,649196,649196,3,0,2650,2474,:2445:2471:2474:2650,------myelin-exec:__mye676948
15586612928,15586648896,35968,0,35968,myelin-exec:/MatMul_13,649196,649196,3,0,2651,2474,:2445:2471:2474:2651,------myelin-exec:/MatMul_13
15586650176,15586662624,12448,0,12448,myelin-exec:__myl_MulMinMaxRouCas,649196,649196,3,0,2652,2474,:2445:2471:2474:2652,------myelin-exec:__myl_MulMinMaxRouCas
15586663552,15586801952,138400,0,138400,myelin-exec:__myl_FcCasAdd,649196,649196,3,0,2653,2474,:2445:2471:2474:2653,------myelin-exec:__myl_FcCasAdd
15586803360,15586822112,18752,0,18752,myelin-exec:__myl_MulMeaAddSqrDivMulMulMulMinMaxRouCas,649196,649196,3,0,2654,2474,:2445:2471:2474:2654,------myelin-exec:__myl_MulMeaAddSqrDivMulMulMulMinMaxRouCas
15586823392,15586869952,46560,0,46560,myelin-exec:/up_proj_6/MatMul,649196,649196,3,0,2655,2474,:2445:2471:2474:2655,------myelin-exec:/up_proj_6/MatMul
15586871136,15587004864,133728,0,133728,myelin-exec:__myl_FcCasNegExpAddDivMulMul,649196,649196,3,0,2656,2474,:2445:2471:2474:2656,------myelin-exec:__myl_FcCasNegExpAddDivMulMul
15587006144,15587134656,128512,0,128512,myelin-exec:__myl_FcAdd,649196,649196,3,0,2657,2474,:2445:2471:2474:2657,------myelin-exec:__myl_FcAdd
15587136160,15587151008,14848,0,14848,myelin-exec:__myl_MulMeaAddSqrDivMulDivMinMaxRouCasDivMinMaxRouCasDivMinMaxRouCas,649196,649196,3,0,2658,2474,:2445:2471:2474:2658,------myelin-exec:__myl_MulMeaAddSqrDivMulDivMinMaxRouCasDivMinMaxRouCasDivMinMaxRouCas
15587152160,15587156928,4768,0,4768,myelin-exec:__mye676950,649196,649196,3,0,2659,2474,:2445:2471:2474:2659,------myelin-exec:__mye676950
15587157856,15587160992,3136,0,3136,myelin-exec:__mye676952,649196,649196,3,0,2660,2474,:2445:2471:2474:2660,------myelin-exec:__mye676952
15587162272,15587289984,127712,0,127712,myelin-exec:__myl_FcCas,649196,649196,3,0,2661,2474,:2445:2471:2474:2661,------myelin-exec:__myl_FcCas
15587291712,15587307840,16128,0,16128,myelin-exec:__myl_ResConResRep,649196,649196,3,0,2662,2474,:2445:2471:2474:2662,------myelin-exec:__myl_ResConResRep
15587309472,15587313024,3552,0,3552,myelin-exec:__mye676960,649196,649196,3,0,2663,2474,:2445:2471:2474:2663,------myelin-exec:__mye676960
15587313984,15587316672,2688,0,2688,myelin-exec:__mye676954,649196,649196,3,0,2664,2474,:2445:2471:2474:2664,------myelin-exec:__mye676954
15587317440,15587448448,131008,0,131008,myelin-exec:__myl_FcCas,649196,649196,3,0,2665,2474,:2445:2471:2474:2665,------myelin-exec:__myl_FcCas
15587450048,15587471712,21664,0,21664,myelin-exec:__myl_ResMulMea,649196,649196,3,0,2666,2474,:2445:2471:2474:2666,------myelin-exec:__myl_ResMulMea
15587473024,15587489088,16064,0,16064,myelin-exec:__myl_AddSqrDivMulMulResSliSliNegConMulMulAddConResRepResTra,649196,649196,3,0,2667,2474,:2445:2471:2474:2667,------myelin-exec:__myl_AddSqrDivMulMulResSliSliNegConMulMulAddConResRepResTra
15587490464,15587493952,3488,0,3488,myelin-exec:__mye676956,649196,649196,3,0,2668,2474,:2445:2471:2474:2668,------myelin-exec:__mye676956
15587494848,15587639744,144896,0,144896,myelin-exec:__myl_FcCas,649196,649196,3,0,2669,2474,:2445:2471:2474:2669,------myelin-exec:__myl_FcCas
15587641312,15587655808,14496,0,14496,myelin-exec:__myl_ResMulMea,649196,649196,3,0,2670,2474,:2445:2471:2474:2670,------myelin-exec:__myl_ResMulMea
15587657408,15587669760,12352,0,12352,myelin-exec:__myl_AddSqrDivMulMulResSliSliNegConMulMulAdd,649196,649196,3,0,2671,2474,:2445:2471:2474:2671,------myelin-exec:__myl_AddSqrDivMulMulResSliSliNegConMulMulAdd
15587670816,15587674144,3328,0,3328,myelin-exec:__mye676958,649196,649196,3,0,2672,2474,:2445:2471:2474:2672,------myelin-exec:__mye676958
15587675008,15587718432,43424,0,43424,myelin-exec:/MatMul_14,649196,649196,3,0,2673,2474,:2445:2471:2474:2673,------myelin-exec:/MatMul_14
15587719872,15587733312,13440,0,13440,myelin-exec:__myl_MulMaxSubExpSumDivMul,649196,649196,3,0,2674,2474,:2445:2471:2474:2674,------myelin-exec:__myl_MulMaxSubExpSumDivMul
15587734432,15587737568,3136,0,3136,myelin-exec:__mye676962,649196,649196,3,0,2675,2474,:2445:2471:2474:2675,------myelin-exec:__mye676962
15587738720,15587774272,35552,0,35552,myelin-exec:/MatMul_15,649196,649196,3,0,2676,2474,:2445:2471:2474:2676,------myelin-exec:/MatMul_15
15587775552,15587791488,15936,0,15936,myelin-exec:__myl_MulMinMaxRouCas,649196,649196,3,0,2677,2474,:2445:2471:2474:2677,------myelin-exec:__myl_MulMinMaxRouCas
15587792736,15587929760,137024,0,137024,myelin-exec:__myl_FcCasAdd,649196,649196,3,0,2678,2474,:2445:2471:2474:2678,------myelin-exec:__myl_FcCasAdd
15587931264,15587949952,18688,0,18688,myelin-exec:__myl_MulMeaAddSqrDivMulMulMulMinMaxRouCas,649196,649196,3,0,2679,2474,:2445:2471:2474:2679,------myelin-exec:__myl_MulMeaAddSqrDivMulMulMulMinMaxRouCas
15587950880,15587992192,41312,0,41312,myelin-exec:/up_proj_7/MatMul,649196,649196,3,0,2680,2474,:2445:2471:2474:2680,------myelin-exec:/up_proj_7/MatMul
15587993920,15588133984,140064,0,140064,myelin-exec:__myl_FcCasNegExpAddDivMulMul,649196,649196,3,0,2681,2474,:2445:2471:2474:2681,------myelin-exec:__myl_FcCasNegExpAddDivMulMul
15588135680,15588266592,130912,0,130912,myelin-exec:__myl_FcAdd,649196,649196,3,0,2682,2474,:2445:2471:2474:2682,------myelin-exec:__myl_FcAdd
15588268064,15588282880,14816,0,14816,myelin-exec:__myl_MulMeaAddSqrDivMulDivMinMaxRouCasDivMinMaxRouCasDivMinMaxRouCas,649196,649196,3,0,2683,2474,:2445:2471:2474:2683,------myelin-exec:__myl_MulMeaAddSqrDivMulDivMinMaxRouCasDivMinMaxRouCasDivMinMaxRouCas
15588284224,15588289792,5568,0,5568,myelin-exec:__mye676964,649196,649196,3,0,2684,2474,:2445:2471:2474:2684,------myelin-exec:__mye676964
15588290848,15588294208,3360,0,3360,myelin-exec:__mye676966,649196,649196,3,0,2685,2474,:2445:2471:2474:2685,------myelin-exec:__mye676966
15588295200,15588430816,135616,0,135616,myelin-exec:__myl_FcCas,649196,649196,3,0,2686,2474,:2445:2471:2474:2686,------myelin-exec:__myl_FcCas
15588432480,15588449536,17056,0,17056,myelin-exec:__myl_ResConResRep,649196,649196,3,0,2687,2474,:2445:2471:2474:2687,------myelin-exec:__myl_ResConResRep
15588450656,15588454560,3904,0,3904,myelin-exec:__mye676974,649196,649196,3,0,2688,2474,:2445:2471:2474:2688,------myelin-exec:__mye676974
15588455776,15588458208,2432,0,2432,myelin-exec:__mye676968,649196,649196,3,0,2689,2474,:2445:2471:2474:2689,------myelin-exec:__mye676968
15588459136,15588606432,147296,0,147296,myelin-exec:__myl_FcCas,649196,649196,3,0,2690,2474,:2445:2471:2474:2690,------myelin-exec:__myl_FcCas
15588608416,15588633152,24736,0,24736,myelin-exec:__myl_ResMulMea,649196,649196,3,0,2691,2474,:2445:2471:2474:2691,------myelin-exec:__myl_ResMulMea
15588635200,15588656736,21536,0,21536,myelin-exec:__myl_AddSqrDivMulMulResSliSliNegConMulMulAddConResRepResTra,649196,649196,3,0,2692,2474,:2445:2471:2474:2692,------myelin-exec:__myl_AddSqrDivMulMulResSliSliNegConMulMulAddConResRepResTra
15588658624,15588663232,4608,0,4608,myelin-exec:__mye676970,649196,649196,3,0,2693,2474,:2445:2471:2474:2693,------myelin-exec:__mye676970
15588664064,15588804864,140800,0,140800,myelin-exec:__myl_FcCas,649196,649196,3,0,2694,2474,:2445:2471:2474:2694,------myelin-exec:__myl_FcCas
15588806880,15588821536,14656,0,14656,myelin-exec:__myl_ResMulMea,649196,649196,3,0,2695,2474,:2445:2471:2474:2695,------myelin-exec:__myl_ResMulMea
15588822752,15588834912,12160,0,12160,myelin-exec:__myl_AddSqrDivMulMulResSliSliNegConMulMulAdd,649196,649196,3,0,2696,2474,:2445:2471:2474:2696,------myelin-exec:__myl_AddSqrDivMulMulResSliSliNegConMulMulAdd
15588836256,15588840128,3872,0,3872,myelin-exec:__mye676972,649196,649196,3,0,2697,2474,:2445:2471:2474:2697,------myelin-exec:__mye676972
15588841056,15588884480,43424,0,43424,myelin-exec:/MatMul_16,649196,649196,3,0,2698,2474,:2445:2471:2474:2698,------myelin-exec:/MatMul_16
15588886112,15588899936,13824,0,13824,myelin-exec:__myl_MulMaxSubExpSumDivMul,649196,649196,3,0,2699,2474,:2445:2471:2474:2699,------myelin-exec:__myl_MulMaxSubExpSumDivMul
15588901120,15588904544,3424,0,3424,myelin-exec:__mye676976,649196,649196,3,0,2700,2474,:2445:2471:2474:2700,------myelin-exec:__mye676976
15588906016,15588943136,37120,0,37120,myelin-exec:/MatMul_17,649196,649196,3,0,2701,2474,:2445:2471:2474:2701,------myelin-exec:/MatMul_17
15588944480,15589084672,140192,0,140192,myelin-exec:__myl_FcAdd,649196,649196,3,0,2702,2474,:2445:2471:2474:2702,------myelin-exec:__myl_FcAdd
15589086016,15589103872,17856,0,17856,myelin-exec:__myl_MulMeaAddSqrDivMulMulMulMinMaxRouCas,649196,649196,3,0,2703,2474,:2445:2471:2474:2703,------myelin-exec:__myl_MulMeaAddSqrDivMulMulMulMinMaxRouCas
15589105312,15589155584,50272,0,50272,myelin-exec:/up_proj_8/MatMul,649196,649196,3,0,2704,2474,:2445:2471:2474:2704,------myelin-exec:/up_proj_8/MatMul
15589156928,15589290336,133408,0,133408,myelin-exec:__myl_FcCasNegExpAddDivMulMul,649196,649196,3,0,2705,2474,:2445:2471:2474:2705,------myelin-exec:__myl_FcCasNegExpAddDivMulMul
15589291840,15589420224,128384,0,128384,myelin-exec:__myl_FcAdd,649196,649196,3,0,2706,2474,:2445:2471:2474:2706,------myelin-exec:__myl_FcAdd
15589421568,15589436128,14560,0,14560,myelin-exec:__myl_MulMeaAddSqrDivMulDivMinMaxRouCasDivMinMaxRouCasDivMinMaxRouCas,649196,649196,3,0,2707,2474,:2445:2471:2474:2707,------myelin-exec:__myl_MulMeaAddSqrDivMulDivMinMaxRouCasDivMinMaxRouCasDivMinMaxRouCas
15589437568,15589441824,4256,0,4256,myelin-exec:__mye676978,649196,649196,3,0,2708,2474,:2445:2471:2474:2708,------myelin-exec:__mye676978
15589443008,15589446176,3168,0,3168,myelin-exec:__mye676980,649196,649196,3,0,2709,2474,:2445:2471:2474:2709,------myelin-exec:__mye676980
15589447232,15589580576,133344,0,133344,myelin-exec:__myl_FcCas,649196,649196,3,0,2710,2474,:2445:2471:2474:2710,------myelin-exec:__myl_FcCas
15589582528,15589598880,16352,0,16352,myelin-exec:__myl_ResConResRep,649196,649196,3,0,2711,2474,:2445:2471:2474:2711,------myelin-exec:__myl_ResConResRep
15589600000,15589603680,3680,0,3680,myelin-exec:__mye676988,649196,649196,3,0,2712,2474,:2445:2471:2474:2712,------myelin-exec:__mye676988
15589605056,15589607936,2880,0,2880,myelin-exec:__mye676982,649196,649196,3,0,2713,2474,:2445:2471:2474:2713,------myelin-exec:__mye676982
15589609024,15589750624,141600,0,141600,myelin-exec:__myl_FcCas,649196,649196,3,0,2714,2474,:2445:2471:2474:2714,------myelin-exec:__myl_FcCas
15589751904,15589771456,19552,0,19552,myelin-exec:__myl_ResMulMea,649196,649196,3,0,2715,2474,:2445:2471:2474:2715,------myelin-exec:__myl_ResMulMea
15589773152,15589789056,15904,0,15904,myelin-exec:__myl_AddSqrDivMulMulResSliSliNegConMulMulAddConResRepResTra,649196,649196,3,0,2716,2474,:2445:2471:2474:2716,------myelin-exec:__myl_AddSqrDivMulMulResSliSliNegConMulMulAddConResRepResTra
15589790272,15589794592,4320,0,4320,myelin-exec:__mye676984,649196,649196,3,0,2717,2474,:2445:2471:2474:2717,------myelin-exec:__mye676984
15589795264,15589930176,134912,0,134912,myelin-exec:__myl_FcCas,649196,649196,3,0,2718,2474,:2445:2471:2474:2718,------myelin-exec:__myl_FcCas
15589931488,15589945856,14368,0,14368,myelin-exec:__myl_ResMulMea,649196,649196,3,0,2719,2474,:2445:2471:2474:2719,------myelin-exec:__myl_ResMulMea
15589947296,15589960128,12832,0,12832,myelin-exec:__myl_AddSqrDivMulMulResSliSliNegConMulMulAdd,649196,649196,3,0,2720,2474,:2445:2471:2474:2720,------myelin-exec:__myl_AddSqrDivMulMulResSliSliNegConMulMulAdd
15589961312,15589965088,3776,0,3776,myelin-exec:__mye676986,649196,649196,3,0,2721,2474,:2445:2471:2474:2721,------myelin-exec:__mye676986
15589965760,15590011456,45696,0,45696,myelin-exec:/MatMul_18,649196,649196,3,0,2722,2474,:2445:2471:2474:2722,------myelin-exec:/MatMul_18
15590012576,15590028160,15584,0,15584,myelin-exec:__myl_MulMaxSubExpSumDivMul,649196,649196,3,0,2723,2474,:2445:2471:2474:2723,------myelin-exec:__myl_MulMaxSubExpSumDivMul
15590029248,15590032288,3040,0,3040,myelin-exec:__mye676990,649196,649196,3,0,2724,2474,:2445:2471:2474:2724,------myelin-exec:__mye676990
15590033312,15590068832,35520,0,35520,myelin-exec:/MatMul_19,649196,649196,3,0,2725,2474,:2445:2471:2474:2725,------myelin-exec:/MatMul_19
15590070624,15590086720,16096,0,16096,myelin-exec:__myl_MulMinMaxRouCas,649196,649196,3,0,2726,2474,:2445:2471:2474:2726,------myelin-exec:__myl_MulMinMaxRouCas
15590088128,15590222944,134816,0,134816,myelin-exec:__myl_FcCasAdd,649196,649196,3,0,2727,2474,:2445:2471:2474:2727,------myelin-exec:__myl_FcCasAdd
15590224704,15590242400,17696,0,17696,myelin-exec:__myl_MulMeaAddSqrDivMulMulMulMinMaxRouCas,649196,649196,3,0,2728,2474,:2445:2471:2474:2728,------myelin-exec:__myl_MulMeaAddSqrDivMulMulMulMinMaxRouCas
15590243936,15590283520,39584,0,39584,myelin-exec:/up_proj_9/MatMul,649196,649196,3,0,2729,2474,:2445:2471:2474:2729,------myelin-exec:/up_proj_9/MatMul
15590285312,15590421920,136608,0,136608,myelin-exec:__myl_FcCasNegExpAddDivMulMul,649196,649196,3,0,2730,2474,:2445:2471:2474:2730,------myelin-exec:__myl_FcCasNegExpAddDivMulMul
15590423328,15590591904,168576,0,168576,myelin-exec:__myl_FcAdd,649196,649196,3,0,2731,2474,:2445:2471:2474:2731,------myelin-exec:__myl_FcAdd
15590593728,15590613344,19616,0,19616,myelin-exec:__myl_MulMeaAddSqrDivMulDivMinMaxRouCasDivMinMaxRouCasDivMinMaxRouCas,649196,649196,3,0,2732,2474,:2445:2471:2474:2732,------myelin-exec:__myl_MulMeaAddSqrDivMulDivMinMaxRouCasDivMinMaxRouCasDivMinMaxRouCas
15590615136,15590620864,5728,0,5728,myelin-exec:__mye676992,649196,649196,3,0,2733,2474,:2445:2471:2474:2733,------myelin-exec:__mye676992
15590621728,15590625312,3584,0,3584,myelin-exec:__mye676994,649196,649196,3,0,2734,2474,:2445:2471:2474:2734,------myelin-exec:__mye676994
15590626464,15590759488,133024,0,133024,myelin-exec:__myl_FcCas,649196,649196,3,0,2735,2474,:2445:2471:2474:2735,------myelin-exec:__myl_FcCas
15590761024,15590785696,24672,0,24672,myelin-exec:__myl_ResConResRep,649196,649196,3,0,2736,2474,:2445:2471:2474:2736,------myelin-exec:__myl_ResConResRep
15590787360,15590791744,4384,0,4384,myelin-exec:__mye677002,649196,649196,3,0,2737,2474,:2445:2471:2474:2737,------myelin-exec:__mye677002
15590792480,15590795360,2880,0,2880,myelin-exec:__mye676996,649196,649196,3,0,2738,2474,:2445:2471:2474:2738,------myelin-exec:__mye676996
15590796384,15590927680,131296,0,131296,myelin-exec:__myl_FcCas,649196,649196,3,0,2739,2474,:2445:2471:2474:2739,------myelin-exec:__myl_FcCas
15590929472,15590950368,20896,0,20896,myelin-exec:__myl_ResMulMea,649196,649196,3,0,2740,2474,:2445:2471:2474:2740,------myelin-exec:__myl_ResMulMea
15590951904,15590967264,15360,0,15360,myelin-exec:__myl_AddSqrDivMulMulResSliSliNegConMulMulAddConResRepResTra,649196,649196,3,0,2741,2474,:2445:2471:2474:2741,------myelin-exec:__myl_AddSqrDivMulMulResSliSliNegConMulMulAddConResRepResTra
15590968832,15590972288,3456,0,3456,myelin-exec:__mye676998,649196,649196,3,0,2742,2474,:2445:2471:2474:2742,------myelin-exec:__mye676998
15590973536,15591117024,143488,0,143488,myelin-exec:__myl_FcCas,649196,649196,3,0,2743,2474,:2445:2471:2474:2743,------myelin-exec:__myl_FcCas
15591118464,15591132768,14304,0,14304,myelin-exec:__myl_ResMulMea,649196,649196,3,0,2744,2474,:2445:2471:2474:2744,------myelin-exec:__myl_ResMulMea
15591134240,15591145824,11584,0,11584,myelin-exec:__myl_AddSqrDivMulMulResSliSliNegConMulMulAdd,649196,649196,3,0,2745,2474,:2445:2471:2474:2745,------myelin-exec:__myl_AddSqrDivMulMulResSliSliNegConMulMulAdd
15591146880,15591150560,3680,0,3680,myelin-exec:__mye677000,649196,649196,3,0,2746,2474,:2445:2471:2474:2746,------myelin-exec:__mye677000
15591151456,15591193984,42528,0,42528,myelin-exec:/MatMul_20,649196,649196,3,0,2747,2474,:2445:2471:2474:2747,------myelin-exec:/MatMul_20
15591195552,15591209664,14112,0,14112,myelin-exec:__myl_MulMaxSubExpSumDivMul,649196,649196,3,0,2748,2474,:2445:2471:2474:2748,------myelin-exec:__myl_MulMaxSubExpSumDivMul
15591210912,15591214272,3360,0,3360,myelin-exec:__mye677004,649196,649196,3,0,2749,2474,:2445:2471:2474:2749,------myelin-exec:__mye677004
15591215328,15591253568,38240,0,38240,myelin-exec:/MatMul_21,649196,649196,3,0,2750,2474,:2445:2471:2474:2750,------myelin-exec:/MatMul_21
15591255072,15591274176,19104,0,19104,myelin-exec:__myl_MulMinMaxRouCas,649196,649196,3,0,2751,2474,:2445:2471:2474:2751,------myelin-exec:__myl_MulMinMaxRouCas
15591275040,15591418880,143840,0,143840,myelin-exec:__myl_FcCasAdd,649196,649196,3,0,2752,2474,:2445:2471:2474:2752,------myelin-exec:__myl_FcCasAdd
15591420448,15591440000,19552,0,19552,myelin-exec:__myl_MulMeaAddSqrDivMulMulMulMinMaxRouCas,649196,649196,3,0,2753,2474,:2445:2471:2474:2753,------myelin-exec:__myl_MulMeaAddSqrDivMulMulMulMinMaxRouCas
15591441280,15591483744,42464,0,42464,myelin-exec:/up_proj_10/MatMul,649196,649196,3,0,2754,2474,:2445:2471:2474:2754,------myelin-exec:/up_proj_10/MatMul
15591485056,15591619552,134496,0,134496,myelin-exec:__myl_FcCasNegExpAddDivMulMul,649196,649196,3,0,2755,2474,:2445:2471:2474:2755,------myelin-exec:__myl_FcCasNegExpAddDivMulMul
15591620960,15591750336,129376,0,129376,myelin-exec:__myl_FcAdd,649196,649196,3,0,2756,2474,:2445:2471:2474:2756,------myelin-exec:__myl_FcAdd
15591751808,15591766688,14880,0,14880,myelin-exec:__myl_MulMeaAddSqrDivMulDivMinMaxRouCasDivMinMaxRouCasDivMinMaxRouCas,649196,649196,3,0,2757,2474,:2445:2471:2474:2757,------myelin-exec:__myl_MulMeaAddSqrDivMulDivMinMaxRouCasDivMinMaxRouCasDivMinMaxRouCas
15591767968,15591772960,4992,0,4992,myelin-exec:__mye677006,649196,649196,3,0,2758,2474,:2445:2471:2474:2758,------myelin-exec:__mye677006
15591773568,15591776640,3072,0,3072,myelin-exec:__mye677008,649196,649196,3,0,2759,2474,:2445:2471:2474:2759,------myelin-exec:__mye677008
15591777664,15591916544,138880,0,138880,myelin-exec:__myl_FcCas,649196,649196,3,0,2760,2474,:2445:2471:2474:2760,------myelin-exec:__myl_FcCas
15591918144,15591934592,16448,0,16448,myelin-exec:__myl_ResConResRep,649196,649196,3,0,2761,2474,:2445:2471:2474:2761,------myelin-exec:__myl_ResConResRep
15591935936,15591939680,3744,0,3744,myelin-exec:__mye677016,649196,649196,3,0,2762,2474,:2445:2471:2474:2762,------myelin-exec:__mye677016
15591940576,15591942880,2304,0,2304,myelin-exec:__mye677010,649196,649196,3,0,2763,2474,:2445:2471:2474:2763,------myelin-exec:__mye677010
15591943904,15592071712,127808,0,127808,myelin-exec:__myl_FcCas,649196,649196,3,0,2764,2474,:2445:2471:2474:2764,------myelin-exec:__myl_FcCas
15592073440,15592094848,21408,0,21408,myelin-exec:__myl_ResMulMea,649196,649196,3,0,2765,2474,:2445:2471:2474:2765,------myelin-exec:__myl_ResMulMea
15592096480,15592112544,16064,0,16064,myelin-exec:__myl_AddSqrDivMulMulResSliSliNegConMulMulAddConResRepResTra,649196,649196,3,0,2766,2474,:2445:2471:2474:2766,------myelin-exec:__myl_AddSqrDivMulMulResSliSliNegConMulMulAddConResRepResTra
15592113824,15592117184,3360,0,3360,myelin-exec:__mye677012,649196,649196,3,0,2767,2474,:2445:2471:2474:2767,------myelin-exec:__mye677012
15592117824,15592253120,135296,0,135296,myelin-exec:__myl_FcCas,649196,649196,3,0,2768,2474,:2445:2471:2474:2768,------myelin-exec:__myl_FcCas
15592255264,15592270752,15488,0,15488,myelin-exec:__myl_ResMulMea,649196,649196,3,0,2769,2474,:2445:2471:2474:2769,------myelin-exec:__myl_ResMulMea
15592272544,15592286016,13472,0,13472,myelin-exec:__myl_AddSqrDivMulMulResSliSliNegConMulMulAdd,649196,649196,3,0,2770,2474,:2445:2471:2474:2770,------myelin-exec:__myl_AddSqrDivMulMulResSliSliNegConMulMulAdd
15592287104,15592291136,4032,0,4032,myelin-exec:__mye677014,649196,649196,3,0,2771,2474,:2445:2471:2474:2771,------myelin-exec:__mye677014
15592292064,15592334272,42208,0,42208,myelin-exec:/MatMul_22,649196,649196,3,0,2772,2474,:2445:2471:2474:2772,------myelin-exec:/MatMul_22
15592335552,15592349664,14112,0,14112,myelin-exec:__myl_MulMaxSubExpSumDivMul,649196,649196,3,0,2773,2474,:2445:2471:2474:2773,------myelin-exec:__myl_MulMaxSubExpSumDivMul
15592350784,15592353856,3072,0,3072,myelin-exec:__mye677018,649196,649196,3,0,2774,2474,:2445:2471:2474:2774,------myelin-exec:__mye677018
15592354752,15592389792,35040,0,35040,myelin-exec:/MatMul_23,649196,649196,3,0,2775,2474,:2445:2471:2474:2775,------myelin-exec:/MatMul_23
15592391168,15592409088,17920,0,17920,myelin-exec:__myl_MulMinMaxRouCas,649196,649196,3,0,2776,2474,:2445:2471:2474:2776,------myelin-exec:__myl_MulMinMaxRouCas
15592410592,15592546400,135808,0,135808,myelin-exec:__myl_FcCasAdd,649196,649196,3,0,2777,2474,:2445:2471:2474:2777,------myelin-exec:__myl_FcCasAdd
15592547872,15592566656,18784,0,18784,myelin-exec:__myl_MulMeaAddSqrDivMulMulMulMinMaxRouCas,649196,649196,3,0,2778,2474,:2445:2471:2474:2778,------myelin-exec:__myl_MulMeaAddSqrDivMulMulMulMinMaxRouCas
15592567584,15592613120,45536,0,45536,myelin-exec:/up_proj_11/MatMul,649196,649196,3,0,2779,2474,:2445:2471:2474:2779,------myelin-exec:/up_proj_11/MatMul
15592614688,15592745440,130752,0,130752,myelin-exec:__myl_FcCasNegExpAddDivMulMul,649196,649196,3,0,2780,2474,:2445:2471:2474:2780,------myelin-exec:__myl_FcCasNegExpAddDivMulMul
15592747200,15592877792,130592,0,130592,myelin-exec:__myl_FcAdd,649196,649196,3,0,2781,2474,:2445:2471:2474:2781,------myelin-exec:__myl_FcAdd
15592879392,15592894112,14720,0,14720,myelin-exec:__myl_MulMeaAddSqrDivMulDivMinMaxRouCasDivMinMaxRouCasDivMinMaxRouCas,649196,649196,3,0,2782,2474,:2445:2471:2474:2782,------myelin-exec:__myl_MulMeaAddSqrDivMulDivMinMaxRouCasDivMinMaxRouCasDivMinMaxRouCas
15592895392,15592900224,4832,0,4832,myelin-exec:__mye677020,649196,649196,3,0,2783,2474,:2445:2471:2474:2783,------myelin-exec:__mye677020
15592901184,15592904064,2880,0,2880,myelin-exec:__mye677022,649196,649196,3,0,2784,2474,:2445:2471:2474:2784,------myelin-exec:__mye677022
15592904992,15593041088,136096,0,136096,myelin-exec:__myl_FcCas,649196,649196,3,0,2785,2474,:2445:2471:2474:2785,------myelin-exec:__myl_FcCas
15593043136,15593061120,17984,0,17984,myelin-exec:__myl_ResConResRep,649196,649196,3,0,2786,2474,:2445:2471:2474:2786,------myelin-exec:__myl_ResConResRep
15593062528,15593066048,3520,0,3520,myelin-exec:__mye677030,649196,649196,3,0,2787,2474,:2445:2471:2474:2787,------myelin-exec:__mye677030
15593067264,15593070240,2976,0,2976,myelin-exec:__mye677024,649196,649196,3,0,2788,2474,:2445:2471:2474:2788,------myelin-exec:__mye677024
15593071328,15593198944,127616,0,127616,myelin-exec:__myl_FcCas,649196,649196,3,0,2789,2474,:2445:2471:2474:2789,------myelin-exec:__myl_FcCas
15593200608,15593219968,19360,0,19360,myelin-exec:__myl_ResMulMea,649196,649196,3,0,2790,2474,:2445:2471:2474:2790,------myelin-exec:__myl_ResMulMea
15593221696,15593237984,16288,0,16288,myelin-exec:__myl_AddSqrDivMulMulResSliSliNegConMulMulAddConResRepResTra,649196,649196,3,0,2791,2474,:2445:2471:2474:2791,------myelin-exec:__myl_AddSqrDivMulMulResSliSliNegConMulMulAddConResRepResTra
15593239520,15593243104,3584,0,3584,myelin-exec:__mye677026,649196,649196,3,0,2792,2474,:2445:2471:2474:2792,------myelin-exec:__mye677026
15593243936,15593394592,150656,0,150656,myelin-exec:__myl_FcCas,649196,649196,3,0,2793,2474,:2445:2471:2474:2793,------myelin-exec:__myl_FcCas
15593396608,15593414688,18080,0,18080,myelin-exec:__myl_ResMulMea,649196,649196,3,0,2794,2474,:2445:2471:2474:2794,------myelin-exec:__myl_ResMulMea
15593416384,15593431392,15008,0,15008,myelin-exec:__myl_AddSqrDivMulMulResSliSliNegConMulMulAdd,649196,649196,3,0,2795,2474,:2445:2471:2474:2795,------myelin-exec:__myl_AddSqrDivMulMulResSliSliNegConMulMulAdd
15593432768,15593436736,3968,0,3968,myelin-exec:__mye677028,649196,649196,3,0,2796,2474,:2445:2471:2474:2796,------myelin-exec:__mye677028
15593438016,15593484320,46304,0,46304,myelin-exec:/MatMul_24,649196,649196,3,0,2797,2474,:2445:2471:2474:2797,------myelin-exec:/MatMul_24
15593485920,15593501440,15520,0,15520,myelin-exec:__myl_MulMaxSubExpSumDivMul,649196,649196,3,0,2798,2474,:2445:2471:2474:2798,------myelin-exec:__myl_MulMaxSubExpSumDivMul
15593502816,15593506048,3232,0,3232,myelin-exec:__mye677032,649196,649196,3,0,2799,2474,:2445:2471:2474:2799,------myelin-exec:__mye677032
15593506944,15593543360,36416,0,36416,myelin-exec:/MatMul_25,649196,649196,3,0,2800,2474,:2445:2471:2474:2800,------myelin-exec:/MatMul_25
15593544832,15593561344,16512,0,16512,myelin-exec:__myl_MulMinMaxRouCas,649196,649196,3,0,2801,2474,:2445:2471:2474:2801,------myelin-exec:__myl_MulMinMaxRouCas
15593562912,15593700800,137888,0,137888,myelin-exec:__myl_FcCasAdd,649196,649196,3,0,2802,2474,:2445:2471:2474:2802,------myelin-exec:__myl_FcCasAdd
15593702336,15593717216,14880,0,14880,myelin-exec:__myl_MulMeaAddSqrDivMulMulMulMinMaxRouCas,649196,649196,3,0,2803,2474,:2445:2471:2474:2803,------myelin-exec:__myl_MulMeaAddSqrDivMulMulMulMinMaxRouCas
15593718912,15593763232,44320,0,44320,myelin-exec:/up_proj_12/MatMul,649196,649196,3,0,2804,2474,:2445:2471:2474:2804,------myelin-exec:/up_proj_12/MatMul
15593765184,15593895040,129856,0,129856,myelin-exec:__myl_FcCasNegExpAddDivMulMul,649196,649196,3,0,2805,2474,:2445:2471:2474:2805,------myelin-exec:__myl_FcCasNegExpAddDivMulMul
15593896512,15594024768,128256,0,128256,myelin-exec:__myl_FcAdd,649196,649196,3,0,2806,2474,:2445:2471:2474:2806,------myelin-exec:__myl_FcAdd
15594026304,15594041216,14912,0,14912,myelin-exec:__myl_MulMeaAddSqrDivMulDivMinMaxRouCasDivMinMaxRouCasDivMinMaxRouCas,649196,649196,3,0,2807,2474,:2445:2471:2474:2807,------myelin-exec:__myl_MulMeaAddSqrDivMulDivMinMaxRouCasDivMinMaxRouCasDivMinMaxRouCas
15594042592,15594047008,4416,0,4416,myelin-exec:__mye677034,649196,649196,3,0,2808,2474,:2445:2471:2474:2808,------myelin-exec:__mye677034
15594047936,15594051072,3136,0,3136,myelin-exec:__mye677036,649196,649196,3,0,2809,2474,:2445:2471:2474:2809,------myelin-exec:__mye677036
15594051872,15594185056,133184,0,133184,myelin-exec:__myl_FcCas,649196,649196,3,0,2810,2474,:2445:2471:2474:2810,------myelin-exec:__myl_FcCas
15594186720,15594205312,18592,0,18592,myelin-exec:__myl_ResConResRep,649196,649196,3,0,2811,2474,:2445:2471:2474:2811,------myelin-exec:__myl_ResConResRep
15594206720,15594210368,3648,0,3648,myelin-exec:__mye677044,649196,649196,3,0,2812,2474,:2445:2471:2474:2812,------myelin-exec:__mye677044
15594211360,15594213984,2624,0,2624,myelin-exec:__mye677038,649196,649196,3,0,2813,2474,:2445:2471:2474:2813,------myelin-exec:__mye677038
15594214976,15594352768,137792,0,137792,myelin-exec:__myl_FcCas,649196,649196,3,0,2814,2474,:2445:2471:2474:2814,------myelin-exec:__myl_FcCas
15594354144,15594373984,19840,0,19840,myelin-exec:__myl_ResMulMea,649196,649196,3,0,2815,2474,:2445:2471:2474:2815,------myelin-exec:__myl_ResMulMea
15594374976,15594389920,14944,0,14944,myelin-exec:__myl_AddSqrDivMulMulResSliSliNegConMulMulAddConResRepResTra,649196,649196,3,0,2816,2474,:2445:2471:2474:2816,------myelin-exec:__myl_AddSqrDivMulMulResSliSliNegConMulMulAddConResRepResTra
15594391424,15594394976,3552,0,3552,myelin-exec:__mye677040,649196,649196,3,0,2817,2474,:2445:2471:2474:2817,------myelin-exec:__mye677040
15594396288,15594571200,174912,0,174912,myelin-exec:__myl_FcCas,649196,649196,3,0,2818,2474,:2445:2471:2474:2818,------myelin-exec:__myl_FcCas
15594573120,15594590976,17856,0,17856,myelin-exec:__myl_ResMulMea,649196,649196,3,0,2819,2474,:2445:2471:2474:2819,------myelin-exec:__myl_ResMulMea
15594592160,15594605248,13088,0,13088,myelin-exec:__myl_AddSqrDivMulMulResSliSliNegConMulMulAdd,649196,649196,3,0,2820,2474,:2445:2471:2474:2820,------myelin-exec:__myl_AddSqrDivMulMulResSliSliNegConMulMulAdd
15594606304,15594610144,3840,0,3840,myelin-exec:__mye677042,649196,649196,3,0,2821,2474,:2445:2471:2474:2821,------myelin-exec:__mye677042
15594611072,15594659072,48000,0,48000,myelin-exec:/MatMul_26,649196,649196,3,0,2822,2474,:2445:2471:2474:2822,------myelin-exec:/MatMul_26
15594660704,15594674144,13440,0,13440,myelin-exec:__myl_MulMaxSubExpSumDivMul,649196,649196,3,0,2823,2474,:2445:2471:2474:2823,------myelin-exec:__myl_MulMaxSubExpSumDivMul
15594675552,15594678176,2624,0,2624,myelin-exec:__mye677046,649196,649196,3,0,2824,2474,:2445:2471:2474:2824,------myelin-exec:__mye677046
15594679520,15594716064,36544,0,36544,myelin-exec:/MatMul_27,649196,649196,3,0,2825,2474,:2445:2471:2474:2825,------myelin-exec:/MatMul_27
15594717248,15594733120,15872,0,15872,myelin-exec:__myl_MulMinMaxRouCas,649196,649196,3,0,2826,2474,:2445:2471:2474:2826,------myelin-exec:__myl_MulMinMaxRouCas
15594734304,15594872896,138592,0,138592,myelin-exec:__myl_FcCasAdd,649196,649196,3,0,2827,2474,:2445:2471:2474:2827,------myelin-exec:__myl_FcCasAdd
15594874432,15594889376,14944,0,14944,myelin-exec:__myl_MulMeaAddSqrDivMulMulMulMinMaxRouCas,649196,649196,3,0,2828,2474,:2445:2471:2474:2828,------myelin-exec:__myl_MulMeaAddSqrDivMulMulMulMinMaxRouCas
15594890496,15594932736,42240,0,42240,myelin-exec:/up_proj_13/MatMul,649196,649196,3,0,2829,2474,:2445:2471:2474:2829,------myelin-exec:/up_proj_13/MatMul
15594934432,15595067648,133216,0,133216,myelin-exec:__myl_FcCasNegExpAddDivMulMul,649196,649196,3,0,2830,2474,:2445:2471:2474:2830,------myelin-exec:__myl_FcCasNegExpAddDivMulMul
15595069440,15595198176,128736,0,128736,myelin-exec:__myl_FcAdd,649196,649196,3,0,2831,2474,:2445:2471:2474:2831,------myelin-exec:__myl_FcAdd
15595199744,15595215008,15264,0,15264,myelin-exec:__myl_MulMeaAddSqrDivMulDivMinMaxRouCasDivMinMaxRouCasDivMinMaxRouCas,649196,649196,3,0,2832,2474,:2445:2471:2474:2832,------myelin-exec:__myl_MulMeaAddSqrDivMulDivMinMaxRouCasDivMinMaxRouCasDivMinMaxRouCas
15595216608,15595221760,5152,0,5152,myelin-exec:__mye677048,649196,649196,3,0,2833,2474,:2445:2471:2474:2833,------myelin-exec:__mye677048
15595222816,15595225696,2880,0,2880,myelin-exec:__mye677050,649196,649196,3,0,2834,2474,:2445:2471:2474:2834,------myelin-exec:__mye677050
15595226624,15595352736,126112,0,126112,myelin-exec:__myl_FcCas,649196,649196,3,0,2835,2474,:2445:2471:2474:2835,------myelin-exec:__myl_FcCas
15595354592,15595378912,24320,0,24320,myelin-exec:__myl_ResConResRep,649196,649196,3,0,2836,2474,:2445:2471:2474:2836,------myelin-exec:__myl_ResConResRep
15595380640,15595384928,4288,0,4288,myelin-exec:__mye677058,649196,649196,3,0,2837,2474,:2445:2471:2474:2837,------myelin-exec:__mye677058
15595385888,15595388704,2816,0,2816,myelin-exec:__mye677052,649196,649196,3,0,2838,2474,:2445:2471:2474:2838,------myelin-exec:__mye677052
15595389792,15595534688,144896,0,144896,myelin-exec:__myl_FcCas,649196,649196,3,0,2839,2474,:2445:2471:2474:2839,------myelin-exec:__myl_FcCas
15595536192,15595562304,26112,0,26112,myelin-exec:__myl_ResMulMea,649196,649196,3,0,2840,2474,:2445:2471:2474:2840,------myelin-exec:__myl_ResMulMea
15595564064,15595585312,21248,0,21248,myelin-exec:__myl_AddSqrDivMulMulResSliSliNegConMulMulAddConResRepResTra,649196,649196,3,0,2841,2474,:2445:2471:2474:2841,------myelin-exec:__myl_AddSqrDivMulMulResSliSliNegConMulMulAddConResRepResTra
15595586400,15595590912,4512,0,4512,myelin-exec:__mye677054,649196,649196,3,0,2842,2474,:2445:2471:2474:2842,------myelin-exec:__mye677054
15595591680,15595743808,152128,0,152128,myelin-exec:__myl_FcCas,649196,649196,3,0,2843,2474,:2445:2471:2474:2843,------myelin-exec:__myl_FcCas
15595745888,15595763776,17888,0,17888,myelin-exec:__myl_ResMulMea,649196,649196,3,0,2844,2474,:2445:2471:2474:2844,------myelin-exec:__myl_ResMulMea
15595765312,15595779232,13920,0,13920,myelin-exec:__myl_AddSqrDivMulMulResSliSliNegConMulMulAdd,649196,649196,3,0,2845,2474,:2445:2471:2474:2845,------myelin-exec:__myl_AddSqrDivMulMulResSliSliNegConMulMulAdd
15595780320,15595784512,4192,0,4192,myelin-exec:__mye677056,649196,649196,3,0,2846,2474,:2445:2471:2474:2846,------myelin-exec:__mye677056
15595785792,15595833088,47296,0,47296,myelin-exec:/MatMul_28,649196,649196,3,0,2847,2474,:2445:2471:2474:2847,------myelin-exec:/MatMul_28
15595834464,15595847936,13472,0,13472,myelin-exec:__myl_MulMaxSubExpSumDivMul,649196,649196,3,0,2848,2474,:2445:2471:2474:2848,------myelin-exec:__myl_MulMaxSubExpSumDivMul
15595849344,15595852224,2880,0,2880,myelin-exec:__mye677060,649196,649196,3,0,2849,2474,:2445:2471:2474:2849,------myelin-exec:__mye677060
15595853152,15595892160,39008,0,39008,myelin-exec:/MatMul_29,649196,649196,3,0,2850,2474,:2445:2471:2474:2850,------myelin-exec:/MatMul_29
15595893408,15596036096,142688,0,142688,myelin-exec:__myl_FcAdd,649196,649196,3,0,2851,2474,:2445:2471:2474:2851,------myelin-exec:__myl_FcAdd
15596037920,15596058400,20480,0,20480,myelin-exec:__myl_MulMeaAddSqrDivMulMulMulMinMaxRouCas,649196,649196,3,0,2852,2474,:2445:2471:2474:2852,------myelin-exec:__myl_MulMeaAddSqrDivMulMulMulMinMaxRouCas
15596060192,15596105664,45472,0,45472,myelin-exec:/up_proj_14/MatMul,649196,649196,3,0,2853,2474,:2445:2471:2474:2853,------myelin-exec:/up_proj_14/MatMul
15596107104,15596243904,136800,0,136800,myelin-exec:__myl_FcCasNegExpAddDivMulMul,649196,649196,3,0,2854,2474,:2445:2471:2474:2854,------myelin-exec:__myl_FcCasNegExpAddDivMulMul
15596245632,15596378752,133120,0,133120,myelin-exec:__myl_FcAdd,649196,649196,3,0,2855,2474,:2445:2471:2474:2855,------myelin-exec:__myl_FcAdd
15596380128,15596395808,15680,0,15680,myelin-exec:__myl_MulMeaAddSqrDivMulDivMinMaxRouCasDivMinMaxRouCasDivMinMaxRouCas,649196,649196,3,0,2856,2474,:2445:2471:2474:2856,------myelin-exec:__myl_MulMeaAddSqrDivMulDivMinMaxRouCasDivMinMaxRouCasDivMinMaxRouCas
15596396928,15596401472,4544,0,4544,myelin-exec:__mye677062,649196,649196,3,0,2857,2474,:2445:2471:2474:2857,------myelin-exec:__mye677062
15596402432,15596406176,3744,0,3744,myelin-exec:__mye677064,649196,649196,3,0,2858,2474,:2445:2471:2474:2858,------myelin-exec:__mye677064
15596407104,15596532960,125856,0,125856,myelin-exec:__myl_FcCas,649196,649196,3,0,2859,2474,:2445:2471:2474:2859,------myelin-exec:__myl_FcCas
15596534880,15596558368,23488,0,23488,myelin-exec:__myl_ResConResRep,649196,649196,3,0,2860,2474,:2445:2471:2474:2860,------myelin-exec:__myl_ResConResRep
15596559840,15596563584,3744,0,3744,myelin-exec:__mye677072,649196,649196,3,0,2861,2474,:2445:2471:2474:2861,------myelin-exec:__mye677072
15596564608,15596567136,2528,0,2528,myelin-exec:__mye677066,649196,649196,3,0,2862,2474,:2445:2471:2474:2862,------myelin-exec:__mye677066
15596568224,15596704192,135968,0,135968,myelin-exec:__myl_FcCas,649196,649196,3,0,2863,2474,:2445:2471:2474:2863,------myelin-exec:__myl_FcCas
15596705632,15596726112,20480,0,20480,myelin-exec:__myl_ResMulMea,649196,649196,3,0,2864,2474,:2445:2471:2474:2864,------myelin-exec:__myl_ResMulMea
15596727744,15596745152,17408,0,17408,myelin-exec:__myl_AddSqrDivMulMulResSliSliNegConMulMulAddConResRepResTra,649196,649196,3,0,2865,2474,:2445:2471:2474:2865,------myelin-exec:__myl_AddSqrDivMulMulResSliSliNegConMulMulAddConResRepResTra
15596746720,15596750400,3680,0,3680,myelin-exec:__mye677068,649196,649196,3,0,2866,2474,:2445:2471:2474:2866,------myelin-exec:__mye677068
15596751584,15596907168,155584,0,155584,myelin-exec:__myl_FcCas,649196,649196,3,0,2867,2474,:2445:2471:2474:2867,------myelin-exec:__myl_FcCas
15596909248,15596928256,19008,0,19008,myelin-exec:__myl_ResMulMea,649196,649196,3,0,2868,2474,:2445:2471:2474:2868,------myelin-exec:__myl_ResMulMea
15596930208,15596946720,16512,0,16512,myelin-exec:__myl_AddSqrDivMulMulResSliSliNegConMulMulAdd,649196,649196,3,0,2869,2474,:2445:2471:2474:2869,------myelin-exec:__myl_AddSqrDivMulMulResSliSliNegConMulMulAdd
15596948192,15596952128,3936,0,3936,myelin-exec:__mye677070,649196,649196,3,0,2870,2474,:2445:2471:2474:2870,------myelin-exec:__mye677070
15596953184,15597000320,47136,0,47136,myelin-exec:/MatMul_30,649196,649196,3,0,2871,2474,:2445:2471:2474:2871,------myelin-exec:/MatMul_30
15597001696,15597017024,15328,0,15328,myelin-exec:__myl_MulMaxSubExpSumDivMul,649196,649196,3,0,2872,2474,:2445:2471:2474:2872,------myelin-exec:__myl_MulMaxSubExpSumDivMul
15597018176,15597021248,3072,0,3072,myelin-exec:__mye677074,649196,649196,3,0,2873,2474,:2445:2471:2474:2873,------myelin-exec:__mye677074
15597022240,15597060448,38208,0,38208,myelin-exec:/MatMul_31,649196,649196,3,0,2874,2474,:2445:2471:2474:2874,------myelin-exec:/MatMul_31
15597061696,15597079680,17984,0,17984,myelin-exec:__myl_MulMinMaxRouCas,649196,649196,3,0,2875,2474,:2445:2471:2474:2875,------myelin-exec:__myl_MulMinMaxRouCas
15597080992,15597217344,136352,0,136352,myelin-exec:__myl_FcCasAdd,649196,649196,3,0,2876,2474,:2445:2471:2474:2876,------myelin-exec:__myl_FcCasAdd
15597219040,15597238496,19456,0,19456,myelin-exec:__myl_MulMeaAddSqrDivMulMulMulMinMaxRouCas,649196,649196,3,0,2877,2474,:2445:2471:2474:2877,------myelin-exec:__myl_MulMeaAddSqrDivMulMulMulMinMaxRouCas
15597239840,15597282560,42720,0,42720,myelin-exec:/up_proj_15/MatMul,649196,649196,3,0,2878,2474,:2445:2471:2474:2878,------myelin-exec:/up_proj_15/MatMul
15597284256,15597414144,129888,0,129888,myelin-exec:__myl_FcCasNegExpAddDivMulMul,649196,649196,3,0,2879,2474,:2445:2471:2474:2879,------myelin-exec:__myl_FcCasNegExpAddDivMulMul
15597415936,15597545120,129184,0,129184,myelin-exec:__myl_FcAdd,649196,649196,3,0,2880,2474,:2445:2471:2474:2880,------myelin-exec:__myl_FcAdd
15597547040,15597561280,14240,0,14240,myelin-exec:__myl_MulMeaAddSqrDivMulDivMinMaxRouCasDivMinMaxRouCasDivMinMaxRouCas,649196,649196,3,0,2881,2474,:2445:2471:2474:2881,------myelin-exec:__myl_MulMeaAddSqrDivMulDivMinMaxRouCasDivMinMaxRouCasDivMinMaxRouCas
15597562464,15597567200,4736,0,4736,myelin-exec:__mye677076,649196,649196,3,0,2882,2474,:2445:2471:2474:2882,------myelin-exec:__mye677076
15597568160,15597571328,3168,0,3168,myelin-exec:__mye677078,649196,649196,3,0,2883,2474,:2445:2471:2474:2883,------myelin-exec:__mye677078
15597572448,15597699584,127136,0,127136,myelin-exec:__myl_FcCas,649196,649196,3,0,2884,2474,:2445:2471:2474:2884,------myelin-exec:__myl_FcCas
15597701120,15597718112,16992,0,16992,myelin-exec:__myl_ResConResRep,649196,649196,3,0,2885,2474,:2445:2471:2474:2885,------myelin-exec:__myl_ResConResRep
15597719488,15597723232,3744,0,3744,myelin-exec:__mye677086,649196,649196,3,0,2886,2474,:2445:2471:2474:2886,------myelin-exec:__mye677086
15597724384,15597726688,2304,0,2304,myelin-exec:__mye677080,649196,649196,3,0,2887,2474,:2445:2471:2474:2887,------myelin-exec:__mye677080
15597727584,15597865056,137472,0,137472,myelin-exec:__myl_FcCas,649196,649196,3,0,2888,2474,:2445:2471:2474:2888,------myelin-exec:__myl_FcCas
15597866880,15597890176,23296,0,23296,myelin-exec:__myl_ResMulMea,649196,649196,3,0,2889,2474,:2445:2471:2474:2889,------myelin-exec:__myl_ResMulMea
15597891744,15597909216,17472,0,17472,myelin-exec:__myl_AddSqrDivMulMulResSliSliNegConMulMulAddConResRepResTra,649196,649196,3,0,2890,2474,:2445:2471:2474:2890,------myelin-exec:__myl_AddSqrDivMulMulResSliSliNegConMulMulAddConResRepResTra
15597910720,15597914976,4256,0,4256,myelin-exec:__mye677082,649196,649196,3,0,2891,2474,:2445:2471:2474:2891,------myelin-exec:__mye677082
15597915840,15598053088,137248,0,137248,myelin-exec:__myl_FcCas,649196,649196,3,0,2892,2474,:2445:2471:2474:2892,------myelin-exec:__myl_FcCas
15598054976,15598068736,13760,0,13760,myelin-exec:__myl_ResMulMea,649196,649196,3,0,2893,2474,:2445:2471:2474:2893,------myelin-exec:__myl_ResMulMea
15598070208,15598082656,12448,0,12448,myelin-exec:__myl_AddSqrDivMulMulResSliSliNegConMulMulAdd,649196,649196,3,0,2894,2474,:2445:2471:2474:2894,------myelin-exec:__myl_AddSqrDivMulMulResSliSliNegConMulMulAdd
15598083744,15598087328,3584,0,3584,myelin-exec:__mye677084,649196,649196,3,0,2895,2474,:2445:2471:2474:2895,------myelin-exec:__mye677084
15598088544,15598132992,44448,0,44448,myelin-exec:/MatMul_32,649196,649196,3,0,2896,2474,:2445:2471:2474:2896,------myelin-exec:/MatMul_32
15598134464,15598148288,13824,0,13824,myelin-exec:__myl_MulMaxSubExpSumDivMul,649196,649196,3,0,2897,2474,:2445:2471:2474:2897,------myelin-exec:__myl_MulMaxSubExpSumDivMul
15598149536,15598152032,2496,0,2496,myelin-exec:__mye677088,649196,649196,3,0,2898,2474,:2445:2471:2474:2898,------myelin-exec:__mye677088
15598153312,15598189184,35872,0,35872,myelin-exec:/MatMul_33,649196,649196,3,0,2899,2474,:2445:2471:2474:2899,------myelin-exec:/MatMul_33
15598190368,15598208000,17632,0,17632,myelin-exec:__myl_MulMinMaxRouCas,649196,649196,3,0,2900,2474,:2445:2471:2474:2900,------myelin-exec:__myl_MulMinMaxRouCas
15598209184,15598347296,138112,0,138112,myelin-exec:__myl_FcCasAdd,649196,649196,3,0,2901,2474,:2445:2471:2474:2901,------myelin-exec:__myl_FcCasAdd
15598349120,15598367872,18752,0,18752,myelin-exec:__myl_MulMeaAddSqrDivMulMulMulMinMaxRouCas,649196,649196,3,0,2902,2474,:2445:2471:2474:2902,------myelin-exec:__myl_MulMeaAddSqrDivMulMulMulMinMaxRouCas
15598369568,15598412352,42784,0,42784,myelin-exec:/up_proj_16/MatMul,649196,649196,3,0,2903,2474,:2445:2471:2474:2903,------myelin-exec:/up_proj_16/MatMul
15598413792,15598574976,161184,0,161184,myelin-exec:__myl_FcCasNegExpAddDivMulMul,649196,649196,3,0,2904,2474,:2445:2471:2474:2904,------myelin-exec:__myl_FcCasNegExpAddDivMulMul
15598577120,15598720800,143680,0,143680,myelin-exec:__myl_FcAdd,649196,649196,3,0,2905,2474,:2445:2471:2474:2905,------myelin-exec:__myl_FcAdd
15598722656,15598738976,16320,0,16320,myelin-exec:__myl_MulMeaAddSqrDivMulDivMinMaxRouCasDivMinMaxRouCasDivMinMaxRouCas,649196,649196,3,0,2906,2474,:2445:2471:2474:2906,------myelin-exec:__myl_MulMeaAddSqrDivMulDivMinMaxRouCasDivMinMaxRouCasDivMinMaxRouCas
15598740480,15598745472,4992,0,4992,myelin-exec:__mye677090,649196,649196,3,0,2907,2474,:2445:2471:2474:2907,------myelin-exec:__mye677090
15598746624,15598749792,3168,0,3168,myelin-exec:__mye677092,649196,649196,3,0,2908,2474,:2445:2471:2474:2908,------myelin-exec:__mye677092
15598751008,15598929376,178368,0,178368,myelin-exec:__myl_FcCas,649196,649196,3,0,2909,2474,:2445:2471:2474:2909,------myelin-exec:__myl_FcCas
15598931360,15598955232,23872,0,23872,myelin-exec:__myl_ResConResRep,649196,649196,3,0,2910,2474,:2445:2471:2474:2910,------myelin-exec:__myl_ResConResRep
15598957088,15598961952,4864,0,4864,myelin-exec:__mye677100,649196,649196,3,0,2911,2474,:2445:2471:2474:2911,------myelin-exec:__mye677100
15598962656,15598965536,2880,0,2880,myelin-exec:__mye677094,649196,649196,3,0,2912,2474,:2445:2471:2474:2912,------myelin-exec:__mye677094
15598966240,15599120864,154624,0,154624,myelin-exec:__myl_FcCas,649196,649196,3,0,2913,2474,:2445:2471:2474:2913,------myelin-exec:__myl_FcCas
15599123168,15599149376,26208,0,26208,myelin-exec:__myl_ResMulMea,649196,649196,3,0,2914,2474,:2445:2471:2474:2914,------myelin-exec:__myl_ResMulMea
15599151488,15599172192,20704,0,20704,myelin-exec:__myl_AddSqrDivMulMulResSliSliNegConMulMulAddConResRepResTra,649196,649196,3,0,2915,2474,:2445:2471:2474:2915,------myelin-exec:__myl_AddSqrDivMulMulResSliSliNegConMulMulAddConResRepResTra
15599173856,15599178464,4608,0,4608,myelin-exec:__mye677096,649196,649196,3,0,2916,2474,:2445:2471:2474:2916,------myelin-exec:__mye677096
15599179392,15599330240,150848,0,150848,myelin-exec:__myl_FcCas,649196,649196,3,0,2917,2474,:2445:2471:2474:2917,------myelin-exec:__myl_FcCas
15599332480,15599348256,15776,0,15776,myelin-exec:__myl_ResMulMea,649196,649196,3,0,2918,2474,:2445:2471:2474:2918,------myelin-exec:__myl_ResMulMea
15599350208,15599363424,13216,0,13216,myelin-exec:__myl_AddSqrDivMulMulResSliSliNegConMulMulAdd,649196,649196,3,0,2919,2474,:2445:2471:2474:2919,------myelin-exec:__myl_AddSqrDivMulMulResSliSliNegConMulMulAdd
15599364672,15599368864,4192,0,4192,myelin-exec:__mye677098,649196,649196,3,0,2920,2474,:2445:2471:2474:2920,------myelin-exec:__mye677098
15599369824,15599436032,66208,0,66208,myelin-exec:/MatMul_34,649196,649196,3,0,2921,2474,:2445:2471:2474:2921,------myelin-exec:/MatMul_34
15599437536,15599456704,19168,0,19168,myelin-exec:__myl_MulMaxSubExpSumDivMul,649196,649196,3,0,2922,2474,:2445:2471:2474:2922,------myelin-exec:__myl_MulMaxSubExpSumDivMul
15599458016,15599462528,4512,0,4512,myelin-exec:__mye677102,649196,649196,3,0,2923,2474,:2445:2471:2474:2923,------myelin-exec:__mye677102
15599463424,15599530400,66976,0,66976,myelin-exec:/MatMul_35,649196,649196,3,0,2924,2474,:2445:2471:2474:2924,------myelin-exec:/MatMul_35
15599532192,15599555840,23648,0,23648,myelin-exec:__myl_MulMinMaxRouCas,649196,649196,3,0,2925,2474,:2445:2471:2474:2925,------myelin-exec:__myl_MulMinMaxRouCas
15599557344,15599692896,135552,0,135552,myelin-exec:__myl_FcCasAdd,649196,649196,3,0,2926,2474,:2445:2471:2474:2926,------myelin-exec:__myl_FcCasAdd
15599694624,15599713856,19232,0,19232,myelin-exec:__myl_MulMeaAddSqrDivMulMulMulMinMaxRouCas,649196,649196,3,0,2927,2474,:2445:2471:2474:2927,------myelin-exec:__myl_MulMeaAddSqrDivMulMulMulMinMaxRouCas
15599715104,15599773504,58400,0,58400,myelin-exec:/up_proj_17/MatMul,649196,649196,3,0,2928,2474,:2445:2471:2474:2928,------myelin-exec:/up_proj_17/MatMul
15599775776,15599928992,153216,0,153216,myelin-exec:__myl_FcCasNegExpAddDivMulMul,649196,649196,3,0,2929,2474,:2445:2471:2474:2929,------myelin-exec:__myl_FcCasNegExpAddDivMulMul
15599931040,15600087168,156128,0,156128,myelin-exec:__myl_FcAdd,649196,649196,3,0,2930,2474,:2445:2471:2474:2930,------myelin-exec:__myl_FcAdd
15600089248,15600110016,20768,0,20768,myelin-exec:__myl_MulMeaAddSqrDivMulDivMinMaxRouCasDivMinMaxRouCasDivMinMaxRouCas,649196,649196,3,0,2931,2474,:2445:2471:2474:2931,------myelin-exec:__myl_MulMeaAddSqrDivMulDivMinMaxRouCasDivMinMaxRouCasDivMinMaxRouCas
15600111936,15600117760,5824,0,5824,myelin-exec:__mye677104,649196,649196,3,0,2932,2474,:2445:2471:2474:2932,------myelin-exec:__mye677104
15600119040,15600122400,3360,0,3360,myelin-exec:__mye677106,649196,649196,3,0,2933,2474,:2445:2471:2474:2933,------myelin-exec:__mye677106
15600123488,15600278080,154592,0,154592,myelin-exec:__myl_FcCas,649196,649196,3,0,2934,2474,:2445:2471:2474:2934,------myelin-exec:__myl_FcCas
15600280256,15600302016,21760,0,21760,myelin-exec:__myl_ResConResRep,649196,649196,3,0,2935,2474,:2445:2471:2474:2935,------myelin-exec:__myl_ResConResRep
15600303776,15600307968,4192,0,4192,myelin-exec:__mye677114,649196,649196,3,0,2936,2474,:2445:2471:2474:2936,------myelin-exec:__mye677114
15600309056,15600311712,2656,0,2656,myelin-exec:__mye677108,649196,649196,3,0,2937,2474,:2445:2471:2474:2937,------myelin-exec:__mye677108
15600313088,15600464896,151808,0,151808,myelin-exec:__myl_FcCas,649196,649196,3,0,2938,2474,:2445:2471:2474:2938,------myelin-exec:__myl_FcCas
15600466752,15600491552,24800,0,24800,myelin-exec:__myl_ResMulMea,649196,649196,3,0,2939,2474,:2445:2471:2474:2939,------myelin-exec:__myl_ResMulMea
15600493248,15600512416,19168,0,19168,myelin-exec:__myl_AddSqrDivMulMulResSliSliNegConMulMulAddConResRepResTra,649196,649196,3,0,2940,2474,:2445:2471:2474:2940,------myelin-exec:__myl_AddSqrDivMulMulResSliSliNegConMulMulAddConResRepResTra
15600514144,15600518880,4736,0,4736,myelin-exec:__mye677110,649196,649196,3,0,2941,2474,:2445:2471:2474:2941,------myelin-exec:__mye677110
15600520224,15600679424,159200,0,159200,myelin-exec:__myl_FcCas,649196,649196,3,0,2942,2474,:2445:2471:2474:2942,------myelin-exec:__myl_FcCas
15600681504,15600701984,20480,0,20480,myelin-exec:__myl_ResMulMea,649196,649196,3,0,2943,2474,:2445:2471:2474:2943,------myelin-exec:__myl_ResMulMea
15600703840,15600718784,14944,0,14944,myelin-exec:__myl_AddSqrDivMulMulResSliSliNegConMulMulAdd,649196,649196,3,0,2944,2474,:2445:2471:2474:2944,------myelin-exec:__myl_AddSqrDivMulMulResSliSliNegConMulMulAdd
15600720256,15600724640,4384,0,4384,myelin-exec:__mye677112,649196,649196,3,0,2945,2474,:2445:2471:2474:2945,------myelin-exec:__mye677112
15600725760,15600793152,67392,0,67392,myelin-exec:/MatMul_36,649196,649196,3,0,2946,2474,:2445:2471:2474:2946,------myelin-exec:/MatMul_36
15600795040,15600817600,22560,0,22560,myelin-exec:__myl_MulMaxSubExpSumDivMul,649196,649196,3,0,2947,2474,:2445:2471:2474:2947,------myelin-exec:__myl_MulMaxSubExpSumDivMul
15600819072,15600823552,4480,0,4480,myelin-exec:__mye677116,649196,649196,3,0,2948,2474,:2445:2471:2474:2948,------myelin-exec:__mye677116
15600824928,15600906144,81216,0,81216,myelin-exec:/MatMul_37,649196,649196,3,0,2949,2474,:2445:2471:2474:2949,------myelin-exec:/MatMul_37
15600908128,15600931296,23168,0,23168,myelin-exec:__myl_MulMinMaxRouCas,649196,649196,3,0,2950,2474,:2445:2471:2474:2950,------myelin-exec:__myl_MulMinMaxRouCas
15600932928,15601087776,154848,0,154848,myelin-exec:__myl_FcCasAdd,649196,649196,3,0,2951,2474,:2445:2471:2474:2951,------myelin-exec:__myl_FcCasAdd
15601089760,15601108768,19008,0,19008,myelin-exec:__myl_MulMeaAddSqrDivMulMulMulMinMaxRouCas,649196,649196,3,0,2952,2474,:2445:2471:2474:2952,------myelin-exec:__myl_MulMeaAddSqrDivMulMulMulMinMaxRouCas
15601110624,15601154304,43680,0,43680,myelin-exec:/up_proj_18/MatMul,649196,649196,3,0,2953,2474,:2445:2471:2474:2953,------myelin-exec:/up_proj_18/MatMul
15601155808,15601315552,159744,0,159744,myelin-exec:__myl_FcCasNegExpAddDivMulMul,649196,649196,3,0,2954,2474,:2445:2471:2474:2954,------myelin-exec:__myl_FcCasNegExpAddDivMulMul
15601317696,15601473216,155520,0,155520,myelin-exec:__myl_FcAdd,649196,649196,3,0,2955,2474,:2445:2471:2474:2955,------myelin-exec:__myl_FcAdd
15601475136,15601494432,19296,0,19296,myelin-exec:__myl_MulMeaAddSqrDivMulDivMinMaxRouCasDivMinMaxRouCasDivMinMaxRouCas,649196,649196,3,0,2956,2474,:2445:2471:2474:2956,------myelin-exec:__myl_MulMeaAddSqrDivMulDivMinMaxRouCasDivMinMaxRouCasDivMinMaxRouCas
15601496320,15601501472,5152,0,5152,myelin-exec:__mye677118,649196,649196,3,0,2957,2474,:2445:2471:2474:2957,------myelin-exec:__mye677118
15601502688,15601505920,3232,0,3232,myelin-exec:__mye677120,649196,649196,3,0,2958,2474,:2445:2471:2474:2958,------myelin-exec:__mye677120
15601507008,15601647520,140512,0,140512,myelin-exec:__myl_FcCas,649196,649196,3,0,2959,2474,:2445:2471:2474:2959,------myelin-exec:__myl_FcCas
15601649344,15601675328,25984,0,25984,myelin-exec:__myl_ResConResRep,649196,649196,3,0,2960,2474,:2445:2471:2474:2960,------myelin-exec:__myl_ResConResRep
15601677408,15601681088,3680,0,3680,myelin-exec:__mye677128,649196,649196,3,0,2961,2474,:2445:2471:2474:2961,------myelin-exec:__mye677128
15601682272,15601685280,3008,0,3008,myelin-exec:__mye677122,649196,649196,3,0,2962,2474,:2445:2471:2474:2962,------myelin-exec:__mye677122
15601686592,15601842880,156288,0,156288,myelin-exec:__myl_FcCas,649196,649196,3,0,2963,2474,:2445:2471:2474:2963,------myelin-exec:__myl_FcCas
15601844992,15601868064,23072,0,23072,myelin-exec:__myl_ResMulMea,649196,649196,3,0,2964,2474,:2445:2471:2474:2964,------myelin-exec:__myl_ResMulMea
15601869856,15601887104,17248,0,17248,myelin-exec:__myl_AddSqrDivMulMulResSliSliNegConMulMulAddConResRepResTra,649196,649196,3,0,2965,2474,:2445:2471:2474:2965,------myelin-exec:__myl_AddSqrDivMulMulResSliSliNegConMulMulAddConResRepResTra
15601888704,15601893312,4608,0,4608,myelin-exec:__mye677124,649196,649196,3,0,2966,2474,:2445:2471:2474:2966,------myelin-exec:__mye677124
15601894176,15602056288,162112,0,162112,myelin-exec:__myl_FcCas,649196,649196,3,0,2967,2474,:2445:2471:2474:2967,------myelin-exec:__myl_FcCas
15602058368,15602077216,18848,0,18848,myelin-exec:__myl_ResMulMea,649196,649196,3,0,2968,2474,:2445:2471:2474:2968,------myelin-exec:__myl_ResMulMea
15602079008,15602091360,12352,0,12352,myelin-exec:__myl_AddSqrDivMulMulResSliSliNegConMulMulAdd,649196,649196,3,0,2969,2474,:2445:2471:2474:2969,------myelin-exec:__myl_AddSqrDivMulMulResSliSliNegConMulMulAdd
15602092768,15602096736,3968,0,3968,myelin-exec:__mye677126,649196,649196,3,0,2970,2474,:2445:2471:2474:2970,------myelin-exec:__mye677126
15602097504,15602166560,69056,0,69056,myelin-exec:/MatMul_38,649196,649196,3,0,2971,2474,:2445:2471:2474:2971,------myelin-exec:/MatMul_38
15602168416,15602190592,22176,0,22176,myelin-exec:__myl_MulMaxSubExpSumDivMul,649196,649196,3,0,2972,2474,:2445:2471:2474:2972,------myelin-exec:__myl_MulMaxSubExpSumDivMul
15602192192,15602196800,4608,0,4608,myelin-exec:__mye677130,649196,649196,3,0,2973,2474,:2445:2471:2474:2973,------myelin-exec:__mye677130
15602197888,15602258592,60704,0,60704,myelin-exec:/MatMul_39,649196,649196,3,0,2974,2474,:2445:2471:2474:2974,------myelin-exec:/MatMul_39
15602260448,15602283104,22656,0,22656,myelin-exec:__myl_MulMinMaxRouCas,649196,649196,3,0,2975,2474,:2445:2471:2474:2975,------myelin-exec:__myl_MulMinMaxRouCas
15602284928,15602432160,147232,0,147232,myelin-exec:__myl_FcCasAdd,649196,649196,3,0,2976,2474,:2445:2471:2474:2976,------myelin-exec:__myl_FcCasAdd
15602434272,15602506688,72416,0,72416,myelin-exec:__myl_MulMeaAddSqrDivMulMulMulMinMaxRouCas,649196,649196,3,0,2977,2474,:2445:2471:2474:2977,------myelin-exec:__myl_MulMeaAddSqrDivMulMulMulMinMaxRouCas
15602508256,15602583968,75712,0,75712,myelin-exec:/up_proj_19/MatMul,649196,649196,3,0,2978,2474,:2445:2471:2474:2978,------myelin-exec:/up_proj_19/MatMul
15602585888,15602754528,168640,0,168640,myelin-exec:__myl_FcCasNegExpAddDivMulMul,649196,649196,3,0,2979,2474,:2445:2471:2474:2979,------myelin-exec:__myl_FcCasNegExpAddDivMulMul
15602756480,15602911904,155424,0,155424,myelin-exec:__myl_FcAdd,649196,649196,3,0,2980,2474,:2445:2471:2474:2980,------myelin-exec:__myl_FcAdd
15602913824,15602934400,20576,0,20576,myelin-exec:__myl_MulMeaAddSqrDivMulDivMinMaxRouCasDivMinMaxRouCasDivMinMaxRouCas,649196,649196,3,0,2981,2474,:2445:2471:2474:2981,------myelin-exec:__myl_MulMeaAddSqrDivMulDivMinMaxRouCasDivMinMaxRouCasDivMinMaxRouCas
15602936320,15602942656,6336,0,6336,myelin-exec:__mye677132,649196,649196,3,0,2982,2474,:2445:2471:2474:2982,------myelin-exec:__mye677132
15602943776,15602947552,3776,0,3776,myelin-exec:__mye677134,649196,649196,3,0,2983,2474,:2445:2471:2474:2983,------myelin-exec:__mye677134
15602948448,15603096352,147904,0,147904,myelin-exec:__myl_FcCas,649196,649196,3,0,2984,2474,:2445:2471:2474:2984,------myelin-exec:__myl_FcCas
15603098624,15603118560,19936,0,19936,myelin-exec:__myl_ResConResRep,649196,649196,3,0,2985,2474,:2445:2471:2474:2985,------myelin-exec:__myl_ResConResRep
15603120160,15603123904,3744,0,3744,myelin-exec:__mye677142,649196,649196,3,0,2986,2474,:2445:2471:2474:2986,------myelin-exec:__mye677142
15603124224,15603126432,2208,0,2208,myelin-exec:__mye677136,649196,649196,3,0,2987,2474,:2445:2471:2474:2987,------myelin-exec:__mye677136
15603127424,15603267424,140000,0,140000,myelin-exec:__myl_FcCas,649196,649196,3,0,2988,2474,:2445:2471:2474:2988,------myelin-exec:__myl_FcCas
15603269568,15603292448,22880,0,22880,myelin-exec:__myl_ResMulMea,649196,649196,3,0,2989,2474,:2445:2471:2474:2989,------myelin-exec:__myl_ResMulMea
15603294592,15603312640,18048,0,18048,myelin-exec:__myl_AddSqrDivMulMulResSliSliNegConMulMulAddConResRepResTra,649196,649196,3,0,2990,2474,:2445:2471:2474:2990,------myelin-exec:__myl_AddSqrDivMulMulResSliSliNegConMulMulAddConResRepResTra
15603314560,15603317920,3360,0,3360,myelin-exec:__mye677138,649196,649196,3,0,2991,2474,:2445:2471:2474:2991,------myelin-exec:__mye677138
15603319040,15603473440,154400,0,154400,myelin-exec:__myl_FcCas,649196,649196,3,0,2992,2474,:2445:2471:2474:2992,------myelin-exec:__myl_FcCas
15603475648,15603492864,17216,0,17216,myelin-exec:__myl_ResMulMea,649196,649196,3,0,2993,2474,:2445:2471:2474:2993,------myelin-exec:__myl_ResMulMea
15603494688,15603507968,13280,0,13280,myelin-exec:__myl_AddSqrDivMulMulResSliSliNegConMulMulAdd,649196,649196,3,0,2994,2474,:2445:2471:2474:2994,------myelin-exec:__myl_AddSqrDivMulMulResSliSliNegConMulMulAdd
15603508992,15603512896,3904,0,3904,myelin-exec:__mye677140,649196,649196,3,0,2995,2474,:2445:2471:2474:2995,------myelin-exec:__mye677140
15603514048,15603563264,49216,0,49216,myelin-exec:/MatMul_40,649196,649196,3,0,2996,2474,:2445:2471:2474:2996,------myelin-exec:/MatMul_40
15603564896,15603581472,16576,0,16576,myelin-exec:__myl_MulMaxSubExpSumDivMul,649196,649196,3,0,2997,2474,:2445:2471:2474:2997,------myelin-exec:__myl_MulMaxSubExpSumDivMul
15603582720,15603586432,3712,0,3712,myelin-exec:__mye677144,649196,649196,3,0,2998,2474,:2445:2471:2474:2998,------myelin-exec:__mye677144
15603587488,15603640576,53088,0,53088,myelin-exec:/MatMul_41,649196,649196,3,0,2999,2474,:2445:2471:2474:2999,------myelin-exec:/MatMul_41
15603642528,15603665856,23328,0,23328,myelin-exec:__myl_MulMinMaxRouCas,649196,649196,3,0,3000,2474,:2445:2471:2474:3000,------myelin-exec:__myl_MulMinMaxRouCas
15603667584,15603835200,167616,0,167616,myelin-exec:__myl_FcCasAdd,649196,649196,3,0,3001,2474,:2445:2471:2474:3001,------myelin-exec:__myl_FcCasAdd
15603837440,15603857248,19808,0,19808,myelin-exec:__myl_MulMeaAddSqrDivMulMulMulMinMaxRouCas,649196,649196,3,0,3002,2474,:2445:2471:2474:3002,------myelin-exec:__myl_MulMeaAddSqrDivMulMulMulMinMaxRouCas
15603859104,15603920448,61344,0,61344,myelin-exec:/up_proj_20/MatMul,649196,649196,3,0,3003,2474,:2445:2471:2474:3003,------myelin-exec:/up_proj_20/MatMul
15603922176,15604070752,148576,0,148576,myelin-exec:__myl_FcCasNegExpAddDivMulMul,649196,649196,3,0,3004,2474,:2445:2471:2474:3004,------myelin-exec:__myl_FcCasNegExpAddDivMulMul
15604072896,15604226560,153664,0,153664,myelin-exec:__myl_FcAdd,649196,649196,3,0,3005,2474,:2445:2471:2474:3005,------myelin-exec:__myl_FcAdd
15604228352,15604248352,20000,0,20000,myelin-exec:__myl_MulMeaAddSqrDivMulDivMinMaxRouCasDivMinMaxRouCasDivMinMaxRouCas,649196,649196,3,0,3006,2474,:2445:2471:2474:3006,------myelin-exec:__myl_MulMeaAddSqrDivMulDivMinMaxRouCasDivMinMaxRouCasDivMinMaxRouCas
15604250240,15604255744,5504,0,5504,myelin-exec:__mye677146,649196,649196,3,0,3007,2474,:2445:2471:2474:3007,------myelin-exec:__mye677146
15604257088,15604260512,3424,0,3424,myelin-exec:__mye677148,649196,649196,3,0,3008,2474,:2445:2471:2474:3008,------myelin-exec:__mye677148
15604261632,15604419584,157952,0,157952,myelin-exec:__myl_FcCas,649196,649196,3,0,3009,2474,:2445:2471:2474:3009,------myelin-exec:__myl_FcCas
15604421408,15604445920,24512,0,24512,myelin-exec:__myl_ResConResRep,649196,649196,3,0,3010,2474,:2445:2471:2474:3010,------myelin-exec:__myl_ResConResRep
15604447552,15604451904,4352,0,4352,myelin-exec:__mye677156,649196,649196,3,0,3011,2474,:2445:2471:2474:3011,------myelin-exec:__mye677156
15604453024,15604456000,2976,0,2976,myelin-exec:__mye677150,649196,649196,3,0,3012,2474,:2445:2471:2474:3012,------myelin-exec:__mye677150
15604457088,15604603552,146464,0,146464,myelin-exec:__myl_FcCas,649196,649196,3,0,3013,2474,:2445:2471:2474:3013,------myelin-exec:__myl_FcCas
15604605184,15604625088,19904,0,19904,myelin-exec:__myl_ResMulMea,649196,649196,3,0,3014,2474,:2445:2471:2474:3014,------myelin-exec:__myl_ResMulMea
15604626720,15604643168,16448,0,16448,myelin-exec:__myl_AddSqrDivMulMulResSliSliNegConMulMulAddConResRepResTra,649196,649196,3,0,3015,2474,:2445:2471:2474:3015,------myelin-exec:__myl_AddSqrDivMulMulResSliSliNegConMulMulAddConResRepResTra
15604644896,15604648320,3424,0,3424,myelin-exec:__mye677152,649196,649196,3,0,3016,2474,:2445:2471:2474:3016,------myelin-exec:__mye677152
15604649504,15604812576,163072,0,163072,myelin-exec:__myl_FcCas,649196,649196,3,0,3017,2474,:2445:2471:2474:3017,------myelin-exec:__myl_FcCas
15604814688,15604831904,17216,0,17216,myelin-exec:__myl_ResMulMea,649196,649196,3,0,3018,2474,:2445:2471:2474:3018,------myelin-exec:__myl_ResMulMea
15604833568,15604847584,14016,0,14016,myelin-exec:__myl_AddSqrDivMulMulResSliSliNegConMulMulAdd,649196,649196,3,0,3019,2474,:2445:2471:2474:3019,------myelin-exec:__myl_AddSqrDivMulMulResSliSliNegConMulMulAdd
15604849088,15604852704,3616,0,3616,myelin-exec:__mye677154,649196,649196,3,0,3020,2474,:2445:2471:2474:3020,------myelin-exec:__mye677154
15604853728,15604923136,69408,0,69408,myelin-exec:/MatMul_42,649196,649196,3,0,3021,2474,:2445:2471:2474:3021,------myelin-exec:/MatMul_42
15604924896,15604947360,22464,0,22464,myelin-exec:__myl_MulMaxSubExpSumDivMul,649196,649196,3,0,3022,2474,:2445:2471:2474:3022,------myelin-exec:__myl_MulMaxSubExpSumDivMul
15604948928,15604953568,4640,0,4640,myelin-exec:__mye677158,649196,649196,3,0,3023,2474,:2445:2471:2474:3023,------myelin-exec:__mye677158
15604954496,15605011904,57408,0,57408,myelin-exec:/MatMul_43,649196,649196,3,0,3024,2474,:2445:2471:2474:3024,------myelin-exec:/MatMul_43
15605013728,15605036800,23072,0,23072,myelin-exec:__myl_MulMinMaxRouCas,649196,649196,3,0,3025,2474,:2445:2471:2474:3025,------myelin-exec:__myl_MulMinMaxRouCas
15605038624,15605188960,150336,0,150336,myelin-exec:__myl_FcCasAdd,649196,649196,3,0,3026,2474,:2445:2471:2474:3026,------myelin-exec:__myl_FcCasAdd
15605190784,15605212064,21280,0,21280,myelin-exec:__myl_MulMeaAddSqrDivMulMulMulMinMaxRouCas,649196,649196,3,0,3027,2474,:2445:2471:2474:3027,------myelin-exec:__myl_MulMeaAddSqrDivMulMulMulMinMaxRouCas
15605213856,15605280864,67008,0,67008,myelin-exec:/up_proj_21/MatMul,649196,649196,3,0,3028,2474,:2445:2471:2474:3028,------myelin-exec:/up_proj_21/MatMul
15605283104,15605436608,153504,0,153504,myelin-exec:__myl_FcCasNegExpAddDivMulMul,649196,649196,3,0,3029,2474,:2445:2471:2474:3029,------myelin-exec:__myl_FcCasNegExpAddDivMulMul
15605438368,15605593312,154944,0,154944,myelin-exec:__myl_FcAdd,649196,649196,3,0,3030,2474,:2445:2471:2474:3030,------myelin-exec:__myl_FcAdd
15605595232,15605613728,18496,0,18496,myelin-exec:__myl_MulMeaAddSqrDivMulDivMinMaxRouCasDivMinMaxRouCasDivMinMaxRouCas,649196,649196,3,0,3031,2474,:2445:2471:2474:3031,------myelin-exec:__myl_MulMeaAddSqrDivMulDivMinMaxRouCasDivMinMaxRouCasDivMinMaxRouCas
15605615264,15605620256,4992,0,4992,myelin-exec:__mye677160,649196,649196,3,0,3032,2474,:2445:2471:2474:3032,------myelin-exec:__mye677160
15605621504,15605624672,3168,0,3168,myelin-exec:__mye677162,649196,649196,3,0,3033,2474,:2445:2471:2474:3033,------myelin-exec:__mye677162
15605625888,15605785088,159200,0,159200,myelin-exec:__myl_FcCas,649196,649196,3,0,3034,2474,:2445:2471:2474:3034,------myelin-exec:__myl_FcCas
15605787072,15605811776,24704,0,24704,myelin-exec:__myl_ResConResRep,649196,649196,3,0,3035,2474,:2445:2471:2474:3035,------myelin-exec:__myl_ResConResRep
15605813440,15605818208,4768,0,4768,myelin-exec:__mye677170,649196,649196,3,0,3036,2474,:2445:2471:2474:3036,------myelin-exec:__mye677170
15605819168,15605821728,2560,0,2560,myelin-exec:__mye677164,649196,649196,3,0,3037,2474,:2445:2471:2474:3037,------myelin-exec:__mye677164
15605822816,15605957504,134688,0,134688,myelin-exec:__myl_FcCas,649196,649196,3,0,3038,2474,:2445:2471:2474:3038,------myelin-exec:__myl_FcCas
15605959136,15605979040,19904,0,19904,myelin-exec:__myl_ResMulMea,649196,649196,3,0,3039,2474,:2445:2471:2474:3039,------myelin-exec:__myl_ResMulMea
15605980288,15605996128,15840,0,15840,myelin-exec:__myl_AddSqrDivMulMulResSliSliNegConMulMulAddConResRepResTra,649196,649196,3,0,3040,2474,:2445:2471:2474:3040,------myelin-exec:__myl_AddSqrDivMulMulResSliSliNegConMulMulAddConResRepResTra
15605997600,15606000512,2912,0,2912,myelin-exec:__mye677166,649196,649196,3,0,3041,2474,:2445:2471:2474:3041,------myelin-exec:__mye677166
15606002080,15606163392,161312,0,161312,myelin-exec:__myl_FcCas,649196,649196,3,0,3042,2474,:2445:2471:2474:3042,------myelin-exec:__myl_FcCas
15606165696,15606186176,20480,0,20480,myelin-exec:__myl_ResMulMea,649196,649196,3,0,3043,2474,:2445:2471:2474:3043,------myelin-exec:__myl_ResMulMea
15606188000,15606203648,15648,0,15648,myelin-exec:__myl_AddSqrDivMulMulResSliSliNegConMulMulAdd,649196,649196,3,0,3044,2474,:2445:2471:2474:3044,------myelin-exec:__myl_AddSqrDivMulMulResSliSliNegConMulMulAdd
15606204928,15606208960,4032,0,4032,myelin-exec:__mye677168,649196,649196,3,0,3045,2474,:2445:2471:2474:3045,------myelin-exec:__mye677168
15606210208,15606282944,72736,0,72736,myelin-exec:/MatMul_44,649196,649196,3,0,3046,2474,:2445:2471:2474:3046,------myelin-exec:/MatMul_44
15606284672,15606305952,21280,0,21280,myelin-exec:__myl_MulMaxSubExpSumDivMul,649196,649196,3,0,3047,2474,:2445:2471:2474:3047,------myelin-exec:__myl_MulMaxSubExpSumDivMul
15606307616,15606312416,4800,0,4800,myelin-exec:__mye677172,649196,649196,3,0,3048,2474,:2445:2471:2474:3048,------myelin-exec:__mye677172
15606313376,15606386880,73504,0,73504,myelin-exec:/MatMul_45,649196,649196,3,0,3049,2474,:2445:2471:2474:3049,------myelin-exec:/MatMul_45
15606388896,15606414144,25248,0,25248,myelin-exec:__myl_MulMinMaxRouCas,649196,649196,3,0,3050,2474,:2445:2471:2474:3050,------myelin-exec:__myl_MulMinMaxRouCas
15606416064,15606607200,191136,0,191136,myelin-exec:__myl_FcCasAdd,649196,649196,3,0,3051,2474,:2445:2471:2474:3051,------myelin-exec:__myl_FcCasAdd
15606609344,15606630656,21312,0,21312,myelin-exec:__myl_MulMeaAddSqrDivMulMulMulMinMaxRouCas,649196,649196,3,0,3052,2474,:2445:2471:2474:3052,------myelin-exec:__myl_MulMeaAddSqrDivMulMulMulMinMaxRouCas
15606632384,15606702464,70080,0,70080,myelin-exec:/up_proj_22/MatMul,649196,649196,3,0,3053,2474,:2445:2471:2474:3053,------myelin-exec:/up_proj_22/MatMul
15606704384,15606845856,141472,0,141472,myelin-exec:__myl_FcCasNegExpAddDivMulMul,649196,649196,3,0,3054,2474,:2445:2471:2474:3054,------myelin-exec:__myl_FcCasNegExpAddDivMulMul
15606847616,15606989888,142272,0,142272,myelin-exec:__myl_FcAdd,649196,649196,3,0,3055,2474,:2445:2471:2474:3055,------myelin-exec:__myl_FcAdd
15606992032,15607007584,15552,0,15552,myelin-exec:__myl_MulMeaAddSqrDivMulDivMinMaxRouCasDivMinMaxRouCasDivMinMaxRouCas,649196,649196,3,0,3056,2474,:2445:2471:2474:3056,------myelin-exec:__myl_MulMeaAddSqrDivMulDivMinMaxRouCasDivMinMaxRouCasDivMinMaxRouCas
15607009504,15607014784,5280,0,5280,myelin-exec:__mye677174,649196,649196,3,0,3057,2474,:2445:2471:2474:3057,------myelin-exec:__mye677174
15607015680,15607019328,3648,0,3648,myelin-exec:__mye677176,649196,649196,3,0,3058,2474,:2445:2471:2474:3058,------myelin-exec:__mye677176
15607020000,15607167008,147008,0,147008,myelin-exec:__myl_FcCas,649196,649196,3,0,3059,2474,:2445:2471:2474:3059,------myelin-exec:__myl_FcCas
15607168448,15607196096,27648,0,27648,myelin-exec:__myl_ResConResRep,649196,649196,3,0,3060,2474,:2445:2471:2474:3060,------myelin-exec:__myl_ResConResRep
15607197920,15607203168,5248,0,5248,myelin-exec:__mye677184,649196,649196,3,0,3061,2474,:2445:2471:2474:3061,------myelin-exec:__mye677184
15607204224,15607207872,3648,0,3648,myelin-exec:__mye677178,649196,649196,3,0,3062,2474,:2445:2471:2474:3062,------myelin-exec:__mye677178
15607209152,15607364192,155040,0,155040,myelin-exec:__myl_FcCas,649196,649196,3,0,3063,2474,:2445:2471:2474:3063,------myelin-exec:__myl_FcCas
15607366112,15607391936,25824,0,25824,myelin-exec:__myl_ResMulMea,649196,649196,3,0,3064,2474,:2445:2471:2474:3064,------myelin-exec:__myl_ResMulMea
15607394016,15607413952,19936,0,19936,myelin-exec:__myl_AddSqrDivMulMulResSliSliNegConMulMulAddConResRepResTra,649196,649196,3,0,3065,2474,:2445:2471:2474:3065,------myelin-exec:__myl_AddSqrDivMulMulResSliSliNegConMulMulAddConResRepResTra
15607415808,15607419744,3936,0,3936,myelin-exec:__mye677180,649196,649196,3,0,3066,2474,:2445:2471:2474:3066,------myelin-exec:__mye677180
15607420448,15607580704,160256,0,160256,myelin-exec:__myl_FcCas,649196,649196,3,0,3067,2474,:2445:2471:2474:3067,------myelin-exec:__myl_FcCas
15607582912,15607602176,19264,0,19264,myelin-exec:__myl_ResMulMea,649196,649196,3,0,3068,2474,:2445:2471:2474:3068,------myelin-exec:__myl_ResMulMea
15607604128,15607619360,15232,0,15232,myelin-exec:__myl_AddSqrDivMulMulResSliSliNegConMulMulAdd,649196,649196,3,0,3069,2474,:2445:2471:2474:3069,------myelin-exec:__myl_AddSqrDivMulMulResSliSliNegConMulMulAdd
15607620288,15607624320,4032,0,4032,myelin-exec:__mye677182,649196,649196,3,0,3070,2474,:2445:2471:2474:3070,------myelin-exec:__mye677182
15607625120,15607690016,64896,0,64896,myelin-exec:/MatMul_46,649196,649196,3,0,3071,2474,:2445:2471:2474:3071,------myelin-exec:/MatMul_46
15607691776,15607712960,21184,0,21184,myelin-exec:__myl_MulMaxSubExpSumDivMul,649196,649196,3,0,3072,2474,:2445:2471:2474:3072,------myelin-exec:__myl_MulMaxSubExpSumDivMul
15607714720,15607719360,4640,0,4640,myelin-exec:__mye677186,649196,649196,3,0,3073,2474,:2445:2471:2474:3073,------myelin-exec:__mye677186
15607720000,15607775360,55360,0,55360,myelin-exec:/MatMul_47,649196,649196,3,0,3074,2474,:2445:2471:2474:3074,------myelin-exec:/MatMul_47
15607777344,15607799776,22432,0,22432,myelin-exec:__myl_MulMinMaxRouCas,649196,649196,3,0,3075,2474,:2445:2471:2474:3075,------myelin-exec:__myl_MulMinMaxRouCas
15607801440,15607955072,153632,0,153632,myelin-exec:__myl_FcCasAdd,649196,649196,3,0,3076,2474,:2445:2471:2474:3076,------myelin-exec:__myl_FcCasAdd
15607957216,15607979392,22176,0,22176,myelin-exec:__myl_MulMeaAddSqrDivMulMulMulMinMaxRouCas,649196,649196,3,0,3077,2474,:2445:2471:2474:3077,------myelin-exec:__myl_MulMeaAddSqrDivMulMulMulMinMaxRouCas
15607981312,15608046752,65440,0,65440,myelin-exec:/up_proj_23/MatMul,649196,649196,3,0,3078,2474,:2445:2471:2474:3078,------myelin-exec:/up_proj_23/MatMul
15608049088,15608207936,158848,0,158848,myelin-exec:__myl_FcCasNegExpAddDivMulMul,649196,649196,3,0,3079,2474,:2445:2471:2474:3079,------myelin-exec:__myl_FcCasNegExpAddDivMulMul
15608209984,15608352320,142336,0,142336,myelin-exec:__myl_FcAdd,649196,649196,3,0,3080,2474,:2445:2471:2474:3080,------myelin-exec:__myl_FcAdd
15608354560,15608371456,16896,0,16896,myelin-exec:__myl_MulMeaAddSqrDivMulDivMinMaxRouCasDivMinMaxRouCasDivMinMaxRouCas,649196,649196,3,0,3081,2474,:2445:2471:2474:3081,------myelin-exec:__myl_MulMeaAddSqrDivMulDivMinMaxRouCasDivMinMaxRouCasDivMinMaxRouCas
15608373184,15608377920,4736,0,4736,myelin-exec:__mye677188,649196,649196,3,0,3082,2474,:2445:2471:2474:3082,------myelin-exec:__mye677188
15608378880,15608382752,3872,0,3872,myelin-exec:__mye677190,649196,649196,3,0,3083,2474,:2445:2471:2474:3083,------myelin-exec:__mye677190
15608384064,15608528800,144736,0,144736,myelin-exec:__myl_FcCas,649196,649196,3,0,3084,2474,:2445:2471:2474:3084,------myelin-exec:__myl_FcCas
15608531136,15608550784,19648,0,19648,myelin-exec:__myl_ResConResRep,649196,649196,3,0,3085,2474,:2445:2471:2474:3085,------myelin-exec:__myl_ResConResRep
15608552544,15608556224,3680,0,3680,myelin-exec:__mye677198,649196,649196,3,0,3086,2474,:2445:2471:2474:3086,------myelin-exec:__mye677198
15608557088,15608559456,2368,0,2368,myelin-exec:__mye677192,649196,649196,3,0,3087,2474,:2445:2471:2474:3087,------myelin-exec:__mye677192
15608560864,15608715392,154528,0,154528,myelin-exec:__myl_FcCas,649196,649196,3,0,3088,2474,:2445:2471:2474:3088,------myelin-exec:__myl_FcCas
15608717216,15608743488,26272,0,26272,myelin-exec:__myl_ResMulMea,649196,649196,3,0,3089,2474,:2445:2471:2474:3089,------myelin-exec:__myl_ResMulMea
15608745440,15608766816,21376,0,21376,myelin-exec:__myl_AddSqrDivMulMulResSliSliNegConMulMulAddConResRepResTra,649196,649196,3,0,3090,2474,:2445:2471:2474:3090,------myelin-exec:__myl_AddSqrDivMulMulResSliSliNegConMulMulAddConResRepResTra
15608768416,15608772896,4480,0,4480,myelin-exec:__mye677194,649196,649196,3,0,3091,2474,:2445:2471:2474:3091,------myelin-exec:__mye677194
15608774048,15608929920,155872,0,155872,myelin-exec:__myl_FcCas,649196,649196,3,0,3092,2474,:2445:2471:2474:3092,------myelin-exec:__myl_FcCas
15608931904,15608949696,17792,0,17792,myelin-exec:__myl_ResMulMea,649196,649196,3,0,3093,2474,:2445:2471:2474:3093,------myelin-exec:__myl_ResMulMea
15608951168,15608965952,14784,0,14784,myelin-exec:__myl_AddSqrDivMulMulResSliSliNegConMulMulAdd,649196,649196,3,0,3094,2474,:2445:2471:2474:3094,------myelin-exec:__myl_AddSqrDivMulMulResSliSliNegConMulMulAdd
15608967360,15608971392,4032,0,4032,myelin-exec:__mye677196,649196,649196,3,0,3095,2474,:2445:2471:2474:3095,------myelin-exec:__mye677196
15608972576,15609032384,59808,0,59808,myelin-exec:/MatMul_48,649196,649196,3,0,3096,2474,:2445:2471:2474:3096,------myelin-exec:/MatMul_48
15609034496,15609053184,18688,0,18688,myelin-exec:__myl_MulMaxSubExpSumDivMul,649196,649196,3,0,3097,2474,:2445:2471:2474:3097,------myelin-exec:__myl_MulMaxSubExpSumDivMul
15609055040,15609058784,3744,0,3744,myelin-exec:__mye677200,649196,649196,3,0,3098,2474,:2445:2471:2474:3098,------myelin-exec:__mye677200
15609059872,15609111328,51456,0,51456,myelin-exec:/MatMul_49,649196,649196,3,0,3099,2474,:2445:2471:2474:3099,------myelin-exec:/MatMul_49
15609113472,15609134784,21312,0,21312,myelin-exec:__myl_MulMinMaxRouCas,649196,649196,3,0,3100,2474,:2445:2471:2474:3100,------myelin-exec:__myl_MulMinMaxRouCas
15609136672,15609279744,143072,0,143072,myelin-exec:__myl_FcCasAdd,649196,649196,3,0,3101,2474,:2445:2471:2474:3101,------myelin-exec:__myl_FcCasAdd
15609281696,15609298592,16896,0,16896,myelin-exec:__myl_MulMeaAddSqrDivMulMulMulMinMaxRouCas,649196,649196,3,0,3102,2474,:2445:2471:2474:3102,------myelin-exec:__myl_MulMeaAddSqrDivMulMulMulMinMaxRouCas
15609300512,15609362496,61984,0,61984,myelin-exec:/up_proj_24/MatMul,649196,649196,3,0,3103,2474,:2445:2471:2474:3103,------myelin-exec:/up_proj_24/MatMul
15609364704,15609517824,153120,0,153120,myelin-exec:__myl_FcCasNegExpAddDivMulMul,649196,649196,3,0,3104,2474,:2445:2471:2474:3104,------myelin-exec:__myl_FcCasNegExpAddDivMulMul
15609520160,15609663488,143328,0,143328,myelin-exec:__myl_FcAdd,649196,649196,3,0,3105,2474,:2445:2471:2474:3105,------myelin-exec:__myl_FcAdd
15609665600,15609684064,18464,0,18464,myelin-exec:__myl_MulMeaAddSqrDivMulDivMinMaxRouCasDivMinMaxRouCasDivMinMaxRouCas,649196,649196,3,0,3106,2474,:2445:2471:2474:3106,------myelin-exec:__myl_MulMeaAddSqrDivMulDivMinMaxRouCasDivMinMaxRouCasDivMinMaxRouCas
15609685856,15609691008,5152,0,5152,myelin-exec:__mye677202,649196,649196,3,0,3107,2474,:2445:2471:2474:3107,------myelin-exec:__mye677202
15609692192,15609695872,3680,0,3680,myelin-exec:__mye677204,649196,649196,3,0,3108,2474,:2445:2471:2474:3108,------myelin-exec:__mye677204
15609697056,15609846016,148960,0,148960,myelin-exec:__myl_FcCas,649196,649196,3,0,3109,2474,:2445:2471:2474:3109,------myelin-exec:__myl_FcCas
15609848192,15609869248,21056,0,21056,myelin-exec:__myl_ResConResRep,649196,649196,3,0,3110,2474,:2445:2471:2474:3110,------myelin-exec:__myl_ResConResRep
15609871200,15609874528,3328,0,3328,myelin-exec:__mye677212,649196,649196,3,0,3111,2474,:2445:2471:2474:3111,------myelin-exec:__mye677212
15609875424,15609878048,2624,0,2624,myelin-exec:__mye677206,649196,649196,3,0,3112,2474,:2445:2471:2474:3112,------myelin-exec:__mye677206
15609879232,15610026432,147200,0,147200,myelin-exec:__myl_FcCas,649196,649196,3,0,3113,2474,:2445:2471:2474:3113,------myelin-exec:__myl_FcCas
15610028704,15610050496,21792,0,21792,myelin-exec:__myl_ResMulMea,649196,649196,3,0,3114,2474,:2445:2471:2474:3114,------myelin-exec:__myl_ResMulMea
15610052448,15610070784,18336,0,18336,myelin-exec:__myl_AddSqrDivMulMulResSliSliNegConMulMulAddConResRepResTra,649196,649196,3,0,3115,2474,:2445:2471:2474:3115,------myelin-exec:__myl_AddSqrDivMulMulResSliSliNegConMulMulAddConResRepResTra
15610072320,15610075936,3616,0,3616,myelin-exec:__mye677208,649196,649196,3,0,3116,2474,:2445:2471:2474:3116,------myelin-exec:__mye677208
15610077184,15610231744,154560,0,154560,myelin-exec:__myl_FcCas,649196,649196,3,0,3117,2474,:2445:2471:2474:3117,------myelin-exec:__myl_FcCas
15610233824,15610252320,18496,0,18496,myelin-exec:__myl_ResMulMea,649196,649196,3,0,3118,2474,:2445:2471:2474:3118,------myelin-exec:__myl_ResMulMea
15610254176,15610268672,14496,0,14496,myelin-exec:__myl_AddSqrDivMulMulResSliSliNegConMulMulAdd,649196,649196,3,0,3119,2474,:2445:2471:2474:3119,------myelin-exec:__myl_AddSqrDivMulMulResSliSliNegConMulMulAdd
15610269600,15610273216,3616,0,3616,myelin-exec:__mye677210,649196,649196,3,0,3120,2474,:2445:2471:2474:3120,------myelin-exec:__mye677210
15610274432,15610340480,66048,0,66048,myelin-exec:/MatMul_50,649196,649196,3,0,3121,2474,:2445:2471:2474:3121,------myelin-exec:/MatMul_50
15610342592,15610362976,20384,0,20384,myelin-exec:__myl_MulMaxSubExpSumDivMul,649196,649196,3,0,3122,2474,:2445:2471:2474:3122,------myelin-exec:__myl_MulMaxSubExpSumDivMul
15610364896,15610369472,4576,0,4576,myelin-exec:__mye677214,649196,649196,3,0,3123,2474,:2445:2471:2474:3123,------myelin-exec:__mye677214
15610370272,15610438560,68288,0,68288,myelin-exec:/MatMul_51,649196,649196,3,0,3124,2474,:2445:2471:2474:3124,------myelin-exec:/MatMul_51
15610440416,15610485632,45216,0,45216,myelin-exec:__myl_MulMinMaxRouCas,649196,649196,3,0,3125,2474,:2445:2471:2474:3125,------myelin-exec:__myl_MulMinMaxRouCas
15610487584,15610664224,176640,0,176640,myelin-exec:__myl_FcCasAdd,649196,649196,3,0,3126,2474,:2445:2471:2474:3126,------myelin-exec:__myl_FcCasAdd
15610666400,15610691616,25216,0,25216,myelin-exec:__myl_MulMeaAddSqrDivMulMulMulMinMaxRouCas,649196,649196,3,0,3127,2474,:2445:2471:2474:3127,------myelin-exec:__myl_MulMeaAddSqrDivMulMulMulMinMaxRouCas
15610693408,15610749696,56288,0,56288,myelin-exec:/up_proj_25/MatMul,649196,649196,3,0,3128,2474,:2445:2471:2474:3128,------myelin-exec:/up_proj_25/MatMul
15610751776,15610907968,156192,0,156192,myelin-exec:__myl_FcCasNegExpAddDivMulMul,649196,649196,3,0,3129,2474,:2445:2471:2474:3129,------myelin-exec:__myl_FcCasNegExpAddDivMulMul
15610909792,15611071616,161824,0,161824,myelin-exec:__myl_FcAdd,649196,649196,3,0,3130,2474,:2445:2471:2474:3130,------myelin-exec:__myl_FcAdd
15611073408,15611089344,15936,0,15936,myelin-exec:__myl_MulMeaAddSqrDivMulDivMinMaxRouCasDivMinMaxRouCasDivMinMaxRouCas,649196,649196,3,0,3131,2474,:2445:2471:2474:3131,------myelin-exec:__myl_MulMeaAddSqrDivMulDivMinMaxRouCasDivMinMaxRouCasDivMinMaxRouCas
15611091040,15611096480,5440,0,5440,myelin-exec:__mye677216,649196,649196,3,0,3132,2474,:2445:2471:2474:3132,------myelin-exec:__mye677216
15611097408,15611100480,3072,0,3072,myelin-exec:__mye677218,649196,649196,3,0,3133,2474,:2445:2471:2474:3133,------myelin-exec:__mye677218
15611101696,15611258304,156608,0,156608,myelin-exec:__myl_FcCas,649196,649196,3,0,3134,2474,:2445:2471:2474:3134,------myelin-exec:__myl_FcCas
15611260000,15611283488,23488,0,23488,myelin-exec:__myl_ResConResRep,649196,649196,3,0,3135,2474,:2445:2471:2474:3135,------myelin-exec:__myl_ResConResRep
15611285408,15611289696,4288,0,4288,myelin-exec:__mye677226,649196,649196,3,0,3136,2474,:2445:2471:2474:3136,------myelin-exec:__mye677226
15611290784,15611293856,3072,0,3072,myelin-exec:__mye677220,649196,649196,3,0,3137,2474,:2445:2471:2474:3137,------myelin-exec:__mye677220
15611294976,15611445792,150816,0,150816,myelin-exec:__myl_FcCas,649196,649196,3,0,3138,2474,:2445:2471:2474:3138,------myelin-exec:__myl_FcCas
15611448000,15611471712,23712,0,23712,myelin-exec:__myl_ResMulMea,649196,649196,3,0,3139,2474,:2445:2471:2474:3139,------myelin-exec:__myl_ResMulMea
15611473536,15611493056,19520,0,19520,myelin-exec:__myl_AddSqrDivMulMulResSliSliNegConMulMulAddConResRepResTra,649196,649196,3,0,3140,2474,:2445:2471:2474:3140,------myelin-exec:__myl_AddSqrDivMulMulResSliSliNegConMulMulAddConResRepResTra
15611494624,15611498560,3936,0,3936,myelin-exec:__mye677222,649196,649196,3,0,3141,2474,:2445:2471:2474:3141,------myelin-exec:__mye677222
15611499584,15611654016,154432,0,154432,myelin-exec:__myl_FcCas,649196,649196,3,0,3142,2474,:2445:2471:2474:3142,------myelin-exec:__myl_FcCas
15611655968,15611672320,16352,0,16352,myelin-exec:__myl_ResMulMea,649196,649196,3,0,3143,2474,:2445:2471:2474:3143,------myelin-exec:__myl_ResMulMea
15611673696,15611686304,12608,0,12608,myelin-exec:__myl_AddSqrDivMulMulResSliSliNegConMulMulAdd,649196,649196,3,0,3144,2474,:2445:2471:2474:3144,------myelin-exec:__myl_AddSqrDivMulMulResSliSliNegConMulMulAdd
15611687840,15611691968,4128,0,4128,myelin-exec:__mye677224,649196,649196,3,0,3145,2474,:2445:2471:2474:3145,------myelin-exec:__mye677224
15611693120,15611766848,73728,0,73728,myelin-exec:/MatMul_52,649196,649196,3,0,3146,2474,:2445:2471:2474:3146,------myelin-exec:/MatMul_52
15611768992,15611789248,20256,0,20256,myelin-exec:__myl_MulMaxSubExpSumDivMul,649196,649196,3,0,3147,2474,:2445:2471:2474:3147,------myelin-exec:__myl_MulMaxSubExpSumDivMul
15611791232,15611795296,4064,0,4064,myelin-exec:__mye677228,649196,649196,3,0,3148,2474,:2445:2471:2474:3148,------myelin-exec:__mye677228
15611796512,15611858880,62368,0,62368,myelin-exec:/MatMul_53,649196,649196,3,0,3149,2474,:2445:2471:2474:3149,------myelin-exec:/MatMul_53
15611861312,15611885280,23968,0,23968,myelin-exec:__myl_MulMinMaxRouCas,649196,649196,3,0,3150,2474,:2445:2471:2474:3150,------myelin-exec:__myl_MulMinMaxRouCas
15611887136,15612041664,154528,0,154528,myelin-exec:__myl_FcCasAdd,649196,649196,3,0,3151,2474,:2445:2471:2474:3151,------myelin-exec:__myl_FcCasAdd
15612043072,15612066304,23232,0,23232,myelin-exec:__myl_MulMeaAddSqrDivMulMulMulMinMaxRouCas,649196,649196,3,0,3152,2474,:2445:2471:2474:3152,------myelin-exec:__myl_MulMeaAddSqrDivMulMulMulMinMaxRouCas
15612067776,15612135808,68032,0,68032,myelin-exec:/up_proj_26/MatMul,649196,649196,3,0,3153,2474,:2445:2471:2474:3153,------myelin-exec:/up_proj_26/MatMul
15612137568,15612293504,155936,0,155936,myelin-exec:__myl_FcCasNegExpAddDivMulMul,649196,649196,3,0,3154,2474,:2445:2471:2474:3154,------myelin-exec:__myl_FcCasNegExpAddDivMulMul
15612295360,15612450240,154880,0,154880,myelin-exec:__myl_FcAdd,649196,649196,3,0,3155,2474,:2445:2471:2474:3155,------myelin-exec:__myl_FcAdd
15612452320,15612471936,19616,0,19616,myelin-exec:__myl_MulMeaAddSqrDivMulDivMinMaxRouCasDivMinMaxRouCasDivMinMaxRouCas,649196,649196,3,0,3156,2474,:2445:2471:2474:3156,------myelin-exec:__myl_MulMeaAddSqrDivMulDivMinMaxRouCasDivMinMaxRouCasDivMinMaxRouCas
15612473728,15612479936,6208,0,6208,myelin-exec:__mye677230,649196,649196,3,0,3157,2474,:2445:2471:2474:3157,------myelin-exec:__mye677230
15612481152,15612484672,3520,0,3520,myelin-exec:__mye677232,649196,649196,3,0,3158,2474,:2445:2471:2474:3158,------myelin-exec:__mye677232
15612485792,15612637216,151424,0,151424,myelin-exec:__myl_FcCas,649196,649196,3,0,3159,2474,:2445:2471:2474:3159,------myelin-exec:__myl_FcCas
15612639232,15612667552,28320,0,28320,myelin-exec:__myl_ResConResRep,649196,649196,3,0,3160,2474,:2445:2471:2474:3160,------myelin-exec:__myl_ResConResRep
15612669632,15612674688,5056,0,5056,myelin-exec:__mye677240,649196,649196,3,0,3161,2474,:2445:2471:2474:3161,------myelin-exec:__mye677240
15612676096,15612679584,3488,0,3488,myelin-exec:__mye677234,649196,649196,3,0,3162,2474,:2445:2471:2474:3162,------myelin-exec:__mye677234
15612680704,15612832896,152192,0,152192,myelin-exec:__myl_FcCas,649196,649196,3,0,3163,2474,:2445:2471:2474:3163,------myelin-exec:__myl_FcCas
15612834976,15612858688,23712,0,23712,myelin-exec:__myl_ResMulMea,649196,649196,3,0,3164,2474,:2445:2471:2474:3164,------myelin-exec:__myl_ResMulMea
15612860160,15612877472,17312,0,17312,myelin-exec:__myl_AddSqrDivMulMulResSliSliNegConMulMulAddConResRepResTra,649196,649196,3,0,3165,2474,:2445:2471:2474:3165,------myelin-exec:__myl_AddSqrDivMulMulResSliSliNegConMulMulAddConResRepResTra
15612878400,15612882656,4256,0,4256,myelin-exec:__mye677236,649196,649196,3,0,3166,2474,:2445:2471:2474:3166,------myelin-exec:__mye677236
15612883520,15613037344,153824,0,153824,myelin-exec:__myl_FcCas,649196,649196,3,0,3167,2474,:2445:2471:2474:3167,------myelin-exec:__myl_FcCas
15613038656,15613053312,14656,0,14656,myelin-exec:__myl_ResMulMea,649196,649196,3,0,3168,2474,:2445:2471:2474:3168,------myelin-exec:__myl_ResMulMea
15613054688,15613067232,12544,0,12544,myelin-exec:__myl_AddSqrDivMulMulResSliSliNegConMulMulAdd,649196,649196,3,0,3169,2474,:2445:2471:2474:3169,------myelin-exec:__myl_AddSqrDivMulMulResSliSliNegConMulMulAdd
15613068352,15613072448,4096,0,4096,myelin-exec:__mye677238,649196,649196,3,0,3170,2474,:2445:2471:2474:3170,------myelin-exec:__mye677238
15613073376,15613123168,49792,0,49792,myelin-exec:/MatMul_54,649196,649196,3,0,3171,2474,:2445:2471:2474:3171,------myelin-exec:/MatMul_54
15613124800,15613141632,16832,0,16832,myelin-exec:__myl_MulMaxSubExpSumDivMul,649196,649196,3,0,3172,2474,:2445:2471:2474:3172,------myelin-exec:__myl_MulMaxSubExpSumDivMul
15613142656,15613146080,3424,0,3424,myelin-exec:__mye677242,649196,649196,3,0,3173,2474,:2445:2471:2474:3173,------myelin-exec:__mye677242
15613147008,15613205120,58112,0,58112,myelin-exec:/MatMul_55,649196,649196,3,0,3174,2474,:2445:2471:2474:3174,------myelin-exec:/MatMul_55
15613206720,15613365472,158752,0,158752,myelin-exec:__myl_FcAdd,649196,649196,3,0,3175,2474,:2445:2471:2474:3175,------myelin-exec:__myl_FcAdd
15613367200,15613387296,20096,0,20096,myelin-exec:__myl_MulMeaAddSqrDivMulMul,649196,649196,3,0,3176,2474,:2445:2471:2474:3176,------myelin-exec:__myl_MulMeaAddSqrDivMulMul
15613389184,15613461888,72704,0,72704,myelin-exec:/up_proj_27/MatMul,649196,649196,3,0,3177,2474,:2445:2471:2474:3177,------myelin-exec:/up_proj_27/MatMul
15613464352,15613625344,160992,0,160992,myelin-exec:__myl_FcNegExpAddDivMulMul,649196,649196,3,0,3178,2474,:2445:2471:2474:3178,------myelin-exec:__myl_FcNegExpAddDivMulMul
15613627360,15613786976,159616,0,159616,myelin-exec:__myl_FcAdd,649196,649196,3,0,3179,2474,:2445:2471:2474:3179,------myelin-exec:__myl_FcAdd
16043334880,16043533056,198176,134848,63328,TensorRT:ExecutionContext::enqueue,649196,649196,1,1,3271,2445,:2445:3271,--TensorRT:ExecutionContext::enqueue
16043393152,16043528000,134848,78688,56160,TensorRT:{ForeignNode[/Cast.../Cast_1]},649196,649196,2,2,3275,3271,:2445:3271:3275,----TensorRT:{ForeignNode[/Cast.../Cast_1]}
16043434976,16043436992,2016,0,2016,myelin-exec:__mye60_0,649196,649196,3,0,3282,3275,:2445:3271:3275:3282,------myelin-exec:__mye60_0
16043437952,16043514624,76672,0,76672,myelin-exec:__myl_MovMulMeaAddSqrDivMulMulCas,649196,649196,3,0,3283,3275,:2445:3271:3275:3283,------myelin-exec:__myl_MovMulMeaAddSqrDivMulMulCas
16050553792,16050755680,201888,157792,44096,TensorRT:ExecutionContext::enqueue,649196,649196,1,1,3292,2445,:2445:3292,--TensorRT:ExecutionContext::enqueue
16050594400,16050752192,157792,115104,42688,TensorRT:{ForeignNode[onnx::MatMul_4 + ONNXTRT_Broadcast.../MatMul]},649196,649196,2,2,3296,3292,:2445:3292:3296,----TensorRT:{ForeignNode[onnx::MatMul_4 + ONNXTRT_Broadcast.../MatMul]}
16050624512,16050625600,1088,0,1088,myelin-exec:__mye31_0,649196,649196,3,0,3303,3296,:2445:3292:3296:3303,------myelin-exec:__mye31_0
16050626144,16050740160,114016,0,114016,myelin-exec:/MatMul,649196,649196,3,0,3304,3296,:2445:3292:3296:3304,------myelin-exec:/MatMul
16062310848,18801407264,2739096416,35479360,2703617056,:A1_decode_step_1,649196,649196,0,4,3309,,:3309,:A1_decode_step_1
16070126176,16070253728,127552,81600,45952,TensorRT:ExecutionContext::enqueue,649196,649196,1,1,3314,3309,:3309:3314,--TensorRT:ExecutionContext::enqueue
16070168256,16070249856,81600,41952,39648,TensorRT:{ForeignNode[ONNXTRT_castHelper.../Gather]},649196,649196,2,2,3318,3314,:3309:3314:3318,----TensorRT:{ForeignNode[ONNXTRT_castHelper.../Gather]}
16070195968,16070197248,1280,0,1280,myelin-exec:__mye39_0,649196,649196,3,0,3325,3318,:3309:3314:3318:3325,------myelin-exec:__mye39_0
16070197952,16070238624,40672,0,40672,myelin-exec:__myl_CasGat,649196,649196,3,0,3326,3318,:3309:3314:3318:3326,------myelin-exec:__myl_CasGat
18327568000,18362515392,34947392,33296992,1650400,TensorRT:ExecutionContext::enqueue,649196,649196,1,1,3335,3309,:3309:3335,--TensorRT:ExecutionContext::enqueue
18329161152,18362458144,33296992,31654656,1642336,TensorRT:{ForeignNode[/Cast.../Add_111]},649196,649196,2,699,3338,3335,:3309:3335:3338,----TensorRT:{ForeignNode[/Cast.../Add_111]}
18329453728,18329456352,2624,0,2624,myelin-exec:__mye156465_0,649196,649196,3,0,3345,3338,:3309:3335:3338:3345,------myelin-exec:__mye156465_0
18329457632,18329545088,87456,0,87456,myelin-exec:__myl_MovMulMeaAddSqrDivMulDivMinMaxRouCasDivMinMaxRouCasDivMinMaxRouCas,649196,649196,3,0,3346,3338,:3309:3335:3338:3346,------myelin-exec:__myl_MovMulMeaAddSqrDivMulDivMinMaxRouCasDivMinMaxRouCasDivMinMaxRouCas
18329547328,18329562432,15104,0,15104,myelin-exec:__mye676844,649196,649196,3,0,3347,3338,:3309:3335:3338:3347,------myelin-exec:__mye676844
18329563648,18329574080,10432,0,10432,myelin-exec:__mye676846,649196,649196,3,0,3348,3338,:3309:3335:3338:3348,------myelin-exec:__mye676846
18329575008,18329826496,251488,0,251488,myelin-exec:__myl_FcCas,649196,649196,3,0,3349,3338,:3309:3335:3338:3349,------myelin-exec:__myl_FcCas
18329829024,18329859040,30016,0,30016,myelin-exec:__myl_ResConResRep,649196,649196,3,0,3350,3338,:3309:3335:3338:3350,------myelin-exec:__myl_ResConResRep
18329860640,18329866880,6240,0,6240,myelin-exec:__mye676854,649196,649196,3,0,3351,3338,:3309:3335:3338:3351,------myelin-exec:__mye676854
18329867840,18329872992,5152,0,5152,myelin-exec:__mye676848,649196,649196,3,0,3352,3338,:3309:3335:3338:3352,------myelin-exec:__mye676848
18329873600,18330025760,152160,0,152160,myelin-exec:__myl_FcCas,649196,649196,3,0,3353,3338,:3309:3335:3338:3353,------myelin-exec:__myl_FcCas
18330027552,18330047616,20064,0,20064,myelin-exec:__myl_ResMulMea,649196,649196,3,0,3354,3338,:3309:3335:3338:3354,------myelin-exec:__myl_ResMulMea
18330049088,18330053376,4288,0,4288,myelin-exec:__mye676850,649196,649196,3,0,3355,3338,:3309:3335:3338:3355,------myelin-exec:__mye676850
18330054336,18330184800,130464,0,130464,myelin-exec:__myl_FcCas,649196,649196,3,0,3356,3338,:3309:3335:3338:3356,------myelin-exec:__myl_FcCas
18330186304,18330206880,20576,0,20576,myelin-exec:__myl_ResMulMea,649196,649196,3,0,3357,3338,:3309:3335:3338:3357,------myelin-exec:__myl_ResMulMea
18330207936,18330212512,4576,0,4576,myelin-exec:__mye676852,649196,649196,3,0,3358,3338,:3309:3335:3338:3358,------myelin-exec:__mye676852
18330213440,18330240288,26848,0,26848,myelin-exec:__myl_CasResMulConSinResCosResAddSqrAddSqrDivMulDivMulMulResSliSliNegConMulMulAddConResRepResTraEtc,649196,649196,3,0,3359,3338,:3309:3335:3338:3359,------myelin-exec:__myl_CasResMulConSinResCosResAddSqrAddSqrDivMulDivMulMulResSliSliNegConMulMulAddConResRepResTraEtc
18330241216,18330328128,86912,0,86912,myelin-exec:/MatMul,649196,649196,3,0,3360,3338,:3309:3335:3338:3360,------myelin-exec:/MatMul
18330329856,18330350880,21024,0,21024,myelin-exec:__myl_MulMaxSubExpSumDivMul,649196,649196,3,0,3361,3338,:3309:3335:3338:3361,------myelin-exec:__myl_MulMaxSubExpSumDivMul
18330352128,18330356384,4256,0,4256,myelin-exec:__mye676856,649196,649196,3,0,3362,3338,:3309:3335:3338:3362,------myelin-exec:__mye676856
18330357056,18330442048,84992,0,84992,myelin-exec:/MatMul_1,649196,649196,3,0,3363,3338,:3309:3335:3338:3363,------myelin-exec:/MatMul_1
18330444224,18330468608,24384,0,24384,myelin-exec:__myl_MulMinMaxRouCas,649196,649196,3,0,3364,3338,:3309:3335:3338:3364,------myelin-exec:__myl_MulMinMaxRouCas
18330470464,18330617472,147008,0,147008,myelin-exec:__myl_FcCasAdd,649196,649196,3,0,3365,3338,:3309:3335:3338:3365,------myelin-exec:__myl_FcCasAdd
18330619360,18330639456,20096,0,20096,myelin-exec:__myl_MulMeaAddSqrDivMulMulMulMinMaxRouCas,649196,649196,3,0,3366,3338,:3309:3335:3338:3366,------myelin-exec:__myl_MulMeaAddSqrDivMulMulMulMinMaxRouCas
18330640992,18330693088,52096,0,52096,myelin-exec:/up_proj/MatMul,649196,649196,3,0,3367,3338,:3309:3335:3338:3367,------myelin-exec:/up_proj/MatMul
18330694688,18330836096,141408,0,141408,myelin-exec:__myl_FcCasNegExpAddDivMulMul,649196,649196,3,0,3368,3338,:3309:3335:3338:3368,------myelin-exec:__myl_FcCasNegExpAddDivMulMul
18330837760,18330973056,135296,0,135296,myelin-exec:__myl_FcAdd,649196,649196,3,0,3369,3338,:3309:3335:3338:3369,------myelin-exec:__myl_FcAdd
18330974656,18330994912,20256,0,20256,myelin-exec:__myl_MulMeaAddSqrDivMulDivMinMaxRouCasDivMinMaxRouCasDivMinMaxRouCas,649196,649196,3,0,3370,3338,:3309:3335:3338:3370,------myelin-exec:__myl_MulMeaAddSqrDivMulDivMinMaxRouCasDivMinMaxRouCasDivMinMaxRouCas
18330996256,18331002016,5760,0,5760,myelin-exec:__mye676858,649196,649196,3,0,3371,3338,:3309:3335:3338:3371,------myelin-exec:__mye676858
18331002944,18331007136,4192,0,4192,myelin-exec:__mye676860,649196,649196,3,0,3372,3338,:3309:3335:3338:3372,------myelin-exec:__mye676860
18331008128,18331154144,146016,0,146016,myelin-exec:__myl_FcCas,649196,649196,3,0,3373,3338,:3309:3335:3338:3373,------myelin-exec:__myl_FcCas
18331155552,18331160320,4768,0,4768,myelin-exec:__mye676862,649196,649196,3,0,3374,3338,:3309:3335:3338:3374,------myelin-exec:__mye676862
18331161088,18331164416,3328,0,3328,myelin-exec:__mye676864,649196,649196,3,0,3375,3338,:3309:3335:3338:3375,------myelin-exec:__mye676864
18331165312,18331186048,20736,0,20736,myelin-exec:__myl_ResConResRep,649196,649196,3,0,3376,3338,:3309:3335:3338:3376,------myelin-exec:__myl_ResConResRep
18331186912,18331190560,3648,0,3648,myelin-exec:__mye676876,649196,649196,3,0,3377,3338,:3309:3335:3338:3377,------myelin-exec:__mye676876
18331191456,18331193952,2496,0,2496,myelin-exec:__mye676866,649196,649196,3,0,3378,3338,:3309:3335:3338:3378,------myelin-exec:__mye676866
18331194624,18331339584,144960,0,144960,myelin-exec:__myl_FcCas,649196,649196,3,0,3379,3338,:3309:3335:3338:3379,------myelin-exec:__myl_FcCas
18331341120,18331344608,3488,0,3488,myelin-exec:__mye676868,649196,649196,3,0,3380,3338,:3309:3335:3338:3380,------myelin-exec:__mye676868
18331345760,18331348800,3040,0,3040,myelin-exec:__mye676870,649196,649196,3,0,3381,3338,:3309:3335:3338:3381,------myelin-exec:__mye676870
18331349920,18331365216,15296,0,15296,myelin-exec:__myl_ResMulMea,649196,649196,3,0,3382,3338,:3309:3335:3338:3382,------myelin-exec:__myl_ResMulMea
18331366528,18331393632,27104,0,27104,myelin-exec:__myl_AddSqrDivMulMulResSliSliNegConMulMulAddConResRepResTra,649196,649196,3,0,3383,3338,:3309:3335:3338:3383,------myelin-exec:__myl_AddSqrDivMulMulResSliSliNegConMulMulAddConResRepResTra
18331394944,18331398432,3488,0,3488,myelin-exec:__mye676872,649196,649196,3,0,3384,3338,:3309:3335:3338:3384,------myelin-exec:__mye676872
18331399360,18331535936,136576,0,136576,myelin-exec:__myl_FcCas,649196,649196,3,0,3385,3338,:3309:3335:3338:3385,------myelin-exec:__myl_FcCas
18331537376,18331552512,15136,0,15136,myelin-exec:__myl_ResMulMea,649196,649196,3,0,3386,3338,:3309:3335:3338:3386,------myelin-exec:__myl_ResMulMea
18331555008,18331573856,18848,0,18848,myelin-exec:__myl_AddSqrDivMulMulResSliSliNegConMulMulAdd,649196,649196,3,0,3387,3338,:3309:3335:3338:3387,------myelin-exec:__myl_AddSqrDivMulMulResSliSliNegConMulMulAdd
18331575264,18331578880,3616,0,3616,myelin-exec:__mye676874,649196,649196,3,0,3388,3338,:3309:3335:3338:3388,------myelin-exec:__mye676874
18331580224,18331632256,52032,0,52032,myelin-exec:/MatMul_2,649196,649196,3,0,3389,3338,:3309:3335:3338:3389,------myelin-exec:/MatMul_2
18331634016,18331652128,18112,0,18112,myelin-exec:__myl_MulMaxSubExpSumDivMul,649196,649196,3,0,3390,3338,:3309:3335:3338:3390,------myelin-exec:__myl_MulMaxSubExpSumDivMul
18331653536,18331657248,3712,0,3712,myelin-exec:__mye676878,649196,649196,3,0,3391,3338,:3309:3335:3338:3391,------myelin-exec:__mye676878
18331658208,18331698752,40544,0,40544,myelin-exec:/MatMul_3,649196,649196,3,0,3392,3338,:3309:3335:3338:3392,------myelin-exec:/MatMul_3
18331700576,18331717792,17216,0,17216,myelin-exec:__myl_MulMinMaxRouCas,649196,649196,3,0,3393,3338,:3309:3335:3338:3393,------myelin-exec:__myl_MulMinMaxRouCas
18331719072,18331854144,135072,0,135072,myelin-exec:__myl_FcCasAdd,649196,649196,3,0,3394,3338,:3309:3335:3338:3394,------myelin-exec:__myl_FcCasAdd
18331856064,18331875456,19392,0,19392,myelin-exec:__myl_MulMeaAddSqrDivMulMulMulMinMaxRouCas,649196,649196,3,0,3395,3338,:3309:3335:3338:3395,------myelin-exec:__myl_MulMeaAddSqrDivMulMulMulMinMaxRouCas
18331876992,18331921376,44384,0,44384,myelin-exec:/up_proj_1/MatMul,649196,649196,3,0,3396,3338,:3309:3335:3338:3396,------myelin-exec:/up_proj_1/MatMul
18331922944,18332055872,132928,0,132928,myelin-exec:__myl_FcCasNegExpAddDivMulMul,649196,649196,3,0,3397,3338,:3309:3335:3338:3397,------myelin-exec:__myl_FcCasNegExpAddDivMulMul
18332057248,18332188896,131648,0,131648,myelin-exec:__myl_FcAdd,649196,649196,3,0,3398,3338,:3309:3335:3338:3398,------myelin-exec:__myl_FcAdd
18332190912,18332208544,17632,0,17632,myelin-exec:__myl_MulMeaAddSqrDivMulMul,649196,649196,3,0,3399,3338,:3309:3335:3338:3399,------myelin-exec:__myl_MulMeaAddSqrDivMulMul
18332210080,18332254560,44480,0,44480,myelin-exec:/v_proj_2/MatMul+/k_proj_2/MatMul+/q_proj_2/MatMul,649196,649196,3,0,3400,3338,:3309:3335:3338:3400,------myelin-exec:/v_proj_2/MatMul+/k_proj_2/MatMul+/q_proj_2/MatMul
18332256416,18332261824,5408,0,5408,myelin-exec:__mye676880,649196,649196,3,0,3401,3338,:3309:3335:3338:3401,------myelin-exec:__mye676880
18332262912,18332267136,4224,0,4224,myelin-exec:__mye676882,649196,649196,3,0,3402,3338,:3309:3335:3338:3402,------myelin-exec:__mye676882
18332268192,18332293312,25120,0,25120,myelin-exec:__myl_MovResConResRep,649196,649196,3,0,3403,3338,:3309:3335:3338:3403,------myelin-exec:__myl_MovResConResRep
18332295104,18332298880,3776,0,3776,myelin-exec:__mye676890,649196,649196,3,0,3404,3338,:3309:3335:3338:3404,------myelin-exec:__mye676890
18332299872,18332317920,18048,0,18048,myelin-exec:__myl_MovResMulMea,649196,649196,3,0,3405,3338,:3309:3335:3338:3405,------myelin-exec:__myl_MovResMulMea
18332319424,18332334688,15264,0,15264,myelin-exec:__myl_AddSqrDivMulMulResSliSliNegConMulMulAddConResRepResTra,649196,649196,3,0,3406,3338,:3309:3335:3338:3406,------myelin-exec:__myl_AddSqrDivMulMulResSliSliNegConMulMulAddConResRepResTra
18332335744,18332338848,3104,0,3104,myelin-exec:__mye676884,649196,649196,3,0,3407,3338,:3309:3335:3338:3407,------myelin-exec:__mye676884
18332340064,18332359200,19136,0,19136,myelin-exec:__myl_MovResMulMea,649196,649196,3,0,3408,3338,:3309:3335:3338:3408,------myelin-exec:__myl_MovResMulMea
18332360320,18332372736,12416,0,12416,myelin-exec:__myl_AddSqrDivMulMulResSliSliNegConMulMulAdd,649196,649196,3,0,3409,3338,:3309:3335:3338:3409,------myelin-exec:__myl_AddSqrDivMulMulResSliSliNegConMulMulAdd
18332373856,18332377312,3456,0,3456,myelin-exec:__mye676886,649196,649196,3,0,3410,3338,:3309:3335:3338:3410,------myelin-exec:__mye676886
18332378048,18332381344,3296,0,3296,myelin-exec:__mye676888,649196,649196,3,0,3411,3338,:3309:3335:3338:3411,------myelin-exec:__mye676888
18332382720,18332419904,37184,0,37184,myelin-exec:/MatMul_4,649196,649196,3,0,3412,3338,:3309:3335:3338:3412,------myelin-exec:/MatMul_4
18332421760,18332435904,14144,0,14144,myelin-exec:__myl_MulMaxSubExpSumDivMul,649196,649196,3,0,3413,3338,:3309:3335:3338:3413,------myelin-exec:__myl_MulMaxSubExpSumDivMul
18332436928,18332439744,2816,0,2816,myelin-exec:__mye676892,649196,649196,3,0,3414,3338,:3309:3335:3338:3414,------myelin-exec:__mye676892
18332440512,18332475776,35264,0,35264,myelin-exec:/MatMul_5,649196,649196,3,0,3415,3338,:3309:3335:3338:3415,------myelin-exec:/MatMul_5
18332477504,18332495712,18208,0,18208,myelin-exec:__myl_MulMinMaxRouCas,649196,649196,3,0,3416,3338,:3309:3335:3338:3416,------myelin-exec:__myl_MulMinMaxRouCas
18332496640,18332633856,137216,0,137216,myelin-exec:__myl_FcCasAdd,649196,649196,3,0,3417,3338,:3309:3335:3338:3417,------myelin-exec:__myl_FcCasAdd
18332635616,18332653728,18112,0,18112,myelin-exec:__myl_MulMeaAddSqrDivMulMulMulMinMaxRouCas,649196,649196,3,0,3418,3338,:3309:3335:3338:3418,------myelin-exec:__myl_MulMeaAddSqrDivMulMulMulMinMaxRouCas
18332655264,18332695168,39904,0,39904,myelin-exec:/up_proj_2/MatMul,649196,649196,3,0,3419,3338,:3309:3335:3338:3419,------myelin-exec:/up_proj_2/MatMul
18332696960,18332836512,139552,0,139552,myelin-exec:__myl_FcCasNegExpAddDivMulMul,649196,649196,3,0,3420,3338,:3309:3335:3338:3420,------myelin-exec:__myl_FcCasNegExpAddDivMulMul
18332838048,18332968736,130688,0,130688,myelin-exec:__myl_FcAdd,649196,649196,3,0,3421,3338,:3309:3335:3338:3421,------myelin-exec:__myl_FcAdd
18332970144,18332985824,15680,0,15680,myelin-exec:__myl_MulMeaAddSqrDivMulDivMinMaxRouCasDivMinMaxRouCasDivMinMaxRouCas,649196,649196,3,0,3422,3338,:3309:3335:3338:3422,------myelin-exec:__myl_MulMeaAddSqrDivMulDivMinMaxRouCasDivMinMaxRouCasDivMinMaxRouCas
18332986976,18332991296,4320,0,4320,myelin-exec:__mye676894,649196,649196,3,0,3423,3338,:3309:3335:3338:3423,------myelin-exec:__mye676894
18332992512,18332995648,3136,0,3136,myelin-exec:__mye676896,649196,649196,3,0,3424,3338,:3309:3335:3338:3424,------myelin-exec:__mye676896
18332996640,18333134560,137920,0,137920,myelin-exec:__myl_FcCas,649196,649196,3,0,3425,3338,:3309:3335:3338:3425,------myelin-exec:__myl_FcCas
18333136288,18333154176,17888,0,17888,myelin-exec:__myl_ResConResRep,649196,649196,3,0,3426,3338,:3309:3335:3338:3426,------myelin-exec:__myl_ResConResRep
18333155456,18333159232,3776,0,3776,myelin-exec:__mye676904,649196,649196,3,0,3427,3338,:3309:3335:3338:3427,------myelin-exec:__mye676904
18333160704,18333163392,2688,0,2688,myelin-exec:__mye676898,649196,649196,3,0,3428,3338,:3309:3335:3338:3428,------myelin-exec:__mye676898
18333164352,18333296256,131904,0,131904,myelin-exec:__myl_FcCas,649196,649196,3,0,3429,3338,:3309:3335:3338:3429,------myelin-exec:__myl_FcCas
18333297920,18333319008,21088,0,21088,myelin-exec:__myl_ResMulMea,649196,649196,3,0,3430,3338,:3309:3335:3338:3430,------myelin-exec:__myl_ResMulMea
18333320448,18333336480,16032,0,16032,myelin-exec:__myl_AddSqrDivMulMulResSliSliNegConMulMulAddConResRepResTra,649196,649196,3,0,3431,3338,:3309:3335:3338:3431,------myelin-exec:__myl_AddSqrDivMulMulResSliSliNegConMulMulAddConResRepResTra
18333337856,18333341632,3776,0,3776,myelin-exec:__mye676900,649196,649196,3,0,3432,3338,:3309:3335:3338:3432,------myelin-exec:__mye676900
18333342656,18333490144,147488,0,147488,myelin-exec:__myl_FcCas,649196,649196,3,0,3433,3338,:3309:3335:3338:3433,------myelin-exec:__myl_FcCas
18333491936,18333507072,15136,0,15136,myelin-exec:__myl_ResMulMea,649196,649196,3,0,3434,3338,:3309:3335:3338:3434,------myelin-exec:__myl_ResMulMea
18333508704,18333521824,13120,0,13120,myelin-exec:__myl_AddSqrDivMulMulResSliSliNegConMulMulAdd,649196,649196,3,0,3435,3338,:3309:3335:3338:3435,------myelin-exec:__myl_AddSqrDivMulMulResSliSliNegConMulMulAdd
18333523200,18333527360,4160,0,4160,myelin-exec:__mye676902,649196,649196,3,0,3436,3338,:3309:3335:3338:3436,------myelin-exec:__mye676902
18333528384,18333570912,42528,0,42528,myelin-exec:/MatMul_6,649196,649196,3,0,3437,3338,:3309:3335:3338:3437,------myelin-exec:/MatMul_6
18333572224,18333586944,14720,0,14720,myelin-exec:__myl_MulMaxSubExpSumDivMul,649196,649196,3,0,3438,3338,:3309:3335:3338:3438,------myelin-exec:__myl_MulMaxSubExpSumDivMul
18333588416,18333591040,2624,0,2624,myelin-exec:__mye676906,649196,649196,3,0,3439,3338,:3309:3335:3338:3439,------myelin-exec:__mye676906
18333591936,18333628832,36896,0,36896,myelin-exec:/MatMul_7,649196,649196,3,0,3440,3338,:3309:3335:3338:3440,------myelin-exec:/MatMul_7
18333630304,18333646880,16576,0,16576,myelin-exec:__myl_MulMinMaxRouCas,649196,649196,3,0,3441,3338,:3309:3335:3338:3441,------myelin-exec:__myl_MulMinMaxRouCas
18333648160,18333789888,141728,0,141728,myelin-exec:__myl_FcCasAdd,649196,649196,3,0,3442,3338,:3309:3335:3338:3442,------myelin-exec:__myl_FcCasAdd
18333792000,18333810592,18592,0,18592,myelin-exec:__myl_MulMeaAddSqrDivMulMulMulMinMaxRouCas,649196,649196,3,0,3443,3338,:3309:3335:3338:3443,------myelin-exec:__myl_MulMeaAddSqrDivMulMulMulMinMaxRouCas
18333812288,18333851200,38912,0,38912,myelin-exec:/up_proj_3/MatMul,649196,649196,3,0,3444,3338,:3309:3335:3338:3444,------myelin-exec:/up_proj_3/MatMul
18333852800,18333987616,134816,0,134816,myelin-exec:__myl_FcCasNegExpAddDivMulMul,649196,649196,3,0,3445,3338,:3309:3335:3338:3445,------myelin-exec:__myl_FcCasNegExpAddDivMulMul
18333989024,18334116992,127968,0,127968,myelin-exec:__myl_FcAdd,649196,649196,3,0,3446,3338,:3309:3335:3338:3446,------myelin-exec:__myl_FcAdd
18334118336,18334133440,15104,0,15104,myelin-exec:__myl_MulMeaAddSqrDivMulDivMinMaxRouCasDivMinMaxRouCasDivMinMaxRouCas,649196,649196,3,0,3447,3338,:3309:3335:3338:3447,------myelin-exec:__myl_MulMeaAddSqrDivMulDivMinMaxRouCasDivMinMaxRouCasDivMinMaxRouCas
18334134816,18334139968,5152,0,5152,myelin-exec:__mye676908,649196,649196,3,0,3448,3338,:3309:3335:3338:3448,------myelin-exec:__mye676908
18334140704,18334144000,3296,0,3296,myelin-exec:__mye676910,649196,649196,3,0,3449,3338,:3309:3335:3338:3449,------myelin-exec:__mye676910
18334144928,18334279328,134400,0,134400,myelin-exec:__myl_FcCas,649196,649196,3,0,3450,3338,:3309:3335:3338:3450,------myelin-exec:__myl_FcCas
18334281408,18334299168,17760,0,17760,myelin-exec:__myl_ResConResRep,649196,649196,3,0,3451,3338,:3309:3335:3338:3451,------myelin-exec:__myl_ResConResRep
18334300928,18334304352,3424,0,3424,myelin-exec:__mye676918,649196,649196,3,0,3452,3338,:3309:3335:3338:3452,------myelin-exec:__mye676918
18334305216,18334307456,2240,0,2240,myelin-exec:__mye676912,649196,649196,3,0,3453,3338,:3309:3335:3338:3453,------myelin-exec:__mye676912
18334308384,18334478976,170592,0,170592,myelin-exec:__myl_FcCas,649196,649196,3,0,3454,3338,:3309:3335:3338:3454,------myelin-exec:__myl_FcCas
18334480896,18334508960,28064,0,28064,myelin-exec:__myl_ResMulMea,649196,649196,3,0,3455,3338,:3309:3335:3338:3455,------myelin-exec:__myl_ResMulMea
18334510848,18334530880,20032,0,20032,myelin-exec:__myl_AddSqrDivMulMulResSliSliNegConMulMulAddConResRepResTra,649196,649196,3,0,3456,3338,:3309:3335:3338:3456,------myelin-exec:__myl_AddSqrDivMulMulResSliSliNegConMulMulAddConResRepResTra
18334532480,18334537760,5280,0,5280,myelin-exec:__mye676914,649196,649196,3,0,3457,3338,:3309:3335:3338:3457,------myelin-exec:__mye676914
18334538560,18334675200,136640,0,136640,myelin-exec:__myl_FcCas,649196,649196,3,0,3458,3338,:3309:3335:3338:3458,------myelin-exec:__myl_FcCas
18334676896,18334690464,13568,0,13568,myelin-exec:__myl_ResMulMea,649196,649196,3,0,3459,3338,:3309:3335:3338:3459,------myelin-exec:__myl_ResMulMea
18334691744,18334704000,12256,0,12256,myelin-exec:__myl_AddSqrDivMulMulResSliSliNegConMulMulAdd,649196,649196,3,0,3460,3338,:3309:3335:3338:3460,------myelin-exec:__myl_AddSqrDivMulMulResSliSliNegConMulMulAdd
18334705472,18334709792,4320,0,4320,myelin-exec:__mye676916,649196,649196,3,0,3461,3338,:3309:3335:3338:3461,------myelin-exec:__mye676916
18334710688,18334755264,44576,0,44576,myelin-exec:/MatMul_8,649196,649196,3,0,3462,3338,:3309:3335:3338:3462,------myelin-exec:/MatMul_8
18334756768,18334770880,14112,0,14112,myelin-exec:__myl_MulMaxSubExpSumDivMul,649196,649196,3,0,3463,3338,:3309:3335:3338:3463,------myelin-exec:__myl_MulMaxSubExpSumDivMul
18334772160,18334776064,3904,0,3904,myelin-exec:__mye676920,649196,649196,3,0,3464,3338,:3309:3335:3338:3464,------myelin-exec:__mye676920
18334776896,18334813728,36832,0,36832,myelin-exec:/MatMul_9,649196,649196,3,0,3465,3338,:3309:3335:3338:3465,------myelin-exec:/MatMul_9
18334815296,18334833824,18528,0,18528,myelin-exec:__myl_MulMinMaxRouCas,649196,649196,3,0,3466,3338,:3309:3335:3338:3466,------myelin-exec:__myl_MulMinMaxRouCas
18334835008,18334967648,132640,0,132640,myelin-exec:__myl_FcCasAdd,649196,649196,3,0,3467,3338,:3309:3335:3338:3467,------myelin-exec:__myl_FcCasAdd
18334969472,18334988288,18816,0,18816,myelin-exec:__myl_MulMeaAddSqrDivMulMulMulMinMaxRouCas,649196,649196,3,0,3468,3338,:3309:3335:3338:3468,------myelin-exec:__myl_MulMeaAddSqrDivMulMulMulMinMaxRouCas
18334989536,18335029696,40160,0,40160,myelin-exec:/up_proj_4/MatMul,649196,649196,3,0,3469,3338,:3309:3335:3338:3469,------myelin-exec:/up_proj_4/MatMul
18335031552,18335162464,130912,0,130912,myelin-exec:__myl_FcCasNegExpAddDivMulMul,649196,649196,3,0,3470,3338,:3309:3335:3338:3470,------myelin-exec:__myl_FcCasNegExpAddDivMulMul
18335164064,18335297152,133088,0,133088,myelin-exec:__myl_FcAdd,649196,649196,3,0,3471,3338,:3309:3335:3338:3471,------myelin-exec:__myl_FcAdd
18335298720,18335316000,17280,0,17280,myelin-exec:__myl_MulMeaAddSqrDivMulDivMinMaxRouCasDivMinMaxRouCasDivMinMaxRouCas,649196,649196,3,0,3472,3338,:3309:3335:3338:3472,------myelin-exec:__myl_MulMeaAddSqrDivMulDivMinMaxRouCasDivMinMaxRouCasDivMinMaxRouCas
18335317344,18335322208,4864,0,4864,myelin-exec:__mye676922,649196,649196,3,0,3473,3338,:3309:3335:3338:3473,------myelin-exec:__mye676922
18335323232,18335326656,3424,0,3424,myelin-exec:__mye676924,649196,649196,3,0,3474,3338,:3309:3335:3338:3474,------myelin-exec:__mye676924
18335327648,18335456384,128736,0,128736,myelin-exec:__myl_FcCas,649196,649196,3,0,3475,3338,:3309:3335:3338:3475,------myelin-exec:__myl_FcCas
18335457920,18335481568,23648,0,23648,myelin-exec:__myl_ResConResRep,649196,649196,3,0,3476,3338,:3309:3335:3338:3476,------myelin-exec:__myl_ResConResRep
18335483328,18335487072,3744,0,3744,myelin-exec:__mye676932,649196,649196,3,0,3477,3338,:3309:3335:3338:3477,------myelin-exec:__mye676932
18335487904,18335490816,2912,0,2912,myelin-exec:__mye676926,649196,649196,3,0,3478,3338,:3309:3335:3338:3478,------myelin-exec:__mye676926
18335491776,18335631872,140096,0,140096,myelin-exec:__myl_FcCas,649196,649196,3,0,3479,3338,:3309:3335:3338:3479,------myelin-exec:__myl_FcCas
18335633504,18335655264,21760,0,21760,myelin-exec:__myl_ResMulMea,649196,649196,3,0,3480,3338,:3309:3335:3338:3480,------myelin-exec:__myl_ResMulMea
18335656640,18335674624,17984,0,17984,myelin-exec:__myl_AddSqrDivMulMulResSliSliNegConMulMulAddConResRepResTra,649196,649196,3,0,3481,3338,:3309:3335:3338:3481,------myelin-exec:__myl_AddSqrDivMulMulResSliSliNegConMulMulAddConResRepResTra
18335676096,18335679840,3744,0,3744,myelin-exec:__mye676928,649196,649196,3,0,3482,3338,:3309:3335:3338:3482,------myelin-exec:__mye676928
18335680704,18335823104,142400,0,142400,myelin-exec:__myl_FcCas,649196,649196,3,0,3483,3338,:3309:3335:3338:3483,------myelin-exec:__myl_FcCas
18335824672,18335841088,16416,0,16416,myelin-exec:__myl_ResMulMea,649196,649196,3,0,3484,3338,:3309:3335:3338:3484,------myelin-exec:__myl_ResMulMea
18335842400,18335856928,14528,0,14528,myelin-exec:__myl_AddSqrDivMulMulResSliSliNegConMulMulAdd,649196,649196,3,0,3485,3338,:3309:3335:3338:3485,------myelin-exec:__myl_AddSqrDivMulMulResSliSliNegConMulMulAdd
18335858048,18335861632,3584,0,3584,myelin-exec:__mye676930,649196,649196,3,0,3486,3338,:3309:3335:3338:3486,------myelin-exec:__mye676930
18335862688,18335905472,42784,0,42784,myelin-exec:/MatMul_10,649196,649196,3,0,3487,3338,:3309:3335:3338:3487,------myelin-exec:/MatMul_10
18335907008,18335920576,13568,0,13568,myelin-exec:__myl_MulMaxSubExpSumDivMul,649196,649196,3,0,3488,3338,:3309:3335:3338:3488,------myelin-exec:__myl_MulMaxSubExpSumDivMul
18335921696,18335924640,2944,0,2944,myelin-exec:__mye676934,649196,649196,3,0,3489,3338,:3309:3335:3338:3489,------myelin-exec:__mye676934
18335925472,18335960960,35488,0,35488,myelin-exec:/MatMul_11,649196,649196,3,0,3490,3338,:3309:3335:3338:3490,------myelin-exec:/MatMul_11
18335962304,18335980320,18016,0,18016,myelin-exec:__myl_MulMinMaxRouCas,649196,649196,3,0,3491,3338,:3309:3335:3338:3491,------myelin-exec:__myl_MulMinMaxRouCas
18335981536,18336113632,132096,0,132096,myelin-exec:__myl_FcCasAdd,649196,649196,3,0,3492,3338,:3309:3335:3338:3492,------myelin-exec:__myl_FcCasAdd
18336115392,18336134176,18784,0,18784,myelin-exec:__myl_MulMeaAddSqrDivMulMulMulMinMaxRouCas,649196,649196,3,0,3493,3338,:3309:3335:3338:3493,------myelin-exec:__myl_MulMeaAddSqrDivMulMulMulMinMaxRouCas
18336135872,18336177056,41184,0,41184,myelin-exec:/up_proj_5/MatMul,649196,649196,3,0,3494,3338,:3309:3335:3338:3494,------myelin-exec:/up_proj_5/MatMul
18336179040,18336321408,142368,0,142368,myelin-exec:__myl_FcCasNegExpAddDivMulMul,649196,649196,3,0,3495,3338,:3309:3335:3338:3495,------myelin-exec:__myl_FcCasNegExpAddDivMulMul
18336323360,18336461792,138432,0,138432,myelin-exec:__myl_FcAdd,649196,649196,3,0,3496,3338,:3309:3335:3338:3496,------myelin-exec:__myl_FcAdd
18336463840,18336480704,16864,0,16864,myelin-exec:__myl_MulMeaAddSqrDivMulDivMinMaxRouCasDivMinMaxRouCasDivMinMaxRouCas,649196,649196,3,0,3497,3338,:3309:3335:3338:3497,------myelin-exec:__myl_MulMeaAddSqrDivMulDivMinMaxRouCasDivMinMaxRouCasDivMinMaxRouCas
18336482368,18336487136,4768,0,4768,myelin-exec:__mye676936,649196,649196,3,0,3498,3338,:3309:3335:3338:3498,------myelin-exec:__mye676936
18336487744,18336491072,3328,0,3328,myelin-exec:__mye676938,649196,649196,3,0,3499,3338,:3309:3335:3338:3499,------myelin-exec:__mye676938
18336492064,18336620864,128800,0,128800,myelin-exec:__myl_FcCas,649196,649196,3,0,3500,3338,:3309:3335:3338:3500,------myelin-exec:__myl_FcCas
18336622848,18336638464,15616,0,15616,myelin-exec:__myl_ResConResRep,649196,649196,3,0,3501,3338,:3309:3335:3338:3501,------myelin-exec:__myl_ResConResRep
18336639584,18336642912,3328,0,3328,myelin-exec:__mye676946,649196,649196,3,0,3502,3338,:3309:3335:3338:3502,------myelin-exec:__mye676946
18336643776,18336646624,2848,0,2848,myelin-exec:__mye676940,649196,649196,3,0,3503,3338,:3309:3335:3338:3503,------myelin-exec:__mye676940
18336647680,18336778496,130816,0,130816,myelin-exec:__myl_FcCas,649196,649196,3,0,3504,3338,:3309:3335:3338:3504,------myelin-exec:__myl_FcCas
18336779840,18336801408,21568,0,21568,myelin-exec:__myl_ResMulMea,649196,649196,3,0,3505,3338,:3309:3335:3338:3505,------myelin-exec:__myl_ResMulMea
18336802784,18336821120,18336,0,18336,myelin-exec:__myl_AddSqrDivMulMulResSliSliNegConMulMulAddConResRepResTra,649196,649196,3,0,3506,3338,:3309:3335:3338:3506,------myelin-exec:__myl_AddSqrDivMulMulResSliSliNegConMulMulAddConResRepResTra
18336822400,18336825888,3488,0,3488,myelin-exec:__mye676942,649196,649196,3,0,3507,3338,:3309:3335:3338:3507,------myelin-exec:__mye676942
18336826528,18336967456,140928,0,140928,myelin-exec:__myl_FcCas,649196,649196,3,0,3508,3338,:3309:3335:3338:3508,------myelin-exec:__myl_FcCas
18336969536,18336984576,15040,0,15040,myelin-exec:__myl_ResMulMea,649196,649196,3,0,3509,3338,:3309:3335:3338:3509,------myelin-exec:__myl_ResMulMea
18336986144,18336998624,12480,0,12480,myelin-exec:__myl_AddSqrDivMulMulResSliSliNegConMulMulAdd,649196,649196,3,0,3510,3338,:3309:3335:3338:3510,------myelin-exec:__myl_AddSqrDivMulMulResSliSliNegConMulMulAdd
18336999712,18337002976,3264,0,3264,myelin-exec:__mye676944,649196,649196,3,0,3511,3338,:3309:3335:3338:3511,------myelin-exec:__mye676944
18337003872,18337047776,43904,0,43904,myelin-exec:/MatMul_12,649196,649196,3,0,3512,3338,:3309:3335:3338:3512,------myelin-exec:/MatMul_12
18337049056,18337062944,13888,0,13888,myelin-exec:__myl_MulMaxSubExpSumDivMul,649196,649196,3,0,3513,3338,:3309:3335:3338:3513,------myelin-exec:__myl_MulMaxSubExpSumDivMul
18337064416,18337067040,2624,0,2624,myelin-exec:__mye676948,649196,649196,3,0,3514,3338,:3309:3335:3338:3514,------myelin-exec:__mye676948
18337067712,18337104768,37056,0,37056,myelin-exec:/MatMul_13,649196,649196,3,0,3515,3338,:3309:3335:3338:3515,------myelin-exec:/MatMul_13
18337106400,18337118912,12512,0,12512,myelin-exec:__myl_MulMinMaxRouCas,649196,649196,3,0,3516,3338,:3309:3335:3338:3516,------myelin-exec:__myl_MulMinMaxRouCas
18337119840,18337262656,142816,0,142816,myelin-exec:__myl_FcCasAdd,649196,649196,3,0,3517,3338,:3309:3335:3338:3517,------myelin-exec:__myl_FcCasAdd
18337264672,18337284064,19392,0,19392,myelin-exec:__myl_MulMeaAddSqrDivMulMulMulMinMaxRouCas,649196,649196,3,0,3518,3338,:3309:3335:3338:3518,------myelin-exec:__myl_MulMeaAddSqrDivMulMulMulMinMaxRouCas
18337285600,18337328448,42848,0,42848,myelin-exec:/up_proj_6/MatMul,649196,649196,3,0,3519,3338,:3309:3335:3338:3519,------myelin-exec:/up_proj_6/MatMul
18337329792,18337469600,139808,0,139808,myelin-exec:__myl_FcCasNegExpAddDivMulMul,649196,649196,3,0,3520,3338,:3309:3335:3338:3520,------myelin-exec:__myl_FcCasNegExpAddDivMulMul
18337471456,18337605824,134368,0,134368,myelin-exec:__myl_FcAdd,649196,649196,3,0,3521,3338,:3309:3335:3338:3521,------myelin-exec:__myl_FcAdd
18337608000,18337622528,14528,0,14528,myelin-exec:__myl_MulMeaAddSqrDivMulDivMinMaxRouCasDivMinMaxRouCasDivMinMaxRouCas,649196,649196,3,0,3522,3338,:3309:3335:3338:3522,------myelin-exec:__myl_MulMeaAddSqrDivMulDivMinMaxRouCasDivMinMaxRouCasDivMinMaxRouCas
18337623840,18337628416,4576,0,4576,myelin-exec:__mye676950,649196,649196,3,0,3523,3338,:3309:3335:3338:3523,------myelin-exec:__mye676950
18337629280,18337632672,3392,0,3392,myelin-exec:__mye676952,649196,649196,3,0,3524,3338,:3309:3335:3338:3524,------myelin-exec:__mye676952
18337633600,18337768128,134528,0,134528,myelin-exec:__myl_FcCas,649196,649196,3,0,3525,3338,:3309:3335:3338:3525,------myelin-exec:__myl_FcCas
18337770176,18337787680,17504,0,17504,myelin-exec:__myl_ResConResRep,649196,649196,3,0,3526,3338,:3309:3335:3338:3526,------myelin-exec:__myl_ResConResRep
18337789248,18337792768,3520,0,3520,myelin-exec:__mye676960,649196,649196,3,0,3527,3338,:3309:3335:3338:3527,------myelin-exec:__mye676960
18337794048,18337796480,2432,0,2432,myelin-exec:__mye676954,649196,649196,3,0,3528,3338,:3309:3335:3338:3528,------myelin-exec:__mye676954
18337797184,18337929664,132480,0,132480,myelin-exec:__myl_FcCas,649196,649196,3,0,3529,3338,:3309:3335:3338:3529,------myelin-exec:__myl_FcCas
18337931328,18337950048,18720,0,18720,myelin-exec:__myl_ResMulMea,649196,649196,3,0,3530,3338,:3309:3335:3338:3530,------myelin-exec:__myl_ResMulMea
18337951456,18337967360,15904,0,15904,myelin-exec:__myl_AddSqrDivMulMulResSliSliNegConMulMulAddConResRepResTra,649196,649196,3,0,3531,3338,:3309:3335:3338:3531,------myelin-exec:__myl_AddSqrDivMulMulResSliSliNegConMulMulAddConResRepResTra
18337968736,18337972256,3520,0,3520,myelin-exec:__mye676956,649196,649196,3,0,3532,3338,:3309:3335:3338:3532,------myelin-exec:__mye676956
18337972960,18338105632,132672,0,132672,myelin-exec:__myl_FcCas,649196,649196,3,0,3533,3338,:3309:3335:3338:3533,------myelin-exec:__myl_FcCas
18338107264,18338121632,14368,0,14368,myelin-exec:__myl_ResMulMea,649196,649196,3,0,3534,3338,:3309:3335:3338:3534,------myelin-exec:__myl_ResMulMea
18338123200,18338135232,12032,0,12032,myelin-exec:__myl_AddSqrDivMulMulResSliSliNegConMulMulAdd,649196,649196,3,0,3535,3338,:3309:3335:3338:3535,------myelin-exec:__myl_AddSqrDivMulMulResSliSliNegConMulMulAdd
18338136384,18338139744,3360,0,3360,myelin-exec:__mye676958,649196,649196,3,0,3536,3338,:3309:3335:3338:3536,------myelin-exec:__mye676958
18338141088,18338183104,42016,0,42016,myelin-exec:/MatMul_14,649196,649196,3,0,3537,3338,:3309:3335:3338:3537,------myelin-exec:/MatMul_14
18338184768,18338199456,14688,0,14688,myelin-exec:__myl_MulMaxSubExpSumDivMul,649196,649196,3,0,3538,3338,:3309:3335:3338:3538,------myelin-exec:__myl_MulMaxSubExpSumDivMul
18338200736,18338203360,2624,0,2624,myelin-exec:__mye676962,649196,649196,3,0,3539,3338,:3309:3335:3338:3539,------myelin-exec:__mye676962
18338204416,18338241632,37216,0,37216,myelin-exec:/MatMul_15,649196,649196,3,0,3540,3338,:3309:3335:3338:3540,------myelin-exec:/MatMul_15
18338242944,18338258528,15584,0,15584,myelin-exec:__myl_MulMinMaxRouCas,649196,649196,3,0,3541,3338,:3309:3335:3338:3541,------myelin-exec:__myl_MulMinMaxRouCas
18338259840,18338421152,161312,0,161312,myelin-exec:__myl_FcCasAdd,649196,649196,3,0,3542,3338,:3309:3335:3338:3542,------myelin-exec:__myl_FcCasAdd
18338423296,18338446432,23136,0,23136,myelin-exec:__myl_MulMeaAddSqrDivMulMulMulMinMaxRouCas,649196,649196,3,0,3543,3338,:3309:3335:3338:3543,------myelin-exec:__myl_MulMeaAddSqrDivMulMulMulMinMaxRouCas
18338448160,18338495840,47680,0,47680,myelin-exec:/up_proj_7/MatMul,649196,649196,3,0,3544,3338,:3309:3335:3338:3544,------myelin-exec:/up_proj_7/MatMul
18338497312,18338638208,140896,0,140896,myelin-exec:__myl_FcCasNegExpAddDivMulMul,649196,649196,3,0,3545,3338,:3309:3335:3338:3545,------myelin-exec:__myl_FcCasNegExpAddDivMulMul
18338639872,18338772576,132704,0,132704,myelin-exec:__myl_FcAdd,649196,649196,3,0,3546,3338,:3309:3335:3338:3546,------myelin-exec:__myl_FcAdd
18338774144,18338790016,15872,0,15872,myelin-exec:__myl_MulMeaAddSqrDivMulDivMinMaxRouCasDivMinMaxRouCasDivMinMaxRouCas,649196,649196,3,0,3547,3338,:3309:3335:3338:3547,------myelin-exec:__myl_MulMeaAddSqrDivMulDivMinMaxRouCasDivMinMaxRouCasDivMinMaxRouCas
18338791328,18338796480,5152,0,5152,myelin-exec:__mye676964,649196,649196,3,0,3548,3338,:3309:3335:3338:3548,------myelin-exec:__mye676964
18338797408,18338800928,3520,0,3520,myelin-exec:__mye676966,649196,649196,3,0,3549,3338,:3309:3335:3338:3549,------myelin-exec:__mye676966
18338801568,18338940064,138496,0,138496,myelin-exec:__myl_FcCas,649196,649196,3,0,3550,3338,:3309:3335:3338:3550,------myelin-exec:__myl_FcCas
18338942144,18338960864,18720,0,18720,myelin-exec:__myl_ResConResRep,649196,649196,3,0,3551,3338,:3309:3335:3338:3551,------myelin-exec:__myl_ResConResRep
18338962400,18338965920,3520,0,3520,myelin-exec:__mye676974,649196,649196,3,0,3552,3338,:3309:3335:3338:3552,------myelin-exec:__mye676974
18338966368,18338968832,2464,0,2464,myelin-exec:__mye676968,649196,649196,3,0,3553,3338,:3309:3335:3338:3553,------myelin-exec:__mye676968
18338969792,18339106848,137056,0,137056,myelin-exec:__myl_FcCas,649196,649196,3,0,3554,3338,:3309:3335:3338:3554,------myelin-exec:__myl_FcCas
18339108576,18339128352,19776,0,19776,myelin-exec:__myl_ResMulMea,649196,649196,3,0,3555,3338,:3309:3335:3338:3555,------myelin-exec:__myl_ResMulMea
18339129728,18339145184,15456,0,15456,myelin-exec:__myl_AddSqrDivMulMulResSliSliNegConMulMulAddConResRepResTra,649196,649196,3,0,3556,3338,:3309:3335:3338:3556,------myelin-exec:__myl_AddSqrDivMulMulResSliSliNegConMulMulAddConResRepResTra
18339146752,18339150112,3360,0,3360,myelin-exec:__mye676970,649196,649196,3,0,3557,3338,:3309:3335:3338:3557,------myelin-exec:__mye676970
18339151104,18339284384,133280,0,133280,myelin-exec:__myl_FcCas,649196,649196,3,0,3558,3338,:3309:3335:3338:3558,------myelin-exec:__myl_FcCas
18339286048,18339300160,14112,0,14112,myelin-exec:__myl_ResMulMea,649196,649196,3,0,3559,3338,:3309:3335:3338:3559,------myelin-exec:__myl_ResMulMea
18339301408,18339313952,12544,0,12544,myelin-exec:__myl_AddSqrDivMulMulResSliSliNegConMulMulAdd,649196,649196,3,0,3560,3338,:3309:3335:3338:3560,------myelin-exec:__myl_AddSqrDivMulMulResSliSliNegConMulMulAdd
18339314848,18339317888,3040,0,3040,myelin-exec:__mye676972,649196,649196,3,0,3561,3338,:3309:3335:3338:3561,------myelin-exec:__mye676972
18339319104,18339362688,43584,0,43584,myelin-exec:/MatMul_16,649196,649196,3,0,3562,3338,:3309:3335:3338:3562,------myelin-exec:/MatMul_16
18339364064,18339378784,14720,0,14720,myelin-exec:__myl_MulMaxSubExpSumDivMul,649196,649196,3,0,3563,3338,:3309:3335:3338:3563,------myelin-exec:__myl_MulMaxSubExpSumDivMul
18339380160,18339383008,2848,0,2848,myelin-exec:__mye676976,649196,649196,3,0,3564,3338,:3309:3335:3338:3564,------myelin-exec:__mye676976
18339383648,18339420288,36640,0,36640,myelin-exec:/MatMul_17,649196,649196,3,0,3565,3338,:3309:3335:3338:3565,------myelin-exec:/MatMul_17
18339421632,18339566016,144384,0,144384,myelin-exec:__myl_FcAdd,649196,649196,3,0,3566,3338,:3309:3335:3338:3566,------myelin-exec:__myl_FcAdd
18339567744,18339585472,17728,0,17728,myelin-exec:__myl_MulMeaAddSqrDivMulMulMulMinMaxRouCas,649196,649196,3,0,3567,3338,:3309:3335:3338:3567,------myelin-exec:__myl_MulMeaAddSqrDivMulMulMulMinMaxRouCas
18339587040,18339634592,47552,0,47552,myelin-exec:/up_proj_8/MatMul,649196,649196,3,0,3568,3338,:3309:3335:3338:3568,------myelin-exec:/up_proj_8/MatMul
18339636096,18339767488,131392,0,131392,myelin-exec:__myl_FcCasNegExpAddDivMulMul,649196,649196,3,0,3569,3338,:3309:3335:3338:3569,------myelin-exec:__myl_FcCasNegExpAddDivMulMul
18339769056,18339900096,131040,0,131040,myelin-exec:__myl_FcAdd,649196,649196,3,0,3570,3338,:3309:3335:3338:3570,------myelin-exec:__myl_FcAdd
18339901920,18339916128,14208,0,14208,myelin-exec:__myl_MulMeaAddSqrDivMulDivMinMaxRouCasDivMinMaxRouCasDivMinMaxRouCas,649196,649196,3,0,3571,3338,:3309:3335:3338:3571,------myelin-exec:__myl_MulMeaAddSqrDivMulDivMinMaxRouCasDivMinMaxRouCasDivMinMaxRouCas
18339917440,18339922048,4608,0,4608,myelin-exec:__mye676978,649196,649196,3,0,3572,3338,:3309:3335:3338:3572,------myelin-exec:__mye676978
18339923104,18339926624,3520,0,3520,myelin-exec:__mye676980,649196,649196,3,0,3573,3338,:3309:3335:3338:3573,------myelin-exec:__mye676980
18339927488,18340054944,127456,0,127456,myelin-exec:__myl_FcCas,649196,649196,3,0,3574,3338,:3309:3335:3338:3574,------myelin-exec:__myl_FcCas
18340056768,18340079488,22720,0,22720,myelin-exec:__myl_ResConResRep,649196,649196,3,0,3575,3338,:3309:3335:3338:3575,------myelin-exec:__myl_ResConResRep
18340080832,18340084864,4032,0,4032,myelin-exec:__mye676988,649196,649196,3,0,3576,3338,:3309:3335:3338:3576,------myelin-exec:__mye676988
18340086016,18340088960,2944,0,2944,myelin-exec:__mye676982,649196,649196,3,0,3577,3338,:3309:3335:3338:3577,------myelin-exec:__mye676982
18340090208,18340223936,133728,0,133728,myelin-exec:__myl_FcCas,649196,649196,3,0,3578,3338,:3309:3335:3338:3578,------myelin-exec:__myl_FcCas
18340225600,18340246336,20736,0,20736,myelin-exec:__myl_ResMulMea,649196,649196,3,0,3579,3338,:3309:3335:3338:3579,------myelin-exec:__myl_ResMulMea
18340247552,18340264288,16736,0,16736,myelin-exec:__myl_AddSqrDivMulMulResSliSliNegConMulMulAddConResRepResTra,649196,649196,3,0,3580,3338,:3309:3335:3338:3580,------myelin-exec:__myl_AddSqrDivMulMulResSliSliNegConMulMulAddConResRepResTra
18340265760,18340269184,3424,0,3424,myelin-exec:__mye676984,649196,649196,3,0,3581,3338,:3309:3335:3338:3581,------myelin-exec:__mye676984
18340270368,18340413344,142976,0,142976,myelin-exec:__myl_FcCas,649196,649196,3,0,3582,3338,:3309:3335:3338:3582,------myelin-exec:__myl_FcCas
18340415232,18340430016,14784,0,14784,myelin-exec:__myl_ResMulMea,649196,649196,3,0,3583,3338,:3309:3335:3338:3583,------myelin-exec:__myl_ResMulMea
18340431584,18340444480,12896,0,12896,myelin-exec:__myl_AddSqrDivMulMulResSliSliNegConMulMulAdd,649196,649196,3,0,3584,3338,:3309:3335:3338:3584,------myelin-exec:__myl_AddSqrDivMulMulResSliSliNegConMulMulAdd
18340445376,18340449088,3712,0,3712,myelin-exec:__mye676986,649196,649196,3,0,3585,3338,:3309:3335:3338:3585,------myelin-exec:__mye676986
18340450080,18340494016,43936,0,43936,myelin-exec:/MatMul_18,649196,649196,3,0,3586,3338,:3309:3335:3338:3586,------myelin-exec:/MatMul_18
18340495488,18340509344,13856,0,13856,myelin-exec:__myl_MulMaxSubExpSumDivMul,649196,649196,3,0,3587,3338,:3309:3335:3338:3587,------myelin-exec:__myl_MulMaxSubExpSumDivMul
18340510624,18340513664,3040,0,3040,myelin-exec:__mye676990,649196,649196,3,0,3588,3338,:3309:3335:3338:3588,------myelin-exec:__mye676990
18340514656,18340552320,37664,0,37664,myelin-exec:/MatMul_19,649196,649196,3,0,3589,3338,:3309:3335:3338:3589,------myelin-exec:/MatMul_19
18340553856,18340571744,17888,0,17888,myelin-exec:__myl_MulMinMaxRouCas,649196,649196,3,0,3590,3338,:3309:3335:3338:3590,------myelin-exec:__myl_MulMinMaxRouCas
18340573024,18340706784,133760,0,133760,myelin-exec:__myl_FcCasAdd,649196,649196,3,0,3591,3338,:3309:3335:3338:3591,------myelin-exec:__myl_FcCasAdd
18340708672,18340729536,20864,0,20864,myelin-exec:__myl_MulMeaAddSqrDivMulMulMulMinMaxRouCas,649196,649196,3,0,3592,3338,:3309:3335:3338:3592,------myelin-exec:__myl_MulMeaAddSqrDivMulMulMulMinMaxRouCas
18340730944,18340773504,42560,0,42560,myelin-exec:/up_proj_9/MatMul,649196,649196,3,0,3593,3338,:3309:3335:3338:3593,------myelin-exec:/up_proj_9/MatMul
18340775104,18340906720,131616,0,131616,myelin-exec:__myl_FcCasNegExpAddDivMulMul,649196,649196,3,0,3594,3338,:3309:3335:3338:3594,------myelin-exec:__myl_FcCasNegExpAddDivMulMul
18340908512,18341038464,129952,0,129952,myelin-exec:__myl_FcAdd,649196,649196,3,0,3595,3338,:3309:3335:3338:3595,------myelin-exec:__myl_FcAdd
18341040096,18341055104,15008,0,15008,myelin-exec:__myl_MulMeaAddSqrDivMulDivMinMaxRouCasDivMinMaxRouCasDivMinMaxRouCas,649196,649196,3,0,3596,3338,:3309:3335:3338:3596,------myelin-exec:__myl_MulMeaAddSqrDivMulDivMinMaxRouCasDivMinMaxRouCasDivMinMaxRouCas
18341056416,18341061408,4992,0,4992,myelin-exec:__mye676992,649196,649196,3,0,3597,3338,:3309:3335:3338:3597,------myelin-exec:__mye676992
18341062208,18341065184,2976,0,2976,myelin-exec:__mye676994,649196,649196,3,0,3598,3338,:3309:3335:3338:3598,------myelin-exec:__mye676994
18341066272,18341194592,128320,0,128320,myelin-exec:__myl_FcCas,649196,649196,3,0,3599,3338,:3309:3335:3338:3599,------myelin-exec:__myl_FcCas
18341196320,18341212032,15712,0,15712,myelin-exec:__myl_ResConResRep,649196,649196,3,0,3600,3338,:3309:3335:3338:3600,------myelin-exec:__myl_ResConResRep
18341213344,18341216832,3488,0,3488,myelin-exec:__mye677002,649196,649196,3,0,3601,3338,:3309:3335:3338:3601,------myelin-exec:__mye677002
18341217760,18341220672,2912,0,2912,myelin-exec:__mye676996,649196,649196,3,0,3602,3338,:3309:3335:3338:3602,------myelin-exec:__mye676996
18341221536,18341351264,129728,0,129728,myelin-exec:__myl_FcCas,649196,649196,3,0,3603,3338,:3309:3335:3338:3603,------myelin-exec:__myl_FcCas
18341353152,18341373152,20000,0,20000,myelin-exec:__myl_ResMulMea,649196,649196,3,0,3604,3338,:3309:3335:3338:3604,------myelin-exec:__myl_ResMulMea
18341375072,18341390816,15744,0,15744,myelin-exec:__myl_AddSqrDivMulMulResSliSliNegConMulMulAddConResRepResTra,649196,649196,3,0,3605,3338,:3309:3335:3338:3605,------myelin-exec:__myl_AddSqrDivMulMulResSliSliNegConMulMulAddConResRepResTra
18341392096,18341395552,3456,0,3456,myelin-exec:__mye676998,649196,649196,3,0,3606,3338,:3309:3335:3338:3606,------myelin-exec:__mye676998
18341396576,18341532448,135872,0,135872,myelin-exec:__myl_FcCas,649196,649196,3,0,3607,3338,:3309:3335:3338:3607,------myelin-exec:__myl_FcCas
18341534336,18341548256,13920,0,13920,myelin-exec:__myl_ResMulMea,649196,649196,3,0,3608,3338,:3309:3335:3338:3608,------myelin-exec:__myl_ResMulMea
18341549504,18341561312,11808,0,11808,myelin-exec:__myl_AddSqrDivMulMulResSliSliNegConMulMulAdd,649196,649196,3,0,3609,3338,:3309:3335:3338:3609,------myelin-exec:__myl_AddSqrDivMulMulResSliSliNegConMulMulAdd
18341562528,18341565760,3232,0,3232,myelin-exec:__mye677000,649196,649196,3,0,3610,3338,:3309:3335:3338:3610,------myelin-exec:__mye677000
18341566880,18341608480,41600,0,41600,myelin-exec:/MatMul_20,649196,649196,3,0,3611,3338,:3309:3335:3338:3611,------myelin-exec:/MatMul_20
18341610048,18341623552,13504,0,13504,myelin-exec:__myl_MulMaxSubExpSumDivMul,649196,649196,3,0,3612,3338,:3309:3335:3338:3612,------myelin-exec:__myl_MulMaxSubExpSumDivMul
18341624640,18341627712,3072,0,3072,myelin-exec:__mye677004,649196,649196,3,0,3613,3338,:3309:3335:3338:3613,------myelin-exec:__mye677004
18341628480,18341663296,34816,0,34816,myelin-exec:/MatMul_21,649196,649196,3,0,3614,3338,:3309:3335:3338:3614,------myelin-exec:/MatMul_21
18341664416,18341681248,16832,0,16832,myelin-exec:__myl_MulMinMaxRouCas,649196,649196,3,0,3615,3338,:3309:3335:3338:3615,------myelin-exec:__myl_MulMinMaxRouCas
18341682528,18341820576,138048,0,138048,myelin-exec:__myl_FcCasAdd,649196,649196,3,0,3616,3338,:3309:3335:3338:3616,------myelin-exec:__myl_FcCasAdd
18341822112,18341840320,18208,0,18208,myelin-exec:__myl_MulMeaAddSqrDivMulMulMulMinMaxRouCas,649196,649196,3,0,3617,3338,:3309:3335:3338:3617,------myelin-exec:__myl_MulMeaAddSqrDivMulMulMulMinMaxRouCas
18341841984,18341885024,43040,0,43040,myelin-exec:/up_proj_10/MatMul,649196,649196,3,0,3618,3338,:3309:3335:3338:3618,------myelin-exec:/up_proj_10/MatMul
18341886720,18342023680,136960,0,136960,myelin-exec:__myl_FcCasNegExpAddDivMulMul,649196,649196,3,0,3619,3338,:3309:3335:3338:3619,------myelin-exec:__myl_FcCasNegExpAddDivMulMul
18342025312,18342156448,131136,0,131136,myelin-exec:__myl_FcAdd,649196,649196,3,0,3620,3338,:3309:3335:3338:3620,------myelin-exec:__myl_FcAdd
18342158336,18342174560,16224,0,16224,myelin-exec:__myl_MulMeaAddSqrDivMulDivMinMaxRouCasDivMinMaxRouCasDivMinMaxRouCas,649196,649196,3,0,3621,3338,:3309:3335:3338:3621,------myelin-exec:__myl_MulMeaAddSqrDivMulDivMinMaxRouCasDivMinMaxRouCasDivMinMaxRouCas
18342175776,18342179776,4000,0,4000,myelin-exec:__mye677006,649196,649196,3,0,3622,3338,:3309:3335:3338:3622,------myelin-exec:__mye677006
18342180640,18342183808,3168,0,3168,myelin-exec:__mye677008,649196,649196,3,0,3623,3338,:3309:3335:3338:3623,------myelin-exec:__mye677008
18342184960,18342317440,132480,0,132480,myelin-exec:__myl_FcCas,649196,649196,3,0,3624,3338,:3309:3335:3338:3624,------myelin-exec:__myl_FcCas
18342319392,18342336864,17472,0,17472,myelin-exec:__myl_ResConResRep,649196,649196,3,0,3625,3338,:3309:3335:3338:3625,------myelin-exec:__myl_ResConResRep
18342338400,18342341984,3584,0,3584,myelin-exec:__mye677016,649196,649196,3,0,3626,3338,:3309:3335:3338:3626,------myelin-exec:__mye677016
18342342912,18342345600,2688,0,2688,myelin-exec:__mye677010,649196,649196,3,0,3627,3338,:3309:3335:3338:3627,------myelin-exec:__mye677010
18342346624,18342514656,168032,0,168032,myelin-exec:__myl_FcCas,649196,649196,3,0,3628,3338,:3309:3335:3338:3628,------myelin-exec:__myl_FcCas
18342516672,18342539168,22496,0,22496,myelin-exec:__myl_ResMulMea,649196,649196,3,0,3629,3338,:3309:3335:3338:3629,------myelin-exec:__myl_ResMulMea
18342541312,18342558720,17408,0,17408,myelin-exec:__myl_AddSqrDivMulMulResSliSliNegConMulMulAddConResRepResTra,649196,649196,3,0,3630,3338,:3309:3335:3338:3630,------myelin-exec:__myl_AddSqrDivMulMulResSliSliNegConMulMulAddConResRepResTra
18342560352,18342565056,4704,0,4704,myelin-exec:__mye677012,649196,649196,3,0,3631,3338,:3309:3335:3338:3631,------myelin-exec:__mye677012
18342566112,18342702240,136128,0,136128,myelin-exec:__myl_FcCas,649196,649196,3,0,3632,3338,:3309:3335:3338:3632,------myelin-exec:__myl_FcCas
18342703904,18342717568,13664,0,13664,myelin-exec:__myl_ResMulMea,649196,649196,3,0,3633,3338,:3309:3335:3338:3633,------myelin-exec:__myl_ResMulMea
18342719264,18342731776,12512,0,12512,myelin-exec:__myl_AddSqrDivMulMulResSliSliNegConMulMulAdd,649196,649196,3,0,3634,3338,:3309:3335:3338:3634,------myelin-exec:__myl_AddSqrDivMulMulResSliSliNegConMulMulAdd
18342733184,18342737152,3968,0,3968,myelin-exec:__mye677014,649196,649196,3,0,3635,3338,:3309:3335:3338:3635,------myelin-exec:__mye677014
18342738336,18342780448,42112,0,42112,myelin-exec:/MatMul_22,649196,649196,3,0,3636,3338,:3309:3335:3338:3636,------myelin-exec:/MatMul_22
18342781888,18342795328,13440,0,13440,myelin-exec:__myl_MulMaxSubExpSumDivMul,649196,649196,3,0,3637,3338,:3309:3335:3338:3637,------myelin-exec:__myl_MulMaxSubExpSumDivMul
18342796288,18342798976,2688,0,2688,myelin-exec:__mye677018,649196,649196,3,0,3638,3338,:3309:3335:3338:3638,------myelin-exec:__mye677018
18342800192,18342837888,37696,0,37696,myelin-exec:/MatMul_23,649196,649196,3,0,3639,3338,:3309:3335:3338:3639,------myelin-exec:/MatMul_23
18342839232,18342858240,19008,0,19008,myelin-exec:__myl_MulMinMaxRouCas,649196,649196,3,0,3640,3338,:3309:3335:3338:3640,------myelin-exec:__myl_MulMinMaxRouCas
18342859712,18342994624,134912,0,134912,myelin-exec:__myl_FcCasAdd,649196,649196,3,0,3641,3338,:3309:3335:3338:3641,------myelin-exec:__myl_FcCasAdd
18342996832,18343014848,18016,0,18016,myelin-exec:__myl_MulMeaAddSqrDivMulMulMulMinMaxRouCas,649196,649196,3,0,3642,3338,:3309:3335:3338:3642,------myelin-exec:__myl_MulMeaAddSqrDivMulMulMulMinMaxRouCas
18343016672,18343059136,42464,0,42464,myelin-exec:/up_proj_11/MatMul,649196,649196,3,0,3643,3338,:3309:3335:3338:3643,------myelin-exec:/up_proj_11/MatMul
18343060704,18343194176,133472,0,133472,myelin-exec:__myl_FcCasNegExpAddDivMulMul,649196,649196,3,0,3644,3338,:3309:3335:3338:3644,------myelin-exec:__myl_FcCasNegExpAddDivMulMul
18343195936,18343337600,141664,0,141664,myelin-exec:__myl_FcAdd,649196,649196,3,0,3645,3338,:3309:3335:3338:3645,------myelin-exec:__myl_FcAdd
18343339168,18343357856,18688,0,18688,myelin-exec:__myl_MulMeaAddSqrDivMulDivMinMaxRouCasDivMinMaxRouCasDivMinMaxRouCas,649196,649196,3,0,3646,3338,:3309:3335:3338:3646,------myelin-exec:__myl_MulMeaAddSqrDivMulDivMinMaxRouCasDivMinMaxRouCasDivMinMaxRouCas
18343359168,18343363520,4352,0,4352,myelin-exec:__mye677020,649196,649196,3,0,3647,3338,:3309:3335:3338:3647,------myelin-exec:__mye677020
18343364224,18343367168,2944,0,2944,myelin-exec:__mye677022,649196,649196,3,0,3648,3338,:3309:3335:3338:3648,------myelin-exec:__mye677022
18343367904,18343502944,135040,0,135040,myelin-exec:__myl_FcCas,649196,649196,3,0,3649,3338,:3309:3335:3338:3649,------myelin-exec:__myl_FcCas
18343505184,18343523456,18272,0,18272,myelin-exec:__myl_ResConResRep,649196,649196,3,0,3650,3338,:3309:3335:3338:3650,------myelin-exec:__myl_ResConResRep
18343525408,18343528672,3264,0,3264,myelin-exec:__mye677030,649196,649196,3,0,3651,3338,:3309:3335:3338:3651,------myelin-exec:__mye677030
18343529376,18343531968,2592,0,2592,myelin-exec:__mye677024,649196,649196,3,0,3652,3338,:3309:3335:3338:3652,------myelin-exec:__mye677024
18343532320,18343664096,131776,0,131776,myelin-exec:__myl_FcCas,649196,649196,3,0,3653,3338,:3309:3335:3338:3653,------myelin-exec:__myl_FcCas
18343665728,18343684832,19104,0,19104,myelin-exec:__myl_ResMulMea,649196,649196,3,0,3654,3338,:3309:3335:3338:3654,------myelin-exec:__myl_ResMulMea
18343686432,18343702304,15872,0,15872,myelin-exec:__myl_AddSqrDivMulMulResSliSliNegConMulMulAddConResRepResTra,649196,649196,3,0,3655,3338,:3309:3335:3338:3655,------myelin-exec:__myl_AddSqrDivMulMulResSliSliNegConMulMulAddConResRepResTra
18343703680,18343706720,3040,0,3040,myelin-exec:__mye677026,649196,649196,3,0,3656,3338,:3309:3335:3338:3656,------myelin-exec:__mye677026
18343707712,18343859040,151328,0,151328,myelin-exec:__myl_FcCas,649196,649196,3,0,3657,3338,:3309:3335:3338:3657,------myelin-exec:__myl_FcCas
18343861120,18343875264,14144,0,14144,myelin-exec:__myl_ResMulMea,649196,649196,3,0,3658,3338,:3309:3335:3338:3658,------myelin-exec:__myl_ResMulMea
18343876928,18343889184,12256,0,12256,myelin-exec:__myl_AddSqrDivMulMulResSliSliNegConMulMulAdd,649196,649196,3,0,3659,3338,:3309:3335:3338:3659,------myelin-exec:__myl_AddSqrDivMulMulResSliSliNegConMulMulAdd
18343890368,18343894112,3744,0,3744,myelin-exec:__mye677028,649196,649196,3,0,3660,3338,:3309:3335:3338:3660,------myelin-exec:__mye677028
18343895264,18343938720,43456,0,43456,myelin-exec:/MatMul_24,649196,649196,3,0,3661,3338,:3309:3335:3338:3661,------myelin-exec:/MatMul_24
18343940096,18343953600,13504,0,13504,myelin-exec:__myl_MulMaxSubExpSumDivMul,649196,649196,3,0,3662,3338,:3309:3335:3338:3662,------myelin-exec:__myl_MulMaxSubExpSumDivMul
18343954496,18343957760,3264,0,3264,myelin-exec:__mye677032,649196,649196,3,0,3663,3338,:3309:3335:3338:3663,------myelin-exec:__mye677032
18343958784,18343995552,36768,0,36768,myelin-exec:/MatMul_25,649196,649196,3,0,3664,3338,:3309:3335:3338:3664,------myelin-exec:/MatMul_25
18343996928,18344014624,17696,0,17696,myelin-exec:__myl_MulMinMaxRouCas,649196,649196,3,0,3665,3338,:3309:3335:3338:3665,------myelin-exec:__myl_MulMinMaxRouCas
18344015968,18344151552,135584,0,135584,myelin-exec:__myl_FcCasAdd,649196,649196,3,0,3666,3338,:3309:3335:3338:3666,------myelin-exec:__myl_FcCasAdd
18344153632,18344167392,13760,0,13760,myelin-exec:__myl_MulMeaAddSqrDivMulMulMulMinMaxRouCas,649196,649196,3,0,3667,3338,:3309:3335:3338:3667,------myelin-exec:__myl_MulMeaAddSqrDivMulMulMulMinMaxRouCas
18344168928,18344210624,41696,0,41696,myelin-exec:/up_proj_12/MatMul,649196,649196,3,0,3668,3338,:3309:3335:3338:3668,------myelin-exec:/up_proj_12/MatMul
18344212320,18344348704,136384,0,136384,myelin-exec:__myl_FcCasNegExpAddDivMulMul,649196,649196,3,0,3669,3338,:3309:3335:3338:3669,------myelin-exec:__myl_FcCasNegExpAddDivMulMul
18344350592,18344479360,128768,0,128768,myelin-exec:__myl_FcAdd,649196,649196,3,0,3670,3338,:3309:3335:3338:3670,------myelin-exec:__myl_FcAdd
18344481120,18344495424,14304,0,14304,myelin-exec:__myl_MulMeaAddSqrDivMulDivMinMaxRouCasDivMinMaxRouCasDivMinMaxRouCas,649196,649196,3,0,3671,3338,:3309:3335:3338:3671,------myelin-exec:__myl_MulMeaAddSqrDivMulDivMinMaxRouCasDivMinMaxRouCasDivMinMaxRouCas
18344496384,18344500576,4192,0,4192,myelin-exec:__mye677034,649196,649196,3,0,3672,3338,:3309:3335:3338:3672,------myelin-exec:__mye677034
18344501408,18344504960,3552,0,3552,myelin-exec:__mye677036,649196,649196,3,0,3673,3338,:3309:3335:3338:3673,------myelin-exec:__mye677036
18344506016,18344632960,126944,0,126944,myelin-exec:__myl_FcCas,649196,649196,3,0,3674,3338,:3309:3335:3338:3674,------myelin-exec:__myl_FcCas
18344634496,18344657408,22912,0,22912,myelin-exec:__myl_ResConResRep,649196,649196,3,0,3675,3338,:3309:3335:3338:3675,------myelin-exec:__myl_ResConResRep
18344658784,18344662784,4000,0,4000,myelin-exec:__mye677044,649196,649196,3,0,3676,3338,:3309:3335:3338:3676,------myelin-exec:__mye677044
18344663712,18344666464,2752,0,2752,myelin-exec:__mye677038,649196,649196,3,0,3677,3338,:3309:3335:3338:3677,------myelin-exec:__mye677038
18344667424,18344809664,142240,0,142240,myelin-exec:__myl_FcCas,649196,649196,3,0,3678,3338,:3309:3335:3338:3678,------myelin-exec:__myl_FcCas
18344811808,18344832192,20384,0,20384,myelin-exec:__myl_ResMulMea,649196,649196,3,0,3679,3338,:3309:3335:3338:3679,------myelin-exec:__myl_ResMulMea
18344834464,18344852000,17536,0,17536,myelin-exec:__myl_AddSqrDivMulMulResSliSliNegConMulMulAddConResRepResTra,649196,649196,3,0,3680,3338,:3309:3335:3338:3680,------myelin-exec:__myl_AddSqrDivMulMulResSliSliNegConMulMulAddConResRepResTra
18344853856,18344858144,4288,0,4288,myelin-exec:__mye677040,649196,649196,3,0,3681,3338,:3309:3335:3338:3681,------myelin-exec:__mye677040
18344858816,18344989920,131104,0,131104,myelin-exec:__myl_FcCas,649196,649196,3,0,3682,3338,:3309:3335:3338:3682,------myelin-exec:__myl_FcCas
18344991680,18345005184,13504,0,13504,myelin-exec:__myl_ResMulMea,649196,649196,3,0,3683,3338,:3309:3335:3338:3683,------myelin-exec:__myl_ResMulMea
18345006720,18345018848,12128,0,12128,myelin-exec:__myl_AddSqrDivMulMulResSliSliNegConMulMulAdd,649196,649196,3,0,3684,3338,:3309:3335:3338:3684,------myelin-exec:__myl_AddSqrDivMulMulResSliSliNegConMulMulAdd
18345020416,18345023968,3552,0,3552,myelin-exec:__mye677042,649196,649196,3,0,3685,3338,:3309:3335:3338:3685,------myelin-exec:__mye677042
18345024608,18345068704,44096,0,44096,myelin-exec:/MatMul_26,649196,649196,3,0,3686,3338,:3309:3335:3338:3686,------myelin-exec:/MatMul_26
18345070336,18345084640,14304,0,14304,myelin-exec:__myl_MulMaxSubExpSumDivMul,649196,649196,3,0,3687,3338,:3309:3335:3338:3687,------myelin-exec:__myl_MulMaxSubExpSumDivMul
18345085888,18345089056,3168,0,3168,myelin-exec:__mye677046,649196,649196,3,0,3688,3338,:3309:3335:3338:3688,------myelin-exec:__mye677046
18345089792,18345125792,36000,0,36000,myelin-exec:/MatMul_27,649196,649196,3,0,3689,3338,:3309:3335:3338:3689,------myelin-exec:/MatMul_27
18345127424,18345145888,18464,0,18464,myelin-exec:__myl_MulMinMaxRouCas,649196,649196,3,0,3690,3338,:3309:3335:3338:3690,------myelin-exec:__myl_MulMinMaxRouCas
18345147296,18345283744,136448,0,136448,myelin-exec:__myl_FcCasAdd,649196,649196,3,0,3691,3338,:3309:3335:3338:3691,------myelin-exec:__myl_FcCasAdd
18345285824,18345301280,15456,0,15456,myelin-exec:__myl_MulMeaAddSqrDivMulMulMulMinMaxRouCas,649196,649196,3,0,3692,3338,:3309:3335:3338:3692,------myelin-exec:__myl_MulMeaAddSqrDivMulMulMulMinMaxRouCas
18345302560,18345345088,42528,0,42528,myelin-exec:/up_proj_13/MatMul,649196,649196,3,0,3693,3338,:3309:3335:3338:3693,------myelin-exec:/up_proj_13/MatMul
18345346432,18345475904,129472,0,129472,myelin-exec:__myl_FcCasNegExpAddDivMulMul,649196,649196,3,0,3694,3338,:3309:3335:3338:3694,------myelin-exec:__myl_FcCasNegExpAddDivMulMul
18345477632,18345608416,130784,0,130784,myelin-exec:__myl_FcAdd,649196,649196,3,0,3695,3338,:3309:3335:3338:3695,------myelin-exec:__myl_FcAdd
18345610336,18345625792,15456,0,15456,myelin-exec:__myl_MulMeaAddSqrDivMulDivMinMaxRouCasDivMinMaxRouCasDivMinMaxRouCas,649196,649196,3,0,3696,3338,:3309:3335:3338:3696,------myelin-exec:__myl_MulMeaAddSqrDivMulDivMinMaxRouCasDivMinMaxRouCasDivMinMaxRouCas
18345626912,18345630912,4000,0,4000,myelin-exec:__mye677048,649196,649196,3,0,3697,3338,:3309:3335:3338:3697,------myelin-exec:__mye677048
18345631904,18345635136,3232,0,3232,myelin-exec:__mye677050,649196,649196,3,0,3698,3338,:3309:3335:3338:3698,------myelin-exec:__mye677050
18345636128,18345765664,129536,0,129536,myelin-exec:__myl_FcCas,649196,649196,3,0,3699,3338,:3309:3335:3338:3699,------myelin-exec:__myl_FcCas
18345767296,18345789088,21792,0,21792,myelin-exec:__myl_ResConResRep,649196,649196,3,0,3700,3338,:3309:3335:3338:3700,------myelin-exec:__myl_ResConResRep
18345790976,18345794912,3936,0,3936,myelin-exec:__mye677058,649196,649196,3,0,3701,3338,:3309:3335:3338:3701,------myelin-exec:__mye677058
18345795904,18345798624,2720,0,2720,myelin-exec:__mye677052,649196,649196,3,0,3702,3338,:3309:3335:3338:3702,------myelin-exec:__mye677052
18345799904,18345937472,137568,0,137568,myelin-exec:__myl_FcCas,649196,649196,3,0,3703,3338,:3309:3335:3338:3703,------myelin-exec:__myl_FcCas
18345939200,18345959584,20384,0,20384,myelin-exec:__myl_ResMulMea,649196,649196,3,0,3704,3338,:3309:3335:3338:3704,------myelin-exec:__myl_ResMulMea
18345961024,18345976992,15968,0,15968,myelin-exec:__myl_AddSqrDivMulMulResSliSliNegConMulMulAddConResRepResTra,649196,649196,3,0,3705,3338,:3309:3335:3338:3705,------myelin-exec:__myl_AddSqrDivMulMulResSliSliNegConMulMulAddConResRepResTra
18345978464,18345981824,3360,0,3360,myelin-exec:__mye677054,649196,649196,3,0,3706,3338,:3309:3335:3338:3706,------myelin-exec:__mye677054
18345983200,18346130464,147264,0,147264,myelin-exec:__myl_FcCas,649196,649196,3,0,3707,3338,:3309:3335:3338:3707,------myelin-exec:__myl_FcCas
18346132384,18346148704,16320,0,16320,myelin-exec:__myl_ResMulMea,649196,649196,3,0,3708,3338,:3309:3335:3338:3708,------myelin-exec:__myl_ResMulMea
18346150592,18346164480,13888,0,13888,myelin-exec:__myl_AddSqrDivMulMulResSliSliNegConMulMulAdd,649196,649196,3,0,3709,3338,:3309:3335:3338:3709,------myelin-exec:__myl_AddSqrDivMulMulResSliSliNegConMulMulAdd
18346165760,18346169920,4160,0,4160,myelin-exec:__mye677056,649196,649196,3,0,3710,3338,:3309:3335:3338:3710,------myelin-exec:__mye677056
18346170816,18346214880,44064,0,44064,myelin-exec:/MatMul_28,649196,649196,3,0,3711,3338,:3309:3335:3338:3711,------myelin-exec:/MatMul_28
18346216864,18346230272,13408,0,13408,myelin-exec:__myl_MulMaxSubExpSumDivMul,649196,649196,3,0,3712,3338,:3309:3335:3338:3712,------myelin-exec:__myl_MulMaxSubExpSumDivMul
18346231296,18346234208,2912,0,2912,myelin-exec:__mye677060,649196,649196,3,0,3713,3338,:3309:3335:3338:3713,------myelin-exec:__mye677060
18346235008,18346271392,36384,0,36384,myelin-exec:/MatMul_29,649196,649196,3,0,3714,3338,:3309:3335:3338:3714,------myelin-exec:/MatMul_29
18346273056,18346439104,166048,0,166048,myelin-exec:__myl_FcAdd,649196,649196,3,0,3715,3338,:3309:3335:3338:3715,------myelin-exec:__myl_FcAdd
18346441088,18346468256,27168,0,27168,myelin-exec:__myl_MulMeaAddSqrDivMulMulMulMinMaxRouCas,649196,649196,3,0,3716,3338,:3309:3335:3338:3716,------myelin-exec:__myl_MulMeaAddSqrDivMulMulMulMinMaxRouCas
18346470336,18346523552,53216,0,53216,myelin-exec:/up_proj_14/MatMul,649196,649196,3,0,3717,3338,:3309:3335:3338:3717,------myelin-exec:/up_proj_14/MatMul
18346525024,18346665792,140768,0,140768,myelin-exec:__myl_FcCasNegExpAddDivMulMul,649196,649196,3,0,3718,3338,:3309:3335:3338:3718,------myelin-exec:__myl_FcCasNegExpAddDivMulMul
18346667552,18346808672,141120,0,141120,myelin-exec:__myl_FcAdd,649196,649196,3,0,3719,3338,:3309:3335:3338:3719,------myelin-exec:__myl_FcAdd
18346810464,18346828800,18336,0,18336,myelin-exec:__myl_MulMeaAddSqrDivMulDivMinMaxRouCasDivMinMaxRouCasDivMinMaxRouCas,649196,649196,3,0,3720,3338,:3309:3335:3338:3720,------myelin-exec:__myl_MulMeaAddSqrDivMulDivMinMaxRouCasDivMinMaxRouCasDivMinMaxRouCas
18346830368,18346835392,5024,0,5024,myelin-exec:__mye677062,649196,649196,3,0,3721,3338,:3309:3335:3338:3721,------myelin-exec:__mye677062
18346836544,18346840064,3520,0,3520,myelin-exec:__mye677064,649196,649196,3,0,3722,3338,:3309:3335:3338:3722,------myelin-exec:__mye677064
18346841216,18346974080,132864,0,132864,myelin-exec:__myl_FcCas,649196,649196,3,0,3723,3338,:3309:3335:3338:3723,------myelin-exec:__myl_FcCas
18346976256,18346994560,18304,0,18304,myelin-exec:__myl_ResConResRep,649196,649196,3,0,3724,3338,:3309:3335:3338:3724,------myelin-exec:__myl_ResConResRep
18346996512,18346999776,3264,0,3264,myelin-exec:__mye677072,649196,649196,3,0,3725,3338,:3309:3335:3338:3725,------myelin-exec:__mye677072
18347000288,18347002624,2336,0,2336,myelin-exec:__mye677066,649196,649196,3,0,3726,3338,:3309:3335:3338:3726,------myelin-exec:__mye677066
18347004064,18347133344,129280,0,129280,myelin-exec:__myl_FcCas,649196,649196,3,0,3727,3338,:3309:3335:3338:3727,------myelin-exec:__myl_FcCas
18347135232,18347156704,21472,0,21472,myelin-exec:__myl_ResMulMea,649196,649196,3,0,3728,3338,:3309:3335:3338:3728,------myelin-exec:__myl_ResMulMea
18347158080,18347174880,16800,0,16800,myelin-exec:__myl_AddSqrDivMulMulResSliSliNegConMulMulAddConResRepResTra,649196,649196,3,0,3729,3338,:3309:3335:3338:3729,------myelin-exec:__myl_AddSqrDivMulMulResSliSliNegConMulMulAddConResRepResTra
18347176352,18347180032,3680,0,3680,myelin-exec:__mye677068,649196,649196,3,0,3730,3338,:3309:3335:3338:3730,------myelin-exec:__mye677068
18347180992,18347326688,145696,0,145696,myelin-exec:__myl_FcCas,649196,649196,3,0,3731,3338,:3309:3335:3338:3731,------myelin-exec:__myl_FcCas
18347328416,18347344000,15584,0,15584,myelin-exec:__myl_ResMulMea,649196,649196,3,0,3732,3338,:3309:3335:3338:3732,------myelin-exec:__myl_ResMulMea
18347345440,18347359040,13600,0,13600,myelin-exec:__myl_AddSqrDivMulMulResSliSliNegConMulMulAdd,649196,649196,3,0,3733,3338,:3309:3335:3338:3733,------myelin-exec:__myl_AddSqrDivMulMulResSliSliNegConMulMulAdd
18347360160,18347363680,3520,0,3520,myelin-exec:__mye677070,649196,649196,3,0,3734,3338,:3309:3335:3338:3734,------myelin-exec:__mye677070
18347364800,18347408160,43360,0,43360,myelin-exec:/MatMul_30,649196,649196,3,0,3735,3338,:3309:3335:3338:3735,------myelin-exec:/MatMul_30
18347409536,18347423072,13536,0,13536,myelin-exec:__myl_MulMaxSubExpSumDivMul,649196,649196,3,0,3736,3338,:3309:3335:3338:3736,------myelin-exec:__myl_MulMaxSubExpSumDivMul
18347424384,18347427104,2720,0,2720,myelin-exec:__mye677074,649196,649196,3,0,3737,3338,:3309:3335:3338:3737,------myelin-exec:__mye677074
18347428096,18347464768,36672,0,36672,myelin-exec:/MatMul_31,649196,649196,3,0,3738,3338,:3309:3335:3338:3738,------myelin-exec:/MatMul_31
18347466208,18347485344,19136,0,19136,myelin-exec:__myl_MulMinMaxRouCas,649196,649196,3,0,3739,3338,:3309:3335:3338:3739,------myelin-exec:__myl_MulMinMaxRouCas
18347486304,18347621888,135584,0,135584,myelin-exec:__myl_FcCasAdd,649196,649196,3,0,3740,3338,:3309:3335:3338:3740,------myelin-exec:__myl_FcCasAdd
18347623648,18347642592,18944,0,18944,myelin-exec:__myl_MulMeaAddSqrDivMulMulMulMinMaxRouCas,649196,649196,3,0,3741,3338,:3309:3335:3338:3741,------myelin-exec:__myl_MulMeaAddSqrDivMulMulMulMinMaxRouCas
18347644320,18347686496,42176,0,42176,myelin-exec:/up_proj_15/MatMul,649196,649196,3,0,3742,3338,:3309:3335:3338:3742,------myelin-exec:/up_proj_15/MatMul
18347688704,18347824704,136000,0,136000,myelin-exec:__myl_FcCasNegExpAddDivMulMul,649196,649196,3,0,3743,3338,:3309:3335:3338:3743,------myelin-exec:__myl_FcCasNegExpAddDivMulMul
18347826624,18347957696,131072,0,131072,myelin-exec:__myl_FcAdd,649196,649196,3,0,3744,3338,:3309:3335:3338:3744,------myelin-exec:__myl_FcAdd
18347959360,18347973984,14624,0,14624,myelin-exec:__myl_MulMeaAddSqrDivMulDivMinMaxRouCasDivMinMaxRouCasDivMinMaxRouCas,649196,649196,3,0,3745,3338,:3309:3335:3338:3745,------myelin-exec:__myl_MulMeaAddSqrDivMulDivMinMaxRouCasDivMinMaxRouCasDivMinMaxRouCas
18347975520,18347979488,3968,0,3968,myelin-exec:__mye677076,649196,649196,3,0,3746,3338,:3309:3335:3338:3746,------myelin-exec:__mye677076
18347980768,18347983936,3168,0,3168,myelin-exec:__mye677078,649196,649196,3,0,3747,3338,:3309:3335:3338:3747,------myelin-exec:__mye677078
18347984576,18348118400,133824,0,133824,myelin-exec:__myl_FcCas,649196,649196,3,0,3748,3338,:3309:3335:3338:3748,------myelin-exec:__myl_FcCas
18348119840,18348137152,17312,0,17312,myelin-exec:__myl_ResConResRep,649196,649196,3,0,3749,3338,:3309:3335:3338:3749,------myelin-exec:__myl_ResConResRep
18348138464,18348141728,3264,0,3264,myelin-exec:__mye677086,649196,649196,3,0,3750,3338,:3309:3335:3338:3750,------myelin-exec:__mye677086
18348142848,18348145376,2528,0,2528,myelin-exec:__mye677080,649196,649196,3,0,3751,3338,:3309:3335:3338:3751,------myelin-exec:__mye677080
18348146464,18348283904,137440,0,137440,myelin-exec:__myl_FcCas,649196,649196,3,0,3752,3338,:3309:3335:3338:3752,------myelin-exec:__myl_FcCas
18348285312,18348305792,20480,0,20480,myelin-exec:__myl_ResMulMea,649196,649196,3,0,3753,3338,:3309:3335:3338:3753,------myelin-exec:__myl_ResMulMea
18348307424,18348323008,15584,0,15584,myelin-exec:__myl_AddSqrDivMulMulResSliSliNegConMulMulAddConResRepResTra,649196,649196,3,0,3754,3338,:3309:3335:3338:3754,------myelin-exec:__myl_AddSqrDivMulMulResSliSliNegConMulMulAddConResRepResTra
18348324672,18348327776,3104,0,3104,myelin-exec:__mye677082,649196,649196,3,0,3755,3338,:3309:3335:3338:3755,------myelin-exec:__mye677082
18348328768,18348475808,147040,0,147040,myelin-exec:__myl_FcCas,649196,649196,3,0,3756,3338,:3309:3335:3338:3756,------myelin-exec:__myl_FcCas
18348477408,18348496320,18912,0,18912,myelin-exec:__myl_ResMulMea,649196,649196,3,0,3757,3338,:3309:3335:3338:3757,------myelin-exec:__myl_ResMulMea
18348497632,18348514304,16672,0,16672,myelin-exec:__myl_AddSqrDivMulMulResSliSliNegConMulMulAdd,649196,649196,3,0,3758,3338,:3309:3335:3338:3758,------myelin-exec:__myl_AddSqrDivMulMulResSliSliNegConMulMulAdd
18348515552,18348519808,4256,0,4256,myelin-exec:__mye677084,649196,649196,3,0,3759,3338,:3309:3335:3338:3759,------myelin-exec:__mye677084
18348520960,18348566592,45632,0,45632,myelin-exec:/MatMul_32,649196,649196,3,0,3760,3338,:3309:3335:3338:3760,------myelin-exec:/MatMul_32
18348567872,18348582208,14336,0,14336,myelin-exec:__myl_MulMaxSubExpSumDivMul,649196,649196,3,0,3761,3338,:3309:3335:3338:3761,------myelin-exec:__myl_MulMaxSubExpSumDivMul
18348583552,18348586304,2752,0,2752,myelin-exec:__mye677088,649196,649196,3,0,3762,3338,:3309:3335:3338:3762,------myelin-exec:__mye677088
18348587296,18348624352,37056,0,37056,myelin-exec:/MatMul_33,649196,649196,3,0,3763,3338,:3309:3335:3338:3763,------myelin-exec:/MatMul_33
18348625984,18348643744,17760,0,17760,myelin-exec:__myl_MulMinMaxRouCas,649196,649196,3,0,3764,3338,:3309:3335:3338:3764,------myelin-exec:__myl_MulMinMaxRouCas
18348644928,18348784160,139232,0,139232,myelin-exec:__myl_FcCasAdd,649196,649196,3,0,3765,3338,:3309:3335:3338:3765,------myelin-exec:__myl_FcCasAdd
18348786144,18348805024,18880,0,18880,myelin-exec:__myl_MulMeaAddSqrDivMulMulMulMinMaxRouCas,649196,649196,3,0,3766,3338,:3309:3335:3338:3766,------myelin-exec:__myl_MulMeaAddSqrDivMulMulMulMinMaxRouCas
18348806528,18348848256,41728,0,41728,myelin-exec:/up_proj_16/MatMul,649196,649196,3,0,3767,3338,:3309:3335:3338:3767,------myelin-exec:/up_proj_16/MatMul
18348849888,18348987712,137824,0,137824,myelin-exec:__myl_FcCasNegExpAddDivMulMul,649196,649196,3,0,3768,3338,:3309:3335:3338:3768,------myelin-exec:__myl_FcCasNegExpAddDivMulMul
18348989344,18349124992,135648,0,135648,myelin-exec:__myl_FcAdd,649196,649196,3,0,3769,3338,:3309:3335:3338:3769,------myelin-exec:__myl_FcAdd
18349126752,18349144640,17888,0,17888,myelin-exec:__myl_MulMeaAddSqrDivMulDivMinMaxRouCasDivMinMaxRouCasDivMinMaxRouCas,649196,649196,3,0,3770,3338,:3309:3335:3338:3770,------myelin-exec:__myl_MulMeaAddSqrDivMulDivMinMaxRouCasDivMinMaxRouCasDivMinMaxRouCas
18349146304,18349151328,5024,0,5024,myelin-exec:__mye677090,649196,649196,3,0,3771,3338,:3309:3335:3338:3771,------myelin-exec:__mye677090
18349152096,18349155520,3424,0,3424,myelin-exec:__mye677092,649196,649196,3,0,3772,3338,:3309:3335:3338:3772,------myelin-exec:__mye677092
18349156800,18349289120,132320,0,132320,myelin-exec:__myl_FcCas,649196,649196,3,0,3773,3338,:3309:3335:3338:3773,------myelin-exec:__myl_FcCas
18349290656,18349309664,19008,0,19008,myelin-exec:__myl_ResConResRep,649196,649196,3,0,3774,3338,:3309:3335:3338:3774,------myelin-exec:__myl_ResConResRep
18349311072,18349314592,3520,0,3520,myelin-exec:__mye677100,649196,649196,3,0,3775,3338,:3309:3335:3338:3775,------myelin-exec:__mye677100
18349315680,18349318048,2368,0,2368,myelin-exec:__mye677094,649196,649196,3,0,3776,3338,:3309:3335:3338:3776,------myelin-exec:__mye677094
18349319264,18349447936,128672,0,128672,myelin-exec:__myl_FcCas,649196,649196,3,0,3777,3338,:3309:3335:3338:3777,------myelin-exec:__myl_FcCas
18349449504,18349469088,19584,0,19584,myelin-exec:__myl_ResMulMea,649196,649196,3,0,3778,3338,:3309:3335:3338:3778,------myelin-exec:__myl_ResMulMea
18349470432,18349485792,15360,0,15360,myelin-exec:__myl_AddSqrDivMulMulResSliSliNegConMulMulAddConResRepResTra,649196,649196,3,0,3779,3338,:3309:3335:3338:3779,------myelin-exec:__myl_AddSqrDivMulMulResSliSliNegConMulMulAddConResRepResTra
18349487008,18349490528,3520,0,3520,myelin-exec:__mye677096,649196,649196,3,0,3780,3338,:3309:3335:3338:3780,------myelin-exec:__mye677096
18349491520,18349621280,129760,0,129760,myelin-exec:__myl_FcCas,649196,649196,3,0,3781,3338,:3309:3335:3338:3781,------myelin-exec:__myl_FcCas
18349622944,18349637088,14144,0,14144,myelin-exec:__myl_ResMulMea,649196,649196,3,0,3782,3338,:3309:3335:3338:3782,------myelin-exec:__myl_ResMulMea
18349638368,18349651328,12960,0,12960,myelin-exec:__myl_AddSqrDivMulMulResSliSliNegConMulMulAdd,649196,649196,3,0,3783,3338,:3309:3335:3338:3783,------myelin-exec:__myl_AddSqrDivMulMulResSliSliNegConMulMulAdd
18349652608,18349655456,2848,0,2848,myelin-exec:__mye677098,649196,649196,3,0,3784,3338,:3309:3335:3338:3784,------myelin-exec:__mye677098
18349656384,18349697632,41248,0,41248,myelin-exec:/MatMul_34,649196,649196,3,0,3785,3338,:3309:3335:3338:3785,------myelin-exec:/MatMul_34
18349699328,18349712896,13568,0,13568,myelin-exec:__myl_MulMaxSubExpSumDivMul,649196,649196,3,0,3786,3338,:3309:3335:3338:3786,------myelin-exec:__myl_MulMaxSubExpSumDivMul
18349714400,18349717120,2720,0,2720,myelin-exec:__mye677102,649196,649196,3,0,3787,3338,:3309:3335:3338:3787,------myelin-exec:__mye677102
18349718112,18349755616,37504,0,37504,myelin-exec:/MatMul_35,649196,649196,3,0,3788,3338,:3309:3335:3338:3788,------myelin-exec:/MatMul_35
18349757152,18349773984,16832,0,16832,myelin-exec:__myl_MulMinMaxRouCas,649196,649196,3,0,3789,3338,:3309:3335:3338:3789,------myelin-exec:__myl_MulMinMaxRouCas
18349775264,18349911488,136224,0,136224,myelin-exec:__myl_FcCasAdd,649196,649196,3,0,3790,3338,:3309:3335:3338:3790,------myelin-exec:__myl_FcCasAdd
18349913376,18349933504,20128,0,20128,myelin-exec:__myl_MulMeaAddSqrDivMulMulMulMinMaxRouCas,649196,649196,3,0,3791,3338,:3309:3335:3338:3791,------myelin-exec:__myl_MulMeaAddSqrDivMulMulMulMinMaxRouCas
18349935232,18349981600,46368,0,46368,myelin-exec:/up_proj_17/MatMul,649196,649196,3,0,3792,3338,:3309:3335:3338:3792,------myelin-exec:/up_proj_17/MatMul
18349983456,18350118816,135360,0,135360,myelin-exec:__myl_FcCasNegExpAddDivMulMul,649196,649196,3,0,3793,3338,:3309:3335:3338:3793,------myelin-exec:__myl_FcCasNegExpAddDivMulMul
18350120448,18350254656,134208,0,134208,myelin-exec:__myl_FcAdd,649196,649196,3,0,3794,3338,:3309:3335:3338:3794,------myelin-exec:__myl_FcAdd
18350256320,18350272032,15712,0,15712,myelin-exec:__myl_MulMeaAddSqrDivMulDivMinMaxRouCasDivMinMaxRouCasDivMinMaxRouCas,649196,649196,3,0,3795,3338,:3309:3335:3338:3795,------myelin-exec:__myl_MulMeaAddSqrDivMulDivMinMaxRouCasDivMinMaxRouCasDivMinMaxRouCas
18350273760,18350278592,4832,0,4832,myelin-exec:__mye677104,649196,649196,3,0,3796,3338,:3309:3335:3338:3796,------myelin-exec:__mye677104
18350279456,18350282720,3264,0,3264,myelin-exec:__mye677106,649196,649196,3,0,3797,3338,:3309:3335:3338:3797,------myelin-exec:__mye677106
18350283872,18350454560,170688,0,170688,myelin-exec:__myl_FcCas,649196,649196,3,0,3798,3338,:3309:3335:3338:3798,------myelin-exec:__myl_FcCas
18350456576,18350486944,30368,0,30368,myelin-exec:__myl_ResConResRep,649196,649196,3,0,3799,3338,:3309:3335:3338:3799,------myelin-exec:__myl_ResConResRep
18350489088,18350494720,5632,0,5632,myelin-exec:__mye677114,649196,649196,3,0,3800,3338,:3309:3335:3338:3800,------myelin-exec:__mye677114
18350495776,18350499776,4000,0,4000,myelin-exec:__mye677108,649196,649196,3,0,3801,3338,:3309:3335:3338:3801,------myelin-exec:__mye677108
18350501024,18350651168,150144,0,150144,myelin-exec:__myl_FcCas,649196,649196,3,0,3802,3338,:3309:3335:3338:3802,------myelin-exec:__myl_FcCas
18350653280,18350675264,21984,0,21984,myelin-exec:__myl_ResMulMea,649196,649196,3,0,3803,3338,:3309:3335:3338:3803,------myelin-exec:__myl_ResMulMea
18350677248,18350693856,16608,0,16608,myelin-exec:__myl_AddSqrDivMulMulResSliSliNegConMulMulAddConResRepResTra,649196,649196,3,0,3804,3338,:3309:3335:3338:3804,------myelin-exec:__myl_AddSqrDivMulMulResSliSliNegConMulMulAddConResRepResTra
18350695168,18350698592,3424,0,3424,myelin-exec:__mye677110,649196,649196,3,0,3805,3338,:3309:3335:3338:3805,------myelin-exec:__mye677110
18350699584,18350846592,147008,0,147008,myelin-exec:__myl_FcCas,649196,649196,3,0,3806,3338,:3309:3335:3338:3806,------myelin-exec:__myl_FcCas
18350848704,18350863968,15264,0,15264,myelin-exec:__myl_ResMulMea,649196,649196,3,0,3807,3338,:3309:3335:3338:3807,------myelin-exec:__myl_ResMulMea
18350865632,18350877792,12160,0,12160,myelin-exec:__myl_AddSqrDivMulMulResSliSliNegConMulMulAdd,649196,649196,3,0,3808,3338,:3309:3335:3338:3808,------myelin-exec:__myl_AddSqrDivMulMulResSliSliNegConMulMulAdd
18350878976,18350882592,3616,0,3616,myelin-exec:__mye677112,649196,649196,3,0,3809,3338,:3309:3335:3338:3809,------myelin-exec:__mye677112
18350883520,18350927328,43808,0,43808,myelin-exec:/MatMul_36,649196,649196,3,0,3810,3338,:3309:3335:3338:3810,------myelin-exec:/MatMul_36
18350928672,18350942880,14208,0,14208,myelin-exec:__myl_MulMaxSubExpSumDivMul,649196,649196,3,0,3811,3338,:3309:3335:3338:3811,------myelin-exec:__myl_MulMaxSubExpSumDivMul
18350944320,18350947392,3072,0,3072,myelin-exec:__mye677116,649196,649196,3,0,3812,3338,:3309:3335:3338:3812,------myelin-exec:__mye677116
18350948640,18350983776,35136,0,35136,myelin-exec:/MatMul_37,649196,649196,3,0,3813,3338,:3309:3335:3338:3813,------myelin-exec:/MatMul_37
18350985120,18351002976,17856,0,17856,myelin-exec:__myl_MulMinMaxRouCas,649196,649196,3,0,3814,3338,:3309:3335:3338:3814,------myelin-exec:__myl_MulMinMaxRouCas
18351004320,18351143456,139136,0,139136,myelin-exec:__myl_FcCasAdd,649196,649196,3,0,3815,3338,:3309:3335:3338:3815,------myelin-exec:__myl_FcCasAdd
18351145216,18351166304,21088,0,21088,myelin-exec:__myl_MulMeaAddSqrDivMulMulMulMinMaxRouCas,649196,649196,3,0,3816,3338,:3309:3335:3338:3816,------myelin-exec:__myl_MulMeaAddSqrDivMulMulMulMinMaxRouCas
18351167936,18351211904,43968,0,43968,myelin-exec:/up_proj_18/MatMul,649196,649196,3,0,3817,3338,:3309:3335:3338:3817,------myelin-exec:/up_proj_18/MatMul
18351213696,18351346496,132800,0,132800,myelin-exec:__myl_FcCasNegExpAddDivMulMul,649196,649196,3,0,3818,3338,:3309:3335:3338:3818,------myelin-exec:__myl_FcCasNegExpAddDivMulMul
18351348064,18351477312,129248,0,129248,myelin-exec:__myl_FcAdd,649196,649196,3,0,3819,3338,:3309:3335:3338:3819,------myelin-exec:__myl_FcAdd
18351479360,18351494368,15008,0,15008,myelin-exec:__myl_MulMeaAddSqrDivMulDivMinMaxRouCasDivMinMaxRouCasDivMinMaxRouCas,649196,649196,3,0,3820,3338,:3309:3335:3338:3820,------myelin-exec:__myl_MulMeaAddSqrDivMulDivMinMaxRouCasDivMinMaxRouCasDivMinMaxRouCas
18351495872,18351500000,4128,0,4128,myelin-exec:__mye677118,649196,649196,3,0,3821,3338,:3309:3335:3338:3821,------myelin-exec:__mye677118
18351500736,18351503712,2976,0,2976,myelin-exec:__mye677120,649196,649196,3,0,3822,3338,:3309:3335:3338:3822,------myelin-exec:__mye677120
18351504640,18351630976,126336,0,126336,myelin-exec:__myl_FcCas,649196,649196,3,0,3823,3338,:3309:3335:3338:3823,------myelin-exec:__myl_FcCas
18351632672,18351648832,16160,0,16160,myelin-exec:__myl_ResConResRep,649196,649196,3,0,3824,3338,:3309:3335:3338:3824,------myelin-exec:__myl_ResConResRep
18351649952,18351653152,3200,0,3200,myelin-exec:__mye677128,649196,649196,3,0,3825,3338,:3309:3335:3338:3825,------myelin-exec:__mye677128
18351654368,18351656800,2432,0,2432,myelin-exec:__mye677122,649196,649196,3,0,3826,3338,:3309:3335:3338:3826,------myelin-exec:__mye677122
18351657824,18351783936,126112,0,126112,myelin-exec:__myl_FcCas,649196,649196,3,0,3827,3338,:3309:3335:3338:3827,------myelin-exec:__myl_FcCas
18351785696,18351806784,21088,0,21088,myelin-exec:__myl_ResMulMea,649196,649196,3,0,3828,3338,:3309:3335:3338:3828,------myelin-exec:__myl_ResMulMea
18351808544,18351826016,17472,0,17472,myelin-exec:__myl_AddSqrDivMulMulResSliSliNegConMulMulAddConResRepResTra,649196,649196,3,0,3829,3338,:3309:3335:3338:3829,------myelin-exec:__myl_AddSqrDivMulMulResSliSliNegConMulMulAddConResRepResTra
18351827008,18351830464,3456,0,3456,myelin-exec:__mye677124,649196,649196,3,0,3830,3338,:3309:3335:3338:3830,------myelin-exec:__mye677124
18351831424,18351978368,146944,0,146944,myelin-exec:__myl_FcCas,649196,649196,3,0,3831,3338,:3309:3335:3338:3831,------myelin-exec:__myl_FcCas
18351980160,18351997440,17280,0,17280,myelin-exec:__myl_ResMulMea,649196,649196,3,0,3832,3338,:3309:3335:3338:3832,------myelin-exec:__myl_ResMulMea
18351998944,18352012224,13280,0,13280,myelin-exec:__myl_AddSqrDivMulMulResSliSliNegConMulMulAdd,649196,649196,3,0,3833,3338,:3309:3335:3338:3833,------myelin-exec:__myl_AddSqrDivMulMulResSliSliNegConMulMulAdd
18352013728,18352017184,3456,0,3456,myelin-exec:__mye677126,649196,649196,3,0,3834,3338,:3309:3335:3338:3834,------myelin-exec:__mye677126
18352018080,18352062720,44640,0,44640,myelin-exec:/MatMul_38,649196,649196,3,0,3835,3338,:3309:3335:3338:3835,------myelin-exec:/MatMul_38
18352064224,18352077920,13696,0,13696,myelin-exec:__myl_MulMaxSubExpSumDivMul,649196,649196,3,0,3836,3338,:3309:3335:3338:3836,------myelin-exec:__myl_MulMaxSubExpSumDivMul
18352078880,18352081952,3072,0,3072,myelin-exec:__mye677130,649196,649196,3,0,3837,3338,:3309:3335:3338:3837,------myelin-exec:__mye677130
18352083040,18352119488,36448,0,36448,myelin-exec:/MatMul_39,649196,649196,3,0,3838,3338,:3309:3335:3338:3838,------myelin-exec:/MatMul_39
18352120768,18352137888,17120,0,17120,myelin-exec:__myl_MulMinMaxRouCas,649196,649196,3,0,3839,3338,:3309:3335:3338:3839,------myelin-exec:__myl_MulMinMaxRouCas
18352139168,18352274336,135168,0,135168,myelin-exec:__myl_FcCasAdd,649196,649196,3,0,3840,3338,:3309:3335:3338:3840,------myelin-exec:__myl_FcCasAdd
18352276192,18352295392,19200,0,19200,myelin-exec:__myl_MulMeaAddSqrDivMulMulMulMinMaxRouCas,649196,649196,3,0,3841,3338,:3309:3335:3338:3841,------myelin-exec:__myl_MulMeaAddSqrDivMulMulMulMinMaxRouCas
18352297216,18352339936,42720,0,42720,myelin-exec:/up_proj_19/MatMul,649196,649196,3,0,3842,3338,:3309:3335:3338:3842,------myelin-exec:/up_proj_19/MatMul
18352341824,18352476256,134432,0,134432,myelin-exec:__myl_FcCasNegExpAddDivMulMul,649196,649196,3,0,3843,3338,:3309:3335:3338:3843,------myelin-exec:__myl_FcCasNegExpAddDivMulMul
18352478144,18352608288,130144,0,130144,myelin-exec:__myl_FcAdd,649196,649196,3,0,3844,3338,:3309:3335:3338:3844,------myelin-exec:__myl_FcAdd
18352610208,18352625152,14944,0,14944,myelin-exec:__myl_MulMeaAddSqrDivMulDivMinMaxRouCasDivMinMaxRouCasDivMinMaxRouCas,649196,649196,3,0,3845,3338,:3309:3335:3338:3845,------myelin-exec:__myl_MulMeaAddSqrDivMulDivMinMaxRouCasDivMinMaxRouCasDivMinMaxRouCas
18352626432,18352630784,4352,0,4352,myelin-exec:__mye677132,649196,649196,3,0,3846,3338,:3309:3335:3338:3846,------myelin-exec:__mye677132
18352631392,18352634592,3200,0,3200,myelin-exec:__mye677134,649196,649196,3,0,3847,3338,:3309:3335:3338:3847,------myelin-exec:__mye677134
18352635584,18352772608,137024,0,137024,myelin-exec:__myl_FcCas,649196,649196,3,0,3848,3338,:3309:3335:3338:3848,------myelin-exec:__myl_FcCas
18352774272,18352792448,18176,0,18176,myelin-exec:__myl_ResConResRep,649196,649196,3,0,3849,3338,:3309:3335:3338:3849,------myelin-exec:__myl_ResConResRep
18352794272,18352797760,3488,0,3488,myelin-exec:__mye677142,649196,649196,3,0,3850,3338,:3309:3335:3338:3850,------myelin-exec:__mye677142
18352799168,18352801920,2752,0,2752,myelin-exec:__mye677136,649196,649196,3,0,3851,3338,:3309:3335:3338:3851,------myelin-exec:__mye677136
18352802976,18352945120,142144,0,142144,myelin-exec:__myl_FcCas,649196,649196,3,0,3852,3338,:3309:3335:3338:3852,------myelin-exec:__myl_FcCas
18352946912,18352968512,21600,0,21600,myelin-exec:__myl_ResMulMea,649196,649196,3,0,3853,3338,:3309:3335:3338:3853,------myelin-exec:__myl_ResMulMea
18352969760,18352987872,18112,0,18112,myelin-exec:__myl_AddSqrDivMulMulResSliSliNegConMulMulAddConResRepResTra,649196,649196,3,0,3854,3338,:3309:3335:3338:3854,------myelin-exec:__myl_AddSqrDivMulMulResSliSliNegConMulMulAddConResRepResTra
18352989504,18352993120,3616,0,3616,myelin-exec:__mye677138,649196,649196,3,0,3855,3338,:3309:3335:3338:3855,------myelin-exec:__mye677138
18352994016,18353133760,139744,0,139744,myelin-exec:__myl_FcCas,649196,649196,3,0,3856,3338,:3309:3335:3338:3856,------myelin-exec:__myl_FcCas
18353135296,18353149792,14496,0,14496,myelin-exec:__myl_ResMulMea,649196,649196,3,0,3857,3338,:3309:3335:3338:3857,------myelin-exec:__myl_ResMulMea
18353151392,18353164640,13248,0,13248,myelin-exec:__myl_AddSqrDivMulMulResSliSliNegConMulMulAdd,649196,649196,3,0,3858,3338,:3309:3335:3338:3858,------myelin-exec:__myl_AddSqrDivMulMulResSliSliNegConMulMulAdd
18353165984,18353169312,3328,0,3328,myelin-exec:__mye677140,649196,649196,3,0,3859,3338,:3309:3335:3338:3859,------myelin-exec:__mye677140
18353170464,18353213472,43008,0,43008,myelin-exec:/MatMul_40,649196,649196,3,0,3860,3338,:3309:3335:3338:3860,------myelin-exec:/MatMul_40
18353215264,18353228896,13632,0,13632,myelin-exec:__myl_MulMaxSubExpSumDivMul,649196,649196,3,0,3861,3338,:3309:3335:3338:3861,------myelin-exec:__myl_MulMaxSubExpSumDivMul
18353230016,18353232928,2912,0,2912,myelin-exec:__mye677144,649196,649196,3,0,3862,3338,:3309:3335:3338:3862,------myelin-exec:__mye677144
18353234016,18353272224,38208,0,38208,myelin-exec:/MatMul_41,649196,649196,3,0,3863,3338,:3309:3335:3338:3863,------myelin-exec:/MatMul_41
18353273728,18353293088,19360,0,19360,myelin-exec:__myl_MulMinMaxRouCas,649196,649196,3,0,3864,3338,:3309:3335:3338:3864,------myelin-exec:__myl_MulMinMaxRouCas
18353294304,18353429920,135616,0,135616,myelin-exec:__myl_FcCasAdd,649196,649196,3,0,3865,3338,:3309:3335:3338:3865,------myelin-exec:__myl_FcCasAdd
18353431744,18353448896,17152,0,17152,myelin-exec:__myl_MulMeaAddSqrDivMulMulMulMinMaxRouCas,649196,649196,3,0,3866,3338,:3309:3335:3338:3866,------myelin-exec:__myl_MulMeaAddSqrDivMulMulMulMinMaxRouCas
18353450400,18353493440,43040,0,43040,myelin-exec:/up_proj_20/MatMul,649196,649196,3,0,3867,3338,:3309:3335:3338:3867,------myelin-exec:/up_proj_20/MatMul
18353495232,18353624256,129024,0,129024,myelin-exec:__myl_FcCasNegExpAddDivMulMul,649196,649196,3,0,3868,3338,:3309:3335:3338:3868,------myelin-exec:__myl_FcCasNegExpAddDivMulMul
18353626016,18353754240,128224,0,128224,myelin-exec:__myl_FcAdd,649196,649196,3,0,3869,3338,:3309:3335:3338:3869,------myelin-exec:__myl_FcAdd
18353755936,18353771648,15712,0,15712,myelin-exec:__myl_MulMeaAddSqrDivMulDivMinMaxRouCasDivMinMaxRouCasDivMinMaxRouCas,649196,649196,3,0,3870,3338,:3309:3335:3338:3870,------myelin-exec:__myl_MulMeaAddSqrDivMulDivMinMaxRouCasDivMinMaxRouCasDivMinMaxRouCas
18353773184,18353777632,4448,0,4448,myelin-exec:__mye677146,649196,649196,3,0,3871,3338,:3309:3335:3338:3871,------myelin-exec:__mye677146
18353778272,18353781312,3040,0,3040,myelin-exec:__mye677148,649196,649196,3,0,3872,3338,:3309:3335:3338:3872,------myelin-exec:__mye677148
18353782048,18353913728,131680,0,131680,myelin-exec:__myl_FcCas,649196,649196,3,0,3873,3338,:3309:3335:3338:3873,------myelin-exec:__myl_FcCas
18353915520,18353932736,17216,0,17216,myelin-exec:__myl_ResConResRep,649196,649196,3,0,3874,3338,:3309:3335:3338:3874,------myelin-exec:__myl_ResConResRep
18353934432,18353938240,3808,0,3808,myelin-exec:__mye677156,649196,649196,3,0,3875,3338,:3309:3335:3338:3875,------myelin-exec:__mye677156
18353939232,18353941920,2688,0,2688,myelin-exec:__mye677150,649196,649196,3,0,3876,3338,:3309:3335:3338:3876,------myelin-exec:__mye677150
18353942912,18354073984,131072,0,131072,myelin-exec:__myl_FcCas,649196,649196,3,0,3877,3338,:3309:3335:3338:3877,------myelin-exec:__myl_FcCas
18354075744,18354095040,19296,0,19296,myelin-exec:__myl_ResMulMea,649196,649196,3,0,3878,3338,:3309:3335:3338:3878,------myelin-exec:__myl_ResMulMea
18354096928,18354112736,15808,0,15808,myelin-exec:__myl_AddSqrDivMulMulResSliSliNegConMulMulAddConResRepResTra,649196,649196,3,0,3879,3338,:3309:3335:3338:3879,------myelin-exec:__myl_AddSqrDivMulMulResSliSliNegConMulMulAddConResRepResTra
18354114080,18354117728,3648,0,3648,myelin-exec:__mye677152,649196,649196,3,0,3880,3338,:3309:3335:3338:3880,------myelin-exec:__mye677152
18354118848,18354260960,142112,0,142112,myelin-exec:__myl_FcCas,649196,649196,3,0,3881,3338,:3309:3335:3338:3881,------myelin-exec:__myl_FcCas
18354262688,18354278624,15936,0,15936,myelin-exec:__myl_ResMulMea,649196,649196,3,0,3882,3338,:3309:3335:3338:3882,------myelin-exec:__myl_ResMulMea
18354280000,18354293216,13216,0,13216,myelin-exec:__myl_AddSqrDivMulMulResSliSliNegConMulMulAdd,649196,649196,3,0,3883,3338,:3309:3335:3338:3883,------myelin-exec:__myl_AddSqrDivMulMulResSliSliNegConMulMulAdd
18354294400,18354297632,3232,0,3232,myelin-exec:__mye677154,649196,649196,3,0,3884,3338,:3309:3335:3338:3884,------myelin-exec:__mye677154
18354298528,18354345056,46528,0,46528,myelin-exec:/MatMul_42,649196,649196,3,0,3885,3338,:3309:3335:3338:3885,------myelin-exec:/MatMul_42
18354346720,18354361952,15232,0,15232,myelin-exec:__myl_MulMaxSubExpSumDivMul,649196,649196,3,0,3886,3338,:3309:3335:3338:3886,------myelin-exec:__myl_MulMaxSubExpSumDivMul
18354363232,18354366528,3296,0,3296,myelin-exec:__mye677158,649196,649196,3,0,3887,3338,:3309:3335:3338:3887,------myelin-exec:__mye677158
18354367104,18354438304,71200,0,71200,myelin-exec:/MatMul_43,649196,649196,3,0,3888,3338,:3309:3335:3338:3888,------myelin-exec:/MatMul_43
18354440416,18354462784,22368,0,22368,myelin-exec:__myl_MulMinMaxRouCas,649196,649196,3,0,3889,3338,:3309:3335:3338:3889,------myelin-exec:__myl_MulMinMaxRouCas
18354464800,18354606336,141536,0,141536,myelin-exec:__myl_FcCasAdd,649196,649196,3,0,3890,3338,:3309:3335:3338:3890,------myelin-exec:__myl_FcCasAdd
18354607808,18354628064,20256,0,20256,myelin-exec:__myl_MulMeaAddSqrDivMulMulMulMinMaxRouCas,649196,649196,3,0,3891,3338,:3309:3335:3338:3891,------myelin-exec:__myl_MulMeaAddSqrDivMulMulMulMinMaxRouCas
18354629664,18354673344,43680,0,43680,myelin-exec:/up_proj_21/MatMul,649196,649196,3,0,3892,3338,:3309:3335:3338:3892,------myelin-exec:/up_proj_21/MatMul
18354675040,18354807712,132672,0,132672,myelin-exec:__myl_FcCasNegExpAddDivMulMul,649196,649196,3,0,3893,3338,:3309:3335:3338:3893,------myelin-exec:__myl_FcCasNegExpAddDivMulMul
18354809248,18354943648,134400,0,134400,myelin-exec:__myl_FcAdd,649196,649196,3,0,3894,3338,:3309:3335:3338:3894,------myelin-exec:__myl_FcAdd
18354945344,18354961824,16480,0,16480,myelin-exec:__myl_MulMeaAddSqrDivMulDivMinMaxRouCasDivMinMaxRouCasDivMinMaxRouCas,649196,649196,3,0,3895,3338,:3309:3335:3338:3895,------myelin-exec:__myl_MulMeaAddSqrDivMulDivMinMaxRouCasDivMinMaxRouCasDivMinMaxRouCas
18354963456,18354968416,4960,0,4960,myelin-exec:__mye677160,649196,649196,3,0,3896,3338,:3309:3335:3338:3896,------myelin-exec:__mye677160
18354969600,18354973056,3456,0,3456,myelin-exec:__mye677162,649196,649196,3,0,3897,3338,:3309:3335:3338:3897,------myelin-exec:__mye677162
18354974272,18355104704,130432,0,130432,myelin-exec:__myl_FcCas,649196,649196,3,0,3898,3338,:3309:3335:3338:3898,------myelin-exec:__myl_FcCas
18355106304,18355130528,24224,0,24224,myelin-exec:__myl_ResConResRep,649196,649196,3,0,3899,3338,:3309:3335:3338:3899,------myelin-exec:__myl_ResConResRep
18355132192,18355136096,3904,0,3904,myelin-exec:__mye677170,649196,649196,3,0,3900,3338,:3309:3335:3338:3900,------myelin-exec:__mye677170
18355137632,18355140704,3072,0,3072,myelin-exec:__mye677164,649196,649196,3,0,3901,3338,:3309:3335:3338:3901,------myelin-exec:__mye677164
18355141696,18355286880,145184,0,145184,myelin-exec:__myl_FcCas,649196,649196,3,0,3902,3338,:3309:3335:3338:3902,------myelin-exec:__myl_FcCas
18355288736,18355309376,20640,0,20640,myelin-exec:__myl_ResMulMea,649196,649196,3,0,3903,3338,:3309:3335:3338:3903,------myelin-exec:__myl_ResMulMea
18355311104,18355327456,16352,0,16352,myelin-exec:__myl_AddSqrDivMulMulResSliSliNegConMulMulAddConResRepResTra,649196,649196,3,0,3904,3338,:3309:3335:3338:3904,------myelin-exec:__myl_AddSqrDivMulMulResSliSliNegConMulMulAddConResRepResTra
18355329056,18355332608,3552,0,3552,myelin-exec:__mye677166,649196,649196,3,0,3905,3338,:3309:3335:3338:3905,------myelin-exec:__mye677166
18355333568,18355480640,147072,0,147072,myelin-exec:__myl_FcCas,649196,649196,3,0,3906,3338,:3309:3335:3338:3906,------myelin-exec:__myl_FcCas
18355482656,18355499552,16896,0,16896,myelin-exec:__myl_ResMulMea,649196,649196,3,0,3907,3338,:3309:3335:3338:3907,------myelin-exec:__myl_ResMulMea
18355501344,18355516288,14944,0,14944,myelin-exec:__myl_AddSqrDivMulMulResSliSliNegConMulMulAdd,649196,649196,3,0,3908,3338,:3309:3335:3338:3908,------myelin-exec:__myl_AddSqrDivMulMulResSliSliNegConMulMulAdd
18355517824,18355522304,4480,0,4480,myelin-exec:__mye677168,649196,649196,3,0,3909,3338,:3309:3335:3338:3909,------myelin-exec:__mye677168
18355523264,18355570400,47136,0,47136,myelin-exec:/MatMul_44,649196,649196,3,0,3910,3338,:3309:3335:3338:3910,------myelin-exec:/MatMul_44
18355572096,18355586016,13920,0,13920,myelin-exec:__myl_MulMaxSubExpSumDivMul,649196,649196,3,0,3911,3338,:3309:3335:3338:3911,------myelin-exec:__myl_MulMaxSubExpSumDivMul
18355587008,18355590368,3360,0,3360,myelin-exec:__mye677172,649196,649196,3,0,3912,3338,:3309:3335:3338:3912,------myelin-exec:__mye677172
18355591392,18355630624,39232,0,39232,myelin-exec:/MatMul_45,649196,649196,3,0,3913,3338,:3309:3335:3338:3913,------myelin-exec:/MatMul_45
18355632320,18355650016,17696,0,17696,myelin-exec:__myl_MulMinMaxRouCas,649196,649196,3,0,3914,3338,:3309:3335:3338:3914,------myelin-exec:__myl_MulMinMaxRouCas
18355651392,18355787008,135616,0,135616,myelin-exec:__myl_FcCasAdd,649196,649196,3,0,3915,3338,:3309:3335:3338:3915,------myelin-exec:__myl_FcCasAdd
18355788832,18355802816,13984,0,13984,myelin-exec:__myl_MulMeaAddSqrDivMulMulMulMinMaxRouCas,649196,649196,3,0,3916,3338,:3309:3335:3338:3916,------myelin-exec:__myl_MulMeaAddSqrDivMulMulMulMinMaxRouCas
18355804448,18355845824,41376,0,41376,myelin-exec:/up_proj_22/MatMul,649196,649196,3,0,3917,3338,:3309:3335:3338:3917,------myelin-exec:/up_proj_22/MatMul
18355847776,18355982720,134944,0,134944,myelin-exec:__myl_FcCasNegExpAddDivMulMul,649196,649196,3,0,3918,3338,:3309:3335:3338:3918,------myelin-exec:__myl_FcCasNegExpAddDivMulMul
18355984352,18356118944,134592,0,134592,myelin-exec:__myl_FcAdd,649196,649196,3,0,3919,3338,:3309:3335:3338:3919,------myelin-exec:__myl_FcAdd
18356120672,18356136096,15424,0,15424,myelin-exec:__myl_MulMeaAddSqrDivMulDivMinMaxRouCasDivMinMaxRouCasDivMinMaxRouCas,649196,649196,3,0,3920,3338,:3309:3335:3338:3920,------myelin-exec:__myl_MulMeaAddSqrDivMulDivMinMaxRouCasDivMinMaxRouCasDivMinMaxRouCas
18356137344,18356142144,4800,0,4800,myelin-exec:__mye677174,649196,649196,3,0,3921,3338,:3309:3335:3338:3921,------myelin-exec:__mye677174
18356143040,18356146720,3680,0,3680,myelin-exec:__mye677176,649196,649196,3,0,3922,3338,:3309:3335:3338:3922,------myelin-exec:__mye677176
18356148128,18356273280,125152,0,125152,myelin-exec:__myl_FcCas,649196,649196,3,0,3923,3338,:3309:3335:3338:3923,------myelin-exec:__myl_FcCas
18356275008,18356291200,16192,0,16192,myelin-exec:__myl_ResConResRep,649196,649196,3,0,3924,3338,:3309:3335:3338:3924,------myelin-exec:__myl_ResConResRep
18356292800,18356296256,3456,0,3456,myelin-exec:__mye677184,649196,649196,3,0,3925,3338,:3309:3335:3338:3925,------myelin-exec:__mye677184
18356297152,18356299840,2688,0,2688,myelin-exec:__mye677178,649196,649196,3,0,3926,3338,:3309:3335:3338:3926,------myelin-exec:__mye677178
18356301216,18356435264,134048,0,134048,myelin-exec:__myl_FcCas,649196,649196,3,0,3927,3338,:3309:3335:3338:3927,------myelin-exec:__myl_FcCas
18356436672,18356456960,20288,0,20288,myelin-exec:__myl_ResMulMea,649196,649196,3,0,3928,3338,:3309:3335:3338:3928,------myelin-exec:__myl_ResMulMea
18356458336,18356475520,17184,0,17184,myelin-exec:__myl_AddSqrDivMulMulResSliSliNegConMulMulAddConResRepResTra,649196,649196,3,0,3929,3338,:3309:3335:3338:3929,------myelin-exec:__myl_AddSqrDivMulMulResSliSliNegConMulMulAddConResRepResTra
18356476704,18356480320,3616,0,3616,myelin-exec:__mye677180,649196,649196,3,0,3930,3338,:3309:3335:3338:3930,------myelin-exec:__mye677180
18356481600,18356618240,136640,0,136640,myelin-exec:__myl_FcCas,649196,649196,3,0,3931,3338,:3309:3335:3338:3931,------myelin-exec:__myl_FcCas
18356620000,18356634016,14016,0,14016,myelin-exec:__myl_ResMulMea,649196,649196,3,0,3932,3338,:3309:3335:3338:3932,------myelin-exec:__myl_ResMulMea
18356635392,18356647712,12320,0,12320,myelin-exec:__myl_AddSqrDivMulMulResSliSliNegConMulMulAdd,649196,649196,3,0,3933,3338,:3309:3335:3338:3933,------myelin-exec:__myl_AddSqrDivMulMulResSliSliNegConMulMulAdd
18356648896,18356652480,3584,0,3584,myelin-exec:__mye677182,649196,649196,3,0,3934,3338,:3309:3335:3338:3934,------myelin-exec:__mye677182
18356653408,18356700480,47072,0,47072,myelin-exec:/MatMul_46,649196,649196,3,0,3935,3338,:3309:3335:3338:3935,------myelin-exec:/MatMul_46
18356701984,18356716512,14528,0,14528,myelin-exec:__myl_MulMaxSubExpSumDivMul,649196,649196,3,0,3936,3338,:3309:3335:3338:3936,------myelin-exec:__myl_MulMaxSubExpSumDivMul
18356718048,18356721120,3072,0,3072,myelin-exec:__mye677186,649196,649196,3,0,3937,3338,:3309:3335:3338:3937,------myelin-exec:__mye677186
18356722048,18356758112,36064,0,36064,myelin-exec:/MatMul_47,649196,649196,3,0,3938,3338,:3309:3335:3338:3938,------myelin-exec:/MatMul_47
18356759872,18356776928,17056,0,17056,myelin-exec:__myl_MulMinMaxRouCas,649196,649196,3,0,3939,3338,:3309:3335:3338:3939,------myelin-exec:__myl_MulMinMaxRouCas
18356778464,18356916704,138240,0,138240,myelin-exec:__myl_FcCasAdd,649196,649196,3,0,3940,3338,:3309:3335:3338:3940,------myelin-exec:__myl_FcCasAdd
18356918688,18356937888,19200,0,19200,myelin-exec:__myl_MulMeaAddSqrDivMulMulMulMinMaxRouCas,649196,649196,3,0,3941,3338,:3309:3335:3338:3941,------myelin-exec:__myl_MulMeaAddSqrDivMulMulMulMinMaxRouCas
18356939232,18356980832,41600,0,41600,myelin-exec:/up_proj_23/MatMul,649196,649196,3,0,3942,3338,:3309:3335:3338:3942,------myelin-exec:/up_proj_23/MatMul
18356982400,18357113984,131584,0,131584,myelin-exec:__myl_FcCasNegExpAddDivMulMul,649196,649196,3,0,3943,3338,:3309:3335:3338:3943,------myelin-exec:__myl_FcCasNegExpAddDivMulMul
18357115776,18357246240,130464,0,130464,myelin-exec:__myl_FcAdd,649196,649196,3,0,3944,3338,:3309:3335:3338:3944,------myelin-exec:__myl_FcAdd
18357248000,18357263232,15232,0,15232,myelin-exec:__myl_MulMeaAddSqrDivMulDivMinMaxRouCasDivMinMaxRouCasDivMinMaxRouCas,649196,649196,3,0,3945,3338,:3309:3335:3338:3945,------myelin-exec:__myl_MulMeaAddSqrDivMulDivMinMaxRouCasDivMinMaxRouCasDivMinMaxRouCas
18357264800,18357269440,4640,0,4640,myelin-exec:__mye677188,649196,649196,3,0,3946,3338,:3309:3335:3338:3946,------myelin-exec:__mye677188
18357270432,18357273568,3136,0,3136,myelin-exec:__mye677190,649196,649196,3,0,3947,3338,:3309:3335:3338:3947,------myelin-exec:__mye677190
18357274464,18357411488,137024,0,137024,myelin-exec:__myl_FcCas,649196,649196,3,0,3948,3338,:3309:3335:3338:3948,------myelin-exec:__myl_FcCas
18357413312,18357430720,17408,0,17408,myelin-exec:__myl_ResConResRep,649196,649196,3,0,3949,3338,:3309:3335:3338:3949,------myelin-exec:__myl_ResConResRep
18357432128,18357435328,3200,0,3200,myelin-exec:__mye677198,649196,649196,3,0,3950,3338,:3309:3335:3338:3950,------myelin-exec:__mye677198
18357436480,18357439040,2560,0,2560,myelin-exec:__mye677192,649196,649196,3,0,3951,3338,:3309:3335:3338:3951,------myelin-exec:__mye677192
18357439872,18357578176,138304,0,138304,myelin-exec:__myl_FcCas,649196,649196,3,0,3952,3338,:3309:3335:3338:3952,------myelin-exec:__myl_FcCas
18357579584,18357598272,18688,0,18688,myelin-exec:__myl_ResMulMea,649196,649196,3,0,3953,3338,:3309:3335:3338:3953,------myelin-exec:__myl_ResMulMea
18357599680,18357615200,15520,0,15520,myelin-exec:__myl_AddSqrDivMulMulResSliSliNegConMulMulAddConResRepResTra,649196,649196,3,0,3954,3338,:3309:3335:3338:3954,------myelin-exec:__myl_AddSqrDivMulMulResSliSliNegConMulMulAddConResRepResTra
18357616576,18357619872,3296,0,3296,myelin-exec:__mye677194,649196,649196,3,0,3955,3338,:3309:3335:3338:3955,------myelin-exec:__mye677194
18357621376,18357758432,137056,0,137056,myelin-exec:__myl_FcCas,649196,649196,3,0,3956,3338,:3309:3335:3338:3956,------myelin-exec:__myl_FcCas
18357760096,18357774560,14464,0,14464,myelin-exec:__myl_ResMulMea,649196,649196,3,0,3957,3338,:3309:3335:3338:3957,------myelin-exec:__myl_ResMulMea
18357775968,18357789248,13280,0,13280,myelin-exec:__myl_AddSqrDivMulMulResSliSliNegConMulMulAdd,649196,649196,3,0,3958,3338,:3309:3335:3338:3958,------myelin-exec:__myl_AddSqrDivMulMulResSliSliNegConMulMulAdd
18357790560,18357793888,3328,0,3328,myelin-exec:__mye677196,649196,649196,3,0,3959,3338,:3309:3335:3338:3959,------myelin-exec:__mye677196
18357795104,18357838048,42944,0,42944,myelin-exec:/MatMul_48,649196,649196,3,0,3960,3338,:3309:3335:3338:3960,------myelin-exec:/MatMul_48
18357839488,18357852896,13408,0,13408,myelin-exec:__myl_MulMaxSubExpSumDivMul,649196,649196,3,0,3961,3338,:3309:3335:3338:3961,------myelin-exec:__myl_MulMaxSubExpSumDivMul
18357854368,18357857568,3200,0,3200,myelin-exec:__mye677200,649196,649196,3,0,3962,3338,:3309:3335:3338:3962,------myelin-exec:__mye677200
18357858880,18357894848,35968,0,35968,myelin-exec:/MatMul_49,649196,649196,3,0,3963,3338,:3309:3335:3338:3963,------myelin-exec:/MatMul_49
18357896512,18357915296,18784,0,18784,myelin-exec:__myl_MulMinMaxRouCas,649196,649196,3,0,3964,3338,:3309:3335:3338:3964,------myelin-exec:__myl_MulMinMaxRouCas
18357916512,18358063520,147008,0,147008,myelin-exec:__myl_FcCasAdd,649196,649196,3,0,3965,3338,:3309:3335:3338:3965,------myelin-exec:__myl_FcCasAdd
18358065184,18358080064,14880,0,14880,myelin-exec:__myl_MulMeaAddSqrDivMulMulMulMinMaxRouCas,649196,649196,3,0,3966,3338,:3309:3335:3338:3966,------myelin-exec:__myl_MulMeaAddSqrDivMulMulMulMinMaxRouCas
18358081728,18358129536,47808,0,47808,myelin-exec:/up_proj_24/MatMul,649196,649196,3,0,3967,3338,:3309:3335:3338:3967,------myelin-exec:/up_proj_24/MatMul
18358131328,18358266432,135104,0,135104,myelin-exec:__myl_FcCasNegExpAddDivMulMul,649196,649196,3,0,3968,3338,:3309:3335:3338:3968,------myelin-exec:__myl_FcCasNegExpAddDivMulMul
18358268128,18358483808,215680,0,215680,myelin-exec:__myl_FcAdd,649196,649196,3,0,3969,3338,:3309:3335:3338:3969,------myelin-exec:__myl_FcAdd
18358486080,18358506176,20096,0,20096,myelin-exec:__myl_MulMeaAddSqrDivMulDivMinMaxRouCasDivMinMaxRouCasDivMinMaxRouCas,649196,649196,3,0,3970,3338,:3309:3335:3338:3970,------myelin-exec:__myl_MulMeaAddSqrDivMulDivMinMaxRouCasDivMinMaxRouCasDivMinMaxRouCas
18358508256,18358513888,5632,0,5632,myelin-exec:__mye677202,649196,649196,3,0,3971,3338,:3309:3335:3338:3971,------myelin-exec:__mye677202
18358514944,18358518208,3264,0,3264,myelin-exec:__mye677204,649196,649196,3,0,3972,3338,:3309:3335:3338:3972,------myelin-exec:__mye677204
18358519136,18358667840,148704,0,148704,myelin-exec:__myl_FcCas,649196,649196,3,0,3973,3338,:3309:3335:3338:3973,------myelin-exec:__myl_FcCas
18358669888,18358689600,19712,0,19712,myelin-exec:__myl_ResConResRep,649196,649196,3,0,3974,3338,:3309:3335:3338:3974,------myelin-exec:__myl_ResConResRep
18358691488,18358695808,4320,0,4320,myelin-exec:__mye677212,649196,649196,3,0,3975,3338,:3309:3335:3338:3975,------myelin-exec:__mye677212
18358696736,18358699296,2560,0,2560,myelin-exec:__mye677206,649196,649196,3,0,3976,3338,:3309:3335:3338:3976,------myelin-exec:__mye677206
18358700192,18358843904,143712,0,143712,myelin-exec:__myl_FcCas,649196,649196,3,0,3977,3338,:3309:3335:3338:3977,------myelin-exec:__myl_FcCas
18358845728,18358867712,21984,0,21984,myelin-exec:__myl_ResMulMea,649196,649196,3,0,3978,3338,:3309:3335:3338:3978,------myelin-exec:__myl_ResMulMea
18358869376,18358887840,18464,0,18464,myelin-exec:__myl_AddSqrDivMulMulResSliSliNegConMulMulAddConResRepResTra,649196,649196,3,0,3979,3338,:3309:3335:3338:3979,------myelin-exec:__myl_AddSqrDivMulMulResSliSliNegConMulMulAddConResRepResTra
18358889248,18358892896,3648,0,3648,myelin-exec:__mye677208,649196,649196,3,0,3980,3338,:3309:3335:3338:3980,------myelin-exec:__mye677208
18358893792,18359039456,145664,0,145664,myelin-exec:__myl_FcCas,649196,649196,3,0,3981,3338,:3309:3335:3338:3981,------myelin-exec:__myl_FcCas
18359041504,18359060448,18944,0,18944,myelin-exec:__myl_ResMulMea,649196,649196,3,0,3982,3338,:3309:3335:3338:3982,------myelin-exec:__myl_ResMulMea
18359062240,18359078208,15968,0,15968,myelin-exec:__myl_AddSqrDivMulMulResSliSliNegConMulMulAdd,649196,649196,3,0,3983,3338,:3309:3335:3338:3983,------myelin-exec:__myl_AddSqrDivMulMulResSliSliNegConMulMulAdd
18359079456,18359083328,3872,0,3872,myelin-exec:__mye677210,649196,649196,3,0,3984,3338,:3309:3335:3338:3984,------myelin-exec:__mye677210
18359084352,18359135552,51200,0,51200,myelin-exec:/MatMul_50,649196,649196,3,0,3985,3338,:3309:3335:3338:3985,------myelin-exec:/MatMul_50
18359137024,18359153568,16544,0,16544,myelin-exec:__myl_MulMaxSubExpSumDivMul,649196,649196,3,0,3986,3338,:3309:3335:3338:3986,------myelin-exec:__myl_MulMaxSubExpSumDivMul
18359155008,18359158432,3424,0,3424,myelin-exec:__mye677214,649196,649196,3,0,3987,3338,:3309:3335:3338:3987,------myelin-exec:__mye677214
18359159488,18359201472,41984,0,41984,myelin-exec:/MatMul_51,649196,649196,3,0,3988,3338,:3309:3335:3338:3988,------myelin-exec:/MatMul_51
18359203232,18359220704,17472,0,17472,myelin-exec:__myl_MulMinMaxRouCas,649196,649196,3,0,3989,3338,:3309:3335:3338:3989,------myelin-exec:__myl_MulMinMaxRouCas
18359222304,18359359520,137216,0,137216,myelin-exec:__myl_FcCasAdd,649196,649196,3,0,3990,3338,:3309:3335:3338:3990,------myelin-exec:__myl_FcCasAdd
18359361664,18359379904,18240,0,18240,myelin-exec:__myl_MulMeaAddSqrDivMulMulMulMinMaxRouCas,649196,649196,3,0,3991,3338,:3309:3335:3338:3991,------myelin-exec:__myl_MulMeaAddSqrDivMulMulMulMinMaxRouCas
18359381600,18359425824,44224,0,44224,myelin-exec:/up_proj_25/MatMul,649196,649196,3,0,3992,3338,:3309:3335:3338:3992,------myelin-exec:/up_proj_25/MatMul
18359427616,18359556672,129056,0,129056,myelin-exec:__myl_FcCasNegExpAddDivMulMul,649196,649196,3,0,3993,3338,:3309:3335:3338:3993,------myelin-exec:__myl_FcCasNegExpAddDivMulMul
18359558752,18359687936,129184,0,129184,myelin-exec:__myl_FcAdd,649196,649196,3,0,3994,3338,:3309:3335:3338:3994,------myelin-exec:__myl_FcAdd
18359689792,18359704544,14752,0,14752,myelin-exec:__myl_MulMeaAddSqrDivMulDivMinMaxRouCasDivMinMaxRouCasDivMinMaxRouCas,649196,649196,3,0,3995,3338,:3309:3335:3338:3995,------myelin-exec:__myl_MulMeaAddSqrDivMulDivMinMaxRouCasDivMinMaxRouCasDivMinMaxRouCas
18359705952,18359710560,4608,0,4608,myelin-exec:__mye677216,649196,649196,3,0,3996,3338,:3309:3335:3338:3996,------myelin-exec:__mye677216
18359711552,18359714560,3008,0,3008,myelin-exec:__mye677218,649196,649196,3,0,3997,3338,:3309:3335:3338:3997,------myelin-exec:__mye677218
18359715264,18359838944,123680,0,123680,myelin-exec:__myl_FcCas,649196,649196,3,0,3998,3338,:3309:3335:3338:3998,------myelin-exec:__myl_FcCas
18359841120,18359891424,50304,0,50304,myelin-exec:__myl_ResConResRep,649196,649196,3,0,3999,3338,:3309:3335:3338:3999,------myelin-exec:__myl_ResConResRep
18359893056,18359897280,4224,0,4224,myelin-exec:__mye677226,649196,649196,3,0,4000,3338,:3309:3335:3338:4000,------myelin-exec:__mye677226
18359898464,18359901440,2976,0,2976,myelin-exec:__mye677220,649196,649196,3,0,4001,3338,:3309:3335:3338:4001,------myelin-exec:__mye677220
18359902688,18360045856,143168,0,143168,myelin-exec:__myl_FcCas,649196,649196,3,0,4002,3338,:3309:3335:3338:4002,------myelin-exec:__myl_FcCas
18360048032,18360070336,22304,0,22304,myelin-exec:__myl_ResMulMea,649196,649196,3,0,4003,3338,:3309:3335:3338:4003,------myelin-exec:__myl_ResMulMea
18360072384,18360091328,18944,0,18944,myelin-exec:__myl_AddSqrDivMulMulResSliSliNegConMulMulAddConResRepResTra,649196,649196,3,0,4004,3338,:3309:3335:3338:4004,------myelin-exec:__myl_AddSqrDivMulMulResSliSliNegConMulMulAddConResRepResTra
18360093152,18360096608,3456,0,3456,myelin-exec:__mye677222,649196,649196,3,0,4005,3338,:3309:3335:3338:4005,------myelin-exec:__mye677222
18360097696,18360238080,140384,0,140384,myelin-exec:__myl_FcCas,649196,649196,3,0,4006,3338,:3309:3335:3338:4006,------myelin-exec:__myl_FcCas
18360239904,18360255008,15104,0,15104,myelin-exec:__myl_ResMulMea,649196,649196,3,0,4007,3338,:3309:3335:3338:4007,------myelin-exec:__myl_ResMulMea
18360256800,18360269664,12864,0,12864,myelin-exec:__myl_AddSqrDivMulMulResSliSliNegConMulMulAdd,649196,649196,3,0,4008,3338,:3309:3335:3338:4008,------myelin-exec:__myl_AddSqrDivMulMulResSliSliNegConMulMulAdd
18360270784,18360274432,3648,0,3648,myelin-exec:__mye677224,649196,649196,3,0,4009,3338,:3309:3335:3338:4009,------myelin-exec:__mye677224
18360275680,18360321280,45600,0,45600,myelin-exec:/MatMul_52,649196,649196,3,0,4010,3338,:3309:3335:3338:4010,------myelin-exec:/MatMul_52
18360323136,18360336928,13792,0,13792,myelin-exec:__myl_MulMaxSubExpSumDivMul,649196,649196,3,0,4011,3338,:3309:3335:3338:4011,------myelin-exec:__myl_MulMaxSubExpSumDivMul
18360338432,18360341312,2880,0,2880,myelin-exec:__mye677228,649196,649196,3,0,4012,3338,:3309:3335:3338:4012,------myelin-exec:__mye677228
18360342624,18360379168,36544,0,36544,myelin-exec:/MatMul_53,649196,649196,3,0,4013,3338,:3309:3335:3338:4013,------myelin-exec:/MatMul_53
18360380288,18360399264,18976,0,18976,myelin-exec:__myl_MulMinMaxRouCas,649196,649196,3,0,4014,3338,:3309:3335:3338:4014,------myelin-exec:__myl_MulMinMaxRouCas
18360400544,18360540256,139712,0,139712,myelin-exec:__myl_FcCasAdd,649196,649196,3,0,4015,3338,:3309:3335:3338:4015,------myelin-exec:__myl_FcCasAdd
18360542400,18360559424,17024,0,17024,myelin-exec:__myl_MulMeaAddSqrDivMulMulMulMinMaxRouCas,649196,649196,3,0,4016,3338,:3309:3335:3338:4016,------myelin-exec:__myl_MulMeaAddSqrDivMulMulMulMinMaxRouCas
18360560736,18360602112,41376,0,41376,myelin-exec:/up_proj_26/MatMul,649196,649196,3,0,4017,3338,:3309:3335:3338:4017,------myelin-exec:/up_proj_26/MatMul
18360603712,18360736352,132640,0,132640,myelin-exec:__myl_FcCasNegExpAddDivMulMul,649196,649196,3,0,4018,3338,:3309:3335:3338:4018,------myelin-exec:__myl_FcCasNegExpAddDivMulMul
18360738208,18360869952,131744,0,131744,myelin-exec:__myl_FcAdd,649196,649196,3,0,4019,3338,:3309:3335:3338:4019,------myelin-exec:__myl_FcAdd
18360871904,18360886432,14528,0,14528,myelin-exec:__myl_MulMeaAddSqrDivMulDivMinMaxRouCasDivMinMaxRouCasDivMinMaxRouCas,649196,649196,3,0,4020,3338,:3309:3335:3338:4020,------myelin-exec:__myl_MulMeaAddSqrDivMulDivMinMaxRouCasDivMinMaxRouCasDivMinMaxRouCas
18360887904,18360892832,4928,0,4928,myelin-exec:__mye677230,649196,649196,3,0,4021,3338,:3309:3335:3338:4021,------myelin-exec:__mye677230
18360893856,18360897120,3264,0,3264,myelin-exec:__mye677232,649196,649196,3,0,4022,3338,:3309:3335:3338:4022,------myelin-exec:__mye677232
18360898272,18361025920,127648,0,127648,myelin-exec:__myl_FcCas,649196,649196,3,0,4023,3338,:3309:3335:3338:4023,------myelin-exec:__myl_FcCas
18361028000,18361065728,37728,0,37728,myelin-exec:__myl_ResConResRep,649196,649196,3,0,4024,3338,:3309:3335:3338:4024,------myelin-exec:__myl_ResConResRep
18361067392,18361071456,4064,0,4064,myelin-exec:__mye677240,649196,649196,3,0,4025,3338,:3309:3335:3338:4025,------myelin-exec:__mye677240
18361072608,18361075520,2912,0,2912,myelin-exec:__mye677234,649196,649196,3,0,4026,3338,:3309:3335:3338:4026,------myelin-exec:__mye677234
18361076928,18361214208,137280,0,137280,myelin-exec:__myl_FcCas,649196,649196,3,0,4027,3338,:3309:3335:3338:4027,------myelin-exec:__myl_FcCas
18361216704,18361237824,21120,0,21120,myelin-exec:__myl_ResMulMea,649196,649196,3,0,4028,3338,:3309:3335:3338:4028,------myelin-exec:__myl_ResMulMea
18361239776,18361256576,16800,0,16800,myelin-exec:__myl_AddSqrDivMulMulResSliSliNegConMulMulAddConResRepResTra,649196,649196,3,0,4029,3338,:3309:3335:3338:4029,------myelin-exec:__myl_AddSqrDivMulMulResSliSliNegConMulMulAddConResRepResTra
18361258112,18361261664,3552,0,3552,myelin-exec:__mye677236,649196,649196,3,0,4030,3338,:3309:3335:3338:4030,------myelin-exec:__mye677236
18361262752,18361401408,138656,0,138656,myelin-exec:__myl_FcCas,649196,649196,3,0,4031,3338,:3309:3335:3338:4031,------myelin-exec:__myl_FcCas
18361403456,18361417280,13824,0,13824,myelin-exec:__myl_ResMulMea,649196,649196,3,0,4032,3338,:3309:3335:3338:4032,------myelin-exec:__myl_ResMulMea
18361418880,18361430496,11616,0,11616,myelin-exec:__myl_AddSqrDivMulMulResSliSliNegConMulMulAdd,649196,649196,3,0,4033,3338,:3309:3335:3338:4033,------myelin-exec:__myl_AddSqrDivMulMulResSliSliNegConMulMulAdd
18361431712,18361435040,3328,0,3328,myelin-exec:__mye677238,649196,649196,3,0,4034,3338,:3309:3335:3338:4034,------myelin-exec:__mye677238
18361436224,18361479712,43488,0,43488,myelin-exec:/MatMul_54,649196,649196,3,0,4035,3338,:3309:3335:3338:4035,------myelin-exec:/MatMul_54
18361481280,18361495392,14112,0,14112,myelin-exec:__myl_MulMaxSubExpSumDivMul,649196,649196,3,0,4036,3338,:3309:3335:3338:4036,------myelin-exec:__myl_MulMaxSubExpSumDivMul
18361496800,18361499712,2912,0,2912,myelin-exec:__mye677242,649196,649196,3,0,4037,3338,:3309:3335:3338:4037,------myelin-exec:__mye677242
18361500384,18361535712,35328,0,35328,myelin-exec:/MatMul_55,649196,649196,3,0,4038,3338,:3309:3335:3338:4038,------myelin-exec:/MatMul_55
18361537376,18361681696,144320,0,144320,myelin-exec:__myl_FcAdd,649196,649196,3,0,4039,3338,:3309:3335:3338:4039,------myelin-exec:__myl_FcAdd
18361683776,18361703168,19392,0,19392,myelin-exec:__myl_MulMeaAddSqrDivMulMul,649196,649196,3,0,4040,3338,:3309:3335:3338:4040,------myelin-exec:__myl_MulMeaAddSqrDivMulMul
18361704448,18361754912,50464,0,50464,myelin-exec:/up_proj_27/MatMul,649196,649196,3,0,4041,3338,:3309:3335:3338:4041,------myelin-exec:/up_proj_27/MatMul
18361756512,18361928960,172448,0,172448,myelin-exec:__myl_FcNegExpAddDivMulMul,649196,649196,3,0,4042,3338,:3309:3335:3338:4042,------myelin-exec:__myl_FcNegExpAddDivMulMul
18361931328,18362098976,167648,0,167648,myelin-exec:__myl_FcAdd,649196,649196,3,0,4043,3338,:3309:3335:3338:4043,------myelin-exec:__myl_FcAdd
18782804960,18783001888,196928,133344,63584,TensorRT:ExecutionContext::enqueue,649196,649196,1,1,4135,3309,:3309:4135,--TensorRT:ExecutionContext::enqueue
18782863488,18782996832,133344,77216,56128,TensorRT:{ForeignNode[/Cast.../Cast_1]},649196,649196,2,2,4139,4135,:3309:4135:4139,----TensorRT:{ForeignNode[/Cast.../Cast_1]}
18782904768,18782906496,1728,0,1728,myelin-exec:__mye60_0,649196,649196,3,0,4146,4139,:3309:4135:4139:4146,------myelin-exec:__mye60_0
18782907264,18782982752,75488,0,75488,myelin-exec:__myl_MovMulMeaAddSqrDivMulMulCas,649196,649196,3,0,4147,4139,:3309:4135:4139:4147,------myelin-exec:__myl_MovMulMeaAddSqrDivMulMulCas
18790122368,18790329856,207488,159712,47776,TensorRT:ExecutionContext::enqueue,649196,649196,1,1,4156,3309,:3309:4156,--TensorRT:ExecutionContext::enqueue
18790166080,18790325792,159712,114848,44864,TensorRT:{ForeignNode[onnx::MatMul_4 + ONNXTRT_Broadcast.../MatMul]},649196,649196,2,2,4160,4156,:3309:4156:4160,----TensorRT:{ForeignNode[onnx::MatMul_4 + ONNXTRT_Broadcast.../MatMul]}
18790197632,18790198848,1216,0,1216,myelin-exec:__mye31_0,649196,649196,3,0,4167,4160,:3309:4156:4160:4167,------myelin-exec:__mye31_0
18790199392,18790313024,113632,0,113632,myelin-exec:/MatMul,649196,649196,3,0,4168,4160,:3309:4156:4160:4168,------myelin-exec:/MatMul
18801661600,21561087264,2759425664,35172416,2724253248,:A1_decode_step_2,649196,649196,0,4,4173,,:4173,:A1_decode_step_2
18809445824,18809572160,126336,81120,45216,TensorRT:ExecutionContext::enqueue,649196,649196,1,1,4178,4173,:4173:4178,--TensorRT:ExecutionContext::enqueue
18809486592,18809567712,81120,43936,37184,TensorRT:{ForeignNode[ONNXTRT_castHelper.../Gather]},649196,649196,2,2,4182,4178,:4173:4178:4182,----TensorRT:{ForeignNode[ONNXTRT_castHelper.../Gather]}
18809513632,18809514688,1056,0,1056,myelin-exec:__mye39_0,649196,649196,3,0,4189,4182,:4173:4178:4182:4189,------myelin-exec:__mye39_0
18809515264,18809558144,42880,0,42880,myelin-exec:__myl_CasGat,649196,649196,3,0,4190,4182,:4173:4178:4182:4190,------myelin-exec:__myl_CasGat
21086877216,21121517312,34640096,33007840,1632256,TensorRT:ExecutionContext::enqueue,649196,649196,1,1,4199,4173,:4173:4199,--TensorRT:ExecutionContext::enqueue
21088458560,21121466400,33007840,31428384,1579456,TensorRT:{ForeignNode[/Cast.../Add_111]},649196,649196,2,699,4202,4199,:4173:4199:4202,----TensorRT:{ForeignNode[/Cast.../Add_111]}
21088761024,21088763584,2560,0,2560,myelin-exec:__mye156465_0,649196,649196,3,0,4209,4202,:4173:4199:4202:4209,------myelin-exec:__mye156465_0
21088764736,21088851104,86368,0,86368,myelin-exec:__myl_MovMulMeaAddSqrDivMulDivMinMaxRouCasDivMinMaxRouCasDivMinMaxRouCas,649196,649196,3,0,4210,4202,:4173:4199:4202:4210,------myelin-exec:__myl_MovMulMeaAddSqrDivMulDivMinMaxRouCasDivMinMaxRouCasDivMinMaxRouCas
21088853088,21088868000,14912,0,14912,myelin-exec:__mye676844,649196,649196,3,0,4211,4202,:4173:4199:4202:4211,------myelin-exec:__mye676844
21088868672,21088879168,10496,0,10496,myelin-exec:__mye676846,649196,649196,3,0,4212,4202,:4173:4199:4202:4212,------myelin-exec:__mye676846
21088880032,21089104320,224288,0,224288,myelin-exec:__myl_FcCas,649196,649196,3,0,4213,4202,:4173:4199:4202:4213,------myelin-exec:__myl_FcCas
21089106304,21089152160,45856,0,45856,myelin-exec:__myl_ResConResRep,649196,649196,3,0,4214,4202,:4173:4199:4202:4214,------myelin-exec:__myl_ResConResRep
21089153728,21089158208,4480,0,4480,myelin-exec:__mye676854,649196,649196,3,0,4215,4202,:4173:4199:4202:4215,------myelin-exec:__mye676854
21089159168,21089163424,4256,0,4256,myelin-exec:__mye676848,649196,649196,3,0,4216,4202,:4173:4199:4202:4216,------myelin-exec:__mye676848
21089164064,21089310944,146880,0,146880,myelin-exec:__myl_FcCas,649196,649196,3,0,4217,4202,:4173:4199:4202:4217,------myelin-exec:__myl_FcCas
21089312640,21089331488,18848,0,18848,myelin-exec:__myl_ResMulMea,649196,649196,3,0,4218,4202,:4173:4199:4202:4218,------myelin-exec:__myl_ResMulMea
21089332608,21089336704,4096,0,4096,myelin-exec:__mye676850,649196,649196,3,0,4219,4202,:4173:4199:4202:4219,------myelin-exec:__mye676850
21089337632,21089468544,130912,0,130912,myelin-exec:__myl_FcCas,649196,649196,3,0,4220,4202,:4173:4199:4202:4220,------myelin-exec:__myl_FcCas
21089470016,21089489664,19648,0,19648,myelin-exec:__myl_ResMulMea,649196,649196,3,0,4221,4202,:4173:4199:4202:4221,------myelin-exec:__myl_ResMulMea
21089491072,21089494880,3808,0,3808,myelin-exec:__mye676852,649196,649196,3,0,4222,4202,:4173:4199:4202:4222,------myelin-exec:__mye676852
21089495712,21089520832,25120,0,25120,myelin-exec:__myl_CasResMulConSinResCosResAddSqrAddSqrDivMulDivMulMulResSliSliNegConMulMulAddConResRepResTraEtc,649196,649196,3,0,4223,4202,:4173:4199:4202:4223,------myelin-exec:__myl_CasResMulConSinResCosResAddSqrAddSqrDivMulDivMulMulResSliSliNegConMulMulAddConResRepResTraEtc
21089521984,21089610656,88672,0,88672,myelin-exec:/MatMul,649196,649196,3,0,4224,4202,:4173:4199:4202:4224,------myelin-exec:/MatMul
21089611840,21089634048,22208,0,22208,myelin-exec:__myl_MulMaxSubExpSumDivMul,649196,649196,3,0,4225,4202,:4173:4199:4202:4225,------myelin-exec:__myl_MulMaxSubExpSumDivMul
21089635264,21089638944,3680,0,3680,myelin-exec:__mye676856,649196,649196,3,0,4226,4202,:4173:4199:4202:4226,------myelin-exec:__mye676856
21089639808,21089689824,50016,0,50016,myelin-exec:/MatMul_1,649196,649196,3,0,4227,4202,:4173:4199:4202:4227,------myelin-exec:/MatMul_1
21089690976,21089709888,18912,0,18912,myelin-exec:__myl_MulMinMaxRouCas,649196,649196,3,0,4228,4202,:4173:4199:4202:4228,------myelin-exec:__myl_MulMinMaxRouCas
21089710880,21089846912,136032,0,136032,myelin-exec:__myl_FcCasAdd,649196,649196,3,0,4229,4202,:4173:4199:4202:4229,------myelin-exec:__myl_FcCasAdd
21089848384,21089865248,16864,0,16864,myelin-exec:__myl_MulMeaAddSqrDivMulMulMulMinMaxRouCas,649196,649196,3,0,4230,4202,:4173:4199:4202:4230,------myelin-exec:__myl_MulMeaAddSqrDivMulMulMulMinMaxRouCas
21089866144,21089913728,47584,0,47584,myelin-exec:/up_proj/MatMul,649196,649196,3,0,4231,4202,:4173:4199:4202:4231,------myelin-exec:/up_proj/MatMul
21089915296,21090050656,135360,0,135360,myelin-exec:__myl_FcCasNegExpAddDivMulMul,649196,649196,3,0,4232,4202,:4173:4199:4202:4232,------myelin-exec:__myl_FcCasNegExpAddDivMulMul
21090052352,21090187296,134944,0,134944,myelin-exec:__myl_FcAdd,649196,649196,3,0,4233,4202,:4173:4199:4202:4233,------myelin-exec:__myl_FcAdd
21090188960,21090209504,20544,0,20544,myelin-exec:__myl_MulMeaAddSqrDivMulDivMinMaxRouCasDivMinMaxRouCasDivMinMaxRouCas,649196,649196,3,0,4234,4202,:4173:4199:4202:4234,------myelin-exec:__myl_MulMeaAddSqrDivMulDivMinMaxRouCasDivMinMaxRouCasDivMinMaxRouCas
21090210944,21090215296,4352,0,4352,myelin-exec:__mye676858,649196,649196,3,0,4235,4202,:4173:4199:4202:4235,------myelin-exec:__mye676858
21090215872,21090219424,3552,0,3552,myelin-exec:__mye676860,649196,649196,3,0,4236,4202,:4173:4199:4202:4236,------myelin-exec:__mye676860
21090220352,21090402688,182336,0,182336,myelin-exec:__myl_FcCas,649196,649196,3,0,4237,4202,:4173:4199:4202:4237,------myelin-exec:__myl_FcCas
21090404928,21090409824,4896,0,4896,myelin-exec:__mye676862,649196,649196,3,0,4238,4202,:4173:4199:4202:4238,------myelin-exec:__mye676862
21090410912,21090414656,3744,0,3744,myelin-exec:__mye676864,649196,649196,3,0,4239,4202,:4173:4199:4202:4239,------myelin-exec:__mye676864
21090415648,21090438080,22432,0,22432,myelin-exec:__myl_ResConResRep,649196,649196,3,0,4240,4202,:4173:4199:4202:4240,------myelin-exec:__myl_ResConResRep
21090439680,21090443264,3584,0,3584,myelin-exec:__mye676876,649196,649196,3,0,4241,4202,:4173:4199:4202:4241,------myelin-exec:__mye676876
21090444128,21090446432,2304,0,2304,myelin-exec:__mye676866,649196,649196,3,0,4242,4202,:4173:4199:4202:4242,------myelin-exec:__mye676866
21090447072,21090583392,136320,0,136320,myelin-exec:__myl_FcCas,649196,649196,3,0,4243,4202,:4173:4199:4202:4243,------myelin-exec:__myl_FcCas
21090584960,21090588224,3264,0,3264,myelin-exec:__mye676868,649196,649196,3,0,4244,4202,:4173:4199:4202:4244,------myelin-exec:__mye676868
21090589248,21090591776,2528,0,2528,myelin-exec:__mye676870,649196,649196,3,0,4245,4202,:4173:4199:4202:4245,------myelin-exec:__mye676870
21090592608,21090606624,14016,0,14016,myelin-exec:__myl_ResMulMea,649196,649196,3,0,4246,4202,:4173:4199:4202:4246,------myelin-exec:__myl_ResMulMea
21090607936,21090628032,20096,0,20096,myelin-exec:__myl_AddSqrDivMulMulResSliSliNegConMulMulAddConResRepResTra,649196,649196,3,0,4247,4202,:4173:4199:4202:4247,------myelin-exec:__myl_AddSqrDivMulMulResSliSliNegConMulMulAddConResRepResTra
21090629248,21090632256,3008,0,3008,myelin-exec:__mye676872,649196,649196,3,0,4248,4202,:4173:4199:4202:4248,------myelin-exec:__mye676872
21090633216,21090760320,127104,0,127104,myelin-exec:__myl_FcCas,649196,649196,3,0,4249,4202,:4173:4199:4202:4249,------myelin-exec:__myl_FcCas
21090761888,21090776768,14880,0,14880,myelin-exec:__myl_ResMulMea,649196,649196,3,0,4250,4202,:4173:4199:4202:4250,------myelin-exec:__myl_ResMulMea
21090778496,21090795328,16832,0,16832,myelin-exec:__myl_AddSqrDivMulMulResSliSliNegConMulMulAdd,649196,649196,3,0,4251,4202,:4173:4199:4202:4251,------myelin-exec:__myl_AddSqrDivMulMulResSliSliNegConMulMulAdd
21090796800,21090800480,3680,0,3680,myelin-exec:__mye676874,649196,649196,3,0,4252,4202,:4173:4199:4202:4252,------myelin-exec:__mye676874
21090801728,21090846240,44512,0,44512,myelin-exec:/MatMul_2,649196,649196,3,0,4253,4202,:4173:4199:4202:4253,------myelin-exec:/MatMul_2
21090847584,21090861472,13888,0,13888,myelin-exec:__myl_MulMaxSubExpSumDivMul,649196,649196,3,0,4254,4202,:4173:4199:4202:4254,------myelin-exec:__myl_MulMaxSubExpSumDivMul
21090862816,21090866176,3360,0,3360,myelin-exec:__mye676878,649196,649196,3,0,4255,4202,:4173:4199:4202:4255,------myelin-exec:__mye676878
21090867136,21090905344,38208,0,38208,myelin-exec:/MatMul_3,649196,649196,3,0,4256,4202,:4173:4199:4202:4256,------myelin-exec:/MatMul_3
21090907072,21090924576,17504,0,17504,myelin-exec:__myl_MulMinMaxRouCas,649196,649196,3,0,4257,4202,:4173:4199:4202:4257,------myelin-exec:__myl_MulMinMaxRouCas
21090925888,21091060608,134720,0,134720,myelin-exec:__myl_FcCasAdd,649196,649196,3,0,4258,4202,:4173:4199:4202:4258,------myelin-exec:__myl_FcCasAdd
21091062656,21091081472,18816,0,18816,myelin-exec:__myl_MulMeaAddSqrDivMulMulMulMinMaxRouCas,649196,649196,3,0,4259,4202,:4173:4199:4202:4259,------myelin-exec:__myl_MulMeaAddSqrDivMulMulMulMinMaxRouCas
21091082752,21091124960,42208,0,42208,myelin-exec:/up_proj_1/MatMul,649196,649196,3,0,4260,4202,:4173:4199:4202:4260,------myelin-exec:/up_proj_1/MatMul
21091126944,21091268416,141472,0,141472,myelin-exec:__myl_FcCasNegExpAddDivMulMul,649196,649196,3,0,4261,4202,:4173:4199:4202:4261,------myelin-exec:__myl_FcCasNegExpAddDivMulMul
21091270464,21091405344,134880,0,134880,myelin-exec:__myl_FcAdd,649196,649196,3,0,4262,4202,:4173:4199:4202:4262,------myelin-exec:__myl_FcAdd
21091407296,21091425024,17728,0,17728,myelin-exec:__myl_MulMeaAddSqrDivMulMul,649196,649196,3,0,4263,4202,:4173:4199:4202:4263,------myelin-exec:__myl_MulMeaAddSqrDivMulMul
21091426752,21091469504,42752,0,42752,myelin-exec:/v_proj_2/MatMul+/k_proj_2/MatMul+/q_proj_2/MatMul,649196,649196,3,0,4264,4202,:4173:4199:4202:4264,------myelin-exec:/v_proj_2/MatMul+/k_proj_2/MatMul+/q_proj_2/MatMul
21091470752,21091475808,5056,0,5056,myelin-exec:__mye676880,649196,649196,3,0,4265,4202,:4173:4199:4202:4265,------myelin-exec:__mye676880
21091476736,21091480288,3552,0,3552,myelin-exec:__mye676882,649196,649196,3,0,4266,4202,:4173:4199:4202:4266,------myelin-exec:__mye676882
21091481312,21091512992,31680,0,31680,myelin-exec:__myl_MovResConResRep,649196,649196,3,0,4267,4202,:4173:4199:4202:4267,------myelin-exec:__myl_MovResConResRep
21091514560,21091518336,3776,0,3776,myelin-exec:__mye676890,649196,649196,3,0,4268,4202,:4173:4199:4202:4268,------myelin-exec:__mye676890
21091519456,21091537856,18400,0,18400,myelin-exec:__myl_MovResMulMea,649196,649196,3,0,4269,4202,:4173:4199:4202:4269,------myelin-exec:__myl_MovResMulMea
21091538688,21091553984,15296,0,15296,myelin-exec:__myl_AddSqrDivMulMulResSliSliNegConMulMulAddConResRepResTra,649196,649196,3,0,4270,4202,:4173:4199:4202:4270,------myelin-exec:__myl_AddSqrDivMulMulResSliSliNegConMulMulAddConResRepResTra
21091554976,21091557792,2816,0,2816,myelin-exec:__mye676884,649196,649196,3,0,4271,4202,:4173:4199:4202:4271,------myelin-exec:__mye676884
21091559136,21091585824,26688,0,26688,myelin-exec:__myl_MovResMulMea,649196,649196,3,0,4272,4202,:4173:4199:4202:4272,------myelin-exec:__myl_MovResMulMea
21091586720,21091599328,12608,0,12608,myelin-exec:__myl_AddSqrDivMulMulResSliSliNegConMulMulAdd,649196,649196,3,0,4273,4202,:4173:4199:4202:4273,------myelin-exec:__myl_AddSqrDivMulMulResSliSliNegConMulMulAdd
21091600288,21091603648,3360,0,3360,myelin-exec:__mye676886,649196,649196,3,0,4274,4202,:4173:4199:4202:4274,------myelin-exec:__mye676886
21091604640,21091607840,3200,0,3200,myelin-exec:__mye676888,649196,649196,3,0,4275,4202,:4173:4199:4202:4275,------myelin-exec:__mye676888
21091608576,21091650528,41952,0,41952,myelin-exec:/MatMul_4,649196,649196,3,0,4276,4202,:4173:4199:4202:4276,------myelin-exec:/MatMul_4
21091652256,21091666496,14240,0,14240,myelin-exec:__myl_MulMaxSubExpSumDivMul,649196,649196,3,0,4277,4202,:4173:4199:4202:4277,------myelin-exec:__myl_MulMaxSubExpSumDivMul
21091667840,21091671200,3360,0,3360,myelin-exec:__mye676892,649196,649196,3,0,4278,4202,:4173:4199:4202:4278,------myelin-exec:__mye676892
21091671968,21091711104,39136,0,39136,myelin-exec:/MatMul_5,649196,649196,3,0,4279,4202,:4173:4199:4202:4279,------myelin-exec:/MatMul_5
21091712416,21091730656,18240,0,18240,myelin-exec:__myl_MulMinMaxRouCas,649196,649196,3,0,4280,4202,:4173:4199:4202:4280,------myelin-exec:__myl_MulMinMaxRouCas
21091731616,21091873024,141408,0,141408,myelin-exec:__myl_FcCasAdd,649196,649196,3,0,4281,4202,:4173:4199:4202:4281,------myelin-exec:__myl_FcCasAdd
21091874752,21091892256,17504,0,17504,myelin-exec:__myl_MulMeaAddSqrDivMulMulMulMinMaxRouCas,649196,649196,3,0,4282,4202,:4173:4199:4202:4282,------myelin-exec:__myl_MulMeaAddSqrDivMulMulMulMinMaxRouCas
21091893824,21091934976,41152,0,41152,myelin-exec:/up_proj_2/MatMul,649196,649196,3,0,4283,4202,:4173:4199:4202:4283,------myelin-exec:/up_proj_2/MatMul
21091936352,21092067552,131200,0,131200,myelin-exec:__myl_FcCasNegExpAddDivMulMul,649196,649196,3,0,4284,4202,:4173:4199:4202:4284,------myelin-exec:__myl_FcCasNegExpAddDivMulMul
21092069216,21092199968,130752,0,130752,myelin-exec:__myl_FcAdd,649196,649196,3,0,4285,4202,:4173:4199:4202:4285,------myelin-exec:__myl_FcAdd
21092201472,21092216800,15328,0,15328,myelin-exec:__myl_MulMeaAddSqrDivMulDivMinMaxRouCasDivMinMaxRouCasDivMinMaxRouCas,649196,649196,3,0,4286,4202,:4173:4199:4202:4286,------myelin-exec:__myl_MulMeaAddSqrDivMulDivMinMaxRouCasDivMinMaxRouCasDivMinMaxRouCas
21092217760,21092222144,4384,0,4384,myelin-exec:__mye676894,649196,649196,3,0,4287,4202,:4173:4199:4202:4287,------myelin-exec:__mye676894
21092223296,21092226560,3264,0,3264,myelin-exec:__mye676896,649196,649196,3,0,4288,4202,:4173:4199:4202:4288,------myelin-exec:__mye676896
21092227840,21092355744,127904,0,127904,myelin-exec:__myl_FcCas,649196,649196,3,0,4289,4202,:4173:4199:4202:4289,------myelin-exec:__myl_FcCas
21092357408,21092379680,22272,0,22272,myelin-exec:__myl_ResConResRep,649196,649196,3,0,4290,4202,:4173:4199:4202:4290,------myelin-exec:__myl_ResConResRep
21092381376,21092385056,3680,0,3680,myelin-exec:__mye676904,649196,649196,3,0,4291,4202,:4173:4199:4202:4291,------myelin-exec:__mye676904
21092386208,21092389088,2880,0,2880,myelin-exec:__mye676898,649196,649196,3,0,4292,4202,:4173:4199:4202:4292,------myelin-exec:__mye676898
21092390048,21092530528,140480,0,140480,myelin-exec:__myl_FcCas,649196,649196,3,0,4293,4202,:4173:4199:4202:4293,------myelin-exec:__myl_FcCas
21092532224,21092545312,13088,0,13088,myelin-exec:__myl_ResMulMea,649196,649196,3,0,4294,4202,:4173:4199:4202:4294,------myelin-exec:__myl_ResMulMea
21092546816,21092567616,20800,0,20800,myelin-exec:__myl_AddSqrDivMulMulResSliSliNegConMulMulAddConResRepResTra,649196,649196,3,0,4295,4202,:4173:4199:4202:4295,------myelin-exec:__myl_AddSqrDivMulMulResSliSliNegConMulMulAddConResRepResTra
21092568800,21092572192,3392,0,3392,myelin-exec:__mye676900,649196,649196,3,0,4296,4202,:4173:4199:4202:4296,------myelin-exec:__mye676900
21092573248,21092709952,136704,0,136704,myelin-exec:__myl_FcCas,649196,649196,3,0,4297,4202,:4173:4199:4202:4297,------myelin-exec:__myl_FcCas
21092711616,21092725824,14208,0,14208,myelin-exec:__myl_ResMulMea,649196,649196,3,0,4298,4202,:4173:4199:4202:4298,------myelin-exec:__myl_ResMulMea
21092727328,21092740000,12672,0,12672,myelin-exec:__myl_AddSqrDivMulMulResSliSliNegConMulMulAdd,649196,649196,3,0,4299,4202,:4173:4199:4202:4299,------myelin-exec:__myl_AddSqrDivMulMulResSliSliNegConMulMulAdd
21092741024,21092744480,3456,0,3456,myelin-exec:__mye676902,649196,649196,3,0,4300,4202,:4173:4199:4202:4300,------myelin-exec:__mye676902
21092745408,21092789600,44192,0,44192,myelin-exec:/MatMul_6,649196,649196,3,0,4301,4202,:4173:4199:4202:4301,------myelin-exec:/MatMul_6
21092791264,21092804928,13664,0,13664,myelin-exec:__myl_MulMaxSubExpSumDivMul,649196,649196,3,0,4302,4202,:4173:4199:4202:4302,------myelin-exec:__myl_MulMaxSubExpSumDivMul
21092805792,21092809248,3456,0,3456,myelin-exec:__mye676906,649196,649196,3,0,4303,4202,:4173:4199:4202:4303,------myelin-exec:__mye676906
21092809984,21092847136,37152,0,37152,myelin-exec:/MatMul_7,649196,649196,3,0,4304,4202,:4173:4199:4202:4304,------myelin-exec:/MatMul_7
21092848736,21092865984,17248,0,17248,myelin-exec:__myl_MulMinMaxRouCas,649196,649196,3,0,4305,4202,:4173:4199:4202:4305,------myelin-exec:__myl_MulMinMaxRouCas
21092867360,21093008096,140736,0,140736,myelin-exec:__myl_FcCasAdd,649196,649196,3,0,4306,4202,:4173:4199:4202:4306,------myelin-exec:__myl_FcCasAdd
21093009888,21093028096,18208,0,18208,myelin-exec:__myl_MulMeaAddSqrDivMulMulMulMinMaxRouCas,649196,649196,3,0,4307,4202,:4173:4199:4202:4307,------myelin-exec:__myl_MulMeaAddSqrDivMulMulMulMinMaxRouCas
21093029120,21093073120,44000,0,44000,myelin-exec:/up_proj_3/MatMul,649196,649196,3,0,4308,4202,:4173:4199:4202:4308,------myelin-exec:/up_proj_3/MatMul
21093074464,21093207904,133440,0,133440,myelin-exec:__myl_FcCasNegExpAddDivMulMul,649196,649196,3,0,4309,4202,:4173:4199:4202:4309,------myelin-exec:__myl_FcCasNegExpAddDivMulMul
21093209568,21093340896,131328,0,131328,myelin-exec:__myl_FcAdd,649196,649196,3,0,4310,4202,:4173:4199:4202:4310,------myelin-exec:__myl_FcAdd
21093342944,21093357440,14496,0,14496,myelin-exec:__myl_MulMeaAddSqrDivMulDivMinMaxRouCasDivMinMaxRouCasDivMinMaxRouCas,649196,649196,3,0,4311,4202,:4173:4199:4202:4311,------myelin-exec:__myl_MulMeaAddSqrDivMulDivMinMaxRouCasDivMinMaxRouCasDivMinMaxRouCas
21093359040,21093363360,4320,0,4320,myelin-exec:__mye676908,649196,649196,3,0,4312,4202,:4173:4199:4202:4312,------myelin-exec:__mye676908
21093364384,21093367392,3008,0,3008,myelin-exec:__mye676910,649196,649196,3,0,4313,4202,:4173:4199:4202:4313,------myelin-exec:__mye676910
21093368640,21093493568,124928,0,124928,myelin-exec:__myl_FcCas,649196,649196,3,0,4314,4202,:4173:4199:4202:4314,------myelin-exec:__myl_FcCas
21093495200,21093510560,15360,0,15360,myelin-exec:__myl_ResConResRep,649196,649196,3,0,4315,4202,:4173:4199:4202:4315,------myelin-exec:__myl_ResConResRep
21093511680,21093515264,3584,0,3584,myelin-exec:__mye676918,649196,649196,3,0,4316,4202,:4173:4199:4202:4316,------myelin-exec:__mye676918
21093516032,21093518592,2560,0,2560,myelin-exec:__mye676912,649196,649196,3,0,4317,4202,:4173:4199:4202:4317,------myelin-exec:__mye676912
21093519424,21093645728,126304,0,126304,myelin-exec:__myl_FcCas,649196,649196,3,0,4318,4202,:4173:4199:4202:4318,------myelin-exec:__myl_FcCas
21093647424,21093660704,13280,0,13280,myelin-exec:__myl_ResMulMea,649196,649196,3,0,4319,4202,:4173:4199:4202:4319,------myelin-exec:__myl_ResMulMea
21093662080,21093683776,21696,0,21696,myelin-exec:__myl_AddSqrDivMulMulResSliSliNegConMulMulAddConResRepResTra,649196,649196,3,0,4320,4202,:4173:4199:4202:4320,------myelin-exec:__myl_AddSqrDivMulMulResSliSliNegConMulMulAddConResRepResTra
21093685120,21093688960,3840,0,3840,myelin-exec:__mye676914,649196,649196,3,0,4321,4202,:4173:4199:4202:4321,------myelin-exec:__mye676914
21093689952,21093829632,139680,0,139680,myelin-exec:__myl_FcCas,649196,649196,3,0,4322,4202,:4173:4199:4202:4322,------myelin-exec:__myl_FcCas
21093831648,21093846304,14656,0,14656,myelin-exec:__myl_ResMulMea,649196,649196,3,0,4323,4202,:4173:4199:4202:4323,------myelin-exec:__myl_ResMulMea
21093847424,21093859008,11584,0,11584,myelin-exec:__myl_AddSqrDivMulMulResSliSliNegConMulMulAdd,649196,649196,3,0,4324,4202,:4173:4199:4202:4324,------myelin-exec:__myl_AddSqrDivMulMulResSliSliNegConMulMulAdd
21093860192,21093863648,3456,0,3456,myelin-exec:__mye676916,649196,649196,3,0,4325,4202,:4173:4199:4202:4325,------myelin-exec:__mye676916
21093864288,21093907328,43040,0,43040,myelin-exec:/MatMul_8,649196,649196,3,0,4326,4202,:4173:4199:4202:4326,------myelin-exec:/MatMul_8
21093908544,21093922112,13568,0,13568,myelin-exec:__myl_MulMaxSubExpSumDivMul,649196,649196,3,0,4327,4202,:4173:4199:4202:4327,------myelin-exec:__myl_MulMaxSubExpSumDivMul
21093923392,21093926560,3168,0,3168,myelin-exec:__mye676920,649196,649196,3,0,4328,4202,:4173:4199:4202:4328,------myelin-exec:__mye676920
21093927776,21093965088,37312,0,37312,myelin-exec:/MatMul_9,649196,649196,3,0,4329,4202,:4173:4199:4202:4329,------myelin-exec:/MatMul_9
21093966496,21093983104,16608,0,16608,myelin-exec:__myl_MulMinMaxRouCas,649196,649196,3,0,4330,4202,:4173:4199:4202:4330,------myelin-exec:__myl_MulMinMaxRouCas
21093984352,21094115392,131040,0,131040,myelin-exec:__myl_FcCasAdd,649196,649196,3,0,4331,4202,:4173:4199:4202:4331,------myelin-exec:__myl_FcCasAdd
21094117344,21094134336,16992,0,16992,myelin-exec:__myl_MulMeaAddSqrDivMulMulMulMinMaxRouCas,649196,649196,3,0,4332,4202,:4173:4199:4202:4332,------myelin-exec:__myl_MulMeaAddSqrDivMulMulMulMinMaxRouCas
21094135968,21094180320,44352,0,44352,myelin-exec:/up_proj_4/MatMul,649196,649196,3,0,4333,4202,:4173:4199:4202:4333,------myelin-exec:/up_proj_4/MatMul
21094181728,21094343232,161504,0,161504,myelin-exec:__myl_FcCasNegExpAddDivMulMul,649196,649196,3,0,4334,4202,:4173:4199:4202:4334,------myelin-exec:__myl_FcCasNegExpAddDivMulMul
21094344672,21094490912,146240,0,146240,myelin-exec:__myl_FcAdd,649196,649196,3,0,4335,4202,:4173:4199:4202:4335,------myelin-exec:__myl_FcAdd
21094492448,21094511712,19264,0,19264,myelin-exec:__myl_MulMeaAddSqrDivMulDivMinMaxRouCasDivMinMaxRouCasDivMinMaxRouCas,649196,649196,3,0,4336,4202,:4173:4199:4202:4336,------myelin-exec:__myl_MulMeaAddSqrDivMulDivMinMaxRouCasDivMinMaxRouCasDivMinMaxRouCas
21094512896,21094517728,4832,0,4832,myelin-exec:__mye676922,649196,649196,3,0,4337,4202,:4173:4199:4202:4337,------myelin-exec:__mye676922
21094518912,21094522560,3648,0,3648,myelin-exec:__mye676924,649196,649196,3,0,4338,4202,:4173:4199:4202:4338,------myelin-exec:__mye676924
21094523456,21094667808,144352,0,144352,myelin-exec:__myl_FcCas,649196,649196,3,0,4339,4202,:4173:4199:4202:4339,------myelin-exec:__myl_FcCas
21094669664,21094688832,19168,0,19168,myelin-exec:__myl_ResConResRep,649196,649196,3,0,4340,4202,:4173:4199:4202:4340,------myelin-exec:__myl_ResConResRep
21094690496,21094693824,3328,0,3328,myelin-exec:__mye676932,649196,649196,3,0,4341,4202,:4173:4199:4202:4341,------myelin-exec:__mye676932
21094694688,21094697504,2816,0,2816,myelin-exec:__mye676926,649196,649196,3,0,4342,4202,:4173:4199:4202:4342,------myelin-exec:__mye676926
21094698208,21094839328,141120,0,141120,myelin-exec:__myl_FcCas,649196,649196,3,0,4343,4202,:4173:4199:4202:4343,------myelin-exec:__myl_FcCas
21094841120,21094854976,13856,0,13856,myelin-exec:__myl_ResMulMea,649196,649196,3,0,4344,4202,:4173:4199:4202:4344,------myelin-exec:__myl_ResMulMea
21094856640,21094879904,23264,0,23264,myelin-exec:__myl_AddSqrDivMulMulResSliSliNegConMulMulAddConResRepResTra,649196,649196,3,0,4345,4202,:4173:4199:4202:4345,------myelin-exec:__myl_AddSqrDivMulMulResSliSliNegConMulMulAddConResRepResTra
21094881824,21094885824,4000,0,4000,myelin-exec:__mye676928,649196,649196,3,0,4346,4202,:4173:4199:4202:4346,------myelin-exec:__mye676928
21094887136,21095026176,139040,0,139040,myelin-exec:__myl_FcCas,649196,649196,3,0,4347,4202,:4173:4199:4202:4347,------myelin-exec:__myl_FcCas
21095027936,21095042720,14784,0,14784,myelin-exec:__myl_ResMulMea,649196,649196,3,0,4348,4202,:4173:4199:4202:4348,------myelin-exec:__myl_ResMulMea
21095044256,21095057216,12960,0,12960,myelin-exec:__myl_AddSqrDivMulMulResSliSliNegConMulMulAdd,649196,649196,3,0,4349,4202,:4173:4199:4202:4349,------myelin-exec:__myl_AddSqrDivMulMulResSliSliNegConMulMulAdd
21095058368,21095062048,3680,0,3680,myelin-exec:__mye676930,649196,649196,3,0,4350,4202,:4173:4199:4202:4350,------myelin-exec:__mye676930
21095062400,21095104416,42016,0,42016,myelin-exec:/MatMul_10,649196,649196,3,0,4351,4202,:4173:4199:4202:4351,------myelin-exec:/MatMul_10
21095106144,21095119744,13600,0,13600,myelin-exec:__myl_MulMaxSubExpSumDivMul,649196,649196,3,0,4352,4202,:4173:4199:4202:4352,------myelin-exec:__myl_MulMaxSubExpSumDivMul
21095121152,21095124608,3456,0,3456,myelin-exec:__mye676934,649196,649196,3,0,4353,4202,:4173:4199:4202:4353,------myelin-exec:__mye676934
21095125632,21095161504,35872,0,35872,myelin-exec:/MatMul_11,649196,649196,3,0,4354,4202,:4173:4199:4202:4354,------myelin-exec:/MatMul_11
21095162880,21095178752,15872,0,15872,myelin-exec:__myl_MulMinMaxRouCas,649196,649196,3,0,4355,4202,:4173:4199:4202:4355,------myelin-exec:__myl_MulMinMaxRouCas
21095179584,21095324224,144640,0,144640,myelin-exec:__myl_FcCasAdd,649196,649196,3,0,4356,4202,:4173:4199:4202:4356,------myelin-exec:__myl_FcCasAdd
21095325824,21095345760,19936,0,19936,myelin-exec:__myl_MulMeaAddSqrDivMulMulMulMinMaxRouCas,649196,649196,3,0,4357,4202,:4173:4199:4202:4357,------myelin-exec:__myl_MulMeaAddSqrDivMulMulMulMinMaxRouCas
21095347296,21095391104,43808,0,43808,myelin-exec:/up_proj_5/MatMul,649196,649196,3,0,4358,4202,:4173:4199:4202:4358,------myelin-exec:/up_proj_5/MatMul
21095392448,21095528704,136256,0,136256,myelin-exec:__myl_FcCasNegExpAddDivMulMul,649196,649196,3,0,4359,4202,:4173:4199:4202:4359,------myelin-exec:__myl_FcCasNegExpAddDivMulMul
21095530656,21095662752,132096,0,132096,myelin-exec:__myl_FcAdd,649196,649196,3,0,4360,4202,:4173:4199:4202:4360,------myelin-exec:__myl_FcAdd
21095664288,21095679168,14880,0,14880,myelin-exec:__myl_MulMeaAddSqrDivMulDivMinMaxRouCasDivMinMaxRouCasDivMinMaxRouCas,649196,649196,3,0,4361,4202,:4173:4199:4202:4361,------myelin-exec:__myl_MulMeaAddSqrDivMulDivMinMaxRouCasDivMinMaxRouCasDivMinMaxRouCas
21095680480,21095684832,4352,0,4352,myelin-exec:__mye676936,649196,649196,3,0,4362,4202,:4173:4199:4202:4362,------myelin-exec:__mye676936
21095685600,21095688960,3360,0,3360,myelin-exec:__mye676938,649196,649196,3,0,4363,4202,:4173:4199:4202:4363,------myelin-exec:__mye676938
21095689504,21095821280,131776,0,131776,myelin-exec:__myl_FcCas,649196,649196,3,0,4364,4202,:4173:4199:4202:4364,------myelin-exec:__myl_FcCas
21095822944,21095840576,17632,0,17632,myelin-exec:__myl_ResConResRep,649196,649196,3,0,4365,4202,:4173:4199:4202:4365,------myelin-exec:__myl_ResConResRep
21095842016,21095845760,3744,0,3744,myelin-exec:__mye676946,649196,649196,3,0,4366,4202,:4173:4199:4202:4366,------myelin-exec:__mye676946
21095846336,21095849056,2720,0,2720,myelin-exec:__mye676940,649196,649196,3,0,4367,4202,:4173:4199:4202:4367,------myelin-exec:__mye676940
21095849792,21095990176,140384,0,140384,myelin-exec:__myl_FcCas,649196,649196,3,0,4368,4202,:4173:4199:4202:4368,------myelin-exec:__myl_FcCas
21095991488,21096004064,12576,0,12576,myelin-exec:__myl_ResMulMea,649196,649196,3,0,4369,4202,:4173:4199:4202:4369,------myelin-exec:__myl_ResMulMea
21096005600,21096025920,20320,0,20320,myelin-exec:__myl_AddSqrDivMulMulResSliSliNegConMulMulAddConResRepResTra,649196,649196,3,0,4370,4202,:4173:4199:4202:4370,------myelin-exec:__myl_AddSqrDivMulMulResSliSliNegConMulMulAddConResRepResTra
21096027072,21096030528,3456,0,3456,myelin-exec:__mye676942,649196,649196,3,0,4371,4202,:4173:4199:4202:4371,------myelin-exec:__mye676942
21096031072,21096171488,140416,0,140416,myelin-exec:__myl_FcCas,649196,649196,3,0,4372,4202,:4173:4199:4202:4372,------myelin-exec:__myl_FcCas
21096173568,21096188640,15072,0,15072,myelin-exec:__myl_ResMulMea,649196,649196,3,0,4373,4202,:4173:4199:4202:4373,------myelin-exec:__myl_ResMulMea
21096190592,21096204096,13504,0,13504,myelin-exec:__myl_AddSqrDivMulMulResSliSliNegConMulMulAdd,649196,649196,3,0,4374,4202,:4173:4199:4202:4374,------myelin-exec:__myl_AddSqrDivMulMulResSliSliNegConMulMulAdd
21096205472,21096209248,3776,0,3776,myelin-exec:__mye676944,649196,649196,3,0,4375,4202,:4173:4199:4202:4375,------myelin-exec:__mye676944
21096209952,21096258272,48320,0,48320,myelin-exec:/MatMul_12,649196,649196,3,0,4376,4202,:4173:4199:4202:4376,------myelin-exec:/MatMul_12
21096259872,21096275104,15232,0,15232,myelin-exec:__myl_MulMaxSubExpSumDivMul,649196,649196,3,0,4377,4202,:4173:4199:4202:4377,------myelin-exec:__myl_MulMaxSubExpSumDivMul
21096276256,21096279648,3392,0,3392,myelin-exec:__mye676948,649196,649196,3,0,4378,4202,:4173:4199:4202:4378,------myelin-exec:__mye676948
21096280416,21096319040,38624,0,38624,myelin-exec:/MatMul_13,649196,649196,3,0,4379,4202,:4173:4199:4202:4379,------myelin-exec:/MatMul_13
21096320320,21096333888,13568,0,13568,myelin-exec:__myl_MulMinMaxRouCas,649196,649196,3,0,4380,4202,:4173:4199:4202:4380,------myelin-exec:__myl_MulMinMaxRouCas
21096335136,21096472768,137632,0,137632,myelin-exec:__myl_FcCasAdd,649196,649196,3,0,4381,4202,:4173:4199:4202:4381,------myelin-exec:__myl_FcCasAdd
21096474432,21096491328,16896,0,16896,myelin-exec:__myl_MulMeaAddSqrDivMulMulMulMinMaxRouCas,649196,649196,3,0,4382,4202,:4173:4199:4202:4382,------myelin-exec:__myl_MulMeaAddSqrDivMulMulMulMinMaxRouCas
21096492192,21096534016,41824,0,41824,myelin-exec:/up_proj_6/MatMul,649196,649196,3,0,4383,4202,:4173:4199:4202:4383,------myelin-exec:/up_proj_6/MatMul
21096535264,21096670496,135232,0,135232,myelin-exec:__myl_FcCasNegExpAddDivMulMul,649196,649196,3,0,4384,4202,:4173:4199:4202:4384,------myelin-exec:__myl_FcCasNegExpAddDivMulMul
21096672032,21096802464,130432,0,130432,myelin-exec:__myl_FcAdd,649196,649196,3,0,4385,4202,:4173:4199:4202:4385,------myelin-exec:__myl_FcAdd
21096804032,21096817792,13760,0,13760,myelin-exec:__myl_MulMeaAddSqrDivMulDivMinMaxRouCasDivMinMaxRouCasDivMinMaxRouCas,649196,649196,3,0,4386,4202,:4173:4199:4202:4386,------myelin-exec:__myl_MulMeaAddSqrDivMulDivMinMaxRouCasDivMinMaxRouCasDivMinMaxRouCas
21096818880,21096823648,4768,0,4768,myelin-exec:__mye676950,649196,649196,3,0,4387,4202,:4173:4199:4202:4387,------myelin-exec:__mye676950
21096824544,21096827936,3392,0,3392,myelin-exec:__mye676952,649196,649196,3,0,4388,4202,:4173:4199:4202:4388,------myelin-exec:__mye676952
21096828832,21096956800,127968,0,127968,myelin-exec:__myl_FcCas,649196,649196,3,0,4389,4202,:4173:4199:4202:4389,------myelin-exec:__myl_FcCas
21096958752,21096982112,23360,0,23360,myelin-exec:__myl_ResConResRep,649196,649196,3,0,4390,4202,:4173:4199:4202:4390,------myelin-exec:__myl_ResConResRep
21096983424,21096987008,3584,0,3584,myelin-exec:__mye676960,649196,649196,3,0,4391,4202,:4173:4199:4202:4391,------myelin-exec:__mye676960
21096988000,21096990272,2272,0,2272,myelin-exec:__mye676954,649196,649196,3,0,4392,4202,:4173:4199:4202:4392,------myelin-exec:__mye676954
21096991008,21097128192,137184,0,137184,myelin-exec:__myl_FcCas,649196,649196,3,0,4393,4202,:4173:4199:4202:4393,------myelin-exec:__myl_FcCas
21097129632,21097143072,13440,0,13440,myelin-exec:__myl_ResMulMea,649196,649196,3,0,4394,4202,:4173:4199:4202:4394,------myelin-exec:__myl_ResMulMea
21097144608,21097165760,21152,0,21152,myelin-exec:__myl_AddSqrDivMulMulResSliSliNegConMulMulAddConResRepResTra,649196,649196,3,0,4395,4202,:4173:4199:4202:4395,------myelin-exec:__myl_AddSqrDivMulMulResSliSliNegConMulMulAddConResRepResTra
21097167424,21097170784,3360,0,3360,myelin-exec:__mye676956,649196,649196,3,0,4396,4202,:4173:4199:4202:4396,------myelin-exec:__mye676956
21097171616,21097310464,138848,0,138848,myelin-exec:__myl_FcCas,649196,649196,3,0,4397,4202,:4173:4199:4202:4397,------myelin-exec:__myl_FcCas
21097312224,21097325728,13504,0,13504,myelin-exec:__myl_ResMulMea,649196,649196,3,0,4398,4202,:4173:4199:4202:4398,------myelin-exec:__myl_ResMulMea
21097326944,21097339328,12384,0,12384,myelin-exec:__myl_AddSqrDivMulMulResSliSliNegConMulMulAdd,649196,649196,3,0,4399,4202,:4173:4199:4202:4399,------myelin-exec:__myl_AddSqrDivMulMulResSliSliNegConMulMulAdd
21097340672,21097344096,3424,0,3424,myelin-exec:__mye676958,649196,649196,3,0,4400,4202,:4173:4199:4202:4400,------myelin-exec:__mye676958
21097345056,21097392320,47264,0,47264,myelin-exec:/MatMul_14,649196,649196,3,0,4401,4202,:4173:4199:4202:4401,------myelin-exec:/MatMul_14
21097393888,21097410144,16256,0,16256,myelin-exec:__myl_MulMaxSubExpSumDivMul,649196,649196,3,0,4402,4202,:4173:4199:4202:4402,------myelin-exec:__myl_MulMaxSubExpSumDivMul
21097411616,21097415328,3712,0,3712,myelin-exec:__mye676962,649196,649196,3,0,4403,4202,:4173:4199:4202:4403,------myelin-exec:__mye676962
21097416032,21097456224,40192,0,40192,myelin-exec:/MatMul_15,649196,649196,3,0,4404,4202,:4173:4199:4202:4404,------myelin-exec:/MatMul_15
21097457632,21097474752,17120,0,17120,myelin-exec:__myl_MulMinMaxRouCas,649196,649196,3,0,4405,4202,:4173:4199:4202:4405,------myelin-exec:__myl_MulMinMaxRouCas
21097476160,21097615776,139616,0,139616,myelin-exec:__myl_FcCasAdd,649196,649196,3,0,4406,4202,:4173:4199:4202:4406,------myelin-exec:__myl_FcCasAdd
21097617120,21097635072,17952,0,17952,myelin-exec:__myl_MulMeaAddSqrDivMulMulMulMinMaxRouCas,649196,649196,3,0,4407,4202,:4173:4199:4202:4407,------myelin-exec:__myl_MulMeaAddSqrDivMulMulMulMinMaxRouCas
21097636384,21097679968,43584,0,43584,myelin-exec:/up_proj_7/MatMul,649196,649196,3,0,4408,4202,:4173:4199:4202:4408,------myelin-exec:/up_proj_7/MatMul
21097681536,21097825056,143520,0,143520,myelin-exec:__myl_FcCasNegExpAddDivMulMul,649196,649196,3,0,4409,4202,:4173:4199:4202:4409,------myelin-exec:__myl_FcCasNegExpAddDivMulMul
21097826720,21097958496,131776,0,131776,myelin-exec:__myl_FcAdd,649196,649196,3,0,4410,4202,:4173:4199:4202:4410,------myelin-exec:__myl_FcAdd
21097960288,21097974720,14432,0,14432,myelin-exec:__myl_MulMeaAddSqrDivMulDivMinMaxRouCasDivMinMaxRouCasDivMinMaxRouCas,649196,649196,3,0,4411,4202,:4173:4199:4202:4411,------myelin-exec:__myl_MulMeaAddSqrDivMulDivMinMaxRouCasDivMinMaxRouCasDivMinMaxRouCas
21097975904,21097980416,4512,0,4512,myelin-exec:__mye676964,649196,649196,3,0,4412,4202,:4173:4199:4202:4412,------myelin-exec:__mye676964
21097981056,21097983808,2752,0,2752,myelin-exec:__mye676966,649196,649196,3,0,4413,4202,:4173:4199:4202:4413,------myelin-exec:__mye676966
21097985024,21098110336,125312,0,125312,myelin-exec:__myl_FcCas,649196,649196,3,0,4414,4202,:4173:4199:4202:4414,------myelin-exec:__myl_FcCas
21098111904,21098126208,14304,0,14304,myelin-exec:__myl_ResConResRep,649196,649196,3,0,4415,4202,:4173:4199:4202:4415,------myelin-exec:__myl_ResConResRep
21098127808,21098131136,3328,0,3328,myelin-exec:__mye676974,649196,649196,3,0,4416,4202,:4173:4199:4202:4416,------myelin-exec:__mye676974
21098131840,21098134080,2240,0,2240,myelin-exec:__mye676968,649196,649196,3,0,4417,4202,:4173:4199:4202:4417,------myelin-exec:__mye676968
21098135136,21098261248,126112,0,126112,myelin-exec:__myl_FcCas,649196,649196,3,0,4418,4202,:4173:4199:4202:4418,------myelin-exec:__myl_FcCas
21098263008,21098276192,13184,0,13184,myelin-exec:__myl_ResMulMea,649196,649196,3,0,4419,4202,:4173:4199:4202:4419,------myelin-exec:__myl_ResMulMea
21098277376,21098316800,39424,0,39424,myelin-exec:__myl_AddSqrDivMulMulResSliSliNegConMulMulAddConResRepResTra,649196,649196,3,0,4420,4202,:4173:4199:4202:4420,------myelin-exec:__myl_AddSqrDivMulMulResSliSliNegConMulMulAddConResRepResTra
21098318656,21098322176,3520,0,3520,myelin-exec:__mye676970,649196,649196,3,0,4421,4202,:4173:4199:4202:4421,------myelin-exec:__mye676970
21098323104,21098460192,137088,0,137088,myelin-exec:__myl_FcCas,649196,649196,3,0,4422,4202,:4173:4199:4202:4422,------myelin-exec:__myl_FcCas
21098462080,21098477504,15424,0,15424,myelin-exec:__myl_ResMulMea,649196,649196,3,0,4423,4202,:4173:4199:4202:4423,------myelin-exec:__myl_ResMulMea
21098478656,21098490368,11712,0,11712,myelin-exec:__myl_AddSqrDivMulMulResSliSliNegConMulMulAdd,649196,649196,3,0,4424,4202,:4173:4199:4202:4424,------myelin-exec:__myl_AddSqrDivMulMulResSliSliNegConMulMulAdd
21098491488,21098494624,3136,0,3136,myelin-exec:__mye676972,649196,649196,3,0,4425,4202,:4173:4199:4202:4425,------myelin-exec:__mye676972
21098495296,21098536800,41504,0,41504,myelin-exec:/MatMul_16,649196,649196,3,0,4426,4202,:4173:4199:4202:4426,------myelin-exec:/MatMul_16
21098538048,21098551776,13728,0,13728,myelin-exec:__myl_MulMaxSubExpSumDivMul,649196,649196,3,0,4427,4202,:4173:4199:4202:4427,------myelin-exec:__myl_MulMaxSubExpSumDivMul
21098552896,21098556224,3328,0,3328,myelin-exec:__mye676976,649196,649196,3,0,4428,4202,:4173:4199:4202:4428,------myelin-exec:__mye676976
21098557440,21098593632,36192,0,36192,myelin-exec:/MatMul_17,649196,649196,3,0,4429,4202,:4173:4199:4202:4429,------myelin-exec:/MatMul_17
21098595040,21098733056,138016,0,138016,myelin-exec:__myl_FcAdd,649196,649196,3,0,4430,4202,:4173:4199:4202:4430,------myelin-exec:__myl_FcAdd
21098734624,21098751968,17344,0,17344,myelin-exec:__myl_MulMeaAddSqrDivMulMulMulMinMaxRouCas,649196,649196,3,0,4431,4202,:4173:4199:4202:4431,------myelin-exec:__myl_MulMeaAddSqrDivMulMulMulMinMaxRouCas
21098753600,21098800480,46880,0,46880,myelin-exec:/up_proj_8/MatMul,649196,649196,3,0,4432,4202,:4173:4199:4202:4432,------myelin-exec:/up_proj_8/MatMul
21098802048,21098943104,141056,0,141056,myelin-exec:__myl_FcCasNegExpAddDivMulMul,649196,649196,3,0,4433,4202,:4173:4199:4202:4433,------myelin-exec:__myl_FcCasNegExpAddDivMulMul
21098944576,21099078880,134304,0,134304,myelin-exec:__myl_FcAdd,649196,649196,3,0,4434,4202,:4173:4199:4202:4434,------myelin-exec:__myl_FcAdd
21099080608,21099096256,15648,0,15648,myelin-exec:__myl_MulMeaAddSqrDivMulDivMinMaxRouCasDivMinMaxRouCasDivMinMaxRouCas,649196,649196,3,0,4435,4202,:4173:4199:4202:4435,------myelin-exec:__myl_MulMeaAddSqrDivMulDivMinMaxRouCasDivMinMaxRouCasDivMinMaxRouCas
21099097664,21099102944,5280,0,5280,myelin-exec:__mye676978,649196,649196,3,0,4436,4202,:4173:4199:4202:4436,------myelin-exec:__mye676978
21099104000,21099107424,3424,0,3424,myelin-exec:__mye676980,649196,649196,3,0,4437,4202,:4173:4199:4202:4437,------myelin-exec:__mye676980
21099108320,21099247520,139200,0,139200,myelin-exec:__myl_FcCas,649196,649196,3,0,4438,4202,:4173:4199:4202:4438,------myelin-exec:__myl_FcCas
21099249472,21099267520,18048,0,18048,myelin-exec:__myl_ResConResRep,649196,649196,3,0,4439,4202,:4173:4199:4202:4439,------myelin-exec:__myl_ResConResRep
21099269248,21099272864,3616,0,3616,myelin-exec:__mye676988,649196,649196,3,0,4440,4202,:4173:4199:4202:4440,------myelin-exec:__mye676988
21099273568,21099276096,2528,0,2528,myelin-exec:__mye676982,649196,649196,3,0,4441,4202,:4173:4199:4202:4441,------myelin-exec:__mye676982
21099276928,21099419040,142112,0,142112,myelin-exec:__myl_FcCas,649196,649196,3,0,4442,4202,:4173:4199:4202:4442,------myelin-exec:__myl_FcCas
21099420928,21099434432,13504,0,13504,myelin-exec:__myl_ResMulMea,649196,649196,3,0,4443,4202,:4173:4199:4202:4443,------myelin-exec:__myl_ResMulMea
21099435680,21099456128,20448,0,20448,myelin-exec:__myl_AddSqrDivMulMulResSliSliNegConMulMulAddConResRepResTra,649196,649196,3,0,4444,4202,:4173:4199:4202:4444,------myelin-exec:__myl_AddSqrDivMulMulResSliSliNegConMulMulAddConResRepResTra
21099457344,21099460864,3520,0,3520,myelin-exec:__mye676984,649196,649196,3,0,4445,4202,:4173:4199:4202:4445,------myelin-exec:__mye676984
21099461504,21099596320,134816,0,134816,myelin-exec:__myl_FcCas,649196,649196,3,0,4446,4202,:4173:4199:4202:4446,------myelin-exec:__myl_FcCas
21099597792,21099611776,13984,0,13984,myelin-exec:__myl_ResMulMea,649196,649196,3,0,4447,4202,:4173:4199:4202:4447,------myelin-exec:__myl_ResMulMea
21099613024,21099625856,12832,0,12832,myelin-exec:__myl_AddSqrDivMulMulResSliSliNegConMulMulAdd,649196,649196,3,0,4448,4202,:4173:4199:4202:4448,------myelin-exec:__myl_AddSqrDivMulMulResSliSliNegConMulMulAdd
21099626912,21099629984,3072,0,3072,myelin-exec:__mye676986,649196,649196,3,0,4449,4202,:4173:4199:4202:4449,------myelin-exec:__mye676986
21099630656,21099672992,42336,0,42336,myelin-exec:/MatMul_18,649196,649196,3,0,4450,4202,:4173:4199:4202:4450,------myelin-exec:/MatMul_18
21099674816,21099688928,14112,0,14112,myelin-exec:__myl_MulMaxSubExpSumDivMul,649196,649196,3,0,4451,4202,:4173:4199:4202:4451,------myelin-exec:__myl_MulMaxSubExpSumDivMul
21099690080,21099693248,3168,0,3168,myelin-exec:__mye676990,649196,649196,3,0,4452,4202,:4173:4199:4202:4452,------myelin-exec:__mye676990
21099694112,21099734816,40704,0,40704,myelin-exec:/MatMul_19,649196,649196,3,0,4453,4202,:4173:4199:4202:4453,------myelin-exec:/MatMul_19
21099736416,21099758208,21792,0,21792,myelin-exec:__myl_MulMinMaxRouCas,649196,649196,3,0,4454,4202,:4173:4199:4202:4454,------myelin-exec:__myl_MulMinMaxRouCas
21099759168,21099897120,137952,0,137952,myelin-exec:__myl_FcCasAdd,649196,649196,3,0,4455,4202,:4173:4199:4202:4455,------myelin-exec:__myl_FcCasAdd
21099898944,21099918368,19424,0,19424,myelin-exec:__myl_MulMeaAddSqrDivMulMulMulMinMaxRouCas,649196,649196,3,0,4456,4202,:4173:4199:4202:4456,------myelin-exec:__myl_MulMeaAddSqrDivMulMulMulMinMaxRouCas
21099919488,21099971168,51680,0,51680,myelin-exec:/up_proj_9/MatMul,649196,649196,3,0,4457,4202,:4173:4199:4202:4457,------myelin-exec:/up_proj_9/MatMul
21099972608,21100109824,137216,0,137216,myelin-exec:__myl_FcCasNegExpAddDivMulMul,649196,649196,3,0,4458,4202,:4173:4199:4202:4458,------myelin-exec:__myl_FcCasNegExpAddDivMulMul
21100111488,21100250784,139296,0,139296,myelin-exec:__myl_FcAdd,649196,649196,3,0,4459,4202,:4173:4199:4202:4459,------myelin-exec:__myl_FcAdd
21100252192,21100268128,15936,0,15936,myelin-exec:__myl_MulMeaAddSqrDivMulDivMinMaxRouCasDivMinMaxRouCasDivMinMaxRouCas,649196,649196,3,0,4460,4202,:4173:4199:4202:4460,------myelin-exec:__myl_MulMeaAddSqrDivMulDivMinMaxRouCasDivMinMaxRouCasDivMinMaxRouCas
21100269344,21100274368,5024,0,5024,myelin-exec:__mye676992,649196,649196,3,0,4461,4202,:4173:4199:4202:4461,------myelin-exec:__mye676992
21100275104,21100278528,3424,0,3424,myelin-exec:__mye676994,649196,649196,3,0,4462,4202,:4173:4199:4202:4462,------myelin-exec:__mye676994
21100279264,21100413696,134432,0,134432,myelin-exec:__myl_FcCas,649196,649196,3,0,4463,4202,:4173:4199:4202:4463,------myelin-exec:__myl_FcCas
21100416000,21100434400,18400,0,18400,myelin-exec:__myl_ResConResRep,649196,649196,3,0,4464,4202,:4173:4199:4202:4464,------myelin-exec:__myl_ResConResRep
21100436192,21100439584,3392,0,3392,myelin-exec:__mye677002,649196,649196,3,0,4465,4202,:4173:4199:4202:4465,------myelin-exec:__mye677002
21100440864,21100443232,2368,0,2368,myelin-exec:__mye676996,649196,649196,3,0,4466,4202,:4173:4199:4202:4466,------myelin-exec:__mye676996
21100444416,21100583232,138816,0,138816,myelin-exec:__myl_FcCas,649196,649196,3,0,4467,4202,:4173:4199:4202:4467,------myelin-exec:__myl_FcCas
21100585120,21100598912,13792,0,13792,myelin-exec:__myl_ResMulMea,649196,649196,3,0,4468,4202,:4173:4199:4202:4468,------myelin-exec:__myl_ResMulMea
21100600256,21100621248,20992,0,20992,myelin-exec:__myl_AddSqrDivMulMulResSliSliNegConMulMulAddConResRepResTra,649196,649196,3,0,4469,4202,:4173:4199:4202:4469,------myelin-exec:__myl_AddSqrDivMulMulResSliSliNegConMulMulAddConResRepResTra
21100622688,21100626176,3488,0,3488,myelin-exec:__mye676998,649196,649196,3,0,4470,4202,:4173:4199:4202:4470,------myelin-exec:__mye676998
21100626752,21100762880,136128,0,136128,myelin-exec:__myl_FcCas,649196,649196,3,0,4471,4202,:4173:4199:4202:4471,------myelin-exec:__myl_FcCas
21100764896,21100778464,13568,0,13568,myelin-exec:__myl_ResMulMea,649196,649196,3,0,4472,4202,:4173:4199:4202:4472,------myelin-exec:__myl_ResMulMea
21100780000,21100791904,11904,0,11904,myelin-exec:__myl_AddSqrDivMulMulResSliSliNegConMulMulAdd,649196,649196,3,0,4473,4202,:4173:4199:4202:4473,------myelin-exec:__myl_AddSqrDivMulMulResSliSliNegConMulMulAdd
21100793312,21100796576,3264,0,3264,myelin-exec:__mye677000,649196,649196,3,0,4474,4202,:4173:4199:4202:4474,------myelin-exec:__mye677000
21100797856,21100840960,43104,0,43104,myelin-exec:/MatMul_20,649196,649196,3,0,4475,4202,:4173:4199:4202:4475,------myelin-exec:/MatMul_20
21100842400,21100856160,13760,0,13760,myelin-exec:__myl_MulMaxSubExpSumDivMul,649196,649196,3,0,4476,4202,:4173:4199:4202:4476,------myelin-exec:__myl_MulMaxSubExpSumDivMul
21100857472,21100860512,3040,0,3040,myelin-exec:__mye677004,649196,649196,3,0,4477,4202,:4173:4199:4202:4477,------myelin-exec:__mye677004
21100861280,21100898592,37312,0,37312,myelin-exec:/MatMul_21,649196,649196,3,0,4478,4202,:4173:4199:4202:4478,------myelin-exec:/MatMul_21
21100899840,21100918816,18976,0,18976,myelin-exec:__myl_MulMinMaxRouCas,649196,649196,3,0,4479,4202,:4173:4199:4202:4479,------myelin-exec:__myl_MulMinMaxRouCas
21100920416,21101053056,132640,0,132640,myelin-exec:__myl_FcCasAdd,649196,649196,3,0,4480,4202,:4173:4199:4202:4480,------myelin-exec:__myl_FcCasAdd
21101054976,21101073760,18784,0,18784,myelin-exec:__myl_MulMeaAddSqrDivMulMulMulMinMaxRouCas,649196,649196,3,0,4481,4202,:4173:4199:4202:4481,------myelin-exec:__myl_MulMeaAddSqrDivMulMulMulMinMaxRouCas
21101075104,21101116576,41472,0,41472,myelin-exec:/up_proj_10/MatMul,649196,649196,3,0,4482,4202,:4173:4199:4202:4482,------myelin-exec:/up_proj_10/MatMul
21101118112,21101251424,133312,0,133312,myelin-exec:__myl_FcCasNegExpAddDivMulMul,649196,649196,3,0,4483,4202,:4173:4199:4202:4483,------myelin-exec:__myl_FcCasNegExpAddDivMulMul
21101252736,21101385504,132768,0,132768,myelin-exec:__myl_FcAdd,649196,649196,3,0,4484,4202,:4173:4199:4202:4484,------myelin-exec:__myl_FcAdd
21101387264,21101402624,15360,0,15360,myelin-exec:__myl_MulMeaAddSqrDivMulDivMinMaxRouCasDivMinMaxRouCasDivMinMaxRouCas,649196,649196,3,0,4485,4202,:4173:4199:4202:4485,------myelin-exec:__myl_MulMeaAddSqrDivMulDivMinMaxRouCasDivMinMaxRouCasDivMinMaxRouCas
21101403936,21101407744,3808,0,3808,myelin-exec:__mye677006,649196,649196,3,0,4486,4202,:4173:4199:4202:4486,------myelin-exec:__mye677006
21101408960,21101411936,2976,0,2976,myelin-exec:__mye677008,649196,649196,3,0,4487,4202,:4173:4199:4202:4487,------myelin-exec:__mye677008
21101412608,21101541216,128608,0,128608,myelin-exec:__myl_FcCas,649196,649196,3,0,4488,4202,:4173:4199:4202:4488,------myelin-exec:__myl_FcCas
21101542816,21101567520,24704,0,24704,myelin-exec:__myl_ResConResRep,649196,649196,3,0,4489,4202,:4173:4199:4202:4489,------myelin-exec:__myl_ResConResRep
21101569024,21101572768,3744,0,3744,myelin-exec:__mye677016,649196,649196,3,0,4490,4202,:4173:4199:4202:4490,------myelin-exec:__mye677016
21101573760,21101576448,2688,0,2688,myelin-exec:__mye677010,649196,649196,3,0,4491,4202,:4173:4199:4202:4491,------myelin-exec:__mye677010
21101577216,21101715968,138752,0,138752,myelin-exec:__myl_FcCas,649196,649196,3,0,4492,4202,:4173:4199:4202:4492,------myelin-exec:__myl_FcCas
21101717632,21101730848,13216,0,13216,myelin-exec:__myl_ResMulMea,649196,649196,3,0,4493,4202,:4173:4199:4202:4493,------myelin-exec:__myl_ResMulMea
21101732192,21101752224,20032,0,20032,myelin-exec:__myl_AddSqrDivMulMulResSliSliNegConMulMulAddConResRepResTra,649196,649196,3,0,4494,4202,:4173:4199:4202:4494,------myelin-exec:__myl_AddSqrDivMulMulResSliSliNegConMulMulAddConResRepResTra
21101753280,21101756448,3168,0,3168,myelin-exec:__mye677012,649196,649196,3,0,4495,4202,:4173:4199:4202:4495,------myelin-exec:__mye677012
21101757184,21101896992,139808,0,139808,myelin-exec:__myl_FcCas,649196,649196,3,0,4496,4202,:4173:4199:4202:4496,------myelin-exec:__myl_FcCas
21101898592,21101912352,13760,0,13760,myelin-exec:__myl_ResMulMea,649196,649196,3,0,4497,4202,:4173:4199:4202:4497,------myelin-exec:__myl_ResMulMea
21101913824,21101925472,11648,0,11648,myelin-exec:__myl_AddSqrDivMulMulResSliSliNegConMulMulAdd,649196,649196,3,0,4498,4202,:4173:4199:4202:4498,------myelin-exec:__myl_AddSqrDivMulMulResSliSliNegConMulMulAdd
21101926656,21101930368,3712,0,3712,myelin-exec:__mye677014,649196,649196,3,0,4499,4202,:4173:4199:4202:4499,------myelin-exec:__mye677014
21101931200,21101975552,44352,0,44352,myelin-exec:/MatMul_22,649196,649196,3,0,4500,4202,:4173:4199:4202:4500,------myelin-exec:/MatMul_22
21101976768,21101990944,14176,0,14176,myelin-exec:__myl_MulMaxSubExpSumDivMul,649196,649196,3,0,4501,4202,:4173:4199:4202:4501,------myelin-exec:__myl_MulMaxSubExpSumDivMul
21101992000,21101995328,3328,0,3328,myelin-exec:__mye677018,649196,649196,3,0,4502,4202,:4173:4199:4202:4502,------myelin-exec:__mye677018
21101996064,21102034592,38528,0,38528,myelin-exec:/MatMul_23,649196,649196,3,0,4503,4202,:4173:4199:4202:4503,------myelin-exec:/MatMul_23
21102036256,21102055008,18752,0,18752,myelin-exec:__myl_MulMinMaxRouCas,649196,649196,3,0,4504,4202,:4173:4199:4202:4504,------myelin-exec:__myl_MulMinMaxRouCas
21102056096,21102193152,137056,0,137056,myelin-exec:__myl_FcCasAdd,649196,649196,3,0,4505,4202,:4173:4199:4202:4505,------myelin-exec:__myl_FcCasAdd
21102195072,21102213728,18656,0,18656,myelin-exec:__myl_MulMeaAddSqrDivMulMulMulMinMaxRouCas,649196,649196,3,0,4506,4202,:4173:4199:4202:4506,------myelin-exec:__myl_MulMeaAddSqrDivMulMulMulMinMaxRouCas
21102215392,21102255136,39744,0,39744,myelin-exec:/up_proj_11/MatMul,649196,649196,3,0,4507,4202,:4173:4199:4202:4507,------myelin-exec:/up_proj_11/MatMul
21102256736,21102462784,206048,0,206048,myelin-exec:__myl_FcCasNegExpAddDivMulMul,649196,649196,3,0,4508,4202,:4173:4199:4202:4508,------myelin-exec:__myl_FcCasNegExpAddDivMulMul
21102464896,21102609248,144352,0,144352,myelin-exec:__myl_FcAdd,649196,649196,3,0,4509,4202,:4173:4199:4202:4509,------myelin-exec:__myl_FcAdd
21102610784,21102627552,16768,0,16768,myelin-exec:__myl_MulMeaAddSqrDivMulDivMinMaxRouCasDivMinMaxRouCasDivMinMaxRouCas,649196,649196,3,0,4510,4202,:4173:4199:4202:4510,------myelin-exec:__myl_MulMeaAddSqrDivMulDivMinMaxRouCasDivMinMaxRouCasDivMinMaxRouCas
21102628800,21102634048,5248,0,5248,myelin-exec:__mye677020,649196,649196,3,0,4511,4202,:4173:4199:4202:4511,------myelin-exec:__mye677020
21102634976,21102638336,3360,0,3360,myelin-exec:__mye677022,649196,649196,3,0,4512,4202,:4173:4199:4202:4512,------myelin-exec:__mye677022
21102639104,21102774720,135616,0,135616,myelin-exec:__myl_FcCas,649196,649196,3,0,4513,4202,:4173:4199:4202:4513,------myelin-exec:__myl_FcCas
21102776192,21102794752,18560,0,18560,myelin-exec:__myl_ResConResRep,649196,649196,3,0,4514,4202,:4173:4199:4202:4514,------myelin-exec:__myl_ResConResRep
21102796256,21102800480,4224,0,4224,myelin-exec:__mye677030,649196,649196,3,0,4515,4202,:4173:4199:4202:4515,------myelin-exec:__mye677030
21102801472,21102804480,3008,0,3008,myelin-exec:__mye677024,649196,649196,3,0,4516,4202,:4173:4199:4202:4516,------myelin-exec:__mye677024
21102805312,21102938528,133216,0,133216,myelin-exec:__myl_FcCas,649196,649196,3,0,4517,4202,:4173:4199:4202:4517,------myelin-exec:__myl_FcCas
21102939904,21102953728,13824,0,13824,myelin-exec:__myl_ResMulMea,649196,649196,3,0,4518,4202,:4173:4199:4202:4518,------myelin-exec:__myl_ResMulMea
21102954720,21102976512,21792,0,21792,myelin-exec:__myl_AddSqrDivMulMulResSliSliNegConMulMulAddConResRepResTra,649196,649196,3,0,4519,4202,:4173:4199:4202:4519,------myelin-exec:__myl_AddSqrDivMulMulResSliSliNegConMulMulAddConResRepResTra
21102977728,21102982112,4384,0,4384,myelin-exec:__mye677026,649196,649196,3,0,4520,4202,:4173:4199:4202:4520,------myelin-exec:__mye677026
21102982752,21103122560,139808,0,139808,myelin-exec:__myl_FcCas,649196,649196,3,0,4521,4202,:4173:4199:4202:4521,------myelin-exec:__myl_FcCas
21103124192,21103137952,13760,0,13760,myelin-exec:__myl_ResMulMea,649196,649196,3,0,4522,4202,:4173:4199:4202:4522,------myelin-exec:__myl_ResMulMea
21103138848,21103150528,11680,0,11680,myelin-exec:__myl_AddSqrDivMulMulResSliSliNegConMulMulAdd,649196,649196,3,0,4523,4202,:4173:4199:4202:4523,------myelin-exec:__myl_AddSqrDivMulMulResSliSliNegConMulMulAdd
21103151904,21103155488,3584,0,3584,myelin-exec:__mye677028,649196,649196,3,0,4524,4202,:4173:4199:4202:4524,------myelin-exec:__mye677028
21103156224,21103201984,45760,0,45760,myelin-exec:/MatMul_24,649196,649196,3,0,4525,4202,:4173:4199:4202:4525,------myelin-exec:/MatMul_24
21103203552,21103217824,14272,0,14272,myelin-exec:__myl_MulMaxSubExpSumDivMul,649196,649196,3,0,4526,4202,:4173:4199:4202:4526,------myelin-exec:__myl_MulMaxSubExpSumDivMul
21103219072,21103222144,3072,0,3072,myelin-exec:__mye677032,649196,649196,3,0,4527,4202,:4173:4199:4202:4527,------myelin-exec:__mye677032
21103223200,21103260032,36832,0,36832,myelin-exec:/MatMul_25,649196,649196,3,0,4528,4202,:4173:4199:4202:4528,------myelin-exec:/MatMul_25
21103261568,21103278432,16864,0,16864,myelin-exec:__myl_MulMinMaxRouCas,649196,649196,3,0,4529,4202,:4173:4199:4202:4529,------myelin-exec:__myl_MulMinMaxRouCas
21103279712,21103412992,133280,0,133280,myelin-exec:__myl_FcCasAdd,649196,649196,3,0,4530,4202,:4173:4199:4202:4530,------myelin-exec:__myl_FcCasAdd
21103414688,21103428576,13888,0,13888,myelin-exec:__myl_MulMeaAddSqrDivMulMulMulMinMaxRouCas,649196,649196,3,0,4531,4202,:4173:4199:4202:4531,------myelin-exec:__myl_MulMeaAddSqrDivMulMulMulMinMaxRouCas
21103429760,21103472288,42528,0,42528,myelin-exec:/up_proj_12/MatMul,649196,649196,3,0,4532,4202,:4173:4199:4202:4532,------myelin-exec:/up_proj_12/MatMul
21103473856,21103605280,131424,0,131424,myelin-exec:__myl_FcCasNegExpAddDivMulMul,649196,649196,3,0,4533,4202,:4173:4199:4202:4533,------myelin-exec:__myl_FcCasNegExpAddDivMulMul
21103607136,21103741536,134400,0,134400,myelin-exec:__myl_FcAdd,649196,649196,3,0,4534,4202,:4173:4199:4202:4534,------myelin-exec:__myl_FcAdd
21103743104,21103758304,15200,0,15200,myelin-exec:__myl_MulMeaAddSqrDivMulDivMinMaxRouCasDivMinMaxRouCasDivMinMaxRouCas,649196,649196,3,0,4535,4202,:4173:4199:4202:4535,------myelin-exec:__myl_MulMeaAddSqrDivMulDivMinMaxRouCasDivMinMaxRouCasDivMinMaxRouCas
21103759456,21103764160,4704,0,4704,myelin-exec:__mye677034,649196,649196,3,0,4536,4202,:4173:4199:4202:4536,------myelin-exec:__mye677034
21103764832,21103767968,3136,0,3136,myelin-exec:__mye677036,649196,649196,3,0,4537,4202,:4173:4199:4202:4537,------myelin-exec:__mye677036
21103769184,21103909504,140320,0,140320,myelin-exec:__myl_FcCas,649196,649196,3,0,4538,4202,:4173:4199:4202:4538,------myelin-exec:__myl_FcCas
21103911040,21103933632,22592,0,22592,myelin-exec:__myl_ResConResRep,649196,649196,3,0,4539,4202,:4173:4199:4202:4539,------myelin-exec:__myl_ResConResRep
21103935008,21103939232,4224,0,4224,myelin-exec:__mye677044,649196,649196,3,0,4540,4202,:4173:4199:4202:4540,------myelin-exec:__mye677044
21103940512,21103943680,3168,0,3168,myelin-exec:__mye677038,649196,649196,3,0,4541,4202,:4173:4199:4202:4541,------myelin-exec:__mye677038
21103944480,21104082368,137888,0,137888,myelin-exec:__myl_FcCas,649196,649196,3,0,4542,4202,:4173:4199:4202:4542,------myelin-exec:__myl_FcCas
21104083776,21104097120,13344,0,13344,myelin-exec:__myl_ResMulMea,649196,649196,3,0,4543,4202,:4173:4199:4202:4543,------myelin-exec:__myl_ResMulMea
21104098368,21104118592,20224,0,20224,myelin-exec:__myl_AddSqrDivMulMulResSliSliNegConMulMulAddConResRepResTra,649196,649196,3,0,4544,4202,:4173:4199:4202:4544,------myelin-exec:__myl_AddSqrDivMulMulResSliSliNegConMulMulAddConResRepResTra
21104119808,21104123360,3552,0,3552,myelin-exec:__mye677040,649196,649196,3,0,4545,4202,:4173:4199:4202:4545,------myelin-exec:__mye677040
21104124128,21104265344,141216,0,141216,myelin-exec:__myl_FcCas,649196,649196,3,0,4546,4202,:4173:4199:4202:4546,------myelin-exec:__myl_FcCas
21104267072,21104279744,12672,0,12672,myelin-exec:__myl_ResMulMea,649196,649196,3,0,4547,4202,:4173:4199:4202:4547,------myelin-exec:__myl_ResMulMea
21104280896,21104292128,11232,0,11232,myelin-exec:__myl_AddSqrDivMulMulResSliSliNegConMulMulAdd,649196,649196,3,0,4548,4202,:4173:4199:4202:4548,------myelin-exec:__myl_AddSqrDivMulMulResSliSliNegConMulMulAdd
21104293152,21104297056,3904,0,3904,myelin-exec:__mye677042,649196,649196,3,0,4549,4202,:4173:4199:4202:4549,------myelin-exec:__mye677042
21104297728,21104341696,43968,0,43968,myelin-exec:/MatMul_26,649196,649196,3,0,4550,4202,:4173:4199:4202:4550,------myelin-exec:/MatMul_26
21104343104,21104357600,14496,0,14496,myelin-exec:__myl_MulMaxSubExpSumDivMul,649196,649196,3,0,4551,4202,:4173:4199:4202:4551,------myelin-exec:__myl_MulMaxSubExpSumDivMul
21104359072,21104362432,3360,0,3360,myelin-exec:__mye677046,649196,649196,3,0,4552,4202,:4173:4199:4202:4552,------myelin-exec:__mye677046
21104363360,21104401152,37792,0,37792,myelin-exec:/MatMul_27,649196,649196,3,0,4553,4202,:4173:4199:4202:4553,------myelin-exec:/MatMul_27
21104402624,21104420800,18176,0,18176,myelin-exec:__myl_MulMinMaxRouCas,649196,649196,3,0,4554,4202,:4173:4199:4202:4554,------myelin-exec:__myl_MulMinMaxRouCas
21104422112,21104558912,136800,0,136800,myelin-exec:__myl_FcCasAdd,649196,649196,3,0,4555,4202,:4173:4199:4202:4555,------myelin-exec:__myl_FcCasAdd
21104560576,21104576800,16224,0,16224,myelin-exec:__myl_MulMeaAddSqrDivMulMulMulMinMaxRouCas,649196,649196,3,0,4556,4202,:4173:4199:4202:4556,------myelin-exec:__myl_MulMeaAddSqrDivMulMulMulMinMaxRouCas
21104578400,21104626400,48000,0,48000,myelin-exec:/up_proj_13/MatMul,649196,649196,3,0,4557,4202,:4173:4199:4202:4557,------myelin-exec:/up_proj_13/MatMul
21104628000,21104767296,139296,0,139296,myelin-exec:__myl_FcCasNegExpAddDivMulMul,649196,649196,3,0,4558,4202,:4173:4199:4202:4558,------myelin-exec:__myl_FcCasNegExpAddDivMulMul
21104769088,21104900576,131488,0,131488,myelin-exec:__myl_FcAdd,649196,649196,3,0,4559,4202,:4173:4199:4202:4559,------myelin-exec:__myl_FcAdd
21104902368,21104917472,15104,0,15104,myelin-exec:__myl_MulMeaAddSqrDivMulDivMinMaxRouCasDivMinMaxRouCasDivMinMaxRouCas,649196,649196,3,0,4560,4202,:4173:4199:4202:4560,------myelin-exec:__myl_MulMeaAddSqrDivMulDivMinMaxRouCasDivMinMaxRouCasDivMinMaxRouCas
21104918976,21104923456,4480,0,4480,myelin-exec:__mye677048,649196,649196,3,0,4561,4202,:4173:4199:4202:4561,------myelin-exec:__mye677048
21104924288,21104927776,3488,0,3488,myelin-exec:__mye677050,649196,649196,3,0,4562,4202,:4173:4199:4202:4562,------myelin-exec:__mye677050
21104928608,21105066432,137824,0,137824,myelin-exec:__myl_FcCas,649196,649196,3,0,4563,4202,:4173:4199:4202:4563,------myelin-exec:__myl_FcCas
21105068768,21105088256,19488,0,19488,myelin-exec:__myl_ResConResRep,649196,649196,3,0,4564,4202,:4173:4199:4202:4564,------myelin-exec:__myl_ResConResRep
21105089984,21105094304,4320,0,4320,myelin-exec:__mye677058,649196,649196,3,0,4565,4202,:4173:4199:4202:4565,------myelin-exec:__mye677058
21105095552,21105098240,2688,0,2688,myelin-exec:__mye677052,649196,649196,3,0,4566,4202,:4173:4199:4202:4566,------myelin-exec:__mye677052
21105099040,21105236544,137504,0,137504,myelin-exec:__myl_FcCas,649196,649196,3,0,4567,4202,:4173:4199:4202:4567,------myelin-exec:__myl_FcCas
21105238240,21105251872,13632,0,13632,myelin-exec:__myl_ResMulMea,649196,649196,3,0,4568,4202,:4173:4199:4202:4568,------myelin-exec:__myl_ResMulMea
21105253312,21105274976,21664,0,21664,myelin-exec:__myl_AddSqrDivMulMulResSliSliNegConMulMulAddConResRepResTra,649196,649196,3,0,4569,4202,:4173:4199:4202:4569,------myelin-exec:__myl_AddSqrDivMulMulResSliSliNegConMulMulAddConResRepResTra
21105276448,21105280288,3840,0,3840,myelin-exec:__mye677054,649196,649196,3,0,4570,4202,:4173:4199:4202:4570,------myelin-exec:__mye677054
21105281600,21105425568,143968,0,143968,myelin-exec:__myl_FcCas,649196,649196,3,0,4571,4202,:4173:4199:4202:4571,------myelin-exec:__myl_FcCas
21105427008,21105441280,14272,0,14272,myelin-exec:__myl_ResMulMea,649196,649196,3,0,4572,4202,:4173:4199:4202:4572,------myelin-exec:__myl_ResMulMea
21105442528,21105454240,11712,0,11712,myelin-exec:__myl_AddSqrDivMulMulResSliSliNegConMulMulAdd,649196,649196,3,0,4573,4202,:4173:4199:4202:4573,------myelin-exec:__myl_AddSqrDivMulMulResSliSliNegConMulMulAdd
21105455392,21105458624,3232,0,3232,myelin-exec:__mye677056,649196,649196,3,0,4574,4202,:4173:4199:4202:4574,------myelin-exec:__mye677056
21105459584,21105508832,49248,0,49248,myelin-exec:/MatMul_28,649196,649196,3,0,4575,4202,:4173:4199:4202:4575,------myelin-exec:/MatMul_28
21105510496,21105529472,18976,0,18976,myelin-exec:__myl_MulMaxSubExpSumDivMul,649196,649196,3,0,4576,4202,:4173:4199:4202:4576,------myelin-exec:__myl_MulMaxSubExpSumDivMul
21105530720,21105534496,3776,0,3776,myelin-exec:__mye677060,649196,649196,3,0,4577,4202,:4173:4199:4202:4577,------myelin-exec:__mye677060
21105535456,21105576640,41184,0,41184,myelin-exec:/MatMul_29,649196,649196,3,0,4578,4202,:4173:4199:4202:4578,------myelin-exec:/MatMul_29
21105578112,21105717408,139296,0,139296,myelin-exec:__myl_FcAdd,649196,649196,3,0,4579,4202,:4173:4199:4202:4579,------myelin-exec:__myl_FcAdd
21105718880,21105739872,20992,0,20992,myelin-exec:__myl_MulMeaAddSqrDivMulMulMulMinMaxRouCas,649196,649196,3,0,4580,4202,:4173:4199:4202:4580,------myelin-exec:__myl_MulMeaAddSqrDivMulMulMulMinMaxRouCas
21105741088,21105781856,40768,0,40768,myelin-exec:/up_proj_14/MatMul,649196,649196,3,0,4581,4202,:4173:4199:4202:4581,------myelin-exec:/up_proj_14/MatMul
21105784128,21105914560,130432,0,130432,myelin-exec:__myl_FcCasNegExpAddDivMulMul,649196,649196,3,0,4582,4202,:4173:4199:4202:4582,------myelin-exec:__myl_FcCasNegExpAddDivMulMul
21105916352,21106047232,130880,0,130880,myelin-exec:__myl_FcAdd,649196,649196,3,0,4583,4202,:4173:4199:4202:4583,------myelin-exec:__myl_FcAdd
21106048640,21106063808,15168,0,15168,myelin-exec:__myl_MulMeaAddSqrDivMulDivMinMaxRouCasDivMinMaxRouCasDivMinMaxRouCas,649196,649196,3,0,4584,4202,:4173:4199:4202:4584,------myelin-exec:__myl_MulMeaAddSqrDivMulDivMinMaxRouCasDivMinMaxRouCasDivMinMaxRouCas
21106064704,21106069472,4768,0,4768,myelin-exec:__mye677062,649196,649196,3,0,4585,4202,:4173:4199:4202:4585,------myelin-exec:__mye677062
21106070080,21106073312,3232,0,3232,myelin-exec:__mye677064,649196,649196,3,0,4586,4202,:4173:4199:4202:4586,------myelin-exec:__mye677064
21106074016,21106207136,133120,0,133120,myelin-exec:__myl_FcCas,649196,649196,3,0,4587,4202,:4173:4199:4202:4587,------myelin-exec:__myl_FcCas
21106208544,21106230592,22048,0,22048,myelin-exec:__myl_ResConResRep,649196,649196,3,0,4588,4202,:4173:4199:4202:4588,------myelin-exec:__myl_ResConResRep
21106232064,21106236512,4448,0,4448,myelin-exec:__mye677072,649196,649196,3,0,4589,4202,:4173:4199:4202:4589,------myelin-exec:__mye677072
21106237536,21106240544,3008,0,3008,myelin-exec:__mye677066,649196,649196,3,0,4590,4202,:4173:4199:4202:4590,------myelin-exec:__mye677066
21106241280,21106410688,169408,0,169408,myelin-exec:__myl_FcCas,649196,649196,3,0,4591,4202,:4173:4199:4202:4591,------myelin-exec:__myl_FcCas
21106412960,21106428960,16000,0,16000,myelin-exec:__myl_ResMulMea,649196,649196,3,0,4592,4202,:4173:4199:4202:4592,------myelin-exec:__myl_ResMulMea
21106430528,21106453824,23296,0,23296,myelin-exec:__myl_AddSqrDivMulMulResSliSliNegConMulMulAddConResRepResTra,649196,649196,3,0,4593,4202,:4173:4199:4202:4593,------myelin-exec:__myl_AddSqrDivMulMulResSliSliNegConMulMulAddConResRepResTra
21106455104,21106459680,4576,0,4576,myelin-exec:__mye677068,649196,649196,3,0,4594,4202,:4173:4199:4202:4594,------myelin-exec:__mye677068
21106460864,21106609344,148480,0,148480,myelin-exec:__myl_FcCas,649196,649196,3,0,4595,4202,:4173:4199:4202:4595,------myelin-exec:__myl_FcCas
21106610944,21106626848,15904,0,15904,myelin-exec:__myl_ResMulMea,649196,649196,3,0,4596,4202,:4173:4199:4202:4596,------myelin-exec:__myl_ResMulMea
21106628128,21106641664,13536,0,13536,myelin-exec:__myl_AddSqrDivMulMulResSliSliNegConMulMulAdd,649196,649196,3,0,4597,4202,:4173:4199:4202:4597,------myelin-exec:__myl_AddSqrDivMulMulResSliSliNegConMulMulAdd
21106642816,21106646688,3872,0,3872,myelin-exec:__mye677070,649196,649196,3,0,4598,4202,:4173:4199:4202:4598,------myelin-exec:__mye677070
21106647424,21106694272,46848,0,46848,myelin-exec:/MatMul_30,649196,649196,3,0,4599,4202,:4173:4199:4202:4599,------myelin-exec:/MatMul_30
21106696032,21106710368,14336,0,14336,myelin-exec:__myl_MulMaxSubExpSumDivMul,649196,649196,3,0,4600,4202,:4173:4199:4202:4600,------myelin-exec:__myl_MulMaxSubExpSumDivMul
21106711456,21106714336,2880,0,2880,myelin-exec:__mye677074,649196,649196,3,0,4601,4202,:4173:4199:4202:4601,------myelin-exec:__mye677074
21106715072,21106751328,36256,0,36256,myelin-exec:/MatMul_31,649196,649196,3,0,4602,4202,:4173:4199:4202:4602,------myelin-exec:/MatMul_31
21106752736,21106770944,18208,0,18208,myelin-exec:__myl_MulMinMaxRouCas,649196,649196,3,0,4603,4202,:4173:4199:4202:4603,------myelin-exec:__myl_MulMinMaxRouCas
21106772000,21106908992,136992,0,136992,myelin-exec:__myl_FcCasAdd,649196,649196,3,0,4604,4202,:4173:4199:4202:4604,------myelin-exec:__myl_FcCasAdd
21106910624,21106928768,18144,0,18144,myelin-exec:__myl_MulMeaAddSqrDivMulMulMulMinMaxRouCas,649196,649196,3,0,4605,4202,:4173:4199:4202:4605,------myelin-exec:__myl_MulMeaAddSqrDivMulMulMulMinMaxRouCas
21106930016,21106974432,44416,0,44416,myelin-exec:/up_proj_15/MatMul,649196,649196,3,0,4606,4202,:4173:4199:4202:4606,------myelin-exec:/up_proj_15/MatMul
21106975680,21107114432,138752,0,138752,myelin-exec:__myl_FcCasNegExpAddDivMulMul,649196,649196,3,0,4607,4202,:4173:4199:4202:4607,------myelin-exec:__myl_FcCasNegExpAddDivMulMul
21107116064,21107250368,134304,0,134304,myelin-exec:__myl_FcAdd,649196,649196,3,0,4608,4202,:4173:4199:4202:4608,------myelin-exec:__myl_FcAdd
21107252096,21107268640,16544,0,16544,myelin-exec:__myl_MulMeaAddSqrDivMulDivMinMaxRouCasDivMinMaxRouCasDivMinMaxRouCas,649196,649196,3,0,4609,4202,:4173:4199:4202:4609,------myelin-exec:__myl_MulMeaAddSqrDivMulDivMinMaxRouCasDivMinMaxRouCasDivMinMaxRouCas
21107269600,21107274432,4832,0,4832,myelin-exec:__mye677076,649196,649196,3,0,4610,4202,:4173:4199:4202:4610,------myelin-exec:__mye677076
21107275456,21107278944,3488,0,3488,myelin-exec:__mye677078,649196,649196,3,0,4611,4202,:4173:4199:4202:4611,------myelin-exec:__mye677078
21107279872,21107405408,125536,0,125536,myelin-exec:__myl_FcCas,649196,649196,3,0,4612,4202,:4173:4199:4202:4612,------myelin-exec:__myl_FcCas
21107407264,21107433344,26080,0,26080,myelin-exec:__myl_ResConResRep,649196,649196,3,0,4613,4202,:4173:4199:4202:4613,------myelin-exec:__myl_ResConResRep
21107434752,21107439520,4768,0,4768,myelin-exec:__mye677086,649196,649196,3,0,4614,4202,:4173:4199:4202:4614,------myelin-exec:__mye677086
21107440064,21107443104,3040,0,3040,myelin-exec:__mye677080,649196,649196,3,0,4615,4202,:4173:4199:4202:4615,------myelin-exec:__mye677080
21107444160,21107589920,145760,0,145760,myelin-exec:__myl_FcCas,649196,649196,3,0,4616,4202,:4173:4199:4202:4616,------myelin-exec:__myl_FcCas
21107591584,21107605856,14272,0,14272,myelin-exec:__myl_ResMulMea,649196,649196,3,0,4617,4202,:4173:4199:4202:4617,------myelin-exec:__myl_ResMulMea
21107606912,21107627456,20544,0,20544,myelin-exec:__myl_AddSqrDivMulMulResSliSliNegConMulMulAddConResRepResTra,649196,649196,3,0,4618,4202,:4173:4199:4202:4618,------myelin-exec:__myl_AddSqrDivMulMulResSliSliNegConMulMulAddConResRepResTra
21107628832,21107633024,4192,0,4192,myelin-exec:__mye677082,649196,649196,3,0,4619,4202,:4173:4199:4202:4619,------myelin-exec:__mye677082
21107633984,21107774400,140416,0,140416,myelin-exec:__myl_FcCas,649196,649196,3,0,4620,4202,:4173:4199:4202:4620,------myelin-exec:__myl_FcCas
21107776384,21107791552,15168,0,15168,myelin-exec:__myl_ResMulMea,649196,649196,3,0,4621,4202,:4173:4199:4202:4621,------myelin-exec:__myl_ResMulMea
21107792640,21107806208,13568,0,13568,myelin-exec:__myl_AddSqrDivMulMulResSliSliNegConMulMulAdd,649196,649196,3,0,4622,4202,:4173:4199:4202:4622,------myelin-exec:__myl_AddSqrDivMulMulResSliSliNegConMulMulAdd
21107807680,21107811488,3808,0,3808,myelin-exec:__mye677084,649196,649196,3,0,4623,4202,:4173:4199:4202:4623,------myelin-exec:__mye677084
21107812448,21107857312,44864,0,44864,myelin-exec:/MatMul_32,649196,649196,3,0,4624,4202,:4173:4199:4202:4624,------myelin-exec:/MatMul_32
21107858848,21107872288,13440,0,13440,myelin-exec:__myl_MulMaxSubExpSumDivMul,649196,649196,3,0,4625,4202,:4173:4199:4202:4625,------myelin-exec:__myl_MulMaxSubExpSumDivMul
21107873472,21107876704,3232,0,3232,myelin-exec:__mye677088,649196,649196,3,0,4626,4202,:4173:4199:4202:4626,------myelin-exec:__mye677088
21107877920,21107921216,43296,0,43296,myelin-exec:/MatMul_33,649196,649196,3,0,4627,4202,:4173:4199:4202:4627,------myelin-exec:/MatMul_33
21107922784,21107942784,20000,0,20000,myelin-exec:__myl_MulMinMaxRouCas,649196,649196,3,0,4628,4202,:4173:4199:4202:4628,------myelin-exec:__myl_MulMinMaxRouCas
21107944064,21108079008,134944,0,134944,myelin-exec:__myl_FcCasAdd,649196,649196,3,0,4629,4202,:4173:4199:4202:4629,------myelin-exec:__myl_FcCasAdd
21108080480,21108099680,19200,0,19200,myelin-exec:__myl_MulMeaAddSqrDivMulMulMulMinMaxRouCas,649196,649196,3,0,4630,4202,:4173:4199:4202:4630,------myelin-exec:__myl_MulMeaAddSqrDivMulMulMulMinMaxRouCas
21108101024,21108149376,48352,0,48352,myelin-exec:/up_proj_16/MatMul,649196,649196,3,0,4631,4202,:4173:4199:4202:4631,------myelin-exec:/up_proj_16/MatMul
21108151200,21108284544,133344,0,133344,myelin-exec:__myl_FcCasNegExpAddDivMulMul,649196,649196,3,0,4632,4202,:4173:4199:4202:4632,------myelin-exec:__myl_FcCasNegExpAddDivMulMul
21108286272,21108415616,129344,0,129344,myelin-exec:__myl_FcAdd,649196,649196,3,0,4633,4202,:4173:4199:4202:4633,------myelin-exec:__myl_FcAdd
21108417312,21108432160,14848,0,14848,myelin-exec:__myl_MulMeaAddSqrDivMulDivMinMaxRouCasDivMinMaxRouCasDivMinMaxRouCas,649196,649196,3,0,4634,4202,:4173:4199:4202:4634,------myelin-exec:__myl_MulMeaAddSqrDivMulDivMinMaxRouCasDivMinMaxRouCasDivMinMaxRouCas
21108433728,21108438016,4288,0,4288,myelin-exec:__mye677090,649196,649196,3,0,4635,4202,:4173:4199:4202:4635,------myelin-exec:__mye677090
21108438688,21108441984,3296,0,3296,myelin-exec:__mye677092,649196,649196,3,0,4636,4202,:4173:4199:4202:4636,------myelin-exec:__mye677092
21108442976,21108570368,127392,0,127392,myelin-exec:__myl_FcCas,649196,649196,3,0,4637,4202,:4173:4199:4202:4637,------myelin-exec:__myl_FcCas
21108572320,21108588832,16512,0,16512,myelin-exec:__myl_ResConResRep,649196,649196,3,0,4638,4202,:4173:4199:4202:4638,------myelin-exec:__myl_ResConResRep
21108589920,21108593120,3200,0,3200,myelin-exec:__mye677100,649196,649196,3,0,4639,4202,:4173:4199:4202:4639,------myelin-exec:__mye677100
21108594016,21108596320,2304,0,2304,myelin-exec:__mye677094,649196,649196,3,0,4640,4202,:4173:4199:4202:4640,------myelin-exec:__mye677094
21108597216,21108727296,130080,0,130080,myelin-exec:__myl_FcCas,649196,649196,3,0,4641,4202,:4173:4199:4202:4641,------myelin-exec:__myl_FcCas
21108729088,21108744224,15136,0,15136,myelin-exec:__myl_ResMulMea,649196,649196,3,0,4642,4202,:4173:4199:4202:4642,------myelin-exec:__myl_ResMulMea
21108745664,21108769248,23584,0,23584,myelin-exec:__myl_AddSqrDivMulMulResSliSliNegConMulMulAddConResRepResTra,649196,649196,3,0,4643,4202,:4173:4199:4202:4643,------myelin-exec:__myl_AddSqrDivMulMulResSliSliNegConMulMulAddConResRepResTra
21108770688,21108774784,4096,0,4096,myelin-exec:__mye677096,649196,649196,3,0,4644,4202,:4173:4199:4202:4644,------myelin-exec:__mye677096
21108775872,21108912960,137088,0,137088,myelin-exec:__myl_FcCas,649196,649196,3,0,4645,4202,:4173:4199:4202:4645,------myelin-exec:__myl_FcCas
21108914528,21108928288,13760,0,13760,myelin-exec:__myl_ResMulMea,649196,649196,3,0,4646,4202,:4173:4199:4202:4646,------myelin-exec:__myl_ResMulMea
21108929760,21108942400,12640,0,12640,myelin-exec:__myl_AddSqrDivMulMulResSliSliNegConMulMulAdd,649196,649196,3,0,4647,4202,:4173:4199:4202:4647,------myelin-exec:__myl_AddSqrDivMulMulResSliSliNegConMulMulAdd
21108943584,21108947392,3808,0,3808,myelin-exec:__mye677098,649196,649196,3,0,4648,4202,:4173:4199:4202:4648,------myelin-exec:__mye677098
21108948384,21108996928,48544,0,48544,myelin-exec:/MatMul_34,649196,649196,3,0,4649,4202,:4173:4199:4202:4649,------myelin-exec:/MatMul_34
21108998528,21109015168,16640,0,16640,myelin-exec:__myl_MulMaxSubExpSumDivMul,649196,649196,3,0,4650,4202,:4173:4199:4202:4650,------myelin-exec:__myl_MulMaxSubExpSumDivMul
21109016288,21109019872,3584,0,3584,myelin-exec:__mye677102,649196,649196,3,0,4651,4202,:4173:4199:4202:4651,------myelin-exec:__mye677102
21109020576,21109063904,43328,0,43328,myelin-exec:/MatMul_35,649196,649196,3,0,4652,4202,:4173:4199:4202:4652,------myelin-exec:/MatMul_35
21109065312,21109084704,19392,0,19392,myelin-exec:__myl_MulMinMaxRouCas,649196,649196,3,0,4653,4202,:4173:4199:4202:4653,------myelin-exec:__myl_MulMinMaxRouCas
21109085888,21109221984,136096,0,136096,myelin-exec:__myl_FcCasAdd,649196,649196,3,0,4654,4202,:4173:4199:4202:4654,------myelin-exec:__myl_FcCasAdd
21109223744,21109242944,19200,0,19200,myelin-exec:__myl_MulMeaAddSqrDivMulMulMulMinMaxRouCas,649196,649196,3,0,4655,4202,:4173:4199:4202:4655,------myelin-exec:__myl_MulMeaAddSqrDivMulMulMulMinMaxRouCas
21109244640,21109287040,42400,0,42400,myelin-exec:/up_proj_17/MatMul,649196,649196,3,0,4656,4202,:4173:4199:4202:4656,------myelin-exec:/up_proj_17/MatMul
21109288480,21109419040,130560,0,130560,myelin-exec:__myl_FcCasNegExpAddDivMulMul,649196,649196,3,0,4657,4202,:4173:4199:4202:4657,------myelin-exec:__myl_FcCasNegExpAddDivMulMul
21109420576,21109552384,131808,0,131808,myelin-exec:__myl_FcAdd,649196,649196,3,0,4658,4202,:4173:4199:4202:4658,------myelin-exec:__myl_FcAdd
21109554144,21109568928,14784,0,14784,myelin-exec:__myl_MulMeaAddSqrDivMulDivMinMaxRouCasDivMinMaxRouCasDivMinMaxRouCas,649196,649196,3,0,4659,4202,:4173:4199:4202:4659,------myelin-exec:__myl_MulMeaAddSqrDivMulDivMinMaxRouCasDivMinMaxRouCasDivMinMaxRouCas
21109570240,21109574496,4256,0,4256,myelin-exec:__mye677104,649196,649196,3,0,4660,4202,:4173:4199:4202:4660,------myelin-exec:__mye677104
21109575456,21109578144,2688,0,2688,myelin-exec:__mye677106,649196,649196,3,0,4661,4202,:4173:4199:4202:4661,------myelin-exec:__mye677106
21109579136,21109713408,134272,0,134272,myelin-exec:__myl_FcCas,649196,649196,3,0,4662,4202,:4173:4199:4202:4662,------myelin-exec:__myl_FcCas
21109715200,21109732960,17760,0,17760,myelin-exec:__myl_ResConResRep,649196,649196,3,0,4663,4202,:4173:4199:4202:4663,------myelin-exec:__myl_ResConResRep
21109734304,21109738304,4000,0,4000,myelin-exec:__mye677114,649196,649196,3,0,4664,4202,:4173:4199:4202:4664,------myelin-exec:__mye677114
21109739168,21109742368,3200,0,3200,myelin-exec:__mye677108,649196,649196,3,0,4665,4202,:4173:4199:4202:4665,------myelin-exec:__mye677108
21109743616,21109877280,133664,0,133664,myelin-exec:__myl_FcCas,649196,649196,3,0,4666,4202,:4173:4199:4202:4666,------myelin-exec:__myl_FcCas
21109878784,21109892032,13248,0,13248,myelin-exec:__myl_ResMulMea,649196,649196,3,0,4667,4202,:4173:4199:4202:4667,------myelin-exec:__myl_ResMulMea
21109893024,21109913920,20896,0,20896,myelin-exec:__myl_AddSqrDivMulMulResSliSliNegConMulMulAddConResRepResTra,649196,649196,3,0,4668,4202,:4173:4199:4202:4668,------myelin-exec:__myl_AddSqrDivMulMulResSliSliNegConMulMulAddConResRepResTra
21109915392,21109919456,4064,0,4064,myelin-exec:__mye677110,649196,649196,3,0,4669,4202,:4173:4199:4202:4669,------myelin-exec:__mye677110
21109920480,21110058944,138464,0,138464,myelin-exec:__myl_FcCas,649196,649196,3,0,4670,4202,:4173:4199:4202:4670,------myelin-exec:__myl_FcCas
21110060928,21110075008,14080,0,14080,myelin-exec:__myl_ResMulMea,649196,649196,3,0,4671,4202,:4173:4199:4202:4671,------myelin-exec:__myl_ResMulMea
21110076384,21110088416,12032,0,12032,myelin-exec:__myl_AddSqrDivMulMulResSliSliNegConMulMulAdd,649196,649196,3,0,4672,4202,:4173:4199:4202:4672,------myelin-exec:__myl_AddSqrDivMulMulResSliSliNegConMulMulAdd
21110089312,21110092416,3104,0,3104,myelin-exec:__mye677112,649196,649196,3,0,4673,4202,:4173:4199:4202:4673,------myelin-exec:__mye677112
21110093024,21110141472,48448,0,48448,myelin-exec:/MatMul_36,649196,649196,3,0,4674,4202,:4173:4199:4202:4674,------myelin-exec:/MatMul_36
21110143104,21110161504,18400,0,18400,myelin-exec:__myl_MulMaxSubExpSumDivMul,649196,649196,3,0,4675,4202,:4173:4199:4202:4675,------myelin-exec:__myl_MulMaxSubExpSumDivMul
21110162752,21110166432,3680,0,3680,myelin-exec:__mye677116,649196,649196,3,0,4676,4202,:4173:4199:4202:4676,------myelin-exec:__mye677116
21110167584,21110206208,38624,0,38624,myelin-exec:/MatMul_37,649196,649196,3,0,4677,4202,:4173:4199:4202:4677,------myelin-exec:/MatMul_37
21110207776,21110225184,17408,0,17408,myelin-exec:__myl_MulMinMaxRouCas,649196,649196,3,0,4678,4202,:4173:4199:4202:4678,------myelin-exec:__myl_MulMinMaxRouCas
21110226080,21110396096,170016,0,170016,myelin-exec:__myl_FcCasAdd,649196,649196,3,0,4679,4202,:4173:4199:4202:4679,------myelin-exec:__myl_FcCasAdd
21110398592,21110418208,19616,0,19616,myelin-exec:__myl_MulMeaAddSqrDivMulMulMulMinMaxRouCas,649196,649196,3,0,4680,4202,:4173:4199:4202:4680,------myelin-exec:__myl_MulMeaAddSqrDivMulMulMulMinMaxRouCas
21110419904,21110469824,49920,0,49920,myelin-exec:/up_proj_18/MatMul,649196,649196,3,0,4681,4202,:4173:4199:4202:4681,------myelin-exec:/up_proj_18/MatMul
21110471552,21110609248,137696,0,137696,myelin-exec:__myl_FcCasNegExpAddDivMulMul,649196,649196,3,0,4682,4202,:4173:4199:4202:4682,------myelin-exec:__myl_FcCasNegExpAddDivMulMul
21110611232,21110746176,134944,0,134944,myelin-exec:__myl_FcAdd,649196,649196,3,0,4683,4202,:4173:4199:4202:4683,------myelin-exec:__myl_FcAdd
21110748064,21110762848,14784,0,14784,myelin-exec:__myl_MulMeaAddSqrDivMulDivMinMaxRouCasDivMinMaxRouCasDivMinMaxRouCas,649196,649196,3,0,4684,4202,:4173:4199:4202:4684,------myelin-exec:__myl_MulMeaAddSqrDivMulDivMinMaxRouCasDivMinMaxRouCasDivMinMaxRouCas
21110764352,21110769248,4896,0,4896,myelin-exec:__mye677118,649196,649196,3,0,4685,4202,:4173:4199:4202:4685,------myelin-exec:__mye677118
21110770208,21110773472,3264,0,3264,myelin-exec:__mye677120,649196,649196,3,0,4686,4202,:4173:4199:4202:4686,------myelin-exec:__mye677120
21110774400,21110910368,135968,0,135968,myelin-exec:__myl_FcCas,649196,649196,3,0,4687,4202,:4173:4199:4202:4687,------myelin-exec:__myl_FcCas
21110912544,21110931072,18528,0,18528,myelin-exec:__myl_ResConResRep,649196,649196,3,0,4688,4202,:4173:4199:4202:4688,------myelin-exec:__myl_ResConResRep
21110932608,21110936128,3520,0,3520,myelin-exec:__mye677128,649196,649196,3,0,4689,4202,:4173:4199:4202:4689,------myelin-exec:__mye677128
21110937216,21110939680,2464,0,2464,myelin-exec:__mye677122,649196,649196,3,0,4690,4202,:4173:4199:4202:4690,------myelin-exec:__mye677122
21110940512,21111069728,129216,0,129216,myelin-exec:__myl_FcCas,649196,649196,3,0,4691,4202,:4173:4199:4202:4691,------myelin-exec:__myl_FcCas
21111071680,21111085792,14112,0,14112,myelin-exec:__myl_ResMulMea,649196,649196,3,0,4692,4202,:4173:4199:4202:4692,------myelin-exec:__myl_ResMulMea
21111087200,21111109152,21952,0,21952,myelin-exec:__myl_AddSqrDivMulMulResSliSliNegConMulMulAddConResRepResTra,649196,649196,3,0,4693,4202,:4173:4199:4202:4693,------myelin-exec:__myl_AddSqrDivMulMulResSliSliNegConMulMulAddConResRepResTra
21111110656,21111114240,3584,0,3584,myelin-exec:__mye677124,649196,649196,3,0,4694,4202,:4173:4199:4202:4694,------myelin-exec:__mye677124
21111115200,21111252384,137184,0,137184,myelin-exec:__myl_FcCas,649196,649196,3,0,4695,4202,:4173:4199:4202:4695,------myelin-exec:__myl_FcCas
21111254144,21111268896,14752,0,14752,myelin-exec:__myl_ResMulMea,649196,649196,3,0,4696,4202,:4173:4199:4202:4696,------myelin-exec:__myl_ResMulMea
21111270208,21111281760,11552,0,11552,myelin-exec:__myl_AddSqrDivMulMulResSliSliNegConMulMulAdd,649196,649196,3,0,4697,4202,:4173:4199:4202:4697,------myelin-exec:__myl_AddSqrDivMulMulResSliSliNegConMulMulAdd
21111282944,21111286592,3648,0,3648,myelin-exec:__mye677126,649196,649196,3,0,4698,4202,:4173:4199:4202:4698,------myelin-exec:__mye677126
21111287744,21111332288,44544,0,44544,myelin-exec:/MatMul_38,649196,649196,3,0,4699,4202,:4173:4199:4202:4699,------myelin-exec:/MatMul_38
21111333728,21111347712,13984,0,13984,myelin-exec:__myl_MulMaxSubExpSumDivMul,649196,649196,3,0,4700,4202,:4173:4199:4202:4700,------myelin-exec:__myl_MulMaxSubExpSumDivMul
21111348928,21111352288,3360,0,3360,myelin-exec:__mye677130,649196,649196,3,0,4701,4202,:4173:4199:4202:4701,------myelin-exec:__mye677130
21111353024,21111389728,36704,0,36704,myelin-exec:/MatMul_39,649196,649196,3,0,4702,4202,:4173:4199:4202:4702,------myelin-exec:/MatMul_39
21111391104,21111409088,17984,0,17984,myelin-exec:__myl_MulMinMaxRouCas,649196,649196,3,0,4703,4202,:4173:4199:4202:4703,------myelin-exec:__myl_MulMinMaxRouCas
21111410432,21111542816,132384,0,132384,myelin-exec:__myl_FcCasAdd,649196,649196,3,0,4704,4202,:4173:4199:4202:4704,------myelin-exec:__myl_FcCasAdd
21111544640,21111562560,17920,0,17920,myelin-exec:__myl_MulMeaAddSqrDivMulMulMulMinMaxRouCas,649196,649196,3,0,4705,4202,:4173:4199:4202:4705,------myelin-exec:__myl_MulMeaAddSqrDivMulMulMulMinMaxRouCas
21111563552,21111609760,46208,0,46208,myelin-exec:/up_proj_19/MatMul,649196,649196,3,0,4706,4202,:4173:4199:4202:4706,------myelin-exec:/up_proj_19/MatMul
21111611520,21111751424,139904,0,139904,myelin-exec:__myl_FcCasNegExpAddDivMulMul,649196,649196,3,0,4707,4202,:4173:4199:4202:4707,------myelin-exec:__myl_FcCasNegExpAddDivMulMul
21111753056,21111881952,128896,0,128896,myelin-exec:__myl_FcAdd,649196,649196,3,0,4708,4202,:4173:4199:4202:4708,------myelin-exec:__myl_FcAdd
21111883744,21111897664,13920,0,13920,myelin-exec:__myl_MulMeaAddSqrDivMulDivMinMaxRouCasDivMinMaxRouCasDivMinMaxRouCas,649196,649196,3,0,4709,4202,:4173:4199:4202:4709,------myelin-exec:__myl_MulMeaAddSqrDivMulDivMinMaxRouCasDivMinMaxRouCasDivMinMaxRouCas
21111899008,21111903648,4640,0,4640,myelin-exec:__mye677132,649196,649196,3,0,4710,4202,:4173:4199:4202:4710,------myelin-exec:__mye677132
21111904640,21111907904,3264,0,3264,myelin-exec:__mye677134,649196,649196,3,0,4711,4202,:4173:4199:4202:4711,------myelin-exec:__mye677134
21111908832,21112036448,127616,0,127616,myelin-exec:__myl_FcCas,649196,649196,3,0,4712,4202,:4173:4199:4202:4712,------myelin-exec:__myl_FcCas
21112037952,21112061408,23456,0,23456,myelin-exec:__myl_ResConResRep,649196,649196,3,0,4713,4202,:4173:4199:4202:4713,------myelin-exec:__myl_ResConResRep
21112062880,21112066240,3360,0,3360,myelin-exec:__mye677142,649196,649196,3,0,4714,4202,:4173:4199:4202:4714,------myelin-exec:__mye677142
21112067168,21112069440,2272,0,2272,myelin-exec:__mye677136,649196,649196,3,0,4715,4202,:4173:4199:4202:4715,------myelin-exec:__mye677136
21112070336,21112210400,140064,0,140064,myelin-exec:__myl_FcCas,649196,649196,3,0,4716,4202,:4173:4199:4202:4716,------myelin-exec:__myl_FcCas
21112212352,21112225728,13376,0,13376,myelin-exec:__myl_ResMulMea,649196,649196,3,0,4717,4202,:4173:4199:4202:4717,------myelin-exec:__myl_ResMulMea
21112227040,21112247712,20672,0,20672,myelin-exec:__myl_AddSqrDivMulMulResSliSliNegConMulMulAddConResRepResTra,649196,649196,3,0,4718,4202,:4173:4199:4202:4718,------myelin-exec:__myl_AddSqrDivMulMulResSliSliNegConMulMulAddConResRepResTra
21112249248,21112252320,3072,0,3072,myelin-exec:__mye677138,649196,649196,3,0,4719,4202,:4173:4199:4202:4719,------myelin-exec:__mye677138
21112253280,21112384576,131296,0,131296,myelin-exec:__myl_FcCas,649196,649196,3,0,4720,4202,:4173:4199:4202:4720,------myelin-exec:__myl_FcCas
21112386912,21112400704,13792,0,13792,myelin-exec:__myl_ResMulMea,649196,649196,3,0,4721,4202,:4173:4199:4202:4721,------myelin-exec:__myl_ResMulMea
21112402304,21112413920,11616,0,11616,myelin-exec:__myl_AddSqrDivMulMulResSliSliNegConMulMulAdd,649196,649196,3,0,4722,4202,:4173:4199:4202:4722,------myelin-exec:__myl_AddSqrDivMulMulResSliSliNegConMulMulAdd
21112414976,21112418368,3392,0,3392,myelin-exec:__mye677140,649196,649196,3,0,4723,4202,:4173:4199:4202:4723,------myelin-exec:__mye677140
21112419200,21112467360,48160,0,48160,myelin-exec:/MatMul_40,649196,649196,3,0,4724,4202,:4173:4199:4202:4724,------myelin-exec:/MatMul_40
21112468832,21112485312,16480,0,16480,myelin-exec:__myl_MulMaxSubExpSumDivMul,649196,649196,3,0,4725,4202,:4173:4199:4202:4725,------myelin-exec:__myl_MulMaxSubExpSumDivMul
21112486464,21112490240,3776,0,3776,myelin-exec:__mye677144,649196,649196,3,0,4726,4202,:4173:4199:4202:4726,------myelin-exec:__mye677144
21112491296,21112532800,41504,0,41504,myelin-exec:/MatMul_41,649196,649196,3,0,4727,4202,:4173:4199:4202:4727,------myelin-exec:/MatMul_41
21112534720,21112556512,21792,0,21792,myelin-exec:__myl_MulMinMaxRouCas,649196,649196,3,0,4728,4202,:4173:4199:4202:4728,------myelin-exec:__myl_MulMinMaxRouCas
21112558112,21112696800,138688,0,138688,myelin-exec:__myl_FcCasAdd,649196,649196,3,0,4729,4202,:4173:4199:4202:4729,------myelin-exec:__myl_FcCasAdd
21112698624,21112716672,18048,0,18048,myelin-exec:__myl_MulMeaAddSqrDivMulMulMulMinMaxRouCas,649196,649196,3,0,4730,4202,:4173:4199:4202:4730,------myelin-exec:__myl_MulMeaAddSqrDivMulMulMulMinMaxRouCas
21112717888,21112760320,42432,0,42432,myelin-exec:/up_proj_20/MatMul,649196,649196,3,0,4731,4202,:4173:4199:4202:4731,------myelin-exec:/up_proj_20/MatMul
21112761600,21112893696,132096,0,132096,myelin-exec:__myl_FcCasNegExpAddDivMulMul,649196,649196,3,0,4732,4202,:4173:4199:4202:4732,------myelin-exec:__myl_FcCasNegExpAddDivMulMul
21112895552,21113028384,132832,0,132832,myelin-exec:__myl_FcAdd,649196,649196,3,0,4733,4202,:4173:4199:4202:4733,------myelin-exec:__myl_FcAdd
21113030176,21113045120,14944,0,14944,myelin-exec:__myl_MulMeaAddSqrDivMulDivMinMaxRouCasDivMinMaxRouCasDivMinMaxRouCas,649196,649196,3,0,4734,4202,:4173:4199:4202:4734,------myelin-exec:__myl_MulMeaAddSqrDivMulDivMinMaxRouCasDivMinMaxRouCasDivMinMaxRouCas
21113046432,21113051648,5216,0,5216,myelin-exec:__mye677146,649196,649196,3,0,4735,4202,:4173:4199:4202:4735,------myelin-exec:__mye677146
21113052896,21113055872,2976,0,2976,myelin-exec:__mye677148,649196,649196,3,0,4736,4202,:4173:4199:4202:4736,------myelin-exec:__mye677148
21113056864,21113185184,128320,0,128320,myelin-exec:__myl_FcCas,649196,649196,3,0,4737,4202,:4173:4199:4202:4737,------myelin-exec:__myl_FcCas
21113186944,21113203200,16256,0,16256,myelin-exec:__myl_ResConResRep,649196,649196,3,0,4738,4202,:4173:4199:4202:4738,------myelin-exec:__myl_ResConResRep
21113204704,21113208160,3456,0,3456,myelin-exec:__mye677156,649196,649196,3,0,4739,4202,:4173:4199:4202:4739,------myelin-exec:__mye677156
21113208832,21113211616,2784,0,2784,myelin-exec:__mye677150,649196,649196,3,0,4740,4202,:4173:4199:4202:4740,------myelin-exec:__mye677150
21113212608,21113339328,126720,0,126720,myelin-exec:__myl_FcCas,649196,649196,3,0,4741,4202,:4173:4199:4202:4741,------myelin-exec:__myl_FcCas
21113340736,21113354272,13536,0,13536,myelin-exec:__myl_ResMulMea,649196,649196,3,0,4742,4202,:4173:4199:4202:4742,------myelin-exec:__myl_ResMulMea
21113355200,21113378208,23008,0,23008,myelin-exec:__myl_AddSqrDivMulMulResSliSliNegConMulMulAddConResRepResTra,649196,649196,3,0,4743,4202,:4173:4199:4202:4743,------myelin-exec:__myl_AddSqrDivMulMulResSliSliNegConMulMulAddConResRepResTra
21113379712,21113383168,3456,0,3456,myelin-exec:__mye677152,649196,649196,3,0,4744,4202,:4173:4199:4202:4744,------myelin-exec:__mye677152
21113384128,21113523584,139456,0,139456,myelin-exec:__myl_FcCas,649196,649196,3,0,4745,4202,:4173:4199:4202:4745,------myelin-exec:__myl_FcCas
21113525312,21113539296,13984,0,13984,myelin-exec:__myl_ResMulMea,649196,649196,3,0,4746,4202,:4173:4199:4202:4746,------myelin-exec:__myl_ResMulMea
21113541312,21113553760,12448,0,12448,myelin-exec:__myl_AddSqrDivMulMulResSliSliNegConMulMulAdd,649196,649196,3,0,4747,4202,:4173:4199:4202:4747,------myelin-exec:__myl_AddSqrDivMulMulResSliSliNegConMulMulAdd
21113554784,21113558144,3360,0,3360,myelin-exec:__mye677154,649196,649196,3,0,4748,4202,:4173:4199:4202:4748,------myelin-exec:__mye677154
21113559328,21113607520,48192,0,48192,myelin-exec:/MatMul_42,649196,649196,3,0,4749,4202,:4173:4199:4202:4749,------myelin-exec:/MatMul_42
21113609024,21113626176,17152,0,17152,myelin-exec:__myl_MulMaxSubExpSumDivMul,649196,649196,3,0,4750,4202,:4173:4199:4202:4750,------myelin-exec:__myl_MulMaxSubExpSumDivMul
21113627456,21113630944,3488,0,3488,myelin-exec:__mye677158,649196,649196,3,0,4751,4202,:4173:4199:4202:4751,------myelin-exec:__mye677158
21113632032,21113673568,41536,0,41536,myelin-exec:/MatMul_43,649196,649196,3,0,4752,4202,:4173:4199:4202:4752,------myelin-exec:/MatMul_43
21113675104,21113694336,19232,0,19232,myelin-exec:__myl_MulMinMaxRouCas,649196,649196,3,0,4753,4202,:4173:4199:4202:4753,------myelin-exec:__myl_MulMinMaxRouCas
21113695808,21113832544,136736,0,136736,myelin-exec:__myl_FcCasAdd,649196,649196,3,0,4754,4202,:4173:4199:4202:4754,------myelin-exec:__myl_FcCasAdd
21113834080,21113853248,19168,0,19168,myelin-exec:__myl_MulMeaAddSqrDivMulMulMulMinMaxRouCas,649196,649196,3,0,4755,4202,:4173:4199:4202:4755,------myelin-exec:__myl_MulMeaAddSqrDivMulMulMulMinMaxRouCas
21113854688,21113900960,46272,0,46272,myelin-exec:/up_proj_21/MatMul,649196,649196,3,0,4756,4202,:4173:4199:4202:4756,------myelin-exec:/up_proj_21/MatMul
21113902304,21114037120,134816,0,134816,myelin-exec:__myl_FcCasNegExpAddDivMulMul,649196,649196,3,0,4757,4202,:4173:4199:4202:4757,------myelin-exec:__myl_FcCasNegExpAddDivMulMul
21114038880,21114171456,132576,0,132576,myelin-exec:__myl_FcAdd,649196,649196,3,0,4758,4202,:4173:4199:4202:4758,------myelin-exec:__myl_FcAdd
21114173184,21114188096,14912,0,14912,myelin-exec:__myl_MulMeaAddSqrDivMulDivMinMaxRouCasDivMinMaxRouCasDivMinMaxRouCas,649196,649196,3,0,4759,4202,:4173:4199:4202:4759,------myelin-exec:__myl_MulMeaAddSqrDivMulDivMinMaxRouCasDivMinMaxRouCasDivMinMaxRouCas
21114189568,21114193952,4384,0,4384,myelin-exec:__mye677160,649196,649196,3,0,4760,4202,:4173:4199:4202:4760,------myelin-exec:__mye677160
21114194784,21114197600,2816,0,2816,myelin-exec:__mye677162,649196,649196,3,0,4761,4202,:4173:4199:4202:4761,------myelin-exec:__mye677162
21114198272,21114358496,160224,0,160224,myelin-exec:__myl_FcCas,649196,649196,3,0,4762,4202,:4173:4199:4202:4762,------myelin-exec:__myl_FcCas
21114360864,21114382240,21376,0,21376,myelin-exec:__myl_ResConResRep,649196,649196,3,0,4763,4202,:4173:4199:4202:4763,------myelin-exec:__myl_ResConResRep
21114383776,21114387744,3968,0,3968,myelin-exec:__mye677170,649196,649196,3,0,4764,4202,:4173:4199:4202:4764,------myelin-exec:__mye677170
21114388832,21114391392,2560,0,2560,myelin-exec:__mye677164,649196,649196,3,0,4765,4202,:4173:4199:4202:4765,------myelin-exec:__mye677164
21114392096,21114529440,137344,0,137344,myelin-exec:__myl_FcCas,649196,649196,3,0,4766,4202,:4173:4199:4202:4766,------myelin-exec:__myl_FcCas
21114530912,21114544832,13920,0,13920,myelin-exec:__myl_ResMulMea,649196,649196,3,0,4767,4202,:4173:4199:4202:4767,------myelin-exec:__myl_ResMulMea
21114546304,21114568928,22624,0,22624,myelin-exec:__myl_AddSqrDivMulMulResSliSliNegConMulMulAddConResRepResTra,649196,649196,3,0,4768,4202,:4173:4199:4202:4768,------myelin-exec:__myl_AddSqrDivMulMulResSliSliNegConMulMulAddConResRepResTra
21114570176,21114574240,4064,0,4064,myelin-exec:__mye677166,649196,649196,3,0,4769,4202,:4173:4199:4202:4769,------myelin-exec:__mye677166
21114575488,21114716096,140608,0,140608,myelin-exec:__myl_FcCas,649196,649196,3,0,4770,4202,:4173:4199:4202:4770,------myelin-exec:__myl_FcCas
21114717536,21114731968,14432,0,14432,myelin-exec:__myl_ResMulMea,649196,649196,3,0,4771,4202,:4173:4199:4202:4771,------myelin-exec:__myl_ResMulMea
21114733344,21114746464,13120,0,13120,myelin-exec:__myl_AddSqrDivMulMulResSliSliNegConMulMulAdd,649196,649196,3,0,4772,4202,:4173:4199:4202:4772,------myelin-exec:__myl_AddSqrDivMulMulResSliSliNegConMulMulAdd
21114747872,21114751232,3360,0,3360,myelin-exec:__mye677168,649196,649196,3,0,4773,4202,:4173:4199:4202:4773,------myelin-exec:__mye677168
21114752384,21114800576,48192,0,48192,myelin-exec:/MatMul_44,649196,649196,3,0,4774,4202,:4173:4199:4202:4774,------myelin-exec:/MatMul_44
21114802240,21114818560,16320,0,16320,myelin-exec:__myl_MulMaxSubExpSumDivMul,649196,649196,3,0,4775,4202,:4173:4199:4202:4775,------myelin-exec:__myl_MulMaxSubExpSumDivMul
21114820032,21114823488,3456,0,3456,myelin-exec:__mye677172,649196,649196,3,0,4776,4202,:4173:4199:4202:4776,------myelin-exec:__mye677172
21114824640,21114862016,37376,0,37376,myelin-exec:/MatMul_45,649196,649196,3,0,4777,4202,:4173:4199:4202:4777,------myelin-exec:/MatMul_45
21114863616,21114881280,17664,0,17664,myelin-exec:__myl_MulMinMaxRouCas,649196,649196,3,0,4778,4202,:4173:4199:4202:4778,------myelin-exec:__myl_MulMinMaxRouCas
21114882656,21115015712,133056,0,133056,myelin-exec:__myl_FcCasAdd,649196,649196,3,0,4779,4202,:4173:4199:4202:4779,------myelin-exec:__myl_FcCasAdd
21115017376,21115032096,14720,0,14720,myelin-exec:__myl_MulMeaAddSqrDivMulMulMulMinMaxRouCas,649196,649196,3,0,4780,4202,:4173:4199:4202:4780,------myelin-exec:__myl_MulMeaAddSqrDivMulMulMulMinMaxRouCas
21115033312,21115074432,41120,0,41120,myelin-exec:/up_proj_22/MatMul,649196,649196,3,0,4781,4202,:4173:4199:4202:4781,------myelin-exec:/up_proj_22/MatMul
21115076224,21115208832,132608,0,132608,myelin-exec:__myl_FcCasNegExpAddDivMulMul,649196,649196,3,0,4782,4202,:4173:4199:4202:4782,------myelin-exec:__myl_FcCasNegExpAddDivMulMul
21115210368,21115339744,129376,0,129376,myelin-exec:__myl_FcAdd,649196,649196,3,0,4783,4202,:4173:4199:4202:4783,------myelin-exec:__myl_FcAdd
21115341280,21115356096,14816,0,14816,myelin-exec:__myl_MulMeaAddSqrDivMulDivMinMaxRouCasDivMinMaxRouCasDivMinMaxRouCas,649196,649196,3,0,4784,4202,:4173:4199:4202:4784,------myelin-exec:__myl_MulMeaAddSqrDivMulDivMinMaxRouCasDivMinMaxRouCasDivMinMaxRouCas
21115357472,21115361920,4448,0,4448,myelin-exec:__mye677174,649196,649196,3,0,4785,4202,:4173:4199:4202:4785,------myelin-exec:__mye677174
21115363104,21115366144,3040,0,3040,myelin-exec:__mye677176,649196,649196,3,0,4786,4202,:4173:4199:4202:4786,------myelin-exec:__mye677176
21115367072,21115499168,132096,0,132096,myelin-exec:__myl_FcCas,649196,649196,3,0,4787,4202,:4173:4199:4202:4787,------myelin-exec:__myl_FcCas
21115501120,21115518880,17760,0,17760,myelin-exec:__myl_ResConResRep,649196,649196,3,0,4788,4202,:4173:4199:4202:4788,------myelin-exec:__myl_ResConResRep
21115520448,21115523584,3136,0,3136,myelin-exec:__mye677184,649196,649196,3,0,4789,4202,:4173:4199:4202:4789,------myelin-exec:__mye677184
21115524224,21115526368,2144,0,2144,myelin-exec:__mye677178,649196,649196,3,0,4790,4202,:4173:4199:4202:4790,------myelin-exec:__mye677178
21115527296,21115660544,133248,0,133248,myelin-exec:__myl_FcCas,649196,649196,3,0,4791,4202,:4173:4199:4202:4791,------myelin-exec:__myl_FcCas
21115662560,21115676192,13632,0,13632,myelin-exec:__myl_ResMulMea,649196,649196,3,0,4792,4202,:4173:4199:4202:4792,------myelin-exec:__myl_ResMulMea
21115677696,21115699392,21696,0,21696,myelin-exec:__myl_AddSqrDivMulMulResSliSliNegConMulMulAddConResRepResTra,649196,649196,3,0,4793,4202,:4173:4199:4202:4793,------myelin-exec:__myl_AddSqrDivMulMulResSliSliNegConMulMulAddConResRepResTra
21115700576,21115703776,3200,0,3200,myelin-exec:__mye677180,649196,649196,3,0,4794,4202,:4173:4199:4202:4794,------myelin-exec:__mye677180
21115704832,21115850048,145216,0,145216,myelin-exec:__myl_FcCas,649196,649196,3,0,4795,4202,:4173:4199:4202:4795,------myelin-exec:__myl_FcCas
21115851744,21115869664,17920,0,17920,myelin-exec:__myl_ResMulMea,649196,649196,3,0,4796,4202,:4173:4199:4202:4796,------myelin-exec:__myl_ResMulMea
21115871296,21115886336,15040,0,15040,myelin-exec:__myl_AddSqrDivMulMulResSliSliNegConMulMulAdd,649196,649196,3,0,4797,4202,:4173:4199:4202:4797,------myelin-exec:__myl_AddSqrDivMulMulResSliSliNegConMulMulAdd
21115887776,21115891456,3680,0,3680,myelin-exec:__mye677182,649196,649196,3,0,4798,4202,:4173:4199:4202:4798,------myelin-exec:__mye677182
21115892384,21115937344,44960,0,44960,myelin-exec:/MatMul_46,649196,649196,3,0,4799,4202,:4173:4199:4202:4799,------myelin-exec:/MatMul_46
21115938976,21115953248,14272,0,14272,myelin-exec:__myl_MulMaxSubExpSumDivMul,649196,649196,3,0,4800,4202,:4173:4199:4202:4800,------myelin-exec:__myl_MulMaxSubExpSumDivMul
21115954656,21115957952,3296,0,3296,myelin-exec:__mye677186,649196,649196,3,0,4801,4202,:4173:4199:4202:4801,------myelin-exec:__mye677186
21115959040,21116001792,42752,0,42752,myelin-exec:/MatMul_47,649196,649196,3,0,4802,4202,:4173:4199:4202:4802,------myelin-exec:/MatMul_47
21116003360,21116022240,18880,0,18880,myelin-exec:__myl_MulMinMaxRouCas,649196,649196,3,0,4803,4202,:4173:4199:4202:4803,------myelin-exec:__myl_MulMinMaxRouCas
21116023616,21116158784,135168,0,135168,myelin-exec:__myl_FcCasAdd,649196,649196,3,0,4804,4202,:4173:4199:4202:4804,------myelin-exec:__myl_FcCasAdd
21116160544,21116179616,19072,0,19072,myelin-exec:__myl_MulMeaAddSqrDivMulMulMulMinMaxRouCas,649196,649196,3,0,4805,4202,:4173:4199:4202:4805,------myelin-exec:__myl_MulMeaAddSqrDivMulMulMulMinMaxRouCas
21116180928,21116227552,46624,0,46624,myelin-exec:/up_proj_23/MatMul,649196,649196,3,0,4806,4202,:4173:4199:4202:4806,------myelin-exec:/up_proj_23/MatMul
21116229248,21116363520,134272,0,134272,myelin-exec:__myl_FcCasNegExpAddDivMulMul,649196,649196,3,0,4807,4202,:4173:4199:4202:4807,------myelin-exec:__myl_FcCasNegExpAddDivMulMul
21116365184,21116495360,130176,0,130176,myelin-exec:__myl_FcAdd,649196,649196,3,0,4808,4202,:4173:4199:4202:4808,------myelin-exec:__myl_FcAdd
21116496832,21116511424,14592,0,14592,myelin-exec:__myl_MulMeaAddSqrDivMulDivMinMaxRouCasDivMinMaxRouCasDivMinMaxRouCas,649196,649196,3,0,4809,4202,:4173:4199:4202:4809,------myelin-exec:__myl_MulMeaAddSqrDivMulDivMinMaxRouCasDivMinMaxRouCasDivMinMaxRouCas
21116512864,21116517760,4896,0,4896,myelin-exec:__mye677188,649196,649196,3,0,4810,4202,:4173:4199:4202:4810,------myelin-exec:__mye677188
21116518912,21116522400,3488,0,3488,myelin-exec:__mye677190,649196,649196,3,0,4811,4202,:4173:4199:4202:4811,------myelin-exec:__mye677190
21116522976,21116650496,127520,0,127520,myelin-exec:__myl_FcCas,649196,649196,3,0,4812,4202,:4173:4199:4202:4812,------myelin-exec:__myl_FcCas
21116651936,21116674592,22656,0,22656,myelin-exec:__myl_ResConResRep,649196,649196,3,0,4813,4202,:4173:4199:4202:4813,------myelin-exec:__myl_ResConResRep
21116675744,21116679072,3328,0,3328,myelin-exec:__mye677198,649196,649196,3,0,4814,4202,:4173:4199:4202:4814,------myelin-exec:__mye677198
21116679840,21116682016,2176,0,2176,myelin-exec:__mye677192,649196,649196,3,0,4815,4202,:4173:4199:4202:4815,------myelin-exec:__mye677192
21116682720,21116821472,138752,0,138752,myelin-exec:__myl_FcCas,649196,649196,3,0,4816,4202,:4173:4199:4202:4816,------myelin-exec:__myl_FcCas
21116823360,21116839584,16224,0,16224,myelin-exec:__myl_ResMulMea,649196,649196,3,0,4817,4202,:4173:4199:4202:4817,------myelin-exec:__myl_ResMulMea
21116840992,21116865024,24032,0,24032,myelin-exec:__myl_AddSqrDivMulMulResSliSliNegConMulMulAddConResRepResTra,649196,649196,3,0,4818,4202,:4173:4199:4202:4818,------myelin-exec:__myl_AddSqrDivMulMulResSliSliNegConMulMulAddConResRepResTra
21116866656,21116870784,4128,0,4128,myelin-exec:__mye677194,649196,649196,3,0,4819,4202,:4173:4199:4202:4819,------myelin-exec:__mye677194
21116871808,21117006016,134208,0,134208,myelin-exec:__myl_FcCas,649196,649196,3,0,4820,4202,:4173:4199:4202:4820,------myelin-exec:__myl_FcCas
21117007648,21117021536,13888,0,13888,myelin-exec:__myl_ResMulMea,649196,649196,3,0,4821,4202,:4173:4199:4202:4821,------myelin-exec:__myl_ResMulMea
21117022880,21117034624,11744,0,11744,myelin-exec:__myl_AddSqrDivMulMulResSliSliNegConMulMulAdd,649196,649196,3,0,4822,4202,:4173:4199:4202:4822,------myelin-exec:__myl_AddSqrDivMulMulResSliSliNegConMulMulAdd
21117035744,21117039040,3296,0,3296,myelin-exec:__mye677196,649196,649196,3,0,4823,4202,:4173:4199:4202:4823,------myelin-exec:__mye677196
21117039744,21117089536,49792,0,49792,myelin-exec:/MatMul_48,649196,649196,3,0,4824,4202,:4173:4199:4202:4824,------myelin-exec:/MatMul_48
21117091104,21117107488,16384,0,16384,myelin-exec:__myl_MulMaxSubExpSumDivMul,649196,649196,3,0,4825,4202,:4173:4199:4202:4825,------myelin-exec:__myl_MulMaxSubExpSumDivMul
21117108640,21117111904,3264,0,3264,myelin-exec:__mye677200,649196,649196,3,0,4826,4202,:4173:4199:4202:4826,------myelin-exec:__mye677200
21117112736,21117150784,38048,0,38048,myelin-exec:/MatMul_49,649196,649196,3,0,4827,4202,:4173:4199:4202:4827,------myelin-exec:/MatMul_49
21117151840,21117170176,18336,0,18336,myelin-exec:__myl_MulMinMaxRouCas,649196,649196,3,0,4828,4202,:4173:4199:4202:4828,------myelin-exec:__myl_MulMinMaxRouCas
21117171648,21117304640,132992,0,132992,myelin-exec:__myl_FcCasAdd,649196,649196,3,0,4829,4202,:4173:4199:4202:4829,------myelin-exec:__myl_FcCasAdd
21117306336,21117320704,14368,0,14368,myelin-exec:__myl_MulMeaAddSqrDivMulMulMulMinMaxRouCas,649196,649196,3,0,4830,4202,:4173:4199:4202:4830,------myelin-exec:__myl_MulMeaAddSqrDivMulMulMulMinMaxRouCas
21117321984,21117365984,44000,0,44000,myelin-exec:/up_proj_24/MatMul,649196,649196,3,0,4831,4202,:4173:4199:4202:4831,------myelin-exec:/up_proj_24/MatMul
21117367744,21117503936,136192,0,136192,myelin-exec:__myl_FcCasNegExpAddDivMulMul,649196,649196,3,0,4832,4202,:4173:4199:4202:4832,------myelin-exec:__myl_FcCasNegExpAddDivMulMul
21117505760,21117636928,131168,0,131168,myelin-exec:__myl_FcAdd,649196,649196,3,0,4833,4202,:4173:4199:4202:4833,------myelin-exec:__myl_FcAdd
21117638528,21117651904,13376,0,13376,myelin-exec:__myl_MulMeaAddSqrDivMulDivMinMaxRouCasDivMinMaxRouCasDivMinMaxRouCas,649196,649196,3,0,4834,4202,:4173:4199:4202:4834,------myelin-exec:__myl_MulMeaAddSqrDivMulDivMinMaxRouCasDivMinMaxRouCasDivMinMaxRouCas
21117653152,21117657344,4192,0,4192,myelin-exec:__mye677202,649196,649196,3,0,4835,4202,:4173:4199:4202:4835,------myelin-exec:__mye677202
21117658048,21117661120,3072,0,3072,myelin-exec:__mye677204,649196,649196,3,0,4836,4202,:4173:4199:4202:4836,------myelin-exec:__mye677204
21117662176,21117790368,128192,0,128192,myelin-exec:__myl_FcCas,649196,649196,3,0,4837,4202,:4173:4199:4202:4837,------myelin-exec:__myl_FcCas
21117792384,21117808448,16064,0,16064,myelin-exec:__myl_ResConResRep,649196,649196,3,0,4838,4202,:4173:4199:4202:4838,------myelin-exec:__myl_ResConResRep
21117809856,21117813280,3424,0,3424,myelin-exec:__mye677212,649196,649196,3,0,4839,4202,:4173:4199:4202:4839,------myelin-exec:__mye677212
21117814016,21117816672,2656,0,2656,myelin-exec:__mye677206,649196,649196,3,0,4840,4202,:4173:4199:4202:4840,------myelin-exec:__mye677206
21117818144,21117946592,128448,0,128448,myelin-exec:__myl_FcCas,649196,649196,3,0,4841,4202,:4173:4199:4202:4841,------myelin-exec:__myl_FcCas
21117948320,21117962496,14176,0,14176,myelin-exec:__myl_ResMulMea,649196,649196,3,0,4842,4202,:4173:4199:4202:4842,------myelin-exec:__myl_ResMulMea
21117964064,21117986496,22432,0,22432,myelin-exec:__myl_AddSqrDivMulMulResSliSliNegConMulMulAddConResRepResTra,649196,649196,3,0,4843,4202,:4173:4199:4202:4843,------myelin-exec:__myl_AddSqrDivMulMulResSliSliNegConMulMulAddConResRepResTra
21117987904,21117991776,3872,0,3872,myelin-exec:__mye677208,649196,649196,3,0,4844,4202,:4173:4199:4202:4844,------myelin-exec:__mye677208
21117992992,21118149312,156320,0,156320,myelin-exec:__myl_FcCas,649196,649196,3,0,4845,4202,:4173:4199:4202:4845,------myelin-exec:__myl_FcCas
21118151104,21118168256,17152,0,17152,myelin-exec:__myl_ResMulMea,649196,649196,3,0,4846,4202,:4173:4199:4202:4846,------myelin-exec:__myl_ResMulMea
21118169952,21118183328,13376,0,13376,myelin-exec:__myl_AddSqrDivMulMulResSliSliNegConMulMulAdd,649196,649196,3,0,4847,4202,:4173:4199:4202:4847,------myelin-exec:__myl_AddSqrDivMulMulResSliSliNegConMulMulAdd
21118184768,21118188096,3328,0,3328,myelin-exec:__mye677210,649196,649196,3,0,4848,4202,:4173:4199:4202:4848,------myelin-exec:__mye677210
21118189184,21118233024,43840,0,43840,myelin-exec:/MatMul_50,649196,649196,3,0,4849,4202,:4173:4199:4202:4849,------myelin-exec:/MatMul_50
21118234752,21118248640,13888,0,13888,myelin-exec:__myl_MulMaxSubExpSumDivMul,649196,649196,3,0,4850,4202,:4173:4199:4202:4850,------myelin-exec:__myl_MulMaxSubExpSumDivMul
21118249760,21118252928,3168,0,3168,myelin-exec:__mye677214,649196,649196,3,0,4851,4202,:4173:4199:4202:4851,------myelin-exec:__mye677214
21118253824,21118339872,86048,0,86048,myelin-exec:/MatMul_51,649196,649196,3,0,4852,4202,:4173:4199:4202:4852,------myelin-exec:/MatMul_51
21118341696,21118367968,26272,0,26272,myelin-exec:__myl_MulMinMaxRouCas,649196,649196,3,0,4853,4202,:4173:4199:4202:4853,------myelin-exec:__myl_MulMinMaxRouCas
21118369824,21118522496,152672,0,152672,myelin-exec:__myl_FcCasAdd,649196,649196,3,0,4854,4202,:4173:4199:4202:4854,------myelin-exec:__myl_FcCasAdd
21118524160,21118546080,21920,0,21920,myelin-exec:__myl_MulMeaAddSqrDivMulMulMulMinMaxRouCas,649196,649196,3,0,4855,4202,:4173:4199:4202:4855,------myelin-exec:__myl_MulMeaAddSqrDivMulMulMulMinMaxRouCas
21118548064,21118596864,48800,0,48800,myelin-exec:/up_proj_25/MatMul,649196,649196,3,0,4856,4202,:4173:4199:4202:4856,------myelin-exec:/up_proj_25/MatMul
21118598464,21118736384,137920,0,137920,myelin-exec:__myl_FcCasNegExpAddDivMulMul,649196,649196,3,0,4857,4202,:4173:4199:4202:4857,------myelin-exec:__myl_FcCasNegExpAddDivMulMul
21118738208,21118869920,131712,0,131712,myelin-exec:__myl_FcAdd,649196,649196,3,0,4858,4202,:4173:4199:4202:4858,------myelin-exec:__myl_FcAdd
21118871488,21118886112,14624,0,14624,myelin-exec:__myl_MulMeaAddSqrDivMulDivMinMaxRouCasDivMinMaxRouCasDivMinMaxRouCas,649196,649196,3,0,4859,4202,:4173:4199:4202:4859,------myelin-exec:__myl_MulMeaAddSqrDivMulDivMinMaxRouCasDivMinMaxRouCasDivMinMaxRouCas
21118887488,21118892160,4672,0,4672,myelin-exec:__mye677216,649196,649196,3,0,4860,4202,:4173:4199:4202:4860,------myelin-exec:__mye677216
21118893344,21118896800,3456,0,3456,myelin-exec:__mye677218,649196,649196,3,0,4861,4202,:4173:4199:4202:4861,------myelin-exec:__mye677218
21118898016,21119034272,136256,0,136256,myelin-exec:__myl_FcCas,649196,649196,3,0,4862,4202,:4173:4199:4202:4862,------myelin-exec:__myl_FcCas
21119036320,21119054528,18208,0,18208,myelin-exec:__myl_ResConResRep,649196,649196,3,0,4863,4202,:4173:4199:4202:4863,------myelin-exec:__myl_ResConResRep
21119056448,21119060000,3552,0,3552,myelin-exec:__mye677226,649196,649196,3,0,4864,4202,:4173:4199:4202:4864,------myelin-exec:__mye677226
21119060896,21119063616,2720,0,2720,myelin-exec:__mye677220,649196,649196,3,0,4865,4202,:4173:4199:4202:4865,------myelin-exec:__mye677220
21119064640,21119201344,136704,0,136704,myelin-exec:__myl_FcCas,649196,649196,3,0,4866,4202,:4173:4199:4202:4866,------myelin-exec:__myl_FcCas
21119203136,21119223520,20384,0,20384,myelin-exec:__myl_ResMulMea,649196,649196,3,0,4867,4202,:4173:4199:4202:4867,------myelin-exec:__myl_ResMulMea
21119224896,21119240672,15776,0,15776,myelin-exec:__myl_AddSqrDivMulMulResSliSliNegConMulMulAddConResRepResTra,649196,649196,3,0,4868,4202,:4173:4199:4202:4868,------myelin-exec:__myl_AddSqrDivMulMulResSliSliNegConMulMulAddConResRepResTra
21119241824,21119244960,3136,0,3136,myelin-exec:__mye677222,649196,649196,3,0,4869,4202,:4173:4199:4202:4869,------myelin-exec:__mye677222
21119246336,21119384544,138208,0,138208,myelin-exec:__myl_FcCas,649196,649196,3,0,4870,4202,:4173:4199:4202:4870,------myelin-exec:__myl_FcCas
21119386560,21119400800,14240,0,14240,myelin-exec:__myl_ResMulMea,649196,649196,3,0,4871,4202,:4173:4199:4202:4871,------myelin-exec:__myl_ResMulMea
21119402368,21119414848,12480,0,12480,myelin-exec:__myl_AddSqrDivMulMulResSliSliNegConMulMulAdd,649196,649196,3,0,4872,4202,:4173:4199:4202:4872,------myelin-exec:__myl_AddSqrDivMulMulResSliSliNegConMulMulAdd
21119416224,21119419584,3360,0,3360,myelin-exec:__mye677224,649196,649196,3,0,4873,4202,:4173:4199:4202:4873,------myelin-exec:__mye677224
21119420704,21119470496,49792,0,49792,myelin-exec:/MatMul_52,649196,649196,3,0,4874,4202,:4173:4199:4202:4874,------myelin-exec:/MatMul_52
21119472160,21119487712,15552,0,15552,myelin-exec:__myl_MulMaxSubExpSumDivMul,649196,649196,3,0,4875,4202,:4173:4199:4202:4875,------myelin-exec:__myl_MulMaxSubExpSumDivMul
21119488992,21119492416,3424,0,3424,myelin-exec:__mye677228,649196,649196,3,0,4876,4202,:4173:4199:4202:4876,------myelin-exec:__mye677228
21119493504,21119531296,37792,0,37792,myelin-exec:/MatMul_53,649196,649196,3,0,4877,4202,:4173:4199:4202:4877,------myelin-exec:/MatMul_53
21119532928,21119551008,18080,0,18080,myelin-exec:__myl_MulMinMaxRouCas,649196,649196,3,0,4878,4202,:4173:4199:4202:4878,------myelin-exec:__myl_MulMinMaxRouCas
21119552448,21119686784,134336,0,134336,myelin-exec:__myl_FcCasAdd,649196,649196,3,0,4879,4202,:4173:4199:4202:4879,------myelin-exec:__myl_FcCasAdd
21119688608,21119707072,18464,0,18464,myelin-exec:__myl_MulMeaAddSqrDivMulMulMulMinMaxRouCas,649196,649196,3,0,4880,4202,:4173:4199:4202:4880,------myelin-exec:__myl_MulMeaAddSqrDivMulMulMulMinMaxRouCas
21119708672,21119749856,41184,0,41184,myelin-exec:/up_proj_26/MatMul,649196,649196,3,0,4881,4202,:4173:4199:4202:4881,------myelin-exec:/up_proj_26/MatMul
21119751488,21119880544,129056,0,129056,myelin-exec:__myl_FcCasNegExpAddDivMulMul,649196,649196,3,0,4882,4202,:4173:4199:4202:4882,------myelin-exec:__myl_FcCasNegExpAddDivMulMul
21119882112,21120013312,131200,0,131200,myelin-exec:__myl_FcAdd,649196,649196,3,0,4883,4202,:4173:4199:4202:4883,------myelin-exec:__myl_FcAdd
21120014912,21120029536,14624,0,14624,myelin-exec:__myl_MulMeaAddSqrDivMulDivMinMaxRouCasDivMinMaxRouCasDivMinMaxRouCas,649196,649196,3,0,4884,4202,:4173:4199:4202:4884,------myelin-exec:__myl_MulMeaAddSqrDivMulDivMinMaxRouCasDivMinMaxRouCasDivMinMaxRouCas
21120030752,21120035520,4768,0,4768,myelin-exec:__mye677230,649196,649196,3,0,4885,4202,:4173:4199:4202:4885,------myelin-exec:__mye677230
21120036512,21120039872,3360,0,3360,myelin-exec:__mye677232,649196,649196,3,0,4886,4202,:4173:4199:4202:4886,------myelin-exec:__mye677232
21120041152,21120174496,133344,0,133344,myelin-exec:__myl_FcCas,649196,649196,3,0,4887,4202,:4173:4199:4202:4887,------myelin-exec:__myl_FcCas
21120176512,21120194816,18304,0,18304,myelin-exec:__myl_ResConResRep,649196,649196,3,0,4888,4202,:4173:4199:4202:4888,------myelin-exec:__myl_ResConResRep
21120196576,21120200032,3456,0,3456,myelin-exec:__mye677240,649196,649196,3,0,4889,4202,:4173:4199:4202:4889,------myelin-exec:__mye677240
21120201120,21120203680,2560,0,2560,myelin-exec:__mye677234,649196,649196,3,0,4890,4202,:4173:4199:4202:4890,------myelin-exec:__mye677234
21120204896,21120338144,133248,0,133248,myelin-exec:__myl_FcCas,649196,649196,3,0,4891,4202,:4173:4199:4202:4891,------myelin-exec:__myl_FcCas
21120340352,21120358944,18592,0,18592,myelin-exec:__myl_ResMulMea,649196,649196,3,0,4892,4202,:4173:4199:4202:4892,------myelin-exec:__myl_ResMulMea
21120360192,21120374816,14624,0,14624,myelin-exec:__myl_AddSqrDivMulMulResSliSliNegConMulMulAddConResRepResTra,649196,649196,3,0,4893,4202,:4173:4199:4202:4893,------myelin-exec:__myl_AddSqrDivMulMulResSliSliNegConMulMulAddConResRepResTra
21120376224,21120379392,3168,0,3168,myelin-exec:__mye677236,649196,649196,3,0,4894,4202,:4173:4199:4202:4894,------myelin-exec:__mye677236
21120380032,21120512480,132448,0,132448,myelin-exec:__myl_FcCas,649196,649196,3,0,4895,4202,:4173:4199:4202:4895,------myelin-exec:__myl_FcCas
21120514176,21120528960,14784,0,14784,myelin-exec:__myl_ResMulMea,649196,649196,3,0,4896,4202,:4173:4199:4202:4896,------myelin-exec:__myl_ResMulMea
21120530368,21120542784,12416,0,12416,myelin-exec:__myl_AddSqrDivMulMulResSliSliNegConMulMulAdd,649196,649196,3,0,4897,4202,:4173:4199:4202:4897,------myelin-exec:__myl_AddSqrDivMulMulResSliSliNegConMulMulAdd
21120543808,21120547200,3392,0,3392,myelin-exec:__mye677238,649196,649196,3,0,4898,4202,:4173:4199:4202:4898,------myelin-exec:__mye677238
21120547904,21120593472,45568,0,45568,myelin-exec:/MatMul_54,649196,649196,3,0,4899,4202,:4173:4199:4202:4899,------myelin-exec:/MatMul_54
21120595584,21120608768,13184,0,13184,myelin-exec:__myl_MulMaxSubExpSumDivMul,649196,649196,3,0,4900,4202,:4173:4199:4202:4900,------myelin-exec:__myl_MulMaxSubExpSumDivMul
21120610464,21120613632,3168,0,3168,myelin-exec:__mye677242,649196,649196,3,0,4901,4202,:4173:4199:4202:4901,------myelin-exec:__mye677242
21120614496,21120652736,38240,0,38240,myelin-exec:/MatMul_55,649196,649196,3,0,4902,4202,:4173:4199:4202:4902,------myelin-exec:/MatMul_55
21120654272,21120790464,136192,0,136192,myelin-exec:__myl_FcAdd,649196,649196,3,0,4903,4202,:4173:4199:4202:4903,------myelin-exec:__myl_FcAdd
21120792704,21120809376,16672,0,16672,myelin-exec:__myl_MulMeaAddSqrDivMulMul,649196,649196,3,0,4904,4202,:4173:4199:4202:4904,------myelin-exec:__myl_MulMeaAddSqrDivMulMul
21120811072,21120853856,42784,0,42784,myelin-exec:/up_proj_27/MatMul,649196,649196,3,0,4905,4202,:4173:4199:4202:4905,------myelin-exec:/up_proj_27/MatMul
21120855776,21120988608,132832,0,132832,myelin-exec:__myl_FcNegExpAddDivMulMul,649196,649196,3,0,4906,4202,:4173:4199:4202:4906,------myelin-exec:__myl_FcNegExpAddDivMulMul
21120990752,21121125024,134272,0,134272,myelin-exec:__myl_FcAdd,649196,649196,3,0,4907,4202,:4173:4199:4202:4907,------myelin-exec:__myl_FcAdd
21542650720,21542850048,199328,134176,65152,TensorRT:ExecutionContext::enqueue,649196,649196,1,1,4999,4173,:4173:4999,--TensorRT:ExecutionContext::enqueue
21542710912,21542845088,134176,76800,57376,TensorRT:{ForeignNode[/Cast.../Cast_1]},649196,649196,2,2,5003,4999,:4173:4999:5003,----TensorRT:{ForeignNode[/Cast.../Cast_1]}
21542754880,21542756960,2080,0,2080,myelin-exec:__mye60_0,649196,649196,3,0,5010,5003,:4173:4999:5003:5010,------myelin-exec:__mye60_0
21542757856,21542832576,74720,0,74720,myelin-exec:__myl_MovMulMeaAddSqrDivMulMulCas,649196,649196,3,0,5011,5003,:4173:4999:5003:5011,------myelin-exec:__myl_MovMulMeaAddSqrDivMulMulCas
21549710208,21549916864,206656,161440,45216,TensorRT:ExecutionContext::enqueue,649196,649196,1,1,5020,4173,:4173:5020,--TensorRT:ExecutionContext::enqueue
21549751456,21549912896,161440,115168,46272,TensorRT:{ForeignNode[onnx::MatMul_4 + ONNXTRT_Broadcast.../MatMul]},649196,649196,2,2,5024,5020,:4173:5020:5024,----TensorRT:{ForeignNode[onnx::MatMul_4 + ONNXTRT_Broadcast.../MatMul]}
21549783680,21549785056,1376,0,1376,myelin-exec:__mye31_0,649196,649196,3,0,5031,5024,:4173:5020:5024:5031,------myelin-exec:__mye31_0
21549785792,21549899584,113792,0,113792,myelin-exec:/MatMul,649196,649196,3,0,5032,5024,:4173:5020:5024:5032,------myelin-exec:/MatMul
21561341568,24303247936,2741906368,35343968,2706562400,:A1_decode_step_3,649196,649196,0,4,5037,,:5037,:A1_decode_step_3
21569069088,21569203744,134656,86272,48384,TensorRT:ExecutionContext::enqueue,649196,649196,1,1,5042,5037,:5037:5042,--TensorRT:ExecutionContext::enqueue
21569113312,21569199584,86272,43680,42592,TensorRT:{ForeignNode[ONNXTRT_castHelper.../Gather]},649196,649196,2,2,5046,5042,:5037:5042:5046,----TensorRT:{ForeignNode[ONNXTRT_castHelper.../Gather]}
21569145312,21569146176,864,0,864,myelin-exec:__mye39_0,649196,649196,3,0,5053,5046,:5037:5042:5046:5053,------myelin-exec:__mye39_0
21569146592,21569189408,42816,0,42816,myelin-exec:__myl_CasGat,649196,649196,3,0,5054,5046,:5037:5042:5046:5054,------myelin-exec:__myl_CasGat
23827633152,23862423968,34790816,33125376,1665440,TensorRT:ExecutionContext::enqueue,649196,649196,1,1,5063,5037,:5037:5063,--TensorRT:ExecutionContext::enqueue
23829240992,23862366368,33125376,31495296,1630080,TensorRT:{ForeignNode[/Cast.../Add_111]},649196,649196,2,699,5066,5063,:5037:5063:5066,----TensorRT:{ForeignNode[/Cast.../Add_111]}
23829542848,23829547232,4384,0,4384,myelin-exec:__mye156465_0,649196,649196,3,0,5073,5066,:5037:5063:5066:5073,------myelin-exec:__mye156465_0
23829548416,23829636672,88256,0,88256,myelin-exec:__myl_MovMulMeaAddSqrDivMulDivMinMaxRouCasDivMinMaxRouCasDivMinMaxRouCas,649196,649196,3,0,5074,5066,:5037:5063:5066:5074,------myelin-exec:__myl_MovMulMeaAddSqrDivMulDivMinMaxRouCasDivMinMaxRouCasDivMinMaxRouCas
23829638176,23829652640,14464,0,14464,myelin-exec:__mye676844,649196,649196,3,0,5075,5066,:5037:5063:5066:5075,------myelin-exec:__mye676844
23829653024,23829663232,10208,0,10208,myelin-exec:__mye676846,649196,649196,3,0,5076,5066,:5037:5063:5066:5076,------myelin-exec:__mye676846
23829664160,23829888896,224736,0,224736,myelin-exec:__myl_FcCas,649196,649196,3,0,5077,5066,:5037:5063:5066:5077,------myelin-exec:__myl_FcCas
23829890848,23829966592,75744,0,75744,myelin-exec:__myl_ResConResRep,649196,649196,3,0,5078,5066,:5037:5063:5066:5078,------myelin-exec:__myl_ResConResRep
23829968320,23829974144,5824,0,5824,myelin-exec:__mye676854,649196,649196,3,0,5079,5066,:5037:5063:5066:5079,------myelin-exec:__mye676854
23829975040,23829979680,4640,0,4640,myelin-exec:__mye676848,649196,649196,3,0,5080,5066,:5037:5063:5066:5080,------myelin-exec:__mye676848
23829980896,23830124416,143520,0,143520,myelin-exec:__myl_FcCas,649196,649196,3,0,5081,5066,:5037:5063:5066:5081,------myelin-exec:__myl_FcCas
23830126176,23830156896,30720,0,30720,myelin-exec:__myl_ResMulMea,649196,649196,3,0,5082,5066,:5037:5063:5066:5082,------myelin-exec:__myl_ResMulMea
23830158464,23830162560,4096,0,4096,myelin-exec:__mye676850,649196,649196,3,0,5083,5066,:5037:5063:5066:5083,------myelin-exec:__mye676850
23830163712,23830347136,183424,0,183424,myelin-exec:__myl_FcCas,649196,649196,3,0,5084,5066,:5037:5063:5066:5084,------myelin-exec:__myl_FcCas
23830349088,23830373888,24800,0,24800,myelin-exec:__myl_ResMulMea,649196,649196,3,0,5085,5066,:5037:5063:5066:5085,------myelin-exec:__myl_ResMulMea
23830375584,23830380000,4416,0,4416,myelin-exec:__mye676852,649196,649196,3,0,5086,5066,:5037:5063:5066:5086,------myelin-exec:__mye676852
23830380704,23830407296,26592,0,26592,myelin-exec:__myl_CasResMulConSinResCosResAddSqrAddSqrDivMulDivMulMulResSliSliNegConMulMulAddConResRepResTraEtc,649196,649196,3,0,5087,5066,:5037:5063:5066:5087,------myelin-exec:__myl_CasResMulConSinResCosResAddSqrAddSqrDivMulDivMulMulResSliSliNegConMulMulAddConResRepResTraEtc
23830408192,23830504256,96064,0,96064,myelin-exec:/MatMul,649196,649196,3,0,5088,5066,:5037:5063:5066:5088,------myelin-exec:/MatMul
23830505632,23830531040,25408,0,25408,myelin-exec:__myl_MulMaxSubExpSumDivMul,649196,649196,3,0,5089,5066,:5037:5063:5066:5089,------myelin-exec:__myl_MulMaxSubExpSumDivMul
23830532288,23830536384,4096,0,4096,myelin-exec:__mye676856,649196,649196,3,0,5090,5066,:5037:5063:5066:5090,------myelin-exec:__mye676856
23830537280,23830587744,50464,0,50464,myelin-exec:/MatMul_1,649196,649196,3,0,5091,5066,:5037:5063:5066:5091,------myelin-exec:/MatMul_1
23830589056,23830608608,19552,0,19552,myelin-exec:__myl_MulMinMaxRouCas,649196,649196,3,0,5092,5066,:5037:5063:5066:5092,------myelin-exec:__myl_MulMinMaxRouCas
23830609760,23830754496,144736,0,144736,myelin-exec:__myl_FcCasAdd,649196,649196,3,0,5093,5066,:5037:5063:5066:5093,------myelin-exec:__myl_FcCasAdd
23830756192,23830775808,19616,0,19616,myelin-exec:__myl_MulMeaAddSqrDivMulMulMulMinMaxRouCas,649196,649196,3,0,5094,5066,:5037:5063:5066:5094,------myelin-exec:__myl_MulMeaAddSqrDivMulMulMulMinMaxRouCas
23830776800,23830827360,50560,0,50560,myelin-exec:/up_proj/MatMul,649196,649196,3,0,5095,5066,:5037:5063:5066:5095,------myelin-exec:/up_proj/MatMul
23830829184,23830969664,140480,0,140480,myelin-exec:__myl_FcCasNegExpAddDivMulMul,649196,649196,3,0,5096,5066,:5037:5063:5066:5096,------myelin-exec:__myl_FcCasNegExpAddDivMulMul
23830971584,23831108448,136864,0,136864,myelin-exec:__myl_FcAdd,649196,649196,3,0,5097,5066,:5037:5063:5066:5097,------myelin-exec:__myl_FcAdd
23831110272,23831130080,19808,0,19808,myelin-exec:__myl_MulMeaAddSqrDivMulDivMinMaxRouCasDivMinMaxRouCasDivMinMaxRouCas,649196,649196,3,0,5098,5066,:5037:5063:5066:5098,------myelin-exec:__myl_MulMeaAddSqrDivMulDivMinMaxRouCasDivMinMaxRouCasDivMinMaxRouCas
23831131520,23831137280,5760,0,5760,myelin-exec:__mye676858,649196,649196,3,0,5099,5066,:5037:5063:5066:5099,------myelin-exec:__mye676858
23831138240,23831141632,3392,0,3392,myelin-exec:__mye676860,649196,649196,3,0,5100,5066,:5037:5063:5066:5100,------myelin-exec:__mye676860
23831142240,23831272704,130464,0,130464,myelin-exec:__myl_FcCas,649196,649196,3,0,5101,5066,:5037:5063:5066:5101,------myelin-exec:__myl_FcCas
23831274336,23831277824,3488,0,3488,myelin-exec:__mye676862,649196,649196,3,0,5102,5066,:5037:5063:5066:5102,------myelin-exec:__mye676862
23831278592,23831280960,2368,0,2368,myelin-exec:__mye676864,649196,649196,3,0,5103,5066,:5037:5063:5066:5103,------myelin-exec:__mye676864
23831282080,23831300000,17920,0,17920,myelin-exec:__myl_ResConResRep,649196,649196,3,0,5104,5066,:5037:5063:5066:5104,------myelin-exec:__myl_ResConResRep
23831301344,23831304128,2784,0,2784,myelin-exec:__mye676876,649196,649196,3,0,5105,5066,:5037:5063:5066:5105,------myelin-exec:__mye676876
23831304800,23831306528,1728,0,1728,myelin-exec:__mye676866,649196,649196,3,0,5106,5066,:5037:5063:5066:5106,------myelin-exec:__mye676866
23831306848,23831433792,126944,0,126944,myelin-exec:__myl_FcCas,649196,649196,3,0,5107,5066,:5037:5063:5066:5107,------myelin-exec:__myl_FcCas
23831435328,23831438656,3328,0,3328,myelin-exec:__mye676868,649196,649196,3,0,5108,5066,:5037:5063:5066:5108,------myelin-exec:__mye676868
23831439104,23831441504,2400,0,2400,myelin-exec:__mye676870,649196,649196,3,0,5109,5066,:5037:5063:5066:5109,------myelin-exec:__mye676870
23831442336,23831456672,14336,0,14336,myelin-exec:__myl_ResMulMea,649196,649196,3,0,5110,5066,:5037:5063:5066:5110,------myelin-exec:__myl_ResMulMea
23831457760,23831487264,29504,0,29504,myelin-exec:__myl_AddSqrDivMulMulResSliSliNegConMulMulAddConResRepResTra,649196,649196,3,0,5111,5066,:5037:5063:5066:5111,------myelin-exec:__myl_AddSqrDivMulMulResSliSliNegConMulMulAddConResRepResTra
23831488384,23831491584,3200,0,3200,myelin-exec:__mye676872,649196,649196,3,0,5112,5066,:5037:5063:5066:5112,------myelin-exec:__mye676872
23831492704,23831649376,156672,0,156672,myelin-exec:__myl_FcCas,649196,649196,3,0,5113,5066,:5037:5063:5066:5113,------myelin-exec:__myl_FcCas
23831651296,23831667456,16160,0,16160,myelin-exec:__myl_ResMulMea,649196,649196,3,0,5114,5066,:5037:5063:5066:5114,------myelin-exec:__myl_ResMulMea
23831668224,23831686976,18752,0,18752,myelin-exec:__myl_AddSqrDivMulMulResSliSliNegConMulMulAdd,649196,649196,3,0,5115,5066,:5037:5063:5066:5115,------myelin-exec:__myl_AddSqrDivMulMulResSliSliNegConMulMulAdd
23831688512,23831692224,3712,0,3712,myelin-exec:__mye676874,649196,649196,3,0,5116,5066,:5037:5063:5066:5116,------myelin-exec:__mye676874
23831693504,23831737376,43872,0,43872,myelin-exec:/MatMul_2,649196,649196,3,0,5117,5066,:5037:5063:5066:5117,------myelin-exec:/MatMul_2
23831738848,23831753376,14528,0,14528,myelin-exec:__myl_MulMaxSubExpSumDivMul,649196,649196,3,0,5118,5066,:5037:5063:5066:5118,------myelin-exec:__myl_MulMaxSubExpSumDivMul
23831754496,23831757504,3008,0,3008,myelin-exec:__mye676878,649196,649196,3,0,5119,5066,:5037:5063:5066:5119,------myelin-exec:__mye676878
23831758528,23831795008,36480,0,36480,myelin-exec:/MatMul_3,649196,649196,3,0,5120,5066,:5037:5063:5066:5120,------myelin-exec:/MatMul_3
23831796512,23831813632,17120,0,17120,myelin-exec:__myl_MulMinMaxRouCas,649196,649196,3,0,5121,5066,:5037:5063:5066:5121,------myelin-exec:__myl_MulMinMaxRouCas
23831814880,23831952896,138016,0,138016,myelin-exec:__myl_FcCasAdd,649196,649196,3,0,5122,5066,:5037:5063:5066:5122,------myelin-exec:__myl_FcCasAdd
23831954496,23831973312,18816,0,18816,myelin-exec:__myl_MulMeaAddSqrDivMulMulMulMinMaxRouCas,649196,649196,3,0,5123,5066,:5037:5063:5066:5123,------myelin-exec:__myl_MulMeaAddSqrDivMulMulMulMinMaxRouCas
23831974816,23832017632,42816,0,42816,myelin-exec:/up_proj_1/MatMul,649196,649196,3,0,5124,5066,:5037:5063:5066:5124,------myelin-exec:/up_proj_1/MatMul
23832019360,23832155168,135808,0,135808,myelin-exec:__myl_FcCasNegExpAddDivMulMul,649196,649196,3,0,5125,5066,:5037:5063:5066:5125,------myelin-exec:__myl_FcCasNegExpAddDivMulMul
23832156992,23832286432,129440,0,129440,myelin-exec:__myl_FcAdd,649196,649196,3,0,5126,5066,:5037:5063:5066:5126,------myelin-exec:__myl_FcAdd
23832287968,23832305792,17824,0,17824,myelin-exec:__myl_MulMeaAddSqrDivMulMul,649196,649196,3,0,5127,5066,:5037:5063:5066:5127,------myelin-exec:__myl_MulMeaAddSqrDivMulMul
23832307200,23832346720,39520,0,39520,myelin-exec:/v_proj_2/MatMul+/k_proj_2/MatMul+/q_proj_2/MatMul,649196,649196,3,0,5128,5066,:5037:5063:5066:5128,------myelin-exec:/v_proj_2/MatMul+/k_proj_2/MatMul+/q_proj_2/MatMul
23832348256,23832353952,5696,0,5696,myelin-exec:__mye676880,649196,649196,3,0,5129,5066,:5037:5063:5066:5129,------myelin-exec:__mye676880
23832355264,23832359040,3776,0,3776,myelin-exec:__mye676882,649196,649196,3,0,5130,5066,:5037:5063:5066:5130,------myelin-exec:__mye676882
23832360416,23832385760,25344,0,25344,myelin-exec:__myl_MovResConResRep,649196,649196,3,0,5131,5066,:5037:5063:5066:5131,------myelin-exec:__myl_MovResConResRep
23832387552,23832391712,4160,0,4160,myelin-exec:__mye676890,649196,649196,3,0,5132,5066,:5037:5063:5066:5132,------myelin-exec:__mye676890
23832392608,23832409728,17120,0,17120,myelin-exec:__myl_MovResMulMea,649196,649196,3,0,5133,5066,:5037:5063:5066:5133,------myelin-exec:__myl_MovResMulMea
23832410848,23832425216,14368,0,14368,myelin-exec:__myl_AddSqrDivMulMulResSliSliNegConMulMulAddConResRepResTra,649196,649196,3,0,5134,5066,:5037:5063:5066:5134,------myelin-exec:__myl_AddSqrDivMulMulResSliSliNegConMulMulAddConResRepResTra
23832426336,23832429280,2944,0,2944,myelin-exec:__mye676884,649196,649196,3,0,5135,5066,:5037:5063:5066:5135,------myelin-exec:__mye676884
23832430592,23832449152,18560,0,18560,myelin-exec:__myl_MovResMulMea,649196,649196,3,0,5136,5066,:5037:5063:5066:5136,------myelin-exec:__myl_MovResMulMea
23832450176,23832470496,20320,0,20320,myelin-exec:__myl_AddSqrDivMulMulResSliSliNegConMulMulAdd,649196,649196,3,0,5137,5066,:5037:5063:5066:5137,------myelin-exec:__myl_AddSqrDivMulMulResSliSliNegConMulMulAdd
23832471904,23832475232,3328,0,3328,myelin-exec:__mye676886,649196,649196,3,0,5138,5066,:5037:5063:5066:5138,------myelin-exec:__mye676886
23832476064,23832479552,3488,0,3488,myelin-exec:__mye676888,649196,649196,3,0,5139,5066,:5037:5063:5066:5139,------myelin-exec:__mye676888
23832480800,23832528672,47872,0,47872,myelin-exec:/MatMul_4,649196,649196,3,0,5140,5066,:5037:5063:5066:5140,------myelin-exec:/MatMul_4
23832529888,23832545216,15328,0,15328,myelin-exec:__myl_MulMaxSubExpSumDivMul,649196,649196,3,0,5141,5066,:5037:5063:5066:5141,------myelin-exec:__myl_MulMaxSubExpSumDivMul
23832546592,23832550208,3616,0,3616,myelin-exec:__mye676892,649196,649196,3,0,5142,5066,:5037:5063:5066:5142,------myelin-exec:__mye676892
23832551520,23832590816,39296,0,39296,myelin-exec:/MatMul_5,649196,649196,3,0,5143,5066,:5037:5063:5066:5143,------myelin-exec:/MatMul_5
23832592032,23832611072,19040,0,19040,myelin-exec:__myl_MulMinMaxRouCas,649196,649196,3,0,5144,5066,:5037:5063:5066:5144,------myelin-exec:__myl_MulMinMaxRouCas
23832612448,23832758688,146240,0,146240,myelin-exec:__myl_FcCasAdd,649196,649196,3,0,5145,5066,:5037:5063:5066:5145,------myelin-exec:__myl_FcCasAdd
23832760480,23832778880,18400,0,18400,myelin-exec:__myl_MulMeaAddSqrDivMulMulMulMinMaxRouCas,649196,649196,3,0,5146,5066,:5037:5063:5066:5146,------myelin-exec:__myl_MulMeaAddSqrDivMulMulMulMinMaxRouCas
23832780576,23832823104,42528,0,42528,myelin-exec:/up_proj_2/MatMul,649196,649196,3,0,5147,5066,:5037:5063:5066:5147,------myelin-exec:/up_proj_2/MatMul
23832824672,23832970368,145696,0,145696,myelin-exec:__myl_FcCasNegExpAddDivMulMul,649196,649196,3,0,5148,5066,:5037:5063:5066:5148,------myelin-exec:__myl_FcCasNegExpAddDivMulMul
23832972096,23833105536,133440,0,133440,myelin-exec:__myl_FcAdd,649196,649196,3,0,5149,5066,:5037:5063:5066:5149,------myelin-exec:__myl_FcAdd
23833107488,23833122912,15424,0,15424,myelin-exec:__myl_MulMeaAddSqrDivMulDivMinMaxRouCasDivMinMaxRouCasDivMinMaxRouCas,649196,649196,3,0,5150,5066,:5037:5063:5066:5150,------myelin-exec:__myl_MulMeaAddSqrDivMulDivMinMaxRouCasDivMinMaxRouCasDivMinMaxRouCas
23833124512,23833129600,5088,0,5088,myelin-exec:__mye676894,649196,649196,3,0,5151,5066,:5037:5063:5066:5151,------myelin-exec:__mye676894
23833130912,23833134624,3712,0,3712,myelin-exec:__mye676896,649196,649196,3,0,5152,5066,:5037:5063:5066:5152,------myelin-exec:__mye676896
23833135680,23833263296,127616,0,127616,myelin-exec:__myl_FcCas,649196,649196,3,0,5153,5066,:5037:5063:5066:5153,------myelin-exec:__myl_FcCas
23833264864,23833280512,15648,0,15648,myelin-exec:__myl_ResConResRep,649196,649196,3,0,5154,5066,:5037:5063:5066:5154,------myelin-exec:__myl_ResConResRep
23833282112,23833286048,3936,0,3936,myelin-exec:__mye676904,649196,649196,3,0,5155,5066,:5037:5063:5066:5155,------myelin-exec:__mye676904
23833287520,23833290368,2848,0,2848,myelin-exec:__mye676898,649196,649196,3,0,5156,5066,:5037:5063:5066:5156,------myelin-exec:__mye676898
23833291456,23833418016,126560,0,126560,myelin-exec:__myl_FcCas,649196,649196,3,0,5157,5066,:5037:5063:5066:5157,------myelin-exec:__myl_FcCas
23833419520,23833440576,21056,0,21056,myelin-exec:__myl_ResMulMea,649196,649196,3,0,5158,5066,:5037:5063:5066:5158,------myelin-exec:__myl_ResMulMea
23833442368,23833457920,15552,0,15552,myelin-exec:__myl_AddSqrDivMulMulResSliSliNegConMulMulAddConResRepResTra,649196,649196,3,0,5159,5066,:5037:5063:5066:5159,------myelin-exec:__myl_AddSqrDivMulMulResSliSliNegConMulMulAddConResRepResTra
23833459392,23833463104,3712,0,3712,myelin-exec:__mye676900,649196,649196,3,0,5160,5066,:5037:5063:5066:5160,------myelin-exec:__mye676900
23833464224,23833598432,134208,0,134208,myelin-exec:__myl_FcCas,649196,649196,3,0,5161,5066,:5037:5063:5066:5161,------myelin-exec:__myl_FcCas
23833599808,23833614272,14464,0,14464,myelin-exec:__myl_ResMulMea,649196,649196,3,0,5162,5066,:5037:5063:5066:5162,------myelin-exec:__myl_ResMulMea
23833615328,23833627008,11680,0,11680,myelin-exec:__myl_AddSqrDivMulMulResSliSliNegConMulMulAdd,649196,649196,3,0,5163,5066,:5037:5063:5066:5163,------myelin-exec:__myl_AddSqrDivMulMulResSliSliNegConMulMulAdd
23833628128,23833631328,3200,0,3200,myelin-exec:__mye676902,649196,649196,3,0,5164,5066,:5037:5063:5066:5164,------myelin-exec:__mye676902
23833632544,23833680544,48000,0,48000,myelin-exec:/MatMul_6,649196,649196,3,0,5165,5066,:5037:5063:5066:5165,------myelin-exec:/MatMul_6
23833682240,23833699040,16800,0,16800,myelin-exec:__myl_MulMaxSubExpSumDivMul,649196,649196,3,0,5166,5066,:5037:5063:5066:5166,------myelin-exec:__myl_MulMaxSubExpSumDivMul
23833700320,23833703520,3200,0,3200,myelin-exec:__mye676906,649196,649196,3,0,5167,5066,:5037:5063:5066:5167,------myelin-exec:__mye676906
23833704160,23833742720,38560,0,38560,myelin-exec:/MatMul_7,649196,649196,3,0,5168,5066,:5037:5063:5066:5168,------myelin-exec:/MatMul_7
23833744096,23833761952,17856,0,17856,myelin-exec:__myl_MulMinMaxRouCas,649196,649196,3,0,5169,5066,:5037:5063:5066:5169,------myelin-exec:__myl_MulMinMaxRouCas
23833763168,23833901824,138656,0,138656,myelin-exec:__myl_FcCasAdd,649196,649196,3,0,5170,5066,:5037:5063:5066:5170,------myelin-exec:__myl_FcCasAdd
23833903264,23833922240,18976,0,18976,myelin-exec:__myl_MulMeaAddSqrDivMulMulMulMinMaxRouCas,649196,649196,3,0,5171,5066,:5037:5063:5066:5171,------myelin-exec:__myl_MulMeaAddSqrDivMulMulMulMinMaxRouCas
23833923680,23833964160,40480,0,40480,myelin-exec:/up_proj_3/MatMul,649196,649196,3,0,5172,5066,:5037:5063:5066:5172,------myelin-exec:/up_proj_3/MatMul
23833966080,23834100064,133984,0,133984,myelin-exec:__myl_FcCasNegExpAddDivMulMul,649196,649196,3,0,5173,5066,:5037:5063:5066:5173,------myelin-exec:__myl_FcCasNegExpAddDivMulMul
23834101632,23834252544,150912,0,150912,myelin-exec:__myl_FcAdd,649196,649196,3,0,5174,5066,:5037:5063:5066:5174,------myelin-exec:__myl_FcAdd
23834254528,23834271616,17088,0,17088,myelin-exec:__myl_MulMeaAddSqrDivMulDivMinMaxRouCasDivMinMaxRouCasDivMinMaxRouCas,649196,649196,3,0,5175,5066,:5037:5063:5066:5175,------myelin-exec:__myl_MulMeaAddSqrDivMulDivMinMaxRouCasDivMinMaxRouCasDivMinMaxRouCas
23834273312,23834277792,4480,0,4480,myelin-exec:__mye676908,649196,649196,3,0,5176,5066,:5037:5063:5066:5176,------myelin-exec:__mye676908
23834278624,23834281728,3104,0,3104,myelin-exec:__mye676910,649196,649196,3,0,5177,5066,:5037:5063:5066:5177,------myelin-exec:__mye676910
23834282848,23834425312,142464,0,142464,myelin-exec:__myl_FcCas,649196,649196,3,0,5178,5066,:5037:5063:5066:5178,------myelin-exec:__myl_FcCas
23834427296,23834443776,16480,0,16480,myelin-exec:__myl_ResConResRep,649196,649196,3,0,5179,5066,:5037:5063:5066:5179,------myelin-exec:__myl_ResConResRep
23834445280,23834448896,3616,0,3616,myelin-exec:__mye676918,649196,649196,3,0,5180,5066,:5037:5063:5066:5180,------myelin-exec:__mye676918
23834449792,23834452640,2848,0,2848,myelin-exec:__mye676912,649196,649196,3,0,5181,5066,:5037:5063:5066:5181,------myelin-exec:__mye676912
23834453632,23834586304,132672,0,132672,myelin-exec:__myl_FcCas,649196,649196,3,0,5182,5066,:5037:5063:5066:5182,------myelin-exec:__myl_FcCas
23834587712,23834608512,20800,0,20800,myelin-exec:__myl_ResMulMea,649196,649196,3,0,5183,5066,:5037:5063:5066:5183,------myelin-exec:__myl_ResMulMea
23834609632,23834624160,14528,0,14528,myelin-exec:__myl_AddSqrDivMulMulResSliSliNegConMulMulAddConResRepResTra,649196,649196,3,0,5184,5066,:5037:5063:5066:5184,------myelin-exec:__myl_AddSqrDivMulMulResSliSliNegConMulMulAddConResRepResTra
23834625216,23834628864,3648,0,3648,myelin-exec:__mye676914,649196,649196,3,0,5185,5066,:5037:5063:5066:5185,------myelin-exec:__mye676914
23834629728,23834764448,134720,0,134720,myelin-exec:__myl_FcCas,649196,649196,3,0,5186,5066,:5037:5063:5066:5186,------myelin-exec:__myl_FcCas
23834765888,23834779168,13280,0,13280,myelin-exec:__myl_ResMulMea,649196,649196,3,0,5187,5066,:5037:5063:5066:5187,------myelin-exec:__myl_ResMulMea
23834780448,23834793152,12704,0,12704,myelin-exec:__myl_AddSqrDivMulMulResSliSliNegConMulMulAdd,649196,649196,3,0,5188,5066,:5037:5063:5066:5188,------myelin-exec:__myl_AddSqrDivMulMulResSliSliNegConMulMulAdd
23834794272,23834797568,3296,0,3296,myelin-exec:__mye676916,649196,649196,3,0,5189,5066,:5037:5063:5066:5189,------myelin-exec:__mye676916
23834798656,23834844768,46112,0,46112,myelin-exec:/MatMul_8,649196,649196,3,0,5190,5066,:5037:5063:5066:5190,------myelin-exec:/MatMul_8
23834846208,23834861664,15456,0,15456,myelin-exec:__myl_MulMaxSubExpSumDivMul,649196,649196,3,0,5191,5066,:5037:5063:5066:5191,------myelin-exec:__myl_MulMaxSubExpSumDivMul
23834862528,23834866048,3520,0,3520,myelin-exec:__mye676920,649196,649196,3,0,5192,5066,:5037:5063:5066:5192,------myelin-exec:__mye676920
23834867104,23834905856,38752,0,38752,myelin-exec:/MatMul_9,649196,649196,3,0,5193,5066,:5037:5063:5066:5193,------myelin-exec:/MatMul_9
23834907168,23834924288,17120,0,17120,myelin-exec:__myl_MulMinMaxRouCas,649196,649196,3,0,5194,5066,:5037:5063:5066:5194,------myelin-exec:__myl_MulMinMaxRouCas
23834924960,23835061312,136352,0,136352,myelin-exec:__myl_FcCasAdd,649196,649196,3,0,5195,5066,:5037:5063:5066:5195,------myelin-exec:__myl_FcCasAdd
23835063008,23835082016,19008,0,19008,myelin-exec:__myl_MulMeaAddSqrDivMulMulMulMinMaxRouCas,649196,649196,3,0,5196,5066,:5037:5063:5066:5196,------myelin-exec:__myl_MulMeaAddSqrDivMulMulMulMinMaxRouCas
23835083456,23835127296,43840,0,43840,myelin-exec:/up_proj_4/MatMul,649196,649196,3,0,5197,5066,:5037:5063:5066:5197,------myelin-exec:/up_proj_4/MatMul
23835128960,23835268864,139904,0,139904,myelin-exec:__myl_FcCasNegExpAddDivMulMul,649196,649196,3,0,5198,5066,:5037:5063:5066:5198,------myelin-exec:__myl_FcCasNegExpAddDivMulMul
23835270240,23835407456,137216,0,137216,myelin-exec:__myl_FcAdd,649196,649196,3,0,5199,5066,:5037:5063:5066:5199,------myelin-exec:__myl_FcAdd
23835408832,23835424256,15424,0,15424,myelin-exec:__myl_MulMeaAddSqrDivMulDivMinMaxRouCasDivMinMaxRouCasDivMinMaxRouCas,649196,649196,3,0,5200,5066,:5037:5063:5066:5200,------myelin-exec:__myl_MulMeaAddSqrDivMulDivMinMaxRouCasDivMinMaxRouCasDivMinMaxRouCas
23835425792,23835430304,4512,0,4512,myelin-exec:__mye676922,649196,649196,3,0,5201,5066,:5037:5063:5066:5201,------myelin-exec:__mye676922
23835431264,23835434464,3200,0,3200,myelin-exec:__mye676924,649196,649196,3,0,5202,5066,:5037:5063:5066:5202,------myelin-exec:__mye676924
23835435104,23835568448,133344,0,133344,myelin-exec:__myl_FcCas,649196,649196,3,0,5203,5066,:5037:5063:5066:5203,------myelin-exec:__myl_FcCas
23835570400,23835587872,17472,0,17472,myelin-exec:__myl_ResConResRep,649196,649196,3,0,5204,5066,:5037:5063:5066:5204,------myelin-exec:__myl_ResConResRep
23835589408,23835593056,3648,0,3648,myelin-exec:__mye676932,649196,649196,3,0,5205,5066,:5037:5063:5066:5205,------myelin-exec:__mye676932
23835593920,23835596544,2624,0,2624,myelin-exec:__mye676926,649196,649196,3,0,5206,5066,:5037:5063:5066:5206,------myelin-exec:__mye676926
23835597216,23835734080,136864,0,136864,myelin-exec:__myl_FcCas,649196,649196,3,0,5207,5066,:5037:5063:5066:5207,------myelin-exec:__myl_FcCas
23835735392,23835755520,20128,0,20128,myelin-exec:__myl_ResMulMea,649196,649196,3,0,5208,5066,:5037:5063:5066:5208,------myelin-exec:__myl_ResMulMea
23835756960,23835772480,15520,0,15520,myelin-exec:__myl_AddSqrDivMulMulResSliSliNegConMulMulAddConResRepResTra,649196,649196,3,0,5209,5066,:5037:5063:5066:5209,------myelin-exec:__myl_AddSqrDivMulMulResSliSliNegConMulMulAddConResRepResTra
23835773888,23835777568,3680,0,3680,myelin-exec:__mye676928,649196,649196,3,0,5210,5066,:5037:5063:5066:5210,------myelin-exec:__mye676928
23835778048,23835911776,133728,0,133728,myelin-exec:__myl_FcCas,649196,649196,3,0,5211,5066,:5037:5063:5066:5211,------myelin-exec:__myl_FcCas
23835913472,23835927136,13664,0,13664,myelin-exec:__myl_ResMulMea,649196,649196,3,0,5212,5066,:5037:5063:5066:5212,------myelin-exec:__myl_ResMulMea
23835928608,23835940512,11904,0,11904,myelin-exec:__myl_AddSqrDivMulMulResSliSliNegConMulMulAdd,649196,649196,3,0,5213,5066,:5037:5063:5066:5213,------myelin-exec:__myl_AddSqrDivMulMulResSliSliNegConMulMulAdd
23835941408,23835944672,3264,0,3264,myelin-exec:__mye676930,649196,649196,3,0,5214,5066,:5037:5063:5066:5214,------myelin-exec:__mye676930
23835945280,23835989472,44192,0,44192,myelin-exec:/MatMul_10,649196,649196,3,0,5215,5066,:5037:5063:5066:5215,------myelin-exec:/MatMul_10
23835990944,23836004736,13792,0,13792,myelin-exec:__myl_MulMaxSubExpSumDivMul,649196,649196,3,0,5216,5066,:5037:5063:5066:5216,------myelin-exec:__myl_MulMaxSubExpSumDivMul
23836006016,23836008960,2944,0,2944,myelin-exec:__mye676934,649196,649196,3,0,5217,5066,:5037:5063:5066:5217,------myelin-exec:__mye676934
23836009856,23836046656,36800,0,36800,myelin-exec:/MatMul_11,649196,649196,3,0,5218,5066,:5037:5063:5066:5218,------myelin-exec:/MatMul_11
23836047808,23836064480,16672,0,16672,myelin-exec:__myl_MulMinMaxRouCas,649196,649196,3,0,5219,5066,:5037:5063:5066:5219,------myelin-exec:__myl_MulMinMaxRouCas
23836065728,23836204064,138336,0,138336,myelin-exec:__myl_FcCasAdd,649196,649196,3,0,5220,5066,:5037:5063:5066:5220,------myelin-exec:__myl_FcCasAdd
23836205760,23836224224,18464,0,18464,myelin-exec:__myl_MulMeaAddSqrDivMulMulMulMinMaxRouCas,649196,649196,3,0,5221,5066,:5037:5063:5066:5221,------myelin-exec:__myl_MulMeaAddSqrDivMulMulMulMinMaxRouCas
23836225760,23836268608,42848,0,42848,myelin-exec:/up_proj_5/MatMul,649196,649196,3,0,5222,5066,:5037:5063:5066:5222,------myelin-exec:/up_proj_5/MatMul
23836270048,23836400480,130432,0,130432,myelin-exec:__myl_FcCasNegExpAddDivMulMul,649196,649196,3,0,5223,5066,:5037:5063:5066:5223,------myelin-exec:__myl_FcCasNegExpAddDivMulMul
23836401856,23836532064,130208,0,130208,myelin-exec:__myl_FcAdd,649196,649196,3,0,5224,5066,:5037:5063:5066:5224,------myelin-exec:__myl_FcAdd
23836533856,23836547008,13152,0,13152,myelin-exec:__myl_MulMeaAddSqrDivMulDivMinMaxRouCasDivMinMaxRouCasDivMinMaxRouCas,649196,649196,3,0,5225,5066,:5037:5063:5066:5225,------myelin-exec:__myl_MulMeaAddSqrDivMulDivMinMaxRouCasDivMinMaxRouCasDivMinMaxRouCas
23836548352,23836552288,3936,0,3936,myelin-exec:__mye676936,649196,649196,3,0,5226,5066,:5037:5063:5066:5226,------myelin-exec:__mye676936
23836552896,23836555552,2656,0,2656,myelin-exec:__mye676938,649196,649196,3,0,5227,5066,:5037:5063:5066:5227,------myelin-exec:__mye676938
23836556448,23836685472,129024,0,129024,myelin-exec:__myl_FcCas,649196,649196,3,0,5228,5066,:5037:5063:5066:5228,------myelin-exec:__myl_FcCas
23836686944,23836709632,22688,0,22688,myelin-exec:__myl_ResConResRep,649196,649196,3,0,5229,5066,:5037:5063:5066:5229,------myelin-exec:__myl_ResConResRep
23836711296,23836714560,3264,0,3264,myelin-exec:__mye676946,649196,649196,3,0,5230,5066,:5037:5063:5066:5230,------myelin-exec:__mye676946
23836715264,23836717984,2720,0,2720,myelin-exec:__mye676940,649196,649196,3,0,5231,5066,:5037:5063:5066:5231,------myelin-exec:__mye676940
23836718944,23836856032,137088,0,137088,myelin-exec:__myl_FcCas,649196,649196,3,0,5232,5066,:5037:5063:5066:5232,------myelin-exec:__myl_FcCas
23836857920,23836877632,19712,0,19712,myelin-exec:__myl_ResMulMea,649196,649196,3,0,5233,5066,:5037:5063:5066:5233,------myelin-exec:__myl_ResMulMea
23836879296,23836895392,16096,0,16096,myelin-exec:__myl_AddSqrDivMulMulResSliSliNegConMulMulAddConResRepResTra,649196,649196,3,0,5234,5066,:5037:5063:5066:5234,------myelin-exec:__myl_AddSqrDivMulMulResSliSliNegConMulMulAddConResRepResTra
23836896864,23836899904,3040,0,3040,myelin-exec:__mye676942,649196,649196,3,0,5235,5066,:5037:5063:5066:5235,------myelin-exec:__mye676942
23836901120,23837038112,136992,0,136992,myelin-exec:__myl_FcCas,649196,649196,3,0,5236,5066,:5037:5063:5066:5236,------myelin-exec:__myl_FcCas
23837040288,23837054272,13984,0,13984,myelin-exec:__myl_ResMulMea,649196,649196,3,0,5237,5066,:5037:5063:5066:5237,------myelin-exec:__myl_ResMulMea
23837056000,23837068000,12000,0,12000,myelin-exec:__myl_AddSqrDivMulMulResSliSliNegConMulMulAdd,649196,649196,3,0,5238,5066,:5037:5063:5066:5238,------myelin-exec:__myl_AddSqrDivMulMulResSliSliNegConMulMulAdd
23837069408,23837073088,3680,0,3680,myelin-exec:__mye676944,649196,649196,3,0,5239,5066,:5037:5063:5066:5239,------myelin-exec:__mye676944
23837073920,23837118496,44576,0,44576,myelin-exec:/MatMul_12,649196,649196,3,0,5240,5066,:5037:5063:5066:5240,------myelin-exec:/MatMul_12
23837120224,23837134112,13888,0,13888,myelin-exec:__myl_MulMaxSubExpSumDivMul,649196,649196,3,0,5241,5066,:5037:5063:5066:5241,------myelin-exec:__myl_MulMaxSubExpSumDivMul
23837135456,23837138784,3328,0,3328,myelin-exec:__mye676948,649196,649196,3,0,5242,5066,:5037:5063:5066:5242,------myelin-exec:__mye676948
23837140032,23837176128,36096,0,36096,myelin-exec:/MatMul_13,649196,649196,3,0,5243,5066,:5037:5063:5066:5243,------myelin-exec:/MatMul_13
23837177440,23837190368,12928,0,12928,myelin-exec:__myl_MulMinMaxRouCas,649196,649196,3,0,5244,5066,:5037:5063:5066:5244,------myelin-exec:__myl_MulMinMaxRouCas
23837191424,23837333216,141792,0,141792,myelin-exec:__myl_FcCasAdd,649196,649196,3,0,5245,5066,:5037:5063:5066:5245,------myelin-exec:__myl_FcCasAdd
23837335136,23837355584,20448,0,20448,myelin-exec:__myl_MulMeaAddSqrDivMulMulMulMinMaxRouCas,649196,649196,3,0,5246,5066,:5037:5063:5066:5246,------myelin-exec:__myl_MulMeaAddSqrDivMulMulMulMinMaxRouCas
23837356864,23837397472,40608,0,40608,myelin-exec:/up_proj_6/MatMul,649196,649196,3,0,5247,5066,:5037:5063:5066:5247,------myelin-exec:/up_proj_6/MatMul
23837398848,23837529664,130816,0,130816,myelin-exec:__myl_FcCasNegExpAddDivMulMul,649196,649196,3,0,5248,5066,:5037:5063:5066:5248,------myelin-exec:__myl_FcCasNegExpAddDivMulMul
23837531200,23837658464,127264,0,127264,myelin-exec:__myl_FcAdd,649196,649196,3,0,5249,5066,:5037:5063:5066:5249,------myelin-exec:__myl_FcAdd
23837660192,23837674336,14144,0,14144,myelin-exec:__myl_MulMeaAddSqrDivMulDivMinMaxRouCasDivMinMaxRouCasDivMinMaxRouCas,649196,649196,3,0,5250,5066,:5037:5063:5066:5250,------myelin-exec:__myl_MulMeaAddSqrDivMulDivMinMaxRouCasDivMinMaxRouCasDivMinMaxRouCas
23837675296,23837679840,4544,0,4544,myelin-exec:__mye676950,649196,649196,3,0,5251,5066,:5037:5063:5066:5251,------myelin-exec:__mye676950
23837681056,23837684000,2944,0,2944,myelin-exec:__mye676952,649196,649196,3,0,5252,5066,:5037:5063:5066:5252,------myelin-exec:__mye676952
23837684640,23837812320,127680,0,127680,myelin-exec:__myl_FcCas,649196,649196,3,0,5253,5066,:5037:5063:5066:5253,------myelin-exec:__myl_FcCas
23837813632,23837836288,22656,0,22656,myelin-exec:__myl_ResConResRep,649196,649196,3,0,5254,5066,:5037:5063:5066:5254,------myelin-exec:__myl_ResConResRep
23837837696,23837841184,3488,0,3488,myelin-exec:__mye676960,649196,649196,3,0,5255,5066,:5037:5063:5066:5255,------myelin-exec:__mye676960
23837841696,23837844160,2464,0,2464,myelin-exec:__mye676954,649196,649196,3,0,5256,5066,:5037:5063:5066:5256,------myelin-exec:__mye676954
23837845056,23837981504,136448,0,136448,myelin-exec:__myl_FcCas,649196,649196,3,0,5257,5066,:5037:5063:5066:5257,------myelin-exec:__myl_FcCas
23837983040,23838002560,19520,0,19520,myelin-exec:__myl_ResMulMea,649196,649196,3,0,5258,5066,:5037:5063:5066:5258,------myelin-exec:__myl_ResMulMea
23838004032,23838019456,15424,0,15424,myelin-exec:__myl_AddSqrDivMulMulResSliSliNegConMulMulAddConResRepResTra,649196,649196,3,0,5259,5066,:5037:5063:5066:5259,------myelin-exec:__myl_AddSqrDivMulMulResSliSliNegConMulMulAddConResRepResTra
23838020800,23838024288,3488,0,3488,myelin-exec:__mye676956,649196,649196,3,0,5260,5066,:5037:5063:5066:5260,------myelin-exec:__mye676956
23838025376,23838155264,129888,0,129888,myelin-exec:__myl_FcCas,649196,649196,3,0,5261,5066,:5037:5063:5066:5261,------myelin-exec:__myl_FcCas
23838156800,23838170528,13728,0,13728,myelin-exec:__myl_ResMulMea,649196,649196,3,0,5262,5066,:5037:5063:5066:5262,------myelin-exec:__myl_ResMulMea
23838172192,23838184608,12416,0,12416,myelin-exec:__myl_AddSqrDivMulMulResSliSliNegConMulMulAdd,649196,649196,3,0,5263,5066,:5037:5063:5066:5263,------myelin-exec:__myl_AddSqrDivMulMulResSliSliNegConMulMulAdd
23838185632,23838188832,3200,0,3200,myelin-exec:__mye676958,649196,649196,3,0,5264,5066,:5037:5063:5066:5264,------myelin-exec:__mye676958
23838189984,23838249600,59616,0,59616,myelin-exec:/MatMul_14,649196,649196,3,0,5265,5066,:5037:5063:5066:5265,------myelin-exec:/MatMul_14
23838251552,23838266144,14592,0,14592,myelin-exec:__myl_MulMaxSubExpSumDivMul,649196,649196,3,0,5266,5066,:5037:5063:5066:5266,------myelin-exec:__myl_MulMaxSubExpSumDivMul
23838267424,23838270848,3424,0,3424,myelin-exec:__mye676962,649196,649196,3,0,5267,5066,:5037:5063:5066:5267,------myelin-exec:__mye676962
23838272032,23838312832,40800,0,40800,myelin-exec:/MatMul_15,649196,649196,3,0,5268,5066,:5037:5063:5066:5268,------myelin-exec:/MatMul_15
23838314144,23838330304,16160,0,16160,myelin-exec:__myl_MulMinMaxRouCas,649196,649196,3,0,5269,5066,:5037:5063:5066:5269,------myelin-exec:__myl_MulMinMaxRouCas
23838331488,23838471296,139808,0,139808,myelin-exec:__myl_FcCasAdd,649196,649196,3,0,5270,5066,:5037:5063:5066:5270,------myelin-exec:__myl_FcCasAdd
23838472960,23838491328,18368,0,18368,myelin-exec:__myl_MulMeaAddSqrDivMulMulMulMinMaxRouCas,649196,649196,3,0,5271,5066,:5037:5063:5066:5271,------myelin-exec:__myl_MulMeaAddSqrDivMulMulMulMinMaxRouCas
23838492608,23838534912,42304,0,42304,myelin-exec:/up_proj_7/MatMul,649196,649196,3,0,5272,5066,:5037:5063:5066:5272,------myelin-exec:/up_proj_7/MatMul
23838536480,23838669536,133056,0,133056,myelin-exec:__myl_FcCasNegExpAddDivMulMul,649196,649196,3,0,5273,5066,:5037:5063:5066:5273,------myelin-exec:__myl_FcCasNegExpAddDivMulMul
23838671264,23838802944,131680,0,131680,myelin-exec:__myl_FcAdd,649196,649196,3,0,5274,5066,:5037:5063:5066:5274,------myelin-exec:__myl_FcAdd
23838804384,23838819008,14624,0,14624,myelin-exec:__myl_MulMeaAddSqrDivMulDivMinMaxRouCasDivMinMaxRouCasDivMinMaxRouCas,649196,649196,3,0,5275,5066,:5037:5063:5066:5275,------myelin-exec:__myl_MulMeaAddSqrDivMulDivMinMaxRouCasDivMinMaxRouCasDivMinMaxRouCas
23838820544,23838825760,5216,0,5216,myelin-exec:__mye676964,649196,649196,3,0,5276,5066,:5037:5063:5066:5276,------myelin-exec:__mye676964
23838826720,23838829536,2816,0,2816,myelin-exec:__mye676966,649196,649196,3,0,5277,5066,:5037:5063:5066:5277,------myelin-exec:__mye676966
23838830368,23838955616,125248,0,125248,myelin-exec:__myl_FcCas,649196,649196,3,0,5278,5066,:5037:5063:5066:5278,------myelin-exec:__myl_FcCas
23838957216,23838973408,16192,0,16192,myelin-exec:__myl_ResConResRep,649196,649196,3,0,5279,5066,:5037:5063:5066:5279,------myelin-exec:__myl_ResConResRep
23838974272,23838977696,3424,0,3424,myelin-exec:__mye676974,649196,649196,3,0,5280,5066,:5037:5063:5066:5280,------myelin-exec:__mye676974
23838978592,23838980992,2400,0,2400,myelin-exec:__mye676968,649196,649196,3,0,5281,5066,:5037:5063:5066:5281,------myelin-exec:__mye676968
23838982240,23839108672,126432,0,126432,myelin-exec:__myl_FcCas,649196,649196,3,0,5282,5066,:5037:5063:5066:5282,------myelin-exec:__myl_FcCas
23839110496,23839132832,22336,0,22336,myelin-exec:__myl_ResMulMea,649196,649196,3,0,5283,5066,:5037:5063:5066:5283,------myelin-exec:__myl_ResMulMea
23839134688,23839151392,16704,0,16704,myelin-exec:__myl_AddSqrDivMulMulResSliSliNegConMulMulAddConResRepResTra,649196,649196,3,0,5284,5066,:5037:5063:5066:5284,------myelin-exec:__myl_AddSqrDivMulMulResSliSliNegConMulMulAddConResRepResTra
23839152896,23839156704,3808,0,3808,myelin-exec:__mye676970,649196,649196,3,0,5285,5066,:5037:5063:5066:5285,------myelin-exec:__mye676970
23839157920,23839303936,146016,0,146016,myelin-exec:__myl_FcCas,649196,649196,3,0,5286,5066,:5037:5063:5066:5286,------myelin-exec:__myl_FcCas
23839305984,23839322080,16096,0,16096,myelin-exec:__myl_ResMulMea,649196,649196,3,0,5287,5066,:5037:5063:5066:5287,------myelin-exec:__myl_ResMulMea
23839323360,23839337440,14080,0,14080,myelin-exec:__myl_AddSqrDivMulMulResSliSliNegConMulMulAdd,649196,649196,3,0,5288,5066,:5037:5063:5066:5288,------myelin-exec:__myl_AddSqrDivMulMulResSliSliNegConMulMulAdd
23839338784,23839342272,3488,0,3488,myelin-exec:__mye676972,649196,649196,3,0,5289,5066,:5037:5063:5066:5289,------myelin-exec:__mye676972
23839343072,23839385600,42528,0,42528,myelin-exec:/MatMul_16,649196,649196,3,0,5290,5066,:5037:5063:5066:5290,------myelin-exec:/MatMul_16
23839387232,23839402304,15072,0,15072,myelin-exec:__myl_MulMaxSubExpSumDivMul,649196,649196,3,0,5291,5066,:5037:5063:5066:5291,------myelin-exec:__myl_MulMaxSubExpSumDivMul
23839403712,23839406528,2816,0,2816,myelin-exec:__mye676976,649196,649196,3,0,5292,5066,:5037:5063:5066:5292,------myelin-exec:__mye676976
23839406880,23839442880,36000,0,36000,myelin-exec:/MatMul_17,649196,649196,3,0,5293,5066,:5037:5063:5066:5293,------myelin-exec:/MatMul_17
23839444224,23839589632,145408,0,145408,myelin-exec:__myl_FcAdd,649196,649196,3,0,5294,5066,:5037:5063:5066:5294,------myelin-exec:__myl_FcAdd
23839591392,23839612032,20640,0,20640,myelin-exec:__myl_MulMeaAddSqrDivMulMulMulMinMaxRouCas,649196,649196,3,0,5295,5066,:5037:5063:5066:5295,------myelin-exec:__myl_MulMeaAddSqrDivMulMulMulMinMaxRouCas
23839613152,23839663040,49888,0,49888,myelin-exec:/up_proj_8/MatMul,649196,649196,3,0,5296,5066,:5037:5063:5066:5296,------myelin-exec:/up_proj_8/MatMul
23839664480,23839797312,132832,0,132832,myelin-exec:__myl_FcCasNegExpAddDivMulMul,649196,649196,3,0,5297,5066,:5037:5063:5066:5297,------myelin-exec:__myl_FcCasNegExpAddDivMulMul
23839799040,23839928416,129376,0,129376,myelin-exec:__myl_FcAdd,649196,649196,3,0,5298,5066,:5037:5063:5066:5298,------myelin-exec:__myl_FcAdd
23839930208,23839945056,14848,0,14848,myelin-exec:__myl_MulMeaAddSqrDivMulDivMinMaxRouCasDivMinMaxRouCasDivMinMaxRouCas,649196,649196,3,0,5299,5066,:5037:5063:5066:5299,------myelin-exec:__myl_MulMeaAddSqrDivMulDivMinMaxRouCasDivMinMaxRouCasDivMinMaxRouCas
23839946528,23839951712,5184,0,5184,myelin-exec:__mye676978,649196,649196,3,0,5300,5066,:5037:5063:5066:5300,------myelin-exec:__mye676978
23839952896,23839956128,3232,0,3232,myelin-exec:__mye676980,649196,649196,3,0,5301,5066,:5037:5063:5066:5301,------myelin-exec:__mye676980
23839957248,23840093728,136480,0,136480,myelin-exec:__myl_FcCas,649196,649196,3,0,5302,5066,:5037:5063:5066:5302,------myelin-exec:__myl_FcCas
23840095840,23840112128,16288,0,16288,myelin-exec:__myl_ResConResRep,649196,649196,3,0,5303,5066,:5037:5063:5066:5303,------myelin-exec:__myl_ResConResRep
23840113472,23840116864,3392,0,3392,myelin-exec:__mye676988,649196,649196,3,0,5304,5066,:5037:5063:5066:5304,------myelin-exec:__mye676988
23840117728,23840120448,2720,0,2720,myelin-exec:__mye676982,649196,649196,3,0,5305,5066,:5037:5063:5066:5305,------myelin-exec:__mye676982
23840121632,23840256736,135104,0,135104,myelin-exec:__myl_FcCas,649196,649196,3,0,5306,5066,:5037:5063:5066:5306,------myelin-exec:__myl_FcCas
23840258496,23840277632,19136,0,19136,myelin-exec:__myl_ResMulMea,649196,649196,3,0,5307,5066,:5037:5063:5066:5307,------myelin-exec:__myl_ResMulMea
23840279456,23840296256,16800,0,16800,myelin-exec:__myl_AddSqrDivMulMulResSliSliNegConMulMulAddConResRepResTra,649196,649196,3,0,5308,5066,:5037:5063:5066:5308,------myelin-exec:__myl_AddSqrDivMulMulResSliSliNegConMulMulAddConResRepResTra
23840297696,23840301152,3456,0,3456,myelin-exec:__mye676984,649196,649196,3,0,5309,5066,:5037:5063:5066:5309,------myelin-exec:__mye676984
23840302368,23840438112,135744,0,135744,myelin-exec:__myl_FcCas,649196,649196,3,0,5310,5066,:5037:5063:5066:5310,------myelin-exec:__myl_FcCas
23840439904,23840452928,13024,0,13024,myelin-exec:__myl_ResMulMea,649196,649196,3,0,5311,5066,:5037:5063:5066:5311,------myelin-exec:__myl_ResMulMea
23840454240,23840466880,12640,0,12640,myelin-exec:__myl_AddSqrDivMulMulResSliSliNegConMulMulAdd,649196,649196,3,0,5312,5066,:5037:5063:5066:5312,------myelin-exec:__myl_AddSqrDivMulMulResSliSliNegConMulMulAdd
23840468000,23840471424,3424,0,3424,myelin-exec:__mye676986,649196,649196,3,0,5313,5066,:5037:5063:5066:5313,------myelin-exec:__mye676986
23840472320,23840514688,42368,0,42368,myelin-exec:/MatMul_18,649196,649196,3,0,5314,5066,:5037:5063:5066:5314,------myelin-exec:/MatMul_18
23840515840,23840529792,13952,0,13952,myelin-exec:__myl_MulMaxSubExpSumDivMul,649196,649196,3,0,5315,5066,:5037:5063:5066:5315,------myelin-exec:__myl_MulMaxSubExpSumDivMul
23840530816,23840533632,2816,0,2816,myelin-exec:__mye676990,649196,649196,3,0,5316,5066,:5037:5063:5066:5316,------myelin-exec:__mye676990
23840534368,23840570432,36064,0,36064,myelin-exec:/MatMul_19,649196,649196,3,0,5317,5066,:5037:5063:5066:5317,------myelin-exec:/MatMul_19
23840571776,23840590368,18592,0,18592,myelin-exec:__myl_MulMinMaxRouCas,649196,649196,3,0,5318,5066,:5037:5063:5066:5318,------myelin-exec:__myl_MulMinMaxRouCas
23840591392,23840723488,132096,0,132096,myelin-exec:__myl_FcCasAdd,649196,649196,3,0,5319,5066,:5037:5063:5066:5319,------myelin-exec:__myl_FcCasAdd
23840724960,23840744288,19328,0,19328,myelin-exec:__myl_MulMeaAddSqrDivMulMulMulMinMaxRouCas,649196,649196,3,0,5320,5066,:5037:5063:5066:5320,------myelin-exec:__myl_MulMeaAddSqrDivMulMulMulMinMaxRouCas
23840745824,23840786304,40480,0,40480,myelin-exec:/up_proj_9/MatMul,649196,649196,3,0,5321,5066,:5037:5063:5066:5321,------myelin-exec:/up_proj_9/MatMul
23840788000,23840923648,135648,0,135648,myelin-exec:__myl_FcCasNegExpAddDivMulMul,649196,649196,3,0,5322,5066,:5037:5063:5066:5322,------myelin-exec:__myl_FcCasNegExpAddDivMulMul
23840925280,23841053600,128320,0,128320,myelin-exec:__myl_FcAdd,649196,649196,3,0,5323,5066,:5037:5063:5066:5323,------myelin-exec:__myl_FcAdd
23841055264,23841069728,14464,0,14464,myelin-exec:__myl_MulMeaAddSqrDivMulDivMinMaxRouCasDivMinMaxRouCasDivMinMaxRouCas,649196,649196,3,0,5324,5066,:5037:5063:5066:5324,------myelin-exec:__myl_MulMeaAddSqrDivMulDivMinMaxRouCasDivMinMaxRouCasDivMinMaxRouCas
23841071008,23841075456,4448,0,4448,myelin-exec:__mye676992,649196,649196,3,0,5325,5066,:5037:5063:5066:5325,------myelin-exec:__mye676992
23841076736,23841079872,3136,0,3136,myelin-exec:__mye676994,649196,649196,3,0,5326,5066,:5037:5063:5066:5326,------myelin-exec:__mye676994
23841080992,23841216192,135200,0,135200,myelin-exec:__myl_FcCas,649196,649196,3,0,5327,5066,:5037:5063:5066:5327,------myelin-exec:__myl_FcCas
23841217984,23841235808,17824,0,17824,myelin-exec:__myl_ResConResRep,649196,649196,3,0,5328,5066,:5037:5063:5066:5328,------myelin-exec:__myl_ResConResRep
23841237600,23841241344,3744,0,3744,myelin-exec:__mye677002,649196,649196,3,0,5329,5066,:5037:5063:5066:5329,------myelin-exec:__mye677002
23841242496,23841244960,2464,0,2464,myelin-exec:__mye676996,649196,649196,3,0,5330,5066,:5037:5063:5066:5330,------myelin-exec:__mye676996
23841245920,23841381632,135712,0,135712,myelin-exec:__myl_FcCas,649196,649196,3,0,5331,5066,:5037:5063:5066:5331,------myelin-exec:__myl_FcCas
23841383648,23841402560,18912,0,18912,myelin-exec:__myl_ResMulMea,649196,649196,3,0,5332,5066,:5037:5063:5066:5332,------myelin-exec:__myl_ResMulMea
23841404320,23841419872,15552,0,15552,myelin-exec:__myl_AddSqrDivMulMulResSliSliNegConMulMulAddConResRepResTra,649196,649196,3,0,5333,5066,:5037:5063:5066:5333,------myelin-exec:__myl_AddSqrDivMulMulResSliSliNegConMulMulAddConResRepResTra
23841421408,23841425056,3648,0,3648,myelin-exec:__mye676998,649196,649196,3,0,5334,5066,:5037:5063:5066:5334,------myelin-exec:__mye676998
23841426176,23841562464,136288,0,136288,myelin-exec:__myl_FcCas,649196,649196,3,0,5335,5066,:5037:5063:5066:5335,------myelin-exec:__myl_FcCas
23841564000,23841578080,14080,0,14080,myelin-exec:__myl_ResMulMea,649196,649196,3,0,5336,5066,:5037:5063:5066:5336,------myelin-exec:__myl_ResMulMea
23841579232,23841591744,12512,0,12512,myelin-exec:__myl_AddSqrDivMulMulResSliSliNegConMulMulAdd,649196,649196,3,0,5337,5066,:5037:5063:5066:5337,------myelin-exec:__myl_AddSqrDivMulMulResSliSliNegConMulMulAdd
23841592896,23841596256,3360,0,3360,myelin-exec:__mye677000,649196,649196,3,0,5338,5066,:5037:5063:5066:5338,------myelin-exec:__mye677000
23841597088,23841642496,45408,0,45408,myelin-exec:/MatMul_20,649196,649196,3,0,5339,5066,:5037:5063:5066:5339,------myelin-exec:/MatMul_20
23841644128,23841657888,13760,0,13760,myelin-exec:__myl_MulMaxSubExpSumDivMul,649196,649196,3,0,5340,5066,:5037:5063:5066:5340,------myelin-exec:__myl_MulMaxSubExpSumDivMul
23841659040,23841661600,2560,0,2560,myelin-exec:__mye677004,649196,649196,3,0,5341,5066,:5037:5063:5066:5341,------myelin-exec:__mye677004
23841662656,23841700576,37920,0,37920,myelin-exec:/MatMul_21,649196,649196,3,0,5342,5066,:5037:5063:5066:5342,------myelin-exec:/MatMul_21
23841701920,23841719904,17984,0,17984,myelin-exec:__myl_MulMinMaxRouCas,649196,649196,3,0,5343,5066,:5037:5063:5066:5343,------myelin-exec:__myl_MulMinMaxRouCas
23841720800,23841858016,137216,0,137216,myelin-exec:__myl_FcCasAdd,649196,649196,3,0,5344,5066,:5037:5063:5066:5344,------myelin-exec:__myl_FcCasAdd
23841859808,23841877760,17952,0,17952,myelin-exec:__myl_MulMeaAddSqrDivMulMulMulMinMaxRouCas,649196,649196,3,0,5345,5066,:5037:5063:5066:5345,------myelin-exec:__myl_MulMeaAddSqrDivMulMulMulMinMaxRouCas
23841879680,23841920160,40480,0,40480,myelin-exec:/up_proj_10/MatMul,649196,649196,3,0,5346,5066,:5037:5063:5066:5346,------myelin-exec:/up_proj_10/MatMul
23841921280,23842052192,130912,0,130912,myelin-exec:__myl_FcCasNegExpAddDivMulMul,649196,649196,3,0,5347,5066,:5037:5063:5066:5347,------myelin-exec:__myl_FcCasNegExpAddDivMulMul
23842053856,23842182752,128896,0,128896,myelin-exec:__myl_FcAdd,649196,649196,3,0,5348,5066,:5037:5063:5066:5348,------myelin-exec:__myl_FcAdd
23842184992,23842199744,14752,0,14752,myelin-exec:__myl_MulMeaAddSqrDivMulDivMinMaxRouCasDivMinMaxRouCasDivMinMaxRouCas,649196,649196,3,0,5349,5066,:5037:5063:5066:5349,------myelin-exec:__myl_MulMeaAddSqrDivMulDivMinMaxRouCasDivMinMaxRouCasDivMinMaxRouCas
23842201472,23842206016,4544,0,4544,myelin-exec:__mye677006,649196,649196,3,0,5350,5066,:5037:5063:5066:5350,------myelin-exec:__mye677006
23842207008,23842210560,3552,0,3552,myelin-exec:__mye677008,649196,649196,3,0,5351,5066,:5037:5063:5066:5351,------myelin-exec:__mye677008
23842211616,23842373440,161824,0,161824,myelin-exec:__myl_FcCas,649196,649196,3,0,5352,5066,:5037:5063:5066:5352,------myelin-exec:__myl_FcCas
23842375584,23842401792,26208,0,26208,myelin-exec:__myl_ResConResRep,649196,649196,3,0,5353,5066,:5037:5063:5066:5353,------myelin-exec:__myl_ResConResRep
23842403648,23842408864,5216,0,5216,myelin-exec:__mye677016,649196,649196,3,0,5354,5066,:5037:5063:5066:5354,------myelin-exec:__mye677016
23842410176,23842413984,3808,0,3808,myelin-exec:__mye677010,649196,649196,3,0,5355,5066,:5037:5063:5066:5355,------myelin-exec:__mye677010
23842415552,23842547840,132288,0,132288,myelin-exec:__myl_FcCas,649196,649196,3,0,5356,5066,:5037:5063:5066:5356,------myelin-exec:__myl_FcCas
23842549984,23842570720,20736,0,20736,myelin-exec:__myl_ResMulMea,649196,649196,3,0,5357,5066,:5037:5063:5066:5357,------myelin-exec:__myl_ResMulMea
23842572096,23842588800,16704,0,16704,myelin-exec:__myl_AddSqrDivMulMulResSliSliNegConMulMulAddConResRepResTra,649196,649196,3,0,5358,5066,:5037:5063:5066:5358,------myelin-exec:__myl_AddSqrDivMulMulResSliSliNegConMulMulAddConResRepResTra
23842590080,23842593952,3872,0,3872,myelin-exec:__mye677012,649196,649196,3,0,5359,5066,:5037:5063:5066:5359,------myelin-exec:__mye677012
23842595840,23842746784,150944,0,150944,myelin-exec:__myl_FcCas,649196,649196,3,0,5360,5066,:5037:5063:5066:5360,------myelin-exec:__myl_FcCas
23842749024,23842764096,15072,0,15072,myelin-exec:__myl_ResMulMea,649196,649196,3,0,5361,5066,:5037:5063:5066:5361,------myelin-exec:__myl_ResMulMea
23842766048,23842778624,12576,0,12576,myelin-exec:__myl_AddSqrDivMulMulResSliSliNegConMulMulAdd,649196,649196,3,0,5362,5066,:5037:5063:5066:5362,------myelin-exec:__myl_AddSqrDivMulMulResSliSliNegConMulMulAdd
23842780128,23842784352,4224,0,4224,myelin-exec:__mye677014,649196,649196,3,0,5363,5066,:5037:5063:5066:5363,------myelin-exec:__mye677014
23842785056,23842829344,44288,0,44288,myelin-exec:/MatMul_22,649196,649196,3,0,5364,5066,:5037:5063:5066:5364,------myelin-exec:/MatMul_22
23842830784,23842844192,13408,0,13408,myelin-exec:__myl_MulMaxSubExpSumDivMul,649196,649196,3,0,5365,5066,:5037:5063:5066:5365,------myelin-exec:__myl_MulMaxSubExpSumDivMul
23842845472,23842848448,2976,0,2976,myelin-exec:__mye677018,649196,649196,3,0,5366,5066,:5037:5063:5066:5366,------myelin-exec:__mye677018
23842849312,23842886912,37600,0,37600,myelin-exec:/MatMul_23,649196,649196,3,0,5367,5066,:5037:5063:5066:5367,------myelin-exec:/MatMul_23
23842888128,23842905824,17696,0,17696,myelin-exec:__myl_MulMinMaxRouCas,649196,649196,3,0,5368,5066,:5037:5063:5066:5368,------myelin-exec:__myl_MulMinMaxRouCas
23842906944,23843041440,134496,0,134496,myelin-exec:__myl_FcCasAdd,649196,649196,3,0,5369,5066,:5037:5063:5066:5369,------myelin-exec:__myl_FcCasAdd
23843043264,23843061120,17856,0,17856,myelin-exec:__myl_MulMeaAddSqrDivMulMulMulMinMaxRouCas,649196,649196,3,0,5370,5066,:5037:5063:5066:5370,------myelin-exec:__myl_MulMeaAddSqrDivMulMulMulMinMaxRouCas
23843062560,23843102816,40256,0,40256,myelin-exec:/up_proj_11/MatMul,649196,649196,3,0,5371,5066,:5037:5063:5066:5371,------myelin-exec:/up_proj_11/MatMul
23843104192,23843237632,133440,0,133440,myelin-exec:__myl_FcCasNegExpAddDivMulMul,649196,649196,3,0,5372,5066,:5037:5063:5066:5372,------myelin-exec:__myl_FcCasNegExpAddDivMulMul
23843239424,23843369088,129664,0,129664,myelin-exec:__myl_FcAdd,649196,649196,3,0,5373,5066,:5037:5063:5066:5373,------myelin-exec:__myl_FcAdd
23843370752,23843385824,15072,0,15072,myelin-exec:__myl_MulMeaAddSqrDivMulDivMinMaxRouCasDivMinMaxRouCasDivMinMaxRouCas,649196,649196,3,0,5374,5066,:5037:5063:5066:5374,------myelin-exec:__myl_MulMeaAddSqrDivMulDivMinMaxRouCasDivMinMaxRouCasDivMinMaxRouCas
23843387392,23843392288,4896,0,4896,myelin-exec:__mye677020,649196,649196,3,0,5375,5066,:5037:5063:5066:5375,------myelin-exec:__mye677020
23843393408,23843396512,3104,0,3104,myelin-exec:__mye677022,649196,649196,3,0,5376,5066,:5037:5063:5066:5376,------myelin-exec:__mye677022
23843397344,23843522240,124896,0,124896,myelin-exec:__myl_FcCas,649196,649196,3,0,5377,5066,:5037:5063:5066:5377,------myelin-exec:__myl_FcCas
23843524000,23843539936,15936,0,15936,myelin-exec:__myl_ResConResRep,649196,649196,3,0,5378,5066,:5037:5063:5066:5378,------myelin-exec:__myl_ResConResRep
23843541120,23843544928,3808,0,3808,myelin-exec:__mye677030,649196,649196,3,0,5379,5066,:5037:5063:5066:5379,------myelin-exec:__mye677030
23843546080,23843548224,2144,0,2144,myelin-exec:__mye677024,649196,649196,3,0,5380,5066,:5037:5063:5066:5380,------myelin-exec:__mye677024
23843549088,23843674240,125152,0,125152,myelin-exec:__myl_FcCas,649196,649196,3,0,5381,5066,:5037:5063:5066:5381,------myelin-exec:__myl_FcCas
23843675904,23843696384,20480,0,20480,myelin-exec:__myl_ResMulMea,649196,649196,3,0,5382,5066,:5037:5063:5066:5382,------myelin-exec:__myl_ResMulMea
23843697792,23843714304,16512,0,16512,myelin-exec:__myl_AddSqrDivMulMulResSliSliNegConMulMulAddConResRepResTra,649196,649196,3,0,5383,5066,:5037:5063:5066:5383,------myelin-exec:__myl_AddSqrDivMulMulResSliSliNegConMulMulAddConResRepResTra
23843715488,23843718880,3392,0,3392,myelin-exec:__mye677026,649196,649196,3,0,5384,5066,:5037:5063:5066:5384,------myelin-exec:__mye677026
23843719808,23843856480,136672,0,136672,myelin-exec:__myl_FcCas,649196,649196,3,0,5385,5066,:5037:5063:5066:5385,------myelin-exec:__myl_FcCas
23843858208,23843871456,13248,0,13248,myelin-exec:__myl_ResMulMea,649196,649196,3,0,5386,5066,:5037:5063:5066:5386,------myelin-exec:__myl_ResMulMea
23843872800,23843884800,12000,0,12000,myelin-exec:__myl_AddSqrDivMulMulResSliSliNegConMulMulAdd,649196,649196,3,0,5387,5066,:5037:5063:5066:5387,------myelin-exec:__myl_AddSqrDivMulMulResSliSliNegConMulMulAdd
23843885856,23843889344,3488,0,3488,myelin-exec:__mye677028,649196,649196,3,0,5388,5066,:5037:5063:5066:5388,------myelin-exec:__mye677028
23843890272,23843940768,50496,0,50496,myelin-exec:/MatMul_24,649196,649196,3,0,5389,5066,:5037:5063:5066:5389,------myelin-exec:/MatMul_24
23843942496,23843960864,18368,0,18368,myelin-exec:__myl_MulMaxSubExpSumDivMul,649196,649196,3,0,5390,5066,:5037:5063:5066:5390,------myelin-exec:__myl_MulMaxSubExpSumDivMul
23843962176,23843966240,4064,0,4064,myelin-exec:__mye677032,649196,649196,3,0,5391,5066,:5037:5063:5066:5391,------myelin-exec:__mye677032
23843966880,23844003936,37056,0,37056,myelin-exec:/MatMul_25,649196,649196,3,0,5392,5066,:5037:5063:5066:5392,------myelin-exec:/MatMul_25
23844005312,23844024064,18752,0,18752,myelin-exec:__myl_MulMinMaxRouCas,649196,649196,3,0,5393,5066,:5037:5063:5066:5393,------myelin-exec:__myl_MulMinMaxRouCas
23844025152,23844161088,135936,0,135936,myelin-exec:__myl_FcCasAdd,649196,649196,3,0,5394,5066,:5037:5063:5066:5394,------myelin-exec:__myl_FcCasAdd
23844162656,23844176672,14016,0,14016,myelin-exec:__myl_MulMeaAddSqrDivMulMulMulMinMaxRouCas,649196,649196,3,0,5395,5066,:5037:5063:5066:5395,------myelin-exec:__myl_MulMeaAddSqrDivMulMulMulMinMaxRouCas
23844178048,23844219456,41408,0,41408,myelin-exec:/up_proj_12/MatMul,649196,649196,3,0,5396,5066,:5037:5063:5066:5396,------myelin-exec:/up_proj_12/MatMul
23844221120,23844351008,129888,0,129888,myelin-exec:__myl_FcCasNegExpAddDivMulMul,649196,649196,3,0,5397,5066,:5037:5063:5066:5397,------myelin-exec:__myl_FcCasNegExpAddDivMulMul
23844352960,23844484672,131712,0,131712,myelin-exec:__myl_FcAdd,649196,649196,3,0,5398,5066,:5037:5063:5066:5398,------myelin-exec:__myl_FcAdd
23844486208,23844501536,15328,0,15328,myelin-exec:__myl_MulMeaAddSqrDivMulDivMinMaxRouCasDivMinMaxRouCasDivMinMaxRouCas,649196,649196,3,0,5399,5066,:5037:5063:5066:5399,------myelin-exec:__myl_MulMeaAddSqrDivMulDivMinMaxRouCasDivMinMaxRouCasDivMinMaxRouCas
23844502880,23844507552,4672,0,4672,myelin-exec:__mye677034,649196,649196,3,0,5400,5066,:5037:5063:5066:5400,------myelin-exec:__mye677034
23844508128,23844511392,3264,0,3264,myelin-exec:__mye677036,649196,649196,3,0,5401,5066,:5037:5063:5066:5401,------myelin-exec:__mye677036
23844512256,23844652800,140544,0,140544,myelin-exec:__myl_FcCas,649196,649196,3,0,5402,5066,:5037:5063:5066:5402,------myelin-exec:__myl_FcCas
23844654720,23844673984,19264,0,19264,myelin-exec:__myl_ResConResRep,649196,649196,3,0,5403,5066,:5037:5063:5066:5403,------myelin-exec:__myl_ResConResRep
23844675520,23844679424,3904,0,3904,myelin-exec:__mye677044,649196,649196,3,0,5404,5066,:5037:5063:5066:5404,------myelin-exec:__mye677044
23844680736,23844683296,2560,0,2560,myelin-exec:__mye677038,649196,649196,3,0,5405,5066,:5037:5063:5066:5405,------myelin-exec:__mye677038
23844684480,23844826912,142432,0,142432,myelin-exec:__myl_FcCas,649196,649196,3,0,5406,5066,:5037:5063:5066:5406,------myelin-exec:__myl_FcCas
23844828416,23844848448,20032,0,20032,myelin-exec:__myl_ResMulMea,649196,649196,3,0,5407,5066,:5037:5063:5066:5407,------myelin-exec:__myl_ResMulMea
23844850208,23844866304,16096,0,16096,myelin-exec:__myl_AddSqrDivMulMulResSliSliNegConMulMulAddConResRepResTra,649196,649196,3,0,5408,5066,:5037:5063:5066:5408,------myelin-exec:__myl_AddSqrDivMulMulResSliSliNegConMulMulAddConResRepResTra
23844867776,23844871328,3552,0,3552,myelin-exec:__mye677040,649196,649196,3,0,5409,5066,:5037:5063:5066:5409,------myelin-exec:__mye677040
23844872576,23845023200,150624,0,150624,myelin-exec:__myl_FcCas,649196,649196,3,0,5410,5066,:5037:5063:5066:5410,------myelin-exec:__myl_FcCas
23845025472,23845041696,16224,0,16224,myelin-exec:__myl_ResMulMea,649196,649196,3,0,5411,5066,:5037:5063:5066:5411,------myelin-exec:__myl_ResMulMea
23845043648,23845056736,13088,0,13088,myelin-exec:__myl_AddSqrDivMulMulResSliSliNegConMulMulAdd,649196,649196,3,0,5412,5066,:5037:5063:5066:5412,------myelin-exec:__myl_AddSqrDivMulMulResSliSliNegConMulMulAdd
23845058208,23845061888,3680,0,3680,myelin-exec:__mye677042,649196,649196,3,0,5413,5066,:5037:5063:5066:5413,------myelin-exec:__mye677042
23845063104,23845107744,44640,0,44640,myelin-exec:/MatMul_26,649196,649196,3,0,5414,5066,:5037:5063:5066:5414,------myelin-exec:/MatMul_26
23845109280,23845122752,13472,0,13472,myelin-exec:__myl_MulMaxSubExpSumDivMul,649196,649196,3,0,5415,5066,:5037:5063:5066:5415,------myelin-exec:__myl_MulMaxSubExpSumDivMul
23845123968,23845126592,2624,0,2624,myelin-exec:__mye677046,649196,649196,3,0,5416,5066,:5037:5063:5066:5416,------myelin-exec:__mye677046
23845127840,23845164896,37056,0,37056,myelin-exec:/MatMul_27,649196,649196,3,0,5417,5066,:5037:5063:5066:5417,------myelin-exec:/MatMul_27
23845166560,23845185760,19200,0,19200,myelin-exec:__myl_MulMinMaxRouCas,649196,649196,3,0,5418,5066,:5037:5063:5066:5418,------myelin-exec:__myl_MulMinMaxRouCas
23845186592,23845320704,134112,0,134112,myelin-exec:__myl_FcCasAdd,649196,649196,3,0,5419,5066,:5037:5063:5066:5419,------myelin-exec:__myl_FcCasAdd
23845322240,23845338496,16256,0,16256,myelin-exec:__myl_MulMeaAddSqrDivMulMulMulMinMaxRouCas,649196,649196,3,0,5420,5066,:5037:5063:5066:5420,------myelin-exec:__myl_MulMeaAddSqrDivMulMulMulMinMaxRouCas
23845339872,23845387008,47136,0,47136,myelin-exec:/up_proj_13/MatMul,649196,649196,3,0,5421,5066,:5037:5063:5066:5421,------myelin-exec:/up_proj_13/MatMul
23845388896,23845522816,133920,0,133920,myelin-exec:__myl_FcCasNegExpAddDivMulMul,649196,649196,3,0,5422,5066,:5037:5063:5066:5422,------myelin-exec:__myl_FcCasNegExpAddDivMulMul
23845524352,23845654304,129952,0,129952,myelin-exec:__myl_FcAdd,649196,649196,3,0,5423,5066,:5037:5063:5066:5423,------myelin-exec:__myl_FcAdd
23845655584,23845671744,16160,0,16160,myelin-exec:__myl_MulMeaAddSqrDivMulDivMinMaxRouCasDivMinMaxRouCasDivMinMaxRouCas,649196,649196,3,0,5424,5066,:5037:5063:5066:5424,------myelin-exec:__myl_MulMeaAddSqrDivMulDivMinMaxRouCasDivMinMaxRouCasDivMinMaxRouCas
23845672704,23845676800,4096,0,4096,myelin-exec:__mye677048,649196,649196,3,0,5425,5066,:5037:5063:5066:5425,------myelin-exec:__mye677048
23845677632,23845681280,3648,0,3648,myelin-exec:__mye677050,649196,649196,3,0,5426,5066,:5037:5063:5066:5426,------myelin-exec:__mye677050
23845682240,23845817888,135648,0,135648,myelin-exec:__myl_FcCas,649196,649196,3,0,5427,5066,:5037:5063:5066:5427,------myelin-exec:__myl_FcCas
23845820000,23845837376,17376,0,17376,myelin-exec:__myl_ResConResRep,649196,649196,3,0,5428,5066,:5037:5063:5066:5428,------myelin-exec:__myl_ResConResRep
23845839488,23845842752,3264,0,3264,myelin-exec:__mye677058,649196,649196,3,0,5429,5066,:5037:5063:5066:5429,------myelin-exec:__mye677058
23845843872,23845846336,2464,0,2464,myelin-exec:__mye677052,649196,649196,3,0,5430,5066,:5037:5063:5066:5430,------myelin-exec:__mye677052
23845847392,23845979424,132032,0,132032,myelin-exec:__myl_FcCas,649196,649196,3,0,5431,5066,:5037:5063:5066:5431,------myelin-exec:__myl_FcCas
23845980704,23846000128,19424,0,19424,myelin-exec:__myl_ResMulMea,649196,649196,3,0,5432,5066,:5037:5063:5066:5432,------myelin-exec:__myl_ResMulMea
23846001472,23846018624,17152,0,17152,myelin-exec:__myl_AddSqrDivMulMulResSliSliNegConMulMulAddConResRepResTra,649196,649196,3,0,5433,5066,:5037:5063:5066:5433,------myelin-exec:__myl_AddSqrDivMulMulResSliSliNegConMulMulAddConResRepResTra
23846020000,23846023488,3488,0,3488,myelin-exec:__mye677054,649196,649196,3,0,5434,5066,:5037:5063:5066:5434,------myelin-exec:__mye677054
23846024480,23846164576,140096,0,140096,myelin-exec:__myl_FcCas,649196,649196,3,0,5435,5066,:5037:5063:5066:5435,------myelin-exec:__myl_FcCas
23846166240,23846179968,13728,0,13728,myelin-exec:__myl_ResMulMea,649196,649196,3,0,5436,5066,:5037:5063:5066:5436,------myelin-exec:__myl_ResMulMea
23846181632,23846193728,12096,0,12096,myelin-exec:__myl_AddSqrDivMulMulResSliSliNegConMulMulAdd,649196,649196,3,0,5437,5066,:5037:5063:5066:5437,------myelin-exec:__myl_AddSqrDivMulMulResSliSliNegConMulMulAdd
23846195040,23846198336,3296,0,3296,myelin-exec:__mye677056,649196,649196,3,0,5438,5066,:5037:5063:5066:5438,------myelin-exec:__mye677056
23846199232,23846275392,76160,0,76160,myelin-exec:/MatMul_28,649196,649196,3,0,5439,5066,:5037:5063:5066:5439,------myelin-exec:/MatMul_28
23846277408,23846300640,23232,0,23232,myelin-exec:__myl_MulMaxSubExpSumDivMul,649196,649196,3,0,5440,5066,:5037:5063:5066:5440,------myelin-exec:__myl_MulMaxSubExpSumDivMul
23846302528,23846307136,4608,0,4608,myelin-exec:__mye677060,649196,649196,3,0,5441,5066,:5037:5063:5066:5441,------myelin-exec:__mye677060
23846308128,23846354880,46752,0,46752,myelin-exec:/MatMul_29,649196,649196,3,0,5442,5066,:5037:5063:5066:5442,------myelin-exec:/MatMul_29
23846356288,23846499648,143360,0,143360,myelin-exec:__myl_FcAdd,649196,649196,3,0,5443,5066,:5037:5063:5066:5443,------myelin-exec:__myl_FcAdd
23846501280,23846521312,20032,0,20032,myelin-exec:__myl_MulMeaAddSqrDivMulMulMulMinMaxRouCas,649196,649196,3,0,5444,5066,:5037:5063:5066:5444,------myelin-exec:__myl_MulMeaAddSqrDivMulMulMulMinMaxRouCas
23846522688,23846567360,44672,0,44672,myelin-exec:/up_proj_14/MatMul,649196,649196,3,0,5445,5066,:5037:5063:5066:5445,------myelin-exec:/up_proj_14/MatMul
23846568800,23846705824,137024,0,137024,myelin-exec:__myl_FcCasNegExpAddDivMulMul,649196,649196,3,0,5446,5066,:5037:5063:5066:5446,------myelin-exec:__myl_FcCasNegExpAddDivMulMul
23846707680,23846839296,131616,0,131616,myelin-exec:__myl_FcAdd,649196,649196,3,0,5447,5066,:5037:5063:5066:5447,------myelin-exec:__myl_FcAdd
23846840576,23846855264,14688,0,14688,myelin-exec:__myl_MulMeaAddSqrDivMulDivMinMaxRouCasDivMinMaxRouCasDivMinMaxRouCas,649196,649196,3,0,5448,5066,:5037:5063:5066:5448,------myelin-exec:__myl_MulMeaAddSqrDivMulDivMinMaxRouCasDivMinMaxRouCasDivMinMaxRouCas
23846856512,23846861184,4672,0,4672,myelin-exec:__mye677062,649196,649196,3,0,5449,5066,:5037:5063:5066:5449,------myelin-exec:__mye677062
23846862336,23846865760,3424,0,3424,myelin-exec:__mye677064,649196,649196,3,0,5450,5066,:5037:5063:5066:5450,------myelin-exec:__mye677064
23846866624,23847003136,136512,0,136512,myelin-exec:__myl_FcCas,649196,649196,3,0,5451,5066,:5037:5063:5066:5451,------myelin-exec:__myl_FcCas
23847004832,23847030688,25856,0,25856,myelin-exec:__myl_ResConResRep,649196,649196,3,0,5452,5066,:5037:5063:5066:5452,------myelin-exec:__myl_ResConResRep
23847032160,23847036640,4480,0,4480,myelin-exec:__mye677072,649196,649196,3,0,5453,5066,:5037:5063:5066:5453,------myelin-exec:__mye677072
23847037536,23847040384,2848,0,2848,myelin-exec:__mye677066,649196,649196,3,0,5454,5066,:5037:5063:5066:5454,------myelin-exec:__mye677066
23847041600,23847179424,137824,0,137824,myelin-exec:__myl_FcCas,649196,649196,3,0,5455,5066,:5037:5063:5066:5455,------myelin-exec:__myl_FcCas
23847180992,23847200832,19840,0,19840,myelin-exec:__myl_ResMulMea,649196,649196,3,0,5456,5066,:5037:5063:5066:5456,------myelin-exec:__myl_ResMulMea
23847202432,23847218656,16224,0,16224,myelin-exec:__myl_AddSqrDivMulMulResSliSliNegConMulMulAddConResRepResTra,649196,649196,3,0,5457,5066,:5037:5063:5066:5457,------myelin-exec:__myl_AddSqrDivMulMulResSliSliNegConMulMulAddConResRepResTra
23847220320,23847223616,3296,0,3296,myelin-exec:__mye677068,649196,649196,3,0,5458,5066,:5037:5063:5066:5458,------myelin-exec:__mye677068
23847224480,23847370816,146336,0,146336,myelin-exec:__myl_FcCas,649196,649196,3,0,5459,5066,:5037:5063:5066:5459,------myelin-exec:__myl_FcCas
23847372832,23847389248,16416,0,16416,myelin-exec:__myl_ResMulMea,649196,649196,3,0,5460,5066,:5037:5063:5066:5460,------myelin-exec:__myl_ResMulMea
23847391232,23847406016,14784,0,14784,myelin-exec:__myl_AddSqrDivMulMulResSliSliNegConMulMulAdd,649196,649196,3,0,5461,5066,:5037:5063:5066:5461,------myelin-exec:__myl_AddSqrDivMulMulResSliSliNegConMulMulAdd
23847408000,23847411488,3488,0,3488,myelin-exec:__mye677070,649196,649196,3,0,5462,5066,:5037:5063:5066:5462,------myelin-exec:__mye677070
23847412480,23847463648,51168,0,51168,myelin-exec:/MatMul_30,649196,649196,3,0,5463,5066,:5037:5063:5066:5463,------myelin-exec:/MatMul_30
23847465024,23847482944,17920,0,17920,myelin-exec:__myl_MulMaxSubExpSumDivMul,649196,649196,3,0,5464,5066,:5037:5063:5066:5464,------myelin-exec:__myl_MulMaxSubExpSumDivMul
23847484448,23847488128,3680,0,3680,myelin-exec:__mye677074,649196,649196,3,0,5465,5066,:5037:5063:5066:5465,------myelin-exec:__mye677074
23847489184,23847529056,39872,0,39872,myelin-exec:/MatMul_31,649196,649196,3,0,5466,5066,:5037:5063:5066:5466,------myelin-exec:/MatMul_31
23847530400,23847548224,17824,0,17824,myelin-exec:__myl_MulMinMaxRouCas,649196,649196,3,0,5467,5066,:5037:5063:5066:5467,------myelin-exec:__myl_MulMinMaxRouCas
23847549664,23847685856,136192,0,136192,myelin-exec:__myl_FcCasAdd,649196,649196,3,0,5468,5066,:5037:5063:5066:5468,------myelin-exec:__myl_FcCasAdd
23847687520,23847707008,19488,0,19488,myelin-exec:__myl_MulMeaAddSqrDivMulMulMulMinMaxRouCas,649196,649196,3,0,5469,5066,:5037:5063:5066:5469,------myelin-exec:__myl_MulMeaAddSqrDivMulMulMulMinMaxRouCas
23847708608,23847754112,45504,0,45504,myelin-exec:/up_proj_15/MatMul,649196,649196,3,0,5470,5066,:5037:5063:5066:5470,------myelin-exec:/up_proj_15/MatMul
23847755872,23847895488,139616,0,139616,myelin-exec:__myl_FcCasNegExpAddDivMulMul,649196,649196,3,0,5471,5066,:5037:5063:5066:5471,------myelin-exec:__myl_FcCasNegExpAddDivMulMul
23847897472,23848029536,132064,0,132064,myelin-exec:__myl_FcAdd,649196,649196,3,0,5472,5066,:5037:5063:5066:5472,------myelin-exec:__myl_FcAdd
23848031584,23848049088,17504,0,17504,myelin-exec:__myl_MulMeaAddSqrDivMulDivMinMaxRouCasDivMinMaxRouCasDivMinMaxRouCas,649196,649196,3,0,5473,5066,:5037:5063:5066:5473,------myelin-exec:__myl_MulMeaAddSqrDivMulDivMinMaxRouCasDivMinMaxRouCasDivMinMaxRouCas
23848050848,23848055616,4768,0,4768,myelin-exec:__mye677076,649196,649196,3,0,5474,5066,:5037:5063:5066:5474,------myelin-exec:__mye677076
23848056352,23848059680,3328,0,3328,myelin-exec:__mye677078,649196,649196,3,0,5475,5066,:5037:5063:5066:5475,------myelin-exec:__mye677078
23848060896,23848191040,130144,0,130144,myelin-exec:__myl_FcCas,649196,649196,3,0,5476,5066,:5037:5063:5066:5476,------myelin-exec:__myl_FcCas
23848192768,23848210688,17920,0,17920,myelin-exec:__myl_ResConResRep,649196,649196,3,0,5477,5066,:5037:5063:5066:5477,------myelin-exec:__myl_ResConResRep
23848212192,23848215552,3360,0,3360,myelin-exec:__mye677086,649196,649196,3,0,5478,5066,:5037:5063:5066:5478,------myelin-exec:__mye677086
23848216672,23848219168,2496,0,2496,myelin-exec:__mye677080,649196,649196,3,0,5479,5066,:5037:5063:5066:5479,------myelin-exec:__mye677080
23848220160,23848351392,131232,0,131232,myelin-exec:__myl_FcCas,649196,649196,3,0,5480,5066,:5037:5063:5066:5480,------myelin-exec:__myl_FcCas
23848353056,23848373568,20512,0,20512,myelin-exec:__myl_ResMulMea,649196,649196,3,0,5481,5066,:5037:5063:5066:5481,------myelin-exec:__myl_ResMulMea
23848375392,23848391232,15840,0,15840,myelin-exec:__myl_AddSqrDivMulMulResSliSliNegConMulMulAddConResRepResTra,649196,649196,3,0,5482,5066,:5037:5063:5066:5482,------myelin-exec:__myl_AddSqrDivMulMulResSliSliNegConMulMulAddConResRepResTra
23848392544,23848396096,3552,0,3552,myelin-exec:__mye677082,649196,649196,3,0,5483,5066,:5037:5063:5066:5483,------myelin-exec:__mye677082
23848397248,23848535616,138368,0,138368,myelin-exec:__myl_FcCas,649196,649196,3,0,5484,5066,:5037:5063:5066:5484,------myelin-exec:__myl_FcCas
23848537760,23848553472,15712,0,15712,myelin-exec:__myl_ResMulMea,649196,649196,3,0,5485,5066,:5037:5063:5066:5485,------myelin-exec:__myl_ResMulMea
23848555392,23848568992,13600,0,13600,myelin-exec:__myl_AddSqrDivMulMulResSliSliNegConMulMulAdd,649196,649196,3,0,5486,5066,:5037:5063:5066:5486,------myelin-exec:__myl_AddSqrDivMulMulResSliSliNegConMulMulAdd
23848570592,23848574336,3744,0,3744,myelin-exec:__mye677084,649196,649196,3,0,5487,5066,:5037:5063:5066:5487,------myelin-exec:__mye677084
23848575360,23848617728,42368,0,42368,myelin-exec:/MatMul_32,649196,649196,3,0,5488,5066,:5037:5063:5066:5488,------myelin-exec:/MatMul_32
23848619456,23848633472,14016,0,14016,myelin-exec:__myl_MulMaxSubExpSumDivMul,649196,649196,3,0,5489,5066,:5037:5063:5066:5489,------myelin-exec:__myl_MulMaxSubExpSumDivMul
23848635040,23848638112,3072,0,3072,myelin-exec:__mye677088,649196,649196,3,0,5490,5066,:5037:5063:5066:5490,------myelin-exec:__mye677088
23848638880,23848675904,37024,0,37024,myelin-exec:/MatMul_33,649196,649196,3,0,5491,5066,:5037:5063:5066:5491,------myelin-exec:/MatMul_33
23848677344,23848692800,15456,0,15456,myelin-exec:__myl_MulMinMaxRouCas,649196,649196,3,0,5492,5066,:5037:5063:5066:5492,------myelin-exec:__myl_MulMinMaxRouCas
23848694240,23848837088,142848,0,142848,myelin-exec:__myl_FcCasAdd,649196,649196,3,0,5493,5066,:5037:5063:5066:5493,------myelin-exec:__myl_FcCasAdd
23848839136,23848858976,19840,0,19840,myelin-exec:__myl_MulMeaAddSqrDivMulMulMulMinMaxRouCas,649196,649196,3,0,5494,5066,:5037:5063:5066:5494,------myelin-exec:__myl_MulMeaAddSqrDivMulMulMulMinMaxRouCas
23848860448,23848907392,46944,0,46944,myelin-exec:/up_proj_16/MatMul,649196,649196,3,0,5495,5066,:5037:5063:5066:5495,------myelin-exec:/up_proj_16/MatMul
23848909024,23849042208,133184,0,133184,myelin-exec:__myl_FcCasNegExpAddDivMulMul,649196,649196,3,0,5496,5066,:5037:5063:5066:5496,------myelin-exec:__myl_FcCasNegExpAddDivMulMul
23849043680,23849174688,131008,0,131008,myelin-exec:__myl_FcAdd,649196,649196,3,0,5497,5066,:5037:5063:5066:5497,------myelin-exec:__myl_FcAdd
23849176512,23849192320,15808,0,15808,myelin-exec:__myl_MulMeaAddSqrDivMulDivMinMaxRouCasDivMinMaxRouCasDivMinMaxRouCas,649196,649196,3,0,5498,5066,:5037:5063:5066:5498,------myelin-exec:__myl_MulMeaAddSqrDivMulDivMinMaxRouCasDivMinMaxRouCasDivMinMaxRouCas
23849193888,23849198720,4832,0,4832,myelin-exec:__mye677090,649196,649196,3,0,5499,5066,:5037:5063:5066:5499,------myelin-exec:__mye677090
23849199648,23849202592,2944,0,2944,myelin-exec:__mye677092,649196,649196,3,0,5500,5066,:5037:5063:5066:5500,------myelin-exec:__mye677092
23849203200,23849341408,138208,0,138208,myelin-exec:__myl_FcCas,649196,649196,3,0,5501,5066,:5037:5063:5066:5501,------myelin-exec:__myl_FcCas
23849343040,23849361344,18304,0,18304,myelin-exec:__myl_ResConResRep,649196,649196,3,0,5502,5066,:5037:5063:5066:5502,------myelin-exec:__myl_ResConResRep
23849362816,23849366464,3648,0,3648,myelin-exec:__mye677100,649196,649196,3,0,5503,5066,:5037:5063:5066:5503,------myelin-exec:__mye677100
23849367360,23849369600,2240,0,2240,myelin-exec:__mye677094,649196,649196,3,0,5504,5066,:5037:5063:5066:5504,------myelin-exec:__mye677094
23849370912,23849516704,145792,0,145792,myelin-exec:__myl_FcCas,649196,649196,3,0,5505,5066,:5037:5063:5066:5505,------myelin-exec:__myl_FcCas
23849518400,23849539424,21024,0,21024,myelin-exec:__myl_ResMulMea,649196,649196,3,0,5506,5066,:5037:5063:5066:5506,------myelin-exec:__myl_ResMulMea
23849541024,23849557696,16672,0,16672,myelin-exec:__myl_AddSqrDivMulMulResSliSliNegConMulMulAddConResRepResTra,649196,649196,3,0,5507,5066,:5037:5063:5066:5507,------myelin-exec:__myl_AddSqrDivMulMulResSliSliNegConMulMulAddConResRepResTra
23849559200,23849562336,3136,0,3136,myelin-exec:__mye677096,649196,649196,3,0,5508,5066,:5037:5063:5066:5508,------myelin-exec:__mye677096
23849563520,23849710592,147072,0,147072,myelin-exec:__myl_FcCas,649196,649196,3,0,5509,5066,:5037:5063:5066:5509,------myelin-exec:__myl_FcCas
23849712896,23849728960,16064,0,16064,myelin-exec:__myl_ResMulMea,649196,649196,3,0,5510,5066,:5037:5063:5066:5510,------myelin-exec:__myl_ResMulMea
23849730912,23849744736,13824,0,13824,myelin-exec:__myl_AddSqrDivMulMulResSliSliNegConMulMulAdd,649196,649196,3,0,5511,5066,:5037:5063:5066:5511,------myelin-exec:__myl_AddSqrDivMulMulResSliSliNegConMulMulAdd
23849746240,23849749536,3296,0,3296,myelin-exec:__mye677098,649196,649196,3,0,5512,5066,:5037:5063:5066:5512,------myelin-exec:__mye677098
23849750368,23849802848,52480,0,52480,myelin-exec:/MatMul_34,649196,649196,3,0,5513,5066,:5037:5063:5066:5513,------myelin-exec:/MatMul_34
23849804480,23849821536,17056,0,17056,myelin-exec:__myl_MulMaxSubExpSumDivMul,649196,649196,3,0,5514,5066,:5037:5063:5066:5514,------myelin-exec:__myl_MulMaxSubExpSumDivMul
23849822464,23849825760,3296,0,3296,myelin-exec:__mye677102,649196,649196,3,0,5515,5066,:5037:5063:5066:5515,------myelin-exec:__mye677102
23849826912,23849866176,39264,0,39264,myelin-exec:/MatMul_35,649196,649196,3,0,5516,5066,:5037:5063:5066:5516,------myelin-exec:/MatMul_35
23849867712,23849885696,17984,0,17984,myelin-exec:__myl_MulMinMaxRouCas,649196,649196,3,0,5517,5066,:5037:5063:5066:5517,------myelin-exec:__myl_MulMinMaxRouCas
23849886848,23850026304,139456,0,139456,myelin-exec:__myl_FcCasAdd,649196,649196,3,0,5518,5066,:5037:5063:5066:5518,------myelin-exec:__myl_FcCasAdd
23850028160,23850047552,19392,0,19392,myelin-exec:__myl_MulMeaAddSqrDivMulMulMulMinMaxRouCas,649196,649196,3,0,5519,5066,:5037:5063:5066:5519,------myelin-exec:__myl_MulMeaAddSqrDivMulMulMulMinMaxRouCas
23850048672,23850094304,45632,0,45632,myelin-exec:/up_proj_17/MatMul,649196,649196,3,0,5520,5066,:5037:5063:5066:5520,------myelin-exec:/up_proj_17/MatMul
23850096096,23850250080,153984,0,153984,myelin-exec:__myl_FcCasNegExpAddDivMulMul,649196,649196,3,0,5521,5066,:5037:5063:5066:5521,------myelin-exec:__myl_FcCasNegExpAddDivMulMul
23850251488,23850403488,152000,0,152000,myelin-exec:__myl_FcAdd,649196,649196,3,0,5522,5066,:5037:5063:5066:5522,------myelin-exec:__myl_FcAdd
23850404992,23850421728,16736,0,16736,myelin-exec:__myl_MulMeaAddSqrDivMulDivMinMaxRouCasDivMinMaxRouCasDivMinMaxRouCas,649196,649196,3,0,5523,5066,:5037:5063:5066:5523,------myelin-exec:__myl_MulMeaAddSqrDivMulDivMinMaxRouCasDivMinMaxRouCasDivMinMaxRouCas
23850423232,23850428736,5504,0,5504,myelin-exec:__mye677104,649196,649196,3,0,5524,5066,:5037:5063:5066:5524,------myelin-exec:__mye677104
23850429664,23850433312,3648,0,3648,myelin-exec:__mye677106,649196,649196,3,0,5525,5066,:5037:5063:5066:5525,------myelin-exec:__mye677106
23850434464,23850579872,145408,0,145408,myelin-exec:__myl_FcCas,649196,649196,3,0,5526,5066,:5037:5063:5066:5526,------myelin-exec:__myl_FcCas
23850581632,23850600192,18560,0,18560,myelin-exec:__myl_ResConResRep,649196,649196,3,0,5527,5066,:5037:5063:5066:5527,------myelin-exec:__myl_ResConResRep
23850601312,23850605184,3872,0,3872,myelin-exec:__mye677114,649196,649196,3,0,5528,5066,:5037:5063:5066:5528,------myelin-exec:__mye677114
23850606016,23850608864,2848,0,2848,myelin-exec:__mye677108,649196,649196,3,0,5529,5066,:5037:5063:5066:5529,------myelin-exec:__mye677108
23850609952,23850749664,139712,0,139712,myelin-exec:__myl_FcCas,649196,649196,3,0,5530,5066,:5037:5063:5066:5530,------myelin-exec:__myl_FcCas
23850751200,23850771616,20416,0,20416,myelin-exec:__myl_ResMulMea,649196,649196,3,0,5531,5066,:5037:5063:5066:5531,------myelin-exec:__myl_ResMulMea
23850773376,23850789088,15712,0,15712,myelin-exec:__myl_AddSqrDivMulMulResSliSliNegConMulMulAddConResRepResTra,649196,649196,3,0,5532,5066,:5037:5063:5066:5532,------myelin-exec:__myl_AddSqrDivMulMulResSliSliNegConMulMulAddConResRepResTra
23850790496,23850793824,3328,0,3328,myelin-exec:__mye677110,649196,649196,3,0,5533,5066,:5037:5063:5066:5533,------myelin-exec:__mye677110
23850795104,23850935232,140128,0,140128,myelin-exec:__myl_FcCas,649196,649196,3,0,5534,5066,:5037:5063:5066:5534,------myelin-exec:__myl_FcCas
23850937024,23850951616,14592,0,14592,myelin-exec:__myl_ResMulMea,649196,649196,3,0,5535,5066,:5037:5063:5066:5535,------myelin-exec:__myl_ResMulMea
23850952928,23850965312,12384,0,12384,myelin-exec:__myl_AddSqrDivMulMulResSliSliNegConMulMulAdd,649196,649196,3,0,5536,5066,:5037:5063:5066:5536,------myelin-exec:__myl_AddSqrDivMulMulResSliSliNegConMulMulAdd
23850966720,23850969856,3136,0,3136,myelin-exec:__mye677112,649196,649196,3,0,5537,5066,:5037:5063:5066:5537,------myelin-exec:__mye677112
23850971200,23851022944,51744,0,51744,myelin-exec:/MatMul_36,649196,649196,3,0,5538,5066,:5037:5063:5066:5538,------myelin-exec:/MatMul_36
23851024480,23851041824,17344,0,17344,myelin-exec:__myl_MulMaxSubExpSumDivMul,649196,649196,3,0,5539,5066,:5037:5063:5066:5539,------myelin-exec:__myl_MulMaxSubExpSumDivMul
23851043392,23851047456,4064,0,4064,myelin-exec:__mye677116,649196,649196,3,0,5540,5066,:5037:5063:5066:5540,------myelin-exec:__mye677116
23851048672,23851090592,41920,0,41920,myelin-exec:/MatMul_37,649196,649196,3,0,5541,5066,:5037:5063:5066:5541,------myelin-exec:/MatMul_37
23851092192,23851111296,19104,0,19104,myelin-exec:__myl_MulMinMaxRouCas,649196,649196,3,0,5542,5066,:5037:5063:5066:5542,------myelin-exec:__myl_MulMinMaxRouCas
23851112736,23851254272,141536,0,141536,myelin-exec:__myl_FcCasAdd,649196,649196,3,0,5543,5066,:5037:5063:5066:5543,------myelin-exec:__myl_FcCasAdd
23851255744,23851274816,19072,0,19072,myelin-exec:__myl_MulMeaAddSqrDivMulMulMulMinMaxRouCas,649196,649196,3,0,5544,5066,:5037:5063:5066:5544,------myelin-exec:__myl_MulMeaAddSqrDivMulMulMulMinMaxRouCas
23851276448,23851319680,43232,0,43232,myelin-exec:/up_proj_18/MatMul,649196,649196,3,0,5545,5066,:5037:5063:5066:5545,------myelin-exec:/up_proj_18/MatMul
23851321376,23851458272,136896,0,136896,myelin-exec:__myl_FcCasNegExpAddDivMulMul,649196,649196,3,0,5546,5066,:5037:5063:5066:5546,------myelin-exec:__myl_FcCasNegExpAddDivMulMul
23851459776,23851592896,133120,0,133120,myelin-exec:__myl_FcAdd,649196,649196,3,0,5547,5066,:5037:5063:5066:5547,------myelin-exec:__myl_FcAdd
23851594400,23851610304,15904,0,15904,myelin-exec:__myl_MulMeaAddSqrDivMulDivMinMaxRouCasDivMinMaxRouCasDivMinMaxRouCas,649196,649196,3,0,5548,5066,:5037:5063:5066:5548,------myelin-exec:__myl_MulMeaAddSqrDivMulDivMinMaxRouCasDivMinMaxRouCasDivMinMaxRouCas
23851611648,23851615744,4096,0,4096,myelin-exec:__mye677118,649196,649196,3,0,5549,5066,:5037:5063:5066:5549,------myelin-exec:__mye677118
23851616896,23851619904,3008,0,3008,myelin-exec:__mye677120,649196,649196,3,0,5550,5066,:5037:5063:5066:5550,------myelin-exec:__mye677120
23851620864,23851745600,124736,0,124736,myelin-exec:__myl_FcCas,649196,649196,3,0,5551,5066,:5037:5063:5066:5551,------myelin-exec:__myl_FcCas
23851747072,23851769920,22848,0,22848,myelin-exec:__myl_ResConResRep,649196,649196,3,0,5552,5066,:5037:5063:5066:5552,------myelin-exec:__myl_ResConResRep
23851771616,23851775232,3616,0,3616,myelin-exec:__mye677128,649196,649196,3,0,5553,5066,:5037:5063:5066:5553,------myelin-exec:__mye677128
23851776096,23851779328,3232,0,3232,myelin-exec:__mye677122,649196,649196,3,0,5554,5066,:5037:5063:5066:5554,------myelin-exec:__mye677122
23851780480,23851915296,134816,0,134816,myelin-exec:__myl_FcCas,649196,649196,3,0,5555,5066,:5037:5063:5066:5555,------myelin-exec:__myl_FcCas
23851916992,23851937536,20544,0,20544,myelin-exec:__myl_ResMulMea,649196,649196,3,0,5556,5066,:5037:5063:5066:5556,------myelin-exec:__myl_ResMulMea
23851938816,23851954688,15872,0,15872,myelin-exec:__myl_AddSqrDivMulMulResSliSliNegConMulMulAddConResRepResTra,649196,649196,3,0,5557,5066,:5037:5063:5066:5557,------myelin-exec:__myl_AddSqrDivMulMulResSliSliNegConMulMulAddConResRepResTra
23851956224,23851960160,3936,0,3936,myelin-exec:__mye677124,649196,649196,3,0,5558,5066,:5037:5063:5066:5558,------myelin-exec:__mye677124
23851961280,23852104032,142752,0,142752,myelin-exec:__myl_FcCas,649196,649196,3,0,5559,5066,:5037:5063:5066:5559,------myelin-exec:__myl_FcCas
23852105856,23852120480,14624,0,14624,myelin-exec:__myl_ResMulMea,649196,649196,3,0,5560,5066,:5037:5063:5066:5560,------myelin-exec:__myl_ResMulMea
23852122048,23852134016,11968,0,11968,myelin-exec:__myl_AddSqrDivMulMulResSliSliNegConMulMulAdd,649196,649196,3,0,5561,5066,:5037:5063:5066:5561,------myelin-exec:__myl_AddSqrDivMulMulResSliSliNegConMulMulAdd
23852135104,23852138336,3232,0,3232,myelin-exec:__mye677126,649196,649196,3,0,5562,5066,:5037:5063:5066:5562,------myelin-exec:__mye677126
23852139392,23852186944,47552,0,47552,myelin-exec:/MatMul_38,649196,649196,3,0,5563,5066,:5037:5063:5066:5563,------myelin-exec:/MatMul_38
23852188544,23852206368,17824,0,17824,myelin-exec:__myl_MulMaxSubExpSumDivMul,649196,649196,3,0,5564,5066,:5037:5063:5066:5564,------myelin-exec:__myl_MulMaxSubExpSumDivMul
23852207776,23852211904,4128,0,4128,myelin-exec:__mye677130,649196,649196,3,0,5565,5066,:5037:5063:5066:5565,------myelin-exec:__mye677130
23852213120,23852252992,39872,0,39872,myelin-exec:/MatMul_39,649196,649196,3,0,5566,5066,:5037:5063:5066:5566,------myelin-exec:/MatMul_39
23852254624,23852276096,21472,0,21472,myelin-exec:__myl_MulMinMaxRouCas,649196,649196,3,0,5567,5066,:5037:5063:5066:5567,------myelin-exec:__myl_MulMinMaxRouCas
23852277184,23852415552,138368,0,138368,myelin-exec:__myl_FcCasAdd,649196,649196,3,0,5568,5066,:5037:5063:5066:5568,------myelin-exec:__myl_FcCasAdd
23852417248,23852435680,18432,0,18432,myelin-exec:__myl_MulMeaAddSqrDivMulMulMulMinMaxRouCas,649196,649196,3,0,5569,5066,:5037:5063:5066:5569,------myelin-exec:__myl_MulMeaAddSqrDivMulMulMulMinMaxRouCas
23852437120,23852484096,46976,0,46976,myelin-exec:/up_proj_19/MatMul,649196,649196,3,0,5570,5066,:5037:5063:5066:5570,------myelin-exec:/up_proj_19/MatMul
23852485888,23852628704,142816,0,142816,myelin-exec:__myl_FcCasNegExpAddDivMulMul,649196,649196,3,0,5571,5066,:5037:5063:5066:5571,------myelin-exec:__myl_FcCasNegExpAddDivMulMul
23852630496,23852762112,131616,0,131616,myelin-exec:__myl_FcAdd,649196,649196,3,0,5572,5066,:5037:5063:5066:5572,------myelin-exec:__myl_FcAdd
23852763840,23852779232,15392,0,15392,myelin-exec:__myl_MulMeaAddSqrDivMulDivMinMaxRouCasDivMinMaxRouCasDivMinMaxRouCas,649196,649196,3,0,5573,5066,:5037:5063:5066:5573,------myelin-exec:__myl_MulMeaAddSqrDivMulDivMinMaxRouCasDivMinMaxRouCasDivMinMaxRouCas
23852780800,23852785920,5120,0,5120,myelin-exec:__mye677132,649196,649196,3,0,5574,5066,:5037:5063:5066:5574,------myelin-exec:__mye677132
23852787008,23852790560,3552,0,3552,myelin-exec:__mye677134,649196,649196,3,0,5575,5066,:5037:5063:5066:5575,------myelin-exec:__mye677134
23852791328,23852920704,129376,0,129376,myelin-exec:__myl_FcCas,649196,649196,3,0,5576,5066,:5037:5063:5066:5576,------myelin-exec:__myl_FcCas
23852922816,23852937952,15136,0,15136,myelin-exec:__myl_ResConResRep,649196,649196,3,0,5577,5066,:5037:5063:5066:5577,------myelin-exec:__myl_ResConResRep
23852939552,23852942528,2976,0,2976,myelin-exec:__mye677142,649196,649196,3,0,5578,5066,:5037:5063:5066:5578,------myelin-exec:__mye677142
23852943360,23852946048,2688,0,2688,myelin-exec:__mye677136,649196,649196,3,0,5579,5066,:5037:5063:5066:5579,------myelin-exec:__mye677136
23852946720,23853073536,126816,0,126816,myelin-exec:__myl_FcCas,649196,649196,3,0,5580,5066,:5037:5063:5066:5580,------myelin-exec:__myl_FcCas
23853075328,23853095136,19808,0,19808,myelin-exec:__myl_ResMulMea,649196,649196,3,0,5581,5066,:5037:5063:5066:5581,------myelin-exec:__myl_ResMulMea
23853096864,23853113440,16576,0,16576,myelin-exec:__myl_AddSqrDivMulMulResSliSliNegConMulMulAddConResRepResTra,649196,649196,3,0,5582,5066,:5037:5063:5066:5582,------myelin-exec:__myl_AddSqrDivMulMulResSliSliNegConMulMulAddConResRepResTra
23853115008,23853118304,3296,0,3296,myelin-exec:__mye677138,649196,649196,3,0,5583,5066,:5037:5063:5066:5583,------myelin-exec:__mye677138
23853119232,23853266880,147648,0,147648,myelin-exec:__myl_FcCas,649196,649196,3,0,5584,5066,:5037:5063:5066:5584,------myelin-exec:__myl_FcCas
23853268704,23853285024,16320,0,16320,myelin-exec:__myl_ResMulMea,649196,649196,3,0,5585,5066,:5037:5063:5066:5585,------myelin-exec:__myl_ResMulMea
23853286528,23853300416,13888,0,13888,myelin-exec:__myl_AddSqrDivMulMulResSliSliNegConMulMulAdd,649196,649196,3,0,5586,5066,:5037:5063:5066:5586,------myelin-exec:__myl_AddSqrDivMulMulResSliSliNegConMulMulAdd
23853301408,23853305472,4064,0,4064,myelin-exec:__mye677140,649196,649196,3,0,5587,5066,:5037:5063:5066:5587,------myelin-exec:__mye677140
23853306656,23853355648,48992,0,48992,myelin-exec:/MatMul_40,649196,649196,3,0,5588,5066,:5037:5063:5066:5588,------myelin-exec:/MatMul_40
23853357376,23853375200,17824,0,17824,myelin-exec:__myl_MulMaxSubExpSumDivMul,649196,649196,3,0,5589,5066,:5037:5063:5066:5589,------myelin-exec:__myl_MulMaxSubExpSumDivMul
23853376672,23853380544,3872,0,3872,myelin-exec:__mye677144,649196,649196,3,0,5590,5066,:5037:5063:5066:5590,------myelin-exec:__mye677144
23853381760,23853421472,39712,0,39712,myelin-exec:/MatMul_41,649196,649196,3,0,5591,5066,:5037:5063:5066:5591,------myelin-exec:/MatMul_41
23853422944,23853440704,17760,0,17760,myelin-exec:__myl_MulMinMaxRouCas,649196,649196,3,0,5592,5066,:5037:5063:5066:5592,------myelin-exec:__myl_MulMinMaxRouCas
23853442144,23853579776,137632,0,137632,myelin-exec:__myl_FcCasAdd,649196,649196,3,0,5593,5066,:5037:5063:5066:5593,------myelin-exec:__myl_FcCasAdd
23853581536,23853601792,20256,0,20256,myelin-exec:__myl_MulMeaAddSqrDivMulMulMulMinMaxRouCas,649196,649196,3,0,5594,5066,:5037:5063:5066:5594,------myelin-exec:__myl_MulMeaAddSqrDivMulMulMulMinMaxRouCas
23853603008,23853646976,43968,0,43968,myelin-exec:/up_proj_20/MatMul,649196,649196,3,0,5595,5066,:5037:5063:5066:5595,------myelin-exec:/up_proj_20/MatMul
23853649024,23853778720,129696,0,129696,myelin-exec:__myl_FcCasNegExpAddDivMulMul,649196,649196,3,0,5596,5066,:5037:5063:5066:5596,------myelin-exec:__myl_FcCasNegExpAddDivMulMul
23853780288,23853908032,127744,0,127744,myelin-exec:__myl_FcAdd,649196,649196,3,0,5597,5066,:5037:5063:5066:5597,------myelin-exec:__myl_FcAdd
23853909856,23853925632,15776,0,15776,myelin-exec:__myl_MulMeaAddSqrDivMulDivMinMaxRouCasDivMinMaxRouCasDivMinMaxRouCas,649196,649196,3,0,5598,5066,:5037:5063:5066:5598,------myelin-exec:__myl_MulMeaAddSqrDivMulDivMinMaxRouCasDivMinMaxRouCasDivMinMaxRouCas
23853927264,23853932160,4896,0,4896,myelin-exec:__mye677146,649196,649196,3,0,5599,5066,:5037:5063:5066:5599,------myelin-exec:__mye677146
23853932864,23853935808,2944,0,2944,myelin-exec:__mye677148,649196,649196,3,0,5600,5066,:5037:5063:5066:5600,------myelin-exec:__mye677148
23853936640,23854072096,135456,0,135456,myelin-exec:__myl_FcCas,649196,649196,3,0,5601,5066,:5037:5063:5066:5601,------myelin-exec:__myl_FcCas
23854073696,23854091072,17376,0,17376,myelin-exec:__myl_ResConResRep,649196,649196,3,0,5602,5066,:5037:5063:5066:5602,------myelin-exec:__myl_ResConResRep
23854092192,23854095808,3616,0,3616,myelin-exec:__mye677156,649196,649196,3,0,5603,5066,:5037:5063:5066:5603,------myelin-exec:__mye677156
23854096992,23854099552,2560,0,2560,myelin-exec:__mye677150,649196,649196,3,0,5604,5066,:5037:5063:5066:5604,------myelin-exec:__mye677150
23854100928,23854253152,152224,0,152224,myelin-exec:__myl_FcCas,649196,649196,3,0,5605,5066,:5037:5063:5066:5605,------myelin-exec:__myl_FcCas
23854255008,23854277344,22336,0,22336,myelin-exec:__myl_ResMulMea,649196,649196,3,0,5606,5066,:5037:5063:5066:5606,------myelin-exec:__myl_ResMulMea
23854279328,23854296832,17504,0,17504,myelin-exec:__myl_AddSqrDivMulMulResSliSliNegConMulMulAddConResRepResTra,649196,649196,3,0,5607,5066,:5037:5063:5066:5607,------myelin-exec:__myl_AddSqrDivMulMulResSliSliNegConMulMulAddConResRepResTra
23854298464,23854301824,3360,0,3360,myelin-exec:__mye677152,649196,649196,3,0,5608,5066,:5037:5063:5066:5608,------myelin-exec:__mye677152
23854302336,23854453376,151040,0,151040,myelin-exec:__myl_FcCas,649196,649196,3,0,5609,5066,:5037:5063:5066:5609,------myelin-exec:__myl_FcCas
23854454816,23854469088,14272,0,14272,myelin-exec:__myl_ResMulMea,649196,649196,3,0,5610,5066,:5037:5063:5066:5610,------myelin-exec:__myl_ResMulMea
23854470496,23854482560,12064,0,12064,myelin-exec:__myl_AddSqrDivMulMulResSliSliNegConMulMulAdd,649196,649196,3,0,5611,5066,:5037:5063:5066:5611,------myelin-exec:__myl_AddSqrDivMulMulResSliSliNegConMulMulAdd
23854483776,23854487424,3648,0,3648,myelin-exec:__mye677154,649196,649196,3,0,5612,5066,:5037:5063:5066:5612,------myelin-exec:__mye677154
23854488128,23854531840,43712,0,43712,myelin-exec:/MatMul_42,649196,649196,3,0,5613,5066,:5037:5063:5066:5613,------myelin-exec:/MatMul_42
23854533568,23854547296,13728,0,13728,myelin-exec:__myl_MulMaxSubExpSumDivMul,649196,649196,3,0,5614,5066,:5037:5063:5066:5614,------myelin-exec:__myl_MulMaxSubExpSumDivMul
23854548832,23854552448,3616,0,3616,myelin-exec:__mye677158,649196,649196,3,0,5615,5066,:5037:5063:5066:5615,------myelin-exec:__mye677158
23854553376,23854590720,37344,0,37344,myelin-exec:/MatMul_43,649196,649196,3,0,5616,5066,:5037:5063:5066:5616,------myelin-exec:/MatMul_43
23854592320,23854607904,15584,0,15584,myelin-exec:__myl_MulMinMaxRouCas,649196,649196,3,0,5617,5066,:5037:5063:5066:5617,------myelin-exec:__myl_MulMinMaxRouCas
23854609408,23854743328,133920,0,133920,myelin-exec:__myl_FcCasAdd,649196,649196,3,0,5618,5066,:5037:5063:5066:5618,------myelin-exec:__myl_FcCasAdd
23854744736,23854762880,18144,0,18144,myelin-exec:__myl_MulMeaAddSqrDivMulMulMulMinMaxRouCas,649196,649196,3,0,5619,5066,:5037:5063:5066:5619,------myelin-exec:__myl_MulMeaAddSqrDivMulMulMulMinMaxRouCas
23854764320,23854810592,46272,0,46272,myelin-exec:/up_proj_21/MatMul,649196,649196,3,0,5620,5066,:5037:5063:5066:5620,------myelin-exec:/up_proj_21/MatMul
23854812224,23854951584,139360,0,139360,myelin-exec:__myl_FcCasNegExpAddDivMulMul,649196,649196,3,0,5621,5066,:5037:5063:5066:5621,------myelin-exec:__myl_FcCasNegExpAddDivMulMul
23854953056,23855090784,137728,0,137728,myelin-exec:__myl_FcAdd,649196,649196,3,0,5622,5066,:5037:5063:5066:5622,------myelin-exec:__myl_FcAdd
23855092608,23855108000,15392,0,15392,myelin-exec:__myl_MulMeaAddSqrDivMulDivMinMaxRouCasDivMinMaxRouCasDivMinMaxRouCas,649196,649196,3,0,5623,5066,:5037:5063:5066:5623,------myelin-exec:__myl_MulMeaAddSqrDivMulDivMinMaxRouCasDivMinMaxRouCasDivMinMaxRouCas
23855109376,23855114176,4800,0,4800,myelin-exec:__mye677160,649196,649196,3,0,5624,5066,:5037:5063:5066:5624,------myelin-exec:__mye677160
23855115200,23855118752,3552,0,3552,myelin-exec:__mye677162,649196,649196,3,0,5625,5066,:5037:5063:5066:5625,------myelin-exec:__mye677162
23855119904,23855255072,135168,0,135168,myelin-exec:__myl_FcCas,649196,649196,3,0,5626,5066,:5037:5063:5066:5626,------myelin-exec:__myl_FcCas
23855257248,23855276672,19424,0,19424,myelin-exec:__myl_ResConResRep,649196,649196,3,0,5627,5066,:5037:5063:5066:5627,------myelin-exec:__myl_ResConResRep
23855278656,23855282400,3744,0,3744,myelin-exec:__mye677170,649196,649196,3,0,5628,5066,:5037:5063:5066:5628,------myelin-exec:__mye677170
23855283200,23855285344,2144,0,2144,myelin-exec:__mye677164,649196,649196,3,0,5629,5066,:5037:5063:5066:5629,------myelin-exec:__mye677164
23855286304,23855428928,142624,0,142624,myelin-exec:__myl_FcCas,649196,649196,3,0,5630,5066,:5037:5063:5066:5630,------myelin-exec:__myl_FcCas
23855431136,23855445856,14720,0,14720,myelin-exec:__myl_ResMulMea,649196,649196,3,0,5631,5066,:5037:5063:5066:5631,------myelin-exec:__myl_ResMulMea
23855447296,23855462816,15520,0,15520,myelin-exec:__myl_AddSqrDivMulMulResSliSliNegConMulMulAddConResRepResTra,649196,649196,3,0,5632,5066,:5037:5063:5066:5632,------myelin-exec:__myl_AddSqrDivMulMulResSliSliNegConMulMulAddConResRepResTra
23855464096,23855467488,3392,0,3392,myelin-exec:__mye677166,649196,649196,3,0,5633,5066,:5037:5063:5066:5633,------myelin-exec:__mye677166
23855468448,23855609344,140896,0,140896,myelin-exec:__myl_FcCas,649196,649196,3,0,5634,5066,:5037:5063:5066:5634,------myelin-exec:__myl_FcCas
23855610752,23855625760,15008,0,15008,myelin-exec:__myl_ResMulMea,649196,649196,3,0,5635,5066,:5037:5063:5066:5635,------myelin-exec:__myl_ResMulMea
23855627392,23855640512,13120,0,13120,myelin-exec:__myl_AddSqrDivMulMulResSliSliNegConMulMulAdd,649196,649196,3,0,5636,5066,:5037:5063:5066:5636,------myelin-exec:__myl_AddSqrDivMulMulResSliSliNegConMulMulAdd
23855642080,23855645536,3456,0,3456,myelin-exec:__mye677168,649196,649196,3,0,5637,5066,:5037:5063:5066:5637,------myelin-exec:__mye677168
23855646848,23855693312,46464,0,46464,myelin-exec:/MatMul_44,649196,649196,3,0,5638,5066,:5037:5063:5066:5638,------myelin-exec:/MatMul_44
23855695456,23855710752,15296,0,15296,myelin-exec:__myl_MulMaxSubExpSumDivMul,649196,649196,3,0,5639,5066,:5037:5063:5066:5639,------myelin-exec:__myl_MulMaxSubExpSumDivMul
23855712320,23855715552,3232,0,3232,myelin-exec:__mye677172,649196,649196,3,0,5640,5066,:5037:5063:5066:5640,------myelin-exec:__mye677172
23855716448,23855751872,35424,0,35424,myelin-exec:/MatMul_45,649196,649196,3,0,5641,5066,:5037:5063:5066:5641,------myelin-exec:/MatMul_45
23855753152,23855771296,18144,0,18144,myelin-exec:__myl_MulMinMaxRouCas,649196,649196,3,0,5642,5066,:5037:5063:5066:5642,------myelin-exec:__myl_MulMinMaxRouCas
23855772384,23855908448,136064,0,136064,myelin-exec:__myl_FcCasAdd,649196,649196,3,0,5643,5066,:5037:5063:5066:5643,------myelin-exec:__myl_FcCasAdd
23855910304,23855925600,15296,0,15296,myelin-exec:__myl_MulMeaAddSqrDivMulMulMulMinMaxRouCas,649196,649196,3,0,5644,5066,:5037:5063:5066:5644,------myelin-exec:__myl_MulMeaAddSqrDivMulMulMulMinMaxRouCas
23855927136,23855968640,41504,0,41504,myelin-exec:/up_proj_22/MatMul,649196,649196,3,0,5645,5066,:5037:5063:5066:5645,------myelin-exec:/up_proj_22/MatMul
23855970208,23856109984,139776,0,139776,myelin-exec:__myl_FcCasNegExpAddDivMulMul,649196,649196,3,0,5646,5066,:5037:5063:5066:5646,------myelin-exec:__myl_FcCasNegExpAddDivMulMul
23856111520,23856242784,131264,0,131264,myelin-exec:__myl_FcAdd,649196,649196,3,0,5647,5066,:5037:5063:5066:5647,------myelin-exec:__myl_FcAdd
23856244064,23856259392,15328,0,15328,myelin-exec:__myl_MulMeaAddSqrDivMulDivMinMaxRouCasDivMinMaxRouCasDivMinMaxRouCas,649196,649196,3,0,5648,5066,:5037:5063:5066:5648,------myelin-exec:__myl_MulMeaAddSqrDivMulDivMinMaxRouCasDivMinMaxRouCasDivMinMaxRouCas
23856260672,23856265600,4928,0,4928,myelin-exec:__mye677174,649196,649196,3,0,5649,5066,:5037:5063:5066:5649,------myelin-exec:__mye677174
23856266880,23856270240,3360,0,3360,myelin-exec:__mye677176,649196,649196,3,0,5650,5066,:5037:5063:5066:5650,------myelin-exec:__mye677176
23856271200,23856398656,127456,0,127456,myelin-exec:__myl_FcCas,649196,649196,3,0,5651,5066,:5037:5063:5066:5651,------myelin-exec:__myl_FcCas
23856400224,23856421952,21728,0,21728,myelin-exec:__myl_ResConResRep,649196,649196,3,0,5652,5066,:5037:5063:5066:5652,------myelin-exec:__myl_ResConResRep
23856423488,23856427456,3968,0,3968,myelin-exec:__mye677184,649196,649196,3,0,5653,5066,:5037:5063:5066:5653,------myelin-exec:__mye677184
23856428640,23856431552,2912,0,2912,myelin-exec:__mye677178,649196,649196,3,0,5654,5066,:5037:5063:5066:5654,------myelin-exec:__mye677178
23856432864,23856576160,143296,0,143296,myelin-exec:__myl_FcCas,649196,649196,3,0,5655,5066,:5037:5063:5066:5655,------myelin-exec:__myl_FcCas
23856577536,23856592416,14880,0,14880,myelin-exec:__myl_ResMulMea,649196,649196,3,0,5656,5066,:5037:5063:5066:5656,------myelin-exec:__myl_ResMulMea
23856593920,23856610720,16800,0,16800,myelin-exec:__myl_AddSqrDivMulMulResSliSliNegConMulMulAddConResRepResTra,649196,649196,3,0,5657,5066,:5037:5063:5066:5657,------myelin-exec:__myl_AddSqrDivMulMulResSliSliNegConMulMulAddConResRepResTra
23856612192,23856615712,3520,0,3520,myelin-exec:__mye677180,649196,649196,3,0,5658,5066,:5037:5063:5066:5658,------myelin-exec:__mye677180
23856616640,23856750624,133984,0,133984,myelin-exec:__myl_FcCas,649196,649196,3,0,5659,5066,:5037:5063:5066:5659,------myelin-exec:__myl_FcCas
23856752160,23856766304,14144,0,14144,myelin-exec:__myl_ResMulMea,649196,649196,3,0,5660,5066,:5037:5063:5066:5660,------myelin-exec:__myl_ResMulMea
23856767744,23856779552,11808,0,11808,myelin-exec:__myl_AddSqrDivMulMulResSliSliNegConMulMulAdd,649196,649196,3,0,5661,5066,:5037:5063:5066:5661,------myelin-exec:__myl_AddSqrDivMulMulResSliSliNegConMulMulAdd
23856780864,23856784192,3328,0,3328,myelin-exec:__mye677182,649196,649196,3,0,5662,5066,:5037:5063:5066:5662,------myelin-exec:__mye677182
23856785056,23856829248,44192,0,44192,myelin-exec:/MatMul_46,649196,649196,3,0,5663,5066,:5037:5063:5066:5663,------myelin-exec:/MatMul_46
23856830496,23856844000,13504,0,13504,myelin-exec:__myl_MulMaxSubExpSumDivMul,649196,649196,3,0,5664,5066,:5037:5063:5066:5664,------myelin-exec:__myl_MulMaxSubExpSumDivMul
23856845056,23856847840,2784,0,2784,myelin-exec:__mye677186,649196,649196,3,0,5665,5066,:5037:5063:5066:5665,------myelin-exec:__mye677186
23856848672,23856885760,37088,0,37088,myelin-exec:/MatMul_47,649196,649196,3,0,5666,5066,:5037:5063:5066:5666,------myelin-exec:/MatMul_47
23856887296,23856904000,16704,0,16704,myelin-exec:__myl_MulMinMaxRouCas,649196,649196,3,0,5667,5066,:5037:5063:5066:5667,------myelin-exec:__myl_MulMinMaxRouCas
23856905472,23857040160,134688,0,134688,myelin-exec:__myl_FcCasAdd,649196,649196,3,0,5668,5066,:5037:5063:5066:5668,------myelin-exec:__myl_FcCasAdd
23857041984,23857061536,19552,0,19552,myelin-exec:__myl_MulMeaAddSqrDivMulMulMulMinMaxRouCas,649196,649196,3,0,5669,5066,:5037:5063:5066:5669,------myelin-exec:__myl_MulMeaAddSqrDivMulMulMulMinMaxRouCas
23857063008,23857102880,39872,0,39872,myelin-exec:/up_proj_23/MatMul,649196,649196,3,0,5670,5066,:5037:5063:5066:5670,------myelin-exec:/up_proj_23/MatMul
23857104576,23857235744,131168,0,131168,myelin-exec:__myl_FcCasNegExpAddDivMulMul,649196,649196,3,0,5671,5066,:5037:5063:5066:5671,------myelin-exec:__myl_FcCasNegExpAddDivMulMul
23857237344,23857368416,131072,0,131072,myelin-exec:__myl_FcAdd,649196,649196,3,0,5672,5066,:5037:5063:5066:5672,------myelin-exec:__myl_FcAdd
23857370240,23857384416,14176,0,14176,myelin-exec:__myl_MulMeaAddSqrDivMulDivMinMaxRouCasDivMinMaxRouCasDivMinMaxRouCas,649196,649196,3,0,5673,5066,:5037:5063:5066:5673,------myelin-exec:__myl_MulMeaAddSqrDivMulDivMinMaxRouCasDivMinMaxRouCasDivMinMaxRouCas
23857385856,23857390016,4160,0,4160,myelin-exec:__mye677188,649196,649196,3,0,5674,5066,:5037:5063:5066:5674,------myelin-exec:__mye677188
23857390944,23857394176,3232,0,3232,myelin-exec:__mye677190,649196,649196,3,0,5675,5066,:5037:5063:5066:5675,------myelin-exec:__mye677190
23857395136,23857523232,128096,0,128096,myelin-exec:__myl_FcCas,649196,649196,3,0,5676,5066,:5037:5063:5066:5676,------myelin-exec:__myl_FcCas
23857524928,23857541408,16480,0,16480,myelin-exec:__myl_ResConResRep,649196,649196,3,0,5677,5066,:5037:5063:5066:5677,------myelin-exec:__myl_ResConResRep
23857542848,23857546048,3200,0,3200,myelin-exec:__mye677198,649196,649196,3,0,5678,5066,:5037:5063:5066:5678,------myelin-exec:__mye677198
23857547360,23857549920,2560,0,2560,myelin-exec:__mye677192,649196,649196,3,0,5679,5066,:5037:5063:5066:5679,------myelin-exec:__mye677192
23857551072,23857683072,132000,0,132000,myelin-exec:__myl_FcCas,649196,649196,3,0,5680,5066,:5037:5063:5066:5680,------myelin-exec:__myl_FcCas
23857684672,23857700288,15616,0,15616,myelin-exec:__myl_ResMulMea,649196,649196,3,0,5681,5066,:5037:5063:5066:5681,------myelin-exec:__myl_ResMulMea
23857701792,23857717632,15840,0,15840,myelin-exec:__myl_AddSqrDivMulMulResSliSliNegConMulMulAddConResRepResTra,649196,649196,3,0,5682,5066,:5037:5063:5066:5682,------myelin-exec:__myl_AddSqrDivMulMulResSliSliNegConMulMulAddConResRepResTra
23857719136,23857723040,3904,0,3904,myelin-exec:__mye677194,649196,649196,3,0,5683,5066,:5037:5063:5066:5683,------myelin-exec:__mye677194
23857724000,23857858848,134848,0,134848,myelin-exec:__myl_FcCas,649196,649196,3,0,5684,5066,:5037:5063:5066:5684,------myelin-exec:__myl_FcCas
23857860864,23857874688,13824,0,13824,myelin-exec:__myl_ResMulMea,649196,649196,3,0,5685,5066,:5037:5063:5066:5685,------myelin-exec:__myl_ResMulMea
23857876224,23857888896,12672,0,12672,myelin-exec:__myl_AddSqrDivMulMulResSliSliNegConMulMulAdd,649196,649196,3,0,5686,5066,:5037:5063:5066:5686,------myelin-exec:__myl_AddSqrDivMulMulResSliSliNegConMulMulAdd
23857890272,23857893824,3552,0,3552,myelin-exec:__mye677196,649196,649196,3,0,5687,5066,:5037:5063:5066:5687,------myelin-exec:__mye677196
23857894816,23857940640,45824,0,45824,myelin-exec:/MatMul_48,649196,649196,3,0,5688,5066,:5037:5063:5066:5688,------myelin-exec:/MatMul_48
23857942112,23857956096,13984,0,13984,myelin-exec:__myl_MulMaxSubExpSumDivMul,649196,649196,3,0,5689,5066,:5037:5063:5066:5689,------myelin-exec:__myl_MulMaxSubExpSumDivMul
23857957440,23857960992,3552,0,3552,myelin-exec:__mye677200,649196,649196,3,0,5690,5066,:5037:5063:5066:5690,------myelin-exec:__mye677200
23857962112,23858000320,38208,0,38208,myelin-exec:/MatMul_49,649196,649196,3,0,5691,5066,:5037:5063:5066:5691,------myelin-exec:/MatMul_49
23858002112,23858019904,17792,0,17792,myelin-exec:__myl_MulMinMaxRouCas,649196,649196,3,0,5692,5066,:5037:5063:5066:5692,------myelin-exec:__myl_MulMinMaxRouCas
23858021120,23858158560,137440,0,137440,myelin-exec:__myl_FcCasAdd,649196,649196,3,0,5693,5066,:5037:5063:5066:5693,------myelin-exec:__myl_FcCasAdd
23858160416,23858176992,16576,0,16576,myelin-exec:__myl_MulMeaAddSqrDivMulMulMulMinMaxRouCas,649196,649196,3,0,5694,5066,:5037:5063:5066:5694,------myelin-exec:__myl_MulMeaAddSqrDivMulMulMulMinMaxRouCas
23858178464,23858232256,53792,0,53792,myelin-exec:/up_proj_24/MatMul,649196,649196,3,0,5695,5066,:5037:5063:5066:5695,------myelin-exec:/up_proj_24/MatMul
23858233728,23858387392,153664,0,153664,myelin-exec:__myl_FcCasNegExpAddDivMulMul,649196,649196,3,0,5696,5066,:5037:5063:5066:5696,------myelin-exec:__myl_FcCasNegExpAddDivMulMul
23858389088,23858525920,136832,0,136832,myelin-exec:__myl_FcAdd,649196,649196,3,0,5697,5066,:5037:5063:5066:5697,------myelin-exec:__myl_FcAdd
23858527648,23858542560,14912,0,14912,myelin-exec:__myl_MulMeaAddSqrDivMulDivMinMaxRouCasDivMinMaxRouCasDivMinMaxRouCas,649196,649196,3,0,5698,5066,:5037:5063:5066:5698,------myelin-exec:__myl_MulMeaAddSqrDivMulDivMinMaxRouCasDivMinMaxRouCasDivMinMaxRouCas
23858544128,23858549536,5408,0,5408,myelin-exec:__mye677202,649196,649196,3,0,5699,5066,:5037:5063:5066:5699,------myelin-exec:__mye677202
23858550752,23858554112,3360,0,3360,myelin-exec:__mye677204,649196,649196,3,0,5700,5066,:5037:5063:5066:5700,------myelin-exec:__mye677204
23858554976,23858692384,137408,0,137408,myelin-exec:__myl_FcCas,649196,649196,3,0,5701,5066,:5037:5063:5066:5701,------myelin-exec:__myl_FcCas
23858694464,23858712640,18176,0,18176,myelin-exec:__myl_ResConResRep,649196,649196,3,0,5702,5066,:5037:5063:5066:5702,------myelin-exec:__myl_ResConResRep
23858714240,23858718144,3904,0,3904,myelin-exec:__mye677212,649196,649196,3,0,5703,5066,:5037:5063:5066:5703,------myelin-exec:__mye677212
23858718816,23858721376,2560,0,2560,myelin-exec:__mye677206,649196,649196,3,0,5704,5066,:5037:5063:5066:5704,------myelin-exec:__mye677206
23858722272,23858869568,147296,0,147296,myelin-exec:__myl_FcCas,649196,649196,3,0,5705,5066,:5037:5063:5066:5705,------myelin-exec:__myl_FcCas
23858871264,23858886528,15264,0,15264,myelin-exec:__myl_ResMulMea,649196,649196,3,0,5706,5066,:5037:5063:5066:5706,------myelin-exec:__myl_ResMulMea
23858888000,23858903264,15264,0,15264,myelin-exec:__myl_AddSqrDivMulMulResSliSliNegConMulMulAddConResRepResTra,649196,649196,3,0,5707,5066,:5037:5063:5066:5707,------myelin-exec:__myl_AddSqrDivMulMulResSliSliNegConMulMulAddConResRepResTra
23858904736,23858908096,3360,0,3360,myelin-exec:__mye677208,649196,649196,3,0,5708,5066,:5037:5063:5066:5708,------myelin-exec:__mye677208
23858909088,23859040384,131296,0,131296,myelin-exec:__myl_FcCas,649196,649196,3,0,5709,5066,:5037:5063:5066:5709,------myelin-exec:__myl_FcCas
23859042400,23859056448,14048,0,14048,myelin-exec:__myl_ResMulMea,649196,649196,3,0,5710,5066,:5037:5063:5066:5710,------myelin-exec:__myl_ResMulMea
23859058080,23859069792,11712,0,11712,myelin-exec:__myl_AddSqrDivMulMulResSliSliNegConMulMulAdd,649196,649196,3,0,5711,5066,:5037:5063:5066:5711,------myelin-exec:__myl_AddSqrDivMulMulResSliSliNegConMulMulAdd
23859070496,23859073600,3104,0,3104,myelin-exec:__mye677210,649196,649196,3,0,5712,5066,:5037:5063:5066:5712,------myelin-exec:__mye677210
23859074560,23859118048,43488,0,43488,myelin-exec:/MatMul_50,649196,649196,3,0,5713,5066,:5037:5063:5066:5713,------myelin-exec:/MatMul_50
23859119616,23859133568,13952,0,13952,myelin-exec:__myl_MulMaxSubExpSumDivMul,649196,649196,3,0,5714,5066,:5037:5063:5066:5714,------myelin-exec:__myl_MulMaxSubExpSumDivMul
23859135104,23859138496,3392,0,3392,myelin-exec:__mye677214,649196,649196,3,0,5715,5066,:5037:5063:5066:5715,------myelin-exec:__mye677214
23859139648,23859175968,36320,0,36320,myelin-exec:/MatMul_51,649196,649196,3,0,5716,5066,:5037:5063:5066:5716,------myelin-exec:/MatMul_51
23859177216,23859193984,16768,0,16768,myelin-exec:__myl_MulMinMaxRouCas,649196,649196,3,0,5717,5066,:5037:5063:5066:5717,------myelin-exec:__myl_MulMinMaxRouCas
23859195296,23859330496,135200,0,135200,myelin-exec:__myl_FcCasAdd,649196,649196,3,0,5718,5066,:5037:5063:5066:5718,------myelin-exec:__myl_FcCasAdd
23859332320,23859352160,19840,0,19840,myelin-exec:__myl_MulMeaAddSqrDivMulMulMulMinMaxRouCas,649196,649196,3,0,5719,5066,:5037:5063:5066:5719,------myelin-exec:__myl_MulMeaAddSqrDivMulMulMulMinMaxRouCas
23859353664,23859394016,40352,0,40352,myelin-exec:/up_proj_25/MatMul,649196,649196,3,0,5720,5066,:5037:5063:5066:5720,------myelin-exec:/up_proj_25/MatMul
23859395808,23859527136,131328,0,131328,myelin-exec:__myl_FcCasNegExpAddDivMulMul,649196,649196,3,0,5721,5066,:5037:5063:5066:5721,------myelin-exec:__myl_FcCasNegExpAddDivMulMul
23859529024,23859669504,140480,0,140480,myelin-exec:__myl_FcAdd,649196,649196,3,0,5722,5066,:5037:5063:5066:5722,------myelin-exec:__myl_FcAdd
23859671008,23859686624,15616,0,15616,myelin-exec:__myl_MulMeaAddSqrDivMulDivMinMaxRouCasDivMinMaxRouCasDivMinMaxRouCas,649196,649196,3,0,5723,5066,:5037:5063:5066:5723,------myelin-exec:__myl_MulMeaAddSqrDivMulDivMinMaxRouCasDivMinMaxRouCasDivMinMaxRouCas
23859688320,23859693312,4992,0,4992,myelin-exec:__mye677216,649196,649196,3,0,5724,5066,:5037:5063:5066:5724,------myelin-exec:__mye677216
23859694560,23859697792,3232,0,3232,myelin-exec:__mye677218,649196,649196,3,0,5725,5066,:5037:5063:5066:5725,------myelin-exec:__mye677218
23859699136,23859834656,135520,0,135520,myelin-exec:__myl_FcCas,649196,649196,3,0,5726,5066,:5037:5063:5066:5726,------myelin-exec:__myl_FcCas
23859836512,23859854784,18272,0,18272,myelin-exec:__myl_ResConResRep,649196,649196,3,0,5727,5066,:5037:5063:5066:5727,------myelin-exec:__myl_ResConResRep
23859856416,23859860160,3744,0,3744,myelin-exec:__mye677226,649196,649196,3,0,5728,5066,:5037:5063:5066:5728,------myelin-exec:__mye677226
23859861280,23859864000,2720,0,2720,myelin-exec:__mye677220,649196,649196,3,0,5729,5066,:5037:5063:5066:5729,------myelin-exec:__mye677220
23859865152,23860004224,139072,0,139072,myelin-exec:__myl_FcCas,649196,649196,3,0,5730,5066,:5037:5063:5066:5730,------myelin-exec:__myl_FcCas
23860006720,23860021728,15008,0,15008,myelin-exec:__myl_ResMulMea,649196,649196,3,0,5731,5066,:5037:5063:5066:5731,------myelin-exec:__myl_ResMulMea
23860023552,23860039744,16192,0,16192,myelin-exec:__myl_AddSqrDivMulMulResSliSliNegConMulMulAddConResRepResTra,649196,649196,3,0,5732,5066,:5037:5063:5066:5732,------myelin-exec:__myl_AddSqrDivMulMulResSliSliNegConMulMulAddConResRepResTra
23860040928,23860044512,3584,0,3584,myelin-exec:__mye677222,649196,649196,3,0,5733,5066,:5037:5063:5066:5733,------myelin-exec:__mye677222
23860045600,23860180864,135264,0,135264,myelin-exec:__myl_FcCas,649196,649196,3,0,5734,5066,:5037:5063:5066:5734,------myelin-exec:__myl_FcCas
23860182304,23860196320,14016,0,14016,myelin-exec:__myl_ResMulMea,649196,649196,3,0,5735,5066,:5037:5063:5066:5735,------myelin-exec:__myl_ResMulMea
23860197920,23860209568,11648,0,11648,myelin-exec:__myl_AddSqrDivMulMulResSliSliNegConMulMulAdd,649196,649196,3,0,5736,5066,:5037:5063:5066:5736,------myelin-exec:__myl_AddSqrDivMulMulResSliSliNegConMulMulAdd
23860210976,23860214528,3552,0,3552,myelin-exec:__mye677224,649196,649196,3,0,5737,5066,:5037:5063:5066:5737,------myelin-exec:__mye677224
23860215136,23860260640,45504,0,45504,myelin-exec:/MatMul_52,649196,649196,3,0,5738,5066,:5037:5063:5066:5738,------myelin-exec:/MatMul_52
23860262528,23860276672,14144,0,14144,myelin-exec:__myl_MulMaxSubExpSumDivMul,649196,649196,3,0,5739,5066,:5037:5063:5066:5739,------myelin-exec:__myl_MulMaxSubExpSumDivMul
23860278208,23860281280,3072,0,3072,myelin-exec:__mye677228,649196,649196,3,0,5740,5066,:5037:5063:5066:5740,------myelin-exec:__mye677228
23860282112,23860320288,38176,0,38176,myelin-exec:/MatMul_53,649196,649196,3,0,5741,5066,:5037:5063:5066:5741,------myelin-exec:/MatMul_53
23860321824,23860341408,19584,0,19584,myelin-exec:__myl_MulMinMaxRouCas,649196,649196,3,0,5742,5066,:5037:5063:5066:5742,------myelin-exec:__myl_MulMinMaxRouCas
23860343232,23860480000,136768,0,136768,myelin-exec:__myl_FcCasAdd,649196,649196,3,0,5743,5066,:5037:5063:5066:5743,------myelin-exec:__myl_FcCasAdd
23860481728,23860500928,19200,0,19200,myelin-exec:__myl_MulMeaAddSqrDivMulMulMulMinMaxRouCas,649196,649196,3,0,5744,5066,:5037:5063:5066:5744,------myelin-exec:__myl_MulMeaAddSqrDivMulMulMulMinMaxRouCas
23860502528,23860546176,43648,0,43648,myelin-exec:/up_proj_26/MatMul,649196,649196,3,0,5745,5066,:5037:5063:5066:5745,------myelin-exec:/up_proj_26/MatMul
23860548000,23860679776,131776,0,131776,myelin-exec:__myl_FcCasNegExpAddDivMulMul,649196,649196,3,0,5746,5066,:5037:5063:5066:5746,------myelin-exec:__myl_FcCasNegExpAddDivMulMul
23860681600,23860809536,127936,0,127936,myelin-exec:__myl_FcAdd,649196,649196,3,0,5747,5066,:5037:5063:5066:5747,------myelin-exec:__myl_FcAdd
23860810976,23860825440,14464,0,14464,myelin-exec:__myl_MulMeaAddSqrDivMulDivMinMaxRouCasDivMinMaxRouCasDivMinMaxRouCas,649196,649196,3,0,5748,5066,:5037:5063:5066:5748,------myelin-exec:__myl_MulMeaAddSqrDivMulDivMinMaxRouCasDivMinMaxRouCasDivMinMaxRouCas
23860827008,23860831872,4864,0,4864,myelin-exec:__mye677230,649196,649196,3,0,5749,5066,:5037:5063:5066:5749,------myelin-exec:__mye677230
23860833152,23860836160,3008,0,3008,myelin-exec:__mye677232,649196,649196,3,0,5750,5066,:5037:5063:5066:5750,------myelin-exec:__mye677232
23860837024,23860965984,128960,0,128960,myelin-exec:__myl_FcCas,649196,649196,3,0,5751,5066,:5037:5063:5066:5751,------myelin-exec:__myl_FcCas
23860967488,23860990112,22624,0,22624,myelin-exec:__myl_ResConResRep,649196,649196,3,0,5752,5066,:5037:5063:5066:5752,------myelin-exec:__myl_ResConResRep
23860991584,23860994880,3296,0,3296,myelin-exec:__mye677240,649196,649196,3,0,5753,5066,:5037:5063:5066:5753,------myelin-exec:__mye677240
23860996224,23860998496,2272,0,2272,myelin-exec:__mye677234,649196,649196,3,0,5754,5066,:5037:5063:5066:5754,------myelin-exec:__mye677234
23860999328,23861156384,157056,0,157056,myelin-exec:__myl_FcCas,649196,649196,3,0,5755,5066,:5037:5063:5066:5755,------myelin-exec:__myl_FcCas
23861158464,23861176800,18336,0,18336,myelin-exec:__myl_ResMulMea,649196,649196,3,0,5756,5066,:5037:5063:5066:5756,------myelin-exec:__myl_ResMulMea
23861178816,23861195584,16768,0,16768,myelin-exec:__myl_AddSqrDivMulMulResSliSliNegConMulMulAddConResRepResTra,649196,649196,3,0,5757,5066,:5037:5063:5066:5757,------myelin-exec:__myl_AddSqrDivMulMulResSliSliNegConMulMulAddConResRepResTra
23861197088,23861201344,4256,0,4256,myelin-exec:__mye677236,649196,649196,3,0,5758,5066,:5037:5063:5066:5758,------myelin-exec:__mye677236
23861202496,23861342048,139552,0,139552,myelin-exec:__myl_FcCas,649196,649196,3,0,5759,5066,:5037:5063:5066:5759,------myelin-exec:__myl_FcCas
23861343360,23861357760,14400,0,14400,myelin-exec:__myl_ResMulMea,649196,649196,3,0,5760,5066,:5037:5063:5066:5760,------myelin-exec:__myl_ResMulMea
23861359264,23861371200,11936,0,11936,myelin-exec:__myl_AddSqrDivMulMulResSliSliNegConMulMulAdd,649196,649196,3,0,5761,5066,:5037:5063:5066:5761,------myelin-exec:__myl_AddSqrDivMulMulResSliSliNegConMulMulAdd
23861372608,23861376128,3520,0,3520,myelin-exec:__mye677238,649196,649196,3,0,5762,5066,:5037:5063:5066:5762,------myelin-exec:__mye677238
23861377120,23861422496,45376,0,45376,myelin-exec:/MatMul_54,649196,649196,3,0,5763,5066,:5037:5063:5066:5763,------myelin-exec:/MatMul_54
23861424160,23861438208,14048,0,14048,myelin-exec:__myl_MulMaxSubExpSumDivMul,649196,649196,3,0,5764,5066,:5037:5063:5066:5764,------myelin-exec:__myl_MulMaxSubExpSumDivMul
23861439872,23861442496,2624,0,2624,myelin-exec:__mye677242,649196,649196,3,0,5765,5066,:5037:5063:5066:5765,------myelin-exec:__mye677242
23861443360,23861483648,40288,0,40288,myelin-exec:/MatMul_55,649196,649196,3,0,5766,5066,:5037:5063:5066:5766,------myelin-exec:/MatMul_55
23861485248,23861623840,138592,0,138592,myelin-exec:__myl_FcAdd,649196,649196,3,0,5767,5066,:5037:5063:5066:5767,------myelin-exec:__myl_FcAdd
23861625792,23861641888,16096,0,16096,myelin-exec:__myl_MulMeaAddSqrDivMulMul,649196,649196,3,0,5768,5066,:5037:5063:5066:5768,------myelin-exec:__myl_MulMeaAddSqrDivMulMul
23861643328,23861688416,45088,0,45088,myelin-exec:/up_proj_27/MatMul,649196,649196,3,0,5769,5066,:5037:5063:5066:5769,------myelin-exec:/up_proj_27/MatMul
23861690080,23861825888,135808,0,135808,myelin-exec:__myl_FcNegExpAddDivMulMul,649196,649196,3,0,5770,5066,:5037:5063:5066:5770,------myelin-exec:__myl_FcNegExpAddDivMulMul
23861827392,23862006432,179040,0,179040,myelin-exec:__myl_FcAdd,649196,649196,3,0,5771,5066,:5037:5063:5066:5771,------myelin-exec:__myl_FcAdd
24284613344,24284819008,205664,136960,68704,TensorRT:ExecutionContext::enqueue,649196,649196,1,1,5863,5037,:5037:5863,--TensorRT:ExecutionContext::enqueue
24284677376,24284814336,136960,78848,58112,TensorRT:{ForeignNode[/Cast.../Cast_1]},649196,649196,2,2,5867,5863,:5037:5863:5867,----TensorRT:{ForeignNode[/Cast.../Cast_1]}
24284721120,24284723040,1920,0,1920,myelin-exec:__mye60_0,649196,649196,3,0,5874,5867,:5037:5863:5867:5874,------myelin-exec:__mye60_0
24284723872,24284800800,76928,0,76928,myelin-exec:__myl_MovMulMeaAddSqrDivMulMulCas,649196,649196,3,0,5875,5867,:5037:5863:5867:5875,------myelin-exec:__myl_MovMulMeaAddSqrDivMulMulCas
24291840672,24292053504,212832,166624,46208,TensorRT:ExecutionContext::enqueue,649196,649196,1,1,5884,5037,:5037:5884,--TensorRT:ExecutionContext::enqueue
24291882752,24292049376,166624,121344,45280,TensorRT:{ForeignNode[onnx::MatMul_4 + ONNXTRT_Broadcast.../MatMul]},649196,649196,2,2,5888,5884,:5037:5884:5888,----TensorRT:{ForeignNode[onnx::MatMul_4 + ONNXTRT_Broadcast.../MatMul]}
24291914336,24291915424,1088,0,1088,myelin-exec:__mye31_0,649196,649196,3,0,5895,5888,:5037:5884:5888:5895,------myelin-exec:__mye31_0
24291916000,24292036256,120256,0,120256,myelin-exec:/MatMul,649196,649196,3,0,5896,5888,:5037:5884:5888:5896,------myelin-exec:/MatMul
