layer_id,layer_name,layer_type,metadata,input_tensors,output_tensors,precision,tactic_name
0,__mye156465_0_myl0_0,shape_call,,[],[],inputs=NONE|outputs=NONE,UNKNOWN
1,__myl_MovMulMeaAddSqrDivMulDivMinMaxRouCasDivMinMaxRouCasDivMinMaxRouCas_myl0_1,kgen,[ONNX Layer: /q_proj/MatMul__a_quant];[ONNX Layer: /k_proj/MatMul__a_quant];[ONNX Layer: /v_proj/MatMul__a_quant];[ONNX Layer: /input_layernorm/Mul];[ONNX Layer: /input_layernorm/Sqrt];[ONNX Layer: /input_layernorm/Div];[ONNX Layer: /input_layernorm/Add];[ONNX Layer: /input_layernorm/ReduceMean];[ONNX Layer: /input_layernorm/Pow],"[{""name"":""hidden_states"",""shape"":[1,1,1024],""precision"":""Half""},{""name"":""hidden_states"",""shape"":[1,1,1024],""precision"":""Half""},{""name"":""__mye608540_dconst"",""shape"":[1,1,1024],""precision"":""Half""},{""name"":""__mye608567_dconst"",""shape"":[1,1,1024],""precision"":""Half""},{""name"":""__mye608594_dconst"",""shape"":[1,1,1024],""precision"":""Half""}]","[{""name"":""__myln_k_arg__bb1_2671"",""shape"":[1,1,1024],""precision"":""Int8""},{""name"":""__myln_k_arg__bb1_2670"",""shape"":[1,1,1024],""precision"":""Int8""},{""name"":""__myln_k_arg__bb1_2669"",""shape"":[1,1,1024],""precision"":""Int8""}]",inputs=Half;Half;Half;Half;Half|outputs=Int8;Int8;Int8,__myl_MovMulMeaAddSqrDivMulDivMinMaxRouCasDivMinMaxRouCasDivMinMaxRouCas_0xda00efdea1fdf9ffc7ce7052979834ac
2,__mye676844_myl0_2,signal,,[],[],inputs=NONE|outputs=NONE,UNKNOWN
3,__mye676846_myl0_3,wait,,[],[],inputs=NONE|outputs=NONE,UNKNOWN
4,__myl_FcCas_myl0_4,fusion,[ONNX Layer: /v_proj/MatMul];[ONNX Layer: /v_proj/MatMul__a_dequant];[ONNX Layer: /v_proj/MatMul__a_quant];[ONNX Layer: /v_proj/MatMul__w_dequant],"[{""name"":""__myln_k_arg__bb1_2671"",""shape"":[1,1,1024],""precision"":""Int8""},{""name"":""__mye613729dconst"",""shape"":[1,1024,1024],""precision"":""Int8""}]","[{""name"":""__myln_k_arg__bb1_2672"",""shape"":[1,1,1024],""precision"":""Half""}]",inputs=Int8;Int8|outputs=Half,sm80_xmma_gemm_i8f32_i8i32_f32_tn_n_tilesize32x64x64_stage6_warpsize2x2x1_tensor16x8x32_by_fusion_tactic
5,__myl_ResConResRep_myl0_5,kgen,[ONNX Layer: /Reshape_2];[ONNX Layer: /Transpose_2];[ONNX Layer: /Unsqueeze_18];[ONNX Layer: /Expand_1];[ONNX Layer: /Concat_7],"[{""name"":""past_v0"",""shape"":[1,8,-1,128],""precision"":""Half""},{""name"":""__myln_k_arg__bb1_2672"",""shape"":[1,1,1024],""precision"":""Half""},{""name"":""proxy___mye666994"",""shape"":[1],""precision"":""Int64""},{""name"":""proxy___mye667039"",""shape"":[1],""precision"":""Int64""},{""name"":""proxy___mye667070"",""shape"":[1],""precision"":""Int64""},{""name"":""__mye66760_proxy.1"",""shape"":[1],""precision"":""Int64""},{""name"":""proxy___mye613866"",""shape"":[1],""precision"":""Int64""},{""name"":""proxy___mye613833"",""shape"":[1],""precision"":""Int64""},{""name"":""proxy___mye613806"",""shape"":[1],""precision"":""Int64""},{""name"":""proxy___mye613773"",""shape"":[1],""precision"":""Int64""},{""name"":""proxy___mye613746"",""shape"":[1],""precision"":""Int64""},{""name"":""proxy___mye431749.1"",""shape"":[1],""precision"":""Int64""},{""name"":""proxy___mye431722.1"",""shape"":[1],""precision"":""Int64""},{""name"":""__mye66752_proxy.1"",""shape"":[1],""precision"":""Int64""},{""name"":""proxy___mye431054.1"",""shape"":[1],""precision"":""Int64""},{""name"":""proxy___mye430368.1"",""shape"":[1],""precision"":""Int64""}]","[{""name"":""present_v0"",""shape"":[1,8,-1,128],""precision"":""Half""},{""name"":""/Expand_1_output_0'.1"",""shape"":[1,8,2,-1,128],""precision"":""Half""}]",inputs=Half;Half;Int64;Int64;Int64;Int64;Int64;Int64;Int64;Int64;Int64;Int64;Int64;Int64;Int64;Int64|outputs=Half;Half,__myl_ResConResRep_0x9d40828c020eb6bb972be950c35191c1
6,__mye676854_myl0_6,signal,,[],[],inputs=NONE|outputs=NONE,UNKNOWN
7,__mye676848_myl0_7,wait,,[],[],inputs=NONE|outputs=NONE,UNKNOWN
8,__myl_FcCas_myl0_8,fusion,[ONNX Layer: /k_proj/MatMul];[ONNX Layer: /k_proj/MatMul__a_dequant];[ONNX Layer: /k_proj/MatMul__a_quant];[ONNX Layer: /k_proj/MatMul__w_dequant],"[{""name"":""__myln_k_arg__bb1_2670"",""shape"":[1,1,1024],""precision"":""Int8""},{""name"":""__mye613887dconst"",""shape"":[1,1024,1024],""precision"":""Int8""}]","[{""name"":""__myln_k_arg__bb1_2675"",""shape"":[1,1,1024],""precision"":""Half""}]",inputs=Int8;Int8|outputs=Half,sm80_xmma_gemm_i8f32_i8i32_f32_tn_n_tilesize32x64x64_stage6_warpsize2x2x1_tensor16x8x32_by_fusion_tactic
9,__myl_ResMulMea_myl0_9,kgen,[ONNX Layer: /Reshape_1];[ONNX Layer: /k_norm/Pow];[ONNX Layer: /k_norm/ReduceMean],"[{""name"":""__myln_k_arg__bb1_2675"",""shape"":[1,1,1024],""precision"":""Half""}]","[{""name"":""__myln_k_arg__bb1_2677"",""shape"":[1,1,8,1],""precision"":""Half""},{""name"":""__myln_k_arg__bb1_2676"",""shape"":[1,1,8,128],""precision"":""Half""}]",inputs=Half|outputs=Half;Half,__myl_ResMulMea_0x3c91498c3beee36a5653966af1581a8a
10,__mye676850_myl0_10,signal,,[],[],inputs=NONE|outputs=NONE,UNKNOWN
11,__myl_FcCas_myl0_11,fusion,[ONNX Layer: /q_proj/MatMul];[ONNX Layer: /q_proj/MatMul__a_dequant];[ONNX Layer: /q_proj/MatMul__a_quant];[ONNX Layer: /q_proj/MatMul__w_dequant],"[{""name"":""__myln_k_arg__bb1_2669"",""shape"":[1,1,1024],""precision"":""Int8""},{""name"":""__mye613892dconst"",""shape"":[1,1024,2048],""precision"":""Int8""}]","[{""name"":""__myln_k_arg__bb1_2678"",""shape"":[1,1,2048],""precision"":""Half""}]",inputs=Int8;Int8|outputs=Half,sm80_xmma_gemm_i8f32_i8i32_f32_tn_n_tilesize32x64x64_stage6_warpsize2x2x1_tensor16x8x32_by_fusion_tactic
12,__myl_ResMulMea_myl0_12,kgen,[ONNX Layer: /Reshape];[ONNX Layer: /q_norm/Pow];[ONNX Layer: /q_norm/ReduceMean],"[{""name"":""__myln_k_arg__bb1_2678"",""shape"":[1,1,2048],""precision"":""Half""}]","[{""name"":""__myln_k_arg__bb1_2680"",""shape"":[1,1,16,1],""precision"":""Half""},{""name"":""__myln_k_arg__bb1_2679"",""shape"":[1,1,16,128],""precision"":""Half""}]",inputs=Half|outputs=Half;Half,__myl_ResMulMea_0xf2413012cd9ac6341b95d78f3432c656
13,__mye676852_myl0_13,wait,,[],[],inputs=NONE|outputs=NONE,UNKNOWN
14,__myl_CasResMulConSinResCosResAddSqrAddSqrDivMulDivMulMulResSliSliNegConMulMulAddConResRepResTraEtc_myl0_14,kgen,[ONNX Layer: /k_norm/Div];[ONNX Layer: /q_norm/Div];[ONNX Layer: /k_norm/Mul];[ONNX Layer: /k_norm/Mul_1];[ONNX Layer: /Transpose_1];[ONNX Layer: /Slice_2];[ONNX Layer: /Slice_3];[ONNX Layer: /Concat_5];[ONNX Layer: /Mul_4];[ONNX Layer: /Add_1];[ONNX Layer: /Mul_3];[ONNX Layer: /Unsqueeze_13];[ONNX Layer: /Reshape_4];[ONNX Layer: /Transpose_3];[ONNX Layer: /Expand];[ONNX Layer: /Concat_6];[ONNX Layer: /Neg_1];[ONNX Layer: /q_norm/Mul];[ONNX Layer: /q_norm/Mul_1];[ONNX Layer: /Transpose];[ONNX Layer: /Slice];[ONNX Layer: /Slice_1];[ONNX Layer: /Concat_4];[ONNX Layer: /Mul_2];[ONNX Layer: /Add];[ONNX Layer: /Mul_1];[ONNX Layer: /Neg];[ONNX Layer: /Sin];[ONNX Layer: /Unsqueeze_8];[ONNX Layer: /Cos];[ONNX Layer: /Unsqueeze_7];[ONNX Layer: /Concat_3];[ONNX Layer: /Mul];[ONNX Layer: /q_norm/Sqrt];[ONNX Layer: /q_norm/Add];[ONNX Layer: /k_norm/Sqrt];[ONNX Layer: /k_norm/Add];[ONNX Layer: /Unsqueeze_6];[ONNX Layer: /Cast],"[{""name"":""position_ids"",""shape"":[1,1],""precision"":""Int64""},{""name"":""__myln_k_arg__bb1_2677"",""shape"":[1,1,8,1],""precision"":""Half""},{""name"":""__myln_k_arg__bb1_2680"",""shape"":[1,1,16,1],""precision"":""Half""},{""name"":""/Constant_9_output_0 _ ONNXTRT_Broadcast_50_constantHalf"",""shape"":[1,1,64],""precision"":""Half""},{""name"":""stack_layers_0_self_attn_q_norm_weight _ ONNXTRT_Broadcast_20_constantHalf"",""shape"":[1,1,1,128],""precision"":""Half""},{""name"":""__myln_k_arg__bb1_2679"",""shape"":[1,1,16,128],""precision"":""Half""},{""name"":""past_k0"",""shape"":[1,8,-1,128],""precision"":""Half""},{""name"":""stack_layers_0_self_attn_k_norm_weight _ ONNXTRT_Broadcast_38_constantHalf"",""shape"":[1,1,1,128],""precision"":""Half""},{""name"":""__myln_k_arg__bb1_2676"",""shape"":[1,1,8,128],""precision"":""Half""},{""name"":""proxy___mye667330"",""shape"":[1],""precision"":""Int64""},{""name"":""proxy___mye667369"",""shape"":[1],""precision"":""Int64""},{""name"":""proxy___mye667414"",""shape"":[1],""precision"":""Int64""},{""name"":""__mye66760_proxy.1"",""shape"":[1],""precision"":""Int64""},{""name"":""proxy___mye614149"",""shape"":[1],""precision"":""Int64""},{""name"":""proxy___mye614122"",""shape"":[1],""precision"":""Int64""},{""name"":""proxy___mye614089"",""shape"":[1],""precision"":""Int64""},{""name"":""proxy___mye614062"",""shape"":[1],""precision"":""Int64""},{""name"":""proxy___mye614029"",""shape"":[1],""precision"":""Int64""},{""name"":""proxy___mye613996"",""shape"":[1],""precision"":""Int64""},{""name"":""proxy___mye613969"",""shape"":[1],""precision"":""Int64""},{""name"":""proxy___mye613936"",""shape"":[1],""precision"":""Int64""},{""name"":""proxy___mye613909"",""shape"":[1],""precision"":""Int64""},{""name"":""proxy___mye431809.1"",""shape"":[1],""precision"":""Int64""},{""name"":""proxy___mye431782.1"",""shape"":[1],""precision"":""Int64""},{""name"":""__mye66752_proxy.1"",""shape"":[1],""precision"":""Int64""},{""name"":""proxy___mye430382.1"",""shape"":[1],""precision"":""Int64""},{""name"":""proxy___mye430368.1"",""shape"":[1],""precision"":""Int64""}]","[{""name"":""__myln_k_arg__bb1_2685"",""shape"":[1,1,1,128],""precision"":""Half""},{""name"":""__myln_k_arg__bb1_2684"",""shape"":[1,1,1,128],""precision"":""Half""},{""name"":""/Add_output_0'.1"",""shape"":[1,16,1,128],""precision"":""Half""},{""name"":""present_k0"",""shape"":[1,8,-1,128],""precision"":""Half""},{""name"":""shuffle_output_/Reshape_4 _ /Transpose_3_first_transpose_output.1"",""shape"":[1,16,128,-1],""precision"":""Half""}]",inputs=Int64;Half;Half;Half;Half;Half;Half;Half;Half;Int64;Int64;Int64;Int64;Int64;Int64;Int64;Int64;Int64;Int64;Int64;Int64;Int64;Int64;Int64;Int64;Int64;Int64|outputs=Half;Half;Half;Half;Half,__myl_CasResMulConSinResCosResAddSqrAddSqrDivMulDivMulMulResSliSliNegConMulMulAddConResRepResTraEtc_0x3beb58e4cd3dae3f69eebdbcbcc43980
15,/MatMul_myl0_15,gemm,[ONNX Layer: /MatMul],"[{""name"":""/Add_output_0'.1"",""shape"":[16,1,128],""precision"":""Half""},{""name"":""shuffle_output_/Reshape_4 _ /Transpose_3_first_transpose_output.1"",""shape"":[16,128,-1],""precision"":""Half""},{""name"":""__mye567710/MatMul_alpha"",""shape"":[1],""precision"":""Float""},{""name"":""__mye567711/MatMul_beta"",""shape"":[1],""precision"":""Float""}]","[{""name"":""__mye567707"",""shape"":[16,1,-1],""precision"":""Half""}]",inputs=Half;Half;Float;Float|outputs=Half,sm80_xmma_gemm_f16f16_f16f32_f32_nn_n_tilesize32x32x64_stage6_warpsize2x2x1_tensor16x8x16_aligna2_alignc2
16,__myl_MulMaxSubExpSumDivMul_myl0_16,kgen,[ONNX Layer: /Mul_7];[ONNX Layer: /Softmax],"[{""name"":""__mye567707"",""shape"":[1,16,1,-1],""precision"":""Half""},{""name"":""__mye66760_proxy.1"",""shape"":[1],""precision"":""Int64""},{""name"":""proxy___mye312316.1"",""shape"":[1],""precision"":""Int64""}]","[{""name"":""/Softmax_output'.1"",""shape"":[1,16,1,-1],""precision"":""Half""}]",inputs=Half;Int64;Int64|outputs=Half,__myl_MulMaxSubExpSumDivMul_0x1108f5a078d6e65507c06537b9b2e43f
17,__mye676856_myl0_17,wait,,[],[],inputs=NONE|outputs=NONE,UNKNOWN
18,/MatMul_1_myl0_18,gemm,[ONNX Layer: /MatMul_1],"[{""name"":""/Softmax_output'.1"",""shape"":[16,1,-1],""precision"":""Half""},{""name"":""/Expand_1_output_0'.1"",""shape"":[16,-1,128],""precision"":""Half""},{""name"":""__mye567731/MatMul_1_alpha"",""shape"":[1],""precision"":""Float""},{""name"":""__mye567732/MatMul_1_beta"",""shape"":[1],""precision"":""Float""}]","[{""name"":""__myln_k_arg__bb1_2688"",""shape"":[16,1,128],""precision"":""Half""}]",inputs=Half;Half;Float;Float|outputs=Half,sm80_xmma_gemm_f16f16_f16f32_f32_nn_n_tilesize64x128x32_stage5_warpsize2x2x1_tensor16x8x16_aligna2_alignc2
19,__myl_MulMinMaxRouCas_myl0_19,kgen,[ONNX Layer: /o_proj/MatMul__a_quant],"[{""name"":""__myln_k_arg__bb1_2688"",""shape"":[16,1,128],""precision"":""Half""}]","[{""name"":""__mye574508_q8"",""shape"":[16,1,128],""precision"":""Int8""}]",inputs=Half|outputs=Int8,__myl_MulMinMaxRouCas_0xa49a3c4e66279a6886312b656336d70d
20,__myl_FcCasAdd_myl0_20,fusion,[ONNX Layer: /o_proj/MatMul];[ONNX Layer: /o_proj/MatMul__a_dequant];[ONNX Layer: /o_proj/MatMul__a_quant];[ONNX Layer: /o_proj/MatMul__w_dequant];[ONNX Layer: /Add_2],"[{""name"":""hidden_states"",""shape"":[1,1,1024],""precision"":""Half""},{""name"":""__mye574508_q8"",""shape"":[1,1,2048],""precision"":""Int8""},{""name"":""__mye614244dconst"",""shape"":[1,2048,1024],""precision"":""Int8""}]","[{""name"":""__myln_k_arg__bb1_2690"",""shape"":[1,1,1024],""precision"":""Half""}]",inputs=Half;Int8;Int8|outputs=Half,sm80_xmma_gemm_i8f32_i8i32_f32_tn_n_tilesize32x64x64_stage6_warpsize2x2x1_tensor16x8x32_by_fusion_tactic
21,__myl_MulMeaAddSqrDivMulMulMulMinMaxRouCas_myl0_21,kgen,[ONNX Layer: /post_attention_layernorm/Pow];[ONNX Layer: /post_attention_layernorm/ReduceMean];[ONNX Layer: /post_attention_layernorm/Add];[ONNX Layer: /post_attention_layernorm/Div];[ONNX Layer: /post_attention_layernorm/Sqrt];[ONNX Layer: /post_attention_layernorm/Mul];[ONNX Layer: /post_attention_layernorm/Mul_1];[ONNX Layer: /gate_proj/MatMul__a_quant],"[{""name"":""stack_layers_0_post_attention_layernorm_weight _ ONNXTRT_Broadcast_291_constantHalf"",""shape"":[1,1,1024],""precision"":""Half""},{""name"":""__myln_k_arg__bb1_2690"",""shape"":[1,1,1024],""precision"":""Half""},{""name"":""__myln_k_arg__bb1_2690"",""shape"":[1,1,1024],""precision"":""Half""},{""name"":""__myln_k_arg__bb1_2690"",""shape"":[1,1,1024],""precision"":""Half""}]","[{""name"":""__myln_k_arg__bb1_2692"",""shape"":[1,1,1024],""precision"":""Int8""},{""name"":""__myln_k_arg__bb1_2691"",""shape"":[1,1,1024],""precision"":""Half""}]",inputs=Half;Half;Half;Half|outputs=Int8;Half,__myl_MulMeaAddSqrDivMulMulMulMinMaxRouCas_0x028e232ad04f9dc415033ab5492ba131
22,/up_proj/MatMul_myl0_22,gemm,[ONNX Layer: /up_proj/MatMul],"[{""name"":""__myln_k_arg__bb1_2691"",""shape"":[1,1,1024],""precision"":""Half""},{""name"":""__mye614249dconst"",""shape"":[1,1024,3072],""precision"":""Half""},{""name"":""__mye567755/up_proj/MatMul_alpha"",""shape"":[1],""precision"":""Float""},{""name"":""__mye567756/up_proj/MatMul_beta"",""shape"":[1],""precision"":""Float""}]","[{""name"":""__myln_k_arg__bb1_2693"",""shape"":[1,1,3072],""precision"":""Half""}]",inputs=Half;Half;Float;Float|outputs=Half,sm80_xmma_gemm_f16f16_f16f16_f16_tn_n_tilesize32x32x64_stage6_warpsize2x2x1_tensor16x8x16
23,__myl_FcCasNegExpAddDivMulMul_myl0_23,fusion,[ONNX Layer: /gate_proj/MatMul];[ONNX Layer: /gate_proj/MatMul__a_dequant];[ONNX Layer: /gate_proj/MatMul__a_quant];[ONNX Layer: /gate_proj/MatMul__w_dequant];[ONNX Layer: /Mul_8];[ONNX Layer: /Mul_9];[ONNX Layer: /Sigmoid],"[{""name"":""__myln_k_arg__bb1_2693"",""shape"":[1,1,3072],""precision"":""Half""},{""name"":""__myln_k_arg__bb1_2692"",""shape"":[1,1,1024],""precision"":""Int8""},{""name"":""__mye614254dconst"",""shape"":[1,1024,3072],""precision"":""Int8""}]","[{""name"":""__myln_k_arg__bb1_2694"",""shape"":[1,1,3072],""precision"":""Half""}]",inputs=Half;Int8;Int8|outputs=Half,sm80_xmma_gemm_i8i8_i8i32_f32_tn_n_tilesize32x64x64_stage6_warpsize2x2x1_tensor16x8x32_by_fusion_tactic
24,__myl_FcAdd_myl0_24,fusion,[ONNX Layer: /down_proj/MatMul];[ONNX Layer: /Add_3],"[{""name"":""__myln_k_arg__bb1_2690"",""shape"":[1,1,1024],""precision"":""Half""},{""name"":""__myln_k_arg__bb1_2694"",""shape"":[1,1,3072],""precision"":""Half""},{""name"":""onnx__MatMul_7564 _ ONNXTRT_Broadcast_300_constantHalf"",""shape"":[1,3072,1024],""precision"":""Half""}]","[{""name"":""hidden_l0"",""shape"":[1,1,1024],""precision"":""Half""}]",inputs=Half;Half;Half|outputs=Half,sm80_xmma_gemm_f16f16_f16f16_f16_nn_n_tilesize64x128x32_stage5_warpsize2x2x1_tensor16x8x16_by_fusion_tactic
25,__myl_MulMeaAddSqrDivMulDivMinMaxRouCasDivMinMaxRouCasDivMinMaxRouCas_myl0_25,kgen,[ONNX Layer: /q_proj_1/MatMul__a_quant];[ONNX Layer: /k_proj_1/MatMul__a_quant];[ONNX Layer: /v_proj_1/MatMul__a_quant];[ONNX Layer: /input_layernorm_1/Mul];[ONNX Layer: /input_layernorm_1/Sqrt];[ONNX Layer: /input_layernorm_1/Div];[ONNX Layer: /input_layernorm_1/Add];[ONNX Layer: /input_layernorm_1/ReduceMean];[ONNX Layer: /input_layernorm_1/Pow],"[{""name"":""hidden_l0"",""shape"":[1,1,1024],""precision"":""Half""},{""name"":""hidden_l0"",""shape"":[1,1,1024],""precision"":""Half""},{""name"":""hidden_l0"",""shape"":[1,1,1024],""precision"":""Half""},{""name"":""__mye608665_dconst"",""shape"":[1,1,1024],""precision"":""Half""},{""name"":""__mye608692_dconst"",""shape"":[1,1,1024],""precision"":""Half""},{""name"":""__mye608719_dconst"",""shape"":[1,1,1024],""precision"":""Half""}]","[{""name"":""__myln_k_arg__bb1_2698"",""shape"":[1,1,1024],""precision"":""Int8""},{""name"":""__myln_k_arg__bb1_2697"",""shape"":[1,1,1024],""precision"":""Int8""},{""name"":""__myln_k_arg__bb1_2696"",""shape"":[1,1,1024],""precision"":""Int8""}]",inputs=Half;Half;Half;Half;Half;Half|outputs=Int8;Int8;Int8,__myl_MulMeaAddSqrDivMulDivMinMaxRouCasDivMinMaxRouCasDivMinMaxRouCas_0x9f2c300bb597625319cadec4728f9bc5
26,__mye676858_myl0_26,signal,,[],[],inputs=NONE|outputs=NONE,UNKNOWN
27,__mye676860_myl0_27,wait,,[],[],inputs=NONE|outputs=NONE,UNKNOWN
28,__myl_FcCas_myl0_28,fusion,[ONNX Layer: /v_proj_1/MatMul];[ONNX Layer: /v_proj_1/MatMul__a_dequant];[ONNX Layer: /v_proj_1/MatMul__a_quant];[ONNX Layer: /v_proj_1/MatMul__w_dequant],"[{""name"":""__myln_k_arg__bb1_2698"",""shape"":[1,1,1024],""precision"":""Int8""},{""name"":""__mye614259dconst"",""shape"":[1,1024,1024],""precision"":""Int8""}]","[{""name"":""__myln_k_arg__bb1_2699"",""shape"":[1,1,1024],""precision"":""Half""}]",inputs=Int8;Int8|outputs=Half,sm80_xmma_gemm_i8f32_i8i32_f32_tn_n_tilesize32x64x64_stage6_warpsize2x2x1_tensor16x8x32_by_fusion_tactic
29,__mye676862_myl0_29,signal,,[],[],inputs=NONE|outputs=NONE,UNKNOWN
30,__mye676864_myl0_30,wait,,[],[],inputs=NONE|outputs=NONE,UNKNOWN
31,__myl_ResConResRep_myl0_31,kgen,[ONNX Layer: /Reshape_10];[ONNX Layer: /Transpose_7];[ONNX Layer: /Unsqueeze_40];[ONNX Layer: /Expand_3];[ONNX Layer: /Concat_19],"[{""name"":""past_v1"",""shape"":[1,8,-1,128],""precision"":""Half""},{""name"":""__myln_k_arg__bb1_2699"",""shape"":[1,1,1024],""precision"":""Half""},{""name"":""proxy___mye667668"",""shape"":[1],""precision"":""Int64""},{""name"":""proxy___mye667713"",""shape"":[1],""precision"":""Int64""},{""name"":""proxy___mye667738"",""shape"":[1],""precision"":""Int64""},{""name"":""__mye66760_proxy.1"",""shape"":[1],""precision"":""Int64""},{""name"":""proxy___mye614396"",""shape"":[1],""precision"":""Int64""},{""name"":""proxy___mye614363"",""shape"":[1],""precision"":""Int64""},{""name"":""proxy___mye614336"",""shape"":[1],""precision"":""Int64""},{""name"":""proxy___mye614303"",""shape"":[1],""precision"":""Int64""},{""name"":""proxy___mye614276"",""shape"":[1],""precision"":""Int64""},{""name"":""proxy___mye431869.1"",""shape"":[1],""precision"":""Int64""},{""name"":""proxy___mye431842.1"",""shape"":[1],""precision"":""Int64""},{""name"":""__mye66752_proxy.1"",""shape"":[1],""precision"":""Int64""},{""name"":""proxy___mye431078.1"",""shape"":[1],""precision"":""Int64""},{""name"":""proxy___mye430368.1"",""shape"":[1],""precision"":""Int64""}]","[{""name"":""present_v1"",""shape"":[1,8,-1,128],""precision"":""Half""},{""name"":""/Expand_3_output_0'.1"",""shape"":[1,8,2,-1,128],""precision"":""Half""}]",inputs=Half;Half;Int64;Int64;Int64;Int64;Int64;Int64;Int64;Int64;Int64;Int64;Int64;Int64;Int64;Int64|outputs=Half;Half,__myl_ResConResRep_0x9d40828c020eb6bb972be950c35191c1
32,__mye676876_myl0_32,signal,,[],[],inputs=NONE|outputs=NONE,UNKNOWN
33,__mye676866_myl0_33,wait,,[],[],inputs=NONE|outputs=NONE,UNKNOWN
34,__myl_FcCas_myl0_34,fusion,[ONNX Layer: /k_proj_1/MatMul];[ONNX Layer: /k_proj_1/MatMul__a_dequant];[ONNX Layer: /k_proj_1/MatMul__a_quant];[ONNX Layer: /k_proj_1/MatMul__w_dequant],"[{""name"":""__myln_k_arg__bb1_2697"",""shape"":[1,1,1024],""precision"":""Int8""},{""name"":""__mye614417dconst"",""shape"":[1,1024,1024],""precision"":""Int8""}]","[{""name"":""__myln_k_arg__bb1_2702"",""shape"":[1,1,1024],""precision"":""Half""}]",inputs=Int8;Int8|outputs=Half,sm80_xmma_gemm_i8f32_i8i32_f32_tn_n_tilesize32x64x64_stage6_warpsize2x2x1_tensor16x8x32_by_fusion_tactic
35,__mye676868_myl0_35,signal,,[],[],inputs=NONE|outputs=NONE,UNKNOWN
36,__mye676870_myl0_36,wait,,[],[],inputs=NONE|outputs=NONE,UNKNOWN
37,__myl_ResMulMea_myl0_37,kgen,[ONNX Layer: /Reshape_9];[ONNX Layer: /k_norm_1/Pow];[ONNX Layer: /k_norm_1/ReduceMean],"[{""name"":""__myln_k_arg__bb1_2702"",""shape"":[1,1,1024],""precision"":""Half""}]","[{""name"":""__myln_k_arg__bb1_2704"",""shape"":[1,1,8,1],""precision"":""Half""},{""name"":""__myln_k_arg__bb1_2703"",""shape"":[1,1,8,128],""precision"":""Half""}]",inputs=Half|outputs=Half;Half,__myl_ResMulMea_0x3c91498c3beee36a5653966af1581a8a
38,__myl_AddSqrDivMulMulResSliSliNegConMulMulAddConResRepResTra_myl0_38,kgen,[ONNX Layer: /k_norm_1/Add];[ONNX Layer: /k_norm_1/Sqrt];[ONNX Layer: /k_norm_1/Mul];[ONNX Layer: /k_norm_1/Mul_1];[ONNX Layer: /Transpose_6];[ONNX Layer: /Slice_6];[ONNX Layer: /Slice_7];[ONNX Layer: /Concat_17];[ONNX Layer: /Mul_13];[ONNX Layer: /Add_5];[ONNX Layer: /Mul_12];[ONNX Layer: /Unsqueeze_35];[ONNX Layer: /Reshape_12];[ONNX Layer: /Transpose_8];[ONNX Layer: /Expand_2];[ONNX Layer: /Concat_18];[ONNX Layer: /Neg_3];[ONNX Layer: /k_norm_1/Div],"[{""name"":""past_k1"",""shape"":[1,8,-1,128],""precision"":""Half""},{""name"":""__myln_k_arg__bb1_2685"",""shape"":[1,1,1,128],""precision"":""Half""},{""name"":""__myln_k_arg__bb1_2684"",""shape"":[1,1,1,128],""precision"":""Half""},{""name"":""stack_layers_1_self_attn_k_norm_weight _ ONNXTRT_Broadcast_343_constantHalf"",""shape"":[1,1,1,128],""precision"":""Half""},{""name"":""__myln_k_arg__bb1_2703"",""shape"":[1,1,8,128],""precision"":""Half""},{""name"":""__myln_k_arg__bb1_2704"",""shape"":[1,1,8,1],""precision"":""Half""},{""name"":""proxy___mye667820"",""shape"":[1],""precision"":""Int64""},{""name"":""proxy___mye667859"",""shape"":[1],""precision"":""Int64""},{""name"":""proxy___mye667884"",""shape"":[1],""precision"":""Int64""},{""name"":""__mye66760_proxy.1"",""shape"":[1],""precision"":""Int64""},{""name"":""proxy___mye614679"",""shape"":[1],""precision"":""Int64""},{""name"":""proxy___mye614652"",""shape"":[1],""precision"":""Int64""},{""name"":""proxy___mye614619"",""shape"":[1],""precision"":""Int64""},{""name"":""proxy___mye614592"",""shape"":[1],""precision"":""Int64""},{""name"":""proxy___mye614559"",""shape"":[1],""precision"":""Int64""},{""name"":""proxy___mye614526"",""shape"":[1],""precision"":""Int64""},{""name"":""proxy___mye614499"",""shape"":[1],""precision"":""Int64""},{""name"":""proxy___mye614466"",""shape"":[1],""precision"":""Int64""},{""name"":""proxy___mye614439"",""shape"":[1],""precision"":""Int64""},{""name"":""proxy___mye431929.1"",""shape"":[1],""precision"":""Int64""},{""name"":""proxy___mye431902.1"",""shape"":[1],""precision"":""Int64""},{""name"":""__mye66752_proxy.1"",""shape"":[1],""precision"":""Int64""},{""name"":""proxy___mye430406.1"",""shape"":[1],""precision"":""Int64""},{""name"":""proxy___mye430368.1"",""shape"":[1],""precision"":""Int64""}]","[{""name"":""present_k1"",""shape"":[1,8,-1,128],""precision"":""Half""},{""name"":""shuffle_output_/Reshape_12 _ /Transpose_8_first_transpose_output.1"",""shape"":[1,16,128,-1],""precision"":""Half""}]",inputs=Half;Half;Half;Half;Half;Half;Int64;Int64;Int64;Int64;Int64;Int64;Int64;Int64;Int64;Int64;Int64;Int64;Int64;Int64;Int64;Int64;Int64;Int64|outputs=Half;Half,__myl_AddSqrDivMulMulResSliSliNegConMulMulAddConResRepResTra_0x5aea462b6a819ceadd3ebb32874c078f
39,__mye676872_myl0_39,signal,,[],[],inputs=NONE|outputs=NONE,UNKNOWN
40,__myl_FcCas_myl0_40,fusion,[ONNX Layer: /q_proj_1/MatMul];[ONNX Layer: /q_proj_1/MatMul__a_dequant];[ONNX Layer: /q_proj_1/MatMul__a_quant];[ONNX Layer: /q_proj_1/MatMul__w_dequant],"[{""name"":""__myln_k_arg__bb1_2696"",""shape"":[1,1,1024],""precision"":""Int8""},{""name"":""__mye614422dconst"",""shape"":[1,1024,2048],""precision"":""Int8""}]","[{""name"":""__myln_k_arg__bb1_2707"",""shape"":[1,1,2048],""precision"":""Half""}]",inputs=Int8;Int8|outputs=Half,sm80_xmma_gemm_i8f32_i8i32_f32_tn_n_tilesize32x64x64_stage6_warpsize2x2x1_tensor16x8x32_by_fusion_tactic
41,__myl_ResMulMea_myl0_41,kgen,[ONNX Layer: /Reshape_8];[ONNX Layer: /q_norm_1/Pow];[ONNX Layer: /q_norm_1/ReduceMean],"[{""name"":""__myln_k_arg__bb1_2707"",""shape"":[1,1,2048],""precision"":""Half""}]","[{""name"":""__myln_k_arg__bb1_2709"",""shape"":[1,1,16,1],""precision"":""Half""},{""name"":""__myln_k_arg__bb1_2708"",""shape"":[1,1,16,128],""precision"":""Half""}]",inputs=Half|outputs=Half;Half,__myl_ResMulMea_0xf2413012cd9ac6341b95d78f3432c656
42,__myl_AddSqrDivMulMulResSliSliNegConMulMulAdd_myl0_42,kgen,[ONNX Layer: /q_norm_1/Add];[ONNX Layer: /q_norm_1/Sqrt];[ONNX Layer: /q_norm_1/Mul];[ONNX Layer: /q_norm_1/Mul_1];[ONNX Layer: /Transpose_5];[ONNX Layer: /Slice_4];[ONNX Layer: /Slice_5];[ONNX Layer: /Concat_16];[ONNX Layer: /Mul_11];[ONNX Layer: /Add_4];[ONNX Layer: /Mul_10];[ONNX Layer: /Neg_2];[ONNX Layer: /q_norm_1/Div],"[{""name"":""__myln_k_arg__bb1_2685"",""shape"":[1,1,1,128],""precision"":""Half""},{""name"":""__myln_k_arg__bb1_2684"",""shape"":[1,1,1,128],""precision"":""Half""},{""name"":""stack_layers_1_self_attn_q_norm_weight _ ONNXTRT_Broadcast_325_constantHalf"",""shape"":[1,1,1,128],""precision"":""Half""},{""name"":""__myln_k_arg__bb1_2708"",""shape"":[1,1,16,128],""precision"":""Half""},{""name"":""__myln_k_arg__bb1_2709"",""shape"":[1,1,16,1],""precision"":""Half""}]","[{""name"":""/Add_4_output_0'.1"",""shape"":[1,16,1,128],""precision"":""Half""}]",inputs=Half;Half;Half;Half;Half|outputs=Half,__myl_AddSqrDivMulMulResSliSliNegConMulMulAdd_0xf1ba08cc3beaba8ee91b0504be9c2cf4
43,__mye676874_myl0_43,wait,,[],[],inputs=NONE|outputs=NONE,UNKNOWN
44,/MatMul_2_myl0_44,gemm,[ONNX Layer: /MatMul_2],"[{""name"":""/Add_4_output_0'.1"",""shape"":[16,1,128],""precision"":""Half""},{""name"":""shuffle_output_/Reshape_12 _ /Transpose_8_first_transpose_output.1"",""shape"":[16,128,-1],""precision"":""Half""},{""name"":""__mye567829/MatMul_2_alpha"",""shape"":[1],""precision"":""Float""},{""name"":""__mye567830/MatMul_2_beta"",""shape"":[1],""precision"":""Float""}]","[{""name"":""__mye567826"",""shape"":[16,1,-1],""precision"":""Half""}]",inputs=Half;Half;Float;Float|outputs=Half,sm80_xmma_gemm_f16f16_f16f32_f32_nn_n_tilesize32x32x64_stage6_warpsize2x2x1_tensor16x8x16_aligna2_alignc2
45,__myl_MulMaxSubExpSumDivMul_myl0_45,kgen,[ONNX Layer: /Mul_16];[ONNX Layer: /Softmax_1],"[{""name"":""__mye567826"",""shape"":[1,16,1,-1],""precision"":""Half""},{""name"":""__mye66760_proxy.1"",""shape"":[1],""precision"":""Int64""},{""name"":""proxy___mye312316.1"",""shape"":[1],""precision"":""Int64""}]","[{""name"":""/Softmax_1_output'.1"",""shape"":[1,16,1,-1],""precision"":""Half""}]",inputs=Half;Int64;Int64|outputs=Half,__myl_MulMaxSubExpSumDivMul_0x1108f5a078d6e65507c06537b9b2e43f
46,__mye676878_myl0_46,wait,,[],[],inputs=NONE|outputs=NONE,UNKNOWN
47,/MatMul_3_myl0_47,gemm,[ONNX Layer: /MatMul_3],"[{""name"":""/Softmax_1_output'.1"",""shape"":[16,1,-1],""precision"":""Half""},{""name"":""/Expand_3_output_0'.1"",""shape"":[16,-1,128],""precision"":""Half""},{""name"":""__mye567850/MatMul_3_alpha"",""shape"":[1],""precision"":""Float""},{""name"":""__mye567851/MatMul_3_beta"",""shape"":[1],""precision"":""Float""}]","[{""name"":""__myln_k_arg__bb1_2713"",""shape"":[16,1,128],""precision"":""Half""}]",inputs=Half;Half;Float;Float|outputs=Half,sm80_xmma_gemm_f16f16_f16f32_f32_nn_n_tilesize64x128x32_stage5_warpsize2x2x1_tensor16x8x16_aligna2_alignc2
48,__myl_MulMinMaxRouCas_myl0_48,kgen,[ONNX Layer: /o_proj_1/MatMul__a_quant],"[{""name"":""__myln_k_arg__bb1_2713"",""shape"":[16,1,128],""precision"":""Half""}]","[{""name"":""__mye574514_q8"",""shape"":[16,1,128],""precision"":""Int8""}]",inputs=Half|outputs=Int8,__myl_MulMinMaxRouCas_0xf131f88ee6d7693232e76c9290134799
49,__myl_FcCasAdd_myl0_49,fusion,[ONNX Layer: /o_proj_1/MatMul];[ONNX Layer: /o_proj_1/MatMul__a_dequant];[ONNX Layer: /o_proj_1/MatMul__a_quant];[ONNX Layer: /o_proj_1/MatMul__w_dequant];[ONNX Layer: /Add_6],"[{""name"":""hidden_l0"",""shape"":[1,1,1024],""precision"":""Half""},{""name"":""__mye574514_q8"",""shape"":[1,1,2048],""precision"":""Int8""},{""name"":""__mye614774dconst"",""shape"":[1,2048,1024],""precision"":""Int8""}]","[{""name"":""__myln_k_arg__bb1_2715"",""shape"":[1,1,1024],""precision"":""Half""}]",inputs=Half;Int8;Int8|outputs=Half,sm80_xmma_gemm_i8f32_i8i32_f32_tn_n_tilesize32x64x64_stage6_warpsize2x2x1_tensor16x8x32_by_fusion_tactic
50,__myl_MulMeaAddSqrDivMulMulMulMinMaxRouCas_myl0_50,kgen,[ONNX Layer: /post_attention_layernorm_1/Pow];[ONNX Layer: /post_attention_layernorm_1/ReduceMean];[ONNX Layer: /post_attention_layernorm_1/Add];[ONNX Layer: /post_attention_layernorm_1/Div];[ONNX Layer: /post_attention_layernorm_1/Sqrt];[ONNX Layer: /post_attention_layernorm_1/Mul];[ONNX Layer: /post_attention_layernorm_1/Mul_1];[ONNX Layer: /gate_proj_1/MatMul__a_quant],"[{""name"":""stack_layers_1_post_attention_layernorm_weight _ ONNXTRT_Broadcast_574_constantHalf"",""shape"":[1,1,1024],""precision"":""Half""},{""name"":""__myln_k_arg__bb1_2715"",""shape"":[1,1,1024],""precision"":""Half""},{""name"":""__myln_k_arg__bb1_2715"",""shape"":[1,1,1024],""precision"":""Half""},{""name"":""__myln_k_arg__bb1_2715"",""shape"":[1,1,1024],""precision"":""Half""}]","[{""name"":""__myln_k_arg__bb1_2717"",""shape"":[1,1,1024],""precision"":""Int8""},{""name"":""__myln_k_arg__bb1_2716"",""shape"":[1,1,1024],""precision"":""Half""}]",inputs=Half;Half;Half;Half|outputs=Int8;Half,__myl_MulMeaAddSqrDivMulMulMulMinMaxRouCas_0x5bd2afd5a5411fb85888be6c8200be17
51,/up_proj_1/MatMul_myl0_51,gemm,[ONNX Layer: /up_proj_1/MatMul],"[{""name"":""__myln_k_arg__bb1_2716"",""shape"":[1,1,1024],""precision"":""Half""},{""name"":""__mye614779dconst"",""shape"":[1,1024,3072],""precision"":""Half""},{""name"":""__mye567874/up_proj_1/MatMul_alpha"",""shape"":[1],""precision"":""Float""},{""name"":""__mye567875/up_proj_1/MatMul_beta"",""shape"":[1],""precision"":""Float""}]","[{""name"":""__myln_k_arg__bb1_2718"",""shape"":[1,1,3072],""precision"":""Half""}]",inputs=Half;Half;Float;Float|outputs=Half,sm80_xmma_gemm_f16f16_f16f16_f16_tn_n_tilesize32x32x64_stage6_warpsize2x2x1_tensor16x8x16
52,__myl_FcCasNegExpAddDivMulMul_myl0_52,fusion,[ONNX Layer: /gate_proj_1/MatMul];[ONNX Layer: /gate_proj_1/MatMul__a_dequant];[ONNX Layer: /gate_proj_1/MatMul__a_quant];[ONNX Layer: /gate_proj_1/MatMul__w_dequant];[ONNX Layer: /Mul_17];[ONNX Layer: /Mul_18];[ONNX Layer: /Sigmoid_1],"[{""name"":""__myln_k_arg__bb1_2718"",""shape"":[1,1,3072],""precision"":""Half""},{""name"":""__myln_k_arg__bb1_2717"",""shape"":[1,1,1024],""precision"":""Int8""},{""name"":""__mye614784dconst"",""shape"":[1,1024,3072],""precision"":""Int8""}]","[{""name"":""__myln_k_arg__bb1_2719"",""shape"":[1,1,3072],""precision"":""Half""}]",inputs=Half;Int8;Int8|outputs=Half,sm80_xmma_gemm_i8i8_i8i32_f32_tn_n_tilesize32x64x64_stage6_warpsize2x2x1_tensor16x8x32_by_fusion_tactic
53,__myl_FcAdd_myl0_53,fusion,[ONNX Layer: /down_proj_1/MatMul];[ONNX Layer: /Add_7],"[{""name"":""__myln_k_arg__bb1_2715"",""shape"":[1,1,1024],""precision"":""Half""},{""name"":""__myln_k_arg__bb1_2719"",""shape"":[1,1,3072],""precision"":""Half""},{""name"":""onnx__MatMul_7600 _ ONNXTRT_Broadcast_583_constantHalf"",""shape"":[1,3072,1024],""precision"":""Half""}]","[{""name"":""hidden_l1"",""shape"":[1,1,1024],""precision"":""Half""}]",inputs=Half;Half;Half|outputs=Half,sm80_xmma_gemm_f16f16_f16f16_f16_nn_n_tilesize64x128x32_stage5_warpsize2x2x1_tensor16x8x16_by_fusion_tactic
54,__myl_MulMeaAddSqrDivMulMul_myl0_54,kgen,[ONNX Layer: /input_layernorm_2/Pow];[ONNX Layer: /input_layernorm_2/ReduceMean];[ONNX Layer: /input_layernorm_2/Add];[ONNX Layer: /input_layernorm_2/Div];[ONNX Layer: /input_layernorm_2/Sqrt];[ONNX Layer: /input_layernorm_2/Mul_1];[ONNX Layer: /input_layernorm_2/Mul],"[{""name"":""hidden_l1"",""shape"":[1,1,1024],""precision"":""Half""},{""name"":""stack_layers_2_input_layernorm_weight _ ONNXTRT_Broadcast_592_constantHalf"",""shape"":[1,1,1024],""precision"":""Half""},{""name"":""hidden_l1"",""shape"":[1,1,1024],""precision"":""Half""},{""name"":""hidden_l1"",""shape"":[1,1,1024],""precision"":""Half""}]","[{""name"":""__mye608531_2721"",""shape"":[1,1,1024],""precision"":""Half""}]",inputs=Half;Half;Half;Half|outputs=Half,__myl_MulMeaAddSqrDivMulMul_0x8548fa9a57c713be1fdaa27c95458b99
55,/v_proj_2/MatMul+/k_proj_2/MatMul+/q_proj_2/MatMul_myl0_55,gemm,[ONNX Layer: /v_proj_2/MatMul];[ONNX Layer: /k_proj_2/MatMul];[ONNX Layer: /q_proj_2/MatMul],"[{""name"":""__mye608531_2721"",""shape"":[1,1,1024],""precision"":""Half""},{""name"":""__mye614789dconst"",""shape"":[1,1024,4096],""precision"":""Half""},{""name"":""__mye567907/v_proj_2/MatMul_alpha"",""shape"":[1],""precision"":""Float""},{""name"":""__mye567908/v_proj_2/MatMul_beta"",""shape"":[1],""precision"":""Float""}]","[{""name"":""__mye608531"",""shape"":[1,1,4096],""precision"":""Half""}]",inputs=Half;Half;Float;Float|outputs=Half,sm80_xmma_gemm_f16f16_f16f16_f16_tn_n_tilesize32x32x64_stage6_warpsize2x2x1_tensor16x8x16
56,__mye676880_myl0_56,signal,,[],[],inputs=NONE|outputs=NONE,UNKNOWN
57,__mye676882_myl0_57,wait,,[],[],inputs=NONE|outputs=NONE,UNKNOWN
58,__myl_MovResConResRep_myl0_58,kgen,[ONNX Layer: /Reshape_18];[ONNX Layer: /Transpose_12];[ONNX Layer: /Unsqueeze_62];[ONNX Layer: /Expand_5];[ONNX Layer: /Concat_31],"[{""name"":""past_v2"",""shape"":[1,8,-1,128],""precision"":""Half""},{""name"":""__mye608531"",""shape"":[1,1,1024],""precision"":""Half""},{""name"":""proxy___mye668084"",""shape"":[1],""precision"":""Int64""},{""name"":""proxy___mye668129"",""shape"":[1],""precision"":""Int64""},{""name"":""proxy___mye668154"",""shape"":[1],""precision"":""Int64""},{""name"":""__mye66760_proxy.1"",""shape"":[1],""precision"":""Int64""},{""name"":""proxy___mye614926"",""shape"":[1],""precision"":""Int64""},{""name"":""proxy___mye614893"",""shape"":[1],""precision"":""Int64""},{""name"":""proxy___mye614866"",""shape"":[1],""precision"":""Int64""},{""name"":""proxy___mye614833"",""shape"":[1],""precision"":""Int64""},{""name"":""proxy___mye614806"",""shape"":[1],""precision"":""Int64""},{""name"":""proxy___mye431989.1"",""shape"":[1],""precision"":""Int64""},{""name"":""proxy___mye431962.1"",""shape"":[1],""precision"":""Int64""},{""name"":""__mye66752_proxy.1"",""shape"":[1],""precision"":""Int64""},{""name"":""proxy___mye431102.1"",""shape"":[1],""precision"":""Int64""},{""name"":""proxy___mye430368.1"",""shape"":[1],""precision"":""Int64""}]","[{""name"":""present_v2"",""shape"":[1,8,-1,128],""precision"":""Half""},{""name"":""/Expand_5_output_0'.1"",""shape"":[1,8,2,-1,128],""precision"":""Half""}]",inputs=Half;Half;Int64;Int64;Int64;Int64;Int64;Int64;Int64;Int64;Int64;Int64;Int64;Int64;Int64;Int64|outputs=Half;Half,__myl_MovResConResRep_0xeb90291bbf009f8413c8500b92afa70a
59,__mye676890_myl0_59,signal,,[],[],inputs=NONE|outputs=NONE,UNKNOWN
60,__myl_MovResMulMea_myl0_60,kgen,[ONNX Layer: /Reshape_17];[ONNX Layer: /k_norm_2/ReduceMean];[ONNX Layer: /k_norm_2/Pow],"[{""name"":""__mye608531"",""shape"":[1,1,1024],""precision"":""Half""}]","[{""name"":""__myln_k_arg__bb1_2726"",""shape"":[1,1,8,128],""precision"":""Half""},{""name"":""__myln_k_arg__bb1_2725"",""shape"":[1,1,8,1],""precision"":""Half""}]",inputs=Half|outputs=Half;Half,__myl_MovResMulMea_0x8729692710be644f17c7f997918851be
61,__myl_AddSqrDivMulMulResSliSliNegConMulMulAddConResRepResTra_myl0_61,kgen,[ONNX Layer: /k_norm_2/Add];[ONNX Layer: /k_norm_2/Sqrt];[ONNX Layer: /k_norm_2/Mul];[ONNX Layer: /k_norm_2/Mul_1];[ONNX Layer: /Transpose_11];[ONNX Layer: /Slice_10];[ONNX Layer: /Slice_11];[ONNX Layer: /Concat_29];[ONNX Layer: /Mul_22];[ONNX Layer: /Add_9];[ONNX Layer: /Mul_21];[ONNX Layer: /Unsqueeze_57];[ONNX Layer: /Reshape_20];[ONNX Layer: /Transpose_13];[ONNX Layer: /Expand_4];[ONNX Layer: /Concat_30];[ONNX Layer: /Neg_5];[ONNX Layer: /k_norm_2/Div],"[{""name"":""past_k2"",""shape"":[1,8,-1,128],""precision"":""Half""},{""name"":""__myln_k_arg__bb1_2685"",""shape"":[1,1,1,128],""precision"":""Half""},{""name"":""__myln_k_arg__bb1_2684"",""shape"":[1,1,1,128],""precision"":""Half""},{""name"":""stack_layers_2_self_attn_k_norm_weight _ ONNXTRT_Broadcast_620_constantHalf"",""shape"":[1,1,1,128],""precision"":""Half""},{""name"":""__myln_k_arg__bb1_2726"",""shape"":[1,1,8,128],""precision"":""Half""},{""name"":""__myln_k_arg__bb1_2725"",""shape"":[1,1,8,1],""precision"":""Half""},{""name"":""proxy___mye668236"",""shape"":[1],""precision"":""Int64""},{""name"":""proxy___mye668275"",""shape"":[1],""precision"":""Int64""},{""name"":""proxy___mye668300"",""shape"":[1],""precision"":""Int64""},{""name"":""__mye66760_proxy.1"",""shape"":[1],""precision"":""Int64""},{""name"":""proxy___mye615199"",""shape"":[1],""precision"":""Int64""},{""name"":""proxy___mye615172"",""shape"":[1],""precision"":""Int64""},{""name"":""proxy___mye615139"",""shape"":[1],""precision"":""Int64""},{""name"":""proxy___mye615112"",""shape"":[1],""precision"":""Int64""},{""name"":""proxy___mye615079"",""shape"":[1],""precision"":""Int64""},{""name"":""proxy___mye615046"",""shape"":[1],""precision"":""Int64""},{""name"":""proxy___mye615019"",""shape"":[1],""precision"":""Int64""},{""name"":""proxy___mye614986"",""shape"":[1],""precision"":""Int64""},{""name"":""proxy___mye614959"",""shape"":[1],""precision"":""Int64""},{""name"":""proxy___mye432049.1"",""shape"":[1],""precision"":""Int64""},{""name"":""proxy___mye432022.1"",""shape"":[1],""precision"":""Int64""},{""name"":""__mye66752_proxy.1"",""shape"":[1],""precision"":""Int64""},{""name"":""proxy___mye430430.1"",""shape"":[1],""precision"":""Int64""},{""name"":""proxy___mye430368.1"",""shape"":[1],""precision"":""Int64""}]","[{""name"":""present_k2"",""shape"":[1,8,-1,128],""precision"":""Half""},{""name"":""shuffle_output_/Reshape_20 _ /Transpose_13_first_transpose_output.1"",""shape"":[1,16,128,-1],""precision"":""Half""}]",inputs=Half;Half;Half;Half;Half;Half;Int64;Int64;Int64;Int64;Int64;Int64;Int64;Int64;Int64;Int64;Int64;Int64;Int64;Int64;Int64;Int64;Int64;Int64|outputs=Half;Half,__myl_AddSqrDivMulMulResSliSliNegConMulMulAddConResRepResTra_0x5aea462b6a819ceadd3ebb32874c078f
62,__mye676884_myl0_62,wait,,[],[],inputs=NONE|outputs=NONE,UNKNOWN
63,__myl_MovResMulMea_myl0_63,kgen,[ONNX Layer: /Reshape_16];[ONNX Layer: /q_norm_2/ReduceMean];[ONNX Layer: /q_norm_2/Pow],"[{""name"":""__mye608531"",""shape"":[1,1,2048],""precision"":""Half""}]","[{""name"":""__myln_k_arg__bb1_2730"",""shape"":[1,1,16,128],""precision"":""Half""},{""name"":""__myln_k_arg__bb1_2729"",""shape"":[1,1,16,1],""precision"":""Half""}]",inputs=Half|outputs=Half;Half,__myl_MovResMulMea_0x61ec5b9962acde3fddf5628b2e6fd459
64,__myl_AddSqrDivMulMulResSliSliNegConMulMulAdd_myl0_64,kgen,[ONNX Layer: /q_norm_2/Add];[ONNX Layer: /q_norm_2/Sqrt];[ONNX Layer: /q_norm_2/Mul];[ONNX Layer: /q_norm_2/Mul_1];[ONNX Layer: /Transpose_10];[ONNX Layer: /Slice_8];[ONNX Layer: /Slice_9];[ONNX Layer: /Concat_28];[ONNX Layer: /Mul_20];[ONNX Layer: /Add_8];[ONNX Layer: /Mul_19];[ONNX Layer: /Neg_4];[ONNX Layer: /q_norm_2/Div],"[{""name"":""__myln_k_arg__bb1_2685"",""shape"":[1,1,1,128],""precision"":""Half""},{""name"":""__myln_k_arg__bb1_2684"",""shape"":[1,1,1,128],""precision"":""Half""},{""name"":""stack_layers_2_self_attn_q_norm_weight _ ONNXTRT_Broadcast_605_constantHalf"",""shape"":[1,1,1,128],""precision"":""Half""},{""name"":""__myln_k_arg__bb1_2730"",""shape"":[1,1,16,128],""precision"":""Half""},{""name"":""__myln_k_arg__bb1_2729"",""shape"":[1,1,16,1],""precision"":""Half""}]","[{""name"":""/Add_8_output_0'.1"",""shape"":[1,16,1,128],""precision"":""Half""}]",inputs=Half;Half;Half;Half;Half|outputs=Half,__myl_AddSqrDivMulMulResSliSliNegConMulMulAdd_0xf1ba08cc3beaba8ee91b0504be9c2cf4
65,__mye676886_myl0_65,signal,,[],[],inputs=NONE|outputs=NONE,UNKNOWN
66,__mye676888_myl0_66,wait,,[],[],inputs=NONE|outputs=NONE,UNKNOWN
67,/MatMul_4_myl0_67,gemm,[ONNX Layer: /MatMul_4],"[{""name"":""/Add_8_output_0'.1"",""shape"":[16,1,128],""precision"":""Half""},{""name"":""shuffle_output_/Reshape_20 _ /Transpose_13_first_transpose_output.1"",""shape"":[16,128,-1],""precision"":""Half""},{""name"":""__mye567948/MatMul_4_alpha"",""shape"":[1],""precision"":""Float""},{""name"":""__mye567949/MatMul_4_beta"",""shape"":[1],""precision"":""Float""}]","[{""name"":""__mye567945"",""shape"":[16,1,-1],""precision"":""Half""}]",inputs=Half;Half;Float;Float|outputs=Half,sm80_xmma_gemm_f16f16_f16f32_f32_nn_n_tilesize32x32x64_stage6_warpsize2x2x1_tensor16x8x16_aligna2_alignc2
68,__myl_MulMaxSubExpSumDivMul_myl0_68,kgen,[ONNX Layer: /Mul_25];[ONNX Layer: /Softmax_2],"[{""name"":""__mye567945"",""shape"":[1,16,1,-1],""precision"":""Half""},{""name"":""__mye66760_proxy.1"",""shape"":[1],""precision"":""Int64""},{""name"":""proxy___mye312316.1"",""shape"":[1],""precision"":""Int64""}]","[{""name"":""/Softmax_2_output'.1"",""shape"":[1,16,1,-1],""precision"":""Half""}]",inputs=Half;Int64;Int64|outputs=Half,__myl_MulMaxSubExpSumDivMul_0x1108f5a078d6e65507c06537b9b2e43f
69,__mye676892_myl0_69,wait,,[],[],inputs=NONE|outputs=NONE,UNKNOWN
70,/MatMul_5_myl0_70,gemm,[ONNX Layer: /MatMul_5],"[{""name"":""/Softmax_2_output'.1"",""shape"":[16,1,-1],""precision"":""Half""},{""name"":""/Expand_5_output_0'.1"",""shape"":[16,-1,128],""precision"":""Half""},{""name"":""__mye567969/MatMul_5_alpha"",""shape"":[1],""precision"":""Float""},{""name"":""__mye567970/MatMul_5_beta"",""shape"":[1],""precision"":""Float""}]","[{""name"":""__myln_k_arg__bb1_2734"",""shape"":[16,1,128],""precision"":""Half""}]",inputs=Half;Half;Float;Float|outputs=Half,sm80_xmma_gemm_f16f16_f16f32_f32_nn_n_tilesize64x128x32_stage5_warpsize2x2x1_tensor16x8x16_aligna2_alignc2
71,__myl_MulMinMaxRouCas_myl0_71,kgen,[ONNX Layer: /o_proj_2/MatMul__a_quant],"[{""name"":""__myln_k_arg__bb1_2734"",""shape"":[16,1,128],""precision"":""Half""}]","[{""name"":""__mye574520_q8"",""shape"":[16,1,128],""precision"":""Int8""}]",inputs=Half|outputs=Int8,__myl_MulMinMaxRouCas_0x2bde768f3e1a80e37132bb2f4be64789
72,__myl_FcCasAdd_myl0_72,fusion,[ONNX Layer: /o_proj_2/MatMul];[ONNX Layer: /o_proj_2/MatMul__a_dequant];[ONNX Layer: /o_proj_2/MatMul__a_quant];[ONNX Layer: /o_proj_2/MatMul__w_dequant];[ONNX Layer: /Add_10],"[{""name"":""hidden_l1"",""shape"":[1,1,1024],""precision"":""Half""},{""name"":""__mye574520_q8"",""shape"":[1,1,2048],""precision"":""Int8""},{""name"":""__mye615294dconst"",""shape"":[1,2048,1024],""precision"":""Int8""}]","[{""name"":""__myln_k_arg__bb1_2736"",""shape"":[1,1,1024],""precision"":""Half""}]",inputs=Half;Int8;Int8|outputs=Half,sm80_xmma_gemm_i8f32_i8i32_f32_tn_n_tilesize32x64x64_stage6_warpsize2x2x1_tensor16x8x32_by_fusion_tactic
73,__myl_MulMeaAddSqrDivMulMulMulMinMaxRouCas_myl0_73,kgen,[ONNX Layer: /post_attention_layernorm_2/Pow];[ONNX Layer: /post_attention_layernorm_2/ReduceMean];[ONNX Layer: /post_attention_layernorm_2/Add];[ONNX Layer: /post_attention_layernorm_2/Div];[ONNX Layer: /post_attention_layernorm_2/Sqrt];[ONNX Layer: /post_attention_layernorm_2/Mul];[ONNX Layer: /post_attention_layernorm_2/Mul_1];[ONNX Layer: /gate_proj_2/MatMul__a_quant],"[{""name"":""stack_layers_2_post_attention_layernorm_weight _ ONNXTRT_Broadcast_848_constantHalf"",""shape"":[1,1,1024],""precision"":""Half""},{""name"":""__myln_k_arg__bb1_2736"",""shape"":[1,1,1024],""precision"":""Half""},{""name"":""__myln_k_arg__bb1_2736"",""shape"":[1,1,1024],""precision"":""Half""},{""name"":""__myln_k_arg__bb1_2736"",""shape"":[1,1,1024],""precision"":""Half""}]","[{""name"":""__myln_k_arg__bb1_2738"",""shape"":[1,1,1024],""precision"":""Int8""},{""name"":""__myln_k_arg__bb1_2737"",""shape"":[1,1,1024],""precision"":""Half""}]",inputs=Half;Half;Half;Half|outputs=Int8;Half,__myl_MulMeaAddSqrDivMulMulMulMinMaxRouCas_0x84ef5602e3183b8229f8022d6e6eb74f
74,/up_proj_2/MatMul_myl0_74,gemm,[ONNX Layer: /up_proj_2/MatMul],"[{""name"":""__myln_k_arg__bb1_2737"",""shape"":[1,1,1024],""precision"":""Half""},{""name"":""__mye615299dconst"",""shape"":[1,1024,3072],""precision"":""Half""},{""name"":""__mye567993/up_proj_2/MatMul_alpha"",""shape"":[1],""precision"":""Float""},{""name"":""__mye567994/up_proj_2/MatMul_beta"",""shape"":[1],""precision"":""Float""}]","[{""name"":""__myln_k_arg__bb1_2739"",""shape"":[1,1,3072],""precision"":""Half""}]",inputs=Half;Half;Float;Float|outputs=Half,sm80_xmma_gemm_f16f16_f16f16_f16_tn_n_tilesize32x32x64_stage6_warpsize2x2x1_tensor16x8x16
75,__myl_FcCasNegExpAddDivMulMul_myl0_75,fusion,[ONNX Layer: /gate_proj_2/MatMul];[ONNX Layer: /gate_proj_2/MatMul__a_dequant];[ONNX Layer: /gate_proj_2/MatMul__a_quant];[ONNX Layer: /gate_proj_2/MatMul__w_dequant];[ONNX Layer: /Mul_26];[ONNX Layer: /Mul_27];[ONNX Layer: /Sigmoid_2],"[{""name"":""__myln_k_arg__bb1_2739"",""shape"":[1,1,3072],""precision"":""Half""},{""name"":""__myln_k_arg__bb1_2738"",""shape"":[1,1,1024],""precision"":""Int8""},{""name"":""__mye615304dconst"",""shape"":[1,1024,3072],""precision"":""Int8""}]","[{""name"":""__myln_k_arg__bb1_2740"",""shape"":[1,1,3072],""precision"":""Half""}]",inputs=Half;Int8;Int8|outputs=Half,sm80_xmma_gemm_i8i8_i8i32_f32_tn_n_tilesize32x64x64_stage6_warpsize2x2x1_tensor16x8x32_by_fusion_tactic
76,__myl_FcAdd_myl0_76,fusion,[ONNX Layer: /down_proj_2/MatMul];[ONNX Layer: /Add_11],"[{""name"":""__myln_k_arg__bb1_2736"",""shape"":[1,1,1024],""precision"":""Half""},{""name"":""__myln_k_arg__bb1_2740"",""shape"":[1,1,3072],""precision"":""Half""},{""name"":""onnx__MatMul_7636 _ ONNXTRT_Broadcast_857_constantHalf"",""shape"":[1,3072,1024],""precision"":""Half""}]","[{""name"":""hidden_l2"",""shape"":[1,1,1024],""precision"":""Half""}]",inputs=Half;Half;Half|outputs=Half,sm80_xmma_gemm_f16f16_f16f16_f16_nn_n_tilesize64x128x32_stage5_warpsize2x2x1_tensor16x8x16_by_fusion_tactic
77,__myl_MulMeaAddSqrDivMulDivMinMaxRouCasDivMinMaxRouCasDivMinMaxRouCas_myl0_77,kgen,[ONNX Layer: /q_proj_3/MatMul__a_quant];[ONNX Layer: /k_proj_3/MatMul__a_quant];[ONNX Layer: /v_proj_3/MatMul__a_quant];[ONNX Layer: /input_layernorm_3/Mul];[ONNX Layer: /input_layernorm_3/Sqrt];[ONNX Layer: /input_layernorm_3/Div];[ONNX Layer: /input_layernorm_3/Add];[ONNX Layer: /input_layernorm_3/ReduceMean];[ONNX Layer: /input_layernorm_3/Pow],"[{""name"":""hidden_l2"",""shape"":[1,1,1024],""precision"":""Half""},{""name"":""hidden_l2"",""shape"":[1,1,1024],""precision"":""Half""},{""name"":""hidden_l2"",""shape"":[1,1,1024],""precision"":""Half""},{""name"":""__mye608834_dconst"",""shape"":[1,1,1024],""precision"":""Half""},{""name"":""__mye608861_dconst"",""shape"":[1,1,1024],""precision"":""Half""},{""name"":""__mye608888_dconst"",""shape"":[1,1,1024],""precision"":""Half""}]","[{""name"":""__myln_k_arg__bb1_2744"",""shape"":[1,1,1024],""precision"":""Int8""},{""name"":""__myln_k_arg__bb1_2743"",""shape"":[1,1,1024],""precision"":""Int8""},{""name"":""__myln_k_arg__bb1_2742"",""shape"":[1,1,1024],""precision"":""Int8""}]",inputs=Half;Half;Half;Half;Half;Half|outputs=Int8;Int8;Int8,__myl_MulMeaAddSqrDivMulDivMinMaxRouCasDivMinMaxRouCasDivMinMaxRouCas_0x9f2c300bb597625319cadec4728f9bc5
78,__mye676894_myl0_78,signal,,[],[],inputs=NONE|outputs=NONE,UNKNOWN
79,__mye676896_myl0_79,wait,,[],[],inputs=NONE|outputs=NONE,UNKNOWN
80,__myl_FcCas_myl0_80,fusion,[ONNX Layer: /v_proj_3/MatMul];[ONNX Layer: /v_proj_3/MatMul__a_dequant];[ONNX Layer: /v_proj_3/MatMul__a_quant];[ONNX Layer: /v_proj_3/MatMul__w_dequant],"[{""name"":""__myln_k_arg__bb1_2744"",""shape"":[1,1,1024],""precision"":""Int8""},{""name"":""__mye615309dconst"",""shape"":[1,1024,1024],""precision"":""Int8""}]","[{""name"":""__myln_k_arg__bb1_2745"",""shape"":[1,1,1024],""precision"":""Half""}]",inputs=Int8;Int8|outputs=Half,sm80_xmma_gemm_i8f32_i8i32_f32_tn_n_tilesize32x64x64_stage6_warpsize2x2x1_tensor16x8x32_by_fusion_tactic
81,__myl_ResConResRep_myl0_81,kgen,[ONNX Layer: /Reshape_26];[ONNX Layer: /Transpose_17];[ONNX Layer: /Unsqueeze_84];[ONNX Layer: /Expand_7];[ONNX Layer: /Concat_43],"[{""name"":""past_v3"",""shape"":[1,8,-1,128],""precision"":""Half""},{""name"":""__myln_k_arg__bb1_2745"",""shape"":[1,1,1024],""precision"":""Half""},{""name"":""proxy___mye668422"",""shape"":[1],""precision"":""Int64""},{""name"":""proxy___mye668467"",""shape"":[1],""precision"":""Int64""},{""name"":""proxy___mye668492"",""shape"":[1],""precision"":""Int64""},{""name"":""__mye66760_proxy.1"",""shape"":[1],""precision"":""Int64""},{""name"":""proxy___mye615446"",""shape"":[1],""precision"":""Int64""},{""name"":""proxy___mye615413"",""shape"":[1],""precision"":""Int64""},{""name"":""proxy___mye615386"",""shape"":[1],""precision"":""Int64""},{""name"":""proxy___mye615353"",""shape"":[1],""precision"":""Int64""},{""name"":""proxy___mye615326"",""shape"":[1],""precision"":""Int64""},{""name"":""proxy___mye432109.1"",""shape"":[1],""precision"":""Int64""},{""name"":""proxy___mye432082.1"",""shape"":[1],""precision"":""Int64""},{""name"":""__mye66752_proxy.1"",""shape"":[1],""precision"":""Int64""},{""name"":""proxy___mye431126.1"",""shape"":[1],""precision"":""Int64""},{""name"":""proxy___mye430368.1"",""shape"":[1],""precision"":""Int64""}]","[{""name"":""present_v3"",""shape"":[1,8,-1,128],""precision"":""Half""},{""name"":""/Expand_7_output_0'.1"",""shape"":[1,8,2,-1,128],""precision"":""Half""}]",inputs=Half;Half;Int64;Int64;Int64;Int64;Int64;Int64;Int64;Int64;Int64;Int64;Int64;Int64;Int64;Int64|outputs=Half;Half,__myl_ResConResRep_0x9d40828c020eb6bb972be950c35191c1
82,__mye676904_myl0_82,signal,,[],[],inputs=NONE|outputs=NONE,UNKNOWN
83,__mye676898_myl0_83,wait,,[],[],inputs=NONE|outputs=NONE,UNKNOWN
84,__myl_FcCas_myl0_84,fusion,[ONNX Layer: /k_proj_3/MatMul];[ONNX Layer: /k_proj_3/MatMul__a_dequant];[ONNX Layer: /k_proj_3/MatMul__a_quant];[ONNX Layer: /k_proj_3/MatMul__w_dequant],"[{""name"":""__myln_k_arg__bb1_2743"",""shape"":[1,1,1024],""precision"":""Int8""},{""name"":""__mye615467dconst"",""shape"":[1,1024,1024],""precision"":""Int8""}]","[{""name"":""__myln_k_arg__bb1_2748"",""shape"":[1,1,1024],""precision"":""Half""}]",inputs=Int8;Int8|outputs=Half,sm80_xmma_gemm_i8f32_i8i32_f32_tn_n_tilesize32x64x64_stage6_warpsize2x2x1_tensor16x8x32_by_fusion_tactic
85,__myl_ResMulMea_myl0_85,kgen,[ONNX Layer: /Reshape_25];[ONNX Layer: /k_norm_3/Pow];[ONNX Layer: /k_norm_3/ReduceMean],"[{""name"":""__myln_k_arg__bb1_2748"",""shape"":[1,1,1024],""precision"":""Half""}]","[{""name"":""__myln_k_arg__bb1_2750"",""shape"":[1,1,8,1],""precision"":""Half""},{""name"":""__myln_k_arg__bb1_2749"",""shape"":[1,1,8,128],""precision"":""Half""}]",inputs=Half|outputs=Half;Half,__myl_ResMulMea_0x3c91498c3beee36a5653966af1581a8a
86,__myl_AddSqrDivMulMulResSliSliNegConMulMulAddConResRepResTra_myl0_86,kgen,[ONNX Layer: /k_norm_3/Add];[ONNX Layer: /k_norm_3/Sqrt];[ONNX Layer: /k_norm_3/Mul];[ONNX Layer: /k_norm_3/Mul_1];[ONNX Layer: /Transpose_16];[ONNX Layer: /Slice_14];[ONNX Layer: /Slice_15];[ONNX Layer: /Concat_41];[ONNX Layer: /Mul_31];[ONNX Layer: /Add_13];[ONNX Layer: /Mul_30];[ONNX Layer: /Unsqueeze_79];[ONNX Layer: /Reshape_28];[ONNX Layer: /Transpose_18];[ONNX Layer: /Expand_6];[ONNX Layer: /Concat_42];[ONNX Layer: /Neg_7];[ONNX Layer: /k_norm_3/Div],"[{""name"":""past_k3"",""shape"":[1,8,-1,128],""precision"":""Half""},{""name"":""__myln_k_arg__bb1_2685"",""shape"":[1,1,1,128],""precision"":""Half""},{""name"":""__myln_k_arg__bb1_2684"",""shape"":[1,1,1,128],""precision"":""Half""},{""name"":""stack_layers_3_self_attn_k_norm_weight _ ONNXTRT_Broadcast_900_constantHalf"",""shape"":[1,1,1,128],""precision"":""Half""},{""name"":""__myln_k_arg__bb1_2749"",""shape"":[1,1,8,128],""precision"":""Half""},{""name"":""__myln_k_arg__bb1_2750"",""shape"":[1,1,8,1],""precision"":""Half""},{""name"":""proxy___mye668574"",""shape"":[1],""precision"":""Int64""},{""name"":""proxy___mye668613"",""shape"":[1],""precision"":""Int64""},{""name"":""proxy___mye668638"",""shape"":[1],""precision"":""Int64""},{""name"":""__mye66760_proxy.1"",""shape"":[1],""precision"":""Int64""},{""name"":""proxy___mye615729"",""shape"":[1],""precision"":""Int64""},{""name"":""proxy___mye615702"",""shape"":[1],""precision"":""Int64""},{""name"":""proxy___mye615669"",""shape"":[1],""precision"":""Int64""},{""name"":""proxy___mye615642"",""shape"":[1],""precision"":""Int64""},{""name"":""proxy___mye615609"",""shape"":[1],""precision"":""Int64""},{""name"":""proxy___mye615576"",""shape"":[1],""precision"":""Int64""},{""name"":""proxy___mye615549"",""shape"":[1],""precision"":""Int64""},{""name"":""proxy___mye615516"",""shape"":[1],""precision"":""Int64""},{""name"":""proxy___mye615489"",""shape"":[1],""precision"":""Int64""},{""name"":""proxy___mye432169.1"",""shape"":[1],""precision"":""Int64""},{""name"":""proxy___mye432142.1"",""shape"":[1],""precision"":""Int64""},{""name"":""__mye66752_proxy.1"",""shape"":[1],""precision"":""Int64""},{""name"":""proxy___mye430454.1"",""shape"":[1],""precision"":""Int64""},{""name"":""proxy___mye430368.1"",""shape"":[1],""precision"":""Int64""}]","[{""name"":""present_k3"",""shape"":[1,8,-1,128],""precision"":""Half""},{""name"":""shuffle_output_/Reshape_28 _ /Transpose_18_first_transpose_output.1"",""shape"":[1,16,128,-1],""precision"":""Half""}]",inputs=Half;Half;Half;Half;Half;Half;Int64;Int64;Int64;Int64;Int64;Int64;Int64;Int64;Int64;Int64;Int64;Int64;Int64;Int64;Int64;Int64;Int64;Int64|outputs=Half;Half,__myl_AddSqrDivMulMulResSliSliNegConMulMulAddConResRepResTra_0x5aea462b6a819ceadd3ebb32874c078f
87,__mye676900_myl0_87,signal,,[],[],inputs=NONE|outputs=NONE,UNKNOWN
88,__myl_FcCas_myl0_88,fusion,[ONNX Layer: /q_proj_3/MatMul];[ONNX Layer: /q_proj_3/MatMul__a_dequant];[ONNX Layer: /q_proj_3/MatMul__a_quant];[ONNX Layer: /q_proj_3/MatMul__w_dequant],"[{""name"":""__myln_k_arg__bb1_2742"",""shape"":[1,1,1024],""precision"":""Int8""},{""name"":""__mye615472dconst"",""shape"":[1,1024,2048],""precision"":""Int8""}]","[{""name"":""__myln_k_arg__bb1_2753"",""shape"":[1,1,2048],""precision"":""Half""}]",inputs=Int8;Int8|outputs=Half,sm80_xmma_gemm_i8f32_i8i32_f32_tn_n_tilesize32x64x64_stage6_warpsize2x2x1_tensor16x8x32_by_fusion_tactic
89,__myl_ResMulMea_myl0_89,kgen,[ONNX Layer: /Reshape_24];[ONNX Layer: /q_norm_3/Pow];[ONNX Layer: /q_norm_3/ReduceMean],"[{""name"":""__myln_k_arg__bb1_2753"",""shape"":[1,1,2048],""precision"":""Half""}]","[{""name"":""__myln_k_arg__bb1_2755"",""shape"":[1,1,16,1],""precision"":""Half""},{""name"":""__myln_k_arg__bb1_2754"",""shape"":[1,1,16,128],""precision"":""Half""}]",inputs=Half|outputs=Half;Half,__myl_ResMulMea_0xf2413012cd9ac6341b95d78f3432c656
90,__myl_AddSqrDivMulMulResSliSliNegConMulMulAdd_myl0_90,kgen,[ONNX Layer: /q_norm_3/Add];[ONNX Layer: /q_norm_3/Sqrt];[ONNX Layer: /q_norm_3/Mul];[ONNX Layer: /q_norm_3/Mul_1];[ONNX Layer: /Transpose_15];[ONNX Layer: /Slice_12];[ONNX Layer: /Slice_13];[ONNX Layer: /Concat_40];[ONNX Layer: /Mul_29];[ONNX Layer: /Add_12];[ONNX Layer: /Mul_28];[ONNX Layer: /Neg_6];[ONNX Layer: /q_norm_3/Div],"[{""name"":""__myln_k_arg__bb1_2685"",""shape"":[1,1,1,128],""precision"":""Half""},{""name"":""__myln_k_arg__bb1_2684"",""shape"":[1,1,1,128],""precision"":""Half""},{""name"":""stack_layers_3_self_attn_q_norm_weight _ ONNXTRT_Broadcast_882_constantHalf"",""shape"":[1,1,1,128],""precision"":""Half""},{""name"":""__myln_k_arg__bb1_2754"",""shape"":[1,1,16,128],""precision"":""Half""},{""name"":""__myln_k_arg__bb1_2755"",""shape"":[1,1,16,1],""precision"":""Half""}]","[{""name"":""/Add_12_output_0'.1"",""shape"":[1,16,1,128],""precision"":""Half""}]",inputs=Half;Half;Half;Half;Half|outputs=Half,__myl_AddSqrDivMulMulResSliSliNegConMulMulAdd_0xf1ba08cc3beaba8ee91b0504be9c2cf4
91,__mye676902_myl0_91,wait,,[],[],inputs=NONE|outputs=NONE,UNKNOWN
92,/MatMul_6_myl0_92,gemm,[ONNX Layer: /MatMul_6],"[{""name"":""/Add_12_output_0'.1"",""shape"":[16,1,128],""precision"":""Half""},{""name"":""shuffle_output_/Reshape_28 _ /Transpose_18_first_transpose_output.1"",""shape"":[16,128,-1],""precision"":""Half""},{""name"":""__mye568067/MatMul_6_alpha"",""shape"":[1],""precision"":""Float""},{""name"":""__mye568068/MatMul_6_beta"",""shape"":[1],""precision"":""Float""}]","[{""name"":""__mye568064"",""shape"":[16,1,-1],""precision"":""Half""}]",inputs=Half;Half;Float;Float|outputs=Half,sm80_xmma_gemm_f16f16_f16f32_f32_nn_n_tilesize32x32x64_stage6_warpsize2x2x1_tensor16x8x16_aligna2_alignc2
93,__myl_MulMaxSubExpSumDivMul_myl0_93,kgen,[ONNX Layer: /Mul_34];[ONNX Layer: /Softmax_3],"[{""name"":""__mye568064"",""shape"":[1,16,1,-1],""precision"":""Half""},{""name"":""__mye66760_proxy.1"",""shape"":[1],""precision"":""Int64""},{""name"":""proxy___mye312316.1"",""shape"":[1],""precision"":""Int64""}]","[{""name"":""/Softmax_3_output'.1"",""shape"":[1,16,1,-1],""precision"":""Half""}]",inputs=Half;Int64;Int64|outputs=Half,__myl_MulMaxSubExpSumDivMul_0x1108f5a078d6e65507c06537b9b2e43f
94,__mye676906_myl0_94,wait,,[],[],inputs=NONE|outputs=NONE,UNKNOWN
95,/MatMul_7_myl0_95,gemm,[ONNX Layer: /MatMul_7],"[{""name"":""/Softmax_3_output'.1"",""shape"":[16,1,-1],""precision"":""Half""},{""name"":""/Expand_7_output_0'.1"",""shape"":[16,-1,128],""precision"":""Half""},{""name"":""__mye568088/MatMul_7_alpha"",""shape"":[1],""precision"":""Float""},{""name"":""__mye568089/MatMul_7_beta"",""shape"":[1],""precision"":""Float""}]","[{""name"":""__myln_k_arg__bb1_2759"",""shape"":[16,1,128],""precision"":""Half""}]",inputs=Half;Half;Float;Float|outputs=Half,sm80_xmma_gemm_f16f16_f16f32_f32_nn_n_tilesize64x128x32_stage5_warpsize2x2x1_tensor16x8x16_aligna2_alignc2
96,__myl_MulMinMaxRouCas_myl0_96,kgen,[ONNX Layer: /o_proj_3/MatMul__a_quant],"[{""name"":""__myln_k_arg__bb1_2759"",""shape"":[16,1,128],""precision"":""Half""}]","[{""name"":""__mye574526_q8"",""shape"":[16,1,128],""precision"":""Int8""}]",inputs=Half|outputs=Int8,__myl_MulMinMaxRouCas_0x6a10bd9f6c374e5ad061c0d2824b0a25
97,__myl_FcCasAdd_myl0_97,fusion,[ONNX Layer: /o_proj_3/MatMul];[ONNX Layer: /o_proj_3/MatMul__a_dequant];[ONNX Layer: /o_proj_3/MatMul__a_quant];[ONNX Layer: /o_proj_3/MatMul__w_dequant];[ONNX Layer: /Add_14],"[{""name"":""hidden_l2"",""shape"":[1,1,1024],""precision"":""Half""},{""name"":""__mye574526_q8"",""shape"":[1,1,2048],""precision"":""Int8""},{""name"":""__mye615824dconst"",""shape"":[1,2048,1024],""precision"":""Int8""}]","[{""name"":""__myln_k_arg__bb1_2761"",""shape"":[1,1,1024],""precision"":""Half""}]",inputs=Half;Int8;Int8|outputs=Half,sm80_xmma_gemm_i8f32_i8i32_f32_tn_n_tilesize32x64x64_stage6_warpsize2x2x1_tensor16x8x32_by_fusion_tactic
98,__myl_MulMeaAddSqrDivMulMulMulMinMaxRouCas_myl0_98,kgen,[ONNX Layer: /post_attention_layernorm_3/Pow];[ONNX Layer: /post_attention_layernorm_3/ReduceMean];[ONNX Layer: /post_attention_layernorm_3/Add];[ONNX Layer: /post_attention_layernorm_3/Div];[ONNX Layer: /post_attention_layernorm_3/Sqrt];[ONNX Layer: /post_attention_layernorm_3/Mul];[ONNX Layer: /post_attention_layernorm_3/Mul_1];[ONNX Layer: /gate_proj_3/MatMul__a_quant],"[{""name"":""stack_layers_3_post_attention_layernorm_weight _ ONNXTRT_Broadcast_1131_constantHalf"",""shape"":[1,1,1024],""precision"":""Half""},{""name"":""__myln_k_arg__bb1_2761"",""shape"":[1,1,1024],""precision"":""Half""},{""name"":""__myln_k_arg__bb1_2761"",""shape"":[1,1,1024],""precision"":""Half""},{""name"":""__myln_k_arg__bb1_2761"",""shape"":[1,1,1024],""precision"":""Half""}]","[{""name"":""__myln_k_arg__bb1_2763"",""shape"":[1,1,1024],""precision"":""Int8""},{""name"":""__myln_k_arg__bb1_2762"",""shape"":[1,1,1024],""precision"":""Half""}]",inputs=Half;Half;Half;Half|outputs=Int8;Half,__myl_MulMeaAddSqrDivMulMulMulMinMaxRouCas_0x2b4860727aa16b8274c6a9e412ad0345
99,/up_proj_3/MatMul_myl0_99,gemm,[ONNX Layer: /up_proj_3/MatMul],"[{""name"":""__myln_k_arg__bb1_2762"",""shape"":[1,1,1024],""precision"":""Half""},{""name"":""__mye615829dconst"",""shape"":[1,1024,3072],""precision"":""Half""},{""name"":""__mye568112/up_proj_3/MatMul_alpha"",""shape"":[1],""precision"":""Float""},{""name"":""__mye568113/up_proj_3/MatMul_beta"",""shape"":[1],""precision"":""Float""}]","[{""name"":""__myln_k_arg__bb1_2764"",""shape"":[1,1,3072],""precision"":""Half""}]",inputs=Half;Half;Float;Float|outputs=Half,sm80_xmma_gemm_f16f16_f16f16_f16_tn_n_tilesize32x32x64_stage6_warpsize2x2x1_tensor16x8x16
100,__myl_FcCasNegExpAddDivMulMul_myl0_100,fusion,[ONNX Layer: /gate_proj_3/MatMul];[ONNX Layer: /gate_proj_3/MatMul__a_dequant];[ONNX Layer: /gate_proj_3/MatMul__a_quant];[ONNX Layer: /gate_proj_3/MatMul__w_dequant];[ONNX Layer: /Mul_35];[ONNX Layer: /Mul_36];[ONNX Layer: /Sigmoid_3],"[{""name"":""__myln_k_arg__bb1_2764"",""shape"":[1,1,3072],""precision"":""Half""},{""name"":""__myln_k_arg__bb1_2763"",""shape"":[1,1,1024],""precision"":""Int8""},{""name"":""__mye615834dconst"",""shape"":[1,1024,3072],""precision"":""Int8""}]","[{""name"":""__myln_k_arg__bb1_2765"",""shape"":[1,1,3072],""precision"":""Half""}]",inputs=Half;Int8;Int8|outputs=Half,sm80_xmma_gemm_i8i8_i8i32_f32_tn_n_tilesize32x64x64_stage6_warpsize2x2x1_tensor16x8x32_by_fusion_tactic
101,__myl_FcAdd_myl0_101,fusion,[ONNX Layer: /down_proj_3/MatMul];[ONNX Layer: /Add_15],"[{""name"":""__myln_k_arg__bb1_2761"",""shape"":[1,1,1024],""precision"":""Half""},{""name"":""__myln_k_arg__bb1_2765"",""shape"":[1,1,3072],""precision"":""Half""},{""name"":""onnx__MatMul_7672 _ ONNXTRT_Broadcast_1140_constantHalf"",""shape"":[1,3072,1024],""precision"":""Half""}]","[{""name"":""hidden_l3"",""shape"":[1,1,1024],""precision"":""Half""}]",inputs=Half;Half;Half|outputs=Half,sm80_xmma_gemm_f16f16_f16f16_f16_nn_n_tilesize64x128x32_stage5_warpsize2x2x1_tensor16x8x16_by_fusion_tactic
102,__myl_MulMeaAddSqrDivMulDivMinMaxRouCasDivMinMaxRouCasDivMinMaxRouCas_myl0_102,kgen,[ONNX Layer: /q_proj_4/MatMul__a_quant];[ONNX Layer: /k_proj_4/MatMul__a_quant];[ONNX Layer: /v_proj_4/MatMul__a_quant];[ONNX Layer: /input_layernorm_4/Mul];[ONNX Layer: /input_layernorm_4/Sqrt];[ONNX Layer: /input_layernorm_4/Div];[ONNX Layer: /input_layernorm_4/Add];[ONNX Layer: /input_layernorm_4/ReduceMean];[ONNX Layer: /input_layernorm_4/Pow],"[{""name"":""hidden_l3"",""shape"":[1,1,1024],""precision"":""Half""},{""name"":""hidden_l3"",""shape"":[1,1,1024],""precision"":""Half""},{""name"":""hidden_l3"",""shape"":[1,1,1024],""precision"":""Half""},{""name"":""__mye608959_dconst"",""shape"":[1,1,1024],""precision"":""Half""},{""name"":""__mye608986_dconst"",""shape"":[1,1,1024],""precision"":""Half""},{""name"":""__mye609013_dconst"",""shape"":[1,1,1024],""precision"":""Half""}]","[{""name"":""__myln_k_arg__bb1_2769"",""shape"":[1,1,1024],""precision"":""Int8""},{""name"":""__myln_k_arg__bb1_2768"",""shape"":[1,1,1024],""precision"":""Int8""},{""name"":""__myln_k_arg__bb1_2767"",""shape"":[1,1,1024],""precision"":""Int8""}]",inputs=Half;Half;Half;Half;Half;Half|outputs=Int8;Int8;Int8,__myl_MulMeaAddSqrDivMulDivMinMaxRouCasDivMinMaxRouCasDivMinMaxRouCas_0x9f2c300bb597625319cadec4728f9bc5
103,__mye676908_myl0_103,signal,,[],[],inputs=NONE|outputs=NONE,UNKNOWN
104,__mye676910_myl0_104,wait,,[],[],inputs=NONE|outputs=NONE,UNKNOWN
105,__myl_FcCas_myl0_105,fusion,[ONNX Layer: /v_proj_4/MatMul];[ONNX Layer: /v_proj_4/MatMul__a_dequant];[ONNX Layer: /v_proj_4/MatMul__a_quant];[ONNX Layer: /v_proj_4/MatMul__w_dequant],"[{""name"":""__myln_k_arg__bb1_2769"",""shape"":[1,1,1024],""precision"":""Int8""},{""name"":""__mye615839dconst"",""shape"":[1,1024,1024],""precision"":""Int8""}]","[{""name"":""__myln_k_arg__bb1_2770"",""shape"":[1,1,1024],""precision"":""Half""}]",inputs=Int8;Int8|outputs=Half,sm80_xmma_gemm_i8f32_i8i32_f32_tn_n_tilesize32x64x64_stage6_warpsize2x2x1_tensor16x8x32_by_fusion_tactic
106,__myl_ResConResRep_myl0_106,kgen,[ONNX Layer: /Reshape_34];[ONNX Layer: /Transpose_22];[ONNX Layer: /Unsqueeze_106];[ONNX Layer: /Expand_9];[ONNX Layer: /Concat_55],"[{""name"":""past_v4"",""shape"":[1,8,-1,128],""precision"":""Half""},{""name"":""__myln_k_arg__bb1_2770"",""shape"":[1,1,1024],""precision"":""Half""},{""name"":""proxy___mye668760"",""shape"":[1],""precision"":""Int64""},{""name"":""proxy___mye668805"",""shape"":[1],""precision"":""Int64""},{""name"":""proxy___mye668830"",""shape"":[1],""precision"":""Int64""},{""name"":""__mye66760_proxy.1"",""shape"":[1],""precision"":""Int64""},{""name"":""proxy___mye615976"",""shape"":[1],""precision"":""Int64""},{""name"":""proxy___mye615943"",""shape"":[1],""precision"":""Int64""},{""name"":""proxy___mye615916"",""shape"":[1],""precision"":""Int64""},{""name"":""proxy___mye615883"",""shape"":[1],""precision"":""Int64""},{""name"":""proxy___mye615856"",""shape"":[1],""precision"":""Int64""},{""name"":""proxy___mye432229.1"",""shape"":[1],""precision"":""Int64""},{""name"":""proxy___mye432202.1"",""shape"":[1],""precision"":""Int64""},{""name"":""__mye66752_proxy.1"",""shape"":[1],""precision"":""Int64""},{""name"":""proxy___mye431150.1"",""shape"":[1],""precision"":""Int64""},{""name"":""proxy___mye430368.1"",""shape"":[1],""precision"":""Int64""}]","[{""name"":""present_v4"",""shape"":[1,8,-1,128],""precision"":""Half""},{""name"":""/Expand_9_output_0'.1"",""shape"":[1,8,2,-1,128],""precision"":""Half""}]",inputs=Half;Half;Int64;Int64;Int64;Int64;Int64;Int64;Int64;Int64;Int64;Int64;Int64;Int64;Int64;Int64|outputs=Half;Half,__myl_ResConResRep_0x9d40828c020eb6bb972be950c35191c1
107,__mye676918_myl0_107,signal,,[],[],inputs=NONE|outputs=NONE,UNKNOWN
108,__mye676912_myl0_108,wait,,[],[],inputs=NONE|outputs=NONE,UNKNOWN
109,__myl_FcCas_myl0_109,fusion,[ONNX Layer: /k_proj_4/MatMul];[ONNX Layer: /k_proj_4/MatMul__a_dequant];[ONNX Layer: /k_proj_4/MatMul__a_quant];[ONNX Layer: /k_proj_4/MatMul__w_dequant],"[{""name"":""__myln_k_arg__bb1_2768"",""shape"":[1,1,1024],""precision"":""Int8""},{""name"":""__mye615997dconst"",""shape"":[1,1024,1024],""precision"":""Int8""}]","[{""name"":""__myln_k_arg__bb1_2773"",""shape"":[1,1,1024],""precision"":""Half""}]",inputs=Int8;Int8|outputs=Half,sm80_xmma_gemm_i8f32_i8i32_f32_tn_n_tilesize32x64x64_stage6_warpsize2x2x1_tensor16x8x32_by_fusion_tactic
110,__myl_ResMulMea_myl0_110,kgen,[ONNX Layer: /Reshape_33];[ONNX Layer: /k_norm_4/Pow];[ONNX Layer: /k_norm_4/ReduceMean],"[{""name"":""__myln_k_arg__bb1_2773"",""shape"":[1,1,1024],""precision"":""Half""}]","[{""name"":""__myln_k_arg__bb1_2775"",""shape"":[1,1,8,1],""precision"":""Half""},{""name"":""__myln_k_arg__bb1_2774"",""shape"":[1,1,8,128],""precision"":""Half""}]",inputs=Half|outputs=Half;Half,__myl_ResMulMea_0x3c91498c3beee36a5653966af1581a8a
111,__myl_AddSqrDivMulMulResSliSliNegConMulMulAddConResRepResTra_myl0_111,kgen,[ONNX Layer: /k_norm_4/Add];[ONNX Layer: /k_norm_4/Sqrt];[ONNX Layer: /k_norm_4/Mul];[ONNX Layer: /k_norm_4/Mul_1];[ONNX Layer: /Transpose_21];[ONNX Layer: /Slice_18];[ONNX Layer: /Slice_19];[ONNX Layer: /Concat_53];[ONNX Layer: /Mul_40];[ONNX Layer: /Add_17];[ONNX Layer: /Mul_39];[ONNX Layer: /Unsqueeze_101];[ONNX Layer: /Reshape_36];[ONNX Layer: /Transpose_23];[ONNX Layer: /Expand_8];[ONNX Layer: /Concat_54];[ONNX Layer: /Neg_9];[ONNX Layer: /k_norm_4/Div],"[{""name"":""past_k4"",""shape"":[1,8,-1,128],""precision"":""Half""},{""name"":""__myln_k_arg__bb1_2685"",""shape"":[1,1,1,128],""precision"":""Half""},{""name"":""__myln_k_arg__bb1_2684"",""shape"":[1,1,1,128],""precision"":""Half""},{""name"":""stack_layers_4_self_attn_k_norm_weight _ ONNXTRT_Broadcast_1183_constantHalf"",""shape"":[1,1,1,128],""precision"":""Half""},{""name"":""__myln_k_arg__bb1_2774"",""shape"":[1,1,8,128],""precision"":""Half""},{""name"":""__myln_k_arg__bb1_2775"",""shape"":[1,1,8,1],""precision"":""Half""},{""name"":""proxy___mye668912"",""shape"":[1],""precision"":""Int64""},{""name"":""proxy___mye668951"",""shape"":[1],""precision"":""Int64""},{""name"":""proxy___mye668976"",""shape"":[1],""precision"":""Int64""},{""name"":""__mye66760_proxy.1"",""shape"":[1],""precision"":""Int64""},{""name"":""proxy___mye616259"",""shape"":[1],""precision"":""Int64""},{""name"":""proxy___mye616232"",""shape"":[1],""precision"":""Int64""},{""name"":""proxy___mye616199"",""shape"":[1],""precision"":""Int64""},{""name"":""proxy___mye616172"",""shape"":[1],""precision"":""Int64""},{""name"":""proxy___mye616139"",""shape"":[1],""precision"":""Int64""},{""name"":""proxy___mye616106"",""shape"":[1],""precision"":""Int64""},{""name"":""proxy___mye616079"",""shape"":[1],""precision"":""Int64""},{""name"":""proxy___mye616046"",""shape"":[1],""precision"":""Int64""},{""name"":""proxy___mye616019"",""shape"":[1],""precision"":""Int64""},{""name"":""proxy___mye432289.1"",""shape"":[1],""precision"":""Int64""},{""name"":""proxy___mye432262.1"",""shape"":[1],""precision"":""Int64""},{""name"":""__mye66752_proxy.1"",""shape"":[1],""precision"":""Int64""},{""name"":""proxy___mye430478.1"",""shape"":[1],""precision"":""Int64""},{""name"":""proxy___mye430368.1"",""shape"":[1],""precision"":""Int64""}]","[{""name"":""present_k4"",""shape"":[1,8,-1,128],""precision"":""Half""},{""name"":""shuffle_output_/Reshape_36 _ /Transpose_23_first_transpose_output.1"",""shape"":[1,16,128,-1],""precision"":""Half""}]",inputs=Half;Half;Half;Half;Half;Half;Int64;Int64;Int64;Int64;Int64;Int64;Int64;Int64;Int64;Int64;Int64;Int64;Int64;Int64;Int64;Int64;Int64;Int64|outputs=Half;Half,__myl_AddSqrDivMulMulResSliSliNegConMulMulAddConResRepResTra_0x5aea462b6a819ceadd3ebb32874c078f
112,__mye676914_myl0_112,signal,,[],[],inputs=NONE|outputs=NONE,UNKNOWN
113,__myl_FcCas_myl0_113,fusion,[ONNX Layer: /q_proj_4/MatMul];[ONNX Layer: /q_proj_4/MatMul__a_dequant];[ONNX Layer: /q_proj_4/MatMul__a_quant];[ONNX Layer: /q_proj_4/MatMul__w_dequant],"[{""name"":""__myln_k_arg__bb1_2767"",""shape"":[1,1,1024],""precision"":""Int8""},{""name"":""__mye616002dconst"",""shape"":[1,1024,2048],""precision"":""Int8""}]","[{""name"":""__myln_k_arg__bb1_2778"",""shape"":[1,1,2048],""precision"":""Half""}]",inputs=Int8;Int8|outputs=Half,sm80_xmma_gemm_i8f32_i8i32_f32_tn_n_tilesize32x64x64_stage6_warpsize2x2x1_tensor16x8x32_by_fusion_tactic
114,__myl_ResMulMea_myl0_114,kgen,[ONNX Layer: /Reshape_32];[ONNX Layer: /q_norm_4/Pow];[ONNX Layer: /q_norm_4/ReduceMean],"[{""name"":""__myln_k_arg__bb1_2778"",""shape"":[1,1,2048],""precision"":""Half""}]","[{""name"":""__myln_k_arg__bb1_2780"",""shape"":[1,1,16,1],""precision"":""Half""},{""name"":""__myln_k_arg__bb1_2779"",""shape"":[1,1,16,128],""precision"":""Half""}]",inputs=Half|outputs=Half;Half,__myl_ResMulMea_0xf2413012cd9ac6341b95d78f3432c656
115,__myl_AddSqrDivMulMulResSliSliNegConMulMulAdd_myl0_115,kgen,[ONNX Layer: /q_norm_4/Add];[ONNX Layer: /q_norm_4/Sqrt];[ONNX Layer: /q_norm_4/Mul];[ONNX Layer: /q_norm_4/Mul_1];[ONNX Layer: /Transpose_20];[ONNX Layer: /Slice_16];[ONNX Layer: /Slice_17];[ONNX Layer: /Concat_52];[ONNX Layer: /Mul_38];[ONNX Layer: /Add_16];[ONNX Layer: /Mul_37];[ONNX Layer: /Neg_8];[ONNX Layer: /q_norm_4/Div],"[{""name"":""__myln_k_arg__bb1_2685"",""shape"":[1,1,1,128],""precision"":""Half""},{""name"":""__myln_k_arg__bb1_2684"",""shape"":[1,1,1,128],""precision"":""Half""},{""name"":""stack_layers_4_self_attn_q_norm_weight _ ONNXTRT_Broadcast_1165_constantHalf"",""shape"":[1,1,1,128],""precision"":""Half""},{""name"":""__myln_k_arg__bb1_2779"",""shape"":[1,1,16,128],""precision"":""Half""},{""name"":""__myln_k_arg__bb1_2780"",""shape"":[1,1,16,1],""precision"":""Half""}]","[{""name"":""/Add_16_output_0'.1"",""shape"":[1,16,1,128],""precision"":""Half""}]",inputs=Half;Half;Half;Half;Half|outputs=Half,__myl_AddSqrDivMulMulResSliSliNegConMulMulAdd_0xf1ba08cc3beaba8ee91b0504be9c2cf4
116,__mye676916_myl0_116,wait,,[],[],inputs=NONE|outputs=NONE,UNKNOWN
117,/MatMul_8_myl0_117,gemm,[ONNX Layer: /MatMul_8],"[{""name"":""/Add_16_output_0'.1"",""shape"":[16,1,128],""precision"":""Half""},{""name"":""shuffle_output_/Reshape_36 _ /Transpose_23_first_transpose_output.1"",""shape"":[16,128,-1],""precision"":""Half""},{""name"":""__mye568186/MatMul_8_alpha"",""shape"":[1],""precision"":""Float""},{""name"":""__mye568187/MatMul_8_beta"",""shape"":[1],""precision"":""Float""}]","[{""name"":""__mye568183"",""shape"":[16,1,-1],""precision"":""Half""}]",inputs=Half;Half;Float;Float|outputs=Half,sm80_xmma_gemm_f16f16_f16f32_f32_nn_n_tilesize32x32x64_stage6_warpsize2x2x1_tensor16x8x16_aligna2_alignc2
118,__myl_MulMaxSubExpSumDivMul_myl0_118,kgen,[ONNX Layer: /Mul_43];[ONNX Layer: /Softmax_4],"[{""name"":""__mye568183"",""shape"":[1,16,1,-1],""precision"":""Half""},{""name"":""__mye66760_proxy.1"",""shape"":[1],""precision"":""Int64""},{""name"":""proxy___mye312316.1"",""shape"":[1],""precision"":""Int64""}]","[{""name"":""/Softmax_4_output'.1"",""shape"":[1,16,1,-1],""precision"":""Half""}]",inputs=Half;Int64;Int64|outputs=Half,__myl_MulMaxSubExpSumDivMul_0x1108f5a078d6e65507c06537b9b2e43f
119,__mye676920_myl0_119,wait,,[],[],inputs=NONE|outputs=NONE,UNKNOWN
120,/MatMul_9_myl0_120,gemm,[ONNX Layer: /MatMul_9],"[{""name"":""/Softmax_4_output'.1"",""shape"":[16,1,-1],""precision"":""Half""},{""name"":""/Expand_9_output_0'.1"",""shape"":[16,-1,128],""precision"":""Half""},{""name"":""__mye568207/MatMul_9_alpha"",""shape"":[1],""precision"":""Float""},{""name"":""__mye568208/MatMul_9_beta"",""shape"":[1],""precision"":""Float""}]","[{""name"":""__myln_k_arg__bb1_2784"",""shape"":[16,1,128],""precision"":""Half""}]",inputs=Half;Half;Float;Float|outputs=Half,sm80_xmma_gemm_f16f16_f16f32_f32_nn_n_tilesize64x128x32_stage5_warpsize2x2x1_tensor16x8x16_aligna2_alignc2
121,__myl_MulMinMaxRouCas_myl0_121,kgen,[ONNX Layer: /o_proj_4/MatMul__a_quant],"[{""name"":""__myln_k_arg__bb1_2784"",""shape"":[16,1,128],""precision"":""Half""}]","[{""name"":""__mye574532_q8"",""shape"":[16,1,128],""precision"":""Int8""}]",inputs=Half|outputs=Int8,__myl_MulMinMaxRouCas_0x8dd8f4f93c6a1e7d8a5025e20f21222e
122,__myl_FcCasAdd_myl0_122,fusion,[ONNX Layer: /o_proj_4/MatMul];[ONNX Layer: /o_proj_4/MatMul__a_dequant];[ONNX Layer: /o_proj_4/MatMul__a_quant];[ONNX Layer: /o_proj_4/MatMul__w_dequant];[ONNX Layer: /Add_18],"[{""name"":""hidden_l3"",""shape"":[1,1,1024],""precision"":""Half""},{""name"":""__mye574532_q8"",""shape"":[1,1,2048],""precision"":""Int8""},{""name"":""__mye616354dconst"",""shape"":[1,2048,1024],""precision"":""Int8""}]","[{""name"":""__myln_k_arg__bb1_2786"",""shape"":[1,1,1024],""precision"":""Half""}]",inputs=Half;Int8;Int8|outputs=Half,sm80_xmma_gemm_i8f32_i8i32_f32_tn_n_tilesize32x64x64_stage6_warpsize2x2x1_tensor16x8x32_by_fusion_tactic
123,__myl_MulMeaAddSqrDivMulMulMulMinMaxRouCas_myl0_123,kgen,[ONNX Layer: /post_attention_layernorm_4/Pow];[ONNX Layer: /post_attention_layernorm_4/ReduceMean];[ONNX Layer: /post_attention_layernorm_4/Add];[ONNX Layer: /post_attention_layernorm_4/Div];[ONNX Layer: /post_attention_layernorm_4/Sqrt];[ONNX Layer: /post_attention_layernorm_4/Mul];[ONNX Layer: /post_attention_layernorm_4/Mul_1];[ONNX Layer: /gate_proj_4/MatMul__a_quant],"[{""name"":""stack_layers_4_post_attention_layernorm_weight _ ONNXTRT_Broadcast_1414_constantHalf"",""shape"":[1,1,1024],""precision"":""Half""},{""name"":""__myln_k_arg__bb1_2786"",""shape"":[1,1,1024],""precision"":""Half""},{""name"":""__myln_k_arg__bb1_2786"",""shape"":[1,1,1024],""precision"":""Half""},{""name"":""__myln_k_arg__bb1_2786"",""shape"":[1,1,1024],""precision"":""Half""}]","[{""name"":""__myln_k_arg__bb1_2788"",""shape"":[1,1,1024],""precision"":""Int8""},{""name"":""__myln_k_arg__bb1_2787"",""shape"":[1,1,1024],""precision"":""Half""}]",inputs=Half;Half;Half;Half|outputs=Int8;Half,__myl_MulMeaAddSqrDivMulMulMulMinMaxRouCas_0xa203a21bb9a2ead322f314c5ed6c45fd
124,/up_proj_4/MatMul_myl0_124,gemm,[ONNX Layer: /up_proj_4/MatMul],"[{""name"":""__myln_k_arg__bb1_2787"",""shape"":[1,1,1024],""precision"":""Half""},{""name"":""__mye616359dconst"",""shape"":[1,1024,3072],""precision"":""Half""},{""name"":""__mye568231/up_proj_4/MatMul_alpha"",""shape"":[1],""precision"":""Float""},{""name"":""__mye568232/up_proj_4/MatMul_beta"",""shape"":[1],""precision"":""Float""}]","[{""name"":""__myln_k_arg__bb1_2789"",""shape"":[1,1,3072],""precision"":""Half""}]",inputs=Half;Half;Float;Float|outputs=Half,sm80_xmma_gemm_f16f16_f16f16_f16_tn_n_tilesize32x32x64_stage6_warpsize2x2x1_tensor16x8x16
125,__myl_FcCasNegExpAddDivMulMul_myl0_125,fusion,[ONNX Layer: /gate_proj_4/MatMul];[ONNX Layer: /gate_proj_4/MatMul__a_dequant];[ONNX Layer: /gate_proj_4/MatMul__a_quant];[ONNX Layer: /gate_proj_4/MatMul__w_dequant];[ONNX Layer: /Mul_44];[ONNX Layer: /Mul_45];[ONNX Layer: /Sigmoid_4],"[{""name"":""__myln_k_arg__bb1_2789"",""shape"":[1,1,3072],""precision"":""Half""},{""name"":""__myln_k_arg__bb1_2788"",""shape"":[1,1,1024],""precision"":""Int8""},{""name"":""__mye616364dconst"",""shape"":[1,1024,3072],""precision"":""Int8""}]","[{""name"":""__myln_k_arg__bb1_2790"",""shape"":[1,1,3072],""precision"":""Half""}]",inputs=Half;Int8;Int8|outputs=Half,sm80_xmma_gemm_i8i8_i8i32_f32_tn_n_tilesize32x64x64_stage6_warpsize2x2x1_tensor16x8x32_by_fusion_tactic
126,__myl_FcAdd_myl0_126,fusion,[ONNX Layer: /down_proj_4/MatMul];[ONNX Layer: /Add_19],"[{""name"":""__myln_k_arg__bb1_2786"",""shape"":[1,1,1024],""precision"":""Half""},{""name"":""__myln_k_arg__bb1_2790"",""shape"":[1,1,3072],""precision"":""Half""},{""name"":""onnx__MatMul_7708 _ ONNXTRT_Broadcast_1423_constantHalf"",""shape"":[1,3072,1024],""precision"":""Half""}]","[{""name"":""hidden_l4"",""shape"":[1,1,1024],""precision"":""Half""}]",inputs=Half;Half;Half|outputs=Half,sm80_xmma_gemm_f16f16_f16f16_f16_nn_n_tilesize64x128x32_stage5_warpsize2x2x1_tensor16x8x16_by_fusion_tactic
127,__myl_MulMeaAddSqrDivMulDivMinMaxRouCasDivMinMaxRouCasDivMinMaxRouCas_myl0_127,kgen,[ONNX Layer: /q_proj_5/MatMul__a_quant];[ONNX Layer: /k_proj_5/MatMul__a_quant];[ONNX Layer: /v_proj_5/MatMul__a_quant];[ONNX Layer: /input_layernorm_5/Mul];[ONNX Layer: /input_layernorm_5/Sqrt];[ONNX Layer: /input_layernorm_5/Div];[ONNX Layer: /input_layernorm_5/Add];[ONNX Layer: /input_layernorm_5/ReduceMean];[ONNX Layer: /input_layernorm_5/Pow],"[{""name"":""hidden_l4"",""shape"":[1,1,1024],""precision"":""Half""},{""name"":""hidden_l4"",""shape"":[1,1,1024],""precision"":""Half""},{""name"":""hidden_l4"",""shape"":[1,1,1024],""precision"":""Half""},{""name"":""__mye609084_dconst"",""shape"":[1,1,1024],""precision"":""Half""},{""name"":""__mye609111_dconst"",""shape"":[1,1,1024],""precision"":""Half""},{""name"":""__mye609138_dconst"",""shape"":[1,1,1024],""precision"":""Half""}]","[{""name"":""__myln_k_arg__bb1_2794"",""shape"":[1,1,1024],""precision"":""Int8""},{""name"":""__myln_k_arg__bb1_2793"",""shape"":[1,1,1024],""precision"":""Int8""},{""name"":""__myln_k_arg__bb1_2792"",""shape"":[1,1,1024],""precision"":""Int8""}]",inputs=Half;Half;Half;Half;Half;Half|outputs=Int8;Int8;Int8,__myl_MulMeaAddSqrDivMulDivMinMaxRouCasDivMinMaxRouCasDivMinMaxRouCas_0x9f2c300bb597625319cadec4728f9bc5
128,__mye676922_myl0_128,signal,,[],[],inputs=NONE|outputs=NONE,UNKNOWN
129,__mye676924_myl0_129,wait,,[],[],inputs=NONE|outputs=NONE,UNKNOWN
130,__myl_FcCas_myl0_130,fusion,[ONNX Layer: /v_proj_5/MatMul];[ONNX Layer: /v_proj_5/MatMul__a_dequant];[ONNX Layer: /v_proj_5/MatMul__a_quant];[ONNX Layer: /v_proj_5/MatMul__w_dequant],"[{""name"":""__myln_k_arg__bb1_2794"",""shape"":[1,1,1024],""precision"":""Int8""},{""name"":""__mye616369dconst"",""shape"":[1,1024,1024],""precision"":""Int8""}]","[{""name"":""__myln_k_arg__bb1_2795"",""shape"":[1,1,1024],""precision"":""Half""}]",inputs=Int8;Int8|outputs=Half,sm80_xmma_gemm_i8f32_i8i32_f32_tn_n_tilesize32x64x64_stage6_warpsize2x2x1_tensor16x8x32_by_fusion_tactic
131,__myl_ResConResRep_myl0_131,kgen,[ONNX Layer: /Reshape_42];[ONNX Layer: /Transpose_27];[ONNX Layer: /Unsqueeze_128];[ONNX Layer: /Expand_11];[ONNX Layer: /Concat_67],"[{""name"":""past_v5"",""shape"":[1,8,-1,128],""precision"":""Half""},{""name"":""__myln_k_arg__bb1_2795"",""shape"":[1,1,1024],""precision"":""Half""},{""name"":""proxy___mye669098"",""shape"":[1],""precision"":""Int64""},{""name"":""proxy___mye669143"",""shape"":[1],""precision"":""Int64""},{""name"":""proxy___mye669168"",""shape"":[1],""precision"":""Int64""},{""name"":""__mye66760_proxy.1"",""shape"":[1],""precision"":""Int64""},{""name"":""proxy___mye616506"",""shape"":[1],""precision"":""Int64""},{""name"":""proxy___mye616473"",""shape"":[1],""precision"":""Int64""},{""name"":""proxy___mye616446"",""shape"":[1],""precision"":""Int64""},{""name"":""proxy___mye616413"",""shape"":[1],""precision"":""Int64""},{""name"":""proxy___mye616386"",""shape"":[1],""precision"":""Int64""},{""name"":""proxy___mye432349.1"",""shape"":[1],""precision"":""Int64""},{""name"":""proxy___mye432322.1"",""shape"":[1],""precision"":""Int64""},{""name"":""__mye66752_proxy.1"",""shape"":[1],""precision"":""Int64""},{""name"":""proxy___mye431174.1"",""shape"":[1],""precision"":""Int64""},{""name"":""proxy___mye430368.1"",""shape"":[1],""precision"":""Int64""}]","[{""name"":""present_v5"",""shape"":[1,8,-1,128],""precision"":""Half""},{""name"":""/Expand_11_output_0'.1"",""shape"":[1,8,2,-1,128],""precision"":""Half""}]",inputs=Half;Half;Int64;Int64;Int64;Int64;Int64;Int64;Int64;Int64;Int64;Int64;Int64;Int64;Int64;Int64|outputs=Half;Half,__myl_ResConResRep_0x9d40828c020eb6bb972be950c35191c1
132,__mye676932_myl0_132,signal,,[],[],inputs=NONE|outputs=NONE,UNKNOWN
133,__mye676926_myl0_133,wait,,[],[],inputs=NONE|outputs=NONE,UNKNOWN
134,__myl_FcCas_myl0_134,fusion,[ONNX Layer: /k_proj_5/MatMul];[ONNX Layer: /k_proj_5/MatMul__a_dequant];[ONNX Layer: /k_proj_5/MatMul__a_quant];[ONNX Layer: /k_proj_5/MatMul__w_dequant],"[{""name"":""__myln_k_arg__bb1_2793"",""shape"":[1,1,1024],""precision"":""Int8""},{""name"":""__mye616527dconst"",""shape"":[1,1024,1024],""precision"":""Int8""}]","[{""name"":""__myln_k_arg__bb1_2798"",""shape"":[1,1,1024],""precision"":""Half""}]",inputs=Int8;Int8|outputs=Half,sm80_xmma_gemm_i8f32_i8i32_f32_tn_n_tilesize32x64x64_stage6_warpsize2x2x1_tensor16x8x32_by_fusion_tactic
135,__myl_ResMulMea_myl0_135,kgen,[ONNX Layer: /Reshape_41];[ONNX Layer: /k_norm_5/Pow];[ONNX Layer: /k_norm_5/ReduceMean],"[{""name"":""__myln_k_arg__bb1_2798"",""shape"":[1,1,1024],""precision"":""Half""}]","[{""name"":""__myln_k_arg__bb1_2800"",""shape"":[1,1,8,1],""precision"":""Half""},{""name"":""__myln_k_arg__bb1_2799"",""shape"":[1,1,8,128],""precision"":""Half""}]",inputs=Half|outputs=Half;Half,__myl_ResMulMea_0x3c91498c3beee36a5653966af1581a8a
136,__myl_AddSqrDivMulMulResSliSliNegConMulMulAddConResRepResTra_myl0_136,kgen,[ONNX Layer: /k_norm_5/Add];[ONNX Layer: /k_norm_5/Sqrt];[ONNX Layer: /k_norm_5/Mul];[ONNX Layer: /k_norm_5/Mul_1];[ONNX Layer: /Transpose_26];[ONNX Layer: /Slice_22];[ONNX Layer: /Slice_23];[ONNX Layer: /Concat_65];[ONNX Layer: /Mul_49];[ONNX Layer: /Add_21];[ONNX Layer: /Mul_48];[ONNX Layer: /Unsqueeze_123];[ONNX Layer: /Reshape_44];[ONNX Layer: /Transpose_28];[ONNX Layer: /Expand_10];[ONNX Layer: /Concat_66];[ONNX Layer: /Neg_11];[ONNX Layer: /k_norm_5/Div],"[{""name"":""past_k5"",""shape"":[1,8,-1,128],""precision"":""Half""},{""name"":""__myln_k_arg__bb1_2685"",""shape"":[1,1,1,128],""precision"":""Half""},{""name"":""__myln_k_arg__bb1_2684"",""shape"":[1,1,1,128],""precision"":""Half""},{""name"":""stack_layers_5_self_attn_k_norm_weight _ ONNXTRT_Broadcast_1466_constantHalf"",""shape"":[1,1,1,128],""precision"":""Half""},{""name"":""__myln_k_arg__bb1_2799"",""shape"":[1,1,8,128],""precision"":""Half""},{""name"":""__myln_k_arg__bb1_2800"",""shape"":[1,1,8,1],""precision"":""Half""},{""name"":""proxy___mye669250"",""shape"":[1],""precision"":""Int64""},{""name"":""proxy___mye669289"",""shape"":[1],""precision"":""Int64""},{""name"":""proxy___mye669314"",""shape"":[1],""precision"":""Int64""},{""name"":""__mye66760_proxy.1"",""shape"":[1],""precision"":""Int64""},{""name"":""proxy___mye616789"",""shape"":[1],""precision"":""Int64""},{""name"":""proxy___mye616762"",""shape"":[1],""precision"":""Int64""},{""name"":""proxy___mye616729"",""shape"":[1],""precision"":""Int64""},{""name"":""proxy___mye616702"",""shape"":[1],""precision"":""Int64""},{""name"":""proxy___mye616669"",""shape"":[1],""precision"":""Int64""},{""name"":""proxy___mye616636"",""shape"":[1],""precision"":""Int64""},{""name"":""proxy___mye616609"",""shape"":[1],""precision"":""Int64""},{""name"":""proxy___mye616576"",""shape"":[1],""precision"":""Int64""},{""name"":""proxy___mye616549"",""shape"":[1],""precision"":""Int64""},{""name"":""proxy___mye432409.1"",""shape"":[1],""precision"":""Int64""},{""name"":""proxy___mye432382.1"",""shape"":[1],""precision"":""Int64""},{""name"":""__mye66752_proxy.1"",""shape"":[1],""precision"":""Int64""},{""name"":""proxy___mye430502.1"",""shape"":[1],""precision"":""Int64""},{""name"":""proxy___mye430368.1"",""shape"":[1],""precision"":""Int64""}]","[{""name"":""present_k5"",""shape"":[1,8,-1,128],""precision"":""Half""},{""name"":""shuffle_output_/Reshape_44 _ /Transpose_28_first_transpose_output.1"",""shape"":[1,16,128,-1],""precision"":""Half""}]",inputs=Half;Half;Half;Half;Half;Half;Int64;Int64;Int64;Int64;Int64;Int64;Int64;Int64;Int64;Int64;Int64;Int64;Int64;Int64;Int64;Int64;Int64;Int64|outputs=Half;Half,__myl_AddSqrDivMulMulResSliSliNegConMulMulAddConResRepResTra_0x5aea462b6a819ceadd3ebb32874c078f
137,__mye676928_myl0_137,signal,,[],[],inputs=NONE|outputs=NONE,UNKNOWN
138,__myl_FcCas_myl0_138,fusion,[ONNX Layer: /q_proj_5/MatMul];[ONNX Layer: /q_proj_5/MatMul__a_dequant];[ONNX Layer: /q_proj_5/MatMul__a_quant];[ONNX Layer: /q_proj_5/MatMul__w_dequant],"[{""name"":""__myln_k_arg__bb1_2792"",""shape"":[1,1,1024],""precision"":""Int8""},{""name"":""__mye616532dconst"",""shape"":[1,1024,2048],""precision"":""Int8""}]","[{""name"":""__myln_k_arg__bb1_2803"",""shape"":[1,1,2048],""precision"":""Half""}]",inputs=Int8;Int8|outputs=Half,sm80_xmma_gemm_i8f32_i8i32_f32_tn_n_tilesize32x64x64_stage6_warpsize2x2x1_tensor16x8x32_by_fusion_tactic
139,__myl_ResMulMea_myl0_139,kgen,[ONNX Layer: /Reshape_40];[ONNX Layer: /q_norm_5/Pow];[ONNX Layer: /q_norm_5/ReduceMean],"[{""name"":""__myln_k_arg__bb1_2803"",""shape"":[1,1,2048],""precision"":""Half""}]","[{""name"":""__myln_k_arg__bb1_2805"",""shape"":[1,1,16,1],""precision"":""Half""},{""name"":""__myln_k_arg__bb1_2804"",""shape"":[1,1,16,128],""precision"":""Half""}]",inputs=Half|outputs=Half;Half,__myl_ResMulMea_0xf2413012cd9ac6341b95d78f3432c656
140,__myl_AddSqrDivMulMulResSliSliNegConMulMulAdd_myl0_140,kgen,[ONNX Layer: /q_norm_5/Add];[ONNX Layer: /q_norm_5/Sqrt];[ONNX Layer: /q_norm_5/Mul];[ONNX Layer: /q_norm_5/Mul_1];[ONNX Layer: /Transpose_25];[ONNX Layer: /Slice_20];[ONNX Layer: /Slice_21];[ONNX Layer: /Concat_64];[ONNX Layer: /Mul_47];[ONNX Layer: /Add_20];[ONNX Layer: /Mul_46];[ONNX Layer: /Neg_10];[ONNX Layer: /q_norm_5/Div],"[{""name"":""__myln_k_arg__bb1_2685"",""shape"":[1,1,1,128],""precision"":""Half""},{""name"":""__myln_k_arg__bb1_2684"",""shape"":[1,1,1,128],""precision"":""Half""},{""name"":""stack_layers_5_self_attn_q_norm_weight _ ONNXTRT_Broadcast_1448_constantHalf"",""shape"":[1,1,1,128],""precision"":""Half""},{""name"":""__myln_k_arg__bb1_2804"",""shape"":[1,1,16,128],""precision"":""Half""},{""name"":""__myln_k_arg__bb1_2805"",""shape"":[1,1,16,1],""precision"":""Half""}]","[{""name"":""/Add_20_output_0'.1"",""shape"":[1,16,1,128],""precision"":""Half""}]",inputs=Half;Half;Half;Half;Half|outputs=Half,__myl_AddSqrDivMulMulResSliSliNegConMulMulAdd_0xf1ba08cc3beaba8ee91b0504be9c2cf4
141,__mye676930_myl0_141,wait,,[],[],inputs=NONE|outputs=NONE,UNKNOWN
142,/MatMul_10_myl0_142,gemm,[ONNX Layer: /MatMul_10],"[{""name"":""/Add_20_output_0'.1"",""shape"":[16,1,128],""precision"":""Half""},{""name"":""shuffle_output_/Reshape_44 _ /Transpose_28_first_transpose_output.1"",""shape"":[16,128,-1],""precision"":""Half""},{""name"":""__mye568305/MatMul_10_alpha"",""shape"":[1],""precision"":""Float""},{""name"":""__mye568306/MatMul_10_beta"",""shape"":[1],""precision"":""Float""}]","[{""name"":""__mye568302"",""shape"":[16,1,-1],""precision"":""Half""}]",inputs=Half;Half;Float;Float|outputs=Half,sm80_xmma_gemm_f16f16_f16f32_f32_nn_n_tilesize32x32x64_stage6_warpsize2x2x1_tensor16x8x16_aligna2_alignc2
143,__myl_MulMaxSubExpSumDivMul_myl0_143,kgen,[ONNX Layer: /Mul_52];[ONNX Layer: /Softmax_5],"[{""name"":""__mye568302"",""shape"":[1,16,1,-1],""precision"":""Half""},{""name"":""__mye66760_proxy.1"",""shape"":[1],""precision"":""Int64""},{""name"":""proxy___mye312316.1"",""shape"":[1],""precision"":""Int64""}]","[{""name"":""/Softmax_5_output'.1"",""shape"":[1,16,1,-1],""precision"":""Half""}]",inputs=Half;Int64;Int64|outputs=Half,__myl_MulMaxSubExpSumDivMul_0x1108f5a078d6e65507c06537b9b2e43f
144,__mye676934_myl0_144,wait,,[],[],inputs=NONE|outputs=NONE,UNKNOWN
145,/MatMul_11_myl0_145,gemm,[ONNX Layer: /MatMul_11],"[{""name"":""/Softmax_5_output'.1"",""shape"":[16,1,-1],""precision"":""Half""},{""name"":""/Expand_11_output_0'.1"",""shape"":[16,-1,128],""precision"":""Half""},{""name"":""__mye568326/MatMul_11_alpha"",""shape"":[1],""precision"":""Float""},{""name"":""__mye568327/MatMul_11_beta"",""shape"":[1],""precision"":""Float""}]","[{""name"":""__myln_k_arg__bb1_2809"",""shape"":[16,1,128],""precision"":""Half""}]",inputs=Half;Half;Float;Float|outputs=Half,sm80_xmma_gemm_f16f16_f16f32_f32_nn_n_tilesize64x128x32_stage5_warpsize2x2x1_tensor16x8x16_aligna2_alignc2
146,__myl_MulMinMaxRouCas_myl0_146,kgen,[ONNX Layer: /o_proj_5/MatMul__a_quant],"[{""name"":""__myln_k_arg__bb1_2809"",""shape"":[16,1,128],""precision"":""Half""}]","[{""name"":""__mye574538_q8"",""shape"":[16,1,128],""precision"":""Int8""}]",inputs=Half|outputs=Int8,__myl_MulMinMaxRouCas_0x774908550917e749f75db6185bcae83f
147,__myl_FcCasAdd_myl0_147,fusion,[ONNX Layer: /o_proj_5/MatMul];[ONNX Layer: /o_proj_5/MatMul__a_dequant];[ONNX Layer: /o_proj_5/MatMul__a_quant];[ONNX Layer: /o_proj_5/MatMul__w_dequant];[ONNX Layer: /Add_22],"[{""name"":""hidden_l4"",""shape"":[1,1,1024],""precision"":""Half""},{""name"":""__mye574538_q8"",""shape"":[1,1,2048],""precision"":""Int8""},{""name"":""__mye616884dconst"",""shape"":[1,2048,1024],""precision"":""Int8""}]","[{""name"":""__myln_k_arg__bb1_2811"",""shape"":[1,1,1024],""precision"":""Half""}]",inputs=Half;Int8;Int8|outputs=Half,sm80_xmma_gemm_i8f32_i8i32_f32_tn_n_tilesize32x64x64_stage6_warpsize2x2x1_tensor16x8x32_by_fusion_tactic
148,__myl_MulMeaAddSqrDivMulMulMulMinMaxRouCas_myl0_148,kgen,[ONNX Layer: /post_attention_layernorm_5/Pow];[ONNX Layer: /post_attention_layernorm_5/ReduceMean];[ONNX Layer: /post_attention_layernorm_5/Add];[ONNX Layer: /post_attention_layernorm_5/Div];[ONNX Layer: /post_attention_layernorm_5/Sqrt];[ONNX Layer: /post_attention_layernorm_5/Mul];[ONNX Layer: /post_attention_layernorm_5/Mul_1];[ONNX Layer: /gate_proj_5/MatMul__a_quant],"[{""name"":""stack_layers_5_post_attention_layernorm_weight _ ONNXTRT_Broadcast_1697_constantHalf"",""shape"":[1,1,1024],""precision"":""Half""},{""name"":""__myln_k_arg__bb1_2811"",""shape"":[1,1,1024],""precision"":""Half""},{""name"":""__myln_k_arg__bb1_2811"",""shape"":[1,1,1024],""precision"":""Half""},{""name"":""__myln_k_arg__bb1_2811"",""shape"":[1,1,1024],""precision"":""Half""}]","[{""name"":""__myln_k_arg__bb1_2813"",""shape"":[1,1,1024],""precision"":""Int8""},{""name"":""__myln_k_arg__bb1_2812"",""shape"":[1,1,1024],""precision"":""Half""}]",inputs=Half;Half;Half;Half|outputs=Int8;Half,__myl_MulMeaAddSqrDivMulMulMulMinMaxRouCas_0xb2a73dcdcb246645ed7bcf4e6ce7b3cc
149,/up_proj_5/MatMul_myl0_149,gemm,[ONNX Layer: /up_proj_5/MatMul],"[{""name"":""__myln_k_arg__bb1_2812"",""shape"":[1,1,1024],""precision"":""Half""},{""name"":""__mye616889dconst"",""shape"":[1,1024,3072],""precision"":""Half""},{""name"":""__mye568350/up_proj_5/MatMul_alpha"",""shape"":[1],""precision"":""Float""},{""name"":""__mye568351/up_proj_5/MatMul_beta"",""shape"":[1],""precision"":""Float""}]","[{""name"":""__myln_k_arg__bb1_2814"",""shape"":[1,1,3072],""precision"":""Half""}]",inputs=Half;Half;Float;Float|outputs=Half,sm80_xmma_gemm_f16f16_f16f16_f16_tn_n_tilesize32x32x64_stage6_warpsize2x2x1_tensor16x8x16
150,__myl_FcCasNegExpAddDivMulMul_myl0_150,fusion,[ONNX Layer: /gate_proj_5/MatMul];[ONNX Layer: /gate_proj_5/MatMul__a_dequant];[ONNX Layer: /gate_proj_5/MatMul__a_quant];[ONNX Layer: /gate_proj_5/MatMul__w_dequant];[ONNX Layer: /Mul_53];[ONNX Layer: /Mul_54];[ONNX Layer: /Sigmoid_5],"[{""name"":""__myln_k_arg__bb1_2814"",""shape"":[1,1,3072],""precision"":""Half""},{""name"":""__myln_k_arg__bb1_2813"",""shape"":[1,1,1024],""precision"":""Int8""},{""name"":""__mye616894dconst"",""shape"":[1,1024,3072],""precision"":""Int8""}]","[{""name"":""__myln_k_arg__bb1_2815"",""shape"":[1,1,3072],""precision"":""Half""}]",inputs=Half;Int8;Int8|outputs=Half,sm80_xmma_gemm_i8i8_i8i32_f32_tn_n_tilesize32x64x64_stage6_warpsize2x2x1_tensor16x8x32_by_fusion_tactic
151,__myl_FcAdd_myl0_151,fusion,[ONNX Layer: /down_proj_5/MatMul];[ONNX Layer: /Add_23],"[{""name"":""__myln_k_arg__bb1_2811"",""shape"":[1,1,1024],""precision"":""Half""},{""name"":""__myln_k_arg__bb1_2815"",""shape"":[1,1,3072],""precision"":""Half""},{""name"":""onnx__MatMul_7744 _ ONNXTRT_Broadcast_1706_constantHalf"",""shape"":[1,3072,1024],""precision"":""Half""}]","[{""name"":""hidden_l5"",""shape"":[1,1,1024],""precision"":""Half""}]",inputs=Half;Half;Half|outputs=Half,sm80_xmma_gemm_f16f16_f16f16_f16_nn_n_tilesize64x128x32_stage5_warpsize2x2x1_tensor16x8x16_by_fusion_tactic
152,__myl_MulMeaAddSqrDivMulDivMinMaxRouCasDivMinMaxRouCasDivMinMaxRouCas_myl0_152,kgen,[ONNX Layer: /q_proj_6/MatMul__a_quant];[ONNX Layer: /k_proj_6/MatMul__a_quant];[ONNX Layer: /v_proj_6/MatMul__a_quant];[ONNX Layer: /input_layernorm_6/Mul];[ONNX Layer: /input_layernorm_6/Sqrt];[ONNX Layer: /input_layernorm_6/Div];[ONNX Layer: /input_layernorm_6/Add];[ONNX Layer: /input_layernorm_6/ReduceMean];[ONNX Layer: /input_layernorm_6/Pow],"[{""name"":""hidden_l5"",""shape"":[1,1,1024],""precision"":""Half""},{""name"":""hidden_l5"",""shape"":[1,1,1024],""precision"":""Half""},{""name"":""hidden_l5"",""shape"":[1,1,1024],""precision"":""Half""},{""name"":""__mye609209_dconst"",""shape"":[1,1,1024],""precision"":""Half""},{""name"":""__mye609236_dconst"",""shape"":[1,1,1024],""precision"":""Half""},{""name"":""__mye609263_dconst"",""shape"":[1,1,1024],""precision"":""Half""}]","[{""name"":""__myln_k_arg__bb1_2819"",""shape"":[1,1,1024],""precision"":""Int8""},{""name"":""__myln_k_arg__bb1_2818"",""shape"":[1,1,1024],""precision"":""Int8""},{""name"":""__myln_k_arg__bb1_2817"",""shape"":[1,1,1024],""precision"":""Int8""}]",inputs=Half;Half;Half;Half;Half;Half|outputs=Int8;Int8;Int8,__myl_MulMeaAddSqrDivMulDivMinMaxRouCasDivMinMaxRouCasDivMinMaxRouCas_0x9f2c300bb597625319cadec4728f9bc5
153,__mye676936_myl0_153,signal,,[],[],inputs=NONE|outputs=NONE,UNKNOWN
154,__mye676938_myl0_154,wait,,[],[],inputs=NONE|outputs=NONE,UNKNOWN
155,__myl_FcCas_myl0_155,fusion,[ONNX Layer: /v_proj_6/MatMul];[ONNX Layer: /v_proj_6/MatMul__a_dequant];[ONNX Layer: /v_proj_6/MatMul__a_quant];[ONNX Layer: /v_proj_6/MatMul__w_dequant],"[{""name"":""__myln_k_arg__bb1_2819"",""shape"":[1,1,1024],""precision"":""Int8""},{""name"":""__mye616899dconst"",""shape"":[1,1024,1024],""precision"":""Int8""}]","[{""name"":""__myln_k_arg__bb1_2820"",""shape"":[1,1,1024],""precision"":""Half""}]",inputs=Int8;Int8|outputs=Half,sm80_xmma_gemm_i8f32_i8i32_f32_tn_n_tilesize32x64x64_stage6_warpsize2x2x1_tensor16x8x32_by_fusion_tactic
156,__myl_ResConResRep_myl0_156,kgen,[ONNX Layer: /Reshape_50];[ONNX Layer: /Transpose_32];[ONNX Layer: /Unsqueeze_150];[ONNX Layer: /Expand_13];[ONNX Layer: /Concat_79],"[{""name"":""past_v6"",""shape"":[1,8,-1,128],""precision"":""Half""},{""name"":""__myln_k_arg__bb1_2820"",""shape"":[1,1,1024],""precision"":""Half""},{""name"":""proxy___mye669436"",""shape"":[1],""precision"":""Int64""},{""name"":""proxy___mye669481"",""shape"":[1],""precision"":""Int64""},{""name"":""proxy___mye669506"",""shape"":[1],""precision"":""Int64""},{""name"":""__mye66760_proxy.1"",""shape"":[1],""precision"":""Int64""},{""name"":""proxy___mye617036"",""shape"":[1],""precision"":""Int64""},{""name"":""proxy___mye617003"",""shape"":[1],""precision"":""Int64""},{""name"":""proxy___mye616976"",""shape"":[1],""precision"":""Int64""},{""name"":""proxy___mye616943"",""shape"":[1],""precision"":""Int64""},{""name"":""proxy___mye616916"",""shape"":[1],""precision"":""Int64""},{""name"":""proxy___mye432469.1"",""shape"":[1],""precision"":""Int64""},{""name"":""proxy___mye432442.1"",""shape"":[1],""precision"":""Int64""},{""name"":""__mye66752_proxy.1"",""shape"":[1],""precision"":""Int64""},{""name"":""proxy___mye431198.1"",""shape"":[1],""precision"":""Int64""},{""name"":""proxy___mye430368.1"",""shape"":[1],""precision"":""Int64""}]","[{""name"":""present_v6"",""shape"":[1,8,-1,128],""precision"":""Half""},{""name"":""/Expand_13_output_0'.1"",""shape"":[1,8,2,-1,128],""precision"":""Half""}]",inputs=Half;Half;Int64;Int64;Int64;Int64;Int64;Int64;Int64;Int64;Int64;Int64;Int64;Int64;Int64;Int64|outputs=Half;Half,__myl_ResConResRep_0x9d40828c020eb6bb972be950c35191c1
157,__mye676946_myl0_157,signal,,[],[],inputs=NONE|outputs=NONE,UNKNOWN
158,__mye676940_myl0_158,wait,,[],[],inputs=NONE|outputs=NONE,UNKNOWN
159,__myl_FcCas_myl0_159,fusion,[ONNX Layer: /k_proj_6/MatMul];[ONNX Layer: /k_proj_6/MatMul__a_dequant];[ONNX Layer: /k_proj_6/MatMul__a_quant];[ONNX Layer: /k_proj_6/MatMul__w_dequant],"[{""name"":""__myln_k_arg__bb1_2818"",""shape"":[1,1,1024],""precision"":""Int8""},{""name"":""__mye617057dconst"",""shape"":[1,1024,1024],""precision"":""Int8""}]","[{""name"":""__myln_k_arg__bb1_2823"",""shape"":[1,1,1024],""precision"":""Half""}]",inputs=Int8;Int8|outputs=Half,sm80_xmma_gemm_i8f32_i8i32_f32_tn_n_tilesize32x64x64_stage6_warpsize2x2x1_tensor16x8x32_by_fusion_tactic
160,__myl_ResMulMea_myl0_160,kgen,[ONNX Layer: /Reshape_49];[ONNX Layer: /k_norm_6/Pow];[ONNX Layer: /k_norm_6/ReduceMean],"[{""name"":""__myln_k_arg__bb1_2823"",""shape"":[1,1,1024],""precision"":""Half""}]","[{""name"":""__myln_k_arg__bb1_2825"",""shape"":[1,1,8,1],""precision"":""Half""},{""name"":""__myln_k_arg__bb1_2824"",""shape"":[1,1,8,128],""precision"":""Half""}]",inputs=Half|outputs=Half;Half,__myl_ResMulMea_0x3c91498c3beee36a5653966af1581a8a
161,__myl_AddSqrDivMulMulResSliSliNegConMulMulAddConResRepResTra_myl0_161,kgen,[ONNX Layer: /k_norm_6/Add];[ONNX Layer: /k_norm_6/Sqrt];[ONNX Layer: /k_norm_6/Mul];[ONNX Layer: /k_norm_6/Mul_1];[ONNX Layer: /Transpose_31];[ONNX Layer: /Slice_26];[ONNX Layer: /Slice_27];[ONNX Layer: /Concat_77];[ONNX Layer: /Mul_58];[ONNX Layer: /Add_25];[ONNX Layer: /Mul_57];[ONNX Layer: /Unsqueeze_145];[ONNX Layer: /Reshape_52];[ONNX Layer: /Transpose_33];[ONNX Layer: /Expand_12];[ONNX Layer: /Concat_78];[ONNX Layer: /Neg_13];[ONNX Layer: /k_norm_6/Div],"[{""name"":""past_k6"",""shape"":[1,8,-1,128],""precision"":""Half""},{""name"":""__myln_k_arg__bb1_2685"",""shape"":[1,1,1,128],""precision"":""Half""},{""name"":""__myln_k_arg__bb1_2684"",""shape"":[1,1,1,128],""precision"":""Half""},{""name"":""stack_layers_6_self_attn_k_norm_weight _ ONNXTRT_Broadcast_1749_constantHalf"",""shape"":[1,1,1,128],""precision"":""Half""},{""name"":""__myln_k_arg__bb1_2824"",""shape"":[1,1,8,128],""precision"":""Half""},{""name"":""__myln_k_arg__bb1_2825"",""shape"":[1,1,8,1],""precision"":""Half""},{""name"":""proxy___mye669588"",""shape"":[1],""precision"":""Int64""},{""name"":""proxy___mye669627"",""shape"":[1],""precision"":""Int64""},{""name"":""proxy___mye669652"",""shape"":[1],""precision"":""Int64""},{""name"":""__mye66760_proxy.1"",""shape"":[1],""precision"":""Int64""},{""name"":""proxy___mye617319"",""shape"":[1],""precision"":""Int64""},{""name"":""proxy___mye617292"",""shape"":[1],""precision"":""Int64""},{""name"":""proxy___mye617259"",""shape"":[1],""precision"":""Int64""},{""name"":""proxy___mye617232"",""shape"":[1],""precision"":""Int64""},{""name"":""proxy___mye617199"",""shape"":[1],""precision"":""Int64""},{""name"":""proxy___mye617166"",""shape"":[1],""precision"":""Int64""},{""name"":""proxy___mye617139"",""shape"":[1],""precision"":""Int64""},{""name"":""proxy___mye617106"",""shape"":[1],""precision"":""Int64""},{""name"":""proxy___mye617079"",""shape"":[1],""precision"":""Int64""},{""name"":""proxy___mye432529.1"",""shape"":[1],""precision"":""Int64""},{""name"":""proxy___mye432502.1"",""shape"":[1],""precision"":""Int64""},{""name"":""__mye66752_proxy.1"",""shape"":[1],""precision"":""Int64""},{""name"":""proxy___mye430526.1"",""shape"":[1],""precision"":""Int64""},{""name"":""proxy___mye430368.1"",""shape"":[1],""precision"":""Int64""}]","[{""name"":""present_k6"",""shape"":[1,8,-1,128],""precision"":""Half""},{""name"":""shuffle_output_/Reshape_52 _ /Transpose_33_first_transpose_output.1"",""shape"":[1,16,128,-1],""precision"":""Half""}]",inputs=Half;Half;Half;Half;Half;Half;Int64;Int64;Int64;Int64;Int64;Int64;Int64;Int64;Int64;Int64;Int64;Int64;Int64;Int64;Int64;Int64;Int64;Int64|outputs=Half;Half,__myl_AddSqrDivMulMulResSliSliNegConMulMulAddConResRepResTra_0x5aea462b6a819ceadd3ebb32874c078f
162,__mye676942_myl0_162,signal,,[],[],inputs=NONE|outputs=NONE,UNKNOWN
163,__myl_FcCas_myl0_163,fusion,[ONNX Layer: /q_proj_6/MatMul];[ONNX Layer: /q_proj_6/MatMul__a_dequant];[ONNX Layer: /q_proj_6/MatMul__a_quant];[ONNX Layer: /q_proj_6/MatMul__w_dequant],"[{""name"":""__myln_k_arg__bb1_2817"",""shape"":[1,1,1024],""precision"":""Int8""},{""name"":""__mye617062dconst"",""shape"":[1,1024,2048],""precision"":""Int8""}]","[{""name"":""__myln_k_arg__bb1_2828"",""shape"":[1,1,2048],""precision"":""Half""}]",inputs=Int8;Int8|outputs=Half,sm80_xmma_gemm_i8f32_i8i32_f32_tn_n_tilesize32x64x64_stage6_warpsize2x2x1_tensor16x8x32_by_fusion_tactic
164,__myl_ResMulMea_myl0_164,kgen,[ONNX Layer: /Reshape_48];[ONNX Layer: /q_norm_6/Pow];[ONNX Layer: /q_norm_6/ReduceMean],"[{""name"":""__myln_k_arg__bb1_2828"",""shape"":[1,1,2048],""precision"":""Half""}]","[{""name"":""__myln_k_arg__bb1_2830"",""shape"":[1,1,16,1],""precision"":""Half""},{""name"":""__myln_k_arg__bb1_2829"",""shape"":[1,1,16,128],""precision"":""Half""}]",inputs=Half|outputs=Half;Half,__myl_ResMulMea_0xf2413012cd9ac6341b95d78f3432c656
165,__myl_AddSqrDivMulMulResSliSliNegConMulMulAdd_myl0_165,kgen,[ONNX Layer: /q_norm_6/Add];[ONNX Layer: /q_norm_6/Sqrt];[ONNX Layer: /q_norm_6/Mul];[ONNX Layer: /q_norm_6/Mul_1];[ONNX Layer: /Transpose_30];[ONNX Layer: /Slice_24];[ONNX Layer: /Slice_25];[ONNX Layer: /Concat_76];[ONNX Layer: /Mul_56];[ONNX Layer: /Add_24];[ONNX Layer: /Mul_55];[ONNX Layer: /Neg_12];[ONNX Layer: /q_norm_6/Div],"[{""name"":""__myln_k_arg__bb1_2685"",""shape"":[1,1,1,128],""precision"":""Half""},{""name"":""__myln_k_arg__bb1_2684"",""shape"":[1,1,1,128],""precision"":""Half""},{""name"":""stack_layers_6_self_attn_q_norm_weight _ ONNXTRT_Broadcast_1731_constantHalf"",""shape"":[1,1,1,128],""precision"":""Half""},{""name"":""__myln_k_arg__bb1_2829"",""shape"":[1,1,16,128],""precision"":""Half""},{""name"":""__myln_k_arg__bb1_2830"",""shape"":[1,1,16,1],""precision"":""Half""}]","[{""name"":""/Add_24_output_0'.1"",""shape"":[1,16,1,128],""precision"":""Half""}]",inputs=Half;Half;Half;Half;Half|outputs=Half,__myl_AddSqrDivMulMulResSliSliNegConMulMulAdd_0xf1ba08cc3beaba8ee91b0504be9c2cf4
166,__mye676944_myl0_166,wait,,[],[],inputs=NONE|outputs=NONE,UNKNOWN
167,/MatMul_12_myl0_167,gemm,[ONNX Layer: /MatMul_12],"[{""name"":""/Add_24_output_0'.1"",""shape"":[16,1,128],""precision"":""Half""},{""name"":""shuffle_output_/Reshape_52 _ /Transpose_33_first_transpose_output.1"",""shape"":[16,128,-1],""precision"":""Half""},{""name"":""__mye568424/MatMul_12_alpha"",""shape"":[1],""precision"":""Float""},{""name"":""__mye568425/MatMul_12_beta"",""shape"":[1],""precision"":""Float""}]","[{""name"":""__mye568421"",""shape"":[16,1,-1],""precision"":""Half""}]",inputs=Half;Half;Float;Float|outputs=Half,sm80_xmma_gemm_f16f16_f16f32_f32_nn_n_tilesize32x32x64_stage6_warpsize2x2x1_tensor16x8x16_aligna2_alignc2
168,__myl_MulMaxSubExpSumDivMul_myl0_168,kgen,[ONNX Layer: /Mul_61];[ONNX Layer: /Softmax_6],"[{""name"":""__mye568421"",""shape"":[1,16,1,-1],""precision"":""Half""},{""name"":""__mye66760_proxy.1"",""shape"":[1],""precision"":""Int64""},{""name"":""proxy___mye312316.1"",""shape"":[1],""precision"":""Int64""}]","[{""name"":""/Softmax_6_output'.1"",""shape"":[1,16,1,-1],""precision"":""Half""}]",inputs=Half;Int64;Int64|outputs=Half,__myl_MulMaxSubExpSumDivMul_0x1108f5a078d6e65507c06537b9b2e43f
169,__mye676948_myl0_169,wait,,[],[],inputs=NONE|outputs=NONE,UNKNOWN
170,/MatMul_13_myl0_170,gemm,[ONNX Layer: /MatMul_13],"[{""name"":""/Softmax_6_output'.1"",""shape"":[16,1,-1],""precision"":""Half""},{""name"":""/Expand_13_output_0'.1"",""shape"":[16,-1,128],""precision"":""Half""},{""name"":""__mye568445/MatMul_13_alpha"",""shape"":[1],""precision"":""Float""},{""name"":""__mye568446/MatMul_13_beta"",""shape"":[1],""precision"":""Float""}]","[{""name"":""__myln_k_arg__bb1_2834"",""shape"":[16,1,128],""precision"":""Half""}]",inputs=Half;Half;Float;Float|outputs=Half,sm80_xmma_gemm_f16f16_f16f32_f32_nn_n_tilesize64x128x32_stage5_warpsize2x2x1_tensor16x8x16_aligna2_alignc2
171,__myl_MulMinMaxRouCas_myl0_171,kgen,[ONNX Layer: /o_proj_6/MatMul__a_quant],"[{""name"":""__myln_k_arg__bb1_2834"",""shape"":[16,1,128],""precision"":""Half""}]","[{""name"":""__mye574544_q8"",""shape"":[16,1,128],""precision"":""Int8""}]",inputs=Half|outputs=Int8,__myl_MulMinMaxRouCas_0x774908550917e749f75db6185bcae83f
172,__myl_FcCasAdd_myl0_172,fusion,[ONNX Layer: /o_proj_6/MatMul];[ONNX Layer: /o_proj_6/MatMul__a_dequant];[ONNX Layer: /o_proj_6/MatMul__a_quant];[ONNX Layer: /o_proj_6/MatMul__w_dequant];[ONNX Layer: /Add_26],"[{""name"":""hidden_l5"",""shape"":[1,1,1024],""precision"":""Half""},{""name"":""__mye574544_q8"",""shape"":[1,1,2048],""precision"":""Int8""},{""name"":""__mye617414dconst"",""shape"":[1,2048,1024],""precision"":""Int8""}]","[{""name"":""__myln_k_arg__bb1_2836"",""shape"":[1,1,1024],""precision"":""Half""}]",inputs=Half;Int8;Int8|outputs=Half,sm80_xmma_gemm_i8f32_i8i32_f32_tn_n_tilesize32x64x64_stage6_warpsize2x2x1_tensor16x8x32_by_fusion_tactic
173,__myl_MulMeaAddSqrDivMulMulMulMinMaxRouCas_myl0_173,kgen,[ONNX Layer: /post_attention_layernorm_6/Pow];[ONNX Layer: /post_attention_layernorm_6/ReduceMean];[ONNX Layer: /post_attention_layernorm_6/Add];[ONNX Layer: /post_attention_layernorm_6/Div];[ONNX Layer: /post_attention_layernorm_6/Sqrt];[ONNX Layer: /post_attention_layernorm_6/Mul];[ONNX Layer: /post_attention_layernorm_6/Mul_1];[ONNX Layer: /gate_proj_6/MatMul__a_quant],"[{""name"":""stack_layers_6_post_attention_layernorm_weight _ ONNXTRT_Broadcast_1980_constantHalf"",""shape"":[1,1,1024],""precision"":""Half""},{""name"":""__myln_k_arg__bb1_2836"",""shape"":[1,1,1024],""precision"":""Half""},{""name"":""__myln_k_arg__bb1_2836"",""shape"":[1,1,1024],""precision"":""Half""},{""name"":""__myln_k_arg__bb1_2836"",""shape"":[1,1,1024],""precision"":""Half""}]","[{""name"":""__myln_k_arg__bb1_2838"",""shape"":[1,1,1024],""precision"":""Int8""},{""name"":""__myln_k_arg__bb1_2837"",""shape"":[1,1,1024],""precision"":""Half""}]",inputs=Half;Half;Half;Half|outputs=Int8;Half,__myl_MulMeaAddSqrDivMulMulMulMinMaxRouCas_0x8b0f22c4a2121702a93d8623b5a12ae4
174,/up_proj_6/MatMul_myl0_174,gemm,[ONNX Layer: /up_proj_6/MatMul],"[{""name"":""__myln_k_arg__bb1_2837"",""shape"":[1,1,1024],""precision"":""Half""},{""name"":""__mye617419dconst"",""shape"":[1,1024,3072],""precision"":""Half""},{""name"":""__mye568469/up_proj_6/MatMul_alpha"",""shape"":[1],""precision"":""Float""},{""name"":""__mye568470/up_proj_6/MatMul_beta"",""shape"":[1],""precision"":""Float""}]","[{""name"":""__myln_k_arg__bb1_2839"",""shape"":[1,1,3072],""precision"":""Half""}]",inputs=Half;Half;Float;Float|outputs=Half,sm80_xmma_gemm_f16f16_f16f16_f16_tn_n_tilesize32x32x64_stage6_warpsize2x2x1_tensor16x8x16
175,__myl_FcCasNegExpAddDivMulMul_myl0_175,fusion,[ONNX Layer: /gate_proj_6/MatMul];[ONNX Layer: /gate_proj_6/MatMul__a_dequant];[ONNX Layer: /gate_proj_6/MatMul__a_quant];[ONNX Layer: /gate_proj_6/MatMul__w_dequant];[ONNX Layer: /Mul_62];[ONNX Layer: /Mul_63];[ONNX Layer: /Sigmoid_6],"[{""name"":""__myln_k_arg__bb1_2839"",""shape"":[1,1,3072],""precision"":""Half""},{""name"":""__myln_k_arg__bb1_2838"",""shape"":[1,1,1024],""precision"":""Int8""},{""name"":""__mye617424dconst"",""shape"":[1,1024,3072],""precision"":""Int8""}]","[{""name"":""__myln_k_arg__bb1_2840"",""shape"":[1,1,3072],""precision"":""Half""}]",inputs=Half;Int8;Int8|outputs=Half,sm80_xmma_gemm_i8i8_i8i32_f32_tn_n_tilesize32x64x64_stage6_warpsize2x2x1_tensor16x8x32_by_fusion_tactic
176,__myl_FcAdd_myl0_176,fusion,[ONNX Layer: /down_proj_6/MatMul];[ONNX Layer: /Add_27],"[{""name"":""__myln_k_arg__bb1_2836"",""shape"":[1,1,1024],""precision"":""Half""},{""name"":""__myln_k_arg__bb1_2840"",""shape"":[1,1,3072],""precision"":""Half""},{""name"":""onnx__MatMul_7780 _ ONNXTRT_Broadcast_1989_constantHalf"",""shape"":[1,3072,1024],""precision"":""Half""}]","[{""name"":""hidden_l6"",""shape"":[1,1,1024],""precision"":""Half""}]",inputs=Half;Half;Half|outputs=Half,sm80_xmma_gemm_f16f16_f16f16_f16_nn_n_tilesize64x128x32_stage5_warpsize2x2x1_tensor16x8x16_by_fusion_tactic
177,__myl_MulMeaAddSqrDivMulDivMinMaxRouCasDivMinMaxRouCasDivMinMaxRouCas_myl0_177,kgen,[ONNX Layer: /q_proj_7/MatMul__a_quant];[ONNX Layer: /k_proj_7/MatMul__a_quant];[ONNX Layer: /v_proj_7/MatMul__a_quant];[ONNX Layer: /input_layernorm_7/Mul];[ONNX Layer: /input_layernorm_7/Sqrt];[ONNX Layer: /input_layernorm_7/Div];[ONNX Layer: /input_layernorm_7/Add];[ONNX Layer: /input_layernorm_7/ReduceMean];[ONNX Layer: /input_layernorm_7/Pow],"[{""name"":""hidden_l6"",""shape"":[1,1,1024],""precision"":""Half""},{""name"":""hidden_l6"",""shape"":[1,1,1024],""precision"":""Half""},{""name"":""hidden_l6"",""shape"":[1,1,1024],""precision"":""Half""},{""name"":""__mye609334_dconst"",""shape"":[1,1,1024],""precision"":""Half""},{""name"":""__mye609361_dconst"",""shape"":[1,1,1024],""precision"":""Half""},{""name"":""__mye609388_dconst"",""shape"":[1,1,1024],""precision"":""Half""}]","[{""name"":""__myln_k_arg__bb1_2844"",""shape"":[1,1,1024],""precision"":""Int8""},{""name"":""__myln_k_arg__bb1_2843"",""shape"":[1,1,1024],""precision"":""Int8""},{""name"":""__myln_k_arg__bb1_2842"",""shape"":[1,1,1024],""precision"":""Int8""}]",inputs=Half;Half;Half;Half;Half;Half|outputs=Int8;Int8;Int8,__myl_MulMeaAddSqrDivMulDivMinMaxRouCasDivMinMaxRouCasDivMinMaxRouCas_0x9f2c300bb597625319cadec4728f9bc5
178,__mye676950_myl0_178,signal,,[],[],inputs=NONE|outputs=NONE,UNKNOWN
179,__mye676952_myl0_179,wait,,[],[],inputs=NONE|outputs=NONE,UNKNOWN
180,__myl_FcCas_myl0_180,fusion,[ONNX Layer: /v_proj_7/MatMul];[ONNX Layer: /v_proj_7/MatMul__a_dequant];[ONNX Layer: /v_proj_7/MatMul__a_quant];[ONNX Layer: /v_proj_7/MatMul__w_dequant],"[{""name"":""__myln_k_arg__bb1_2844"",""shape"":[1,1,1024],""precision"":""Int8""},{""name"":""__mye617429dconst"",""shape"":[1,1024,1024],""precision"":""Int8""}]","[{""name"":""__myln_k_arg__bb1_2845"",""shape"":[1,1,1024],""precision"":""Half""}]",inputs=Int8;Int8|outputs=Half,sm80_xmma_gemm_i8f32_i8i32_f32_tn_n_tilesize32x64x64_stage6_warpsize2x2x1_tensor16x8x32_by_fusion_tactic
181,__myl_ResConResRep_myl0_181,kgen,[ONNX Layer: /Reshape_58];[ONNX Layer: /Transpose_37];[ONNX Layer: /Unsqueeze_172];[ONNX Layer: /Expand_15];[ONNX Layer: /Concat_91],"[{""name"":""past_v7"",""shape"":[1,8,-1,128],""precision"":""Half""},{""name"":""__myln_k_arg__bb1_2845"",""shape"":[1,1,1024],""precision"":""Half""},{""name"":""proxy___mye669774"",""shape"":[1],""precision"":""Int64""},{""name"":""proxy___mye669819"",""shape"":[1],""precision"":""Int64""},{""name"":""proxy___mye669844"",""shape"":[1],""precision"":""Int64""},{""name"":""__mye66760_proxy.1"",""shape"":[1],""precision"":""Int64""},{""name"":""proxy___mye617566"",""shape"":[1],""precision"":""Int64""},{""name"":""proxy___mye617533"",""shape"":[1],""precision"":""Int64""},{""name"":""proxy___mye617506"",""shape"":[1],""precision"":""Int64""},{""name"":""proxy___mye617473"",""shape"":[1],""precision"":""Int64""},{""name"":""proxy___mye617446"",""shape"":[1],""precision"":""Int64""},{""name"":""proxy___mye432589.1"",""shape"":[1],""precision"":""Int64""},{""name"":""proxy___mye432562.1"",""shape"":[1],""precision"":""Int64""},{""name"":""__mye66752_proxy.1"",""shape"":[1],""precision"":""Int64""},{""name"":""proxy___mye431222.1"",""shape"":[1],""precision"":""Int64""},{""name"":""proxy___mye430368.1"",""shape"":[1],""precision"":""Int64""}]","[{""name"":""present_v7"",""shape"":[1,8,-1,128],""precision"":""Half""},{""name"":""/Expand_15_output_0'.1"",""shape"":[1,8,2,-1,128],""precision"":""Half""}]",inputs=Half;Half;Int64;Int64;Int64;Int64;Int64;Int64;Int64;Int64;Int64;Int64;Int64;Int64;Int64;Int64|outputs=Half;Half,__myl_ResConResRep_0x9d40828c020eb6bb972be950c35191c1
182,__mye676960_myl0_182,signal,,[],[],inputs=NONE|outputs=NONE,UNKNOWN
183,__mye676954_myl0_183,wait,,[],[],inputs=NONE|outputs=NONE,UNKNOWN
184,__myl_FcCas_myl0_184,fusion,[ONNX Layer: /k_proj_7/MatMul];[ONNX Layer: /k_proj_7/MatMul__a_dequant];[ONNX Layer: /k_proj_7/MatMul__a_quant];[ONNX Layer: /k_proj_7/MatMul__w_dequant],"[{""name"":""__myln_k_arg__bb1_2843"",""shape"":[1,1,1024],""precision"":""Int8""},{""name"":""__mye617587dconst"",""shape"":[1,1024,1024],""precision"":""Int8""}]","[{""name"":""__myln_k_arg__bb1_2848"",""shape"":[1,1,1024],""precision"":""Half""}]",inputs=Int8;Int8|outputs=Half,sm80_xmma_gemm_i8f32_i8i32_f32_tn_n_tilesize32x64x64_stage6_warpsize2x2x1_tensor16x8x32_by_fusion_tactic
185,__myl_ResMulMea_myl0_185,kgen,[ONNX Layer: /Reshape_57];[ONNX Layer: /k_norm_7/Pow];[ONNX Layer: /k_norm_7/ReduceMean],"[{""name"":""__myln_k_arg__bb1_2848"",""shape"":[1,1,1024],""precision"":""Half""}]","[{""name"":""__myln_k_arg__bb1_2850"",""shape"":[1,1,8,1],""precision"":""Half""},{""name"":""__myln_k_arg__bb1_2849"",""shape"":[1,1,8,128],""precision"":""Half""}]",inputs=Half|outputs=Half;Half,__myl_ResMulMea_0x3c91498c3beee36a5653966af1581a8a
186,__myl_AddSqrDivMulMulResSliSliNegConMulMulAddConResRepResTra_myl0_186,kgen,[ONNX Layer: /k_norm_7/Add];[ONNX Layer: /k_norm_7/Sqrt];[ONNX Layer: /k_norm_7/Mul];[ONNX Layer: /k_norm_7/Mul_1];[ONNX Layer: /Transpose_36];[ONNX Layer: /Slice_30];[ONNX Layer: /Slice_31];[ONNX Layer: /Concat_89];[ONNX Layer: /Mul_67];[ONNX Layer: /Add_29];[ONNX Layer: /Mul_66];[ONNX Layer: /Unsqueeze_167];[ONNX Layer: /Reshape_60];[ONNX Layer: /Transpose_38];[ONNX Layer: /Expand_14];[ONNX Layer: /Concat_90];[ONNX Layer: /Neg_15];[ONNX Layer: /k_norm_7/Div],"[{""name"":""past_k7"",""shape"":[1,8,-1,128],""precision"":""Half""},{""name"":""__myln_k_arg__bb1_2685"",""shape"":[1,1,1,128],""precision"":""Half""},{""name"":""__myln_k_arg__bb1_2684"",""shape"":[1,1,1,128],""precision"":""Half""},{""name"":""stack_layers_7_self_attn_k_norm_weight _ ONNXTRT_Broadcast_2032_constantHalf"",""shape"":[1,1,1,128],""precision"":""Half""},{""name"":""__myln_k_arg__bb1_2849"",""shape"":[1,1,8,128],""precision"":""Half""},{""name"":""__myln_k_arg__bb1_2850"",""shape"":[1,1,8,1],""precision"":""Half""},{""name"":""proxy___mye669926"",""shape"":[1],""precision"":""Int64""},{""name"":""proxy___mye669965"",""shape"":[1],""precision"":""Int64""},{""name"":""proxy___mye669990"",""shape"":[1],""precision"":""Int64""},{""name"":""__mye66760_proxy.1"",""shape"":[1],""precision"":""Int64""},{""name"":""proxy___mye617849"",""shape"":[1],""precision"":""Int64""},{""name"":""proxy___mye617822"",""shape"":[1],""precision"":""Int64""},{""name"":""proxy___mye617789"",""shape"":[1],""precision"":""Int64""},{""name"":""proxy___mye617762"",""shape"":[1],""precision"":""Int64""},{""name"":""proxy___mye617729"",""shape"":[1],""precision"":""Int64""},{""name"":""proxy___mye617696"",""shape"":[1],""precision"":""Int64""},{""name"":""proxy___mye617669"",""shape"":[1],""precision"":""Int64""},{""name"":""proxy___mye617636"",""shape"":[1],""precision"":""Int64""},{""name"":""proxy___mye617609"",""shape"":[1],""precision"":""Int64""},{""name"":""proxy___mye432649.1"",""shape"":[1],""precision"":""Int64""},{""name"":""proxy___mye432622.1"",""shape"":[1],""precision"":""Int64""},{""name"":""__mye66752_proxy.1"",""shape"":[1],""precision"":""Int64""},{""name"":""proxy___mye430550.1"",""shape"":[1],""precision"":""Int64""},{""name"":""proxy___mye430368.1"",""shape"":[1],""precision"":""Int64""}]","[{""name"":""present_k7"",""shape"":[1,8,-1,128],""precision"":""Half""},{""name"":""shuffle_output_/Reshape_60 _ /Transpose_38_first_transpose_output.1"",""shape"":[1,16,128,-1],""precision"":""Half""}]",inputs=Half;Half;Half;Half;Half;Half;Int64;Int64;Int64;Int64;Int64;Int64;Int64;Int64;Int64;Int64;Int64;Int64;Int64;Int64;Int64;Int64;Int64;Int64|outputs=Half;Half,__myl_AddSqrDivMulMulResSliSliNegConMulMulAddConResRepResTra_0x5aea462b6a819ceadd3ebb32874c078f
187,__mye676956_myl0_187,signal,,[],[],inputs=NONE|outputs=NONE,UNKNOWN
188,__myl_FcCas_myl0_188,fusion,[ONNX Layer: /q_proj_7/MatMul];[ONNX Layer: /q_proj_7/MatMul__a_dequant];[ONNX Layer: /q_proj_7/MatMul__a_quant];[ONNX Layer: /q_proj_7/MatMul__w_dequant],"[{""name"":""__myln_k_arg__bb1_2842"",""shape"":[1,1,1024],""precision"":""Int8""},{""name"":""__mye617592dconst"",""shape"":[1,1024,2048],""precision"":""Int8""}]","[{""name"":""__myln_k_arg__bb1_2853"",""shape"":[1,1,2048],""precision"":""Half""}]",inputs=Int8;Int8|outputs=Half,sm80_xmma_gemm_i8f32_i8i32_f32_tn_n_tilesize32x64x64_stage6_warpsize2x2x1_tensor16x8x32_by_fusion_tactic
189,__myl_ResMulMea_myl0_189,kgen,[ONNX Layer: /Reshape_56];[ONNX Layer: /q_norm_7/Pow];[ONNX Layer: /q_norm_7/ReduceMean],"[{""name"":""__myln_k_arg__bb1_2853"",""shape"":[1,1,2048],""precision"":""Half""}]","[{""name"":""__myln_k_arg__bb1_2855"",""shape"":[1,1,16,1],""precision"":""Half""},{""name"":""__myln_k_arg__bb1_2854"",""shape"":[1,1,16,128],""precision"":""Half""}]",inputs=Half|outputs=Half;Half,__myl_ResMulMea_0xf2413012cd9ac6341b95d78f3432c656
190,__myl_AddSqrDivMulMulResSliSliNegConMulMulAdd_myl0_190,kgen,[ONNX Layer: /q_norm_7/Add];[ONNX Layer: /q_norm_7/Sqrt];[ONNX Layer: /q_norm_7/Mul];[ONNX Layer: /q_norm_7/Mul_1];[ONNX Layer: /Transpose_35];[ONNX Layer: /Slice_28];[ONNX Layer: /Slice_29];[ONNX Layer: /Concat_88];[ONNX Layer: /Mul_65];[ONNX Layer: /Add_28];[ONNX Layer: /Mul_64];[ONNX Layer: /Neg_14];[ONNX Layer: /q_norm_7/Div],"[{""name"":""__myln_k_arg__bb1_2685"",""shape"":[1,1,1,128],""precision"":""Half""},{""name"":""__myln_k_arg__bb1_2684"",""shape"":[1,1,1,128],""precision"":""Half""},{""name"":""stack_layers_7_self_attn_q_norm_weight _ ONNXTRT_Broadcast_2014_constantHalf"",""shape"":[1,1,1,128],""precision"":""Half""},{""name"":""__myln_k_arg__bb1_2854"",""shape"":[1,1,16,128],""precision"":""Half""},{""name"":""__myln_k_arg__bb1_2855"",""shape"":[1,1,16,1],""precision"":""Half""}]","[{""name"":""/Add_28_output_0'.1"",""shape"":[1,16,1,128],""precision"":""Half""}]",inputs=Half;Half;Half;Half;Half|outputs=Half,__myl_AddSqrDivMulMulResSliSliNegConMulMulAdd_0xf1ba08cc3beaba8ee91b0504be9c2cf4
191,__mye676958_myl0_191,wait,,[],[],inputs=NONE|outputs=NONE,UNKNOWN
192,/MatMul_14_myl0_192,gemm,[ONNX Layer: /MatMul_14],"[{""name"":""/Add_28_output_0'.1"",""shape"":[16,1,128],""precision"":""Half""},{""name"":""shuffle_output_/Reshape_60 _ /Transpose_38_first_transpose_output.1"",""shape"":[16,128,-1],""precision"":""Half""},{""name"":""__mye568543/MatMul_14_alpha"",""shape"":[1],""precision"":""Float""},{""name"":""__mye568544/MatMul_14_beta"",""shape"":[1],""precision"":""Float""}]","[{""name"":""__mye568540"",""shape"":[16,1,-1],""precision"":""Half""}]",inputs=Half;Half;Float;Float|outputs=Half,sm80_xmma_gemm_f16f16_f16f32_f32_nn_n_tilesize32x32x64_stage6_warpsize2x2x1_tensor16x8x16_aligna2_alignc2
193,__myl_MulMaxSubExpSumDivMul_myl0_193,kgen,[ONNX Layer: /Mul_70];[ONNX Layer: /Softmax_7],"[{""name"":""__mye568540"",""shape"":[1,16,1,-1],""precision"":""Half""},{""name"":""__mye66760_proxy.1"",""shape"":[1],""precision"":""Int64""},{""name"":""proxy___mye312316.1"",""shape"":[1],""precision"":""Int64""}]","[{""name"":""/Softmax_7_output'.1"",""shape"":[1,16,1,-1],""precision"":""Half""}]",inputs=Half;Int64;Int64|outputs=Half,__myl_MulMaxSubExpSumDivMul_0x1108f5a078d6e65507c06537b9b2e43f
194,__mye676962_myl0_194,wait,,[],[],inputs=NONE|outputs=NONE,UNKNOWN
195,/MatMul_15_myl0_195,gemm,[ONNX Layer: /MatMul_15],"[{""name"":""/Softmax_7_output'.1"",""shape"":[16,1,-1],""precision"":""Half""},{""name"":""/Expand_15_output_0'.1"",""shape"":[16,-1,128],""precision"":""Half""},{""name"":""__mye568564/MatMul_15_alpha"",""shape"":[1],""precision"":""Float""},{""name"":""__mye568565/MatMul_15_beta"",""shape"":[1],""precision"":""Float""}]","[{""name"":""__myln_k_arg__bb1_2859"",""shape"":[16,1,128],""precision"":""Half""}]",inputs=Half;Half;Float;Float|outputs=Half,sm80_xmma_gemm_f16f16_f16f32_f32_nn_n_tilesize64x128x32_stage5_warpsize2x2x1_tensor16x8x16_aligna2_alignc2
196,__myl_MulMinMaxRouCas_myl0_196,kgen,[ONNX Layer: /o_proj_7/MatMul__a_quant],"[{""name"":""__myln_k_arg__bb1_2859"",""shape"":[16,1,128],""precision"":""Half""}]","[{""name"":""__mye574550_q8"",""shape"":[16,1,128],""precision"":""Int8""}]",inputs=Half|outputs=Int8,__myl_MulMinMaxRouCas_0x56e74360c3e8a36d72970af72bdd3e2b
197,__myl_FcCasAdd_myl0_197,fusion,[ONNX Layer: /o_proj_7/MatMul];[ONNX Layer: /o_proj_7/MatMul__a_dequant];[ONNX Layer: /o_proj_7/MatMul__a_quant];[ONNX Layer: /o_proj_7/MatMul__w_dequant];[ONNX Layer: /Add_30],"[{""name"":""hidden_l6"",""shape"":[1,1,1024],""precision"":""Half""},{""name"":""__mye574550_q8"",""shape"":[1,1,2048],""precision"":""Int8""},{""name"":""__mye617944dconst"",""shape"":[1,2048,1024],""precision"":""Int8""}]","[{""name"":""__myln_k_arg__bb1_2861"",""shape"":[1,1,1024],""precision"":""Half""}]",inputs=Half;Int8;Int8|outputs=Half,sm80_xmma_gemm_i8f32_i8i32_f32_tn_n_tilesize32x64x64_stage6_warpsize2x2x1_tensor16x8x32_by_fusion_tactic
198,__myl_MulMeaAddSqrDivMulMulMulMinMaxRouCas_myl0_198,kgen,[ONNX Layer: /post_attention_layernorm_7/Pow];[ONNX Layer: /post_attention_layernorm_7/ReduceMean];[ONNX Layer: /post_attention_layernorm_7/Add];[ONNX Layer: /post_attention_layernorm_7/Div];[ONNX Layer: /post_attention_layernorm_7/Sqrt];[ONNX Layer: /post_attention_layernorm_7/Mul];[ONNX Layer: /post_attention_layernorm_7/Mul_1];[ONNX Layer: /gate_proj_7/MatMul__a_quant],"[{""name"":""stack_layers_7_post_attention_layernorm_weight _ ONNXTRT_Broadcast_2263_constantHalf"",""shape"":[1,1,1024],""precision"":""Half""},{""name"":""__myln_k_arg__bb1_2861"",""shape"":[1,1,1024],""precision"":""Half""},{""name"":""__myln_k_arg__bb1_2861"",""shape"":[1,1,1024],""precision"":""Half""},{""name"":""__myln_k_arg__bb1_2861"",""shape"":[1,1,1024],""precision"":""Half""}]","[{""name"":""__myln_k_arg__bb1_2863"",""shape"":[1,1,1024],""precision"":""Int8""},{""name"":""__myln_k_arg__bb1_2862"",""shape"":[1,1,1024],""precision"":""Half""}]",inputs=Half;Half;Half;Half|outputs=Int8;Half,__myl_MulMeaAddSqrDivMulMulMulMinMaxRouCas_0xc17a9e1c8880e75049e64b4f3bf21f16
199,/up_proj_7/MatMul_myl0_199,gemm,[ONNX Layer: /up_proj_7/MatMul],"[{""name"":""__myln_k_arg__bb1_2862"",""shape"":[1,1,1024],""precision"":""Half""},{""name"":""__mye617949dconst"",""shape"":[1,1024,3072],""precision"":""Half""},{""name"":""__mye568588/up_proj_7/MatMul_alpha"",""shape"":[1],""precision"":""Float""},{""name"":""__mye568589/up_proj_7/MatMul_beta"",""shape"":[1],""precision"":""Float""}]","[{""name"":""__myln_k_arg__bb1_2864"",""shape"":[1,1,3072],""precision"":""Half""}]",inputs=Half;Half;Float;Float|outputs=Half,sm80_xmma_gemm_f16f16_f16f16_f16_tn_n_tilesize32x32x64_stage6_warpsize2x2x1_tensor16x8x16
200,__myl_FcCasNegExpAddDivMulMul_myl0_200,fusion,[ONNX Layer: /gate_proj_7/MatMul];[ONNX Layer: /gate_proj_7/MatMul__a_dequant];[ONNX Layer: /gate_proj_7/MatMul__a_quant];[ONNX Layer: /gate_proj_7/MatMul__w_dequant];[ONNX Layer: /Mul_71];[ONNX Layer: /Mul_72];[ONNX Layer: /Sigmoid_7],"[{""name"":""__myln_k_arg__bb1_2864"",""shape"":[1,1,3072],""precision"":""Half""},{""name"":""__myln_k_arg__bb1_2863"",""shape"":[1,1,1024],""precision"":""Int8""},{""name"":""__mye617954dconst"",""shape"":[1,1024,3072],""precision"":""Int8""}]","[{""name"":""__myln_k_arg__bb1_2865"",""shape"":[1,1,3072],""precision"":""Half""}]",inputs=Half;Int8;Int8|outputs=Half,sm80_xmma_gemm_i8i8_i8i32_f32_tn_n_tilesize32x64x64_stage6_warpsize2x2x1_tensor16x8x32_by_fusion_tactic
201,__myl_FcAdd_myl0_201,fusion,[ONNX Layer: /down_proj_7/MatMul];[ONNX Layer: /Add_31],"[{""name"":""__myln_k_arg__bb1_2861"",""shape"":[1,1,1024],""precision"":""Half""},{""name"":""__myln_k_arg__bb1_2865"",""shape"":[1,1,3072],""precision"":""Half""},{""name"":""onnx__MatMul_7816 _ ONNXTRT_Broadcast_2272_constantHalf"",""shape"":[1,3072,1024],""precision"":""Half""}]","[{""name"":""hidden_l7"",""shape"":[1,1,1024],""precision"":""Half""}]",inputs=Half;Half;Half|outputs=Half,sm80_xmma_gemm_f16f16_f16f16_f16_nn_n_tilesize64x128x32_stage5_warpsize2x2x1_tensor16x8x16_by_fusion_tactic
202,__myl_MulMeaAddSqrDivMulDivMinMaxRouCasDivMinMaxRouCasDivMinMaxRouCas_myl0_202,kgen,[ONNX Layer: /q_proj_8/MatMul__a_quant];[ONNX Layer: /k_proj_8/MatMul__a_quant];[ONNX Layer: /v_proj_8/MatMul__a_quant];[ONNX Layer: /input_layernorm_8/Mul];[ONNX Layer: /input_layernorm_8/Sqrt];[ONNX Layer: /input_layernorm_8/Div];[ONNX Layer: /input_layernorm_8/Add];[ONNX Layer: /input_layernorm_8/ReduceMean];[ONNX Layer: /input_layernorm_8/Pow],"[{""name"":""hidden_l7"",""shape"":[1,1,1024],""precision"":""Half""},{""name"":""hidden_l7"",""shape"":[1,1,1024],""precision"":""Half""},{""name"":""hidden_l7"",""shape"":[1,1,1024],""precision"":""Half""},{""name"":""__mye609459_dconst"",""shape"":[1,1,1024],""precision"":""Half""},{""name"":""__mye609486_dconst"",""shape"":[1,1,1024],""precision"":""Half""},{""name"":""__mye609513_dconst"",""shape"":[1,1,1024],""precision"":""Half""}]","[{""name"":""__myln_k_arg__bb1_2869"",""shape"":[1,1,1024],""precision"":""Int8""},{""name"":""__myln_k_arg__bb1_2868"",""shape"":[1,1,1024],""precision"":""Int8""},{""name"":""__myln_k_arg__bb1_2867"",""shape"":[1,1,1024],""precision"":""Int8""}]",inputs=Half;Half;Half;Half;Half;Half|outputs=Int8;Int8;Int8,__myl_MulMeaAddSqrDivMulDivMinMaxRouCasDivMinMaxRouCasDivMinMaxRouCas_0x9f2c300bb597625319cadec4728f9bc5
203,__mye676964_myl0_203,signal,,[],[],inputs=NONE|outputs=NONE,UNKNOWN
204,__mye676966_myl0_204,wait,,[],[],inputs=NONE|outputs=NONE,UNKNOWN
205,__myl_FcCas_myl0_205,fusion,[ONNX Layer: /v_proj_8/MatMul];[ONNX Layer: /v_proj_8/MatMul__a_dequant];[ONNX Layer: /v_proj_8/MatMul__a_quant];[ONNX Layer: /v_proj_8/MatMul__w_dequant],"[{""name"":""__myln_k_arg__bb1_2869"",""shape"":[1,1,1024],""precision"":""Int8""},{""name"":""__mye617959dconst"",""shape"":[1,1024,1024],""precision"":""Int8""}]","[{""name"":""__myln_k_arg__bb1_2870"",""shape"":[1,1,1024],""precision"":""Half""}]",inputs=Int8;Int8|outputs=Half,sm80_xmma_gemm_i8f32_i8i32_f32_tn_n_tilesize32x64x64_stage6_warpsize2x2x1_tensor16x8x32_by_fusion_tactic
206,__myl_ResConResRep_myl0_206,kgen,[ONNX Layer: /Reshape_66];[ONNX Layer: /Transpose_42];[ONNX Layer: /Unsqueeze_194];[ONNX Layer: /Expand_17];[ONNX Layer: /Concat_103],"[{""name"":""past_v8"",""shape"":[1,8,-1,128],""precision"":""Half""},{""name"":""__myln_k_arg__bb1_2870"",""shape"":[1,1,1024],""precision"":""Half""},{""name"":""proxy___mye670112"",""shape"":[1],""precision"":""Int64""},{""name"":""proxy___mye670157"",""shape"":[1],""precision"":""Int64""},{""name"":""proxy___mye670182"",""shape"":[1],""precision"":""Int64""},{""name"":""__mye66760_proxy.1"",""shape"":[1],""precision"":""Int64""},{""name"":""proxy___mye618096"",""shape"":[1],""precision"":""Int64""},{""name"":""proxy___mye618063"",""shape"":[1],""precision"":""Int64""},{""name"":""proxy___mye618036"",""shape"":[1],""precision"":""Int64""},{""name"":""proxy___mye618003"",""shape"":[1],""precision"":""Int64""},{""name"":""proxy___mye617976"",""shape"":[1],""precision"":""Int64""},{""name"":""proxy___mye432709.1"",""shape"":[1],""precision"":""Int64""},{""name"":""proxy___mye432682.1"",""shape"":[1],""precision"":""Int64""},{""name"":""__mye66752_proxy.1"",""shape"":[1],""precision"":""Int64""},{""name"":""proxy___mye431246.1"",""shape"":[1],""precision"":""Int64""},{""name"":""proxy___mye430368.1"",""shape"":[1],""precision"":""Int64""}]","[{""name"":""present_v8"",""shape"":[1,8,-1,128],""precision"":""Half""},{""name"":""/Expand_17_output_0'.1"",""shape"":[1,8,2,-1,128],""precision"":""Half""}]",inputs=Half;Half;Int64;Int64;Int64;Int64;Int64;Int64;Int64;Int64;Int64;Int64;Int64;Int64;Int64;Int64|outputs=Half;Half,__myl_ResConResRep_0x9d40828c020eb6bb972be950c35191c1
207,__mye676974_myl0_207,signal,,[],[],inputs=NONE|outputs=NONE,UNKNOWN
208,__mye676968_myl0_208,wait,,[],[],inputs=NONE|outputs=NONE,UNKNOWN
209,__myl_FcCas_myl0_209,fusion,[ONNX Layer: /k_proj_8/MatMul];[ONNX Layer: /k_proj_8/MatMul__a_dequant];[ONNX Layer: /k_proj_8/MatMul__a_quant];[ONNX Layer: /k_proj_8/MatMul__w_dequant],"[{""name"":""__myln_k_arg__bb1_2868"",""shape"":[1,1,1024],""precision"":""Int8""},{""name"":""__mye618117dconst"",""shape"":[1,1024,1024],""precision"":""Int8""}]","[{""name"":""__myln_k_arg__bb1_2873"",""shape"":[1,1,1024],""precision"":""Half""}]",inputs=Int8;Int8|outputs=Half,sm80_xmma_gemm_i8f32_i8i32_f32_tn_n_tilesize32x64x64_stage6_warpsize2x2x1_tensor16x8x32_by_fusion_tactic
210,__myl_ResMulMea_myl0_210,kgen,[ONNX Layer: /Reshape_65];[ONNX Layer: /k_norm_8/Pow];[ONNX Layer: /k_norm_8/ReduceMean],"[{""name"":""__myln_k_arg__bb1_2873"",""shape"":[1,1,1024],""precision"":""Half""}]","[{""name"":""__myln_k_arg__bb1_2875"",""shape"":[1,1,8,1],""precision"":""Half""},{""name"":""__myln_k_arg__bb1_2874"",""shape"":[1,1,8,128],""precision"":""Half""}]",inputs=Half|outputs=Half;Half,__myl_ResMulMea_0x3c91498c3beee36a5653966af1581a8a
211,__myl_AddSqrDivMulMulResSliSliNegConMulMulAddConResRepResTra_myl0_211,kgen,[ONNX Layer: /k_norm_8/Add];[ONNX Layer: /k_norm_8/Sqrt];[ONNX Layer: /k_norm_8/Mul];[ONNX Layer: /k_norm_8/Mul_1];[ONNX Layer: /Transpose_41];[ONNX Layer: /Slice_34];[ONNX Layer: /Slice_35];[ONNX Layer: /Concat_101];[ONNX Layer: /Mul_76];[ONNX Layer: /Add_33];[ONNX Layer: /Mul_75];[ONNX Layer: /Unsqueeze_189];[ONNX Layer: /Reshape_68];[ONNX Layer: /Transpose_43];[ONNX Layer: /Expand_16];[ONNX Layer: /Concat_102];[ONNX Layer: /Neg_17];[ONNX Layer: /k_norm_8/Div],"[{""name"":""past_k8"",""shape"":[1,8,-1,128],""precision"":""Half""},{""name"":""__myln_k_arg__bb1_2685"",""shape"":[1,1,1,128],""precision"":""Half""},{""name"":""__myln_k_arg__bb1_2684"",""shape"":[1,1,1,128],""precision"":""Half""},{""name"":""stack_layers_8_self_attn_k_norm_weight _ ONNXTRT_Broadcast_2315_constantHalf"",""shape"":[1,1,1,128],""precision"":""Half""},{""name"":""__myln_k_arg__bb1_2874"",""shape"":[1,1,8,128],""precision"":""Half""},{""name"":""__myln_k_arg__bb1_2875"",""shape"":[1,1,8,1],""precision"":""Half""},{""name"":""proxy___mye670264"",""shape"":[1],""precision"":""Int64""},{""name"":""proxy___mye670303"",""shape"":[1],""precision"":""Int64""},{""name"":""proxy___mye670328"",""shape"":[1],""precision"":""Int64""},{""name"":""__mye66760_proxy.1"",""shape"":[1],""precision"":""Int64""},{""name"":""proxy___mye618379"",""shape"":[1],""precision"":""Int64""},{""name"":""proxy___mye618352"",""shape"":[1],""precision"":""Int64""},{""name"":""proxy___mye618319"",""shape"":[1],""precision"":""Int64""},{""name"":""proxy___mye618292"",""shape"":[1],""precision"":""Int64""},{""name"":""proxy___mye618259"",""shape"":[1],""precision"":""Int64""},{""name"":""proxy___mye618226"",""shape"":[1],""precision"":""Int64""},{""name"":""proxy___mye618199"",""shape"":[1],""precision"":""Int64""},{""name"":""proxy___mye618166"",""shape"":[1],""precision"":""Int64""},{""name"":""proxy___mye618139"",""shape"":[1],""precision"":""Int64""},{""name"":""proxy___mye432769.1"",""shape"":[1],""precision"":""Int64""},{""name"":""proxy___mye432742.1"",""shape"":[1],""precision"":""Int64""},{""name"":""__mye66752_proxy.1"",""shape"":[1],""precision"":""Int64""},{""name"":""proxy___mye430574.1"",""shape"":[1],""precision"":""Int64""},{""name"":""proxy___mye430368.1"",""shape"":[1],""precision"":""Int64""}]","[{""name"":""present_k8"",""shape"":[1,8,-1,128],""precision"":""Half""},{""name"":""shuffle_output_/Reshape_68 _ /Transpose_43_first_transpose_output.1"",""shape"":[1,16,128,-1],""precision"":""Half""}]",inputs=Half;Half;Half;Half;Half;Half;Int64;Int64;Int64;Int64;Int64;Int64;Int64;Int64;Int64;Int64;Int64;Int64;Int64;Int64;Int64;Int64;Int64;Int64|outputs=Half;Half,__myl_AddSqrDivMulMulResSliSliNegConMulMulAddConResRepResTra_0x5aea462b6a819ceadd3ebb32874c078f
212,__mye676970_myl0_212,signal,,[],[],inputs=NONE|outputs=NONE,UNKNOWN
213,__myl_FcCas_myl0_213,fusion,[ONNX Layer: /q_proj_8/MatMul];[ONNX Layer: /q_proj_8/MatMul__a_dequant];[ONNX Layer: /q_proj_8/MatMul__a_quant];[ONNX Layer: /q_proj_8/MatMul__w_dequant],"[{""name"":""__myln_k_arg__bb1_2867"",""shape"":[1,1,1024],""precision"":""Int8""},{""name"":""__mye618122dconst"",""shape"":[1,1024,2048],""precision"":""Int8""}]","[{""name"":""__myln_k_arg__bb1_2878"",""shape"":[1,1,2048],""precision"":""Half""}]",inputs=Int8;Int8|outputs=Half,sm80_xmma_gemm_i8f32_i8i32_f32_tn_n_tilesize32x64x64_stage6_warpsize2x2x1_tensor16x8x32_by_fusion_tactic
214,__myl_ResMulMea_myl0_214,kgen,[ONNX Layer: /Reshape_64];[ONNX Layer: /q_norm_8/Pow];[ONNX Layer: /q_norm_8/ReduceMean],"[{""name"":""__myln_k_arg__bb1_2878"",""shape"":[1,1,2048],""precision"":""Half""}]","[{""name"":""__myln_k_arg__bb1_2880"",""shape"":[1,1,16,1],""precision"":""Half""},{""name"":""__myln_k_arg__bb1_2879"",""shape"":[1,1,16,128],""precision"":""Half""}]",inputs=Half|outputs=Half;Half,__myl_ResMulMea_0xf2413012cd9ac6341b95d78f3432c656
215,__myl_AddSqrDivMulMulResSliSliNegConMulMulAdd_myl0_215,kgen,[ONNX Layer: /q_norm_8/Add];[ONNX Layer: /q_norm_8/Sqrt];[ONNX Layer: /q_norm_8/Mul];[ONNX Layer: /q_norm_8/Mul_1];[ONNX Layer: /Transpose_40];[ONNX Layer: /Slice_32];[ONNX Layer: /Slice_33];[ONNX Layer: /Concat_100];[ONNX Layer: /Mul_74];[ONNX Layer: /Add_32];[ONNX Layer: /Mul_73];[ONNX Layer: /Neg_16];[ONNX Layer: /q_norm_8/Div],"[{""name"":""__myln_k_arg__bb1_2685"",""shape"":[1,1,1,128],""precision"":""Half""},{""name"":""__myln_k_arg__bb1_2684"",""shape"":[1,1,1,128],""precision"":""Half""},{""name"":""stack_layers_8_self_attn_q_norm_weight _ ONNXTRT_Broadcast_2297_constantHalf"",""shape"":[1,1,1,128],""precision"":""Half""},{""name"":""__myln_k_arg__bb1_2879"",""shape"":[1,1,16,128],""precision"":""Half""},{""name"":""__myln_k_arg__bb1_2880"",""shape"":[1,1,16,1],""precision"":""Half""}]","[{""name"":""/Add_32_output_0'.1"",""shape"":[1,16,1,128],""precision"":""Half""}]",inputs=Half;Half;Half;Half;Half|outputs=Half,__myl_AddSqrDivMulMulResSliSliNegConMulMulAdd_0xf1ba08cc3beaba8ee91b0504be9c2cf4
216,__mye676972_myl0_216,wait,,[],[],inputs=NONE|outputs=NONE,UNKNOWN
217,/MatMul_16_myl0_217,gemm,[ONNX Layer: /MatMul_16],"[{""name"":""/Add_32_output_0'.1"",""shape"":[16,1,128],""precision"":""Half""},{""name"":""shuffle_output_/Reshape_68 _ /Transpose_43_first_transpose_output.1"",""shape"":[16,128,-1],""precision"":""Half""},{""name"":""__mye568662/MatMul_16_alpha"",""shape"":[1],""precision"":""Float""},{""name"":""__mye568663/MatMul_16_beta"",""shape"":[1],""precision"":""Float""}]","[{""name"":""__mye568659"",""shape"":[16,1,-1],""precision"":""Half""}]",inputs=Half;Half;Float;Float|outputs=Half,sm80_xmma_gemm_f16f16_f16f32_f32_nn_n_tilesize32x32x64_stage6_warpsize2x2x1_tensor16x8x16_aligna2_alignc2
218,__myl_MulMaxSubExpSumDivMul_myl0_218,kgen,[ONNX Layer: /Mul_79];[ONNX Layer: /Softmax_8],"[{""name"":""__mye568659"",""shape"":[1,16,1,-1],""precision"":""Half""},{""name"":""__mye66760_proxy.1"",""shape"":[1],""precision"":""Int64""},{""name"":""proxy___mye312316.1"",""shape"":[1],""precision"":""Int64""}]","[{""name"":""/Softmax_8_output'.1"",""shape"":[1,16,1,-1],""precision"":""Half""}]",inputs=Half;Int64;Int64|outputs=Half,__myl_MulMaxSubExpSumDivMul_0x1108f5a078d6e65507c06537b9b2e43f
219,__mye676976_myl0_219,wait,,[],[],inputs=NONE|outputs=NONE,UNKNOWN
220,/MatMul_17_myl0_220,gemm,[ONNX Layer: /MatMul_17],"[{""name"":""/Softmax_8_output'.1"",""shape"":[16,1,-1],""precision"":""Half""},{""name"":""/Expand_17_output_0'.1"",""shape"":[16,-1,128],""precision"":""Half""},{""name"":""__mye568683/MatMul_17_alpha"",""shape"":[1],""precision"":""Float""},{""name"":""__mye568684/MatMul_17_beta"",""shape"":[1],""precision"":""Float""}]","[{""name"":""__mye568680"",""shape"":[16,1,128],""precision"":""Half""}]",inputs=Half;Half;Float;Float|outputs=Half,sm80_xmma_gemm_f16f16_f16f32_f32_nn_n_tilesize64x128x32_stage5_warpsize2x2x1_tensor16x8x16_aligna2_alignc2
221,__myl_FcAdd_myl0_221,fusion,[ONNX Layer: /o_proj_8/MatMul];[ONNX Layer: /Add_34],"[{""name"":""hidden_l7"",""shape"":[1,1,1024],""precision"":""Half""},{""name"":""__mye568680"",""shape"":[1,1,2048],""precision"":""Half""},{""name"":""__mye618474dconst"",""shape"":[1,2048,1024],""precision"":""Half""}]","[{""name"":""__myln_k_arg__bb1_2885"",""shape"":[1,1,1024],""precision"":""Half""}]",inputs=Half;Half;Half|outputs=Half,sm80_xmma_gemm_f16f16_f16f16_f16_tn_n_tilesize32x32x64_stage6_warpsize2x2x1_tensor16x8x16_by_fusion_tactic
222,__myl_MulMeaAddSqrDivMulMulMulMinMaxRouCas_myl0_222,kgen,[ONNX Layer: /post_attention_layernorm_8/Pow];[ONNX Layer: /post_attention_layernorm_8/ReduceMean];[ONNX Layer: /post_attention_layernorm_8/Add];[ONNX Layer: /post_attention_layernorm_8/Div];[ONNX Layer: /post_attention_layernorm_8/Sqrt];[ONNX Layer: /post_attention_layernorm_8/Mul];[ONNX Layer: /post_attention_layernorm_8/Mul_1];[ONNX Layer: /gate_proj_8/MatMul__a_quant],"[{""name"":""stack_layers_8_post_attention_layernorm_weight _ ONNXTRT_Broadcast_2543_constantHalf"",""shape"":[1,1,1024],""precision"":""Half""},{""name"":""__myln_k_arg__bb1_2885"",""shape"":[1,1,1024],""precision"":""Half""},{""name"":""__myln_k_arg__bb1_2885"",""shape"":[1,1,1024],""precision"":""Half""},{""name"":""__myln_k_arg__bb1_2885"",""shape"":[1,1,1024],""precision"":""Half""}]","[{""name"":""__myln_k_arg__bb1_2887"",""shape"":[1,1,1024],""precision"":""Int8""},{""name"":""__myln_k_arg__bb1_2886"",""shape"":[1,1,1024],""precision"":""Half""}]",inputs=Half;Half;Half;Half|outputs=Int8;Half,__myl_MulMeaAddSqrDivMulMulMulMinMaxRouCas_0xeadba79c8105dff3fdb08ce085e7b12c
223,/up_proj_8/MatMul_myl0_223,gemm,[ONNX Layer: /up_proj_8/MatMul],"[{""name"":""__myln_k_arg__bb1_2886"",""shape"":[1,1,1024],""precision"":""Half""},{""name"":""__mye618479dconst"",""shape"":[1,1024,3072],""precision"":""Half""},{""name"":""__mye568707/up_proj_8/MatMul_alpha"",""shape"":[1],""precision"":""Float""},{""name"":""__mye568708/up_proj_8/MatMul_beta"",""shape"":[1],""precision"":""Float""}]","[{""name"":""__myln_k_arg__bb1_2888"",""shape"":[1,1,3072],""precision"":""Half""}]",inputs=Half;Half;Float;Float|outputs=Half,sm80_xmma_gemm_f16f16_f16f32_f32_tn_n_tilesize32x32x64_stage6_warpsize2x2x1_tensor16x8x16
224,__myl_FcCasNegExpAddDivMulMul_myl0_224,fusion,[ONNX Layer: /gate_proj_8/MatMul];[ONNX Layer: /gate_proj_8/MatMul__a_dequant];[ONNX Layer: /gate_proj_8/MatMul__a_quant];[ONNX Layer: /gate_proj_8/MatMul__w_dequant];[ONNX Layer: /Mul_80];[ONNX Layer: /Mul_81];[ONNX Layer: /Sigmoid_8],"[{""name"":""__myln_k_arg__bb1_2888"",""shape"":[1,1,3072],""precision"":""Half""},{""name"":""__myln_k_arg__bb1_2887"",""shape"":[1,1,1024],""precision"":""Int8""},{""name"":""__mye618484dconst"",""shape"":[1,1024,3072],""precision"":""Int8""}]","[{""name"":""__myln_k_arg__bb1_2889"",""shape"":[1,1,3072],""precision"":""Half""}]",inputs=Half;Int8;Int8|outputs=Half,sm80_xmma_gemm_i8i8_i8i32_f32_tn_n_tilesize32x64x64_stage6_warpsize2x2x1_tensor16x8x32_by_fusion_tactic
225,__myl_FcAdd_myl0_225,fusion,[ONNX Layer: /down_proj_8/MatMul];[ONNX Layer: /Add_35],"[{""name"":""__myln_k_arg__bb1_2885"",""shape"":[1,1,1024],""precision"":""Half""},{""name"":""__myln_k_arg__bb1_2889"",""shape"":[1,1,3072],""precision"":""Half""},{""name"":""onnx__MatMul_7852 _ ONNXTRT_Broadcast_2552_constantHalf"",""shape"":[1,3072,1024],""precision"":""Half""}]","[{""name"":""hidden_l8"",""shape"":[1,1,1024],""precision"":""Half""}]",inputs=Half;Half;Half|outputs=Half,sm80_xmma_gemm_f16f16_f16f16_f16_nn_n_tilesize64x128x32_stage5_warpsize2x2x1_tensor16x8x16_by_fusion_tactic
226,__myl_MulMeaAddSqrDivMulDivMinMaxRouCasDivMinMaxRouCasDivMinMaxRouCas_myl0_226,kgen,[ONNX Layer: /q_proj_9/MatMul__a_quant];[ONNX Layer: /k_proj_9/MatMul__a_quant];[ONNX Layer: /v_proj_9/MatMul__a_quant];[ONNX Layer: /input_layernorm_9/Mul];[ONNX Layer: /input_layernorm_9/Sqrt];[ONNX Layer: /input_layernorm_9/Div];[ONNX Layer: /input_layernorm_9/Add];[ONNX Layer: /input_layernorm_9/ReduceMean];[ONNX Layer: /input_layernorm_9/Pow],"[{""name"":""hidden_l8"",""shape"":[1,1,1024],""precision"":""Half""},{""name"":""hidden_l8"",""shape"":[1,1,1024],""precision"":""Half""},{""name"":""hidden_l8"",""shape"":[1,1,1024],""precision"":""Half""},{""name"":""__mye609562_dconst"",""shape"":[1,1,1024],""precision"":""Half""},{""name"":""__mye609589_dconst"",""shape"":[1,1,1024],""precision"":""Half""},{""name"":""__mye609616_dconst"",""shape"":[1,1,1024],""precision"":""Half""}]","[{""name"":""__myln_k_arg__bb1_2893"",""shape"":[1,1,1024],""precision"":""Int8""},{""name"":""__myln_k_arg__bb1_2892"",""shape"":[1,1,1024],""precision"":""Int8""},{""name"":""__myln_k_arg__bb1_2891"",""shape"":[1,1,1024],""precision"":""Int8""}]",inputs=Half;Half;Half;Half;Half;Half|outputs=Int8;Int8;Int8,__myl_MulMeaAddSqrDivMulDivMinMaxRouCasDivMinMaxRouCasDivMinMaxRouCas_0x9f2c300bb597625319cadec4728f9bc5
227,__mye676978_myl0_227,signal,,[],[],inputs=NONE|outputs=NONE,UNKNOWN
228,__mye676980_myl0_228,wait,,[],[],inputs=NONE|outputs=NONE,UNKNOWN
229,__myl_FcCas_myl0_229,fusion,[ONNX Layer: /v_proj_9/MatMul];[ONNX Layer: /v_proj_9/MatMul__a_dequant];[ONNX Layer: /v_proj_9/MatMul__a_quant];[ONNX Layer: /v_proj_9/MatMul__w_dequant],"[{""name"":""__myln_k_arg__bb1_2893"",""shape"":[1,1,1024],""precision"":""Int8""},{""name"":""__mye618489dconst"",""shape"":[1,1024,1024],""precision"":""Int8""}]","[{""name"":""__myln_k_arg__bb1_2894"",""shape"":[1,1,1024],""precision"":""Half""}]",inputs=Int8;Int8|outputs=Half,sm80_xmma_gemm_i8f32_i8i32_f32_tn_n_tilesize32x64x64_stage6_warpsize2x2x1_tensor16x8x32_by_fusion_tactic
230,__myl_ResConResRep_myl0_230,kgen,[ONNX Layer: /Reshape_74];[ONNX Layer: /Transpose_47];[ONNX Layer: /Unsqueeze_216];[ONNX Layer: /Expand_19];[ONNX Layer: /Concat_115],"[{""name"":""past_v9"",""shape"":[1,8,-1,128],""precision"":""Half""},{""name"":""__myln_k_arg__bb1_2894"",""shape"":[1,1,1024],""precision"":""Half""},{""name"":""proxy___mye670450"",""shape"":[1],""precision"":""Int64""},{""name"":""proxy___mye670495"",""shape"":[1],""precision"":""Int64""},{""name"":""proxy___mye670520"",""shape"":[1],""precision"":""Int64""},{""name"":""__mye66760_proxy.1"",""shape"":[1],""precision"":""Int64""},{""name"":""proxy___mye618626"",""shape"":[1],""precision"":""Int64""},{""name"":""proxy___mye618593"",""shape"":[1],""precision"":""Int64""},{""name"":""proxy___mye618566"",""shape"":[1],""precision"":""Int64""},{""name"":""proxy___mye618533"",""shape"":[1],""precision"":""Int64""},{""name"":""proxy___mye618506"",""shape"":[1],""precision"":""Int64""},{""name"":""proxy___mye432829.1"",""shape"":[1],""precision"":""Int64""},{""name"":""proxy___mye432802.1"",""shape"":[1],""precision"":""Int64""},{""name"":""__mye66752_proxy.1"",""shape"":[1],""precision"":""Int64""},{""name"":""proxy___mye431270.1"",""shape"":[1],""precision"":""Int64""},{""name"":""proxy___mye430368.1"",""shape"":[1],""precision"":""Int64""}]","[{""name"":""present_v9"",""shape"":[1,8,-1,128],""precision"":""Half""},{""name"":""/Expand_19_output_0'.1"",""shape"":[1,8,2,-1,128],""precision"":""Half""}]",inputs=Half;Half;Int64;Int64;Int64;Int64;Int64;Int64;Int64;Int64;Int64;Int64;Int64;Int64;Int64;Int64|outputs=Half;Half,__myl_ResConResRep_0x9d40828c020eb6bb972be950c35191c1
231,__mye676988_myl0_231,signal,,[],[],inputs=NONE|outputs=NONE,UNKNOWN
232,__mye676982_myl0_232,wait,,[],[],inputs=NONE|outputs=NONE,UNKNOWN
233,__myl_FcCas_myl0_233,fusion,[ONNX Layer: /k_proj_9/MatMul];[ONNX Layer: /k_proj_9/MatMul__a_dequant];[ONNX Layer: /k_proj_9/MatMul__a_quant];[ONNX Layer: /k_proj_9/MatMul__w_dequant],"[{""name"":""__myln_k_arg__bb1_2892"",""shape"":[1,1,1024],""precision"":""Int8""},{""name"":""__mye618647dconst"",""shape"":[1,1024,1024],""precision"":""Int8""}]","[{""name"":""__myln_k_arg__bb1_2897"",""shape"":[1,1,1024],""precision"":""Half""}]",inputs=Int8;Int8|outputs=Half,sm80_xmma_gemm_i8f32_i8i32_f32_tn_n_tilesize32x64x64_stage6_warpsize2x2x1_tensor16x8x32_by_fusion_tactic
234,__myl_ResMulMea_myl0_234,kgen,[ONNX Layer: /Reshape_73];[ONNX Layer: /k_norm_9/Pow];[ONNX Layer: /k_norm_9/ReduceMean],"[{""name"":""__myln_k_arg__bb1_2897"",""shape"":[1,1,1024],""precision"":""Half""}]","[{""name"":""__myln_k_arg__bb1_2899"",""shape"":[1,1,8,1],""precision"":""Half""},{""name"":""__myln_k_arg__bb1_2898"",""shape"":[1,1,8,128],""precision"":""Half""}]",inputs=Half|outputs=Half;Half,__myl_ResMulMea_0x3c91498c3beee36a5653966af1581a8a
235,__myl_AddSqrDivMulMulResSliSliNegConMulMulAddConResRepResTra_myl0_235,kgen,[ONNX Layer: /k_norm_9/Add];[ONNX Layer: /k_norm_9/Sqrt];[ONNX Layer: /k_norm_9/Mul];[ONNX Layer: /k_norm_9/Mul_1];[ONNX Layer: /Transpose_46];[ONNX Layer: /Slice_38];[ONNX Layer: /Slice_39];[ONNX Layer: /Concat_113];[ONNX Layer: /Mul_85];[ONNX Layer: /Add_37];[ONNX Layer: /Mul_84];[ONNX Layer: /Unsqueeze_211];[ONNX Layer: /Reshape_76];[ONNX Layer: /Transpose_48];[ONNX Layer: /Expand_18];[ONNX Layer: /Concat_114];[ONNX Layer: /Neg_19];[ONNX Layer: /k_norm_9/Div],"[{""name"":""past_k9"",""shape"":[1,8,-1,128],""precision"":""Half""},{""name"":""__myln_k_arg__bb1_2685"",""shape"":[1,1,1,128],""precision"":""Half""},{""name"":""__myln_k_arg__bb1_2684"",""shape"":[1,1,1,128],""precision"":""Half""},{""name"":""stack_layers_9_self_attn_k_norm_weight _ ONNXTRT_Broadcast_2595_constantHalf"",""shape"":[1,1,1,128],""precision"":""Half""},{""name"":""__myln_k_arg__bb1_2898"",""shape"":[1,1,8,128],""precision"":""Half""},{""name"":""__myln_k_arg__bb1_2899"",""shape"":[1,1,8,1],""precision"":""Half""},{""name"":""proxy___mye670602"",""shape"":[1],""precision"":""Int64""},{""name"":""proxy___mye670641"",""shape"":[1],""precision"":""Int64""},{""name"":""proxy___mye670666"",""shape"":[1],""precision"":""Int64""},{""name"":""__mye66760_proxy.1"",""shape"":[1],""precision"":""Int64""},{""name"":""proxy___mye618909"",""shape"":[1],""precision"":""Int64""},{""name"":""proxy___mye618882"",""shape"":[1],""precision"":""Int64""},{""name"":""proxy___mye618849"",""shape"":[1],""precision"":""Int64""},{""name"":""proxy___mye618822"",""shape"":[1],""precision"":""Int64""},{""name"":""proxy___mye618789"",""shape"":[1],""precision"":""Int64""},{""name"":""proxy___mye618756"",""shape"":[1],""precision"":""Int64""},{""name"":""proxy___mye618729"",""shape"":[1],""precision"":""Int64""},{""name"":""proxy___mye618696"",""shape"":[1],""precision"":""Int64""},{""name"":""proxy___mye618669"",""shape"":[1],""precision"":""Int64""},{""name"":""proxy___mye432889.1"",""shape"":[1],""precision"":""Int64""},{""name"":""proxy___mye432862.1"",""shape"":[1],""precision"":""Int64""},{""name"":""__mye66752_proxy.1"",""shape"":[1],""precision"":""Int64""},{""name"":""proxy___mye430598.1"",""shape"":[1],""precision"":""Int64""},{""name"":""proxy___mye430368.1"",""shape"":[1],""precision"":""Int64""}]","[{""name"":""present_k9"",""shape"":[1,8,-1,128],""precision"":""Half""},{""name"":""shuffle_output_/Reshape_76 _ /Transpose_48_first_transpose_output.1"",""shape"":[1,16,128,-1],""precision"":""Half""}]",inputs=Half;Half;Half;Half;Half;Half;Int64;Int64;Int64;Int64;Int64;Int64;Int64;Int64;Int64;Int64;Int64;Int64;Int64;Int64;Int64;Int64;Int64;Int64|outputs=Half;Half,__myl_AddSqrDivMulMulResSliSliNegConMulMulAddConResRepResTra_0x5aea462b6a819ceadd3ebb32874c078f
236,__mye676984_myl0_236,signal,,[],[],inputs=NONE|outputs=NONE,UNKNOWN
237,__myl_FcCas_myl0_237,fusion,[ONNX Layer: /q_proj_9/MatMul];[ONNX Layer: /q_proj_9/MatMul__a_dequant];[ONNX Layer: /q_proj_9/MatMul__a_quant];[ONNX Layer: /q_proj_9/MatMul__w_dequant],"[{""name"":""__myln_k_arg__bb1_2891"",""shape"":[1,1,1024],""precision"":""Int8""},{""name"":""__mye618652dconst"",""shape"":[1,1024,2048],""precision"":""Int8""}]","[{""name"":""__myln_k_arg__bb1_2902"",""shape"":[1,1,2048],""precision"":""Half""}]",inputs=Int8;Int8|outputs=Half,sm80_xmma_gemm_i8f32_i8i32_f32_tn_n_tilesize32x64x64_stage6_warpsize2x2x1_tensor16x8x32_by_fusion_tactic
238,__myl_ResMulMea_myl0_238,kgen,[ONNX Layer: /Reshape_72];[ONNX Layer: /q_norm_9/Pow];[ONNX Layer: /q_norm_9/ReduceMean],"[{""name"":""__myln_k_arg__bb1_2902"",""shape"":[1,1,2048],""precision"":""Half""}]","[{""name"":""__myln_k_arg__bb1_2904"",""shape"":[1,1,16,1],""precision"":""Half""},{""name"":""__myln_k_arg__bb1_2903"",""shape"":[1,1,16,128],""precision"":""Half""}]",inputs=Half|outputs=Half;Half,__myl_ResMulMea_0xf2413012cd9ac6341b95d78f3432c656
239,__myl_AddSqrDivMulMulResSliSliNegConMulMulAdd_myl0_239,kgen,[ONNX Layer: /q_norm_9/Add];[ONNX Layer: /q_norm_9/Sqrt];[ONNX Layer: /q_norm_9/Mul];[ONNX Layer: /q_norm_9/Mul_1];[ONNX Layer: /Transpose_45];[ONNX Layer: /Slice_36];[ONNX Layer: /Slice_37];[ONNX Layer: /Concat_112];[ONNX Layer: /Mul_83];[ONNX Layer: /Add_36];[ONNX Layer: /Mul_82];[ONNX Layer: /Neg_18];[ONNX Layer: /q_norm_9/Div],"[{""name"":""__myln_k_arg__bb1_2685"",""shape"":[1,1,1,128],""precision"":""Half""},{""name"":""__myln_k_arg__bb1_2684"",""shape"":[1,1,1,128],""precision"":""Half""},{""name"":""stack_layers_9_self_attn_q_norm_weight _ ONNXTRT_Broadcast_2577_constantHalf"",""shape"":[1,1,1,128],""precision"":""Half""},{""name"":""__myln_k_arg__bb1_2903"",""shape"":[1,1,16,128],""precision"":""Half""},{""name"":""__myln_k_arg__bb1_2904"",""shape"":[1,1,16,1],""precision"":""Half""}]","[{""name"":""/Add_36_output_0'.1"",""shape"":[1,16,1,128],""precision"":""Half""}]",inputs=Half;Half;Half;Half;Half|outputs=Half,__myl_AddSqrDivMulMulResSliSliNegConMulMulAdd_0xf1ba08cc3beaba8ee91b0504be9c2cf4
240,__mye676986_myl0_240,wait,,[],[],inputs=NONE|outputs=NONE,UNKNOWN
241,/MatMul_18_myl0_241,gemm,[ONNX Layer: /MatMul_18],"[{""name"":""/Add_36_output_0'.1"",""shape"":[16,1,128],""precision"":""Half""},{""name"":""shuffle_output_/Reshape_76 _ /Transpose_48_first_transpose_output.1"",""shape"":[16,128,-1],""precision"":""Half""},{""name"":""__mye568781/MatMul_18_alpha"",""shape"":[1],""precision"":""Float""},{""name"":""__mye568782/MatMul_18_beta"",""shape"":[1],""precision"":""Float""}]","[{""name"":""__mye568778"",""shape"":[16,1,-1],""precision"":""Half""}]",inputs=Half;Half;Float;Float|outputs=Half,sm80_xmma_gemm_f16f16_f16f32_f32_nn_n_tilesize32x32x64_stage6_warpsize2x2x1_tensor16x8x16_aligna2_alignc2
242,__myl_MulMaxSubExpSumDivMul_myl0_242,kgen,[ONNX Layer: /Mul_88];[ONNX Layer: /Softmax_9],"[{""name"":""__mye568778"",""shape"":[1,16,1,-1],""precision"":""Half""},{""name"":""__mye66760_proxy.1"",""shape"":[1],""precision"":""Int64""},{""name"":""proxy___mye312316.1"",""shape"":[1],""precision"":""Int64""}]","[{""name"":""/Softmax_9_output'.1"",""shape"":[1,16,1,-1],""precision"":""Half""}]",inputs=Half;Int64;Int64|outputs=Half,__myl_MulMaxSubExpSumDivMul_0x1108f5a078d6e65507c06537b9b2e43f
243,__mye676990_myl0_243,wait,,[],[],inputs=NONE|outputs=NONE,UNKNOWN
244,/MatMul_19_myl0_244,gemm,[ONNX Layer: /MatMul_19],"[{""name"":""/Softmax_9_output'.1"",""shape"":[16,1,-1],""precision"":""Half""},{""name"":""/Expand_19_output_0'.1"",""shape"":[16,-1,128],""precision"":""Half""},{""name"":""__mye568802/MatMul_19_alpha"",""shape"":[1],""precision"":""Float""},{""name"":""__mye568803/MatMul_19_beta"",""shape"":[1],""precision"":""Float""}]","[{""name"":""__myln_k_arg__bb1_2908"",""shape"":[16,1,128],""precision"":""Half""}]",inputs=Half;Half;Float;Float|outputs=Half,sm80_xmma_gemm_f16f16_f16f32_f32_nn_n_tilesize64x128x32_stage5_warpsize2x2x1_tensor16x8x16_aligna2_alignc2
245,__myl_MulMinMaxRouCas_myl0_245,kgen,[ONNX Layer: /o_proj_9/MatMul__a_quant],"[{""name"":""__myln_k_arg__bb1_2908"",""shape"":[16,1,128],""precision"":""Half""}]","[{""name"":""__mye574556_q8"",""shape"":[16,1,128],""precision"":""Int8""}]",inputs=Half|outputs=Int8,__myl_MulMinMaxRouCas_0x806abff2303c4adb22dac0953af546a1
246,__myl_FcCasAdd_myl0_246,fusion,[ONNX Layer: /o_proj_9/MatMul];[ONNX Layer: /o_proj_9/MatMul__a_dequant];[ONNX Layer: /o_proj_9/MatMul__a_quant];[ONNX Layer: /o_proj_9/MatMul__w_dequant];[ONNX Layer: /Add_38],"[{""name"":""hidden_l8"",""shape"":[1,1,1024],""precision"":""Half""},{""name"":""__mye574556_q8"",""shape"":[1,1,2048],""precision"":""Int8""},{""name"":""__mye619004dconst"",""shape"":[1,2048,1024],""precision"":""Int8""}]","[{""name"":""__myln_k_arg__bb1_2910"",""shape"":[1,1,1024],""precision"":""Half""}]",inputs=Half;Int8;Int8|outputs=Half,sm80_xmma_gemm_i8f32_i8i32_f32_tn_n_tilesize32x64x64_stage6_warpsize2x2x1_tensor16x8x32_by_fusion_tactic
247,__myl_MulMeaAddSqrDivMulMulMulMinMaxRouCas_myl0_247,kgen,[ONNX Layer: /post_attention_layernorm_9/Pow];[ONNX Layer: /post_attention_layernorm_9/ReduceMean];[ONNX Layer: /post_attention_layernorm_9/Add];[ONNX Layer: /post_attention_layernorm_9/Div];[ONNX Layer: /post_attention_layernorm_9/Sqrt];[ONNX Layer: /post_attention_layernorm_9/Mul];[ONNX Layer: /post_attention_layernorm_9/Mul_1];[ONNX Layer: /gate_proj_9/MatMul__a_quant],"[{""name"":""stack_layers_9_post_attention_layernorm_weight _ ONNXTRT_Broadcast_2826_constantHalf"",""shape"":[1,1,1024],""precision"":""Half""},{""name"":""__myln_k_arg__bb1_2910"",""shape"":[1,1,1024],""precision"":""Half""},{""name"":""__myln_k_arg__bb1_2910"",""shape"":[1,1,1024],""precision"":""Half""},{""name"":""__myln_k_arg__bb1_2910"",""shape"":[1,1,1024],""precision"":""Half""}]","[{""name"":""__myln_k_arg__bb1_2912"",""shape"":[1,1,1024],""precision"":""Int8""},{""name"":""__myln_k_arg__bb1_2911"",""shape"":[1,1,1024],""precision"":""Half""}]",inputs=Half;Half;Half;Half|outputs=Int8;Half,__myl_MulMeaAddSqrDivMulMulMulMinMaxRouCas_0xa03da8bd0547b3997e4af5d64a9f7047
248,/up_proj_9/MatMul_myl0_248,gemm,[ONNX Layer: /up_proj_9/MatMul],"[{""name"":""__myln_k_arg__bb1_2911"",""shape"":[1,1,1024],""precision"":""Half""},{""name"":""__mye619009dconst"",""shape"":[1,1024,3072],""precision"":""Half""},{""name"":""__mye568826/up_proj_9/MatMul_alpha"",""shape"":[1],""precision"":""Float""},{""name"":""__mye568827/up_proj_9/MatMul_beta"",""shape"":[1],""precision"":""Float""}]","[{""name"":""__myln_k_arg__bb1_2913"",""shape"":[1,1,3072],""precision"":""Half""}]",inputs=Half;Half;Float;Float|outputs=Half,sm80_xmma_gemm_f16f16_f16f16_f16_tn_n_tilesize32x32x64_stage6_warpsize2x2x1_tensor16x8x16
249,__myl_FcCasNegExpAddDivMulMul_myl0_249,fusion,[ONNX Layer: /gate_proj_9/MatMul];[ONNX Layer: /gate_proj_9/MatMul__a_dequant];[ONNX Layer: /gate_proj_9/MatMul__a_quant];[ONNX Layer: /gate_proj_9/MatMul__w_dequant];[ONNX Layer: /Mul_89];[ONNX Layer: /Mul_90];[ONNX Layer: /Sigmoid_9],"[{""name"":""__myln_k_arg__bb1_2913"",""shape"":[1,1,3072],""precision"":""Half""},{""name"":""__myln_k_arg__bb1_2912"",""shape"":[1,1,1024],""precision"":""Int8""},{""name"":""__mye619014dconst"",""shape"":[1,1024,3072],""precision"":""Int8""}]","[{""name"":""__myln_k_arg__bb1_2914"",""shape"":[1,1,3072],""precision"":""Half""}]",inputs=Half;Int8;Int8|outputs=Half,sm80_xmma_gemm_i8i8_i8i32_f32_tn_n_tilesize32x64x64_stage6_warpsize2x2x1_tensor16x8x32_by_fusion_tactic
250,__myl_FcAdd_myl0_250,fusion,[ONNX Layer: /down_proj_9/MatMul];[ONNX Layer: /Add_39],"[{""name"":""__myln_k_arg__bb1_2910"",""shape"":[1,1,1024],""precision"":""Half""},{""name"":""__myln_k_arg__bb1_2914"",""shape"":[1,1,3072],""precision"":""Half""},{""name"":""onnx__MatMul_7888 _ ONNXTRT_Broadcast_2835_constantHalf"",""shape"":[1,3072,1024],""precision"":""Half""}]","[{""name"":""hidden_l9"",""shape"":[1,1,1024],""precision"":""Half""}]",inputs=Half;Half;Half|outputs=Half,sm80_xmma_gemm_f16f16_f16f16_f16_nn_n_tilesize64x128x32_stage5_warpsize2x2x1_tensor16x8x16_by_fusion_tactic
251,__myl_MulMeaAddSqrDivMulDivMinMaxRouCasDivMinMaxRouCasDivMinMaxRouCas_myl0_251,kgen,[ONNX Layer: /q_proj_10/MatMul__a_quant];[ONNX Layer: /k_proj_10/MatMul__a_quant];[ONNX Layer: /v_proj_10/MatMul__a_quant];[ONNX Layer: /input_layernorm_10/Mul];[ONNX Layer: /input_layernorm_10/Sqrt];[ONNX Layer: /input_layernorm_10/Div];[ONNX Layer: /input_layernorm_10/Add];[ONNX Layer: /input_layernorm_10/ReduceMean];[ONNX Layer: /input_layernorm_10/Pow],"[{""name"":""hidden_l9"",""shape"":[1,1,1024],""precision"":""Half""},{""name"":""hidden_l9"",""shape"":[1,1,1024],""precision"":""Half""},{""name"":""hidden_l9"",""shape"":[1,1,1024],""precision"":""Half""},{""name"":""__mye609687_dconst"",""shape"":[1,1,1024],""precision"":""Half""},{""name"":""__mye609714_dconst"",""shape"":[1,1,1024],""precision"":""Half""},{""name"":""__mye609741_dconst"",""shape"":[1,1,1024],""precision"":""Half""}]","[{""name"":""__myln_k_arg__bb1_2918"",""shape"":[1,1,1024],""precision"":""Int8""},{""name"":""__myln_k_arg__bb1_2917"",""shape"":[1,1,1024],""precision"":""Int8""},{""name"":""__myln_k_arg__bb1_2916"",""shape"":[1,1,1024],""precision"":""Int8""}]",inputs=Half;Half;Half;Half;Half;Half|outputs=Int8;Int8;Int8,__myl_MulMeaAddSqrDivMulDivMinMaxRouCasDivMinMaxRouCasDivMinMaxRouCas_0x9f2c300bb597625319cadec4728f9bc5
252,__mye676992_myl0_252,signal,,[],[],inputs=NONE|outputs=NONE,UNKNOWN
253,__mye676994_myl0_253,wait,,[],[],inputs=NONE|outputs=NONE,UNKNOWN
254,__myl_FcCas_myl0_254,fusion,[ONNX Layer: /v_proj_10/MatMul];[ONNX Layer: /v_proj_10/MatMul__a_dequant];[ONNX Layer: /v_proj_10/MatMul__a_quant];[ONNX Layer: /v_proj_10/MatMul__w_dequant],"[{""name"":""__myln_k_arg__bb1_2918"",""shape"":[1,1,1024],""precision"":""Int8""},{""name"":""__mye619019dconst"",""shape"":[1,1024,1024],""precision"":""Int8""}]","[{""name"":""__myln_k_arg__bb1_2919"",""shape"":[1,1,1024],""precision"":""Half""}]",inputs=Int8;Int8|outputs=Half,sm80_xmma_gemm_i8f32_i8i32_f32_tn_n_tilesize32x64x64_stage6_warpsize2x2x1_tensor16x8x32_by_fusion_tactic
255,__myl_ResConResRep_myl0_255,kgen,[ONNX Layer: /Reshape_82];[ONNX Layer: /Transpose_52];[ONNX Layer: /Unsqueeze_238];[ONNX Layer: /Expand_21];[ONNX Layer: /Concat_127],"[{""name"":""past_v10"",""shape"":[1,8,-1,128],""precision"":""Half""},{""name"":""__myln_k_arg__bb1_2919"",""shape"":[1,1,1024],""precision"":""Half""},{""name"":""proxy___mye670788"",""shape"":[1],""precision"":""Int64""},{""name"":""proxy___mye670833"",""shape"":[1],""precision"":""Int64""},{""name"":""proxy___mye670858"",""shape"":[1],""precision"":""Int64""},{""name"":""__mye66760_proxy.1"",""shape"":[1],""precision"":""Int64""},{""name"":""proxy___mye619156"",""shape"":[1],""precision"":""Int64""},{""name"":""proxy___mye619123"",""shape"":[1],""precision"":""Int64""},{""name"":""proxy___mye619096"",""shape"":[1],""precision"":""Int64""},{""name"":""proxy___mye619063"",""shape"":[1],""precision"":""Int64""},{""name"":""proxy___mye619036"",""shape"":[1],""precision"":""Int64""},{""name"":""proxy___mye432949.1"",""shape"":[1],""precision"":""Int64""},{""name"":""proxy___mye432922.1"",""shape"":[1],""precision"":""Int64""},{""name"":""__mye66752_proxy.1"",""shape"":[1],""precision"":""Int64""},{""name"":""proxy___mye431294.1"",""shape"":[1],""precision"":""Int64""},{""name"":""proxy___mye430368.1"",""shape"":[1],""precision"":""Int64""}]","[{""name"":""present_v10"",""shape"":[1,8,-1,128],""precision"":""Half""},{""name"":""/Expand_21_output_0'.1"",""shape"":[1,8,2,-1,128],""precision"":""Half""}]",inputs=Half;Half;Int64;Int64;Int64;Int64;Int64;Int64;Int64;Int64;Int64;Int64;Int64;Int64;Int64;Int64|outputs=Half;Half,__myl_ResConResRep_0x9d40828c020eb6bb972be950c35191c1
256,__mye677002_myl0_256,signal,,[],[],inputs=NONE|outputs=NONE,UNKNOWN
257,__mye676996_myl0_257,wait,,[],[],inputs=NONE|outputs=NONE,UNKNOWN
258,__myl_FcCas_myl0_258,fusion,[ONNX Layer: /k_proj_10/MatMul];[ONNX Layer: /k_proj_10/MatMul__a_dequant];[ONNX Layer: /k_proj_10/MatMul__a_quant];[ONNX Layer: /k_proj_10/MatMul__w_dequant],"[{""name"":""__myln_k_arg__bb1_2917"",""shape"":[1,1,1024],""precision"":""Int8""},{""name"":""__mye619177dconst"",""shape"":[1,1024,1024],""precision"":""Int8""}]","[{""name"":""__myln_k_arg__bb1_2922"",""shape"":[1,1,1024],""precision"":""Half""}]",inputs=Int8;Int8|outputs=Half,sm80_xmma_gemm_i8f32_i8i32_f32_tn_n_tilesize32x64x64_stage6_warpsize2x2x1_tensor16x8x32_by_fusion_tactic
259,__myl_ResMulMea_myl0_259,kgen,[ONNX Layer: /Reshape_81];[ONNX Layer: /k_norm_10/Pow];[ONNX Layer: /k_norm_10/ReduceMean],"[{""name"":""__myln_k_arg__bb1_2922"",""shape"":[1,1,1024],""precision"":""Half""}]","[{""name"":""__myln_k_arg__bb1_2924"",""shape"":[1,1,8,1],""precision"":""Half""},{""name"":""__myln_k_arg__bb1_2923"",""shape"":[1,1,8,128],""precision"":""Half""}]",inputs=Half|outputs=Half;Half,__myl_ResMulMea_0x3c91498c3beee36a5653966af1581a8a
260,__myl_AddSqrDivMulMulResSliSliNegConMulMulAddConResRepResTra_myl0_260,kgen,[ONNX Layer: /k_norm_10/Add];[ONNX Layer: /k_norm_10/Sqrt];[ONNX Layer: /k_norm_10/Mul];[ONNX Layer: /k_norm_10/Mul_1];[ONNX Layer: /Transpose_51];[ONNX Layer: /Slice_42];[ONNX Layer: /Slice_43];[ONNX Layer: /Concat_125];[ONNX Layer: /Mul_94];[ONNX Layer: /Add_41];[ONNX Layer: /Mul_93];[ONNX Layer: /Unsqueeze_233];[ONNX Layer: /Reshape_84];[ONNX Layer: /Transpose_53];[ONNX Layer: /Expand_20];[ONNX Layer: /Concat_126];[ONNX Layer: /Neg_21];[ONNX Layer: /k_norm_10/Div],"[{""name"":""past_k10"",""shape"":[1,8,-1,128],""precision"":""Half""},{""name"":""__myln_k_arg__bb1_2685"",""shape"":[1,1,1,128],""precision"":""Half""},{""name"":""__myln_k_arg__bb1_2684"",""shape"":[1,1,1,128],""precision"":""Half""},{""name"":""stack_layers_10_self_attn_k_norm_weight _ ONNXTRT_Broadcast_2878_constantHalf"",""shape"":[1,1,1,128],""precision"":""Half""},{""name"":""__myln_k_arg__bb1_2923"",""shape"":[1,1,8,128],""precision"":""Half""},{""name"":""__myln_k_arg__bb1_2924"",""shape"":[1,1,8,1],""precision"":""Half""},{""name"":""proxy___mye670940"",""shape"":[1],""precision"":""Int64""},{""name"":""proxy___mye670979"",""shape"":[1],""precision"":""Int64""},{""name"":""proxy___mye671004"",""shape"":[1],""precision"":""Int64""},{""name"":""__mye66760_proxy.1"",""shape"":[1],""precision"":""Int64""},{""name"":""proxy___mye619439"",""shape"":[1],""precision"":""Int64""},{""name"":""proxy___mye619412"",""shape"":[1],""precision"":""Int64""},{""name"":""proxy___mye619379"",""shape"":[1],""precision"":""Int64""},{""name"":""proxy___mye619352"",""shape"":[1],""precision"":""Int64""},{""name"":""proxy___mye619319"",""shape"":[1],""precision"":""Int64""},{""name"":""proxy___mye619286"",""shape"":[1],""precision"":""Int64""},{""name"":""proxy___mye619259"",""shape"":[1],""precision"":""Int64""},{""name"":""proxy___mye619226"",""shape"":[1],""precision"":""Int64""},{""name"":""proxy___mye619199"",""shape"":[1],""precision"":""Int64""},{""name"":""proxy___mye433009.1"",""shape"":[1],""precision"":""Int64""},{""name"":""proxy___mye432982.1"",""shape"":[1],""precision"":""Int64""},{""name"":""__mye66752_proxy.1"",""shape"":[1],""precision"":""Int64""},{""name"":""proxy___mye430622.1"",""shape"":[1],""precision"":""Int64""},{""name"":""proxy___mye430368.1"",""shape"":[1],""precision"":""Int64""}]","[{""name"":""present_k10"",""shape"":[1,8,-1,128],""precision"":""Half""},{""name"":""shuffle_output_/Reshape_84 _ /Transpose_53_first_transpose_output.1"",""shape"":[1,16,128,-1],""precision"":""Half""}]",inputs=Half;Half;Half;Half;Half;Half;Int64;Int64;Int64;Int64;Int64;Int64;Int64;Int64;Int64;Int64;Int64;Int64;Int64;Int64;Int64;Int64;Int64;Int64|outputs=Half;Half,__myl_AddSqrDivMulMulResSliSliNegConMulMulAddConResRepResTra_0x5aea462b6a819ceadd3ebb32874c078f
261,__mye676998_myl0_261,signal,,[],[],inputs=NONE|outputs=NONE,UNKNOWN
262,__myl_FcCas_myl0_262,fusion,[ONNX Layer: /q_proj_10/MatMul];[ONNX Layer: /q_proj_10/MatMul__a_dequant];[ONNX Layer: /q_proj_10/MatMul__a_quant];[ONNX Layer: /q_proj_10/MatMul__w_dequant],"[{""name"":""__myln_k_arg__bb1_2916"",""shape"":[1,1,1024],""precision"":""Int8""},{""name"":""__mye619182dconst"",""shape"":[1,1024,2048],""precision"":""Int8""}]","[{""name"":""__myln_k_arg__bb1_2927"",""shape"":[1,1,2048],""precision"":""Half""}]",inputs=Int8;Int8|outputs=Half,sm80_xmma_gemm_i8f32_i8i32_f32_tn_n_tilesize32x64x64_stage6_warpsize2x2x1_tensor16x8x32_by_fusion_tactic
263,__myl_ResMulMea_myl0_263,kgen,[ONNX Layer: /Reshape_80];[ONNX Layer: /q_norm_10/Pow];[ONNX Layer: /q_norm_10/ReduceMean],"[{""name"":""__myln_k_arg__bb1_2927"",""shape"":[1,1,2048],""precision"":""Half""}]","[{""name"":""__myln_k_arg__bb1_2929"",""shape"":[1,1,16,1],""precision"":""Half""},{""name"":""__myln_k_arg__bb1_2928"",""shape"":[1,1,16,128],""precision"":""Half""}]",inputs=Half|outputs=Half;Half,__myl_ResMulMea_0xf2413012cd9ac6341b95d78f3432c656
264,__myl_AddSqrDivMulMulResSliSliNegConMulMulAdd_myl0_264,kgen,[ONNX Layer: /q_norm_10/Add];[ONNX Layer: /q_norm_10/Sqrt];[ONNX Layer: /q_norm_10/Mul];[ONNX Layer: /q_norm_10/Mul_1];[ONNX Layer: /Transpose_50];[ONNX Layer: /Slice_40];[ONNX Layer: /Slice_41];[ONNX Layer: /Concat_124];[ONNX Layer: /Mul_92];[ONNX Layer: /Add_40];[ONNX Layer: /Mul_91];[ONNX Layer: /Neg_20];[ONNX Layer: /q_norm_10/Div],"[{""name"":""__myln_k_arg__bb1_2685"",""shape"":[1,1,1,128],""precision"":""Half""},{""name"":""__myln_k_arg__bb1_2684"",""shape"":[1,1,1,128],""precision"":""Half""},{""name"":""stack_layers_10_self_attn_q_norm_weight _ ONNXTRT_Broadcast_2860_constantHalf"",""shape"":[1,1,1,128],""precision"":""Half""},{""name"":""__myln_k_arg__bb1_2928"",""shape"":[1,1,16,128],""precision"":""Half""},{""name"":""__myln_k_arg__bb1_2929"",""shape"":[1,1,16,1],""precision"":""Half""}]","[{""name"":""/Add_40_output_0'.1"",""shape"":[1,16,1,128],""precision"":""Half""}]",inputs=Half;Half;Half;Half;Half|outputs=Half,__myl_AddSqrDivMulMulResSliSliNegConMulMulAdd_0xf1ba08cc3beaba8ee91b0504be9c2cf4
265,__mye677000_myl0_265,wait,,[],[],inputs=NONE|outputs=NONE,UNKNOWN
266,/MatMul_20_myl0_266,gemm,[ONNX Layer: /MatMul_20],"[{""name"":""/Add_40_output_0'.1"",""shape"":[16,1,128],""precision"":""Half""},{""name"":""shuffle_output_/Reshape_84 _ /Transpose_53_first_transpose_output.1"",""shape"":[16,128,-1],""precision"":""Half""},{""name"":""__mye568900/MatMul_20_alpha"",""shape"":[1],""precision"":""Float""},{""name"":""__mye568901/MatMul_20_beta"",""shape"":[1],""precision"":""Float""}]","[{""name"":""__mye568897"",""shape"":[16,1,-1],""precision"":""Half""}]",inputs=Half;Half;Float;Float|outputs=Half,sm80_xmma_gemm_f16f16_f16f32_f32_nn_n_tilesize32x32x64_stage6_warpsize2x2x1_tensor16x8x16_aligna2_alignc2
267,__myl_MulMaxSubExpSumDivMul_myl0_267,kgen,[ONNX Layer: /Mul_97];[ONNX Layer: /Softmax_10],"[{""name"":""__mye568897"",""shape"":[1,16,1,-1],""precision"":""Half""},{""name"":""__mye66760_proxy.1"",""shape"":[1],""precision"":""Int64""},{""name"":""proxy___mye312316.1"",""shape"":[1],""precision"":""Int64""}]","[{""name"":""/Softmax_10_output'.1"",""shape"":[1,16,1,-1],""precision"":""Half""}]",inputs=Half;Int64;Int64|outputs=Half,__myl_MulMaxSubExpSumDivMul_0x1108f5a078d6e65507c06537b9b2e43f
268,__mye677004_myl0_268,wait,,[],[],inputs=NONE|outputs=NONE,UNKNOWN
269,/MatMul_21_myl0_269,gemm,[ONNX Layer: /MatMul_21],"[{""name"":""/Softmax_10_output'.1"",""shape"":[16,1,-1],""precision"":""Half""},{""name"":""/Expand_21_output_0'.1"",""shape"":[16,-1,128],""precision"":""Half""},{""name"":""__mye568921/MatMul_21_alpha"",""shape"":[1],""precision"":""Float""},{""name"":""__mye568922/MatMul_21_beta"",""shape"":[1],""precision"":""Float""}]","[{""name"":""__myln_k_arg__bb1_2933"",""shape"":[16,1,128],""precision"":""Half""}]",inputs=Half;Half;Float;Float|outputs=Half,sm80_xmma_gemm_f16f16_f16f32_f32_nn_n_tilesize64x128x32_stage5_warpsize2x2x1_tensor16x8x16_aligna2_alignc2
270,__myl_MulMinMaxRouCas_myl0_270,kgen,[ONNX Layer: /o_proj_10/MatMul__a_quant],"[{""name"":""__myln_k_arg__bb1_2933"",""shape"":[16,1,128],""precision"":""Half""}]","[{""name"":""__mye574562_q8"",""shape"":[16,1,128],""precision"":""Int8""}]",inputs=Half|outputs=Int8,__myl_MulMinMaxRouCas_0xfffd234660cce4d6758da70fc32eeb17
271,__myl_FcCasAdd_myl0_271,fusion,[ONNX Layer: /o_proj_10/MatMul];[ONNX Layer: /o_proj_10/MatMul__a_dequant];[ONNX Layer: /o_proj_10/MatMul__a_quant];[ONNX Layer: /o_proj_10/MatMul__w_dequant];[ONNX Layer: /Add_42],"[{""name"":""hidden_l9"",""shape"":[1,1,1024],""precision"":""Half""},{""name"":""__mye574562_q8"",""shape"":[1,1,2048],""precision"":""Int8""},{""name"":""__mye619534dconst"",""shape"":[1,2048,1024],""precision"":""Int8""}]","[{""name"":""__myln_k_arg__bb1_2935"",""shape"":[1,1,1024],""precision"":""Half""}]",inputs=Half;Int8;Int8|outputs=Half,sm80_xmma_gemm_i8f32_i8i32_f32_tn_n_tilesize32x64x64_stage6_warpsize2x2x1_tensor16x8x32_by_fusion_tactic
272,__myl_MulMeaAddSqrDivMulMulMulMinMaxRouCas_myl0_272,kgen,[ONNX Layer: /post_attention_layernorm_10/Pow];[ONNX Layer: /post_attention_layernorm_10/ReduceMean];[ONNX Layer: /post_attention_layernorm_10/Add];[ONNX Layer: /post_attention_layernorm_10/Div];[ONNX Layer: /post_attention_layernorm_10/Sqrt];[ONNX Layer: /post_attention_layernorm_10/Mul];[ONNX Layer: /post_attention_layernorm_10/Mul_1];[ONNX Layer: /gate_proj_10/MatMul__a_quant],"[{""name"":""stack_layers_10_post_attention_layernorm_weight _ ONNXTRT_Broadcast_3109_constantHalf"",""shape"":[1,1,1024],""precision"":""Half""},{""name"":""__myln_k_arg__bb1_2935"",""shape"":[1,1,1024],""precision"":""Half""},{""name"":""__myln_k_arg__bb1_2935"",""shape"":[1,1,1024],""precision"":""Half""},{""name"":""__myln_k_arg__bb1_2935"",""shape"":[1,1,1024],""precision"":""Half""}]","[{""name"":""__myln_k_arg__bb1_2937"",""shape"":[1,1,1024],""precision"":""Int8""},{""name"":""__myln_k_arg__bb1_2936"",""shape"":[1,1,1024],""precision"":""Half""}]",inputs=Half;Half;Half;Half|outputs=Int8;Half,__myl_MulMeaAddSqrDivMulMulMulMinMaxRouCas_0xbc9bffbf2b5683589f7ee804485f8f6c
273,/up_proj_10/MatMul_myl0_273,gemm,[ONNX Layer: /up_proj_10/MatMul],"[{""name"":""__myln_k_arg__bb1_2936"",""shape"":[1,1,1024],""precision"":""Half""},{""name"":""__mye619539dconst"",""shape"":[1,1024,3072],""precision"":""Half""},{""name"":""__mye568945/up_proj_10/MatMul_alpha"",""shape"":[1],""precision"":""Float""},{""name"":""__mye568946/up_proj_10/MatMul_beta"",""shape"":[1],""precision"":""Float""}]","[{""name"":""__myln_k_arg__bb1_2938"",""shape"":[1,1,3072],""precision"":""Half""}]",inputs=Half;Half;Float;Float|outputs=Half,sm80_xmma_gemm_f16f16_f16f16_f16_tn_n_tilesize32x32x64_stage6_warpsize2x2x1_tensor16x8x16
274,__myl_FcCasNegExpAddDivMulMul_myl0_274,fusion,[ONNX Layer: /gate_proj_10/MatMul];[ONNX Layer: /gate_proj_10/MatMul__a_dequant];[ONNX Layer: /gate_proj_10/MatMul__a_quant];[ONNX Layer: /gate_proj_10/MatMul__w_dequant];[ONNX Layer: /Mul_98];[ONNX Layer: /Mul_99];[ONNX Layer: /Sigmoid_10],"[{""name"":""__myln_k_arg__bb1_2938"",""shape"":[1,1,3072],""precision"":""Half""},{""name"":""__myln_k_arg__bb1_2937"",""shape"":[1,1,1024],""precision"":""Int8""},{""name"":""__mye619544dconst"",""shape"":[1,1024,3072],""precision"":""Int8""}]","[{""name"":""__myln_k_arg__bb1_2939"",""shape"":[1,1,3072],""precision"":""Half""}]",inputs=Half;Int8;Int8|outputs=Half,sm80_xmma_gemm_i8i8_i8i32_f32_tn_n_tilesize32x64x64_stage6_warpsize2x2x1_tensor16x8x32_by_fusion_tactic
275,__myl_FcAdd_myl0_275,fusion,[ONNX Layer: /down_proj_10/MatMul];[ONNX Layer: /Add_43],"[{""name"":""__myln_k_arg__bb1_2935"",""shape"":[1,1,1024],""precision"":""Half""},{""name"":""__myln_k_arg__bb1_2939"",""shape"":[1,1,3072],""precision"":""Half""},{""name"":""onnx__MatMul_7924 _ ONNXTRT_Broadcast_3118_constantHalf"",""shape"":[1,3072,1024],""precision"":""Half""}]","[{""name"":""hidden_l10"",""shape"":[1,1,1024],""precision"":""Half""}]",inputs=Half;Half;Half|outputs=Half,sm80_xmma_gemm_f16f16_f16f16_f16_nn_n_tilesize64x128x32_stage5_warpsize2x2x1_tensor16x8x16_by_fusion_tactic
276,__myl_MulMeaAddSqrDivMulDivMinMaxRouCasDivMinMaxRouCasDivMinMaxRouCas_myl0_276,kgen,[ONNX Layer: /q_proj_11/MatMul__a_quant];[ONNX Layer: /k_proj_11/MatMul__a_quant];[ONNX Layer: /v_proj_11/MatMul__a_quant];[ONNX Layer: /input_layernorm_11/Mul];[ONNX Layer: /input_layernorm_11/Sqrt];[ONNX Layer: /input_layernorm_11/Div];[ONNX Layer: /input_layernorm_11/Add];[ONNX Layer: /input_layernorm_11/ReduceMean];[ONNX Layer: /input_layernorm_11/Pow],"[{""name"":""hidden_l10"",""shape"":[1,1,1024],""precision"":""Half""},{""name"":""hidden_l10"",""shape"":[1,1,1024],""precision"":""Half""},{""name"":""hidden_l10"",""shape"":[1,1,1024],""precision"":""Half""},{""name"":""__mye609812_dconst"",""shape"":[1,1,1024],""precision"":""Half""},{""name"":""__mye609839_dconst"",""shape"":[1,1,1024],""precision"":""Half""},{""name"":""__mye609866_dconst"",""shape"":[1,1,1024],""precision"":""Half""}]","[{""name"":""__myln_k_arg__bb1_2943"",""shape"":[1,1,1024],""precision"":""Int8""},{""name"":""__myln_k_arg__bb1_2942"",""shape"":[1,1,1024],""precision"":""Int8""},{""name"":""__myln_k_arg__bb1_2941"",""shape"":[1,1,1024],""precision"":""Int8""}]",inputs=Half;Half;Half;Half;Half;Half|outputs=Int8;Int8;Int8,__myl_MulMeaAddSqrDivMulDivMinMaxRouCasDivMinMaxRouCasDivMinMaxRouCas_0x9f2c300bb597625319cadec4728f9bc5
277,__mye677006_myl0_277,signal,,[],[],inputs=NONE|outputs=NONE,UNKNOWN
278,__mye677008_myl0_278,wait,,[],[],inputs=NONE|outputs=NONE,UNKNOWN
279,__myl_FcCas_myl0_279,fusion,[ONNX Layer: /v_proj_11/MatMul];[ONNX Layer: /v_proj_11/MatMul__a_dequant];[ONNX Layer: /v_proj_11/MatMul__a_quant];[ONNX Layer: /v_proj_11/MatMul__w_dequant],"[{""name"":""__myln_k_arg__bb1_2943"",""shape"":[1,1,1024],""precision"":""Int8""},{""name"":""__mye619549dconst"",""shape"":[1,1024,1024],""precision"":""Int8""}]","[{""name"":""__myln_k_arg__bb1_2944"",""shape"":[1,1,1024],""precision"":""Half""}]",inputs=Int8;Int8|outputs=Half,sm80_xmma_gemm_i8f32_i8i32_f32_tn_n_tilesize32x64x64_stage6_warpsize2x2x1_tensor16x8x32_by_fusion_tactic
280,__myl_ResConResRep_myl0_280,kgen,[ONNX Layer: /Reshape_90];[ONNX Layer: /Transpose_57];[ONNX Layer: /Unsqueeze_260];[ONNX Layer: /Expand_23];[ONNX Layer: /Concat_139],"[{""name"":""past_v11"",""shape"":[1,8,-1,128],""precision"":""Half""},{""name"":""__myln_k_arg__bb1_2944"",""shape"":[1,1,1024],""precision"":""Half""},{""name"":""proxy___mye671126"",""shape"":[1],""precision"":""Int64""},{""name"":""proxy___mye671171"",""shape"":[1],""precision"":""Int64""},{""name"":""proxy___mye671196"",""shape"":[1],""precision"":""Int64""},{""name"":""__mye66760_proxy.1"",""shape"":[1],""precision"":""Int64""},{""name"":""proxy___mye619686"",""shape"":[1],""precision"":""Int64""},{""name"":""proxy___mye619653"",""shape"":[1],""precision"":""Int64""},{""name"":""proxy___mye619626"",""shape"":[1],""precision"":""Int64""},{""name"":""proxy___mye619593"",""shape"":[1],""precision"":""Int64""},{""name"":""proxy___mye619566"",""shape"":[1],""precision"":""Int64""},{""name"":""proxy___mye433069.1"",""shape"":[1],""precision"":""Int64""},{""name"":""proxy___mye433042.1"",""shape"":[1],""precision"":""Int64""},{""name"":""__mye66752_proxy.1"",""shape"":[1],""precision"":""Int64""},{""name"":""proxy___mye431318.1"",""shape"":[1],""precision"":""Int64""},{""name"":""proxy___mye430368.1"",""shape"":[1],""precision"":""Int64""}]","[{""name"":""present_v11"",""shape"":[1,8,-1,128],""precision"":""Half""},{""name"":""/Expand_23_output_0'.1"",""shape"":[1,8,2,-1,128],""precision"":""Half""}]",inputs=Half;Half;Int64;Int64;Int64;Int64;Int64;Int64;Int64;Int64;Int64;Int64;Int64;Int64;Int64;Int64|outputs=Half;Half,__myl_ResConResRep_0x9d40828c020eb6bb972be950c35191c1
281,__mye677016_myl0_281,signal,,[],[],inputs=NONE|outputs=NONE,UNKNOWN
282,__mye677010_myl0_282,wait,,[],[],inputs=NONE|outputs=NONE,UNKNOWN
283,__myl_FcCas_myl0_283,fusion,[ONNX Layer: /k_proj_11/MatMul];[ONNX Layer: /k_proj_11/MatMul__a_dequant];[ONNX Layer: /k_proj_11/MatMul__a_quant];[ONNX Layer: /k_proj_11/MatMul__w_dequant],"[{""name"":""__myln_k_arg__bb1_2942"",""shape"":[1,1,1024],""precision"":""Int8""},{""name"":""__mye619707dconst"",""shape"":[1,1024,1024],""precision"":""Int8""}]","[{""name"":""__myln_k_arg__bb1_2947"",""shape"":[1,1,1024],""precision"":""Half""}]",inputs=Int8;Int8|outputs=Half,sm80_xmma_gemm_i8f32_i8i32_f32_tn_n_tilesize32x64x64_stage6_warpsize2x2x1_tensor16x8x32_by_fusion_tactic
284,__myl_ResMulMea_myl0_284,kgen,[ONNX Layer: /Reshape_89];[ONNX Layer: /k_norm_11/Pow];[ONNX Layer: /k_norm_11/ReduceMean],"[{""name"":""__myln_k_arg__bb1_2947"",""shape"":[1,1,1024],""precision"":""Half""}]","[{""name"":""__myln_k_arg__bb1_2949"",""shape"":[1,1,8,1],""precision"":""Half""},{""name"":""__myln_k_arg__bb1_2948"",""shape"":[1,1,8,128],""precision"":""Half""}]",inputs=Half|outputs=Half;Half,__myl_ResMulMea_0x3c91498c3beee36a5653966af1581a8a
285,__myl_AddSqrDivMulMulResSliSliNegConMulMulAddConResRepResTra_myl0_285,kgen,[ONNX Layer: /k_norm_11/Add];[ONNX Layer: /k_norm_11/Sqrt];[ONNX Layer: /k_norm_11/Mul];[ONNX Layer: /k_norm_11/Mul_1];[ONNX Layer: /Transpose_56];[ONNX Layer: /Slice_46];[ONNX Layer: /Slice_47];[ONNX Layer: /Concat_137];[ONNX Layer: /Mul_103];[ONNX Layer: /Add_45];[ONNX Layer: /Mul_102];[ONNX Layer: /Unsqueeze_255];[ONNX Layer: /Reshape_92];[ONNX Layer: /Transpose_58];[ONNX Layer: /Expand_22];[ONNX Layer: /Concat_138];[ONNX Layer: /Neg_23];[ONNX Layer: /k_norm_11/Div],"[{""name"":""past_k11"",""shape"":[1,8,-1,128],""precision"":""Half""},{""name"":""__myln_k_arg__bb1_2685"",""shape"":[1,1,1,128],""precision"":""Half""},{""name"":""__myln_k_arg__bb1_2684"",""shape"":[1,1,1,128],""precision"":""Half""},{""name"":""stack_layers_11_self_attn_k_norm_weight _ ONNXTRT_Broadcast_3161_constantHalf"",""shape"":[1,1,1,128],""precision"":""Half""},{""name"":""__myln_k_arg__bb1_2948"",""shape"":[1,1,8,128],""precision"":""Half""},{""name"":""__myln_k_arg__bb1_2949"",""shape"":[1,1,8,1],""precision"":""Half""},{""name"":""proxy___mye671278"",""shape"":[1],""precision"":""Int64""},{""name"":""proxy___mye671317"",""shape"":[1],""precision"":""Int64""},{""name"":""proxy___mye671342"",""shape"":[1],""precision"":""Int64""},{""name"":""__mye66760_proxy.1"",""shape"":[1],""precision"":""Int64""},{""name"":""proxy___mye619969"",""shape"":[1],""precision"":""Int64""},{""name"":""proxy___mye619942"",""shape"":[1],""precision"":""Int64""},{""name"":""proxy___mye619909"",""shape"":[1],""precision"":""Int64""},{""name"":""proxy___mye619882"",""shape"":[1],""precision"":""Int64""},{""name"":""proxy___mye619849"",""shape"":[1],""precision"":""Int64""},{""name"":""proxy___mye619816"",""shape"":[1],""precision"":""Int64""},{""name"":""proxy___mye619789"",""shape"":[1],""precision"":""Int64""},{""name"":""proxy___mye619756"",""shape"":[1],""precision"":""Int64""},{""name"":""proxy___mye619729"",""shape"":[1],""precision"":""Int64""},{""name"":""proxy___mye433129.1"",""shape"":[1],""precision"":""Int64""},{""name"":""proxy___mye433102.1"",""shape"":[1],""precision"":""Int64""},{""name"":""__mye66752_proxy.1"",""shape"":[1],""precision"":""Int64""},{""name"":""proxy___mye430646.1"",""shape"":[1],""precision"":""Int64""},{""name"":""proxy___mye430368.1"",""shape"":[1],""precision"":""Int64""}]","[{""name"":""present_k11"",""shape"":[1,8,-1,128],""precision"":""Half""},{""name"":""shuffle_output_/Reshape_92 _ /Transpose_58_first_transpose_output.1"",""shape"":[1,16,128,-1],""precision"":""Half""}]",inputs=Half;Half;Half;Half;Half;Half;Int64;Int64;Int64;Int64;Int64;Int64;Int64;Int64;Int64;Int64;Int64;Int64;Int64;Int64;Int64;Int64;Int64;Int64|outputs=Half;Half,__myl_AddSqrDivMulMulResSliSliNegConMulMulAddConResRepResTra_0x5aea462b6a819ceadd3ebb32874c078f
286,__mye677012_myl0_286,signal,,[],[],inputs=NONE|outputs=NONE,UNKNOWN
287,__myl_FcCas_myl0_287,fusion,[ONNX Layer: /q_proj_11/MatMul];[ONNX Layer: /q_proj_11/MatMul__a_dequant];[ONNX Layer: /q_proj_11/MatMul__a_quant];[ONNX Layer: /q_proj_11/MatMul__w_dequant],"[{""name"":""__myln_k_arg__bb1_2941"",""shape"":[1,1,1024],""precision"":""Int8""},{""name"":""__mye619712dconst"",""shape"":[1,1024,2048],""precision"":""Int8""}]","[{""name"":""__myln_k_arg__bb1_2952"",""shape"":[1,1,2048],""precision"":""Half""}]",inputs=Int8;Int8|outputs=Half,sm80_xmma_gemm_i8f32_i8i32_f32_tn_n_tilesize32x64x64_stage6_warpsize2x2x1_tensor16x8x32_by_fusion_tactic
288,__myl_ResMulMea_myl0_288,kgen,[ONNX Layer: /Reshape_88];[ONNX Layer: /q_norm_11/Pow];[ONNX Layer: /q_norm_11/ReduceMean],"[{""name"":""__myln_k_arg__bb1_2952"",""shape"":[1,1,2048],""precision"":""Half""}]","[{""name"":""__myln_k_arg__bb1_2954"",""shape"":[1,1,16,1],""precision"":""Half""},{""name"":""__myln_k_arg__bb1_2953"",""shape"":[1,1,16,128],""precision"":""Half""}]",inputs=Half|outputs=Half;Half,__myl_ResMulMea_0xf2413012cd9ac6341b95d78f3432c656
289,__myl_AddSqrDivMulMulResSliSliNegConMulMulAdd_myl0_289,kgen,[ONNX Layer: /q_norm_11/Add];[ONNX Layer: /q_norm_11/Sqrt];[ONNX Layer: /q_norm_11/Mul];[ONNX Layer: /q_norm_11/Mul_1];[ONNX Layer: /Transpose_55];[ONNX Layer: /Slice_44];[ONNX Layer: /Slice_45];[ONNX Layer: /Concat_136];[ONNX Layer: /Mul_101];[ONNX Layer: /Add_44];[ONNX Layer: /Mul_100];[ONNX Layer: /Neg_22];[ONNX Layer: /q_norm_11/Div],"[{""name"":""__myln_k_arg__bb1_2685"",""shape"":[1,1,1,128],""precision"":""Half""},{""name"":""__myln_k_arg__bb1_2684"",""shape"":[1,1,1,128],""precision"":""Half""},{""name"":""stack_layers_11_self_attn_q_norm_weight _ ONNXTRT_Broadcast_3143_constantHalf"",""shape"":[1,1,1,128],""precision"":""Half""},{""name"":""__myln_k_arg__bb1_2953"",""shape"":[1,1,16,128],""precision"":""Half""},{""name"":""__myln_k_arg__bb1_2954"",""shape"":[1,1,16,1],""precision"":""Half""}]","[{""name"":""/Add_44_output_0'.1"",""shape"":[1,16,1,128],""precision"":""Half""}]",inputs=Half;Half;Half;Half;Half|outputs=Half,__myl_AddSqrDivMulMulResSliSliNegConMulMulAdd_0xf1ba08cc3beaba8ee91b0504be9c2cf4
290,__mye677014_myl0_290,wait,,[],[],inputs=NONE|outputs=NONE,UNKNOWN
291,/MatMul_22_myl0_291,gemm,[ONNX Layer: /MatMul_22],"[{""name"":""/Add_44_output_0'.1"",""shape"":[16,1,128],""precision"":""Half""},{""name"":""shuffle_output_/Reshape_92 _ /Transpose_58_first_transpose_output.1"",""shape"":[16,128,-1],""precision"":""Half""},{""name"":""__mye569019/MatMul_22_alpha"",""shape"":[1],""precision"":""Float""},{""name"":""__mye569020/MatMul_22_beta"",""shape"":[1],""precision"":""Float""}]","[{""name"":""__mye569016"",""shape"":[16,1,-1],""precision"":""Half""}]",inputs=Half;Half;Float;Float|outputs=Half,sm80_xmma_gemm_f16f16_f16f32_f32_nn_n_tilesize32x32x64_stage6_warpsize2x2x1_tensor16x8x16_aligna2_alignc2
292,__myl_MulMaxSubExpSumDivMul_myl0_292,kgen,[ONNX Layer: /Mul_106];[ONNX Layer: /Softmax_11],"[{""name"":""__mye569016"",""shape"":[1,16,1,-1],""precision"":""Half""},{""name"":""__mye66760_proxy.1"",""shape"":[1],""precision"":""Int64""},{""name"":""proxy___mye312316.1"",""shape"":[1],""precision"":""Int64""}]","[{""name"":""/Softmax_11_output'.1"",""shape"":[1,16,1,-1],""precision"":""Half""}]",inputs=Half;Int64;Int64|outputs=Half,__myl_MulMaxSubExpSumDivMul_0x1108f5a078d6e65507c06537b9b2e43f
293,__mye677018_myl0_293,wait,,[],[],inputs=NONE|outputs=NONE,UNKNOWN
294,/MatMul_23_myl0_294,gemm,[ONNX Layer: /MatMul_23],"[{""name"":""/Softmax_11_output'.1"",""shape"":[16,1,-1],""precision"":""Half""},{""name"":""/Expand_23_output_0'.1"",""shape"":[16,-1,128],""precision"":""Half""},{""name"":""__mye569040/MatMul_23_alpha"",""shape"":[1],""precision"":""Float""},{""name"":""__mye569041/MatMul_23_beta"",""shape"":[1],""precision"":""Float""}]","[{""name"":""__myln_k_arg__bb1_2958"",""shape"":[16,1,128],""precision"":""Half""}]",inputs=Half;Half;Float;Float|outputs=Half,sm80_xmma_gemm_f16f16_f16f32_f32_nn_n_tilesize64x128x32_stage5_warpsize2x2x1_tensor16x8x16_aligna2_alignc2
295,__myl_MulMinMaxRouCas_myl0_295,kgen,[ONNX Layer: /o_proj_11/MatMul__a_quant],"[{""name"":""__myln_k_arg__bb1_2958"",""shape"":[16,1,128],""precision"":""Half""}]","[{""name"":""__mye574568_q8"",""shape"":[16,1,128],""precision"":""Int8""}]",inputs=Half|outputs=Int8,__myl_MulMinMaxRouCas_0x7c03f425cd0cc19febc97cb69c1f2cdb
296,__myl_FcCasAdd_myl0_296,fusion,[ONNX Layer: /o_proj_11/MatMul];[ONNX Layer: /o_proj_11/MatMul__a_dequant];[ONNX Layer: /o_proj_11/MatMul__a_quant];[ONNX Layer: /o_proj_11/MatMul__w_dequant];[ONNX Layer: /Add_46],"[{""name"":""hidden_l10"",""shape"":[1,1,1024],""precision"":""Half""},{""name"":""__mye574568_q8"",""shape"":[1,1,2048],""precision"":""Int8""},{""name"":""__mye620064dconst"",""shape"":[1,2048,1024],""precision"":""Int8""}]","[{""name"":""__myln_k_arg__bb1_2960"",""shape"":[1,1,1024],""precision"":""Half""}]",inputs=Half;Int8;Int8|outputs=Half,sm80_xmma_gemm_i8f32_i8i32_f32_tn_n_tilesize32x64x64_stage6_warpsize2x2x1_tensor16x8x32_by_fusion_tactic
297,__myl_MulMeaAddSqrDivMulMulMulMinMaxRouCas_myl0_297,kgen,[ONNX Layer: /post_attention_layernorm_11/Pow];[ONNX Layer: /post_attention_layernorm_11/ReduceMean];[ONNX Layer: /post_attention_layernorm_11/Add];[ONNX Layer: /post_attention_layernorm_11/Div];[ONNX Layer: /post_attention_layernorm_11/Sqrt];[ONNX Layer: /post_attention_layernorm_11/Mul];[ONNX Layer: /post_attention_layernorm_11/Mul_1];[ONNX Layer: /gate_proj_11/MatMul__a_quant],"[{""name"":""stack_layers_11_post_attention_layernorm_weight _ ONNXTRT_Broadcast_3392_constantHalf"",""shape"":[1,1,1024],""precision"":""Half""},{""name"":""__myln_k_arg__bb1_2960"",""shape"":[1,1,1024],""precision"":""Half""},{""name"":""__myln_k_arg__bb1_2960"",""shape"":[1,1,1024],""precision"":""Half""},{""name"":""__myln_k_arg__bb1_2960"",""shape"":[1,1,1024],""precision"":""Half""}]","[{""name"":""__myln_k_arg__bb1_2962"",""shape"":[1,1,1024],""precision"":""Int8""},{""name"":""__myln_k_arg__bb1_2961"",""shape"":[1,1,1024],""precision"":""Half""}]",inputs=Half;Half;Half;Half|outputs=Int8;Half,__myl_MulMeaAddSqrDivMulMulMulMinMaxRouCas_0xcf81b38212e8f296e353aae060904a23
298,/up_proj_11/MatMul_myl0_298,gemm,[ONNX Layer: /up_proj_11/MatMul],"[{""name"":""__myln_k_arg__bb1_2961"",""shape"":[1,1,1024],""precision"":""Half""},{""name"":""__mye620069dconst"",""shape"":[1,1024,3072],""precision"":""Half""},{""name"":""__mye569064/up_proj_11/MatMul_alpha"",""shape"":[1],""precision"":""Float""},{""name"":""__mye569065/up_proj_11/MatMul_beta"",""shape"":[1],""precision"":""Float""}]","[{""name"":""__myln_k_arg__bb1_2963"",""shape"":[1,1,3072],""precision"":""Half""}]",inputs=Half;Half;Float;Float|outputs=Half,sm80_xmma_gemm_f16f16_f16f16_f16_tn_n_tilesize32x32x64_stage6_warpsize2x2x1_tensor16x8x16
299,__myl_FcCasNegExpAddDivMulMul_myl0_299,fusion,[ONNX Layer: /gate_proj_11/MatMul];[ONNX Layer: /gate_proj_11/MatMul__a_dequant];[ONNX Layer: /gate_proj_11/MatMul__a_quant];[ONNX Layer: /gate_proj_11/MatMul__w_dequant];[ONNX Layer: /Mul_107];[ONNX Layer: /Mul_108];[ONNX Layer: /Sigmoid_11],"[{""name"":""__myln_k_arg__bb1_2963"",""shape"":[1,1,3072],""precision"":""Half""},{""name"":""__myln_k_arg__bb1_2962"",""shape"":[1,1,1024],""precision"":""Int8""},{""name"":""__mye620074dconst"",""shape"":[1,1024,3072],""precision"":""Int8""}]","[{""name"":""__myln_k_arg__bb1_2964"",""shape"":[1,1,3072],""precision"":""Half""}]",inputs=Half;Int8;Int8|outputs=Half,sm80_xmma_gemm_i8i8_i8i32_f32_tn_n_tilesize32x64x64_stage6_warpsize2x2x1_tensor16x8x32_by_fusion_tactic
300,__myl_FcAdd_myl0_300,fusion,[ONNX Layer: /down_proj_11/MatMul];[ONNX Layer: /Add_47],"[{""name"":""__myln_k_arg__bb1_2960"",""shape"":[1,1,1024],""precision"":""Half""},{""name"":""__myln_k_arg__bb1_2964"",""shape"":[1,1,3072],""precision"":""Half""},{""name"":""onnx__MatMul_7960 _ ONNXTRT_Broadcast_3401_constantHalf"",""shape"":[1,3072,1024],""precision"":""Half""}]","[{""name"":""hidden_l11"",""shape"":[1,1,1024],""precision"":""Half""}]",inputs=Half;Half;Half|outputs=Half,sm80_xmma_gemm_f16f16_f16f16_f16_nn_n_tilesize64x128x32_stage5_warpsize2x2x1_tensor16x8x16_by_fusion_tactic
301,__myl_MulMeaAddSqrDivMulDivMinMaxRouCasDivMinMaxRouCasDivMinMaxRouCas_myl0_301,kgen,[ONNX Layer: /q_proj_12/MatMul__a_quant];[ONNX Layer: /k_proj_12/MatMul__a_quant];[ONNX Layer: /v_proj_12/MatMul__a_quant];[ONNX Layer: /input_layernorm_12/Mul];[ONNX Layer: /input_layernorm_12/Sqrt];[ONNX Layer: /input_layernorm_12/Div];[ONNX Layer: /input_layernorm_12/Add];[ONNX Layer: /input_layernorm_12/ReduceMean];[ONNX Layer: /input_layernorm_12/Pow],"[{""name"":""hidden_l11"",""shape"":[1,1,1024],""precision"":""Half""},{""name"":""hidden_l11"",""shape"":[1,1,1024],""precision"":""Half""},{""name"":""hidden_l11"",""shape"":[1,1,1024],""precision"":""Half""},{""name"":""__mye609937_dconst"",""shape"":[1,1,1024],""precision"":""Half""},{""name"":""__mye609964_dconst"",""shape"":[1,1,1024],""precision"":""Half""},{""name"":""__mye609991_dconst"",""shape"":[1,1,1024],""precision"":""Half""}]","[{""name"":""__myln_k_arg__bb1_2968"",""shape"":[1,1,1024],""precision"":""Int8""},{""name"":""__myln_k_arg__bb1_2967"",""shape"":[1,1,1024],""precision"":""Int8""},{""name"":""__myln_k_arg__bb1_2966"",""shape"":[1,1,1024],""precision"":""Int8""}]",inputs=Half;Half;Half;Half;Half;Half|outputs=Int8;Int8;Int8,__myl_MulMeaAddSqrDivMulDivMinMaxRouCasDivMinMaxRouCasDivMinMaxRouCas_0x9f2c300bb597625319cadec4728f9bc5
302,__mye677020_myl0_302,signal,,[],[],inputs=NONE|outputs=NONE,UNKNOWN
303,__mye677022_myl0_303,wait,,[],[],inputs=NONE|outputs=NONE,UNKNOWN
304,__myl_FcCas_myl0_304,fusion,[ONNX Layer: /v_proj_12/MatMul];[ONNX Layer: /v_proj_12/MatMul__a_dequant];[ONNX Layer: /v_proj_12/MatMul__a_quant];[ONNX Layer: /v_proj_12/MatMul__w_dequant],"[{""name"":""__myln_k_arg__bb1_2968"",""shape"":[1,1,1024],""precision"":""Int8""},{""name"":""__mye620079dconst"",""shape"":[1,1024,1024],""precision"":""Int8""}]","[{""name"":""__myln_k_arg__bb1_2969"",""shape"":[1,1,1024],""precision"":""Half""}]",inputs=Int8;Int8|outputs=Half,sm80_xmma_gemm_i8f32_i8i32_f32_tn_n_tilesize32x64x64_stage6_warpsize2x2x1_tensor16x8x32_by_fusion_tactic
305,__myl_ResConResRep_myl0_305,kgen,[ONNX Layer: /Reshape_98];[ONNX Layer: /Transpose_62];[ONNX Layer: /Unsqueeze_282];[ONNX Layer: /Expand_25];[ONNX Layer: /Concat_151],"[{""name"":""past_v12"",""shape"":[1,8,-1,128],""precision"":""Half""},{""name"":""__myln_k_arg__bb1_2969"",""shape"":[1,1,1024],""precision"":""Half""},{""name"":""proxy___mye671464"",""shape"":[1],""precision"":""Int64""},{""name"":""proxy___mye671509"",""shape"":[1],""precision"":""Int64""},{""name"":""proxy___mye671534"",""shape"":[1],""precision"":""Int64""},{""name"":""__mye66760_proxy.1"",""shape"":[1],""precision"":""Int64""},{""name"":""proxy___mye620216"",""shape"":[1],""precision"":""Int64""},{""name"":""proxy___mye620183"",""shape"":[1],""precision"":""Int64""},{""name"":""proxy___mye620156"",""shape"":[1],""precision"":""Int64""},{""name"":""proxy___mye620123"",""shape"":[1],""precision"":""Int64""},{""name"":""proxy___mye620096"",""shape"":[1],""precision"":""Int64""},{""name"":""proxy___mye433189.1"",""shape"":[1],""precision"":""Int64""},{""name"":""proxy___mye433162.1"",""shape"":[1],""precision"":""Int64""},{""name"":""__mye66752_proxy.1"",""shape"":[1],""precision"":""Int64""},{""name"":""proxy___mye431342.1"",""shape"":[1],""precision"":""Int64""},{""name"":""proxy___mye430368.1"",""shape"":[1],""precision"":""Int64""}]","[{""name"":""present_v12"",""shape"":[1,8,-1,128],""precision"":""Half""},{""name"":""/Expand_25_output_0'.1"",""shape"":[1,8,2,-1,128],""precision"":""Half""}]",inputs=Half;Half;Int64;Int64;Int64;Int64;Int64;Int64;Int64;Int64;Int64;Int64;Int64;Int64;Int64;Int64|outputs=Half;Half,__myl_ResConResRep_0x9d40828c020eb6bb972be950c35191c1
306,__mye677030_myl0_306,signal,,[],[],inputs=NONE|outputs=NONE,UNKNOWN
307,__mye677024_myl0_307,wait,,[],[],inputs=NONE|outputs=NONE,UNKNOWN
308,__myl_FcCas_myl0_308,fusion,[ONNX Layer: /k_proj_12/MatMul];[ONNX Layer: /k_proj_12/MatMul__a_dequant];[ONNX Layer: /k_proj_12/MatMul__a_quant];[ONNX Layer: /k_proj_12/MatMul__w_dequant],"[{""name"":""__myln_k_arg__bb1_2967"",""shape"":[1,1,1024],""precision"":""Int8""},{""name"":""__mye620237dconst"",""shape"":[1,1024,1024],""precision"":""Int8""}]","[{""name"":""__myln_k_arg__bb1_2972"",""shape"":[1,1,1024],""precision"":""Half""}]",inputs=Int8;Int8|outputs=Half,sm80_xmma_gemm_i8f32_i8i32_f32_tn_n_tilesize32x64x64_stage6_warpsize2x2x1_tensor16x8x32_by_fusion_tactic
309,__myl_ResMulMea_myl0_309,kgen,[ONNX Layer: /Reshape_97];[ONNX Layer: /k_norm_12/Pow];[ONNX Layer: /k_norm_12/ReduceMean],"[{""name"":""__myln_k_arg__bb1_2972"",""shape"":[1,1,1024],""precision"":""Half""}]","[{""name"":""__myln_k_arg__bb1_2974"",""shape"":[1,1,8,1],""precision"":""Half""},{""name"":""__myln_k_arg__bb1_2973"",""shape"":[1,1,8,128],""precision"":""Half""}]",inputs=Half|outputs=Half;Half,__myl_ResMulMea_0x3c91498c3beee36a5653966af1581a8a
310,__myl_AddSqrDivMulMulResSliSliNegConMulMulAddConResRepResTra_myl0_310,kgen,[ONNX Layer: /k_norm_12/Add];[ONNX Layer: /k_norm_12/Sqrt];[ONNX Layer: /k_norm_12/Mul];[ONNX Layer: /k_norm_12/Mul_1];[ONNX Layer: /Transpose_61];[ONNX Layer: /Slice_50];[ONNX Layer: /Slice_51];[ONNX Layer: /Concat_149];[ONNX Layer: /Mul_112];[ONNX Layer: /Add_49];[ONNX Layer: /Mul_111];[ONNX Layer: /Unsqueeze_277];[ONNX Layer: /Reshape_100];[ONNX Layer: /Transpose_63];[ONNX Layer: /Expand_24];[ONNX Layer: /Concat_150];[ONNX Layer: /Neg_25];[ONNX Layer: /k_norm_12/Div],"[{""name"":""past_k12"",""shape"":[1,8,-1,128],""precision"":""Half""},{""name"":""__myln_k_arg__bb1_2685"",""shape"":[1,1,1,128],""precision"":""Half""},{""name"":""__myln_k_arg__bb1_2684"",""shape"":[1,1,1,128],""precision"":""Half""},{""name"":""stack_layers_12_self_attn_k_norm_weight _ ONNXTRT_Broadcast_3444_constantHalf"",""shape"":[1,1,1,128],""precision"":""Half""},{""name"":""__myln_k_arg__bb1_2973"",""shape"":[1,1,8,128],""precision"":""Half""},{""name"":""__myln_k_arg__bb1_2974"",""shape"":[1,1,8,1],""precision"":""Half""},{""name"":""proxy___mye671616"",""shape"":[1],""precision"":""Int64""},{""name"":""proxy___mye671655"",""shape"":[1],""precision"":""Int64""},{""name"":""proxy___mye671680"",""shape"":[1],""precision"":""Int64""},{""name"":""__mye66760_proxy.1"",""shape"":[1],""precision"":""Int64""},{""name"":""proxy___mye620499"",""shape"":[1],""precision"":""Int64""},{""name"":""proxy___mye620472"",""shape"":[1],""precision"":""Int64""},{""name"":""proxy___mye620439"",""shape"":[1],""precision"":""Int64""},{""name"":""proxy___mye620412"",""shape"":[1],""precision"":""Int64""},{""name"":""proxy___mye620379"",""shape"":[1],""precision"":""Int64""},{""name"":""proxy___mye620346"",""shape"":[1],""precision"":""Int64""},{""name"":""proxy___mye620319"",""shape"":[1],""precision"":""Int64""},{""name"":""proxy___mye620286"",""shape"":[1],""precision"":""Int64""},{""name"":""proxy___mye620259"",""shape"":[1],""precision"":""Int64""},{""name"":""proxy___mye433249.1"",""shape"":[1],""precision"":""Int64""},{""name"":""proxy___mye433222.1"",""shape"":[1],""precision"":""Int64""},{""name"":""__mye66752_proxy.1"",""shape"":[1],""precision"":""Int64""},{""name"":""proxy___mye430670.1"",""shape"":[1],""precision"":""Int64""},{""name"":""proxy___mye430368.1"",""shape"":[1],""precision"":""Int64""}]","[{""name"":""present_k12"",""shape"":[1,8,-1,128],""precision"":""Half""},{""name"":""shuffle_output_/Reshape_100 _ /Transpose_63_first_transpose_output.1"",""shape"":[1,16,128,-1],""precision"":""Half""}]",inputs=Half;Half;Half;Half;Half;Half;Int64;Int64;Int64;Int64;Int64;Int64;Int64;Int64;Int64;Int64;Int64;Int64;Int64;Int64;Int64;Int64;Int64;Int64|outputs=Half;Half,__myl_AddSqrDivMulMulResSliSliNegConMulMulAddConResRepResTra_0x5aea462b6a819ceadd3ebb32874c078f
311,__mye677026_myl0_311,signal,,[],[],inputs=NONE|outputs=NONE,UNKNOWN
312,__myl_FcCas_myl0_312,fusion,[ONNX Layer: /q_proj_12/MatMul];[ONNX Layer: /q_proj_12/MatMul__a_dequant];[ONNX Layer: /q_proj_12/MatMul__a_quant];[ONNX Layer: /q_proj_12/MatMul__w_dequant],"[{""name"":""__myln_k_arg__bb1_2966"",""shape"":[1,1,1024],""precision"":""Int8""},{""name"":""__mye620242dconst"",""shape"":[1,1024,2048],""precision"":""Int8""}]","[{""name"":""__myln_k_arg__bb1_2977"",""shape"":[1,1,2048],""precision"":""Half""}]",inputs=Int8;Int8|outputs=Half,sm80_xmma_gemm_i8f32_i8i32_f32_tn_n_tilesize32x64x64_stage6_warpsize2x2x1_tensor16x8x32_by_fusion_tactic
313,__myl_ResMulMea_myl0_313,kgen,[ONNX Layer: /Reshape_96];[ONNX Layer: /q_norm_12/Pow];[ONNX Layer: /q_norm_12/ReduceMean],"[{""name"":""__myln_k_arg__bb1_2977"",""shape"":[1,1,2048],""precision"":""Half""}]","[{""name"":""__myln_k_arg__bb1_2979"",""shape"":[1,1,16,1],""precision"":""Half""},{""name"":""__myln_k_arg__bb1_2978"",""shape"":[1,1,16,128],""precision"":""Half""}]",inputs=Half|outputs=Half;Half,__myl_ResMulMea_0xf2413012cd9ac6341b95d78f3432c656
314,__myl_AddSqrDivMulMulResSliSliNegConMulMulAdd_myl0_314,kgen,[ONNX Layer: /q_norm_12/Add];[ONNX Layer: /q_norm_12/Sqrt];[ONNX Layer: /q_norm_12/Mul];[ONNX Layer: /q_norm_12/Mul_1];[ONNX Layer: /Transpose_60];[ONNX Layer: /Slice_48];[ONNX Layer: /Slice_49];[ONNX Layer: /Concat_148];[ONNX Layer: /Mul_110];[ONNX Layer: /Add_48];[ONNX Layer: /Mul_109];[ONNX Layer: /Neg_24];[ONNX Layer: /q_norm_12/Div],"[{""name"":""__myln_k_arg__bb1_2685"",""shape"":[1,1,1,128],""precision"":""Half""},{""name"":""__myln_k_arg__bb1_2684"",""shape"":[1,1,1,128],""precision"":""Half""},{""name"":""stack_layers_12_self_attn_q_norm_weight _ ONNXTRT_Broadcast_3426_constantHalf"",""shape"":[1,1,1,128],""precision"":""Half""},{""name"":""__myln_k_arg__bb1_2978"",""shape"":[1,1,16,128],""precision"":""Half""},{""name"":""__myln_k_arg__bb1_2979"",""shape"":[1,1,16,1],""precision"":""Half""}]","[{""name"":""/Add_48_output_0'.1"",""shape"":[1,16,1,128],""precision"":""Half""}]",inputs=Half;Half;Half;Half;Half|outputs=Half,__myl_AddSqrDivMulMulResSliSliNegConMulMulAdd_0xf1ba08cc3beaba8ee91b0504be9c2cf4
315,__mye677028_myl0_315,wait,,[],[],inputs=NONE|outputs=NONE,UNKNOWN
316,/MatMul_24_myl0_316,gemm,[ONNX Layer: /MatMul_24],"[{""name"":""/Add_48_output_0'.1"",""shape"":[16,1,128],""precision"":""Half""},{""name"":""shuffle_output_/Reshape_100 _ /Transpose_63_first_transpose_output.1"",""shape"":[16,128,-1],""precision"":""Half""},{""name"":""__mye569138/MatMul_24_alpha"",""shape"":[1],""precision"":""Float""},{""name"":""__mye569139/MatMul_24_beta"",""shape"":[1],""precision"":""Float""}]","[{""name"":""__mye569135"",""shape"":[16,1,-1],""precision"":""Half""}]",inputs=Half;Half;Float;Float|outputs=Half,sm80_xmma_gemm_f16f16_f16f32_f32_nn_n_tilesize32x32x64_stage6_warpsize2x2x1_tensor16x8x16_aligna2_alignc2
317,__myl_MulMaxSubExpSumDivMul_myl0_317,kgen,[ONNX Layer: /Mul_115];[ONNX Layer: /Softmax_12],"[{""name"":""__mye569135"",""shape"":[1,16,1,-1],""precision"":""Half""},{""name"":""__mye66760_proxy.1"",""shape"":[1],""precision"":""Int64""},{""name"":""proxy___mye312316.1"",""shape"":[1],""precision"":""Int64""}]","[{""name"":""/Softmax_12_output'.1"",""shape"":[1,16,1,-1],""precision"":""Half""}]",inputs=Half;Int64;Int64|outputs=Half,__myl_MulMaxSubExpSumDivMul_0x1108f5a078d6e65507c06537b9b2e43f
318,__mye677032_myl0_318,wait,,[],[],inputs=NONE|outputs=NONE,UNKNOWN
319,/MatMul_25_myl0_319,gemm,[ONNX Layer: /MatMul_25],"[{""name"":""/Softmax_12_output'.1"",""shape"":[16,1,-1],""precision"":""Half""},{""name"":""/Expand_25_output_0'.1"",""shape"":[16,-1,128],""precision"":""Half""},{""name"":""__mye569159/MatMul_25_alpha"",""shape"":[1],""precision"":""Float""},{""name"":""__mye569160/MatMul_25_beta"",""shape"":[1],""precision"":""Float""}]","[{""name"":""__myln_k_arg__bb1_2983"",""shape"":[16,1,128],""precision"":""Half""}]",inputs=Half;Half;Float;Float|outputs=Half,sm80_xmma_gemm_f16f16_f16f32_f32_nn_n_tilesize64x128x32_stage5_warpsize2x2x1_tensor16x8x16_aligna2_alignc2
320,__myl_MulMinMaxRouCas_myl0_320,kgen,[ONNX Layer: /o_proj_12/MatMul__a_quant],"[{""name"":""__myln_k_arg__bb1_2983"",""shape"":[16,1,128],""precision"":""Half""}]","[{""name"":""__mye574574_q8"",""shape"":[16,1,128],""precision"":""Int8""}]",inputs=Half|outputs=Int8,__myl_MulMinMaxRouCas_0x1fb837ee240f07d62ca7b72c8a105b6f
321,__myl_FcCasAdd_myl0_321,fusion,[ONNX Layer: /o_proj_12/MatMul];[ONNX Layer: /o_proj_12/MatMul__a_dequant];[ONNX Layer: /o_proj_12/MatMul__a_quant];[ONNX Layer: /o_proj_12/MatMul__w_dequant];[ONNX Layer: /Add_50],"[{""name"":""hidden_l11"",""shape"":[1,1,1024],""precision"":""Half""},{""name"":""__mye574574_q8"",""shape"":[1,1,2048],""precision"":""Int8""},{""name"":""__mye620594dconst"",""shape"":[1,2048,1024],""precision"":""Int8""}]","[{""name"":""__myln_k_arg__bb1_2985"",""shape"":[1,1,1024],""precision"":""Half""}]",inputs=Half;Int8;Int8|outputs=Half,sm80_xmma_gemm_i8f32_i8i32_f32_tn_n_tilesize32x64x64_stage6_warpsize2x2x1_tensor16x8x32_by_fusion_tactic
322,__myl_MulMeaAddSqrDivMulMulMulMinMaxRouCas_myl0_322,kgen,[ONNX Layer: /post_attention_layernorm_12/Pow];[ONNX Layer: /post_attention_layernorm_12/ReduceMean];[ONNX Layer: /post_attention_layernorm_12/Add];[ONNX Layer: /post_attention_layernorm_12/Div];[ONNX Layer: /post_attention_layernorm_12/Sqrt];[ONNX Layer: /post_attention_layernorm_12/Mul];[ONNX Layer: /post_attention_layernorm_12/Mul_1];[ONNX Layer: /gate_proj_12/MatMul__a_quant],"[{""name"":""stack_layers_12_post_attention_layernorm_weight _ ONNXTRT_Broadcast_3675_constantHalf"",""shape"":[1,1,1024],""precision"":""Half""},{""name"":""__myln_k_arg__bb1_2985"",""shape"":[1,1,1024],""precision"":""Half""},{""name"":""__myln_k_arg__bb1_2985"",""shape"":[1,1,1024],""precision"":""Half""},{""name"":""__myln_k_arg__bb1_2985"",""shape"":[1,1,1024],""precision"":""Half""}]","[{""name"":""__myln_k_arg__bb1_2987"",""shape"":[1,1,1024],""precision"":""Int8""},{""name"":""__myln_k_arg__bb1_2986"",""shape"":[1,1,1024],""precision"":""Half""}]",inputs=Half;Half;Half;Half|outputs=Int8;Half,__myl_MulMeaAddSqrDivMulMulMulMinMaxRouCas_0xcf81b38212e8f296e353aae060904a23
323,/up_proj_12/MatMul_myl0_323,gemm,[ONNX Layer: /up_proj_12/MatMul],"[{""name"":""__myln_k_arg__bb1_2986"",""shape"":[1,1,1024],""precision"":""Half""},{""name"":""__mye620599dconst"",""shape"":[1,1024,3072],""precision"":""Half""},{""name"":""__mye569183/up_proj_12/MatMul_alpha"",""shape"":[1],""precision"":""Float""},{""name"":""__mye569184/up_proj_12/MatMul_beta"",""shape"":[1],""precision"":""Float""}]","[{""name"":""__myln_k_arg__bb1_2988"",""shape"":[1,1,3072],""precision"":""Half""}]",inputs=Half;Half;Float;Float|outputs=Half,sm80_xmma_gemm_f16f16_f16f16_f16_tn_n_tilesize32x32x64_stage6_warpsize2x2x1_tensor16x8x16
324,__myl_FcCasNegExpAddDivMulMul_myl0_324,fusion,[ONNX Layer: /gate_proj_12/MatMul];[ONNX Layer: /gate_proj_12/MatMul__a_dequant];[ONNX Layer: /gate_proj_12/MatMul__a_quant];[ONNX Layer: /gate_proj_12/MatMul__w_dequant];[ONNX Layer: /Mul_116];[ONNX Layer: /Mul_117];[ONNX Layer: /Sigmoid_12],"[{""name"":""__myln_k_arg__bb1_2988"",""shape"":[1,1,3072],""precision"":""Half""},{""name"":""__myln_k_arg__bb1_2987"",""shape"":[1,1,1024],""precision"":""Int8""},{""name"":""__mye620604dconst"",""shape"":[1,1024,3072],""precision"":""Int8""}]","[{""name"":""__myln_k_arg__bb1_2989"",""shape"":[1,1,3072],""precision"":""Half""}]",inputs=Half;Int8;Int8|outputs=Half,sm80_xmma_gemm_i8i8_i8i32_f32_tn_n_tilesize32x64x64_stage6_warpsize2x2x1_tensor16x8x32_by_fusion_tactic
325,__myl_FcAdd_myl0_325,fusion,[ONNX Layer: /down_proj_12/MatMul];[ONNX Layer: /Add_51],"[{""name"":""__myln_k_arg__bb1_2985"",""shape"":[1,1,1024],""precision"":""Half""},{""name"":""__myln_k_arg__bb1_2989"",""shape"":[1,1,3072],""precision"":""Half""},{""name"":""onnx__MatMul_7996 _ ONNXTRT_Broadcast_3684_constantHalf"",""shape"":[1,3072,1024],""precision"":""Half""}]","[{""name"":""hidden_l12"",""shape"":[1,1,1024],""precision"":""Half""}]",inputs=Half;Half;Half|outputs=Half,sm80_xmma_gemm_f16f16_f16f16_f16_nn_n_tilesize64x128x32_stage5_warpsize2x2x1_tensor16x8x16_by_fusion_tactic
326,__myl_MulMeaAddSqrDivMulDivMinMaxRouCasDivMinMaxRouCasDivMinMaxRouCas_myl0_326,kgen,[ONNX Layer: /q_proj_13/MatMul__a_quant];[ONNX Layer: /k_proj_13/MatMul__a_quant];[ONNX Layer: /v_proj_13/MatMul__a_quant];[ONNX Layer: /input_layernorm_13/Mul];[ONNX Layer: /input_layernorm_13/Sqrt];[ONNX Layer: /input_layernorm_13/Div];[ONNX Layer: /input_layernorm_13/Add];[ONNX Layer: /input_layernorm_13/ReduceMean];[ONNX Layer: /input_layernorm_13/Pow],"[{""name"":""hidden_l12"",""shape"":[1,1,1024],""precision"":""Half""},{""name"":""hidden_l12"",""shape"":[1,1,1024],""precision"":""Half""},{""name"":""hidden_l12"",""shape"":[1,1,1024],""precision"":""Half""},{""name"":""__mye610062_dconst"",""shape"":[1,1,1024],""precision"":""Half""},{""name"":""__mye610089_dconst"",""shape"":[1,1,1024],""precision"":""Half""},{""name"":""__mye610116_dconst"",""shape"":[1,1,1024],""precision"":""Half""}]","[{""name"":""__myln_k_arg__bb1_2993"",""shape"":[1,1,1024],""precision"":""Int8""},{""name"":""__myln_k_arg__bb1_2992"",""shape"":[1,1,1024],""precision"":""Int8""},{""name"":""__myln_k_arg__bb1_2991"",""shape"":[1,1,1024],""precision"":""Int8""}]",inputs=Half;Half;Half;Half;Half;Half|outputs=Int8;Int8;Int8,__myl_MulMeaAddSqrDivMulDivMinMaxRouCasDivMinMaxRouCasDivMinMaxRouCas_0x9f2c300bb597625319cadec4728f9bc5
327,__mye677034_myl0_327,signal,,[],[],inputs=NONE|outputs=NONE,UNKNOWN
328,__mye677036_myl0_328,wait,,[],[],inputs=NONE|outputs=NONE,UNKNOWN
329,__myl_FcCas_myl0_329,fusion,[ONNX Layer: /v_proj_13/MatMul];[ONNX Layer: /v_proj_13/MatMul__a_dequant];[ONNX Layer: /v_proj_13/MatMul__a_quant];[ONNX Layer: /v_proj_13/MatMul__w_dequant],"[{""name"":""__myln_k_arg__bb1_2993"",""shape"":[1,1,1024],""precision"":""Int8""},{""name"":""__mye620609dconst"",""shape"":[1,1024,1024],""precision"":""Int8""}]","[{""name"":""__myln_k_arg__bb1_2994"",""shape"":[1,1,1024],""precision"":""Half""}]",inputs=Int8;Int8|outputs=Half,sm80_xmma_gemm_i8f32_i8i32_f32_tn_n_tilesize32x64x64_stage6_warpsize2x2x1_tensor16x8x32_by_fusion_tactic
330,__myl_ResConResRep_myl0_330,kgen,[ONNX Layer: /Reshape_106];[ONNX Layer: /Transpose_67];[ONNX Layer: /Unsqueeze_304];[ONNX Layer: /Expand_27];[ONNX Layer: /Concat_163],"[{""name"":""past_v13"",""shape"":[1,8,-1,128],""precision"":""Half""},{""name"":""__myln_k_arg__bb1_2994"",""shape"":[1,1,1024],""precision"":""Half""},{""name"":""proxy___mye671802"",""shape"":[1],""precision"":""Int64""},{""name"":""proxy___mye671847"",""shape"":[1],""precision"":""Int64""},{""name"":""proxy___mye671872"",""shape"":[1],""precision"":""Int64""},{""name"":""__mye66760_proxy.1"",""shape"":[1],""precision"":""Int64""},{""name"":""proxy___mye620746"",""shape"":[1],""precision"":""Int64""},{""name"":""proxy___mye620713"",""shape"":[1],""precision"":""Int64""},{""name"":""proxy___mye620686"",""shape"":[1],""precision"":""Int64""},{""name"":""proxy___mye620653"",""shape"":[1],""precision"":""Int64""},{""name"":""proxy___mye620626"",""shape"":[1],""precision"":""Int64""},{""name"":""proxy___mye433309.1"",""shape"":[1],""precision"":""Int64""},{""name"":""proxy___mye433282.1"",""shape"":[1],""precision"":""Int64""},{""name"":""__mye66752_proxy.1"",""shape"":[1],""precision"":""Int64""},{""name"":""proxy___mye431366.1"",""shape"":[1],""precision"":""Int64""},{""name"":""proxy___mye430368.1"",""shape"":[1],""precision"":""Int64""}]","[{""name"":""present_v13"",""shape"":[1,8,-1,128],""precision"":""Half""},{""name"":""/Expand_27_output_0'.1"",""shape"":[1,8,2,-1,128],""precision"":""Half""}]",inputs=Half;Half;Int64;Int64;Int64;Int64;Int64;Int64;Int64;Int64;Int64;Int64;Int64;Int64;Int64;Int64|outputs=Half;Half,__myl_ResConResRep_0x9d40828c020eb6bb972be950c35191c1
331,__mye677044_myl0_331,signal,,[],[],inputs=NONE|outputs=NONE,UNKNOWN
332,__mye677038_myl0_332,wait,,[],[],inputs=NONE|outputs=NONE,UNKNOWN
333,__myl_FcCas_myl0_333,fusion,[ONNX Layer: /k_proj_13/MatMul];[ONNX Layer: /k_proj_13/MatMul__a_dequant];[ONNX Layer: /k_proj_13/MatMul__a_quant];[ONNX Layer: /k_proj_13/MatMul__w_dequant],"[{""name"":""__myln_k_arg__bb1_2992"",""shape"":[1,1,1024],""precision"":""Int8""},{""name"":""__mye620767dconst"",""shape"":[1,1024,1024],""precision"":""Int8""}]","[{""name"":""__myln_k_arg__bb1_2997"",""shape"":[1,1,1024],""precision"":""Half""}]",inputs=Int8;Int8|outputs=Half,sm80_xmma_gemm_i8f32_i8i32_f32_tn_n_tilesize32x64x64_stage6_warpsize2x2x1_tensor16x8x32_by_fusion_tactic
334,__myl_ResMulMea_myl0_334,kgen,[ONNX Layer: /Reshape_105];[ONNX Layer: /k_norm_13/Pow];[ONNX Layer: /k_norm_13/ReduceMean],"[{""name"":""__myln_k_arg__bb1_2997"",""shape"":[1,1,1024],""precision"":""Half""}]","[{""name"":""__myln_k_arg__bb1_2999"",""shape"":[1,1,8,1],""precision"":""Half""},{""name"":""__myln_k_arg__bb1_2998"",""shape"":[1,1,8,128],""precision"":""Half""}]",inputs=Half|outputs=Half;Half,__myl_ResMulMea_0x3c91498c3beee36a5653966af1581a8a
335,__myl_AddSqrDivMulMulResSliSliNegConMulMulAddConResRepResTra_myl0_335,kgen,[ONNX Layer: /k_norm_13/Add];[ONNX Layer: /k_norm_13/Sqrt];[ONNX Layer: /k_norm_13/Mul];[ONNX Layer: /k_norm_13/Mul_1];[ONNX Layer: /Transpose_66];[ONNX Layer: /Slice_54];[ONNX Layer: /Slice_55];[ONNX Layer: /Concat_161];[ONNX Layer: /Mul_121];[ONNX Layer: /Add_53];[ONNX Layer: /Mul_120];[ONNX Layer: /Unsqueeze_299];[ONNX Layer: /Reshape_108];[ONNX Layer: /Transpose_68];[ONNX Layer: /Expand_26];[ONNX Layer: /Concat_162];[ONNX Layer: /Neg_27];[ONNX Layer: /k_norm_13/Div],"[{""name"":""past_k13"",""shape"":[1,8,-1,128],""precision"":""Half""},{""name"":""__myln_k_arg__bb1_2685"",""shape"":[1,1,1,128],""precision"":""Half""},{""name"":""__myln_k_arg__bb1_2684"",""shape"":[1,1,1,128],""precision"":""Half""},{""name"":""stack_layers_13_self_attn_k_norm_weight _ ONNXTRT_Broadcast_3727_constantHalf"",""shape"":[1,1,1,128],""precision"":""Half""},{""name"":""__myln_k_arg__bb1_2998"",""shape"":[1,1,8,128],""precision"":""Half""},{""name"":""__myln_k_arg__bb1_2999"",""shape"":[1,1,8,1],""precision"":""Half""},{""name"":""proxy___mye671954"",""shape"":[1],""precision"":""Int64""},{""name"":""proxy___mye671993"",""shape"":[1],""precision"":""Int64""},{""name"":""proxy___mye672018"",""shape"":[1],""precision"":""Int64""},{""name"":""__mye66760_proxy.1"",""shape"":[1],""precision"":""Int64""},{""name"":""proxy___mye621029"",""shape"":[1],""precision"":""Int64""},{""name"":""proxy___mye621002"",""shape"":[1],""precision"":""Int64""},{""name"":""proxy___mye620969"",""shape"":[1],""precision"":""Int64""},{""name"":""proxy___mye620942"",""shape"":[1],""precision"":""Int64""},{""name"":""proxy___mye620909"",""shape"":[1],""precision"":""Int64""},{""name"":""proxy___mye620876"",""shape"":[1],""precision"":""Int64""},{""name"":""proxy___mye620849"",""shape"":[1],""precision"":""Int64""},{""name"":""proxy___mye620816"",""shape"":[1],""precision"":""Int64""},{""name"":""proxy___mye620789"",""shape"":[1],""precision"":""Int64""},{""name"":""proxy___mye433369.1"",""shape"":[1],""precision"":""Int64""},{""name"":""proxy___mye433342.1"",""shape"":[1],""precision"":""Int64""},{""name"":""__mye66752_proxy.1"",""shape"":[1],""precision"":""Int64""},{""name"":""proxy___mye430694.1"",""shape"":[1],""precision"":""Int64""},{""name"":""proxy___mye430368.1"",""shape"":[1],""precision"":""Int64""}]","[{""name"":""present_k13"",""shape"":[1,8,-1,128],""precision"":""Half""},{""name"":""shuffle_output_/Reshape_108 _ /Transpose_68_first_transpose_output.1"",""shape"":[1,16,128,-1],""precision"":""Half""}]",inputs=Half;Half;Half;Half;Half;Half;Int64;Int64;Int64;Int64;Int64;Int64;Int64;Int64;Int64;Int64;Int64;Int64;Int64;Int64;Int64;Int64;Int64;Int64|outputs=Half;Half,__myl_AddSqrDivMulMulResSliSliNegConMulMulAddConResRepResTra_0x5aea462b6a819ceadd3ebb32874c078f
336,__mye677040_myl0_336,signal,,[],[],inputs=NONE|outputs=NONE,UNKNOWN
337,__myl_FcCas_myl0_337,fusion,[ONNX Layer: /q_proj_13/MatMul];[ONNX Layer: /q_proj_13/MatMul__a_dequant];[ONNX Layer: /q_proj_13/MatMul__a_quant];[ONNX Layer: /q_proj_13/MatMul__w_dequant],"[{""name"":""__myln_k_arg__bb1_2991"",""shape"":[1,1,1024],""precision"":""Int8""},{""name"":""__mye620772dconst"",""shape"":[1,1024,2048],""precision"":""Int8""}]","[{""name"":""__myln_k_arg__bb1_3002"",""shape"":[1,1,2048],""precision"":""Half""}]",inputs=Int8;Int8|outputs=Half,sm80_xmma_gemm_i8f32_i8i32_f32_tn_n_tilesize32x64x64_stage6_warpsize2x2x1_tensor16x8x32_by_fusion_tactic
338,__myl_ResMulMea_myl0_338,kgen,[ONNX Layer: /Reshape_104];[ONNX Layer: /q_norm_13/Pow];[ONNX Layer: /q_norm_13/ReduceMean],"[{""name"":""__myln_k_arg__bb1_3002"",""shape"":[1,1,2048],""precision"":""Half""}]","[{""name"":""__myln_k_arg__bb1_3004"",""shape"":[1,1,16,1],""precision"":""Half""},{""name"":""__myln_k_arg__bb1_3003"",""shape"":[1,1,16,128],""precision"":""Half""}]",inputs=Half|outputs=Half;Half,__myl_ResMulMea_0xf2413012cd9ac6341b95d78f3432c656
339,__myl_AddSqrDivMulMulResSliSliNegConMulMulAdd_myl0_339,kgen,[ONNX Layer: /q_norm_13/Add];[ONNX Layer: /q_norm_13/Sqrt];[ONNX Layer: /q_norm_13/Mul];[ONNX Layer: /q_norm_13/Mul_1];[ONNX Layer: /Transpose_65];[ONNX Layer: /Slice_52];[ONNX Layer: /Slice_53];[ONNX Layer: /Concat_160];[ONNX Layer: /Mul_119];[ONNX Layer: /Add_52];[ONNX Layer: /Mul_118];[ONNX Layer: /Neg_26];[ONNX Layer: /q_norm_13/Div],"[{""name"":""__myln_k_arg__bb1_2685"",""shape"":[1,1,1,128],""precision"":""Half""},{""name"":""__myln_k_arg__bb1_2684"",""shape"":[1,1,1,128],""precision"":""Half""},{""name"":""stack_layers_13_self_attn_q_norm_weight _ ONNXTRT_Broadcast_3709_constantHalf"",""shape"":[1,1,1,128],""precision"":""Half""},{""name"":""__myln_k_arg__bb1_3003"",""shape"":[1,1,16,128],""precision"":""Half""},{""name"":""__myln_k_arg__bb1_3004"",""shape"":[1,1,16,1],""precision"":""Half""}]","[{""name"":""/Add_52_output_0'.1"",""shape"":[1,16,1,128],""precision"":""Half""}]",inputs=Half;Half;Half;Half;Half|outputs=Half,__myl_AddSqrDivMulMulResSliSliNegConMulMulAdd_0xf1ba08cc3beaba8ee91b0504be9c2cf4
340,__mye677042_myl0_340,wait,,[],[],inputs=NONE|outputs=NONE,UNKNOWN
341,/MatMul_26_myl0_341,gemm,[ONNX Layer: /MatMul_26],"[{""name"":""/Add_52_output_0'.1"",""shape"":[16,1,128],""precision"":""Half""},{""name"":""shuffle_output_/Reshape_108 _ /Transpose_68_first_transpose_output.1"",""shape"":[16,128,-1],""precision"":""Half""},{""name"":""__mye569257/MatMul_26_alpha"",""shape"":[1],""precision"":""Float""},{""name"":""__mye569258/MatMul_26_beta"",""shape"":[1],""precision"":""Float""}]","[{""name"":""__mye569254"",""shape"":[16,1,-1],""precision"":""Half""}]",inputs=Half;Half;Float;Float|outputs=Half,sm80_xmma_gemm_f16f16_f16f32_f32_nn_n_tilesize32x32x64_stage6_warpsize2x2x1_tensor16x8x16_aligna2_alignc2
342,__myl_MulMaxSubExpSumDivMul_myl0_342,kgen,[ONNX Layer: /Mul_124];[ONNX Layer: /Softmax_13],"[{""name"":""__mye569254"",""shape"":[1,16,1,-1],""precision"":""Half""},{""name"":""__mye66760_proxy.1"",""shape"":[1],""precision"":""Int64""},{""name"":""proxy___mye312316.1"",""shape"":[1],""precision"":""Int64""}]","[{""name"":""/Softmax_13_output'.1"",""shape"":[1,16,1,-1],""precision"":""Half""}]",inputs=Half;Int64;Int64|outputs=Half,__myl_MulMaxSubExpSumDivMul_0x1108f5a078d6e65507c06537b9b2e43f
343,__mye677046_myl0_343,wait,,[],[],inputs=NONE|outputs=NONE,UNKNOWN
344,/MatMul_27_myl0_344,gemm,[ONNX Layer: /MatMul_27],"[{""name"":""/Softmax_13_output'.1"",""shape"":[16,1,-1],""precision"":""Half""},{""name"":""/Expand_27_output_0'.1"",""shape"":[16,-1,128],""precision"":""Half""},{""name"":""__mye569278/MatMul_27_alpha"",""shape"":[1],""precision"":""Float""},{""name"":""__mye569279/MatMul_27_beta"",""shape"":[1],""precision"":""Float""}]","[{""name"":""__myln_k_arg__bb1_3008"",""shape"":[16,1,128],""precision"":""Half""}]",inputs=Half;Half;Float;Float|outputs=Half,sm80_xmma_gemm_f16f16_f16f32_f32_nn_n_tilesize64x128x32_stage5_warpsize2x2x1_tensor16x8x16_aligna2_alignc2
345,__myl_MulMinMaxRouCas_myl0_345,kgen,[ONNX Layer: /o_proj_13/MatMul__a_quant],"[{""name"":""__myln_k_arg__bb1_3008"",""shape"":[16,1,128],""precision"":""Half""}]","[{""name"":""__mye574580_q8"",""shape"":[16,1,128],""precision"":""Int8""}]",inputs=Half|outputs=Int8,__myl_MulMinMaxRouCas_0x472744a06bd7fd057961674c77025970
346,__myl_FcCasAdd_myl0_346,fusion,[ONNX Layer: /o_proj_13/MatMul];[ONNX Layer: /o_proj_13/MatMul__a_dequant];[ONNX Layer: /o_proj_13/MatMul__a_quant];[ONNX Layer: /o_proj_13/MatMul__w_dequant];[ONNX Layer: /Add_54],"[{""name"":""hidden_l12"",""shape"":[1,1,1024],""precision"":""Half""},{""name"":""__mye574580_q8"",""shape"":[1,1,2048],""precision"":""Int8""},{""name"":""__mye621124dconst"",""shape"":[1,2048,1024],""precision"":""Int8""}]","[{""name"":""__myln_k_arg__bb1_3010"",""shape"":[1,1,1024],""precision"":""Half""}]",inputs=Half;Int8;Int8|outputs=Half,sm80_xmma_gemm_i8f32_i8i32_f32_tn_n_tilesize32x64x64_stage6_warpsize2x2x1_tensor16x8x32_by_fusion_tactic
347,__myl_MulMeaAddSqrDivMulMulMulMinMaxRouCas_myl0_347,kgen,[ONNX Layer: /post_attention_layernorm_13/Pow];[ONNX Layer: /post_attention_layernorm_13/ReduceMean];[ONNX Layer: /post_attention_layernorm_13/Add];[ONNX Layer: /post_attention_layernorm_13/Div];[ONNX Layer: /post_attention_layernorm_13/Sqrt];[ONNX Layer: /post_attention_layernorm_13/Mul];[ONNX Layer: /post_attention_layernorm_13/Mul_1];[ONNX Layer: /gate_proj_13/MatMul__a_quant],"[{""name"":""stack_layers_13_post_attention_layernorm_weight _ ONNXTRT_Broadcast_3958_constantHalf"",""shape"":[1,1,1024],""precision"":""Half""},{""name"":""__myln_k_arg__bb1_3010"",""shape"":[1,1,1024],""precision"":""Half""},{""name"":""__myln_k_arg__bb1_3010"",""shape"":[1,1,1024],""precision"":""Half""},{""name"":""__myln_k_arg__bb1_3010"",""shape"":[1,1,1024],""precision"":""Half""}]","[{""name"":""__myln_k_arg__bb1_3012"",""shape"":[1,1,1024],""precision"":""Int8""},{""name"":""__myln_k_arg__bb1_3011"",""shape"":[1,1,1024],""precision"":""Half""}]",inputs=Half;Half;Half;Half|outputs=Int8;Half,__myl_MulMeaAddSqrDivMulMulMulMinMaxRouCas_0xc17a9e1c8880e75049e64b4f3bf21f16
348,/up_proj_13/MatMul_myl0_348,gemm,[ONNX Layer: /up_proj_13/MatMul],"[{""name"":""__myln_k_arg__bb1_3011"",""shape"":[1,1,1024],""precision"":""Half""},{""name"":""__mye621129dconst"",""shape"":[1,1024,3072],""precision"":""Half""},{""name"":""__mye569302/up_proj_13/MatMul_alpha"",""shape"":[1],""precision"":""Float""},{""name"":""__mye569303/up_proj_13/MatMul_beta"",""shape"":[1],""precision"":""Float""}]","[{""name"":""__myln_k_arg__bb1_3013"",""shape"":[1,1,3072],""precision"":""Half""}]",inputs=Half;Half;Float;Float|outputs=Half,sm80_xmma_gemm_f16f16_f16f16_f16_tn_n_tilesize32x32x64_stage6_warpsize2x2x1_tensor16x8x16
349,__myl_FcCasNegExpAddDivMulMul_myl0_349,fusion,[ONNX Layer: /gate_proj_13/MatMul];[ONNX Layer: /gate_proj_13/MatMul__a_dequant];[ONNX Layer: /gate_proj_13/MatMul__a_quant];[ONNX Layer: /gate_proj_13/MatMul__w_dequant];[ONNX Layer: /Mul_125];[ONNX Layer: /Mul_126];[ONNX Layer: /Sigmoid_13],"[{""name"":""__myln_k_arg__bb1_3013"",""shape"":[1,1,3072],""precision"":""Half""},{""name"":""__myln_k_arg__bb1_3012"",""shape"":[1,1,1024],""precision"":""Int8""},{""name"":""__mye621134dconst"",""shape"":[1,1024,3072],""precision"":""Int8""}]","[{""name"":""__myln_k_arg__bb1_3014"",""shape"":[1,1,3072],""precision"":""Half""}]",inputs=Half;Int8;Int8|outputs=Half,sm80_xmma_gemm_i8i8_i8i32_f32_tn_n_tilesize32x64x64_stage6_warpsize2x2x1_tensor16x8x32_by_fusion_tactic
350,__myl_FcAdd_myl0_350,fusion,[ONNX Layer: /down_proj_13/MatMul];[ONNX Layer: /Add_55],"[{""name"":""__myln_k_arg__bb1_3010"",""shape"":[1,1,1024],""precision"":""Half""},{""name"":""__myln_k_arg__bb1_3014"",""shape"":[1,1,3072],""precision"":""Half""},{""name"":""onnx__MatMul_8032 _ ONNXTRT_Broadcast_3967_constantHalf"",""shape"":[1,3072,1024],""precision"":""Half""}]","[{""name"":""hidden_l13"",""shape"":[1,1,1024],""precision"":""Half""}]",inputs=Half;Half;Half|outputs=Half,sm80_xmma_gemm_f16f16_f16f16_f16_nn_n_tilesize64x128x32_stage5_warpsize2x2x1_tensor16x8x16_by_fusion_tactic
351,__myl_MulMeaAddSqrDivMulDivMinMaxRouCasDivMinMaxRouCasDivMinMaxRouCas_myl0_351,kgen,[ONNX Layer: /q_proj_14/MatMul__a_quant];[ONNX Layer: /k_proj_14/MatMul__a_quant];[ONNX Layer: /v_proj_14/MatMul__a_quant];[ONNX Layer: /input_layernorm_14/Mul];[ONNX Layer: /input_layernorm_14/Sqrt];[ONNX Layer: /input_layernorm_14/Div];[ONNX Layer: /input_layernorm_14/Add];[ONNX Layer: /input_layernorm_14/ReduceMean];[ONNX Layer: /input_layernorm_14/Pow],"[{""name"":""hidden_l13"",""shape"":[1,1,1024],""precision"":""Half""},{""name"":""hidden_l13"",""shape"":[1,1,1024],""precision"":""Half""},{""name"":""hidden_l13"",""shape"":[1,1,1024],""precision"":""Half""},{""name"":""__mye610187_dconst"",""shape"":[1,1,1024],""precision"":""Half""},{""name"":""__mye610214_dconst"",""shape"":[1,1,1024],""precision"":""Half""},{""name"":""__mye610241_dconst"",""shape"":[1,1,1024],""precision"":""Half""}]","[{""name"":""__myln_k_arg__bb1_3018"",""shape"":[1,1,1024],""precision"":""Int8""},{""name"":""__myln_k_arg__bb1_3017"",""shape"":[1,1,1024],""precision"":""Int8""},{""name"":""__myln_k_arg__bb1_3016"",""shape"":[1,1,1024],""precision"":""Int8""}]",inputs=Half;Half;Half;Half;Half;Half|outputs=Int8;Int8;Int8,__myl_MulMeaAddSqrDivMulDivMinMaxRouCasDivMinMaxRouCasDivMinMaxRouCas_0x9f2c300bb597625319cadec4728f9bc5
352,__mye677048_myl0_352,signal,,[],[],inputs=NONE|outputs=NONE,UNKNOWN
353,__mye677050_myl0_353,wait,,[],[],inputs=NONE|outputs=NONE,UNKNOWN
354,__myl_FcCas_myl0_354,fusion,[ONNX Layer: /v_proj_14/MatMul];[ONNX Layer: /v_proj_14/MatMul__a_dequant];[ONNX Layer: /v_proj_14/MatMul__a_quant];[ONNX Layer: /v_proj_14/MatMul__w_dequant],"[{""name"":""__myln_k_arg__bb1_3018"",""shape"":[1,1,1024],""precision"":""Int8""},{""name"":""__mye621139dconst"",""shape"":[1,1024,1024],""precision"":""Int8""}]","[{""name"":""__myln_k_arg__bb1_3019"",""shape"":[1,1,1024],""precision"":""Half""}]",inputs=Int8;Int8|outputs=Half,sm80_xmma_gemm_i8f32_i8i32_f32_tn_n_tilesize32x64x64_stage6_warpsize2x2x1_tensor16x8x32_by_fusion_tactic
355,__myl_ResConResRep_myl0_355,kgen,[ONNX Layer: /Reshape_114];[ONNX Layer: /Transpose_72];[ONNX Layer: /Unsqueeze_326];[ONNX Layer: /Expand_29];[ONNX Layer: /Concat_175],"[{""name"":""past_v14"",""shape"":[1,8,-1,128],""precision"":""Half""},{""name"":""__myln_k_arg__bb1_3019"",""shape"":[1,1,1024],""precision"":""Half""},{""name"":""proxy___mye672140"",""shape"":[1],""precision"":""Int64""},{""name"":""proxy___mye672185"",""shape"":[1],""precision"":""Int64""},{""name"":""proxy___mye672210"",""shape"":[1],""precision"":""Int64""},{""name"":""__mye66760_proxy.1"",""shape"":[1],""precision"":""Int64""},{""name"":""proxy___mye621276"",""shape"":[1],""precision"":""Int64""},{""name"":""proxy___mye621243"",""shape"":[1],""precision"":""Int64""},{""name"":""proxy___mye621216"",""shape"":[1],""precision"":""Int64""},{""name"":""proxy___mye621183"",""shape"":[1],""precision"":""Int64""},{""name"":""proxy___mye621156"",""shape"":[1],""precision"":""Int64""},{""name"":""proxy___mye433429.1"",""shape"":[1],""precision"":""Int64""},{""name"":""proxy___mye433402.1"",""shape"":[1],""precision"":""Int64""},{""name"":""__mye66752_proxy.1"",""shape"":[1],""precision"":""Int64""},{""name"":""proxy___mye431390.1"",""shape"":[1],""precision"":""Int64""},{""name"":""proxy___mye430368.1"",""shape"":[1],""precision"":""Int64""}]","[{""name"":""present_v14"",""shape"":[1,8,-1,128],""precision"":""Half""},{""name"":""/Expand_29_output_0'.1"",""shape"":[1,8,2,-1,128],""precision"":""Half""}]",inputs=Half;Half;Int64;Int64;Int64;Int64;Int64;Int64;Int64;Int64;Int64;Int64;Int64;Int64;Int64;Int64|outputs=Half;Half,__myl_ResConResRep_0x9d40828c020eb6bb972be950c35191c1
356,__mye677058_myl0_356,signal,,[],[],inputs=NONE|outputs=NONE,UNKNOWN
357,__mye677052_myl0_357,wait,,[],[],inputs=NONE|outputs=NONE,UNKNOWN
358,__myl_FcCas_myl0_358,fusion,[ONNX Layer: /k_proj_14/MatMul];[ONNX Layer: /k_proj_14/MatMul__a_dequant];[ONNX Layer: /k_proj_14/MatMul__a_quant];[ONNX Layer: /k_proj_14/MatMul__w_dequant],"[{""name"":""__myln_k_arg__bb1_3017"",""shape"":[1,1,1024],""precision"":""Int8""},{""name"":""__mye621297dconst"",""shape"":[1,1024,1024],""precision"":""Int8""}]","[{""name"":""__myln_k_arg__bb1_3022"",""shape"":[1,1,1024],""precision"":""Half""}]",inputs=Int8;Int8|outputs=Half,sm80_xmma_gemm_i8f32_i8i32_f32_tn_n_tilesize32x64x64_stage6_warpsize2x2x1_tensor16x8x32_by_fusion_tactic
359,__myl_ResMulMea_myl0_359,kgen,[ONNX Layer: /Reshape_113];[ONNX Layer: /k_norm_14/Pow];[ONNX Layer: /k_norm_14/ReduceMean],"[{""name"":""__myln_k_arg__bb1_3022"",""shape"":[1,1,1024],""precision"":""Half""}]","[{""name"":""__myln_k_arg__bb1_3024"",""shape"":[1,1,8,1],""precision"":""Half""},{""name"":""__myln_k_arg__bb1_3023"",""shape"":[1,1,8,128],""precision"":""Half""}]",inputs=Half|outputs=Half;Half,__myl_ResMulMea_0x3c91498c3beee36a5653966af1581a8a
360,__myl_AddSqrDivMulMulResSliSliNegConMulMulAddConResRepResTra_myl0_360,kgen,[ONNX Layer: /k_norm_14/Add];[ONNX Layer: /k_norm_14/Sqrt];[ONNX Layer: /k_norm_14/Mul];[ONNX Layer: /k_norm_14/Mul_1];[ONNX Layer: /Transpose_71];[ONNX Layer: /Slice_58];[ONNX Layer: /Slice_59];[ONNX Layer: /Concat_173];[ONNX Layer: /Mul_130];[ONNX Layer: /Add_57];[ONNX Layer: /Mul_129];[ONNX Layer: /Unsqueeze_321];[ONNX Layer: /Reshape_116];[ONNX Layer: /Transpose_73];[ONNX Layer: /Expand_28];[ONNX Layer: /Concat_174];[ONNX Layer: /Neg_29];[ONNX Layer: /k_norm_14/Div],"[{""name"":""past_k14"",""shape"":[1,8,-1,128],""precision"":""Half""},{""name"":""__myln_k_arg__bb1_2685"",""shape"":[1,1,1,128],""precision"":""Half""},{""name"":""__myln_k_arg__bb1_2684"",""shape"":[1,1,1,128],""precision"":""Half""},{""name"":""stack_layers_14_self_attn_k_norm_weight _ ONNXTRT_Broadcast_4010_constantHalf"",""shape"":[1,1,1,128],""precision"":""Half""},{""name"":""__myln_k_arg__bb1_3023"",""shape"":[1,1,8,128],""precision"":""Half""},{""name"":""__myln_k_arg__bb1_3024"",""shape"":[1,1,8,1],""precision"":""Half""},{""name"":""proxy___mye672292"",""shape"":[1],""precision"":""Int64""},{""name"":""proxy___mye672331"",""shape"":[1],""precision"":""Int64""},{""name"":""proxy___mye672356"",""shape"":[1],""precision"":""Int64""},{""name"":""__mye66760_proxy.1"",""shape"":[1],""precision"":""Int64""},{""name"":""proxy___mye621559"",""shape"":[1],""precision"":""Int64""},{""name"":""proxy___mye621532"",""shape"":[1],""precision"":""Int64""},{""name"":""proxy___mye621499"",""shape"":[1],""precision"":""Int64""},{""name"":""proxy___mye621472"",""shape"":[1],""precision"":""Int64""},{""name"":""proxy___mye621439"",""shape"":[1],""precision"":""Int64""},{""name"":""proxy___mye621406"",""shape"":[1],""precision"":""Int64""},{""name"":""proxy___mye621379"",""shape"":[1],""precision"":""Int64""},{""name"":""proxy___mye621346"",""shape"":[1],""precision"":""Int64""},{""name"":""proxy___mye621319"",""shape"":[1],""precision"":""Int64""},{""name"":""proxy___mye433489.1"",""shape"":[1],""precision"":""Int64""},{""name"":""proxy___mye433462.1"",""shape"":[1],""precision"":""Int64""},{""name"":""__mye66752_proxy.1"",""shape"":[1],""precision"":""Int64""},{""name"":""proxy___mye430718.1"",""shape"":[1],""precision"":""Int64""},{""name"":""proxy___mye430368.1"",""shape"":[1],""precision"":""Int64""}]","[{""name"":""present_k14"",""shape"":[1,8,-1,128],""precision"":""Half""},{""name"":""shuffle_output_/Reshape_116 _ /Transpose_73_first_transpose_output.1"",""shape"":[1,16,128,-1],""precision"":""Half""}]",inputs=Half;Half;Half;Half;Half;Half;Int64;Int64;Int64;Int64;Int64;Int64;Int64;Int64;Int64;Int64;Int64;Int64;Int64;Int64;Int64;Int64;Int64;Int64|outputs=Half;Half,__myl_AddSqrDivMulMulResSliSliNegConMulMulAddConResRepResTra_0x5aea462b6a819ceadd3ebb32874c078f
361,__mye677054_myl0_361,signal,,[],[],inputs=NONE|outputs=NONE,UNKNOWN
362,__myl_FcCas_myl0_362,fusion,[ONNX Layer: /q_proj_14/MatMul];[ONNX Layer: /q_proj_14/MatMul__a_dequant];[ONNX Layer: /q_proj_14/MatMul__a_quant];[ONNX Layer: /q_proj_14/MatMul__w_dequant],"[{""name"":""__myln_k_arg__bb1_3016"",""shape"":[1,1,1024],""precision"":""Int8""},{""name"":""__mye621302dconst"",""shape"":[1,1024,2048],""precision"":""Int8""}]","[{""name"":""__myln_k_arg__bb1_3027"",""shape"":[1,1,2048],""precision"":""Half""}]",inputs=Int8;Int8|outputs=Half,sm80_xmma_gemm_i8f32_i8i32_f32_tn_n_tilesize32x64x64_stage6_warpsize2x2x1_tensor16x8x32_by_fusion_tactic
363,__myl_ResMulMea_myl0_363,kgen,[ONNX Layer: /Reshape_112];[ONNX Layer: /q_norm_14/Pow];[ONNX Layer: /q_norm_14/ReduceMean],"[{""name"":""__myln_k_arg__bb1_3027"",""shape"":[1,1,2048],""precision"":""Half""}]","[{""name"":""__myln_k_arg__bb1_3029"",""shape"":[1,1,16,1],""precision"":""Half""},{""name"":""__myln_k_arg__bb1_3028"",""shape"":[1,1,16,128],""precision"":""Half""}]",inputs=Half|outputs=Half;Half,__myl_ResMulMea_0xf2413012cd9ac6341b95d78f3432c656
364,__myl_AddSqrDivMulMulResSliSliNegConMulMulAdd_myl0_364,kgen,[ONNX Layer: /q_norm_14/Add];[ONNX Layer: /q_norm_14/Sqrt];[ONNX Layer: /q_norm_14/Mul];[ONNX Layer: /q_norm_14/Mul_1];[ONNX Layer: /Transpose_70];[ONNX Layer: /Slice_56];[ONNX Layer: /Slice_57];[ONNX Layer: /Concat_172];[ONNX Layer: /Mul_128];[ONNX Layer: /Add_56];[ONNX Layer: /Mul_127];[ONNX Layer: /Neg_28];[ONNX Layer: /q_norm_14/Div],"[{""name"":""__myln_k_arg__bb1_2685"",""shape"":[1,1,1,128],""precision"":""Half""},{""name"":""__myln_k_arg__bb1_2684"",""shape"":[1,1,1,128],""precision"":""Half""},{""name"":""stack_layers_14_self_attn_q_norm_weight _ ONNXTRT_Broadcast_3992_constantHalf"",""shape"":[1,1,1,128],""precision"":""Half""},{""name"":""__myln_k_arg__bb1_3028"",""shape"":[1,1,16,128],""precision"":""Half""},{""name"":""__myln_k_arg__bb1_3029"",""shape"":[1,1,16,1],""precision"":""Half""}]","[{""name"":""/Add_56_output_0'.1"",""shape"":[1,16,1,128],""precision"":""Half""}]",inputs=Half;Half;Half;Half;Half|outputs=Half,__myl_AddSqrDivMulMulResSliSliNegConMulMulAdd_0xf1ba08cc3beaba8ee91b0504be9c2cf4
365,__mye677056_myl0_365,wait,,[],[],inputs=NONE|outputs=NONE,UNKNOWN
366,/MatMul_28_myl0_366,gemm,[ONNX Layer: /MatMul_28],"[{""name"":""/Add_56_output_0'.1"",""shape"":[16,1,128],""precision"":""Half""},{""name"":""shuffle_output_/Reshape_116 _ /Transpose_73_first_transpose_output.1"",""shape"":[16,128,-1],""precision"":""Half""},{""name"":""__mye569376/MatMul_28_alpha"",""shape"":[1],""precision"":""Float""},{""name"":""__mye569377/MatMul_28_beta"",""shape"":[1],""precision"":""Float""}]","[{""name"":""__mye569373"",""shape"":[16,1,-1],""precision"":""Half""}]",inputs=Half;Half;Float;Float|outputs=Half,sm80_xmma_gemm_f16f16_f16f32_f32_nn_n_tilesize32x32x64_stage6_warpsize2x2x1_tensor16x8x16_aligna2_alignc2
367,__myl_MulMaxSubExpSumDivMul_myl0_367,kgen,[ONNX Layer: /Mul_133];[ONNX Layer: /Softmax_14],"[{""name"":""__mye569373"",""shape"":[1,16,1,-1],""precision"":""Half""},{""name"":""__mye66760_proxy.1"",""shape"":[1],""precision"":""Int64""},{""name"":""proxy___mye312316.1"",""shape"":[1],""precision"":""Int64""}]","[{""name"":""/Softmax_14_output'.1"",""shape"":[1,16,1,-1],""precision"":""Half""}]",inputs=Half;Int64;Int64|outputs=Half,__myl_MulMaxSubExpSumDivMul_0x1108f5a078d6e65507c06537b9b2e43f
368,__mye677060_myl0_368,wait,,[],[],inputs=NONE|outputs=NONE,UNKNOWN
369,/MatMul_29_myl0_369,gemm,[ONNX Layer: /MatMul_29],"[{""name"":""/Softmax_14_output'.1"",""shape"":[16,1,-1],""precision"":""Half""},{""name"":""/Expand_29_output_0'.1"",""shape"":[16,-1,128],""precision"":""Half""},{""name"":""__mye569397/MatMul_29_alpha"",""shape"":[1],""precision"":""Float""},{""name"":""__mye569398/MatMul_29_beta"",""shape"":[1],""precision"":""Float""}]","[{""name"":""__mye569394"",""shape"":[16,1,128],""precision"":""Half""}]",inputs=Half;Half;Float;Float|outputs=Half,sm80_xmma_gemm_f16f16_f16f32_f32_nn_n_tilesize64x128x32_stage5_warpsize2x2x1_tensor16x8x16_aligna2_alignc2
370,__myl_FcAdd_myl0_370,fusion,[ONNX Layer: /o_proj_14/MatMul];[ONNX Layer: /Add_58],"[{""name"":""hidden_l13"",""shape"":[1,1,1024],""precision"":""Half""},{""name"":""__mye569394"",""shape"":[1,1,2048],""precision"":""Half""},{""name"":""__mye621654dconst"",""shape"":[1,2048,1024],""precision"":""Half""}]","[{""name"":""__myln_k_arg__bb1_3034"",""shape"":[1,1,1024],""precision"":""Half""}]",inputs=Half;Half;Half|outputs=Half,sm80_xmma_gemm_f16f16_f16f16_f16_tn_n_tilesize32x32x64_stage6_warpsize2x2x1_tensor16x8x16_by_fusion_tactic
371,__myl_MulMeaAddSqrDivMulMulMulMinMaxRouCas_myl0_371,kgen,[ONNX Layer: /post_attention_layernorm_14/Pow];[ONNX Layer: /post_attention_layernorm_14/ReduceMean];[ONNX Layer: /post_attention_layernorm_14/Add];[ONNX Layer: /post_attention_layernorm_14/Div];[ONNX Layer: /post_attention_layernorm_14/Sqrt];[ONNX Layer: /post_attention_layernorm_14/Mul];[ONNX Layer: /post_attention_layernorm_14/Mul_1];[ONNX Layer: /gate_proj_14/MatMul__a_quant],"[{""name"":""stack_layers_14_post_attention_layernorm_weight _ ONNXTRT_Broadcast_4238_constantHalf"",""shape"":[1,1,1024],""precision"":""Half""},{""name"":""__myln_k_arg__bb1_3034"",""shape"":[1,1,1024],""precision"":""Half""},{""name"":""__myln_k_arg__bb1_3034"",""shape"":[1,1,1024],""precision"":""Half""},{""name"":""__myln_k_arg__bb1_3034"",""shape"":[1,1,1024],""precision"":""Half""}]","[{""name"":""__myln_k_arg__bb1_3036"",""shape"":[1,1,1024],""precision"":""Int8""},{""name"":""__myln_k_arg__bb1_3035"",""shape"":[1,1,1024],""precision"":""Half""}]",inputs=Half;Half;Half;Half|outputs=Int8;Half,__myl_MulMeaAddSqrDivMulMulMulMinMaxRouCas_0xf2d64d0cef819045fc9d252a6b31181b
372,/up_proj_14/MatMul_myl0_372,gemm,[ONNX Layer: /up_proj_14/MatMul],"[{""name"":""__myln_k_arg__bb1_3035"",""shape"":[1,1,1024],""precision"":""Half""},{""name"":""__mye621659dconst"",""shape"":[1,1024,3072],""precision"":""Half""},{""name"":""__mye569421/up_proj_14/MatMul_alpha"",""shape"":[1],""precision"":""Float""},{""name"":""__mye569422/up_proj_14/MatMul_beta"",""shape"":[1],""precision"":""Float""}]","[{""name"":""__myln_k_arg__bb1_3037"",""shape"":[1,1,3072],""precision"":""Half""}]",inputs=Half;Half;Float;Float|outputs=Half,sm80_xmma_gemm_f16f16_f16f32_f32_tn_n_tilesize32x32x64_stage6_warpsize2x2x1_tensor16x8x16
373,__myl_FcCasNegExpAddDivMulMul_myl0_373,fusion,[ONNX Layer: /gate_proj_14/MatMul];[ONNX Layer: /gate_proj_14/MatMul__a_dequant];[ONNX Layer: /gate_proj_14/MatMul__a_quant];[ONNX Layer: /gate_proj_14/MatMul__w_dequant];[ONNX Layer: /Mul_134];[ONNX Layer: /Mul_135];[ONNX Layer: /Sigmoid_14],"[{""name"":""__myln_k_arg__bb1_3037"",""shape"":[1,1,3072],""precision"":""Half""},{""name"":""__myln_k_arg__bb1_3036"",""shape"":[1,1,1024],""precision"":""Int8""},{""name"":""__mye621664dconst"",""shape"":[1,1024,3072],""precision"":""Int8""}]","[{""name"":""__myln_k_arg__bb1_3038"",""shape"":[1,1,3072],""precision"":""Half""}]",inputs=Half;Int8;Int8|outputs=Half,sm80_xmma_gemm_i8i8_i8i32_f32_tn_n_tilesize32x64x64_stage6_warpsize2x2x1_tensor16x8x32_by_fusion_tactic
374,__myl_FcAdd_myl0_374,fusion,[ONNX Layer: /down_proj_14/MatMul];[ONNX Layer: /Add_59],"[{""name"":""__myln_k_arg__bb1_3034"",""shape"":[1,1,1024],""precision"":""Half""},{""name"":""__myln_k_arg__bb1_3038"",""shape"":[1,1,3072],""precision"":""Half""},{""name"":""onnx__MatMul_8068 _ ONNXTRT_Broadcast_4247_constantHalf"",""shape"":[1,3072,1024],""precision"":""Half""}]","[{""name"":""hidden_l14"",""shape"":[1,1,1024],""precision"":""Half""}]",inputs=Half;Half;Half|outputs=Half,sm80_xmma_gemm_f16f16_f16f16_f16_nn_n_tilesize64x128x32_stage5_warpsize2x2x1_tensor16x8x16_by_fusion_tactic
375,__myl_MulMeaAddSqrDivMulDivMinMaxRouCasDivMinMaxRouCasDivMinMaxRouCas_myl0_375,kgen,[ONNX Layer: /q_proj_15/MatMul__a_quant];[ONNX Layer: /k_proj_15/MatMul__a_quant];[ONNX Layer: /v_proj_15/MatMul__a_quant];[ONNX Layer: /input_layernorm_15/Mul];[ONNX Layer: /input_layernorm_15/Sqrt];[ONNX Layer: /input_layernorm_15/Div];[ONNX Layer: /input_layernorm_15/Add];[ONNX Layer: /input_layernorm_15/ReduceMean];[ONNX Layer: /input_layernorm_15/Pow],"[{""name"":""hidden_l14"",""shape"":[1,1,1024],""precision"":""Half""},{""name"":""hidden_l14"",""shape"":[1,1,1024],""precision"":""Half""},{""name"":""hidden_l14"",""shape"":[1,1,1024],""precision"":""Half""},{""name"":""__mye610290_dconst"",""shape"":[1,1,1024],""precision"":""Half""},{""name"":""__mye610317_dconst"",""shape"":[1,1,1024],""precision"":""Half""},{""name"":""__mye610344_dconst"",""shape"":[1,1,1024],""precision"":""Half""}]","[{""name"":""__myln_k_arg__bb1_3042"",""shape"":[1,1,1024],""precision"":""Int8""},{""name"":""__myln_k_arg__bb1_3041"",""shape"":[1,1,1024],""precision"":""Int8""},{""name"":""__myln_k_arg__bb1_3040"",""shape"":[1,1,1024],""precision"":""Int8""}]",inputs=Half;Half;Half;Half;Half;Half|outputs=Int8;Int8;Int8,__myl_MulMeaAddSqrDivMulDivMinMaxRouCasDivMinMaxRouCasDivMinMaxRouCas_0x9f2c300bb597625319cadec4728f9bc5
376,__mye677062_myl0_376,signal,,[],[],inputs=NONE|outputs=NONE,UNKNOWN
377,__mye677064_myl0_377,wait,,[],[],inputs=NONE|outputs=NONE,UNKNOWN
378,__myl_FcCas_myl0_378,fusion,[ONNX Layer: /v_proj_15/MatMul];[ONNX Layer: /v_proj_15/MatMul__a_dequant];[ONNX Layer: /v_proj_15/MatMul__a_quant];[ONNX Layer: /v_proj_15/MatMul__w_dequant],"[{""name"":""__myln_k_arg__bb1_3042"",""shape"":[1,1,1024],""precision"":""Int8""},{""name"":""__mye621669dconst"",""shape"":[1,1024,1024],""precision"":""Int8""}]","[{""name"":""__myln_k_arg__bb1_3043"",""shape"":[1,1,1024],""precision"":""Half""}]",inputs=Int8;Int8|outputs=Half,sm80_xmma_gemm_i8f32_i8i32_f32_tn_n_tilesize32x64x64_stage6_warpsize2x2x1_tensor16x8x32_by_fusion_tactic
379,__myl_ResConResRep_myl0_379,kgen,[ONNX Layer: /Reshape_122];[ONNX Layer: /Transpose_77];[ONNX Layer: /Unsqueeze_348];[ONNX Layer: /Expand_31];[ONNX Layer: /Concat_187],"[{""name"":""past_v15"",""shape"":[1,8,-1,128],""precision"":""Half""},{""name"":""__myln_k_arg__bb1_3043"",""shape"":[1,1,1024],""precision"":""Half""},{""name"":""proxy___mye672478"",""shape"":[1],""precision"":""Int64""},{""name"":""proxy___mye672523"",""shape"":[1],""precision"":""Int64""},{""name"":""proxy___mye672548"",""shape"":[1],""precision"":""Int64""},{""name"":""__mye66760_proxy.1"",""shape"":[1],""precision"":""Int64""},{""name"":""proxy___mye621806"",""shape"":[1],""precision"":""Int64""},{""name"":""proxy___mye621773"",""shape"":[1],""precision"":""Int64""},{""name"":""proxy___mye621746"",""shape"":[1],""precision"":""Int64""},{""name"":""proxy___mye621713"",""shape"":[1],""precision"":""Int64""},{""name"":""proxy___mye621686"",""shape"":[1],""precision"":""Int64""},{""name"":""proxy___mye433549.1"",""shape"":[1],""precision"":""Int64""},{""name"":""proxy___mye433522.1"",""shape"":[1],""precision"":""Int64""},{""name"":""__mye66752_proxy.1"",""shape"":[1],""precision"":""Int64""},{""name"":""proxy___mye431414.1"",""shape"":[1],""precision"":""Int64""},{""name"":""proxy___mye430368.1"",""shape"":[1],""precision"":""Int64""}]","[{""name"":""present_v15"",""shape"":[1,8,-1,128],""precision"":""Half""},{""name"":""/Expand_31_output_0'.1"",""shape"":[1,8,2,-1,128],""precision"":""Half""}]",inputs=Half;Half;Int64;Int64;Int64;Int64;Int64;Int64;Int64;Int64;Int64;Int64;Int64;Int64;Int64;Int64|outputs=Half;Half,__myl_ResConResRep_0x9d40828c020eb6bb972be950c35191c1
380,__mye677072_myl0_380,signal,,[],[],inputs=NONE|outputs=NONE,UNKNOWN
381,__mye677066_myl0_381,wait,,[],[],inputs=NONE|outputs=NONE,UNKNOWN
382,__myl_FcCas_myl0_382,fusion,[ONNX Layer: /k_proj_15/MatMul];[ONNX Layer: /k_proj_15/MatMul__a_dequant];[ONNX Layer: /k_proj_15/MatMul__a_quant];[ONNX Layer: /k_proj_15/MatMul__w_dequant],"[{""name"":""__myln_k_arg__bb1_3041"",""shape"":[1,1,1024],""precision"":""Int8""},{""name"":""__mye621827dconst"",""shape"":[1,1024,1024],""precision"":""Int8""}]","[{""name"":""__myln_k_arg__bb1_3046"",""shape"":[1,1,1024],""precision"":""Half""}]",inputs=Int8;Int8|outputs=Half,sm80_xmma_gemm_i8f32_i8i32_f32_tn_n_tilesize32x64x64_stage6_warpsize2x2x1_tensor16x8x32_by_fusion_tactic
383,__myl_ResMulMea_myl0_383,kgen,[ONNX Layer: /Reshape_121];[ONNX Layer: /k_norm_15/Pow];[ONNX Layer: /k_norm_15/ReduceMean],"[{""name"":""__myln_k_arg__bb1_3046"",""shape"":[1,1,1024],""precision"":""Half""}]","[{""name"":""__myln_k_arg__bb1_3048"",""shape"":[1,1,8,1],""precision"":""Half""},{""name"":""__myln_k_arg__bb1_3047"",""shape"":[1,1,8,128],""precision"":""Half""}]",inputs=Half|outputs=Half;Half,__myl_ResMulMea_0x3c91498c3beee36a5653966af1581a8a
384,__myl_AddSqrDivMulMulResSliSliNegConMulMulAddConResRepResTra_myl0_384,kgen,[ONNX Layer: /k_norm_15/Add];[ONNX Layer: /k_norm_15/Sqrt];[ONNX Layer: /k_norm_15/Mul];[ONNX Layer: /k_norm_15/Mul_1];[ONNX Layer: /Transpose_76];[ONNX Layer: /Slice_62];[ONNX Layer: /Slice_63];[ONNX Layer: /Concat_185];[ONNX Layer: /Mul_139];[ONNX Layer: /Add_61];[ONNX Layer: /Mul_138];[ONNX Layer: /Unsqueeze_343];[ONNX Layer: /Reshape_124];[ONNX Layer: /Transpose_78];[ONNX Layer: /Expand_30];[ONNX Layer: /Concat_186];[ONNX Layer: /Neg_31];[ONNX Layer: /k_norm_15/Div],"[{""name"":""past_k15"",""shape"":[1,8,-1,128],""precision"":""Half""},{""name"":""__myln_k_arg__bb1_2685"",""shape"":[1,1,1,128],""precision"":""Half""},{""name"":""__myln_k_arg__bb1_2684"",""shape"":[1,1,1,128],""precision"":""Half""},{""name"":""stack_layers_15_self_attn_k_norm_weight _ ONNXTRT_Broadcast_4290_constantHalf"",""shape"":[1,1,1,128],""precision"":""Half""},{""name"":""__myln_k_arg__bb1_3047"",""shape"":[1,1,8,128],""precision"":""Half""},{""name"":""__myln_k_arg__bb1_3048"",""shape"":[1,1,8,1],""precision"":""Half""},{""name"":""proxy___mye672630"",""shape"":[1],""precision"":""Int64""},{""name"":""proxy___mye672669"",""shape"":[1],""precision"":""Int64""},{""name"":""proxy___mye672694"",""shape"":[1],""precision"":""Int64""},{""name"":""__mye66760_proxy.1"",""shape"":[1],""precision"":""Int64""},{""name"":""proxy___mye622089"",""shape"":[1],""precision"":""Int64""},{""name"":""proxy___mye622062"",""shape"":[1],""precision"":""Int64""},{""name"":""proxy___mye622029"",""shape"":[1],""precision"":""Int64""},{""name"":""proxy___mye622002"",""shape"":[1],""precision"":""Int64""},{""name"":""proxy___mye621969"",""shape"":[1],""precision"":""Int64""},{""name"":""proxy___mye621936"",""shape"":[1],""precision"":""Int64""},{""name"":""proxy___mye621909"",""shape"":[1],""precision"":""Int64""},{""name"":""proxy___mye621876"",""shape"":[1],""precision"":""Int64""},{""name"":""proxy___mye621849"",""shape"":[1],""precision"":""Int64""},{""name"":""proxy___mye433609.1"",""shape"":[1],""precision"":""Int64""},{""name"":""proxy___mye433582.1"",""shape"":[1],""precision"":""Int64""},{""name"":""__mye66752_proxy.1"",""shape"":[1],""precision"":""Int64""},{""name"":""proxy___mye430742.1"",""shape"":[1],""precision"":""Int64""},{""name"":""proxy___mye430368.1"",""shape"":[1],""precision"":""Int64""}]","[{""name"":""present_k15"",""shape"":[1,8,-1,128],""precision"":""Half""},{""name"":""shuffle_output_/Reshape_124 _ /Transpose_78_first_transpose_output.1"",""shape"":[1,16,128,-1],""precision"":""Half""}]",inputs=Half;Half;Half;Half;Half;Half;Int64;Int64;Int64;Int64;Int64;Int64;Int64;Int64;Int64;Int64;Int64;Int64;Int64;Int64;Int64;Int64;Int64;Int64|outputs=Half;Half,__myl_AddSqrDivMulMulResSliSliNegConMulMulAddConResRepResTra_0x5aea462b6a819ceadd3ebb32874c078f
385,__mye677068_myl0_385,signal,,[],[],inputs=NONE|outputs=NONE,UNKNOWN
386,__myl_FcCas_myl0_386,fusion,[ONNX Layer: /q_proj_15/MatMul];[ONNX Layer: /q_proj_15/MatMul__a_dequant];[ONNX Layer: /q_proj_15/MatMul__a_quant];[ONNX Layer: /q_proj_15/MatMul__w_dequant],"[{""name"":""__myln_k_arg__bb1_3040"",""shape"":[1,1,1024],""precision"":""Int8""},{""name"":""__mye621832dconst"",""shape"":[1,1024,2048],""precision"":""Int8""}]","[{""name"":""__myln_k_arg__bb1_3051"",""shape"":[1,1,2048],""precision"":""Half""}]",inputs=Int8;Int8|outputs=Half,sm80_xmma_gemm_i8f32_i8i32_f32_tn_n_tilesize32x64x64_stage6_warpsize2x2x1_tensor16x8x32_by_fusion_tactic
387,__myl_ResMulMea_myl0_387,kgen,[ONNX Layer: /Reshape_120];[ONNX Layer: /q_norm_15/Pow];[ONNX Layer: /q_norm_15/ReduceMean],"[{""name"":""__myln_k_arg__bb1_3051"",""shape"":[1,1,2048],""precision"":""Half""}]","[{""name"":""__myln_k_arg__bb1_3053"",""shape"":[1,1,16,1],""precision"":""Half""},{""name"":""__myln_k_arg__bb1_3052"",""shape"":[1,1,16,128],""precision"":""Half""}]",inputs=Half|outputs=Half;Half,__myl_ResMulMea_0xf2413012cd9ac6341b95d78f3432c656
388,__myl_AddSqrDivMulMulResSliSliNegConMulMulAdd_myl0_388,kgen,[ONNX Layer: /q_norm_15/Add];[ONNX Layer: /q_norm_15/Sqrt];[ONNX Layer: /q_norm_15/Mul];[ONNX Layer: /q_norm_15/Mul_1];[ONNX Layer: /Transpose_75];[ONNX Layer: /Slice_60];[ONNX Layer: /Slice_61];[ONNX Layer: /Concat_184];[ONNX Layer: /Mul_137];[ONNX Layer: /Add_60];[ONNX Layer: /Mul_136];[ONNX Layer: /Neg_30];[ONNX Layer: /q_norm_15/Div],"[{""name"":""__myln_k_arg__bb1_2685"",""shape"":[1,1,1,128],""precision"":""Half""},{""name"":""__myln_k_arg__bb1_2684"",""shape"":[1,1,1,128],""precision"":""Half""},{""name"":""stack_layers_15_self_attn_q_norm_weight _ ONNXTRT_Broadcast_4272_constantHalf"",""shape"":[1,1,1,128],""precision"":""Half""},{""name"":""__myln_k_arg__bb1_3052"",""shape"":[1,1,16,128],""precision"":""Half""},{""name"":""__myln_k_arg__bb1_3053"",""shape"":[1,1,16,1],""precision"":""Half""}]","[{""name"":""/Add_60_output_0'.1"",""shape"":[1,16,1,128],""precision"":""Half""}]",inputs=Half;Half;Half;Half;Half|outputs=Half,__myl_AddSqrDivMulMulResSliSliNegConMulMulAdd_0xf1ba08cc3beaba8ee91b0504be9c2cf4
389,__mye677070_myl0_389,wait,,[],[],inputs=NONE|outputs=NONE,UNKNOWN
390,/MatMul_30_myl0_390,gemm,[ONNX Layer: /MatMul_30],"[{""name"":""/Add_60_output_0'.1"",""shape"":[16,1,128],""precision"":""Half""},{""name"":""shuffle_output_/Reshape_124 _ /Transpose_78_first_transpose_output.1"",""shape"":[16,128,-1],""precision"":""Half""},{""name"":""__mye569495/MatMul_30_alpha"",""shape"":[1],""precision"":""Float""},{""name"":""__mye569496/MatMul_30_beta"",""shape"":[1],""precision"":""Float""}]","[{""name"":""__mye569492"",""shape"":[16,1,-1],""precision"":""Half""}]",inputs=Half;Half;Float;Float|outputs=Half,sm80_xmma_gemm_f16f16_f16f32_f32_nn_n_tilesize32x32x64_stage6_warpsize2x2x1_tensor16x8x16_aligna2_alignc2
391,__myl_MulMaxSubExpSumDivMul_myl0_391,kgen,[ONNX Layer: /Mul_142];[ONNX Layer: /Softmax_15],"[{""name"":""__mye569492"",""shape"":[1,16,1,-1],""precision"":""Half""},{""name"":""__mye66760_proxy.1"",""shape"":[1],""precision"":""Int64""},{""name"":""proxy___mye312316.1"",""shape"":[1],""precision"":""Int64""}]","[{""name"":""/Softmax_15_output'.1"",""shape"":[1,16,1,-1],""precision"":""Half""}]",inputs=Half;Int64;Int64|outputs=Half,__myl_MulMaxSubExpSumDivMul_0x1108f5a078d6e65507c06537b9b2e43f
392,__mye677074_myl0_392,wait,,[],[],inputs=NONE|outputs=NONE,UNKNOWN
393,/MatMul_31_myl0_393,gemm,[ONNX Layer: /MatMul_31],"[{""name"":""/Softmax_15_output'.1"",""shape"":[16,1,-1],""precision"":""Half""},{""name"":""/Expand_31_output_0'.1"",""shape"":[16,-1,128],""precision"":""Half""},{""name"":""__mye569516/MatMul_31_alpha"",""shape"":[1],""precision"":""Float""},{""name"":""__mye569517/MatMul_31_beta"",""shape"":[1],""precision"":""Float""}]","[{""name"":""__myln_k_arg__bb1_3057"",""shape"":[16,1,128],""precision"":""Half""}]",inputs=Half;Half;Float;Float|outputs=Half,sm80_xmma_gemm_f16f16_f16f32_f32_nn_n_tilesize64x128x32_stage5_warpsize2x2x1_tensor16x8x16_aligna2_alignc2
394,__myl_MulMinMaxRouCas_myl0_394,kgen,[ONNX Layer: /o_proj_15/MatMul__a_quant],"[{""name"":""__myln_k_arg__bb1_3057"",""shape"":[16,1,128],""precision"":""Half""}]","[{""name"":""__mye574586_q8"",""shape"":[16,1,128],""precision"":""Int8""}]",inputs=Half|outputs=Int8,__myl_MulMinMaxRouCas_0x5d22e06f0128b92bf02f50e9b05f0125
395,__myl_FcCasAdd_myl0_395,fusion,[ONNX Layer: /o_proj_15/MatMul];[ONNX Layer: /o_proj_15/MatMul__a_dequant];[ONNX Layer: /o_proj_15/MatMul__a_quant];[ONNX Layer: /o_proj_15/MatMul__w_dequant];[ONNX Layer: /Add_62],"[{""name"":""hidden_l14"",""shape"":[1,1,1024],""precision"":""Half""},{""name"":""__mye574586_q8"",""shape"":[1,1,2048],""precision"":""Int8""},{""name"":""__mye622184dconst"",""shape"":[1,2048,1024],""precision"":""Int8""}]","[{""name"":""__myln_k_arg__bb1_3059"",""shape"":[1,1,1024],""precision"":""Half""}]",inputs=Half;Int8;Int8|outputs=Half,sm80_xmma_gemm_i8f32_i8i32_f32_tn_n_tilesize32x64x64_stage6_warpsize2x2x1_tensor16x8x32_by_fusion_tactic
396,__myl_MulMeaAddSqrDivMulMulMulMinMaxRouCas_myl0_396,kgen,[ONNX Layer: /post_attention_layernorm_15/Pow];[ONNX Layer: /post_attention_layernorm_15/ReduceMean];[ONNX Layer: /post_attention_layernorm_15/Add];[ONNX Layer: /post_attention_layernorm_15/Div];[ONNX Layer: /post_attention_layernorm_15/Sqrt];[ONNX Layer: /post_attention_layernorm_15/Mul];[ONNX Layer: /post_attention_layernorm_15/Mul_1];[ONNX Layer: /gate_proj_15/MatMul__a_quant],"[{""name"":""stack_layers_15_post_attention_layernorm_weight _ ONNXTRT_Broadcast_4521_constantHalf"",""shape"":[1,1,1024],""precision"":""Half""},{""name"":""__myln_k_arg__bb1_3059"",""shape"":[1,1,1024],""precision"":""Half""},{""name"":""__myln_k_arg__bb1_3059"",""shape"":[1,1,1024],""precision"":""Half""},{""name"":""__myln_k_arg__bb1_3059"",""shape"":[1,1,1024],""precision"":""Half""}]","[{""name"":""__myln_k_arg__bb1_3061"",""shape"":[1,1,1024],""precision"":""Int8""},{""name"":""__myln_k_arg__bb1_3060"",""shape"":[1,1,1024],""precision"":""Half""}]",inputs=Half;Half;Half;Half|outputs=Int8;Half,__myl_MulMeaAddSqrDivMulMulMulMinMaxRouCas_0xb633f57e2e22833f593c4f215c79f20a
397,/up_proj_15/MatMul_myl0_397,gemm,[ONNX Layer: /up_proj_15/MatMul],"[{""name"":""__myln_k_arg__bb1_3060"",""shape"":[1,1,1024],""precision"":""Half""},{""name"":""__mye622189dconst"",""shape"":[1,1024,3072],""precision"":""Half""},{""name"":""__mye569540/up_proj_15/MatMul_alpha"",""shape"":[1],""precision"":""Float""},{""name"":""__mye569541/up_proj_15/MatMul_beta"",""shape"":[1],""precision"":""Float""}]","[{""name"":""__myln_k_arg__bb1_3062"",""shape"":[1,1,3072],""precision"":""Half""}]",inputs=Half;Half;Float;Float|outputs=Half,sm80_xmma_gemm_f16f16_f16f16_f16_tn_n_tilesize32x32x64_stage6_warpsize2x2x1_tensor16x8x16
398,__myl_FcCasNegExpAddDivMulMul_myl0_398,fusion,[ONNX Layer: /gate_proj_15/MatMul];[ONNX Layer: /gate_proj_15/MatMul__a_dequant];[ONNX Layer: /gate_proj_15/MatMul__a_quant];[ONNX Layer: /gate_proj_15/MatMul__w_dequant];[ONNX Layer: /Mul_143];[ONNX Layer: /Mul_144];[ONNX Layer: /Sigmoid_15],"[{""name"":""__myln_k_arg__bb1_3062"",""shape"":[1,1,3072],""precision"":""Half""},{""name"":""__myln_k_arg__bb1_3061"",""shape"":[1,1,1024],""precision"":""Int8""},{""name"":""__mye622194dconst"",""shape"":[1,1024,3072],""precision"":""Int8""}]","[{""name"":""__myln_k_arg__bb1_3063"",""shape"":[1,1,3072],""precision"":""Half""}]",inputs=Half;Int8;Int8|outputs=Half,sm80_xmma_gemm_i8i8_i8i32_f32_tn_n_tilesize32x64x64_stage6_warpsize2x2x1_tensor16x8x32_by_fusion_tactic
399,__myl_FcAdd_myl0_399,fusion,[ONNX Layer: /down_proj_15/MatMul];[ONNX Layer: /Add_63],"[{""name"":""__myln_k_arg__bb1_3059"",""shape"":[1,1,1024],""precision"":""Half""},{""name"":""__myln_k_arg__bb1_3063"",""shape"":[1,1,3072],""precision"":""Half""},{""name"":""onnx__MatMul_8104 _ ONNXTRT_Broadcast_4530_constantHalf"",""shape"":[1,3072,1024],""precision"":""Half""}]","[{""name"":""hidden_l15"",""shape"":[1,1,1024],""precision"":""Half""}]",inputs=Half;Half;Half|outputs=Half,sm80_xmma_gemm_f16f16_f16f16_f16_nn_n_tilesize64x128x32_stage5_warpsize2x2x1_tensor16x8x16_by_fusion_tactic
400,__myl_MulMeaAddSqrDivMulDivMinMaxRouCasDivMinMaxRouCasDivMinMaxRouCas_myl0_400,kgen,[ONNX Layer: /q_proj_16/MatMul__a_quant];[ONNX Layer: /k_proj_16/MatMul__a_quant];[ONNX Layer: /v_proj_16/MatMul__a_quant];[ONNX Layer: /input_layernorm_16/Mul];[ONNX Layer: /input_layernorm_16/Sqrt];[ONNX Layer: /input_layernorm_16/Div];[ONNX Layer: /input_layernorm_16/Add];[ONNX Layer: /input_layernorm_16/ReduceMean];[ONNX Layer: /input_layernorm_16/Pow],"[{""name"":""hidden_l15"",""shape"":[1,1,1024],""precision"":""Half""},{""name"":""hidden_l15"",""shape"":[1,1,1024],""precision"":""Half""},{""name"":""hidden_l15"",""shape"":[1,1,1024],""precision"":""Half""},{""name"":""__mye610415_dconst"",""shape"":[1,1,1024],""precision"":""Half""},{""name"":""__mye610442_dconst"",""shape"":[1,1,1024],""precision"":""Half""},{""name"":""__mye610469_dconst"",""shape"":[1,1,1024],""precision"":""Half""}]","[{""name"":""__myln_k_arg__bb1_3067"",""shape"":[1,1,1024],""precision"":""Int8""},{""name"":""__myln_k_arg__bb1_3066"",""shape"":[1,1,1024],""precision"":""Int8""},{""name"":""__myln_k_arg__bb1_3065"",""shape"":[1,1,1024],""precision"":""Int8""}]",inputs=Half;Half;Half;Half;Half;Half|outputs=Int8;Int8;Int8,__myl_MulMeaAddSqrDivMulDivMinMaxRouCasDivMinMaxRouCasDivMinMaxRouCas_0x9f2c300bb597625319cadec4728f9bc5
401,__mye677076_myl0_401,signal,,[],[],inputs=NONE|outputs=NONE,UNKNOWN
402,__mye677078_myl0_402,wait,,[],[],inputs=NONE|outputs=NONE,UNKNOWN
403,__myl_FcCas_myl0_403,fusion,[ONNX Layer: /v_proj_16/MatMul];[ONNX Layer: /v_proj_16/MatMul__a_dequant];[ONNX Layer: /v_proj_16/MatMul__a_quant];[ONNX Layer: /v_proj_16/MatMul__w_dequant],"[{""name"":""__myln_k_arg__bb1_3067"",""shape"":[1,1,1024],""precision"":""Int8""},{""name"":""__mye622199dconst"",""shape"":[1,1024,1024],""precision"":""Int8""}]","[{""name"":""__myln_k_arg__bb1_3068"",""shape"":[1,1,1024],""precision"":""Half""}]",inputs=Int8;Int8|outputs=Half,sm80_xmma_gemm_i8f32_i8i32_f32_tn_n_tilesize32x64x64_stage6_warpsize2x2x1_tensor16x8x32_by_fusion_tactic
404,__myl_ResConResRep_myl0_404,kgen,[ONNX Layer: /Reshape_130];[ONNX Layer: /Transpose_82];[ONNX Layer: /Unsqueeze_370];[ONNX Layer: /Expand_33];[ONNX Layer: /Concat_199],"[{""name"":""past_v16"",""shape"":[1,8,-1,128],""precision"":""Half""},{""name"":""__myln_k_arg__bb1_3068"",""shape"":[1,1,1024],""precision"":""Half""},{""name"":""proxy___mye672816"",""shape"":[1],""precision"":""Int64""},{""name"":""proxy___mye672861"",""shape"":[1],""precision"":""Int64""},{""name"":""proxy___mye672886"",""shape"":[1],""precision"":""Int64""},{""name"":""__mye66760_proxy.1"",""shape"":[1],""precision"":""Int64""},{""name"":""proxy___mye622336"",""shape"":[1],""precision"":""Int64""},{""name"":""proxy___mye622303"",""shape"":[1],""precision"":""Int64""},{""name"":""proxy___mye622276"",""shape"":[1],""precision"":""Int64""},{""name"":""proxy___mye622243"",""shape"":[1],""precision"":""Int64""},{""name"":""proxy___mye622216"",""shape"":[1],""precision"":""Int64""},{""name"":""proxy___mye433669.1"",""shape"":[1],""precision"":""Int64""},{""name"":""proxy___mye433642.1"",""shape"":[1],""precision"":""Int64""},{""name"":""__mye66752_proxy.1"",""shape"":[1],""precision"":""Int64""},{""name"":""proxy___mye431438.1"",""shape"":[1],""precision"":""Int64""},{""name"":""proxy___mye430368.1"",""shape"":[1],""precision"":""Int64""}]","[{""name"":""present_v16"",""shape"":[1,8,-1,128],""precision"":""Half""},{""name"":""/Expand_33_output_0'.1"",""shape"":[1,8,2,-1,128],""precision"":""Half""}]",inputs=Half;Half;Int64;Int64;Int64;Int64;Int64;Int64;Int64;Int64;Int64;Int64;Int64;Int64;Int64;Int64|outputs=Half;Half,__myl_ResConResRep_0x9d40828c020eb6bb972be950c35191c1
405,__mye677086_myl0_405,signal,,[],[],inputs=NONE|outputs=NONE,UNKNOWN
406,__mye677080_myl0_406,wait,,[],[],inputs=NONE|outputs=NONE,UNKNOWN
407,__myl_FcCas_myl0_407,fusion,[ONNX Layer: /k_proj_16/MatMul];[ONNX Layer: /k_proj_16/MatMul__a_dequant];[ONNX Layer: /k_proj_16/MatMul__a_quant];[ONNX Layer: /k_proj_16/MatMul__w_dequant],"[{""name"":""__myln_k_arg__bb1_3066"",""shape"":[1,1,1024],""precision"":""Int8""},{""name"":""__mye622357dconst"",""shape"":[1,1024,1024],""precision"":""Int8""}]","[{""name"":""__myln_k_arg__bb1_3071"",""shape"":[1,1,1024],""precision"":""Half""}]",inputs=Int8;Int8|outputs=Half,sm80_xmma_gemm_i8f32_i8i32_f32_tn_n_tilesize32x64x64_stage6_warpsize2x2x1_tensor16x8x32_by_fusion_tactic
408,__myl_ResMulMea_myl0_408,kgen,[ONNX Layer: /Reshape_129];[ONNX Layer: /k_norm_16/Pow];[ONNX Layer: /k_norm_16/ReduceMean],"[{""name"":""__myln_k_arg__bb1_3071"",""shape"":[1,1,1024],""precision"":""Half""}]","[{""name"":""__myln_k_arg__bb1_3073"",""shape"":[1,1,8,1],""precision"":""Half""},{""name"":""__myln_k_arg__bb1_3072"",""shape"":[1,1,8,128],""precision"":""Half""}]",inputs=Half|outputs=Half;Half,__myl_ResMulMea_0x3c91498c3beee36a5653966af1581a8a
409,__myl_AddSqrDivMulMulResSliSliNegConMulMulAddConResRepResTra_myl0_409,kgen,[ONNX Layer: /k_norm_16/Add];[ONNX Layer: /k_norm_16/Sqrt];[ONNX Layer: /k_norm_16/Mul];[ONNX Layer: /k_norm_16/Mul_1];[ONNX Layer: /Transpose_81];[ONNX Layer: /Slice_66];[ONNX Layer: /Slice_67];[ONNX Layer: /Concat_197];[ONNX Layer: /Mul_148];[ONNX Layer: /Add_65];[ONNX Layer: /Mul_147];[ONNX Layer: /Unsqueeze_365];[ONNX Layer: /Reshape_132];[ONNX Layer: /Transpose_83];[ONNX Layer: /Expand_32];[ONNX Layer: /Concat_198];[ONNX Layer: /Neg_33];[ONNX Layer: /k_norm_16/Div],"[{""name"":""past_k16"",""shape"":[1,8,-1,128],""precision"":""Half""},{""name"":""__myln_k_arg__bb1_2685"",""shape"":[1,1,1,128],""precision"":""Half""},{""name"":""__myln_k_arg__bb1_2684"",""shape"":[1,1,1,128],""precision"":""Half""},{""name"":""stack_layers_16_self_attn_k_norm_weight _ ONNXTRT_Broadcast_4573_constantHalf"",""shape"":[1,1,1,128],""precision"":""Half""},{""name"":""__myln_k_arg__bb1_3072"",""shape"":[1,1,8,128],""precision"":""Half""},{""name"":""__myln_k_arg__bb1_3073"",""shape"":[1,1,8,1],""precision"":""Half""},{""name"":""proxy___mye672968"",""shape"":[1],""precision"":""Int64""},{""name"":""proxy___mye673007"",""shape"":[1],""precision"":""Int64""},{""name"":""proxy___mye673032"",""shape"":[1],""precision"":""Int64""},{""name"":""__mye66760_proxy.1"",""shape"":[1],""precision"":""Int64""},{""name"":""proxy___mye622619"",""shape"":[1],""precision"":""Int64""},{""name"":""proxy___mye622592"",""shape"":[1],""precision"":""Int64""},{""name"":""proxy___mye622559"",""shape"":[1],""precision"":""Int64""},{""name"":""proxy___mye622532"",""shape"":[1],""precision"":""Int64""},{""name"":""proxy___mye622499"",""shape"":[1],""precision"":""Int64""},{""name"":""proxy___mye622466"",""shape"":[1],""precision"":""Int64""},{""name"":""proxy___mye622439"",""shape"":[1],""precision"":""Int64""},{""name"":""proxy___mye622406"",""shape"":[1],""precision"":""Int64""},{""name"":""proxy___mye622379"",""shape"":[1],""precision"":""Int64""},{""name"":""proxy___mye433729.1"",""shape"":[1],""precision"":""Int64""},{""name"":""proxy___mye433702.1"",""shape"":[1],""precision"":""Int64""},{""name"":""__mye66752_proxy.1"",""shape"":[1],""precision"":""Int64""},{""name"":""proxy___mye430766.1"",""shape"":[1],""precision"":""Int64""},{""name"":""proxy___mye430368.1"",""shape"":[1],""precision"":""Int64""}]","[{""name"":""present_k16"",""shape"":[1,8,-1,128],""precision"":""Half""},{""name"":""shuffle_output_/Reshape_132 _ /Transpose_83_first_transpose_output.1"",""shape"":[1,16,128,-1],""precision"":""Half""}]",inputs=Half;Half;Half;Half;Half;Half;Int64;Int64;Int64;Int64;Int64;Int64;Int64;Int64;Int64;Int64;Int64;Int64;Int64;Int64;Int64;Int64;Int64;Int64|outputs=Half;Half,__myl_AddSqrDivMulMulResSliSliNegConMulMulAddConResRepResTra_0x5aea462b6a819ceadd3ebb32874c078f
410,__mye677082_myl0_410,signal,,[],[],inputs=NONE|outputs=NONE,UNKNOWN
411,__myl_FcCas_myl0_411,fusion,[ONNX Layer: /q_proj_16/MatMul];[ONNX Layer: /q_proj_16/MatMul__a_dequant];[ONNX Layer: /q_proj_16/MatMul__a_quant];[ONNX Layer: /q_proj_16/MatMul__w_dequant],"[{""name"":""__myln_k_arg__bb1_3065"",""shape"":[1,1,1024],""precision"":""Int8""},{""name"":""__mye622362dconst"",""shape"":[1,1024,2048],""precision"":""Int8""}]","[{""name"":""__myln_k_arg__bb1_3076"",""shape"":[1,1,2048],""precision"":""Half""}]",inputs=Int8;Int8|outputs=Half,sm80_xmma_gemm_i8f32_i8i32_f32_tn_n_tilesize32x64x64_stage6_warpsize2x2x1_tensor16x8x32_by_fusion_tactic
412,__myl_ResMulMea_myl0_412,kgen,[ONNX Layer: /Reshape_128];[ONNX Layer: /q_norm_16/Pow];[ONNX Layer: /q_norm_16/ReduceMean],"[{""name"":""__myln_k_arg__bb1_3076"",""shape"":[1,1,2048],""precision"":""Half""}]","[{""name"":""__myln_k_arg__bb1_3078"",""shape"":[1,1,16,1],""precision"":""Half""},{""name"":""__myln_k_arg__bb1_3077"",""shape"":[1,1,16,128],""precision"":""Half""}]",inputs=Half|outputs=Half;Half,__myl_ResMulMea_0xf2413012cd9ac6341b95d78f3432c656
413,__myl_AddSqrDivMulMulResSliSliNegConMulMulAdd_myl0_413,kgen,[ONNX Layer: /q_norm_16/Add];[ONNX Layer: /q_norm_16/Sqrt];[ONNX Layer: /q_norm_16/Mul];[ONNX Layer: /q_norm_16/Mul_1];[ONNX Layer: /Transpose_80];[ONNX Layer: /Slice_64];[ONNX Layer: /Slice_65];[ONNX Layer: /Concat_196];[ONNX Layer: /Mul_146];[ONNX Layer: /Add_64];[ONNX Layer: /Mul_145];[ONNX Layer: /Neg_32];[ONNX Layer: /q_norm_16/Div],"[{""name"":""__myln_k_arg__bb1_2685"",""shape"":[1,1,1,128],""precision"":""Half""},{""name"":""__myln_k_arg__bb1_2684"",""shape"":[1,1,1,128],""precision"":""Half""},{""name"":""stack_layers_16_self_attn_q_norm_weight _ ONNXTRT_Broadcast_4555_constantHalf"",""shape"":[1,1,1,128],""precision"":""Half""},{""name"":""__myln_k_arg__bb1_3077"",""shape"":[1,1,16,128],""precision"":""Half""},{""name"":""__myln_k_arg__bb1_3078"",""shape"":[1,1,16,1],""precision"":""Half""}]","[{""name"":""/Add_64_output_0'.1"",""shape"":[1,16,1,128],""precision"":""Half""}]",inputs=Half;Half;Half;Half;Half|outputs=Half,__myl_AddSqrDivMulMulResSliSliNegConMulMulAdd_0xf1ba08cc3beaba8ee91b0504be9c2cf4
414,__mye677084_myl0_414,wait,,[],[],inputs=NONE|outputs=NONE,UNKNOWN
415,/MatMul_32_myl0_415,gemm,[ONNX Layer: /MatMul_32],"[{""name"":""/Add_64_output_0'.1"",""shape"":[16,1,128],""precision"":""Half""},{""name"":""shuffle_output_/Reshape_132 _ /Transpose_83_first_transpose_output.1"",""shape"":[16,128,-1],""precision"":""Half""},{""name"":""__mye569614/MatMul_32_alpha"",""shape"":[1],""precision"":""Float""},{""name"":""__mye569615/MatMul_32_beta"",""shape"":[1],""precision"":""Float""}]","[{""name"":""__mye569611"",""shape"":[16,1,-1],""precision"":""Half""}]",inputs=Half;Half;Float;Float|outputs=Half,sm80_xmma_gemm_f16f16_f16f32_f32_nn_n_tilesize32x32x64_stage6_warpsize2x2x1_tensor16x8x16_aligna2_alignc2
416,__myl_MulMaxSubExpSumDivMul_myl0_416,kgen,[ONNX Layer: /Mul_151];[ONNX Layer: /Softmax_16],"[{""name"":""__mye569611"",""shape"":[1,16,1,-1],""precision"":""Half""},{""name"":""__mye66760_proxy.1"",""shape"":[1],""precision"":""Int64""},{""name"":""proxy___mye312316.1"",""shape"":[1],""precision"":""Int64""}]","[{""name"":""/Softmax_16_output'.1"",""shape"":[1,16,1,-1],""precision"":""Half""}]",inputs=Half;Int64;Int64|outputs=Half,__myl_MulMaxSubExpSumDivMul_0x1108f5a078d6e65507c06537b9b2e43f
417,__mye677088_myl0_417,wait,,[],[],inputs=NONE|outputs=NONE,UNKNOWN
418,/MatMul_33_myl0_418,gemm,[ONNX Layer: /MatMul_33],"[{""name"":""/Softmax_16_output'.1"",""shape"":[16,1,-1],""precision"":""Half""},{""name"":""/Expand_33_output_0'.1"",""shape"":[16,-1,128],""precision"":""Half""},{""name"":""__mye569635/MatMul_33_alpha"",""shape"":[1],""precision"":""Float""},{""name"":""__mye569636/MatMul_33_beta"",""shape"":[1],""precision"":""Float""}]","[{""name"":""__myln_k_arg__bb1_3082"",""shape"":[16,1,128],""precision"":""Half""}]",inputs=Half;Half;Float;Float|outputs=Half,sm80_xmma_gemm_f16f16_f16f32_f32_nn_n_tilesize64x128x32_stage5_warpsize2x2x1_tensor16x8x16_aligna2_alignc2
419,__myl_MulMinMaxRouCas_myl0_419,kgen,[ONNX Layer: /o_proj_16/MatMul__a_quant],"[{""name"":""__myln_k_arg__bb1_3082"",""shape"":[16,1,128],""precision"":""Half""}]","[{""name"":""__mye574592_q8"",""shape"":[16,1,128],""precision"":""Int8""}]",inputs=Half|outputs=Int8,__myl_MulMinMaxRouCas_0xca1e8a983af10962a50c67e0fecf3bd1
420,__myl_FcCasAdd_myl0_420,fusion,[ONNX Layer: /o_proj_16/MatMul];[ONNX Layer: /o_proj_16/MatMul__a_dequant];[ONNX Layer: /o_proj_16/MatMul__a_quant];[ONNX Layer: /o_proj_16/MatMul__w_dequant];[ONNX Layer: /Add_66],"[{""name"":""hidden_l15"",""shape"":[1,1,1024],""precision"":""Half""},{""name"":""__mye574592_q8"",""shape"":[1,1,2048],""precision"":""Int8""},{""name"":""__mye622714dconst"",""shape"":[1,2048,1024],""precision"":""Int8""}]","[{""name"":""__myln_k_arg__bb1_3084"",""shape"":[1,1,1024],""precision"":""Half""}]",inputs=Half;Int8;Int8|outputs=Half,sm80_xmma_gemm_i8f32_i8i32_f32_tn_n_tilesize32x64x64_stage6_warpsize2x2x1_tensor16x8x32_by_fusion_tactic
421,__myl_MulMeaAddSqrDivMulMulMulMinMaxRouCas_myl0_421,kgen,[ONNX Layer: /post_attention_layernorm_16/Pow];[ONNX Layer: /post_attention_layernorm_16/ReduceMean];[ONNX Layer: /post_attention_layernorm_16/Add];[ONNX Layer: /post_attention_layernorm_16/Div];[ONNX Layer: /post_attention_layernorm_16/Sqrt];[ONNX Layer: /post_attention_layernorm_16/Mul];[ONNX Layer: /post_attention_layernorm_16/Mul_1];[ONNX Layer: /gate_proj_16/MatMul__a_quant],"[{""name"":""stack_layers_16_post_attention_layernorm_weight _ ONNXTRT_Broadcast_4804_constantHalf"",""shape"":[1,1,1024],""precision"":""Half""},{""name"":""__myln_k_arg__bb1_3084"",""shape"":[1,1,1024],""precision"":""Half""},{""name"":""__myln_k_arg__bb1_3084"",""shape"":[1,1,1024],""precision"":""Half""},{""name"":""__myln_k_arg__bb1_3084"",""shape"":[1,1,1024],""precision"":""Half""}]","[{""name"":""__myln_k_arg__bb1_3086"",""shape"":[1,1,1024],""precision"":""Int8""},{""name"":""__myln_k_arg__bb1_3085"",""shape"":[1,1,1024],""precision"":""Half""}]",inputs=Half;Half;Half;Half|outputs=Int8;Half,__myl_MulMeaAddSqrDivMulMulMulMinMaxRouCas_0x9b99130746ee47ec2d15b111319f425e
422,/up_proj_16/MatMul_myl0_422,gemm,[ONNX Layer: /up_proj_16/MatMul],"[{""name"":""__myln_k_arg__bb1_3085"",""shape"":[1,1,1024],""precision"":""Half""},{""name"":""__mye622719dconst"",""shape"":[1,1024,3072],""precision"":""Half""},{""name"":""__mye569659/up_proj_16/MatMul_alpha"",""shape"":[1],""precision"":""Float""},{""name"":""__mye569660/up_proj_16/MatMul_beta"",""shape"":[1],""precision"":""Float""}]","[{""name"":""__myln_k_arg__bb1_3087"",""shape"":[1,1,3072],""precision"":""Half""}]",inputs=Half;Half;Float;Float|outputs=Half,sm80_xmma_gemm_f16f16_f16f16_f16_tn_n_tilesize32x32x64_stage6_warpsize2x2x1_tensor16x8x16
423,__myl_FcCasNegExpAddDivMulMul_myl0_423,fusion,[ONNX Layer: /gate_proj_16/MatMul];[ONNX Layer: /gate_proj_16/MatMul__a_dequant];[ONNX Layer: /gate_proj_16/MatMul__a_quant];[ONNX Layer: /gate_proj_16/MatMul__w_dequant];[ONNX Layer: /Mul_152];[ONNX Layer: /Mul_153];[ONNX Layer: /Sigmoid_16],"[{""name"":""__myln_k_arg__bb1_3087"",""shape"":[1,1,3072],""precision"":""Half""},{""name"":""__myln_k_arg__bb1_3086"",""shape"":[1,1,1024],""precision"":""Int8""},{""name"":""__mye622724dconst"",""shape"":[1,1024,3072],""precision"":""Int8""}]","[{""name"":""__myln_k_arg__bb1_3088"",""shape"":[1,1,3072],""precision"":""Half""}]",inputs=Half;Int8;Int8|outputs=Half,sm80_xmma_gemm_i8i8_i8i32_f32_tn_n_tilesize32x64x64_stage6_warpsize2x2x1_tensor16x8x32_by_fusion_tactic
424,__myl_FcAdd_myl0_424,fusion,[ONNX Layer: /down_proj_16/MatMul];[ONNX Layer: /Add_67],"[{""name"":""__myln_k_arg__bb1_3084"",""shape"":[1,1,1024],""precision"":""Half""},{""name"":""__myln_k_arg__bb1_3088"",""shape"":[1,1,3072],""precision"":""Half""},{""name"":""onnx__MatMul_8140 _ ONNXTRT_Broadcast_4813_constantHalf"",""shape"":[1,3072,1024],""precision"":""Half""}]","[{""name"":""hidden_l16"",""shape"":[1,1,1024],""precision"":""Half""}]",inputs=Half;Half;Half|outputs=Half,sm80_xmma_gemm_f16f16_f16f16_f16_nn_n_tilesize64x128x32_stage5_warpsize2x2x1_tensor16x8x16_by_fusion_tactic
425,__myl_MulMeaAddSqrDivMulDivMinMaxRouCasDivMinMaxRouCasDivMinMaxRouCas_myl0_425,kgen,[ONNX Layer: /q_proj_17/MatMul__a_quant];[ONNX Layer: /k_proj_17/MatMul__a_quant];[ONNX Layer: /v_proj_17/MatMul__a_quant];[ONNX Layer: /input_layernorm_17/Mul];[ONNX Layer: /input_layernorm_17/Sqrt];[ONNX Layer: /input_layernorm_17/Div];[ONNX Layer: /input_layernorm_17/Add];[ONNX Layer: /input_layernorm_17/ReduceMean];[ONNX Layer: /input_layernorm_17/Pow],"[{""name"":""hidden_l16"",""shape"":[1,1,1024],""precision"":""Half""},{""name"":""hidden_l16"",""shape"":[1,1,1024],""precision"":""Half""},{""name"":""hidden_l16"",""shape"":[1,1,1024],""precision"":""Half""},{""name"":""__mye610540_dconst"",""shape"":[1,1,1024],""precision"":""Half""},{""name"":""__mye610567_dconst"",""shape"":[1,1,1024],""precision"":""Half""},{""name"":""__mye610594_dconst"",""shape"":[1,1,1024],""precision"":""Half""}]","[{""name"":""__myln_k_arg__bb1_3092"",""shape"":[1,1,1024],""precision"":""Int8""},{""name"":""__myln_k_arg__bb1_3091"",""shape"":[1,1,1024],""precision"":""Int8""},{""name"":""__myln_k_arg__bb1_3090"",""shape"":[1,1,1024],""precision"":""Int8""}]",inputs=Half;Half;Half;Half;Half;Half|outputs=Int8;Int8;Int8,__myl_MulMeaAddSqrDivMulDivMinMaxRouCasDivMinMaxRouCasDivMinMaxRouCas_0x9f2c300bb597625319cadec4728f9bc5
426,__mye677090_myl0_426,signal,,[],[],inputs=NONE|outputs=NONE,UNKNOWN
427,__mye677092_myl0_427,wait,,[],[],inputs=NONE|outputs=NONE,UNKNOWN
428,__myl_FcCas_myl0_428,fusion,[ONNX Layer: /v_proj_17/MatMul];[ONNX Layer: /v_proj_17/MatMul__a_dequant];[ONNX Layer: /v_proj_17/MatMul__a_quant];[ONNX Layer: /v_proj_17/MatMul__w_dequant],"[{""name"":""__myln_k_arg__bb1_3092"",""shape"":[1,1,1024],""precision"":""Int8""},{""name"":""__mye622729dconst"",""shape"":[1,1024,1024],""precision"":""Int8""}]","[{""name"":""__myln_k_arg__bb1_3093"",""shape"":[1,1,1024],""precision"":""Half""}]",inputs=Int8;Int8|outputs=Half,sm80_xmma_gemm_i8f32_i8i32_f32_tn_n_tilesize32x64x64_stage6_warpsize2x2x1_tensor16x8x32_by_fusion_tactic
429,__myl_ResConResRep_myl0_429,kgen,[ONNX Layer: /Reshape_138];[ONNX Layer: /Transpose_87];[ONNX Layer: /Unsqueeze_392];[ONNX Layer: /Expand_35];[ONNX Layer: /Concat_211],"[{""name"":""past_v17"",""shape"":[1,8,-1,128],""precision"":""Half""},{""name"":""__myln_k_arg__bb1_3093"",""shape"":[1,1,1024],""precision"":""Half""},{""name"":""proxy___mye673154"",""shape"":[1],""precision"":""Int64""},{""name"":""proxy___mye673199"",""shape"":[1],""precision"":""Int64""},{""name"":""proxy___mye673224"",""shape"":[1],""precision"":""Int64""},{""name"":""__mye66760_proxy.1"",""shape"":[1],""precision"":""Int64""},{""name"":""proxy___mye622866"",""shape"":[1],""precision"":""Int64""},{""name"":""proxy___mye622833"",""shape"":[1],""precision"":""Int64""},{""name"":""proxy___mye622806"",""shape"":[1],""precision"":""Int64""},{""name"":""proxy___mye622773"",""shape"":[1],""precision"":""Int64""},{""name"":""proxy___mye622746"",""shape"":[1],""precision"":""Int64""},{""name"":""proxy___mye433789.1"",""shape"":[1],""precision"":""Int64""},{""name"":""proxy___mye433762.1"",""shape"":[1],""precision"":""Int64""},{""name"":""__mye66752_proxy.1"",""shape"":[1],""precision"":""Int64""},{""name"":""proxy___mye431462.1"",""shape"":[1],""precision"":""Int64""},{""name"":""proxy___mye430368.1"",""shape"":[1],""precision"":""Int64""}]","[{""name"":""present_v17"",""shape"":[1,8,-1,128],""precision"":""Half""},{""name"":""/Expand_35_output_0'.1"",""shape"":[1,8,2,-1,128],""precision"":""Half""}]",inputs=Half;Half;Int64;Int64;Int64;Int64;Int64;Int64;Int64;Int64;Int64;Int64;Int64;Int64;Int64;Int64|outputs=Half;Half,__myl_ResConResRep_0x9d40828c020eb6bb972be950c35191c1
430,__mye677100_myl0_430,signal,,[],[],inputs=NONE|outputs=NONE,UNKNOWN
431,__mye677094_myl0_431,wait,,[],[],inputs=NONE|outputs=NONE,UNKNOWN
432,__myl_FcCas_myl0_432,fusion,[ONNX Layer: /k_proj_17/MatMul];[ONNX Layer: /k_proj_17/MatMul__a_dequant];[ONNX Layer: /k_proj_17/MatMul__a_quant];[ONNX Layer: /k_proj_17/MatMul__w_dequant],"[{""name"":""__myln_k_arg__bb1_3091"",""shape"":[1,1,1024],""precision"":""Int8""},{""name"":""__mye622887dconst"",""shape"":[1,1024,1024],""precision"":""Int8""}]","[{""name"":""__myln_k_arg__bb1_3096"",""shape"":[1,1,1024],""precision"":""Half""}]",inputs=Int8;Int8|outputs=Half,sm80_xmma_gemm_i8f32_i8i32_f32_tn_n_tilesize32x64x64_stage6_warpsize2x2x1_tensor16x8x32_by_fusion_tactic
433,__myl_ResMulMea_myl0_433,kgen,[ONNX Layer: /Reshape_137];[ONNX Layer: /k_norm_17/Pow];[ONNX Layer: /k_norm_17/ReduceMean],"[{""name"":""__myln_k_arg__bb1_3096"",""shape"":[1,1,1024],""precision"":""Half""}]","[{""name"":""__myln_k_arg__bb1_3098"",""shape"":[1,1,8,1],""precision"":""Half""},{""name"":""__myln_k_arg__bb1_3097"",""shape"":[1,1,8,128],""precision"":""Half""}]",inputs=Half|outputs=Half;Half,__myl_ResMulMea_0x3c91498c3beee36a5653966af1581a8a
434,__myl_AddSqrDivMulMulResSliSliNegConMulMulAddConResRepResTra_myl0_434,kgen,[ONNX Layer: /k_norm_17/Add];[ONNX Layer: /k_norm_17/Sqrt];[ONNX Layer: /k_norm_17/Mul];[ONNX Layer: /k_norm_17/Mul_1];[ONNX Layer: /Transpose_86];[ONNX Layer: /Slice_70];[ONNX Layer: /Slice_71];[ONNX Layer: /Concat_209];[ONNX Layer: /Mul_157];[ONNX Layer: /Add_69];[ONNX Layer: /Mul_156];[ONNX Layer: /Unsqueeze_387];[ONNX Layer: /Reshape_140];[ONNX Layer: /Transpose_88];[ONNX Layer: /Expand_34];[ONNX Layer: /Concat_210];[ONNX Layer: /Neg_35];[ONNX Layer: /k_norm_17/Div],"[{""name"":""past_k17"",""shape"":[1,8,-1,128],""precision"":""Half""},{""name"":""__myln_k_arg__bb1_2685"",""shape"":[1,1,1,128],""precision"":""Half""},{""name"":""__myln_k_arg__bb1_2684"",""shape"":[1,1,1,128],""precision"":""Half""},{""name"":""stack_layers_17_self_attn_k_norm_weight _ ONNXTRT_Broadcast_4856_constantHalf"",""shape"":[1,1,1,128],""precision"":""Half""},{""name"":""__myln_k_arg__bb1_3097"",""shape"":[1,1,8,128],""precision"":""Half""},{""name"":""__myln_k_arg__bb1_3098"",""shape"":[1,1,8,1],""precision"":""Half""},{""name"":""proxy___mye673306"",""shape"":[1],""precision"":""Int64""},{""name"":""proxy___mye673345"",""shape"":[1],""precision"":""Int64""},{""name"":""proxy___mye673370"",""shape"":[1],""precision"":""Int64""},{""name"":""__mye66760_proxy.1"",""shape"":[1],""precision"":""Int64""},{""name"":""proxy___mye623149"",""shape"":[1],""precision"":""Int64""},{""name"":""proxy___mye623122"",""shape"":[1],""precision"":""Int64""},{""name"":""proxy___mye623089"",""shape"":[1],""precision"":""Int64""},{""name"":""proxy___mye623062"",""shape"":[1],""precision"":""Int64""},{""name"":""proxy___mye623029"",""shape"":[1],""precision"":""Int64""},{""name"":""proxy___mye622996"",""shape"":[1],""precision"":""Int64""},{""name"":""proxy___mye622969"",""shape"":[1],""precision"":""Int64""},{""name"":""proxy___mye622936"",""shape"":[1],""precision"":""Int64""},{""name"":""proxy___mye622909"",""shape"":[1],""precision"":""Int64""},{""name"":""proxy___mye433849.1"",""shape"":[1],""precision"":""Int64""},{""name"":""proxy___mye433822.1"",""shape"":[1],""precision"":""Int64""},{""name"":""__mye66752_proxy.1"",""shape"":[1],""precision"":""Int64""},{""name"":""proxy___mye430790.1"",""shape"":[1],""precision"":""Int64""},{""name"":""proxy___mye430368.1"",""shape"":[1],""precision"":""Int64""}]","[{""name"":""present_k17"",""shape"":[1,8,-1,128],""precision"":""Half""},{""name"":""shuffle_output_/Reshape_140 _ /Transpose_88_first_transpose_output.1"",""shape"":[1,16,128,-1],""precision"":""Half""}]",inputs=Half;Half;Half;Half;Half;Half;Int64;Int64;Int64;Int64;Int64;Int64;Int64;Int64;Int64;Int64;Int64;Int64;Int64;Int64;Int64;Int64;Int64;Int64|outputs=Half;Half,__myl_AddSqrDivMulMulResSliSliNegConMulMulAddConResRepResTra_0x5aea462b6a819ceadd3ebb32874c078f
435,__mye677096_myl0_435,signal,,[],[],inputs=NONE|outputs=NONE,UNKNOWN
436,__myl_FcCas_myl0_436,fusion,[ONNX Layer: /q_proj_17/MatMul];[ONNX Layer: /q_proj_17/MatMul__a_dequant];[ONNX Layer: /q_proj_17/MatMul__a_quant];[ONNX Layer: /q_proj_17/MatMul__w_dequant],"[{""name"":""__myln_k_arg__bb1_3090"",""shape"":[1,1,1024],""precision"":""Int8""},{""name"":""__mye622892dconst"",""shape"":[1,1024,2048],""precision"":""Int8""}]","[{""name"":""__myln_k_arg__bb1_3101"",""shape"":[1,1,2048],""precision"":""Half""}]",inputs=Int8;Int8|outputs=Half,sm80_xmma_gemm_i8f32_i8i32_f32_tn_n_tilesize32x64x64_stage6_warpsize2x2x1_tensor16x8x32_by_fusion_tactic
437,__myl_ResMulMea_myl0_437,kgen,[ONNX Layer: /Reshape_136];[ONNX Layer: /q_norm_17/Pow];[ONNX Layer: /q_norm_17/ReduceMean],"[{""name"":""__myln_k_arg__bb1_3101"",""shape"":[1,1,2048],""precision"":""Half""}]","[{""name"":""__myln_k_arg__bb1_3103"",""shape"":[1,1,16,1],""precision"":""Half""},{""name"":""__myln_k_arg__bb1_3102"",""shape"":[1,1,16,128],""precision"":""Half""}]",inputs=Half|outputs=Half;Half,__myl_ResMulMea_0xf2413012cd9ac6341b95d78f3432c656
438,__myl_AddSqrDivMulMulResSliSliNegConMulMulAdd_myl0_438,kgen,[ONNX Layer: /q_norm_17/Add];[ONNX Layer: /q_norm_17/Sqrt];[ONNX Layer: /q_norm_17/Mul];[ONNX Layer: /q_norm_17/Mul_1];[ONNX Layer: /Transpose_85];[ONNX Layer: /Slice_68];[ONNX Layer: /Slice_69];[ONNX Layer: /Concat_208];[ONNX Layer: /Mul_155];[ONNX Layer: /Add_68];[ONNX Layer: /Mul_154];[ONNX Layer: /Neg_34];[ONNX Layer: /q_norm_17/Div],"[{""name"":""__myln_k_arg__bb1_2685"",""shape"":[1,1,1,128],""precision"":""Half""},{""name"":""__myln_k_arg__bb1_2684"",""shape"":[1,1,1,128],""precision"":""Half""},{""name"":""stack_layers_17_self_attn_q_norm_weight _ ONNXTRT_Broadcast_4838_constantHalf"",""shape"":[1,1,1,128],""precision"":""Half""},{""name"":""__myln_k_arg__bb1_3102"",""shape"":[1,1,16,128],""precision"":""Half""},{""name"":""__myln_k_arg__bb1_3103"",""shape"":[1,1,16,1],""precision"":""Half""}]","[{""name"":""/Add_68_output_0'.1"",""shape"":[1,16,1,128],""precision"":""Half""}]",inputs=Half;Half;Half;Half;Half|outputs=Half,__myl_AddSqrDivMulMulResSliSliNegConMulMulAdd_0xf1ba08cc3beaba8ee91b0504be9c2cf4
439,__mye677098_myl0_439,wait,,[],[],inputs=NONE|outputs=NONE,UNKNOWN
440,/MatMul_34_myl0_440,gemm,[ONNX Layer: /MatMul_34],"[{""name"":""/Add_68_output_0'.1"",""shape"":[16,1,128],""precision"":""Half""},{""name"":""shuffle_output_/Reshape_140 _ /Transpose_88_first_transpose_output.1"",""shape"":[16,128,-1],""precision"":""Half""},{""name"":""__mye569733/MatMul_34_alpha"",""shape"":[1],""precision"":""Float""},{""name"":""__mye569734/MatMul_34_beta"",""shape"":[1],""precision"":""Float""}]","[{""name"":""__mye569730"",""shape"":[16,1,-1],""precision"":""Half""}]",inputs=Half;Half;Float;Float|outputs=Half,sm80_xmma_gemm_f16f16_f16f32_f32_nn_n_tilesize32x32x64_stage6_warpsize2x2x1_tensor16x8x16_aligna2_alignc2
441,__myl_MulMaxSubExpSumDivMul_myl0_441,kgen,[ONNX Layer: /Mul_160];[ONNX Layer: /Softmax_17],"[{""name"":""__mye569730"",""shape"":[1,16,1,-1],""precision"":""Half""},{""name"":""__mye66760_proxy.1"",""shape"":[1],""precision"":""Int64""},{""name"":""proxy___mye312316.1"",""shape"":[1],""precision"":""Int64""}]","[{""name"":""/Softmax_17_output'.1"",""shape"":[1,16,1,-1],""precision"":""Half""}]",inputs=Half;Int64;Int64|outputs=Half,__myl_MulMaxSubExpSumDivMul_0x1108f5a078d6e65507c06537b9b2e43f
442,__mye677102_myl0_442,wait,,[],[],inputs=NONE|outputs=NONE,UNKNOWN
443,/MatMul_35_myl0_443,gemm,[ONNX Layer: /MatMul_35],"[{""name"":""/Softmax_17_output'.1"",""shape"":[16,1,-1],""precision"":""Half""},{""name"":""/Expand_35_output_0'.1"",""shape"":[16,-1,128],""precision"":""Half""},{""name"":""__mye569754/MatMul_35_alpha"",""shape"":[1],""precision"":""Float""},{""name"":""__mye569755/MatMul_35_beta"",""shape"":[1],""precision"":""Float""}]","[{""name"":""__myln_k_arg__bb1_3107"",""shape"":[16,1,128],""precision"":""Half""}]",inputs=Half;Half;Float;Float|outputs=Half,sm80_xmma_gemm_f16f16_f16f32_f32_nn_n_tilesize64x128x32_stage5_warpsize2x2x1_tensor16x8x16_aligna2_alignc2
444,__myl_MulMinMaxRouCas_myl0_444,kgen,[ONNX Layer: /o_proj_17/MatMul__a_quant],"[{""name"":""__myln_k_arg__bb1_3107"",""shape"":[16,1,128],""precision"":""Half""}]","[{""name"":""__mye574598_q8"",""shape"":[16,1,128],""precision"":""Int8""}]",inputs=Half|outputs=Int8,__myl_MulMinMaxRouCas_0x46757e257e41ef1fb92716579e35a0d1
445,__myl_FcCasAdd_myl0_445,fusion,[ONNX Layer: /o_proj_17/MatMul];[ONNX Layer: /o_proj_17/MatMul__a_dequant];[ONNX Layer: /o_proj_17/MatMul__a_quant];[ONNX Layer: /o_proj_17/MatMul__w_dequant];[ONNX Layer: /Add_70],"[{""name"":""hidden_l16"",""shape"":[1,1,1024],""precision"":""Half""},{""name"":""__mye574598_q8"",""shape"":[1,1,2048],""precision"":""Int8""},{""name"":""__mye623244dconst"",""shape"":[1,2048,1024],""precision"":""Int8""}]","[{""name"":""__myln_k_arg__bb1_3109"",""shape"":[1,1,1024],""precision"":""Half""}]",inputs=Half;Int8;Int8|outputs=Half,sm80_xmma_gemm_i8f32_i8i32_f32_tn_n_tilesize32x64x64_stage6_warpsize2x2x1_tensor16x8x32_by_fusion_tactic
446,__myl_MulMeaAddSqrDivMulMulMulMinMaxRouCas_myl0_446,kgen,[ONNX Layer: /post_attention_layernorm_17/Pow];[ONNX Layer: /post_attention_layernorm_17/ReduceMean];[ONNX Layer: /post_attention_layernorm_17/Add];[ONNX Layer: /post_attention_layernorm_17/Div];[ONNX Layer: /post_attention_layernorm_17/Sqrt];[ONNX Layer: /post_attention_layernorm_17/Mul];[ONNX Layer: /post_attention_layernorm_17/Mul_1];[ONNX Layer: /gate_proj_17/MatMul__a_quant],"[{""name"":""stack_layers_17_post_attention_layernorm_weight _ ONNXTRT_Broadcast_5087_constantHalf"",""shape"":[1,1,1024],""precision"":""Half""},{""name"":""__myln_k_arg__bb1_3109"",""shape"":[1,1,1024],""precision"":""Half""},{""name"":""__myln_k_arg__bb1_3109"",""shape"":[1,1,1024],""precision"":""Half""},{""name"":""__myln_k_arg__bb1_3109"",""shape"":[1,1,1024],""precision"":""Half""}]","[{""name"":""__myln_k_arg__bb1_3111"",""shape"":[1,1,1024],""precision"":""Int8""},{""name"":""__myln_k_arg__bb1_3110"",""shape"":[1,1,1024],""precision"":""Half""}]",inputs=Half;Half;Half;Half|outputs=Int8;Half,__myl_MulMeaAddSqrDivMulMulMulMinMaxRouCas_0x4119fc4c6529add99aa14081dbc16ecb
447,/up_proj_17/MatMul_myl0_447,gemm,[ONNX Layer: /up_proj_17/MatMul],"[{""name"":""__myln_k_arg__bb1_3110"",""shape"":[1,1,1024],""precision"":""Half""},{""name"":""__mye623249dconst"",""shape"":[1,1024,3072],""precision"":""Half""},{""name"":""__mye569778/up_proj_17/MatMul_alpha"",""shape"":[1],""precision"":""Float""},{""name"":""__mye569779/up_proj_17/MatMul_beta"",""shape"":[1],""precision"":""Float""}]","[{""name"":""__myln_k_arg__bb1_3112"",""shape"":[1,1,3072],""precision"":""Half""}]",inputs=Half;Half;Float;Float|outputs=Half,sm80_xmma_gemm_f16f16_f16f16_f16_tn_n_tilesize32x32x64_stage6_warpsize2x2x1_tensor16x8x16
448,__myl_FcCasNegExpAddDivMulMul_myl0_448,fusion,[ONNX Layer: /gate_proj_17/MatMul];[ONNX Layer: /gate_proj_17/MatMul__a_dequant];[ONNX Layer: /gate_proj_17/MatMul__a_quant];[ONNX Layer: /gate_proj_17/MatMul__w_dequant];[ONNX Layer: /Mul_161];[ONNX Layer: /Mul_162];[ONNX Layer: /Sigmoid_17],"[{""name"":""__myln_k_arg__bb1_3112"",""shape"":[1,1,3072],""precision"":""Half""},{""name"":""__myln_k_arg__bb1_3111"",""shape"":[1,1,1024],""precision"":""Int8""},{""name"":""__mye623254dconst"",""shape"":[1,1024,3072],""precision"":""Int8""}]","[{""name"":""__myln_k_arg__bb1_3113"",""shape"":[1,1,3072],""precision"":""Half""}]",inputs=Half;Int8;Int8|outputs=Half,sm80_xmma_gemm_i8i8_i8i32_f32_tn_n_tilesize32x64x64_stage6_warpsize2x2x1_tensor16x8x32_by_fusion_tactic
449,__myl_FcAdd_myl0_449,fusion,[ONNX Layer: /down_proj_17/MatMul];[ONNX Layer: /Add_71],"[{""name"":""__myln_k_arg__bb1_3109"",""shape"":[1,1,1024],""precision"":""Half""},{""name"":""__myln_k_arg__bb1_3113"",""shape"":[1,1,3072],""precision"":""Half""},{""name"":""onnx__MatMul_8176 _ ONNXTRT_Broadcast_5096_constantHalf"",""shape"":[1,3072,1024],""precision"":""Half""}]","[{""name"":""hidden_l17"",""shape"":[1,1,1024],""precision"":""Half""}]",inputs=Half;Half;Half|outputs=Half,sm80_xmma_gemm_f16f16_f16f16_f16_nn_n_tilesize64x128x32_stage5_warpsize2x2x1_tensor16x8x16_by_fusion_tactic
450,__myl_MulMeaAddSqrDivMulDivMinMaxRouCasDivMinMaxRouCasDivMinMaxRouCas_myl0_450,kgen,[ONNX Layer: /q_proj_18/MatMul__a_quant];[ONNX Layer: /k_proj_18/MatMul__a_quant];[ONNX Layer: /v_proj_18/MatMul__a_quant];[ONNX Layer: /input_layernorm_18/Mul];[ONNX Layer: /input_layernorm_18/Sqrt];[ONNX Layer: /input_layernorm_18/Div];[ONNX Layer: /input_layernorm_18/Add];[ONNX Layer: /input_layernorm_18/ReduceMean];[ONNX Layer: /input_layernorm_18/Pow],"[{""name"":""hidden_l17"",""shape"":[1,1,1024],""precision"":""Half""},{""name"":""hidden_l17"",""shape"":[1,1,1024],""precision"":""Half""},{""name"":""hidden_l17"",""shape"":[1,1,1024],""precision"":""Half""},{""name"":""__mye610665_dconst"",""shape"":[1,1,1024],""precision"":""Half""},{""name"":""__mye610692_dconst"",""shape"":[1,1,1024],""precision"":""Half""},{""name"":""__mye610719_dconst"",""shape"":[1,1,1024],""precision"":""Half""}]","[{""name"":""__myln_k_arg__bb1_3117"",""shape"":[1,1,1024],""precision"":""Int8""},{""name"":""__myln_k_arg__bb1_3116"",""shape"":[1,1,1024],""precision"":""Int8""},{""name"":""__myln_k_arg__bb1_3115"",""shape"":[1,1,1024],""precision"":""Int8""}]",inputs=Half;Half;Half;Half;Half;Half|outputs=Int8;Int8;Int8,__myl_MulMeaAddSqrDivMulDivMinMaxRouCasDivMinMaxRouCasDivMinMaxRouCas_0x9f2c300bb597625319cadec4728f9bc5
451,__mye677104_myl0_451,signal,,[],[],inputs=NONE|outputs=NONE,UNKNOWN
452,__mye677106_myl0_452,wait,,[],[],inputs=NONE|outputs=NONE,UNKNOWN
453,__myl_FcCas_myl0_453,fusion,[ONNX Layer: /v_proj_18/MatMul];[ONNX Layer: /v_proj_18/MatMul__a_dequant];[ONNX Layer: /v_proj_18/MatMul__a_quant];[ONNX Layer: /v_proj_18/MatMul__w_dequant],"[{""name"":""__myln_k_arg__bb1_3117"",""shape"":[1,1,1024],""precision"":""Int8""},{""name"":""__mye623259dconst"",""shape"":[1,1024,1024],""precision"":""Int8""}]","[{""name"":""__myln_k_arg__bb1_3118"",""shape"":[1,1,1024],""precision"":""Half""}]",inputs=Int8;Int8|outputs=Half,sm80_xmma_gemm_i8f32_i8i32_f32_tn_n_tilesize32x64x64_stage6_warpsize2x2x1_tensor16x8x32_by_fusion_tactic
454,__myl_ResConResRep_myl0_454,kgen,[ONNX Layer: /Reshape_146];[ONNX Layer: /Transpose_92];[ONNX Layer: /Unsqueeze_414];[ONNX Layer: /Expand_37];[ONNX Layer: /Concat_223],"[{""name"":""past_v18"",""shape"":[1,8,-1,128],""precision"":""Half""},{""name"":""__myln_k_arg__bb1_3118"",""shape"":[1,1,1024],""precision"":""Half""},{""name"":""proxy___mye673492"",""shape"":[1],""precision"":""Int64""},{""name"":""proxy___mye673537"",""shape"":[1],""precision"":""Int64""},{""name"":""proxy___mye673562"",""shape"":[1],""precision"":""Int64""},{""name"":""__mye66760_proxy.1"",""shape"":[1],""precision"":""Int64""},{""name"":""proxy___mye623396"",""shape"":[1],""precision"":""Int64""},{""name"":""proxy___mye623363"",""shape"":[1],""precision"":""Int64""},{""name"":""proxy___mye623336"",""shape"":[1],""precision"":""Int64""},{""name"":""proxy___mye623303"",""shape"":[1],""precision"":""Int64""},{""name"":""proxy___mye623276"",""shape"":[1],""precision"":""Int64""},{""name"":""proxy___mye433909.1"",""shape"":[1],""precision"":""Int64""},{""name"":""proxy___mye433882.1"",""shape"":[1],""precision"":""Int64""},{""name"":""__mye66752_proxy.1"",""shape"":[1],""precision"":""Int64""},{""name"":""proxy___mye431486.1"",""shape"":[1],""precision"":""Int64""},{""name"":""proxy___mye430368.1"",""shape"":[1],""precision"":""Int64""}]","[{""name"":""present_v18"",""shape"":[1,8,-1,128],""precision"":""Half""},{""name"":""/Expand_37_output_0'.1"",""shape"":[1,8,2,-1,128],""precision"":""Half""}]",inputs=Half;Half;Int64;Int64;Int64;Int64;Int64;Int64;Int64;Int64;Int64;Int64;Int64;Int64;Int64;Int64|outputs=Half;Half,__myl_ResConResRep_0x9d40828c020eb6bb972be950c35191c1
455,__mye677114_myl0_455,signal,,[],[],inputs=NONE|outputs=NONE,UNKNOWN
456,__mye677108_myl0_456,wait,,[],[],inputs=NONE|outputs=NONE,UNKNOWN
457,__myl_FcCas_myl0_457,fusion,[ONNX Layer: /k_proj_18/MatMul];[ONNX Layer: /k_proj_18/MatMul__a_dequant];[ONNX Layer: /k_proj_18/MatMul__a_quant];[ONNX Layer: /k_proj_18/MatMul__w_dequant],"[{""name"":""__myln_k_arg__bb1_3116"",""shape"":[1,1,1024],""precision"":""Int8""},{""name"":""__mye623417dconst"",""shape"":[1,1024,1024],""precision"":""Int8""}]","[{""name"":""__myln_k_arg__bb1_3121"",""shape"":[1,1,1024],""precision"":""Half""}]",inputs=Int8;Int8|outputs=Half,sm80_xmma_gemm_i8f32_i8i32_f32_tn_n_tilesize32x64x64_stage6_warpsize2x2x1_tensor16x8x32_by_fusion_tactic
458,__myl_ResMulMea_myl0_458,kgen,[ONNX Layer: /Reshape_145];[ONNX Layer: /k_norm_18/Pow];[ONNX Layer: /k_norm_18/ReduceMean],"[{""name"":""__myln_k_arg__bb1_3121"",""shape"":[1,1,1024],""precision"":""Half""}]","[{""name"":""__myln_k_arg__bb1_3123"",""shape"":[1,1,8,1],""precision"":""Half""},{""name"":""__myln_k_arg__bb1_3122"",""shape"":[1,1,8,128],""precision"":""Half""}]",inputs=Half|outputs=Half;Half,__myl_ResMulMea_0x3c91498c3beee36a5653966af1581a8a
459,__myl_AddSqrDivMulMulResSliSliNegConMulMulAddConResRepResTra_myl0_459,kgen,[ONNX Layer: /k_norm_18/Add];[ONNX Layer: /k_norm_18/Sqrt];[ONNX Layer: /k_norm_18/Mul];[ONNX Layer: /k_norm_18/Mul_1];[ONNX Layer: /Transpose_91];[ONNX Layer: /Slice_74];[ONNX Layer: /Slice_75];[ONNX Layer: /Concat_221];[ONNX Layer: /Mul_166];[ONNX Layer: /Add_73];[ONNX Layer: /Mul_165];[ONNX Layer: /Unsqueeze_409];[ONNX Layer: /Reshape_148];[ONNX Layer: /Transpose_93];[ONNX Layer: /Expand_36];[ONNX Layer: /Concat_222];[ONNX Layer: /Neg_37];[ONNX Layer: /k_norm_18/Div],"[{""name"":""past_k18"",""shape"":[1,8,-1,128],""precision"":""Half""},{""name"":""__myln_k_arg__bb1_2685"",""shape"":[1,1,1,128],""precision"":""Half""},{""name"":""__myln_k_arg__bb1_2684"",""shape"":[1,1,1,128],""precision"":""Half""},{""name"":""stack_layers_18_self_attn_k_norm_weight _ ONNXTRT_Broadcast_5139_constantHalf"",""shape"":[1,1,1,128],""precision"":""Half""},{""name"":""__myln_k_arg__bb1_3122"",""shape"":[1,1,8,128],""precision"":""Half""},{""name"":""__myln_k_arg__bb1_3123"",""shape"":[1,1,8,1],""precision"":""Half""},{""name"":""proxy___mye673644"",""shape"":[1],""precision"":""Int64""},{""name"":""proxy___mye673683"",""shape"":[1],""precision"":""Int64""},{""name"":""proxy___mye673708"",""shape"":[1],""precision"":""Int64""},{""name"":""__mye66760_proxy.1"",""shape"":[1],""precision"":""Int64""},{""name"":""proxy___mye623679"",""shape"":[1],""precision"":""Int64""},{""name"":""proxy___mye623652"",""shape"":[1],""precision"":""Int64""},{""name"":""proxy___mye623619"",""shape"":[1],""precision"":""Int64""},{""name"":""proxy___mye623592"",""shape"":[1],""precision"":""Int64""},{""name"":""proxy___mye623559"",""shape"":[1],""precision"":""Int64""},{""name"":""proxy___mye623526"",""shape"":[1],""precision"":""Int64""},{""name"":""proxy___mye623499"",""shape"":[1],""precision"":""Int64""},{""name"":""proxy___mye623466"",""shape"":[1],""precision"":""Int64""},{""name"":""proxy___mye623439"",""shape"":[1],""precision"":""Int64""},{""name"":""proxy___mye433969.1"",""shape"":[1],""precision"":""Int64""},{""name"":""proxy___mye433942.1"",""shape"":[1],""precision"":""Int64""},{""name"":""__mye66752_proxy.1"",""shape"":[1],""precision"":""Int64""},{""name"":""proxy___mye430814.1"",""shape"":[1],""precision"":""Int64""},{""name"":""proxy___mye430368.1"",""shape"":[1],""precision"":""Int64""}]","[{""name"":""present_k18"",""shape"":[1,8,-1,128],""precision"":""Half""},{""name"":""shuffle_output_/Reshape_148 _ /Transpose_93_first_transpose_output.1"",""shape"":[1,16,128,-1],""precision"":""Half""}]",inputs=Half;Half;Half;Half;Half;Half;Int64;Int64;Int64;Int64;Int64;Int64;Int64;Int64;Int64;Int64;Int64;Int64;Int64;Int64;Int64;Int64;Int64;Int64|outputs=Half;Half,__myl_AddSqrDivMulMulResSliSliNegConMulMulAddConResRepResTra_0x5aea462b6a819ceadd3ebb32874c078f
460,__mye677110_myl0_460,signal,,[],[],inputs=NONE|outputs=NONE,UNKNOWN
461,__myl_FcCas_myl0_461,fusion,[ONNX Layer: /q_proj_18/MatMul];[ONNX Layer: /q_proj_18/MatMul__a_dequant];[ONNX Layer: /q_proj_18/MatMul__a_quant];[ONNX Layer: /q_proj_18/MatMul__w_dequant],"[{""name"":""__myln_k_arg__bb1_3115"",""shape"":[1,1,1024],""precision"":""Int8""},{""name"":""__mye623422dconst"",""shape"":[1,1024,2048],""precision"":""Int8""}]","[{""name"":""__myln_k_arg__bb1_3126"",""shape"":[1,1,2048],""precision"":""Half""}]",inputs=Int8;Int8|outputs=Half,sm80_xmma_gemm_i8f32_i8i32_f32_tn_n_tilesize32x64x64_stage6_warpsize2x2x1_tensor16x8x32_by_fusion_tactic
462,__myl_ResMulMea_myl0_462,kgen,[ONNX Layer: /Reshape_144];[ONNX Layer: /q_norm_18/Pow];[ONNX Layer: /q_norm_18/ReduceMean],"[{""name"":""__myln_k_arg__bb1_3126"",""shape"":[1,1,2048],""precision"":""Half""}]","[{""name"":""__myln_k_arg__bb1_3128"",""shape"":[1,1,16,1],""precision"":""Half""},{""name"":""__myln_k_arg__bb1_3127"",""shape"":[1,1,16,128],""precision"":""Half""}]",inputs=Half|outputs=Half;Half,__myl_ResMulMea_0xf2413012cd9ac6341b95d78f3432c656
463,__myl_AddSqrDivMulMulResSliSliNegConMulMulAdd_myl0_463,kgen,[ONNX Layer: /q_norm_18/Add];[ONNX Layer: /q_norm_18/Sqrt];[ONNX Layer: /q_norm_18/Mul];[ONNX Layer: /q_norm_18/Mul_1];[ONNX Layer: /Transpose_90];[ONNX Layer: /Slice_72];[ONNX Layer: /Slice_73];[ONNX Layer: /Concat_220];[ONNX Layer: /Mul_164];[ONNX Layer: /Add_72];[ONNX Layer: /Mul_163];[ONNX Layer: /Neg_36];[ONNX Layer: /q_norm_18/Div],"[{""name"":""__myln_k_arg__bb1_2685"",""shape"":[1,1,1,128],""precision"":""Half""},{""name"":""__myln_k_arg__bb1_2684"",""shape"":[1,1,1,128],""precision"":""Half""},{""name"":""stack_layers_18_self_attn_q_norm_weight _ ONNXTRT_Broadcast_5121_constantHalf"",""shape"":[1,1,1,128],""precision"":""Half""},{""name"":""__myln_k_arg__bb1_3127"",""shape"":[1,1,16,128],""precision"":""Half""},{""name"":""__myln_k_arg__bb1_3128"",""shape"":[1,1,16,1],""precision"":""Half""}]","[{""name"":""/Add_72_output_0'.1"",""shape"":[1,16,1,128],""precision"":""Half""}]",inputs=Half;Half;Half;Half;Half|outputs=Half,__myl_AddSqrDivMulMulResSliSliNegConMulMulAdd_0xf1ba08cc3beaba8ee91b0504be9c2cf4
464,__mye677112_myl0_464,wait,,[],[],inputs=NONE|outputs=NONE,UNKNOWN
465,/MatMul_36_myl0_465,gemm,[ONNX Layer: /MatMul_36],"[{""name"":""/Add_72_output_0'.1"",""shape"":[16,1,128],""precision"":""Half""},{""name"":""shuffle_output_/Reshape_148 _ /Transpose_93_first_transpose_output.1"",""shape"":[16,128,-1],""precision"":""Half""},{""name"":""__mye569852/MatMul_36_alpha"",""shape"":[1],""precision"":""Float""},{""name"":""__mye569853/MatMul_36_beta"",""shape"":[1],""precision"":""Float""}]","[{""name"":""__mye569849"",""shape"":[16,1,-1],""precision"":""Half""}]",inputs=Half;Half;Float;Float|outputs=Half,sm80_xmma_gemm_f16f16_f16f32_f32_nn_n_tilesize32x32x64_stage6_warpsize2x2x1_tensor16x8x16_aligna2_alignc2
466,__myl_MulMaxSubExpSumDivMul_myl0_466,kgen,[ONNX Layer: /Mul_169];[ONNX Layer: /Softmax_18],"[{""name"":""__mye569849"",""shape"":[1,16,1,-1],""precision"":""Half""},{""name"":""__mye66760_proxy.1"",""shape"":[1],""precision"":""Int64""},{""name"":""proxy___mye312316.1"",""shape"":[1],""precision"":""Int64""}]","[{""name"":""/Softmax_18_output'.1"",""shape"":[1,16,1,-1],""precision"":""Half""}]",inputs=Half;Int64;Int64|outputs=Half,__myl_MulMaxSubExpSumDivMul_0x1108f5a078d6e65507c06537b9b2e43f
467,__mye677116_myl0_467,wait,,[],[],inputs=NONE|outputs=NONE,UNKNOWN
468,/MatMul_37_myl0_468,gemm,[ONNX Layer: /MatMul_37],"[{""name"":""/Softmax_18_output'.1"",""shape"":[16,1,-1],""precision"":""Half""},{""name"":""/Expand_37_output_0'.1"",""shape"":[16,-1,128],""precision"":""Half""},{""name"":""__mye569873/MatMul_37_alpha"",""shape"":[1],""precision"":""Float""},{""name"":""__mye569874/MatMul_37_beta"",""shape"":[1],""precision"":""Float""}]","[{""name"":""__myln_k_arg__bb1_3132"",""shape"":[16,1,128],""precision"":""Half""}]",inputs=Half;Half;Float;Float|outputs=Half,sm80_xmma_gemm_f16f16_f16f32_f32_nn_n_tilesize64x128x32_stage5_warpsize2x2x1_tensor16x8x16_aligna2_alignc2
469,__myl_MulMinMaxRouCas_myl0_469,kgen,[ONNX Layer: /o_proj_18/MatMul__a_quant],"[{""name"":""__myln_k_arg__bb1_3132"",""shape"":[16,1,128],""precision"":""Half""}]","[{""name"":""__mye574604_q8"",""shape"":[16,1,128],""precision"":""Int8""}]",inputs=Half|outputs=Int8,__myl_MulMinMaxRouCas_0xa01c797cf706031bf4679ec54cf7b88d
470,__myl_FcCasAdd_myl0_470,fusion,[ONNX Layer: /o_proj_18/MatMul];[ONNX Layer: /o_proj_18/MatMul__a_dequant];[ONNX Layer: /o_proj_18/MatMul__a_quant];[ONNX Layer: /o_proj_18/MatMul__w_dequant];[ONNX Layer: /Add_74],"[{""name"":""hidden_l17"",""shape"":[1,1,1024],""precision"":""Half""},{""name"":""__mye574604_q8"",""shape"":[1,1,2048],""precision"":""Int8""},{""name"":""__mye623774dconst"",""shape"":[1,2048,1024],""precision"":""Int8""}]","[{""name"":""__myln_k_arg__bb1_3134"",""shape"":[1,1,1024],""precision"":""Half""}]",inputs=Half;Int8;Int8|outputs=Half,sm80_xmma_gemm_i8f32_i8i32_f32_tn_n_tilesize32x64x64_stage6_warpsize2x2x1_tensor16x8x32_by_fusion_tactic
471,__myl_MulMeaAddSqrDivMulMulMulMinMaxRouCas_myl0_471,kgen,[ONNX Layer: /post_attention_layernorm_18/Pow];[ONNX Layer: /post_attention_layernorm_18/ReduceMean];[ONNX Layer: /post_attention_layernorm_18/Add];[ONNX Layer: /post_attention_layernorm_18/Div];[ONNX Layer: /post_attention_layernorm_18/Sqrt];[ONNX Layer: /post_attention_layernorm_18/Mul];[ONNX Layer: /post_attention_layernorm_18/Mul_1];[ONNX Layer: /gate_proj_18/MatMul__a_quant],"[{""name"":""stack_layers_18_post_attention_layernorm_weight _ ONNXTRT_Broadcast_5370_constantHalf"",""shape"":[1,1,1024],""precision"":""Half""},{""name"":""__myln_k_arg__bb1_3134"",""shape"":[1,1,1024],""precision"":""Half""},{""name"":""__myln_k_arg__bb1_3134"",""shape"":[1,1,1024],""precision"":""Half""},{""name"":""__myln_k_arg__bb1_3134"",""shape"":[1,1,1024],""precision"":""Half""}]","[{""name"":""__myln_k_arg__bb1_3136"",""shape"":[1,1,1024],""precision"":""Int8""},{""name"":""__myln_k_arg__bb1_3135"",""shape"":[1,1,1024],""precision"":""Half""}]",inputs=Half;Half;Half;Half|outputs=Int8;Half,__myl_MulMeaAddSqrDivMulMulMulMinMaxRouCas_0xe944abd3db8709490013ec56e805a4c9
472,/up_proj_18/MatMul_myl0_472,gemm,[ONNX Layer: /up_proj_18/MatMul],"[{""name"":""__myln_k_arg__bb1_3135"",""shape"":[1,1,1024],""precision"":""Half""},{""name"":""__mye623779dconst"",""shape"":[1,1024,3072],""precision"":""Half""},{""name"":""__mye569897/up_proj_18/MatMul_alpha"",""shape"":[1],""precision"":""Float""},{""name"":""__mye569898/up_proj_18/MatMul_beta"",""shape"":[1],""precision"":""Float""}]","[{""name"":""__myln_k_arg__bb1_3137"",""shape"":[1,1,3072],""precision"":""Half""}]",inputs=Half;Half;Float;Float|outputs=Half,sm80_xmma_gemm_f16f16_f16f16_f16_tn_n_tilesize32x32x64_stage6_warpsize2x2x1_tensor16x8x16
473,__myl_FcCasNegExpAddDivMulMul_myl0_473,fusion,[ONNX Layer: /gate_proj_18/MatMul];[ONNX Layer: /gate_proj_18/MatMul__a_dequant];[ONNX Layer: /gate_proj_18/MatMul__a_quant];[ONNX Layer: /gate_proj_18/MatMul__w_dequant];[ONNX Layer: /Mul_170];[ONNX Layer: /Mul_171];[ONNX Layer: /Sigmoid_18],"[{""name"":""__myln_k_arg__bb1_3137"",""shape"":[1,1,3072],""precision"":""Half""},{""name"":""__myln_k_arg__bb1_3136"",""shape"":[1,1,1024],""precision"":""Int8""},{""name"":""__mye623784dconst"",""shape"":[1,1024,3072],""precision"":""Int8""}]","[{""name"":""__myln_k_arg__bb1_3138"",""shape"":[1,1,3072],""precision"":""Half""}]",inputs=Half;Int8;Int8|outputs=Half,sm80_xmma_gemm_i8i8_i8i32_f32_tn_n_tilesize32x64x64_stage6_warpsize2x2x1_tensor16x8x32_by_fusion_tactic
474,__myl_FcAdd_myl0_474,fusion,[ONNX Layer: /down_proj_18/MatMul];[ONNX Layer: /Add_75],"[{""name"":""__myln_k_arg__bb1_3134"",""shape"":[1,1,1024],""precision"":""Half""},{""name"":""__myln_k_arg__bb1_3138"",""shape"":[1,1,3072],""precision"":""Half""},{""name"":""onnx__MatMul_8212 _ ONNXTRT_Broadcast_5379_constantHalf"",""shape"":[1,3072,1024],""precision"":""Half""}]","[{""name"":""hidden_l18"",""shape"":[1,1,1024],""precision"":""Half""}]",inputs=Half;Half;Half|outputs=Half,sm80_xmma_gemm_f16f16_f16f16_f16_nn_n_tilesize64x128x32_stage5_warpsize2x2x1_tensor16x8x16_by_fusion_tactic
475,__myl_MulMeaAddSqrDivMulDivMinMaxRouCasDivMinMaxRouCasDivMinMaxRouCas_myl0_475,kgen,[ONNX Layer: /q_proj_19/MatMul__a_quant];[ONNX Layer: /k_proj_19/MatMul__a_quant];[ONNX Layer: /v_proj_19/MatMul__a_quant];[ONNX Layer: /input_layernorm_19/Mul];[ONNX Layer: /input_layernorm_19/Sqrt];[ONNX Layer: /input_layernorm_19/Div];[ONNX Layer: /input_layernorm_19/Add];[ONNX Layer: /input_layernorm_19/ReduceMean];[ONNX Layer: /input_layernorm_19/Pow],"[{""name"":""hidden_l18"",""shape"":[1,1,1024],""precision"":""Half""},{""name"":""hidden_l18"",""shape"":[1,1,1024],""precision"":""Half""},{""name"":""hidden_l18"",""shape"":[1,1,1024],""precision"":""Half""},{""name"":""__mye610790_dconst"",""shape"":[1,1,1024],""precision"":""Half""},{""name"":""__mye610817_dconst"",""shape"":[1,1,1024],""precision"":""Half""},{""name"":""__mye610844_dconst"",""shape"":[1,1,1024],""precision"":""Half""}]","[{""name"":""__myln_k_arg__bb1_3142"",""shape"":[1,1,1024],""precision"":""Int8""},{""name"":""__myln_k_arg__bb1_3141"",""shape"":[1,1,1024],""precision"":""Int8""},{""name"":""__myln_k_arg__bb1_3140"",""shape"":[1,1,1024],""precision"":""Int8""}]",inputs=Half;Half;Half;Half;Half;Half|outputs=Int8;Int8;Int8,__myl_MulMeaAddSqrDivMulDivMinMaxRouCasDivMinMaxRouCasDivMinMaxRouCas_0x9f2c300bb597625319cadec4728f9bc5
476,__mye677118_myl0_476,signal,,[],[],inputs=NONE|outputs=NONE,UNKNOWN
477,__mye677120_myl0_477,wait,,[],[],inputs=NONE|outputs=NONE,UNKNOWN
478,__myl_FcCas_myl0_478,fusion,[ONNX Layer: /v_proj_19/MatMul];[ONNX Layer: /v_proj_19/MatMul__a_dequant];[ONNX Layer: /v_proj_19/MatMul__a_quant];[ONNX Layer: /v_proj_19/MatMul__w_dequant],"[{""name"":""__myln_k_arg__bb1_3142"",""shape"":[1,1,1024],""precision"":""Int8""},{""name"":""__mye623789dconst"",""shape"":[1,1024,1024],""precision"":""Int8""}]","[{""name"":""__myln_k_arg__bb1_3143"",""shape"":[1,1,1024],""precision"":""Half""}]",inputs=Int8;Int8|outputs=Half,sm80_xmma_gemm_i8f32_i8i32_f32_tn_n_tilesize32x64x64_stage6_warpsize2x2x1_tensor16x8x32_by_fusion_tactic
479,__myl_ResConResRep_myl0_479,kgen,[ONNX Layer: /Reshape_154];[ONNX Layer: /Transpose_97];[ONNX Layer: /Unsqueeze_436];[ONNX Layer: /Expand_39];[ONNX Layer: /Concat_235],"[{""name"":""past_v19"",""shape"":[1,8,-1,128],""precision"":""Half""},{""name"":""__myln_k_arg__bb1_3143"",""shape"":[1,1,1024],""precision"":""Half""},{""name"":""proxy___mye673830"",""shape"":[1],""precision"":""Int64""},{""name"":""proxy___mye673875"",""shape"":[1],""precision"":""Int64""},{""name"":""proxy___mye673900"",""shape"":[1],""precision"":""Int64""},{""name"":""__mye66760_proxy.1"",""shape"":[1],""precision"":""Int64""},{""name"":""proxy___mye623926"",""shape"":[1],""precision"":""Int64""},{""name"":""proxy___mye623893"",""shape"":[1],""precision"":""Int64""},{""name"":""proxy___mye623866"",""shape"":[1],""precision"":""Int64""},{""name"":""proxy___mye623833"",""shape"":[1],""precision"":""Int64""},{""name"":""proxy___mye623806"",""shape"":[1],""precision"":""Int64""},{""name"":""proxy___mye434029.1"",""shape"":[1],""precision"":""Int64""},{""name"":""proxy___mye434002.1"",""shape"":[1],""precision"":""Int64""},{""name"":""__mye66752_proxy.1"",""shape"":[1],""precision"":""Int64""},{""name"":""proxy___mye431510.1"",""shape"":[1],""precision"":""Int64""},{""name"":""proxy___mye430368.1"",""shape"":[1],""precision"":""Int64""}]","[{""name"":""present_v19"",""shape"":[1,8,-1,128],""precision"":""Half""},{""name"":""/Expand_39_output_0'.1"",""shape"":[1,8,2,-1,128],""precision"":""Half""}]",inputs=Half;Half;Int64;Int64;Int64;Int64;Int64;Int64;Int64;Int64;Int64;Int64;Int64;Int64;Int64;Int64|outputs=Half;Half,__myl_ResConResRep_0x9d40828c020eb6bb972be950c35191c1
480,__mye677128_myl0_480,signal,,[],[],inputs=NONE|outputs=NONE,UNKNOWN
481,__mye677122_myl0_481,wait,,[],[],inputs=NONE|outputs=NONE,UNKNOWN
482,__myl_FcCas_myl0_482,fusion,[ONNX Layer: /k_proj_19/MatMul];[ONNX Layer: /k_proj_19/MatMul__a_dequant];[ONNX Layer: /k_proj_19/MatMul__a_quant];[ONNX Layer: /k_proj_19/MatMul__w_dequant],"[{""name"":""__myln_k_arg__bb1_3141"",""shape"":[1,1,1024],""precision"":""Int8""},{""name"":""__mye623947dconst"",""shape"":[1,1024,1024],""precision"":""Int8""}]","[{""name"":""__myln_k_arg__bb1_3146"",""shape"":[1,1,1024],""precision"":""Half""}]",inputs=Int8;Int8|outputs=Half,sm80_xmma_gemm_i8f32_i8i32_f32_tn_n_tilesize32x64x64_stage6_warpsize2x2x1_tensor16x8x32_by_fusion_tactic
483,__myl_ResMulMea_myl0_483,kgen,[ONNX Layer: /Reshape_153];[ONNX Layer: /k_norm_19/Pow];[ONNX Layer: /k_norm_19/ReduceMean],"[{""name"":""__myln_k_arg__bb1_3146"",""shape"":[1,1,1024],""precision"":""Half""}]","[{""name"":""__myln_k_arg__bb1_3148"",""shape"":[1,1,8,1],""precision"":""Half""},{""name"":""__myln_k_arg__bb1_3147"",""shape"":[1,1,8,128],""precision"":""Half""}]",inputs=Half|outputs=Half;Half,__myl_ResMulMea_0x3c91498c3beee36a5653966af1581a8a
484,__myl_AddSqrDivMulMulResSliSliNegConMulMulAddConResRepResTra_myl0_484,kgen,[ONNX Layer: /k_norm_19/Add];[ONNX Layer: /k_norm_19/Sqrt];[ONNX Layer: /k_norm_19/Mul];[ONNX Layer: /k_norm_19/Mul_1];[ONNX Layer: /Transpose_96];[ONNX Layer: /Slice_78];[ONNX Layer: /Slice_79];[ONNX Layer: /Concat_233];[ONNX Layer: /Mul_175];[ONNX Layer: /Add_77];[ONNX Layer: /Mul_174];[ONNX Layer: /Unsqueeze_431];[ONNX Layer: /Reshape_156];[ONNX Layer: /Transpose_98];[ONNX Layer: /Expand_38];[ONNX Layer: /Concat_234];[ONNX Layer: /Neg_39];[ONNX Layer: /k_norm_19/Div],"[{""name"":""past_k19"",""shape"":[1,8,-1,128],""precision"":""Half""},{""name"":""__myln_k_arg__bb1_2685"",""shape"":[1,1,1,128],""precision"":""Half""},{""name"":""__myln_k_arg__bb1_2684"",""shape"":[1,1,1,128],""precision"":""Half""},{""name"":""stack_layers_19_self_attn_k_norm_weight _ ONNXTRT_Broadcast_5422_constantHalf"",""shape"":[1,1,1,128],""precision"":""Half""},{""name"":""__myln_k_arg__bb1_3147"",""shape"":[1,1,8,128],""precision"":""Half""},{""name"":""__myln_k_arg__bb1_3148"",""shape"":[1,1,8,1],""precision"":""Half""},{""name"":""proxy___mye673982"",""shape"":[1],""precision"":""Int64""},{""name"":""proxy___mye674021"",""shape"":[1],""precision"":""Int64""},{""name"":""proxy___mye674046"",""shape"":[1],""precision"":""Int64""},{""name"":""__mye66760_proxy.1"",""shape"":[1],""precision"":""Int64""},{""name"":""proxy___mye624209"",""shape"":[1],""precision"":""Int64""},{""name"":""proxy___mye624182"",""shape"":[1],""precision"":""Int64""},{""name"":""proxy___mye624149"",""shape"":[1],""precision"":""Int64""},{""name"":""proxy___mye624122"",""shape"":[1],""precision"":""Int64""},{""name"":""proxy___mye624089"",""shape"":[1],""precision"":""Int64""},{""name"":""proxy___mye624056"",""shape"":[1],""precision"":""Int64""},{""name"":""proxy___mye624029"",""shape"":[1],""precision"":""Int64""},{""name"":""proxy___mye623996"",""shape"":[1],""precision"":""Int64""},{""name"":""proxy___mye623969"",""shape"":[1],""precision"":""Int64""},{""name"":""proxy___mye434089.1"",""shape"":[1],""precision"":""Int64""},{""name"":""proxy___mye434062.1"",""shape"":[1],""precision"":""Int64""},{""name"":""__mye66752_proxy.1"",""shape"":[1],""precision"":""Int64""},{""name"":""proxy___mye430838.1"",""shape"":[1],""precision"":""Int64""},{""name"":""proxy___mye430368.1"",""shape"":[1],""precision"":""Int64""}]","[{""name"":""present_k19"",""shape"":[1,8,-1,128],""precision"":""Half""},{""name"":""shuffle_output_/Reshape_156 _ /Transpose_98_first_transpose_output.1"",""shape"":[1,16,128,-1],""precision"":""Half""}]",inputs=Half;Half;Half;Half;Half;Half;Int64;Int64;Int64;Int64;Int64;Int64;Int64;Int64;Int64;Int64;Int64;Int64;Int64;Int64;Int64;Int64;Int64;Int64|outputs=Half;Half,__myl_AddSqrDivMulMulResSliSliNegConMulMulAddConResRepResTra_0x5aea462b6a819ceadd3ebb32874c078f
485,__mye677124_myl0_485,signal,,[],[],inputs=NONE|outputs=NONE,UNKNOWN
486,__myl_FcCas_myl0_486,fusion,[ONNX Layer: /q_proj_19/MatMul];[ONNX Layer: /q_proj_19/MatMul__a_dequant];[ONNX Layer: /q_proj_19/MatMul__a_quant];[ONNX Layer: /q_proj_19/MatMul__w_dequant],"[{""name"":""__myln_k_arg__bb1_3140"",""shape"":[1,1,1024],""precision"":""Int8""},{""name"":""__mye623952dconst"",""shape"":[1,1024,2048],""precision"":""Int8""}]","[{""name"":""__myln_k_arg__bb1_3151"",""shape"":[1,1,2048],""precision"":""Half""}]",inputs=Int8;Int8|outputs=Half,sm80_xmma_gemm_i8f32_i8i32_f32_tn_n_tilesize32x64x64_stage6_warpsize2x2x1_tensor16x8x32_by_fusion_tactic
487,__myl_ResMulMea_myl0_487,kgen,[ONNX Layer: /Reshape_152];[ONNX Layer: /q_norm_19/Pow];[ONNX Layer: /q_norm_19/ReduceMean],"[{""name"":""__myln_k_arg__bb1_3151"",""shape"":[1,1,2048],""precision"":""Half""}]","[{""name"":""__myln_k_arg__bb1_3153"",""shape"":[1,1,16,1],""precision"":""Half""},{""name"":""__myln_k_arg__bb1_3152"",""shape"":[1,1,16,128],""precision"":""Half""}]",inputs=Half|outputs=Half;Half,__myl_ResMulMea_0xf2413012cd9ac6341b95d78f3432c656
488,__myl_AddSqrDivMulMulResSliSliNegConMulMulAdd_myl0_488,kgen,[ONNX Layer: /q_norm_19/Add];[ONNX Layer: /q_norm_19/Sqrt];[ONNX Layer: /q_norm_19/Mul];[ONNX Layer: /q_norm_19/Mul_1];[ONNX Layer: /Transpose_95];[ONNX Layer: /Slice_76];[ONNX Layer: /Slice_77];[ONNX Layer: /Concat_232];[ONNX Layer: /Mul_173];[ONNX Layer: /Add_76];[ONNX Layer: /Mul_172];[ONNX Layer: /Neg_38];[ONNX Layer: /q_norm_19/Div],"[{""name"":""__myln_k_arg__bb1_2685"",""shape"":[1,1,1,128],""precision"":""Half""},{""name"":""__myln_k_arg__bb1_2684"",""shape"":[1,1,1,128],""precision"":""Half""},{""name"":""stack_layers_19_self_attn_q_norm_weight _ ONNXTRT_Broadcast_5404_constantHalf"",""shape"":[1,1,1,128],""precision"":""Half""},{""name"":""__myln_k_arg__bb1_3152"",""shape"":[1,1,16,128],""precision"":""Half""},{""name"":""__myln_k_arg__bb1_3153"",""shape"":[1,1,16,1],""precision"":""Half""}]","[{""name"":""/Add_76_output_0'.1"",""shape"":[1,16,1,128],""precision"":""Half""}]",inputs=Half;Half;Half;Half;Half|outputs=Half,__myl_AddSqrDivMulMulResSliSliNegConMulMulAdd_0xf1ba08cc3beaba8ee91b0504be9c2cf4
489,__mye677126_myl0_489,wait,,[],[],inputs=NONE|outputs=NONE,UNKNOWN
490,/MatMul_38_myl0_490,gemm,[ONNX Layer: /MatMul_38],"[{""name"":""/Add_76_output_0'.1"",""shape"":[16,1,128],""precision"":""Half""},{""name"":""shuffle_output_/Reshape_156 _ /Transpose_98_first_transpose_output.1"",""shape"":[16,128,-1],""precision"":""Half""},{""name"":""__mye569971/MatMul_38_alpha"",""shape"":[1],""precision"":""Float""},{""name"":""__mye569972/MatMul_38_beta"",""shape"":[1],""precision"":""Float""}]","[{""name"":""__mye569968"",""shape"":[16,1,-1],""precision"":""Half""}]",inputs=Half;Half;Float;Float|outputs=Half,sm80_xmma_gemm_f16f16_f16f32_f32_nn_n_tilesize32x32x64_stage6_warpsize2x2x1_tensor16x8x16_aligna2_alignc2
491,__myl_MulMaxSubExpSumDivMul_myl0_491,kgen,[ONNX Layer: /Mul_178];[ONNX Layer: /Softmax_19],"[{""name"":""__mye569968"",""shape"":[1,16,1,-1],""precision"":""Half""},{""name"":""__mye66760_proxy.1"",""shape"":[1],""precision"":""Int64""},{""name"":""proxy___mye312316.1"",""shape"":[1],""precision"":""Int64""}]","[{""name"":""/Softmax_19_output'.1"",""shape"":[1,16,1,-1],""precision"":""Half""}]",inputs=Half;Int64;Int64|outputs=Half,__myl_MulMaxSubExpSumDivMul_0x1108f5a078d6e65507c06537b9b2e43f
492,__mye677130_myl0_492,wait,,[],[],inputs=NONE|outputs=NONE,UNKNOWN
493,/MatMul_39_myl0_493,gemm,[ONNX Layer: /MatMul_39],"[{""name"":""/Softmax_19_output'.1"",""shape"":[16,1,-1],""precision"":""Half""},{""name"":""/Expand_39_output_0'.1"",""shape"":[16,-1,128],""precision"":""Half""},{""name"":""__mye569992/MatMul_39_alpha"",""shape"":[1],""precision"":""Float""},{""name"":""__mye569993/MatMul_39_beta"",""shape"":[1],""precision"":""Float""}]","[{""name"":""__myln_k_arg__bb1_3157"",""shape"":[16,1,128],""precision"":""Half""}]",inputs=Half;Half;Float;Float|outputs=Half,sm80_xmma_gemm_f16f16_f16f32_f32_nn_n_tilesize64x128x32_stage5_warpsize2x2x1_tensor16x8x16_aligna2_alignc2
494,__myl_MulMinMaxRouCas_myl0_494,kgen,[ONNX Layer: /o_proj_19/MatMul__a_quant],"[{""name"":""__myln_k_arg__bb1_3157"",""shape"":[16,1,128],""precision"":""Half""}]","[{""name"":""__mye574610_q8"",""shape"":[16,1,128],""precision"":""Int8""}]",inputs=Half|outputs=Int8,__myl_MulMinMaxRouCas_0x0b3337a1cc9120f6d73fd89c494a9e53
495,__myl_FcCasAdd_myl0_495,fusion,[ONNX Layer: /o_proj_19/MatMul];[ONNX Layer: /o_proj_19/MatMul__a_dequant];[ONNX Layer: /o_proj_19/MatMul__a_quant];[ONNX Layer: /o_proj_19/MatMul__w_dequant];[ONNX Layer: /Add_78],"[{""name"":""hidden_l18"",""shape"":[1,1,1024],""precision"":""Half""},{""name"":""__mye574610_q8"",""shape"":[1,1,2048],""precision"":""Int8""},{""name"":""__mye624304dconst"",""shape"":[1,2048,1024],""precision"":""Int8""}]","[{""name"":""__myln_k_arg__bb1_3159"",""shape"":[1,1,1024],""precision"":""Half""}]",inputs=Half;Int8;Int8|outputs=Half,sm80_xmma_gemm_i8f32_i8i32_f32_tn_n_tilesize32x64x64_stage6_warpsize2x2x1_tensor16x8x32_by_fusion_tactic
496,__myl_MulMeaAddSqrDivMulMulMulMinMaxRouCas_myl0_496,kgen,[ONNX Layer: /post_attention_layernorm_19/Pow];[ONNX Layer: /post_attention_layernorm_19/ReduceMean];[ONNX Layer: /post_attention_layernorm_19/Add];[ONNX Layer: /post_attention_layernorm_19/Div];[ONNX Layer: /post_attention_layernorm_19/Sqrt];[ONNX Layer: /post_attention_layernorm_19/Mul];[ONNX Layer: /post_attention_layernorm_19/Mul_1];[ONNX Layer: /gate_proj_19/MatMul__a_quant],"[{""name"":""stack_layers_19_post_attention_layernorm_weight _ ONNXTRT_Broadcast_5653_constantHalf"",""shape"":[1,1,1024],""precision"":""Half""},{""name"":""__myln_k_arg__bb1_3159"",""shape"":[1,1,1024],""precision"":""Half""},{""name"":""__myln_k_arg__bb1_3159"",""shape"":[1,1,1024],""precision"":""Half""},{""name"":""__myln_k_arg__bb1_3159"",""shape"":[1,1,1024],""precision"":""Half""}]","[{""name"":""__myln_k_arg__bb1_3161"",""shape"":[1,1,1024],""precision"":""Int8""},{""name"":""__myln_k_arg__bb1_3160"",""shape"":[1,1,1024],""precision"":""Half""}]",inputs=Half;Half;Half;Half|outputs=Int8;Half,__myl_MulMeaAddSqrDivMulMulMulMinMaxRouCas_0x77624facc1459ff2bf110c24ed8021c9
497,/up_proj_19/MatMul_myl0_497,gemm,[ONNX Layer: /up_proj_19/MatMul],"[{""name"":""__myln_k_arg__bb1_3160"",""shape"":[1,1,1024],""precision"":""Half""},{""name"":""__mye624309dconst"",""shape"":[1,1024,3072],""precision"":""Half""},{""name"":""__mye570016/up_proj_19/MatMul_alpha"",""shape"":[1],""precision"":""Float""},{""name"":""__mye570017/up_proj_19/MatMul_beta"",""shape"":[1],""precision"":""Float""}]","[{""name"":""__myln_k_arg__bb1_3162"",""shape"":[1,1,3072],""precision"":""Half""}]",inputs=Half;Half;Float;Float|outputs=Half,sm80_xmma_gemm_f16f16_f16f16_f16_tn_n_tilesize32x32x64_stage6_warpsize2x2x1_tensor16x8x16
498,__myl_FcCasNegExpAddDivMulMul_myl0_498,fusion,[ONNX Layer: /gate_proj_19/MatMul];[ONNX Layer: /gate_proj_19/MatMul__a_dequant];[ONNX Layer: /gate_proj_19/MatMul__a_quant];[ONNX Layer: /gate_proj_19/MatMul__w_dequant];[ONNX Layer: /Mul_179];[ONNX Layer: /Mul_180];[ONNX Layer: /Sigmoid_19],"[{""name"":""__myln_k_arg__bb1_3162"",""shape"":[1,1,3072],""precision"":""Half""},{""name"":""__myln_k_arg__bb1_3161"",""shape"":[1,1,1024],""precision"":""Int8""},{""name"":""__mye624314dconst"",""shape"":[1,1024,3072],""precision"":""Int8""}]","[{""name"":""__myln_k_arg__bb1_3163"",""shape"":[1,1,3072],""precision"":""Half""}]",inputs=Half;Int8;Int8|outputs=Half,sm80_xmma_gemm_i8i8_i8i32_f32_tn_n_tilesize32x64x64_stage6_warpsize2x2x1_tensor16x8x32_by_fusion_tactic
499,__myl_FcAdd_myl0_499,fusion,[ONNX Layer: /down_proj_19/MatMul];[ONNX Layer: /Add_79],"[{""name"":""__myln_k_arg__bb1_3159"",""shape"":[1,1,1024],""precision"":""Half""},{""name"":""__myln_k_arg__bb1_3163"",""shape"":[1,1,3072],""precision"":""Half""},{""name"":""onnx__MatMul_8248 _ ONNXTRT_Broadcast_5662_constantHalf"",""shape"":[1,3072,1024],""precision"":""Half""}]","[{""name"":""hidden_l19"",""shape"":[1,1,1024],""precision"":""Half""}]",inputs=Half;Half;Half|outputs=Half,sm80_xmma_gemm_f16f16_f16f16_f16_nn_n_tilesize64x128x32_stage5_warpsize2x2x1_tensor16x8x16_by_fusion_tactic
500,__myl_MulMeaAddSqrDivMulDivMinMaxRouCasDivMinMaxRouCasDivMinMaxRouCas_myl0_500,kgen,[ONNX Layer: /q_proj_20/MatMul__a_quant];[ONNX Layer: /k_proj_20/MatMul__a_quant];[ONNX Layer: /v_proj_20/MatMul__a_quant];[ONNX Layer: /input_layernorm_20/Mul];[ONNX Layer: /input_layernorm_20/Sqrt];[ONNX Layer: /input_layernorm_20/Div];[ONNX Layer: /input_layernorm_20/Add];[ONNX Layer: /input_layernorm_20/ReduceMean];[ONNX Layer: /input_layernorm_20/Pow],"[{""name"":""hidden_l19"",""shape"":[1,1,1024],""precision"":""Half""},{""name"":""hidden_l19"",""shape"":[1,1,1024],""precision"":""Half""},{""name"":""hidden_l19"",""shape"":[1,1,1024],""precision"":""Half""},{""name"":""__mye610915_dconst"",""shape"":[1,1,1024],""precision"":""Half""},{""name"":""__mye610942_dconst"",""shape"":[1,1,1024],""precision"":""Half""},{""name"":""__mye610969_dconst"",""shape"":[1,1,1024],""precision"":""Half""}]","[{""name"":""__myln_k_arg__bb1_3167"",""shape"":[1,1,1024],""precision"":""Int8""},{""name"":""__myln_k_arg__bb1_3166"",""shape"":[1,1,1024],""precision"":""Int8""},{""name"":""__myln_k_arg__bb1_3165"",""shape"":[1,1,1024],""precision"":""Int8""}]",inputs=Half;Half;Half;Half;Half;Half|outputs=Int8;Int8;Int8,__myl_MulMeaAddSqrDivMulDivMinMaxRouCasDivMinMaxRouCasDivMinMaxRouCas_0x9f2c300bb597625319cadec4728f9bc5
501,__mye677132_myl0_501,signal,,[],[],inputs=NONE|outputs=NONE,UNKNOWN
502,__mye677134_myl0_502,wait,,[],[],inputs=NONE|outputs=NONE,UNKNOWN
503,__myl_FcCas_myl0_503,fusion,[ONNX Layer: /v_proj_20/MatMul];[ONNX Layer: /v_proj_20/MatMul__a_dequant];[ONNX Layer: /v_proj_20/MatMul__a_quant];[ONNX Layer: /v_proj_20/MatMul__w_dequant],"[{""name"":""__myln_k_arg__bb1_3167"",""shape"":[1,1,1024],""precision"":""Int8""},{""name"":""__mye624319dconst"",""shape"":[1,1024,1024],""precision"":""Int8""}]","[{""name"":""__myln_k_arg__bb1_3168"",""shape"":[1,1,1024],""precision"":""Half""}]",inputs=Int8;Int8|outputs=Half,sm80_xmma_gemm_i8f32_i8i32_f32_tn_n_tilesize32x64x64_stage6_warpsize2x2x1_tensor16x8x32_by_fusion_tactic
504,__myl_ResConResRep_myl0_504,kgen,[ONNX Layer: /Reshape_162];[ONNX Layer: /Transpose_102];[ONNX Layer: /Unsqueeze_458];[ONNX Layer: /Expand_41];[ONNX Layer: /Concat_247],"[{""name"":""past_v20"",""shape"":[1,8,-1,128],""precision"":""Half""},{""name"":""__myln_k_arg__bb1_3168"",""shape"":[1,1,1024],""precision"":""Half""},{""name"":""proxy___mye674168"",""shape"":[1],""precision"":""Int64""},{""name"":""proxy___mye674213"",""shape"":[1],""precision"":""Int64""},{""name"":""proxy___mye674238"",""shape"":[1],""precision"":""Int64""},{""name"":""__mye66760_proxy.1"",""shape"":[1],""precision"":""Int64""},{""name"":""proxy___mye624456"",""shape"":[1],""precision"":""Int64""},{""name"":""proxy___mye624423"",""shape"":[1],""precision"":""Int64""},{""name"":""proxy___mye624396"",""shape"":[1],""precision"":""Int64""},{""name"":""proxy___mye624363"",""shape"":[1],""precision"":""Int64""},{""name"":""proxy___mye624336"",""shape"":[1],""precision"":""Int64""},{""name"":""proxy___mye434149.1"",""shape"":[1],""precision"":""Int64""},{""name"":""proxy___mye434122.1"",""shape"":[1],""precision"":""Int64""},{""name"":""__mye66752_proxy.1"",""shape"":[1],""precision"":""Int64""},{""name"":""proxy___mye431534.1"",""shape"":[1],""precision"":""Int64""},{""name"":""proxy___mye430368.1"",""shape"":[1],""precision"":""Int64""}]","[{""name"":""present_v20"",""shape"":[1,8,-1,128],""precision"":""Half""},{""name"":""/Expand_41_output_0'.1"",""shape"":[1,8,2,-1,128],""precision"":""Half""}]",inputs=Half;Half;Int64;Int64;Int64;Int64;Int64;Int64;Int64;Int64;Int64;Int64;Int64;Int64;Int64;Int64|outputs=Half;Half,__myl_ResConResRep_0x9d40828c020eb6bb972be950c35191c1
505,__mye677142_myl0_505,signal,,[],[],inputs=NONE|outputs=NONE,UNKNOWN
506,__mye677136_myl0_506,wait,,[],[],inputs=NONE|outputs=NONE,UNKNOWN
507,__myl_FcCas_myl0_507,fusion,[ONNX Layer: /k_proj_20/MatMul];[ONNX Layer: /k_proj_20/MatMul__a_dequant];[ONNX Layer: /k_proj_20/MatMul__a_quant];[ONNX Layer: /k_proj_20/MatMul__w_dequant],"[{""name"":""__myln_k_arg__bb1_3166"",""shape"":[1,1,1024],""precision"":""Int8""},{""name"":""__mye624477dconst"",""shape"":[1,1024,1024],""precision"":""Int8""}]","[{""name"":""__myln_k_arg__bb1_3171"",""shape"":[1,1,1024],""precision"":""Half""}]",inputs=Int8;Int8|outputs=Half,sm80_xmma_gemm_i8f32_i8i32_f32_tn_n_tilesize32x64x64_stage6_warpsize2x2x1_tensor16x8x32_by_fusion_tactic
508,__myl_ResMulMea_myl0_508,kgen,[ONNX Layer: /Reshape_161];[ONNX Layer: /k_norm_20/Pow];[ONNX Layer: /k_norm_20/ReduceMean],"[{""name"":""__myln_k_arg__bb1_3171"",""shape"":[1,1,1024],""precision"":""Half""}]","[{""name"":""__myln_k_arg__bb1_3173"",""shape"":[1,1,8,1],""precision"":""Half""},{""name"":""__myln_k_arg__bb1_3172"",""shape"":[1,1,8,128],""precision"":""Half""}]",inputs=Half|outputs=Half;Half,__myl_ResMulMea_0x3c91498c3beee36a5653966af1581a8a
509,__myl_AddSqrDivMulMulResSliSliNegConMulMulAddConResRepResTra_myl0_509,kgen,[ONNX Layer: /k_norm_20/Add];[ONNX Layer: /k_norm_20/Sqrt];[ONNX Layer: /k_norm_20/Mul];[ONNX Layer: /k_norm_20/Mul_1];[ONNX Layer: /Transpose_101];[ONNX Layer: /Slice_82];[ONNX Layer: /Slice_83];[ONNX Layer: /Concat_245];[ONNX Layer: /Mul_184];[ONNX Layer: /Add_81];[ONNX Layer: /Mul_183];[ONNX Layer: /Unsqueeze_453];[ONNX Layer: /Reshape_164];[ONNX Layer: /Transpose_103];[ONNX Layer: /Expand_40];[ONNX Layer: /Concat_246];[ONNX Layer: /Neg_41];[ONNX Layer: /k_norm_20/Div],"[{""name"":""past_k20"",""shape"":[1,8,-1,128],""precision"":""Half""},{""name"":""__myln_k_arg__bb1_2685"",""shape"":[1,1,1,128],""precision"":""Half""},{""name"":""__myln_k_arg__bb1_2684"",""shape"":[1,1,1,128],""precision"":""Half""},{""name"":""stack_layers_20_self_attn_k_norm_weight _ ONNXTRT_Broadcast_5705_constantHalf"",""shape"":[1,1,1,128],""precision"":""Half""},{""name"":""__myln_k_arg__bb1_3172"",""shape"":[1,1,8,128],""precision"":""Half""},{""name"":""__myln_k_arg__bb1_3173"",""shape"":[1,1,8,1],""precision"":""Half""},{""name"":""proxy___mye674320"",""shape"":[1],""precision"":""Int64""},{""name"":""proxy___mye674359"",""shape"":[1],""precision"":""Int64""},{""name"":""proxy___mye674384"",""shape"":[1],""precision"":""Int64""},{""name"":""__mye66760_proxy.1"",""shape"":[1],""precision"":""Int64""},{""name"":""proxy___mye624739"",""shape"":[1],""precision"":""Int64""},{""name"":""proxy___mye624712"",""shape"":[1],""precision"":""Int64""},{""name"":""proxy___mye624679"",""shape"":[1],""precision"":""Int64""},{""name"":""proxy___mye624652"",""shape"":[1],""precision"":""Int64""},{""name"":""proxy___mye624619"",""shape"":[1],""precision"":""Int64""},{""name"":""proxy___mye624586"",""shape"":[1],""precision"":""Int64""},{""name"":""proxy___mye624559"",""shape"":[1],""precision"":""Int64""},{""name"":""proxy___mye624526"",""shape"":[1],""precision"":""Int64""},{""name"":""proxy___mye624499"",""shape"":[1],""precision"":""Int64""},{""name"":""proxy___mye434209.1"",""shape"":[1],""precision"":""Int64""},{""name"":""proxy___mye434182.1"",""shape"":[1],""precision"":""Int64""},{""name"":""__mye66752_proxy.1"",""shape"":[1],""precision"":""Int64""},{""name"":""proxy___mye430862.1"",""shape"":[1],""precision"":""Int64""},{""name"":""proxy___mye430368.1"",""shape"":[1],""precision"":""Int64""}]","[{""name"":""present_k20"",""shape"":[1,8,-1,128],""precision"":""Half""},{""name"":""shuffle_output_/Reshape_164 _ /Transpose_103_first_transpose_output.1"",""shape"":[1,16,128,-1],""precision"":""Half""}]",inputs=Half;Half;Half;Half;Half;Half;Int64;Int64;Int64;Int64;Int64;Int64;Int64;Int64;Int64;Int64;Int64;Int64;Int64;Int64;Int64;Int64;Int64;Int64|outputs=Half;Half,__myl_AddSqrDivMulMulResSliSliNegConMulMulAddConResRepResTra_0x5aea462b6a819ceadd3ebb32874c078f
510,__mye677138_myl0_510,signal,,[],[],inputs=NONE|outputs=NONE,UNKNOWN
511,__myl_FcCas_myl0_511,fusion,[ONNX Layer: /q_proj_20/MatMul];[ONNX Layer: /q_proj_20/MatMul__a_dequant];[ONNX Layer: /q_proj_20/MatMul__a_quant];[ONNX Layer: /q_proj_20/MatMul__w_dequant],"[{""name"":""__myln_k_arg__bb1_3165"",""shape"":[1,1,1024],""precision"":""Int8""},{""name"":""__mye624482dconst"",""shape"":[1,1024,2048],""precision"":""Int8""}]","[{""name"":""__myln_k_arg__bb1_3176"",""shape"":[1,1,2048],""precision"":""Half""}]",inputs=Int8;Int8|outputs=Half,sm80_xmma_gemm_i8f32_i8i32_f32_tn_n_tilesize32x64x64_stage6_warpsize2x2x1_tensor16x8x32_by_fusion_tactic
512,__myl_ResMulMea_myl0_512,kgen,[ONNX Layer: /Reshape_160];[ONNX Layer: /q_norm_20/Pow];[ONNX Layer: /q_norm_20/ReduceMean],"[{""name"":""__myln_k_arg__bb1_3176"",""shape"":[1,1,2048],""precision"":""Half""}]","[{""name"":""__myln_k_arg__bb1_3178"",""shape"":[1,1,16,1],""precision"":""Half""},{""name"":""__myln_k_arg__bb1_3177"",""shape"":[1,1,16,128],""precision"":""Half""}]",inputs=Half|outputs=Half;Half,__myl_ResMulMea_0xf2413012cd9ac6341b95d78f3432c656
513,__myl_AddSqrDivMulMulResSliSliNegConMulMulAdd_myl0_513,kgen,[ONNX Layer: /q_norm_20/Add];[ONNX Layer: /q_norm_20/Sqrt];[ONNX Layer: /q_norm_20/Mul];[ONNX Layer: /q_norm_20/Mul_1];[ONNX Layer: /Transpose_100];[ONNX Layer: /Slice_80];[ONNX Layer: /Slice_81];[ONNX Layer: /Concat_244];[ONNX Layer: /Mul_182];[ONNX Layer: /Add_80];[ONNX Layer: /Mul_181];[ONNX Layer: /Neg_40];[ONNX Layer: /q_norm_20/Div],"[{""name"":""__myln_k_arg__bb1_2685"",""shape"":[1,1,1,128],""precision"":""Half""},{""name"":""__myln_k_arg__bb1_2684"",""shape"":[1,1,1,128],""precision"":""Half""},{""name"":""stack_layers_20_self_attn_q_norm_weight _ ONNXTRT_Broadcast_5687_constantHalf"",""shape"":[1,1,1,128],""precision"":""Half""},{""name"":""__myln_k_arg__bb1_3177"",""shape"":[1,1,16,128],""precision"":""Half""},{""name"":""__myln_k_arg__bb1_3178"",""shape"":[1,1,16,1],""precision"":""Half""}]","[{""name"":""/Add_80_output_0'.1"",""shape"":[1,16,1,128],""precision"":""Half""}]",inputs=Half;Half;Half;Half;Half|outputs=Half,__myl_AddSqrDivMulMulResSliSliNegConMulMulAdd_0xf1ba08cc3beaba8ee91b0504be9c2cf4
514,__mye677140_myl0_514,wait,,[],[],inputs=NONE|outputs=NONE,UNKNOWN
515,/MatMul_40_myl0_515,gemm,[ONNX Layer: /MatMul_40],"[{""name"":""/Add_80_output_0'.1"",""shape"":[16,1,128],""precision"":""Half""},{""name"":""shuffle_output_/Reshape_164 _ /Transpose_103_first_transpose_output.1"",""shape"":[16,128,-1],""precision"":""Half""},{""name"":""__mye570090/MatMul_40_alpha"",""shape"":[1],""precision"":""Float""},{""name"":""__mye570091/MatMul_40_beta"",""shape"":[1],""precision"":""Float""}]","[{""name"":""__mye570087"",""shape"":[16,1,-1],""precision"":""Half""}]",inputs=Half;Half;Float;Float|outputs=Half,sm80_xmma_gemm_f16f16_f16f32_f32_nn_n_tilesize32x32x64_stage6_warpsize2x2x1_tensor16x8x16_aligna2_alignc2
516,__myl_MulMaxSubExpSumDivMul_myl0_516,kgen,[ONNX Layer: /Mul_187];[ONNX Layer: /Softmax_20],"[{""name"":""__mye570087"",""shape"":[1,16,1,-1],""precision"":""Half""},{""name"":""__mye66760_proxy.1"",""shape"":[1],""precision"":""Int64""},{""name"":""proxy___mye312316.1"",""shape"":[1],""precision"":""Int64""}]","[{""name"":""/Softmax_20_output'.1"",""shape"":[1,16,1,-1],""precision"":""Half""}]",inputs=Half;Int64;Int64|outputs=Half,__myl_MulMaxSubExpSumDivMul_0x1108f5a078d6e65507c06537b9b2e43f
517,__mye677144_myl0_517,wait,,[],[],inputs=NONE|outputs=NONE,UNKNOWN
518,/MatMul_41_myl0_518,gemm,[ONNX Layer: /MatMul_41],"[{""name"":""/Softmax_20_output'.1"",""shape"":[16,1,-1],""precision"":""Half""},{""name"":""/Expand_41_output_0'.1"",""shape"":[16,-1,128],""precision"":""Half""},{""name"":""__mye570111/MatMul_41_alpha"",""shape"":[1],""precision"":""Float""},{""name"":""__mye570112/MatMul_41_beta"",""shape"":[1],""precision"":""Float""}]","[{""name"":""__myln_k_arg__bb1_3182"",""shape"":[16,1,128],""precision"":""Half""}]",inputs=Half;Half;Float;Float|outputs=Half,sm80_xmma_gemm_f16f16_f16f32_f32_nn_n_tilesize64x128x32_stage5_warpsize2x2x1_tensor16x8x16_aligna2_alignc2
519,__myl_MulMinMaxRouCas_myl0_519,kgen,[ONNX Layer: /o_proj_20/MatMul__a_quant],"[{""name"":""__myln_k_arg__bb1_3182"",""shape"":[16,1,128],""precision"":""Half""}]","[{""name"":""__mye574616_q8"",""shape"":[16,1,128],""precision"":""Int8""}]",inputs=Half|outputs=Int8,__myl_MulMinMaxRouCas_0x59f8206e6baa651ad7dab50737cc8951
520,__myl_FcCasAdd_myl0_520,fusion,[ONNX Layer: /o_proj_20/MatMul];[ONNX Layer: /o_proj_20/MatMul__a_dequant];[ONNX Layer: /o_proj_20/MatMul__a_quant];[ONNX Layer: /o_proj_20/MatMul__w_dequant];[ONNX Layer: /Add_82],"[{""name"":""hidden_l19"",""shape"":[1,1,1024],""precision"":""Half""},{""name"":""__mye574616_q8"",""shape"":[1,1,2048],""precision"":""Int8""},{""name"":""__mye624834dconst"",""shape"":[1,2048,1024],""precision"":""Int8""}]","[{""name"":""__myln_k_arg__bb1_3184"",""shape"":[1,1,1024],""precision"":""Half""}]",inputs=Half;Int8;Int8|outputs=Half,sm80_xmma_gemm_i8f32_i8i32_f32_tn_n_tilesize32x64x64_stage6_warpsize2x2x1_tensor16x8x32_by_fusion_tactic
521,__myl_MulMeaAddSqrDivMulMulMulMinMaxRouCas_myl0_521,kgen,[ONNX Layer: /post_attention_layernorm_20/Pow];[ONNX Layer: /post_attention_layernorm_20/ReduceMean];[ONNX Layer: /post_attention_layernorm_20/Add];[ONNX Layer: /post_attention_layernorm_20/Div];[ONNX Layer: /post_attention_layernorm_20/Sqrt];[ONNX Layer: /post_attention_layernorm_20/Mul];[ONNX Layer: /post_attention_layernorm_20/Mul_1];[ONNX Layer: /gate_proj_20/MatMul__a_quant],"[{""name"":""stack_layers_20_post_attention_layernorm_weight _ ONNXTRT_Broadcast_5936_constantHalf"",""shape"":[1,1,1024],""precision"":""Half""},{""name"":""__myln_k_arg__bb1_3184"",""shape"":[1,1,1024],""precision"":""Half""},{""name"":""__myln_k_arg__bb1_3184"",""shape"":[1,1,1024],""precision"":""Half""},{""name"":""__myln_k_arg__bb1_3184"",""shape"":[1,1,1024],""precision"":""Half""}]","[{""name"":""__myln_k_arg__bb1_3186"",""shape"":[1,1,1024],""precision"":""Int8""},{""name"":""__myln_k_arg__bb1_3185"",""shape"":[1,1,1024],""precision"":""Half""}]",inputs=Half;Half;Half;Half|outputs=Int8;Half,__myl_MulMeaAddSqrDivMulMulMulMinMaxRouCas_0xd756cf8085615be8f2df33c74bb9ac74
522,/up_proj_20/MatMul_myl0_522,gemm,[ONNX Layer: /up_proj_20/MatMul],"[{""name"":""__myln_k_arg__bb1_3185"",""shape"":[1,1,1024],""precision"":""Half""},{""name"":""__mye624839dconst"",""shape"":[1,1024,3072],""precision"":""Half""},{""name"":""__mye570135/up_proj_20/MatMul_alpha"",""shape"":[1],""precision"":""Float""},{""name"":""__mye570136/up_proj_20/MatMul_beta"",""shape"":[1],""precision"":""Float""}]","[{""name"":""__myln_k_arg__bb1_3187"",""shape"":[1,1,3072],""precision"":""Half""}]",inputs=Half;Half;Float;Float|outputs=Half,sm80_xmma_gemm_f16f16_f16f16_f16_tn_n_tilesize32x32x64_stage6_warpsize2x2x1_tensor16x8x16
523,__myl_FcCasNegExpAddDivMulMul_myl0_523,fusion,[ONNX Layer: /gate_proj_20/MatMul];[ONNX Layer: /gate_proj_20/MatMul__a_dequant];[ONNX Layer: /gate_proj_20/MatMul__a_quant];[ONNX Layer: /gate_proj_20/MatMul__w_dequant];[ONNX Layer: /Mul_188];[ONNX Layer: /Mul_189];[ONNX Layer: /Sigmoid_20],"[{""name"":""__myln_k_arg__bb1_3187"",""shape"":[1,1,3072],""precision"":""Half""},{""name"":""__myln_k_arg__bb1_3186"",""shape"":[1,1,1024],""precision"":""Int8""},{""name"":""__mye624844dconst"",""shape"":[1,1024,3072],""precision"":""Int8""}]","[{""name"":""__myln_k_arg__bb1_3188"",""shape"":[1,1,3072],""precision"":""Half""}]",inputs=Half;Int8;Int8|outputs=Half,sm80_xmma_gemm_i8i8_i8i32_f32_tn_n_tilesize32x64x64_stage6_warpsize2x2x1_tensor16x8x32_by_fusion_tactic
524,__myl_FcAdd_myl0_524,fusion,[ONNX Layer: /down_proj_20/MatMul];[ONNX Layer: /Add_83],"[{""name"":""__myln_k_arg__bb1_3184"",""shape"":[1,1,1024],""precision"":""Half""},{""name"":""__myln_k_arg__bb1_3188"",""shape"":[1,1,3072],""precision"":""Half""},{""name"":""onnx__MatMul_8284 _ ONNXTRT_Broadcast_5945_constantHalf"",""shape"":[1,3072,1024],""precision"":""Half""}]","[{""name"":""hidden_l20"",""shape"":[1,1,1024],""precision"":""Half""}]",inputs=Half;Half;Half|outputs=Half,sm80_xmma_gemm_f16f16_f16f16_f16_nn_n_tilesize64x128x32_stage5_warpsize2x2x1_tensor16x8x16_by_fusion_tactic
525,__myl_MulMeaAddSqrDivMulDivMinMaxRouCasDivMinMaxRouCasDivMinMaxRouCas_myl0_525,kgen,[ONNX Layer: /q_proj_21/MatMul__a_quant];[ONNX Layer: /k_proj_21/MatMul__a_quant];[ONNX Layer: /v_proj_21/MatMul__a_quant];[ONNX Layer: /input_layernorm_21/Mul];[ONNX Layer: /input_layernorm_21/Sqrt];[ONNX Layer: /input_layernorm_21/Div];[ONNX Layer: /input_layernorm_21/Add];[ONNX Layer: /input_layernorm_21/ReduceMean];[ONNX Layer: /input_layernorm_21/Pow],"[{""name"":""hidden_l20"",""shape"":[1,1,1024],""precision"":""Half""},{""name"":""hidden_l20"",""shape"":[1,1,1024],""precision"":""Half""},{""name"":""hidden_l20"",""shape"":[1,1,1024],""precision"":""Half""},{""name"":""__mye611040_dconst"",""shape"":[1,1,1024],""precision"":""Half""},{""name"":""__mye611067_dconst"",""shape"":[1,1,1024],""precision"":""Half""},{""name"":""__mye611094_dconst"",""shape"":[1,1,1024],""precision"":""Half""}]","[{""name"":""__myln_k_arg__bb1_3192"",""shape"":[1,1,1024],""precision"":""Int8""},{""name"":""__myln_k_arg__bb1_3191"",""shape"":[1,1,1024],""precision"":""Int8""},{""name"":""__myln_k_arg__bb1_3190"",""shape"":[1,1,1024],""precision"":""Int8""}]",inputs=Half;Half;Half;Half;Half;Half|outputs=Int8;Int8;Int8,__myl_MulMeaAddSqrDivMulDivMinMaxRouCasDivMinMaxRouCasDivMinMaxRouCas_0x9f2c300bb597625319cadec4728f9bc5
526,__mye677146_myl0_526,signal,,[],[],inputs=NONE|outputs=NONE,UNKNOWN
527,__mye677148_myl0_527,wait,,[],[],inputs=NONE|outputs=NONE,UNKNOWN
528,__myl_FcCas_myl0_528,fusion,[ONNX Layer: /v_proj_21/MatMul];[ONNX Layer: /v_proj_21/MatMul__a_dequant];[ONNX Layer: /v_proj_21/MatMul__a_quant];[ONNX Layer: /v_proj_21/MatMul__w_dequant],"[{""name"":""__myln_k_arg__bb1_3192"",""shape"":[1,1,1024],""precision"":""Int8""},{""name"":""__mye624849dconst"",""shape"":[1,1024,1024],""precision"":""Int8""}]","[{""name"":""__myln_k_arg__bb1_3193"",""shape"":[1,1,1024],""precision"":""Half""}]",inputs=Int8;Int8|outputs=Half,sm80_xmma_gemm_i8f32_i8i32_f32_tn_n_tilesize32x64x64_stage6_warpsize2x2x1_tensor16x8x32_by_fusion_tactic
529,__myl_ResConResRep_myl0_529,kgen,[ONNX Layer: /Reshape_170];[ONNX Layer: /Transpose_107];[ONNX Layer: /Unsqueeze_480];[ONNX Layer: /Expand_43];[ONNX Layer: /Concat_259],"[{""name"":""past_v21"",""shape"":[1,8,-1,128],""precision"":""Half""},{""name"":""__myln_k_arg__bb1_3193"",""shape"":[1,1,1024],""precision"":""Half""},{""name"":""proxy___mye674506"",""shape"":[1],""precision"":""Int64""},{""name"":""proxy___mye674551"",""shape"":[1],""precision"":""Int64""},{""name"":""proxy___mye674576"",""shape"":[1],""precision"":""Int64""},{""name"":""__mye66760_proxy.1"",""shape"":[1],""precision"":""Int64""},{""name"":""proxy___mye624986"",""shape"":[1],""precision"":""Int64""},{""name"":""proxy___mye624953"",""shape"":[1],""precision"":""Int64""},{""name"":""proxy___mye624926"",""shape"":[1],""precision"":""Int64""},{""name"":""proxy___mye624893"",""shape"":[1],""precision"":""Int64""},{""name"":""proxy___mye624866"",""shape"":[1],""precision"":""Int64""},{""name"":""proxy___mye434269.1"",""shape"":[1],""precision"":""Int64""},{""name"":""proxy___mye434242.1"",""shape"":[1],""precision"":""Int64""},{""name"":""__mye66752_proxy.1"",""shape"":[1],""precision"":""Int64""},{""name"":""proxy___mye431558.1"",""shape"":[1],""precision"":""Int64""},{""name"":""proxy___mye430368.1"",""shape"":[1],""precision"":""Int64""}]","[{""name"":""present_v21"",""shape"":[1,8,-1,128],""precision"":""Half""},{""name"":""/Expand_43_output_0'.1"",""shape"":[1,8,2,-1,128],""precision"":""Half""}]",inputs=Half;Half;Int64;Int64;Int64;Int64;Int64;Int64;Int64;Int64;Int64;Int64;Int64;Int64;Int64;Int64|outputs=Half;Half,__myl_ResConResRep_0x9d40828c020eb6bb972be950c35191c1
530,__mye677156_myl0_530,signal,,[],[],inputs=NONE|outputs=NONE,UNKNOWN
531,__mye677150_myl0_531,wait,,[],[],inputs=NONE|outputs=NONE,UNKNOWN
532,__myl_FcCas_myl0_532,fusion,[ONNX Layer: /k_proj_21/MatMul];[ONNX Layer: /k_proj_21/MatMul__a_dequant];[ONNX Layer: /k_proj_21/MatMul__a_quant];[ONNX Layer: /k_proj_21/MatMul__w_dequant],"[{""name"":""__myln_k_arg__bb1_3191"",""shape"":[1,1,1024],""precision"":""Int8""},{""name"":""__mye625007dconst"",""shape"":[1,1024,1024],""precision"":""Int8""}]","[{""name"":""__myln_k_arg__bb1_3196"",""shape"":[1,1,1024],""precision"":""Half""}]",inputs=Int8;Int8|outputs=Half,sm80_xmma_gemm_i8f32_i8i32_f32_tn_n_tilesize32x64x64_stage6_warpsize2x2x1_tensor16x8x32_by_fusion_tactic
533,__myl_ResMulMea_myl0_533,kgen,[ONNX Layer: /Reshape_169];[ONNX Layer: /k_norm_21/Pow];[ONNX Layer: /k_norm_21/ReduceMean],"[{""name"":""__myln_k_arg__bb1_3196"",""shape"":[1,1,1024],""precision"":""Half""}]","[{""name"":""__myln_k_arg__bb1_3198"",""shape"":[1,1,8,1],""precision"":""Half""},{""name"":""__myln_k_arg__bb1_3197"",""shape"":[1,1,8,128],""precision"":""Half""}]",inputs=Half|outputs=Half;Half,__myl_ResMulMea_0x3c91498c3beee36a5653966af1581a8a
534,__myl_AddSqrDivMulMulResSliSliNegConMulMulAddConResRepResTra_myl0_534,kgen,[ONNX Layer: /k_norm_21/Add];[ONNX Layer: /k_norm_21/Sqrt];[ONNX Layer: /k_norm_21/Mul];[ONNX Layer: /k_norm_21/Mul_1];[ONNX Layer: /Transpose_106];[ONNX Layer: /Slice_86];[ONNX Layer: /Slice_87];[ONNX Layer: /Concat_257];[ONNX Layer: /Mul_193];[ONNX Layer: /Add_85];[ONNX Layer: /Mul_192];[ONNX Layer: /Unsqueeze_475];[ONNX Layer: /Reshape_172];[ONNX Layer: /Transpose_108];[ONNX Layer: /Expand_42];[ONNX Layer: /Concat_258];[ONNX Layer: /Neg_43];[ONNX Layer: /k_norm_21/Div],"[{""name"":""past_k21"",""shape"":[1,8,-1,128],""precision"":""Half""},{""name"":""__myln_k_arg__bb1_2685"",""shape"":[1,1,1,128],""precision"":""Half""},{""name"":""__myln_k_arg__bb1_2684"",""shape"":[1,1,1,128],""precision"":""Half""},{""name"":""stack_layers_21_self_attn_k_norm_weight _ ONNXTRT_Broadcast_5988_constantHalf"",""shape"":[1,1,1,128],""precision"":""Half""},{""name"":""__myln_k_arg__bb1_3197"",""shape"":[1,1,8,128],""precision"":""Half""},{""name"":""__myln_k_arg__bb1_3198"",""shape"":[1,1,8,1],""precision"":""Half""},{""name"":""proxy___mye674658"",""shape"":[1],""precision"":""Int64""},{""name"":""proxy___mye674697"",""shape"":[1],""precision"":""Int64""},{""name"":""proxy___mye674722"",""shape"":[1],""precision"":""Int64""},{""name"":""__mye66760_proxy.1"",""shape"":[1],""precision"":""Int64""},{""name"":""proxy___mye625269"",""shape"":[1],""precision"":""Int64""},{""name"":""proxy___mye625242"",""shape"":[1],""precision"":""Int64""},{""name"":""proxy___mye625209"",""shape"":[1],""precision"":""Int64""},{""name"":""proxy___mye625182"",""shape"":[1],""precision"":""Int64""},{""name"":""proxy___mye625149"",""shape"":[1],""precision"":""Int64""},{""name"":""proxy___mye625116"",""shape"":[1],""precision"":""Int64""},{""name"":""proxy___mye625089"",""shape"":[1],""precision"":""Int64""},{""name"":""proxy___mye625056"",""shape"":[1],""precision"":""Int64""},{""name"":""proxy___mye625029"",""shape"":[1],""precision"":""Int64""},{""name"":""proxy___mye434329.1"",""shape"":[1],""precision"":""Int64""},{""name"":""proxy___mye434302.1"",""shape"":[1],""precision"":""Int64""},{""name"":""__mye66752_proxy.1"",""shape"":[1],""precision"":""Int64""},{""name"":""proxy___mye430886.1"",""shape"":[1],""precision"":""Int64""},{""name"":""proxy___mye430368.1"",""shape"":[1],""precision"":""Int64""}]","[{""name"":""present_k21"",""shape"":[1,8,-1,128],""precision"":""Half""},{""name"":""shuffle_output_/Reshape_172 _ /Transpose_108_first_transpose_output.1"",""shape"":[1,16,128,-1],""precision"":""Half""}]",inputs=Half;Half;Half;Half;Half;Half;Int64;Int64;Int64;Int64;Int64;Int64;Int64;Int64;Int64;Int64;Int64;Int64;Int64;Int64;Int64;Int64;Int64;Int64|outputs=Half;Half,__myl_AddSqrDivMulMulResSliSliNegConMulMulAddConResRepResTra_0x5aea462b6a819ceadd3ebb32874c078f
535,__mye677152_myl0_535,signal,,[],[],inputs=NONE|outputs=NONE,UNKNOWN
536,__myl_FcCas_myl0_536,fusion,[ONNX Layer: /q_proj_21/MatMul];[ONNX Layer: /q_proj_21/MatMul__a_dequant];[ONNX Layer: /q_proj_21/MatMul__a_quant];[ONNX Layer: /q_proj_21/MatMul__w_dequant],"[{""name"":""__myln_k_arg__bb1_3190"",""shape"":[1,1,1024],""precision"":""Int8""},{""name"":""__mye625012dconst"",""shape"":[1,1024,2048],""precision"":""Int8""}]","[{""name"":""__myln_k_arg__bb1_3201"",""shape"":[1,1,2048],""precision"":""Half""}]",inputs=Int8;Int8|outputs=Half,sm80_xmma_gemm_i8f32_i8i32_f32_tn_n_tilesize32x64x64_stage6_warpsize2x2x1_tensor16x8x32_by_fusion_tactic
537,__myl_ResMulMea_myl0_537,kgen,[ONNX Layer: /Reshape_168];[ONNX Layer: /q_norm_21/Pow];[ONNX Layer: /q_norm_21/ReduceMean],"[{""name"":""__myln_k_arg__bb1_3201"",""shape"":[1,1,2048],""precision"":""Half""}]","[{""name"":""__myln_k_arg__bb1_3203"",""shape"":[1,1,16,1],""precision"":""Half""},{""name"":""__myln_k_arg__bb1_3202"",""shape"":[1,1,16,128],""precision"":""Half""}]",inputs=Half|outputs=Half;Half,__myl_ResMulMea_0xf2413012cd9ac6341b95d78f3432c656
538,__myl_AddSqrDivMulMulResSliSliNegConMulMulAdd_myl0_538,kgen,[ONNX Layer: /q_norm_21/Add];[ONNX Layer: /q_norm_21/Sqrt];[ONNX Layer: /q_norm_21/Mul];[ONNX Layer: /q_norm_21/Mul_1];[ONNX Layer: /Transpose_105];[ONNX Layer: /Slice_84];[ONNX Layer: /Slice_85];[ONNX Layer: /Concat_256];[ONNX Layer: /Mul_191];[ONNX Layer: /Add_84];[ONNX Layer: /Mul_190];[ONNX Layer: /Neg_42];[ONNX Layer: /q_norm_21/Div],"[{""name"":""__myln_k_arg__bb1_2685"",""shape"":[1,1,1,128],""precision"":""Half""},{""name"":""__myln_k_arg__bb1_2684"",""shape"":[1,1,1,128],""precision"":""Half""},{""name"":""stack_layers_21_self_attn_q_norm_weight _ ONNXTRT_Broadcast_5970_constantHalf"",""shape"":[1,1,1,128],""precision"":""Half""},{""name"":""__myln_k_arg__bb1_3202"",""shape"":[1,1,16,128],""precision"":""Half""},{""name"":""__myln_k_arg__bb1_3203"",""shape"":[1,1,16,1],""precision"":""Half""}]","[{""name"":""/Add_84_output_0'.1"",""shape"":[1,16,1,128],""precision"":""Half""}]",inputs=Half;Half;Half;Half;Half|outputs=Half,__myl_AddSqrDivMulMulResSliSliNegConMulMulAdd_0xf1ba08cc3beaba8ee91b0504be9c2cf4
539,__mye677154_myl0_539,wait,,[],[],inputs=NONE|outputs=NONE,UNKNOWN
540,/MatMul_42_myl0_540,gemm,[ONNX Layer: /MatMul_42],"[{""name"":""/Add_84_output_0'.1"",""shape"":[16,1,128],""precision"":""Half""},{""name"":""shuffle_output_/Reshape_172 _ /Transpose_108_first_transpose_output.1"",""shape"":[16,128,-1],""precision"":""Half""},{""name"":""__mye570209/MatMul_42_alpha"",""shape"":[1],""precision"":""Float""},{""name"":""__mye570210/MatMul_42_beta"",""shape"":[1],""precision"":""Float""}]","[{""name"":""__mye570206"",""shape"":[16,1,-1],""precision"":""Half""}]",inputs=Half;Half;Float;Float|outputs=Half,sm80_xmma_gemm_f16f16_f16f32_f32_nn_n_tilesize32x32x64_stage6_warpsize2x2x1_tensor16x8x16_aligna2_alignc2
541,__myl_MulMaxSubExpSumDivMul_myl0_541,kgen,[ONNX Layer: /Mul_196];[ONNX Layer: /Softmax_21],"[{""name"":""__mye570206"",""shape"":[1,16,1,-1],""precision"":""Half""},{""name"":""__mye66760_proxy.1"",""shape"":[1],""precision"":""Int64""},{""name"":""proxy___mye312316.1"",""shape"":[1],""precision"":""Int64""}]","[{""name"":""/Softmax_21_output'.1"",""shape"":[1,16,1,-1],""precision"":""Half""}]",inputs=Half;Int64;Int64|outputs=Half,__myl_MulMaxSubExpSumDivMul_0x1108f5a078d6e65507c06537b9b2e43f
542,__mye677158_myl0_542,wait,,[],[],inputs=NONE|outputs=NONE,UNKNOWN
543,/MatMul_43_myl0_543,gemm,[ONNX Layer: /MatMul_43],"[{""name"":""/Softmax_21_output'.1"",""shape"":[16,1,-1],""precision"":""Half""},{""name"":""/Expand_43_output_0'.1"",""shape"":[16,-1,128],""precision"":""Half""},{""name"":""__mye570230/MatMul_43_alpha"",""shape"":[1],""precision"":""Float""},{""name"":""__mye570231/MatMul_43_beta"",""shape"":[1],""precision"":""Float""}]","[{""name"":""__myln_k_arg__bb1_3207"",""shape"":[16,1,128],""precision"":""Half""}]",inputs=Half;Half;Float;Float|outputs=Half,sm80_xmma_gemm_f16f16_f16f32_f32_nn_n_tilesize64x128x32_stage5_warpsize2x2x1_tensor16x8x16_aligna2_alignc2
544,__myl_MulMinMaxRouCas_myl0_544,kgen,[ONNX Layer: /o_proj_21/MatMul__a_quant],"[{""name"":""__myln_k_arg__bb1_3207"",""shape"":[16,1,128],""precision"":""Half""}]","[{""name"":""__mye574622_q8"",""shape"":[16,1,128],""precision"":""Int8""}]",inputs=Half|outputs=Int8,__myl_MulMinMaxRouCas_0x77ca5ed9b2797810688767dcda08897e
545,__myl_FcCasAdd_myl0_545,fusion,[ONNX Layer: /o_proj_21/MatMul];[ONNX Layer: /o_proj_21/MatMul__a_dequant];[ONNX Layer: /o_proj_21/MatMul__a_quant];[ONNX Layer: /o_proj_21/MatMul__w_dequant];[ONNX Layer: /Add_86],"[{""name"":""hidden_l20"",""shape"":[1,1,1024],""precision"":""Half""},{""name"":""__mye574622_q8"",""shape"":[1,1,2048],""precision"":""Int8""},{""name"":""__mye625364dconst"",""shape"":[1,2048,1024],""precision"":""Int8""}]","[{""name"":""__myln_k_arg__bb1_3209"",""shape"":[1,1,1024],""precision"":""Half""}]",inputs=Half;Int8;Int8|outputs=Half,sm80_xmma_gemm_i8f32_i8i32_f32_tn_n_tilesize32x64x64_stage6_warpsize2x2x1_tensor16x8x32_by_fusion_tactic
546,__myl_MulMeaAddSqrDivMulMulMulMinMaxRouCas_myl0_546,kgen,[ONNX Layer: /post_attention_layernorm_21/Pow];[ONNX Layer: /post_attention_layernorm_21/ReduceMean];[ONNX Layer: /post_attention_layernorm_21/Add];[ONNX Layer: /post_attention_layernorm_21/Div];[ONNX Layer: /post_attention_layernorm_21/Sqrt];[ONNX Layer: /post_attention_layernorm_21/Mul];[ONNX Layer: /post_attention_layernorm_21/Mul_1];[ONNX Layer: /gate_proj_21/MatMul__a_quant],"[{""name"":""stack_layers_21_post_attention_layernorm_weight _ ONNXTRT_Broadcast_6219_constantHalf"",""shape"":[1,1,1024],""precision"":""Half""},{""name"":""__myln_k_arg__bb1_3209"",""shape"":[1,1,1024],""precision"":""Half""},{""name"":""__myln_k_arg__bb1_3209"",""shape"":[1,1,1024],""precision"":""Half""},{""name"":""__myln_k_arg__bb1_3209"",""shape"":[1,1,1024],""precision"":""Half""}]","[{""name"":""__myln_k_arg__bb1_3211"",""shape"":[1,1,1024],""precision"":""Int8""},{""name"":""__myln_k_arg__bb1_3210"",""shape"":[1,1,1024],""precision"":""Half""}]",inputs=Half;Half;Half;Half|outputs=Int8;Half,__myl_MulMeaAddSqrDivMulMulMulMinMaxRouCas_0xdba6260d6d388ff570fe95b3f4430bd0
547,/up_proj_21/MatMul_myl0_547,gemm,[ONNX Layer: /up_proj_21/MatMul],"[{""name"":""__myln_k_arg__bb1_3210"",""shape"":[1,1,1024],""precision"":""Half""},{""name"":""__mye625369dconst"",""shape"":[1,1024,3072],""precision"":""Half""},{""name"":""__mye570254/up_proj_21/MatMul_alpha"",""shape"":[1],""precision"":""Float""},{""name"":""__mye570255/up_proj_21/MatMul_beta"",""shape"":[1],""precision"":""Float""}]","[{""name"":""__myln_k_arg__bb1_3212"",""shape"":[1,1,3072],""precision"":""Half""}]",inputs=Half;Half;Float;Float|outputs=Half,sm80_xmma_gemm_f16f16_f16f16_f16_tn_n_tilesize32x32x64_stage6_warpsize2x2x1_tensor16x8x16
548,__myl_FcCasNegExpAddDivMulMul_myl0_548,fusion,[ONNX Layer: /gate_proj_21/MatMul];[ONNX Layer: /gate_proj_21/MatMul__a_dequant];[ONNX Layer: /gate_proj_21/MatMul__a_quant];[ONNX Layer: /gate_proj_21/MatMul__w_dequant];[ONNX Layer: /Mul_197];[ONNX Layer: /Mul_198];[ONNX Layer: /Sigmoid_21],"[{""name"":""__myln_k_arg__bb1_3212"",""shape"":[1,1,3072],""precision"":""Half""},{""name"":""__myln_k_arg__bb1_3211"",""shape"":[1,1,1024],""precision"":""Int8""},{""name"":""__mye625374dconst"",""shape"":[1,1024,3072],""precision"":""Int8""}]","[{""name"":""__myln_k_arg__bb1_3213"",""shape"":[1,1,3072],""precision"":""Half""}]",inputs=Half;Int8;Int8|outputs=Half,sm80_xmma_gemm_i8i8_i8i32_f32_tn_n_tilesize32x64x64_stage6_warpsize2x2x1_tensor16x8x32_by_fusion_tactic
549,__myl_FcAdd_myl0_549,fusion,[ONNX Layer: /down_proj_21/MatMul];[ONNX Layer: /Add_87],"[{""name"":""__myln_k_arg__bb1_3209"",""shape"":[1,1,1024],""precision"":""Half""},{""name"":""__myln_k_arg__bb1_3213"",""shape"":[1,1,3072],""precision"":""Half""},{""name"":""onnx__MatMul_8320 _ ONNXTRT_Broadcast_6228_constantHalf"",""shape"":[1,3072,1024],""precision"":""Half""}]","[{""name"":""hidden_l21"",""shape"":[1,1,1024],""precision"":""Half""}]",inputs=Half;Half;Half|outputs=Half,sm80_xmma_gemm_f16f16_f16f16_f16_nn_n_tilesize64x128x32_stage5_warpsize2x2x1_tensor16x8x16_by_fusion_tactic
550,__myl_MulMeaAddSqrDivMulDivMinMaxRouCasDivMinMaxRouCasDivMinMaxRouCas_myl0_550,kgen,[ONNX Layer: /q_proj_22/MatMul__a_quant];[ONNX Layer: /k_proj_22/MatMul__a_quant];[ONNX Layer: /v_proj_22/MatMul__a_quant];[ONNX Layer: /input_layernorm_22/Mul];[ONNX Layer: /input_layernorm_22/Sqrt];[ONNX Layer: /input_layernorm_22/Div];[ONNX Layer: /input_layernorm_22/Add];[ONNX Layer: /input_layernorm_22/ReduceMean];[ONNX Layer: /input_layernorm_22/Pow],"[{""name"":""hidden_l21"",""shape"":[1,1,1024],""precision"":""Half""},{""name"":""hidden_l21"",""shape"":[1,1,1024],""precision"":""Half""},{""name"":""hidden_l21"",""shape"":[1,1,1024],""precision"":""Half""},{""name"":""__mye611165_dconst"",""shape"":[1,1,1024],""precision"":""Half""},{""name"":""__mye611192_dconst"",""shape"":[1,1,1024],""precision"":""Half""},{""name"":""__mye611219_dconst"",""shape"":[1,1,1024],""precision"":""Half""}]","[{""name"":""__myln_k_arg__bb1_3217"",""shape"":[1,1,1024],""precision"":""Int8""},{""name"":""__myln_k_arg__bb1_3216"",""shape"":[1,1,1024],""precision"":""Int8""},{""name"":""__myln_k_arg__bb1_3215"",""shape"":[1,1,1024],""precision"":""Int8""}]",inputs=Half;Half;Half;Half;Half;Half|outputs=Int8;Int8;Int8,__myl_MulMeaAddSqrDivMulDivMinMaxRouCasDivMinMaxRouCasDivMinMaxRouCas_0x9f2c300bb597625319cadec4728f9bc5
551,__mye677160_myl0_551,signal,,[],[],inputs=NONE|outputs=NONE,UNKNOWN
552,__mye677162_myl0_552,wait,,[],[],inputs=NONE|outputs=NONE,UNKNOWN
553,__myl_FcCas_myl0_553,fusion,[ONNX Layer: /v_proj_22/MatMul];[ONNX Layer: /v_proj_22/MatMul__a_dequant];[ONNX Layer: /v_proj_22/MatMul__a_quant];[ONNX Layer: /v_proj_22/MatMul__w_dequant],"[{""name"":""__myln_k_arg__bb1_3217"",""shape"":[1,1,1024],""precision"":""Int8""},{""name"":""__mye625379dconst"",""shape"":[1,1024,1024],""precision"":""Int8""}]","[{""name"":""__myln_k_arg__bb1_3218"",""shape"":[1,1,1024],""precision"":""Half""}]",inputs=Int8;Int8|outputs=Half,sm80_xmma_gemm_i8f32_i8i32_f32_tn_n_tilesize32x64x64_stage6_warpsize2x2x1_tensor16x8x32_by_fusion_tactic
554,__myl_ResConResRep_myl0_554,kgen,[ONNX Layer: /Reshape_178];[ONNX Layer: /Transpose_112];[ONNX Layer: /Unsqueeze_502];[ONNX Layer: /Expand_45];[ONNX Layer: /Concat_271],"[{""name"":""past_v22"",""shape"":[1,8,-1,128],""precision"":""Half""},{""name"":""__myln_k_arg__bb1_3218"",""shape"":[1,1,1024],""precision"":""Half""},{""name"":""proxy___mye674844"",""shape"":[1],""precision"":""Int64""},{""name"":""proxy___mye674889"",""shape"":[1],""precision"":""Int64""},{""name"":""proxy___mye674914"",""shape"":[1],""precision"":""Int64""},{""name"":""__mye66760_proxy.1"",""shape"":[1],""precision"":""Int64""},{""name"":""proxy___mye625516"",""shape"":[1],""precision"":""Int64""},{""name"":""proxy___mye625483"",""shape"":[1],""precision"":""Int64""},{""name"":""proxy___mye625456"",""shape"":[1],""precision"":""Int64""},{""name"":""proxy___mye625423"",""shape"":[1],""precision"":""Int64""},{""name"":""proxy___mye625396"",""shape"":[1],""precision"":""Int64""},{""name"":""proxy___mye434389.1"",""shape"":[1],""precision"":""Int64""},{""name"":""proxy___mye434362.1"",""shape"":[1],""precision"":""Int64""},{""name"":""__mye66752_proxy.1"",""shape"":[1],""precision"":""Int64""},{""name"":""proxy___mye431582.1"",""shape"":[1],""precision"":""Int64""},{""name"":""proxy___mye430368.1"",""shape"":[1],""precision"":""Int64""}]","[{""name"":""present_v22"",""shape"":[1,8,-1,128],""precision"":""Half""},{""name"":""/Expand_45_output_0'.1"",""shape"":[1,8,2,-1,128],""precision"":""Half""}]",inputs=Half;Half;Int64;Int64;Int64;Int64;Int64;Int64;Int64;Int64;Int64;Int64;Int64;Int64;Int64;Int64|outputs=Half;Half,__myl_ResConResRep_0x9d40828c020eb6bb972be950c35191c1
555,__mye677170_myl0_555,signal,,[],[],inputs=NONE|outputs=NONE,UNKNOWN
556,__mye677164_myl0_556,wait,,[],[],inputs=NONE|outputs=NONE,UNKNOWN
557,__myl_FcCas_myl0_557,fusion,[ONNX Layer: /k_proj_22/MatMul];[ONNX Layer: /k_proj_22/MatMul__a_dequant];[ONNX Layer: /k_proj_22/MatMul__a_quant];[ONNX Layer: /k_proj_22/MatMul__w_dequant],"[{""name"":""__myln_k_arg__bb1_3216"",""shape"":[1,1,1024],""precision"":""Int8""},{""name"":""__mye625537dconst"",""shape"":[1,1024,1024],""precision"":""Int8""}]","[{""name"":""__myln_k_arg__bb1_3221"",""shape"":[1,1,1024],""precision"":""Half""}]",inputs=Int8;Int8|outputs=Half,sm80_xmma_gemm_i8f32_i8i32_f32_tn_n_tilesize32x64x64_stage6_warpsize2x2x1_tensor16x8x32_by_fusion_tactic
558,__myl_ResMulMea_myl0_558,kgen,[ONNX Layer: /Reshape_177];[ONNX Layer: /k_norm_22/Pow];[ONNX Layer: /k_norm_22/ReduceMean],"[{""name"":""__myln_k_arg__bb1_3221"",""shape"":[1,1,1024],""precision"":""Half""}]","[{""name"":""__myln_k_arg__bb1_3223"",""shape"":[1,1,8,1],""precision"":""Half""},{""name"":""__myln_k_arg__bb1_3222"",""shape"":[1,1,8,128],""precision"":""Half""}]",inputs=Half|outputs=Half;Half,__myl_ResMulMea_0x3c91498c3beee36a5653966af1581a8a
559,__myl_AddSqrDivMulMulResSliSliNegConMulMulAddConResRepResTra_myl0_559,kgen,[ONNX Layer: /k_norm_22/Add];[ONNX Layer: /k_norm_22/Sqrt];[ONNX Layer: /k_norm_22/Mul];[ONNX Layer: /k_norm_22/Mul_1];[ONNX Layer: /Transpose_111];[ONNX Layer: /Slice_90];[ONNX Layer: /Slice_91];[ONNX Layer: /Concat_269];[ONNX Layer: /Mul_202];[ONNX Layer: /Add_89];[ONNX Layer: /Mul_201];[ONNX Layer: /Unsqueeze_497];[ONNX Layer: /Reshape_180];[ONNX Layer: /Transpose_113];[ONNX Layer: /Expand_44];[ONNX Layer: /Concat_270];[ONNX Layer: /Neg_45];[ONNX Layer: /k_norm_22/Div],"[{""name"":""past_k22"",""shape"":[1,8,-1,128],""precision"":""Half""},{""name"":""__myln_k_arg__bb1_2685"",""shape"":[1,1,1,128],""precision"":""Half""},{""name"":""__myln_k_arg__bb1_2684"",""shape"":[1,1,1,128],""precision"":""Half""},{""name"":""stack_layers_22_self_attn_k_norm_weight _ ONNXTRT_Broadcast_6271_constantHalf"",""shape"":[1,1,1,128],""precision"":""Half""},{""name"":""__myln_k_arg__bb1_3222"",""shape"":[1,1,8,128],""precision"":""Half""},{""name"":""__myln_k_arg__bb1_3223"",""shape"":[1,1,8,1],""precision"":""Half""},{""name"":""proxy___mye674996"",""shape"":[1],""precision"":""Int64""},{""name"":""proxy___mye675035"",""shape"":[1],""precision"":""Int64""},{""name"":""proxy___mye675060"",""shape"":[1],""precision"":""Int64""},{""name"":""__mye66760_proxy.1"",""shape"":[1],""precision"":""Int64""},{""name"":""proxy___mye625799"",""shape"":[1],""precision"":""Int64""},{""name"":""proxy___mye625772"",""shape"":[1],""precision"":""Int64""},{""name"":""proxy___mye625739"",""shape"":[1],""precision"":""Int64""},{""name"":""proxy___mye625712"",""shape"":[1],""precision"":""Int64""},{""name"":""proxy___mye625679"",""shape"":[1],""precision"":""Int64""},{""name"":""proxy___mye625646"",""shape"":[1],""precision"":""Int64""},{""name"":""proxy___mye625619"",""shape"":[1],""precision"":""Int64""},{""name"":""proxy___mye625586"",""shape"":[1],""precision"":""Int64""},{""name"":""proxy___mye625559"",""shape"":[1],""precision"":""Int64""},{""name"":""proxy___mye434449.1"",""shape"":[1],""precision"":""Int64""},{""name"":""proxy___mye434422.1"",""shape"":[1],""precision"":""Int64""},{""name"":""__mye66752_proxy.1"",""shape"":[1],""precision"":""Int64""},{""name"":""proxy___mye430910.1"",""shape"":[1],""precision"":""Int64""},{""name"":""proxy___mye430368.1"",""shape"":[1],""precision"":""Int64""}]","[{""name"":""present_k22"",""shape"":[1,8,-1,128],""precision"":""Half""},{""name"":""shuffle_output_/Reshape_180 _ /Transpose_113_first_transpose_output.1"",""shape"":[1,16,128,-1],""precision"":""Half""}]",inputs=Half;Half;Half;Half;Half;Half;Int64;Int64;Int64;Int64;Int64;Int64;Int64;Int64;Int64;Int64;Int64;Int64;Int64;Int64;Int64;Int64;Int64;Int64|outputs=Half;Half,__myl_AddSqrDivMulMulResSliSliNegConMulMulAddConResRepResTra_0x5aea462b6a819ceadd3ebb32874c078f
560,__mye677166_myl0_560,signal,,[],[],inputs=NONE|outputs=NONE,UNKNOWN
561,__myl_FcCas_myl0_561,fusion,[ONNX Layer: /q_proj_22/MatMul];[ONNX Layer: /q_proj_22/MatMul__a_dequant];[ONNX Layer: /q_proj_22/MatMul__a_quant];[ONNX Layer: /q_proj_22/MatMul__w_dequant],"[{""name"":""__myln_k_arg__bb1_3215"",""shape"":[1,1,1024],""precision"":""Int8""},{""name"":""__mye625542dconst"",""shape"":[1,1024,2048],""precision"":""Int8""}]","[{""name"":""__myln_k_arg__bb1_3226"",""shape"":[1,1,2048],""precision"":""Half""}]",inputs=Int8;Int8|outputs=Half,sm80_xmma_gemm_i8f32_i8i32_f32_tn_n_tilesize32x64x64_stage6_warpsize2x2x1_tensor16x8x32_by_fusion_tactic
562,__myl_ResMulMea_myl0_562,kgen,[ONNX Layer: /Reshape_176];[ONNX Layer: /q_norm_22/Pow];[ONNX Layer: /q_norm_22/ReduceMean],"[{""name"":""__myln_k_arg__bb1_3226"",""shape"":[1,1,2048],""precision"":""Half""}]","[{""name"":""__myln_k_arg__bb1_3228"",""shape"":[1,1,16,1],""precision"":""Half""},{""name"":""__myln_k_arg__bb1_3227"",""shape"":[1,1,16,128],""precision"":""Half""}]",inputs=Half|outputs=Half;Half,__myl_ResMulMea_0xf2413012cd9ac6341b95d78f3432c656
563,__myl_AddSqrDivMulMulResSliSliNegConMulMulAdd_myl0_563,kgen,[ONNX Layer: /q_norm_22/Add];[ONNX Layer: /q_norm_22/Sqrt];[ONNX Layer: /q_norm_22/Mul];[ONNX Layer: /q_norm_22/Mul_1];[ONNX Layer: /Transpose_110];[ONNX Layer: /Slice_88];[ONNX Layer: /Slice_89];[ONNX Layer: /Concat_268];[ONNX Layer: /Mul_200];[ONNX Layer: /Add_88];[ONNX Layer: /Mul_199];[ONNX Layer: /Neg_44];[ONNX Layer: /q_norm_22/Div],"[{""name"":""__myln_k_arg__bb1_2685"",""shape"":[1,1,1,128],""precision"":""Half""},{""name"":""__myln_k_arg__bb1_2684"",""shape"":[1,1,1,128],""precision"":""Half""},{""name"":""stack_layers_22_self_attn_q_norm_weight _ ONNXTRT_Broadcast_6253_constantHalf"",""shape"":[1,1,1,128],""precision"":""Half""},{""name"":""__myln_k_arg__bb1_3227"",""shape"":[1,1,16,128],""precision"":""Half""},{""name"":""__myln_k_arg__bb1_3228"",""shape"":[1,1,16,1],""precision"":""Half""}]","[{""name"":""/Add_88_output_0'.1"",""shape"":[1,16,1,128],""precision"":""Half""}]",inputs=Half;Half;Half;Half;Half|outputs=Half,__myl_AddSqrDivMulMulResSliSliNegConMulMulAdd_0xf1ba08cc3beaba8ee91b0504be9c2cf4
564,__mye677168_myl0_564,wait,,[],[],inputs=NONE|outputs=NONE,UNKNOWN
565,/MatMul_44_myl0_565,gemm,[ONNX Layer: /MatMul_44],"[{""name"":""/Add_88_output_0'.1"",""shape"":[16,1,128],""precision"":""Half""},{""name"":""shuffle_output_/Reshape_180 _ /Transpose_113_first_transpose_output.1"",""shape"":[16,128,-1],""precision"":""Half""},{""name"":""__mye570328/MatMul_44_alpha"",""shape"":[1],""precision"":""Float""},{""name"":""__mye570329/MatMul_44_beta"",""shape"":[1],""precision"":""Float""}]","[{""name"":""__mye570325"",""shape"":[16,1,-1],""precision"":""Half""}]",inputs=Half;Half;Float;Float|outputs=Half,sm80_xmma_gemm_f16f16_f16f32_f32_nn_n_tilesize32x32x64_stage6_warpsize2x2x1_tensor16x8x16_aligna2_alignc2
566,__myl_MulMaxSubExpSumDivMul_myl0_566,kgen,[ONNX Layer: /Mul_205];[ONNX Layer: /Softmax_22],"[{""name"":""__mye570325"",""shape"":[1,16,1,-1],""precision"":""Half""},{""name"":""__mye66760_proxy.1"",""shape"":[1],""precision"":""Int64""},{""name"":""proxy___mye312316.1"",""shape"":[1],""precision"":""Int64""}]","[{""name"":""/Softmax_22_output'.1"",""shape"":[1,16,1,-1],""precision"":""Half""}]",inputs=Half;Int64;Int64|outputs=Half,__myl_MulMaxSubExpSumDivMul_0x1108f5a078d6e65507c06537b9b2e43f
567,__mye677172_myl0_567,wait,,[],[],inputs=NONE|outputs=NONE,UNKNOWN
568,/MatMul_45_myl0_568,gemm,[ONNX Layer: /MatMul_45],"[{""name"":""/Softmax_22_output'.1"",""shape"":[16,1,-1],""precision"":""Half""},{""name"":""/Expand_45_output_0'.1"",""shape"":[16,-1,128],""precision"":""Half""},{""name"":""__mye570349/MatMul_45_alpha"",""shape"":[1],""precision"":""Float""},{""name"":""__mye570350/MatMul_45_beta"",""shape"":[1],""precision"":""Float""}]","[{""name"":""__myln_k_arg__bb1_3232"",""shape"":[16,1,128],""precision"":""Half""}]",inputs=Half;Half;Float;Float|outputs=Half,sm80_xmma_gemm_f16f16_f16f32_f32_nn_n_tilesize64x128x32_stage5_warpsize2x2x1_tensor16x8x16_aligna2_alignc2
569,__myl_MulMinMaxRouCas_myl0_569,kgen,[ONNX Layer: /o_proj_22/MatMul__a_quant],"[{""name"":""__myln_k_arg__bb1_3232"",""shape"":[16,1,128],""precision"":""Half""}]","[{""name"":""__mye574628_q8"",""shape"":[16,1,128],""precision"":""Int8""}]",inputs=Half|outputs=Int8,__myl_MulMinMaxRouCas_0xa64eacd40f6a244c6f97851e4148bfa0
570,__myl_FcCasAdd_myl0_570,fusion,[ONNX Layer: /o_proj_22/MatMul];[ONNX Layer: /o_proj_22/MatMul__a_dequant];[ONNX Layer: /o_proj_22/MatMul__a_quant];[ONNX Layer: /o_proj_22/MatMul__w_dequant];[ONNX Layer: /Add_90],"[{""name"":""hidden_l21"",""shape"":[1,1,1024],""precision"":""Half""},{""name"":""__mye574628_q8"",""shape"":[1,1,2048],""precision"":""Int8""},{""name"":""__mye625894dconst"",""shape"":[1,2048,1024],""precision"":""Int8""}]","[{""name"":""__myln_k_arg__bb1_3234"",""shape"":[1,1,1024],""precision"":""Half""}]",inputs=Half;Int8;Int8|outputs=Half,sm80_xmma_gemm_i8f32_i8i32_f32_tn_n_tilesize32x64x64_stage6_warpsize2x2x1_tensor16x8x32_by_fusion_tactic
571,__myl_MulMeaAddSqrDivMulMulMulMinMaxRouCas_myl0_571,kgen,[ONNX Layer: /post_attention_layernorm_22/Pow];[ONNX Layer: /post_attention_layernorm_22/ReduceMean];[ONNX Layer: /post_attention_layernorm_22/Add];[ONNX Layer: /post_attention_layernorm_22/Div];[ONNX Layer: /post_attention_layernorm_22/Sqrt];[ONNX Layer: /post_attention_layernorm_22/Mul];[ONNX Layer: /post_attention_layernorm_22/Mul_1];[ONNX Layer: /gate_proj_22/MatMul__a_quant],"[{""name"":""stack_layers_22_post_attention_layernorm_weight _ ONNXTRT_Broadcast_6502_constantHalf"",""shape"":[1,1,1024],""precision"":""Half""},{""name"":""__myln_k_arg__bb1_3234"",""shape"":[1,1,1024],""precision"":""Half""},{""name"":""__myln_k_arg__bb1_3234"",""shape"":[1,1,1024],""precision"":""Half""},{""name"":""__myln_k_arg__bb1_3234"",""shape"":[1,1,1024],""precision"":""Half""}]","[{""name"":""__myln_k_arg__bb1_3236"",""shape"":[1,1,1024],""precision"":""Int8""},{""name"":""__myln_k_arg__bb1_3235"",""shape"":[1,1,1024],""precision"":""Half""}]",inputs=Half;Half;Half;Half|outputs=Int8;Half,__myl_MulMeaAddSqrDivMulMulMulMinMaxRouCas_0xd756cf8085615be8f2df33c74bb9ac74
572,/up_proj_22/MatMul_myl0_572,gemm,[ONNX Layer: /up_proj_22/MatMul],"[{""name"":""__myln_k_arg__bb1_3235"",""shape"":[1,1,1024],""precision"":""Half""},{""name"":""__mye625899dconst"",""shape"":[1,1024,3072],""precision"":""Half""},{""name"":""__mye570373/up_proj_22/MatMul_alpha"",""shape"":[1],""precision"":""Float""},{""name"":""__mye570374/up_proj_22/MatMul_beta"",""shape"":[1],""precision"":""Float""}]","[{""name"":""__myln_k_arg__bb1_3237"",""shape"":[1,1,3072],""precision"":""Half""}]",inputs=Half;Half;Float;Float|outputs=Half,sm80_xmma_gemm_f16f16_f16f16_f16_tn_n_tilesize32x32x64_stage6_warpsize2x2x1_tensor16x8x16
573,__myl_FcCasNegExpAddDivMulMul_myl0_573,fusion,[ONNX Layer: /gate_proj_22/MatMul];[ONNX Layer: /gate_proj_22/MatMul__a_dequant];[ONNX Layer: /gate_proj_22/MatMul__a_quant];[ONNX Layer: /gate_proj_22/MatMul__w_dequant];[ONNX Layer: /Mul_206];[ONNX Layer: /Mul_207];[ONNX Layer: /Sigmoid_22],"[{""name"":""__myln_k_arg__bb1_3237"",""shape"":[1,1,3072],""precision"":""Half""},{""name"":""__myln_k_arg__bb1_3236"",""shape"":[1,1,1024],""precision"":""Int8""},{""name"":""__mye625904dconst"",""shape"":[1,1024,3072],""precision"":""Int8""}]","[{""name"":""__myln_k_arg__bb1_3238"",""shape"":[1,1,3072],""precision"":""Half""}]",inputs=Half;Int8;Int8|outputs=Half,sm80_xmma_gemm_i8i8_i8i32_f32_tn_n_tilesize32x64x64_stage6_warpsize2x2x1_tensor16x8x32_by_fusion_tactic
574,__myl_FcAdd_myl0_574,fusion,[ONNX Layer: /down_proj_22/MatMul];[ONNX Layer: /Add_91],"[{""name"":""__myln_k_arg__bb1_3234"",""shape"":[1,1,1024],""precision"":""Half""},{""name"":""__myln_k_arg__bb1_3238"",""shape"":[1,1,3072],""precision"":""Half""},{""name"":""onnx__MatMul_8356 _ ONNXTRT_Broadcast_6511_constantHalf"",""shape"":[1,3072,1024],""precision"":""Half""}]","[{""name"":""hidden_l22"",""shape"":[1,1,1024],""precision"":""Half""}]",inputs=Half;Half;Half|outputs=Half,sm80_xmma_gemm_f16f16_f16f16_f16_nn_n_tilesize64x128x32_stage5_warpsize2x2x1_tensor16x8x16_by_fusion_tactic
575,__myl_MulMeaAddSqrDivMulDivMinMaxRouCasDivMinMaxRouCasDivMinMaxRouCas_myl0_575,kgen,[ONNX Layer: /q_proj_23/MatMul__a_quant];[ONNX Layer: /k_proj_23/MatMul__a_quant];[ONNX Layer: /v_proj_23/MatMul__a_quant];[ONNX Layer: /input_layernorm_23/Mul];[ONNX Layer: /input_layernorm_23/Sqrt];[ONNX Layer: /input_layernorm_23/Div];[ONNX Layer: /input_layernorm_23/Add];[ONNX Layer: /input_layernorm_23/ReduceMean];[ONNX Layer: /input_layernorm_23/Pow],"[{""name"":""hidden_l22"",""shape"":[1,1,1024],""precision"":""Half""},{""name"":""hidden_l22"",""shape"":[1,1,1024],""precision"":""Half""},{""name"":""hidden_l22"",""shape"":[1,1,1024],""precision"":""Half""},{""name"":""__mye611290_dconst"",""shape"":[1,1,1024],""precision"":""Half""},{""name"":""__mye611317_dconst"",""shape"":[1,1,1024],""precision"":""Half""},{""name"":""__mye611344_dconst"",""shape"":[1,1,1024],""precision"":""Half""}]","[{""name"":""__myln_k_arg__bb1_3242"",""shape"":[1,1,1024],""precision"":""Int8""},{""name"":""__myln_k_arg__bb1_3241"",""shape"":[1,1,1024],""precision"":""Int8""},{""name"":""__myln_k_arg__bb1_3240"",""shape"":[1,1,1024],""precision"":""Int8""}]",inputs=Half;Half;Half;Half;Half;Half|outputs=Int8;Int8;Int8,__myl_MulMeaAddSqrDivMulDivMinMaxRouCasDivMinMaxRouCasDivMinMaxRouCas_0x9f2c300bb597625319cadec4728f9bc5
576,__mye677174_myl0_576,signal,,[],[],inputs=NONE|outputs=NONE,UNKNOWN
577,__mye677176_myl0_577,wait,,[],[],inputs=NONE|outputs=NONE,UNKNOWN
578,__myl_FcCas_myl0_578,fusion,[ONNX Layer: /v_proj_23/MatMul];[ONNX Layer: /v_proj_23/MatMul__a_dequant];[ONNX Layer: /v_proj_23/MatMul__a_quant];[ONNX Layer: /v_proj_23/MatMul__w_dequant],"[{""name"":""__myln_k_arg__bb1_3242"",""shape"":[1,1,1024],""precision"":""Int8""},{""name"":""__mye625909dconst"",""shape"":[1,1024,1024],""precision"":""Int8""}]","[{""name"":""__myln_k_arg__bb1_3243"",""shape"":[1,1,1024],""precision"":""Half""}]",inputs=Int8;Int8|outputs=Half,sm80_xmma_gemm_i8f32_i8i32_f32_tn_n_tilesize32x64x64_stage6_warpsize2x2x1_tensor16x8x32_by_fusion_tactic
579,__myl_ResConResRep_myl0_579,kgen,[ONNX Layer: /Reshape_186];[ONNX Layer: /Transpose_117];[ONNX Layer: /Unsqueeze_524];[ONNX Layer: /Expand_47];[ONNX Layer: /Concat_283],"[{""name"":""past_v23"",""shape"":[1,8,-1,128],""precision"":""Half""},{""name"":""__myln_k_arg__bb1_3243"",""shape"":[1,1,1024],""precision"":""Half""},{""name"":""proxy___mye675182"",""shape"":[1],""precision"":""Int64""},{""name"":""proxy___mye675227"",""shape"":[1],""precision"":""Int64""},{""name"":""proxy___mye675252"",""shape"":[1],""precision"":""Int64""},{""name"":""__mye66760_proxy.1"",""shape"":[1],""precision"":""Int64""},{""name"":""proxy___mye626046"",""shape"":[1],""precision"":""Int64""},{""name"":""proxy___mye626013"",""shape"":[1],""precision"":""Int64""},{""name"":""proxy___mye625986"",""shape"":[1],""precision"":""Int64""},{""name"":""proxy___mye625953"",""shape"":[1],""precision"":""Int64""},{""name"":""proxy___mye625926"",""shape"":[1],""precision"":""Int64""},{""name"":""proxy___mye434509.1"",""shape"":[1],""precision"":""Int64""},{""name"":""proxy___mye434482.1"",""shape"":[1],""precision"":""Int64""},{""name"":""__mye66752_proxy.1"",""shape"":[1],""precision"":""Int64""},{""name"":""proxy___mye431606.1"",""shape"":[1],""precision"":""Int64""},{""name"":""proxy___mye430368.1"",""shape"":[1],""precision"":""Int64""}]","[{""name"":""present_v23"",""shape"":[1,8,-1,128],""precision"":""Half""},{""name"":""/Expand_47_output_0'.1"",""shape"":[1,8,2,-1,128],""precision"":""Half""}]",inputs=Half;Half;Int64;Int64;Int64;Int64;Int64;Int64;Int64;Int64;Int64;Int64;Int64;Int64;Int64;Int64|outputs=Half;Half,__myl_ResConResRep_0x9d40828c020eb6bb972be950c35191c1
580,__mye677184_myl0_580,signal,,[],[],inputs=NONE|outputs=NONE,UNKNOWN
581,__mye677178_myl0_581,wait,,[],[],inputs=NONE|outputs=NONE,UNKNOWN
582,__myl_FcCas_myl0_582,fusion,[ONNX Layer: /k_proj_23/MatMul];[ONNX Layer: /k_proj_23/MatMul__a_dequant];[ONNX Layer: /k_proj_23/MatMul__a_quant];[ONNX Layer: /k_proj_23/MatMul__w_dequant],"[{""name"":""__myln_k_arg__bb1_3241"",""shape"":[1,1,1024],""precision"":""Int8""},{""name"":""__mye626067dconst"",""shape"":[1,1024,1024],""precision"":""Int8""}]","[{""name"":""__myln_k_arg__bb1_3246"",""shape"":[1,1,1024],""precision"":""Half""}]",inputs=Int8;Int8|outputs=Half,sm80_xmma_gemm_i8f32_i8i32_f32_tn_n_tilesize32x64x64_stage6_warpsize2x2x1_tensor16x8x32_by_fusion_tactic
583,__myl_ResMulMea_myl0_583,kgen,[ONNX Layer: /Reshape_185];[ONNX Layer: /k_norm_23/Pow];[ONNX Layer: /k_norm_23/ReduceMean],"[{""name"":""__myln_k_arg__bb1_3246"",""shape"":[1,1,1024],""precision"":""Half""}]","[{""name"":""__myln_k_arg__bb1_3248"",""shape"":[1,1,8,1],""precision"":""Half""},{""name"":""__myln_k_arg__bb1_3247"",""shape"":[1,1,8,128],""precision"":""Half""}]",inputs=Half|outputs=Half;Half,__myl_ResMulMea_0x3c91498c3beee36a5653966af1581a8a
584,__myl_AddSqrDivMulMulResSliSliNegConMulMulAddConResRepResTra_myl0_584,kgen,[ONNX Layer: /k_norm_23/Add];[ONNX Layer: /k_norm_23/Sqrt];[ONNX Layer: /k_norm_23/Mul];[ONNX Layer: /k_norm_23/Mul_1];[ONNX Layer: /Transpose_116];[ONNX Layer: /Slice_94];[ONNX Layer: /Slice_95];[ONNX Layer: /Concat_281];[ONNX Layer: /Mul_211];[ONNX Layer: /Add_93];[ONNX Layer: /Mul_210];[ONNX Layer: /Unsqueeze_519];[ONNX Layer: /Reshape_188];[ONNX Layer: /Transpose_118];[ONNX Layer: /Expand_46];[ONNX Layer: /Concat_282];[ONNX Layer: /Neg_47];[ONNX Layer: /k_norm_23/Div],"[{""name"":""past_k23"",""shape"":[1,8,-1,128],""precision"":""Half""},{""name"":""__myln_k_arg__bb1_2685"",""shape"":[1,1,1,128],""precision"":""Half""},{""name"":""__myln_k_arg__bb1_2684"",""shape"":[1,1,1,128],""precision"":""Half""},{""name"":""stack_layers_23_self_attn_k_norm_weight _ ONNXTRT_Broadcast_6554_constantHalf"",""shape"":[1,1,1,128],""precision"":""Half""},{""name"":""__myln_k_arg__bb1_3247"",""shape"":[1,1,8,128],""precision"":""Half""},{""name"":""__myln_k_arg__bb1_3248"",""shape"":[1,1,8,1],""precision"":""Half""},{""name"":""proxy___mye675334"",""shape"":[1],""precision"":""Int64""},{""name"":""proxy___mye675373"",""shape"":[1],""precision"":""Int64""},{""name"":""proxy___mye675398"",""shape"":[1],""precision"":""Int64""},{""name"":""__mye66760_proxy.1"",""shape"":[1],""precision"":""Int64""},{""name"":""proxy___mye626329"",""shape"":[1],""precision"":""Int64""},{""name"":""proxy___mye626302"",""shape"":[1],""precision"":""Int64""},{""name"":""proxy___mye626269"",""shape"":[1],""precision"":""Int64""},{""name"":""proxy___mye626242"",""shape"":[1],""precision"":""Int64""},{""name"":""proxy___mye626209"",""shape"":[1],""precision"":""Int64""},{""name"":""proxy___mye626176"",""shape"":[1],""precision"":""Int64""},{""name"":""proxy___mye626149"",""shape"":[1],""precision"":""Int64""},{""name"":""proxy___mye626116"",""shape"":[1],""precision"":""Int64""},{""name"":""proxy___mye626089"",""shape"":[1],""precision"":""Int64""},{""name"":""proxy___mye434569.1"",""shape"":[1],""precision"":""Int64""},{""name"":""proxy___mye434542.1"",""shape"":[1],""precision"":""Int64""},{""name"":""__mye66752_proxy.1"",""shape"":[1],""precision"":""Int64""},{""name"":""proxy___mye430934.1"",""shape"":[1],""precision"":""Int64""},{""name"":""proxy___mye430368.1"",""shape"":[1],""precision"":""Int64""}]","[{""name"":""present_k23"",""shape"":[1,8,-1,128],""precision"":""Half""},{""name"":""shuffle_output_/Reshape_188 _ /Transpose_118_first_transpose_output.1"",""shape"":[1,16,128,-1],""precision"":""Half""}]",inputs=Half;Half;Half;Half;Half;Half;Int64;Int64;Int64;Int64;Int64;Int64;Int64;Int64;Int64;Int64;Int64;Int64;Int64;Int64;Int64;Int64;Int64;Int64|outputs=Half;Half,__myl_AddSqrDivMulMulResSliSliNegConMulMulAddConResRepResTra_0x5aea462b6a819ceadd3ebb32874c078f
585,__mye677180_myl0_585,signal,,[],[],inputs=NONE|outputs=NONE,UNKNOWN
586,__myl_FcCas_myl0_586,fusion,[ONNX Layer: /q_proj_23/MatMul];[ONNX Layer: /q_proj_23/MatMul__a_dequant];[ONNX Layer: /q_proj_23/MatMul__a_quant];[ONNX Layer: /q_proj_23/MatMul__w_dequant],"[{""name"":""__myln_k_arg__bb1_3240"",""shape"":[1,1,1024],""precision"":""Int8""},{""name"":""__mye626072dconst"",""shape"":[1,1024,2048],""precision"":""Int8""}]","[{""name"":""__myln_k_arg__bb1_3251"",""shape"":[1,1,2048],""precision"":""Half""}]",inputs=Int8;Int8|outputs=Half,sm80_xmma_gemm_i8f32_i8i32_f32_tn_n_tilesize32x64x64_stage6_warpsize2x2x1_tensor16x8x32_by_fusion_tactic
587,__myl_ResMulMea_myl0_587,kgen,[ONNX Layer: /Reshape_184];[ONNX Layer: /q_norm_23/Pow];[ONNX Layer: /q_norm_23/ReduceMean],"[{""name"":""__myln_k_arg__bb1_3251"",""shape"":[1,1,2048],""precision"":""Half""}]","[{""name"":""__myln_k_arg__bb1_3253"",""shape"":[1,1,16,1],""precision"":""Half""},{""name"":""__myln_k_arg__bb1_3252"",""shape"":[1,1,16,128],""precision"":""Half""}]",inputs=Half|outputs=Half;Half,__myl_ResMulMea_0xf2413012cd9ac6341b95d78f3432c656
588,__myl_AddSqrDivMulMulResSliSliNegConMulMulAdd_myl0_588,kgen,[ONNX Layer: /q_norm_23/Add];[ONNX Layer: /q_norm_23/Sqrt];[ONNX Layer: /q_norm_23/Mul];[ONNX Layer: /q_norm_23/Mul_1];[ONNX Layer: /Transpose_115];[ONNX Layer: /Slice_92];[ONNX Layer: /Slice_93];[ONNX Layer: /Concat_280];[ONNX Layer: /Mul_209];[ONNX Layer: /Add_92];[ONNX Layer: /Mul_208];[ONNX Layer: /Neg_46];[ONNX Layer: /q_norm_23/Div],"[{""name"":""__myln_k_arg__bb1_2685"",""shape"":[1,1,1,128],""precision"":""Half""},{""name"":""__myln_k_arg__bb1_2684"",""shape"":[1,1,1,128],""precision"":""Half""},{""name"":""stack_layers_23_self_attn_q_norm_weight _ ONNXTRT_Broadcast_6536_constantHalf"",""shape"":[1,1,1,128],""precision"":""Half""},{""name"":""__myln_k_arg__bb1_3252"",""shape"":[1,1,16,128],""precision"":""Half""},{""name"":""__myln_k_arg__bb1_3253"",""shape"":[1,1,16,1],""precision"":""Half""}]","[{""name"":""/Add_92_output_0'.1"",""shape"":[1,16,1,128],""precision"":""Half""}]",inputs=Half;Half;Half;Half;Half|outputs=Half,__myl_AddSqrDivMulMulResSliSliNegConMulMulAdd_0xf1ba08cc3beaba8ee91b0504be9c2cf4
589,__mye677182_myl0_589,wait,,[],[],inputs=NONE|outputs=NONE,UNKNOWN
590,/MatMul_46_myl0_590,gemm,[ONNX Layer: /MatMul_46],"[{""name"":""/Add_92_output_0'.1"",""shape"":[16,1,128],""precision"":""Half""},{""name"":""shuffle_output_/Reshape_188 _ /Transpose_118_first_transpose_output.1"",""shape"":[16,128,-1],""precision"":""Half""},{""name"":""__mye570447/MatMul_46_alpha"",""shape"":[1],""precision"":""Float""},{""name"":""__mye570448/MatMul_46_beta"",""shape"":[1],""precision"":""Float""}]","[{""name"":""__mye570444"",""shape"":[16,1,-1],""precision"":""Half""}]",inputs=Half;Half;Float;Float|outputs=Half,sm80_xmma_gemm_f16f16_f16f32_f32_nn_n_tilesize32x32x64_stage6_warpsize2x2x1_tensor16x8x16_aligna2_alignc2
591,__myl_MulMaxSubExpSumDivMul_myl0_591,kgen,[ONNX Layer: /Mul_214];[ONNX Layer: /Softmax_23],"[{""name"":""__mye570444"",""shape"":[1,16,1,-1],""precision"":""Half""},{""name"":""__mye66760_proxy.1"",""shape"":[1],""precision"":""Int64""},{""name"":""proxy___mye312316.1"",""shape"":[1],""precision"":""Int64""}]","[{""name"":""/Softmax_23_output'.1"",""shape"":[1,16,1,-1],""precision"":""Half""}]",inputs=Half;Int64;Int64|outputs=Half,__myl_MulMaxSubExpSumDivMul_0x1108f5a078d6e65507c06537b9b2e43f
592,__mye677186_myl0_592,wait,,[],[],inputs=NONE|outputs=NONE,UNKNOWN
593,/MatMul_47_myl0_593,gemm,[ONNX Layer: /MatMul_47],"[{""name"":""/Softmax_23_output'.1"",""shape"":[16,1,-1],""precision"":""Half""},{""name"":""/Expand_47_output_0'.1"",""shape"":[16,-1,128],""precision"":""Half""},{""name"":""__mye570468/MatMul_47_alpha"",""shape"":[1],""precision"":""Float""},{""name"":""__mye570469/MatMul_47_beta"",""shape"":[1],""precision"":""Float""}]","[{""name"":""__myln_k_arg__bb1_3257"",""shape"":[16,1,128],""precision"":""Half""}]",inputs=Half;Half;Float;Float|outputs=Half,sm80_xmma_gemm_f16f16_f16f32_f32_nn_n_tilesize64x128x32_stage5_warpsize2x2x1_tensor16x8x16_aligna2_alignc2
594,__myl_MulMinMaxRouCas_myl0_594,kgen,[ONNX Layer: /o_proj_23/MatMul__a_quant],"[{""name"":""__myln_k_arg__bb1_3257"",""shape"":[16,1,128],""precision"":""Half""}]","[{""name"":""__mye574634_q8"",""shape"":[16,1,128],""precision"":""Int8""}]",inputs=Half|outputs=Int8,__myl_MulMinMaxRouCas_0x36a6981344c30226a5bbeed5f55c92f7
595,__myl_FcCasAdd_myl0_595,fusion,[ONNX Layer: /o_proj_23/MatMul];[ONNX Layer: /o_proj_23/MatMul__a_dequant];[ONNX Layer: /o_proj_23/MatMul__a_quant];[ONNX Layer: /o_proj_23/MatMul__w_dequant];[ONNX Layer: /Add_94],"[{""name"":""hidden_l22"",""shape"":[1,1,1024],""precision"":""Half""},{""name"":""__mye574634_q8"",""shape"":[1,1,2048],""precision"":""Int8""},{""name"":""__mye626424dconst"",""shape"":[1,2048,1024],""precision"":""Int8""}]","[{""name"":""__myln_k_arg__bb1_3259"",""shape"":[1,1,1024],""precision"":""Half""}]",inputs=Half;Int8;Int8|outputs=Half,sm80_xmma_gemm_i8f32_i8i32_f32_tn_n_tilesize32x64x64_stage6_warpsize2x2x1_tensor16x8x32_by_fusion_tactic
596,__myl_MulMeaAddSqrDivMulMulMulMinMaxRouCas_myl0_596,kgen,[ONNX Layer: /post_attention_layernorm_23/Pow];[ONNX Layer: /post_attention_layernorm_23/ReduceMean];[ONNX Layer: /post_attention_layernorm_23/Add];[ONNX Layer: /post_attention_layernorm_23/Div];[ONNX Layer: /post_attention_layernorm_23/Sqrt];[ONNX Layer: /post_attention_layernorm_23/Mul];[ONNX Layer: /post_attention_layernorm_23/Mul_1];[ONNX Layer: /gate_proj_23/MatMul__a_quant],"[{""name"":""stack_layers_23_post_attention_layernorm_weight _ ONNXTRT_Broadcast_6785_constantHalf"",""shape"":[1,1,1024],""precision"":""Half""},{""name"":""__myln_k_arg__bb1_3259"",""shape"":[1,1,1024],""precision"":""Half""},{""name"":""__myln_k_arg__bb1_3259"",""shape"":[1,1,1024],""precision"":""Half""},{""name"":""__myln_k_arg__bb1_3259"",""shape"":[1,1,1024],""precision"":""Half""}]","[{""name"":""__myln_k_arg__bb1_3261"",""shape"":[1,1,1024],""precision"":""Int8""},{""name"":""__myln_k_arg__bb1_3260"",""shape"":[1,1,1024],""precision"":""Half""}]",inputs=Half;Half;Half;Half|outputs=Int8;Half,__myl_MulMeaAddSqrDivMulMulMulMinMaxRouCas_0x6cfe86dd6e4d3c2d552f909cb133c113
597,/up_proj_23/MatMul_myl0_597,gemm,[ONNX Layer: /up_proj_23/MatMul],"[{""name"":""__myln_k_arg__bb1_3260"",""shape"":[1,1,1024],""precision"":""Half""},{""name"":""__mye626429dconst"",""shape"":[1,1024,3072],""precision"":""Half""},{""name"":""__mye570492/up_proj_23/MatMul_alpha"",""shape"":[1],""precision"":""Float""},{""name"":""__mye570493/up_proj_23/MatMul_beta"",""shape"":[1],""precision"":""Float""}]","[{""name"":""__myln_k_arg__bb1_3262"",""shape"":[1,1,3072],""precision"":""Half""}]",inputs=Half;Half;Float;Float|outputs=Half,sm80_xmma_gemm_f16f16_f16f16_f16_tn_n_tilesize32x32x64_stage6_warpsize2x2x1_tensor16x8x16
598,__myl_FcCasNegExpAddDivMulMul_myl0_598,fusion,[ONNX Layer: /gate_proj_23/MatMul];[ONNX Layer: /gate_proj_23/MatMul__a_dequant];[ONNX Layer: /gate_proj_23/MatMul__a_quant];[ONNX Layer: /gate_proj_23/MatMul__w_dequant];[ONNX Layer: /Mul_215];[ONNX Layer: /Mul_216];[ONNX Layer: /Sigmoid_23],"[{""name"":""__myln_k_arg__bb1_3262"",""shape"":[1,1,3072],""precision"":""Half""},{""name"":""__myln_k_arg__bb1_3261"",""shape"":[1,1,1024],""precision"":""Int8""},{""name"":""__mye626434dconst"",""shape"":[1,1024,3072],""precision"":""Int8""}]","[{""name"":""__myln_k_arg__bb1_3263"",""shape"":[1,1,3072],""precision"":""Half""}]",inputs=Half;Int8;Int8|outputs=Half,sm80_xmma_gemm_i8i8_i8i32_f32_tn_n_tilesize32x64x64_stage6_warpsize2x2x1_tensor16x8x32_by_fusion_tactic
599,__myl_FcAdd_myl0_599,fusion,[ONNX Layer: /down_proj_23/MatMul];[ONNX Layer: /Add_95],"[{""name"":""__myln_k_arg__bb1_3259"",""shape"":[1,1,1024],""precision"":""Half""},{""name"":""__myln_k_arg__bb1_3263"",""shape"":[1,1,3072],""precision"":""Half""},{""name"":""onnx__MatMul_8392 _ ONNXTRT_Broadcast_6794_constantHalf"",""shape"":[1,3072,1024],""precision"":""Half""}]","[{""name"":""hidden_l23"",""shape"":[1,1,1024],""precision"":""Half""}]",inputs=Half;Half;Half|outputs=Half,sm80_xmma_gemm_f16f16_f16f16_f16_nn_n_tilesize64x128x32_stage5_warpsize2x2x1_tensor16x8x16_by_fusion_tactic
600,__myl_MulMeaAddSqrDivMulDivMinMaxRouCasDivMinMaxRouCasDivMinMaxRouCas_myl0_600,kgen,[ONNX Layer: /q_proj_24/MatMul__a_quant];[ONNX Layer: /k_proj_24/MatMul__a_quant];[ONNX Layer: /v_proj_24/MatMul__a_quant];[ONNX Layer: /input_layernorm_24/Mul];[ONNX Layer: /input_layernorm_24/Sqrt];[ONNX Layer: /input_layernorm_24/Div];[ONNX Layer: /input_layernorm_24/Add];[ONNX Layer: /input_layernorm_24/ReduceMean];[ONNX Layer: /input_layernorm_24/Pow],"[{""name"":""hidden_l23"",""shape"":[1,1,1024],""precision"":""Half""},{""name"":""hidden_l23"",""shape"":[1,1,1024],""precision"":""Half""},{""name"":""hidden_l23"",""shape"":[1,1,1024],""precision"":""Half""},{""name"":""__mye611415_dconst"",""shape"":[1,1,1024],""precision"":""Half""},{""name"":""__mye611442_dconst"",""shape"":[1,1,1024],""precision"":""Half""},{""name"":""__mye611469_dconst"",""shape"":[1,1,1024],""precision"":""Half""}]","[{""name"":""__myln_k_arg__bb1_3267"",""shape"":[1,1,1024],""precision"":""Int8""},{""name"":""__myln_k_arg__bb1_3266"",""shape"":[1,1,1024],""precision"":""Int8""},{""name"":""__myln_k_arg__bb1_3265"",""shape"":[1,1,1024],""precision"":""Int8""}]",inputs=Half;Half;Half;Half;Half;Half|outputs=Int8;Int8;Int8,__myl_MulMeaAddSqrDivMulDivMinMaxRouCasDivMinMaxRouCasDivMinMaxRouCas_0x9f2c300bb597625319cadec4728f9bc5
601,__mye677188_myl0_601,signal,,[],[],inputs=NONE|outputs=NONE,UNKNOWN
602,__mye677190_myl0_602,wait,,[],[],inputs=NONE|outputs=NONE,UNKNOWN
603,__myl_FcCas_myl0_603,fusion,[ONNX Layer: /v_proj_24/MatMul];[ONNX Layer: /v_proj_24/MatMul__a_dequant];[ONNX Layer: /v_proj_24/MatMul__a_quant];[ONNX Layer: /v_proj_24/MatMul__w_dequant],"[{""name"":""__myln_k_arg__bb1_3267"",""shape"":[1,1,1024],""precision"":""Int8""},{""name"":""__mye626439dconst"",""shape"":[1,1024,1024],""precision"":""Int8""}]","[{""name"":""__myln_k_arg__bb1_3268"",""shape"":[1,1,1024],""precision"":""Half""}]",inputs=Int8;Int8|outputs=Half,sm80_xmma_gemm_i8f32_i8i32_f32_tn_n_tilesize32x64x64_stage6_warpsize2x2x1_tensor16x8x32_by_fusion_tactic
604,__myl_ResConResRep_myl0_604,kgen,[ONNX Layer: /Reshape_194];[ONNX Layer: /Transpose_122];[ONNX Layer: /Unsqueeze_546];[ONNX Layer: /Expand_49];[ONNX Layer: /Concat_295],"[{""name"":""past_v24"",""shape"":[1,8,-1,128],""precision"":""Half""},{""name"":""__myln_k_arg__bb1_3268"",""shape"":[1,1,1024],""precision"":""Half""},{""name"":""proxy___mye675520"",""shape"":[1],""precision"":""Int64""},{""name"":""proxy___mye675565"",""shape"":[1],""precision"":""Int64""},{""name"":""proxy___mye675590"",""shape"":[1],""precision"":""Int64""},{""name"":""__mye66760_proxy.1"",""shape"":[1],""precision"":""Int64""},{""name"":""proxy___mye626576"",""shape"":[1],""precision"":""Int64""},{""name"":""proxy___mye626543"",""shape"":[1],""precision"":""Int64""},{""name"":""proxy___mye626516"",""shape"":[1],""precision"":""Int64""},{""name"":""proxy___mye626483"",""shape"":[1],""precision"":""Int64""},{""name"":""proxy___mye626456"",""shape"":[1],""precision"":""Int64""},{""name"":""proxy___mye434629.1"",""shape"":[1],""precision"":""Int64""},{""name"":""proxy___mye434602.1"",""shape"":[1],""precision"":""Int64""},{""name"":""__mye66752_proxy.1"",""shape"":[1],""precision"":""Int64""},{""name"":""proxy___mye431630.1"",""shape"":[1],""precision"":""Int64""},{""name"":""proxy___mye430368.1"",""shape"":[1],""precision"":""Int64""}]","[{""name"":""present_v24"",""shape"":[1,8,-1,128],""precision"":""Half""},{""name"":""/Expand_49_output_0'.1"",""shape"":[1,8,2,-1,128],""precision"":""Half""}]",inputs=Half;Half;Int64;Int64;Int64;Int64;Int64;Int64;Int64;Int64;Int64;Int64;Int64;Int64;Int64;Int64|outputs=Half;Half,__myl_ResConResRep_0x9d40828c020eb6bb972be950c35191c1
605,__mye677198_myl0_605,signal,,[],[],inputs=NONE|outputs=NONE,UNKNOWN
606,__mye677192_myl0_606,wait,,[],[],inputs=NONE|outputs=NONE,UNKNOWN
607,__myl_FcCas_myl0_607,fusion,[ONNX Layer: /k_proj_24/MatMul];[ONNX Layer: /k_proj_24/MatMul__a_dequant];[ONNX Layer: /k_proj_24/MatMul__a_quant];[ONNX Layer: /k_proj_24/MatMul__w_dequant],"[{""name"":""__myln_k_arg__bb1_3266"",""shape"":[1,1,1024],""precision"":""Int8""},{""name"":""__mye626597dconst"",""shape"":[1,1024,1024],""precision"":""Int8""}]","[{""name"":""__myln_k_arg__bb1_3271"",""shape"":[1,1,1024],""precision"":""Half""}]",inputs=Int8;Int8|outputs=Half,sm80_xmma_gemm_i8f32_i8i32_f32_tn_n_tilesize32x64x64_stage6_warpsize2x2x1_tensor16x8x32_by_fusion_tactic
608,__myl_ResMulMea_myl0_608,kgen,[ONNX Layer: /Reshape_193];[ONNX Layer: /k_norm_24/Pow];[ONNX Layer: /k_norm_24/ReduceMean],"[{""name"":""__myln_k_arg__bb1_3271"",""shape"":[1,1,1024],""precision"":""Half""}]","[{""name"":""__myln_k_arg__bb1_3273"",""shape"":[1,1,8,1],""precision"":""Half""},{""name"":""__myln_k_arg__bb1_3272"",""shape"":[1,1,8,128],""precision"":""Half""}]",inputs=Half|outputs=Half;Half,__myl_ResMulMea_0x3c91498c3beee36a5653966af1581a8a
609,__myl_AddSqrDivMulMulResSliSliNegConMulMulAddConResRepResTra_myl0_609,kgen,[ONNX Layer: /k_norm_24/Add];[ONNX Layer: /k_norm_24/Sqrt];[ONNX Layer: /k_norm_24/Mul];[ONNX Layer: /k_norm_24/Mul_1];[ONNX Layer: /Transpose_121];[ONNX Layer: /Slice_98];[ONNX Layer: /Slice_99];[ONNX Layer: /Concat_293];[ONNX Layer: /Mul_220];[ONNX Layer: /Add_97];[ONNX Layer: /Mul_219];[ONNX Layer: /Unsqueeze_541];[ONNX Layer: /Reshape_196];[ONNX Layer: /Transpose_123];[ONNX Layer: /Expand_48];[ONNX Layer: /Concat_294];[ONNX Layer: /Neg_49];[ONNX Layer: /k_norm_24/Div],"[{""name"":""past_k24"",""shape"":[1,8,-1,128],""precision"":""Half""},{""name"":""__myln_k_arg__bb1_2685"",""shape"":[1,1,1,128],""precision"":""Half""},{""name"":""__myln_k_arg__bb1_2684"",""shape"":[1,1,1,128],""precision"":""Half""},{""name"":""stack_layers_24_self_attn_k_norm_weight _ ONNXTRT_Broadcast_6837_constantHalf"",""shape"":[1,1,1,128],""precision"":""Half""},{""name"":""__myln_k_arg__bb1_3272"",""shape"":[1,1,8,128],""precision"":""Half""},{""name"":""__myln_k_arg__bb1_3273"",""shape"":[1,1,8,1],""precision"":""Half""},{""name"":""proxy___mye675672"",""shape"":[1],""precision"":""Int64""},{""name"":""proxy___mye675711"",""shape"":[1],""precision"":""Int64""},{""name"":""proxy___mye675736"",""shape"":[1],""precision"":""Int64""},{""name"":""__mye66760_proxy.1"",""shape"":[1],""precision"":""Int64""},{""name"":""proxy___mye626859"",""shape"":[1],""precision"":""Int64""},{""name"":""proxy___mye626832"",""shape"":[1],""precision"":""Int64""},{""name"":""proxy___mye626799"",""shape"":[1],""precision"":""Int64""},{""name"":""proxy___mye626772"",""shape"":[1],""precision"":""Int64""},{""name"":""proxy___mye626739"",""shape"":[1],""precision"":""Int64""},{""name"":""proxy___mye626706"",""shape"":[1],""precision"":""Int64""},{""name"":""proxy___mye626679"",""shape"":[1],""precision"":""Int64""},{""name"":""proxy___mye626646"",""shape"":[1],""precision"":""Int64""},{""name"":""proxy___mye626619"",""shape"":[1],""precision"":""Int64""},{""name"":""proxy___mye434689.1"",""shape"":[1],""precision"":""Int64""},{""name"":""proxy___mye434662.1"",""shape"":[1],""precision"":""Int64""},{""name"":""__mye66752_proxy.1"",""shape"":[1],""precision"":""Int64""},{""name"":""proxy___mye430958.1"",""shape"":[1],""precision"":""Int64""},{""name"":""proxy___mye430368.1"",""shape"":[1],""precision"":""Int64""}]","[{""name"":""present_k24"",""shape"":[1,8,-1,128],""precision"":""Half""},{""name"":""shuffle_output_/Reshape_196 _ /Transpose_123_first_transpose_output.1"",""shape"":[1,16,128,-1],""precision"":""Half""}]",inputs=Half;Half;Half;Half;Half;Half;Int64;Int64;Int64;Int64;Int64;Int64;Int64;Int64;Int64;Int64;Int64;Int64;Int64;Int64;Int64;Int64;Int64;Int64|outputs=Half;Half,__myl_AddSqrDivMulMulResSliSliNegConMulMulAddConResRepResTra_0x5aea462b6a819ceadd3ebb32874c078f
610,__mye677194_myl0_610,signal,,[],[],inputs=NONE|outputs=NONE,UNKNOWN
611,__myl_FcCas_myl0_611,fusion,[ONNX Layer: /q_proj_24/MatMul];[ONNX Layer: /q_proj_24/MatMul__a_dequant];[ONNX Layer: /q_proj_24/MatMul__a_quant];[ONNX Layer: /q_proj_24/MatMul__w_dequant],"[{""name"":""__myln_k_arg__bb1_3265"",""shape"":[1,1,1024],""precision"":""Int8""},{""name"":""__mye626602dconst"",""shape"":[1,1024,2048],""precision"":""Int8""}]","[{""name"":""__myln_k_arg__bb1_3276"",""shape"":[1,1,2048],""precision"":""Half""}]",inputs=Int8;Int8|outputs=Half,sm80_xmma_gemm_i8f32_i8i32_f32_tn_n_tilesize32x64x64_stage6_warpsize2x2x1_tensor16x8x32_by_fusion_tactic
612,__myl_ResMulMea_myl0_612,kgen,[ONNX Layer: /Reshape_192];[ONNX Layer: /q_norm_24/Pow];[ONNX Layer: /q_norm_24/ReduceMean],"[{""name"":""__myln_k_arg__bb1_3276"",""shape"":[1,1,2048],""precision"":""Half""}]","[{""name"":""__myln_k_arg__bb1_3278"",""shape"":[1,1,16,1],""precision"":""Half""},{""name"":""__myln_k_arg__bb1_3277"",""shape"":[1,1,16,128],""precision"":""Half""}]",inputs=Half|outputs=Half;Half,__myl_ResMulMea_0xf2413012cd9ac6341b95d78f3432c656
613,__myl_AddSqrDivMulMulResSliSliNegConMulMulAdd_myl0_613,kgen,[ONNX Layer: /q_norm_24/Add];[ONNX Layer: /q_norm_24/Sqrt];[ONNX Layer: /q_norm_24/Mul];[ONNX Layer: /q_norm_24/Mul_1];[ONNX Layer: /Transpose_120];[ONNX Layer: /Slice_96];[ONNX Layer: /Slice_97];[ONNX Layer: /Concat_292];[ONNX Layer: /Mul_218];[ONNX Layer: /Add_96];[ONNX Layer: /Mul_217];[ONNX Layer: /Neg_48];[ONNX Layer: /q_norm_24/Div],"[{""name"":""__myln_k_arg__bb1_2685"",""shape"":[1,1,1,128],""precision"":""Half""},{""name"":""__myln_k_arg__bb1_2684"",""shape"":[1,1,1,128],""precision"":""Half""},{""name"":""stack_layers_24_self_attn_q_norm_weight _ ONNXTRT_Broadcast_6819_constantHalf"",""shape"":[1,1,1,128],""precision"":""Half""},{""name"":""__myln_k_arg__bb1_3277"",""shape"":[1,1,16,128],""precision"":""Half""},{""name"":""__myln_k_arg__bb1_3278"",""shape"":[1,1,16,1],""precision"":""Half""}]","[{""name"":""/Add_96_output_0'.1"",""shape"":[1,16,1,128],""precision"":""Half""}]",inputs=Half;Half;Half;Half;Half|outputs=Half,__myl_AddSqrDivMulMulResSliSliNegConMulMulAdd_0xf1ba08cc3beaba8ee91b0504be9c2cf4
614,__mye677196_myl0_614,wait,,[],[],inputs=NONE|outputs=NONE,UNKNOWN
615,/MatMul_48_myl0_615,gemm,[ONNX Layer: /MatMul_48],"[{""name"":""/Add_96_output_0'.1"",""shape"":[16,1,128],""precision"":""Half""},{""name"":""shuffle_output_/Reshape_196 _ /Transpose_123_first_transpose_output.1"",""shape"":[16,128,-1],""precision"":""Half""},{""name"":""__mye570566/MatMul_48_alpha"",""shape"":[1],""precision"":""Float""},{""name"":""__mye570567/MatMul_48_beta"",""shape"":[1],""precision"":""Float""}]","[{""name"":""__mye570563"",""shape"":[16,1,-1],""precision"":""Half""}]",inputs=Half;Half;Float;Float|outputs=Half,sm80_xmma_gemm_f16f16_f16f32_f32_nn_n_tilesize32x32x64_stage6_warpsize2x2x1_tensor16x8x16_aligna2_alignc2
616,__myl_MulMaxSubExpSumDivMul_myl0_616,kgen,[ONNX Layer: /Mul_223];[ONNX Layer: /Softmax_24],"[{""name"":""__mye570563"",""shape"":[1,16,1,-1],""precision"":""Half""},{""name"":""__mye66760_proxy.1"",""shape"":[1],""precision"":""Int64""},{""name"":""proxy___mye312316.1"",""shape"":[1],""precision"":""Int64""}]","[{""name"":""/Softmax_24_output'.1"",""shape"":[1,16,1,-1],""precision"":""Half""}]",inputs=Half;Int64;Int64|outputs=Half,__myl_MulMaxSubExpSumDivMul_0x1108f5a078d6e65507c06537b9b2e43f
617,__mye677200_myl0_617,wait,,[],[],inputs=NONE|outputs=NONE,UNKNOWN
618,/MatMul_49_myl0_618,gemm,[ONNX Layer: /MatMul_49],"[{""name"":""/Softmax_24_output'.1"",""shape"":[16,1,-1],""precision"":""Half""},{""name"":""/Expand_49_output_0'.1"",""shape"":[16,-1,128],""precision"":""Half""},{""name"":""__mye570587/MatMul_49_alpha"",""shape"":[1],""precision"":""Float""},{""name"":""__mye570588/MatMul_49_beta"",""shape"":[1],""precision"":""Float""}]","[{""name"":""__myln_k_arg__bb1_3282"",""shape"":[16,1,128],""precision"":""Half""}]",inputs=Half;Half;Float;Float|outputs=Half,sm80_xmma_gemm_f16f16_f16f32_f32_nn_n_tilesize64x128x32_stage5_warpsize2x2x1_tensor16x8x16_aligna2_alignc2
619,__myl_MulMinMaxRouCas_myl0_619,kgen,[ONNX Layer: /o_proj_24/MatMul__a_quant],"[{""name"":""__myln_k_arg__bb1_3282"",""shape"":[16,1,128],""precision"":""Half""}]","[{""name"":""__mye574640_q8"",""shape"":[16,1,128],""precision"":""Int8""}]",inputs=Half|outputs=Int8,__myl_MulMinMaxRouCas_0x907030f04aaedcd668915c250cbde546
620,__myl_FcCasAdd_myl0_620,fusion,[ONNX Layer: /o_proj_24/MatMul];[ONNX Layer: /o_proj_24/MatMul__a_dequant];[ONNX Layer: /o_proj_24/MatMul__a_quant];[ONNX Layer: /o_proj_24/MatMul__w_dequant];[ONNX Layer: /Add_98],"[{""name"":""hidden_l23"",""shape"":[1,1,1024],""precision"":""Half""},{""name"":""__mye574640_q8"",""shape"":[1,1,2048],""precision"":""Int8""},{""name"":""__mye626954dconst"",""shape"":[1,2048,1024],""precision"":""Int8""}]","[{""name"":""__myln_k_arg__bb1_3284"",""shape"":[1,1,1024],""precision"":""Half""}]",inputs=Half;Int8;Int8|outputs=Half,sm80_xmma_gemm_i8f32_i8i32_f32_tn_n_tilesize32x64x64_stage6_warpsize2x2x1_tensor16x8x32_by_fusion_tactic
621,__myl_MulMeaAddSqrDivMulMulMulMinMaxRouCas_myl0_621,kgen,[ONNX Layer: /post_attention_layernorm_24/Pow];[ONNX Layer: /post_attention_layernorm_24/ReduceMean];[ONNX Layer: /post_attention_layernorm_24/Add];[ONNX Layer: /post_attention_layernorm_24/Div];[ONNX Layer: /post_attention_layernorm_24/Sqrt];[ONNX Layer: /post_attention_layernorm_24/Mul];[ONNX Layer: /post_attention_layernorm_24/Mul_1];[ONNX Layer: /gate_proj_24/MatMul__a_quant],"[{""name"":""stack_layers_24_post_attention_layernorm_weight _ ONNXTRT_Broadcast_7068_constantHalf"",""shape"":[1,1,1024],""precision"":""Half""},{""name"":""__myln_k_arg__bb1_3284"",""shape"":[1,1,1024],""precision"":""Half""},{""name"":""__myln_k_arg__bb1_3284"",""shape"":[1,1,1024],""precision"":""Half""},{""name"":""__myln_k_arg__bb1_3284"",""shape"":[1,1,1024],""precision"":""Half""}]","[{""name"":""__myln_k_arg__bb1_3286"",""shape"":[1,1,1024],""precision"":""Int8""},{""name"":""__myln_k_arg__bb1_3285"",""shape"":[1,1,1024],""precision"":""Half""}]",inputs=Half;Half;Half;Half|outputs=Int8;Half,__myl_MulMeaAddSqrDivMulMulMulMinMaxRouCas_0x6cfe86dd6e4d3c2d552f909cb133c113
622,/up_proj_24/MatMul_myl0_622,gemm,[ONNX Layer: /up_proj_24/MatMul],"[{""name"":""__myln_k_arg__bb1_3285"",""shape"":[1,1,1024],""precision"":""Half""},{""name"":""__mye626959dconst"",""shape"":[1,1024,3072],""precision"":""Half""},{""name"":""__mye570611/up_proj_24/MatMul_alpha"",""shape"":[1],""precision"":""Float""},{""name"":""__mye570612/up_proj_24/MatMul_beta"",""shape"":[1],""precision"":""Float""}]","[{""name"":""__myln_k_arg__bb1_3287"",""shape"":[1,1,3072],""precision"":""Half""}]",inputs=Half;Half;Float;Float|outputs=Half,sm80_xmma_gemm_f16f16_f16f16_f16_tn_n_tilesize32x32x64_stage6_warpsize2x2x1_tensor16x8x16
623,__myl_FcCasNegExpAddDivMulMul_myl0_623,fusion,[ONNX Layer: /gate_proj_24/MatMul];[ONNX Layer: /gate_proj_24/MatMul__a_dequant];[ONNX Layer: /gate_proj_24/MatMul__a_quant];[ONNX Layer: /gate_proj_24/MatMul__w_dequant];[ONNX Layer: /Mul_224];[ONNX Layer: /Mul_225];[ONNX Layer: /Sigmoid_24],"[{""name"":""__myln_k_arg__bb1_3287"",""shape"":[1,1,3072],""precision"":""Half""},{""name"":""__myln_k_arg__bb1_3286"",""shape"":[1,1,1024],""precision"":""Int8""},{""name"":""__mye626964dconst"",""shape"":[1,1024,3072],""precision"":""Int8""}]","[{""name"":""__myln_k_arg__bb1_3288"",""shape"":[1,1,3072],""precision"":""Half""}]",inputs=Half;Int8;Int8|outputs=Half,sm80_xmma_gemm_i8i8_i8i32_f32_tn_n_tilesize32x64x64_stage6_warpsize2x2x1_tensor16x8x32_by_fusion_tactic
624,__myl_FcAdd_myl0_624,fusion,[ONNX Layer: /down_proj_24/MatMul];[ONNX Layer: /Add_99],"[{""name"":""__myln_k_arg__bb1_3284"",""shape"":[1,1,1024],""precision"":""Half""},{""name"":""__myln_k_arg__bb1_3288"",""shape"":[1,1,3072],""precision"":""Half""},{""name"":""onnx__MatMul_8428 _ ONNXTRT_Broadcast_7077_constantHalf"",""shape"":[1,3072,1024],""precision"":""Half""}]","[{""name"":""hidden_l24"",""shape"":[1,1,1024],""precision"":""Half""}]",inputs=Half;Half;Half|outputs=Half,sm80_xmma_gemm_f16f16_f16f16_f16_nn_n_tilesize64x128x32_stage5_warpsize2x2x1_tensor16x8x16_by_fusion_tactic
625,__myl_MulMeaAddSqrDivMulDivMinMaxRouCasDivMinMaxRouCasDivMinMaxRouCas_myl0_625,kgen,[ONNX Layer: /q_proj_25/MatMul__a_quant];[ONNX Layer: /k_proj_25/MatMul__a_quant];[ONNX Layer: /v_proj_25/MatMul__a_quant];[ONNX Layer: /input_layernorm_25/Mul];[ONNX Layer: /input_layernorm_25/Sqrt];[ONNX Layer: /input_layernorm_25/Div];[ONNX Layer: /input_layernorm_25/Add];[ONNX Layer: /input_layernorm_25/ReduceMean];[ONNX Layer: /input_layernorm_25/Pow],"[{""name"":""hidden_l24"",""shape"":[1,1,1024],""precision"":""Half""},{""name"":""hidden_l24"",""shape"":[1,1,1024],""precision"":""Half""},{""name"":""hidden_l24"",""shape"":[1,1,1024],""precision"":""Half""},{""name"":""__mye611540_dconst"",""shape"":[1,1,1024],""precision"":""Half""},{""name"":""__mye611567_dconst"",""shape"":[1,1,1024],""precision"":""Half""},{""name"":""__mye611594_dconst"",""shape"":[1,1,1024],""precision"":""Half""}]","[{""name"":""__myln_k_arg__bb1_3292"",""shape"":[1,1,1024],""precision"":""Int8""},{""name"":""__myln_k_arg__bb1_3291"",""shape"":[1,1,1024],""precision"":""Int8""},{""name"":""__myln_k_arg__bb1_3290"",""shape"":[1,1,1024],""precision"":""Int8""}]",inputs=Half;Half;Half;Half;Half;Half|outputs=Int8;Int8;Int8,__myl_MulMeaAddSqrDivMulDivMinMaxRouCasDivMinMaxRouCasDivMinMaxRouCas_0x9f2c300bb597625319cadec4728f9bc5
626,__mye677202_myl0_626,signal,,[],[],inputs=NONE|outputs=NONE,UNKNOWN
627,__mye677204_myl0_627,wait,,[],[],inputs=NONE|outputs=NONE,UNKNOWN
628,__myl_FcCas_myl0_628,fusion,[ONNX Layer: /v_proj_25/MatMul];[ONNX Layer: /v_proj_25/MatMul__a_dequant];[ONNX Layer: /v_proj_25/MatMul__a_quant];[ONNX Layer: /v_proj_25/MatMul__w_dequant],"[{""name"":""__myln_k_arg__bb1_3292"",""shape"":[1,1,1024],""precision"":""Int8""},{""name"":""__mye626969dconst"",""shape"":[1,1024,1024],""precision"":""Int8""}]","[{""name"":""__myln_k_arg__bb1_3293"",""shape"":[1,1,1024],""precision"":""Half""}]",inputs=Int8;Int8|outputs=Half,sm80_xmma_gemm_i8f32_i8i32_f32_tn_n_tilesize32x64x64_stage6_warpsize2x2x1_tensor16x8x32_by_fusion_tactic
629,__myl_ResConResRep_myl0_629,kgen,[ONNX Layer: /Reshape_202];[ONNX Layer: /Transpose_127];[ONNX Layer: /Unsqueeze_568];[ONNX Layer: /Expand_51];[ONNX Layer: /Concat_307],"[{""name"":""past_v25"",""shape"":[1,8,-1,128],""precision"":""Half""},{""name"":""__myln_k_arg__bb1_3293"",""shape"":[1,1,1024],""precision"":""Half""},{""name"":""proxy___mye675858"",""shape"":[1],""precision"":""Int64""},{""name"":""proxy___mye675903"",""shape"":[1],""precision"":""Int64""},{""name"":""proxy___mye675928"",""shape"":[1],""precision"":""Int64""},{""name"":""__mye66760_proxy.1"",""shape"":[1],""precision"":""Int64""},{""name"":""proxy___mye627106"",""shape"":[1],""precision"":""Int64""},{""name"":""proxy___mye627073"",""shape"":[1],""precision"":""Int64""},{""name"":""proxy___mye627046"",""shape"":[1],""precision"":""Int64""},{""name"":""proxy___mye627013"",""shape"":[1],""precision"":""Int64""},{""name"":""proxy___mye626986"",""shape"":[1],""precision"":""Int64""},{""name"":""proxy___mye434749.1"",""shape"":[1],""precision"":""Int64""},{""name"":""proxy___mye434722.1"",""shape"":[1],""precision"":""Int64""},{""name"":""__mye66752_proxy.1"",""shape"":[1],""precision"":""Int64""},{""name"":""proxy___mye431654.1"",""shape"":[1],""precision"":""Int64""},{""name"":""proxy___mye430368.1"",""shape"":[1],""precision"":""Int64""}]","[{""name"":""present_v25"",""shape"":[1,8,-1,128],""precision"":""Half""},{""name"":""/Expand_51_output_0'.1"",""shape"":[1,8,2,-1,128],""precision"":""Half""}]",inputs=Half;Half;Int64;Int64;Int64;Int64;Int64;Int64;Int64;Int64;Int64;Int64;Int64;Int64;Int64;Int64|outputs=Half;Half,__myl_ResConResRep_0x9d40828c020eb6bb972be950c35191c1
630,__mye677212_myl0_630,signal,,[],[],inputs=NONE|outputs=NONE,UNKNOWN
631,__mye677206_myl0_631,wait,,[],[],inputs=NONE|outputs=NONE,UNKNOWN
632,__myl_FcCas_myl0_632,fusion,[ONNX Layer: /k_proj_25/MatMul];[ONNX Layer: /k_proj_25/MatMul__a_dequant];[ONNX Layer: /k_proj_25/MatMul__a_quant];[ONNX Layer: /k_proj_25/MatMul__w_dequant],"[{""name"":""__myln_k_arg__bb1_3291"",""shape"":[1,1,1024],""precision"":""Int8""},{""name"":""__mye627127dconst"",""shape"":[1,1024,1024],""precision"":""Int8""}]","[{""name"":""__myln_k_arg__bb1_3296"",""shape"":[1,1,1024],""precision"":""Half""}]",inputs=Int8;Int8|outputs=Half,sm80_xmma_gemm_i8f32_i8i32_f32_tn_n_tilesize32x64x64_stage6_warpsize2x2x1_tensor16x8x32_by_fusion_tactic
633,__myl_ResMulMea_myl0_633,kgen,[ONNX Layer: /Reshape_201];[ONNX Layer: /k_norm_25/Pow];[ONNX Layer: /k_norm_25/ReduceMean],"[{""name"":""__myln_k_arg__bb1_3296"",""shape"":[1,1,1024],""precision"":""Half""}]","[{""name"":""__myln_k_arg__bb1_3298"",""shape"":[1,1,8,1],""precision"":""Half""},{""name"":""__myln_k_arg__bb1_3297"",""shape"":[1,1,8,128],""precision"":""Half""}]",inputs=Half|outputs=Half;Half,__myl_ResMulMea_0x3c91498c3beee36a5653966af1581a8a
634,__myl_AddSqrDivMulMulResSliSliNegConMulMulAddConResRepResTra_myl0_634,kgen,[ONNX Layer: /k_norm_25/Add];[ONNX Layer: /k_norm_25/Sqrt];[ONNX Layer: /k_norm_25/Mul];[ONNX Layer: /k_norm_25/Mul_1];[ONNX Layer: /Transpose_126];[ONNX Layer: /Slice_102];[ONNX Layer: /Slice_103];[ONNX Layer: /Concat_305];[ONNX Layer: /Mul_229];[ONNX Layer: /Add_101];[ONNX Layer: /Mul_228];[ONNX Layer: /Unsqueeze_563];[ONNX Layer: /Reshape_204];[ONNX Layer: /Transpose_128];[ONNX Layer: /Expand_50];[ONNX Layer: /Concat_306];[ONNX Layer: /Neg_51];[ONNX Layer: /k_norm_25/Div],"[{""name"":""past_k25"",""shape"":[1,8,-1,128],""precision"":""Half""},{""name"":""__myln_k_arg__bb1_2685"",""shape"":[1,1,1,128],""precision"":""Half""},{""name"":""__myln_k_arg__bb1_2684"",""shape"":[1,1,1,128],""precision"":""Half""},{""name"":""stack_layers_25_self_attn_k_norm_weight _ ONNXTRT_Broadcast_7120_constantHalf"",""shape"":[1,1,1,128],""precision"":""Half""},{""name"":""__myln_k_arg__bb1_3297"",""shape"":[1,1,8,128],""precision"":""Half""},{""name"":""__myln_k_arg__bb1_3298"",""shape"":[1,1,8,1],""precision"":""Half""},{""name"":""proxy___mye676010"",""shape"":[1],""precision"":""Int64""},{""name"":""proxy___mye676049"",""shape"":[1],""precision"":""Int64""},{""name"":""proxy___mye676074"",""shape"":[1],""precision"":""Int64""},{""name"":""__mye66760_proxy.1"",""shape"":[1],""precision"":""Int64""},{""name"":""proxy___mye627389"",""shape"":[1],""precision"":""Int64""},{""name"":""proxy___mye627362"",""shape"":[1],""precision"":""Int64""},{""name"":""proxy___mye627329"",""shape"":[1],""precision"":""Int64""},{""name"":""proxy___mye627302"",""shape"":[1],""precision"":""Int64""},{""name"":""proxy___mye627269"",""shape"":[1],""precision"":""Int64""},{""name"":""proxy___mye627236"",""shape"":[1],""precision"":""Int64""},{""name"":""proxy___mye627209"",""shape"":[1],""precision"":""Int64""},{""name"":""proxy___mye627176"",""shape"":[1],""precision"":""Int64""},{""name"":""proxy___mye627149"",""shape"":[1],""precision"":""Int64""},{""name"":""proxy___mye434809.1"",""shape"":[1],""precision"":""Int64""},{""name"":""proxy___mye434782.1"",""shape"":[1],""precision"":""Int64""},{""name"":""__mye66752_proxy.1"",""shape"":[1],""precision"":""Int64""},{""name"":""proxy___mye430982.1"",""shape"":[1],""precision"":""Int64""},{""name"":""proxy___mye430368.1"",""shape"":[1],""precision"":""Int64""}]","[{""name"":""present_k25"",""shape"":[1,8,-1,128],""precision"":""Half""},{""name"":""shuffle_output_/Reshape_204 _ /Transpose_128_first_transpose_output.1"",""shape"":[1,16,128,-1],""precision"":""Half""}]",inputs=Half;Half;Half;Half;Half;Half;Int64;Int64;Int64;Int64;Int64;Int64;Int64;Int64;Int64;Int64;Int64;Int64;Int64;Int64;Int64;Int64;Int64;Int64|outputs=Half;Half,__myl_AddSqrDivMulMulResSliSliNegConMulMulAddConResRepResTra_0x5aea462b6a819ceadd3ebb32874c078f
635,__mye677208_myl0_635,signal,,[],[],inputs=NONE|outputs=NONE,UNKNOWN
636,__myl_FcCas_myl0_636,fusion,[ONNX Layer: /q_proj_25/MatMul];[ONNX Layer: /q_proj_25/MatMul__a_dequant];[ONNX Layer: /q_proj_25/MatMul__a_quant];[ONNX Layer: /q_proj_25/MatMul__w_dequant],"[{""name"":""__myln_k_arg__bb1_3290"",""shape"":[1,1,1024],""precision"":""Int8""},{""name"":""__mye627132dconst"",""shape"":[1,1024,2048],""precision"":""Int8""}]","[{""name"":""__myln_k_arg__bb1_3301"",""shape"":[1,1,2048],""precision"":""Half""}]",inputs=Int8;Int8|outputs=Half,sm80_xmma_gemm_i8f32_i8i32_f32_tn_n_tilesize32x64x64_stage6_warpsize2x2x1_tensor16x8x32_by_fusion_tactic
637,__myl_ResMulMea_myl0_637,kgen,[ONNX Layer: /Reshape_200];[ONNX Layer: /q_norm_25/Pow];[ONNX Layer: /q_norm_25/ReduceMean],"[{""name"":""__myln_k_arg__bb1_3301"",""shape"":[1,1,2048],""precision"":""Half""}]","[{""name"":""__myln_k_arg__bb1_3303"",""shape"":[1,1,16,1],""precision"":""Half""},{""name"":""__myln_k_arg__bb1_3302"",""shape"":[1,1,16,128],""precision"":""Half""}]",inputs=Half|outputs=Half;Half,__myl_ResMulMea_0xf2413012cd9ac6341b95d78f3432c656
638,__myl_AddSqrDivMulMulResSliSliNegConMulMulAdd_myl0_638,kgen,[ONNX Layer: /q_norm_25/Add];[ONNX Layer: /q_norm_25/Sqrt];[ONNX Layer: /q_norm_25/Mul];[ONNX Layer: /q_norm_25/Mul_1];[ONNX Layer: /Transpose_125];[ONNX Layer: /Slice_100];[ONNX Layer: /Slice_101];[ONNX Layer: /Concat_304];[ONNX Layer: /Mul_227];[ONNX Layer: /Add_100];[ONNX Layer: /Mul_226];[ONNX Layer: /Neg_50];[ONNX Layer: /q_norm_25/Div],"[{""name"":""__myln_k_arg__bb1_2685"",""shape"":[1,1,1,128],""precision"":""Half""},{""name"":""__myln_k_arg__bb1_2684"",""shape"":[1,1,1,128],""precision"":""Half""},{""name"":""stack_layers_25_self_attn_q_norm_weight _ ONNXTRT_Broadcast_7102_constantHalf"",""shape"":[1,1,1,128],""precision"":""Half""},{""name"":""__myln_k_arg__bb1_3302"",""shape"":[1,1,16,128],""precision"":""Half""},{""name"":""__myln_k_arg__bb1_3303"",""shape"":[1,1,16,1],""precision"":""Half""}]","[{""name"":""/Add_100_output_0'.1"",""shape"":[1,16,1,128],""precision"":""Half""}]",inputs=Half;Half;Half;Half;Half|outputs=Half,__myl_AddSqrDivMulMulResSliSliNegConMulMulAdd_0xf1ba08cc3beaba8ee91b0504be9c2cf4
639,__mye677210_myl0_639,wait,,[],[],inputs=NONE|outputs=NONE,UNKNOWN
640,/MatMul_50_myl0_640,gemm,[ONNX Layer: /MatMul_50],"[{""name"":""/Add_100_output_0'.1"",""shape"":[16,1,128],""precision"":""Half""},{""name"":""shuffle_output_/Reshape_204 _ /Transpose_128_first_transpose_output.1"",""shape"":[16,128,-1],""precision"":""Half""},{""name"":""__mye570685/MatMul_50_alpha"",""shape"":[1],""precision"":""Float""},{""name"":""__mye570686/MatMul_50_beta"",""shape"":[1],""precision"":""Float""}]","[{""name"":""__mye570682"",""shape"":[16,1,-1],""precision"":""Half""}]",inputs=Half;Half;Float;Float|outputs=Half,sm80_xmma_gemm_f16f16_f16f32_f32_nn_n_tilesize32x32x64_stage6_warpsize2x2x1_tensor16x8x16_aligna2_alignc2
641,__myl_MulMaxSubExpSumDivMul_myl0_641,kgen,[ONNX Layer: /Mul_232];[ONNX Layer: /Softmax_25],"[{""name"":""__mye570682"",""shape"":[1,16,1,-1],""precision"":""Half""},{""name"":""__mye66760_proxy.1"",""shape"":[1],""precision"":""Int64""},{""name"":""proxy___mye312316.1"",""shape"":[1],""precision"":""Int64""}]","[{""name"":""/Softmax_25_output'.1"",""shape"":[1,16,1,-1],""precision"":""Half""}]",inputs=Half;Int64;Int64|outputs=Half,__myl_MulMaxSubExpSumDivMul_0x1108f5a078d6e65507c06537b9b2e43f
642,__mye677214_myl0_642,wait,,[],[],inputs=NONE|outputs=NONE,UNKNOWN
643,/MatMul_51_myl0_643,gemm,[ONNX Layer: /MatMul_51],"[{""name"":""/Softmax_25_output'.1"",""shape"":[16,1,-1],""precision"":""Half""},{""name"":""/Expand_51_output_0'.1"",""shape"":[16,-1,128],""precision"":""Half""},{""name"":""__mye570706/MatMul_51_alpha"",""shape"":[1],""precision"":""Float""},{""name"":""__mye570707/MatMul_51_beta"",""shape"":[1],""precision"":""Float""}]","[{""name"":""__myln_k_arg__bb1_3307"",""shape"":[16,1,128],""precision"":""Half""}]",inputs=Half;Half;Float;Float|outputs=Half,sm80_xmma_gemm_f16f16_f16f32_f32_nn_n_tilesize64x128x32_stage5_warpsize2x2x1_tensor16x8x16_aligna2_alignc2
644,__myl_MulMinMaxRouCas_myl0_644,kgen,[ONNX Layer: /o_proj_25/MatMul__a_quant],"[{""name"":""__myln_k_arg__bb1_3307"",""shape"":[16,1,128],""precision"":""Half""}]","[{""name"":""__mye574646_q8"",""shape"":[16,1,128],""precision"":""Int8""}]",inputs=Half|outputs=Int8,__myl_MulMinMaxRouCas_0x9ee6ac5b9454da6749214d07f11973df
645,__myl_FcCasAdd_myl0_645,fusion,[ONNX Layer: /o_proj_25/MatMul];[ONNX Layer: /o_proj_25/MatMul__a_dequant];[ONNX Layer: /o_proj_25/MatMul__a_quant];[ONNX Layer: /o_proj_25/MatMul__w_dequant];[ONNX Layer: /Add_102],"[{""name"":""hidden_l24"",""shape"":[1,1,1024],""precision"":""Half""},{""name"":""__mye574646_q8"",""shape"":[1,1,2048],""precision"":""Int8""},{""name"":""__mye627484dconst"",""shape"":[1,2048,1024],""precision"":""Int8""}]","[{""name"":""__myln_k_arg__bb1_3309"",""shape"":[1,1,1024],""precision"":""Half""}]",inputs=Half;Int8;Int8|outputs=Half,sm80_xmma_gemm_i8f32_i8i32_f32_tn_n_tilesize32x64x64_stage6_warpsize2x2x1_tensor16x8x32_by_fusion_tactic
646,__myl_MulMeaAddSqrDivMulMulMulMinMaxRouCas_myl0_646,kgen,[ONNX Layer: /post_attention_layernorm_25/Pow];[ONNX Layer: /post_attention_layernorm_25/ReduceMean];[ONNX Layer: /post_attention_layernorm_25/Add];[ONNX Layer: /post_attention_layernorm_25/Div];[ONNX Layer: /post_attention_layernorm_25/Sqrt];[ONNX Layer: /post_attention_layernorm_25/Mul];[ONNX Layer: /post_attention_layernorm_25/Mul_1];[ONNX Layer: /gate_proj_25/MatMul__a_quant],"[{""name"":""stack_layers_25_post_attention_layernorm_weight _ ONNXTRT_Broadcast_7351_constantHalf"",""shape"":[1,1,1024],""precision"":""Half""},{""name"":""__myln_k_arg__bb1_3309"",""shape"":[1,1,1024],""precision"":""Half""},{""name"":""__myln_k_arg__bb1_3309"",""shape"":[1,1,1024],""precision"":""Half""},{""name"":""__myln_k_arg__bb1_3309"",""shape"":[1,1,1024],""precision"":""Half""}]","[{""name"":""__myln_k_arg__bb1_3311"",""shape"":[1,1,1024],""precision"":""Int8""},{""name"":""__myln_k_arg__bb1_3310"",""shape"":[1,1,1024],""precision"":""Half""}]",inputs=Half;Half;Half;Half|outputs=Int8;Half,__myl_MulMeaAddSqrDivMulMulMulMinMaxRouCas_0xd65f433ff7b34abefa6995ce894b46a3
647,/up_proj_25/MatMul_myl0_647,gemm,[ONNX Layer: /up_proj_25/MatMul],"[{""name"":""__myln_k_arg__bb1_3310"",""shape"":[1,1,1024],""precision"":""Half""},{""name"":""__mye627489dconst"",""shape"":[1,1024,3072],""precision"":""Half""},{""name"":""__mye570730/up_proj_25/MatMul_alpha"",""shape"":[1],""precision"":""Float""},{""name"":""__mye570731/up_proj_25/MatMul_beta"",""shape"":[1],""precision"":""Float""}]","[{""name"":""__myln_k_arg__bb1_3312"",""shape"":[1,1,3072],""precision"":""Half""}]",inputs=Half;Half;Float;Float|outputs=Half,sm80_xmma_gemm_f16f16_f16f16_f16_tn_n_tilesize32x32x64_stage6_warpsize2x2x1_tensor16x8x16
648,__myl_FcCasNegExpAddDivMulMul_myl0_648,fusion,[ONNX Layer: /gate_proj_25/MatMul];[ONNX Layer: /gate_proj_25/MatMul__a_dequant];[ONNX Layer: /gate_proj_25/MatMul__a_quant];[ONNX Layer: /gate_proj_25/MatMul__w_dequant];[ONNX Layer: /Mul_233];[ONNX Layer: /Mul_234];[ONNX Layer: /Sigmoid_25],"[{""name"":""__myln_k_arg__bb1_3312"",""shape"":[1,1,3072],""precision"":""Half""},{""name"":""__myln_k_arg__bb1_3311"",""shape"":[1,1,1024],""precision"":""Int8""},{""name"":""__mye627494dconst"",""shape"":[1,1024,3072],""precision"":""Int8""}]","[{""name"":""__myln_k_arg__bb1_3313"",""shape"":[1,1,3072],""precision"":""Half""}]",inputs=Half;Int8;Int8|outputs=Half,sm80_xmma_gemm_i8i8_i8i32_f32_tn_n_tilesize32x64x64_stage6_warpsize2x2x1_tensor16x8x32_by_fusion_tactic
649,__myl_FcAdd_myl0_649,fusion,[ONNX Layer: /down_proj_25/MatMul];[ONNX Layer: /Add_103],"[{""name"":""__myln_k_arg__bb1_3309"",""shape"":[1,1,1024],""precision"":""Half""},{""name"":""__myln_k_arg__bb1_3313"",""shape"":[1,1,3072],""precision"":""Half""},{""name"":""onnx__MatMul_8464 _ ONNXTRT_Broadcast_7360_constantHalf"",""shape"":[1,3072,1024],""precision"":""Half""}]","[{""name"":""hidden_l25"",""shape"":[1,1,1024],""precision"":""Half""}]",inputs=Half;Half;Half|outputs=Half,sm80_xmma_gemm_f16f16_f16f16_f16_nn_n_tilesize64x128x32_stage5_warpsize2x2x1_tensor16x8x16_by_fusion_tactic
650,__myl_MulMeaAddSqrDivMulDivMinMaxRouCasDivMinMaxRouCasDivMinMaxRouCas_myl0_650,kgen,[ONNX Layer: /q_proj_26/MatMul__a_quant];[ONNX Layer: /k_proj_26/MatMul__a_quant];[ONNX Layer: /v_proj_26/MatMul__a_quant];[ONNX Layer: /input_layernorm_26/Mul];[ONNX Layer: /input_layernorm_26/Sqrt];[ONNX Layer: /input_layernorm_26/Div];[ONNX Layer: /input_layernorm_26/Add];[ONNX Layer: /input_layernorm_26/ReduceMean];[ONNX Layer: /input_layernorm_26/Pow],"[{""name"":""hidden_l25"",""shape"":[1,1,1024],""precision"":""Half""},{""name"":""hidden_l25"",""shape"":[1,1,1024],""precision"":""Half""},{""name"":""hidden_l25"",""shape"":[1,1,1024],""precision"":""Half""},{""name"":""__mye611665_dconst"",""shape"":[1,1,1024],""precision"":""Half""},{""name"":""__mye611692_dconst"",""shape"":[1,1,1024],""precision"":""Half""},{""name"":""__mye611719_dconst"",""shape"":[1,1,1024],""precision"":""Half""}]","[{""name"":""__myln_k_arg__bb1_3317"",""shape"":[1,1,1024],""precision"":""Int8""},{""name"":""__myln_k_arg__bb1_3316"",""shape"":[1,1,1024],""precision"":""Int8""},{""name"":""__myln_k_arg__bb1_3315"",""shape"":[1,1,1024],""precision"":""Int8""}]",inputs=Half;Half;Half;Half;Half;Half|outputs=Int8;Int8;Int8,__myl_MulMeaAddSqrDivMulDivMinMaxRouCasDivMinMaxRouCasDivMinMaxRouCas_0x9f2c300bb597625319cadec4728f9bc5
651,__mye677216_myl0_651,signal,,[],[],inputs=NONE|outputs=NONE,UNKNOWN
652,__mye677218_myl0_652,wait,,[],[],inputs=NONE|outputs=NONE,UNKNOWN
653,__myl_FcCas_myl0_653,fusion,[ONNX Layer: /v_proj_26/MatMul];[ONNX Layer: /v_proj_26/MatMul__a_dequant];[ONNX Layer: /v_proj_26/MatMul__a_quant];[ONNX Layer: /v_proj_26/MatMul__w_dequant],"[{""name"":""__myln_k_arg__bb1_3317"",""shape"":[1,1,1024],""precision"":""Int8""},{""name"":""__mye627499dconst"",""shape"":[1,1024,1024],""precision"":""Int8""}]","[{""name"":""__myln_k_arg__bb1_3318"",""shape"":[1,1,1024],""precision"":""Half""}]",inputs=Int8;Int8|outputs=Half,sm80_xmma_gemm_i8f32_i8i32_f32_tn_n_tilesize32x64x64_stage6_warpsize2x2x1_tensor16x8x32_by_fusion_tactic
654,__myl_ResConResRep_myl0_654,kgen,[ONNX Layer: /Reshape_210];[ONNX Layer: /Transpose_132];[ONNX Layer: /Unsqueeze_590];[ONNX Layer: /Expand_53];[ONNX Layer: /Concat_319],"[{""name"":""past_v26"",""shape"":[1,8,-1,128],""precision"":""Half""},{""name"":""__myln_k_arg__bb1_3318"",""shape"":[1,1,1024],""precision"":""Half""},{""name"":""proxy___mye676196"",""shape"":[1],""precision"":""Int64""},{""name"":""proxy___mye676241"",""shape"":[1],""precision"":""Int64""},{""name"":""proxy___mye676266"",""shape"":[1],""precision"":""Int64""},{""name"":""__mye66760_proxy.1"",""shape"":[1],""precision"":""Int64""},{""name"":""proxy___mye627636"",""shape"":[1],""precision"":""Int64""},{""name"":""proxy___mye627603"",""shape"":[1],""precision"":""Int64""},{""name"":""proxy___mye627576"",""shape"":[1],""precision"":""Int64""},{""name"":""proxy___mye627543"",""shape"":[1],""precision"":""Int64""},{""name"":""proxy___mye627516"",""shape"":[1],""precision"":""Int64""},{""name"":""proxy___mye434869.1"",""shape"":[1],""precision"":""Int64""},{""name"":""proxy___mye434842.1"",""shape"":[1],""precision"":""Int64""},{""name"":""__mye66752_proxy.1"",""shape"":[1],""precision"":""Int64""},{""name"":""proxy___mye431678.1"",""shape"":[1],""precision"":""Int64""},{""name"":""proxy___mye430368.1"",""shape"":[1],""precision"":""Int64""}]","[{""name"":""present_v26"",""shape"":[1,8,-1,128],""precision"":""Half""},{""name"":""/Expand_53_output_0'.1"",""shape"":[1,8,2,-1,128],""precision"":""Half""}]",inputs=Half;Half;Int64;Int64;Int64;Int64;Int64;Int64;Int64;Int64;Int64;Int64;Int64;Int64;Int64;Int64|outputs=Half;Half,__myl_ResConResRep_0x9d40828c020eb6bb972be950c35191c1
655,__mye677226_myl0_655,signal,,[],[],inputs=NONE|outputs=NONE,UNKNOWN
656,__mye677220_myl0_656,wait,,[],[],inputs=NONE|outputs=NONE,UNKNOWN
657,__myl_FcCas_myl0_657,fusion,[ONNX Layer: /k_proj_26/MatMul];[ONNX Layer: /k_proj_26/MatMul__a_dequant];[ONNX Layer: /k_proj_26/MatMul__a_quant];[ONNX Layer: /k_proj_26/MatMul__w_dequant],"[{""name"":""__myln_k_arg__bb1_3316"",""shape"":[1,1,1024],""precision"":""Int8""},{""name"":""__mye627657dconst"",""shape"":[1,1024,1024],""precision"":""Int8""}]","[{""name"":""__myln_k_arg__bb1_3321"",""shape"":[1,1,1024],""precision"":""Half""}]",inputs=Int8;Int8|outputs=Half,sm80_xmma_gemm_i8f32_i8i32_f32_tn_n_tilesize32x64x64_stage6_warpsize2x2x1_tensor16x8x32_by_fusion_tactic
658,__myl_ResMulMea_myl0_658,kgen,[ONNX Layer: /Reshape_209];[ONNX Layer: /k_norm_26/Pow];[ONNX Layer: /k_norm_26/ReduceMean],"[{""name"":""__myln_k_arg__bb1_3321"",""shape"":[1,1,1024],""precision"":""Half""}]","[{""name"":""__myln_k_arg__bb1_3323"",""shape"":[1,1,8,1],""precision"":""Half""},{""name"":""__myln_k_arg__bb1_3322"",""shape"":[1,1,8,128],""precision"":""Half""}]",inputs=Half|outputs=Half;Half,__myl_ResMulMea_0x3c91498c3beee36a5653966af1581a8a
659,__myl_AddSqrDivMulMulResSliSliNegConMulMulAddConResRepResTra_myl0_659,kgen,[ONNX Layer: /k_norm_26/Add];[ONNX Layer: /k_norm_26/Sqrt];[ONNX Layer: /k_norm_26/Mul];[ONNX Layer: /k_norm_26/Mul_1];[ONNX Layer: /Transpose_131];[ONNX Layer: /Slice_106];[ONNX Layer: /Slice_107];[ONNX Layer: /Concat_317];[ONNX Layer: /Mul_238];[ONNX Layer: /Add_105];[ONNX Layer: /Mul_237];[ONNX Layer: /Unsqueeze_585];[ONNX Layer: /Reshape_212];[ONNX Layer: /Transpose_133];[ONNX Layer: /Expand_52];[ONNX Layer: /Concat_318];[ONNX Layer: /Neg_53];[ONNX Layer: /k_norm_26/Div],"[{""name"":""past_k26"",""shape"":[1,8,-1,128],""precision"":""Half""},{""name"":""__myln_k_arg__bb1_2685"",""shape"":[1,1,1,128],""precision"":""Half""},{""name"":""__myln_k_arg__bb1_2684"",""shape"":[1,1,1,128],""precision"":""Half""},{""name"":""stack_layers_26_self_attn_k_norm_weight _ ONNXTRT_Broadcast_7403_constantHalf"",""shape"":[1,1,1,128],""precision"":""Half""},{""name"":""__myln_k_arg__bb1_3322"",""shape"":[1,1,8,128],""precision"":""Half""},{""name"":""__myln_k_arg__bb1_3323"",""shape"":[1,1,8,1],""precision"":""Half""},{""name"":""proxy___mye676348"",""shape"":[1],""precision"":""Int64""},{""name"":""proxy___mye676387"",""shape"":[1],""precision"":""Int64""},{""name"":""proxy___mye676412"",""shape"":[1],""precision"":""Int64""},{""name"":""__mye66760_proxy.1"",""shape"":[1],""precision"":""Int64""},{""name"":""proxy___mye627919"",""shape"":[1],""precision"":""Int64""},{""name"":""proxy___mye627892"",""shape"":[1],""precision"":""Int64""},{""name"":""proxy___mye627859"",""shape"":[1],""precision"":""Int64""},{""name"":""proxy___mye627832"",""shape"":[1],""precision"":""Int64""},{""name"":""proxy___mye627799"",""shape"":[1],""precision"":""Int64""},{""name"":""proxy___mye627766"",""shape"":[1],""precision"":""Int64""},{""name"":""proxy___mye627739"",""shape"":[1],""precision"":""Int64""},{""name"":""proxy___mye627706"",""shape"":[1],""precision"":""Int64""},{""name"":""proxy___mye627679"",""shape"":[1],""precision"":""Int64""},{""name"":""proxy___mye434929.1"",""shape"":[1],""precision"":""Int64""},{""name"":""proxy___mye434902.1"",""shape"":[1],""precision"":""Int64""},{""name"":""__mye66752_proxy.1"",""shape"":[1],""precision"":""Int64""},{""name"":""proxy___mye431006.1"",""shape"":[1],""precision"":""Int64""},{""name"":""proxy___mye430368.1"",""shape"":[1],""precision"":""Int64""}]","[{""name"":""present_k26"",""shape"":[1,8,-1,128],""precision"":""Half""},{""name"":""shuffle_output_/Reshape_212 _ /Transpose_133_first_transpose_output.1"",""shape"":[1,16,128,-1],""precision"":""Half""}]",inputs=Half;Half;Half;Half;Half;Half;Int64;Int64;Int64;Int64;Int64;Int64;Int64;Int64;Int64;Int64;Int64;Int64;Int64;Int64;Int64;Int64;Int64;Int64|outputs=Half;Half,__myl_AddSqrDivMulMulResSliSliNegConMulMulAddConResRepResTra_0x5aea462b6a819ceadd3ebb32874c078f
660,__mye677222_myl0_660,signal,,[],[],inputs=NONE|outputs=NONE,UNKNOWN
661,__myl_FcCas_myl0_661,fusion,[ONNX Layer: /q_proj_26/MatMul];[ONNX Layer: /q_proj_26/MatMul__a_dequant];[ONNX Layer: /q_proj_26/MatMul__a_quant];[ONNX Layer: /q_proj_26/MatMul__w_dequant],"[{""name"":""__myln_k_arg__bb1_3315"",""shape"":[1,1,1024],""precision"":""Int8""},{""name"":""__mye627662dconst"",""shape"":[1,1024,2048],""precision"":""Int8""}]","[{""name"":""__myln_k_arg__bb1_3326"",""shape"":[1,1,2048],""precision"":""Half""}]",inputs=Int8;Int8|outputs=Half,sm80_xmma_gemm_i8f32_i8i32_f32_tn_n_tilesize32x64x64_stage6_warpsize2x2x1_tensor16x8x32_by_fusion_tactic
662,__myl_ResMulMea_myl0_662,kgen,[ONNX Layer: /Reshape_208];[ONNX Layer: /q_norm_26/Pow];[ONNX Layer: /q_norm_26/ReduceMean],"[{""name"":""__myln_k_arg__bb1_3326"",""shape"":[1,1,2048],""precision"":""Half""}]","[{""name"":""__myln_k_arg__bb1_3328"",""shape"":[1,1,16,1],""precision"":""Half""},{""name"":""__myln_k_arg__bb1_3327"",""shape"":[1,1,16,128],""precision"":""Half""}]",inputs=Half|outputs=Half;Half,__myl_ResMulMea_0xf2413012cd9ac6341b95d78f3432c656
663,__myl_AddSqrDivMulMulResSliSliNegConMulMulAdd_myl0_663,kgen,[ONNX Layer: /q_norm_26/Add];[ONNX Layer: /q_norm_26/Sqrt];[ONNX Layer: /q_norm_26/Mul];[ONNX Layer: /q_norm_26/Mul_1];[ONNX Layer: /Transpose_130];[ONNX Layer: /Slice_104];[ONNX Layer: /Slice_105];[ONNX Layer: /Concat_316];[ONNX Layer: /Mul_236];[ONNX Layer: /Add_104];[ONNX Layer: /Mul_235];[ONNX Layer: /Neg_52];[ONNX Layer: /q_norm_26/Div],"[{""name"":""__myln_k_arg__bb1_2685"",""shape"":[1,1,1,128],""precision"":""Half""},{""name"":""__myln_k_arg__bb1_2684"",""shape"":[1,1,1,128],""precision"":""Half""},{""name"":""stack_layers_26_self_attn_q_norm_weight _ ONNXTRT_Broadcast_7385_constantHalf"",""shape"":[1,1,1,128],""precision"":""Half""},{""name"":""__myln_k_arg__bb1_3327"",""shape"":[1,1,16,128],""precision"":""Half""},{""name"":""__myln_k_arg__bb1_3328"",""shape"":[1,1,16,1],""precision"":""Half""}]","[{""name"":""/Add_104_output_0'.1"",""shape"":[1,16,1,128],""precision"":""Half""}]",inputs=Half;Half;Half;Half;Half|outputs=Half,__myl_AddSqrDivMulMulResSliSliNegConMulMulAdd_0xf1ba08cc3beaba8ee91b0504be9c2cf4
664,__mye677224_myl0_664,wait,,[],[],inputs=NONE|outputs=NONE,UNKNOWN
665,/MatMul_52_myl0_665,gemm,[ONNX Layer: /MatMul_52],"[{""name"":""/Add_104_output_0'.1"",""shape"":[16,1,128],""precision"":""Half""},{""name"":""shuffle_output_/Reshape_212 _ /Transpose_133_first_transpose_output.1"",""shape"":[16,128,-1],""precision"":""Half""},{""name"":""__mye570804/MatMul_52_alpha"",""shape"":[1],""precision"":""Float""},{""name"":""__mye570805/MatMul_52_beta"",""shape"":[1],""precision"":""Float""}]","[{""name"":""__mye570801"",""shape"":[16,1,-1],""precision"":""Half""}]",inputs=Half;Half;Float;Float|outputs=Half,sm80_xmma_gemm_f16f16_f16f32_f32_nn_n_tilesize32x32x64_stage6_warpsize2x2x1_tensor16x8x16_aligna2_alignc2
666,__myl_MulMaxSubExpSumDivMul_myl0_666,kgen,[ONNX Layer: /Mul_241];[ONNX Layer: /Softmax_26],"[{""name"":""__mye570801"",""shape"":[1,16,1,-1],""precision"":""Half""},{""name"":""__mye66760_proxy.1"",""shape"":[1],""precision"":""Int64""},{""name"":""proxy___mye312316.1"",""shape"":[1],""precision"":""Int64""}]","[{""name"":""/Softmax_26_output'.1"",""shape"":[1,16,1,-1],""precision"":""Half""}]",inputs=Half;Int64;Int64|outputs=Half,__myl_MulMaxSubExpSumDivMul_0x1108f5a078d6e65507c06537b9b2e43f
667,__mye677228_myl0_667,wait,,[],[],inputs=NONE|outputs=NONE,UNKNOWN
668,/MatMul_53_myl0_668,gemm,[ONNX Layer: /MatMul_53],"[{""name"":""/Softmax_26_output'.1"",""shape"":[16,1,-1],""precision"":""Half""},{""name"":""/Expand_53_output_0'.1"",""shape"":[16,-1,128],""precision"":""Half""},{""name"":""__mye570825/MatMul_53_alpha"",""shape"":[1],""precision"":""Float""},{""name"":""__mye570826/MatMul_53_beta"",""shape"":[1],""precision"":""Float""}]","[{""name"":""__myln_k_arg__bb1_3332"",""shape"":[16,1,128],""precision"":""Half""}]",inputs=Half;Half;Float;Float|outputs=Half,sm80_xmma_gemm_f16f16_f16f32_f32_nn_n_tilesize64x128x32_stage5_warpsize2x2x1_tensor16x8x16_aligna2_alignc2
669,__myl_MulMinMaxRouCas_myl0_669,kgen,[ONNX Layer: /o_proj_26/MatMul__a_quant],"[{""name"":""__myln_k_arg__bb1_3332"",""shape"":[16,1,128],""precision"":""Half""}]","[{""name"":""__mye574652_q8"",""shape"":[16,1,128],""precision"":""Int8""}]",inputs=Half|outputs=Int8,__myl_MulMinMaxRouCas_0x998f9d85786c1705f75b803510b59e30
670,__myl_FcCasAdd_myl0_670,fusion,[ONNX Layer: /o_proj_26/MatMul];[ONNX Layer: /o_proj_26/MatMul__a_dequant];[ONNX Layer: /o_proj_26/MatMul__a_quant];[ONNX Layer: /o_proj_26/MatMul__w_dequant];[ONNX Layer: /Add_106],"[{""name"":""hidden_l25"",""shape"":[1,1,1024],""precision"":""Half""},{""name"":""__mye574652_q8"",""shape"":[1,1,2048],""precision"":""Int8""},{""name"":""__mye628014dconst"",""shape"":[1,2048,1024],""precision"":""Int8""}]","[{""name"":""__myln_k_arg__bb1_3334"",""shape"":[1,1,1024],""precision"":""Half""}]",inputs=Half;Int8;Int8|outputs=Half,sm80_xmma_gemm_i8f32_i8i32_f32_tn_n_tilesize32x64x64_stage6_warpsize2x2x1_tensor16x8x32_by_fusion_tactic
671,__myl_MulMeaAddSqrDivMulMulMulMinMaxRouCas_myl0_671,kgen,[ONNX Layer: /post_attention_layernorm_26/Pow];[ONNX Layer: /post_attention_layernorm_26/ReduceMean];[ONNX Layer: /post_attention_layernorm_26/Add];[ONNX Layer: /post_attention_layernorm_26/Div];[ONNX Layer: /post_attention_layernorm_26/Sqrt];[ONNX Layer: /post_attention_layernorm_26/Mul];[ONNX Layer: /post_attention_layernorm_26/Mul_1];[ONNX Layer: /gate_proj_26/MatMul__a_quant],"[{""name"":""stack_layers_26_post_attention_layernorm_weight _ ONNXTRT_Broadcast_7634_constantHalf"",""shape"":[1,1,1024],""precision"":""Half""},{""name"":""__myln_k_arg__bb1_3334"",""shape"":[1,1,1024],""precision"":""Half""},{""name"":""__myln_k_arg__bb1_3334"",""shape"":[1,1,1024],""precision"":""Half""},{""name"":""__myln_k_arg__bb1_3334"",""shape"":[1,1,1024],""precision"":""Half""}]","[{""name"":""__myln_k_arg__bb1_3336"",""shape"":[1,1,1024],""precision"":""Int8""},{""name"":""__myln_k_arg__bb1_3335"",""shape"":[1,1,1024],""precision"":""Half""}]",inputs=Half;Half;Half;Half|outputs=Int8;Half,__myl_MulMeaAddSqrDivMulMulMulMinMaxRouCas_0x2d193f06c4770a0b130c316a9152d3bb
672,/up_proj_26/MatMul_myl0_672,gemm,[ONNX Layer: /up_proj_26/MatMul],"[{""name"":""__myln_k_arg__bb1_3335"",""shape"":[1,1,1024],""precision"":""Half""},{""name"":""__mye628019dconst"",""shape"":[1,1024,3072],""precision"":""Half""},{""name"":""__mye570849/up_proj_26/MatMul_alpha"",""shape"":[1],""precision"":""Float""},{""name"":""__mye570850/up_proj_26/MatMul_beta"",""shape"":[1],""precision"":""Float""}]","[{""name"":""__myln_k_arg__bb1_3337"",""shape"":[1,1,3072],""precision"":""Half""}]",inputs=Half;Half;Float;Float|outputs=Half,sm80_xmma_gemm_f16f16_f16f16_f16_tn_n_tilesize32x32x64_stage6_warpsize2x2x1_tensor16x8x16
673,__myl_FcCasNegExpAddDivMulMul_myl0_673,fusion,[ONNX Layer: /gate_proj_26/MatMul];[ONNX Layer: /gate_proj_26/MatMul__a_dequant];[ONNX Layer: /gate_proj_26/MatMul__a_quant];[ONNX Layer: /gate_proj_26/MatMul__w_dequant];[ONNX Layer: /Mul_242];[ONNX Layer: /Mul_243];[ONNX Layer: /Sigmoid_26],"[{""name"":""__myln_k_arg__bb1_3337"",""shape"":[1,1,3072],""precision"":""Half""},{""name"":""__myln_k_arg__bb1_3336"",""shape"":[1,1,1024],""precision"":""Int8""},{""name"":""__mye628024dconst"",""shape"":[1,1024,3072],""precision"":""Int8""}]","[{""name"":""__myln_k_arg__bb1_3338"",""shape"":[1,1,3072],""precision"":""Half""}]",inputs=Half;Int8;Int8|outputs=Half,sm80_xmma_gemm_i8i8_i8i32_f32_tn_n_tilesize32x64x64_stage6_warpsize2x2x1_tensor16x8x32_by_fusion_tactic
674,__myl_FcAdd_myl0_674,fusion,[ONNX Layer: /down_proj_26/MatMul];[ONNX Layer: /Add_107],"[{""name"":""__myln_k_arg__bb1_3334"",""shape"":[1,1,1024],""precision"":""Half""},{""name"":""__myln_k_arg__bb1_3338"",""shape"":[1,1,3072],""precision"":""Half""},{""name"":""onnx__MatMul_8500 _ ONNXTRT_Broadcast_7643_constantHalf"",""shape"":[1,3072,1024],""precision"":""Half""}]","[{""name"":""hidden_l26"",""shape"":[1,1,1024],""precision"":""Half""}]",inputs=Half;Half;Half|outputs=Half,sm80_xmma_gemm_f16f16_f16f16_f16_nn_n_tilesize64x128x32_stage5_warpsize2x2x1_tensor16x8x16_by_fusion_tactic
675,__myl_MulMeaAddSqrDivMulDivMinMaxRouCasDivMinMaxRouCasDivMinMaxRouCas_myl0_675,kgen,[ONNX Layer: /q_proj_27/MatMul__a_quant];[ONNX Layer: /k_proj_27/MatMul__a_quant];[ONNX Layer: /v_proj_27/MatMul__a_quant];[ONNX Layer: /input_layernorm_27/Mul];[ONNX Layer: /input_layernorm_27/Sqrt];[ONNX Layer: /input_layernorm_27/Div];[ONNX Layer: /input_layernorm_27/Add];[ONNX Layer: /input_layernorm_27/ReduceMean];[ONNX Layer: /input_layernorm_27/Pow],"[{""name"":""hidden_l26"",""shape"":[1,1,1024],""precision"":""Half""},{""name"":""hidden_l26"",""shape"":[1,1,1024],""precision"":""Half""},{""name"":""hidden_l26"",""shape"":[1,1,1024],""precision"":""Half""},{""name"":""__mye611790_dconst"",""shape"":[1,1,1024],""precision"":""Half""},{""name"":""__mye611817_dconst"",""shape"":[1,1,1024],""precision"":""Half""},{""name"":""__mye611844_dconst"",""shape"":[1,1,1024],""precision"":""Half""}]","[{""name"":""__myln_k_arg__bb1_3342"",""shape"":[1,1,1024],""precision"":""Int8""},{""name"":""__myln_k_arg__bb1_3341"",""shape"":[1,1,1024],""precision"":""Int8""},{""name"":""__myln_k_arg__bb1_3340"",""shape"":[1,1,1024],""precision"":""Int8""}]",inputs=Half;Half;Half;Half;Half;Half|outputs=Int8;Int8;Int8,__myl_MulMeaAddSqrDivMulDivMinMaxRouCasDivMinMaxRouCasDivMinMaxRouCas_0x9f2c300bb597625319cadec4728f9bc5
676,__mye677230_myl0_676,signal,,[],[],inputs=NONE|outputs=NONE,UNKNOWN
677,__mye677232_myl0_677,wait,,[],[],inputs=NONE|outputs=NONE,UNKNOWN
678,__myl_FcCas_myl0_678,fusion,[ONNX Layer: /v_proj_27/MatMul];[ONNX Layer: /v_proj_27/MatMul__a_dequant];[ONNX Layer: /v_proj_27/MatMul__a_quant];[ONNX Layer: /v_proj_27/MatMul__w_dequant],"[{""name"":""__myln_k_arg__bb1_3342"",""shape"":[1,1,1024],""precision"":""Int8""},{""name"":""__mye628029dconst"",""shape"":[1,1024,1024],""precision"":""Int8""}]","[{""name"":""__myln_k_arg__bb1_3343"",""shape"":[1,1,1024],""precision"":""Half""}]",inputs=Int8;Int8|outputs=Half,sm80_xmma_gemm_i8f32_i8i32_f32_tn_n_tilesize32x64x64_stage6_warpsize2x2x1_tensor16x8x32_by_fusion_tactic
679,__myl_ResConResRep_myl0_679,kgen,[ONNX Layer: /Reshape_218];[ONNX Layer: /Transpose_137];[ONNX Layer: /Unsqueeze_612];[ONNX Layer: /Expand_55];[ONNX Layer: /Concat_331],"[{""name"":""past_v27"",""shape"":[1,8,-1,128],""precision"":""Half""},{""name"":""__myln_k_arg__bb1_3343"",""shape"":[1,1,1024],""precision"":""Half""},{""name"":""proxy___mye676534"",""shape"":[1],""precision"":""Int64""},{""name"":""proxy___mye676579"",""shape"":[1],""precision"":""Int64""},{""name"":""proxy___mye676604"",""shape"":[1],""precision"":""Int64""},{""name"":""__mye66760_proxy.1"",""shape"":[1],""precision"":""Int64""},{""name"":""proxy___mye628166"",""shape"":[1],""precision"":""Int64""},{""name"":""proxy___mye628133"",""shape"":[1],""precision"":""Int64""},{""name"":""proxy___mye628106"",""shape"":[1],""precision"":""Int64""},{""name"":""proxy___mye628073"",""shape"":[1],""precision"":""Int64""},{""name"":""proxy___mye628046"",""shape"":[1],""precision"":""Int64""},{""name"":""proxy___mye434989.1"",""shape"":[1],""precision"":""Int64""},{""name"":""proxy___mye434962.1"",""shape"":[1],""precision"":""Int64""},{""name"":""__mye66752_proxy.1"",""shape"":[1],""precision"":""Int64""},{""name"":""proxy___mye431702.1"",""shape"":[1],""precision"":""Int64""},{""name"":""proxy___mye430368.1"",""shape"":[1],""precision"":""Int64""}]","[{""name"":""present_v27"",""shape"":[1,8,-1,128],""precision"":""Half""},{""name"":""/Expand_55_output_0'.1"",""shape"":[1,8,2,-1,128],""precision"":""Half""}]",inputs=Half;Half;Int64;Int64;Int64;Int64;Int64;Int64;Int64;Int64;Int64;Int64;Int64;Int64;Int64;Int64|outputs=Half;Half,__myl_ResConResRep_0x9d40828c020eb6bb972be950c35191c1
680,__mye677240_myl0_680,signal,,[],[],inputs=NONE|outputs=NONE,UNKNOWN
681,__mye677234_myl0_681,wait,,[],[],inputs=NONE|outputs=NONE,UNKNOWN
682,__myl_FcCas_myl0_682,fusion,[ONNX Layer: /k_proj_27/MatMul];[ONNX Layer: /k_proj_27/MatMul__a_dequant];[ONNX Layer: /k_proj_27/MatMul__a_quant];[ONNX Layer: /k_proj_27/MatMul__w_dequant],"[{""name"":""__myln_k_arg__bb1_3341"",""shape"":[1,1,1024],""precision"":""Int8""},{""name"":""__mye628187dconst"",""shape"":[1,1024,1024],""precision"":""Int8""}]","[{""name"":""__myln_k_arg__bb1_3346"",""shape"":[1,1,1024],""precision"":""Half""}]",inputs=Int8;Int8|outputs=Half,sm80_xmma_gemm_i8f32_i8i32_f32_tn_n_tilesize32x64x64_stage6_warpsize2x2x1_tensor16x8x32_by_fusion_tactic
683,__myl_ResMulMea_myl0_683,kgen,[ONNX Layer: /Reshape_217];[ONNX Layer: /k_norm_27/Pow];[ONNX Layer: /k_norm_27/ReduceMean],"[{""name"":""__myln_k_arg__bb1_3346"",""shape"":[1,1,1024],""precision"":""Half""}]","[{""name"":""__myln_k_arg__bb1_3348"",""shape"":[1,1,8,1],""precision"":""Half""},{""name"":""__myln_k_arg__bb1_3347"",""shape"":[1,1,8,128],""precision"":""Half""}]",inputs=Half|outputs=Half;Half,__myl_ResMulMea_0x3c91498c3beee36a5653966af1581a8a
684,__myl_AddSqrDivMulMulResSliSliNegConMulMulAddConResRepResTra_myl0_684,kgen,[ONNX Layer: /k_norm_27/Add];[ONNX Layer: /k_norm_27/Sqrt];[ONNX Layer: /k_norm_27/Mul];[ONNX Layer: /k_norm_27/Mul_1];[ONNX Layer: /Transpose_136];[ONNX Layer: /Slice_110];[ONNX Layer: /Slice_111];[ONNX Layer: /Concat_329];[ONNX Layer: /Mul_247];[ONNX Layer: /Add_109];[ONNX Layer: /Mul_246];[ONNX Layer: /Unsqueeze_607];[ONNX Layer: /Reshape_220];[ONNX Layer: /Transpose_138];[ONNX Layer: /Expand_54];[ONNX Layer: /Concat_330];[ONNX Layer: /Neg_55];[ONNX Layer: /k_norm_27/Div],"[{""name"":""past_k27"",""shape"":[1,8,-1,128],""precision"":""Half""},{""name"":""__myln_k_arg__bb1_2685"",""shape"":[1,1,1,128],""precision"":""Half""},{""name"":""__myln_k_arg__bb1_2684"",""shape"":[1,1,1,128],""precision"":""Half""},{""name"":""stack_layers_27_self_attn_k_norm_weight _ ONNXTRT_Broadcast_7686_constantHalf"",""shape"":[1,1,1,128],""precision"":""Half""},{""name"":""__myln_k_arg__bb1_3347"",""shape"":[1,1,8,128],""precision"":""Half""},{""name"":""__myln_k_arg__bb1_3348"",""shape"":[1,1,8,1],""precision"":""Half""},{""name"":""proxy___mye676686"",""shape"":[1],""precision"":""Int64""},{""name"":""proxy___mye676725"",""shape"":[1],""precision"":""Int64""},{""name"":""proxy___mye676750"",""shape"":[1],""precision"":""Int64""},{""name"":""__mye66760_proxy.1"",""shape"":[1],""precision"":""Int64""},{""name"":""proxy___mye628449"",""shape"":[1],""precision"":""Int64""},{""name"":""proxy___mye628422"",""shape"":[1],""precision"":""Int64""},{""name"":""proxy___mye628389"",""shape"":[1],""precision"":""Int64""},{""name"":""proxy___mye628362"",""shape"":[1],""precision"":""Int64""},{""name"":""proxy___mye628329"",""shape"":[1],""precision"":""Int64""},{""name"":""proxy___mye628296"",""shape"":[1],""precision"":""Int64""},{""name"":""proxy___mye628269"",""shape"":[1],""precision"":""Int64""},{""name"":""proxy___mye628236"",""shape"":[1],""precision"":""Int64""},{""name"":""proxy___mye628209"",""shape"":[1],""precision"":""Int64""},{""name"":""proxy___mye435049.1"",""shape"":[1],""precision"":""Int64""},{""name"":""proxy___mye435022.1"",""shape"":[1],""precision"":""Int64""},{""name"":""__mye66752_proxy.1"",""shape"":[1],""precision"":""Int64""},{""name"":""proxy___mye431030.1"",""shape"":[1],""precision"":""Int64""},{""name"":""proxy___mye430368.1"",""shape"":[1],""precision"":""Int64""}]","[{""name"":""present_k27"",""shape"":[1,8,-1,128],""precision"":""Half""},{""name"":""shuffle_output_/Reshape_220 _ /Transpose_138_first_transpose_output.1"",""shape"":[1,16,128,-1],""precision"":""Half""}]",inputs=Half;Half;Half;Half;Half;Half;Int64;Int64;Int64;Int64;Int64;Int64;Int64;Int64;Int64;Int64;Int64;Int64;Int64;Int64;Int64;Int64;Int64;Int64|outputs=Half;Half,__myl_AddSqrDivMulMulResSliSliNegConMulMulAddConResRepResTra_0x5aea462b6a819ceadd3ebb32874c078f
685,__mye677236_myl0_685,signal,,[],[],inputs=NONE|outputs=NONE,UNKNOWN
686,__myl_FcCas_myl0_686,fusion,[ONNX Layer: /q_proj_27/MatMul];[ONNX Layer: /q_proj_27/MatMul__a_dequant];[ONNX Layer: /q_proj_27/MatMul__a_quant];[ONNX Layer: /q_proj_27/MatMul__w_dequant],"[{""name"":""__myln_k_arg__bb1_3340"",""shape"":[1,1,1024],""precision"":""Int8""},{""name"":""__mye628192dconst"",""shape"":[1,1024,2048],""precision"":""Int8""}]","[{""name"":""__myln_k_arg__bb1_3351"",""shape"":[1,1,2048],""precision"":""Half""}]",inputs=Int8;Int8|outputs=Half,sm80_xmma_gemm_i8f32_i8i32_f32_tn_n_tilesize32x64x64_stage6_warpsize2x2x1_tensor16x8x32_by_fusion_tactic
687,__myl_ResMulMea_myl0_687,kgen,[ONNX Layer: /Reshape_216];[ONNX Layer: /q_norm_27/Pow];[ONNX Layer: /q_norm_27/ReduceMean],"[{""name"":""__myln_k_arg__bb1_3351"",""shape"":[1,1,2048],""precision"":""Half""}]","[{""name"":""__myln_k_arg__bb1_3353"",""shape"":[1,1,16,1],""precision"":""Half""},{""name"":""__myln_k_arg__bb1_3352"",""shape"":[1,1,16,128],""precision"":""Half""}]",inputs=Half|outputs=Half;Half,__myl_ResMulMea_0xf2413012cd9ac6341b95d78f3432c656
688,__myl_AddSqrDivMulMulResSliSliNegConMulMulAdd_myl0_688,kgen,[ONNX Layer: /q_norm_27/Add];[ONNX Layer: /q_norm_27/Sqrt];[ONNX Layer: /q_norm_27/Mul];[ONNX Layer: /q_norm_27/Mul_1];[ONNX Layer: /Transpose_135];[ONNX Layer: /Slice_108];[ONNX Layer: /Slice_109];[ONNX Layer: /Concat_328];[ONNX Layer: /Mul_245];[ONNX Layer: /Add_108];[ONNX Layer: /Mul_244];[ONNX Layer: /Neg_54];[ONNX Layer: /q_norm_27/Div],"[{""name"":""__myln_k_arg__bb1_2685"",""shape"":[1,1,1,128],""precision"":""Half""},{""name"":""__myln_k_arg__bb1_2684"",""shape"":[1,1,1,128],""precision"":""Half""},{""name"":""stack_layers_27_self_attn_q_norm_weight _ ONNXTRT_Broadcast_7668_constantHalf"",""shape"":[1,1,1,128],""precision"":""Half""},{""name"":""__myln_k_arg__bb1_3352"",""shape"":[1,1,16,128],""precision"":""Half""},{""name"":""__myln_k_arg__bb1_3353"",""shape"":[1,1,16,1],""precision"":""Half""}]","[{""name"":""/Add_108_output_0'.1"",""shape"":[1,16,1,128],""precision"":""Half""}]",inputs=Half;Half;Half;Half;Half|outputs=Half,__myl_AddSqrDivMulMulResSliSliNegConMulMulAdd_0xf1ba08cc3beaba8ee91b0504be9c2cf4
689,__mye677238_myl0_689,wait,,[],[],inputs=NONE|outputs=NONE,UNKNOWN
690,/MatMul_54_myl0_690,gemm,[ONNX Layer: /MatMul_54],"[{""name"":""/Add_108_output_0'.1"",""shape"":[16,1,128],""precision"":""Half""},{""name"":""shuffle_output_/Reshape_220 _ /Transpose_138_first_transpose_output.1"",""shape"":[16,128,-1],""precision"":""Half""},{""name"":""__mye570923/MatMul_54_alpha"",""shape"":[1],""precision"":""Float""},{""name"":""__mye570924/MatMul_54_beta"",""shape"":[1],""precision"":""Float""}]","[{""name"":""__mye570920"",""shape"":[16,1,-1],""precision"":""Half""}]",inputs=Half;Half;Float;Float|outputs=Half,sm80_xmma_gemm_f16f16_f16f32_f32_nn_n_tilesize32x32x64_stage6_warpsize2x2x1_tensor16x8x16_aligna2_alignc2
691,__myl_MulMaxSubExpSumDivMul_myl0_691,kgen,[ONNX Layer: /Mul_250];[ONNX Layer: /Softmax_27],"[{""name"":""__mye570920"",""shape"":[1,16,1,-1],""precision"":""Half""},{""name"":""__mye66760_proxy.1"",""shape"":[1],""precision"":""Int64""},{""name"":""proxy___mye312316.1"",""shape"":[1],""precision"":""Int64""}]","[{""name"":""/Softmax_27_output'.1"",""shape"":[1,16,1,-1],""precision"":""Half""}]",inputs=Half;Int64;Int64|outputs=Half,__myl_MulMaxSubExpSumDivMul_0x1108f5a078d6e65507c06537b9b2e43f
692,__mye677242_myl0_692,wait,,[],[],inputs=NONE|outputs=NONE,UNKNOWN
693,/MatMul_55_myl0_693,gemm,[ONNX Layer: /MatMul_55],"[{""name"":""/Softmax_27_output'.1"",""shape"":[16,1,-1],""precision"":""Half""},{""name"":""/Expand_55_output_0'.1"",""shape"":[16,-1,128],""precision"":""Half""},{""name"":""__mye570944/MatMul_55_alpha"",""shape"":[1],""precision"":""Float""},{""name"":""__mye570945/MatMul_55_beta"",""shape"":[1],""precision"":""Float""}]","[{""name"":""__mye570941"",""shape"":[16,1,128],""precision"":""Half""}]",inputs=Half;Half;Float;Float|outputs=Half,sm80_xmma_gemm_f16f16_f16f32_f32_nn_n_tilesize64x128x32_stage5_warpsize2x2x1_tensor16x8x16_aligna2_alignc2
694,__myl_FcAdd_myl0_694,fusion,[ONNX Layer: /o_proj_27/MatMul];[ONNX Layer: /Add_110],"[{""name"":""hidden_l26"",""shape"":[1,1,1024],""precision"":""Half""},{""name"":""__mye570941"",""shape"":[1,1,2048],""precision"":""Half""},{""name"":""__mye628544dconst"",""shape"":[1,2048,1024],""precision"":""Half""}]","[{""name"":""__myln_k_arg__bb1_3358"",""shape"":[1,1,1024],""precision"":""Half""}]",inputs=Half;Half;Half|outputs=Half,sm80_xmma_gemm_f16f16_f16f16_f16_tn_n_tilesize32x32x64_stage6_warpsize2x2x1_tensor16x8x16_by_fusion_tactic
695,__myl_MulMeaAddSqrDivMulMul_myl0_695,kgen,[ONNX Layer: /post_attention_layernorm_27/Pow];[ONNX Layer: /post_attention_layernorm_27/ReduceMean];[ONNX Layer: /post_attention_layernorm_27/Add];[ONNX Layer: /post_attention_layernorm_27/Div];[ONNX Layer: /post_attention_layernorm_27/Sqrt];[ONNX Layer: /post_attention_layernorm_27/Mul_1];[ONNX Layer: /post_attention_layernorm_27/Mul],"[{""name"":""__myln_k_arg__bb1_3358"",""shape"":[1,1,1024],""precision"":""Half""},{""name"":""stack_layers_27_post_attention_layernorm_weight _ ONNXTRT_Broadcast_7914_constantHalf"",""shape"":[1,1,1024],""precision"":""Half""},{""name"":""__myln_k_arg__bb1_3358"",""shape"":[1,1,1024],""precision"":""Half""},{""name"":""__myln_k_arg__bb1_3358"",""shape"":[1,1,1024],""precision"":""Half""}]","[{""name"":""/up_proj_27/MatMul_output_0'.1_3359"",""shape"":[1,1,1024],""precision"":""Half""}]",inputs=Half;Half;Half;Half|outputs=Half,__myl_MulMeaAddSqrDivMulMul_0x8548fa9a57c713be1fdaa27c95458b99
696,/up_proj_27/MatMul_myl0_696,gemm,[ONNX Layer: /up_proj_27/MatMul],"[{""name"":""/up_proj_27/MatMul_output_0'.1_3359"",""shape"":[1,1,1024],""precision"":""Half""},{""name"":""__mye628549dconst"",""shape"":[1,1024,3072],""precision"":""Half""},{""name"":""__mye570968/up_proj_27/MatMul_alpha"",""shape"":[1],""precision"":""Float""},{""name"":""__mye570969/up_proj_27/MatMul_beta"",""shape"":[1],""precision"":""Float""}]","[{""name"":""__myln_k_arg__bb1_3360"",""shape"":[1,1,3072],""precision"":""Half""}]",inputs=Half;Half;Float;Float|outputs=Half,sm80_xmma_gemm_f16f16_f16f32_f32_tn_n_tilesize32x32x64_stage6_warpsize2x2x1_tensor16x8x16
697,__myl_FcNegExpAddDivMulMul_myl0_697,fusion,[ONNX Layer: /gate_proj_27/MatMul];[ONNX Layer: /Mul_251];[ONNX Layer: /Mul_252];[ONNX Layer: /Sigmoid_27],"[{""name"":""__myln_k_arg__bb1_3360"",""shape"":[1,1,3072],""precision"":""Half""},{""name"":""/up_proj_27/MatMul_output_0'.1_3359"",""shape"":[1,1,1024],""precision"":""Half""},{""name"":""__mye628554dconst"",""shape"":[1,1024,3072],""precision"":""Half""}]","[{""name"":""__myln_k_arg__bb1_3361"",""shape"":[1,1,3072],""precision"":""Half""}]",inputs=Half;Half;Half|outputs=Half,sm80_xmma_gemm_f16f16_f16f16_f16_tn_n_tilesize32x32x64_stage6_warpsize2x2x1_tensor16x8x16_by_fusion_tactic
698,__myl_FcAdd_myl0_698,fusion,[ONNX Layer: /down_proj_27/MatMul];[ONNX Layer: /Add_111],"[{""name"":""__myln_k_arg__bb1_3358"",""shape"":[1,1,1024],""precision"":""Half""},{""name"":""__myln_k_arg__bb1_3361"",""shape"":[1,1,3072],""precision"":""Half""},{""name"":""onnx__MatMul_8536 _ ONNXTRT_Broadcast_7920_constantHalf"",""shape"":[1,3072,1024],""precision"":""Half""}]","[{""name"":""hidden_l27"",""shape"":[1,1,1024],""precision"":""Half""}]",inputs=Half;Half;Half|outputs=Half,sm80_xmma_gemm_f16f16_f16f16_f16_nn_n_tilesize64x128x32_stage5_warpsize2x2x1_tensor16x8x16_by_fusion_tactic
