layer_id,layer_name,trt_layer_type,tactic,precision,candidate_onnx_node,candidate_operator,confidence,evidence
0,__mye156465_0_myl0_0,shape_call,UNKNOWN,inputs=NONE|outputs=NONE,UNKNOWN,UNKNOWN,UNKNOWN,NO_METADATA
1,__myl_MovMulMeaAddSqrDivMulDivMinMaxRouCasDivMinMaxRouCasDivMinMaxRouCas_myl0_1,kgen,__myl_MovMulMeaAddSqrDivMulDivMinMaxRouCasDivMinMaxRouCasDivMinMaxRouCas_0xda00efdea1fdf9ffc7ce7052979834ac,inputs=Half;Half;Half;Half;Half|outputs=Int8;Int8;Int8,/q_proj/MatMul__a_quant;/k_proj/MatMul__a_quant;/v_proj/MatMul__a_quant;/input_layernorm/Mul;/input_layernorm/Sqrt;/input_layernorm/Div;/input_layernorm/Add;/input_layernorm/ReduceMean;/input_layernorm/Pow,L0:q_proj;L0:k_proj;L0:v_proj;L0:input_layernorm,HIGH,ENGINE_INSPECTOR_METADATA + ONNX_GRAPH_NODE_MATCH + RECOGNIZED_QWEN3_OPERATOR_NAME
2,__mye676844_myl0_2,signal,UNKNOWN,inputs=NONE|outputs=NONE,UNKNOWN,UNKNOWN,UNKNOWN,NO_METADATA
3,__mye676846_myl0_3,wait,UNKNOWN,inputs=NONE|outputs=NONE,UNKNOWN,UNKNOWN,UNKNOWN,NO_METADATA
4,__myl_FcCas_myl0_4,fusion,sm80_xmma_gemm_i8f32_i8i32_f32_tn_n_tilesize32x64x64_stage6_warpsize2x2x1_tensor16x8x32_by_fusion_tactic,inputs=Int8;Int8|outputs=Half,/v_proj/MatMul;/v_proj/MatMul__a_dequant;/v_proj/MatMul__a_quant;/v_proj/MatMul__w_dequant,L0:v_proj,HIGH,ENGINE_INSPECTOR_METADATA + ONNX_GRAPH_NODE_MATCH + RECOGNIZED_QWEN3_OPERATOR_NAME
5,__myl_ResConResRep_myl0_5,kgen,__myl_ResConResRep_0x9d40828c020eb6bb972be950c35191c1,inputs=Half;Half;Int64;Int64;Int64;Int64;Int64;Int64;Int64;Int64;Int64;Int64;Int64;Int64;Int64;Int64|outputs=Half;Half,/Reshape_2;/Transpose_2;/Unsqueeze_18;/Expand_1;/Concat_7,UNKNOWN,MEDIUM,ENGINE_INSPECTOR_METADATA + ONNX_GRAPH_NODE_MATCH + OPERATOR_NAME_NOT_RECOGNIZED
6,__mye676854_myl0_6,signal,UNKNOWN,inputs=NONE|outputs=NONE,UNKNOWN,UNKNOWN,UNKNOWN,NO_METADATA
7,__mye676848_myl0_7,wait,UNKNOWN,inputs=NONE|outputs=NONE,UNKNOWN,UNKNOWN,UNKNOWN,NO_METADATA
8,__myl_FcCas_myl0_8,fusion,sm80_xmma_gemm_i8f32_i8i32_f32_tn_n_tilesize32x64x64_stage6_warpsize2x2x1_tensor16x8x32_by_fusion_tactic,inputs=Int8;Int8|outputs=Half,/k_proj/MatMul;/k_proj/MatMul__a_dequant;/k_proj/MatMul__a_quant;/k_proj/MatMul__w_dequant,L0:k_proj,HIGH,ENGINE_INSPECTOR_METADATA + ONNX_GRAPH_NODE_MATCH + RECOGNIZED_QWEN3_OPERATOR_NAME
9,__myl_ResMulMea_myl0_9,kgen,__myl_ResMulMea_0x3c91498c3beee36a5653966af1581a8a,inputs=Half|outputs=Half;Half,/Reshape_1;/k_norm/Pow;/k_norm/ReduceMean,L0:k_norm,HIGH,ENGINE_INSPECTOR_METADATA + ONNX_GRAPH_NODE_MATCH + RECOGNIZED_QWEN3_OPERATOR_NAME
10,__mye676850_myl0_10,signal,UNKNOWN,inputs=NONE|outputs=NONE,UNKNOWN,UNKNOWN,UNKNOWN,NO_METADATA
11,__myl_FcCas_myl0_11,fusion,sm80_xmma_gemm_i8f32_i8i32_f32_tn_n_tilesize32x64x64_stage6_warpsize2x2x1_tensor16x8x32_by_fusion_tactic,inputs=Int8;Int8|outputs=Half,/q_proj/MatMul;/q_proj/MatMul__a_dequant;/q_proj/MatMul__a_quant;/q_proj/MatMul__w_dequant,L0:q_proj,HIGH,ENGINE_INSPECTOR_METADATA + ONNX_GRAPH_NODE_MATCH + RECOGNIZED_QWEN3_OPERATOR_NAME
12,__myl_ResMulMea_myl0_12,kgen,__myl_ResMulMea_0xf2413012cd9ac6341b95d78f3432c656,inputs=Half|outputs=Half;Half,/Reshape;/q_norm/Pow;/q_norm/ReduceMean,L0:q_norm,HIGH,ENGINE_INSPECTOR_METADATA + ONNX_GRAPH_NODE_MATCH + RECOGNIZED_QWEN3_OPERATOR_NAME
13,__mye676852_myl0_13,wait,UNKNOWN,inputs=NONE|outputs=NONE,UNKNOWN,UNKNOWN,UNKNOWN,NO_METADATA
14,__myl_CasResMulConSinResCosResAddSqrAddSqrDivMulDivMulMulResSliSliNegConMulMulAddConResRepResTraEtc_myl0_14,kgen,__myl_CasResMulConSinResCosResAddSqrAddSqrDivMulDivMulMulResSliSliNegConMulMulAddConResRepResTraEtc_0x3beb58e4cd3dae3f69eebdbcbcc43980,inputs=Int64;Half;Half;Half;Half;Half;Half;Half;Half;Int64;Int64;Int64;Int64;Int64;Int64;Int64;Int64;Int64;Int64;Int64;Int64;Int64;Int64;Int64;Int64;Int64;Int64|outputs=Half;Half;Half;Half;Half,/k_norm/Div;/q_norm/Div;/k_norm/Mul;/k_norm/Mul_1;/Transpose_1;/Slice_2;/Slice_3;/Concat_5;/Mul_4;/Add_1;/Mul_3;/Unsqueeze_13;/Reshape_4;/Transpose_3;/Expand;/Concat_6;/Neg_1;/q_norm/Mul;/q_norm/Mul_1;/Transpose;/Slice;/Slice_1;/Concat_4;/Mul_2;/Add;/Mul_1;/Neg;/Sin;/Unsqueeze_8;/Cos;/Unsqueeze_7;/Concat_3;/Mul;/q_norm/Sqrt;/q_norm/Add;/k_norm/Sqrt;/k_norm/Add;/Unsqueeze_6;/Cast,L0:k_norm;L0:q_norm,HIGH,ENGINE_INSPECTOR_METADATA + ONNX_GRAPH_NODE_MATCH + RECOGNIZED_QWEN3_OPERATOR_NAME
15,/MatMul_myl0_15,gemm,sm80_xmma_gemm_f16f16_f16f32_f32_nn_n_tilesize32x32x64_stage6_warpsize2x2x1_tensor16x8x16_aligna2_alignc2,inputs=Half;Half;Float;Float|outputs=Half,/MatMul,UNKNOWN,MEDIUM,ENGINE_INSPECTOR_METADATA + ONNX_GRAPH_NODE_MATCH + OPERATOR_NAME_NOT_RECOGNIZED
16,__myl_MulMaxSubExpSumDivMul_myl0_16,kgen,__myl_MulMaxSubExpSumDivMul_0x1108f5a078d6e65507c06537b9b2e43f,inputs=Half;Int64;Int64|outputs=Half,/Mul_7;/Softmax,UNKNOWN,MEDIUM,ENGINE_INSPECTOR_METADATA + ONNX_GRAPH_NODE_MATCH + OPERATOR_NAME_NOT_RECOGNIZED
17,__mye676856_myl0_17,wait,UNKNOWN,inputs=NONE|outputs=NONE,UNKNOWN,UNKNOWN,UNKNOWN,NO_METADATA
18,/MatMul_1_myl0_18,gemm,sm80_xmma_gemm_f16f16_f16f32_f32_nn_n_tilesize64x128x32_stage5_warpsize2x2x1_tensor16x8x16_aligna2_alignc2,inputs=Half;Half;Float;Float|outputs=Half,/MatMul_1,UNKNOWN,MEDIUM,ENGINE_INSPECTOR_METADATA + ONNX_GRAPH_NODE_MATCH + OPERATOR_NAME_NOT_RECOGNIZED
19,__myl_MulMinMaxRouCas_myl0_19,kgen,__myl_MulMinMaxRouCas_0xa49a3c4e66279a6886312b656336d70d,inputs=Half|outputs=Int8,/o_proj/MatMul__a_quant,L0:o_proj,HIGH,ENGINE_INSPECTOR_METADATA + ONNX_GRAPH_NODE_MATCH + RECOGNIZED_QWEN3_OPERATOR_NAME
20,__myl_FcCasAdd_myl0_20,fusion,sm80_xmma_gemm_i8f32_i8i32_f32_tn_n_tilesize32x64x64_stage6_warpsize2x2x1_tensor16x8x32_by_fusion_tactic,inputs=Half;Int8;Int8|outputs=Half,/o_proj/MatMul;/o_proj/MatMul__a_dequant;/o_proj/MatMul__a_quant;/o_proj/MatMul__w_dequant;/Add_2,L0:o_proj,HIGH,ENGINE_INSPECTOR_METADATA + ONNX_GRAPH_NODE_MATCH + RECOGNIZED_QWEN3_OPERATOR_NAME
21,__myl_MulMeaAddSqrDivMulMulMulMinMaxRouCas_myl0_21,kgen,__myl_MulMeaAddSqrDivMulMulMulMinMaxRouCas_0x028e232ad04f9dc415033ab5492ba131,inputs=Half;Half;Half;Half|outputs=Int8;Half,/post_attention_layernorm/Pow;/post_attention_layernorm/ReduceMean;/post_attention_layernorm/Add;/post_attention_layernorm/Div;/post_attention_layernorm/Sqrt;/post_attention_layernorm/Mul;/post_attention_layernorm/Mul_1;/gate_proj/MatMul__a_quant,L0:post_attention_layernorm;L0:gate_proj,HIGH,ENGINE_INSPECTOR_METADATA + ONNX_GRAPH_NODE_MATCH + RECOGNIZED_QWEN3_OPERATOR_NAME
22,/up_proj/MatMul_myl0_22,gemm,sm80_xmma_gemm_f16f16_f16f16_f16_tn_n_tilesize32x32x64_stage6_warpsize2x2x1_tensor16x8x16,inputs=Half;Half;Float;Float|outputs=Half,/up_proj/MatMul,L0:up_proj,HIGH,ENGINE_INSPECTOR_METADATA + ONNX_GRAPH_NODE_MATCH + RECOGNIZED_QWEN3_OPERATOR_NAME
23,__myl_FcCasNegExpAddDivMulMul_myl0_23,fusion,sm80_xmma_gemm_i8i8_i8i32_f32_tn_n_tilesize32x64x64_stage6_warpsize2x2x1_tensor16x8x32_by_fusion_tactic,inputs=Half;Int8;Int8|outputs=Half,/gate_proj/MatMul;/gate_proj/MatMul__a_dequant;/gate_proj/MatMul__a_quant;/gate_proj/MatMul__w_dequant;/Mul_8;/Mul_9;/Sigmoid,L0:gate_proj,HIGH,ENGINE_INSPECTOR_METADATA + ONNX_GRAPH_NODE_MATCH + RECOGNIZED_QWEN3_OPERATOR_NAME
24,__myl_FcAdd_myl0_24,fusion,sm80_xmma_gemm_f16f16_f16f16_f16_nn_n_tilesize64x128x32_stage5_warpsize2x2x1_tensor16x8x16_by_fusion_tactic,inputs=Half;Half;Half|outputs=Half,/down_proj/MatMul;/Add_3,L0:down_proj,HIGH,ENGINE_INSPECTOR_METADATA + ONNX_GRAPH_NODE_MATCH + RECOGNIZED_QWEN3_OPERATOR_NAME
25,__myl_MulMeaAddSqrDivMulDivMinMaxRouCasDivMinMaxRouCasDivMinMaxRouCas_myl0_25,kgen,__myl_MulMeaAddSqrDivMulDivMinMaxRouCasDivMinMaxRouCasDivMinMaxRouCas_0x9f2c300bb597625319cadec4728f9bc5,inputs=Half;Half;Half;Half;Half;Half|outputs=Int8;Int8;Int8,/q_proj_1/MatMul__a_quant;/k_proj_1/MatMul__a_quant;/v_proj_1/MatMul__a_quant;/input_layernorm_1/Mul;/input_layernorm_1/Sqrt;/input_layernorm_1/Div;/input_layernorm_1/Add;/input_layernorm_1/ReduceMean;/input_layernorm_1/Pow,L1:q_proj;L1:k_proj;L1:v_proj;L1:input_layernorm,HIGH,ENGINE_INSPECTOR_METADATA + ONNX_GRAPH_NODE_MATCH + RECOGNIZED_QWEN3_OPERATOR_NAME
26,__mye676858_myl0_26,signal,UNKNOWN,inputs=NONE|outputs=NONE,UNKNOWN,UNKNOWN,UNKNOWN,NO_METADATA
27,__mye676860_myl0_27,wait,UNKNOWN,inputs=NONE|outputs=NONE,UNKNOWN,UNKNOWN,UNKNOWN,NO_METADATA
28,__myl_FcCas_myl0_28,fusion,sm80_xmma_gemm_i8f32_i8i32_f32_tn_n_tilesize32x64x64_stage6_warpsize2x2x1_tensor16x8x32_by_fusion_tactic,inputs=Int8;Int8|outputs=Half,/v_proj_1/MatMul;/v_proj_1/MatMul__a_dequant;/v_proj_1/MatMul__a_quant;/v_proj_1/MatMul__w_dequant,L1:v_proj,HIGH,ENGINE_INSPECTOR_METADATA + ONNX_GRAPH_NODE_MATCH + RECOGNIZED_QWEN3_OPERATOR_NAME
29,__mye676862_myl0_29,signal,UNKNOWN,inputs=NONE|outputs=NONE,UNKNOWN,UNKNOWN,UNKNOWN,NO_METADATA
30,__mye676864_myl0_30,wait,UNKNOWN,inputs=NONE|outputs=NONE,UNKNOWN,UNKNOWN,UNKNOWN,NO_METADATA
31,__myl_ResConResRep_myl0_31,kgen,__myl_ResConResRep_0x9d40828c020eb6bb972be950c35191c1,inputs=Half;Half;Int64;Int64;Int64;Int64;Int64;Int64;Int64;Int64;Int64;Int64;Int64;Int64;Int64;Int64|outputs=Half;Half,/Reshape_10;/Transpose_7;/Unsqueeze_40;/Expand_3;/Concat_19,UNKNOWN,MEDIUM,ENGINE_INSPECTOR_METADATA + ONNX_GRAPH_NODE_MATCH + OPERATOR_NAME_NOT_RECOGNIZED
32,__mye676876_myl0_32,signal,UNKNOWN,inputs=NONE|outputs=NONE,UNKNOWN,UNKNOWN,UNKNOWN,NO_METADATA
33,__mye676866_myl0_33,wait,UNKNOWN,inputs=NONE|outputs=NONE,UNKNOWN,UNKNOWN,UNKNOWN,NO_METADATA
34,__myl_FcCas_myl0_34,fusion,sm80_xmma_gemm_i8f32_i8i32_f32_tn_n_tilesize32x64x64_stage6_warpsize2x2x1_tensor16x8x32_by_fusion_tactic,inputs=Int8;Int8|outputs=Half,/k_proj_1/MatMul;/k_proj_1/MatMul__a_dequant;/k_proj_1/MatMul__a_quant;/k_proj_1/MatMul__w_dequant,L1:k_proj,HIGH,ENGINE_INSPECTOR_METADATA + ONNX_GRAPH_NODE_MATCH + RECOGNIZED_QWEN3_OPERATOR_NAME
35,__mye676868_myl0_35,signal,UNKNOWN,inputs=NONE|outputs=NONE,UNKNOWN,UNKNOWN,UNKNOWN,NO_METADATA
36,__mye676870_myl0_36,wait,UNKNOWN,inputs=NONE|outputs=NONE,UNKNOWN,UNKNOWN,UNKNOWN,NO_METADATA
37,__myl_ResMulMea_myl0_37,kgen,__myl_ResMulMea_0x3c91498c3beee36a5653966af1581a8a,inputs=Half|outputs=Half;Half,/Reshape_9;/k_norm_1/Pow;/k_norm_1/ReduceMean,L1:k_norm,HIGH,ENGINE_INSPECTOR_METADATA + ONNX_GRAPH_NODE_MATCH + RECOGNIZED_QWEN3_OPERATOR_NAME
38,__myl_AddSqrDivMulMulResSliSliNegConMulMulAddConResRepResTra_myl0_38,kgen,__myl_AddSqrDivMulMulResSliSliNegConMulMulAddConResRepResTra_0x5aea462b6a819ceadd3ebb32874c078f,inputs=Half;Half;Half;Half;Half;Half;Int64;Int64;Int64;Int64;Int64;Int64;Int64;Int64;Int64;Int64;Int64;Int64;Int64;Int64;Int64;Int64;Int64;Int64|outputs=Half;Half,/k_norm_1/Add;/k_norm_1/Sqrt;/k_norm_1/Mul;/k_norm_1/Mul_1;/Transpose_6;/Slice_6;/Slice_7;/Concat_17;/Mul_13;/Add_5;/Mul_12;/Unsqueeze_35;/Reshape_12;/Transpose_8;/Expand_2;/Concat_18;/Neg_3;/k_norm_1/Div,L1:k_norm,HIGH,ENGINE_INSPECTOR_METADATA + ONNX_GRAPH_NODE_MATCH + RECOGNIZED_QWEN3_OPERATOR_NAME
39,__mye676872_myl0_39,signal,UNKNOWN,inputs=NONE|outputs=NONE,UNKNOWN,UNKNOWN,UNKNOWN,NO_METADATA
40,__myl_FcCas_myl0_40,fusion,sm80_xmma_gemm_i8f32_i8i32_f32_tn_n_tilesize32x64x64_stage6_warpsize2x2x1_tensor16x8x32_by_fusion_tactic,inputs=Int8;Int8|outputs=Half,/q_proj_1/MatMul;/q_proj_1/MatMul__a_dequant;/q_proj_1/MatMul__a_quant;/q_proj_1/MatMul__w_dequant,L1:q_proj,HIGH,ENGINE_INSPECTOR_METADATA + ONNX_GRAPH_NODE_MATCH + RECOGNIZED_QWEN3_OPERATOR_NAME
41,__myl_ResMulMea_myl0_41,kgen,__myl_ResMulMea_0xf2413012cd9ac6341b95d78f3432c656,inputs=Half|outputs=Half;Half,/Reshape_8;/q_norm_1/Pow;/q_norm_1/ReduceMean,L1:q_norm,HIGH,ENGINE_INSPECTOR_METADATA + ONNX_GRAPH_NODE_MATCH + RECOGNIZED_QWEN3_OPERATOR_NAME
42,__myl_AddSqrDivMulMulResSliSliNegConMulMulAdd_myl0_42,kgen,__myl_AddSqrDivMulMulResSliSliNegConMulMulAdd_0xf1ba08cc3beaba8ee91b0504be9c2cf4,inputs=Half;Half;Half;Half;Half|outputs=Half,/q_norm_1/Add;/q_norm_1/Sqrt;/q_norm_1/Mul;/q_norm_1/Mul_1;/Transpose_5;/Slice_4;/Slice_5;/Concat_16;/Mul_11;/Add_4;/Mul_10;/Neg_2;/q_norm_1/Div,L1:q_norm,HIGH,ENGINE_INSPECTOR_METADATA + ONNX_GRAPH_NODE_MATCH + RECOGNIZED_QWEN3_OPERATOR_NAME
43,__mye676874_myl0_43,wait,UNKNOWN,inputs=NONE|outputs=NONE,UNKNOWN,UNKNOWN,UNKNOWN,NO_METADATA
44,/MatMul_2_myl0_44,gemm,sm80_xmma_gemm_f16f16_f16f32_f32_nn_n_tilesize32x32x64_stage6_warpsize2x2x1_tensor16x8x16_aligna2_alignc2,inputs=Half;Half;Float;Float|outputs=Half,/MatMul_2,UNKNOWN,MEDIUM,ENGINE_INSPECTOR_METADATA + ONNX_GRAPH_NODE_MATCH + OPERATOR_NAME_NOT_RECOGNIZED
45,__myl_MulMaxSubExpSumDivMul_myl0_45,kgen,__myl_MulMaxSubExpSumDivMul_0x1108f5a078d6e65507c06537b9b2e43f,inputs=Half;Int64;Int64|outputs=Half,/Mul_16;/Softmax_1,UNKNOWN,MEDIUM,ENGINE_INSPECTOR_METADATA + ONNX_GRAPH_NODE_MATCH + OPERATOR_NAME_NOT_RECOGNIZED
46,__mye676878_myl0_46,wait,UNKNOWN,inputs=NONE|outputs=NONE,UNKNOWN,UNKNOWN,UNKNOWN,NO_METADATA
47,/MatMul_3_myl0_47,gemm,sm80_xmma_gemm_f16f16_f16f32_f32_nn_n_tilesize64x128x32_stage5_warpsize2x2x1_tensor16x8x16_aligna2_alignc2,inputs=Half;Half;Float;Float|outputs=Half,/MatMul_3,UNKNOWN,MEDIUM,ENGINE_INSPECTOR_METADATA + ONNX_GRAPH_NODE_MATCH + OPERATOR_NAME_NOT_RECOGNIZED
48,__myl_MulMinMaxRouCas_myl0_48,kgen,__myl_MulMinMaxRouCas_0xf131f88ee6d7693232e76c9290134799,inputs=Half|outputs=Int8,/o_proj_1/MatMul__a_quant,L1:o_proj,HIGH,ENGINE_INSPECTOR_METADATA + ONNX_GRAPH_NODE_MATCH + RECOGNIZED_QWEN3_OPERATOR_NAME
49,__myl_FcCasAdd_myl0_49,fusion,sm80_xmma_gemm_i8f32_i8i32_f32_tn_n_tilesize32x64x64_stage6_warpsize2x2x1_tensor16x8x32_by_fusion_tactic,inputs=Half;Int8;Int8|outputs=Half,/o_proj_1/MatMul;/o_proj_1/MatMul__a_dequant;/o_proj_1/MatMul__a_quant;/o_proj_1/MatMul__w_dequant;/Add_6,L1:o_proj,HIGH,ENGINE_INSPECTOR_METADATA + ONNX_GRAPH_NODE_MATCH + RECOGNIZED_QWEN3_OPERATOR_NAME
50,__myl_MulMeaAddSqrDivMulMulMulMinMaxRouCas_myl0_50,kgen,__myl_MulMeaAddSqrDivMulMulMulMinMaxRouCas_0x5bd2afd5a5411fb85888be6c8200be17,inputs=Half;Half;Half;Half|outputs=Int8;Half,/post_attention_layernorm_1/Pow;/post_attention_layernorm_1/ReduceMean;/post_attention_layernorm_1/Add;/post_attention_layernorm_1/Div;/post_attention_layernorm_1/Sqrt;/post_attention_layernorm_1/Mul;/post_attention_layernorm_1/Mul_1;/gate_proj_1/MatMul__a_quant,L1:post_attention_layernorm;L1:gate_proj,HIGH,ENGINE_INSPECTOR_METADATA + ONNX_GRAPH_NODE_MATCH + RECOGNIZED_QWEN3_OPERATOR_NAME
51,/up_proj_1/MatMul_myl0_51,gemm,sm80_xmma_gemm_f16f16_f16f16_f16_tn_n_tilesize32x32x64_stage6_warpsize2x2x1_tensor16x8x16,inputs=Half;Half;Float;Float|outputs=Half,/up_proj_1/MatMul,L1:up_proj,HIGH,ENGINE_INSPECTOR_METADATA + ONNX_GRAPH_NODE_MATCH + RECOGNIZED_QWEN3_OPERATOR_NAME
52,__myl_FcCasNegExpAddDivMulMul_myl0_52,fusion,sm80_xmma_gemm_i8i8_i8i32_f32_tn_n_tilesize32x64x64_stage6_warpsize2x2x1_tensor16x8x32_by_fusion_tactic,inputs=Half;Int8;Int8|outputs=Half,/gate_proj_1/MatMul;/gate_proj_1/MatMul__a_dequant;/gate_proj_1/MatMul__a_quant;/gate_proj_1/MatMul__w_dequant;/Mul_17;/Mul_18;/Sigmoid_1,L1:gate_proj,HIGH,ENGINE_INSPECTOR_METADATA + ONNX_GRAPH_NODE_MATCH + RECOGNIZED_QWEN3_OPERATOR_NAME
53,__myl_FcAdd_myl0_53,fusion,sm80_xmma_gemm_f16f16_f16f16_f16_nn_n_tilesize64x128x32_stage5_warpsize2x2x1_tensor16x8x16_by_fusion_tactic,inputs=Half;Half;Half|outputs=Half,/down_proj_1/MatMul;/Add_7,L1:down_proj,HIGH,ENGINE_INSPECTOR_METADATA + ONNX_GRAPH_NODE_MATCH + RECOGNIZED_QWEN3_OPERATOR_NAME
54,__myl_MulMeaAddSqrDivMulMul_myl0_54,kgen,__myl_MulMeaAddSqrDivMulMul_0x8548fa9a57c713be1fdaa27c95458b99,inputs=Half;Half;Half;Half|outputs=Half,/input_layernorm_2/Pow;/input_layernorm_2/ReduceMean;/input_layernorm_2/Add;/input_layernorm_2/Div;/input_layernorm_2/Sqrt;/input_layernorm_2/Mul_1;/input_layernorm_2/Mul,L2:input_layernorm,HIGH,ENGINE_INSPECTOR_METADATA + ONNX_GRAPH_NODE_MATCH + RECOGNIZED_QWEN3_OPERATOR_NAME
55,/v_proj_2/MatMul+/k_proj_2/MatMul+/q_proj_2/MatMul_myl0_55,gemm,sm80_xmma_gemm_f16f16_f16f16_f16_tn_n_tilesize32x32x64_stage6_warpsize2x2x1_tensor16x8x16,inputs=Half;Half;Float;Float|outputs=Half,/v_proj_2/MatMul;/k_proj_2/MatMul;/q_proj_2/MatMul,L2:v_proj;L2:k_proj;L2:q_proj,HIGH,ENGINE_INSPECTOR_METADATA + ONNX_GRAPH_NODE_MATCH + RECOGNIZED_QWEN3_OPERATOR_NAME
56,__mye676880_myl0_56,signal,UNKNOWN,inputs=NONE|outputs=NONE,UNKNOWN,UNKNOWN,UNKNOWN,NO_METADATA
57,__mye676882_myl0_57,wait,UNKNOWN,inputs=NONE|outputs=NONE,UNKNOWN,UNKNOWN,UNKNOWN,NO_METADATA
58,__myl_MovResConResRep_myl0_58,kgen,__myl_MovResConResRep_0xeb90291bbf009f8413c8500b92afa70a,inputs=Half;Half;Int64;Int64;Int64;Int64;Int64;Int64;Int64;Int64;Int64;Int64;Int64;Int64;Int64;Int64|outputs=Half;Half,/Reshape_18;/Transpose_12;/Unsqueeze_62;/Expand_5;/Concat_31,UNKNOWN,MEDIUM,ENGINE_INSPECTOR_METADATA + ONNX_GRAPH_NODE_MATCH + OPERATOR_NAME_NOT_RECOGNIZED
59,__mye676890_myl0_59,signal,UNKNOWN,inputs=NONE|outputs=NONE,UNKNOWN,UNKNOWN,UNKNOWN,NO_METADATA
60,__myl_MovResMulMea_myl0_60,kgen,__myl_MovResMulMea_0x8729692710be644f17c7f997918851be,inputs=Half|outputs=Half;Half,/Reshape_17;/k_norm_2/ReduceMean;/k_norm_2/Pow,L2:k_norm,HIGH,ENGINE_INSPECTOR_METADATA + ONNX_GRAPH_NODE_MATCH + RECOGNIZED_QWEN3_OPERATOR_NAME
61,__myl_AddSqrDivMulMulResSliSliNegConMulMulAddConResRepResTra_myl0_61,kgen,__myl_AddSqrDivMulMulResSliSliNegConMulMulAddConResRepResTra_0x5aea462b6a819ceadd3ebb32874c078f,inputs=Half;Half;Half;Half;Half;Half;Int64;Int64;Int64;Int64;Int64;Int64;Int64;Int64;Int64;Int64;Int64;Int64;Int64;Int64;Int64;Int64;Int64;Int64|outputs=Half;Half,/k_norm_2/Add;/k_norm_2/Sqrt;/k_norm_2/Mul;/k_norm_2/Mul_1;/Transpose_11;/Slice_10;/Slice_11;/Concat_29;/Mul_22;/Add_9;/Mul_21;/Unsqueeze_57;/Reshape_20;/Transpose_13;/Expand_4;/Concat_30;/Neg_5;/k_norm_2/Div,L2:k_norm,HIGH,ENGINE_INSPECTOR_METADATA + ONNX_GRAPH_NODE_MATCH + RECOGNIZED_QWEN3_OPERATOR_NAME
62,__mye676884_myl0_62,wait,UNKNOWN,inputs=NONE|outputs=NONE,UNKNOWN,UNKNOWN,UNKNOWN,NO_METADATA
63,__myl_MovResMulMea_myl0_63,kgen,__myl_MovResMulMea_0x61ec5b9962acde3fddf5628b2e6fd459,inputs=Half|outputs=Half;Half,/Reshape_16;/q_norm_2/ReduceMean;/q_norm_2/Pow,L2:q_norm,HIGH,ENGINE_INSPECTOR_METADATA + ONNX_GRAPH_NODE_MATCH + RECOGNIZED_QWEN3_OPERATOR_NAME
64,__myl_AddSqrDivMulMulResSliSliNegConMulMulAdd_myl0_64,kgen,__myl_AddSqrDivMulMulResSliSliNegConMulMulAdd_0xf1ba08cc3beaba8ee91b0504be9c2cf4,inputs=Half;Half;Half;Half;Half|outputs=Half,/q_norm_2/Add;/q_norm_2/Sqrt;/q_norm_2/Mul;/q_norm_2/Mul_1;/Transpose_10;/Slice_8;/Slice_9;/Concat_28;/Mul_20;/Add_8;/Mul_19;/Neg_4;/q_norm_2/Div,L2:q_norm,HIGH,ENGINE_INSPECTOR_METADATA + ONNX_GRAPH_NODE_MATCH + RECOGNIZED_QWEN3_OPERATOR_NAME
65,__mye676886_myl0_65,signal,UNKNOWN,inputs=NONE|outputs=NONE,UNKNOWN,UNKNOWN,UNKNOWN,NO_METADATA
66,__mye676888_myl0_66,wait,UNKNOWN,inputs=NONE|outputs=NONE,UNKNOWN,UNKNOWN,UNKNOWN,NO_METADATA
67,/MatMul_4_myl0_67,gemm,sm80_xmma_gemm_f16f16_f16f32_f32_nn_n_tilesize32x32x64_stage6_warpsize2x2x1_tensor16x8x16_aligna2_alignc2,inputs=Half;Half;Float;Float|outputs=Half,/MatMul_4,UNKNOWN,MEDIUM,ENGINE_INSPECTOR_METADATA + ONNX_GRAPH_NODE_MATCH + OPERATOR_NAME_NOT_RECOGNIZED
68,__myl_MulMaxSubExpSumDivMul_myl0_68,kgen,__myl_MulMaxSubExpSumDivMul_0x1108f5a078d6e65507c06537b9b2e43f,inputs=Half;Int64;Int64|outputs=Half,/Mul_25;/Softmax_2,UNKNOWN,MEDIUM,ENGINE_INSPECTOR_METADATA + ONNX_GRAPH_NODE_MATCH + OPERATOR_NAME_NOT_RECOGNIZED
69,__mye676892_myl0_69,wait,UNKNOWN,inputs=NONE|outputs=NONE,UNKNOWN,UNKNOWN,UNKNOWN,NO_METADATA
70,/MatMul_5_myl0_70,gemm,sm80_xmma_gemm_f16f16_f16f32_f32_nn_n_tilesize64x128x32_stage5_warpsize2x2x1_tensor16x8x16_aligna2_alignc2,inputs=Half;Half;Float;Float|outputs=Half,/MatMul_5,UNKNOWN,MEDIUM,ENGINE_INSPECTOR_METADATA + ONNX_GRAPH_NODE_MATCH + OPERATOR_NAME_NOT_RECOGNIZED
71,__myl_MulMinMaxRouCas_myl0_71,kgen,__myl_MulMinMaxRouCas_0x2bde768f3e1a80e37132bb2f4be64789,inputs=Half|outputs=Int8,/o_proj_2/MatMul__a_quant,L2:o_proj,HIGH,ENGINE_INSPECTOR_METADATA + ONNX_GRAPH_NODE_MATCH + RECOGNIZED_QWEN3_OPERATOR_NAME
72,__myl_FcCasAdd_myl0_72,fusion,sm80_xmma_gemm_i8f32_i8i32_f32_tn_n_tilesize32x64x64_stage6_warpsize2x2x1_tensor16x8x32_by_fusion_tactic,inputs=Half;Int8;Int8|outputs=Half,/o_proj_2/MatMul;/o_proj_2/MatMul__a_dequant;/o_proj_2/MatMul__a_quant;/o_proj_2/MatMul__w_dequant;/Add_10,L2:o_proj,HIGH,ENGINE_INSPECTOR_METADATA + ONNX_GRAPH_NODE_MATCH + RECOGNIZED_QWEN3_OPERATOR_NAME
73,__myl_MulMeaAddSqrDivMulMulMulMinMaxRouCas_myl0_73,kgen,__myl_MulMeaAddSqrDivMulMulMulMinMaxRouCas_0x84ef5602e3183b8229f8022d6e6eb74f,inputs=Half;Half;Half;Half|outputs=Int8;Half,/post_attention_layernorm_2/Pow;/post_attention_layernorm_2/ReduceMean;/post_attention_layernorm_2/Add;/post_attention_layernorm_2/Div;/post_attention_layernorm_2/Sqrt;/post_attention_layernorm_2/Mul;/post_attention_layernorm_2/Mul_1;/gate_proj_2/MatMul__a_quant,L2:post_attention_layernorm;L2:gate_proj,HIGH,ENGINE_INSPECTOR_METADATA + ONNX_GRAPH_NODE_MATCH + RECOGNIZED_QWEN3_OPERATOR_NAME
74,/up_proj_2/MatMul_myl0_74,gemm,sm80_xmma_gemm_f16f16_f16f16_f16_tn_n_tilesize32x32x64_stage6_warpsize2x2x1_tensor16x8x16,inputs=Half;Half;Float;Float|outputs=Half,/up_proj_2/MatMul,L2:up_proj,HIGH,ENGINE_INSPECTOR_METADATA + ONNX_GRAPH_NODE_MATCH + RECOGNIZED_QWEN3_OPERATOR_NAME
75,__myl_FcCasNegExpAddDivMulMul_myl0_75,fusion,sm80_xmma_gemm_i8i8_i8i32_f32_tn_n_tilesize32x64x64_stage6_warpsize2x2x1_tensor16x8x32_by_fusion_tactic,inputs=Half;Int8;Int8|outputs=Half,/gate_proj_2/MatMul;/gate_proj_2/MatMul__a_dequant;/gate_proj_2/MatMul__a_quant;/gate_proj_2/MatMul__w_dequant;/Mul_26;/Mul_27;/Sigmoid_2,L2:gate_proj,HIGH,ENGINE_INSPECTOR_METADATA + ONNX_GRAPH_NODE_MATCH + RECOGNIZED_QWEN3_OPERATOR_NAME
76,__myl_FcAdd_myl0_76,fusion,sm80_xmma_gemm_f16f16_f16f16_f16_nn_n_tilesize64x128x32_stage5_warpsize2x2x1_tensor16x8x16_by_fusion_tactic,inputs=Half;Half;Half|outputs=Half,/down_proj_2/MatMul;/Add_11,L2:down_proj,HIGH,ENGINE_INSPECTOR_METADATA + ONNX_GRAPH_NODE_MATCH + RECOGNIZED_QWEN3_OPERATOR_NAME
77,__myl_MulMeaAddSqrDivMulDivMinMaxRouCasDivMinMaxRouCasDivMinMaxRouCas_myl0_77,kgen,__myl_MulMeaAddSqrDivMulDivMinMaxRouCasDivMinMaxRouCasDivMinMaxRouCas_0x9f2c300bb597625319cadec4728f9bc5,inputs=Half;Half;Half;Half;Half;Half|outputs=Int8;Int8;Int8,/q_proj_3/MatMul__a_quant;/k_proj_3/MatMul__a_quant;/v_proj_3/MatMul__a_quant;/input_layernorm_3/Mul;/input_layernorm_3/Sqrt;/input_layernorm_3/Div;/input_layernorm_3/Add;/input_layernorm_3/ReduceMean;/input_layernorm_3/Pow,L3:q_proj;L3:k_proj;L3:v_proj;L3:input_layernorm,HIGH,ENGINE_INSPECTOR_METADATA + ONNX_GRAPH_NODE_MATCH + RECOGNIZED_QWEN3_OPERATOR_NAME
78,__mye676894_myl0_78,signal,UNKNOWN,inputs=NONE|outputs=NONE,UNKNOWN,UNKNOWN,UNKNOWN,NO_METADATA
79,__mye676896_myl0_79,wait,UNKNOWN,inputs=NONE|outputs=NONE,UNKNOWN,UNKNOWN,UNKNOWN,NO_METADATA
80,__myl_FcCas_myl0_80,fusion,sm80_xmma_gemm_i8f32_i8i32_f32_tn_n_tilesize32x64x64_stage6_warpsize2x2x1_tensor16x8x32_by_fusion_tactic,inputs=Int8;Int8|outputs=Half,/v_proj_3/MatMul;/v_proj_3/MatMul__a_dequant;/v_proj_3/MatMul__a_quant;/v_proj_3/MatMul__w_dequant,L3:v_proj,HIGH,ENGINE_INSPECTOR_METADATA + ONNX_GRAPH_NODE_MATCH + RECOGNIZED_QWEN3_OPERATOR_NAME
81,__myl_ResConResRep_myl0_81,kgen,__myl_ResConResRep_0x9d40828c020eb6bb972be950c35191c1,inputs=Half;Half;Int64;Int64;Int64;Int64;Int64;Int64;Int64;Int64;Int64;Int64;Int64;Int64;Int64;Int64|outputs=Half;Half,/Reshape_26;/Transpose_17;/Unsqueeze_84;/Expand_7;/Concat_43,UNKNOWN,MEDIUM,ENGINE_INSPECTOR_METADATA + ONNX_GRAPH_NODE_MATCH + OPERATOR_NAME_NOT_RECOGNIZED
82,__mye676904_myl0_82,signal,UNKNOWN,inputs=NONE|outputs=NONE,UNKNOWN,UNKNOWN,UNKNOWN,NO_METADATA
83,__mye676898_myl0_83,wait,UNKNOWN,inputs=NONE|outputs=NONE,UNKNOWN,UNKNOWN,UNKNOWN,NO_METADATA
84,__myl_FcCas_myl0_84,fusion,sm80_xmma_gemm_i8f32_i8i32_f32_tn_n_tilesize32x64x64_stage6_warpsize2x2x1_tensor16x8x32_by_fusion_tactic,inputs=Int8;Int8|outputs=Half,/k_proj_3/MatMul;/k_proj_3/MatMul__a_dequant;/k_proj_3/MatMul__a_quant;/k_proj_3/MatMul__w_dequant,L3:k_proj,HIGH,ENGINE_INSPECTOR_METADATA + ONNX_GRAPH_NODE_MATCH + RECOGNIZED_QWEN3_OPERATOR_NAME
85,__myl_ResMulMea_myl0_85,kgen,__myl_ResMulMea_0x3c91498c3beee36a5653966af1581a8a,inputs=Half|outputs=Half;Half,/Reshape_25;/k_norm_3/Pow;/k_norm_3/ReduceMean,L3:k_norm,HIGH,ENGINE_INSPECTOR_METADATA + ONNX_GRAPH_NODE_MATCH + RECOGNIZED_QWEN3_OPERATOR_NAME
86,__myl_AddSqrDivMulMulResSliSliNegConMulMulAddConResRepResTra_myl0_86,kgen,__myl_AddSqrDivMulMulResSliSliNegConMulMulAddConResRepResTra_0x5aea462b6a819ceadd3ebb32874c078f,inputs=Half;Half;Half;Half;Half;Half;Int64;Int64;Int64;Int64;Int64;Int64;Int64;Int64;Int64;Int64;Int64;Int64;Int64;Int64;Int64;Int64;Int64;Int64|outputs=Half;Half,/k_norm_3/Add;/k_norm_3/Sqrt;/k_norm_3/Mul;/k_norm_3/Mul_1;/Transpose_16;/Slice_14;/Slice_15;/Concat_41;/Mul_31;/Add_13;/Mul_30;/Unsqueeze_79;/Reshape_28;/Transpose_18;/Expand_6;/Concat_42;/Neg_7;/k_norm_3/Div,L3:k_norm,HIGH,ENGINE_INSPECTOR_METADATA + ONNX_GRAPH_NODE_MATCH + RECOGNIZED_QWEN3_OPERATOR_NAME
87,__mye676900_myl0_87,signal,UNKNOWN,inputs=NONE|outputs=NONE,UNKNOWN,UNKNOWN,UNKNOWN,NO_METADATA
88,__myl_FcCas_myl0_88,fusion,sm80_xmma_gemm_i8f32_i8i32_f32_tn_n_tilesize32x64x64_stage6_warpsize2x2x1_tensor16x8x32_by_fusion_tactic,inputs=Int8;Int8|outputs=Half,/q_proj_3/MatMul;/q_proj_3/MatMul__a_dequant;/q_proj_3/MatMul__a_quant;/q_proj_3/MatMul__w_dequant,L3:q_proj,HIGH,ENGINE_INSPECTOR_METADATA + ONNX_GRAPH_NODE_MATCH + RECOGNIZED_QWEN3_OPERATOR_NAME
89,__myl_ResMulMea_myl0_89,kgen,__myl_ResMulMea_0xf2413012cd9ac6341b95d78f3432c656,inputs=Half|outputs=Half;Half,/Reshape_24;/q_norm_3/Pow;/q_norm_3/ReduceMean,L3:q_norm,HIGH,ENGINE_INSPECTOR_METADATA + ONNX_GRAPH_NODE_MATCH + RECOGNIZED_QWEN3_OPERATOR_NAME
90,__myl_AddSqrDivMulMulResSliSliNegConMulMulAdd_myl0_90,kgen,__myl_AddSqrDivMulMulResSliSliNegConMulMulAdd_0xf1ba08cc3beaba8ee91b0504be9c2cf4,inputs=Half;Half;Half;Half;Half|outputs=Half,/q_norm_3/Add;/q_norm_3/Sqrt;/q_norm_3/Mul;/q_norm_3/Mul_1;/Transpose_15;/Slice_12;/Slice_13;/Concat_40;/Mul_29;/Add_12;/Mul_28;/Neg_6;/q_norm_3/Div,L3:q_norm,HIGH,ENGINE_INSPECTOR_METADATA + ONNX_GRAPH_NODE_MATCH + RECOGNIZED_QWEN3_OPERATOR_NAME
91,__mye676902_myl0_91,wait,UNKNOWN,inputs=NONE|outputs=NONE,UNKNOWN,UNKNOWN,UNKNOWN,NO_METADATA
92,/MatMul_6_myl0_92,gemm,sm80_xmma_gemm_f16f16_f16f32_f32_nn_n_tilesize32x32x64_stage6_warpsize2x2x1_tensor16x8x16_aligna2_alignc2,inputs=Half;Half;Float;Float|outputs=Half,/MatMul_6,UNKNOWN,MEDIUM,ENGINE_INSPECTOR_METADATA + ONNX_GRAPH_NODE_MATCH + OPERATOR_NAME_NOT_RECOGNIZED
93,__myl_MulMaxSubExpSumDivMul_myl0_93,kgen,__myl_MulMaxSubExpSumDivMul_0x1108f5a078d6e65507c06537b9b2e43f,inputs=Half;Int64;Int64|outputs=Half,/Mul_34;/Softmax_3,UNKNOWN,MEDIUM,ENGINE_INSPECTOR_METADATA + ONNX_GRAPH_NODE_MATCH + OPERATOR_NAME_NOT_RECOGNIZED
94,__mye676906_myl0_94,wait,UNKNOWN,inputs=NONE|outputs=NONE,UNKNOWN,UNKNOWN,UNKNOWN,NO_METADATA
95,/MatMul_7_myl0_95,gemm,sm80_xmma_gemm_f16f16_f16f32_f32_nn_n_tilesize64x128x32_stage5_warpsize2x2x1_tensor16x8x16_aligna2_alignc2,inputs=Half;Half;Float;Float|outputs=Half,/MatMul_7,UNKNOWN,MEDIUM,ENGINE_INSPECTOR_METADATA + ONNX_GRAPH_NODE_MATCH + OPERATOR_NAME_NOT_RECOGNIZED
96,__myl_MulMinMaxRouCas_myl0_96,kgen,__myl_MulMinMaxRouCas_0x6a10bd9f6c374e5ad061c0d2824b0a25,inputs=Half|outputs=Int8,/o_proj_3/MatMul__a_quant,L3:o_proj,HIGH,ENGINE_INSPECTOR_METADATA + ONNX_GRAPH_NODE_MATCH + RECOGNIZED_QWEN3_OPERATOR_NAME
97,__myl_FcCasAdd_myl0_97,fusion,sm80_xmma_gemm_i8f32_i8i32_f32_tn_n_tilesize32x64x64_stage6_warpsize2x2x1_tensor16x8x32_by_fusion_tactic,inputs=Half;Int8;Int8|outputs=Half,/o_proj_3/MatMul;/o_proj_3/MatMul__a_dequant;/o_proj_3/MatMul__a_quant;/o_proj_3/MatMul__w_dequant;/Add_14,L3:o_proj,HIGH,ENGINE_INSPECTOR_METADATA + ONNX_GRAPH_NODE_MATCH + RECOGNIZED_QWEN3_OPERATOR_NAME
98,__myl_MulMeaAddSqrDivMulMulMulMinMaxRouCas_myl0_98,kgen,__myl_MulMeaAddSqrDivMulMulMulMinMaxRouCas_0x2b4860727aa16b8274c6a9e412ad0345,inputs=Half;Half;Half;Half|outputs=Int8;Half,/post_attention_layernorm_3/Pow;/post_attention_layernorm_3/ReduceMean;/post_attention_layernorm_3/Add;/post_attention_layernorm_3/Div;/post_attention_layernorm_3/Sqrt;/post_attention_layernorm_3/Mul;/post_attention_layernorm_3/Mul_1;/gate_proj_3/MatMul__a_quant,L3:post_attention_layernorm;L3:gate_proj,HIGH,ENGINE_INSPECTOR_METADATA + ONNX_GRAPH_NODE_MATCH + RECOGNIZED_QWEN3_OPERATOR_NAME
99,/up_proj_3/MatMul_myl0_99,gemm,sm80_xmma_gemm_f16f16_f16f16_f16_tn_n_tilesize32x32x64_stage6_warpsize2x2x1_tensor16x8x16,inputs=Half;Half;Float;Float|outputs=Half,/up_proj_3/MatMul,L3:up_proj,HIGH,ENGINE_INSPECTOR_METADATA + ONNX_GRAPH_NODE_MATCH + RECOGNIZED_QWEN3_OPERATOR_NAME
100,__myl_FcCasNegExpAddDivMulMul_myl0_100,fusion,sm80_xmma_gemm_i8i8_i8i32_f32_tn_n_tilesize32x64x64_stage6_warpsize2x2x1_tensor16x8x32_by_fusion_tactic,inputs=Half;Int8;Int8|outputs=Half,/gate_proj_3/MatMul;/gate_proj_3/MatMul__a_dequant;/gate_proj_3/MatMul__a_quant;/gate_proj_3/MatMul__w_dequant;/Mul_35;/Mul_36;/Sigmoid_3,L3:gate_proj,HIGH,ENGINE_INSPECTOR_METADATA + ONNX_GRAPH_NODE_MATCH + RECOGNIZED_QWEN3_OPERATOR_NAME
101,__myl_FcAdd_myl0_101,fusion,sm80_xmma_gemm_f16f16_f16f16_f16_nn_n_tilesize64x128x32_stage5_warpsize2x2x1_tensor16x8x16_by_fusion_tactic,inputs=Half;Half;Half|outputs=Half,/down_proj_3/MatMul;/Add_15,L3:down_proj,HIGH,ENGINE_INSPECTOR_METADATA + ONNX_GRAPH_NODE_MATCH + RECOGNIZED_QWEN3_OPERATOR_NAME
102,__myl_MulMeaAddSqrDivMulDivMinMaxRouCasDivMinMaxRouCasDivMinMaxRouCas_myl0_102,kgen,__myl_MulMeaAddSqrDivMulDivMinMaxRouCasDivMinMaxRouCasDivMinMaxRouCas_0x9f2c300bb597625319cadec4728f9bc5,inputs=Half;Half;Half;Half;Half;Half|outputs=Int8;Int8;Int8,/q_proj_4/MatMul__a_quant;/k_proj_4/MatMul__a_quant;/v_proj_4/MatMul__a_quant;/input_layernorm_4/Mul;/input_layernorm_4/Sqrt;/input_layernorm_4/Div;/input_layernorm_4/Add;/input_layernorm_4/ReduceMean;/input_layernorm_4/Pow,L4:q_proj;L4:k_proj;L4:v_proj;L4:input_layernorm,HIGH,ENGINE_INSPECTOR_METADATA + ONNX_GRAPH_NODE_MATCH + RECOGNIZED_QWEN3_OPERATOR_NAME
103,__mye676908_myl0_103,signal,UNKNOWN,inputs=NONE|outputs=NONE,UNKNOWN,UNKNOWN,UNKNOWN,NO_METADATA
104,__mye676910_myl0_104,wait,UNKNOWN,inputs=NONE|outputs=NONE,UNKNOWN,UNKNOWN,UNKNOWN,NO_METADATA
105,__myl_FcCas_myl0_105,fusion,sm80_xmma_gemm_i8f32_i8i32_f32_tn_n_tilesize32x64x64_stage6_warpsize2x2x1_tensor16x8x32_by_fusion_tactic,inputs=Int8;Int8|outputs=Half,/v_proj_4/MatMul;/v_proj_4/MatMul__a_dequant;/v_proj_4/MatMul__a_quant;/v_proj_4/MatMul__w_dequant,L4:v_proj,HIGH,ENGINE_INSPECTOR_METADATA + ONNX_GRAPH_NODE_MATCH + RECOGNIZED_QWEN3_OPERATOR_NAME
106,__myl_ResConResRep_myl0_106,kgen,__myl_ResConResRep_0x9d40828c020eb6bb972be950c35191c1,inputs=Half;Half;Int64;Int64;Int64;Int64;Int64;Int64;Int64;Int64;Int64;Int64;Int64;Int64;Int64;Int64|outputs=Half;Half,/Reshape_34;/Transpose_22;/Unsqueeze_106;/Expand_9;/Concat_55,UNKNOWN,MEDIUM,ENGINE_INSPECTOR_METADATA + ONNX_GRAPH_NODE_MATCH + OPERATOR_NAME_NOT_RECOGNIZED
107,__mye676918_myl0_107,signal,UNKNOWN,inputs=NONE|outputs=NONE,UNKNOWN,UNKNOWN,UNKNOWN,NO_METADATA
108,__mye676912_myl0_108,wait,UNKNOWN,inputs=NONE|outputs=NONE,UNKNOWN,UNKNOWN,UNKNOWN,NO_METADATA
109,__myl_FcCas_myl0_109,fusion,sm80_xmma_gemm_i8f32_i8i32_f32_tn_n_tilesize32x64x64_stage6_warpsize2x2x1_tensor16x8x32_by_fusion_tactic,inputs=Int8;Int8|outputs=Half,/k_proj_4/MatMul;/k_proj_4/MatMul__a_dequant;/k_proj_4/MatMul__a_quant;/k_proj_4/MatMul__w_dequant,L4:k_proj,HIGH,ENGINE_INSPECTOR_METADATA + ONNX_GRAPH_NODE_MATCH + RECOGNIZED_QWEN3_OPERATOR_NAME
110,__myl_ResMulMea_myl0_110,kgen,__myl_ResMulMea_0x3c91498c3beee36a5653966af1581a8a,inputs=Half|outputs=Half;Half,/Reshape_33;/k_norm_4/Pow;/k_norm_4/ReduceMean,L4:k_norm,HIGH,ENGINE_INSPECTOR_METADATA + ONNX_GRAPH_NODE_MATCH + RECOGNIZED_QWEN3_OPERATOR_NAME
111,__myl_AddSqrDivMulMulResSliSliNegConMulMulAddConResRepResTra_myl0_111,kgen,__myl_AddSqrDivMulMulResSliSliNegConMulMulAddConResRepResTra_0x5aea462b6a819ceadd3ebb32874c078f,inputs=Half;Half;Half;Half;Half;Half;Int64;Int64;Int64;Int64;Int64;Int64;Int64;Int64;Int64;Int64;Int64;Int64;Int64;Int64;Int64;Int64;Int64;Int64|outputs=Half;Half,/k_norm_4/Add;/k_norm_4/Sqrt;/k_norm_4/Mul;/k_norm_4/Mul_1;/Transpose_21;/Slice_18;/Slice_19;/Concat_53;/Mul_40;/Add_17;/Mul_39;/Unsqueeze_101;/Reshape_36;/Transpose_23;/Expand_8;/Concat_54;/Neg_9;/k_norm_4/Div,L4:k_norm,HIGH,ENGINE_INSPECTOR_METADATA + ONNX_GRAPH_NODE_MATCH + RECOGNIZED_QWEN3_OPERATOR_NAME
112,__mye676914_myl0_112,signal,UNKNOWN,inputs=NONE|outputs=NONE,UNKNOWN,UNKNOWN,UNKNOWN,NO_METADATA
113,__myl_FcCas_myl0_113,fusion,sm80_xmma_gemm_i8f32_i8i32_f32_tn_n_tilesize32x64x64_stage6_warpsize2x2x1_tensor16x8x32_by_fusion_tactic,inputs=Int8;Int8|outputs=Half,/q_proj_4/MatMul;/q_proj_4/MatMul__a_dequant;/q_proj_4/MatMul__a_quant;/q_proj_4/MatMul__w_dequant,L4:q_proj,HIGH,ENGINE_INSPECTOR_METADATA + ONNX_GRAPH_NODE_MATCH + RECOGNIZED_QWEN3_OPERATOR_NAME
114,__myl_ResMulMea_myl0_114,kgen,__myl_ResMulMea_0xf2413012cd9ac6341b95d78f3432c656,inputs=Half|outputs=Half;Half,/Reshape_32;/q_norm_4/Pow;/q_norm_4/ReduceMean,L4:q_norm,HIGH,ENGINE_INSPECTOR_METADATA + ONNX_GRAPH_NODE_MATCH + RECOGNIZED_QWEN3_OPERATOR_NAME
115,__myl_AddSqrDivMulMulResSliSliNegConMulMulAdd_myl0_115,kgen,__myl_AddSqrDivMulMulResSliSliNegConMulMulAdd_0xf1ba08cc3beaba8ee91b0504be9c2cf4,inputs=Half;Half;Half;Half;Half|outputs=Half,/q_norm_4/Add;/q_norm_4/Sqrt;/q_norm_4/Mul;/q_norm_4/Mul_1;/Transpose_20;/Slice_16;/Slice_17;/Concat_52;/Mul_38;/Add_16;/Mul_37;/Neg_8;/q_norm_4/Div,L4:q_norm,HIGH,ENGINE_INSPECTOR_METADATA + ONNX_GRAPH_NODE_MATCH + RECOGNIZED_QWEN3_OPERATOR_NAME
116,__mye676916_myl0_116,wait,UNKNOWN,inputs=NONE|outputs=NONE,UNKNOWN,UNKNOWN,UNKNOWN,NO_METADATA
117,/MatMul_8_myl0_117,gemm,sm80_xmma_gemm_f16f16_f16f32_f32_nn_n_tilesize32x32x64_stage6_warpsize2x2x1_tensor16x8x16_aligna2_alignc2,inputs=Half;Half;Float;Float|outputs=Half,/MatMul_8,UNKNOWN,MEDIUM,ENGINE_INSPECTOR_METADATA + ONNX_GRAPH_NODE_MATCH + OPERATOR_NAME_NOT_RECOGNIZED
118,__myl_MulMaxSubExpSumDivMul_myl0_118,kgen,__myl_MulMaxSubExpSumDivMul_0x1108f5a078d6e65507c06537b9b2e43f,inputs=Half;Int64;Int64|outputs=Half,/Mul_43;/Softmax_4,UNKNOWN,MEDIUM,ENGINE_INSPECTOR_METADATA + ONNX_GRAPH_NODE_MATCH + OPERATOR_NAME_NOT_RECOGNIZED
119,__mye676920_myl0_119,wait,UNKNOWN,inputs=NONE|outputs=NONE,UNKNOWN,UNKNOWN,UNKNOWN,NO_METADATA
120,/MatMul_9_myl0_120,gemm,sm80_xmma_gemm_f16f16_f16f32_f32_nn_n_tilesize64x128x32_stage5_warpsize2x2x1_tensor16x8x16_aligna2_alignc2,inputs=Half;Half;Float;Float|outputs=Half,/MatMul_9,UNKNOWN,MEDIUM,ENGINE_INSPECTOR_METADATA + ONNX_GRAPH_NODE_MATCH + OPERATOR_NAME_NOT_RECOGNIZED
121,__myl_MulMinMaxRouCas_myl0_121,kgen,__myl_MulMinMaxRouCas_0x8dd8f4f93c6a1e7d8a5025e20f21222e,inputs=Half|outputs=Int8,/o_proj_4/MatMul__a_quant,L4:o_proj,HIGH,ENGINE_INSPECTOR_METADATA + ONNX_GRAPH_NODE_MATCH + RECOGNIZED_QWEN3_OPERATOR_NAME
122,__myl_FcCasAdd_myl0_122,fusion,sm80_xmma_gemm_i8f32_i8i32_f32_tn_n_tilesize32x64x64_stage6_warpsize2x2x1_tensor16x8x32_by_fusion_tactic,inputs=Half;Int8;Int8|outputs=Half,/o_proj_4/MatMul;/o_proj_4/MatMul__a_dequant;/o_proj_4/MatMul__a_quant;/o_proj_4/MatMul__w_dequant;/Add_18,L4:o_proj,HIGH,ENGINE_INSPECTOR_METADATA + ONNX_GRAPH_NODE_MATCH + RECOGNIZED_QWEN3_OPERATOR_NAME
123,__myl_MulMeaAddSqrDivMulMulMulMinMaxRouCas_myl0_123,kgen,__myl_MulMeaAddSqrDivMulMulMulMinMaxRouCas_0xa203a21bb9a2ead322f314c5ed6c45fd,inputs=Half;Half;Half;Half|outputs=Int8;Half,/post_attention_layernorm_4/Pow;/post_attention_layernorm_4/ReduceMean;/post_attention_layernorm_4/Add;/post_attention_layernorm_4/Div;/post_attention_layernorm_4/Sqrt;/post_attention_layernorm_4/Mul;/post_attention_layernorm_4/Mul_1;/gate_proj_4/MatMul__a_quant,L4:post_attention_layernorm;L4:gate_proj,HIGH,ENGINE_INSPECTOR_METADATA + ONNX_GRAPH_NODE_MATCH + RECOGNIZED_QWEN3_OPERATOR_NAME
124,/up_proj_4/MatMul_myl0_124,gemm,sm80_xmma_gemm_f16f16_f16f16_f16_tn_n_tilesize32x32x64_stage6_warpsize2x2x1_tensor16x8x16,inputs=Half;Half;Float;Float|outputs=Half,/up_proj_4/MatMul,L4:up_proj,HIGH,ENGINE_INSPECTOR_METADATA + ONNX_GRAPH_NODE_MATCH + RECOGNIZED_QWEN3_OPERATOR_NAME
125,__myl_FcCasNegExpAddDivMulMul_myl0_125,fusion,sm80_xmma_gemm_i8i8_i8i32_f32_tn_n_tilesize32x64x64_stage6_warpsize2x2x1_tensor16x8x32_by_fusion_tactic,inputs=Half;Int8;Int8|outputs=Half,/gate_proj_4/MatMul;/gate_proj_4/MatMul__a_dequant;/gate_proj_4/MatMul__a_quant;/gate_proj_4/MatMul__w_dequant;/Mul_44;/Mul_45;/Sigmoid_4,L4:gate_proj,HIGH,ENGINE_INSPECTOR_METADATA + ONNX_GRAPH_NODE_MATCH + RECOGNIZED_QWEN3_OPERATOR_NAME
126,__myl_FcAdd_myl0_126,fusion,sm80_xmma_gemm_f16f16_f16f16_f16_nn_n_tilesize64x128x32_stage5_warpsize2x2x1_tensor16x8x16_by_fusion_tactic,inputs=Half;Half;Half|outputs=Half,/down_proj_4/MatMul;/Add_19,L4:down_proj,HIGH,ENGINE_INSPECTOR_METADATA + ONNX_GRAPH_NODE_MATCH + RECOGNIZED_QWEN3_OPERATOR_NAME
127,__myl_MulMeaAddSqrDivMulDivMinMaxRouCasDivMinMaxRouCasDivMinMaxRouCas_myl0_127,kgen,__myl_MulMeaAddSqrDivMulDivMinMaxRouCasDivMinMaxRouCasDivMinMaxRouCas_0x9f2c300bb597625319cadec4728f9bc5,inputs=Half;Half;Half;Half;Half;Half|outputs=Int8;Int8;Int8,/q_proj_5/MatMul__a_quant;/k_proj_5/MatMul__a_quant;/v_proj_5/MatMul__a_quant;/input_layernorm_5/Mul;/input_layernorm_5/Sqrt;/input_layernorm_5/Div;/input_layernorm_5/Add;/input_layernorm_5/ReduceMean;/input_layernorm_5/Pow,L5:q_proj;L5:k_proj;L5:v_proj;L5:input_layernorm,HIGH,ENGINE_INSPECTOR_METADATA + ONNX_GRAPH_NODE_MATCH + RECOGNIZED_QWEN3_OPERATOR_NAME
128,__mye676922_myl0_128,signal,UNKNOWN,inputs=NONE|outputs=NONE,UNKNOWN,UNKNOWN,UNKNOWN,NO_METADATA
129,__mye676924_myl0_129,wait,UNKNOWN,inputs=NONE|outputs=NONE,UNKNOWN,UNKNOWN,UNKNOWN,NO_METADATA
130,__myl_FcCas_myl0_130,fusion,sm80_xmma_gemm_i8f32_i8i32_f32_tn_n_tilesize32x64x64_stage6_warpsize2x2x1_tensor16x8x32_by_fusion_tactic,inputs=Int8;Int8|outputs=Half,/v_proj_5/MatMul;/v_proj_5/MatMul__a_dequant;/v_proj_5/MatMul__a_quant;/v_proj_5/MatMul__w_dequant,L5:v_proj,HIGH,ENGINE_INSPECTOR_METADATA + ONNX_GRAPH_NODE_MATCH + RECOGNIZED_QWEN3_OPERATOR_NAME
131,__myl_ResConResRep_myl0_131,kgen,__myl_ResConResRep_0x9d40828c020eb6bb972be950c35191c1,inputs=Half;Half;Int64;Int64;Int64;Int64;Int64;Int64;Int64;Int64;Int64;Int64;Int64;Int64;Int64;Int64|outputs=Half;Half,/Reshape_42;/Transpose_27;/Unsqueeze_128;/Expand_11;/Concat_67,UNKNOWN,MEDIUM,ENGINE_INSPECTOR_METADATA + ONNX_GRAPH_NODE_MATCH + OPERATOR_NAME_NOT_RECOGNIZED
132,__mye676932_myl0_132,signal,UNKNOWN,inputs=NONE|outputs=NONE,UNKNOWN,UNKNOWN,UNKNOWN,NO_METADATA
133,__mye676926_myl0_133,wait,UNKNOWN,inputs=NONE|outputs=NONE,UNKNOWN,UNKNOWN,UNKNOWN,NO_METADATA
134,__myl_FcCas_myl0_134,fusion,sm80_xmma_gemm_i8f32_i8i32_f32_tn_n_tilesize32x64x64_stage6_warpsize2x2x1_tensor16x8x32_by_fusion_tactic,inputs=Int8;Int8|outputs=Half,/k_proj_5/MatMul;/k_proj_5/MatMul__a_dequant;/k_proj_5/MatMul__a_quant;/k_proj_5/MatMul__w_dequant,L5:k_proj,HIGH,ENGINE_INSPECTOR_METADATA + ONNX_GRAPH_NODE_MATCH + RECOGNIZED_QWEN3_OPERATOR_NAME
135,__myl_ResMulMea_myl0_135,kgen,__myl_ResMulMea_0x3c91498c3beee36a5653966af1581a8a,inputs=Half|outputs=Half;Half,/Reshape_41;/k_norm_5/Pow;/k_norm_5/ReduceMean,L5:k_norm,HIGH,ENGINE_INSPECTOR_METADATA + ONNX_GRAPH_NODE_MATCH + RECOGNIZED_QWEN3_OPERATOR_NAME
136,__myl_AddSqrDivMulMulResSliSliNegConMulMulAddConResRepResTra_myl0_136,kgen,__myl_AddSqrDivMulMulResSliSliNegConMulMulAddConResRepResTra_0x5aea462b6a819ceadd3ebb32874c078f,inputs=Half;Half;Half;Half;Half;Half;Int64;Int64;Int64;Int64;Int64;Int64;Int64;Int64;Int64;Int64;Int64;Int64;Int64;Int64;Int64;Int64;Int64;Int64|outputs=Half;Half,/k_norm_5/Add;/k_norm_5/Sqrt;/k_norm_5/Mul;/k_norm_5/Mul_1;/Transpose_26;/Slice_22;/Slice_23;/Concat_65;/Mul_49;/Add_21;/Mul_48;/Unsqueeze_123;/Reshape_44;/Transpose_28;/Expand_10;/Concat_66;/Neg_11;/k_norm_5/Div,L5:k_norm,HIGH,ENGINE_INSPECTOR_METADATA + ONNX_GRAPH_NODE_MATCH + RECOGNIZED_QWEN3_OPERATOR_NAME
137,__mye676928_myl0_137,signal,UNKNOWN,inputs=NONE|outputs=NONE,UNKNOWN,UNKNOWN,UNKNOWN,NO_METADATA
138,__myl_FcCas_myl0_138,fusion,sm80_xmma_gemm_i8f32_i8i32_f32_tn_n_tilesize32x64x64_stage6_warpsize2x2x1_tensor16x8x32_by_fusion_tactic,inputs=Int8;Int8|outputs=Half,/q_proj_5/MatMul;/q_proj_5/MatMul__a_dequant;/q_proj_5/MatMul__a_quant;/q_proj_5/MatMul__w_dequant,L5:q_proj,HIGH,ENGINE_INSPECTOR_METADATA + ONNX_GRAPH_NODE_MATCH + RECOGNIZED_QWEN3_OPERATOR_NAME
139,__myl_ResMulMea_myl0_139,kgen,__myl_ResMulMea_0xf2413012cd9ac6341b95d78f3432c656,inputs=Half|outputs=Half;Half,/Reshape_40;/q_norm_5/Pow;/q_norm_5/ReduceMean,L5:q_norm,HIGH,ENGINE_INSPECTOR_METADATA + ONNX_GRAPH_NODE_MATCH + RECOGNIZED_QWEN3_OPERATOR_NAME
140,__myl_AddSqrDivMulMulResSliSliNegConMulMulAdd_myl0_140,kgen,__myl_AddSqrDivMulMulResSliSliNegConMulMulAdd_0xf1ba08cc3beaba8ee91b0504be9c2cf4,inputs=Half;Half;Half;Half;Half|outputs=Half,/q_norm_5/Add;/q_norm_5/Sqrt;/q_norm_5/Mul;/q_norm_5/Mul_1;/Transpose_25;/Slice_20;/Slice_21;/Concat_64;/Mul_47;/Add_20;/Mul_46;/Neg_10;/q_norm_5/Div,L5:q_norm,HIGH,ENGINE_INSPECTOR_METADATA + ONNX_GRAPH_NODE_MATCH + RECOGNIZED_QWEN3_OPERATOR_NAME
141,__mye676930_myl0_141,wait,UNKNOWN,inputs=NONE|outputs=NONE,UNKNOWN,UNKNOWN,UNKNOWN,NO_METADATA
142,/MatMul_10_myl0_142,gemm,sm80_xmma_gemm_f16f16_f16f32_f32_nn_n_tilesize32x32x64_stage6_warpsize2x2x1_tensor16x8x16_aligna2_alignc2,inputs=Half;Half;Float;Float|outputs=Half,/MatMul_10,UNKNOWN,MEDIUM,ENGINE_INSPECTOR_METADATA + ONNX_GRAPH_NODE_MATCH + OPERATOR_NAME_NOT_RECOGNIZED
143,__myl_MulMaxSubExpSumDivMul_myl0_143,kgen,__myl_MulMaxSubExpSumDivMul_0x1108f5a078d6e65507c06537b9b2e43f,inputs=Half;Int64;Int64|outputs=Half,/Mul_52;/Softmax_5,UNKNOWN,MEDIUM,ENGINE_INSPECTOR_METADATA + ONNX_GRAPH_NODE_MATCH + OPERATOR_NAME_NOT_RECOGNIZED
144,__mye676934_myl0_144,wait,UNKNOWN,inputs=NONE|outputs=NONE,UNKNOWN,UNKNOWN,UNKNOWN,NO_METADATA
145,/MatMul_11_myl0_145,gemm,sm80_xmma_gemm_f16f16_f16f32_f32_nn_n_tilesize64x128x32_stage5_warpsize2x2x1_tensor16x8x16_aligna2_alignc2,inputs=Half;Half;Float;Float|outputs=Half,/MatMul_11,UNKNOWN,MEDIUM,ENGINE_INSPECTOR_METADATA + ONNX_GRAPH_NODE_MATCH + OPERATOR_NAME_NOT_RECOGNIZED
146,__myl_MulMinMaxRouCas_myl0_146,kgen,__myl_MulMinMaxRouCas_0x774908550917e749f75db6185bcae83f,inputs=Half|outputs=Int8,/o_proj_5/MatMul__a_quant,L5:o_proj,HIGH,ENGINE_INSPECTOR_METADATA + ONNX_GRAPH_NODE_MATCH + RECOGNIZED_QWEN3_OPERATOR_NAME
147,__myl_FcCasAdd_myl0_147,fusion,sm80_xmma_gemm_i8f32_i8i32_f32_tn_n_tilesize32x64x64_stage6_warpsize2x2x1_tensor16x8x32_by_fusion_tactic,inputs=Half;Int8;Int8|outputs=Half,/o_proj_5/MatMul;/o_proj_5/MatMul__a_dequant;/o_proj_5/MatMul__a_quant;/o_proj_5/MatMul__w_dequant;/Add_22,L5:o_proj,HIGH,ENGINE_INSPECTOR_METADATA + ONNX_GRAPH_NODE_MATCH + RECOGNIZED_QWEN3_OPERATOR_NAME
148,__myl_MulMeaAddSqrDivMulMulMulMinMaxRouCas_myl0_148,kgen,__myl_MulMeaAddSqrDivMulMulMulMinMaxRouCas_0xb2a73dcdcb246645ed7bcf4e6ce7b3cc,inputs=Half;Half;Half;Half|outputs=Int8;Half,/post_attention_layernorm_5/Pow;/post_attention_layernorm_5/ReduceMean;/post_attention_layernorm_5/Add;/post_attention_layernorm_5/Div;/post_attention_layernorm_5/Sqrt;/post_attention_layernorm_5/Mul;/post_attention_layernorm_5/Mul_1;/gate_proj_5/MatMul__a_quant,L5:post_attention_layernorm;L5:gate_proj,HIGH,ENGINE_INSPECTOR_METADATA + ONNX_GRAPH_NODE_MATCH + RECOGNIZED_QWEN3_OPERATOR_NAME
149,/up_proj_5/MatMul_myl0_149,gemm,sm80_xmma_gemm_f16f16_f16f16_f16_tn_n_tilesize32x32x64_stage6_warpsize2x2x1_tensor16x8x16,inputs=Half;Half;Float;Float|outputs=Half,/up_proj_5/MatMul,L5:up_proj,HIGH,ENGINE_INSPECTOR_METADATA + ONNX_GRAPH_NODE_MATCH + RECOGNIZED_QWEN3_OPERATOR_NAME
150,__myl_FcCasNegExpAddDivMulMul_myl0_150,fusion,sm80_xmma_gemm_i8i8_i8i32_f32_tn_n_tilesize32x64x64_stage6_warpsize2x2x1_tensor16x8x32_by_fusion_tactic,inputs=Half;Int8;Int8|outputs=Half,/gate_proj_5/MatMul;/gate_proj_5/MatMul__a_dequant;/gate_proj_5/MatMul__a_quant;/gate_proj_5/MatMul__w_dequant;/Mul_53;/Mul_54;/Sigmoid_5,L5:gate_proj,HIGH,ENGINE_INSPECTOR_METADATA + ONNX_GRAPH_NODE_MATCH + RECOGNIZED_QWEN3_OPERATOR_NAME
151,__myl_FcAdd_myl0_151,fusion,sm80_xmma_gemm_f16f16_f16f16_f16_nn_n_tilesize64x128x32_stage5_warpsize2x2x1_tensor16x8x16_by_fusion_tactic,inputs=Half;Half;Half|outputs=Half,/down_proj_5/MatMul;/Add_23,L5:down_proj,HIGH,ENGINE_INSPECTOR_METADATA + ONNX_GRAPH_NODE_MATCH + RECOGNIZED_QWEN3_OPERATOR_NAME
152,__myl_MulMeaAddSqrDivMulDivMinMaxRouCasDivMinMaxRouCasDivMinMaxRouCas_myl0_152,kgen,__myl_MulMeaAddSqrDivMulDivMinMaxRouCasDivMinMaxRouCasDivMinMaxRouCas_0x9f2c300bb597625319cadec4728f9bc5,inputs=Half;Half;Half;Half;Half;Half|outputs=Int8;Int8;Int8,/q_proj_6/MatMul__a_quant;/k_proj_6/MatMul__a_quant;/v_proj_6/MatMul__a_quant;/input_layernorm_6/Mul;/input_layernorm_6/Sqrt;/input_layernorm_6/Div;/input_layernorm_6/Add;/input_layernorm_6/ReduceMean;/input_layernorm_6/Pow,L6:q_proj;L6:k_proj;L6:v_proj;L6:input_layernorm,HIGH,ENGINE_INSPECTOR_METADATA + ONNX_GRAPH_NODE_MATCH + RECOGNIZED_QWEN3_OPERATOR_NAME
153,__mye676936_myl0_153,signal,UNKNOWN,inputs=NONE|outputs=NONE,UNKNOWN,UNKNOWN,UNKNOWN,NO_METADATA
154,__mye676938_myl0_154,wait,UNKNOWN,inputs=NONE|outputs=NONE,UNKNOWN,UNKNOWN,UNKNOWN,NO_METADATA
155,__myl_FcCas_myl0_155,fusion,sm80_xmma_gemm_i8f32_i8i32_f32_tn_n_tilesize32x64x64_stage6_warpsize2x2x1_tensor16x8x32_by_fusion_tactic,inputs=Int8;Int8|outputs=Half,/v_proj_6/MatMul;/v_proj_6/MatMul__a_dequant;/v_proj_6/MatMul__a_quant;/v_proj_6/MatMul__w_dequant,L6:v_proj,HIGH,ENGINE_INSPECTOR_METADATA + ONNX_GRAPH_NODE_MATCH + RECOGNIZED_QWEN3_OPERATOR_NAME
156,__myl_ResConResRep_myl0_156,kgen,__myl_ResConResRep_0x9d40828c020eb6bb972be950c35191c1,inputs=Half;Half;Int64;Int64;Int64;Int64;Int64;Int64;Int64;Int64;Int64;Int64;Int64;Int64;Int64;Int64|outputs=Half;Half,/Reshape_50;/Transpose_32;/Unsqueeze_150;/Expand_13;/Concat_79,UNKNOWN,MEDIUM,ENGINE_INSPECTOR_METADATA + ONNX_GRAPH_NODE_MATCH + OPERATOR_NAME_NOT_RECOGNIZED
157,__mye676946_myl0_157,signal,UNKNOWN,inputs=NONE|outputs=NONE,UNKNOWN,UNKNOWN,UNKNOWN,NO_METADATA
158,__mye676940_myl0_158,wait,UNKNOWN,inputs=NONE|outputs=NONE,UNKNOWN,UNKNOWN,UNKNOWN,NO_METADATA
159,__myl_FcCas_myl0_159,fusion,sm80_xmma_gemm_i8f32_i8i32_f32_tn_n_tilesize32x64x64_stage6_warpsize2x2x1_tensor16x8x32_by_fusion_tactic,inputs=Int8;Int8|outputs=Half,/k_proj_6/MatMul;/k_proj_6/MatMul__a_dequant;/k_proj_6/MatMul__a_quant;/k_proj_6/MatMul__w_dequant,L6:k_proj,HIGH,ENGINE_INSPECTOR_METADATA + ONNX_GRAPH_NODE_MATCH + RECOGNIZED_QWEN3_OPERATOR_NAME
160,__myl_ResMulMea_myl0_160,kgen,__myl_ResMulMea_0x3c91498c3beee36a5653966af1581a8a,inputs=Half|outputs=Half;Half,/Reshape_49;/k_norm_6/Pow;/k_norm_6/ReduceMean,L6:k_norm,HIGH,ENGINE_INSPECTOR_METADATA + ONNX_GRAPH_NODE_MATCH + RECOGNIZED_QWEN3_OPERATOR_NAME
161,__myl_AddSqrDivMulMulResSliSliNegConMulMulAddConResRepResTra_myl0_161,kgen,__myl_AddSqrDivMulMulResSliSliNegConMulMulAddConResRepResTra_0x5aea462b6a819ceadd3ebb32874c078f,inputs=Half;Half;Half;Half;Half;Half;Int64;Int64;Int64;Int64;Int64;Int64;Int64;Int64;Int64;Int64;Int64;Int64;Int64;Int64;Int64;Int64;Int64;Int64|outputs=Half;Half,/k_norm_6/Add;/k_norm_6/Sqrt;/k_norm_6/Mul;/k_norm_6/Mul_1;/Transpose_31;/Slice_26;/Slice_27;/Concat_77;/Mul_58;/Add_25;/Mul_57;/Unsqueeze_145;/Reshape_52;/Transpose_33;/Expand_12;/Concat_78;/Neg_13;/k_norm_6/Div,L6:k_norm,HIGH,ENGINE_INSPECTOR_METADATA + ONNX_GRAPH_NODE_MATCH + RECOGNIZED_QWEN3_OPERATOR_NAME
162,__mye676942_myl0_162,signal,UNKNOWN,inputs=NONE|outputs=NONE,UNKNOWN,UNKNOWN,UNKNOWN,NO_METADATA
163,__myl_FcCas_myl0_163,fusion,sm80_xmma_gemm_i8f32_i8i32_f32_tn_n_tilesize32x64x64_stage6_warpsize2x2x1_tensor16x8x32_by_fusion_tactic,inputs=Int8;Int8|outputs=Half,/q_proj_6/MatMul;/q_proj_6/MatMul__a_dequant;/q_proj_6/MatMul__a_quant;/q_proj_6/MatMul__w_dequant,L6:q_proj,HIGH,ENGINE_INSPECTOR_METADATA + ONNX_GRAPH_NODE_MATCH + RECOGNIZED_QWEN3_OPERATOR_NAME
164,__myl_ResMulMea_myl0_164,kgen,__myl_ResMulMea_0xf2413012cd9ac6341b95d78f3432c656,inputs=Half|outputs=Half;Half,/Reshape_48;/q_norm_6/Pow;/q_norm_6/ReduceMean,L6:q_norm,HIGH,ENGINE_INSPECTOR_METADATA + ONNX_GRAPH_NODE_MATCH + RECOGNIZED_QWEN3_OPERATOR_NAME
165,__myl_AddSqrDivMulMulResSliSliNegConMulMulAdd_myl0_165,kgen,__myl_AddSqrDivMulMulResSliSliNegConMulMulAdd_0xf1ba08cc3beaba8ee91b0504be9c2cf4,inputs=Half;Half;Half;Half;Half|outputs=Half,/q_norm_6/Add;/q_norm_6/Sqrt;/q_norm_6/Mul;/q_norm_6/Mul_1;/Transpose_30;/Slice_24;/Slice_25;/Concat_76;/Mul_56;/Add_24;/Mul_55;/Neg_12;/q_norm_6/Div,L6:q_norm,HIGH,ENGINE_INSPECTOR_METADATA + ONNX_GRAPH_NODE_MATCH + RECOGNIZED_QWEN3_OPERATOR_NAME
166,__mye676944_myl0_166,wait,UNKNOWN,inputs=NONE|outputs=NONE,UNKNOWN,UNKNOWN,UNKNOWN,NO_METADATA
167,/MatMul_12_myl0_167,gemm,sm80_xmma_gemm_f16f16_f16f32_f32_nn_n_tilesize32x32x64_stage6_warpsize2x2x1_tensor16x8x16_aligna2_alignc2,inputs=Half;Half;Float;Float|outputs=Half,/MatMul_12,UNKNOWN,MEDIUM,ENGINE_INSPECTOR_METADATA + ONNX_GRAPH_NODE_MATCH + OPERATOR_NAME_NOT_RECOGNIZED
168,__myl_MulMaxSubExpSumDivMul_myl0_168,kgen,__myl_MulMaxSubExpSumDivMul_0x1108f5a078d6e65507c06537b9b2e43f,inputs=Half;Int64;Int64|outputs=Half,/Mul_61;/Softmax_6,UNKNOWN,MEDIUM,ENGINE_INSPECTOR_METADATA + ONNX_GRAPH_NODE_MATCH + OPERATOR_NAME_NOT_RECOGNIZED
169,__mye676948_myl0_169,wait,UNKNOWN,inputs=NONE|outputs=NONE,UNKNOWN,UNKNOWN,UNKNOWN,NO_METADATA
170,/MatMul_13_myl0_170,gemm,sm80_xmma_gemm_f16f16_f16f32_f32_nn_n_tilesize64x128x32_stage5_warpsize2x2x1_tensor16x8x16_aligna2_alignc2,inputs=Half;Half;Float;Float|outputs=Half,/MatMul_13,UNKNOWN,MEDIUM,ENGINE_INSPECTOR_METADATA + ONNX_GRAPH_NODE_MATCH + OPERATOR_NAME_NOT_RECOGNIZED
171,__myl_MulMinMaxRouCas_myl0_171,kgen,__myl_MulMinMaxRouCas_0x774908550917e749f75db6185bcae83f,inputs=Half|outputs=Int8,/o_proj_6/MatMul__a_quant,L6:o_proj,HIGH,ENGINE_INSPECTOR_METADATA + ONNX_GRAPH_NODE_MATCH + RECOGNIZED_QWEN3_OPERATOR_NAME
172,__myl_FcCasAdd_myl0_172,fusion,sm80_xmma_gemm_i8f32_i8i32_f32_tn_n_tilesize32x64x64_stage6_warpsize2x2x1_tensor16x8x32_by_fusion_tactic,inputs=Half;Int8;Int8|outputs=Half,/o_proj_6/MatMul;/o_proj_6/MatMul__a_dequant;/o_proj_6/MatMul__a_quant;/o_proj_6/MatMul__w_dequant;/Add_26,L6:o_proj,HIGH,ENGINE_INSPECTOR_METADATA + ONNX_GRAPH_NODE_MATCH + RECOGNIZED_QWEN3_OPERATOR_NAME
173,__myl_MulMeaAddSqrDivMulMulMulMinMaxRouCas_myl0_173,kgen,__myl_MulMeaAddSqrDivMulMulMulMinMaxRouCas_0x8b0f22c4a2121702a93d8623b5a12ae4,inputs=Half;Half;Half;Half|outputs=Int8;Half,/post_attention_layernorm_6/Pow;/post_attention_layernorm_6/ReduceMean;/post_attention_layernorm_6/Add;/post_attention_layernorm_6/Div;/post_attention_layernorm_6/Sqrt;/post_attention_layernorm_6/Mul;/post_attention_layernorm_6/Mul_1;/gate_proj_6/MatMul__a_quant,L6:post_attention_layernorm;L6:gate_proj,HIGH,ENGINE_INSPECTOR_METADATA + ONNX_GRAPH_NODE_MATCH + RECOGNIZED_QWEN3_OPERATOR_NAME
174,/up_proj_6/MatMul_myl0_174,gemm,sm80_xmma_gemm_f16f16_f16f16_f16_tn_n_tilesize32x32x64_stage6_warpsize2x2x1_tensor16x8x16,inputs=Half;Half;Float;Float|outputs=Half,/up_proj_6/MatMul,L6:up_proj,HIGH,ENGINE_INSPECTOR_METADATA + ONNX_GRAPH_NODE_MATCH + RECOGNIZED_QWEN3_OPERATOR_NAME
175,__myl_FcCasNegExpAddDivMulMul_myl0_175,fusion,sm80_xmma_gemm_i8i8_i8i32_f32_tn_n_tilesize32x64x64_stage6_warpsize2x2x1_tensor16x8x32_by_fusion_tactic,inputs=Half;Int8;Int8|outputs=Half,/gate_proj_6/MatMul;/gate_proj_6/MatMul__a_dequant;/gate_proj_6/MatMul__a_quant;/gate_proj_6/MatMul__w_dequant;/Mul_62;/Mul_63;/Sigmoid_6,L6:gate_proj,HIGH,ENGINE_INSPECTOR_METADATA + ONNX_GRAPH_NODE_MATCH + RECOGNIZED_QWEN3_OPERATOR_NAME
176,__myl_FcAdd_myl0_176,fusion,sm80_xmma_gemm_f16f16_f16f16_f16_nn_n_tilesize64x128x32_stage5_warpsize2x2x1_tensor16x8x16_by_fusion_tactic,inputs=Half;Half;Half|outputs=Half,/down_proj_6/MatMul;/Add_27,L6:down_proj,HIGH,ENGINE_INSPECTOR_METADATA + ONNX_GRAPH_NODE_MATCH + RECOGNIZED_QWEN3_OPERATOR_NAME
177,__myl_MulMeaAddSqrDivMulDivMinMaxRouCasDivMinMaxRouCasDivMinMaxRouCas_myl0_177,kgen,__myl_MulMeaAddSqrDivMulDivMinMaxRouCasDivMinMaxRouCasDivMinMaxRouCas_0x9f2c300bb597625319cadec4728f9bc5,inputs=Half;Half;Half;Half;Half;Half|outputs=Int8;Int8;Int8,/q_proj_7/MatMul__a_quant;/k_proj_7/MatMul__a_quant;/v_proj_7/MatMul__a_quant;/input_layernorm_7/Mul;/input_layernorm_7/Sqrt;/input_layernorm_7/Div;/input_layernorm_7/Add;/input_layernorm_7/ReduceMean;/input_layernorm_7/Pow,L7:q_proj;L7:k_proj;L7:v_proj;L7:input_layernorm,HIGH,ENGINE_INSPECTOR_METADATA + ONNX_GRAPH_NODE_MATCH + RECOGNIZED_QWEN3_OPERATOR_NAME
178,__mye676950_myl0_178,signal,UNKNOWN,inputs=NONE|outputs=NONE,UNKNOWN,UNKNOWN,UNKNOWN,NO_METADATA
179,__mye676952_myl0_179,wait,UNKNOWN,inputs=NONE|outputs=NONE,UNKNOWN,UNKNOWN,UNKNOWN,NO_METADATA
180,__myl_FcCas_myl0_180,fusion,sm80_xmma_gemm_i8f32_i8i32_f32_tn_n_tilesize32x64x64_stage6_warpsize2x2x1_tensor16x8x32_by_fusion_tactic,inputs=Int8;Int8|outputs=Half,/v_proj_7/MatMul;/v_proj_7/MatMul__a_dequant;/v_proj_7/MatMul__a_quant;/v_proj_7/MatMul__w_dequant,L7:v_proj,HIGH,ENGINE_INSPECTOR_METADATA + ONNX_GRAPH_NODE_MATCH + RECOGNIZED_QWEN3_OPERATOR_NAME
181,__myl_ResConResRep_myl0_181,kgen,__myl_ResConResRep_0x9d40828c020eb6bb972be950c35191c1,inputs=Half;Half;Int64;Int64;Int64;Int64;Int64;Int64;Int64;Int64;Int64;Int64;Int64;Int64;Int64;Int64|outputs=Half;Half,/Reshape_58;/Transpose_37;/Unsqueeze_172;/Expand_15;/Concat_91,UNKNOWN,MEDIUM,ENGINE_INSPECTOR_METADATA + ONNX_GRAPH_NODE_MATCH + OPERATOR_NAME_NOT_RECOGNIZED
182,__mye676960_myl0_182,signal,UNKNOWN,inputs=NONE|outputs=NONE,UNKNOWN,UNKNOWN,UNKNOWN,NO_METADATA
183,__mye676954_myl0_183,wait,UNKNOWN,inputs=NONE|outputs=NONE,UNKNOWN,UNKNOWN,UNKNOWN,NO_METADATA
184,__myl_FcCas_myl0_184,fusion,sm80_xmma_gemm_i8f32_i8i32_f32_tn_n_tilesize32x64x64_stage6_warpsize2x2x1_tensor16x8x32_by_fusion_tactic,inputs=Int8;Int8|outputs=Half,/k_proj_7/MatMul;/k_proj_7/MatMul__a_dequant;/k_proj_7/MatMul__a_quant;/k_proj_7/MatMul__w_dequant,L7:k_proj,HIGH,ENGINE_INSPECTOR_METADATA + ONNX_GRAPH_NODE_MATCH + RECOGNIZED_QWEN3_OPERATOR_NAME
185,__myl_ResMulMea_myl0_185,kgen,__myl_ResMulMea_0x3c91498c3beee36a5653966af1581a8a,inputs=Half|outputs=Half;Half,/Reshape_57;/k_norm_7/Pow;/k_norm_7/ReduceMean,L7:k_norm,HIGH,ENGINE_INSPECTOR_METADATA + ONNX_GRAPH_NODE_MATCH + RECOGNIZED_QWEN3_OPERATOR_NAME
186,__myl_AddSqrDivMulMulResSliSliNegConMulMulAddConResRepResTra_myl0_186,kgen,__myl_AddSqrDivMulMulResSliSliNegConMulMulAddConResRepResTra_0x5aea462b6a819ceadd3ebb32874c078f,inputs=Half;Half;Half;Half;Half;Half;Int64;Int64;Int64;Int64;Int64;Int64;Int64;Int64;Int64;Int64;Int64;Int64;Int64;Int64;Int64;Int64;Int64;Int64|outputs=Half;Half,/k_norm_7/Add;/k_norm_7/Sqrt;/k_norm_7/Mul;/k_norm_7/Mul_1;/Transpose_36;/Slice_30;/Slice_31;/Concat_89;/Mul_67;/Add_29;/Mul_66;/Unsqueeze_167;/Reshape_60;/Transpose_38;/Expand_14;/Concat_90;/Neg_15;/k_norm_7/Div,L7:k_norm,HIGH,ENGINE_INSPECTOR_METADATA + ONNX_GRAPH_NODE_MATCH + RECOGNIZED_QWEN3_OPERATOR_NAME
187,__mye676956_myl0_187,signal,UNKNOWN,inputs=NONE|outputs=NONE,UNKNOWN,UNKNOWN,UNKNOWN,NO_METADATA
188,__myl_FcCas_myl0_188,fusion,sm80_xmma_gemm_i8f32_i8i32_f32_tn_n_tilesize32x64x64_stage6_warpsize2x2x1_tensor16x8x32_by_fusion_tactic,inputs=Int8;Int8|outputs=Half,/q_proj_7/MatMul;/q_proj_7/MatMul__a_dequant;/q_proj_7/MatMul__a_quant;/q_proj_7/MatMul__w_dequant,L7:q_proj,HIGH,ENGINE_INSPECTOR_METADATA + ONNX_GRAPH_NODE_MATCH + RECOGNIZED_QWEN3_OPERATOR_NAME
189,__myl_ResMulMea_myl0_189,kgen,__myl_ResMulMea_0xf2413012cd9ac6341b95d78f3432c656,inputs=Half|outputs=Half;Half,/Reshape_56;/q_norm_7/Pow;/q_norm_7/ReduceMean,L7:q_norm,HIGH,ENGINE_INSPECTOR_METADATA + ONNX_GRAPH_NODE_MATCH + RECOGNIZED_QWEN3_OPERATOR_NAME
190,__myl_AddSqrDivMulMulResSliSliNegConMulMulAdd_myl0_190,kgen,__myl_AddSqrDivMulMulResSliSliNegConMulMulAdd_0xf1ba08cc3beaba8ee91b0504be9c2cf4,inputs=Half;Half;Half;Half;Half|outputs=Half,/q_norm_7/Add;/q_norm_7/Sqrt;/q_norm_7/Mul;/q_norm_7/Mul_1;/Transpose_35;/Slice_28;/Slice_29;/Concat_88;/Mul_65;/Add_28;/Mul_64;/Neg_14;/q_norm_7/Div,L7:q_norm,HIGH,ENGINE_INSPECTOR_METADATA + ONNX_GRAPH_NODE_MATCH + RECOGNIZED_QWEN3_OPERATOR_NAME
191,__mye676958_myl0_191,wait,UNKNOWN,inputs=NONE|outputs=NONE,UNKNOWN,UNKNOWN,UNKNOWN,NO_METADATA
192,/MatMul_14_myl0_192,gemm,sm80_xmma_gemm_f16f16_f16f32_f32_nn_n_tilesize32x32x64_stage6_warpsize2x2x1_tensor16x8x16_aligna2_alignc2,inputs=Half;Half;Float;Float|outputs=Half,/MatMul_14,UNKNOWN,MEDIUM,ENGINE_INSPECTOR_METADATA + ONNX_GRAPH_NODE_MATCH + OPERATOR_NAME_NOT_RECOGNIZED
193,__myl_MulMaxSubExpSumDivMul_myl0_193,kgen,__myl_MulMaxSubExpSumDivMul_0x1108f5a078d6e65507c06537b9b2e43f,inputs=Half;Int64;Int64|outputs=Half,/Mul_70;/Softmax_7,UNKNOWN,MEDIUM,ENGINE_INSPECTOR_METADATA + ONNX_GRAPH_NODE_MATCH + OPERATOR_NAME_NOT_RECOGNIZED
194,__mye676962_myl0_194,wait,UNKNOWN,inputs=NONE|outputs=NONE,UNKNOWN,UNKNOWN,UNKNOWN,NO_METADATA
195,/MatMul_15_myl0_195,gemm,sm80_xmma_gemm_f16f16_f16f32_f32_nn_n_tilesize64x128x32_stage5_warpsize2x2x1_tensor16x8x16_aligna2_alignc2,inputs=Half;Half;Float;Float|outputs=Half,/MatMul_15,UNKNOWN,MEDIUM,ENGINE_INSPECTOR_METADATA + ONNX_GRAPH_NODE_MATCH + OPERATOR_NAME_NOT_RECOGNIZED
196,__myl_MulMinMaxRouCas_myl0_196,kgen,__myl_MulMinMaxRouCas_0x56e74360c3e8a36d72970af72bdd3e2b,inputs=Half|outputs=Int8,/o_proj_7/MatMul__a_quant,L7:o_proj,HIGH,ENGINE_INSPECTOR_METADATA + ONNX_GRAPH_NODE_MATCH + RECOGNIZED_QWEN3_OPERATOR_NAME
197,__myl_FcCasAdd_myl0_197,fusion,sm80_xmma_gemm_i8f32_i8i32_f32_tn_n_tilesize32x64x64_stage6_warpsize2x2x1_tensor16x8x32_by_fusion_tactic,inputs=Half;Int8;Int8|outputs=Half,/o_proj_7/MatMul;/o_proj_7/MatMul__a_dequant;/o_proj_7/MatMul__a_quant;/o_proj_7/MatMul__w_dequant;/Add_30,L7:o_proj,HIGH,ENGINE_INSPECTOR_METADATA + ONNX_GRAPH_NODE_MATCH + RECOGNIZED_QWEN3_OPERATOR_NAME
198,__myl_MulMeaAddSqrDivMulMulMulMinMaxRouCas_myl0_198,kgen,__myl_MulMeaAddSqrDivMulMulMulMinMaxRouCas_0xc17a9e1c8880e75049e64b4f3bf21f16,inputs=Half;Half;Half;Half|outputs=Int8;Half,/post_attention_layernorm_7/Pow;/post_attention_layernorm_7/ReduceMean;/post_attention_layernorm_7/Add;/post_attention_layernorm_7/Div;/post_attention_layernorm_7/Sqrt;/post_attention_layernorm_7/Mul;/post_attention_layernorm_7/Mul_1;/gate_proj_7/MatMul__a_quant,L7:post_attention_layernorm;L7:gate_proj,HIGH,ENGINE_INSPECTOR_METADATA + ONNX_GRAPH_NODE_MATCH + RECOGNIZED_QWEN3_OPERATOR_NAME
199,/up_proj_7/MatMul_myl0_199,gemm,sm80_xmma_gemm_f16f16_f16f16_f16_tn_n_tilesize32x32x64_stage6_warpsize2x2x1_tensor16x8x16,inputs=Half;Half;Float;Float|outputs=Half,/up_proj_7/MatMul,L7:up_proj,HIGH,ENGINE_INSPECTOR_METADATA + ONNX_GRAPH_NODE_MATCH + RECOGNIZED_QWEN3_OPERATOR_NAME
200,__myl_FcCasNegExpAddDivMulMul_myl0_200,fusion,sm80_xmma_gemm_i8i8_i8i32_f32_tn_n_tilesize32x64x64_stage6_warpsize2x2x1_tensor16x8x32_by_fusion_tactic,inputs=Half;Int8;Int8|outputs=Half,/gate_proj_7/MatMul;/gate_proj_7/MatMul__a_dequant;/gate_proj_7/MatMul__a_quant;/gate_proj_7/MatMul__w_dequant;/Mul_71;/Mul_72;/Sigmoid_7,L7:gate_proj,HIGH,ENGINE_INSPECTOR_METADATA + ONNX_GRAPH_NODE_MATCH + RECOGNIZED_QWEN3_OPERATOR_NAME
201,__myl_FcAdd_myl0_201,fusion,sm80_xmma_gemm_f16f16_f16f16_f16_nn_n_tilesize64x128x32_stage5_warpsize2x2x1_tensor16x8x16_by_fusion_tactic,inputs=Half;Half;Half|outputs=Half,/down_proj_7/MatMul;/Add_31,L7:down_proj,HIGH,ENGINE_INSPECTOR_METADATA + ONNX_GRAPH_NODE_MATCH + RECOGNIZED_QWEN3_OPERATOR_NAME
202,__myl_MulMeaAddSqrDivMulDivMinMaxRouCasDivMinMaxRouCasDivMinMaxRouCas_myl0_202,kgen,__myl_MulMeaAddSqrDivMulDivMinMaxRouCasDivMinMaxRouCasDivMinMaxRouCas_0x9f2c300bb597625319cadec4728f9bc5,inputs=Half;Half;Half;Half;Half;Half|outputs=Int8;Int8;Int8,/q_proj_8/MatMul__a_quant;/k_proj_8/MatMul__a_quant;/v_proj_8/MatMul__a_quant;/input_layernorm_8/Mul;/input_layernorm_8/Sqrt;/input_layernorm_8/Div;/input_layernorm_8/Add;/input_layernorm_8/ReduceMean;/input_layernorm_8/Pow,L8:q_proj;L8:k_proj;L8:v_proj;L8:input_layernorm,HIGH,ENGINE_INSPECTOR_METADATA + ONNX_GRAPH_NODE_MATCH + RECOGNIZED_QWEN3_OPERATOR_NAME
203,__mye676964_myl0_203,signal,UNKNOWN,inputs=NONE|outputs=NONE,UNKNOWN,UNKNOWN,UNKNOWN,NO_METADATA
204,__mye676966_myl0_204,wait,UNKNOWN,inputs=NONE|outputs=NONE,UNKNOWN,UNKNOWN,UNKNOWN,NO_METADATA
205,__myl_FcCas_myl0_205,fusion,sm80_xmma_gemm_i8f32_i8i32_f32_tn_n_tilesize32x64x64_stage6_warpsize2x2x1_tensor16x8x32_by_fusion_tactic,inputs=Int8;Int8|outputs=Half,/v_proj_8/MatMul;/v_proj_8/MatMul__a_dequant;/v_proj_8/MatMul__a_quant;/v_proj_8/MatMul__w_dequant,L8:v_proj,HIGH,ENGINE_INSPECTOR_METADATA + ONNX_GRAPH_NODE_MATCH + RECOGNIZED_QWEN3_OPERATOR_NAME
206,__myl_ResConResRep_myl0_206,kgen,__myl_ResConResRep_0x9d40828c020eb6bb972be950c35191c1,inputs=Half;Half;Int64;Int64;Int64;Int64;Int64;Int64;Int64;Int64;Int64;Int64;Int64;Int64;Int64;Int64|outputs=Half;Half,/Reshape_66;/Transpose_42;/Unsqueeze_194;/Expand_17;/Concat_103,UNKNOWN,MEDIUM,ENGINE_INSPECTOR_METADATA + ONNX_GRAPH_NODE_MATCH + OPERATOR_NAME_NOT_RECOGNIZED
207,__mye676974_myl0_207,signal,UNKNOWN,inputs=NONE|outputs=NONE,UNKNOWN,UNKNOWN,UNKNOWN,NO_METADATA
208,__mye676968_myl0_208,wait,UNKNOWN,inputs=NONE|outputs=NONE,UNKNOWN,UNKNOWN,UNKNOWN,NO_METADATA
209,__myl_FcCas_myl0_209,fusion,sm80_xmma_gemm_i8f32_i8i32_f32_tn_n_tilesize32x64x64_stage6_warpsize2x2x1_tensor16x8x32_by_fusion_tactic,inputs=Int8;Int8|outputs=Half,/k_proj_8/MatMul;/k_proj_8/MatMul__a_dequant;/k_proj_8/MatMul__a_quant;/k_proj_8/MatMul__w_dequant,L8:k_proj,HIGH,ENGINE_INSPECTOR_METADATA + ONNX_GRAPH_NODE_MATCH + RECOGNIZED_QWEN3_OPERATOR_NAME
210,__myl_ResMulMea_myl0_210,kgen,__myl_ResMulMea_0x3c91498c3beee36a5653966af1581a8a,inputs=Half|outputs=Half;Half,/Reshape_65;/k_norm_8/Pow;/k_norm_8/ReduceMean,L8:k_norm,HIGH,ENGINE_INSPECTOR_METADATA + ONNX_GRAPH_NODE_MATCH + RECOGNIZED_QWEN3_OPERATOR_NAME
211,__myl_AddSqrDivMulMulResSliSliNegConMulMulAddConResRepResTra_myl0_211,kgen,__myl_AddSqrDivMulMulResSliSliNegConMulMulAddConResRepResTra_0x5aea462b6a819ceadd3ebb32874c078f,inputs=Half;Half;Half;Half;Half;Half;Int64;Int64;Int64;Int64;Int64;Int64;Int64;Int64;Int64;Int64;Int64;Int64;Int64;Int64;Int64;Int64;Int64;Int64|outputs=Half;Half,/k_norm_8/Add;/k_norm_8/Sqrt;/k_norm_8/Mul;/k_norm_8/Mul_1;/Transpose_41;/Slice_34;/Slice_35;/Concat_101;/Mul_76;/Add_33;/Mul_75;/Unsqueeze_189;/Reshape_68;/Transpose_43;/Expand_16;/Concat_102;/Neg_17;/k_norm_8/Div,L8:k_norm,HIGH,ENGINE_INSPECTOR_METADATA + ONNX_GRAPH_NODE_MATCH + RECOGNIZED_QWEN3_OPERATOR_NAME
212,__mye676970_myl0_212,signal,UNKNOWN,inputs=NONE|outputs=NONE,UNKNOWN,UNKNOWN,UNKNOWN,NO_METADATA
213,__myl_FcCas_myl0_213,fusion,sm80_xmma_gemm_i8f32_i8i32_f32_tn_n_tilesize32x64x64_stage6_warpsize2x2x1_tensor16x8x32_by_fusion_tactic,inputs=Int8;Int8|outputs=Half,/q_proj_8/MatMul;/q_proj_8/MatMul__a_dequant;/q_proj_8/MatMul__a_quant;/q_proj_8/MatMul__w_dequant,L8:q_proj,HIGH,ENGINE_INSPECTOR_METADATA + ONNX_GRAPH_NODE_MATCH + RECOGNIZED_QWEN3_OPERATOR_NAME
214,__myl_ResMulMea_myl0_214,kgen,__myl_ResMulMea_0xf2413012cd9ac6341b95d78f3432c656,inputs=Half|outputs=Half;Half,/Reshape_64;/q_norm_8/Pow;/q_norm_8/ReduceMean,L8:q_norm,HIGH,ENGINE_INSPECTOR_METADATA + ONNX_GRAPH_NODE_MATCH + RECOGNIZED_QWEN3_OPERATOR_NAME
215,__myl_AddSqrDivMulMulResSliSliNegConMulMulAdd_myl0_215,kgen,__myl_AddSqrDivMulMulResSliSliNegConMulMulAdd_0xf1ba08cc3beaba8ee91b0504be9c2cf4,inputs=Half;Half;Half;Half;Half|outputs=Half,/q_norm_8/Add;/q_norm_8/Sqrt;/q_norm_8/Mul;/q_norm_8/Mul_1;/Transpose_40;/Slice_32;/Slice_33;/Concat_100;/Mul_74;/Add_32;/Mul_73;/Neg_16;/q_norm_8/Div,L8:q_norm,HIGH,ENGINE_INSPECTOR_METADATA + ONNX_GRAPH_NODE_MATCH + RECOGNIZED_QWEN3_OPERATOR_NAME
216,__mye676972_myl0_216,wait,UNKNOWN,inputs=NONE|outputs=NONE,UNKNOWN,UNKNOWN,UNKNOWN,NO_METADATA
217,/MatMul_16_myl0_217,gemm,sm80_xmma_gemm_f16f16_f16f32_f32_nn_n_tilesize32x32x64_stage6_warpsize2x2x1_tensor16x8x16_aligna2_alignc2,inputs=Half;Half;Float;Float|outputs=Half,/MatMul_16,UNKNOWN,MEDIUM,ENGINE_INSPECTOR_METADATA + ONNX_GRAPH_NODE_MATCH + OPERATOR_NAME_NOT_RECOGNIZED
218,__myl_MulMaxSubExpSumDivMul_myl0_218,kgen,__myl_MulMaxSubExpSumDivMul_0x1108f5a078d6e65507c06537b9b2e43f,inputs=Half;Int64;Int64|outputs=Half,/Mul_79;/Softmax_8,UNKNOWN,MEDIUM,ENGINE_INSPECTOR_METADATA + ONNX_GRAPH_NODE_MATCH + OPERATOR_NAME_NOT_RECOGNIZED
219,__mye676976_myl0_219,wait,UNKNOWN,inputs=NONE|outputs=NONE,UNKNOWN,UNKNOWN,UNKNOWN,NO_METADATA
220,/MatMul_17_myl0_220,gemm,sm80_xmma_gemm_f16f16_f16f32_f32_nn_n_tilesize64x128x32_stage5_warpsize2x2x1_tensor16x8x16_aligna2_alignc2,inputs=Half;Half;Float;Float|outputs=Half,/MatMul_17,UNKNOWN,MEDIUM,ENGINE_INSPECTOR_METADATA + ONNX_GRAPH_NODE_MATCH + OPERATOR_NAME_NOT_RECOGNIZED
221,__myl_FcAdd_myl0_221,fusion,sm80_xmma_gemm_f16f16_f16f16_f16_tn_n_tilesize32x32x64_stage6_warpsize2x2x1_tensor16x8x16_by_fusion_tactic,inputs=Half;Half;Half|outputs=Half,/o_proj_8/MatMul;/Add_34,L8:o_proj,HIGH,ENGINE_INSPECTOR_METADATA + ONNX_GRAPH_NODE_MATCH + RECOGNIZED_QWEN3_OPERATOR_NAME
222,__myl_MulMeaAddSqrDivMulMulMulMinMaxRouCas_myl0_222,kgen,__myl_MulMeaAddSqrDivMulMulMulMinMaxRouCas_0xeadba79c8105dff3fdb08ce085e7b12c,inputs=Half;Half;Half;Half|outputs=Int8;Half,/post_attention_layernorm_8/Pow;/post_attention_layernorm_8/ReduceMean;/post_attention_layernorm_8/Add;/post_attention_layernorm_8/Div;/post_attention_layernorm_8/Sqrt;/post_attention_layernorm_8/Mul;/post_attention_layernorm_8/Mul_1;/gate_proj_8/MatMul__a_quant,L8:post_attention_layernorm;L8:gate_proj,HIGH,ENGINE_INSPECTOR_METADATA + ONNX_GRAPH_NODE_MATCH + RECOGNIZED_QWEN3_OPERATOR_NAME
223,/up_proj_8/MatMul_myl0_223,gemm,sm80_xmma_gemm_f16f16_f16f32_f32_tn_n_tilesize32x32x64_stage6_warpsize2x2x1_tensor16x8x16,inputs=Half;Half;Float;Float|outputs=Half,/up_proj_8/MatMul,L8:up_proj,HIGH,ENGINE_INSPECTOR_METADATA + ONNX_GRAPH_NODE_MATCH + RECOGNIZED_QWEN3_OPERATOR_NAME
224,__myl_FcCasNegExpAddDivMulMul_myl0_224,fusion,sm80_xmma_gemm_i8i8_i8i32_f32_tn_n_tilesize32x64x64_stage6_warpsize2x2x1_tensor16x8x32_by_fusion_tactic,inputs=Half;Int8;Int8|outputs=Half,/gate_proj_8/MatMul;/gate_proj_8/MatMul__a_dequant;/gate_proj_8/MatMul__a_quant;/gate_proj_8/MatMul__w_dequant;/Mul_80;/Mul_81;/Sigmoid_8,L8:gate_proj,HIGH,ENGINE_INSPECTOR_METADATA + ONNX_GRAPH_NODE_MATCH + RECOGNIZED_QWEN3_OPERATOR_NAME
225,__myl_FcAdd_myl0_225,fusion,sm80_xmma_gemm_f16f16_f16f16_f16_nn_n_tilesize64x128x32_stage5_warpsize2x2x1_tensor16x8x16_by_fusion_tactic,inputs=Half;Half;Half|outputs=Half,/down_proj_8/MatMul;/Add_35,L8:down_proj,HIGH,ENGINE_INSPECTOR_METADATA + ONNX_GRAPH_NODE_MATCH + RECOGNIZED_QWEN3_OPERATOR_NAME
226,__myl_MulMeaAddSqrDivMulDivMinMaxRouCasDivMinMaxRouCasDivMinMaxRouCas_myl0_226,kgen,__myl_MulMeaAddSqrDivMulDivMinMaxRouCasDivMinMaxRouCasDivMinMaxRouCas_0x9f2c300bb597625319cadec4728f9bc5,inputs=Half;Half;Half;Half;Half;Half|outputs=Int8;Int8;Int8,/q_proj_9/MatMul__a_quant;/k_proj_9/MatMul__a_quant;/v_proj_9/MatMul__a_quant;/input_layernorm_9/Mul;/input_layernorm_9/Sqrt;/input_layernorm_9/Div;/input_layernorm_9/Add;/input_layernorm_9/ReduceMean;/input_layernorm_9/Pow,L9:q_proj;L9:k_proj;L9:v_proj;L9:input_layernorm,HIGH,ENGINE_INSPECTOR_METADATA + ONNX_GRAPH_NODE_MATCH + RECOGNIZED_QWEN3_OPERATOR_NAME
227,__mye676978_myl0_227,signal,UNKNOWN,inputs=NONE|outputs=NONE,UNKNOWN,UNKNOWN,UNKNOWN,NO_METADATA
228,__mye676980_myl0_228,wait,UNKNOWN,inputs=NONE|outputs=NONE,UNKNOWN,UNKNOWN,UNKNOWN,NO_METADATA
229,__myl_FcCas_myl0_229,fusion,sm80_xmma_gemm_i8f32_i8i32_f32_tn_n_tilesize32x64x64_stage6_warpsize2x2x1_tensor16x8x32_by_fusion_tactic,inputs=Int8;Int8|outputs=Half,/v_proj_9/MatMul;/v_proj_9/MatMul__a_dequant;/v_proj_9/MatMul__a_quant;/v_proj_9/MatMul__w_dequant,L9:v_proj,HIGH,ENGINE_INSPECTOR_METADATA + ONNX_GRAPH_NODE_MATCH + RECOGNIZED_QWEN3_OPERATOR_NAME
230,__myl_ResConResRep_myl0_230,kgen,__myl_ResConResRep_0x9d40828c020eb6bb972be950c35191c1,inputs=Half;Half;Int64;Int64;Int64;Int64;Int64;Int64;Int64;Int64;Int64;Int64;Int64;Int64;Int64;Int64|outputs=Half;Half,/Reshape_74;/Transpose_47;/Unsqueeze_216;/Expand_19;/Concat_115,UNKNOWN,MEDIUM,ENGINE_INSPECTOR_METADATA + ONNX_GRAPH_NODE_MATCH + OPERATOR_NAME_NOT_RECOGNIZED
231,__mye676988_myl0_231,signal,UNKNOWN,inputs=NONE|outputs=NONE,UNKNOWN,UNKNOWN,UNKNOWN,NO_METADATA
232,__mye676982_myl0_232,wait,UNKNOWN,inputs=NONE|outputs=NONE,UNKNOWN,UNKNOWN,UNKNOWN,NO_METADATA
233,__myl_FcCas_myl0_233,fusion,sm80_xmma_gemm_i8f32_i8i32_f32_tn_n_tilesize32x64x64_stage6_warpsize2x2x1_tensor16x8x32_by_fusion_tactic,inputs=Int8;Int8|outputs=Half,/k_proj_9/MatMul;/k_proj_9/MatMul__a_dequant;/k_proj_9/MatMul__a_quant;/k_proj_9/MatMul__w_dequant,L9:k_proj,HIGH,ENGINE_INSPECTOR_METADATA + ONNX_GRAPH_NODE_MATCH + RECOGNIZED_QWEN3_OPERATOR_NAME
234,__myl_ResMulMea_myl0_234,kgen,__myl_ResMulMea_0x3c91498c3beee36a5653966af1581a8a,inputs=Half|outputs=Half;Half,/Reshape_73;/k_norm_9/Pow;/k_norm_9/ReduceMean,L9:k_norm,HIGH,ENGINE_INSPECTOR_METADATA + ONNX_GRAPH_NODE_MATCH + RECOGNIZED_QWEN3_OPERATOR_NAME
235,__myl_AddSqrDivMulMulResSliSliNegConMulMulAddConResRepResTra_myl0_235,kgen,__myl_AddSqrDivMulMulResSliSliNegConMulMulAddConResRepResTra_0x5aea462b6a819ceadd3ebb32874c078f,inputs=Half;Half;Half;Half;Half;Half;Int64;Int64;Int64;Int64;Int64;Int64;Int64;Int64;Int64;Int64;Int64;Int64;Int64;Int64;Int64;Int64;Int64;Int64|outputs=Half;Half,/k_norm_9/Add;/k_norm_9/Sqrt;/k_norm_9/Mul;/k_norm_9/Mul_1;/Transpose_46;/Slice_38;/Slice_39;/Concat_113;/Mul_85;/Add_37;/Mul_84;/Unsqueeze_211;/Reshape_76;/Transpose_48;/Expand_18;/Concat_114;/Neg_19;/k_norm_9/Div,L9:k_norm,HIGH,ENGINE_INSPECTOR_METADATA + ONNX_GRAPH_NODE_MATCH + RECOGNIZED_QWEN3_OPERATOR_NAME
236,__mye676984_myl0_236,signal,UNKNOWN,inputs=NONE|outputs=NONE,UNKNOWN,UNKNOWN,UNKNOWN,NO_METADATA
237,__myl_FcCas_myl0_237,fusion,sm80_xmma_gemm_i8f32_i8i32_f32_tn_n_tilesize32x64x64_stage6_warpsize2x2x1_tensor16x8x32_by_fusion_tactic,inputs=Int8;Int8|outputs=Half,/q_proj_9/MatMul;/q_proj_9/MatMul__a_dequant;/q_proj_9/MatMul__a_quant;/q_proj_9/MatMul__w_dequant,L9:q_proj,HIGH,ENGINE_INSPECTOR_METADATA + ONNX_GRAPH_NODE_MATCH + RECOGNIZED_QWEN3_OPERATOR_NAME
238,__myl_ResMulMea_myl0_238,kgen,__myl_ResMulMea_0xf2413012cd9ac6341b95d78f3432c656,inputs=Half|outputs=Half;Half,/Reshape_72;/q_norm_9/Pow;/q_norm_9/ReduceMean,L9:q_norm,HIGH,ENGINE_INSPECTOR_METADATA + ONNX_GRAPH_NODE_MATCH + RECOGNIZED_QWEN3_OPERATOR_NAME
239,__myl_AddSqrDivMulMulResSliSliNegConMulMulAdd_myl0_239,kgen,__myl_AddSqrDivMulMulResSliSliNegConMulMulAdd_0xf1ba08cc3beaba8ee91b0504be9c2cf4,inputs=Half;Half;Half;Half;Half|outputs=Half,/q_norm_9/Add;/q_norm_9/Sqrt;/q_norm_9/Mul;/q_norm_9/Mul_1;/Transpose_45;/Slice_36;/Slice_37;/Concat_112;/Mul_83;/Add_36;/Mul_82;/Neg_18;/q_norm_9/Div,L9:q_norm,HIGH,ENGINE_INSPECTOR_METADATA + ONNX_GRAPH_NODE_MATCH + RECOGNIZED_QWEN3_OPERATOR_NAME
240,__mye676986_myl0_240,wait,UNKNOWN,inputs=NONE|outputs=NONE,UNKNOWN,UNKNOWN,UNKNOWN,NO_METADATA
241,/MatMul_18_myl0_241,gemm,sm80_xmma_gemm_f16f16_f16f32_f32_nn_n_tilesize32x32x64_stage6_warpsize2x2x1_tensor16x8x16_aligna2_alignc2,inputs=Half;Half;Float;Float|outputs=Half,/MatMul_18,UNKNOWN,MEDIUM,ENGINE_INSPECTOR_METADATA + ONNX_GRAPH_NODE_MATCH + OPERATOR_NAME_NOT_RECOGNIZED
242,__myl_MulMaxSubExpSumDivMul_myl0_242,kgen,__myl_MulMaxSubExpSumDivMul_0x1108f5a078d6e65507c06537b9b2e43f,inputs=Half;Int64;Int64|outputs=Half,/Mul_88;/Softmax_9,UNKNOWN,MEDIUM,ENGINE_INSPECTOR_METADATA + ONNX_GRAPH_NODE_MATCH + OPERATOR_NAME_NOT_RECOGNIZED
243,__mye676990_myl0_243,wait,UNKNOWN,inputs=NONE|outputs=NONE,UNKNOWN,UNKNOWN,UNKNOWN,NO_METADATA
244,/MatMul_19_myl0_244,gemm,sm80_xmma_gemm_f16f16_f16f32_f32_nn_n_tilesize64x128x32_stage5_warpsize2x2x1_tensor16x8x16_aligna2_alignc2,inputs=Half;Half;Float;Float|outputs=Half,/MatMul_19,UNKNOWN,MEDIUM,ENGINE_INSPECTOR_METADATA + ONNX_GRAPH_NODE_MATCH + OPERATOR_NAME_NOT_RECOGNIZED
245,__myl_MulMinMaxRouCas_myl0_245,kgen,__myl_MulMinMaxRouCas_0x806abff2303c4adb22dac0953af546a1,inputs=Half|outputs=Int8,/o_proj_9/MatMul__a_quant,L9:o_proj,HIGH,ENGINE_INSPECTOR_METADATA + ONNX_GRAPH_NODE_MATCH + RECOGNIZED_QWEN3_OPERATOR_NAME
246,__myl_FcCasAdd_myl0_246,fusion,sm80_xmma_gemm_i8f32_i8i32_f32_tn_n_tilesize32x64x64_stage6_warpsize2x2x1_tensor16x8x32_by_fusion_tactic,inputs=Half;Int8;Int8|outputs=Half,/o_proj_9/MatMul;/o_proj_9/MatMul__a_dequant;/o_proj_9/MatMul__a_quant;/o_proj_9/MatMul__w_dequant;/Add_38,L9:o_proj,HIGH,ENGINE_INSPECTOR_METADATA + ONNX_GRAPH_NODE_MATCH + RECOGNIZED_QWEN3_OPERATOR_NAME
247,__myl_MulMeaAddSqrDivMulMulMulMinMaxRouCas_myl0_247,kgen,__myl_MulMeaAddSqrDivMulMulMulMinMaxRouCas_0xa03da8bd0547b3997e4af5d64a9f7047,inputs=Half;Half;Half;Half|outputs=Int8;Half,/post_attention_layernorm_9/Pow;/post_attention_layernorm_9/ReduceMean;/post_attention_layernorm_9/Add;/post_attention_layernorm_9/Div;/post_attention_layernorm_9/Sqrt;/post_attention_layernorm_9/Mul;/post_attention_layernorm_9/Mul_1;/gate_proj_9/MatMul__a_quant,L9:post_attention_layernorm;L9:gate_proj,HIGH,ENGINE_INSPECTOR_METADATA + ONNX_GRAPH_NODE_MATCH + RECOGNIZED_QWEN3_OPERATOR_NAME
248,/up_proj_9/MatMul_myl0_248,gemm,sm80_xmma_gemm_f16f16_f16f16_f16_tn_n_tilesize32x32x64_stage6_warpsize2x2x1_tensor16x8x16,inputs=Half;Half;Float;Float|outputs=Half,/up_proj_9/MatMul,L9:up_proj,HIGH,ENGINE_INSPECTOR_METADATA + ONNX_GRAPH_NODE_MATCH + RECOGNIZED_QWEN3_OPERATOR_NAME
249,__myl_FcCasNegExpAddDivMulMul_myl0_249,fusion,sm80_xmma_gemm_i8i8_i8i32_f32_tn_n_tilesize32x64x64_stage6_warpsize2x2x1_tensor16x8x32_by_fusion_tactic,inputs=Half;Int8;Int8|outputs=Half,/gate_proj_9/MatMul;/gate_proj_9/MatMul__a_dequant;/gate_proj_9/MatMul__a_quant;/gate_proj_9/MatMul__w_dequant;/Mul_89;/Mul_90;/Sigmoid_9,L9:gate_proj,HIGH,ENGINE_INSPECTOR_METADATA + ONNX_GRAPH_NODE_MATCH + RECOGNIZED_QWEN3_OPERATOR_NAME
250,__myl_FcAdd_myl0_250,fusion,sm80_xmma_gemm_f16f16_f16f16_f16_nn_n_tilesize64x128x32_stage5_warpsize2x2x1_tensor16x8x16_by_fusion_tactic,inputs=Half;Half;Half|outputs=Half,/down_proj_9/MatMul;/Add_39,L9:down_proj,HIGH,ENGINE_INSPECTOR_METADATA + ONNX_GRAPH_NODE_MATCH + RECOGNIZED_QWEN3_OPERATOR_NAME
251,__myl_MulMeaAddSqrDivMulDivMinMaxRouCasDivMinMaxRouCasDivMinMaxRouCas_myl0_251,kgen,__myl_MulMeaAddSqrDivMulDivMinMaxRouCasDivMinMaxRouCasDivMinMaxRouCas_0x9f2c300bb597625319cadec4728f9bc5,inputs=Half;Half;Half;Half;Half;Half|outputs=Int8;Int8;Int8,/q_proj_10/MatMul__a_quant;/k_proj_10/MatMul__a_quant;/v_proj_10/MatMul__a_quant;/input_layernorm_10/Mul;/input_layernorm_10/Sqrt;/input_layernorm_10/Div;/input_layernorm_10/Add;/input_layernorm_10/ReduceMean;/input_layernorm_10/Pow,L10:q_proj;L10:k_proj;L10:v_proj;L10:input_layernorm,HIGH,ENGINE_INSPECTOR_METADATA + ONNX_GRAPH_NODE_MATCH + RECOGNIZED_QWEN3_OPERATOR_NAME
252,__mye676992_myl0_252,signal,UNKNOWN,inputs=NONE|outputs=NONE,UNKNOWN,UNKNOWN,UNKNOWN,NO_METADATA
253,__mye676994_myl0_253,wait,UNKNOWN,inputs=NONE|outputs=NONE,UNKNOWN,UNKNOWN,UNKNOWN,NO_METADATA
254,__myl_FcCas_myl0_254,fusion,sm80_xmma_gemm_i8f32_i8i32_f32_tn_n_tilesize32x64x64_stage6_warpsize2x2x1_tensor16x8x32_by_fusion_tactic,inputs=Int8;Int8|outputs=Half,/v_proj_10/MatMul;/v_proj_10/MatMul__a_dequant;/v_proj_10/MatMul__a_quant;/v_proj_10/MatMul__w_dequant,L10:v_proj,HIGH,ENGINE_INSPECTOR_METADATA + ONNX_GRAPH_NODE_MATCH + RECOGNIZED_QWEN3_OPERATOR_NAME
255,__myl_ResConResRep_myl0_255,kgen,__myl_ResConResRep_0x9d40828c020eb6bb972be950c35191c1,inputs=Half;Half;Int64;Int64;Int64;Int64;Int64;Int64;Int64;Int64;Int64;Int64;Int64;Int64;Int64;Int64|outputs=Half;Half,/Reshape_82;/Transpose_52;/Unsqueeze_238;/Expand_21;/Concat_127,UNKNOWN,MEDIUM,ENGINE_INSPECTOR_METADATA + ONNX_GRAPH_NODE_MATCH + OPERATOR_NAME_NOT_RECOGNIZED
256,__mye677002_myl0_256,signal,UNKNOWN,inputs=NONE|outputs=NONE,UNKNOWN,UNKNOWN,UNKNOWN,NO_METADATA
257,__mye676996_myl0_257,wait,UNKNOWN,inputs=NONE|outputs=NONE,UNKNOWN,UNKNOWN,UNKNOWN,NO_METADATA
258,__myl_FcCas_myl0_258,fusion,sm80_xmma_gemm_i8f32_i8i32_f32_tn_n_tilesize32x64x64_stage6_warpsize2x2x1_tensor16x8x32_by_fusion_tactic,inputs=Int8;Int8|outputs=Half,/k_proj_10/MatMul;/k_proj_10/MatMul__a_dequant;/k_proj_10/MatMul__a_quant;/k_proj_10/MatMul__w_dequant,L10:k_proj,HIGH,ENGINE_INSPECTOR_METADATA + ONNX_GRAPH_NODE_MATCH + RECOGNIZED_QWEN3_OPERATOR_NAME
259,__myl_ResMulMea_myl0_259,kgen,__myl_ResMulMea_0x3c91498c3beee36a5653966af1581a8a,inputs=Half|outputs=Half;Half,/Reshape_81;/k_norm_10/Pow;/k_norm_10/ReduceMean,L10:k_norm,HIGH,ENGINE_INSPECTOR_METADATA + ONNX_GRAPH_NODE_MATCH + RECOGNIZED_QWEN3_OPERATOR_NAME
260,__myl_AddSqrDivMulMulResSliSliNegConMulMulAddConResRepResTra_myl0_260,kgen,__myl_AddSqrDivMulMulResSliSliNegConMulMulAddConResRepResTra_0x5aea462b6a819ceadd3ebb32874c078f,inputs=Half;Half;Half;Half;Half;Half;Int64;Int64;Int64;Int64;Int64;Int64;Int64;Int64;Int64;Int64;Int64;Int64;Int64;Int64;Int64;Int64;Int64;Int64|outputs=Half;Half,/k_norm_10/Add;/k_norm_10/Sqrt;/k_norm_10/Mul;/k_norm_10/Mul_1;/Transpose_51;/Slice_42;/Slice_43;/Concat_125;/Mul_94;/Add_41;/Mul_93;/Unsqueeze_233;/Reshape_84;/Transpose_53;/Expand_20;/Concat_126;/Neg_21;/k_norm_10/Div,L10:k_norm,HIGH,ENGINE_INSPECTOR_METADATA + ONNX_GRAPH_NODE_MATCH + RECOGNIZED_QWEN3_OPERATOR_NAME
261,__mye676998_myl0_261,signal,UNKNOWN,inputs=NONE|outputs=NONE,UNKNOWN,UNKNOWN,UNKNOWN,NO_METADATA
262,__myl_FcCas_myl0_262,fusion,sm80_xmma_gemm_i8f32_i8i32_f32_tn_n_tilesize32x64x64_stage6_warpsize2x2x1_tensor16x8x32_by_fusion_tactic,inputs=Int8;Int8|outputs=Half,/q_proj_10/MatMul;/q_proj_10/MatMul__a_dequant;/q_proj_10/MatMul__a_quant;/q_proj_10/MatMul__w_dequant,L10:q_proj,HIGH,ENGINE_INSPECTOR_METADATA + ONNX_GRAPH_NODE_MATCH + RECOGNIZED_QWEN3_OPERATOR_NAME
263,__myl_ResMulMea_myl0_263,kgen,__myl_ResMulMea_0xf2413012cd9ac6341b95d78f3432c656,inputs=Half|outputs=Half;Half,/Reshape_80;/q_norm_10/Pow;/q_norm_10/ReduceMean,L10:q_norm,HIGH,ENGINE_INSPECTOR_METADATA + ONNX_GRAPH_NODE_MATCH + RECOGNIZED_QWEN3_OPERATOR_NAME
264,__myl_AddSqrDivMulMulResSliSliNegConMulMulAdd_myl0_264,kgen,__myl_AddSqrDivMulMulResSliSliNegConMulMulAdd_0xf1ba08cc3beaba8ee91b0504be9c2cf4,inputs=Half;Half;Half;Half;Half|outputs=Half,/q_norm_10/Add;/q_norm_10/Sqrt;/q_norm_10/Mul;/q_norm_10/Mul_1;/Transpose_50;/Slice_40;/Slice_41;/Concat_124;/Mul_92;/Add_40;/Mul_91;/Neg_20;/q_norm_10/Div,L10:q_norm,HIGH,ENGINE_INSPECTOR_METADATA + ONNX_GRAPH_NODE_MATCH + RECOGNIZED_QWEN3_OPERATOR_NAME
265,__mye677000_myl0_265,wait,UNKNOWN,inputs=NONE|outputs=NONE,UNKNOWN,UNKNOWN,UNKNOWN,NO_METADATA
266,/MatMul_20_myl0_266,gemm,sm80_xmma_gemm_f16f16_f16f32_f32_nn_n_tilesize32x32x64_stage6_warpsize2x2x1_tensor16x8x16_aligna2_alignc2,inputs=Half;Half;Float;Float|outputs=Half,/MatMul_20,UNKNOWN,MEDIUM,ENGINE_INSPECTOR_METADATA + ONNX_GRAPH_NODE_MATCH + OPERATOR_NAME_NOT_RECOGNIZED
267,__myl_MulMaxSubExpSumDivMul_myl0_267,kgen,__myl_MulMaxSubExpSumDivMul_0x1108f5a078d6e65507c06537b9b2e43f,inputs=Half;Int64;Int64|outputs=Half,/Mul_97;/Softmax_10,UNKNOWN,MEDIUM,ENGINE_INSPECTOR_METADATA + ONNX_GRAPH_NODE_MATCH + OPERATOR_NAME_NOT_RECOGNIZED
268,__mye677004_myl0_268,wait,UNKNOWN,inputs=NONE|outputs=NONE,UNKNOWN,UNKNOWN,UNKNOWN,NO_METADATA
269,/MatMul_21_myl0_269,gemm,sm80_xmma_gemm_f16f16_f16f32_f32_nn_n_tilesize64x128x32_stage5_warpsize2x2x1_tensor16x8x16_aligna2_alignc2,inputs=Half;Half;Float;Float|outputs=Half,/MatMul_21,UNKNOWN,MEDIUM,ENGINE_INSPECTOR_METADATA + ONNX_GRAPH_NODE_MATCH + OPERATOR_NAME_NOT_RECOGNIZED
270,__myl_MulMinMaxRouCas_myl0_270,kgen,__myl_MulMinMaxRouCas_0xfffd234660cce4d6758da70fc32eeb17,inputs=Half|outputs=Int8,/o_proj_10/MatMul__a_quant,L10:o_proj,HIGH,ENGINE_INSPECTOR_METADATA + ONNX_GRAPH_NODE_MATCH + RECOGNIZED_QWEN3_OPERATOR_NAME
271,__myl_FcCasAdd_myl0_271,fusion,sm80_xmma_gemm_i8f32_i8i32_f32_tn_n_tilesize32x64x64_stage6_warpsize2x2x1_tensor16x8x32_by_fusion_tactic,inputs=Half;Int8;Int8|outputs=Half,/o_proj_10/MatMul;/o_proj_10/MatMul__a_dequant;/o_proj_10/MatMul__a_quant;/o_proj_10/MatMul__w_dequant;/Add_42,L10:o_proj,HIGH,ENGINE_INSPECTOR_METADATA + ONNX_GRAPH_NODE_MATCH + RECOGNIZED_QWEN3_OPERATOR_NAME
272,__myl_MulMeaAddSqrDivMulMulMulMinMaxRouCas_myl0_272,kgen,__myl_MulMeaAddSqrDivMulMulMulMinMaxRouCas_0xbc9bffbf2b5683589f7ee804485f8f6c,inputs=Half;Half;Half;Half|outputs=Int8;Half,/post_attention_layernorm_10/Pow;/post_attention_layernorm_10/ReduceMean;/post_attention_layernorm_10/Add;/post_attention_layernorm_10/Div;/post_attention_layernorm_10/Sqrt;/post_attention_layernorm_10/Mul;/post_attention_layernorm_10/Mul_1;/gate_proj_10/MatMul__a_quant,L10:post_attention_layernorm;L10:gate_proj,HIGH,ENGINE_INSPECTOR_METADATA + ONNX_GRAPH_NODE_MATCH + RECOGNIZED_QWEN3_OPERATOR_NAME
273,/up_proj_10/MatMul_myl0_273,gemm,sm80_xmma_gemm_f16f16_f16f16_f16_tn_n_tilesize32x32x64_stage6_warpsize2x2x1_tensor16x8x16,inputs=Half;Half;Float;Float|outputs=Half,/up_proj_10/MatMul,L10:up_proj,HIGH,ENGINE_INSPECTOR_METADATA + ONNX_GRAPH_NODE_MATCH + RECOGNIZED_QWEN3_OPERATOR_NAME
274,__myl_FcCasNegExpAddDivMulMul_myl0_274,fusion,sm80_xmma_gemm_i8i8_i8i32_f32_tn_n_tilesize32x64x64_stage6_warpsize2x2x1_tensor16x8x32_by_fusion_tactic,inputs=Half;Int8;Int8|outputs=Half,/gate_proj_10/MatMul;/gate_proj_10/MatMul__a_dequant;/gate_proj_10/MatMul__a_quant;/gate_proj_10/MatMul__w_dequant;/Mul_98;/Mul_99;/Sigmoid_10,L10:gate_proj,HIGH,ENGINE_INSPECTOR_METADATA + ONNX_GRAPH_NODE_MATCH + RECOGNIZED_QWEN3_OPERATOR_NAME
275,__myl_FcAdd_myl0_275,fusion,sm80_xmma_gemm_f16f16_f16f16_f16_nn_n_tilesize64x128x32_stage5_warpsize2x2x1_tensor16x8x16_by_fusion_tactic,inputs=Half;Half;Half|outputs=Half,/down_proj_10/MatMul;/Add_43,L10:down_proj,HIGH,ENGINE_INSPECTOR_METADATA + ONNX_GRAPH_NODE_MATCH + RECOGNIZED_QWEN3_OPERATOR_NAME
276,__myl_MulMeaAddSqrDivMulDivMinMaxRouCasDivMinMaxRouCasDivMinMaxRouCas_myl0_276,kgen,__myl_MulMeaAddSqrDivMulDivMinMaxRouCasDivMinMaxRouCasDivMinMaxRouCas_0x9f2c300bb597625319cadec4728f9bc5,inputs=Half;Half;Half;Half;Half;Half|outputs=Int8;Int8;Int8,/q_proj_11/MatMul__a_quant;/k_proj_11/MatMul__a_quant;/v_proj_11/MatMul__a_quant;/input_layernorm_11/Mul;/input_layernorm_11/Sqrt;/input_layernorm_11/Div;/input_layernorm_11/Add;/input_layernorm_11/ReduceMean;/input_layernorm_11/Pow,L11:q_proj;L11:k_proj;L11:v_proj;L11:input_layernorm,HIGH,ENGINE_INSPECTOR_METADATA + ONNX_GRAPH_NODE_MATCH + RECOGNIZED_QWEN3_OPERATOR_NAME
277,__mye677006_myl0_277,signal,UNKNOWN,inputs=NONE|outputs=NONE,UNKNOWN,UNKNOWN,UNKNOWN,NO_METADATA
278,__mye677008_myl0_278,wait,UNKNOWN,inputs=NONE|outputs=NONE,UNKNOWN,UNKNOWN,UNKNOWN,NO_METADATA
279,__myl_FcCas_myl0_279,fusion,sm80_xmma_gemm_i8f32_i8i32_f32_tn_n_tilesize32x64x64_stage6_warpsize2x2x1_tensor16x8x32_by_fusion_tactic,inputs=Int8;Int8|outputs=Half,/v_proj_11/MatMul;/v_proj_11/MatMul__a_dequant;/v_proj_11/MatMul__a_quant;/v_proj_11/MatMul__w_dequant,L11:v_proj,HIGH,ENGINE_INSPECTOR_METADATA + ONNX_GRAPH_NODE_MATCH + RECOGNIZED_QWEN3_OPERATOR_NAME
280,__myl_ResConResRep_myl0_280,kgen,__myl_ResConResRep_0x9d40828c020eb6bb972be950c35191c1,inputs=Half;Half;Int64;Int64;Int64;Int64;Int64;Int64;Int64;Int64;Int64;Int64;Int64;Int64;Int64;Int64|outputs=Half;Half,/Reshape_90;/Transpose_57;/Unsqueeze_260;/Expand_23;/Concat_139,UNKNOWN,MEDIUM,ENGINE_INSPECTOR_METADATA + ONNX_GRAPH_NODE_MATCH + OPERATOR_NAME_NOT_RECOGNIZED
281,__mye677016_myl0_281,signal,UNKNOWN,inputs=NONE|outputs=NONE,UNKNOWN,UNKNOWN,UNKNOWN,NO_METADATA
282,__mye677010_myl0_282,wait,UNKNOWN,inputs=NONE|outputs=NONE,UNKNOWN,UNKNOWN,UNKNOWN,NO_METADATA
283,__myl_FcCas_myl0_283,fusion,sm80_xmma_gemm_i8f32_i8i32_f32_tn_n_tilesize32x64x64_stage6_warpsize2x2x1_tensor16x8x32_by_fusion_tactic,inputs=Int8;Int8|outputs=Half,/k_proj_11/MatMul;/k_proj_11/MatMul__a_dequant;/k_proj_11/MatMul__a_quant;/k_proj_11/MatMul__w_dequant,L11:k_proj,HIGH,ENGINE_INSPECTOR_METADATA + ONNX_GRAPH_NODE_MATCH + RECOGNIZED_QWEN3_OPERATOR_NAME
284,__myl_ResMulMea_myl0_284,kgen,__myl_ResMulMea_0x3c91498c3beee36a5653966af1581a8a,inputs=Half|outputs=Half;Half,/Reshape_89;/k_norm_11/Pow;/k_norm_11/ReduceMean,L11:k_norm,HIGH,ENGINE_INSPECTOR_METADATA + ONNX_GRAPH_NODE_MATCH + RECOGNIZED_QWEN3_OPERATOR_NAME
285,__myl_AddSqrDivMulMulResSliSliNegConMulMulAddConResRepResTra_myl0_285,kgen,__myl_AddSqrDivMulMulResSliSliNegConMulMulAddConResRepResTra_0x5aea462b6a819ceadd3ebb32874c078f,inputs=Half;Half;Half;Half;Half;Half;Int64;Int64;Int64;Int64;Int64;Int64;Int64;Int64;Int64;Int64;Int64;Int64;Int64;Int64;Int64;Int64;Int64;Int64|outputs=Half;Half,/k_norm_11/Add;/k_norm_11/Sqrt;/k_norm_11/Mul;/k_norm_11/Mul_1;/Transpose_56;/Slice_46;/Slice_47;/Concat_137;/Mul_103;/Add_45;/Mul_102;/Unsqueeze_255;/Reshape_92;/Transpose_58;/Expand_22;/Concat_138;/Neg_23;/k_norm_11/Div,L11:k_norm,HIGH,ENGINE_INSPECTOR_METADATA + ONNX_GRAPH_NODE_MATCH + RECOGNIZED_QWEN3_OPERATOR_NAME
286,__mye677012_myl0_286,signal,UNKNOWN,inputs=NONE|outputs=NONE,UNKNOWN,UNKNOWN,UNKNOWN,NO_METADATA
287,__myl_FcCas_myl0_287,fusion,sm80_xmma_gemm_i8f32_i8i32_f32_tn_n_tilesize32x64x64_stage6_warpsize2x2x1_tensor16x8x32_by_fusion_tactic,inputs=Int8;Int8|outputs=Half,/q_proj_11/MatMul;/q_proj_11/MatMul__a_dequant;/q_proj_11/MatMul__a_quant;/q_proj_11/MatMul__w_dequant,L11:q_proj,HIGH,ENGINE_INSPECTOR_METADATA + ONNX_GRAPH_NODE_MATCH + RECOGNIZED_QWEN3_OPERATOR_NAME
288,__myl_ResMulMea_myl0_288,kgen,__myl_ResMulMea_0xf2413012cd9ac6341b95d78f3432c656,inputs=Half|outputs=Half;Half,/Reshape_88;/q_norm_11/Pow;/q_norm_11/ReduceMean,L11:q_norm,HIGH,ENGINE_INSPECTOR_METADATA + ONNX_GRAPH_NODE_MATCH + RECOGNIZED_QWEN3_OPERATOR_NAME
289,__myl_AddSqrDivMulMulResSliSliNegConMulMulAdd_myl0_289,kgen,__myl_AddSqrDivMulMulResSliSliNegConMulMulAdd_0xf1ba08cc3beaba8ee91b0504be9c2cf4,inputs=Half;Half;Half;Half;Half|outputs=Half,/q_norm_11/Add;/q_norm_11/Sqrt;/q_norm_11/Mul;/q_norm_11/Mul_1;/Transpose_55;/Slice_44;/Slice_45;/Concat_136;/Mul_101;/Add_44;/Mul_100;/Neg_22;/q_norm_11/Div,L11:q_norm,HIGH,ENGINE_INSPECTOR_METADATA + ONNX_GRAPH_NODE_MATCH + RECOGNIZED_QWEN3_OPERATOR_NAME
290,__mye677014_myl0_290,wait,UNKNOWN,inputs=NONE|outputs=NONE,UNKNOWN,UNKNOWN,UNKNOWN,NO_METADATA
291,/MatMul_22_myl0_291,gemm,sm80_xmma_gemm_f16f16_f16f32_f32_nn_n_tilesize32x32x64_stage6_warpsize2x2x1_tensor16x8x16_aligna2_alignc2,inputs=Half;Half;Float;Float|outputs=Half,/MatMul_22,UNKNOWN,MEDIUM,ENGINE_INSPECTOR_METADATA + ONNX_GRAPH_NODE_MATCH + OPERATOR_NAME_NOT_RECOGNIZED
292,__myl_MulMaxSubExpSumDivMul_myl0_292,kgen,__myl_MulMaxSubExpSumDivMul_0x1108f5a078d6e65507c06537b9b2e43f,inputs=Half;Int64;Int64|outputs=Half,/Mul_106;/Softmax_11,UNKNOWN,MEDIUM,ENGINE_INSPECTOR_METADATA + ONNX_GRAPH_NODE_MATCH + OPERATOR_NAME_NOT_RECOGNIZED
293,__mye677018_myl0_293,wait,UNKNOWN,inputs=NONE|outputs=NONE,UNKNOWN,UNKNOWN,UNKNOWN,NO_METADATA
294,/MatMul_23_myl0_294,gemm,sm80_xmma_gemm_f16f16_f16f32_f32_nn_n_tilesize64x128x32_stage5_warpsize2x2x1_tensor16x8x16_aligna2_alignc2,inputs=Half;Half;Float;Float|outputs=Half,/MatMul_23,UNKNOWN,MEDIUM,ENGINE_INSPECTOR_METADATA + ONNX_GRAPH_NODE_MATCH + OPERATOR_NAME_NOT_RECOGNIZED
295,__myl_MulMinMaxRouCas_myl0_295,kgen,__myl_MulMinMaxRouCas_0x7c03f425cd0cc19febc97cb69c1f2cdb,inputs=Half|outputs=Int8,/o_proj_11/MatMul__a_quant,L11:o_proj,HIGH,ENGINE_INSPECTOR_METADATA + ONNX_GRAPH_NODE_MATCH + RECOGNIZED_QWEN3_OPERATOR_NAME
296,__myl_FcCasAdd_myl0_296,fusion,sm80_xmma_gemm_i8f32_i8i32_f32_tn_n_tilesize32x64x64_stage6_warpsize2x2x1_tensor16x8x32_by_fusion_tactic,inputs=Half;Int8;Int8|outputs=Half,/o_proj_11/MatMul;/o_proj_11/MatMul__a_dequant;/o_proj_11/MatMul__a_quant;/o_proj_11/MatMul__w_dequant;/Add_46,L11:o_proj,HIGH,ENGINE_INSPECTOR_METADATA + ONNX_GRAPH_NODE_MATCH + RECOGNIZED_QWEN3_OPERATOR_NAME
297,__myl_MulMeaAddSqrDivMulMulMulMinMaxRouCas_myl0_297,kgen,__myl_MulMeaAddSqrDivMulMulMulMinMaxRouCas_0xcf81b38212e8f296e353aae060904a23,inputs=Half;Half;Half;Half|outputs=Int8;Half,/post_attention_layernorm_11/Pow;/post_attention_layernorm_11/ReduceMean;/post_attention_layernorm_11/Add;/post_attention_layernorm_11/Div;/post_attention_layernorm_11/Sqrt;/post_attention_layernorm_11/Mul;/post_attention_layernorm_11/Mul_1;/gate_proj_11/MatMul__a_quant,L11:post_attention_layernorm;L11:gate_proj,HIGH,ENGINE_INSPECTOR_METADATA + ONNX_GRAPH_NODE_MATCH + RECOGNIZED_QWEN3_OPERATOR_NAME
298,/up_proj_11/MatMul_myl0_298,gemm,sm80_xmma_gemm_f16f16_f16f16_f16_tn_n_tilesize32x32x64_stage6_warpsize2x2x1_tensor16x8x16,inputs=Half;Half;Float;Float|outputs=Half,/up_proj_11/MatMul,L11:up_proj,HIGH,ENGINE_INSPECTOR_METADATA + ONNX_GRAPH_NODE_MATCH + RECOGNIZED_QWEN3_OPERATOR_NAME
299,__myl_FcCasNegExpAddDivMulMul_myl0_299,fusion,sm80_xmma_gemm_i8i8_i8i32_f32_tn_n_tilesize32x64x64_stage6_warpsize2x2x1_tensor16x8x32_by_fusion_tactic,inputs=Half;Int8;Int8|outputs=Half,/gate_proj_11/MatMul;/gate_proj_11/MatMul__a_dequant;/gate_proj_11/MatMul__a_quant;/gate_proj_11/MatMul__w_dequant;/Mul_107;/Mul_108;/Sigmoid_11,L11:gate_proj,HIGH,ENGINE_INSPECTOR_METADATA + ONNX_GRAPH_NODE_MATCH + RECOGNIZED_QWEN3_OPERATOR_NAME
300,__myl_FcAdd_myl0_300,fusion,sm80_xmma_gemm_f16f16_f16f16_f16_nn_n_tilesize64x128x32_stage5_warpsize2x2x1_tensor16x8x16_by_fusion_tactic,inputs=Half;Half;Half|outputs=Half,/down_proj_11/MatMul;/Add_47,L11:down_proj,HIGH,ENGINE_INSPECTOR_METADATA + ONNX_GRAPH_NODE_MATCH + RECOGNIZED_QWEN3_OPERATOR_NAME
301,__myl_MulMeaAddSqrDivMulDivMinMaxRouCasDivMinMaxRouCasDivMinMaxRouCas_myl0_301,kgen,__myl_MulMeaAddSqrDivMulDivMinMaxRouCasDivMinMaxRouCasDivMinMaxRouCas_0x9f2c300bb597625319cadec4728f9bc5,inputs=Half;Half;Half;Half;Half;Half|outputs=Int8;Int8;Int8,/q_proj_12/MatMul__a_quant;/k_proj_12/MatMul__a_quant;/v_proj_12/MatMul__a_quant;/input_layernorm_12/Mul;/input_layernorm_12/Sqrt;/input_layernorm_12/Div;/input_layernorm_12/Add;/input_layernorm_12/ReduceMean;/input_layernorm_12/Pow,L12:q_proj;L12:k_proj;L12:v_proj;L12:input_layernorm,HIGH,ENGINE_INSPECTOR_METADATA + ONNX_GRAPH_NODE_MATCH + RECOGNIZED_QWEN3_OPERATOR_NAME
302,__mye677020_myl0_302,signal,UNKNOWN,inputs=NONE|outputs=NONE,UNKNOWN,UNKNOWN,UNKNOWN,NO_METADATA
303,__mye677022_myl0_303,wait,UNKNOWN,inputs=NONE|outputs=NONE,UNKNOWN,UNKNOWN,UNKNOWN,NO_METADATA
304,__myl_FcCas_myl0_304,fusion,sm80_xmma_gemm_i8f32_i8i32_f32_tn_n_tilesize32x64x64_stage6_warpsize2x2x1_tensor16x8x32_by_fusion_tactic,inputs=Int8;Int8|outputs=Half,/v_proj_12/MatMul;/v_proj_12/MatMul__a_dequant;/v_proj_12/MatMul__a_quant;/v_proj_12/MatMul__w_dequant,L12:v_proj,HIGH,ENGINE_INSPECTOR_METADATA + ONNX_GRAPH_NODE_MATCH + RECOGNIZED_QWEN3_OPERATOR_NAME
305,__myl_ResConResRep_myl0_305,kgen,__myl_ResConResRep_0x9d40828c020eb6bb972be950c35191c1,inputs=Half;Half;Int64;Int64;Int64;Int64;Int64;Int64;Int64;Int64;Int64;Int64;Int64;Int64;Int64;Int64|outputs=Half;Half,/Reshape_98;/Transpose_62;/Unsqueeze_282;/Expand_25;/Concat_151,UNKNOWN,MEDIUM,ENGINE_INSPECTOR_METADATA + ONNX_GRAPH_NODE_MATCH + OPERATOR_NAME_NOT_RECOGNIZED
306,__mye677030_myl0_306,signal,UNKNOWN,inputs=NONE|outputs=NONE,UNKNOWN,UNKNOWN,UNKNOWN,NO_METADATA
307,__mye677024_myl0_307,wait,UNKNOWN,inputs=NONE|outputs=NONE,UNKNOWN,UNKNOWN,UNKNOWN,NO_METADATA
308,__myl_FcCas_myl0_308,fusion,sm80_xmma_gemm_i8f32_i8i32_f32_tn_n_tilesize32x64x64_stage6_warpsize2x2x1_tensor16x8x32_by_fusion_tactic,inputs=Int8;Int8|outputs=Half,/k_proj_12/MatMul;/k_proj_12/MatMul__a_dequant;/k_proj_12/MatMul__a_quant;/k_proj_12/MatMul__w_dequant,L12:k_proj,HIGH,ENGINE_INSPECTOR_METADATA + ONNX_GRAPH_NODE_MATCH + RECOGNIZED_QWEN3_OPERATOR_NAME
309,__myl_ResMulMea_myl0_309,kgen,__myl_ResMulMea_0x3c91498c3beee36a5653966af1581a8a,inputs=Half|outputs=Half;Half,/Reshape_97;/k_norm_12/Pow;/k_norm_12/ReduceMean,L12:k_norm,HIGH,ENGINE_INSPECTOR_METADATA + ONNX_GRAPH_NODE_MATCH + RECOGNIZED_QWEN3_OPERATOR_NAME
310,__myl_AddSqrDivMulMulResSliSliNegConMulMulAddConResRepResTra_myl0_310,kgen,__myl_AddSqrDivMulMulResSliSliNegConMulMulAddConResRepResTra_0x5aea462b6a819ceadd3ebb32874c078f,inputs=Half;Half;Half;Half;Half;Half;Int64;Int64;Int64;Int64;Int64;Int64;Int64;Int64;Int64;Int64;Int64;Int64;Int64;Int64;Int64;Int64;Int64;Int64|outputs=Half;Half,/k_norm_12/Add;/k_norm_12/Sqrt;/k_norm_12/Mul;/k_norm_12/Mul_1;/Transpose_61;/Slice_50;/Slice_51;/Concat_149;/Mul_112;/Add_49;/Mul_111;/Unsqueeze_277;/Reshape_100;/Transpose_63;/Expand_24;/Concat_150;/Neg_25;/k_norm_12/Div,L12:k_norm,HIGH,ENGINE_INSPECTOR_METADATA + ONNX_GRAPH_NODE_MATCH + RECOGNIZED_QWEN3_OPERATOR_NAME
311,__mye677026_myl0_311,signal,UNKNOWN,inputs=NONE|outputs=NONE,UNKNOWN,UNKNOWN,UNKNOWN,NO_METADATA
312,__myl_FcCas_myl0_312,fusion,sm80_xmma_gemm_i8f32_i8i32_f32_tn_n_tilesize32x64x64_stage6_warpsize2x2x1_tensor16x8x32_by_fusion_tactic,inputs=Int8;Int8|outputs=Half,/q_proj_12/MatMul;/q_proj_12/MatMul__a_dequant;/q_proj_12/MatMul__a_quant;/q_proj_12/MatMul__w_dequant,L12:q_proj,HIGH,ENGINE_INSPECTOR_METADATA + ONNX_GRAPH_NODE_MATCH + RECOGNIZED_QWEN3_OPERATOR_NAME
313,__myl_ResMulMea_myl0_313,kgen,__myl_ResMulMea_0xf2413012cd9ac6341b95d78f3432c656,inputs=Half|outputs=Half;Half,/Reshape_96;/q_norm_12/Pow;/q_norm_12/ReduceMean,L12:q_norm,HIGH,ENGINE_INSPECTOR_METADATA + ONNX_GRAPH_NODE_MATCH + RECOGNIZED_QWEN3_OPERATOR_NAME
314,__myl_AddSqrDivMulMulResSliSliNegConMulMulAdd_myl0_314,kgen,__myl_AddSqrDivMulMulResSliSliNegConMulMulAdd_0xf1ba08cc3beaba8ee91b0504be9c2cf4,inputs=Half;Half;Half;Half;Half|outputs=Half,/q_norm_12/Add;/q_norm_12/Sqrt;/q_norm_12/Mul;/q_norm_12/Mul_1;/Transpose_60;/Slice_48;/Slice_49;/Concat_148;/Mul_110;/Add_48;/Mul_109;/Neg_24;/q_norm_12/Div,L12:q_norm,HIGH,ENGINE_INSPECTOR_METADATA + ONNX_GRAPH_NODE_MATCH + RECOGNIZED_QWEN3_OPERATOR_NAME
315,__mye677028_myl0_315,wait,UNKNOWN,inputs=NONE|outputs=NONE,UNKNOWN,UNKNOWN,UNKNOWN,NO_METADATA
316,/MatMul_24_myl0_316,gemm,sm80_xmma_gemm_f16f16_f16f32_f32_nn_n_tilesize32x32x64_stage6_warpsize2x2x1_tensor16x8x16_aligna2_alignc2,inputs=Half;Half;Float;Float|outputs=Half,/MatMul_24,UNKNOWN,MEDIUM,ENGINE_INSPECTOR_METADATA + ONNX_GRAPH_NODE_MATCH + OPERATOR_NAME_NOT_RECOGNIZED
317,__myl_MulMaxSubExpSumDivMul_myl0_317,kgen,__myl_MulMaxSubExpSumDivMul_0x1108f5a078d6e65507c06537b9b2e43f,inputs=Half;Int64;Int64|outputs=Half,/Mul_115;/Softmax_12,UNKNOWN,MEDIUM,ENGINE_INSPECTOR_METADATA + ONNX_GRAPH_NODE_MATCH + OPERATOR_NAME_NOT_RECOGNIZED
318,__mye677032_myl0_318,wait,UNKNOWN,inputs=NONE|outputs=NONE,UNKNOWN,UNKNOWN,UNKNOWN,NO_METADATA
319,/MatMul_25_myl0_319,gemm,sm80_xmma_gemm_f16f16_f16f32_f32_nn_n_tilesize64x128x32_stage5_warpsize2x2x1_tensor16x8x16_aligna2_alignc2,inputs=Half;Half;Float;Float|outputs=Half,/MatMul_25,UNKNOWN,MEDIUM,ENGINE_INSPECTOR_METADATA + ONNX_GRAPH_NODE_MATCH + OPERATOR_NAME_NOT_RECOGNIZED
320,__myl_MulMinMaxRouCas_myl0_320,kgen,__myl_MulMinMaxRouCas_0x1fb837ee240f07d62ca7b72c8a105b6f,inputs=Half|outputs=Int8,/o_proj_12/MatMul__a_quant,L12:o_proj,HIGH,ENGINE_INSPECTOR_METADATA + ONNX_GRAPH_NODE_MATCH + RECOGNIZED_QWEN3_OPERATOR_NAME
321,__myl_FcCasAdd_myl0_321,fusion,sm80_xmma_gemm_i8f32_i8i32_f32_tn_n_tilesize32x64x64_stage6_warpsize2x2x1_tensor16x8x32_by_fusion_tactic,inputs=Half;Int8;Int8|outputs=Half,/o_proj_12/MatMul;/o_proj_12/MatMul__a_dequant;/o_proj_12/MatMul__a_quant;/o_proj_12/MatMul__w_dequant;/Add_50,L12:o_proj,HIGH,ENGINE_INSPECTOR_METADATA + ONNX_GRAPH_NODE_MATCH + RECOGNIZED_QWEN3_OPERATOR_NAME
322,__myl_MulMeaAddSqrDivMulMulMulMinMaxRouCas_myl0_322,kgen,__myl_MulMeaAddSqrDivMulMulMulMinMaxRouCas_0xcf81b38212e8f296e353aae060904a23,inputs=Half;Half;Half;Half|outputs=Int8;Half,/post_attention_layernorm_12/Pow;/post_attention_layernorm_12/ReduceMean;/post_attention_layernorm_12/Add;/post_attention_layernorm_12/Div;/post_attention_layernorm_12/Sqrt;/post_attention_layernorm_12/Mul;/post_attention_layernorm_12/Mul_1;/gate_proj_12/MatMul__a_quant,L12:post_attention_layernorm;L12:gate_proj,HIGH,ENGINE_INSPECTOR_METADATA + ONNX_GRAPH_NODE_MATCH + RECOGNIZED_QWEN3_OPERATOR_NAME
323,/up_proj_12/MatMul_myl0_323,gemm,sm80_xmma_gemm_f16f16_f16f16_f16_tn_n_tilesize32x32x64_stage6_warpsize2x2x1_tensor16x8x16,inputs=Half;Half;Float;Float|outputs=Half,/up_proj_12/MatMul,L12:up_proj,HIGH,ENGINE_INSPECTOR_METADATA + ONNX_GRAPH_NODE_MATCH + RECOGNIZED_QWEN3_OPERATOR_NAME
324,__myl_FcCasNegExpAddDivMulMul_myl0_324,fusion,sm80_xmma_gemm_i8i8_i8i32_f32_tn_n_tilesize32x64x64_stage6_warpsize2x2x1_tensor16x8x32_by_fusion_tactic,inputs=Half;Int8;Int8|outputs=Half,/gate_proj_12/MatMul;/gate_proj_12/MatMul__a_dequant;/gate_proj_12/MatMul__a_quant;/gate_proj_12/MatMul__w_dequant;/Mul_116;/Mul_117;/Sigmoid_12,L12:gate_proj,HIGH,ENGINE_INSPECTOR_METADATA + ONNX_GRAPH_NODE_MATCH + RECOGNIZED_QWEN3_OPERATOR_NAME
325,__myl_FcAdd_myl0_325,fusion,sm80_xmma_gemm_f16f16_f16f16_f16_nn_n_tilesize64x128x32_stage5_warpsize2x2x1_tensor16x8x16_by_fusion_tactic,inputs=Half;Half;Half|outputs=Half,/down_proj_12/MatMul;/Add_51,L12:down_proj,HIGH,ENGINE_INSPECTOR_METADATA + ONNX_GRAPH_NODE_MATCH + RECOGNIZED_QWEN3_OPERATOR_NAME
326,__myl_MulMeaAddSqrDivMulDivMinMaxRouCasDivMinMaxRouCasDivMinMaxRouCas_myl0_326,kgen,__myl_MulMeaAddSqrDivMulDivMinMaxRouCasDivMinMaxRouCasDivMinMaxRouCas_0x9f2c300bb597625319cadec4728f9bc5,inputs=Half;Half;Half;Half;Half;Half|outputs=Int8;Int8;Int8,/q_proj_13/MatMul__a_quant;/k_proj_13/MatMul__a_quant;/v_proj_13/MatMul__a_quant;/input_layernorm_13/Mul;/input_layernorm_13/Sqrt;/input_layernorm_13/Div;/input_layernorm_13/Add;/input_layernorm_13/ReduceMean;/input_layernorm_13/Pow,L13:q_proj;L13:k_proj;L13:v_proj;L13:input_layernorm,HIGH,ENGINE_INSPECTOR_METADATA + ONNX_GRAPH_NODE_MATCH + RECOGNIZED_QWEN3_OPERATOR_NAME
327,__mye677034_myl0_327,signal,UNKNOWN,inputs=NONE|outputs=NONE,UNKNOWN,UNKNOWN,UNKNOWN,NO_METADATA
328,__mye677036_myl0_328,wait,UNKNOWN,inputs=NONE|outputs=NONE,UNKNOWN,UNKNOWN,UNKNOWN,NO_METADATA
329,__myl_FcCas_myl0_329,fusion,sm80_xmma_gemm_i8f32_i8i32_f32_tn_n_tilesize32x64x64_stage6_warpsize2x2x1_tensor16x8x32_by_fusion_tactic,inputs=Int8;Int8|outputs=Half,/v_proj_13/MatMul;/v_proj_13/MatMul__a_dequant;/v_proj_13/MatMul__a_quant;/v_proj_13/MatMul__w_dequant,L13:v_proj,HIGH,ENGINE_INSPECTOR_METADATA + ONNX_GRAPH_NODE_MATCH + RECOGNIZED_QWEN3_OPERATOR_NAME
330,__myl_ResConResRep_myl0_330,kgen,__myl_ResConResRep_0x9d40828c020eb6bb972be950c35191c1,inputs=Half;Half;Int64;Int64;Int64;Int64;Int64;Int64;Int64;Int64;Int64;Int64;Int64;Int64;Int64;Int64|outputs=Half;Half,/Reshape_106;/Transpose_67;/Unsqueeze_304;/Expand_27;/Concat_163,UNKNOWN,MEDIUM,ENGINE_INSPECTOR_METADATA + ONNX_GRAPH_NODE_MATCH + OPERATOR_NAME_NOT_RECOGNIZED
331,__mye677044_myl0_331,signal,UNKNOWN,inputs=NONE|outputs=NONE,UNKNOWN,UNKNOWN,UNKNOWN,NO_METADATA
332,__mye677038_myl0_332,wait,UNKNOWN,inputs=NONE|outputs=NONE,UNKNOWN,UNKNOWN,UNKNOWN,NO_METADATA
333,__myl_FcCas_myl0_333,fusion,sm80_xmma_gemm_i8f32_i8i32_f32_tn_n_tilesize32x64x64_stage6_warpsize2x2x1_tensor16x8x32_by_fusion_tactic,inputs=Int8;Int8|outputs=Half,/k_proj_13/MatMul;/k_proj_13/MatMul__a_dequant;/k_proj_13/MatMul__a_quant;/k_proj_13/MatMul__w_dequant,L13:k_proj,HIGH,ENGINE_INSPECTOR_METADATA + ONNX_GRAPH_NODE_MATCH + RECOGNIZED_QWEN3_OPERATOR_NAME
334,__myl_ResMulMea_myl0_334,kgen,__myl_ResMulMea_0x3c91498c3beee36a5653966af1581a8a,inputs=Half|outputs=Half;Half,/Reshape_105;/k_norm_13/Pow;/k_norm_13/ReduceMean,L13:k_norm,HIGH,ENGINE_INSPECTOR_METADATA + ONNX_GRAPH_NODE_MATCH + RECOGNIZED_QWEN3_OPERATOR_NAME
335,__myl_AddSqrDivMulMulResSliSliNegConMulMulAddConResRepResTra_myl0_335,kgen,__myl_AddSqrDivMulMulResSliSliNegConMulMulAddConResRepResTra_0x5aea462b6a819ceadd3ebb32874c078f,inputs=Half;Half;Half;Half;Half;Half;Int64;Int64;Int64;Int64;Int64;Int64;Int64;Int64;Int64;Int64;Int64;Int64;Int64;Int64;Int64;Int64;Int64;Int64|outputs=Half;Half,/k_norm_13/Add;/k_norm_13/Sqrt;/k_norm_13/Mul;/k_norm_13/Mul_1;/Transpose_66;/Slice_54;/Slice_55;/Concat_161;/Mul_121;/Add_53;/Mul_120;/Unsqueeze_299;/Reshape_108;/Transpose_68;/Expand_26;/Concat_162;/Neg_27;/k_norm_13/Div,L13:k_norm,HIGH,ENGINE_INSPECTOR_METADATA + ONNX_GRAPH_NODE_MATCH + RECOGNIZED_QWEN3_OPERATOR_NAME
336,__mye677040_myl0_336,signal,UNKNOWN,inputs=NONE|outputs=NONE,UNKNOWN,UNKNOWN,UNKNOWN,NO_METADATA
337,__myl_FcCas_myl0_337,fusion,sm80_xmma_gemm_i8f32_i8i32_f32_tn_n_tilesize32x64x64_stage6_warpsize2x2x1_tensor16x8x32_by_fusion_tactic,inputs=Int8;Int8|outputs=Half,/q_proj_13/MatMul;/q_proj_13/MatMul__a_dequant;/q_proj_13/MatMul__a_quant;/q_proj_13/MatMul__w_dequant,L13:q_proj,HIGH,ENGINE_INSPECTOR_METADATA + ONNX_GRAPH_NODE_MATCH + RECOGNIZED_QWEN3_OPERATOR_NAME
338,__myl_ResMulMea_myl0_338,kgen,__myl_ResMulMea_0xf2413012cd9ac6341b95d78f3432c656,inputs=Half|outputs=Half;Half,/Reshape_104;/q_norm_13/Pow;/q_norm_13/ReduceMean,L13:q_norm,HIGH,ENGINE_INSPECTOR_METADATA + ONNX_GRAPH_NODE_MATCH + RECOGNIZED_QWEN3_OPERATOR_NAME
339,__myl_AddSqrDivMulMulResSliSliNegConMulMulAdd_myl0_339,kgen,__myl_AddSqrDivMulMulResSliSliNegConMulMulAdd_0xf1ba08cc3beaba8ee91b0504be9c2cf4,inputs=Half;Half;Half;Half;Half|outputs=Half,/q_norm_13/Add;/q_norm_13/Sqrt;/q_norm_13/Mul;/q_norm_13/Mul_1;/Transpose_65;/Slice_52;/Slice_53;/Concat_160;/Mul_119;/Add_52;/Mul_118;/Neg_26;/q_norm_13/Div,L13:q_norm,HIGH,ENGINE_INSPECTOR_METADATA + ONNX_GRAPH_NODE_MATCH + RECOGNIZED_QWEN3_OPERATOR_NAME
340,__mye677042_myl0_340,wait,UNKNOWN,inputs=NONE|outputs=NONE,UNKNOWN,UNKNOWN,UNKNOWN,NO_METADATA
341,/MatMul_26_myl0_341,gemm,sm80_xmma_gemm_f16f16_f16f32_f32_nn_n_tilesize32x32x64_stage6_warpsize2x2x1_tensor16x8x16_aligna2_alignc2,inputs=Half;Half;Float;Float|outputs=Half,/MatMul_26,UNKNOWN,MEDIUM,ENGINE_INSPECTOR_METADATA + ONNX_GRAPH_NODE_MATCH + OPERATOR_NAME_NOT_RECOGNIZED
342,__myl_MulMaxSubExpSumDivMul_myl0_342,kgen,__myl_MulMaxSubExpSumDivMul_0x1108f5a078d6e65507c06537b9b2e43f,inputs=Half;Int64;Int64|outputs=Half,/Mul_124;/Softmax_13,UNKNOWN,MEDIUM,ENGINE_INSPECTOR_METADATA + ONNX_GRAPH_NODE_MATCH + OPERATOR_NAME_NOT_RECOGNIZED
343,__mye677046_myl0_343,wait,UNKNOWN,inputs=NONE|outputs=NONE,UNKNOWN,UNKNOWN,UNKNOWN,NO_METADATA
344,/MatMul_27_myl0_344,gemm,sm80_xmma_gemm_f16f16_f16f32_f32_nn_n_tilesize64x128x32_stage5_warpsize2x2x1_tensor16x8x16_aligna2_alignc2,inputs=Half;Half;Float;Float|outputs=Half,/MatMul_27,UNKNOWN,MEDIUM,ENGINE_INSPECTOR_METADATA + ONNX_GRAPH_NODE_MATCH + OPERATOR_NAME_NOT_RECOGNIZED
345,__myl_MulMinMaxRouCas_myl0_345,kgen,__myl_MulMinMaxRouCas_0x472744a06bd7fd057961674c77025970,inputs=Half|outputs=Int8,/o_proj_13/MatMul__a_quant,L13:o_proj,HIGH,ENGINE_INSPECTOR_METADATA + ONNX_GRAPH_NODE_MATCH + RECOGNIZED_QWEN3_OPERATOR_NAME
346,__myl_FcCasAdd_myl0_346,fusion,sm80_xmma_gemm_i8f32_i8i32_f32_tn_n_tilesize32x64x64_stage6_warpsize2x2x1_tensor16x8x32_by_fusion_tactic,inputs=Half;Int8;Int8|outputs=Half,/o_proj_13/MatMul;/o_proj_13/MatMul__a_dequant;/o_proj_13/MatMul__a_quant;/o_proj_13/MatMul__w_dequant;/Add_54,L13:o_proj,HIGH,ENGINE_INSPECTOR_METADATA + ONNX_GRAPH_NODE_MATCH + RECOGNIZED_QWEN3_OPERATOR_NAME
347,__myl_MulMeaAddSqrDivMulMulMulMinMaxRouCas_myl0_347,kgen,__myl_MulMeaAddSqrDivMulMulMulMinMaxRouCas_0xc17a9e1c8880e75049e64b4f3bf21f16,inputs=Half;Half;Half;Half|outputs=Int8;Half,/post_attention_layernorm_13/Pow;/post_attention_layernorm_13/ReduceMean;/post_attention_layernorm_13/Add;/post_attention_layernorm_13/Div;/post_attention_layernorm_13/Sqrt;/post_attention_layernorm_13/Mul;/post_attention_layernorm_13/Mul_1;/gate_proj_13/MatMul__a_quant,L13:post_attention_layernorm;L13:gate_proj,HIGH,ENGINE_INSPECTOR_METADATA + ONNX_GRAPH_NODE_MATCH + RECOGNIZED_QWEN3_OPERATOR_NAME
348,/up_proj_13/MatMul_myl0_348,gemm,sm80_xmma_gemm_f16f16_f16f16_f16_tn_n_tilesize32x32x64_stage6_warpsize2x2x1_tensor16x8x16,inputs=Half;Half;Float;Float|outputs=Half,/up_proj_13/MatMul,L13:up_proj,HIGH,ENGINE_INSPECTOR_METADATA + ONNX_GRAPH_NODE_MATCH + RECOGNIZED_QWEN3_OPERATOR_NAME
349,__myl_FcCasNegExpAddDivMulMul_myl0_349,fusion,sm80_xmma_gemm_i8i8_i8i32_f32_tn_n_tilesize32x64x64_stage6_warpsize2x2x1_tensor16x8x32_by_fusion_tactic,inputs=Half;Int8;Int8|outputs=Half,/gate_proj_13/MatMul;/gate_proj_13/MatMul__a_dequant;/gate_proj_13/MatMul__a_quant;/gate_proj_13/MatMul__w_dequant;/Mul_125;/Mul_126;/Sigmoid_13,L13:gate_proj,HIGH,ENGINE_INSPECTOR_METADATA + ONNX_GRAPH_NODE_MATCH + RECOGNIZED_QWEN3_OPERATOR_NAME
350,__myl_FcAdd_myl0_350,fusion,sm80_xmma_gemm_f16f16_f16f16_f16_nn_n_tilesize64x128x32_stage5_warpsize2x2x1_tensor16x8x16_by_fusion_tactic,inputs=Half;Half;Half|outputs=Half,/down_proj_13/MatMul;/Add_55,L13:down_proj,HIGH,ENGINE_INSPECTOR_METADATA + ONNX_GRAPH_NODE_MATCH + RECOGNIZED_QWEN3_OPERATOR_NAME
351,__myl_MulMeaAddSqrDivMulDivMinMaxRouCasDivMinMaxRouCasDivMinMaxRouCas_myl0_351,kgen,__myl_MulMeaAddSqrDivMulDivMinMaxRouCasDivMinMaxRouCasDivMinMaxRouCas_0x9f2c300bb597625319cadec4728f9bc5,inputs=Half;Half;Half;Half;Half;Half|outputs=Int8;Int8;Int8,/q_proj_14/MatMul__a_quant;/k_proj_14/MatMul__a_quant;/v_proj_14/MatMul__a_quant;/input_layernorm_14/Mul;/input_layernorm_14/Sqrt;/input_layernorm_14/Div;/input_layernorm_14/Add;/input_layernorm_14/ReduceMean;/input_layernorm_14/Pow,L14:q_proj;L14:k_proj;L14:v_proj;L14:input_layernorm,HIGH,ENGINE_INSPECTOR_METADATA + ONNX_GRAPH_NODE_MATCH + RECOGNIZED_QWEN3_OPERATOR_NAME
352,__mye677048_myl0_352,signal,UNKNOWN,inputs=NONE|outputs=NONE,UNKNOWN,UNKNOWN,UNKNOWN,NO_METADATA
353,__mye677050_myl0_353,wait,UNKNOWN,inputs=NONE|outputs=NONE,UNKNOWN,UNKNOWN,UNKNOWN,NO_METADATA
354,__myl_FcCas_myl0_354,fusion,sm80_xmma_gemm_i8f32_i8i32_f32_tn_n_tilesize32x64x64_stage6_warpsize2x2x1_tensor16x8x32_by_fusion_tactic,inputs=Int8;Int8|outputs=Half,/v_proj_14/MatMul;/v_proj_14/MatMul__a_dequant;/v_proj_14/MatMul__a_quant;/v_proj_14/MatMul__w_dequant,L14:v_proj,HIGH,ENGINE_INSPECTOR_METADATA + ONNX_GRAPH_NODE_MATCH + RECOGNIZED_QWEN3_OPERATOR_NAME
355,__myl_ResConResRep_myl0_355,kgen,__myl_ResConResRep_0x9d40828c020eb6bb972be950c35191c1,inputs=Half;Half;Int64;Int64;Int64;Int64;Int64;Int64;Int64;Int64;Int64;Int64;Int64;Int64;Int64;Int64|outputs=Half;Half,/Reshape_114;/Transpose_72;/Unsqueeze_326;/Expand_29;/Concat_175,UNKNOWN,MEDIUM,ENGINE_INSPECTOR_METADATA + ONNX_GRAPH_NODE_MATCH + OPERATOR_NAME_NOT_RECOGNIZED
356,__mye677058_myl0_356,signal,UNKNOWN,inputs=NONE|outputs=NONE,UNKNOWN,UNKNOWN,UNKNOWN,NO_METADATA
357,__mye677052_myl0_357,wait,UNKNOWN,inputs=NONE|outputs=NONE,UNKNOWN,UNKNOWN,UNKNOWN,NO_METADATA
358,__myl_FcCas_myl0_358,fusion,sm80_xmma_gemm_i8f32_i8i32_f32_tn_n_tilesize32x64x64_stage6_warpsize2x2x1_tensor16x8x32_by_fusion_tactic,inputs=Int8;Int8|outputs=Half,/k_proj_14/MatMul;/k_proj_14/MatMul__a_dequant;/k_proj_14/MatMul__a_quant;/k_proj_14/MatMul__w_dequant,L14:k_proj,HIGH,ENGINE_INSPECTOR_METADATA + ONNX_GRAPH_NODE_MATCH + RECOGNIZED_QWEN3_OPERATOR_NAME
359,__myl_ResMulMea_myl0_359,kgen,__myl_ResMulMea_0x3c91498c3beee36a5653966af1581a8a,inputs=Half|outputs=Half;Half,/Reshape_113;/k_norm_14/Pow;/k_norm_14/ReduceMean,L14:k_norm,HIGH,ENGINE_INSPECTOR_METADATA + ONNX_GRAPH_NODE_MATCH + RECOGNIZED_QWEN3_OPERATOR_NAME
360,__myl_AddSqrDivMulMulResSliSliNegConMulMulAddConResRepResTra_myl0_360,kgen,__myl_AddSqrDivMulMulResSliSliNegConMulMulAddConResRepResTra_0x5aea462b6a819ceadd3ebb32874c078f,inputs=Half;Half;Half;Half;Half;Half;Int64;Int64;Int64;Int64;Int64;Int64;Int64;Int64;Int64;Int64;Int64;Int64;Int64;Int64;Int64;Int64;Int64;Int64|outputs=Half;Half,/k_norm_14/Add;/k_norm_14/Sqrt;/k_norm_14/Mul;/k_norm_14/Mul_1;/Transpose_71;/Slice_58;/Slice_59;/Concat_173;/Mul_130;/Add_57;/Mul_129;/Unsqueeze_321;/Reshape_116;/Transpose_73;/Expand_28;/Concat_174;/Neg_29;/k_norm_14/Div,L14:k_norm,HIGH,ENGINE_INSPECTOR_METADATA + ONNX_GRAPH_NODE_MATCH + RECOGNIZED_QWEN3_OPERATOR_NAME
361,__mye677054_myl0_361,signal,UNKNOWN,inputs=NONE|outputs=NONE,UNKNOWN,UNKNOWN,UNKNOWN,NO_METADATA
362,__myl_FcCas_myl0_362,fusion,sm80_xmma_gemm_i8f32_i8i32_f32_tn_n_tilesize32x64x64_stage6_warpsize2x2x1_tensor16x8x32_by_fusion_tactic,inputs=Int8;Int8|outputs=Half,/q_proj_14/MatMul;/q_proj_14/MatMul__a_dequant;/q_proj_14/MatMul__a_quant;/q_proj_14/MatMul__w_dequant,L14:q_proj,HIGH,ENGINE_INSPECTOR_METADATA + ONNX_GRAPH_NODE_MATCH + RECOGNIZED_QWEN3_OPERATOR_NAME
363,__myl_ResMulMea_myl0_363,kgen,__myl_ResMulMea_0xf2413012cd9ac6341b95d78f3432c656,inputs=Half|outputs=Half;Half,/Reshape_112;/q_norm_14/Pow;/q_norm_14/ReduceMean,L14:q_norm,HIGH,ENGINE_INSPECTOR_METADATA + ONNX_GRAPH_NODE_MATCH + RECOGNIZED_QWEN3_OPERATOR_NAME
364,__myl_AddSqrDivMulMulResSliSliNegConMulMulAdd_myl0_364,kgen,__myl_AddSqrDivMulMulResSliSliNegConMulMulAdd_0xf1ba08cc3beaba8ee91b0504be9c2cf4,inputs=Half;Half;Half;Half;Half|outputs=Half,/q_norm_14/Add;/q_norm_14/Sqrt;/q_norm_14/Mul;/q_norm_14/Mul_1;/Transpose_70;/Slice_56;/Slice_57;/Concat_172;/Mul_128;/Add_56;/Mul_127;/Neg_28;/q_norm_14/Div,L14:q_norm,HIGH,ENGINE_INSPECTOR_METADATA + ONNX_GRAPH_NODE_MATCH + RECOGNIZED_QWEN3_OPERATOR_NAME
365,__mye677056_myl0_365,wait,UNKNOWN,inputs=NONE|outputs=NONE,UNKNOWN,UNKNOWN,UNKNOWN,NO_METADATA
366,/MatMul_28_myl0_366,gemm,sm80_xmma_gemm_f16f16_f16f32_f32_nn_n_tilesize32x32x64_stage6_warpsize2x2x1_tensor16x8x16_aligna2_alignc2,inputs=Half;Half;Float;Float|outputs=Half,/MatMul_28,UNKNOWN,MEDIUM,ENGINE_INSPECTOR_METADATA + ONNX_GRAPH_NODE_MATCH + OPERATOR_NAME_NOT_RECOGNIZED
367,__myl_MulMaxSubExpSumDivMul_myl0_367,kgen,__myl_MulMaxSubExpSumDivMul_0x1108f5a078d6e65507c06537b9b2e43f,inputs=Half;Int64;Int64|outputs=Half,/Mul_133;/Softmax_14,UNKNOWN,MEDIUM,ENGINE_INSPECTOR_METADATA + ONNX_GRAPH_NODE_MATCH + OPERATOR_NAME_NOT_RECOGNIZED
368,__mye677060_myl0_368,wait,UNKNOWN,inputs=NONE|outputs=NONE,UNKNOWN,UNKNOWN,UNKNOWN,NO_METADATA
369,/MatMul_29_myl0_369,gemm,sm80_xmma_gemm_f16f16_f16f32_f32_nn_n_tilesize64x128x32_stage5_warpsize2x2x1_tensor16x8x16_aligna2_alignc2,inputs=Half;Half;Float;Float|outputs=Half,/MatMul_29,UNKNOWN,MEDIUM,ENGINE_INSPECTOR_METADATA + ONNX_GRAPH_NODE_MATCH + OPERATOR_NAME_NOT_RECOGNIZED
370,__myl_FcAdd_myl0_370,fusion,sm80_xmma_gemm_f16f16_f16f16_f16_tn_n_tilesize32x32x64_stage6_warpsize2x2x1_tensor16x8x16_by_fusion_tactic,inputs=Half;Half;Half|outputs=Half,/o_proj_14/MatMul;/Add_58,L14:o_proj,HIGH,ENGINE_INSPECTOR_METADATA + ONNX_GRAPH_NODE_MATCH + RECOGNIZED_QWEN3_OPERATOR_NAME
371,__myl_MulMeaAddSqrDivMulMulMulMinMaxRouCas_myl0_371,kgen,__myl_MulMeaAddSqrDivMulMulMulMinMaxRouCas_0xf2d64d0cef819045fc9d252a6b31181b,inputs=Half;Half;Half;Half|outputs=Int8;Half,/post_attention_layernorm_14/Pow;/post_attention_layernorm_14/ReduceMean;/post_attention_layernorm_14/Add;/post_attention_layernorm_14/Div;/post_attention_layernorm_14/Sqrt;/post_attention_layernorm_14/Mul;/post_attention_layernorm_14/Mul_1;/gate_proj_14/MatMul__a_quant,L14:post_attention_layernorm;L14:gate_proj,HIGH,ENGINE_INSPECTOR_METADATA + ONNX_GRAPH_NODE_MATCH + RECOGNIZED_QWEN3_OPERATOR_NAME
372,/up_proj_14/MatMul_myl0_372,gemm,sm80_xmma_gemm_f16f16_f16f32_f32_tn_n_tilesize32x32x64_stage6_warpsize2x2x1_tensor16x8x16,inputs=Half;Half;Float;Float|outputs=Half,/up_proj_14/MatMul,L14:up_proj,HIGH,ENGINE_INSPECTOR_METADATA + ONNX_GRAPH_NODE_MATCH + RECOGNIZED_QWEN3_OPERATOR_NAME
373,__myl_FcCasNegExpAddDivMulMul_myl0_373,fusion,sm80_xmma_gemm_i8i8_i8i32_f32_tn_n_tilesize32x64x64_stage6_warpsize2x2x1_tensor16x8x32_by_fusion_tactic,inputs=Half;Int8;Int8|outputs=Half,/gate_proj_14/MatMul;/gate_proj_14/MatMul__a_dequant;/gate_proj_14/MatMul__a_quant;/gate_proj_14/MatMul__w_dequant;/Mul_134;/Mul_135;/Sigmoid_14,L14:gate_proj,HIGH,ENGINE_INSPECTOR_METADATA + ONNX_GRAPH_NODE_MATCH + RECOGNIZED_QWEN3_OPERATOR_NAME
374,__myl_FcAdd_myl0_374,fusion,sm80_xmma_gemm_f16f16_f16f16_f16_nn_n_tilesize64x128x32_stage5_warpsize2x2x1_tensor16x8x16_by_fusion_tactic,inputs=Half;Half;Half|outputs=Half,/down_proj_14/MatMul;/Add_59,L14:down_proj,HIGH,ENGINE_INSPECTOR_METADATA + ONNX_GRAPH_NODE_MATCH + RECOGNIZED_QWEN3_OPERATOR_NAME
375,__myl_MulMeaAddSqrDivMulDivMinMaxRouCasDivMinMaxRouCasDivMinMaxRouCas_myl0_375,kgen,__myl_MulMeaAddSqrDivMulDivMinMaxRouCasDivMinMaxRouCasDivMinMaxRouCas_0x9f2c300bb597625319cadec4728f9bc5,inputs=Half;Half;Half;Half;Half;Half|outputs=Int8;Int8;Int8,/q_proj_15/MatMul__a_quant;/k_proj_15/MatMul__a_quant;/v_proj_15/MatMul__a_quant;/input_layernorm_15/Mul;/input_layernorm_15/Sqrt;/input_layernorm_15/Div;/input_layernorm_15/Add;/input_layernorm_15/ReduceMean;/input_layernorm_15/Pow,L15:q_proj;L15:k_proj;L15:v_proj;L15:input_layernorm,HIGH,ENGINE_INSPECTOR_METADATA + ONNX_GRAPH_NODE_MATCH + RECOGNIZED_QWEN3_OPERATOR_NAME
376,__mye677062_myl0_376,signal,UNKNOWN,inputs=NONE|outputs=NONE,UNKNOWN,UNKNOWN,UNKNOWN,NO_METADATA
377,__mye677064_myl0_377,wait,UNKNOWN,inputs=NONE|outputs=NONE,UNKNOWN,UNKNOWN,UNKNOWN,NO_METADATA
378,__myl_FcCas_myl0_378,fusion,sm80_xmma_gemm_i8f32_i8i32_f32_tn_n_tilesize32x64x64_stage6_warpsize2x2x1_tensor16x8x32_by_fusion_tactic,inputs=Int8;Int8|outputs=Half,/v_proj_15/MatMul;/v_proj_15/MatMul__a_dequant;/v_proj_15/MatMul__a_quant;/v_proj_15/MatMul__w_dequant,L15:v_proj,HIGH,ENGINE_INSPECTOR_METADATA + ONNX_GRAPH_NODE_MATCH + RECOGNIZED_QWEN3_OPERATOR_NAME
379,__myl_ResConResRep_myl0_379,kgen,__myl_ResConResRep_0x9d40828c020eb6bb972be950c35191c1,inputs=Half;Half;Int64;Int64;Int64;Int64;Int64;Int64;Int64;Int64;Int64;Int64;Int64;Int64;Int64;Int64|outputs=Half;Half,/Reshape_122;/Transpose_77;/Unsqueeze_348;/Expand_31;/Concat_187,UNKNOWN,MEDIUM,ENGINE_INSPECTOR_METADATA + ONNX_GRAPH_NODE_MATCH + OPERATOR_NAME_NOT_RECOGNIZED
380,__mye677072_myl0_380,signal,UNKNOWN,inputs=NONE|outputs=NONE,UNKNOWN,UNKNOWN,UNKNOWN,NO_METADATA
381,__mye677066_myl0_381,wait,UNKNOWN,inputs=NONE|outputs=NONE,UNKNOWN,UNKNOWN,UNKNOWN,NO_METADATA
382,__myl_FcCas_myl0_382,fusion,sm80_xmma_gemm_i8f32_i8i32_f32_tn_n_tilesize32x64x64_stage6_warpsize2x2x1_tensor16x8x32_by_fusion_tactic,inputs=Int8;Int8|outputs=Half,/k_proj_15/MatMul;/k_proj_15/MatMul__a_dequant;/k_proj_15/MatMul__a_quant;/k_proj_15/MatMul__w_dequant,L15:k_proj,HIGH,ENGINE_INSPECTOR_METADATA + ONNX_GRAPH_NODE_MATCH + RECOGNIZED_QWEN3_OPERATOR_NAME
383,__myl_ResMulMea_myl0_383,kgen,__myl_ResMulMea_0x3c91498c3beee36a5653966af1581a8a,inputs=Half|outputs=Half;Half,/Reshape_121;/k_norm_15/Pow;/k_norm_15/ReduceMean,L15:k_norm,HIGH,ENGINE_INSPECTOR_METADATA + ONNX_GRAPH_NODE_MATCH + RECOGNIZED_QWEN3_OPERATOR_NAME
384,__myl_AddSqrDivMulMulResSliSliNegConMulMulAddConResRepResTra_myl0_384,kgen,__myl_AddSqrDivMulMulResSliSliNegConMulMulAddConResRepResTra_0x5aea462b6a819ceadd3ebb32874c078f,inputs=Half;Half;Half;Half;Half;Half;Int64;Int64;Int64;Int64;Int64;Int64;Int64;Int64;Int64;Int64;Int64;Int64;Int64;Int64;Int64;Int64;Int64;Int64|outputs=Half;Half,/k_norm_15/Add;/k_norm_15/Sqrt;/k_norm_15/Mul;/k_norm_15/Mul_1;/Transpose_76;/Slice_62;/Slice_63;/Concat_185;/Mul_139;/Add_61;/Mul_138;/Unsqueeze_343;/Reshape_124;/Transpose_78;/Expand_30;/Concat_186;/Neg_31;/k_norm_15/Div,L15:k_norm,HIGH,ENGINE_INSPECTOR_METADATA + ONNX_GRAPH_NODE_MATCH + RECOGNIZED_QWEN3_OPERATOR_NAME
385,__mye677068_myl0_385,signal,UNKNOWN,inputs=NONE|outputs=NONE,UNKNOWN,UNKNOWN,UNKNOWN,NO_METADATA
386,__myl_FcCas_myl0_386,fusion,sm80_xmma_gemm_i8f32_i8i32_f32_tn_n_tilesize32x64x64_stage6_warpsize2x2x1_tensor16x8x32_by_fusion_tactic,inputs=Int8;Int8|outputs=Half,/q_proj_15/MatMul;/q_proj_15/MatMul__a_dequant;/q_proj_15/MatMul__a_quant;/q_proj_15/MatMul__w_dequant,L15:q_proj,HIGH,ENGINE_INSPECTOR_METADATA + ONNX_GRAPH_NODE_MATCH + RECOGNIZED_QWEN3_OPERATOR_NAME
387,__myl_ResMulMea_myl0_387,kgen,__myl_ResMulMea_0xf2413012cd9ac6341b95d78f3432c656,inputs=Half|outputs=Half;Half,/Reshape_120;/q_norm_15/Pow;/q_norm_15/ReduceMean,L15:q_norm,HIGH,ENGINE_INSPECTOR_METADATA + ONNX_GRAPH_NODE_MATCH + RECOGNIZED_QWEN3_OPERATOR_NAME
388,__myl_AddSqrDivMulMulResSliSliNegConMulMulAdd_myl0_388,kgen,__myl_AddSqrDivMulMulResSliSliNegConMulMulAdd_0xf1ba08cc3beaba8ee91b0504be9c2cf4,inputs=Half;Half;Half;Half;Half|outputs=Half,/q_norm_15/Add;/q_norm_15/Sqrt;/q_norm_15/Mul;/q_norm_15/Mul_1;/Transpose_75;/Slice_60;/Slice_61;/Concat_184;/Mul_137;/Add_60;/Mul_136;/Neg_30;/q_norm_15/Div,L15:q_norm,HIGH,ENGINE_INSPECTOR_METADATA + ONNX_GRAPH_NODE_MATCH + RECOGNIZED_QWEN3_OPERATOR_NAME
389,__mye677070_myl0_389,wait,UNKNOWN,inputs=NONE|outputs=NONE,UNKNOWN,UNKNOWN,UNKNOWN,NO_METADATA
390,/MatMul_30_myl0_390,gemm,sm80_xmma_gemm_f16f16_f16f32_f32_nn_n_tilesize32x32x64_stage6_warpsize2x2x1_tensor16x8x16_aligna2_alignc2,inputs=Half;Half;Float;Float|outputs=Half,/MatMul_30,UNKNOWN,MEDIUM,ENGINE_INSPECTOR_METADATA + ONNX_GRAPH_NODE_MATCH + OPERATOR_NAME_NOT_RECOGNIZED
391,__myl_MulMaxSubExpSumDivMul_myl0_391,kgen,__myl_MulMaxSubExpSumDivMul_0x1108f5a078d6e65507c06537b9b2e43f,inputs=Half;Int64;Int64|outputs=Half,/Mul_142;/Softmax_15,UNKNOWN,MEDIUM,ENGINE_INSPECTOR_METADATA + ONNX_GRAPH_NODE_MATCH + OPERATOR_NAME_NOT_RECOGNIZED
392,__mye677074_myl0_392,wait,UNKNOWN,inputs=NONE|outputs=NONE,UNKNOWN,UNKNOWN,UNKNOWN,NO_METADATA
393,/MatMul_31_myl0_393,gemm,sm80_xmma_gemm_f16f16_f16f32_f32_nn_n_tilesize64x128x32_stage5_warpsize2x2x1_tensor16x8x16_aligna2_alignc2,inputs=Half;Half;Float;Float|outputs=Half,/MatMul_31,UNKNOWN,MEDIUM,ENGINE_INSPECTOR_METADATA + ONNX_GRAPH_NODE_MATCH + OPERATOR_NAME_NOT_RECOGNIZED
394,__myl_MulMinMaxRouCas_myl0_394,kgen,__myl_MulMinMaxRouCas_0x5d22e06f0128b92bf02f50e9b05f0125,inputs=Half|outputs=Int8,/o_proj_15/MatMul__a_quant,L15:o_proj,HIGH,ENGINE_INSPECTOR_METADATA + ONNX_GRAPH_NODE_MATCH + RECOGNIZED_QWEN3_OPERATOR_NAME
395,__myl_FcCasAdd_myl0_395,fusion,sm80_xmma_gemm_i8f32_i8i32_f32_tn_n_tilesize32x64x64_stage6_warpsize2x2x1_tensor16x8x32_by_fusion_tactic,inputs=Half;Int8;Int8|outputs=Half,/o_proj_15/MatMul;/o_proj_15/MatMul__a_dequant;/o_proj_15/MatMul__a_quant;/o_proj_15/MatMul__w_dequant;/Add_62,L15:o_proj,HIGH,ENGINE_INSPECTOR_METADATA + ONNX_GRAPH_NODE_MATCH + RECOGNIZED_QWEN3_OPERATOR_NAME
396,__myl_MulMeaAddSqrDivMulMulMulMinMaxRouCas_myl0_396,kgen,__myl_MulMeaAddSqrDivMulMulMulMinMaxRouCas_0xb633f57e2e22833f593c4f215c79f20a,inputs=Half;Half;Half;Half|outputs=Int8;Half,/post_attention_layernorm_15/Pow;/post_attention_layernorm_15/ReduceMean;/post_attention_layernorm_15/Add;/post_attention_layernorm_15/Div;/post_attention_layernorm_15/Sqrt;/post_attention_layernorm_15/Mul;/post_attention_layernorm_15/Mul_1;/gate_proj_15/MatMul__a_quant,L15:post_attention_layernorm;L15:gate_proj,HIGH,ENGINE_INSPECTOR_METADATA + ONNX_GRAPH_NODE_MATCH + RECOGNIZED_QWEN3_OPERATOR_NAME
397,/up_proj_15/MatMul_myl0_397,gemm,sm80_xmma_gemm_f16f16_f16f16_f16_tn_n_tilesize32x32x64_stage6_warpsize2x2x1_tensor16x8x16,inputs=Half;Half;Float;Float|outputs=Half,/up_proj_15/MatMul,L15:up_proj,HIGH,ENGINE_INSPECTOR_METADATA + ONNX_GRAPH_NODE_MATCH + RECOGNIZED_QWEN3_OPERATOR_NAME
398,__myl_FcCasNegExpAddDivMulMul_myl0_398,fusion,sm80_xmma_gemm_i8i8_i8i32_f32_tn_n_tilesize32x64x64_stage6_warpsize2x2x1_tensor16x8x32_by_fusion_tactic,inputs=Half;Int8;Int8|outputs=Half,/gate_proj_15/MatMul;/gate_proj_15/MatMul__a_dequant;/gate_proj_15/MatMul__a_quant;/gate_proj_15/MatMul__w_dequant;/Mul_143;/Mul_144;/Sigmoid_15,L15:gate_proj,HIGH,ENGINE_INSPECTOR_METADATA + ONNX_GRAPH_NODE_MATCH + RECOGNIZED_QWEN3_OPERATOR_NAME
399,__myl_FcAdd_myl0_399,fusion,sm80_xmma_gemm_f16f16_f16f16_f16_nn_n_tilesize64x128x32_stage5_warpsize2x2x1_tensor16x8x16_by_fusion_tactic,inputs=Half;Half;Half|outputs=Half,/down_proj_15/MatMul;/Add_63,L15:down_proj,HIGH,ENGINE_INSPECTOR_METADATA + ONNX_GRAPH_NODE_MATCH + RECOGNIZED_QWEN3_OPERATOR_NAME
400,__myl_MulMeaAddSqrDivMulDivMinMaxRouCasDivMinMaxRouCasDivMinMaxRouCas_myl0_400,kgen,__myl_MulMeaAddSqrDivMulDivMinMaxRouCasDivMinMaxRouCasDivMinMaxRouCas_0x9f2c300bb597625319cadec4728f9bc5,inputs=Half;Half;Half;Half;Half;Half|outputs=Int8;Int8;Int8,/q_proj_16/MatMul__a_quant;/k_proj_16/MatMul__a_quant;/v_proj_16/MatMul__a_quant;/input_layernorm_16/Mul;/input_layernorm_16/Sqrt;/input_layernorm_16/Div;/input_layernorm_16/Add;/input_layernorm_16/ReduceMean;/input_layernorm_16/Pow,L16:q_proj;L16:k_proj;L16:v_proj;L16:input_layernorm,HIGH,ENGINE_INSPECTOR_METADATA + ONNX_GRAPH_NODE_MATCH + RECOGNIZED_QWEN3_OPERATOR_NAME
401,__mye677076_myl0_401,signal,UNKNOWN,inputs=NONE|outputs=NONE,UNKNOWN,UNKNOWN,UNKNOWN,NO_METADATA
402,__mye677078_myl0_402,wait,UNKNOWN,inputs=NONE|outputs=NONE,UNKNOWN,UNKNOWN,UNKNOWN,NO_METADATA
403,__myl_FcCas_myl0_403,fusion,sm80_xmma_gemm_i8f32_i8i32_f32_tn_n_tilesize32x64x64_stage6_warpsize2x2x1_tensor16x8x32_by_fusion_tactic,inputs=Int8;Int8|outputs=Half,/v_proj_16/MatMul;/v_proj_16/MatMul__a_dequant;/v_proj_16/MatMul__a_quant;/v_proj_16/MatMul__w_dequant,L16:v_proj,HIGH,ENGINE_INSPECTOR_METADATA + ONNX_GRAPH_NODE_MATCH + RECOGNIZED_QWEN3_OPERATOR_NAME
404,__myl_ResConResRep_myl0_404,kgen,__myl_ResConResRep_0x9d40828c020eb6bb972be950c35191c1,inputs=Half;Half;Int64;Int64;Int64;Int64;Int64;Int64;Int64;Int64;Int64;Int64;Int64;Int64;Int64;Int64|outputs=Half;Half,/Reshape_130;/Transpose_82;/Unsqueeze_370;/Expand_33;/Concat_199,UNKNOWN,MEDIUM,ENGINE_INSPECTOR_METADATA + ONNX_GRAPH_NODE_MATCH + OPERATOR_NAME_NOT_RECOGNIZED
405,__mye677086_myl0_405,signal,UNKNOWN,inputs=NONE|outputs=NONE,UNKNOWN,UNKNOWN,UNKNOWN,NO_METADATA
406,__mye677080_myl0_406,wait,UNKNOWN,inputs=NONE|outputs=NONE,UNKNOWN,UNKNOWN,UNKNOWN,NO_METADATA
407,__myl_FcCas_myl0_407,fusion,sm80_xmma_gemm_i8f32_i8i32_f32_tn_n_tilesize32x64x64_stage6_warpsize2x2x1_tensor16x8x32_by_fusion_tactic,inputs=Int8;Int8|outputs=Half,/k_proj_16/MatMul;/k_proj_16/MatMul__a_dequant;/k_proj_16/MatMul__a_quant;/k_proj_16/MatMul__w_dequant,L16:k_proj,HIGH,ENGINE_INSPECTOR_METADATA + ONNX_GRAPH_NODE_MATCH + RECOGNIZED_QWEN3_OPERATOR_NAME
408,__myl_ResMulMea_myl0_408,kgen,__myl_ResMulMea_0x3c91498c3beee36a5653966af1581a8a,inputs=Half|outputs=Half;Half,/Reshape_129;/k_norm_16/Pow;/k_norm_16/ReduceMean,L16:k_norm,HIGH,ENGINE_INSPECTOR_METADATA + ONNX_GRAPH_NODE_MATCH + RECOGNIZED_QWEN3_OPERATOR_NAME
409,__myl_AddSqrDivMulMulResSliSliNegConMulMulAddConResRepResTra_myl0_409,kgen,__myl_AddSqrDivMulMulResSliSliNegConMulMulAddConResRepResTra_0x5aea462b6a819ceadd3ebb32874c078f,inputs=Half;Half;Half;Half;Half;Half;Int64;Int64;Int64;Int64;Int64;Int64;Int64;Int64;Int64;Int64;Int64;Int64;Int64;Int64;Int64;Int64;Int64;Int64|outputs=Half;Half,/k_norm_16/Add;/k_norm_16/Sqrt;/k_norm_16/Mul;/k_norm_16/Mul_1;/Transpose_81;/Slice_66;/Slice_67;/Concat_197;/Mul_148;/Add_65;/Mul_147;/Unsqueeze_365;/Reshape_132;/Transpose_83;/Expand_32;/Concat_198;/Neg_33;/k_norm_16/Div,L16:k_norm,HIGH,ENGINE_INSPECTOR_METADATA + ONNX_GRAPH_NODE_MATCH + RECOGNIZED_QWEN3_OPERATOR_NAME
410,__mye677082_myl0_410,signal,UNKNOWN,inputs=NONE|outputs=NONE,UNKNOWN,UNKNOWN,UNKNOWN,NO_METADATA
411,__myl_FcCas_myl0_411,fusion,sm80_xmma_gemm_i8f32_i8i32_f32_tn_n_tilesize32x64x64_stage6_warpsize2x2x1_tensor16x8x32_by_fusion_tactic,inputs=Int8;Int8|outputs=Half,/q_proj_16/MatMul;/q_proj_16/MatMul__a_dequant;/q_proj_16/MatMul__a_quant;/q_proj_16/MatMul__w_dequant,L16:q_proj,HIGH,ENGINE_INSPECTOR_METADATA + ONNX_GRAPH_NODE_MATCH + RECOGNIZED_QWEN3_OPERATOR_NAME
412,__myl_ResMulMea_myl0_412,kgen,__myl_ResMulMea_0xf2413012cd9ac6341b95d78f3432c656,inputs=Half|outputs=Half;Half,/Reshape_128;/q_norm_16/Pow;/q_norm_16/ReduceMean,L16:q_norm,HIGH,ENGINE_INSPECTOR_METADATA + ONNX_GRAPH_NODE_MATCH + RECOGNIZED_QWEN3_OPERATOR_NAME
413,__myl_AddSqrDivMulMulResSliSliNegConMulMulAdd_myl0_413,kgen,__myl_AddSqrDivMulMulResSliSliNegConMulMulAdd_0xf1ba08cc3beaba8ee91b0504be9c2cf4,inputs=Half;Half;Half;Half;Half|outputs=Half,/q_norm_16/Add;/q_norm_16/Sqrt;/q_norm_16/Mul;/q_norm_16/Mul_1;/Transpose_80;/Slice_64;/Slice_65;/Concat_196;/Mul_146;/Add_64;/Mul_145;/Neg_32;/q_norm_16/Div,L16:q_norm,HIGH,ENGINE_INSPECTOR_METADATA + ONNX_GRAPH_NODE_MATCH + RECOGNIZED_QWEN3_OPERATOR_NAME
414,__mye677084_myl0_414,wait,UNKNOWN,inputs=NONE|outputs=NONE,UNKNOWN,UNKNOWN,UNKNOWN,NO_METADATA
415,/MatMul_32_myl0_415,gemm,sm80_xmma_gemm_f16f16_f16f32_f32_nn_n_tilesize32x32x64_stage6_warpsize2x2x1_tensor16x8x16_aligna2_alignc2,inputs=Half;Half;Float;Float|outputs=Half,/MatMul_32,UNKNOWN,MEDIUM,ENGINE_INSPECTOR_METADATA + ONNX_GRAPH_NODE_MATCH + OPERATOR_NAME_NOT_RECOGNIZED
416,__myl_MulMaxSubExpSumDivMul_myl0_416,kgen,__myl_MulMaxSubExpSumDivMul_0x1108f5a078d6e65507c06537b9b2e43f,inputs=Half;Int64;Int64|outputs=Half,/Mul_151;/Softmax_16,UNKNOWN,MEDIUM,ENGINE_INSPECTOR_METADATA + ONNX_GRAPH_NODE_MATCH + OPERATOR_NAME_NOT_RECOGNIZED
417,__mye677088_myl0_417,wait,UNKNOWN,inputs=NONE|outputs=NONE,UNKNOWN,UNKNOWN,UNKNOWN,NO_METADATA
418,/MatMul_33_myl0_418,gemm,sm80_xmma_gemm_f16f16_f16f32_f32_nn_n_tilesize64x128x32_stage5_warpsize2x2x1_tensor16x8x16_aligna2_alignc2,inputs=Half;Half;Float;Float|outputs=Half,/MatMul_33,UNKNOWN,MEDIUM,ENGINE_INSPECTOR_METADATA + ONNX_GRAPH_NODE_MATCH + OPERATOR_NAME_NOT_RECOGNIZED
419,__myl_MulMinMaxRouCas_myl0_419,kgen,__myl_MulMinMaxRouCas_0xca1e8a983af10962a50c67e0fecf3bd1,inputs=Half|outputs=Int8,/o_proj_16/MatMul__a_quant,L16:o_proj,HIGH,ENGINE_INSPECTOR_METADATA + ONNX_GRAPH_NODE_MATCH + RECOGNIZED_QWEN3_OPERATOR_NAME
420,__myl_FcCasAdd_myl0_420,fusion,sm80_xmma_gemm_i8f32_i8i32_f32_tn_n_tilesize32x64x64_stage6_warpsize2x2x1_tensor16x8x32_by_fusion_tactic,inputs=Half;Int8;Int8|outputs=Half,/o_proj_16/MatMul;/o_proj_16/MatMul__a_dequant;/o_proj_16/MatMul__a_quant;/o_proj_16/MatMul__w_dequant;/Add_66,L16:o_proj,HIGH,ENGINE_INSPECTOR_METADATA + ONNX_GRAPH_NODE_MATCH + RECOGNIZED_QWEN3_OPERATOR_NAME
421,__myl_MulMeaAddSqrDivMulMulMulMinMaxRouCas_myl0_421,kgen,__myl_MulMeaAddSqrDivMulMulMulMinMaxRouCas_0x9b99130746ee47ec2d15b111319f425e,inputs=Half;Half;Half;Half|outputs=Int8;Half,/post_attention_layernorm_16/Pow;/post_attention_layernorm_16/ReduceMean;/post_attention_layernorm_16/Add;/post_attention_layernorm_16/Div;/post_attention_layernorm_16/Sqrt;/post_attention_layernorm_16/Mul;/post_attention_layernorm_16/Mul_1;/gate_proj_16/MatMul__a_quant,L16:post_attention_layernorm;L16:gate_proj,HIGH,ENGINE_INSPECTOR_METADATA + ONNX_GRAPH_NODE_MATCH + RECOGNIZED_QWEN3_OPERATOR_NAME
422,/up_proj_16/MatMul_myl0_422,gemm,sm80_xmma_gemm_f16f16_f16f16_f16_tn_n_tilesize32x32x64_stage6_warpsize2x2x1_tensor16x8x16,inputs=Half;Half;Float;Float|outputs=Half,/up_proj_16/MatMul,L16:up_proj,HIGH,ENGINE_INSPECTOR_METADATA + ONNX_GRAPH_NODE_MATCH + RECOGNIZED_QWEN3_OPERATOR_NAME
423,__myl_FcCasNegExpAddDivMulMul_myl0_423,fusion,sm80_xmma_gemm_i8i8_i8i32_f32_tn_n_tilesize32x64x64_stage6_warpsize2x2x1_tensor16x8x32_by_fusion_tactic,inputs=Half;Int8;Int8|outputs=Half,/gate_proj_16/MatMul;/gate_proj_16/MatMul__a_dequant;/gate_proj_16/MatMul__a_quant;/gate_proj_16/MatMul__w_dequant;/Mul_152;/Mul_153;/Sigmoid_16,L16:gate_proj,HIGH,ENGINE_INSPECTOR_METADATA + ONNX_GRAPH_NODE_MATCH + RECOGNIZED_QWEN3_OPERATOR_NAME
424,__myl_FcAdd_myl0_424,fusion,sm80_xmma_gemm_f16f16_f16f16_f16_nn_n_tilesize64x128x32_stage5_warpsize2x2x1_tensor16x8x16_by_fusion_tactic,inputs=Half;Half;Half|outputs=Half,/down_proj_16/MatMul;/Add_67,L16:down_proj,HIGH,ENGINE_INSPECTOR_METADATA + ONNX_GRAPH_NODE_MATCH + RECOGNIZED_QWEN3_OPERATOR_NAME
425,__myl_MulMeaAddSqrDivMulDivMinMaxRouCasDivMinMaxRouCasDivMinMaxRouCas_myl0_425,kgen,__myl_MulMeaAddSqrDivMulDivMinMaxRouCasDivMinMaxRouCasDivMinMaxRouCas_0x9f2c300bb597625319cadec4728f9bc5,inputs=Half;Half;Half;Half;Half;Half|outputs=Int8;Int8;Int8,/q_proj_17/MatMul__a_quant;/k_proj_17/MatMul__a_quant;/v_proj_17/MatMul__a_quant;/input_layernorm_17/Mul;/input_layernorm_17/Sqrt;/input_layernorm_17/Div;/input_layernorm_17/Add;/input_layernorm_17/ReduceMean;/input_layernorm_17/Pow,L17:q_proj;L17:k_proj;L17:v_proj;L17:input_layernorm,HIGH,ENGINE_INSPECTOR_METADATA + ONNX_GRAPH_NODE_MATCH + RECOGNIZED_QWEN3_OPERATOR_NAME
426,__mye677090_myl0_426,signal,UNKNOWN,inputs=NONE|outputs=NONE,UNKNOWN,UNKNOWN,UNKNOWN,NO_METADATA
427,__mye677092_myl0_427,wait,UNKNOWN,inputs=NONE|outputs=NONE,UNKNOWN,UNKNOWN,UNKNOWN,NO_METADATA
428,__myl_FcCas_myl0_428,fusion,sm80_xmma_gemm_i8f32_i8i32_f32_tn_n_tilesize32x64x64_stage6_warpsize2x2x1_tensor16x8x32_by_fusion_tactic,inputs=Int8;Int8|outputs=Half,/v_proj_17/MatMul;/v_proj_17/MatMul__a_dequant;/v_proj_17/MatMul__a_quant;/v_proj_17/MatMul__w_dequant,L17:v_proj,HIGH,ENGINE_INSPECTOR_METADATA + ONNX_GRAPH_NODE_MATCH + RECOGNIZED_QWEN3_OPERATOR_NAME
429,__myl_ResConResRep_myl0_429,kgen,__myl_ResConResRep_0x9d40828c020eb6bb972be950c35191c1,inputs=Half;Half;Int64;Int64;Int64;Int64;Int64;Int64;Int64;Int64;Int64;Int64;Int64;Int64;Int64;Int64|outputs=Half;Half,/Reshape_138;/Transpose_87;/Unsqueeze_392;/Expand_35;/Concat_211,UNKNOWN,MEDIUM,ENGINE_INSPECTOR_METADATA + ONNX_GRAPH_NODE_MATCH + OPERATOR_NAME_NOT_RECOGNIZED
430,__mye677100_myl0_430,signal,UNKNOWN,inputs=NONE|outputs=NONE,UNKNOWN,UNKNOWN,UNKNOWN,NO_METADATA
431,__mye677094_myl0_431,wait,UNKNOWN,inputs=NONE|outputs=NONE,UNKNOWN,UNKNOWN,UNKNOWN,NO_METADATA
432,__myl_FcCas_myl0_432,fusion,sm80_xmma_gemm_i8f32_i8i32_f32_tn_n_tilesize32x64x64_stage6_warpsize2x2x1_tensor16x8x32_by_fusion_tactic,inputs=Int8;Int8|outputs=Half,/k_proj_17/MatMul;/k_proj_17/MatMul__a_dequant;/k_proj_17/MatMul__a_quant;/k_proj_17/MatMul__w_dequant,L17:k_proj,HIGH,ENGINE_INSPECTOR_METADATA + ONNX_GRAPH_NODE_MATCH + RECOGNIZED_QWEN3_OPERATOR_NAME
433,__myl_ResMulMea_myl0_433,kgen,__myl_ResMulMea_0x3c91498c3beee36a5653966af1581a8a,inputs=Half|outputs=Half;Half,/Reshape_137;/k_norm_17/Pow;/k_norm_17/ReduceMean,L17:k_norm,HIGH,ENGINE_INSPECTOR_METADATA + ONNX_GRAPH_NODE_MATCH + RECOGNIZED_QWEN3_OPERATOR_NAME
434,__myl_AddSqrDivMulMulResSliSliNegConMulMulAddConResRepResTra_myl0_434,kgen,__myl_AddSqrDivMulMulResSliSliNegConMulMulAddConResRepResTra_0x5aea462b6a819ceadd3ebb32874c078f,inputs=Half;Half;Half;Half;Half;Half;Int64;Int64;Int64;Int64;Int64;Int64;Int64;Int64;Int64;Int64;Int64;Int64;Int64;Int64;Int64;Int64;Int64;Int64|outputs=Half;Half,/k_norm_17/Add;/k_norm_17/Sqrt;/k_norm_17/Mul;/k_norm_17/Mul_1;/Transpose_86;/Slice_70;/Slice_71;/Concat_209;/Mul_157;/Add_69;/Mul_156;/Unsqueeze_387;/Reshape_140;/Transpose_88;/Expand_34;/Concat_210;/Neg_35;/k_norm_17/Div,L17:k_norm,HIGH,ENGINE_INSPECTOR_METADATA + ONNX_GRAPH_NODE_MATCH + RECOGNIZED_QWEN3_OPERATOR_NAME
435,__mye677096_myl0_435,signal,UNKNOWN,inputs=NONE|outputs=NONE,UNKNOWN,UNKNOWN,UNKNOWN,NO_METADATA
436,__myl_FcCas_myl0_436,fusion,sm80_xmma_gemm_i8f32_i8i32_f32_tn_n_tilesize32x64x64_stage6_warpsize2x2x1_tensor16x8x32_by_fusion_tactic,inputs=Int8;Int8|outputs=Half,/q_proj_17/MatMul;/q_proj_17/MatMul__a_dequant;/q_proj_17/MatMul__a_quant;/q_proj_17/MatMul__w_dequant,L17:q_proj,HIGH,ENGINE_INSPECTOR_METADATA + ONNX_GRAPH_NODE_MATCH + RECOGNIZED_QWEN3_OPERATOR_NAME
437,__myl_ResMulMea_myl0_437,kgen,__myl_ResMulMea_0xf2413012cd9ac6341b95d78f3432c656,inputs=Half|outputs=Half;Half,/Reshape_136;/q_norm_17/Pow;/q_norm_17/ReduceMean,L17:q_norm,HIGH,ENGINE_INSPECTOR_METADATA + ONNX_GRAPH_NODE_MATCH + RECOGNIZED_QWEN3_OPERATOR_NAME
438,__myl_AddSqrDivMulMulResSliSliNegConMulMulAdd_myl0_438,kgen,__myl_AddSqrDivMulMulResSliSliNegConMulMulAdd_0xf1ba08cc3beaba8ee91b0504be9c2cf4,inputs=Half;Half;Half;Half;Half|outputs=Half,/q_norm_17/Add;/q_norm_17/Sqrt;/q_norm_17/Mul;/q_norm_17/Mul_1;/Transpose_85;/Slice_68;/Slice_69;/Concat_208;/Mul_155;/Add_68;/Mul_154;/Neg_34;/q_norm_17/Div,L17:q_norm,HIGH,ENGINE_INSPECTOR_METADATA + ONNX_GRAPH_NODE_MATCH + RECOGNIZED_QWEN3_OPERATOR_NAME
439,__mye677098_myl0_439,wait,UNKNOWN,inputs=NONE|outputs=NONE,UNKNOWN,UNKNOWN,UNKNOWN,NO_METADATA
440,/MatMul_34_myl0_440,gemm,sm80_xmma_gemm_f16f16_f16f32_f32_nn_n_tilesize32x32x64_stage6_warpsize2x2x1_tensor16x8x16_aligna2_alignc2,inputs=Half;Half;Float;Float|outputs=Half,/MatMul_34,UNKNOWN,MEDIUM,ENGINE_INSPECTOR_METADATA + ONNX_GRAPH_NODE_MATCH + OPERATOR_NAME_NOT_RECOGNIZED
441,__myl_MulMaxSubExpSumDivMul_myl0_441,kgen,__myl_MulMaxSubExpSumDivMul_0x1108f5a078d6e65507c06537b9b2e43f,inputs=Half;Int64;Int64|outputs=Half,/Mul_160;/Softmax_17,UNKNOWN,MEDIUM,ENGINE_INSPECTOR_METADATA + ONNX_GRAPH_NODE_MATCH + OPERATOR_NAME_NOT_RECOGNIZED
442,__mye677102_myl0_442,wait,UNKNOWN,inputs=NONE|outputs=NONE,UNKNOWN,UNKNOWN,UNKNOWN,NO_METADATA
443,/MatMul_35_myl0_443,gemm,sm80_xmma_gemm_f16f16_f16f32_f32_nn_n_tilesize64x128x32_stage5_warpsize2x2x1_tensor16x8x16_aligna2_alignc2,inputs=Half;Half;Float;Float|outputs=Half,/MatMul_35,UNKNOWN,MEDIUM,ENGINE_INSPECTOR_METADATA + ONNX_GRAPH_NODE_MATCH + OPERATOR_NAME_NOT_RECOGNIZED
444,__myl_MulMinMaxRouCas_myl0_444,kgen,__myl_MulMinMaxRouCas_0x46757e257e41ef1fb92716579e35a0d1,inputs=Half|outputs=Int8,/o_proj_17/MatMul__a_quant,L17:o_proj,HIGH,ENGINE_INSPECTOR_METADATA + ONNX_GRAPH_NODE_MATCH + RECOGNIZED_QWEN3_OPERATOR_NAME
445,__myl_FcCasAdd_myl0_445,fusion,sm80_xmma_gemm_i8f32_i8i32_f32_tn_n_tilesize32x64x64_stage6_warpsize2x2x1_tensor16x8x32_by_fusion_tactic,inputs=Half;Int8;Int8|outputs=Half,/o_proj_17/MatMul;/o_proj_17/MatMul__a_dequant;/o_proj_17/MatMul__a_quant;/o_proj_17/MatMul__w_dequant;/Add_70,L17:o_proj,HIGH,ENGINE_INSPECTOR_METADATA + ONNX_GRAPH_NODE_MATCH + RECOGNIZED_QWEN3_OPERATOR_NAME
446,__myl_MulMeaAddSqrDivMulMulMulMinMaxRouCas_myl0_446,kgen,__myl_MulMeaAddSqrDivMulMulMulMinMaxRouCas_0x4119fc4c6529add99aa14081dbc16ecb,inputs=Half;Half;Half;Half|outputs=Int8;Half,/post_attention_layernorm_17/Pow;/post_attention_layernorm_17/ReduceMean;/post_attention_layernorm_17/Add;/post_attention_layernorm_17/Div;/post_attention_layernorm_17/Sqrt;/post_attention_layernorm_17/Mul;/post_attention_layernorm_17/Mul_1;/gate_proj_17/MatMul__a_quant,L17:post_attention_layernorm;L17:gate_proj,HIGH,ENGINE_INSPECTOR_METADATA + ONNX_GRAPH_NODE_MATCH + RECOGNIZED_QWEN3_OPERATOR_NAME
447,/up_proj_17/MatMul_myl0_447,gemm,sm80_xmma_gemm_f16f16_f16f16_f16_tn_n_tilesize32x32x64_stage6_warpsize2x2x1_tensor16x8x16,inputs=Half;Half;Float;Float|outputs=Half,/up_proj_17/MatMul,L17:up_proj,HIGH,ENGINE_INSPECTOR_METADATA + ONNX_GRAPH_NODE_MATCH + RECOGNIZED_QWEN3_OPERATOR_NAME
448,__myl_FcCasNegExpAddDivMulMul_myl0_448,fusion,sm80_xmma_gemm_i8i8_i8i32_f32_tn_n_tilesize32x64x64_stage6_warpsize2x2x1_tensor16x8x32_by_fusion_tactic,inputs=Half;Int8;Int8|outputs=Half,/gate_proj_17/MatMul;/gate_proj_17/MatMul__a_dequant;/gate_proj_17/MatMul__a_quant;/gate_proj_17/MatMul__w_dequant;/Mul_161;/Mul_162;/Sigmoid_17,L17:gate_proj,HIGH,ENGINE_INSPECTOR_METADATA + ONNX_GRAPH_NODE_MATCH + RECOGNIZED_QWEN3_OPERATOR_NAME
449,__myl_FcAdd_myl0_449,fusion,sm80_xmma_gemm_f16f16_f16f16_f16_nn_n_tilesize64x128x32_stage5_warpsize2x2x1_tensor16x8x16_by_fusion_tactic,inputs=Half;Half;Half|outputs=Half,/down_proj_17/MatMul;/Add_71,L17:down_proj,HIGH,ENGINE_INSPECTOR_METADATA + ONNX_GRAPH_NODE_MATCH + RECOGNIZED_QWEN3_OPERATOR_NAME
450,__myl_MulMeaAddSqrDivMulDivMinMaxRouCasDivMinMaxRouCasDivMinMaxRouCas_myl0_450,kgen,__myl_MulMeaAddSqrDivMulDivMinMaxRouCasDivMinMaxRouCasDivMinMaxRouCas_0x9f2c300bb597625319cadec4728f9bc5,inputs=Half;Half;Half;Half;Half;Half|outputs=Int8;Int8;Int8,/q_proj_18/MatMul__a_quant;/k_proj_18/MatMul__a_quant;/v_proj_18/MatMul__a_quant;/input_layernorm_18/Mul;/input_layernorm_18/Sqrt;/input_layernorm_18/Div;/input_layernorm_18/Add;/input_layernorm_18/ReduceMean;/input_layernorm_18/Pow,L18:q_proj;L18:k_proj;L18:v_proj;L18:input_layernorm,HIGH,ENGINE_INSPECTOR_METADATA + ONNX_GRAPH_NODE_MATCH + RECOGNIZED_QWEN3_OPERATOR_NAME
451,__mye677104_myl0_451,signal,UNKNOWN,inputs=NONE|outputs=NONE,UNKNOWN,UNKNOWN,UNKNOWN,NO_METADATA
452,__mye677106_myl0_452,wait,UNKNOWN,inputs=NONE|outputs=NONE,UNKNOWN,UNKNOWN,UNKNOWN,NO_METADATA
453,__myl_FcCas_myl0_453,fusion,sm80_xmma_gemm_i8f32_i8i32_f32_tn_n_tilesize32x64x64_stage6_warpsize2x2x1_tensor16x8x32_by_fusion_tactic,inputs=Int8;Int8|outputs=Half,/v_proj_18/MatMul;/v_proj_18/MatMul__a_dequant;/v_proj_18/MatMul__a_quant;/v_proj_18/MatMul__w_dequant,L18:v_proj,HIGH,ENGINE_INSPECTOR_METADATA + ONNX_GRAPH_NODE_MATCH + RECOGNIZED_QWEN3_OPERATOR_NAME
454,__myl_ResConResRep_myl0_454,kgen,__myl_ResConResRep_0x9d40828c020eb6bb972be950c35191c1,inputs=Half;Half;Int64;Int64;Int64;Int64;Int64;Int64;Int64;Int64;Int64;Int64;Int64;Int64;Int64;Int64|outputs=Half;Half,/Reshape_146;/Transpose_92;/Unsqueeze_414;/Expand_37;/Concat_223,UNKNOWN,MEDIUM,ENGINE_INSPECTOR_METADATA + ONNX_GRAPH_NODE_MATCH + OPERATOR_NAME_NOT_RECOGNIZED
455,__mye677114_myl0_455,signal,UNKNOWN,inputs=NONE|outputs=NONE,UNKNOWN,UNKNOWN,UNKNOWN,NO_METADATA
456,__mye677108_myl0_456,wait,UNKNOWN,inputs=NONE|outputs=NONE,UNKNOWN,UNKNOWN,UNKNOWN,NO_METADATA
457,__myl_FcCas_myl0_457,fusion,sm80_xmma_gemm_i8f32_i8i32_f32_tn_n_tilesize32x64x64_stage6_warpsize2x2x1_tensor16x8x32_by_fusion_tactic,inputs=Int8;Int8|outputs=Half,/k_proj_18/MatMul;/k_proj_18/MatMul__a_dequant;/k_proj_18/MatMul__a_quant;/k_proj_18/MatMul__w_dequant,L18:k_proj,HIGH,ENGINE_INSPECTOR_METADATA + ONNX_GRAPH_NODE_MATCH + RECOGNIZED_QWEN3_OPERATOR_NAME
458,__myl_ResMulMea_myl0_458,kgen,__myl_ResMulMea_0x3c91498c3beee36a5653966af1581a8a,inputs=Half|outputs=Half;Half,/Reshape_145;/k_norm_18/Pow;/k_norm_18/ReduceMean,L18:k_norm,HIGH,ENGINE_INSPECTOR_METADATA + ONNX_GRAPH_NODE_MATCH + RECOGNIZED_QWEN3_OPERATOR_NAME
459,__myl_AddSqrDivMulMulResSliSliNegConMulMulAddConResRepResTra_myl0_459,kgen,__myl_AddSqrDivMulMulResSliSliNegConMulMulAddConResRepResTra_0x5aea462b6a819ceadd3ebb32874c078f,inputs=Half;Half;Half;Half;Half;Half;Int64;Int64;Int64;Int64;Int64;Int64;Int64;Int64;Int64;Int64;Int64;Int64;Int64;Int64;Int64;Int64;Int64;Int64|outputs=Half;Half,/k_norm_18/Add;/k_norm_18/Sqrt;/k_norm_18/Mul;/k_norm_18/Mul_1;/Transpose_91;/Slice_74;/Slice_75;/Concat_221;/Mul_166;/Add_73;/Mul_165;/Unsqueeze_409;/Reshape_148;/Transpose_93;/Expand_36;/Concat_222;/Neg_37;/k_norm_18/Div,L18:k_norm,HIGH,ENGINE_INSPECTOR_METADATA + ONNX_GRAPH_NODE_MATCH + RECOGNIZED_QWEN3_OPERATOR_NAME
460,__mye677110_myl0_460,signal,UNKNOWN,inputs=NONE|outputs=NONE,UNKNOWN,UNKNOWN,UNKNOWN,NO_METADATA
461,__myl_FcCas_myl0_461,fusion,sm80_xmma_gemm_i8f32_i8i32_f32_tn_n_tilesize32x64x64_stage6_warpsize2x2x1_tensor16x8x32_by_fusion_tactic,inputs=Int8;Int8|outputs=Half,/q_proj_18/MatMul;/q_proj_18/MatMul__a_dequant;/q_proj_18/MatMul__a_quant;/q_proj_18/MatMul__w_dequant,L18:q_proj,HIGH,ENGINE_INSPECTOR_METADATA + ONNX_GRAPH_NODE_MATCH + RECOGNIZED_QWEN3_OPERATOR_NAME
462,__myl_ResMulMea_myl0_462,kgen,__myl_ResMulMea_0xf2413012cd9ac6341b95d78f3432c656,inputs=Half|outputs=Half;Half,/Reshape_144;/q_norm_18/Pow;/q_norm_18/ReduceMean,L18:q_norm,HIGH,ENGINE_INSPECTOR_METADATA + ONNX_GRAPH_NODE_MATCH + RECOGNIZED_QWEN3_OPERATOR_NAME
463,__myl_AddSqrDivMulMulResSliSliNegConMulMulAdd_myl0_463,kgen,__myl_AddSqrDivMulMulResSliSliNegConMulMulAdd_0xf1ba08cc3beaba8ee91b0504be9c2cf4,inputs=Half;Half;Half;Half;Half|outputs=Half,/q_norm_18/Add;/q_norm_18/Sqrt;/q_norm_18/Mul;/q_norm_18/Mul_1;/Transpose_90;/Slice_72;/Slice_73;/Concat_220;/Mul_164;/Add_72;/Mul_163;/Neg_36;/q_norm_18/Div,L18:q_norm,HIGH,ENGINE_INSPECTOR_METADATA + ONNX_GRAPH_NODE_MATCH + RECOGNIZED_QWEN3_OPERATOR_NAME
464,__mye677112_myl0_464,wait,UNKNOWN,inputs=NONE|outputs=NONE,UNKNOWN,UNKNOWN,UNKNOWN,NO_METADATA
465,/MatMul_36_myl0_465,gemm,sm80_xmma_gemm_f16f16_f16f32_f32_nn_n_tilesize32x32x64_stage6_warpsize2x2x1_tensor16x8x16_aligna2_alignc2,inputs=Half;Half;Float;Float|outputs=Half,/MatMul_36,UNKNOWN,MEDIUM,ENGINE_INSPECTOR_METADATA + ONNX_GRAPH_NODE_MATCH + OPERATOR_NAME_NOT_RECOGNIZED
466,__myl_MulMaxSubExpSumDivMul_myl0_466,kgen,__myl_MulMaxSubExpSumDivMul_0x1108f5a078d6e65507c06537b9b2e43f,inputs=Half;Int64;Int64|outputs=Half,/Mul_169;/Softmax_18,UNKNOWN,MEDIUM,ENGINE_INSPECTOR_METADATA + ONNX_GRAPH_NODE_MATCH + OPERATOR_NAME_NOT_RECOGNIZED
467,__mye677116_myl0_467,wait,UNKNOWN,inputs=NONE|outputs=NONE,UNKNOWN,UNKNOWN,UNKNOWN,NO_METADATA
468,/MatMul_37_myl0_468,gemm,sm80_xmma_gemm_f16f16_f16f32_f32_nn_n_tilesize64x128x32_stage5_warpsize2x2x1_tensor16x8x16_aligna2_alignc2,inputs=Half;Half;Float;Float|outputs=Half,/MatMul_37,UNKNOWN,MEDIUM,ENGINE_INSPECTOR_METADATA + ONNX_GRAPH_NODE_MATCH + OPERATOR_NAME_NOT_RECOGNIZED
469,__myl_MulMinMaxRouCas_myl0_469,kgen,__myl_MulMinMaxRouCas_0xa01c797cf706031bf4679ec54cf7b88d,inputs=Half|outputs=Int8,/o_proj_18/MatMul__a_quant,L18:o_proj,HIGH,ENGINE_INSPECTOR_METADATA + ONNX_GRAPH_NODE_MATCH + RECOGNIZED_QWEN3_OPERATOR_NAME
470,__myl_FcCasAdd_myl0_470,fusion,sm80_xmma_gemm_i8f32_i8i32_f32_tn_n_tilesize32x64x64_stage6_warpsize2x2x1_tensor16x8x32_by_fusion_tactic,inputs=Half;Int8;Int8|outputs=Half,/o_proj_18/MatMul;/o_proj_18/MatMul__a_dequant;/o_proj_18/MatMul__a_quant;/o_proj_18/MatMul__w_dequant;/Add_74,L18:o_proj,HIGH,ENGINE_INSPECTOR_METADATA + ONNX_GRAPH_NODE_MATCH + RECOGNIZED_QWEN3_OPERATOR_NAME
471,__myl_MulMeaAddSqrDivMulMulMulMinMaxRouCas_myl0_471,kgen,__myl_MulMeaAddSqrDivMulMulMulMinMaxRouCas_0xe944abd3db8709490013ec56e805a4c9,inputs=Half;Half;Half;Half|outputs=Int8;Half,/post_attention_layernorm_18/Pow;/post_attention_layernorm_18/ReduceMean;/post_attention_layernorm_18/Add;/post_attention_layernorm_18/Div;/post_attention_layernorm_18/Sqrt;/post_attention_layernorm_18/Mul;/post_attention_layernorm_18/Mul_1;/gate_proj_18/MatMul__a_quant,L18:post_attention_layernorm;L18:gate_proj,HIGH,ENGINE_INSPECTOR_METADATA + ONNX_GRAPH_NODE_MATCH + RECOGNIZED_QWEN3_OPERATOR_NAME
472,/up_proj_18/MatMul_myl0_472,gemm,sm80_xmma_gemm_f16f16_f16f16_f16_tn_n_tilesize32x32x64_stage6_warpsize2x2x1_tensor16x8x16,inputs=Half;Half;Float;Float|outputs=Half,/up_proj_18/MatMul,L18:up_proj,HIGH,ENGINE_INSPECTOR_METADATA + ONNX_GRAPH_NODE_MATCH + RECOGNIZED_QWEN3_OPERATOR_NAME
473,__myl_FcCasNegExpAddDivMulMul_myl0_473,fusion,sm80_xmma_gemm_i8i8_i8i32_f32_tn_n_tilesize32x64x64_stage6_warpsize2x2x1_tensor16x8x32_by_fusion_tactic,inputs=Half;Int8;Int8|outputs=Half,/gate_proj_18/MatMul;/gate_proj_18/MatMul__a_dequant;/gate_proj_18/MatMul__a_quant;/gate_proj_18/MatMul__w_dequant;/Mul_170;/Mul_171;/Sigmoid_18,L18:gate_proj,HIGH,ENGINE_INSPECTOR_METADATA + ONNX_GRAPH_NODE_MATCH + RECOGNIZED_QWEN3_OPERATOR_NAME
474,__myl_FcAdd_myl0_474,fusion,sm80_xmma_gemm_f16f16_f16f16_f16_nn_n_tilesize64x128x32_stage5_warpsize2x2x1_tensor16x8x16_by_fusion_tactic,inputs=Half;Half;Half|outputs=Half,/down_proj_18/MatMul;/Add_75,L18:down_proj,HIGH,ENGINE_INSPECTOR_METADATA + ONNX_GRAPH_NODE_MATCH + RECOGNIZED_QWEN3_OPERATOR_NAME
475,__myl_MulMeaAddSqrDivMulDivMinMaxRouCasDivMinMaxRouCasDivMinMaxRouCas_myl0_475,kgen,__myl_MulMeaAddSqrDivMulDivMinMaxRouCasDivMinMaxRouCasDivMinMaxRouCas_0x9f2c300bb597625319cadec4728f9bc5,inputs=Half;Half;Half;Half;Half;Half|outputs=Int8;Int8;Int8,/q_proj_19/MatMul__a_quant;/k_proj_19/MatMul__a_quant;/v_proj_19/MatMul__a_quant;/input_layernorm_19/Mul;/input_layernorm_19/Sqrt;/input_layernorm_19/Div;/input_layernorm_19/Add;/input_layernorm_19/ReduceMean;/input_layernorm_19/Pow,L19:q_proj;L19:k_proj;L19:v_proj;L19:input_layernorm,HIGH,ENGINE_INSPECTOR_METADATA + ONNX_GRAPH_NODE_MATCH + RECOGNIZED_QWEN3_OPERATOR_NAME
476,__mye677118_myl0_476,signal,UNKNOWN,inputs=NONE|outputs=NONE,UNKNOWN,UNKNOWN,UNKNOWN,NO_METADATA
477,__mye677120_myl0_477,wait,UNKNOWN,inputs=NONE|outputs=NONE,UNKNOWN,UNKNOWN,UNKNOWN,NO_METADATA
478,__myl_FcCas_myl0_478,fusion,sm80_xmma_gemm_i8f32_i8i32_f32_tn_n_tilesize32x64x64_stage6_warpsize2x2x1_tensor16x8x32_by_fusion_tactic,inputs=Int8;Int8|outputs=Half,/v_proj_19/MatMul;/v_proj_19/MatMul__a_dequant;/v_proj_19/MatMul__a_quant;/v_proj_19/MatMul__w_dequant,L19:v_proj,HIGH,ENGINE_INSPECTOR_METADATA + ONNX_GRAPH_NODE_MATCH + RECOGNIZED_QWEN3_OPERATOR_NAME
479,__myl_ResConResRep_myl0_479,kgen,__myl_ResConResRep_0x9d40828c020eb6bb972be950c35191c1,inputs=Half;Half;Int64;Int64;Int64;Int64;Int64;Int64;Int64;Int64;Int64;Int64;Int64;Int64;Int64;Int64|outputs=Half;Half,/Reshape_154;/Transpose_97;/Unsqueeze_436;/Expand_39;/Concat_235,UNKNOWN,MEDIUM,ENGINE_INSPECTOR_METADATA + ONNX_GRAPH_NODE_MATCH + OPERATOR_NAME_NOT_RECOGNIZED
480,__mye677128_myl0_480,signal,UNKNOWN,inputs=NONE|outputs=NONE,UNKNOWN,UNKNOWN,UNKNOWN,NO_METADATA
481,__mye677122_myl0_481,wait,UNKNOWN,inputs=NONE|outputs=NONE,UNKNOWN,UNKNOWN,UNKNOWN,NO_METADATA
482,__myl_FcCas_myl0_482,fusion,sm80_xmma_gemm_i8f32_i8i32_f32_tn_n_tilesize32x64x64_stage6_warpsize2x2x1_tensor16x8x32_by_fusion_tactic,inputs=Int8;Int8|outputs=Half,/k_proj_19/MatMul;/k_proj_19/MatMul__a_dequant;/k_proj_19/MatMul__a_quant;/k_proj_19/MatMul__w_dequant,L19:k_proj,HIGH,ENGINE_INSPECTOR_METADATA + ONNX_GRAPH_NODE_MATCH + RECOGNIZED_QWEN3_OPERATOR_NAME
483,__myl_ResMulMea_myl0_483,kgen,__myl_ResMulMea_0x3c91498c3beee36a5653966af1581a8a,inputs=Half|outputs=Half;Half,/Reshape_153;/k_norm_19/Pow;/k_norm_19/ReduceMean,L19:k_norm,HIGH,ENGINE_INSPECTOR_METADATA + ONNX_GRAPH_NODE_MATCH + RECOGNIZED_QWEN3_OPERATOR_NAME
484,__myl_AddSqrDivMulMulResSliSliNegConMulMulAddConResRepResTra_myl0_484,kgen,__myl_AddSqrDivMulMulResSliSliNegConMulMulAddConResRepResTra_0x5aea462b6a819ceadd3ebb32874c078f,inputs=Half;Half;Half;Half;Half;Half;Int64;Int64;Int64;Int64;Int64;Int64;Int64;Int64;Int64;Int64;Int64;Int64;Int64;Int64;Int64;Int64;Int64;Int64|outputs=Half;Half,/k_norm_19/Add;/k_norm_19/Sqrt;/k_norm_19/Mul;/k_norm_19/Mul_1;/Transpose_96;/Slice_78;/Slice_79;/Concat_233;/Mul_175;/Add_77;/Mul_174;/Unsqueeze_431;/Reshape_156;/Transpose_98;/Expand_38;/Concat_234;/Neg_39;/k_norm_19/Div,L19:k_norm,HIGH,ENGINE_INSPECTOR_METADATA + ONNX_GRAPH_NODE_MATCH + RECOGNIZED_QWEN3_OPERATOR_NAME
485,__mye677124_myl0_485,signal,UNKNOWN,inputs=NONE|outputs=NONE,UNKNOWN,UNKNOWN,UNKNOWN,NO_METADATA
486,__myl_FcCas_myl0_486,fusion,sm80_xmma_gemm_i8f32_i8i32_f32_tn_n_tilesize32x64x64_stage6_warpsize2x2x1_tensor16x8x32_by_fusion_tactic,inputs=Int8;Int8|outputs=Half,/q_proj_19/MatMul;/q_proj_19/MatMul__a_dequant;/q_proj_19/MatMul__a_quant;/q_proj_19/MatMul__w_dequant,L19:q_proj,HIGH,ENGINE_INSPECTOR_METADATA + ONNX_GRAPH_NODE_MATCH + RECOGNIZED_QWEN3_OPERATOR_NAME
487,__myl_ResMulMea_myl0_487,kgen,__myl_ResMulMea_0xf2413012cd9ac6341b95d78f3432c656,inputs=Half|outputs=Half;Half,/Reshape_152;/q_norm_19/Pow;/q_norm_19/ReduceMean,L19:q_norm,HIGH,ENGINE_INSPECTOR_METADATA + ONNX_GRAPH_NODE_MATCH + RECOGNIZED_QWEN3_OPERATOR_NAME
488,__myl_AddSqrDivMulMulResSliSliNegConMulMulAdd_myl0_488,kgen,__myl_AddSqrDivMulMulResSliSliNegConMulMulAdd_0xf1ba08cc3beaba8ee91b0504be9c2cf4,inputs=Half;Half;Half;Half;Half|outputs=Half,/q_norm_19/Add;/q_norm_19/Sqrt;/q_norm_19/Mul;/q_norm_19/Mul_1;/Transpose_95;/Slice_76;/Slice_77;/Concat_232;/Mul_173;/Add_76;/Mul_172;/Neg_38;/q_norm_19/Div,L19:q_norm,HIGH,ENGINE_INSPECTOR_METADATA + ONNX_GRAPH_NODE_MATCH + RECOGNIZED_QWEN3_OPERATOR_NAME
489,__mye677126_myl0_489,wait,UNKNOWN,inputs=NONE|outputs=NONE,UNKNOWN,UNKNOWN,UNKNOWN,NO_METADATA
490,/MatMul_38_myl0_490,gemm,sm80_xmma_gemm_f16f16_f16f32_f32_nn_n_tilesize32x32x64_stage6_warpsize2x2x1_tensor16x8x16_aligna2_alignc2,inputs=Half;Half;Float;Float|outputs=Half,/MatMul_38,UNKNOWN,MEDIUM,ENGINE_INSPECTOR_METADATA + ONNX_GRAPH_NODE_MATCH + OPERATOR_NAME_NOT_RECOGNIZED
491,__myl_MulMaxSubExpSumDivMul_myl0_491,kgen,__myl_MulMaxSubExpSumDivMul_0x1108f5a078d6e65507c06537b9b2e43f,inputs=Half;Int64;Int64|outputs=Half,/Mul_178;/Softmax_19,UNKNOWN,MEDIUM,ENGINE_INSPECTOR_METADATA + ONNX_GRAPH_NODE_MATCH + OPERATOR_NAME_NOT_RECOGNIZED
492,__mye677130_myl0_492,wait,UNKNOWN,inputs=NONE|outputs=NONE,UNKNOWN,UNKNOWN,UNKNOWN,NO_METADATA
493,/MatMul_39_myl0_493,gemm,sm80_xmma_gemm_f16f16_f16f32_f32_nn_n_tilesize64x128x32_stage5_warpsize2x2x1_tensor16x8x16_aligna2_alignc2,inputs=Half;Half;Float;Float|outputs=Half,/MatMul_39,UNKNOWN,MEDIUM,ENGINE_INSPECTOR_METADATA + ONNX_GRAPH_NODE_MATCH + OPERATOR_NAME_NOT_RECOGNIZED
494,__myl_MulMinMaxRouCas_myl0_494,kgen,__myl_MulMinMaxRouCas_0x0b3337a1cc9120f6d73fd89c494a9e53,inputs=Half|outputs=Int8,/o_proj_19/MatMul__a_quant,L19:o_proj,HIGH,ENGINE_INSPECTOR_METADATA + ONNX_GRAPH_NODE_MATCH + RECOGNIZED_QWEN3_OPERATOR_NAME
495,__myl_FcCasAdd_myl0_495,fusion,sm80_xmma_gemm_i8f32_i8i32_f32_tn_n_tilesize32x64x64_stage6_warpsize2x2x1_tensor16x8x32_by_fusion_tactic,inputs=Half;Int8;Int8|outputs=Half,/o_proj_19/MatMul;/o_proj_19/MatMul__a_dequant;/o_proj_19/MatMul__a_quant;/o_proj_19/MatMul__w_dequant;/Add_78,L19:o_proj,HIGH,ENGINE_INSPECTOR_METADATA + ONNX_GRAPH_NODE_MATCH + RECOGNIZED_QWEN3_OPERATOR_NAME
496,__myl_MulMeaAddSqrDivMulMulMulMinMaxRouCas_myl0_496,kgen,__myl_MulMeaAddSqrDivMulMulMulMinMaxRouCas_0x77624facc1459ff2bf110c24ed8021c9,inputs=Half;Half;Half;Half|outputs=Int8;Half,/post_attention_layernorm_19/Pow;/post_attention_layernorm_19/ReduceMean;/post_attention_layernorm_19/Add;/post_attention_layernorm_19/Div;/post_attention_layernorm_19/Sqrt;/post_attention_layernorm_19/Mul;/post_attention_layernorm_19/Mul_1;/gate_proj_19/MatMul__a_quant,L19:post_attention_layernorm;L19:gate_proj,HIGH,ENGINE_INSPECTOR_METADATA + ONNX_GRAPH_NODE_MATCH + RECOGNIZED_QWEN3_OPERATOR_NAME
497,/up_proj_19/MatMul_myl0_497,gemm,sm80_xmma_gemm_f16f16_f16f16_f16_tn_n_tilesize32x32x64_stage6_warpsize2x2x1_tensor16x8x16,inputs=Half;Half;Float;Float|outputs=Half,/up_proj_19/MatMul,L19:up_proj,HIGH,ENGINE_INSPECTOR_METADATA + ONNX_GRAPH_NODE_MATCH + RECOGNIZED_QWEN3_OPERATOR_NAME
498,__myl_FcCasNegExpAddDivMulMul_myl0_498,fusion,sm80_xmma_gemm_i8i8_i8i32_f32_tn_n_tilesize32x64x64_stage6_warpsize2x2x1_tensor16x8x32_by_fusion_tactic,inputs=Half;Int8;Int8|outputs=Half,/gate_proj_19/MatMul;/gate_proj_19/MatMul__a_dequant;/gate_proj_19/MatMul__a_quant;/gate_proj_19/MatMul__w_dequant;/Mul_179;/Mul_180;/Sigmoid_19,L19:gate_proj,HIGH,ENGINE_INSPECTOR_METADATA + ONNX_GRAPH_NODE_MATCH + RECOGNIZED_QWEN3_OPERATOR_NAME
499,__myl_FcAdd_myl0_499,fusion,sm80_xmma_gemm_f16f16_f16f16_f16_nn_n_tilesize64x128x32_stage5_warpsize2x2x1_tensor16x8x16_by_fusion_tactic,inputs=Half;Half;Half|outputs=Half,/down_proj_19/MatMul;/Add_79,L19:down_proj,HIGH,ENGINE_INSPECTOR_METADATA + ONNX_GRAPH_NODE_MATCH + RECOGNIZED_QWEN3_OPERATOR_NAME
500,__myl_MulMeaAddSqrDivMulDivMinMaxRouCasDivMinMaxRouCasDivMinMaxRouCas_myl0_500,kgen,__myl_MulMeaAddSqrDivMulDivMinMaxRouCasDivMinMaxRouCasDivMinMaxRouCas_0x9f2c300bb597625319cadec4728f9bc5,inputs=Half;Half;Half;Half;Half;Half|outputs=Int8;Int8;Int8,/q_proj_20/MatMul__a_quant;/k_proj_20/MatMul__a_quant;/v_proj_20/MatMul__a_quant;/input_layernorm_20/Mul;/input_layernorm_20/Sqrt;/input_layernorm_20/Div;/input_layernorm_20/Add;/input_layernorm_20/ReduceMean;/input_layernorm_20/Pow,L20:q_proj;L20:k_proj;L20:v_proj;L20:input_layernorm,HIGH,ENGINE_INSPECTOR_METADATA + ONNX_GRAPH_NODE_MATCH + RECOGNIZED_QWEN3_OPERATOR_NAME
501,__mye677132_myl0_501,signal,UNKNOWN,inputs=NONE|outputs=NONE,UNKNOWN,UNKNOWN,UNKNOWN,NO_METADATA
502,__mye677134_myl0_502,wait,UNKNOWN,inputs=NONE|outputs=NONE,UNKNOWN,UNKNOWN,UNKNOWN,NO_METADATA
503,__myl_FcCas_myl0_503,fusion,sm80_xmma_gemm_i8f32_i8i32_f32_tn_n_tilesize32x64x64_stage6_warpsize2x2x1_tensor16x8x32_by_fusion_tactic,inputs=Int8;Int8|outputs=Half,/v_proj_20/MatMul;/v_proj_20/MatMul__a_dequant;/v_proj_20/MatMul__a_quant;/v_proj_20/MatMul__w_dequant,L20:v_proj,HIGH,ENGINE_INSPECTOR_METADATA + ONNX_GRAPH_NODE_MATCH + RECOGNIZED_QWEN3_OPERATOR_NAME
504,__myl_ResConResRep_myl0_504,kgen,__myl_ResConResRep_0x9d40828c020eb6bb972be950c35191c1,inputs=Half;Half;Int64;Int64;Int64;Int64;Int64;Int64;Int64;Int64;Int64;Int64;Int64;Int64;Int64;Int64|outputs=Half;Half,/Reshape_162;/Transpose_102;/Unsqueeze_458;/Expand_41;/Concat_247,UNKNOWN,MEDIUM,ENGINE_INSPECTOR_METADATA + ONNX_GRAPH_NODE_MATCH + OPERATOR_NAME_NOT_RECOGNIZED
505,__mye677142_myl0_505,signal,UNKNOWN,inputs=NONE|outputs=NONE,UNKNOWN,UNKNOWN,UNKNOWN,NO_METADATA
506,__mye677136_myl0_506,wait,UNKNOWN,inputs=NONE|outputs=NONE,UNKNOWN,UNKNOWN,UNKNOWN,NO_METADATA
507,__myl_FcCas_myl0_507,fusion,sm80_xmma_gemm_i8f32_i8i32_f32_tn_n_tilesize32x64x64_stage6_warpsize2x2x1_tensor16x8x32_by_fusion_tactic,inputs=Int8;Int8|outputs=Half,/k_proj_20/MatMul;/k_proj_20/MatMul__a_dequant;/k_proj_20/MatMul__a_quant;/k_proj_20/MatMul__w_dequant,L20:k_proj,HIGH,ENGINE_INSPECTOR_METADATA + ONNX_GRAPH_NODE_MATCH + RECOGNIZED_QWEN3_OPERATOR_NAME
508,__myl_ResMulMea_myl0_508,kgen,__myl_ResMulMea_0x3c91498c3beee36a5653966af1581a8a,inputs=Half|outputs=Half;Half,/Reshape_161;/k_norm_20/Pow;/k_norm_20/ReduceMean,L20:k_norm,HIGH,ENGINE_INSPECTOR_METADATA + ONNX_GRAPH_NODE_MATCH + RECOGNIZED_QWEN3_OPERATOR_NAME
509,__myl_AddSqrDivMulMulResSliSliNegConMulMulAddConResRepResTra_myl0_509,kgen,__myl_AddSqrDivMulMulResSliSliNegConMulMulAddConResRepResTra_0x5aea462b6a819ceadd3ebb32874c078f,inputs=Half;Half;Half;Half;Half;Half;Int64;Int64;Int64;Int64;Int64;Int64;Int64;Int64;Int64;Int64;Int64;Int64;Int64;Int64;Int64;Int64;Int64;Int64|outputs=Half;Half,/k_norm_20/Add;/k_norm_20/Sqrt;/k_norm_20/Mul;/k_norm_20/Mul_1;/Transpose_101;/Slice_82;/Slice_83;/Concat_245;/Mul_184;/Add_81;/Mul_183;/Unsqueeze_453;/Reshape_164;/Transpose_103;/Expand_40;/Concat_246;/Neg_41;/k_norm_20/Div,L20:k_norm,HIGH,ENGINE_INSPECTOR_METADATA + ONNX_GRAPH_NODE_MATCH + RECOGNIZED_QWEN3_OPERATOR_NAME
510,__mye677138_myl0_510,signal,UNKNOWN,inputs=NONE|outputs=NONE,UNKNOWN,UNKNOWN,UNKNOWN,NO_METADATA
511,__myl_FcCas_myl0_511,fusion,sm80_xmma_gemm_i8f32_i8i32_f32_tn_n_tilesize32x64x64_stage6_warpsize2x2x1_tensor16x8x32_by_fusion_tactic,inputs=Int8;Int8|outputs=Half,/q_proj_20/MatMul;/q_proj_20/MatMul__a_dequant;/q_proj_20/MatMul__a_quant;/q_proj_20/MatMul__w_dequant,L20:q_proj,HIGH,ENGINE_INSPECTOR_METADATA + ONNX_GRAPH_NODE_MATCH + RECOGNIZED_QWEN3_OPERATOR_NAME
512,__myl_ResMulMea_myl0_512,kgen,__myl_ResMulMea_0xf2413012cd9ac6341b95d78f3432c656,inputs=Half|outputs=Half;Half,/Reshape_160;/q_norm_20/Pow;/q_norm_20/ReduceMean,L20:q_norm,HIGH,ENGINE_INSPECTOR_METADATA + ONNX_GRAPH_NODE_MATCH + RECOGNIZED_QWEN3_OPERATOR_NAME
513,__myl_AddSqrDivMulMulResSliSliNegConMulMulAdd_myl0_513,kgen,__myl_AddSqrDivMulMulResSliSliNegConMulMulAdd_0xf1ba08cc3beaba8ee91b0504be9c2cf4,inputs=Half;Half;Half;Half;Half|outputs=Half,/q_norm_20/Add;/q_norm_20/Sqrt;/q_norm_20/Mul;/q_norm_20/Mul_1;/Transpose_100;/Slice_80;/Slice_81;/Concat_244;/Mul_182;/Add_80;/Mul_181;/Neg_40;/q_norm_20/Div,L20:q_norm,HIGH,ENGINE_INSPECTOR_METADATA + ONNX_GRAPH_NODE_MATCH + RECOGNIZED_QWEN3_OPERATOR_NAME
514,__mye677140_myl0_514,wait,UNKNOWN,inputs=NONE|outputs=NONE,UNKNOWN,UNKNOWN,UNKNOWN,NO_METADATA
515,/MatMul_40_myl0_515,gemm,sm80_xmma_gemm_f16f16_f16f32_f32_nn_n_tilesize32x32x64_stage6_warpsize2x2x1_tensor16x8x16_aligna2_alignc2,inputs=Half;Half;Float;Float|outputs=Half,/MatMul_40,UNKNOWN,MEDIUM,ENGINE_INSPECTOR_METADATA + ONNX_GRAPH_NODE_MATCH + OPERATOR_NAME_NOT_RECOGNIZED
516,__myl_MulMaxSubExpSumDivMul_myl0_516,kgen,__myl_MulMaxSubExpSumDivMul_0x1108f5a078d6e65507c06537b9b2e43f,inputs=Half;Int64;Int64|outputs=Half,/Mul_187;/Softmax_20,UNKNOWN,MEDIUM,ENGINE_INSPECTOR_METADATA + ONNX_GRAPH_NODE_MATCH + OPERATOR_NAME_NOT_RECOGNIZED
517,__mye677144_myl0_517,wait,UNKNOWN,inputs=NONE|outputs=NONE,UNKNOWN,UNKNOWN,UNKNOWN,NO_METADATA
518,/MatMul_41_myl0_518,gemm,sm80_xmma_gemm_f16f16_f16f32_f32_nn_n_tilesize64x128x32_stage5_warpsize2x2x1_tensor16x8x16_aligna2_alignc2,inputs=Half;Half;Float;Float|outputs=Half,/MatMul_41,UNKNOWN,MEDIUM,ENGINE_INSPECTOR_METADATA + ONNX_GRAPH_NODE_MATCH + OPERATOR_NAME_NOT_RECOGNIZED
519,__myl_MulMinMaxRouCas_myl0_519,kgen,__myl_MulMinMaxRouCas_0x59f8206e6baa651ad7dab50737cc8951,inputs=Half|outputs=Int8,/o_proj_20/MatMul__a_quant,L20:o_proj,HIGH,ENGINE_INSPECTOR_METADATA + ONNX_GRAPH_NODE_MATCH + RECOGNIZED_QWEN3_OPERATOR_NAME
520,__myl_FcCasAdd_myl0_520,fusion,sm80_xmma_gemm_i8f32_i8i32_f32_tn_n_tilesize32x64x64_stage6_warpsize2x2x1_tensor16x8x32_by_fusion_tactic,inputs=Half;Int8;Int8|outputs=Half,/o_proj_20/MatMul;/o_proj_20/MatMul__a_dequant;/o_proj_20/MatMul__a_quant;/o_proj_20/MatMul__w_dequant;/Add_82,L20:o_proj,HIGH,ENGINE_INSPECTOR_METADATA + ONNX_GRAPH_NODE_MATCH + RECOGNIZED_QWEN3_OPERATOR_NAME
521,__myl_MulMeaAddSqrDivMulMulMulMinMaxRouCas_myl0_521,kgen,__myl_MulMeaAddSqrDivMulMulMulMinMaxRouCas_0xd756cf8085615be8f2df33c74bb9ac74,inputs=Half;Half;Half;Half|outputs=Int8;Half,/post_attention_layernorm_20/Pow;/post_attention_layernorm_20/ReduceMean;/post_attention_layernorm_20/Add;/post_attention_layernorm_20/Div;/post_attention_layernorm_20/Sqrt;/post_attention_layernorm_20/Mul;/post_attention_layernorm_20/Mul_1;/gate_proj_20/MatMul__a_quant,L20:post_attention_layernorm;L20:gate_proj,HIGH,ENGINE_INSPECTOR_METADATA + ONNX_GRAPH_NODE_MATCH + RECOGNIZED_QWEN3_OPERATOR_NAME
522,/up_proj_20/MatMul_myl0_522,gemm,sm80_xmma_gemm_f16f16_f16f16_f16_tn_n_tilesize32x32x64_stage6_warpsize2x2x1_tensor16x8x16,inputs=Half;Half;Float;Float|outputs=Half,/up_proj_20/MatMul,L20:up_proj,HIGH,ENGINE_INSPECTOR_METADATA + ONNX_GRAPH_NODE_MATCH + RECOGNIZED_QWEN3_OPERATOR_NAME
523,__myl_FcCasNegExpAddDivMulMul_myl0_523,fusion,sm80_xmma_gemm_i8i8_i8i32_f32_tn_n_tilesize32x64x64_stage6_warpsize2x2x1_tensor16x8x32_by_fusion_tactic,inputs=Half;Int8;Int8|outputs=Half,/gate_proj_20/MatMul;/gate_proj_20/MatMul__a_dequant;/gate_proj_20/MatMul__a_quant;/gate_proj_20/MatMul__w_dequant;/Mul_188;/Mul_189;/Sigmoid_20,L20:gate_proj,HIGH,ENGINE_INSPECTOR_METADATA + ONNX_GRAPH_NODE_MATCH + RECOGNIZED_QWEN3_OPERATOR_NAME
524,__myl_FcAdd_myl0_524,fusion,sm80_xmma_gemm_f16f16_f16f16_f16_nn_n_tilesize64x128x32_stage5_warpsize2x2x1_tensor16x8x16_by_fusion_tactic,inputs=Half;Half;Half|outputs=Half,/down_proj_20/MatMul;/Add_83,L20:down_proj,HIGH,ENGINE_INSPECTOR_METADATA + ONNX_GRAPH_NODE_MATCH + RECOGNIZED_QWEN3_OPERATOR_NAME
525,__myl_MulMeaAddSqrDivMulDivMinMaxRouCasDivMinMaxRouCasDivMinMaxRouCas_myl0_525,kgen,__myl_MulMeaAddSqrDivMulDivMinMaxRouCasDivMinMaxRouCasDivMinMaxRouCas_0x9f2c300bb597625319cadec4728f9bc5,inputs=Half;Half;Half;Half;Half;Half|outputs=Int8;Int8;Int8,/q_proj_21/MatMul__a_quant;/k_proj_21/MatMul__a_quant;/v_proj_21/MatMul__a_quant;/input_layernorm_21/Mul;/input_layernorm_21/Sqrt;/input_layernorm_21/Div;/input_layernorm_21/Add;/input_layernorm_21/ReduceMean;/input_layernorm_21/Pow,L21:q_proj;L21:k_proj;L21:v_proj;L21:input_layernorm,HIGH,ENGINE_INSPECTOR_METADATA + ONNX_GRAPH_NODE_MATCH + RECOGNIZED_QWEN3_OPERATOR_NAME
526,__mye677146_myl0_526,signal,UNKNOWN,inputs=NONE|outputs=NONE,UNKNOWN,UNKNOWN,UNKNOWN,NO_METADATA
527,__mye677148_myl0_527,wait,UNKNOWN,inputs=NONE|outputs=NONE,UNKNOWN,UNKNOWN,UNKNOWN,NO_METADATA
528,__myl_FcCas_myl0_528,fusion,sm80_xmma_gemm_i8f32_i8i32_f32_tn_n_tilesize32x64x64_stage6_warpsize2x2x1_tensor16x8x32_by_fusion_tactic,inputs=Int8;Int8|outputs=Half,/v_proj_21/MatMul;/v_proj_21/MatMul__a_dequant;/v_proj_21/MatMul__a_quant;/v_proj_21/MatMul__w_dequant,L21:v_proj,HIGH,ENGINE_INSPECTOR_METADATA + ONNX_GRAPH_NODE_MATCH + RECOGNIZED_QWEN3_OPERATOR_NAME
529,__myl_ResConResRep_myl0_529,kgen,__myl_ResConResRep_0x9d40828c020eb6bb972be950c35191c1,inputs=Half;Half;Int64;Int64;Int64;Int64;Int64;Int64;Int64;Int64;Int64;Int64;Int64;Int64;Int64;Int64|outputs=Half;Half,/Reshape_170;/Transpose_107;/Unsqueeze_480;/Expand_43;/Concat_259,UNKNOWN,MEDIUM,ENGINE_INSPECTOR_METADATA + ONNX_GRAPH_NODE_MATCH + OPERATOR_NAME_NOT_RECOGNIZED
530,__mye677156_myl0_530,signal,UNKNOWN,inputs=NONE|outputs=NONE,UNKNOWN,UNKNOWN,UNKNOWN,NO_METADATA
531,__mye677150_myl0_531,wait,UNKNOWN,inputs=NONE|outputs=NONE,UNKNOWN,UNKNOWN,UNKNOWN,NO_METADATA
532,__myl_FcCas_myl0_532,fusion,sm80_xmma_gemm_i8f32_i8i32_f32_tn_n_tilesize32x64x64_stage6_warpsize2x2x1_tensor16x8x32_by_fusion_tactic,inputs=Int8;Int8|outputs=Half,/k_proj_21/MatMul;/k_proj_21/MatMul__a_dequant;/k_proj_21/MatMul__a_quant;/k_proj_21/MatMul__w_dequant,L21:k_proj,HIGH,ENGINE_INSPECTOR_METADATA + ONNX_GRAPH_NODE_MATCH + RECOGNIZED_QWEN3_OPERATOR_NAME
533,__myl_ResMulMea_myl0_533,kgen,__myl_ResMulMea_0x3c91498c3beee36a5653966af1581a8a,inputs=Half|outputs=Half;Half,/Reshape_169;/k_norm_21/Pow;/k_norm_21/ReduceMean,L21:k_norm,HIGH,ENGINE_INSPECTOR_METADATA + ONNX_GRAPH_NODE_MATCH + RECOGNIZED_QWEN3_OPERATOR_NAME
534,__myl_AddSqrDivMulMulResSliSliNegConMulMulAddConResRepResTra_myl0_534,kgen,__myl_AddSqrDivMulMulResSliSliNegConMulMulAddConResRepResTra_0x5aea462b6a819ceadd3ebb32874c078f,inputs=Half;Half;Half;Half;Half;Half;Int64;Int64;Int64;Int64;Int64;Int64;Int64;Int64;Int64;Int64;Int64;Int64;Int64;Int64;Int64;Int64;Int64;Int64|outputs=Half;Half,/k_norm_21/Add;/k_norm_21/Sqrt;/k_norm_21/Mul;/k_norm_21/Mul_1;/Transpose_106;/Slice_86;/Slice_87;/Concat_257;/Mul_193;/Add_85;/Mul_192;/Unsqueeze_475;/Reshape_172;/Transpose_108;/Expand_42;/Concat_258;/Neg_43;/k_norm_21/Div,L21:k_norm,HIGH,ENGINE_INSPECTOR_METADATA + ONNX_GRAPH_NODE_MATCH + RECOGNIZED_QWEN3_OPERATOR_NAME
535,__mye677152_myl0_535,signal,UNKNOWN,inputs=NONE|outputs=NONE,UNKNOWN,UNKNOWN,UNKNOWN,NO_METADATA
536,__myl_FcCas_myl0_536,fusion,sm80_xmma_gemm_i8f32_i8i32_f32_tn_n_tilesize32x64x64_stage6_warpsize2x2x1_tensor16x8x32_by_fusion_tactic,inputs=Int8;Int8|outputs=Half,/q_proj_21/MatMul;/q_proj_21/MatMul__a_dequant;/q_proj_21/MatMul__a_quant;/q_proj_21/MatMul__w_dequant,L21:q_proj,HIGH,ENGINE_INSPECTOR_METADATA + ONNX_GRAPH_NODE_MATCH + RECOGNIZED_QWEN3_OPERATOR_NAME
537,__myl_ResMulMea_myl0_537,kgen,__myl_ResMulMea_0xf2413012cd9ac6341b95d78f3432c656,inputs=Half|outputs=Half;Half,/Reshape_168;/q_norm_21/Pow;/q_norm_21/ReduceMean,L21:q_norm,HIGH,ENGINE_INSPECTOR_METADATA + ONNX_GRAPH_NODE_MATCH + RECOGNIZED_QWEN3_OPERATOR_NAME
538,__myl_AddSqrDivMulMulResSliSliNegConMulMulAdd_myl0_538,kgen,__myl_AddSqrDivMulMulResSliSliNegConMulMulAdd_0xf1ba08cc3beaba8ee91b0504be9c2cf4,inputs=Half;Half;Half;Half;Half|outputs=Half,/q_norm_21/Add;/q_norm_21/Sqrt;/q_norm_21/Mul;/q_norm_21/Mul_1;/Transpose_105;/Slice_84;/Slice_85;/Concat_256;/Mul_191;/Add_84;/Mul_190;/Neg_42;/q_norm_21/Div,L21:q_norm,HIGH,ENGINE_INSPECTOR_METADATA + ONNX_GRAPH_NODE_MATCH + RECOGNIZED_QWEN3_OPERATOR_NAME
539,__mye677154_myl0_539,wait,UNKNOWN,inputs=NONE|outputs=NONE,UNKNOWN,UNKNOWN,UNKNOWN,NO_METADATA
540,/MatMul_42_myl0_540,gemm,sm80_xmma_gemm_f16f16_f16f32_f32_nn_n_tilesize32x32x64_stage6_warpsize2x2x1_tensor16x8x16_aligna2_alignc2,inputs=Half;Half;Float;Float|outputs=Half,/MatMul_42,UNKNOWN,MEDIUM,ENGINE_INSPECTOR_METADATA + ONNX_GRAPH_NODE_MATCH + OPERATOR_NAME_NOT_RECOGNIZED
541,__myl_MulMaxSubExpSumDivMul_myl0_541,kgen,__myl_MulMaxSubExpSumDivMul_0x1108f5a078d6e65507c06537b9b2e43f,inputs=Half;Int64;Int64|outputs=Half,/Mul_196;/Softmax_21,UNKNOWN,MEDIUM,ENGINE_INSPECTOR_METADATA + ONNX_GRAPH_NODE_MATCH + OPERATOR_NAME_NOT_RECOGNIZED
542,__mye677158_myl0_542,wait,UNKNOWN,inputs=NONE|outputs=NONE,UNKNOWN,UNKNOWN,UNKNOWN,NO_METADATA
543,/MatMul_43_myl0_543,gemm,sm80_xmma_gemm_f16f16_f16f32_f32_nn_n_tilesize64x128x32_stage5_warpsize2x2x1_tensor16x8x16_aligna2_alignc2,inputs=Half;Half;Float;Float|outputs=Half,/MatMul_43,UNKNOWN,MEDIUM,ENGINE_INSPECTOR_METADATA + ONNX_GRAPH_NODE_MATCH + OPERATOR_NAME_NOT_RECOGNIZED
544,__myl_MulMinMaxRouCas_myl0_544,kgen,__myl_MulMinMaxRouCas_0x77ca5ed9b2797810688767dcda08897e,inputs=Half|outputs=Int8,/o_proj_21/MatMul__a_quant,L21:o_proj,HIGH,ENGINE_INSPECTOR_METADATA + ONNX_GRAPH_NODE_MATCH + RECOGNIZED_QWEN3_OPERATOR_NAME
545,__myl_FcCasAdd_myl0_545,fusion,sm80_xmma_gemm_i8f32_i8i32_f32_tn_n_tilesize32x64x64_stage6_warpsize2x2x1_tensor16x8x32_by_fusion_tactic,inputs=Half;Int8;Int8|outputs=Half,/o_proj_21/MatMul;/o_proj_21/MatMul__a_dequant;/o_proj_21/MatMul__a_quant;/o_proj_21/MatMul__w_dequant;/Add_86,L21:o_proj,HIGH,ENGINE_INSPECTOR_METADATA + ONNX_GRAPH_NODE_MATCH + RECOGNIZED_QWEN3_OPERATOR_NAME
546,__myl_MulMeaAddSqrDivMulMulMulMinMaxRouCas_myl0_546,kgen,__myl_MulMeaAddSqrDivMulMulMulMinMaxRouCas_0xdba6260d6d388ff570fe95b3f4430bd0,inputs=Half;Half;Half;Half|outputs=Int8;Half,/post_attention_layernorm_21/Pow;/post_attention_layernorm_21/ReduceMean;/post_attention_layernorm_21/Add;/post_attention_layernorm_21/Div;/post_attention_layernorm_21/Sqrt;/post_attention_layernorm_21/Mul;/post_attention_layernorm_21/Mul_1;/gate_proj_21/MatMul__a_quant,L21:post_attention_layernorm;L21:gate_proj,HIGH,ENGINE_INSPECTOR_METADATA + ONNX_GRAPH_NODE_MATCH + RECOGNIZED_QWEN3_OPERATOR_NAME
547,/up_proj_21/MatMul_myl0_547,gemm,sm80_xmma_gemm_f16f16_f16f16_f16_tn_n_tilesize32x32x64_stage6_warpsize2x2x1_tensor16x8x16,inputs=Half;Half;Float;Float|outputs=Half,/up_proj_21/MatMul,L21:up_proj,HIGH,ENGINE_INSPECTOR_METADATA + ONNX_GRAPH_NODE_MATCH + RECOGNIZED_QWEN3_OPERATOR_NAME
548,__myl_FcCasNegExpAddDivMulMul_myl0_548,fusion,sm80_xmma_gemm_i8i8_i8i32_f32_tn_n_tilesize32x64x64_stage6_warpsize2x2x1_tensor16x8x32_by_fusion_tactic,inputs=Half;Int8;Int8|outputs=Half,/gate_proj_21/MatMul;/gate_proj_21/MatMul__a_dequant;/gate_proj_21/MatMul__a_quant;/gate_proj_21/MatMul__w_dequant;/Mul_197;/Mul_198;/Sigmoid_21,L21:gate_proj,HIGH,ENGINE_INSPECTOR_METADATA + ONNX_GRAPH_NODE_MATCH + RECOGNIZED_QWEN3_OPERATOR_NAME
549,__myl_FcAdd_myl0_549,fusion,sm80_xmma_gemm_f16f16_f16f16_f16_nn_n_tilesize64x128x32_stage5_warpsize2x2x1_tensor16x8x16_by_fusion_tactic,inputs=Half;Half;Half|outputs=Half,/down_proj_21/MatMul;/Add_87,L21:down_proj,HIGH,ENGINE_INSPECTOR_METADATA + ONNX_GRAPH_NODE_MATCH + RECOGNIZED_QWEN3_OPERATOR_NAME
550,__myl_MulMeaAddSqrDivMulDivMinMaxRouCasDivMinMaxRouCasDivMinMaxRouCas_myl0_550,kgen,__myl_MulMeaAddSqrDivMulDivMinMaxRouCasDivMinMaxRouCasDivMinMaxRouCas_0x9f2c300bb597625319cadec4728f9bc5,inputs=Half;Half;Half;Half;Half;Half|outputs=Int8;Int8;Int8,/q_proj_22/MatMul__a_quant;/k_proj_22/MatMul__a_quant;/v_proj_22/MatMul__a_quant;/input_layernorm_22/Mul;/input_layernorm_22/Sqrt;/input_layernorm_22/Div;/input_layernorm_22/Add;/input_layernorm_22/ReduceMean;/input_layernorm_22/Pow,L22:q_proj;L22:k_proj;L22:v_proj;L22:input_layernorm,HIGH,ENGINE_INSPECTOR_METADATA + ONNX_GRAPH_NODE_MATCH + RECOGNIZED_QWEN3_OPERATOR_NAME
551,__mye677160_myl0_551,signal,UNKNOWN,inputs=NONE|outputs=NONE,UNKNOWN,UNKNOWN,UNKNOWN,NO_METADATA
552,__mye677162_myl0_552,wait,UNKNOWN,inputs=NONE|outputs=NONE,UNKNOWN,UNKNOWN,UNKNOWN,NO_METADATA
553,__myl_FcCas_myl0_553,fusion,sm80_xmma_gemm_i8f32_i8i32_f32_tn_n_tilesize32x64x64_stage6_warpsize2x2x1_tensor16x8x32_by_fusion_tactic,inputs=Int8;Int8|outputs=Half,/v_proj_22/MatMul;/v_proj_22/MatMul__a_dequant;/v_proj_22/MatMul__a_quant;/v_proj_22/MatMul__w_dequant,L22:v_proj,HIGH,ENGINE_INSPECTOR_METADATA + ONNX_GRAPH_NODE_MATCH + RECOGNIZED_QWEN3_OPERATOR_NAME
554,__myl_ResConResRep_myl0_554,kgen,__myl_ResConResRep_0x9d40828c020eb6bb972be950c35191c1,inputs=Half;Half;Int64;Int64;Int64;Int64;Int64;Int64;Int64;Int64;Int64;Int64;Int64;Int64;Int64;Int64|outputs=Half;Half,/Reshape_178;/Transpose_112;/Unsqueeze_502;/Expand_45;/Concat_271,UNKNOWN,MEDIUM,ENGINE_INSPECTOR_METADATA + ONNX_GRAPH_NODE_MATCH + OPERATOR_NAME_NOT_RECOGNIZED
555,__mye677170_myl0_555,signal,UNKNOWN,inputs=NONE|outputs=NONE,UNKNOWN,UNKNOWN,UNKNOWN,NO_METADATA
556,__mye677164_myl0_556,wait,UNKNOWN,inputs=NONE|outputs=NONE,UNKNOWN,UNKNOWN,UNKNOWN,NO_METADATA
557,__myl_FcCas_myl0_557,fusion,sm80_xmma_gemm_i8f32_i8i32_f32_tn_n_tilesize32x64x64_stage6_warpsize2x2x1_tensor16x8x32_by_fusion_tactic,inputs=Int8;Int8|outputs=Half,/k_proj_22/MatMul;/k_proj_22/MatMul__a_dequant;/k_proj_22/MatMul__a_quant;/k_proj_22/MatMul__w_dequant,L22:k_proj,HIGH,ENGINE_INSPECTOR_METADATA + ONNX_GRAPH_NODE_MATCH + RECOGNIZED_QWEN3_OPERATOR_NAME
558,__myl_ResMulMea_myl0_558,kgen,__myl_ResMulMea_0x3c91498c3beee36a5653966af1581a8a,inputs=Half|outputs=Half;Half,/Reshape_177;/k_norm_22/Pow;/k_norm_22/ReduceMean,L22:k_norm,HIGH,ENGINE_INSPECTOR_METADATA + ONNX_GRAPH_NODE_MATCH + RECOGNIZED_QWEN3_OPERATOR_NAME
559,__myl_AddSqrDivMulMulResSliSliNegConMulMulAddConResRepResTra_myl0_559,kgen,__myl_AddSqrDivMulMulResSliSliNegConMulMulAddConResRepResTra_0x5aea462b6a819ceadd3ebb32874c078f,inputs=Half;Half;Half;Half;Half;Half;Int64;Int64;Int64;Int64;Int64;Int64;Int64;Int64;Int64;Int64;Int64;Int64;Int64;Int64;Int64;Int64;Int64;Int64|outputs=Half;Half,/k_norm_22/Add;/k_norm_22/Sqrt;/k_norm_22/Mul;/k_norm_22/Mul_1;/Transpose_111;/Slice_90;/Slice_91;/Concat_269;/Mul_202;/Add_89;/Mul_201;/Unsqueeze_497;/Reshape_180;/Transpose_113;/Expand_44;/Concat_270;/Neg_45;/k_norm_22/Div,L22:k_norm,HIGH,ENGINE_INSPECTOR_METADATA + ONNX_GRAPH_NODE_MATCH + RECOGNIZED_QWEN3_OPERATOR_NAME
560,__mye677166_myl0_560,signal,UNKNOWN,inputs=NONE|outputs=NONE,UNKNOWN,UNKNOWN,UNKNOWN,NO_METADATA
561,__myl_FcCas_myl0_561,fusion,sm80_xmma_gemm_i8f32_i8i32_f32_tn_n_tilesize32x64x64_stage6_warpsize2x2x1_tensor16x8x32_by_fusion_tactic,inputs=Int8;Int8|outputs=Half,/q_proj_22/MatMul;/q_proj_22/MatMul__a_dequant;/q_proj_22/MatMul__a_quant;/q_proj_22/MatMul__w_dequant,L22:q_proj,HIGH,ENGINE_INSPECTOR_METADATA + ONNX_GRAPH_NODE_MATCH + RECOGNIZED_QWEN3_OPERATOR_NAME
562,__myl_ResMulMea_myl0_562,kgen,__myl_ResMulMea_0xf2413012cd9ac6341b95d78f3432c656,inputs=Half|outputs=Half;Half,/Reshape_176;/q_norm_22/Pow;/q_norm_22/ReduceMean,L22:q_norm,HIGH,ENGINE_INSPECTOR_METADATA + ONNX_GRAPH_NODE_MATCH + RECOGNIZED_QWEN3_OPERATOR_NAME
563,__myl_AddSqrDivMulMulResSliSliNegConMulMulAdd_myl0_563,kgen,__myl_AddSqrDivMulMulResSliSliNegConMulMulAdd_0xf1ba08cc3beaba8ee91b0504be9c2cf4,inputs=Half;Half;Half;Half;Half|outputs=Half,/q_norm_22/Add;/q_norm_22/Sqrt;/q_norm_22/Mul;/q_norm_22/Mul_1;/Transpose_110;/Slice_88;/Slice_89;/Concat_268;/Mul_200;/Add_88;/Mul_199;/Neg_44;/q_norm_22/Div,L22:q_norm,HIGH,ENGINE_INSPECTOR_METADATA + ONNX_GRAPH_NODE_MATCH + RECOGNIZED_QWEN3_OPERATOR_NAME
564,__mye677168_myl0_564,wait,UNKNOWN,inputs=NONE|outputs=NONE,UNKNOWN,UNKNOWN,UNKNOWN,NO_METADATA
565,/MatMul_44_myl0_565,gemm,sm80_xmma_gemm_f16f16_f16f32_f32_nn_n_tilesize32x32x64_stage6_warpsize2x2x1_tensor16x8x16_aligna2_alignc2,inputs=Half;Half;Float;Float|outputs=Half,/MatMul_44,UNKNOWN,MEDIUM,ENGINE_INSPECTOR_METADATA + ONNX_GRAPH_NODE_MATCH + OPERATOR_NAME_NOT_RECOGNIZED
566,__myl_MulMaxSubExpSumDivMul_myl0_566,kgen,__myl_MulMaxSubExpSumDivMul_0x1108f5a078d6e65507c06537b9b2e43f,inputs=Half;Int64;Int64|outputs=Half,/Mul_205;/Softmax_22,UNKNOWN,MEDIUM,ENGINE_INSPECTOR_METADATA + ONNX_GRAPH_NODE_MATCH + OPERATOR_NAME_NOT_RECOGNIZED
567,__mye677172_myl0_567,wait,UNKNOWN,inputs=NONE|outputs=NONE,UNKNOWN,UNKNOWN,UNKNOWN,NO_METADATA
568,/MatMul_45_myl0_568,gemm,sm80_xmma_gemm_f16f16_f16f32_f32_nn_n_tilesize64x128x32_stage5_warpsize2x2x1_tensor16x8x16_aligna2_alignc2,inputs=Half;Half;Float;Float|outputs=Half,/MatMul_45,UNKNOWN,MEDIUM,ENGINE_INSPECTOR_METADATA + ONNX_GRAPH_NODE_MATCH + OPERATOR_NAME_NOT_RECOGNIZED
569,__myl_MulMinMaxRouCas_myl0_569,kgen,__myl_MulMinMaxRouCas_0xa64eacd40f6a244c6f97851e4148bfa0,inputs=Half|outputs=Int8,/o_proj_22/MatMul__a_quant,L22:o_proj,HIGH,ENGINE_INSPECTOR_METADATA + ONNX_GRAPH_NODE_MATCH + RECOGNIZED_QWEN3_OPERATOR_NAME
570,__myl_FcCasAdd_myl0_570,fusion,sm80_xmma_gemm_i8f32_i8i32_f32_tn_n_tilesize32x64x64_stage6_warpsize2x2x1_tensor16x8x32_by_fusion_tactic,inputs=Half;Int8;Int8|outputs=Half,/o_proj_22/MatMul;/o_proj_22/MatMul__a_dequant;/o_proj_22/MatMul__a_quant;/o_proj_22/MatMul__w_dequant;/Add_90,L22:o_proj,HIGH,ENGINE_INSPECTOR_METADATA + ONNX_GRAPH_NODE_MATCH + RECOGNIZED_QWEN3_OPERATOR_NAME
571,__myl_MulMeaAddSqrDivMulMulMulMinMaxRouCas_myl0_571,kgen,__myl_MulMeaAddSqrDivMulMulMulMinMaxRouCas_0xd756cf8085615be8f2df33c74bb9ac74,inputs=Half;Half;Half;Half|outputs=Int8;Half,/post_attention_layernorm_22/Pow;/post_attention_layernorm_22/ReduceMean;/post_attention_layernorm_22/Add;/post_attention_layernorm_22/Div;/post_attention_layernorm_22/Sqrt;/post_attention_layernorm_22/Mul;/post_attention_layernorm_22/Mul_1;/gate_proj_22/MatMul__a_quant,L22:post_attention_layernorm;L22:gate_proj,HIGH,ENGINE_INSPECTOR_METADATA + ONNX_GRAPH_NODE_MATCH + RECOGNIZED_QWEN3_OPERATOR_NAME
572,/up_proj_22/MatMul_myl0_572,gemm,sm80_xmma_gemm_f16f16_f16f16_f16_tn_n_tilesize32x32x64_stage6_warpsize2x2x1_tensor16x8x16,inputs=Half;Half;Float;Float|outputs=Half,/up_proj_22/MatMul,L22:up_proj,HIGH,ENGINE_INSPECTOR_METADATA + ONNX_GRAPH_NODE_MATCH + RECOGNIZED_QWEN3_OPERATOR_NAME
573,__myl_FcCasNegExpAddDivMulMul_myl0_573,fusion,sm80_xmma_gemm_i8i8_i8i32_f32_tn_n_tilesize32x64x64_stage6_warpsize2x2x1_tensor16x8x32_by_fusion_tactic,inputs=Half;Int8;Int8|outputs=Half,/gate_proj_22/MatMul;/gate_proj_22/MatMul__a_dequant;/gate_proj_22/MatMul__a_quant;/gate_proj_22/MatMul__w_dequant;/Mul_206;/Mul_207;/Sigmoid_22,L22:gate_proj,HIGH,ENGINE_INSPECTOR_METADATA + ONNX_GRAPH_NODE_MATCH + RECOGNIZED_QWEN3_OPERATOR_NAME
574,__myl_FcAdd_myl0_574,fusion,sm80_xmma_gemm_f16f16_f16f16_f16_nn_n_tilesize64x128x32_stage5_warpsize2x2x1_tensor16x8x16_by_fusion_tactic,inputs=Half;Half;Half|outputs=Half,/down_proj_22/MatMul;/Add_91,L22:down_proj,HIGH,ENGINE_INSPECTOR_METADATA + ONNX_GRAPH_NODE_MATCH + RECOGNIZED_QWEN3_OPERATOR_NAME
575,__myl_MulMeaAddSqrDivMulDivMinMaxRouCasDivMinMaxRouCasDivMinMaxRouCas_myl0_575,kgen,__myl_MulMeaAddSqrDivMulDivMinMaxRouCasDivMinMaxRouCasDivMinMaxRouCas_0x9f2c300bb597625319cadec4728f9bc5,inputs=Half;Half;Half;Half;Half;Half|outputs=Int8;Int8;Int8,/q_proj_23/MatMul__a_quant;/k_proj_23/MatMul__a_quant;/v_proj_23/MatMul__a_quant;/input_layernorm_23/Mul;/input_layernorm_23/Sqrt;/input_layernorm_23/Div;/input_layernorm_23/Add;/input_layernorm_23/ReduceMean;/input_layernorm_23/Pow,L23:q_proj;L23:k_proj;L23:v_proj;L23:input_layernorm,HIGH,ENGINE_INSPECTOR_METADATA + ONNX_GRAPH_NODE_MATCH + RECOGNIZED_QWEN3_OPERATOR_NAME
576,__mye677174_myl0_576,signal,UNKNOWN,inputs=NONE|outputs=NONE,UNKNOWN,UNKNOWN,UNKNOWN,NO_METADATA
577,__mye677176_myl0_577,wait,UNKNOWN,inputs=NONE|outputs=NONE,UNKNOWN,UNKNOWN,UNKNOWN,NO_METADATA
578,__myl_FcCas_myl0_578,fusion,sm80_xmma_gemm_i8f32_i8i32_f32_tn_n_tilesize32x64x64_stage6_warpsize2x2x1_tensor16x8x32_by_fusion_tactic,inputs=Int8;Int8|outputs=Half,/v_proj_23/MatMul;/v_proj_23/MatMul__a_dequant;/v_proj_23/MatMul__a_quant;/v_proj_23/MatMul__w_dequant,L23:v_proj,HIGH,ENGINE_INSPECTOR_METADATA + ONNX_GRAPH_NODE_MATCH + RECOGNIZED_QWEN3_OPERATOR_NAME
579,__myl_ResConResRep_myl0_579,kgen,__myl_ResConResRep_0x9d40828c020eb6bb972be950c35191c1,inputs=Half;Half;Int64;Int64;Int64;Int64;Int64;Int64;Int64;Int64;Int64;Int64;Int64;Int64;Int64;Int64|outputs=Half;Half,/Reshape_186;/Transpose_117;/Unsqueeze_524;/Expand_47;/Concat_283,UNKNOWN,MEDIUM,ENGINE_INSPECTOR_METADATA + ONNX_GRAPH_NODE_MATCH + OPERATOR_NAME_NOT_RECOGNIZED
580,__mye677184_myl0_580,signal,UNKNOWN,inputs=NONE|outputs=NONE,UNKNOWN,UNKNOWN,UNKNOWN,NO_METADATA
581,__mye677178_myl0_581,wait,UNKNOWN,inputs=NONE|outputs=NONE,UNKNOWN,UNKNOWN,UNKNOWN,NO_METADATA
582,__myl_FcCas_myl0_582,fusion,sm80_xmma_gemm_i8f32_i8i32_f32_tn_n_tilesize32x64x64_stage6_warpsize2x2x1_tensor16x8x32_by_fusion_tactic,inputs=Int8;Int8|outputs=Half,/k_proj_23/MatMul;/k_proj_23/MatMul__a_dequant;/k_proj_23/MatMul__a_quant;/k_proj_23/MatMul__w_dequant,L23:k_proj,HIGH,ENGINE_INSPECTOR_METADATA + ONNX_GRAPH_NODE_MATCH + RECOGNIZED_QWEN3_OPERATOR_NAME
583,__myl_ResMulMea_myl0_583,kgen,__myl_ResMulMea_0x3c91498c3beee36a5653966af1581a8a,inputs=Half|outputs=Half;Half,/Reshape_185;/k_norm_23/Pow;/k_norm_23/ReduceMean,L23:k_norm,HIGH,ENGINE_INSPECTOR_METADATA + ONNX_GRAPH_NODE_MATCH + RECOGNIZED_QWEN3_OPERATOR_NAME
584,__myl_AddSqrDivMulMulResSliSliNegConMulMulAddConResRepResTra_myl0_584,kgen,__myl_AddSqrDivMulMulResSliSliNegConMulMulAddConResRepResTra_0x5aea462b6a819ceadd3ebb32874c078f,inputs=Half;Half;Half;Half;Half;Half;Int64;Int64;Int64;Int64;Int64;Int64;Int64;Int64;Int64;Int64;Int64;Int64;Int64;Int64;Int64;Int64;Int64;Int64|outputs=Half;Half,/k_norm_23/Add;/k_norm_23/Sqrt;/k_norm_23/Mul;/k_norm_23/Mul_1;/Transpose_116;/Slice_94;/Slice_95;/Concat_281;/Mul_211;/Add_93;/Mul_210;/Unsqueeze_519;/Reshape_188;/Transpose_118;/Expand_46;/Concat_282;/Neg_47;/k_norm_23/Div,L23:k_norm,HIGH,ENGINE_INSPECTOR_METADATA + ONNX_GRAPH_NODE_MATCH + RECOGNIZED_QWEN3_OPERATOR_NAME
585,__mye677180_myl0_585,signal,UNKNOWN,inputs=NONE|outputs=NONE,UNKNOWN,UNKNOWN,UNKNOWN,NO_METADATA
586,__myl_FcCas_myl0_586,fusion,sm80_xmma_gemm_i8f32_i8i32_f32_tn_n_tilesize32x64x64_stage6_warpsize2x2x1_tensor16x8x32_by_fusion_tactic,inputs=Int8;Int8|outputs=Half,/q_proj_23/MatMul;/q_proj_23/MatMul__a_dequant;/q_proj_23/MatMul__a_quant;/q_proj_23/MatMul__w_dequant,L23:q_proj,HIGH,ENGINE_INSPECTOR_METADATA + ONNX_GRAPH_NODE_MATCH + RECOGNIZED_QWEN3_OPERATOR_NAME
587,__myl_ResMulMea_myl0_587,kgen,__myl_ResMulMea_0xf2413012cd9ac6341b95d78f3432c656,inputs=Half|outputs=Half;Half,/Reshape_184;/q_norm_23/Pow;/q_norm_23/ReduceMean,L23:q_norm,HIGH,ENGINE_INSPECTOR_METADATA + ONNX_GRAPH_NODE_MATCH + RECOGNIZED_QWEN3_OPERATOR_NAME
588,__myl_AddSqrDivMulMulResSliSliNegConMulMulAdd_myl0_588,kgen,__myl_AddSqrDivMulMulResSliSliNegConMulMulAdd_0xf1ba08cc3beaba8ee91b0504be9c2cf4,inputs=Half;Half;Half;Half;Half|outputs=Half,/q_norm_23/Add;/q_norm_23/Sqrt;/q_norm_23/Mul;/q_norm_23/Mul_1;/Transpose_115;/Slice_92;/Slice_93;/Concat_280;/Mul_209;/Add_92;/Mul_208;/Neg_46;/q_norm_23/Div,L23:q_norm,HIGH,ENGINE_INSPECTOR_METADATA + ONNX_GRAPH_NODE_MATCH + RECOGNIZED_QWEN3_OPERATOR_NAME
589,__mye677182_myl0_589,wait,UNKNOWN,inputs=NONE|outputs=NONE,UNKNOWN,UNKNOWN,UNKNOWN,NO_METADATA
590,/MatMul_46_myl0_590,gemm,sm80_xmma_gemm_f16f16_f16f32_f32_nn_n_tilesize32x32x64_stage6_warpsize2x2x1_tensor16x8x16_aligna2_alignc2,inputs=Half;Half;Float;Float|outputs=Half,/MatMul_46,UNKNOWN,MEDIUM,ENGINE_INSPECTOR_METADATA + ONNX_GRAPH_NODE_MATCH + OPERATOR_NAME_NOT_RECOGNIZED
591,__myl_MulMaxSubExpSumDivMul_myl0_591,kgen,__myl_MulMaxSubExpSumDivMul_0x1108f5a078d6e65507c06537b9b2e43f,inputs=Half;Int64;Int64|outputs=Half,/Mul_214;/Softmax_23,UNKNOWN,MEDIUM,ENGINE_INSPECTOR_METADATA + ONNX_GRAPH_NODE_MATCH + OPERATOR_NAME_NOT_RECOGNIZED
592,__mye677186_myl0_592,wait,UNKNOWN,inputs=NONE|outputs=NONE,UNKNOWN,UNKNOWN,UNKNOWN,NO_METADATA
593,/MatMul_47_myl0_593,gemm,sm80_xmma_gemm_f16f16_f16f32_f32_nn_n_tilesize64x128x32_stage5_warpsize2x2x1_tensor16x8x16_aligna2_alignc2,inputs=Half;Half;Float;Float|outputs=Half,/MatMul_47,UNKNOWN,MEDIUM,ENGINE_INSPECTOR_METADATA + ONNX_GRAPH_NODE_MATCH + OPERATOR_NAME_NOT_RECOGNIZED
594,__myl_MulMinMaxRouCas_myl0_594,kgen,__myl_MulMinMaxRouCas_0x36a6981344c30226a5bbeed5f55c92f7,inputs=Half|outputs=Int8,/o_proj_23/MatMul__a_quant,L23:o_proj,HIGH,ENGINE_INSPECTOR_METADATA + ONNX_GRAPH_NODE_MATCH + RECOGNIZED_QWEN3_OPERATOR_NAME
595,__myl_FcCasAdd_myl0_595,fusion,sm80_xmma_gemm_i8f32_i8i32_f32_tn_n_tilesize32x64x64_stage6_warpsize2x2x1_tensor16x8x32_by_fusion_tactic,inputs=Half;Int8;Int8|outputs=Half,/o_proj_23/MatMul;/o_proj_23/MatMul__a_dequant;/o_proj_23/MatMul__a_quant;/o_proj_23/MatMul__w_dequant;/Add_94,L23:o_proj,HIGH,ENGINE_INSPECTOR_METADATA + ONNX_GRAPH_NODE_MATCH + RECOGNIZED_QWEN3_OPERATOR_NAME
596,__myl_MulMeaAddSqrDivMulMulMulMinMaxRouCas_myl0_596,kgen,__myl_MulMeaAddSqrDivMulMulMulMinMaxRouCas_0x6cfe86dd6e4d3c2d552f909cb133c113,inputs=Half;Half;Half;Half|outputs=Int8;Half,/post_attention_layernorm_23/Pow;/post_attention_layernorm_23/ReduceMean;/post_attention_layernorm_23/Add;/post_attention_layernorm_23/Div;/post_attention_layernorm_23/Sqrt;/post_attention_layernorm_23/Mul;/post_attention_layernorm_23/Mul_1;/gate_proj_23/MatMul__a_quant,L23:post_attention_layernorm;L23:gate_proj,HIGH,ENGINE_INSPECTOR_METADATA + ONNX_GRAPH_NODE_MATCH + RECOGNIZED_QWEN3_OPERATOR_NAME
597,/up_proj_23/MatMul_myl0_597,gemm,sm80_xmma_gemm_f16f16_f16f16_f16_tn_n_tilesize32x32x64_stage6_warpsize2x2x1_tensor16x8x16,inputs=Half;Half;Float;Float|outputs=Half,/up_proj_23/MatMul,L23:up_proj,HIGH,ENGINE_INSPECTOR_METADATA + ONNX_GRAPH_NODE_MATCH + RECOGNIZED_QWEN3_OPERATOR_NAME
598,__myl_FcCasNegExpAddDivMulMul_myl0_598,fusion,sm80_xmma_gemm_i8i8_i8i32_f32_tn_n_tilesize32x64x64_stage6_warpsize2x2x1_tensor16x8x32_by_fusion_tactic,inputs=Half;Int8;Int8|outputs=Half,/gate_proj_23/MatMul;/gate_proj_23/MatMul__a_dequant;/gate_proj_23/MatMul__a_quant;/gate_proj_23/MatMul__w_dequant;/Mul_215;/Mul_216;/Sigmoid_23,L23:gate_proj,HIGH,ENGINE_INSPECTOR_METADATA + ONNX_GRAPH_NODE_MATCH + RECOGNIZED_QWEN3_OPERATOR_NAME
599,__myl_FcAdd_myl0_599,fusion,sm80_xmma_gemm_f16f16_f16f16_f16_nn_n_tilesize64x128x32_stage5_warpsize2x2x1_tensor16x8x16_by_fusion_tactic,inputs=Half;Half;Half|outputs=Half,/down_proj_23/MatMul;/Add_95,L23:down_proj,HIGH,ENGINE_INSPECTOR_METADATA + ONNX_GRAPH_NODE_MATCH + RECOGNIZED_QWEN3_OPERATOR_NAME
600,__myl_MulMeaAddSqrDivMulDivMinMaxRouCasDivMinMaxRouCasDivMinMaxRouCas_myl0_600,kgen,__myl_MulMeaAddSqrDivMulDivMinMaxRouCasDivMinMaxRouCasDivMinMaxRouCas_0x9f2c300bb597625319cadec4728f9bc5,inputs=Half;Half;Half;Half;Half;Half|outputs=Int8;Int8;Int8,/q_proj_24/MatMul__a_quant;/k_proj_24/MatMul__a_quant;/v_proj_24/MatMul__a_quant;/input_layernorm_24/Mul;/input_layernorm_24/Sqrt;/input_layernorm_24/Div;/input_layernorm_24/Add;/input_layernorm_24/ReduceMean;/input_layernorm_24/Pow,L24:q_proj;L24:k_proj;L24:v_proj;L24:input_layernorm,HIGH,ENGINE_INSPECTOR_METADATA + ONNX_GRAPH_NODE_MATCH + RECOGNIZED_QWEN3_OPERATOR_NAME
601,__mye677188_myl0_601,signal,UNKNOWN,inputs=NONE|outputs=NONE,UNKNOWN,UNKNOWN,UNKNOWN,NO_METADATA
602,__mye677190_myl0_602,wait,UNKNOWN,inputs=NONE|outputs=NONE,UNKNOWN,UNKNOWN,UNKNOWN,NO_METADATA
603,__myl_FcCas_myl0_603,fusion,sm80_xmma_gemm_i8f32_i8i32_f32_tn_n_tilesize32x64x64_stage6_warpsize2x2x1_tensor16x8x32_by_fusion_tactic,inputs=Int8;Int8|outputs=Half,/v_proj_24/MatMul;/v_proj_24/MatMul__a_dequant;/v_proj_24/MatMul__a_quant;/v_proj_24/MatMul__w_dequant,L24:v_proj,HIGH,ENGINE_INSPECTOR_METADATA + ONNX_GRAPH_NODE_MATCH + RECOGNIZED_QWEN3_OPERATOR_NAME
604,__myl_ResConResRep_myl0_604,kgen,__myl_ResConResRep_0x9d40828c020eb6bb972be950c35191c1,inputs=Half;Half;Int64;Int64;Int64;Int64;Int64;Int64;Int64;Int64;Int64;Int64;Int64;Int64;Int64;Int64|outputs=Half;Half,/Reshape_194;/Transpose_122;/Unsqueeze_546;/Expand_49;/Concat_295,UNKNOWN,MEDIUM,ENGINE_INSPECTOR_METADATA + ONNX_GRAPH_NODE_MATCH + OPERATOR_NAME_NOT_RECOGNIZED
605,__mye677198_myl0_605,signal,UNKNOWN,inputs=NONE|outputs=NONE,UNKNOWN,UNKNOWN,UNKNOWN,NO_METADATA
606,__mye677192_myl0_606,wait,UNKNOWN,inputs=NONE|outputs=NONE,UNKNOWN,UNKNOWN,UNKNOWN,NO_METADATA
607,__myl_FcCas_myl0_607,fusion,sm80_xmma_gemm_i8f32_i8i32_f32_tn_n_tilesize32x64x64_stage6_warpsize2x2x1_tensor16x8x32_by_fusion_tactic,inputs=Int8;Int8|outputs=Half,/k_proj_24/MatMul;/k_proj_24/MatMul__a_dequant;/k_proj_24/MatMul__a_quant;/k_proj_24/MatMul__w_dequant,L24:k_proj,HIGH,ENGINE_INSPECTOR_METADATA + ONNX_GRAPH_NODE_MATCH + RECOGNIZED_QWEN3_OPERATOR_NAME
608,__myl_ResMulMea_myl0_608,kgen,__myl_ResMulMea_0x3c91498c3beee36a5653966af1581a8a,inputs=Half|outputs=Half;Half,/Reshape_193;/k_norm_24/Pow;/k_norm_24/ReduceMean,L24:k_norm,HIGH,ENGINE_INSPECTOR_METADATA + ONNX_GRAPH_NODE_MATCH + RECOGNIZED_QWEN3_OPERATOR_NAME
609,__myl_AddSqrDivMulMulResSliSliNegConMulMulAddConResRepResTra_myl0_609,kgen,__myl_AddSqrDivMulMulResSliSliNegConMulMulAddConResRepResTra_0x5aea462b6a819ceadd3ebb32874c078f,inputs=Half;Half;Half;Half;Half;Half;Int64;Int64;Int64;Int64;Int64;Int64;Int64;Int64;Int64;Int64;Int64;Int64;Int64;Int64;Int64;Int64;Int64;Int64|outputs=Half;Half,/k_norm_24/Add;/k_norm_24/Sqrt;/k_norm_24/Mul;/k_norm_24/Mul_1;/Transpose_121;/Slice_98;/Slice_99;/Concat_293;/Mul_220;/Add_97;/Mul_219;/Unsqueeze_541;/Reshape_196;/Transpose_123;/Expand_48;/Concat_294;/Neg_49;/k_norm_24/Div,L24:k_norm,HIGH,ENGINE_INSPECTOR_METADATA + ONNX_GRAPH_NODE_MATCH + RECOGNIZED_QWEN3_OPERATOR_NAME
610,__mye677194_myl0_610,signal,UNKNOWN,inputs=NONE|outputs=NONE,UNKNOWN,UNKNOWN,UNKNOWN,NO_METADATA
611,__myl_FcCas_myl0_611,fusion,sm80_xmma_gemm_i8f32_i8i32_f32_tn_n_tilesize32x64x64_stage6_warpsize2x2x1_tensor16x8x32_by_fusion_tactic,inputs=Int8;Int8|outputs=Half,/q_proj_24/MatMul;/q_proj_24/MatMul__a_dequant;/q_proj_24/MatMul__a_quant;/q_proj_24/MatMul__w_dequant,L24:q_proj,HIGH,ENGINE_INSPECTOR_METADATA + ONNX_GRAPH_NODE_MATCH + RECOGNIZED_QWEN3_OPERATOR_NAME
612,__myl_ResMulMea_myl0_612,kgen,__myl_ResMulMea_0xf2413012cd9ac6341b95d78f3432c656,inputs=Half|outputs=Half;Half,/Reshape_192;/q_norm_24/Pow;/q_norm_24/ReduceMean,L24:q_norm,HIGH,ENGINE_INSPECTOR_METADATA + ONNX_GRAPH_NODE_MATCH + RECOGNIZED_QWEN3_OPERATOR_NAME
613,__myl_AddSqrDivMulMulResSliSliNegConMulMulAdd_myl0_613,kgen,__myl_AddSqrDivMulMulResSliSliNegConMulMulAdd_0xf1ba08cc3beaba8ee91b0504be9c2cf4,inputs=Half;Half;Half;Half;Half|outputs=Half,/q_norm_24/Add;/q_norm_24/Sqrt;/q_norm_24/Mul;/q_norm_24/Mul_1;/Transpose_120;/Slice_96;/Slice_97;/Concat_292;/Mul_218;/Add_96;/Mul_217;/Neg_48;/q_norm_24/Div,L24:q_norm,HIGH,ENGINE_INSPECTOR_METADATA + ONNX_GRAPH_NODE_MATCH + RECOGNIZED_QWEN3_OPERATOR_NAME
614,__mye677196_myl0_614,wait,UNKNOWN,inputs=NONE|outputs=NONE,UNKNOWN,UNKNOWN,UNKNOWN,NO_METADATA
615,/MatMul_48_myl0_615,gemm,sm80_xmma_gemm_f16f16_f16f32_f32_nn_n_tilesize32x32x64_stage6_warpsize2x2x1_tensor16x8x16_aligna2_alignc2,inputs=Half;Half;Float;Float|outputs=Half,/MatMul_48,UNKNOWN,MEDIUM,ENGINE_INSPECTOR_METADATA + ONNX_GRAPH_NODE_MATCH + OPERATOR_NAME_NOT_RECOGNIZED
616,__myl_MulMaxSubExpSumDivMul_myl0_616,kgen,__myl_MulMaxSubExpSumDivMul_0x1108f5a078d6e65507c06537b9b2e43f,inputs=Half;Int64;Int64|outputs=Half,/Mul_223;/Softmax_24,UNKNOWN,MEDIUM,ENGINE_INSPECTOR_METADATA + ONNX_GRAPH_NODE_MATCH + OPERATOR_NAME_NOT_RECOGNIZED
617,__mye677200_myl0_617,wait,UNKNOWN,inputs=NONE|outputs=NONE,UNKNOWN,UNKNOWN,UNKNOWN,NO_METADATA
618,/MatMul_49_myl0_618,gemm,sm80_xmma_gemm_f16f16_f16f32_f32_nn_n_tilesize64x128x32_stage5_warpsize2x2x1_tensor16x8x16_aligna2_alignc2,inputs=Half;Half;Float;Float|outputs=Half,/MatMul_49,UNKNOWN,MEDIUM,ENGINE_INSPECTOR_METADATA + ONNX_GRAPH_NODE_MATCH + OPERATOR_NAME_NOT_RECOGNIZED
619,__myl_MulMinMaxRouCas_myl0_619,kgen,__myl_MulMinMaxRouCas_0x907030f04aaedcd668915c250cbde546,inputs=Half|outputs=Int8,/o_proj_24/MatMul__a_quant,L24:o_proj,HIGH,ENGINE_INSPECTOR_METADATA + ONNX_GRAPH_NODE_MATCH + RECOGNIZED_QWEN3_OPERATOR_NAME
620,__myl_FcCasAdd_myl0_620,fusion,sm80_xmma_gemm_i8f32_i8i32_f32_tn_n_tilesize32x64x64_stage6_warpsize2x2x1_tensor16x8x32_by_fusion_tactic,inputs=Half;Int8;Int8|outputs=Half,/o_proj_24/MatMul;/o_proj_24/MatMul__a_dequant;/o_proj_24/MatMul__a_quant;/o_proj_24/MatMul__w_dequant;/Add_98,L24:o_proj,HIGH,ENGINE_INSPECTOR_METADATA + ONNX_GRAPH_NODE_MATCH + RECOGNIZED_QWEN3_OPERATOR_NAME
621,__myl_MulMeaAddSqrDivMulMulMulMinMaxRouCas_myl0_621,kgen,__myl_MulMeaAddSqrDivMulMulMulMinMaxRouCas_0x6cfe86dd6e4d3c2d552f909cb133c113,inputs=Half;Half;Half;Half|outputs=Int8;Half,/post_attention_layernorm_24/Pow;/post_attention_layernorm_24/ReduceMean;/post_attention_layernorm_24/Add;/post_attention_layernorm_24/Div;/post_attention_layernorm_24/Sqrt;/post_attention_layernorm_24/Mul;/post_attention_layernorm_24/Mul_1;/gate_proj_24/MatMul__a_quant,L24:post_attention_layernorm;L24:gate_proj,HIGH,ENGINE_INSPECTOR_METADATA + ONNX_GRAPH_NODE_MATCH + RECOGNIZED_QWEN3_OPERATOR_NAME
622,/up_proj_24/MatMul_myl0_622,gemm,sm80_xmma_gemm_f16f16_f16f16_f16_tn_n_tilesize32x32x64_stage6_warpsize2x2x1_tensor16x8x16,inputs=Half;Half;Float;Float|outputs=Half,/up_proj_24/MatMul,L24:up_proj,HIGH,ENGINE_INSPECTOR_METADATA + ONNX_GRAPH_NODE_MATCH + RECOGNIZED_QWEN3_OPERATOR_NAME
623,__myl_FcCasNegExpAddDivMulMul_myl0_623,fusion,sm80_xmma_gemm_i8i8_i8i32_f32_tn_n_tilesize32x64x64_stage6_warpsize2x2x1_tensor16x8x32_by_fusion_tactic,inputs=Half;Int8;Int8|outputs=Half,/gate_proj_24/MatMul;/gate_proj_24/MatMul__a_dequant;/gate_proj_24/MatMul__a_quant;/gate_proj_24/MatMul__w_dequant;/Mul_224;/Mul_225;/Sigmoid_24,L24:gate_proj,HIGH,ENGINE_INSPECTOR_METADATA + ONNX_GRAPH_NODE_MATCH + RECOGNIZED_QWEN3_OPERATOR_NAME
624,__myl_FcAdd_myl0_624,fusion,sm80_xmma_gemm_f16f16_f16f16_f16_nn_n_tilesize64x128x32_stage5_warpsize2x2x1_tensor16x8x16_by_fusion_tactic,inputs=Half;Half;Half|outputs=Half,/down_proj_24/MatMul;/Add_99,L24:down_proj,HIGH,ENGINE_INSPECTOR_METADATA + ONNX_GRAPH_NODE_MATCH + RECOGNIZED_QWEN3_OPERATOR_NAME
625,__myl_MulMeaAddSqrDivMulDivMinMaxRouCasDivMinMaxRouCasDivMinMaxRouCas_myl0_625,kgen,__myl_MulMeaAddSqrDivMulDivMinMaxRouCasDivMinMaxRouCasDivMinMaxRouCas_0x9f2c300bb597625319cadec4728f9bc5,inputs=Half;Half;Half;Half;Half;Half|outputs=Int8;Int8;Int8,/q_proj_25/MatMul__a_quant;/k_proj_25/MatMul__a_quant;/v_proj_25/MatMul__a_quant;/input_layernorm_25/Mul;/input_layernorm_25/Sqrt;/input_layernorm_25/Div;/input_layernorm_25/Add;/input_layernorm_25/ReduceMean;/input_layernorm_25/Pow,L25:q_proj;L25:k_proj;L25:v_proj;L25:input_layernorm,HIGH,ENGINE_INSPECTOR_METADATA + ONNX_GRAPH_NODE_MATCH + RECOGNIZED_QWEN3_OPERATOR_NAME
626,__mye677202_myl0_626,signal,UNKNOWN,inputs=NONE|outputs=NONE,UNKNOWN,UNKNOWN,UNKNOWN,NO_METADATA
627,__mye677204_myl0_627,wait,UNKNOWN,inputs=NONE|outputs=NONE,UNKNOWN,UNKNOWN,UNKNOWN,NO_METADATA
628,__myl_FcCas_myl0_628,fusion,sm80_xmma_gemm_i8f32_i8i32_f32_tn_n_tilesize32x64x64_stage6_warpsize2x2x1_tensor16x8x32_by_fusion_tactic,inputs=Int8;Int8|outputs=Half,/v_proj_25/MatMul;/v_proj_25/MatMul__a_dequant;/v_proj_25/MatMul__a_quant;/v_proj_25/MatMul__w_dequant,L25:v_proj,HIGH,ENGINE_INSPECTOR_METADATA + ONNX_GRAPH_NODE_MATCH + RECOGNIZED_QWEN3_OPERATOR_NAME
629,__myl_ResConResRep_myl0_629,kgen,__myl_ResConResRep_0x9d40828c020eb6bb972be950c35191c1,inputs=Half;Half;Int64;Int64;Int64;Int64;Int64;Int64;Int64;Int64;Int64;Int64;Int64;Int64;Int64;Int64|outputs=Half;Half,/Reshape_202;/Transpose_127;/Unsqueeze_568;/Expand_51;/Concat_307,UNKNOWN,MEDIUM,ENGINE_INSPECTOR_METADATA + ONNX_GRAPH_NODE_MATCH + OPERATOR_NAME_NOT_RECOGNIZED
630,__mye677212_myl0_630,signal,UNKNOWN,inputs=NONE|outputs=NONE,UNKNOWN,UNKNOWN,UNKNOWN,NO_METADATA
631,__mye677206_myl0_631,wait,UNKNOWN,inputs=NONE|outputs=NONE,UNKNOWN,UNKNOWN,UNKNOWN,NO_METADATA
632,__myl_FcCas_myl0_632,fusion,sm80_xmma_gemm_i8f32_i8i32_f32_tn_n_tilesize32x64x64_stage6_warpsize2x2x1_tensor16x8x32_by_fusion_tactic,inputs=Int8;Int8|outputs=Half,/k_proj_25/MatMul;/k_proj_25/MatMul__a_dequant;/k_proj_25/MatMul__a_quant;/k_proj_25/MatMul__w_dequant,L25:k_proj,HIGH,ENGINE_INSPECTOR_METADATA + ONNX_GRAPH_NODE_MATCH + RECOGNIZED_QWEN3_OPERATOR_NAME
633,__myl_ResMulMea_myl0_633,kgen,__myl_ResMulMea_0x3c91498c3beee36a5653966af1581a8a,inputs=Half|outputs=Half;Half,/Reshape_201;/k_norm_25/Pow;/k_norm_25/ReduceMean,L25:k_norm,HIGH,ENGINE_INSPECTOR_METADATA + ONNX_GRAPH_NODE_MATCH + RECOGNIZED_QWEN3_OPERATOR_NAME
634,__myl_AddSqrDivMulMulResSliSliNegConMulMulAddConResRepResTra_myl0_634,kgen,__myl_AddSqrDivMulMulResSliSliNegConMulMulAddConResRepResTra_0x5aea462b6a819ceadd3ebb32874c078f,inputs=Half;Half;Half;Half;Half;Half;Int64;Int64;Int64;Int64;Int64;Int64;Int64;Int64;Int64;Int64;Int64;Int64;Int64;Int64;Int64;Int64;Int64;Int64|outputs=Half;Half,/k_norm_25/Add;/k_norm_25/Sqrt;/k_norm_25/Mul;/k_norm_25/Mul_1;/Transpose_126;/Slice_102;/Slice_103;/Concat_305;/Mul_229;/Add_101;/Mul_228;/Unsqueeze_563;/Reshape_204;/Transpose_128;/Expand_50;/Concat_306;/Neg_51;/k_norm_25/Div,L25:k_norm,HIGH,ENGINE_INSPECTOR_METADATA + ONNX_GRAPH_NODE_MATCH + RECOGNIZED_QWEN3_OPERATOR_NAME
635,__mye677208_myl0_635,signal,UNKNOWN,inputs=NONE|outputs=NONE,UNKNOWN,UNKNOWN,UNKNOWN,NO_METADATA
636,__myl_FcCas_myl0_636,fusion,sm80_xmma_gemm_i8f32_i8i32_f32_tn_n_tilesize32x64x64_stage6_warpsize2x2x1_tensor16x8x32_by_fusion_tactic,inputs=Int8;Int8|outputs=Half,/q_proj_25/MatMul;/q_proj_25/MatMul__a_dequant;/q_proj_25/MatMul__a_quant;/q_proj_25/MatMul__w_dequant,L25:q_proj,HIGH,ENGINE_INSPECTOR_METADATA + ONNX_GRAPH_NODE_MATCH + RECOGNIZED_QWEN3_OPERATOR_NAME
637,__myl_ResMulMea_myl0_637,kgen,__myl_ResMulMea_0xf2413012cd9ac6341b95d78f3432c656,inputs=Half|outputs=Half;Half,/Reshape_200;/q_norm_25/Pow;/q_norm_25/ReduceMean,L25:q_norm,HIGH,ENGINE_INSPECTOR_METADATA + ONNX_GRAPH_NODE_MATCH + RECOGNIZED_QWEN3_OPERATOR_NAME
638,__myl_AddSqrDivMulMulResSliSliNegConMulMulAdd_myl0_638,kgen,__myl_AddSqrDivMulMulResSliSliNegConMulMulAdd_0xf1ba08cc3beaba8ee91b0504be9c2cf4,inputs=Half;Half;Half;Half;Half|outputs=Half,/q_norm_25/Add;/q_norm_25/Sqrt;/q_norm_25/Mul;/q_norm_25/Mul_1;/Transpose_125;/Slice_100;/Slice_101;/Concat_304;/Mul_227;/Add_100;/Mul_226;/Neg_50;/q_norm_25/Div,L25:q_norm,HIGH,ENGINE_INSPECTOR_METADATA + ONNX_GRAPH_NODE_MATCH + RECOGNIZED_QWEN3_OPERATOR_NAME
639,__mye677210_myl0_639,wait,UNKNOWN,inputs=NONE|outputs=NONE,UNKNOWN,UNKNOWN,UNKNOWN,NO_METADATA
640,/MatMul_50_myl0_640,gemm,sm80_xmma_gemm_f16f16_f16f32_f32_nn_n_tilesize32x32x64_stage6_warpsize2x2x1_tensor16x8x16_aligna2_alignc2,inputs=Half;Half;Float;Float|outputs=Half,/MatMul_50,UNKNOWN,MEDIUM,ENGINE_INSPECTOR_METADATA + ONNX_GRAPH_NODE_MATCH + OPERATOR_NAME_NOT_RECOGNIZED
641,__myl_MulMaxSubExpSumDivMul_myl0_641,kgen,__myl_MulMaxSubExpSumDivMul_0x1108f5a078d6e65507c06537b9b2e43f,inputs=Half;Int64;Int64|outputs=Half,/Mul_232;/Softmax_25,UNKNOWN,MEDIUM,ENGINE_INSPECTOR_METADATA + ONNX_GRAPH_NODE_MATCH + OPERATOR_NAME_NOT_RECOGNIZED
642,__mye677214_myl0_642,wait,UNKNOWN,inputs=NONE|outputs=NONE,UNKNOWN,UNKNOWN,UNKNOWN,NO_METADATA
643,/MatMul_51_myl0_643,gemm,sm80_xmma_gemm_f16f16_f16f32_f32_nn_n_tilesize64x128x32_stage5_warpsize2x2x1_tensor16x8x16_aligna2_alignc2,inputs=Half;Half;Float;Float|outputs=Half,/MatMul_51,UNKNOWN,MEDIUM,ENGINE_INSPECTOR_METADATA + ONNX_GRAPH_NODE_MATCH + OPERATOR_NAME_NOT_RECOGNIZED
644,__myl_MulMinMaxRouCas_myl0_644,kgen,__myl_MulMinMaxRouCas_0x9ee6ac5b9454da6749214d07f11973df,inputs=Half|outputs=Int8,/o_proj_25/MatMul__a_quant,L25:o_proj,HIGH,ENGINE_INSPECTOR_METADATA + ONNX_GRAPH_NODE_MATCH + RECOGNIZED_QWEN3_OPERATOR_NAME
645,__myl_FcCasAdd_myl0_645,fusion,sm80_xmma_gemm_i8f32_i8i32_f32_tn_n_tilesize32x64x64_stage6_warpsize2x2x1_tensor16x8x32_by_fusion_tactic,inputs=Half;Int8;Int8|outputs=Half,/o_proj_25/MatMul;/o_proj_25/MatMul__a_dequant;/o_proj_25/MatMul__a_quant;/o_proj_25/MatMul__w_dequant;/Add_102,L25:o_proj,HIGH,ENGINE_INSPECTOR_METADATA + ONNX_GRAPH_NODE_MATCH + RECOGNIZED_QWEN3_OPERATOR_NAME
646,__myl_MulMeaAddSqrDivMulMulMulMinMaxRouCas_myl0_646,kgen,__myl_MulMeaAddSqrDivMulMulMulMinMaxRouCas_0xd65f433ff7b34abefa6995ce894b46a3,inputs=Half;Half;Half;Half|outputs=Int8;Half,/post_attention_layernorm_25/Pow;/post_attention_layernorm_25/ReduceMean;/post_attention_layernorm_25/Add;/post_attention_layernorm_25/Div;/post_attention_layernorm_25/Sqrt;/post_attention_layernorm_25/Mul;/post_attention_layernorm_25/Mul_1;/gate_proj_25/MatMul__a_quant,L25:post_attention_layernorm;L25:gate_proj,HIGH,ENGINE_INSPECTOR_METADATA + ONNX_GRAPH_NODE_MATCH + RECOGNIZED_QWEN3_OPERATOR_NAME
647,/up_proj_25/MatMul_myl0_647,gemm,sm80_xmma_gemm_f16f16_f16f16_f16_tn_n_tilesize32x32x64_stage6_warpsize2x2x1_tensor16x8x16,inputs=Half;Half;Float;Float|outputs=Half,/up_proj_25/MatMul,L25:up_proj,HIGH,ENGINE_INSPECTOR_METADATA + ONNX_GRAPH_NODE_MATCH + RECOGNIZED_QWEN3_OPERATOR_NAME
648,__myl_FcCasNegExpAddDivMulMul_myl0_648,fusion,sm80_xmma_gemm_i8i8_i8i32_f32_tn_n_tilesize32x64x64_stage6_warpsize2x2x1_tensor16x8x32_by_fusion_tactic,inputs=Half;Int8;Int8|outputs=Half,/gate_proj_25/MatMul;/gate_proj_25/MatMul__a_dequant;/gate_proj_25/MatMul__a_quant;/gate_proj_25/MatMul__w_dequant;/Mul_233;/Mul_234;/Sigmoid_25,L25:gate_proj,HIGH,ENGINE_INSPECTOR_METADATA + ONNX_GRAPH_NODE_MATCH + RECOGNIZED_QWEN3_OPERATOR_NAME
649,__myl_FcAdd_myl0_649,fusion,sm80_xmma_gemm_f16f16_f16f16_f16_nn_n_tilesize64x128x32_stage5_warpsize2x2x1_tensor16x8x16_by_fusion_tactic,inputs=Half;Half;Half|outputs=Half,/down_proj_25/MatMul;/Add_103,L25:down_proj,HIGH,ENGINE_INSPECTOR_METADATA + ONNX_GRAPH_NODE_MATCH + RECOGNIZED_QWEN3_OPERATOR_NAME
650,__myl_MulMeaAddSqrDivMulDivMinMaxRouCasDivMinMaxRouCasDivMinMaxRouCas_myl0_650,kgen,__myl_MulMeaAddSqrDivMulDivMinMaxRouCasDivMinMaxRouCasDivMinMaxRouCas_0x9f2c300bb597625319cadec4728f9bc5,inputs=Half;Half;Half;Half;Half;Half|outputs=Int8;Int8;Int8,/q_proj_26/MatMul__a_quant;/k_proj_26/MatMul__a_quant;/v_proj_26/MatMul__a_quant;/input_layernorm_26/Mul;/input_layernorm_26/Sqrt;/input_layernorm_26/Div;/input_layernorm_26/Add;/input_layernorm_26/ReduceMean;/input_layernorm_26/Pow,L26:q_proj;L26:k_proj;L26:v_proj;L26:input_layernorm,HIGH,ENGINE_INSPECTOR_METADATA + ONNX_GRAPH_NODE_MATCH + RECOGNIZED_QWEN3_OPERATOR_NAME
651,__mye677216_myl0_651,signal,UNKNOWN,inputs=NONE|outputs=NONE,UNKNOWN,UNKNOWN,UNKNOWN,NO_METADATA
652,__mye677218_myl0_652,wait,UNKNOWN,inputs=NONE|outputs=NONE,UNKNOWN,UNKNOWN,UNKNOWN,NO_METADATA
653,__myl_FcCas_myl0_653,fusion,sm80_xmma_gemm_i8f32_i8i32_f32_tn_n_tilesize32x64x64_stage6_warpsize2x2x1_tensor16x8x32_by_fusion_tactic,inputs=Int8;Int8|outputs=Half,/v_proj_26/MatMul;/v_proj_26/MatMul__a_dequant;/v_proj_26/MatMul__a_quant;/v_proj_26/MatMul__w_dequant,L26:v_proj,HIGH,ENGINE_INSPECTOR_METADATA + ONNX_GRAPH_NODE_MATCH + RECOGNIZED_QWEN3_OPERATOR_NAME
654,__myl_ResConResRep_myl0_654,kgen,__myl_ResConResRep_0x9d40828c020eb6bb972be950c35191c1,inputs=Half;Half;Int64;Int64;Int64;Int64;Int64;Int64;Int64;Int64;Int64;Int64;Int64;Int64;Int64;Int64|outputs=Half;Half,/Reshape_210;/Transpose_132;/Unsqueeze_590;/Expand_53;/Concat_319,UNKNOWN,MEDIUM,ENGINE_INSPECTOR_METADATA + ONNX_GRAPH_NODE_MATCH + OPERATOR_NAME_NOT_RECOGNIZED
655,__mye677226_myl0_655,signal,UNKNOWN,inputs=NONE|outputs=NONE,UNKNOWN,UNKNOWN,UNKNOWN,NO_METADATA
656,__mye677220_myl0_656,wait,UNKNOWN,inputs=NONE|outputs=NONE,UNKNOWN,UNKNOWN,UNKNOWN,NO_METADATA
657,__myl_FcCas_myl0_657,fusion,sm80_xmma_gemm_i8f32_i8i32_f32_tn_n_tilesize32x64x64_stage6_warpsize2x2x1_tensor16x8x32_by_fusion_tactic,inputs=Int8;Int8|outputs=Half,/k_proj_26/MatMul;/k_proj_26/MatMul__a_dequant;/k_proj_26/MatMul__a_quant;/k_proj_26/MatMul__w_dequant,L26:k_proj,HIGH,ENGINE_INSPECTOR_METADATA + ONNX_GRAPH_NODE_MATCH + RECOGNIZED_QWEN3_OPERATOR_NAME
658,__myl_ResMulMea_myl0_658,kgen,__myl_ResMulMea_0x3c91498c3beee36a5653966af1581a8a,inputs=Half|outputs=Half;Half,/Reshape_209;/k_norm_26/Pow;/k_norm_26/ReduceMean,L26:k_norm,HIGH,ENGINE_INSPECTOR_METADATA + ONNX_GRAPH_NODE_MATCH + RECOGNIZED_QWEN3_OPERATOR_NAME
659,__myl_AddSqrDivMulMulResSliSliNegConMulMulAddConResRepResTra_myl0_659,kgen,__myl_AddSqrDivMulMulResSliSliNegConMulMulAddConResRepResTra_0x5aea462b6a819ceadd3ebb32874c078f,inputs=Half;Half;Half;Half;Half;Half;Int64;Int64;Int64;Int64;Int64;Int64;Int64;Int64;Int64;Int64;Int64;Int64;Int64;Int64;Int64;Int64;Int64;Int64|outputs=Half;Half,/k_norm_26/Add;/k_norm_26/Sqrt;/k_norm_26/Mul;/k_norm_26/Mul_1;/Transpose_131;/Slice_106;/Slice_107;/Concat_317;/Mul_238;/Add_105;/Mul_237;/Unsqueeze_585;/Reshape_212;/Transpose_133;/Expand_52;/Concat_318;/Neg_53;/k_norm_26/Div,L26:k_norm,HIGH,ENGINE_INSPECTOR_METADATA + ONNX_GRAPH_NODE_MATCH + RECOGNIZED_QWEN3_OPERATOR_NAME
660,__mye677222_myl0_660,signal,UNKNOWN,inputs=NONE|outputs=NONE,UNKNOWN,UNKNOWN,UNKNOWN,NO_METADATA
661,__myl_FcCas_myl0_661,fusion,sm80_xmma_gemm_i8f32_i8i32_f32_tn_n_tilesize32x64x64_stage6_warpsize2x2x1_tensor16x8x32_by_fusion_tactic,inputs=Int8;Int8|outputs=Half,/q_proj_26/MatMul;/q_proj_26/MatMul__a_dequant;/q_proj_26/MatMul__a_quant;/q_proj_26/MatMul__w_dequant,L26:q_proj,HIGH,ENGINE_INSPECTOR_METADATA + ONNX_GRAPH_NODE_MATCH + RECOGNIZED_QWEN3_OPERATOR_NAME
662,__myl_ResMulMea_myl0_662,kgen,__myl_ResMulMea_0xf2413012cd9ac6341b95d78f3432c656,inputs=Half|outputs=Half;Half,/Reshape_208;/q_norm_26/Pow;/q_norm_26/ReduceMean,L26:q_norm,HIGH,ENGINE_INSPECTOR_METADATA + ONNX_GRAPH_NODE_MATCH + RECOGNIZED_QWEN3_OPERATOR_NAME
663,__myl_AddSqrDivMulMulResSliSliNegConMulMulAdd_myl0_663,kgen,__myl_AddSqrDivMulMulResSliSliNegConMulMulAdd_0xf1ba08cc3beaba8ee91b0504be9c2cf4,inputs=Half;Half;Half;Half;Half|outputs=Half,/q_norm_26/Add;/q_norm_26/Sqrt;/q_norm_26/Mul;/q_norm_26/Mul_1;/Transpose_130;/Slice_104;/Slice_105;/Concat_316;/Mul_236;/Add_104;/Mul_235;/Neg_52;/q_norm_26/Div,L26:q_norm,HIGH,ENGINE_INSPECTOR_METADATA + ONNX_GRAPH_NODE_MATCH + RECOGNIZED_QWEN3_OPERATOR_NAME
664,__mye677224_myl0_664,wait,UNKNOWN,inputs=NONE|outputs=NONE,UNKNOWN,UNKNOWN,UNKNOWN,NO_METADATA
665,/MatMul_52_myl0_665,gemm,sm80_xmma_gemm_f16f16_f16f32_f32_nn_n_tilesize32x32x64_stage6_warpsize2x2x1_tensor16x8x16_aligna2_alignc2,inputs=Half;Half;Float;Float|outputs=Half,/MatMul_52,UNKNOWN,MEDIUM,ENGINE_INSPECTOR_METADATA + ONNX_GRAPH_NODE_MATCH + OPERATOR_NAME_NOT_RECOGNIZED
666,__myl_MulMaxSubExpSumDivMul_myl0_666,kgen,__myl_MulMaxSubExpSumDivMul_0x1108f5a078d6e65507c06537b9b2e43f,inputs=Half;Int64;Int64|outputs=Half,/Mul_241;/Softmax_26,UNKNOWN,MEDIUM,ENGINE_INSPECTOR_METADATA + ONNX_GRAPH_NODE_MATCH + OPERATOR_NAME_NOT_RECOGNIZED
667,__mye677228_myl0_667,wait,UNKNOWN,inputs=NONE|outputs=NONE,UNKNOWN,UNKNOWN,UNKNOWN,NO_METADATA
668,/MatMul_53_myl0_668,gemm,sm80_xmma_gemm_f16f16_f16f32_f32_nn_n_tilesize64x128x32_stage5_warpsize2x2x1_tensor16x8x16_aligna2_alignc2,inputs=Half;Half;Float;Float|outputs=Half,/MatMul_53,UNKNOWN,MEDIUM,ENGINE_INSPECTOR_METADATA + ONNX_GRAPH_NODE_MATCH + OPERATOR_NAME_NOT_RECOGNIZED
669,__myl_MulMinMaxRouCas_myl0_669,kgen,__myl_MulMinMaxRouCas_0x998f9d85786c1705f75b803510b59e30,inputs=Half|outputs=Int8,/o_proj_26/MatMul__a_quant,L26:o_proj,HIGH,ENGINE_INSPECTOR_METADATA + ONNX_GRAPH_NODE_MATCH + RECOGNIZED_QWEN3_OPERATOR_NAME
670,__myl_FcCasAdd_myl0_670,fusion,sm80_xmma_gemm_i8f32_i8i32_f32_tn_n_tilesize32x64x64_stage6_warpsize2x2x1_tensor16x8x32_by_fusion_tactic,inputs=Half;Int8;Int8|outputs=Half,/o_proj_26/MatMul;/o_proj_26/MatMul__a_dequant;/o_proj_26/MatMul__a_quant;/o_proj_26/MatMul__w_dequant;/Add_106,L26:o_proj,HIGH,ENGINE_INSPECTOR_METADATA + ONNX_GRAPH_NODE_MATCH + RECOGNIZED_QWEN3_OPERATOR_NAME
671,__myl_MulMeaAddSqrDivMulMulMulMinMaxRouCas_myl0_671,kgen,__myl_MulMeaAddSqrDivMulMulMulMinMaxRouCas_0x2d193f06c4770a0b130c316a9152d3bb,inputs=Half;Half;Half;Half|outputs=Int8;Half,/post_attention_layernorm_26/Pow;/post_attention_layernorm_26/ReduceMean;/post_attention_layernorm_26/Add;/post_attention_layernorm_26/Div;/post_attention_layernorm_26/Sqrt;/post_attention_layernorm_26/Mul;/post_attention_layernorm_26/Mul_1;/gate_proj_26/MatMul__a_quant,L26:post_attention_layernorm;L26:gate_proj,HIGH,ENGINE_INSPECTOR_METADATA + ONNX_GRAPH_NODE_MATCH + RECOGNIZED_QWEN3_OPERATOR_NAME
672,/up_proj_26/MatMul_myl0_672,gemm,sm80_xmma_gemm_f16f16_f16f16_f16_tn_n_tilesize32x32x64_stage6_warpsize2x2x1_tensor16x8x16,inputs=Half;Half;Float;Float|outputs=Half,/up_proj_26/MatMul,L26:up_proj,HIGH,ENGINE_INSPECTOR_METADATA + ONNX_GRAPH_NODE_MATCH + RECOGNIZED_QWEN3_OPERATOR_NAME
673,__myl_FcCasNegExpAddDivMulMul_myl0_673,fusion,sm80_xmma_gemm_i8i8_i8i32_f32_tn_n_tilesize32x64x64_stage6_warpsize2x2x1_tensor16x8x32_by_fusion_tactic,inputs=Half;Int8;Int8|outputs=Half,/gate_proj_26/MatMul;/gate_proj_26/MatMul__a_dequant;/gate_proj_26/MatMul__a_quant;/gate_proj_26/MatMul__w_dequant;/Mul_242;/Mul_243;/Sigmoid_26,L26:gate_proj,HIGH,ENGINE_INSPECTOR_METADATA + ONNX_GRAPH_NODE_MATCH + RECOGNIZED_QWEN3_OPERATOR_NAME
674,__myl_FcAdd_myl0_674,fusion,sm80_xmma_gemm_f16f16_f16f16_f16_nn_n_tilesize64x128x32_stage5_warpsize2x2x1_tensor16x8x16_by_fusion_tactic,inputs=Half;Half;Half|outputs=Half,/down_proj_26/MatMul;/Add_107,L26:down_proj,HIGH,ENGINE_INSPECTOR_METADATA + ONNX_GRAPH_NODE_MATCH + RECOGNIZED_QWEN3_OPERATOR_NAME
675,__myl_MulMeaAddSqrDivMulDivMinMaxRouCasDivMinMaxRouCasDivMinMaxRouCas_myl0_675,kgen,__myl_MulMeaAddSqrDivMulDivMinMaxRouCasDivMinMaxRouCasDivMinMaxRouCas_0x9f2c300bb597625319cadec4728f9bc5,inputs=Half;Half;Half;Half;Half;Half|outputs=Int8;Int8;Int8,/q_proj_27/MatMul__a_quant;/k_proj_27/MatMul__a_quant;/v_proj_27/MatMul__a_quant;/input_layernorm_27/Mul;/input_layernorm_27/Sqrt;/input_layernorm_27/Div;/input_layernorm_27/Add;/input_layernorm_27/ReduceMean;/input_layernorm_27/Pow,L27:q_proj;L27:k_proj;L27:v_proj;L27:input_layernorm,HIGH,ENGINE_INSPECTOR_METADATA + ONNX_GRAPH_NODE_MATCH + RECOGNIZED_QWEN3_OPERATOR_NAME
676,__mye677230_myl0_676,signal,UNKNOWN,inputs=NONE|outputs=NONE,UNKNOWN,UNKNOWN,UNKNOWN,NO_METADATA
677,__mye677232_myl0_677,wait,UNKNOWN,inputs=NONE|outputs=NONE,UNKNOWN,UNKNOWN,UNKNOWN,NO_METADATA
678,__myl_FcCas_myl0_678,fusion,sm80_xmma_gemm_i8f32_i8i32_f32_tn_n_tilesize32x64x64_stage6_warpsize2x2x1_tensor16x8x32_by_fusion_tactic,inputs=Int8;Int8|outputs=Half,/v_proj_27/MatMul;/v_proj_27/MatMul__a_dequant;/v_proj_27/MatMul__a_quant;/v_proj_27/MatMul__w_dequant,L27:v_proj,HIGH,ENGINE_INSPECTOR_METADATA + ONNX_GRAPH_NODE_MATCH + RECOGNIZED_QWEN3_OPERATOR_NAME
679,__myl_ResConResRep_myl0_679,kgen,__myl_ResConResRep_0x9d40828c020eb6bb972be950c35191c1,inputs=Half;Half;Int64;Int64;Int64;Int64;Int64;Int64;Int64;Int64;Int64;Int64;Int64;Int64;Int64;Int64|outputs=Half;Half,/Reshape_218;/Transpose_137;/Unsqueeze_612;/Expand_55;/Concat_331,UNKNOWN,MEDIUM,ENGINE_INSPECTOR_METADATA + ONNX_GRAPH_NODE_MATCH + OPERATOR_NAME_NOT_RECOGNIZED
680,__mye677240_myl0_680,signal,UNKNOWN,inputs=NONE|outputs=NONE,UNKNOWN,UNKNOWN,UNKNOWN,NO_METADATA
681,__mye677234_myl0_681,wait,UNKNOWN,inputs=NONE|outputs=NONE,UNKNOWN,UNKNOWN,UNKNOWN,NO_METADATA
682,__myl_FcCas_myl0_682,fusion,sm80_xmma_gemm_i8f32_i8i32_f32_tn_n_tilesize32x64x64_stage6_warpsize2x2x1_tensor16x8x32_by_fusion_tactic,inputs=Int8;Int8|outputs=Half,/k_proj_27/MatMul;/k_proj_27/MatMul__a_dequant;/k_proj_27/MatMul__a_quant;/k_proj_27/MatMul__w_dequant,L27:k_proj,HIGH,ENGINE_INSPECTOR_METADATA + ONNX_GRAPH_NODE_MATCH + RECOGNIZED_QWEN3_OPERATOR_NAME
683,__myl_ResMulMea_myl0_683,kgen,__myl_ResMulMea_0x3c91498c3beee36a5653966af1581a8a,inputs=Half|outputs=Half;Half,/Reshape_217;/k_norm_27/Pow;/k_norm_27/ReduceMean,L27:k_norm,HIGH,ENGINE_INSPECTOR_METADATA + ONNX_GRAPH_NODE_MATCH + RECOGNIZED_QWEN3_OPERATOR_NAME
684,__myl_AddSqrDivMulMulResSliSliNegConMulMulAddConResRepResTra_myl0_684,kgen,__myl_AddSqrDivMulMulResSliSliNegConMulMulAddConResRepResTra_0x5aea462b6a819ceadd3ebb32874c078f,inputs=Half;Half;Half;Half;Half;Half;Int64;Int64;Int64;Int64;Int64;Int64;Int64;Int64;Int64;Int64;Int64;Int64;Int64;Int64;Int64;Int64;Int64;Int64|outputs=Half;Half,/k_norm_27/Add;/k_norm_27/Sqrt;/k_norm_27/Mul;/k_norm_27/Mul_1;/Transpose_136;/Slice_110;/Slice_111;/Concat_329;/Mul_247;/Add_109;/Mul_246;/Unsqueeze_607;/Reshape_220;/Transpose_138;/Expand_54;/Concat_330;/Neg_55;/k_norm_27/Div,L27:k_norm,HIGH,ENGINE_INSPECTOR_METADATA + ONNX_GRAPH_NODE_MATCH + RECOGNIZED_QWEN3_OPERATOR_NAME
685,__mye677236_myl0_685,signal,UNKNOWN,inputs=NONE|outputs=NONE,UNKNOWN,UNKNOWN,UNKNOWN,NO_METADATA
686,__myl_FcCas_myl0_686,fusion,sm80_xmma_gemm_i8f32_i8i32_f32_tn_n_tilesize32x64x64_stage6_warpsize2x2x1_tensor16x8x32_by_fusion_tactic,inputs=Int8;Int8|outputs=Half,/q_proj_27/MatMul;/q_proj_27/MatMul__a_dequant;/q_proj_27/MatMul__a_quant;/q_proj_27/MatMul__w_dequant,L27:q_proj,HIGH,ENGINE_INSPECTOR_METADATA + ONNX_GRAPH_NODE_MATCH + RECOGNIZED_QWEN3_OPERATOR_NAME
687,__myl_ResMulMea_myl0_687,kgen,__myl_ResMulMea_0xf2413012cd9ac6341b95d78f3432c656,inputs=Half|outputs=Half;Half,/Reshape_216;/q_norm_27/Pow;/q_norm_27/ReduceMean,L27:q_norm,HIGH,ENGINE_INSPECTOR_METADATA + ONNX_GRAPH_NODE_MATCH + RECOGNIZED_QWEN3_OPERATOR_NAME
688,__myl_AddSqrDivMulMulResSliSliNegConMulMulAdd_myl0_688,kgen,__myl_AddSqrDivMulMulResSliSliNegConMulMulAdd_0xf1ba08cc3beaba8ee91b0504be9c2cf4,inputs=Half;Half;Half;Half;Half|outputs=Half,/q_norm_27/Add;/q_norm_27/Sqrt;/q_norm_27/Mul;/q_norm_27/Mul_1;/Transpose_135;/Slice_108;/Slice_109;/Concat_328;/Mul_245;/Add_108;/Mul_244;/Neg_54;/q_norm_27/Div,L27:q_norm,HIGH,ENGINE_INSPECTOR_METADATA + ONNX_GRAPH_NODE_MATCH + RECOGNIZED_QWEN3_OPERATOR_NAME
689,__mye677238_myl0_689,wait,UNKNOWN,inputs=NONE|outputs=NONE,UNKNOWN,UNKNOWN,UNKNOWN,NO_METADATA
690,/MatMul_54_myl0_690,gemm,sm80_xmma_gemm_f16f16_f16f32_f32_nn_n_tilesize32x32x64_stage6_warpsize2x2x1_tensor16x8x16_aligna2_alignc2,inputs=Half;Half;Float;Float|outputs=Half,/MatMul_54,UNKNOWN,MEDIUM,ENGINE_INSPECTOR_METADATA + ONNX_GRAPH_NODE_MATCH + OPERATOR_NAME_NOT_RECOGNIZED
691,__myl_MulMaxSubExpSumDivMul_myl0_691,kgen,__myl_MulMaxSubExpSumDivMul_0x1108f5a078d6e65507c06537b9b2e43f,inputs=Half;Int64;Int64|outputs=Half,/Mul_250;/Softmax_27,UNKNOWN,MEDIUM,ENGINE_INSPECTOR_METADATA + ONNX_GRAPH_NODE_MATCH + OPERATOR_NAME_NOT_RECOGNIZED
692,__mye677242_myl0_692,wait,UNKNOWN,inputs=NONE|outputs=NONE,UNKNOWN,UNKNOWN,UNKNOWN,NO_METADATA
693,/MatMul_55_myl0_693,gemm,sm80_xmma_gemm_f16f16_f16f32_f32_nn_n_tilesize64x128x32_stage5_warpsize2x2x1_tensor16x8x16_aligna2_alignc2,inputs=Half;Half;Float;Float|outputs=Half,/MatMul_55,UNKNOWN,MEDIUM,ENGINE_INSPECTOR_METADATA + ONNX_GRAPH_NODE_MATCH + OPERATOR_NAME_NOT_RECOGNIZED
694,__myl_FcAdd_myl0_694,fusion,sm80_xmma_gemm_f16f16_f16f16_f16_tn_n_tilesize32x32x64_stage6_warpsize2x2x1_tensor16x8x16_by_fusion_tactic,inputs=Half;Half;Half|outputs=Half,/o_proj_27/MatMul;/Add_110,L27:o_proj,HIGH,ENGINE_INSPECTOR_METADATA + ONNX_GRAPH_NODE_MATCH + RECOGNIZED_QWEN3_OPERATOR_NAME
695,__myl_MulMeaAddSqrDivMulMul_myl0_695,kgen,__myl_MulMeaAddSqrDivMulMul_0x8548fa9a57c713be1fdaa27c95458b99,inputs=Half;Half;Half;Half|outputs=Half,/post_attention_layernorm_27/Pow;/post_attention_layernorm_27/ReduceMean;/post_attention_layernorm_27/Add;/post_attention_layernorm_27/Div;/post_attention_layernorm_27/Sqrt;/post_attention_layernorm_27/Mul_1;/post_attention_layernorm_27/Mul,L27:post_attention_layernorm,HIGH,ENGINE_INSPECTOR_METADATA + ONNX_GRAPH_NODE_MATCH + RECOGNIZED_QWEN3_OPERATOR_NAME
696,/up_proj_27/MatMul_myl0_696,gemm,sm80_xmma_gemm_f16f16_f16f32_f32_tn_n_tilesize32x32x64_stage6_warpsize2x2x1_tensor16x8x16,inputs=Half;Half;Float;Float|outputs=Half,/up_proj_27/MatMul,L27:up_proj,HIGH,ENGINE_INSPECTOR_METADATA + ONNX_GRAPH_NODE_MATCH + RECOGNIZED_QWEN3_OPERATOR_NAME
697,__myl_FcNegExpAddDivMulMul_myl0_697,fusion,sm80_xmma_gemm_f16f16_f16f16_f16_tn_n_tilesize32x32x64_stage6_warpsize2x2x1_tensor16x8x16_by_fusion_tactic,inputs=Half;Half;Half|outputs=Half,/gate_proj_27/MatMul;/Mul_251;/Mul_252;/Sigmoid_27,L27:gate_proj,HIGH,ENGINE_INSPECTOR_METADATA + ONNX_GRAPH_NODE_MATCH + RECOGNIZED_QWEN3_OPERATOR_NAME
698,__myl_FcAdd_myl0_698,fusion,sm80_xmma_gemm_f16f16_f16f16_f16_nn_n_tilesize64x128x32_stage5_warpsize2x2x1_tensor16x8x16_by_fusion_tactic,inputs=Half;Half;Half|outputs=Half,/down_proj_27/MatMul;/Add_111,L27:down_proj,HIGH,ENGINE_INSPECTOR_METADATA + ONNX_GRAPH_NODE_MATCH + RECOGNIZED_QWEN3_OPERATOR_NAME
